timestamp,event,data
2026 05 14 18:10:50.865015,PHASE_PREPARING,
2026 05 14 18:10:55.870057,PHASE_SSVEP,
2026 05 14 18:10:55.936048,SSVEP_UPDATE,"fbcca_quad=0, fbcca_conf=0.2595, fbcca_ratio=1.3235, fbcca_consec=1, fbcca_scores=[0.12397236005466088, 0.08129005021822307, 0.04648054020378503, 0.09367069951740904], fbcca_probs=[0.2594839310950497, 0.24864159157721188, 0.2401354065674352, 0.2517390707603033], cca_quad=0, cca_conf=0.2638, cca_ratio=1.2731, cca_scores=[0.17499661722373783, 0.13746181844111377, 0.042320647100177806, 0.12531803109590736], cca_probs=[0.26382127143525386, 0.25410233331672977, 0.2310411658099122, 0.25103522943810413]"
2026 05 14 18:10:56.950341,SSVEP_UPDATE,"fbcca_quad=0, fbcca_conf=0.2675, fbcca_ratio=2.2127, fbcca_consec=2, fbcca_scores=[0.139454225991603, 0.05249756183207932, 0.028030536089513645, 0.06302568921325108], fbcca_probs=[0.26754452727588984, 0.24526256864505938, 0.23933453941064362, 0.24785836466840713], cca_quad=0, cca_conf=0.2660, cca_ratio=1.7587, cca_scores=[0.17259920532193807, 0.09814004794959162, 0.0752005565531694, 0.09336233459447918], cca_probs=[0.2660097474535666, 0.2469223205093938, 0.24132252188711556, 0.24574541014992407]"
2026 05 14 18:10:57.974954,SSVEP_UPDATE,"fbcca_quad=0, fbcca_conf=0.2561, fbcca_ratio=1.1443, fbcca_consec=3, fbcca_scores=[0.07724196870310786, 0.06750069284413827, 0.028942089577456608, 0.038408953189894374], fbcca_probs=[0.25607766131966464, 0.2535952487424396, 0.24400308871427334, 0.24632400122362236], cca_quad=0, cca_conf=0.2611, cca_ratio=1.2806, cca_scores=[0.1298416295423115, 0.10139072726015949, 0.059272226604005745, 0.052357708221557935], cca_probs=[0.26114740464801334, 0.25382222347370015, 0.24335362045424316, 0.24167675142404346]"
2026 05 14 18:10:58.998908,SSVEP_UPDATE,"fbcca_quad=1, fbcca_conf=0.2545, fbcca_ratio=1.1736, fbcca_consec=1, fbcca_scores=[0.06219926934653908, 0.07299572792648654, 0.03470054738231577, 0.04956374266403681], fbcca_probs=[0.2518146491998499, 0.254548084790306, 0.244984410001254, 0.24865285600859002], cca_quad=0, cca_conf=0.2570, cca_ratio=1.1405, cca_scores=[0.11683935593149615, 0.10244333374644038, 0.06916831887298407, 0.06714080779462797], cca_probs=[0.2570250929209613, 0.2533514602747788, 0.24505990255776663, 0.24456354424649324]"
2026 05 14 18:11:00.017969,SSVEP_UPDATE,"fbcca_quad=0, fbcca_conf=0.2568, fbcca_ratio=1.0393, fbcca_consec=1, fbcca_scores=[0.12132942055674277, 0.05738885942287229, 0.11673831044091108, 0.0809009379092017], fbcca_probs=[0.2568147057382627, 0.24090779679623425, 0.255638343615183, 0.24663915385032004], cca_quad=0, cca_conf=0.2557, cca_ratio=1.1080, cca_scores=[0.14632941834267907, 0.09284555054534259, 0.13207135525335154, 0.12283425400345094], cca_probs=[0.2557189606769361, 0.24240143249047846, 0.25209877336153125, 0.24978083347105426]"
2026 05 14 18:11:01.031074,SSVEP_UPDATE,"fbcca_quad=0, fbcca_conf=0.2713, fbcca_ratio=1.9047, fbcca_consec=2, fbcca_scores=[0.18134030298014245, 0.03832943379924851, 0.09520669479718355, 0.07860619672400253], fbcca_probs=[0.2712538834306799, 0.23510785172358672, 0.2488677456433765, 0.2447705192023569], cca_quad=0, cca_conf=0.2737, cca_ratio=1.7779, cca_scores=[0.22820445344223567, 0.07313919686668104, 0.11466408401204385, 0.12835484559938493], cca_probs=[0.27367261552864947, 0.23436208743409023, 0.24429882992162127, 0.24766646711563908]"
2026 05 14 18:11:02.043149,SSVEP_UPDATE,"fbcca_quad=0, fbcca_conf=0.2925, fbcca_ratio=1.6969, fbcca_consec=3, fbcca_scores=[0.3079185474639584, 0.03480741612165303, 0.1814591950193307, 0.05481850111467685], fbcca_probs=[0.29251668758280525, 0.22260760112418662, 0.2577686208594114, 0.22710709043359678], cca_quad=0, cca_conf=0.2836, cca_ratio=1.8335, cca_scores=[0.30877443950990174, 0.1046174051108102, 0.16840869703276976, 0.13589721345933242], cca_probs=[0.2836384132466876, 0.2312601343781453, 0.2464932209018403, 0.23860823147332688]"
2026 05 14 18:11:03.071195,SSVEP_UPDATE,"fbcca_quad=0, fbcca_conf=0.3045, fbcca_ratio=1.9009, fbcca_consec=4, fbcca_scores=[0.3756121992866405, 0.056294076924179495, 0.1976013495591411, 0.048049106331349435], fbcca_probs=[0.3044830086443563, 0.2212508581204472, 0.25483198229339404, 0.21943415094180246], cca_quad=0, cca_conf=0.2849, cca_ratio=1.9682, cca_scores=[0.30676796993670813, 0.11979842467476713, 0.1558637239937659, 0.10835601915011882], cca_probs=[0.2849464767130707, 0.23635426831246933, 0.24503403412236424, 0.23366522085209568]"
2026 05 14 18:11:04.081904,SSVEP_UPDATE,"fbcca_quad=0, fbcca_conf=0.3082, fbcca_ratio=4.5162, fbcca_consec=5, fbcca_scores=[0.35037264789701056, 0.07001617491809183, 0.07758211894906819, 0.03269796743511761], fbcca_probs=[0.30820381843964095, 0.23285241464097367, 0.23462084446223086, 0.2243229224571545], cca_quad=0, cca_conf=0.2929, cca_ratio=2.0882, cca_scores=[0.3432391905808514, 0.16437330690858534, 0.12278211816420713, 0.08973856237691985], cca_probs=[0.29287299091426916, 0.24490567912531636, 0.2349286766623897, 0.22729265329802464]"
2026 05 14 18:11:04.081904,SSVEP_CONFIRMED,"fbcca_quad=0, fbcca_conf=0.3082, fbcca_ratio=4.5162, fbcca_consec=5, fbcca_scores=[0.35037264789701056, 0.07001617491809183, 0.07758211894906819, 0.03269796743511761], fbcca_probs=[0.30820381843964095, 0.23285241464097367, 0.23462084446223086, 0.2243229224571545], cca_quad=0, cca_conf=0.2929, cca_ratio=2.0882, cca_scores=[0.3432391905808514, 0.16437330690858534, 0.12278211816420713, 0.08973856237691985], cca_probs=[0.29287299091426916, 0.24490567912531636, 0.2349286766623897, 0.22729265329802464]"
2026 05 14 18:11:04.081904,SELECTION,"quad=0, result=navigate, output=''"
2026 05 14 18:11:07.095952,PHASE_SSVEP,
2026 05 14 18:11:07.211640,SSVEP_UPDATE,"fbcca_quad=0, fbcca_conf=0.2587, fbcca_ratio=1.3553, fbcca_consec=1, fbcca_scores=[0.09988457550680584, 0.07369874918201902, 0.05430628854418304, 0.03386895738895559], fbcca_probs=[0.25868435094416825, 0.2519984079683611, 0.24715861815083592, 0.2421586229366347], cca_quad=1, cca_conf=0.2590, cca_ratio=1.2147, cca_scores=[0.1096466912324739, 0.14592338865469523, 0.12013053667540129, 0.06494529736694356], cca_probs=[0.2497649268173083, 0.25899192411783395, 0.25239719775839337, 0.23884595130646433]"
2026 05 14 18:11:08.225550,SSVEP_UPDATE,"fbcca_quad=0, fbcca_conf=0.2554, fbcca_ratio=1.2300, fbcca_consec=2, fbcca_scores=[0.08570527090025871, 0.06967662916419547, 0.048641380391635465, 0.05275702580380939], fbcca_probs=[0.2554081176922162, 0.25134690726993014, 0.246114982880644, 0.2471299921572096], cca_quad=1, cca_conf=0.2575, cca_ratio=1.0914, cca_scores=[0.12663728612957115, 0.13821240643215665, 0.0807382089086101, 0.08828150621328573], cca_probs=[0.2545078939775567, 0.257470969361819, 0.2430902505630512, 0.2449308860975731]"
2026 05 14 18:11:09.254240,SSVEP_UPDATE,"fbcca_quad=0, fbcca_conf=0.2559, fbcca_ratio=1.2560, fbcca_consec=3, fbcca_scores=[0.11991003146863663, 0.09460837145451795, 0.09547042843996385, 0.07545250880910538], fbcca_probs=[0.2559254024661642, 0.2495312967959142, 0.24974649973867735, 0.24479680099924422], cca_quad=2, cca_conf=0.2621, cca_ratio=1.2537, cca_scores=[0.15264845768814242, 0.13152525192106934, 0.19137027895510222, 0.09924392289808996], cca_probs=[0.25210659986298456, 0.24683715004501633, 0.26206009158618276, 0.2389961585058163]"
2026 05 14 18:11:10.264399,SSVEP_UPDATE,"fbcca_quad=0, fbcca_conf=0.2761, fbcca_ratio=2.2096, fbcca_consec=4, fbcca_scores=[0.18704707363615738, 0.035230502016746365, 0.08465278597498341, 0.03702712084645701], fbcca_probs=[0.27605167042631246, 0.2371686492468304, 0.2491845464185048, 0.2375951339083524], cca_quad=0, cca_conf=0.2648, cca_ratio=1.1187, cca_scores=[0.1915197405568942, 0.08983263382920066, 0.1711932625620622, 0.07834096342160976], cca_probs=[0.2648177543393269, 0.23921309443437438, 0.25948928010092337, 0.2364798711253754]"
2026 05 14 18:11:11.286854,SSVEP_UPDATE,"fbcca_quad=0, fbcca_conf=0.3120, fbcca_ratio=3.2587, fbcca_consec=5, fbcca_scores=[0.3662644130486597, 0.034137098316579406, 0.11239683158813528, 0.02625655652153839], fbcca_probs=[0.3120168382668078, 0.22383962607734695, 0.2420609547799843, 0.22208258087586094], cca_quad=0, cca_conf=0.2811, cca_ratio=1.4667, cca_scores=[0.2776795313947457, 0.10006210364747377, 0.18932407547823132, 0.06094084533610297], cca_probs=[0.28106953662790524, 0.23532903229287816, 0.25730100985953264, 0.22630042121968402]"
2026 05 14 18:11:11.286854,SSVEP_CONFIRMED,"fbcca_quad=0, fbcca_conf=0.3120, fbcca_ratio=3.2587, fbcca_consec=5, fbcca_scores=[0.3662644130486597, 0.034137098316579406, 0.11239683158813528, 0.02625655652153839], fbcca_probs=[0.3120168382668078, 0.22383962607734695, 0.2420609547799843, 0.22208258087586094], cca_quad=0, cca_conf=0.2811, cca_ratio=1.4667, cca_scores=[0.2776795313947457, 0.10006210364747377, 0.18932407547823132, 0.06094084533610297], cca_probs=[0.28106953662790524, 0.23532903229287816, 0.25730100985953264, 0.22630042121968402]"
2026 05 14 18:11:11.286854,SELECTION,"quad=0, result=phrase, output='Make '"
2026 05 14 18:11:14.291095,PHASE_SSVEP,
2026 05 14 18:11:14.323350,SSVEP_UPDATE,"fbcca_quad=3, fbcca_conf=0.2565, fbcca_ratio=1.0157, fbcca_consec=1, fbcca_scores=[0.020034918963384277, 0.09381891564242081, 0.1070362796028629, 0.10871868947088473], fbcca_probs=[0.23473035347165547, 0.2527046511352439, 0.2560669116458388, 0.2564980837472619], cca_quad=1, cca_conf=0.2583, cca_ratio=1.0908, cca_scores=[0.06601120772993177, 0.14740548806786316, 0.10871806000174573, 0.13514085628286135], cca_probs=[0.23809492250749595, 0.2582850212194287, 0.24848345913772726, 0.2551365971353481]"
2026 05 14 18:11:15.351223,SSVEP_UPDATE,"fbcca_quad=1, fbcca_conf=0.2550, fbcca_ratio=1.3191, fbcca_consec=1, fbcca_scores=[0.026957987938022603, 0.0671505413324857, 0.04405983900958474, 0.05090714296286362], fbcca_probs=[0.24494804640351964, 0.2549936609822767, 0.24917313687066836, 0.2508851557435352], cca_quad=1, cca_conf=0.2597, cca_ratio=1.5265, cca_scores=[0.04732762845201866, 0.11404658008209276, 0.06675740114237659, 0.07470950745846536], cca_probs=[0.24293219369288407, 0.25969329958299636, 0.2476984648335442, 0.24967604189057535]"
2026 05 14 18:11:16.369081,SSVEP_UPDATE,"fbcca_quad=1, fbcca_conf=0.2583, fbcca_ratio=1.3572, fbcca_consec=2, fbcca_scores=[0.013585560977799139, 0.0808202558460623, 0.05955014830264644, 0.03788082503856459], fbcca_probs=[0.24147726539347653, 0.25827115576964355, 0.2528357116739048, 0.24741586716297506], cca_quad=1, cca_conf=0.2654, cca_ratio=2.0686, cca_scores=[0.0427350998489597, 0.1360394616939715, 0.06576456881300055, 0.0581858019685741], cca_probs=[0.24174073514523844, 0.2653819665317091, 0.24737249522342444, 0.24550480309962802]"
2026 05 14 18:11:17.384824,SSVEP_UPDATE,"fbcca_quad=2, fbcca_conf=0.2614, fbcca_ratio=1.8597, fbcca_consec=1, fbcca_scores=[0.029634283342012714, 0.05350318495894877, 0.09950007614732492, 0.035287436081945095], fbcca_probs=[0.24377226116184503, 0.24966083460112384, 0.261412658645014, 0.24515424559201707], cca_quad=2, cca_conf=0.2628, cca_ratio=1.5774, cca_scores=[0.08389701141183123, 0.08746013044243568, 0.13796175230857569, 0.04108477756078004], cca_probs=[0.24892875488329533, 0.24981729972253106, 0.2627574784170866, 0.23849646697708704]"
2026 05 14 18:11:18.401072,SSVEP_UPDATE,"fbcca_quad=3, fbcca_conf=0.2524, fbcca_ratio=1.0989, fbcca_consec=1, fbcca_scores=[0.0443939800136661, 0.06130081990392035, 0.06239361984580033, 0.06856582366145045], fbcca_probs=[0.24632486201124995, 0.25052484115829493, 0.25079876433450754, 0.2523515324959476], cca_quad=2, cca_conf=0.2514, cca_ratio=1.0280, cca_scores=[0.11454613305178798, 0.11313098418139828, 0.12297348511614177, 0.11962887577409563], cca_probs=[0.24924326654217308, 0.24889079967044356, 0.2513526028751567, 0.25051333091222666]"
2026 05 14 18:11:19.414794,SSVEP_UPDATE,"fbcca_quad=2, fbcca_conf=0.2814, fbcca_ratio=1.9571, fbcca_consec=1, fbcca_scores=[0.016968033343301336, 0.1144720129596603, 0.22403446120571222, 0.05492066204329372], fbcca_probs=[0.22877211341219272, 0.25220199900142803, 0.28140440487867857, 0.2376214827077006], cca_quad=2, cca_conf=0.2845, cca_ratio=1.9170, cca_scores=[0.052782010523295335, 0.14323107226843487, 0.27457336842868224, 0.09701381616357878], cca_probs=[0.2278838048364671, 0.24945659519043087, 0.284469837622714, 0.23818976235038797]"
2026 05 14 18:11:20.444485,SSVEP_UPDATE,"fbcca_quad=2, fbcca_conf=0.2961, fbcca_ratio=3.8571, fbcca_consec=2, fbcca_scores=[0.04131616287838715, 0.06238825502383057, 0.2925602153986076, 0.07584946295795572], fbcca_probs=[0.230305644281424, 0.23521015875054158, 0.2960864188930633, 0.23839777807497112], cca_quad=2, cca_conf=0.2907, cca_ratio=2.6465, cca_scores=[0.08718892211657431, 0.10357398359160604, 0.30936554958666274, 0.11689689592182517], cca_probs=[0.2328036325747968, 0.23664955621113204, 0.2907232974816357, 0.2398235137324354]"
2026 05 14 18:11:21.464342,SSVEP_UPDATE,"fbcca_quad=2, fbcca_conf=0.3242, fbcca_ratio=4.4347, fbcca_consec=3, fbcca_scores=[0.016964844200938606, 0.07332919855788289, 0.4268252942418545, 0.09624713166591325], fbcca_probs=[0.21518794466580646, 0.22766520754698394, 0.32420377638363856, 0.23294307140357107], cca_quad=2, cca_conf=0.3143, cca_ratio=3.0756, cca_scores=[0.06777254909330373, 0.10140409046777174, 0.42091098481572703, 0.13685587751114967], cca_probs=[0.2207867567019165, 0.2283384310870371, 0.31429617367787566, 0.23657863853317085]"
2026 05 14 18:11:22.475061,SSVEP_UPDATE,"fbcca_quad=2, fbcca_conf=0.3655, fbcca_ratio=10.7785, fbcca_consec=4, fbcca_scores=[0.01540826608708173, 0.05372601402674734, 0.5790869316349366, 0.02618365536351642], fbcca_probs=[0.208029112776567, 0.21615500868692736, 0.3655330505660187, 0.210282827970487], cca_quad=2, cca_conf=0.3115, cca_ratio=3.6206, cca_scores=[0.05954728590247847, 0.10372132585596992, 0.3755368625886988, 0.045636741002997146], cca_probs=[0.2271196301716204, 0.23737731552022576, 0.3115209092928828, 0.22398214501527106]"
2026 05 14 18:11:22.475061,SSVEP_CONFIRMED,"fbcca_quad=2, fbcca_conf=0.3655, fbcca_ratio=10.7785, fbcca_consec=4, fbcca_scores=[0.01540826608708173, 0.05372601402674734, 0.5790869316349366, 0.02618365536351642], fbcca_probs=[0.208029112776567, 0.21615500868692736, 0.3655330505660187, 0.210282827970487], cca_quad=2, cca_conf=0.3115, cca_ratio=3.6206, cca_scores=[0.05954728590247847, 0.10372132585596992, 0.3755368625886988, 0.045636741002997146], cca_probs=[0.2271196301716204, 0.23737731552022576, 0.3115209092928828, 0.22398214501527106]"
2026 05 14 18:11:22.475061,SELECTION,"quad=2, result=navigate, output='Make '"
2026 05 14 18:11:25.479717,PHASE_SSVEP,
2026 05 14 18:11:25.511368,SSVEP_UPDATE,"fbcca_quad=2, fbcca_conf=0.2529, fbcca_ratio=1.0865, fbcca_consec=1, fbcca_scores=[0.05215369699107299, 0.0337259390937094, 0.05666580001225471, 0.0375514735560605], fbcca_probs=[0.2517770953007799, 0.24717989607485238, 0.25291570632652066, 0.2481273022978471], cca_quad=1, cca_conf=0.2522, cca_ratio=1.0780, cca_scores=[0.08346199495119185, 0.08997112307683745, 0.07687400203485172, 0.07461057365596475], cca_probs=[0.25055424753823563, 0.25219045660811795, 0.24890902324374362, 0.2483462726099028]"
2026 05 14 18:11:26.525593,SSVEP_UPDATE,"fbcca_quad=0, fbcca_conf=0.2523, fbcca_ratio=1.1245, fbcca_consec=1, fbcca_scores=[0.05179611517955787, 0.038187115815178765, 0.03501684413804649, 0.046062518439642076], fbcca_probs=[0.25226237027599446, 0.24885258633852222, 0.2480649052734813, 0.2508201381120021], cca_quad=1, cca_conf=0.2507, cca_ratio=1.0314, cca_scores=[0.07092553332711928, 0.07323351421328865, 0.0661481909346126, 0.07100383024385702], cca_probs=[0.25014865100699984, 0.2507266560679662, 0.24895645528315768, 0.25016823764187635]"
2026 05 14 18:11:27.552016,SSVEP_UPDATE,"fbcca_quad=3, fbcca_conf=0.2553, fbcca_ratio=1.1636, fbcca_consec=1, fbcca_scores=[0.05446565436791349, 0.03242784103384572, 0.018499771231596004, 0.06337417462987563], fbcca_probs=[0.25304765733681966, 0.24753203960365364, 0.24410829450594929, 0.25531200855357744], cca_quad=0, cca_conf=0.2550, cca_ratio=1.0056, cca_scores=[0.09948292964711948, 0.07227718545451646, 0.047107461708576, 0.09893025793079369], cca_probs=[0.2549991973711514, 0.24815527358184, 0.24198722358285768, 0.25485830546415084]"
2026 05 14 18:11:28.571066,SSVEP_UPDATE,"fbcca_quad=1, fbcca_conf=0.2592, fbcca_ratio=1.4026, fbcca_consec=1, fbcca_scores=[0.06651492869376142, 0.09329642052476518, 0.02413783156521405, 0.04359922164411299], fbcca_probs=[0.2523343154617799, 0.2591835113353868, 0.24186452608046155, 0.24661764712237166], cca_quad=1, cca_conf=0.2622, cca_ratio=1.4084, cca_scores=[0.10800192809143, 0.152106113801225, 0.0892584141572031, 0.06692598812493239], cca_probs=[0.2508605438903252, 0.26217215507232683, 0.246202327835113, 0.24076497320223492]"
2026 05 14 18:11:29.602701,SSVEP_UPDATE,"fbcca_quad=0, fbcca_conf=0.2624, fbcca_ratio=2.4675, fbcca_consec=1, fbcca_scores=[0.10253673700138724, 0.039449421852945074, 0.031863284806085156, 0.04155418568783099], fbcca_probs=[0.26236615253917756, 0.2463254777589207, 0.24446388898805813, 0.24684448071384363], cca_quad=0, cca_conf=0.2602, cca_ratio=1.2157, cca_scores=[0.1541242173765368, 0.1267743164696447, 0.08989221164661516, 0.08488882219301255], cca_probs=[0.2601514254402953, 0.2531327275825376, 0.24396672945243483, 0.24274911752473224]"
2026 05 14 18:11:30.616194,SSVEP_UPDATE,"fbcca_quad=0, fbcca_conf=0.2670, fbcca_ratio=4.3227, fbcca_consec=2, fbcca_scores=[0.11022273230291572, 0.02465833949602041, 0.014816064838722538, 0.025498415394200537], fbcca_probs=[0.2669683220887718, 0.24507532559327108, 0.24267505834799502, 0.24528129396996204], cca_quad=0, cca_conf=0.2603, cca_ratio=1.3437, cca_scores=[0.11706700816418356, 0.08712232307124297, 0.052469548337372295, 0.048894389819269836], cca_probs=[0.2602781784266648, 0.2525997678805445, 0.24399641102255137, 0.24312564267023937]"
2026 05 14 18:11:31.634830,SSVEP_UPDATE,"fbcca_quad=1, fbcca_conf=0.2530, fbcca_ratio=1.2902, fbcca_consec=1, fbcca_scores=[0.02728535808241968, 0.04683595796532408, 0.02900866131013615, 0.03629991833209254], fbcca_probs=[0.24810675521182493, 0.25300511805477116, 0.24853468700611583, 0.2503534397272881], cca_quad=1, cca_conf=0.2586, cca_ratio=1.3009, cca_scores=[0.06950970653683015, 0.13786049535984737, 0.10597384116544546, 0.10124338665007261], cca_probs=[0.24153886257338503, 0.25862552618146806, 0.2505089169263289, 0.24932669431881802]"
2026 05 14 18:11:32.651359,SSVEP_UPDATE,"fbcca_quad=1, fbcca_conf=0.2635, fbcca_ratio=2.2257, fbcca_consec=2, fbcca_scores=[0.03714516012963344, 0.10560047506660544, 0.01939917094427266, 0.04744589339402136], fbcca_probs=[0.24608616656555468, 0.26352205380416144, 0.24175764466076557, 0.24863413496951828], cca_quad=1, cca_conf=0.2712, cca_ratio=2.0986, cca_scores=[0.08949682911846833, 0.18781372875679989, 0.06532530870120477, 0.0789942681526957], cca_probs=[0.24576165359429358, 0.2711518722376525, 0.23989244043017138, 0.2431940337378826]"
2026 05 14 18:11:33.674299,SSVEP_UPDATE,"fbcca_quad=1, fbcca_conf=0.2574, fbcca_ratio=1.0743, fbcca_consec=3, fbcca_scores=[0.06646317548936678, 0.1013651528942545, 0.024109547549076172, 0.09435427586531106], fbcca_probs=[0.24861195868506877, 0.25744220786738026, 0.23830220905076793, 0.255643624396783], cca_quad=1, cca_conf=0.2645, cca_ratio=1.3627, cca_scores=[0.13374518221539825, 0.20181577832649794, 0.09567208001555101, 0.14809561055640907], cca_probs=[0.24706381140194417, 0.264467202402175, 0.23783414162810235, 0.25063484456777846]"
2026 05 14 18:11:34.691339,SSVEP_UPDATE,"fbcca_quad=1, fbcca_conf=0.2759, fbcca_ratio=2.1164, fbcca_consec=4, fbcca_scores=[0.06062885367915325, 0.20661415010236242, 0.059329692712312365, 0.09762675701717224], fbcca_probs=[0.23846021275050375, 0.275941191844332, 0.23815061570169965, 0.24744797970346466], cca_quad=1, cca_conf=0.2778, cca_ratio=2.0611, cca_scores=[0.1247993261375275, 0.25722501200007586, 0.10487279569922896, 0.11270463282120621], cca_probs=[0.24331829585558007, 0.2777707495482077, 0.23851779394296205, 0.24039316065325014]"
2026 05 14 18:11:35.713122,SSVEP_UPDATE,"fbcca_quad=1, fbcca_conf=0.2854, fbcca_ratio=1.6007, fbcca_consec=5, fbcca_scores=[0.05688512148434526, 0.27084896247669754, 0.038818867159664365, 0.16920240412590304], fbcca_probs=[0.23043908430923318, 0.28541674980224596, 0.22631329420965637, 0.2578308716788645], cca_quad=1, cca_conf=0.2765, cca_ratio=1.8700, cca_scores=[0.10237640036158051, 0.25168756637437106, 0.10809500615839199, 0.1345910029950839], cca_probs=[0.23812311518610116, 0.2764690823017583, 0.23948874845048249, 0.24591905406165812]"
2026 05 14 18:11:36.728191,SSVEP_UPDATE,"fbcca_quad=1, fbcca_conf=0.3028, fbcca_ratio=1.3530, fbcca_consec=6, fbcca_scores=[0.05773352738516418, 0.3996229773915601, 0.029528289087543156, 0.2953636279527634], fbcca_probs=[0.2151447498225511, 0.3028387563456046, 0.20916131958712578, 0.2728551742447185], cca_quad=1, cca_conf=0.2803, cca_ratio=1.4425, cca_scores=[0.09831946361396358, 0.26997924990061967, 0.053533157577868105, 0.18716127108946026], cca_probs=[0.23605040174963, 0.280256466365128, 0.2257118177581642, 0.25798131412707775]"
2026 05 14 18:11:37.756467,SSVEP_UPDATE,"fbcca_quad=1, fbcca_conf=0.3021, fbcca_ratio=1.6285, fbcca_consec=7, fbcca_scores=[0.08440982733784792, 0.3925513963184585, 0.05803333477725344, 0.24104502641753306], fbcca_probs=[0.22200363050961905, 0.302123327846217, 0.2162245049820406, 0.25964853666212334], cca_quad=1, cca_conf=0.2725, cca_ratio=1.6163, cca_scores=[0.12949701481478024, 0.24224564370190058, 0.09628715403349089, 0.14988107822287713], cca_probs=[0.24347017287678896, 0.2725284658786972, 0.23551734932652704, 0.24848401191798675]"
2026 05 14 18:11:38.774782,SSVEP_UPDATE,"fbcca_quad=1, fbcca_conf=0.2744, fbcca_ratio=1.2027, fbcca_consec=8, fbcca_scores=[0.07749663432801088, 0.25070776216212615, 0.08126944719817693, 0.20844555682127436], fbcca_probs=[0.2307972835070807, 0.2744450043701372, 0.2316696831341464, 0.2630880289886357], cca_quad=1, cca_conf=0.2617, cca_ratio=1.3109, cca_scores=[0.12069998567791065, 0.18264771897212703, 0.10275492023236388, 0.1393303254916426], cca_probs=[0.24600689649063248, 0.2617283943709541, 0.2416316609875474, 0.250633048150866]"
2026 05 14 18:11:39.791329,SSVEP_UPDATE,"fbcca_quad=1, fbcca_conf=0.3169, fbcca_ratio=1.7477, fbcca_consec=9, fbcca_scores=[0.02767742708179574, 0.469212350903315, 0.1038978755946294, 0.2684696114387194], fbcca_probs=[0.2038092185518509, 0.3169421537409326, 0.2199510016127445, 0.25929762609447204], cca_quad=1, cca_conf=0.2764, cca_ratio=1.5227, cca_scores=[0.053123807584493914, 0.2424302156269017, 0.10336553263985075, 0.15920936199323085], cca_probs=[0.2287359401568634, 0.2764070633873333, 0.24052161566377386, 0.25433538079202933]"
2026 05 14 18:11:40.810433,SSVEP_UPDATE,"fbcca_quad=1, fbcca_conf=0.2887, fbcca_ratio=1.2987, fbcca_consec=10, fbcca_scores=[0.058761730851375836, 0.3122723646144949, 0.03329713346017052, 0.24045888636090001], fbcca_probs=[0.22408215768057038, 0.2887390657920593, 0.21844803552739994, 0.2687307409999704], cca_quad=1, cca_conf=0.2746, cca_ratio=1.3517, cca_scores=[0.09195185004753438, 0.23996038988535373, 0.06484809448614753, 0.17752427318451866], cca_probs=[0.2368476428254416, 0.27463024161698046, 0.23051439728117526, 0.2580077182764027]"
2026 05 14 18:11:41.826515,SSVEP_UPDATE,"fbcca_quad=1, fbcca_conf=0.2946, fbcca_ratio=1.3078, fbcca_consec=11, fbcca_scores=[0.03073205925476164, 0.3364166717976879, 0.027571339501336493, 0.257240622415176], fbcca_probs=[0.21698508452511162, 0.29456898755416483, 0.21630033819793543, 0.27214558972278813], cca_quad=1, cca_conf=0.2742, cca_ratio=1.3244, cca_scores=[0.07156230207580688, 0.23031434272911858, 0.0653788635310736, 0.17390520828578512], cca_probs=[0.23399222916933166, 0.27424995821148396, 0.23254981673052688, 0.2592079958886575]"
2026 05 14 18:11:42.850314,SSVEP_UPDATE,"fbcca_quad=1, fbcca_conf=0.2664, fbcca_ratio=1.0915, fbcca_consec=12, fbcca_scores=[0.07596629070812756, 0.16946888605535676, 0.014933746411794704, 0.15526510923666115], fbcca_probs=[0.24263989323202306, 0.2664218670187192, 0.22827382131768376, 0.2626644184315739], cca_quad=1, cca_conf=0.2635, cca_ratio=1.1728, cca_scores=[0.10131435831727634, 0.16811879152149148, 0.04454405844824502, 0.14335358758168584], cca_probs=[0.24649770884144506, 0.2635273432066329, 0.23289376346851812, 0.257081184483404]"
2026 05 14 18:11:43.859356,SSVEP_UPDATE,"fbcca_quad=1, fbcca_conf=0.2598, fbcca_ratio=1.4925, fbcca_consec=13, fbcca_scores=[0.03081764504719686, 0.10530963219377651, 0.07056033693969907, 0.05905984887932524], fbcca_probs=[0.24116582415743115, 0.2598167957904737, 0.2509434100682319, 0.2480739699838633], cca_quad=1, cca_conf=0.2647, cca_ratio=1.2511, cca_scores=[0.07355103306729016, 0.17344027225263495, 0.13862608200807955, 0.07619853741781037], cca_probs=[0.23952447815550904, 0.2646861689453746, 0.25562989245734924, 0.2401594604417672]"
2026 05 14 18:11:44.873116,SSVEP_UPDATE,"fbcca_quad=2, fbcca_conf=0.2533, fbcca_ratio=1.0627, fbcca_consec=1, fbcca_scores=[0.04264768525672708, 0.06540074568067956, 0.06949856260185243, 0.04707178445653588], fbcca_probs=[0.2466296579872343, 0.2523055647557926, 0.2533415880354676, 0.24772318922150557], cca_quad=1, cca_conf=0.2610, cca_ratio=1.1858, cca_scores=[0.10491996189618046, 0.18135580274733998, 0.15294393985278468, 0.11218956653661824], cca_probs=[0.2417838909728635, 0.260989494492446, 0.2536786459615391, 0.2435479685731513]"
2026 05 14 18:11:45.906614,SSVEP_UPDATE,"fbcca_quad=2, fbcca_conf=0.2588, fbcca_ratio=1.3153, fbcca_consec=2, fbcca_scores=[0.04073392311682766, 0.07819662446559267, 0.10285401605311217, 0.05023899963242048], fbcca_probs=[0.24320167452334657, 0.2524854786570876, 0.2587885006724766, 0.24552434614708935], cca_quad=1, cca_conf=0.2586, cca_ratio=1.0222, cca_scores=[0.09435466877482765, 0.15760235839114958, 0.1541785174149377, 0.08742445190235497], cca_probs=[0.24271644779887336, 0.2585635668085404, 0.2576798000752664, 0.24104018531731985]"
2026 05 14 18:11:46.908073,SSVEP_UPDATE,"fbcca_quad=1, fbcca_conf=0.2647, fbcca_ratio=1.7296, fbcca_consec=1, fbcca_scores=[0.030419169840977936, 0.1230983930797594, 0.07117294345911133, 0.036124860775987463], fbcca_probs=[0.2412878581211741, 0.2647192620643033, 0.2513243727159345, 0.24266850709858823], cca_quad=1, cca_conf=0.2772, cca_ratio=2.2269, cca_scores=[0.07944527163843813, 0.22817978118858415, 0.10246516735702071, 0.08239892212396864], cca_probs=[0.2388567476600684, 0.27716098193686023, 0.24441898046849772, 0.23956328993457368]"
2026 05 14 18:11:47.940412,SSVEP_UPDATE,"fbcca_quad=2, fbcca_conf=0.2601, fbcca_ratio=1.7045, fbcca_consec=1, fbcca_scores=[0.05940171278002353, 0.06488096577161143, 0.11728083892362984, 0.0688075386639491], fbcca_probs=[0.2454269954335874, 0.24677544290133102, 0.2600512321179924, 0.24774632954708925], cca_quad=2, cca_conf=0.2546, cca_ratio=1.0537, cca_scores=[0.13875066094475522, 0.12140578695979369, 0.14620651326887182, 0.10516185676758966], cca_probs=[0.25270026434702186, 0.24835500304763075, 0.2545914014591321, 0.24435333114621524]"
2026 05 14 18:11:48.958172,SSVEP_UPDATE,"fbcca_quad=1, fbcca_conf=0.2554, fbcca_ratio=1.1402, fbcca_consec=1, fbcca_scores=[0.07446994180515212, 0.10403277590489338, 0.09124240764968589, 0.0607634460813216], fbcca_probs=[0.24793562127547533, 0.2553747195463202, 0.25212918289037, 0.24456047628783445], cca_quad=1, cca_conf=0.2623, cca_ratio=1.3945, cca_scores=[0.11707905611292782, 0.183703889638133, 0.1317341609168431, 0.10773055811492777], cca_probs=[0.2454377738016596, 0.2623470594129341, 0.24906117591820456, 0.24315399086720174]"
2026 05 14 18:11:49.969753,SSVEP_UPDATE,"fbcca_quad=1, fbcca_conf=0.2650, fbcca_ratio=1.8795, fbcca_consec=2, fbcca_scores=[0.07639578112573564, 0.15687805905438815, 0.08346897984524893, 0.0754900030496216], fbcca_probs=[0.24449862542616263, 0.264989966988539, 0.24623414338647914, 0.24427726419881926], cca_quad=1, cca_conf=0.2667, cca_ratio=1.6256, cca_scores=[0.12357747197243352, 0.20088752746106067, 0.10810286213160385, 0.10945254131091062], cca_probs=[0.24685288088251348, 0.26669417520673455, 0.2430623331277655, 0.24339061078298643]"
2026 05 14 18:11:50.999079,SSVEP_UPDATE,"fbcca_quad=0, fbcca_conf=0.2597, fbcca_ratio=1.1691, fbcca_consec=1, fbcca_scores=[0.14617348204836264, 0.08335278330195064, 0.07557789399769249, 0.1250304149935338], fbcca_probs=[0.25973827724439374, 0.24392329211723487, 0.24203416890051524, 0.2543042617378561], cca_quad=0, cca_conf=0.2571, cca_ratio=1.0834, cca_scores=[0.1940004403570233, 0.15747276115602885, 0.13167044653396998, 0.17906496513696304], cca_probs=[0.2571434650443887, 0.24792009079009888, 0.24160500093111048, 0.25333144323440193]"
2026 05 14 18:11:52.001169,SSVEP_UPDATE,"fbcca_quad=1, fbcca_conf=0.2648, fbcca_ratio=1.3293, fbcca_consec=1, fbcca_scores=[0.05781947543537792, 0.15071676357608269, 0.0470258786419915, 0.11338398611925925], fbcca_probs=[0.2413272608223192, 0.2648202328541217, 0.23873647875476003, 0.25511602756879914], cca_quad=1, cca_conf=0.2706, cca_ratio=1.5402, cca_scores=[0.1284957247701223, 0.2387060571387603, 0.11072800011121381, 0.15498278953414174], cca_probs=[0.24238058219241396, 0.27062104298574224, 0.2381120639677894, 0.24888631085405435]"
2026 05 14 18:11:53.028542,SSVEP_UPDATE,"fbcca_quad=1, fbcca_conf=0.2583, fbcca_ratio=1.4284, fbcca_consec=2, fbcca_scores=[0.07983456082117071, 0.12900602824042917, 0.09031419673580925, 0.08497265790216835], fbcca_probs=[0.2459367253964949, 0.25833204573755225, 0.2485276047614918, 0.24720362410446106], cca_quad=1, cca_conf=0.2638, cca_ratio=1.1893, cca_scores=[0.10967103516169721, 0.21298652266059426, 0.17909073865754918, 0.13165870049237227], cca_probs=[0.23792764956377876, 0.2638239755611633, 0.25503131397534695, 0.24321706089971096]"
2026 05 14 18:11:54.043503,SSVEP_UPDATE,"fbcca_quad=1, fbcca_conf=0.2718, fbcca_ratio=1.4701, fbcca_consec=3, fbcca_scores=[0.03716928794184059, 0.17875059313466937, 0.03516196514693743, 0.12158900622844532], fbcca_probs=[0.23595065174680196, 0.2718373706843531, 0.23547749767043494, 0.25673447989841], cca_quad=1, cca_conf=0.2763, cca_ratio=1.6862, cca_scores=[0.0770289801678235, 0.24224611745191316, 0.09738033479259772, 0.1436601136964358], cca_probs=[0.23424084866315187, 0.27632203833774915, 0.23905680665569226, 0.2503803063434068]"
2026 05 14 18:11:55.073466,SSVEP_UPDATE,"fbcca_quad=1, fbcca_conf=0.2650, fbcca_ratio=1.5031, fbcca_consec=4, fbcca_scores=[0.05821417286206508, 0.16254067221770568, 0.08523193430791351, 0.10813419907435556], fbcca_probs=[0.2387469106365121, 0.26500018891967536, 0.24528524557912165, 0.2509676548646909], cca_quad=1, cca_conf=0.2690, cca_ratio=1.6676, cca_scores=[0.1137423154680754, 0.2236886012631286, 0.13413740272312905, 0.1258575771639904], cca_probs=[0.24102126209555405, 0.2690322981474719, 0.24598738184825486, 0.24395905790871927]"
2026 05 14 18:11:56.088607,SSVEP_UPDATE,"fbcca_quad=1, fbcca_conf=0.2791, fbcca_ratio=1.7235, fbcca_consec=5, fbcca_scores=[0.02686403837807875, 0.23461009818514303, 0.08934668245988069, 0.13612756175508037], fbcca_probs=[0.22671455608988075, 0.2790630728571845, 0.241332200135428, 0.25289017091750676], cca_quad=1, cca_conf=0.2834, cca_ratio=1.7607, cca_scores=[0.08372995778798675, 0.307379599737221, 0.14817327764060262, 0.1745801131343254], cca_probs=[0.22663902425544524, 0.28344219146539806, 0.24172527888653814, 0.24819350539261845]"
2026 05 14 18:11:56.088607,PHASE_TIMEOUT,
2026 05 14 18:11:59.099383,PHASE_SSVEP,
2026 05 14 18:11:59.216661,SSVEP_UPDATE,"fbcca_quad=2, fbcca_conf=0.2560, fbcca_ratio=1.0748, fbcca_consec=1, fbcca_scores=[0.05379116420338791, 0.11117166044198228, 0.11948836039868982, 0.09713789016574573], fbcca_probs=[0.23973560484984732, 0.2538940783980725, 0.256014444270588, 0.2503558724814922], cca_quad=2, cca_conf=0.2564, cca_ratio=1.1539, cca_scores=[0.12068675327089833, 0.11098047506297234, 0.13926443199035526, 0.08436457400193041], cca_probs=[0.2516722647072207, 0.2492412806779995, 0.25639145122198004, 0.2426950033927998]"
2026 05 14 18:12:00.241903,SSVEP_UPDATE,"fbcca_quad=2, fbcca_conf=0.2694, fbcca_ratio=1.7647, fbcca_consec=2, fbcca_scores=[0.015618080959424468, 0.08925343017565011, 0.1575053879301909, 0.06305390540792127], fbcca_probs=[0.23378469949843553, 0.25164917463908215, 0.26942442146206214, 0.2451417044004203], cca_quad=2, cca_conf=0.2702, cca_ratio=1.9861, cca_scores=[0.06577632938494524, 0.08769198704804337, 0.17416566722508245, 0.053249383094055525], cca_probs=[0.24247183569276076, 0.24784442228673678, 0.27023039231188245, 0.2394533497086201]"
2026 05 14 18:12:01.266895,SSVEP_UPDATE,"fbcca_quad=2, fbcca_conf=0.2629, fbcca_ratio=1.0054, fbcca_consec=3, fbcca_scores=[0.03332062963913262, 0.14518515632480347, 0.14596677018648405, 0.05316757597003079], fbcca_probs=[0.23487177071075716, 0.26267150875206924, 0.262876896700956, 0.23957982383621762], cca_quad=2, cca_conf=0.2681, cca_ratio=1.3295, cca_scores=[0.06635974455349264, 0.1415851098320552, 0.18823627249876881, 0.07146904323198061], cca_probs=[0.23736820828554916, 0.2559130970629208, 0.2681345977691283, 0.23858409688240173]"
2026 05 14 18:12:02.276197,SSVEP_UPDATE,"fbcca_quad=2, fbcca_conf=0.2633, fbcca_ratio=1.0001, fbcca_consec=4, fbcca_scores=[0.007974268807994971, 0.13687737324461374, 0.1368940730945585, 0.052733415632683266], fbcca_probs=[0.23143033465705626, 0.2632704951928194, 0.2632748918072953, 0.242024278342829], cca_quad=2, cca_conf=0.2679, cca_ratio=1.2875, cca_scores=[0.04293803974682568, 0.14767722582375747, 0.1901279794158863, 0.09783349206161465], cca_probs=[0.23119114809456257, 0.2567194964576585, 0.2678520535118062, 0.24423730193597273]"
2026 05 14 18:12:03.305864,SSVEP_UPDATE,"fbcca_quad=3, fbcca_conf=0.2590, fbcca_ratio=1.2405, fbcca_consec=1, fbcca_scores=[0.04769834082274583, 0.0913684471027076, 0.058750767548565806, 0.11333958039029723], fbcca_probs=[0.24250684422427235, 0.25333178680194485, 0.2452019999202317, 0.2589593690535511], cca_quad=3, cca_conf=0.2566, cca_ratio=1.1225, cca_scores=[0.11121459330505495, 0.12201513494854227, 0.0715394848769456, 0.1369668527384004], cca_probs=[0.25012209497583116, 0.25283819032599886, 0.24039275624598205, 0.256646958452188]"
2026 05 14 18:12:04.320579,SSVEP_UPDATE,"fbcca_quad=2, fbcca_conf=0.2625, fbcca_ratio=1.4765, fbcca_consec=1, fbcca_scores=[0.037462263200568086, 0.05552022151671856, 0.1252068755035811, 0.0848000678721357], fbcca_probs=[0.24047667888583263, 0.24485864231008267, 0.2625306213151221, 0.2521340574889626], cca_quad=3, cca_conf=0.2562, cca_ratio=1.2484, cca_scores=[0.08785180722929951, 0.09744114667978589, 0.08126325697794552, 0.12164522177757027], cca_probs=[0.2476817318193575, 0.2500682603497237, 0.24605523230354162, 0.2561947755273771]"
2026 05 14 18:12:05.340205,SSVEP_UPDATE,"fbcca_quad=1, fbcca_conf=0.2621, fbcca_ratio=1.5251, fbcca_consec=1, fbcca_scores=[0.029712474074089473, 0.1213924631224043, 0.07959892923107167, 0.06290902151257388], fbcca_probs=[0.23918183735998477, 0.2621466493391474, 0.2514164037378228, 0.24725510956304497], cca_quad=1, cca_conf=0.2712, cca_ratio=1.8627, cca_scores=[0.06476463907311762, 0.18915401013630984, 0.07113784282850628, 0.10154682437773599], cca_probs=[0.23944540760696487, 0.2711615635625411, 0.24097631518908333, 0.24841671364141074]"
2026 05 14 18:12:06.361889,SSVEP_UPDATE,"fbcca_quad=1, fbcca_conf=0.2623, fbcca_ratio=1.2918, fbcca_consec=2, fbcca_scores=[0.02938376926799995, 0.1141020451539516, 0.03023676490143573, 0.088329123729441], fbcca_probs=[0.24096495705102405, 0.26226876337377897, 0.2411705867953686, 0.2555956927798283], cca_quad=1, cca_conf=0.2684, cca_ratio=1.4465, cca_scores=[0.10354963090311185, 0.19077422132470243, 0.04794129571238951, 0.13188821362211975], cca_probs=[0.24595434642996872, 0.2683710466813226, 0.23265056338829498, 0.2530240435004137]"
2026 05 14 18:12:07.374539,SSVEP_UPDATE,"fbcca_quad=1, fbcca_conf=0.2576, fbcca_ratio=1.4644, fbcca_consec=3, fbcca_scores=[0.024907971054458054, 0.0771127993529316, 0.03362497120735245, 0.05265655734762813], fbcca_probs=[0.24446985990414755, 0.25757137270188857, 0.24661021891210072, 0.2513485484818632], cca_quad=1, cca_conf=0.2631, cca_ratio=1.5027, cca_scores=[0.1073407718881068, 0.16129971321450087, 0.08460032994734958, 0.08537154793582064], cca_probs=[0.24930022789834122, 0.2631217482086829, 0.243695004715445, 0.2438830191775308]"
2026 05 14 18:12:08.389618,SSVEP_UPDATE,"fbcca_quad=1, fbcca_conf=0.2629, fbcca_ratio=1.2964, fbcca_consec=4, fbcca_scores=[0.057880219262503495, 0.12381597611565026, 0.012619896118888436, 0.09551023986677344], fbcca_probs=[0.2461687687448065, 0.2629471626092501, 0.23527546740391753, 0.25560860124202583], cca_quad=1, cca_conf=0.2648, cca_ratio=1.3162, cca_scores=[0.13453966417626098, 0.17707519409796452, 0.04224351771873998, 0.11993601917154195], cca_probs=[0.2537561831827883, 0.2647826834779085, 0.23138378777335566, 0.25007734556594763]"
2026 05 14 18:12:09.407108,SSVEP_UPDATE,"fbcca_quad=3, fbcca_conf=0.2566, fbcca_ratio=1.2590, fbcca_consec=1, fbcca_scores=[0.04931150531499835, 0.07052926670544424, 0.041589364843533726, 0.08879433316766627], fbcca_probs=[0.24666845318170513, 0.25195812461052947, 0.24477098044095827, 0.25660244176680713], cca_quad=0, cca_conf=0.2586, cca_ratio=1.3234, cca_scores=[0.12577168404590197, 0.09203706509742093, 0.05413201999213592, 0.09503324332431962], cca_probs=[0.25857007969074947, 0.24999280553217623, 0.2406941630193642, 0.25074295175771]"
2026 05 14 18:12:10.421118,SSVEP_UPDATE,"fbcca_quad=3, fbcca_conf=0.2543, fbcca_ratio=1.4400, fbcca_consec=2, fbcca_scores=[0.045605881422125204, 0.043233291435830254, 0.040331894880962275, 0.06567363002346949], fbcca_probs=[0.24921245260918187, 0.24862187451653503, 0.24790156931716004, 0.254264103557123], cca_quad=3, cca_conf=0.2521, cca_ratio=1.0455, cca_scores=[0.093599488671539, 0.0944951562671939, 0.07538348813880966, 0.09879801779226449], cca_probs=[0.25074867022766734, 0.25097335829413314, 0.24622238290308224, 0.2520555885751173]"
2026 05 14 18:12:11.443155,SSVEP_UPDATE,"fbcca_quad=1, fbcca_conf=0.2572, fbcca_ratio=1.4296, fbcca_consec=1, fbcca_scores=[0.03397251955269962, 0.09003397773855565, 0.05901388171122645, 0.06297881577108351], fbcca_probs=[0.24316397432734962, 0.2571854616829986, 0.2493300122588607, 0.25032055173079104], cca_quad=1, cca_conf=0.2563, cca_ratio=1.0932, cca_scores=[0.07174012136176214, 0.13136369663775704, 0.12016820953541471, 0.10126982563357381], cca_probs=[0.2414859982634529, 0.25632215427680743, 0.2534685066979215, 0.24872334076181818]"
2026 05 14 18:12:12.467838,SSVEP_UPDATE,"fbcca_quad=1, fbcca_conf=0.2771, fbcca_ratio=3.1127, fbcca_consec=2, fbcca_scores=[0.023818380381785038, 0.1852324811718255, 0.05950777760321399, 0.053530341214040704], fbcca_probs=[0.23575657879195927, 0.2770544141063707, 0.24432253670799664, 0.24286647039367332], cca_quad=1, cca_conf=0.2773, cca_ratio=1.8276, cca_scores=[0.08761947210012482, 0.23536287886840784, 0.12878236106428603, 0.06586220811749396], cca_probs=[0.23925076489091063, 0.2773431738435153, 0.24930451880259447, 0.23410154246297957]"
2026 05 14 18:12:13.479799,SSVEP_UPDATE,"fbcca_quad=1, fbcca_conf=0.2767, fbcca_ratio=2.6876, fbcca_consec=3, fbcca_scores=[0.04297550573996106, 0.18897275613874917, 0.0703139473317435, 0.03977023463764639], fbcca_probs=[0.23913671080402865, 0.2767273292745816, 0.24576452000049606, 0.23837143992089369], cca_quad=1, cca_conf=0.2775, cca_ratio=1.8559, cca_scores=[0.09090056591628724, 0.2422237022308545, 0.13051767406736559, 0.07985372712230852], cca_probs=[0.23850416989191203, 0.27746919841235207, 0.2481426797119371, 0.23588395198379886]"
2026 05 14 18:12:14.508093,SSVEP_UPDATE,"fbcca_quad=1, fbcca_conf=0.2852, fbcca_ratio=3.5154, fbcca_consec=4, fbcca_scores=[0.025896041707299994, 0.22488976225453192, 0.06397308061830924, 0.04506665907810203], fbcca_probs=[0.23373545326758105, 0.2851979939755792, 0.242807020407976, 0.23825953234886377], cca_quad=1, cca_conf=0.2831, cca_ratio=2.4848, cca_scores=[0.0704115888199509, 0.25941566323331317, 0.10439902644063476, 0.0948734264224944], cca_probs=[0.23433576885413016, 0.2830883588239987, 0.2424371336559181, 0.240138738665953]"
2026 05 14 18:12:15.525104,SSVEP_UPDATE,"fbcca_quad=1, fbcca_conf=0.2809, fbcca_ratio=1.7570, fbcca_consec=5, fbcca_scores=[0.034368019825265925, 0.24933725703849474, 0.09269448090940444, 0.14190803237976968], fbcca_probs=[0.22658164403600034, 0.28092130493703493, 0.24019036594693435, 0.25230668508003035], cca_quad=1, cca_conf=0.2671, cca_ratio=1.3299, cca_scores=[0.0644960816791632, 0.21832564450498199, 0.15608899230178014, 0.16416790309269472], cca_probs=[0.22898915876493944, 0.26706824463420364, 0.2509534770160001, 0.2529891195848567]"
2026 05 14 18:12:16.551335,SSVEP_UPDATE,"fbcca_quad=1, fbcca_conf=0.2992, fbcca_ratio=1.6498, fbcca_consec=6, fbcca_scores=[0.05851999569404627, 0.36925097660846856, 0.07512862295881072, 0.22381416951472613], fbcca_probs=[0.21925451252167932, 0.2991557059654403, 0.22292643740522292, 0.2586633441076575], cca_quad=1, cca_conf=0.2748, cca_ratio=1.3034, cca_scores=[0.09067789606149089, 0.2822542047219371, 0.15099307687998273, 0.21654540695558533], cca_probs=[0.22688802730832747, 0.2747970795306023, 0.24099394406932204, 0.25732094909174813]"
2026 05 14 18:12:17.572003,SSVEP_UPDATE,"fbcca_quad=1, fbcca_conf=0.2906, fbcca_ratio=1.8930, fbcca_consec=7, fbcca_scores=[0.046895780952776384, 0.30102523033249445, 0.07584240451857219, 0.1590224085760659], fbcca_probs=[0.22535907782175107, 0.2905641798820418, 0.23197779481998018, 0.25209894747622696], cca_quad=1, cca_conf=0.2735, cca_ratio=1.4456, cca_scores=[0.10574134931813342, 0.26908272172717623, 0.14891768918930898, 0.18613663484404908], cca_probs=[0.23227314982747904, 0.2734873644832772, 0.24252150550178447, 0.2517179801874592]"
2026 05 14 18:12:18.584706,SSVEP_UPDATE,"fbcca_quad=1, fbcca_conf=0.2778, fbcca_ratio=1.1717, fbcca_consec=8, fbcca_scores=[0.022863707422608882, 0.25791937069313026, 0.09113754393836286, 0.22013236481205678], fbcca_probs=[0.21960121467529245, 0.27779096439042517, 0.23511789693940013, 0.26748992399488236], cca_quad=1, cca_conf=0.2763, cca_ratio=1.3899, cca_scores=[0.07731768839846602, 0.297193884998816, 0.1879775083075292, 0.21382573186645407], cca_probs=[0.22176875807633678, 0.2763066791863537, 0.24771899736793024, 0.2542055653693793]"
2026 05 14 18:12:19.608135,SSVEP_UPDATE,"fbcca_quad=1, fbcca_conf=0.2622, fbcca_ratio=1.2662, fbcca_consec=9, fbcca_scores=[0.0824617696150034, 0.17534767945251695, 0.11202628919425783, 0.13847815572036748], fbcca_probs=[0.23895105635275687, 0.2622097236924563, 0.24612099519616404, 0.25271822475862266], cca_quad=1, cca_conf=0.2632, cca_ratio=1.2340, cca_scores=[0.09928073246870966, 0.2054282724440605, 0.16647647285293418, 0.14192325475839904], cca_probs=[0.23668328105954428, 0.2631884776424408, 0.25313390587548745, 0.2469943354225275]"
2026 05 14 18:12:20.623992,SSVEP_UPDATE,"fbcca_quad=0, fbcca_conf=0.2535, fbcca_ratio=1.1433, fbcca_consec=1, fbcca_scores=[0.07202513670787825, 0.0629956119702963, 0.0403684177607164, 0.05743903852146736], fbcca_probs=[0.25346165305101237, 0.2511833164130939, 0.24556356213554742, 0.24979146840034638], cca_quad=1, cca_conf=0.2591, cca_ratio=1.2874, cca_scores=[0.09904747302598498, 0.16153354432768005, 0.1254768089539866, 0.11626931926372797], cca_probs=[0.24338999520088314, 0.25908369252366326, 0.24990839014459076, 0.24761792213086287]"
2026 05 14 18:12:21.645358,SSVEP_UPDATE,"fbcca_quad=1, fbcca_conf=0.2680, fbcca_ratio=1.2819, fbcca_consec=1, fbcca_scores=[0.05887073658421958, 0.16496996583128776, 0.022392475383395102, 0.12868818199486415], fbcca_probs=[0.24105541763124047, 0.2680372825910056, 0.23242058447621158, 0.2584867153015423], cca_quad=1, cca_conf=0.2721, cca_ratio=1.2745, cca_scores=[0.10326165532736954, 0.23776052955886343, 0.07578920806322545, 0.18655481613972208], cca_probs=[0.23788424348416629, 0.27213086112288165, 0.23143793452455622, 0.2585469608683959]"
2026 05 14 18:12:22.659955,SSVEP_UPDATE,"fbcca_quad=1, fbcca_conf=0.3017, fbcca_ratio=1.9231, fbcca_consec=2, fbcca_scores=[0.06763036476034934, 0.35375045933393606, 0.025080539622317724, 0.1839479041289504], fbcca_probs=[0.2266059105010941, 0.3016696444955429, 0.21716612345329803, 0.25455832155006497], cca_quad=1, cca_conf=0.2901, cca_ratio=1.5078, cca_scores=[0.10579051231206582, 0.34431745963000615, 0.08137762222534925, 0.22835702689919868], cca_probs=[0.22853721791002682, 0.29010009646336904, 0.22302551595565198, 0.25833716967095205]"
2026 05 14 18:12:23.672590,SSVEP_UPDATE,"fbcca_quad=1, fbcca_conf=0.3061, fbcca_ratio=2.7061, fbcca_consec=3, fbcca_scores=[0.07985245547391906, 0.36583513368470594, 0.039862332258066666, 0.13518677449690533], fbcca_probs=[0.22995048908415336, 0.3060800592013041, 0.2209361835681854, 0.24303326814635712], cca_quad=1, cca_conf=0.2884, cca_ratio=1.7969, cca_scores=[0.12986182947637254, 0.3311403873317242, 0.09012410063558902, 0.18428272722872843], cca_probs=[0.23585262791801564, 0.2884396013193167, 0.2266641537753183, 0.24904361698734928]"
2026 05 14 18:12:24.704104,SSVEP_UPDATE,"fbcca_quad=1, fbcca_conf=0.2770, fbcca_ratio=1.6989, fbcca_consec=4, fbcca_scores=[0.03547910357588154, 0.2396137368166915, 0.14104053252708532, 0.12195710248186052], fbcca_probs=[0.2258292159075208, 0.27697123748907815, 0.2509717695080701, 0.24622777709533109], cca_quad=1, cca_conf=0.2772, cca_ratio=1.4583, cca_scores=[0.10900348085603752, 0.30482814160745636, 0.20903131397653132, 0.17348211167242947], cca_probs=[0.22788812446703843, 0.27718342942500096, 0.2518623377530131, 0.24306610835494755]"
2026 05 14 18:12:25.715774,SSVEP_UPDATE,"fbcca_quad=1, fbcca_conf=0.2756, fbcca_ratio=1.7273, fbcca_consec=5, fbcca_scores=[0.046490449652779375, 0.2352765926066186, 0.13620713201539839, 0.12475007385031353], fbcca_probs=[0.2281516117973548, 0.2755575541998582, 0.2495669096901634, 0.2467239243126236], cca_quad=1, cca_conf=0.2694, cca_ratio=1.1854, cca_scores=[0.12898484003377877, 0.2790162901541761, 0.23538085043373647, 0.16762721650583615], cca_probs=[0.23182859416396495, 0.26935487025314236, 0.25785419531804415, 0.24096234026484856]"
2026 05 14 18:12:26.747082,SSVEP_UPDATE,"fbcca_quad=1, fbcca_conf=0.2686, fbcca_ratio=1.4444, fbcca_consec=6, fbcca_scores=[0.03010620286799202, 0.1627556254094958, 0.05283391981969338, 0.11268025875761449], fbcca_probs=[0.23524337804309947, 0.2686125621589397, 0.2406511432531848, 0.25549291654477607], cca_quad=1, cca_conf=0.2742, cca_ratio=1.5065, cca_scores=[0.0687787725780617, 0.24224843747234726, 0.11880006891809408, 0.16080326522083246], cca_probs=[0.23056829413550117, 0.27424360215486415, 0.24239494543559126, 0.25279315827404336]"
2026 05 14 18:12:27.759912,SSVEP_UPDATE,"fbcca_quad=1, fbcca_conf=0.2685, fbcca_ratio=2.1698, fbcca_consec=7, fbcca_scores=[0.07680443012810026, 0.17431400135494168, 0.07603155207806463, 0.080334588777811], fbcca_probs=[0.24359433315331114, 0.268543750249049, 0.24340613717574205, 0.24445577942189778], cca_quad=1, cca_conf=0.2712, cca_ratio=1.7667, cca_scores=[0.12200698273906459, 0.23471776388996182, 0.11917034588757115, 0.13285932523466532], cca_probs=[0.2422840415198517, 0.27119050498042574, 0.24159774352842633, 0.24492770997129626]"
2026 05 14 18:12:28.778147,SSVEP_UPDATE,"fbcca_quad=1, fbcca_conf=0.2981, fbcca_ratio=3.4212, fbcca_consec=8, fbcca_scores=[0.031257985483499756, 0.3054153754393842, 0.06768306073598444, 0.08927215936761994], fbcca_probs=[0.22664181656033983, 0.298129590857206, 0.23504945667132712, 0.24017913591112705], cca_quad=1, cca_conf=0.2907, cca_ratio=2.3524, cca_scores=[0.0819695010569013, 0.31500290394265296, 0.10862582650779014, 0.1339051361459822], cca_probs=[0.23026903109449365, 0.29069707007517087, 0.23648969906157422, 0.24254419976876135]"
2026 05 14 18:12:29.788306,SSVEP_UPDATE,"fbcca_quad=1, fbcca_conf=0.3048, fbcca_ratio=1.7184, fbcca_consec=9, fbcca_scores=[0.07643608152940995, 0.384886009865581, 0.020574941828211006, 0.22397994816268577], fbcca_probs=[0.22391562584487495, 0.30481932953086965, 0.21175038905460533, 0.25951465556965], cca_quad=1, cca_conf=0.2853, cca_ratio=1.6158, cca_scores=[0.10886224887020257, 0.2878821415193175, 0.029858107639361888, 0.17816495061890128], cca_probs=[0.23855865429472242, 0.28532677508622867, 0.22043680800861892, 0.25567776261043]"
2026 05 14 18:12:29.788306,PHASE_TIMEOUT,
2026 05 14 18:12:32.789958,PHASE_SSVEP,
2026 05 14 18:12:32.842181,SSVEP_UPDATE,"fbcca_quad=3, fbcca_conf=0.2653, fbcca_ratio=3.5937, fbcca_consec=1, fbcca_scores=[0.024821327252082085, 0.018771551495548516, 0.0290190995398833, 0.10428652487835557], fbcca_probs=[0.24504500855488157, 0.24356701647105206, 0.2460758137300804, 0.265312161243986], cca_quad=3, cca_conf=0.2639, cca_ratio=1.6742, cca_scores=[0.05200792482242937, 0.031638783179236366, 0.07531574627594893, 0.12609393296022894], cca_probs=[0.24507894330201616, 0.24013739400460204, 0.25085828990827, 0.26392537278511174]"
2026 05 14 18:12:33.854468,SSVEP_UPDATE,"fbcca_quad=3, fbcca_conf=0.2579, fbcca_ratio=1.5546, fbcca_consec=2, fbcca_scores=[0.04285222567872885, 0.02414987179835409, 0.052472344274378635, 0.08157353090914438], fbcca_probs=[0.24810086626551545, 0.24350391694495135, 0.2504991433817945, 0.2578960734077387], cca_quad=2, cca_conf=0.2559, cca_ratio=1.0427, cca_scores=[0.07109677006282741, 0.058339483366067986, 0.10985876193837656, 0.10535881988520386], cca_probs=[0.24620217530512842, 0.24308125314573434, 0.2559328335494361, 0.25478373799970117]"
2026 05 14 18:12:34.875772,SSVEP_UPDATE,"fbcca_quad=1, fbcca_conf=0.2547, fbcca_ratio=1.2368, fbcca_consec=1, fbcca_scores=[0.0621938387373584, 0.07692252407695277, 0.050112966982545804, 0.043311648558037256], fbcca_probs=[0.25099617510916017, 0.2547203777730484, 0.24798216509809387, 0.2463012820196976], cca_quad=1, cca_conf=0.2541, cca_ratio=1.0112, cca_scores=[0.09432584375523528, 0.09538619413222198, 0.06976642440265707, 0.05647840857409796], cca_probs=[0.2538289816100916, 0.2540982720122905, 0.24767101674694314, 0.2444017296306747]"
2026 05 14 18:12:35.888958,SSVEP_UPDATE,"fbcca_quad=1, fbcca_conf=0.2721, fbcca_ratio=2.3549, fbcca_consec=2, fbcca_scores=[0.08081064091368237, 0.1903037939374384, 0.0652003070007086, 0.08036048946243995], fbcca_probs=[0.24391592832922976, 0.272140033514977, 0.2401378842262756, 0.24380615392951757], cca_quad=1, cca_conf=0.2585, cca_ratio=1.0961, cca_scores=[0.13856313833905265, 0.15188443540271232, 0.10491272374537058, 0.07751021131088376], cca_probs=[0.2550309099653827, 0.2584509817977309, 0.24659180020275012, 0.23992630803413628]"
2026 05 14 18:12:36.913769,SSVEP_UPDATE,"fbcca_quad=1, fbcca_conf=0.2991, fbcca_ratio=3.1883, fbcca_consec=3, fbcca_scores=[0.10503381954730363, 0.3348831028671354, 0.053938066766179224, 0.10423547784332417], fbcca_probs=[0.2376538813308114, 0.2990660997561408, 0.22581579087267692, 0.23746422804037093], cca_quad=1, cca_conf=0.2681, cca_ratio=1.1789, cca_scores=[0.1874962659525818, 0.22104081691756838, 0.07782668895518256, 0.11098923336000442], cca_probs=[0.25929641825492356, 0.2681419301078899, 0.23236334814483084, 0.24019830349235574]"
2026 05 14 18:12:37.923172,SSVEP_UPDATE,"fbcca_quad=1, fbcca_conf=0.2694, fbcca_ratio=1.2480, fbcca_consec=4, fbcca_scores=[0.07576165360618625, 0.1991316127704944, 0.056404011070507395, 0.15956679191981585], fbcca_probs=[0.23812084344660403, 0.2693867958373212, 0.23355571291364496, 0.25893664780242975], cca_quad=1, cca_conf=0.2554, cca_ratio=1.0137, cca_scores=[0.1484420351021293, 0.16608980432332943, 0.09958392647086323, 0.1638452553161673], cca_probs=[0.2509005373503607, 0.25536767368870866, 0.23893665774047462, 0.2547951312204561]"
2026 05 14 18:12:38.950523,SSVEP_UPDATE,"fbcca_quad=1, fbcca_conf=0.2678, fbcca_ratio=1.0865, fbcca_consec=5, fbcca_scores=[0.08871307151843766, 0.1979757663538902, 0.039370264528598514, 0.18222126212657466], fbcca_probs=[0.2400770337525565, 0.267795208401436, 0.228518470055438, 0.26360928779056947], cca_quad=1, cca_conf=0.2635, cca_ratio=1.0144, cca_scores=[0.1467505974087825, 0.2063552137259628, 0.05031841533519652, 0.2034171169749678], cca_probs=[0.24827504063252878, 0.2635232983256685, 0.22545148335497978, 0.2627501776868229]"
2026 05 14 18:12:39.975237,SSVEP_UPDATE,"fbcca_quad=3, fbcca_conf=0.2705, fbcca_ratio=1.2651, fbcca_consec=1, fbcca_scores=[0.031196983313513536, 0.15001431805930995, 0.06415953111216262, 0.1897888656029308], fbcca_probs=[0.2308650071379264, 0.2599919034006742, 0.23860171629248889, 0.2705413731689104], cca_quad=1, cca_conf=0.2665, cca_ratio=1.0295, cca_scores=[0.0782249886617011, 0.19845693226280375, 0.06010546120584881, 0.1927742945721963], cca_probs=[0.23634124999242023, 0.26653582937590536, 0.232097422408964, 0.26502549822271043]"
2026 05 14 18:12:40.987912,SSVEP_UPDATE,"fbcca_quad=1, fbcca_conf=0.2899, fbcca_ratio=2.3435, fbcca_consec=1, fbcca_scores=[0.028461789716637712, 0.26783957483728166, 0.050496000621038595, 0.11428853471317522], fbcca_probs=[0.22818782822370162, 0.2899031445631093, 0.23327156938833948, 0.2486374578248497], cca_quad=1, cca_conf=0.2841, cca_ratio=1.8094, cca_scores=[0.06604075332496512, 0.2660656344798049, 0.059553012715858625, 0.14704858503013352], cca_probs=[0.23259352637543773, 0.2840974432296968, 0.2310894043614938, 0.2522196260333716]"
2026 05 14 18:12:42.001865,SSVEP_UPDATE,"fbcca_quad=1, fbcca_conf=0.2989, fbcca_ratio=4.3310, fbcca_consec=2, fbcca_scores=[0.05802308976564565, 0.30671779152129125, 0.07081892538864515, 0.05276012184333119], fbcca_probs=[0.23310135330089143, 0.29891763088456597, 0.23610324479725217, 0.23187777101729054], cca_quad=1, cca_conf=0.2855, cca_ratio=2.7095, cca_scores=[0.09484090041361036, 0.2569756288865382, 0.060823942684621844, 0.0707787602213602], cca_probs=[0.24278923069262193, 0.28552466910374635, 0.23466917253037908, 0.23701692767325253]"
2026 05 14 18:12:43.031165,SSVEP_UPDATE,"fbcca_quad=1, fbcca_conf=0.3394, fbcca_ratio=3.9267, fbcca_consec=3, fbcca_scores=[0.048284510207431, 0.521147259396903, 0.13271732811673964, 0.08278738532652788], fbcca_probs=[0.21151550106297531, 0.3393937833580653, 0.2301499619158464, 0.21894075366311297], cca_quad=1, cca_conf=0.2959, cca_ratio=2.7992, cca_scores=[0.09897546827780099, 0.33311487268819284, 0.11900289589879025, 0.08628594452322001], cca_probs=[0.2341130512918197, 0.29587691149041817, 0.23884899961566303, 0.2311610376020991]"
2026 05 14 18:12:44.043229,SSVEP_UPDATE,"fbcca_quad=1, fbcca_conf=0.2839, fbcca_ratio=2.4032, fbcca_consec=4, fbcca_scores=[0.025849377069040884, 0.24682102506923198, 0.0904414316413763, 0.10270317906304019], fbcca_probs=[0.22758845321239773, 0.2838683618678228, 0.2427740129388069, 0.24576917198097262], cca_quad=1, cca_conf=0.2766, cca_ratio=1.7142, cca_scores=[0.057978424461622574, 0.2469064527429004, 0.12485821663324541, 0.14403455448843064], cca_probs=[0.2289907585462483, 0.2766103052284805, 0.24482935048377696, 0.24956958574149418]"
2026 05 14 18:12:45.066853,SSVEP_UPDATE,"fbcca_quad=1, fbcca_conf=0.2669, fbcca_ratio=2.0075, fbcca_consec=5, fbcca_scores=[0.05725143316443964, 0.1570459104664174, 0.07822855159615433, 0.07086669352629649], fbcca_probs=[0.2415545956039539, 0.2669042536693379, 0.2466752353243261, 0.24486591540238214], cca_quad=1, cca_conf=0.2679, cca_ratio=1.4239, cca_scores=[0.08126967460270784, 0.20277973823229, 0.1424104151396272, 0.1035885256588722], cca_probs=[0.23725811084888013, 0.2679120319039308, 0.25221688304509376, 0.24261297420209532]"
2026 05 14 18:12:46.087921,SSVEP_UPDATE,"fbcca_quad=1, fbcca_conf=0.2545, fbcca_ratio=1.2465, fbcca_consec=6, fbcca_scores=[0.05809831102095153, 0.08313620523404469, 0.0527101734486815, 0.06669549262124597], fbcca_probs=[0.24822429211258004, 0.2545177645521692, 0.24689042224215801, 0.2503675210930929], cca_quad=2, cca_conf=0.2548, cca_ratio=1.0772, cca_scores=[0.10584662133943645, 0.12842591986898189, 0.13833738131859957, 0.10404028379723838], cca_probs=[0.2466665615802381, 0.2522994738002593, 0.25481256393339285, 0.24622140068610976]"
2026 05 14 18:12:47.108111,SSVEP_UPDATE,"fbcca_quad=1, fbcca_conf=0.2603, fbcca_ratio=1.0481, fbcca_consec=7, fbcca_scores=[0.05012778967206479, 0.13665860390842272, 0.06465723020120993, 0.13039032872421671], fbcca_probs=[0.2387437124784255, 0.26032255495202, 0.24223784749525815, 0.25869588507429636], cca_quad=3, cca_conf=0.2563, cca_ratio=1.0468, cca_scores=[0.11516242373211154, 0.1517964347747954, 0.10944628685567694, 0.15889649920110674], cca_probs=[0.24531942913653917, 0.2544731080983389, 0.24392114988624403, 0.2562863128788778]"
2026 05 14 18:12:48.122431,SSVEP_UPDATE,"fbcca_quad=3, fbcca_conf=0.2636, fbcca_ratio=1.0264, fbcca_consec=1, fbcca_scores=[0.04301144550731074, 0.16796497385030723, 0.0885787812999286, 0.17240217437177519], fbcca_probs=[0.23159663584685944, 0.2624211742151826, 0.2423940131542351, 0.26358817678372287], cca_quad=3, cca_conf=0.2637, cca_ratio=1.1264, cca_scores=[0.09257044576040543, 0.16872444526434494, 0.09223302022470953, 0.19005946432914214], cca_probs=[0.2391663209104724, 0.25809125212581957, 0.23908563370024688, 0.26365679326346114]"
2026 05 14 18:12:49.149128,SSVEP_UPDATE,"fbcca_quad=1, fbcca_conf=0.2961, fbcca_ratio=1.6314, fbcca_consec=1, fbcca_scores=[0.039910637115179566, 0.33770905671707974, 0.0603945795708361, 0.20699936021963133], fbcca_probs=[0.2198070531025886, 0.2960559775489345, 0.22435599924792685, 0.2597809701005501], cca_quad=1, cca_conf=0.2742, cca_ratio=1.2283, cca_scores=[0.09258595024783625, 0.26159986929762796, 0.09833641932976116, 0.21298506237210305], cca_probs=[0.23159671185247663, 0.2742421477766333, 0.2329323381417735, 0.26122880222911665]"
2026 05 14 18:12:50.156984,SSVEP_UPDATE,"fbcca_quad=1, fbcca_conf=0.2814, fbcca_ratio=1.8642, fbcca_consec=2, fbcca_scores=[0.01769160749347171, 0.25691638052571947, 0.12831005326671266, 0.13781615582011345], fbcca_probs=[0.22149032196352453, 0.2813511880075659, 0.2473977440138561, 0.24976074601505352], cca_quad=1, cca_conf=0.2754, cca_ratio=1.3595, cca_scores=[0.059263161732814436, 0.2528603152351073, 0.11529720604692394, 0.18600028997335646], cca_probs=[0.22694471147042744, 0.27542175559173576, 0.24002437251343503, 0.25760916042440174]"
2026 05 14 18:12:51.186686,SSVEP_UPDATE,"fbcca_quad=1, fbcca_conf=0.2758, fbcca_ratio=2.0298, fbcca_consec=3, fbcca_scores=[0.04684371977918121, 0.20818173976167473, 0.10256200795987466, 0.07497011977433188], fbcca_probs=[0.2346917840713119, 0.2757821151651073, 0.24813957352783672, 0.24138652723574405], cca_quad=1, cca_conf=0.2737, cca_ratio=1.7670, cca_scores=[0.10331238835963741, 0.24155715059479294, 0.13670346512690018, 0.11665248336877213], cca_probs=[0.2383426120377679, 0.2736784691644968, 0.24643549154859637, 0.24154342724913896]"
2026 05 14 18:12:52.201176,SSVEP_UPDATE,"fbcca_quad=1, fbcca_conf=0.2610, fbcca_ratio=1.2610, fbcca_consec=4, fbcca_scores=[0.045971292685012904, 0.13594880620496397, 0.10781013215409575, 0.0803018123183302], fbcca_probs=[0.23850028065558668, 0.2609550057243129, 0.2537144257780489, 0.2468302878420516], cca_quad=1, cca_conf=0.2611, cca_ratio=1.0118, cca_scores=[0.10854808503619943, 0.19526430711231585, 0.1929872430661061, 0.10749176013099045], cca_probs=[0.23936970946792055, 0.2610535295427442, 0.26045977020705846, 0.23911699078227686]"
2026 05 14 18:12:53.223049,SSVEP_UPDATE,"fbcca_quad=1, fbcca_conf=0.2683, fbcca_ratio=1.5436, fbcca_consec=5, fbcca_scores=[0.05449218653751921, 0.17253067541653597, 0.06409823693456977, 0.11177457979142288], fbcca_probs=[0.23844185488575795, 0.26831562008240717, 0.2407433759261672, 0.25249914910566756], cca_quad=1, cca_conf=0.2649, cca_ratio=1.5019, cca_scores=[0.14674465338932394, 0.2203932002808024, 0.13644718755417007, 0.1437286544193171], cca_probs=[0.2461131145984386, 0.2649231522926007, 0.2435917771819477, 0.24537195592701294]"
2026 05 14 18:12:54.253713,SSVEP_UPDATE,"fbcca_quad=1, fbcca_conf=0.2720, fbcca_ratio=1.8851, fbcca_consec=6, fbcca_scores=[0.06667647198024337, 0.18120818392209748, 0.03690701471746194, 0.09612671493100912], fbcca_probs=[0.24260623067169224, 0.2720460602251019, 0.2354904173141077, 0.24985729178909818], cca_quad=1, cca_conf=0.2650, cca_ratio=1.6986, cca_scores=[0.08638510001568946, 0.15755393679406726, 0.05835660856019665, 0.09275552368667217], cca_probs=[0.24676041078482666, 0.2649620758731633, 0.23994011649372418, 0.24833739684828593]"
2026 05 14 18:12:55.269491,SSVEP_UPDATE,"fbcca_quad=1, fbcca_conf=0.2791, fbcca_ratio=1.5896, fbcca_consec=7, fbcca_scores=[0.06505919381503737, 0.23692145952033347, 0.0452412155684438, 0.14904405275935292], fbcca_probs=[0.2349898034397254, 0.2790537426591761, 0.23037862367705172, 0.2555778302240469], cca_quad=1, cca_conf=0.2655, cca_ratio=1.2172, cca_scores=[0.08137651629826262, 0.16842009671896446, 0.04025813797528634, 0.13836978985809215], cca_probs=[0.24334995002120674, 0.26548122201898294, 0.23354672229591364, 0.25762210566389665]"
2026 05 14 18:12:56.285506,SSVEP_UPDATE,"fbcca_quad=1, fbcca_conf=0.2825, fbcca_ratio=1.3692, fbcca_consec=8, fbcca_scores=[0.06925685442517712, 0.3125843549607751, 0.13367826461175622, 0.2282975886847447], fbcca_probs=[0.22151270542107332, 0.2825364162033443, 0.23625254973487567, 0.2596983286407067], cca_quad=1, cca_conf=0.2633, cca_ratio=1.0655, cca_scores=[0.08321839936773483, 0.1765838203593053, 0.06823623103701887, 0.16573020858200654], cca_probs=[0.23986545380450122, 0.2633393693165682, 0.2362985360008998, 0.2604966408780308]"
2026 05 14 18:12:57.311868,SSVEP_UPDATE,"fbcca_quad=1, fbcca_conf=0.2858, fbcca_ratio=1.6355, fbcca_consec=9, fbcca_scores=[0.07700624097395505, 0.29311197008335155, 0.07179803083020188, 0.17922118437330326], fbcca_probs=[0.23022057311586192, 0.2857575122791364, 0.22902465299662897, 0.25499726160837277], cca_quad=1, cca_conf=0.2695, cca_ratio=1.1974, cca_scores=[0.11256198157086922, 0.23759764152761859, 0.09380128646135673, 0.19842478406227], cca_probs=[0.23785399337879362, 0.2695334960343865, 0.23343328457345128, 0.2591792260133686]"
2026 05 14 18:12:58.323875,SSVEP_UPDATE,"fbcca_quad=1, fbcca_conf=0.2931, fbcca_ratio=2.0040, fbcca_consec=10, fbcca_scores=[0.10003983222628757, 0.3280704317956125, 0.06355721775210507, 0.16370663953376738], fbcca_probs=[0.2333158266121566, 0.2930735537859676, 0.22495725362836574, 0.2486533659735101], cca_quad=1, cca_conf=0.2738, cca_ratio=1.3941, cca_scores=[0.1556885918965967, 0.27082608626025484, 0.09100701958236229, 0.19425997814661547], cca_probs=[0.24397869618546694, 0.2737508551960751, 0.22869730991449108, 0.2535731387039668]"
2026 05 14 18:12:59.354363,SSVEP_UPDATE,"fbcca_quad=1, fbcca_conf=0.2908, fbcca_ratio=1.5038, fbcca_consec=11, fbcca_scores=[0.10784983899039989, 0.3493642834759506, 0.08017040504635746, 0.2323276233356129], fbcca_probs=[0.2283922210032963, 0.2907834590026551, 0.2221571433972636, 0.258667176596785], cca_quad=1, cca_conf=0.2752, cca_ratio=1.3691, cca_scores=[0.1783454998107801, 0.29560561337484165, 0.09900565272896215, 0.2159104705431303], cca_probs=[0.24471313995653493, 0.2751583584393438, 0.22604787658965025, 0.254080625014471]"
2026 05 14 18:13:00.369340,SSVEP_UPDATE,"fbcca_quad=1, fbcca_conf=0.2671, fbcca_ratio=1.7423, fbcca_consec=12, fbcca_scores=[0.10746353852161311, 0.1906407989177803, 0.08764366896095453, 0.10941772696239015], fbcca_probs=[0.24575665630937008, 0.2670722189408621, 0.24093374406336815, 0.24623738068639964], cca_quad=1, cca_conf=0.2621, cca_ratio=1.2527, cca_scores=[0.16365202315511546, 0.20765951370231356, 0.10114553378581695, 0.1657683303481563], cca_probs=[0.2508456195729664, 0.262131209753654, 0.2356461225767094, 0.2513770480966702]"
2026 05 14 18:13:01.384688,SSVEP_UPDATE,"fbcca_quad=1, fbcca_conf=0.2771, fbcca_ratio=1.5787, fbcca_consec=13, fbcca_scores=[0.11512330101978405, 0.25411210752265445, 0.06434557055226829, 0.1609601231142999], fbcca_probs=[0.24116697526446548, 0.27712768135610344, 0.2292267770973101, 0.252478566282121], cca_quad=1, cca_conf=0.2633, cca_ratio=1.3383, cca_scores=[0.15529786257817024, 0.20900860410027874, 0.1050463605212022, 0.1561776261473534], cca_probs=[0.2495601684498269, 0.2633307334453168, 0.23732927910439905, 0.2497798190004573]"
2026 05 14 18:13:02.401814,SSVEP_UPDATE,"fbcca_quad=1, fbcca_conf=0.2764, fbcca_ratio=1.5970, fbcca_consec=14, fbcca_scores=[0.13236411483915397, 0.25943610218608393, 0.07264262369156962, 0.16245532483702163], fbcca_probs=[0.2434230652546693, 0.27640658787144273, 0.22931106578230817, 0.25085928109157973], cca_quad=1, cca_conf=0.2599, cca_ratio=1.2368, cca_scores=[0.1427780971871641, 0.19301524064784442, 0.12297400877621426, 0.1560543731379684], cca_probs=[0.24720192454230183, 0.259937873498244, 0.24235447387468878, 0.2505057280847655]"
2026 05 14 18:13:03.430322,SSVEP_UPDATE,"fbcca_quad=1, fbcca_conf=0.2780, fbcca_ratio=2.5104, fbcca_consec=15, fbcca_scores=[0.06661333047142458, 0.20425224683050228, 0.08136351379145576, 0.03166044669776424], fbcca_probs=[0.24224386458675137, 0.2779896381143306, 0.24584348828899114, 0.2339230090099269], cca_quad=1, cca_conf=0.2630, cca_ratio=1.2773, cca_scores=[0.1018035282761291, 0.16225172743319302, 0.1270258320248894, 0.05125575704324062], cca_probs=[0.2476127557779775, 0.2630421423259972, 0.25393754752845016, 0.23540755436757518]"
2026 05 14 18:13:03.430322,PHASE_TIMEOUT,
2026 05 14 18:13:06.432041,PHASE_SSVEP,
2026 05 14 18:13:06.546298,SSVEP_UPDATE,"fbcca_quad=0, fbcca_conf=0.2595, fbcca_ratio=1.3434, fbcca_consec=1, fbcca_scores=[0.09140090125770452, 0.06803773203071929, 0.022991721714505024, 0.03326249522602092], fbcca_probs=[0.2594501299569301, 0.25345881325912095, 0.24229483890550352, 0.24479621787844547], cca_quad=1, cca_conf=0.2541, cca_ratio=1.0420, cca_scores=[0.07464332871093993, 0.07778173303132659, 0.05428064702697811, 0.038359462083491926], cca_probs=[0.25333431820722524, 0.25413063265072033, 0.24822791856260662, 0.24430713057944778]"
2026 05 14 18:13:07.570079,SSVEP_UPDATE,"fbcca_quad=0, fbcca_conf=0.2590, fbcca_ratio=1.2348, fbcca_consec=2, fbcca_scores=[0.09464182658895667, 0.07664334359365146, 0.02590293861835904, 0.03809169728633654], fbcca_probs=[0.2590168930247114, 0.2543966849720628, 0.24181050824092093, 0.24477591376230481], cca_quad=0, cca_conf=0.2532, cca_ratio=1.0119, cca_scores=[0.061882456321353675, 0.06115562249075154, 0.043930233512630576, 0.028638095596412807], cca_probs=[0.2532425461344624, 0.2530585477608057, 0.24873684421236542, 0.24496206189236655]"
2026 05 14 18:13:08.601639,SSVEP_UPDATE,"fbcca_quad=0, fbcca_conf=0.2663, fbcca_ratio=2.1531, fbcca_consec=3, fbcca_scores=[0.12567975531175202, 0.05837126169456138, 0.04344642500154179, 0.019558675392611267], fbcca_probs=[0.2662917619803949, 0.24895796416901259, 0.245269897565958, 0.23948037628463453], cca_quad=0, cca_conf=0.2572, cca_ratio=1.4471, cca_scores=[0.08166218236469963, 0.052887614811924055, 0.05643293971276912, 0.02139007474672704], cca_probs=[0.25718642260514846, 0.24989145264838017, 0.2507789713794654, 0.24214315336700593]"
2026 05 14 18:13:09.628264,SSVEP_UPDATE,"fbcca_quad=1, fbcca_conf=0.2617, fbcca_ratio=1.3213, fbcca_consec=1, fbcca_scores=[0.09596960862335208, 0.12680147632704336, 0.0579611541146813, 0.04069256285151454], fbcca_probs=[0.2537916563127553, 0.26173840411536214, 0.2443264461537116, 0.24014349341817093], cca_quad=1, cca_conf=0.2548, cca_ratio=1.1907, cca_scores=[0.06826639775221656, 0.08128674453612533, 0.06639496143025331, 0.03280751497379865], cca_probs=[0.25148386719688937, 0.254779684136732, 0.2510136712615348, 0.24272277740484385]"
2026 05 14 18:13:10.641498,SSVEP_UPDATE,"fbcca_quad=1, fbcca_conf=0.2662, fbcca_ratio=1.3637, fbcca_consec=2, fbcca_scores=[0.02897912232671174, 0.13866543190008898, 0.10168271105152225, 0.02936376342442845], fbcca_probs=[0.23856530261096992, 0.26622169138136353, 0.2565559237268384, 0.23865708228082824], cca_quad=1, cca_conf=0.2619, cca_ratio=1.3264, cca_scores=[0.054668738026898984, 0.1357795722192226, 0.10236943922210608, 0.06179915502682575], cca_probs=[0.24151651070784896, 0.26192250361238784, 0.25331620722583964, 0.2432447784539236]"
2026 05 14 18:13:11.658796,SSVEP_UPDATE,"fbcca_quad=1, fbcca_conf=0.2649, fbcca_ratio=1.4464, fbcca_consec=3, fbcca_scores=[0.031618323614914845, 0.12302309479484576, 0.08505312217244583, 0.016628206818839725], fbcca_probs=[0.24179573100865667, 0.26493858758149713, 0.25506746569826094, 0.23819821571158534], cca_quad=1, cca_conf=0.2646, cca_ratio=1.3935, cca_scores=[0.07310840067914559, 0.15878573143770738, 0.11394851525567556, 0.05969489426857375], cca_probs=[0.24284715950281102, 0.264570988542465, 0.2529703749446619, 0.239611477010062]"
2026 05 14 18:13:12.677813,SSVEP_UPDATE,"fbcca_quad=1, fbcca_conf=0.2744, fbcca_ratio=1.7415, fbcca_consec=4, fbcca_scores=[0.1295347597067511, 0.22558258577116563, 0.1218798952381712, 0.045176498962612735], fbcca_probs=[0.249234352779551, 0.274360094130527, 0.24733378117775415, 0.22907177191216785], cca_quad=1, cca_conf=0.2712, cca_ratio=1.3597, cca_scores=[0.17669419978232553, 0.24024624162061006, 0.12320826277017691, 0.08867687062435023], cca_probs=[0.2544996026077575, 0.27119857899674654, 0.24124507789774488, 0.23305674049775105]"
2026 05 14 18:13:13.686917,SSVEP_UPDATE,"fbcca_quad=1, fbcca_conf=0.2641, fbcca_ratio=1.1604, fbcca_consec=5, fbcca_scores=[0.16452212085202933, 0.1909054174810854, 0.14600608839899376, 0.03643553551587228], fbcca_probs=[0.2571906683168103, 0.2640665108668954, 0.2524723347675781, 0.2262704860487162], cca_quad=1, cca_conf=0.2643, cca_ratio=1.1001, cca_scores=[0.2006694580782803, 0.2207588602420812, 0.1829305316147669, 0.04662199590394992], cca_probs=[0.2590712926863355, 0.26432851044552746, 0.2545161670419547, 0.2220840298261824]"
2026 05 14 18:13:14.719617,SSVEP_UPDATE,"fbcca_quad=1, fbcca_conf=0.2684, fbcca_ratio=1.9318, fbcca_consec=6, fbcca_scores=[0.09123527343713496, 0.1793845200475854, 0.09286112538501701, 0.0658155403580661], fbcca_probs=[0.24578002383220798, 0.26842892577447897, 0.24617995078561714, 0.23961109960769597], cca_quad=1, cca_conf=0.2675, cca_ratio=1.5976, cca_scores=[0.12030402364911394, 0.19220022558302363, 0.09878827099318217, 0.08314315622602143], cca_probs=[0.24895569394744554, 0.2675137980796926, 0.24365643798388792, 0.2398740699889739]"
2026 05 14 18:13:15.736301,SSVEP_UPDATE,"fbcca_quad=1, fbcca_conf=0.2742, fbcca_ratio=1.8068, fbcca_consec=7, fbcca_scores=[0.10887061619377161, 0.22688743546231105, 0.06957638813242456, 0.125574274607837], fbcca_probs=[0.24368996761035486, 0.2742153131150532, 0.23430005136853596, 0.24779466790605592], cca_quad=1, cca_conf=0.2674, cca_ratio=1.6817, cca_scores=[0.12121686802040464, 0.20384849613027206, 0.09710775158105824, 0.1207311115307339], cca_probs=[0.24619413539108265, 0.26740169970710514, 0.24032959086851094, 0.24607457403330124]"
2026 05 14 18:13:16.751880,SSVEP_UPDATE,"fbcca_quad=1, fbcca_conf=0.2682, fbcca_ratio=1.4669, fbcca_consec=8, fbcca_scores=[0.07599464356399978, 0.1790131152517118, 0.0535266256985217, 0.12203587290550046], fbcca_probs=[0.24193088082734585, 0.26818325673892, 0.2365557834821202, 0.2533300789516139], cca_quad=1, cca_conf=0.2672, cca_ratio=1.4046, cca_scores=[0.12004769208235905, 0.2005426079714573, 0.06800158948866025, 0.1427718567933291], cca_probs=[0.24654268489379463, 0.26720871529432944, 0.23403929761125922, 0.25220930220061666]"
2026 05 14 18:13:17.770541,SSVEP_UPDATE,"fbcca_quad=1, fbcca_conf=0.2682, fbcca_ratio=1.3301, fbcca_consec=9, fbcca_scores=[0.10368758316685012, 0.18818942920764697, 0.031788362350948965, 0.14148909222514244], fbcca_probs=[0.24646783213770518, 0.2682000970168466, 0.22936904708841996, 0.25596302375702834], cca_quad=1, cca_conf=0.2613, cca_ratio=1.1666, cca_scores=[0.1739768082868868, 0.20296553736742037, 0.10370922605822785, 0.152202600848535], cca_probs=[0.2538059153471738, 0.2612711066994561, 0.2365837528469425, 0.2483392251064277]"
2026 05 14 18:13:18.781156,SSVEP_UPDATE,"fbcca_quad=1, fbcca_conf=0.2909, fbcca_ratio=2.8754, fbcca_consec=10, fbcca_scores=[0.0724395501221258, 0.28505103984913654, 0.059824306559252166, 0.09913350179784179], fbcca_probs=[0.2352154488874518, 0.2909389314649811, 0.2322667868599597, 0.24157883278760744], cca_quad=1, cca_conf=0.2741, cca_ratio=1.7781, cca_scores=[0.14201015769604797, 0.2525141813102431, 0.10739554895348255, 0.1330892037330705], cca_probs=[0.24546279293573692, 0.2741428725334188, 0.23711156546642018, 0.24328276906442411]"
2026 05 14 18:13:19.811846,SSVEP_UPDATE,"fbcca_quad=1, fbcca_conf=0.2890, fbcca_ratio=3.0447, fbcca_consec=11, fbcca_scores=[0.036401021643162015, 0.24558437760942264, 0.02360100917865562, 0.08066093968115022], fbcca_probs=[0.23445523380681071, 0.2890061664315352, 0.23147332881515634, 0.24506527094649777], cca_quad=1, cca_conf=0.2678, cca_ratio=1.8192, cca_scores=[0.09587757660613946, 0.17442182830443878, 0.07823189769704167, 0.06987896885802819], cca_probs=[0.2476132090962286, 0.26784598691108263, 0.24328222982713318, 0.24125857416555563]"
2026 05 14 18:13:20.840820,SSVEP_UPDATE,"fbcca_quad=1, fbcca_conf=0.2987, fbcca_ratio=3.1390, fbcca_consec=12, fbcca_scores=[0.08730140939988802, 0.3213103012917882, 0.037530584589718814, 0.10235926183926258], fbcca_probs=[0.23639125288115168, 0.2987171608582573, 0.22491385420444435, 0.23997773205614675], cca_quad=1, cca_conf=0.2782, cca_ratio=1.9202, cca_scores=[0.13790360181082648, 0.26479667101363297, 0.08287711567119097, 0.13763924517463677], cca_probs=[0.24500848074469772, 0.27815705339254543, 0.23189074617548192, 0.2449437196872749]"
2026 05 14 18:13:21.854132,SSVEP_UPDATE,"fbcca_quad=1, fbcca_conf=0.3027, fbcca_ratio=3.7654, fbcca_consec=13, fbcca_scores=[0.06257918629720381, 0.32258405932011636, 0.02639166975888958, 0.08566984708295088], fbcca_probs=[0.23338556490686047, 0.30268623591456373, 0.22509090760105743, 0.23883729157751837], cca_quad=1, cca_conf=0.2785, cca_ratio=2.3399, cca_scores=[0.09753645277509986, 0.2282246256201466, 0.05655629235346182, 0.0907058818108557], cca_probs=[0.24434027051231283, 0.27845319325478357, 0.23452956217851392, 0.24267697405438965]"
2026 05 14 18:13:21.854132,SSVEP_CONFIRMED,"fbcca_quad=1, fbcca_conf=0.3027, fbcca_ratio=3.7654, fbcca_consec=13, fbcca_scores=[0.06257918629720381, 0.32258405932011636, 0.02639166975888958, 0.08566984708295088], fbcca_probs=[0.23338556490686047, 0.30268623591456373, 0.22509090760105743, 0.23883729157751837], cca_quad=1, cca_conf=0.2785, cca_ratio=2.3399, cca_scores=[0.09753645277509986, 0.2282246256201466, 0.05655629235346182, 0.0907058818108557], cca_probs=[0.24434027051231283, 0.27845319325478357, 0.23452956217851392, 0.24267697405438965]"
2026 05 14 18:13:21.854132,SELECTION,"quad=1, result=navigate, output='Make '"
2026 05 14 18:13:24.864800,PHASE_SSVEP,
2026 05 14 18:13:24.981832,SSVEP_UPDATE,"fbcca_quad=0, fbcca_conf=0.2589, fbcca_ratio=1.4503, fbcca_consec=1, fbcca_scores=[0.10735941318592859, 0.07402545088042767, 0.060090702255801355, 0.046752031489208576], fbcca_probs=[0.2589171555676555, 0.25042868404331886, 0.24696322451242161, 0.24369093587660406], cca_quad=0, cca_conf=0.2595, cca_ratio=1.4760, cca_scores=[0.12166617499042266, 0.08243160181155938, 0.06643132783579825, 0.06574886466970598], cca_probs=[0.2595107204964348, 0.24952608047705374, 0.24556536558481512, 0.24539783344169636]"
2026 05 14 18:13:26.003400,SSVEP_UPDATE,"fbcca_quad=0, fbcca_conf=0.2570, fbcca_ratio=1.8004, fbcca_consec=2, fbcca_scores=[0.0791895353041305, 0.043983288758136944, 0.04221695241511467, 0.0404892791328606], fbcca_probs=[0.25699357435409703, 0.24810321163203364, 0.24766536471880335, 0.24723784929506593], cca_quad=0, cca_conf=0.2580, cca_ratio=1.5728, cca_scores=[0.10624984579676573, 0.06755412580072487, 0.05937138173493102, 0.06528913314719001], cca_probs=[0.25799037498430416, 0.24819793627442224, 0.24617528279803474, 0.24763640594323874]"
2026 05 14 18:13:27.035228,SSVEP_UPDATE,"fbcca_quad=1, fbcca_conf=0.2625, fbcca_ratio=1.8590, fbcca_consec=1, fbcca_scores=[0.03983644198454451, 0.11557585655954185, 0.06217124967299042, 0.04792406658208973], fbcca_probs=[0.24334523994397692, 0.26249199599753575, 0.24884145910137592, 0.24532130495711144], cca_quad=1, cca_conf=0.2601, cca_ratio=1.5735, cca_scores=[0.062349652568051035, 0.12441682725944087, 0.0718882042878852, 0.0790717249664026], cca_probs=[0.2444700462381124, 0.2601243968004663, 0.24681309329090265, 0.2485924636705187]"
2026 05 14 18:13:28.054471,SSVEP_UPDATE,"fbcca_quad=1, fbcca_conf=0.2613, fbcca_ratio=1.4111, fbcca_consec=2, fbcca_scores=[0.03381317227623997, 0.09371008475078568, 0.06641077955772937, 0.002456904897873464], fbcca_probs=[0.24606347275780172, 0.26125225490740805, 0.25421671941546403, 0.23846755291932611], cca_quad=1, cca_conf=0.2626, cca_ratio=1.1907, cca_scores=[0.04654431127909561, 0.11908606707662145, 0.10001690278901362, 0.010543269679611425], cca_probs=[0.24421186924216537, 0.2625858092219767, 0.25762595769438035, 0.2355763638414776]"
2026 05 14 18:13:29.066704,SSVEP_UPDATE,"fbcca_quad=1, fbcca_conf=0.2572, fbcca_ratio=1.0308, fbcca_consec=3, fbcca_scores=[0.0226301951350015, 0.08375596300390248, 0.08125125604650382, 0.03305013777540837], fbcca_probs=[0.24190346864295756, 0.257151273492701, 0.25650799086242554, 0.2444372670019159], cca_quad=2, cca_conf=0.2621, cca_ratio=1.2723, cca_scores=[0.07494315972180646, 0.12158032896129742, 0.15468949496937479, 0.07581683136314347], cca_probs=[0.24203533410334427, 0.2535905335084031, 0.26212724647734975, 0.24224688591090285]"
2026 05 14 18:13:30.089981,SSVEP_UPDATE,"fbcca_quad=2, fbcca_conf=0.2663, fbcca_ratio=1.7072, fbcca_consec=1, fbcca_scores=[0.019202728063084068, 0.07793576829415565, 0.1330481618709777, 0.04518564350051307], fbcca_probs=[0.23767679021561477, 0.25205435700397033, 0.26633559800895185, 0.24393325477146302], cca_quad=2, cca_conf=0.2730, cca_ratio=1.5631, cca_scores=[0.06392989241545446, 0.14033665337397994, 0.21936484497543599, 0.09520850986902746], cca_probs=[0.23368087153891956, 0.25223549337409235, 0.27297803668852166, 0.24110559839846646]"
2026 05 14 18:13:31.103973,SSVEP_UPDATE,"fbcca_quad=1, fbcca_conf=0.2616, fbcca_ratio=1.3060, fbcca_consec=1, fbcca_scores=[0.020478796730727257, 0.13789426374365849, 0.10558743701392538, 0.1021072911436079], fbcca_probs=[0.23264067044954118, 0.26162457159107744, 0.25330738621794535, 0.2524273717414361], cca_quad=1, cca_conf=0.2637, cca_ratio=1.3055, cca_scores=[0.0683756945596348, 0.17953412292827592, 0.13752258592178992, 0.11599609353984862], cca_probs=[0.23596380969904682, 0.26370653444645925, 0.25285730958695796, 0.24747234626753606]"
2026 05 14 18:13:32.120511,SSVEP_UPDATE,"fbcca_quad=1, fbcca_conf=0.2623, fbcca_ratio=1.0828, fbcca_consec=2, fbcca_scores=[0.037317628953307154, 0.12879811380895317, 0.11895258275342858, 0.0338466912466853], fbcca_probs=[0.23938391514785054, 0.262315791108878, 0.25974582494184356, 0.23855446880142792], cca_quad=1, cca_conf=0.2669, cca_ratio=1.6190, cca_scores=[0.10622203847753767, 0.19114671003690026, 0.11806256447278755, 0.08450438884744498], cca_probs=[0.24515437415968835, 0.2668836464372821, 0.24807438401115608, 0.2398875953918736]"
2026 05 14 18:13:33.131373,SSVEP_UPDATE,"fbcca_quad=1, fbcca_conf=0.2589, fbcca_ratio=1.2267, fbcca_consec=3, fbcca_scores=[0.05897769139872428, 0.13671297426421747, 0.11144765320507424, 0.09863644244268821], fbcca_probs=[0.239511603117663, 0.2588728839857714, 0.25241430998944236, 0.2492012029071233], cca_quad=1, cca_conf=0.2645, cca_ratio=1.4230, cca_scores=[0.11933670374555037, 0.20604818239589393, 0.12690185488645064, 0.1447964947130654], cca_probs=[0.24248523249311685, 0.2644500245213914, 0.24432662635566585, 0.2487381166298258]"
2026 05 14 18:13:34.148117,SSVEP_UPDATE,"fbcca_quad=2, fbcca_conf=0.2551, fbcca_ratio=1.2113, fbcca_consec=1, fbcca_scores=[0.06870351593672962, 0.06376507668629308, 0.09825580016614198, 0.0811134878615865], fbcca_probs=[0.24767468661263858, 0.24645457542112037, 0.2551032644394262, 0.25076747352681483], cca_quad=1, cca_conf=0.2537, cca_ratio=1.0890, cca_scores=[0.12141207525997066, 0.14527364414968724, 0.12273760210620396, 0.1334022701482994], cca_probs=[0.24767573012960142, 0.253656735934109, 0.24800424864100062, 0.25066328529528903]"
2026 05 14 18:13:35.167543,SSVEP_UPDATE,"fbcca_quad=3, fbcca_conf=0.2585, fbcca_ratio=1.2178, fbcca_consec=1, fbcca_scores=[0.06355119833803194, 0.1014506557565846, 0.07041739920218228, 0.12354834854828427], fbcca_probs=[0.24346597287102842, 0.252870284654944, 0.24514341136898743, 0.25852033110504014], cca_quad=1, cca_conf=0.2580, cca_ratio=1.1489, cca_scores=[0.14364092674593984, 0.1933786490383545, 0.1408706132110968, 0.16831686719187203], cca_probs=[0.2455065043331379, 0.2580262085797245, 0.24482731555859644, 0.2516399715285412]"
2026 05 14 18:13:36.194584,SSVEP_UPDATE,"fbcca_quad=1, fbcca_conf=0.2659, fbcca_ratio=1.0132, fbcca_consec=1, fbcca_scores=[0.05690762829749442, 0.20573757634621298, 0.10169169186311931, 0.20304899906372692], fbcca_probs=[0.22916661048665574, 0.265942266973601, 0.23966290158950154, 0.2652282209502418], cca_quad=1, cca_conf=0.2644, cca_ratio=1.1924, cca_scores=[0.12462927703155048, 0.24289053011691303, 0.17260508569495267, 0.20369357102448318], cca_probs=[0.2349095678323026, 0.26439967411550447, 0.24645426309445492, 0.25423649495773804]"
2026 05 14 18:13:37.201588,SSVEP_UPDATE,"fbcca_quad=1, fbcca_conf=0.2692, fbcca_ratio=1.3579, fbcca_consec=2, fbcca_scores=[0.13760668240131368, 0.18685880481600012, 0.03421839646824507, 0.08702100179820413], fbcca_probs=[0.2562174759197984, 0.26915265829062157, 0.23105096484556412, 0.2435789009440159], cca_quad=1, cca_conf=0.2647, cca_ratio=1.0823, cca_scores=[0.19725521372613414, 0.21349331406706812, 0.0802781972402503, 0.12890031670558638], cca_probs=[0.26042309178328904, 0.26468638832026914, 0.23167385102628596, 0.2432166688701559]"
2026 05 14 18:13:38.236344,SSVEP_UPDATE,"fbcca_quad=1, fbcca_conf=0.2824, fbcca_ratio=3.1666, fbcca_consec=3, fbcca_scores=[0.05390572459842515, 0.2210783770654797, 0.04120608163202612, 0.06981478950735132], fbcca_probs=[0.23892720190982128, 0.2824019931471408, 0.23591209764755086, 0.24275870729548696], cca_quad=1, cca_conf=0.2738, cca_ratio=1.8591, cca_scores=[0.12889829740582226, 0.24777632404860064, 0.11122482734161748, 0.13327692862116503], cca_probs=[0.24312547164771417, 0.2738158173622188, 0.2388663485067653, 0.24419236248330187]"
2026 05 14 18:13:39.252527,SSVEP_UPDATE,"fbcca_quad=1, fbcca_conf=0.2814, fbcca_ratio=2.6842, fbcca_consec=4, fbcca_scores=[0.08732362665525946, 0.23439188896531532, 0.04774538935381326, 0.08387673714533112], fbcca_probs=[0.24294329701500053, 0.2814335415368485, 0.23351582158150566, 0.2421073398666452], cca_quad=1, cca_conf=0.2749, cca_ratio=1.6822, cca_scores=[0.14981141933091766, 0.25201918720407096, 0.07857633205826813, 0.1394162809051728], cca_probs=[0.24823041368244328, 0.27494337575864747, 0.23116282098691399, 0.24566338957199532]"
2026 05 14 18:13:40.272391,SSVEP_UPDATE,"fbcca_quad=1, fbcca_conf=0.2891, fbcca_ratio=1.6231, fbcca_consec=5, fbcca_scores=[0.036787699165479776, 0.2866599640951966, 0.043113081025987675, 0.17661363006166517], fbcca_probs=[0.22521100088955057, 0.2891397136192896, 0.22664006138124307, 0.2590092241099169], cca_quad=1, cca_conf=0.2834, cca_ratio=1.4418, cca_scores=[0.08424482714275422, 0.2983832226833736, 0.08610219129145082, 0.2069514441862594], cca_probs=[0.2287698248738198, 0.283398706225114, 0.22919512859451782, 0.2586363403065483]"
2026 05 14 18:13:41.288134,SSVEP_UPDATE,"fbcca_quad=3, fbcca_conf=0.2757, fbcca_ratio=1.7449, fbcca_consec=1, fbcca_scores=[0.032882631639262735, 0.10476813844303162, 0.010871704814408842, 0.18281482129905968], fbcca_probs=[0.23727509574064576, 0.25495975682231087, 0.23210950919531734, 0.27565563824172595], cca_quad=3, cca_conf=0.2692, cca_ratio=1.2120, cca_scores=[0.06038712784525256, 0.14689221255263363, 0.023640096866284908, 0.17803665428945736], cca_probs=[0.23928444358513665, 0.2609054469611207, 0.2306510480336527, 0.26915906142008994]"
2026 05 14 18:13:42.301942,SSVEP_UPDATE,"fbcca_quad=1, fbcca_conf=0.2665, fbcca_ratio=1.2066, fbcca_consec=1, fbcca_scores=[0.07427352850434132, 0.1668988375339532, 0.02597424532690622, 0.13832254145056036], fbcca_probs=[0.24295173755726532, 0.266530350258538, 0.23149621640316595, 0.2590216957810308], cca_quad=1, cca_conf=0.2741, cca_ratio=1.4394, cca_scores=[0.08963138726824503, 0.21905208535205645, 0.03852587414515007, 0.15218744709907903], cca_probs=[0.24079550780680228, 0.2740659459439305, 0.22879869249056906, 0.25633985375869817]"
2026 05 14 18:13:43.334257,SSVEP_UPDATE,"fbcca_quad=1, fbcca_conf=0.2705, fbcca_ratio=1.3650, fbcca_consec=2, fbcca_scores=[0.12875577278768144, 0.21715200285827765, 0.040352196533747366, 0.15908410478349816], fbcca_probs=[0.2476102405891637, 0.2704945984789746, 0.22666027784076656, 0.25523488309109515], cca_quad=1, cca_conf=0.2669, cca_ratio=1.3490, cca_scores=[0.14722992555800637, 0.19861346537044014, 0.03730467234688164, 0.14353152838626046], cca_probs=[0.2534895298707614, 0.2668551654456405, 0.22710154827557746, 0.25255375640802075]"
2026 05 14 18:13:44.350565,SSVEP_UPDATE,"fbcca_quad=1, fbcca_conf=0.2746, fbcca_ratio=1.5576, fbcca_consec=3, fbcca_scores=[0.12587189871830007, 0.25241109405494844, 0.08634719910678415, 0.16205010117470683], fbcca_probs=[0.24195612379876386, 0.2745945369161094, 0.23257940729982876, 0.250869931985298], cca_quad=1, cca_conf=0.2630, cca_ratio=1.3506, cca_scores=[0.12940463711021408, 0.1764275995190793, 0.06319503301984991, 0.13062989200865033], cca_probs=[0.2509217138310632, 0.2630026099264497, 0.23484633092742296, 0.25122934531506413]"
2026 05 14 18:13:45.366288,SSVEP_UPDATE,"fbcca_quad=1, fbcca_conf=0.2723, fbcca_ratio=1.4971, fbcca_consec=4, fbcca_scores=[0.08542172322262728, 0.2363660263004344, 0.11769639471984458, 0.15787753142791502], fbcca_probs=[0.23414387487744587, 0.27229337766737294, 0.24182406262697478, 0.2517386848282064], cca_quad=1, cca_conf=0.2654, cca_ratio=1.5902, cca_scores=[0.10833009108556957, 0.1899959057351298, 0.09986318485179538, 0.11947978684962439], cca_probs=[0.2446259321904409, 0.26544191770688524, 0.24256345109857516, 0.24736869900409858]"
2026 05 14 18:13:46.392618,SSVEP_UPDATE,"fbcca_quad=1, fbcca_conf=0.2552, fbcca_ratio=1.1434, fbcca_consec=5, fbcca_scores=[0.09529300118755024, 0.1089600838995179, 0.08737488610826921, 0.06076397709473255], fbcca_probs=[0.2517664972778797, 0.2552310319331693, 0.2497808528343411, 0.24322161795460992], cca_quad=1, cca_conf=0.2551, cca_ratio=1.1333, cca_scores=[0.09552996059503817, 0.10826497089233449, 0.08858995438752411, 0.05979238231702057], cca_probs=[0.2518388051179557, 0.2550664835312194, 0.2500970929842547, 0.24299761836657008]"
2026 05 14 18:13:47.404609,SSVEP_UPDATE,"fbcca_quad=1, fbcca_conf=0.2661, fbcca_ratio=1.8984, fbcca_consec=6, fbcca_scores=[0.07364241745234235, 0.13979991830548985, 0.03237298163614513, 0.060848988404056184], fbcca_probs=[0.24905027240933214, 0.2660840600714511, 0.23898130748099267, 0.24588436003822406], cca_quad=1, cca_conf=0.2726, cca_ratio=1.8743, cca_scores=[0.11477861489538226, 0.215132993289531, 0.06877748215327674, 0.11015581853356915], cca_probs=[0.246548846909598, 0.27257519313527456, 0.23546422780800433, 0.24541173214712306]"
2026 05 14 18:13:48.418094,SSVEP_UPDATE,"fbcca_quad=1, fbcca_conf=0.2795, fbcca_ratio=3.5828, fbcca_consec=7, fbcca_scores=[0.05372683201563695, 0.19249484768833233, 0.04913401893091901, 0.019064594831573477], fbcca_probs=[0.24329675549940177, 0.27951331496687426, 0.24218190109594182, 0.23500802843778218], cca_quad=1, cca_conf=0.2800, cca_ratio=2.4430, cca_scores=[0.09275577903819407, 0.2266021125891022, 0.06761444567008594, 0.056096643578904384], cca_probs=[0.24495431561354922, 0.28003597017387927, 0.2388726089557716, 0.2361371052568]"
2026 05 14 18:13:49.431300,SSVEP_UPDATE,"fbcca_quad=1, fbcca_conf=0.3315, fbcca_ratio=4.0951, fbcca_consec=8, fbcca_scores=[0.07176125706639228, 0.4655402274538831, 0.01686830447862804, 0.11368244663512354], fbcca_probs=[0.2236150166445639, 0.33152554581242405, 0.2116709497281236, 0.23318848781488846], cca_quad=1, cca_conf=0.2976, cca_ratio=2.2020, cca_scores=[0.101882020840524, 0.33836036055913693, 0.037164772582208676, 0.15366095876572625], cca_probs=[0.23489311466396082, 0.297557927161218, 0.2201729406049793, 0.2473760175698419]"
2026 05 14 18:13:49.431300,SSVEP_CONFIRMED,"fbcca_quad=1, fbcca_conf=0.3315, fbcca_ratio=4.0951, fbcca_consec=8, fbcca_scores=[0.07176125706639228, 0.4655402274538831, 0.01686830447862804, 0.11368244663512354], fbcca_probs=[0.2236150166445639, 0.33152554581242405, 0.2116709497281236, 0.23318848781488846], cca_quad=1, cca_conf=0.2976, cca_ratio=2.2020, cca_scores=[0.101882020840524, 0.33836036055913693, 0.037164772582208676, 0.15366095876572625], cca_probs=[0.23489311466396082, 0.297557927161218, 0.2201729406049793, 0.2473760175698419]"
2026 05 14 18:13:49.431300,SELECTION,"quad=1, result=navigate, output='Make '"
2026 05 14 18:13:52.438439,PHASE_SSVEP,
2026 05 14 18:13:52.454506,SSVEP_UPDATE,"fbcca_quad=1, fbcca_conf=0.2639, fbcca_ratio=1.3235, fbcca_consec=1, fbcca_scores=[0.09875735511413077, 0.13070605487295564, 0.06088179868718787, 0.011831281925591604], fbcca_probs=[0.25562096734305895, 0.2639195840191389, 0.24612023940062733, 0.23433920923717488], cca_quad=0, cca_conf=0.2566, cca_ratio=1.0024, cca_scores=[0.12910724544917013, 0.12880221948366916, 0.11352108483339378, 0.03815722261691808], cca_probs=[0.25658835256910567, 0.2565100983945113, 0.2526201303011395, 0.23428141873524347]"
2026 05 14 18:13:53.478974,SSVEP_UPDATE,"fbcca_quad=0, fbcca_conf=0.2622, fbcca_ratio=1.7499, fbcca_consec=1, fbcca_scores=[0.11353514283092361, 0.06488105601717194, 0.030772537533756545, 0.05176500391861756], fbcca_probs=[0.2622483641013147, 0.24979433580321506, 0.24141788728269142, 0.24653941281277883], cca_quad=0, cca_conf=0.2582, cca_ratio=1.2752, cca_scores=[0.11132240021815205, 0.08729975306424491, 0.0635808348144052, 0.05375755317454022], cca_probs=[0.2581508277471783, 0.25202325641763845, 0.24611587272592034, 0.24371004310926306]"
2026 05 14 18:13:54.503080,SSVEP_UPDATE,"fbcca_quad=3, fbcca_conf=0.2557, fbcca_ratio=1.0103, fbcca_consec=1, fbcca_scores=[0.1027641722771881, 0.10141252622202748, 0.014847042502385562, 0.10382324122081232], fbcca_probs=[0.2553922454914927, 0.2550472787593365, 0.23389760898403708, 0.2556628667651337], cca_quad=1, cca_conf=0.2597, cca_ratio=1.3044, cca_scores=[0.10432337457820245, 0.14104746423994063, 0.057346564195247564, 0.10813522527749234], cca_probs=[0.25029187800427916, 0.25965448373687244, 0.23880586427544062, 0.2512477739834078]"
2026 05 14 18:13:55.511319,SSVEP_UPDATE,"fbcca_quad=1, fbcca_conf=0.2544, fbcca_ratio=1.3406, fbcca_consec=1, fbcca_scores=[0.06254941440339225, 0.08385686535071626, 0.061881849331300004, 0.05665942264929319], fbcca_probs=[0.24906624730527996, 0.25443015683559395, 0.248900034862925, 0.24760356099620115], cca_quad=1, cca_conf=0.2600, cca_ratio=1.2547, cca_scores=[0.07970559807589696, 0.15374663891383847, 0.12253872918069535, 0.10104381001183066], cca_probs=[0.2414186411600343, 0.2599719050206592, 0.25198401622743394, 0.24662543759187244]"
2026 05 14 18:13:56.536870,SSVEP_UPDATE,"fbcca_quad=2, fbcca_conf=0.2646, fbcca_ratio=1.8660, fbcca_consec=1, fbcca_scores=[0.06698329568729262, 0.04703558285917978, 0.1249885005144904, 0.030694001913013063], fbcca_probs=[0.2497295611632801, 0.24479738396599243, 0.26464353825717835, 0.24082951661354907], cca_quad=2, cca_conf=0.2624, cca_ratio=1.1964, cca_scores=[0.1471218786720391, 0.12135067024751757, 0.17602293451859732, 0.061897873226618404], cca_probs=[0.25495977492488064, 0.2484730971966929, 0.2624358951273808, 0.2341312327510456]"
2026 05 14 18:13:57.555772,SSVEP_UPDATE,"fbcca_quad=2, fbcca_conf=0.2628, fbcca_ratio=1.9748, fbcca_consec=2, fbcca_scores=[0.042825139582739286, 0.05514420113516624, 0.10890017543265135, 0.026791274091250233], fbcca_probs=[0.24601479877857577, 0.24906421463368128, 0.2628193010032469, 0.24210168558449605], cca_quad=2, cca_conf=0.2560, cca_ratio=1.0486, cca_scores=[0.10982865221661568, 0.10540093561415732, 0.11516115721518329, 0.03385136552520444], cca_probs=[0.25459764668552576, 0.25347285243104833, 0.2559589161715601, 0.23597058471186577]"
2026 05 14 18:13:58.571701,SSVEP_UPDATE,"fbcca_quad=2, fbcca_conf=0.2550, fbcca_ratio=1.1526, fbcca_consec=3, fbcca_scores=[0.08505351788890389, 0.06579627186371749, 0.10821909928114887, 0.09389038139685865], fbcca_probs=[0.24917529198138577, 0.24442276919902442, 0.2550149610030415, 0.25138697781654823], cca_quad=0, cca_conf=0.2527, cca_ratio=1.0510, cca_scores=[0.13683486416283797, 0.12046766562224243, 0.11716751895432499, 0.1301916369717773], cca_probs=[0.25267394719540803, 0.24857204244985887, 0.24775307035952115, 0.25100093999521195]"
2026 05 14 18:13:59.582237,SSVEP_UPDATE,"fbcca_quad=0, fbcca_conf=0.2611, fbcca_ratio=1.1795, fbcca_consec=1, fbcca_scores=[0.1739968856431568, 0.07360898035750006, 0.1243928527419491, 0.14751975670682682], fbcca_probs=[0.2610991303917712, 0.23616063726576172, 0.24846353945135216, 0.2542766928911149], cca_quad=0, cca_conf=0.2623, cca_ratio=1.1240, cca_scores=[0.2091668857398687, 0.09988282546439464, 0.14588186319274818, 0.18609274827150915], cca_probs=[0.26230597637616926, 0.235150941178864, 0.2462202962899045, 0.2563227861550622]"
2026 05 14 18:14:00.608204,SSVEP_UPDATE,"fbcca_quad=0, fbcca_conf=0.2676, fbcca_ratio=1.8152, fbcca_consec=2, fbcca_scores=[0.1633651525025683, 0.051406416554931514, 0.08999994295565818, 0.07367839951635753], fbcca_probs=[0.26755422899129316, 0.2392151927841867, 0.24862781551260385, 0.24460276271191622], cca_quad=0, cca_conf=0.2625, cca_ratio=1.4336, cca_scores=[0.17263239210519615, 0.09678543012045657, 0.12042109031171964, 0.10365089416517716], cca_probs=[0.2625064437298538, 0.2433324626428734, 0.24915229287616195, 0.24500880075111092]"
2026 05 14 18:14:01.614591,SSVEP_UPDATE,"fbcca_quad=3, fbcca_conf=0.2545, fbcca_ratio=1.1482, fbcca_consec=1, fbcca_scores=[0.04402207799311411, 0.02074482589428383, 0.055727585965824555, 0.06398685116202159], fbcca_probs=[0.24944303977784293, 0.24370374787019727, 0.25238005335114033, 0.2544731590008195], cca_quad=0, cca_conf=0.2558, cca_ratio=1.0322, cca_scores=[0.11394867194251439, 0.057690988990222715, 0.08047753334883169, 0.11039600506278999], cca_probs=[0.2558308993588078, 0.2418358025205275, 0.24740966815759863, 0.2549236299630661]"
2026 05 14 18:14:02.640766,SSVEP_UPDATE,"fbcca_quad=2, fbcca_conf=0.2635, fbcca_ratio=2.2913, fbcca_consec=1, fbcca_scores=[0.045437539688445584, 0.04131422435484513, 0.10411028629855953, 0.012345115490701884], fbcca_probs=[0.24852361632727776, 0.24750098485420532, 0.2635414399960729, 0.24043395882244406], cca_quad=1, cca_conf=0.2556, cca_ratio=1.0482, cca_scores=[0.08128128807908024, 0.10477825444407517, 0.0999574356929329, 0.04272707014068246], cca_probs=[0.24969996248738477, 0.2556366277824329, 0.25440721570113833, 0.24025619402904405]"
2026 05 14 18:14:03.654345,SSVEP_UPDATE,"fbcca_quad=2, fbcca_conf=0.2609, fbcca_ratio=1.2483, fbcca_consec=2, fbcca_scores=[0.10246006324817124, 0.058351875886457745, 0.12789844228011352, 0.0496420141943708], fbcca_probs=[0.25437734343229285, 0.24340107114479165, 0.26093129828118317, 0.24129028714173237], cca_quad=0, cca_conf=0.2592, cca_ratio=1.1019, cca_scores=[0.13698112821808528, 0.0793674696428775, 0.12431731183619454, 0.06015232512121645], cca_probs=[0.2592366674043113, 0.2447231960166948, 0.2559744415608127, 0.24006569501818115]"
2026 05 14 18:14:04.679697,SSVEP_UPDATE,"fbcca_quad=2, fbcca_conf=0.2606, fbcca_ratio=1.1213, fbcca_consec=3, fbcca_scores=[0.09383683881591066, 0.024270203667077113, 0.10522116976648492, 0.029458450117300472], fbcca_probs=[0.257605978191289, 0.2402943345939409, 0.2605554066823999, 0.2415442805323702], cca_quad=0, cca_conf=0.2614, cca_ratio=1.1603, cca_scores=[0.13193340453171712, 0.05425231265785843, 0.113707612086722, 0.046363342364326564], cca_probs=[0.26142508878295884, 0.24188603445332382, 0.2567035668132891, 0.2399853099504283]"
2026 05 14 18:14:05.689323,SSVEP_UPDATE,"fbcca_quad=0, fbcca_conf=0.2636, fbcca_ratio=1.5397, fbcca_consec=1, fbcca_scores=[0.14790237693621947, 0.07113167469863714, 0.09606067954375723, 0.061999816807514936], fbcca_probs=[0.26362513641988433, 0.2441438141793578, 0.25030657307585247, 0.24192447632490538], cca_quad=0, cca_conf=0.2698, cca_ratio=1.8116, cca_scores=[0.18018514728344934, 0.09946415860759188, 0.05993516088528233, 0.07168730495831789], cca_probs=[0.2698086344894092, 0.2488852527407201, 0.23923897796497665, 0.24206713480489403]"
2026 05 14 18:14:06.716606,SSVEP_UPDATE,"fbcca_quad=1, fbcca_conf=0.2580, fbcca_ratio=1.2083, fbcca_consec=1, fbcca_scores=[0.10323695309580506, 0.12474276608652386, 0.04761954939660225, 0.09625714530249038], fbcca_probs=[0.2524816300086188, 0.2579702599120046, 0.2388226174393372, 0.2507254926400393], cca_quad=0, cca_conf=0.2680, cca_ratio=1.3356, cca_scores=[0.1876128935560263, 0.1404719963464912, 0.05492816030885924, 0.08383914506722966], cca_probs=[0.26801579790469027, 0.2556744687788455, 0.23471246057135237, 0.24159727274511195]"
2026 05 14 18:14:07.732799,SSVEP_UPDATE,"fbcca_quad=0, fbcca_conf=0.2835, fbcca_ratio=3.4238, fbcca_consec=1, fbcca_scores=[0.22166077978840504, 0.06474179892787424, 0.03974286684225517, 0.04634746191509077], fbcca_probs=[0.2834758691188394, 0.2423076066712779, 0.23632526292137201, 0.23789126128851076], cca_quad=0, cca_conf=0.2821, cca_ratio=2.1804, cca_scores=[0.24388133507821216, 0.11184923570013292, 0.07082235472672291, 0.05483353211434627], cca_probs=[0.2820756860056516, 0.24718655269993017, 0.2372504762033096, 0.23348728509110867]"
2026 05 14 18:14:08.742258,SSVEP_UPDATE,"fbcca_quad=0, fbcca_conf=0.2942, fbcca_ratio=3.6291, fbcca_consec=2, fbcca_scores=[0.28392094613115826, 0.06748052400755572, 0.07823389982271144, 0.03460105230904279], fbcca_probs=[0.29422158039843865, 0.23696032834384265, 0.2395222015134763, 0.22929588974424245], cca_quad=0, cca_conf=0.2730, cca_ratio=1.6726, cca_scores=[0.2325347450770706, 0.13902784392987352, 0.12499660255902915, 0.07509587742503797], cca_probs=[0.27299259375757956, 0.2486230178208508, 0.24515888810098216, 0.23322550032058756]"
2026 05 14 18:14:09.769909,SSVEP_UPDATE,"fbcca_quad=0, fbcca_conf=0.2906, fbcca_ratio=1.9130, fbcca_consec=3, fbcca_scores=[0.2901061359116644, 0.0556955225241729, 0.1516501867709821, 0.0406240503767124], fbcca_probs=[0.2906180261425302, 0.22988959377256385, 0.25304158197229015, 0.22645079811261581], cca_quad=0, cca_conf=0.2705, cca_ratio=1.6402, cca_scores=[0.2382521535553518, 0.1416615218375742, 0.14525379274162858, 0.10812863761423233], cca_probs=[0.2704815690406246, 0.2455776836712469, 0.2464614516556171, 0.2374792956325114]"
2026 05 14 18:14:10.783281,SSVEP_UPDATE,"fbcca_quad=0, fbcca_conf=0.3001, fbcca_ratio=2.3605, fbcca_consec=4, fbcca_scores=[0.3438647924580598, 0.08270720185375884, 0.14567159772234675, 0.04484510959063783], fbcca_probs=[0.3001276384906848, 0.2311461640444481, 0.2461681037351547, 0.22255809372971247], cca_quad=0, cca_conf=0.2695, cca_ratio=1.4318, cca_scores=[0.24634611498937437, 0.17204930636920898, 0.14420290823156565, 0.11738881061617547], cca_probs=[0.2695194159353576, 0.2502207738144557, 0.24334914560056395, 0.2369106646496227]"
2026 05 14 18:14:11.800508,SSVEP_UPDATE,"fbcca_quad=0, fbcca_conf=0.2834, fbcca_ratio=1.5385, fbcca_consec=5, fbcca_scores=[0.2587510907527173, 0.06473116141557371, 0.16817900345672823, 0.024780034424861624], fbcca_probs=[0.28341179187765625, 0.23342971039719765, 0.25887073584112286, 0.22428776188402322], cca_quad=0, cca_conf=0.2659, cca_ratio=1.1880, cca_scores=[0.20960738216361663, 0.11796714348096767, 0.1764303895607408, 0.08271681227849179], cca_probs=[0.2659128404273432, 0.24262774346100113, 0.2572353938120324, 0.2342240222996232]"
2026 05 14 18:14:12.815002,SSVEP_UPDATE,"fbcca_quad=0, fbcca_conf=0.3147, fbcca_ratio=1.5788, fbcca_consec=6, fbcca_scores=[0.4410911207691959, 0.026042934526863043, 0.27938513601603193, 0.03494138849215237], fbcca_probs=[0.31474153483034584, 0.2078264988400699, 0.26774788038750896, 0.20968408594207533], cca_quad=0, cca_conf=0.2826, cca_ratio=1.0776, cca_scores=[0.314022117956829, 0.05847913254173489, 0.2914184628145153, 0.07333206591665987], cca_probs=[0.28262711170168653, 0.21889352336370518, 0.2763103656559842, 0.2221689992786239]"
2026 05 14 18:14:13.836661,SSVEP_UPDATE,"fbcca_quad=0, fbcca_conf=0.2915, fbcca_ratio=1.1239, fbcca_consec=7, fbcca_scores=[0.33650592157523873, 0.019661806899362873, 0.29940506492040947, 0.033637586092657365], fbcca_probs=[0.29148403757956487, 0.21232988573077233, 0.2808678820270319, 0.21531819466263086], cca_quad=2, cca_conf=0.2822, cca_ratio=1.0955, cca_scores=[0.2785789713939014, 0.04384854019855279, 0.3051801817638471, 0.08148547168977041], cca_probs=[0.2748116419668017, 0.21731664717116914, 0.2822200639022234, 0.22565164695980583]"
2026 05 14 18:14:14.850000,SSVEP_UPDATE,"fbcca_quad=2, fbcca_conf=0.2833, fbcca_ratio=1.4055, fbcca_consec=1, fbcca_scores=[0.1803928228803041, 0.047141773778189434, 0.253541521770118, 0.013465152647548577], fbcca_probs=[0.26333830485137516, 0.23048562283995136, 0.28332318277854024, 0.22285288953013316], cca_quad=2, cca_conf=0.2737, cca_ratio=1.0723, cca_scores=[0.23154000422288318, 0.10278856965187343, 0.2482849928284871, 0.03168415262713865], cca_probs=[0.26918427705648373, 0.23666479084158648, 0.27372971515396566, 0.22042121694796413]"
2026 05 14 18:14:15.880337,SSVEP_UPDATE,"fbcca_quad=0, fbcca_conf=0.2732, fbcca_ratio=1.1889, fbcca_consec=1, fbcca_scores=[0.19925808187952063, 0.042392253273014484, 0.16760380954619794, 0.020996647825530033], fbcca_probs=[0.27319539032113116, 0.23353254024217496, 0.2646830261481071, 0.22858904328858684], cca_quad=0, cca_conf=0.2696, cca_ratio=1.0739, cca_scores=[0.2156025816115184, 0.09068222406865373, 0.2007632309665965, 0.04284349629980417], cca_probs=[0.2696015359613359, 0.23794146990664417, 0.2656303619296304, 0.22682663220238947]"
2026 05 14 18:14:16.888150,SSVEP_UPDATE,"fbcca_quad=0, fbcca_conf=0.2909, fbcca_ratio=2.0774, fbcca_consec=2, fbcca_scores=[0.28456489117670897, 0.05870376386861269, 0.13698083306257647, 0.03172361903361156], fbcca_probs=[0.29093364019964785, 0.23211526340406793, 0.25101460947085985, 0.2259364869254243], cca_quad=0, cca_conf=0.2788, cca_ratio=1.4076, cca_scores=[0.2678163406099805, 0.09783909485646157, 0.19025792503218725, 0.06732356448433102], cca_probs=[0.2787546283157486, 0.23518082367494603, 0.25795199736394114, 0.2281125506453643]"
2026 05 14 18:14:17.918024,SSVEP_UPDATE,"fbcca_quad=0, fbcca_conf=0.2933, fbcca_ratio=3.2859, fbcca_consec=3, fbcca_scores=[0.28680136486059654, 0.06149897304775508, 0.08728238645313756, 0.05329700307838642], fbcca_probs=[0.2933279385608881, 0.2341562987016708, 0.24027215233728674, 0.2322436104001543], cca_quad=0, cca_conf=0.2820, cca_ratio=2.0889, cca_scores=[0.26885454346193005, 0.12870507804204992, 0.09699093934643496, 0.08763976624207165], cca_probs=[0.2820414222571509, 0.24515838772294324, 0.2375053960607586, 0.23529479395914743]"
2026 05 14 18:14:18.930466,SSVEP_UPDATE,"fbcca_quad=0, fbcca_conf=0.2986, fbcca_ratio=3.0411, fbcca_consec=4, fbcca_scores=[0.3068303696765213, 0.04766770037632959, 0.03685397418848174, 0.10089521145612135], fbcca_probs=[0.2985983040031672, 0.23042755913278645, 0.22794920288596257, 0.24302493397808383], cca_quad=0, cca_conf=0.2875, cca_ratio=2.0531, cca_scores=[0.28395344120146965, 0.08162680591200308, 0.05766143263917497, 0.13830264007092272], cca_probs=[0.2874576925209896, 0.23480351491578808, 0.229243254019394, 0.24849553854382828]"
2026 05 14 18:14:19.955008,SSVEP_UPDATE,"fbcca_quad=0, fbcca_conf=0.3039, fbcca_ratio=2.3861, fbcca_consec=5, fbcca_scores=[0.3733836676576946, 0.09134956293351953, 0.06011575224304373, 0.15647963385539496], fbcca_probs=[0.30392280407742034, 0.2292331551782591, 0.2221839894189014, 0.24466005132541913], cca_quad=0, cca_conf=0.2861, cca_ratio=2.0148, cca_scores=[0.2976976039560942, 0.08380343568821415, 0.1077195793400522, 0.14775355363500114], cca_probs=[0.28610933947238226, 0.23101436051917645, 0.23660593103223973, 0.24627036897620153]"
2026 05 14 18:14:20.968070,SSVEP_UPDATE,"fbcca_quad=0, fbcca_conf=0.2829, fbcca_ratio=2.1922, fbcca_consec=6, fbcca_scores=[0.253516142715313, 0.05666355240723606, 0.08133139857132282, 0.11564703849180913], fbcca_probs=[0.28293761255115496, 0.23237996977396802, 0.2381835699894402, 0.24649884768543684], cca_quad=0, cca_conf=0.2787, cca_ratio=1.8438, cca_scores=[0.26942296848285296, 0.07967099906670712, 0.146120787600388, 0.13848116889185635], cca_probs=[0.2786734344900277, 0.23050870815859756, 0.24634633943783169, 0.244471517913543]"
2026 05 14 18:14:21.986188,SSVEP_UPDATE,"fbcca_quad=0, fbcca_conf=0.2828, fbcca_ratio=3.4818, fbcca_consec=7, fbcca_scores=[0.22550758491434203, 0.0587113700594386, 0.06476712918328738, 0.048467142888479704], fbcca_probs=[0.2828349433005066, 0.23938359694423195, 0.24083764458306103, 0.23694381517220028], cca_quad=0, cca_conf=0.2840, cca_ratio=2.4960, cca_scores=[0.2704863234501988, 0.10666171607905495, 0.10836985154933045, 0.07440077451170403], cca_probs=[0.2839961115723496, 0.2410817141897234, 0.24149386632259207, 0.23342830791533495]"
2026 05 14 18:14:23.016586,SSVEP_UPDATE,"fbcca_quad=0, fbcca_conf=0.2988, fbcca_ratio=3.8216, fbcca_consec=8, fbcca_scores=[0.3095603723429736, 0.08100308254561749, 0.07960518292205618, 0.030323529006432936], fbcca_probs=[0.2988097813580697, 0.23775717943772712, 0.2374250509613132, 0.22600798824289012], cca_quad=0, cca_conf=0.2879, cca_ratio=2.2741, cca_scores=[0.30079368849787963, 0.13226846952776858, 0.12335003189133986, 0.06617286460139232], cca_probs=[0.287919849832903, 0.24326634747860015, 0.24110643755685846, 0.22770736513163828]"
2026 05 14 18:14:23.016586,PHASE_TIMEOUT,
2026 05 14 18:14:26.027847,PHASE_SSVEP,
2026 05 14 18:14:26.144051,SSVEP_UPDATE,"fbcca_quad=0, fbcca_conf=0.2532, fbcca_ratio=1.0458, fbcca_consec=1, fbcca_scores=[0.06682132242114384, 0.05191359618447957, 0.06389685162312042, 0.033349235357635426], fbcca_probs=[0.2532052909603487, 0.24945857271503943, 0.2524658811991426, 0.2448702551254693], cca_quad=0, cca_conf=0.2584, cca_ratio=1.2368, cca_scores=[0.10920103234935762, 0.06685300299505645, 0.08829414118440546, 0.03869437686480595], cca_probs=[0.258413437377495, 0.24769861460332104, 0.25306690024698, 0.24082104777220403]"
2026 05 14 18:14:27.163710,SSVEP_UPDATE,"fbcca_quad=1, fbcca_conf=0.2548, fbcca_ratio=1.3408, fbcca_consec=1, fbcca_scores=[0.04406852487991274, 0.0711267011363564, 0.04053564040982636, 0.053046536437318687], fbcca_probs=[0.24795933456546967, 0.2547602572941768, 0.24708486848652264, 0.2501955396538309], cca_quad=0, cca_conf=0.2539, cca_ratio=1.1833, cca_scores=[0.07943048101683704, 0.06635439774457946, 0.0671287284821314, 0.04261404359663612], cca_probs=[0.2538950233283076, 0.2505966825470247, 0.25079080240783763, 0.24471749171683005]"
2026 05 14 18:14:28.183438,SSVEP_UPDATE,"fbcca_quad=0, fbcca_conf=0.2551, fbcca_ratio=1.1045, fbcca_consec=1, fbcca_scores=[0.09502426889065198, 0.06791661557791556, 0.08603343719193424, 0.04951907069902642], fbcca_probs=[0.25511371863479426, 0.24829107510469225, 0.25283031435985454, 0.24376489190065892], cca_quad=0, cca_conf=0.2577, cca_ratio=1.0470, cca_scores=[0.11149908995457317, 0.06633031492027706, 0.10649107754595201, 0.03857330983832054], cca_probs=[0.25769805412262237, 0.24631711512659332, 0.25641072523994446, 0.23957410551083974]"
2026 05 14 18:14:29.199356,SSVEP_UPDATE,"fbcca_quad=0, fbcca_conf=0.2749, fbcca_ratio=1.8783, fbcca_consec=2, fbcca_scores=[0.2422211081731851, 0.11030700393827733, 0.12895477437915956, 0.10127599457543139], fbcca_probs=[0.2748864254468762, 0.24091493629398292, 0.2454496121122772, 0.23874902614686366], cca_quad=0, cca_conf=0.2632, cca_ratio=1.0389, cca_scores=[0.16047639670911687, 0.062375310278221574, 0.1544720761698808, 0.053547572402023694], cca_probs=[0.26321604080136746, 0.23862041233797668, 0.26164034255390506, 0.23652320430675086]"
2026 05 14 18:14:30.214473,SSVEP_UPDATE,"fbcca_quad=0, fbcca_conf=0.3190, fbcca_ratio=2.7078, fbcca_consec=3, fbcca_scores=[0.46868206402152485, 0.1146116882640669, 0.17308377199682698, 0.0963797886758527], fbcca_probs=[0.3189733908562427, 0.22386368316381164, 0.23734372171030835, 0.2198192042696374], cca_quad=0, cca_conf=0.2797, cca_ratio=1.2601, cca_scores=[0.28667561541140135, 0.09369526931371104, 0.22750952096508104, 0.07377858277847002], cca_probs=[0.2796977679541609, 0.2306103002329218, 0.26362918818785464, 0.2260627436250628]"
2026 05 14 18:14:31.245212,SSVEP_UPDATE,"fbcca_quad=0, fbcca_conf=0.3287, fbcca_ratio=2.8543, fbcca_consec=4, fbcca_scores=[0.46708757003555523, 0.05373683040953736, 0.16364589253998948, 0.024565616017124196], fbcca_probs=[0.32871840789877327, 0.21742429948520356, 0.2426839073392163, 0.21117338527680685], cca_quad=0, cca_conf=0.2804, cca_ratio=1.1752, cca_scores=[0.3028382861343896, 0.11216514358528173, 0.257696814771533, 0.05931356803648032], cca_probs=[0.2804164179666644, 0.2317368736811488, 0.26803946684969754, 0.21980724150248918]"
2026 05 14 18:14:31.245212,SSVEP_CONFIRMED,"fbcca_quad=0, fbcca_conf=0.3287, fbcca_ratio=2.8543, fbcca_consec=4, fbcca_scores=[0.46708757003555523, 0.05373683040953736, 0.16364589253998948, 0.024565616017124196], fbcca_probs=[0.32871840789877327, 0.21742429948520356, 0.2426839073392163, 0.21117338527680685], cca_quad=0, cca_conf=0.2804, cca_ratio=1.1752, cca_scores=[0.3028382861343896, 0.11216514358528173, 0.257696814771533, 0.05931356803648032], cca_probs=[0.2804164179666644, 0.2317368736811488, 0.26803946684969754, 0.21980724150248918]"
2026 05 14 18:14:31.245212,SELECTION,"quad=0, result=navigate, output='Make '"
2026 05 14 18:14:34.250934,PHASE_SSVEP,
2026 05 14 18:14:34.381163,SSVEP_UPDATE,"fbcca_quad=0, fbcca_conf=0.2633, fbcca_ratio=1.7602, fbcca_consec=1, fbcca_scores=[0.12329817367667528, 0.05010667800828013, 0.07004607764983375, 0.040377072909766026], fbcca_probs=[0.263297334413467, 0.24471455434998624, 0.2496429873589846, 0.2423451238775622], cca_quad=0, cca_conf=0.2562, cca_ratio=1.2526, cca_scores=[0.09459756827028218, 0.06558102144192103, 0.07551883818887323, 0.04410321772118769], cca_probs=[0.2561959840994703, 0.2488688790597537, 0.2513544223547306, 0.24358071448604535]"
2026 05 14 18:14:35.397203,SSVEP_UPDATE,"fbcca_quad=3, fbcca_conf=0.2526, fbcca_ratio=1.0405, fbcca_consec=1, fbcca_scores=[0.04209688167480149, 0.027748980713369405, 0.052876682316890626, 0.055017140826519005], fbcca_probs=[0.249401639451393, 0.24584879828497017, 0.2521046823609967, 0.2526448799026402], cca_quad=2, cca_conf=0.2545, cca_ratio=1.4636, cca_scores=[0.0412605787365692, 0.03369244519027988, 0.06328705861015727, 0.04324197845405874], cca_probs=[0.24895968149198855, 0.24708263321009447, 0.25450422613943474, 0.2494534591584822]"
2026 05 14 18:14:36.414596,SSVEP_UPDATE,"fbcca_quad=1, fbcca_conf=0.2585, fbcca_ratio=1.3174, fbcca_consec=1, fbcca_scores=[0.009557503323121597, 0.07645163966576206, 0.026719364945117275, 0.058030984590061216], fbcca_probs=[0.24177015640709085, 0.2584963681841677, 0.24595519115175346, 0.25377828425698795], cca_quad=1, cca_conf=0.2604, cca_ratio=1.7939, cca_scores=[0.022889172707183294, 0.08938786877508804, 0.04982871444419712, 0.03044224824294639], cca_probs=[0.24368568154883863, 0.26044140434532503, 0.2503396876575512, 0.24553322644828515]"
2026 05 14 18:14:37.428284,SSVEP_UPDATE,"fbcca_quad=2, fbcca_conf=0.2516, fbcca_ratio=1.0714, fbcca_consec=1, fbcca_scores=[0.07366244413996126, 0.07254161220201999, 0.07891995630740689, 0.06506601224004092], fbcca_probs=[0.25027583119177077, 0.24999547119444634, 0.2515951244808104, 0.24813357313297243], cca_quad=2, cca_conf=0.2535, cca_ratio=1.0522, cca_scores=[0.07765675373700552, 0.056738529546779895, 0.08170939782583055, 0.055413568132884096], cca_probs=[0.2524384110691769, 0.24721269469644627, 0.25346352992147825, 0.2468853643128985]"
2026 05 14 18:14:38.452704,SSVEP_UPDATE,"fbcca_quad=2, fbcca_conf=0.2573, fbcca_ratio=1.1543, fbcca_consec=2, fbcca_scores=[0.07721512447201638, 0.036013257788688795, 0.0891329329984314, 0.03840113173118284], fbcca_probs=[0.25422301810528575, 0.24396140562981816, 0.25727092547077113, 0.24454465079412496], cca_quad=0, cca_conf=0.2541, cca_ratio=1.2078, cca_scores=[0.09420608722028295, 0.07447204313539905, 0.07799980887861177, 0.06486262955355142], cca_probs=[0.2540994747590417, 0.24913421795551105, 0.25001465719367, 0.2467516500917773]"
2026 05 14 18:14:39.465614,SSVEP_UPDATE,"fbcca_quad=0, fbcca_conf=0.2581, fbcca_ratio=1.1289, fbcca_consec=1, fbcca_scores=[0.08998813819068685, 0.03097827470160697, 0.07971250559674756, 0.030112410014989165], fbcca_probs=[0.25810741006173815, 0.24331720266640042, 0.25546877319512795, 0.24310661407673345], cca_quad=2, cca_conf=0.2610, cca_ratio=1.0939, cca_scores=[0.1318605522216803, 0.06976899328625255, 0.144241579670897, 0.05651679016092181], cca_probs=[0.2577532537092188, 0.24223569231853864, 0.2609643410801403, 0.23904671289210225]"
2026 05 14 18:14:40.493833,SSVEP_UPDATE,"fbcca_quad=2, fbcca_conf=0.2570, fbcca_ratio=1.1209, fbcca_consec=1, fbcca_scores=[0.09713445877371034, 0.03630461447045052, 0.10887557588791386, 0.08144840697394555], fbcca_probs=[0.2539856709042502, 0.23899628487656274, 0.25698532157722753, 0.2500327226419594], cca_quad=2, cca_conf=0.2645, cca_ratio=1.3754, cca_scores=[0.13385487728359957, 0.06190776793526853, 0.1841075034774869, 0.12754507416350497], cca_probs=[0.2515200055725854, 0.23405951533281688, 0.2644825187919419, 0.24993796030265578]"
2026 05 14 18:14:41.496427,SSVEP_UPDATE,"fbcca_quad=2, fbcca_conf=0.2905, fbcca_ratio=2.4975, fbcca_consec=2, fbcca_scores=[0.03203138902420434, 0.050018843497682694, 0.26971014423234074, 0.10799171426782196], fbcca_probs=[0.22907556957275468, 0.23323333768100518, 0.2905369324990949, 0.24715416024714512], cca_quad=2, cca_conf=0.2813, cca_ratio=1.7610, cca_scores=[0.08374947966695473, 0.10788804446788332, 0.27775510687580895, 0.15772368521436575], cca_probs=[0.23173282558415628, 0.23739458183735426, 0.2813475453776132, 0.24952504720087632]"
2026 05 14 18:14:42.518194,SSVEP_UPDATE,"fbcca_quad=2, fbcca_conf=0.2781, fbcca_ratio=2.1103, fbcca_consec=3, fbcca_scores=[0.04556489440595888, 0.03424482125164592, 0.20362388305182197, 0.09648910500739435], fbcca_probs=[0.23740438109100123, 0.2347320998756718, 0.27805638729527604, 0.24980713173805089], cca_quad=2, cca_conf=0.2746, cca_ratio=1.7213, cca_scores=[0.11813593446794507, 0.06386602154298553, 0.23387588345826069, 0.13586882019567215], cca_probs=[0.24463207880715218, 0.231709735848497, 0.2746493825549693, 0.24900880278938167]"
2026 05 14 18:14:43.543442,SSVEP_UPDATE,"fbcca_quad=2, fbcca_conf=0.2688, fbcca_ratio=1.7488, fbcca_consec=4, fbcca_scores=[0.049238402994873864, 0.05193365162436062, 0.16290183033621497, 0.09315241777845547], fbcca_probs=[0.23992516079932233, 0.24057269099559184, 0.26880614575282913, 0.2506960024522566], cca_quad=2, cca_conf=0.2705, cca_ratio=1.5966, cca_scores=[0.10130806503183604, 0.11305071002965109, 0.22533189857095204, 0.14113639557236163], cca_probs=[0.23897793005692974, 0.24180070403236936, 0.27053325733111017, 0.24868810857959076]"
2026 05 14 18:14:44.554377,SSVEP_UPDATE,"fbcca_quad=2, fbcca_conf=0.2851, fbcca_ratio=2.6575, fbcca_consec=5, fbcca_scores=[0.012325008689781609, 0.02933144421786859, 0.22159472216266365, 0.0833837337430809], fbcca_probs=[0.2312901535319815, 0.235257211764464, 0.2851292857696871, 0.24832334893386734], cca_quad=2, cca_conf=0.2807, cca_ratio=1.9422, cca_scores=[0.0632488978027123, 0.06121701641315662, 0.24062953328344622, 0.12389459200797559], cca_probs=[0.23504093215859084, 0.23456384172248376, 0.28065897321644356, 0.24973625290248175]"
2026 05 14 18:14:45.568345,SSVEP_UPDATE,"fbcca_quad=2, fbcca_conf=0.2848, fbcca_ratio=2.2721, fbcca_consec=6, fbcca_scores=[0.006238921534772939, 0.027924779685307217, 0.22251555116723945, 0.09793201233625914], fbcca_probs=[0.2293895314288273, 0.234418370537224, 0.28477465938849256, 0.2514174386454561], cca_quad=2, cca_conf=0.2811, cca_ratio=1.8574, cca_scores=[0.028902422806855694, 0.06464560612680836, 0.2333212622884981, 0.12561430604911633], cca_probs=[0.22910848566412279, 0.23744566330644107, 0.28107301273563295, 0.25237283829380314]"
2026 05 14 18:14:46.595304,SSVEP_UPDATE,"fbcca_quad=2, fbcca_conf=0.2840, fbcca_ratio=2.8667, fbcca_consec=7, fbcca_scores=[0.021401335825626235, 0.03874184980355183, 0.2200500542272643, 0.07675961668112721], fbcca_probs=[0.23287417860800214, 0.23694755167939624, 0.2840490743206852, 0.24612919539191644], cca_quad=2, cca_conf=0.2807, cca_ratio=2.3593, cca_scores=[0.06226431236575431, 0.08457263103863046, 0.24089127441337085, 0.10210087687893754], cca_probs=[0.23480934084383104, 0.24010640709085695, 0.28073209931072235, 0.24435215275458966]"
2026 05 14 18:14:47.613477,SSVEP_UPDATE,"fbcca_quad=2, fbcca_conf=0.2892, fbcca_ratio=3.8100, fbcca_consec=8, fbcca_scores=[0.0544576209025228, 0.06881179310922965, 0.2621753593826359, 0.06487510403262897], fbcca_probs=[0.234973706585636, 0.23837088313263982, 0.2892210745434306, 0.23743433573829367], cca_quad=2, cca_conf=0.2806, cca_ratio=2.1848, cca_scores=[0.10615016453888725, 0.11817629671507351, 0.25819543161892167, 0.07798179012223601], cca_probs=[0.24104887144869638, 0.24396525831548066, 0.28063221429079416, 0.23435365594502877]"
2026 05 14 18:14:48.640362,SSVEP_UPDATE,"fbcca_quad=2, fbcca_conf=0.3028, fbcca_ratio=4.1164, fbcca_consec=9, fbcca_scores=[0.029294692286471715, 0.07888069343379248, 0.32470385706864235, 0.07140973247798266], fbcca_probs=[0.22535076930638615, 0.23680669232242854, 0.3027984273150249, 0.23504411105616038], cca_quad=2, cca_conf=0.2921, cca_ratio=2.5605, cca_scores=[0.07548741486623861, 0.1212871273186334, 0.3105529522583063, 0.09384087403645054], cca_probs=[0.23092665318615838, 0.24174896520256128, 0.29212029272412976, 0.23520408888715058]"
2026 05 14 18:14:48.640362,SSVEP_CONFIRMED,"fbcca_quad=2, fbcca_conf=0.3028, fbcca_ratio=4.1164, fbcca_consec=9, fbcca_scores=[0.029294692286471715, 0.07888069343379248, 0.32470385706864235, 0.07140973247798266], fbcca_probs=[0.22535076930638615, 0.23680669232242854, 0.3027984273150249, 0.23504411105616038], cca_quad=2, cca_conf=0.2921, cca_ratio=2.5605, cca_scores=[0.07548741486623861, 0.1212871273186334, 0.3105529522583063, 0.09384087403645054], cca_probs=[0.23092665318615838, 0.24174896520256128, 0.29212029272412976, 0.23520408888715058]"
2026 05 14 18:14:48.640362,SELECTION,"quad=2, result=char, output='Make L'"
2026 05 14 18:14:51.653875,PHASE_SSVEP,
2026 05 14 18:14:51.768306,SSVEP_UPDATE,"fbcca_quad=1, fbcca_conf=0.2615, fbcca_ratio=1.4785, fbcca_consec=1, fbcca_scores=[0.03150976646620833, 0.09986419507737034, 0.018320927167002336, 0.06754380439155437], fbcca_probs=[0.24423998888429815, 0.26151868432507136, 0.24103989606212328, 0.2532014307285071], cca_quad=1, cca_conf=0.2612, cca_ratio=1.3211, cca_scores=[0.09688319561365379, 0.12799546923659255, 0.03641929542853053, 0.0726192920209513], cca_probs=[0.2532314121313026, 0.2612338587674979, 0.23837375545204828, 0.24716097364915127]"
2026 05 14 18:14:52.796469,SSVEP_UPDATE,"fbcca_quad=1, fbcca_conf=0.2613, fbcca_ratio=1.2006, fbcca_consec=2, fbcca_scores=[0.08681517661110628, 0.1042334744470889, 0.002162133968565292, 0.04326418503577217], fbcca_probs=[0.25681947917715425, 0.26133202368718134, 0.23597370510941007, 0.24587479202625434], cca_quad=0, cca_conf=0.2674, cca_ratio=1.2286, cca_scores=[0.1550944487723765, 0.1262322041584223, 0.02334225322575968, 0.04063684505602759], cca_probs=[0.26738266586200227, 0.259775706969411, 0.2343764638043927, 0.23846516336419407]"
2026 05 14 18:14:53.808355,SSVEP_UPDATE,"fbcca_quad=0, fbcca_conf=0.2587, fbcca_ratio=1.0946, fbcca_consec=1, fbcca_scores=[0.08774145228726983, 0.0801574917038607, 0.006918117925503859, 0.037539348752303255], fbcca_probs=[0.25867608995966856, 0.2567217209855328, 0.23859160550353586, 0.24601058355126273], cca_quad=0, cca_conf=0.2613, cca_ratio=1.0773, cca_scores=[0.13111153149193372, 0.12170336208600945, 0.028066671372014636, 0.06242226461543305], cca_probs=[0.26134640688519056, 0.2588991457903734, 0.23575706674609404, 0.24399738057834203]"
2026 05 14 18:14:54.832703,SSVEP_UPDATE,"fbcca_quad=1, fbcca_conf=0.2713, fbcca_ratio=2.0970, fbcca_consec=1, fbcca_scores=[0.06428117965674933, 0.16564786643683244, 0.020970330205164155, 0.07899300034618204], fbcca_probs=[0.2451511183108349, 0.2713044213967046, 0.23476006213774894, 0.2487843981547116], cca_quad=1, cca_conf=0.2683, cca_ratio=1.6359, cca_scores=[0.11945943316034456, 0.1954287398886, 0.07646510527239318, 0.10321249798385171], cca_probs=[0.24871101687585978, 0.26834164258029675, 0.23824446724602028, 0.24470287329782317]"
2026 05 14 18:14:55.857979,SSVEP_UPDATE,"fbcca_quad=1, fbcca_conf=0.2857, fbcca_ratio=1.8875, fbcca_consec=2, fbcca_scores=[0.012589115328994331, 0.2444844438564471, 0.04056678429695921, 0.12953129805879743], fbcca_probs=[0.22658191557058113, 0.28571701593575577, 0.23301066071409765, 0.2546904077795655], cca_quad=1, cca_conf=0.2732, cca_ratio=1.5801, cca_scores=[0.04970011075156569, 0.21539757672575982, 0.09752536334153215, 0.1363204898310818], cca_probs=[0.2314983104005644, 0.27321800810472646, 0.24283879487104998, 0.2524448866236592]"
2026 05 14 18:14:56.876586,SSVEP_UPDATE,"fbcca_quad=1, fbcca_conf=0.2850, fbcca_ratio=2.1894, fbcca_consec=3, fbcca_scores=[0.014432774407585036, 0.23085098211470617, 0.03352479251814037, 0.10544154347119519], fbcca_probs=[0.2295591588236643, 0.2850255931155264, 0.23398401172120648, 0.25143123633960285], cca_quad=1, cca_conf=0.2741, cca_ratio=1.6653, cca_scores=[0.06402469112098681, 0.20734562839931167, 0.0586503068653628, 0.1245100414011264], cca_probs=[0.23746808475906642, 0.2740619489142805, 0.23619526340233418, 0.25227470292431897]"
2026 05 14 18:14:57.879849,SSVEP_UPDATE,"fbcca_quad=1, fbcca_conf=0.2992, fbcca_ratio=1.6145, fbcca_consec=4, fbcca_scores=[0.02979080724444632, 0.33554521036640617, 0.014818672360885675, 0.20783771087290778], fbcca_probs=[0.220377438486639, 0.29919517180294286, 0.217102495374355, 0.26332489433606326], cca_quad=1, cca_conf=0.2823, cca_ratio=1.5738, cca_scores=[0.06302393906912684, 0.25521749830746354, 0.03891121977123423, 0.1621652322577468], cca_probs=[0.2329751625274637, 0.2823437805780626, 0.2274246853083954, 0.25725637158607817]"
2026 05 14 18:14:58.897159,SSVEP_UPDATE,"fbcca_quad=1, fbcca_conf=0.2947, fbcca_ratio=2.2309, fbcca_consec=5, fbcca_scores=[0.0503951185495264, 0.30368641714047284, 0.04425513004597505, 0.13612643325839435], fbcca_probs=[0.2287465378116903, 0.29468466940896815, 0.2273463396983485, 0.24922245308099308], cca_quad=1, cca_conf=0.2799, cca_ratio=1.9872, cca_scores=[0.10074646550585584, 0.2504097380413471, 0.06198197178269637, 0.1260123491986942], cca_probs=[0.24102146288624798, 0.27993271190947194, 0.23185716023764405, 0.24718866496663613]"
2026 05 14 18:14:59.926522,SSVEP_UPDATE,"fbcca_quad=1, fbcca_conf=0.3126, fbcca_ratio=3.1718, fbcca_consec=6, fbcca_scores=[0.061868102611887237, 0.38960480253487473, 0.050123281737347876, 0.12283306968871462], fbcca_probs=[0.2252755028190297, 0.3126426390711562, 0.22264515908490717, 0.23943669902490675], cca_quad=1, cca_conf=0.2867, cca_ratio=2.2507, cca_scores=[0.12643442484072823, 0.2995595783619288, 0.07621554154844286, 0.1330973589598911], cca_probs=[0.24115437754452548, 0.2867361493485323, 0.22934293493654667, 0.24276653817039556]"
2026 05 14 18:14:59.926522,SSVEP_CONFIRMED,"fbcca_quad=1, fbcca_conf=0.3126, fbcca_ratio=3.1718, fbcca_consec=6, fbcca_scores=[0.061868102611887237, 0.38960480253487473, 0.050123281737347876, 0.12283306968871462], fbcca_probs=[0.2252755028190297, 0.3126426390711562, 0.22264515908490717, 0.23943669902490675], cca_quad=1, cca_conf=0.2867, cca_ratio=2.2507, cca_scores=[0.12643442484072823, 0.2995595783619288, 0.07621554154844286, 0.1330973589598911], cca_probs=[0.24115437754452548, 0.2867361493485323, 0.22934293493654667, 0.24276653817039556]"
2026 05 14 18:14:59.926522,SELECTION,"quad=1, result=navigate, output='Make L'"
2026 05 14 18:15:02.931727,PHASE_SSVEP,
2026 05 14 18:15:03.047970,SSVEP_UPDATE,"fbcca_quad=0, fbcca_conf=0.2664, fbcca_ratio=1.2865, fbcca_consec=1, fbcca_scores=[0.15306840746493486, 0.11897977171296553, 0.030267227986620106, 0.050145057936839973], fbcca_probs=[0.26644488149749035, 0.2575152039466583, 0.23565437505198703, 0.24038553950386446], cca_quad=0, cca_conf=0.2707, cca_ratio=1.2466, cca_scores=[0.2174784854721832, 0.17445211885326228, 0.08194671305151607, 0.0694196615623695], cca_probs=[0.2707445902383396, 0.2593424887136185, 0.23642809711845533, 0.23348482392958658]"
2026 05 14 18:15:04.072072,SSVEP_UPDATE,"fbcca_quad=0, fbcca_conf=0.2819, fbcca_ratio=5.7381, fbcca_consec=2, fbcca_scores=[0.1823101435608453, 0.03177192085382062, 0.015769206122190797, 0.008315997784304613], fbcca_probs=[0.28191767425519687, 0.2425182269769334, 0.23866816485847317, 0.23689593390939645], cca_quad=0, cca_conf=0.2771, cca_ratio=2.6717, cca_scores=[0.19167305616035218, 0.07174161661993123, 0.05086165927218789, 0.03216453790946993], cca_probs=[0.27714672404629753, 0.2458239467508975, 0.24074436846177535, 0.23628496074102961]"
2026 05 14 18:15:05.100384,SSVEP_UPDATE,"fbcca_quad=0, fbcca_conf=0.2701, fbcca_ratio=1.8892, fbcca_consec=3, fbcca_scores=[0.16396986696216945, 0.04187681134866768, 0.08679199681365991, 0.04873184647970572], fbcca_probs=[0.270128256533973, 0.23908133666186918, 0.25006452892634196, 0.24072587787781594], cca_quad=0, cca_conf=0.2612, cca_ratio=1.5961, cca_scores=[0.1454472044886846, 0.09112404922535526, 0.08971100490344035, 0.07930185499804793], cca_probs=[0.26117097477656376, 0.24736181759907883, 0.24701253122394462, 0.2444546764004128]"
2026 05 14 18:15:06.120063,SSVEP_UPDATE,"fbcca_quad=0, fbcca_conf=0.2632, fbcca_ratio=1.1825, fbcca_consec=4, fbcca_scores=[0.15151511508604135, 0.03972138172556937, 0.12812692457074532, 0.0768643385320819], fbcca_probs=[0.2632147342907992, 0.2353741665137682, 0.25713005017586177, 0.24428104901957082], cca_quad=0, cca_conf=0.2658, cca_ratio=1.4061, cca_scores=[0.21390480604703802, 0.11826455346751573, 0.15212537572403545, 0.12339728453735714], cca_probs=[0.26579142789894605, 0.2415488289653182, 0.2498679217470657, 0.24279182138867014]"
2026 05 14 18:15:07.120127,SSVEP_UPDATE,"fbcca_quad=0, fbcca_conf=0.2565, fbcca_ratio=1.2019, fbcca_consec=5, fbcca_scores=[0.14720601959562468, 0.12248225178297442, 0.11609517443149522, 0.09979005030146923], fbcca_probs=[0.2564998282782201, 0.25023593862784377, 0.2486427556393215, 0.24462147745461468], cca_quad=0, cca_conf=0.2595, cca_ratio=1.1477, cca_scores=[0.15419731593864558, 0.11056055460855044, 0.13435846788394828, 0.06676803892569111], cca_probs=[0.25947458863353756, 0.2483954449026183, 0.254377637683654, 0.23775232878019]"
2026 05 14 18:15:08.139202,SSVEP_UPDATE,"fbcca_quad=2, fbcca_conf=0.2616, fbcca_ratio=1.1002, fbcca_consec=1, fbcca_scores=[0.17005654787456, 0.13140639388330366, 0.18709934188006566, 0.07391682005627419], fbcca_probs=[0.2572272384226298, 0.2474750419776801, 0.2616486790916522, 0.2336490405080379], cca_quad=0, cca_conf=0.2642, cca_ratio=1.1670, cca_scores=[0.2337773311447791, 0.20032621774513823, 0.19598664004532818, 0.07743884800442781], cca_probs=[0.26418080965902335, 0.25548983915821716, 0.25438352335753855, 0.22594582782522088]"
2026 05 14 18:15:09.168204,SSVEP_UPDATE,"fbcca_quad=0, fbcca_conf=0.2713, fbcca_ratio=1.2941, fbcca_consec=1, fbcca_scores=[0.17579691238800985, 0.03302052247666935, 0.1358448982855351, 0.02284501118119745], fbcca_probs=[0.27130015146045433, 0.23520309807611275, 0.2606748287791353, 0.23282192168429758], cca_quad=0, cca_conf=0.2670, cca_ratio=1.0150, cca_scores=[0.20537775928912833, 0.09412389349021721, 0.20234717671933786, 0.04640756756364778], cca_probs=[0.2670435631119791, 0.23892696919525358, 0.2662354906279036, 0.22779397706486362]"
2026 05 14 18:15:10.194607,SSVEP_UPDATE,"fbcca_quad=0, fbcca_conf=0.2807, fbcca_ratio=2.2184, fbcca_consec=2, fbcca_scores=[0.20664046292209112, 0.023010336381294516, 0.09314923351117257, 0.029270724864535344], fbcca_probs=[0.280707610406712, 0.23361710429228116, 0.2505910595962009, 0.23508422570480575], cca_quad=0, cca_conf=0.2733, cca_ratio=1.4149, cca_scores=[0.23075476020038907, 0.07894367701688798, 0.1630908675291417, 0.08670767000662828], cca_probs=[0.27325599183990407, 0.23476804207477342, 0.25537809236943054, 0.23659787371589194]"
2026 05 14 18:15:11.213634,SSVEP_UPDATE,"fbcca_quad=0, fbcca_conf=0.2884, fbcca_ratio=2.6939, fbcca_consec=3, fbcca_scores=[0.2629379902700232, 0.02719207264695381, 0.09760643255502162, 0.07589251518505286], fbcca_probs=[0.28843380344470565, 0.22785733084741672, 0.24448013327314685, 0.23922873243473078], cca_quad=0, cca_conf=0.2730, cca_ratio=1.4616, cca_scores=[0.23559704082183813, 0.06818189098601213, 0.16119329394537568, 0.11755117063015189], cca_probs=[0.2730151427676251, 0.23092941748634865, 0.25343908917817365, 0.24261635056785252]"
2026 05 14 18:15:12.229715,SSVEP_UPDATE,"fbcca_quad=2, fbcca_conf=0.2533, fbcca_ratio=1.0524, fbcca_consec=1, fbcca_scores=[0.12553935852789092, 0.09744613478327041, 0.1321140866512246, 0.12024249197199985], fbcca_probs=[0.2516602500103046, 0.2446886876372988, 0.253320298938847, 0.2503307634135496], cca_quad=2, cca_conf=0.2563, cca_ratio=1.1535, cca_scores=[0.12434057348935745, 0.14565347037256118, 0.16801362232203418, 0.13465788636672998], cca_probs=[0.2453052794149548, 0.25058955714741393, 0.2562558916886918, 0.24784927174893953]"
2026 05 14 18:15:13.247035,SSVEP_UPDATE,"fbcca_quad=1, fbcca_conf=0.2598, fbcca_ratio=1.1406, fbcca_consec=1, fbcca_scores=[0.14807229490955018, 0.1688890356427875, 0.13967063866566745, 0.061657258208921935], fbcca_probs=[0.2544605707498639, 0.25981312859554756, 0.2523316363174913, 0.2333946643370972], cca_quad=1, cca_conf=0.2642, cca_ratio=1.2966, cca_scores=[0.1418656703447757, 0.20405877004964562, 0.15737495257177223, 0.08858439287097052], cca_probs=[0.2482676329736152, 0.2641984246111742, 0.252148099604364, 0.23538584281084649]"
2026 05 14 18:15:14.276516,SSVEP_UPDATE,"fbcca_quad=2, fbcca_conf=0.2587, fbcca_ratio=1.0717, fbcca_consec=1, fbcca_scores=[0.11396816486708354, 0.07430648272505218, 0.1221448816187207, 0.039446221497288436], fbcca_probs=[0.2565739446625702, 0.24659695043447719, 0.2586804776590887, 0.23814862724386382], cca_quad=1, cca_conf=0.2540, cca_ratio=1.0243, cca_scores=[0.13315691750578615, 0.13639654384646924, 0.12843631996169308, 0.08388310065322667], cca_probs=[0.2531353439438751, 0.2539567376578401, 0.2519432098673237, 0.24096470853096108]"
2026 05 14 18:15:15.297236,SSVEP_UPDATE,"fbcca_quad=0, fbcca_conf=0.2570, fbcca_ratio=1.0349, fbcca_consec=1, fbcca_scores=[0.09579263472657967, 0.06007794515095082, 0.09256487062871782, 0.022855675950774375], fbcca_probs=[0.25698006494625136, 0.2479640619093658, 0.2561519311480126, 0.23890394199637022], cca_quad=2, cca_conf=0.2584, cca_ratio=1.1233, cca_scores=[0.10265073256550977, 0.12466746557870784, 0.14003639550110825, 0.058302781950526135], cca_probs=[0.24894353155717874, 0.2544852360876336, 0.2584266116291787, 0.23814462072600903]"
2026 05 14 18:15:16.312186,SSVEP_UPDATE,"fbcca_quad=2, fbcca_conf=0.2667, fbcca_ratio=1.4048, fbcca_consec=1, fbcca_scores=[0.10644209134307787, 0.05377973629858089, 0.1495267867025452, 0.0248204903767967], fbcca_probs=[0.25547043761753624, 0.2423648762807025, 0.2667178596514179, 0.23544682645034337], cca_quad=2, cca_conf=0.2652, cca_ratio=1.3963, cca_scores=[0.12877646799875556, 0.11577518425092306, 0.17980996293886403, 0.054392886636526076], cca_probs=[0.2520315919949382, 0.24877606661616836, 0.26522749771725734, 0.2339648436716361]"
2026 05 14 18:15:17.324936,SSVEP_UPDATE,"fbcca_quad=0, fbcca_conf=0.2695, fbcca_ratio=1.0561, fbcca_consec=1, fbcca_scores=[0.17189984392049099, 0.025325364632749425, 0.16277620318090374, 0.016404398083052437], fbcca_probs=[0.26950035628593133, 0.23275705637218314, 0.2670527145365965, 0.23068987280528908], cca_quad=2, cca_conf=0.2714, cca_ratio=1.2641, cca_scores=[0.1529059908324473, 0.057298538683881864, 0.19328447734111637, 0.031985622665585224], cca_probs=[0.26067938245966016, 0.23691081927784433, 0.2714206194781537, 0.2309891787843417]"
2026 05 14 18:15:18.351903,SSVEP_UPDATE,"fbcca_quad=2, fbcca_conf=0.2737, fbcca_ratio=1.1815, fbcca_consec=1, fbcca_scores=[0.1545841186785555, 0.011259137046170343, 0.1826440820162633, 0.0075587505189992545], fbcca_probs=[0.26608469577560107, 0.23055505440025537, 0.2736567617070636, 0.22970348811708005], cca_quad=2, cca_conf=0.2735, cca_ratio=1.3880, cca_scores=[0.13989045417421853, 0.050918424251489104, 0.19416464150747678, 0.023279505202635324], cca_probs=[0.259028667011205, 0.23697785764038523, 0.273475742852891, 0.2305177324955187]"
2026 05 14 18:15:19.359198,SSVEP_UPDATE,"fbcca_quad=2, fbcca_conf=0.2644, fbcca_ratio=1.5176, fbcca_consec=2, fbcca_scores=[0.0844646629462324, 0.04968137612981148, 0.1281794672384951, 0.02259202624609243], fbcca_probs=[0.2531324077198643, 0.24447900000651418, 0.26444347061943785, 0.23794512165418363], cca_quad=2, cca_conf=0.2679, cca_ratio=1.5645, cca_scores=[0.0892921093579035, 0.11531426630655262, 0.18041294396673951, 0.055155735310568], cca_probs=[0.24460614421400295, 0.2510548646031497, 0.26794190295238235, 0.2363970882304651]"
2026 05 14 18:15:20.386368,SSVEP_UPDATE,"fbcca_quad=0, fbcca_conf=0.2575, fbcca_ratio=1.3976, fbcca_consec=1, fbcca_scores=[0.09370690232598128, 0.051492337767393065, 0.06704866594127913, 0.04376216838638465], fbcca_probs=[0.2574903944372759, 0.2468467877589724, 0.25071684126365185, 0.24494597654009992], cca_quad=2, cca_conf=0.2584, cca_ratio=1.4341, cca_scores=[0.09364079130533107, 0.09422053412204151, 0.13512425919994983, 0.08510464295336412], cca_probs=[0.2478661192539619, 0.24800985951827217, 0.2583647190945367, 0.24575930213322933]"
2026 05 14 18:15:21.394783,SSVEP_UPDATE,"fbcca_quad=0, fbcca_conf=0.2915, fbcca_ratio=3.9112, fbcca_consec=2, fbcca_scores=[0.2553228972497339, 0.0652795826135548, 0.007698922757918419, 0.06036530361340113], fbcca_probs=[0.2915072594631776, 0.2410541494249595, 0.22756614304804393, 0.23987244806381894], cca_quad=0, cca_conf=0.2848, cca_ratio=2.4747, cca_scores=[0.2570009912694008, 0.10225877018645846, 0.030233295284393995, 0.10385226222517888], cca_probs=[0.28475879742954796, 0.2439346291411515, 0.22698292653261296, 0.24432364689668762]"
2026 05 14 18:15:22.432529,SSVEP_UPDATE,"fbcca_quad=0, fbcca_conf=0.2986, fbcca_ratio=5.1048, fbcca_consec=3, fbcca_scores=[0.29236818193357295, 0.05727303409624056, 0.033567174137892314, 0.05194851140514258], fbcca_probs=[0.29861709857355767, 0.2360555120929471, 0.2305254199511924, 0.23480196938230286], cca_quad=0, cca_conf=0.2915, cca_ratio=2.5142, cca_scores=[0.3234619285692737, 0.1286534402830864, 0.1033199052503784, 0.10713983614966743], cca_probs=[0.2914710124494074, 0.2398783859841587, 0.23387774809896264, 0.23477285346747132]"
2026 05 14 18:15:23.441739,SSVEP_UPDATE,"fbcca_quad=0, fbcca_conf=0.2631, fbcca_ratio=1.0514, fbcca_consec=4, fbcca_scores=[0.14127649021578897, 0.1343667842366301, 0.011691582996357738, 0.06867587143779966], fbcca_probs=[0.26305085532229466, 0.2612395163709562, 0.23107965374926928, 0.24462997455747992], cca_quad=0, cca_conf=0.2641, cca_ratio=1.2792, cca_scores=[0.13991230887821762, 0.10937085977217377, 0.03992770157229301, 0.048181918519248725], cca_probs=[0.26405270891481386, 0.25611006387432855, 0.23892844908409852, 0.24090877812675907]"
2026 05 14 18:15:24.472286,SSVEP_UPDATE,"fbcca_quad=1, fbcca_conf=0.2727, fbcca_ratio=1.8922, fbcca_consec=1, fbcca_scores=[0.09040757216499892, 0.18812591461849043, 0.019728981856240623, 0.09942225982731981], fbcca_probs=[0.24731239838734562, 0.27269955301236004, 0.23043612705170285, 0.24955192154859152], cca_quad=1, cca_conf=0.2596, cca_ratio=1.0821, cca_scores=[0.10772936302440302, 0.11656885369967446, 0.03801728945970238, 0.050173893231262326], cca_probs=[0.2573598141287303, 0.25964482810720696, 0.24002980116230965, 0.2429655566017531]"
2026 05 14 18:15:25.477069,SSVEP_UPDATE,"fbcca_quad=3, fbcca_conf=0.2583, fbcca_ratio=1.0072, fbcca_consec=1, fbcca_scores=[0.1033482071308585, 0.12870004481597488, 0.023232421313576106, 0.12963054110189487], fbcca_probs=[0.2515523194531435, 0.25801115881945613, 0.23218517275224315, 0.2582513489751573], cca_quad=1, cca_conf=0.2564, cca_ratio=1.0995, cca_scores=[0.0854201675089943, 0.09391718149345005, 0.01931901500939814, 0.0744994657447988], cca_probs=[0.2542130664262126, 0.2563823214502727, 0.23795262686741378, 0.25145198525610096]"
2026 05 14 18:15:26.507961,SSVEP_UPDATE,"fbcca_quad=0, fbcca_conf=0.2738, fbcca_ratio=1.9644, fbcca_consec=1, fbcca_scores=[0.18080104003244643, 0.09203790880438563, 0.03100401672012173, 0.049329183330532385], fbcca_probs=[0.27376641939782564, 0.2505133287367624, 0.23568077370119006, 0.24003947816422186], cca_quad=0, cca_conf=0.2636, cca_ratio=1.3846, cca_scores=[0.13523211267092053, 0.09766634268287348, 0.04607633032955886, 0.047095290381351164], cca_probs=[0.2636109081954913, 0.2538918562107241, 0.24112570645548445, 0.2413715291383002]"
2026 05 14 18:15:27.520886,SSVEP_UPDATE,"fbcca_quad=0, fbcca_conf=0.3129, fbcca_ratio=4.1321, fbcca_consec=2, fbcca_scores=[0.35444443453874586, 0.08577841627910503, 0.015558933547244727, 0.02518167398579443], fbcca_probs=[0.3128503446519056, 0.239142336730845, 0.22292590308963384, 0.2250814155276156], cca_quad=0, cca_conf=0.2829, cca_ratio=1.6002, cca_scores=[0.25200334799422985, 0.15748412868165662, 0.04642742502986275, 0.04275847236594792], cca_probs=[0.28287062010471004, 0.2573585891794277, 0.2303071142017074, 0.22946367651415484]"
2026 05 14 18:15:28.543317,SSVEP_UPDATE,"fbcca_quad=0, fbcca_conf=0.3017, fbcca_ratio=4.2387, fbcca_consec=3, fbcca_scores=[0.32068166429348993, 0.07565483418304766, 0.0716430523102167, 0.03575694603352617], fbcca_probs=[0.3017224477010896, 0.2361531930038392, 0.23520769573743242, 0.22691666355763881], cca_quad=0, cca_conf=0.2723, cca_ratio=1.4578, cca_scores=[0.24137220526155242, 0.16557101910041447, 0.13112676251321256, 0.07846761570161301], cca_probs=[0.2723098691884936, 0.25243138183344305, 0.24388460914177254, 0.2313741398362908]"
2026 05 14 18:15:29.559424,SSVEP_UPDATE,"fbcca_quad=0, fbcca_conf=0.2708, fbcca_ratio=1.8405, fbcca_consec=4, fbcca_scores=[0.20454128241566, 0.11083404692116297, 0.11113354715273066, 0.06650820347994892], fbcca_probs=[0.2708235388068652, 0.24659818361315217, 0.2466720508873292, 0.23590622669265351], cca_quad=1, cca_conf=0.2627, cca_ratio=1.0922, cca_scores=[0.20748489232512352, 0.22660824690395462, 0.143515281879837, 0.1267092804962893], cca_probs=[0.2577491291973355, 0.2627255888306197, 0.2417773192052205, 0.23774796276682425]"
2026 05 14 18:15:30.569589,SSVEP_UPDATE,"fbcca_quad=2, fbcca_conf=0.2776, fbcca_ratio=1.2908, fbcca_consec=1, fbcca_scores=[0.20009238806298013, 0.09582652548757416, 0.25828604389826876, 0.04548033584430997], fbcca_probs=[0.2619410099266584, 0.23600511130975857, 0.27763657694828453, 0.22441730181529848], cca_quad=2, cca_conf=0.2641, cca_ratio=1.1739, cca_scores=[0.2197054854383329, 0.2162659725679596, 0.25790134203673776, 0.112921597946258], cca_probs=[0.2541799274424167, 0.25330717409418213, 0.26407634543533653, 0.22843655302806462]"
2026 05 14 18:15:31.591328,SSVEP_UPDATE,"fbcca_quad=0, fbcca_conf=0.2633, fbcca_ratio=1.4315, fbcca_consec=1, fbcca_scores=[0.15133462382089644, 0.07032695956497728, 0.10571720791058546, 0.06782762299059972], fbcca_probs=[0.26333261688515164, 0.24284181683412226, 0.25158993503474597, 0.24223563124598016], cca_quad=0, cca_conf=0.2560, cca_ratio=1.0358, cca_scores=[0.19970914928006397, 0.1799147937875811, 0.19280120345520343, 0.1305428797859008], cca_probs=[0.2559713223708859, 0.25095435267075855, 0.25420917974353907, 0.2388651452148165]"
2026 05 14 18:15:32.615075,SSVEP_UPDATE,"fbcca_quad=0, fbcca_conf=0.2628, fbcca_ratio=1.0431, fbcca_consec=2, fbcca_scores=[0.1570297182112156, 0.1505423997905347, 0.10860232948165145, 0.004585394377789055], fbcca_probs=[0.2628212835538601, 0.2611217967161285, 0.2503968056734581, 0.22566011405655317], cca_quad=1, cca_conf=0.2746, cca_ratio=1.3251, cca_scores=[0.17642775388660334, 0.25773687110363486, 0.19450547446588967, 0.01031099677503469], cca_probs=[0.25317124843412986, 0.27461640919068225, 0.2577896266225612, 0.21442271575262667]"
2026 05 14 18:15:33.628293,SSVEP_UPDATE,"fbcca_quad=0, fbcca_conf=0.2742, fbcca_ratio=2.0179, fbcca_consec=3, fbcca_scores=[0.18548380241823453, 0.07394177151238152, 0.09191720376605936, 0.012686404324970327], fbcca_probs=[0.2742401401785137, 0.24529513437353506, 0.24974428837800033, 0.23072043706995088], cca_quad=2, cca_conf=0.2627, cca_ratio=1.0804, cca_scores=[0.14948778598247914, 0.17974643680479738, 0.19419969059634629, 0.048969616374413695], cca_probs=[0.25120475766446726, 0.2589220432252135, 0.2626914839515419, 0.22718171515877741]"
2026 05 14 18:15:33.628293,PHASE_TIMEOUT,
2026 05 14 18:15:36.643069,PHASE_SSVEP,
2026 05 14 18:15:36.761292,SSVEP_UPDATE,"fbcca_quad=3, fbcca_conf=0.2679, fbcca_ratio=1.5427, fbcca_consec=1, fbcca_scores=[0.0546378358427306, 0.09807518292463427, 0.019697029965836915, 0.15130310624120008], fbcca_probs=[0.2432173524495941, 0.25401487928409816, 0.23486589512239256, 0.26790187314391517], cca_quad=3, cca_conf=0.2607, cca_ratio=1.2846, cca_scores=[0.07586125027108397, 0.10220890991882664, 0.04575085817059616, 0.13130208504531246], cca_probs=[0.24666735658857547, 0.25325283920821307, 0.23935081057639931, 0.2607289936268121]"
2026 05 14 18:15:37.776799,SSVEP_UPDATE,"fbcca_quad=1, fbcca_conf=0.2648, fbcca_ratio=1.4724, fbcca_consec=1, fbcca_scores=[0.02564650451595317, 0.11441807154156053, 0.006355877936096793, 0.07770812696731694], fbcca_probs=[0.2422970207956772, 0.26478969291100896, 0.23766775373309054, 0.2552455325602233], cca_quad=1, cca_conf=0.2642, cca_ratio=1.4343, cca_scores=[0.06713950047668107, 0.13562584265570166, 0.020430562389301788, 0.09456083240964626], cca_probs=[0.2467276577236519, 0.2642171941931691, 0.23546827474441587, 0.2535868733387631]"
2026 05 14 18:15:38.790145,SSVEP_UPDATE,"fbcca_quad=1, fbcca_conf=0.2661, fbcca_ratio=1.7958, fbcca_consec=2, fbcca_scores=[0.06993846027293234, 0.1255922881517985, 0.021104567180414088, 0.032521257456405106], fbcca_probs=[0.2517087808266118, 0.26611448621546024, 0.23971216582224047, 0.2424645671356874], cca_quad=1, cca_conf=0.2708, cca_ratio=1.5730, cca_scores=[0.1104291770903974, 0.17370066407257206, 0.030955887204813768, 0.054625325409160715], cca_probs=[0.25415264269022514, 0.27075288163236105, 0.2347360642490274, 0.24035841142838635]"
2026 05 14 18:15:39.828068,SSVEP_UPDATE,"fbcca_quad=0, fbcca_conf=0.2658, fbcca_ratio=2.0762, fbcca_consec=1, fbcca_scores=[0.13285516737182357, 0.06398885146779927, 0.0566575557033946, 0.030321610064734862], fbcca_probs=[0.2657713788186993, 0.2480846814123066, 0.24627254999047749, 0.23987138977851663], cca_quad=0, cca_conf=0.2582, cca_ratio=1.1342, cca_scores=[0.12375847417470824, 0.10911150795322516, 0.08830794476964338, 0.04288950581207974], cca_probs=[0.25820145983276277, 0.2544471534898536, 0.24920842708018037, 0.23814295959720325]"
2026 05 14 18:15:40.842810,SSVEP_UPDATE,"fbcca_quad=0, fbcca_conf=0.2659, fbcca_ratio=1.7430, fbcca_consec=2, fbcca_scores=[0.14032363729767935, 0.06249936471415095, 0.0805073822248124, 0.028675003801620552], fbcca_probs=[0.2658568294538506, 0.2459513263923477, 0.2504205422679693, 0.23777130188583237], cca_quad=0, cca_conf=0.2587, cca_ratio=1.0637, cca_scores=[0.15207463649117967, 0.11983370537016814, 0.142967744155389, 0.05306756234586745], cca_probs=[0.2587359598276522, 0.2505271130636073, 0.25639037599879055, 0.23434655110995]"
2026 05 14 18:15:41.867001,SSVEP_UPDATE,"fbcca_quad=0, fbcca_conf=0.2691, fbcca_ratio=1.6779, fbcca_consec=3, fbcca_scores=[0.1472621632543575, 0.08776682542874262, 0.029404802126120774, 0.02477909122429941], fbcca_probs=[0.269122236119718, 0.25357771597230366, 0.23920198597854794, 0.23809806192943045], cca_quad=0, cca_conf=0.2716, cca_ratio=1.4320, cca_scores=[0.1951491625397622, 0.13627754094738406, 0.0464500272973406, 0.06343101633678398], cca_probs=[0.27164728709759806, 0.25611661410271114, 0.23411333856737415, 0.23812276023231654]"
2026 05 14 18:15:42.874972,SSVEP_UPDATE,"fbcca_quad=0, fbcca_conf=0.2705, fbcca_ratio=2.0528, fbcca_consec=4, fbcca_scores=[0.16326665412886185, 0.07901379413614291, 0.07953247339232272, 0.010677955934308089], fbcca_probs=[0.2704634517924305, 0.24860967981901397, 0.24873866195010788, 0.23218820643844776], cca_quad=0, cca_conf=0.2707, cca_ratio=1.4082, cca_scores=[0.1993851932352258, 0.14159200260712268, 0.09449241343341822, 0.03688746292907546], cca_probs=[0.27068843243023677, 0.2554879568751827, 0.24373356545762076, 0.23009004523695964]"
2026 05 14 18:15:43.895236,SSVEP_UPDATE,"fbcca_quad=0, fbcca_conf=0.2654, fbcca_ratio=1.7144, fbcca_consec=5, fbcca_scores=[0.1344192357123579, 0.06544181577901385, 0.07840536154029117, 0.016430116665962342], fbcca_probs=[0.26542240220064345, 0.24773140319275105, 0.2509637868838334, 0.23588240772277208], cca_quad=0, cca_conf=0.2647, cca_ratio=1.2081, cca_scores=[0.16345930299435796, 0.13529840845685032, 0.0909261896618286, 0.030364918387928982], cca_probs=[0.2647148820107211, 0.25736425995143425, 0.24619409194757885, 0.2317267660902658]"
2026 05 14 18:15:44.922535,SSVEP_UPDATE,"fbcca_quad=0, fbcca_conf=0.2685, fbcca_ratio=1.6204, fbcca_consec=6, fbcca_scores=[0.16083726799947262, 0.09925694187688325, 0.06597615728308921, 0.027030250099789103], fbcca_probs=[0.2684898545142645, 0.2524549460522168, 0.24419132007695138, 0.23486387935656733], cca_quad=0, cca_conf=0.2684, cca_ratio=1.1544, cca_scores=[0.19875994942048059, 0.17217526743776632, 0.08860662727963563, 0.04389805790968], cca_probs=[0.26838462611490194, 0.2613437110968238, 0.2403912493358721, 0.22988041345240207]"
2026 05 14 18:15:45.932825,SSVEP_UPDATE,"fbcca_quad=0, fbcca_conf=0.2582, fbcca_ratio=1.1133, fbcca_consec=7, fbcca_scores=[0.10067621066111578, 0.051604732789945804, 0.0904307358266658, 0.028875789500048446], fbcca_probs=[0.25822201275637857, 0.24585655388823904, 0.2555899122071569, 0.24033152114822554], cca_quad=0, cca_conf=0.2666, cca_ratio=1.4889, cca_scores=[0.17633485835265061, 0.09029508786182028, 0.11843368913054247, 0.058992693585076514], cca_probs=[0.2666252997159929, 0.2446441071070421, 0.2516258172087298, 0.2371047759682352]"
2026 05 14 18:15:46.956638,SSVEP_UPDATE,"fbcca_quad=0, fbcca_conf=0.2727, fbcca_ratio=2.0136, fbcca_consec=8, fbcca_scores=[0.17972297758826974, 0.054016056833389114, 0.08925418522485361, 0.041708601768731535], fbcca_probs=[0.27274247600308793, 0.24052429854368032, 0.24915102688679408, 0.23758219856643764], cca_quad=0, cca_conf=0.2728, cca_ratio=1.8581, cca_scores=[0.23192401413122593, 0.12392630002868686, 0.12481953337931684, 0.09158669494127711], cca_probs=[0.2728418801169398, 0.2449109608956333, 0.2451298212659793, 0.23711733772144775]"
2026 05 14 18:15:47.967150,SSVEP_UPDATE,"fbcca_quad=0, fbcca_conf=0.2736, fbcca_ratio=2.2213, fbcca_consec=9, fbcca_scores=[0.17614929632583448, 0.07930128528530822, 0.027702993380922927, 0.05481576530644936], fbcca_probs=[0.2735619795047454, 0.24831055514422012, 0.23582309096019585, 0.24230437439083855], cca_quad=0, cca_conf=0.2704, cca_ratio=1.3310, cca_scores=[0.2130117374541789, 0.1600345390776678, 0.0509887738806754, 0.10700963396711254], cca_probs=[0.270398448702825, 0.25644633148201024, 0.22995270182423977, 0.24320251799092502]"
2026 05 14 18:15:48.981458,SSVEP_UPDATE,"fbcca_quad=0, fbcca_conf=0.2706, fbcca_ratio=1.2932, fbcca_consec=10, fbcca_scores=[0.1869846420893715, 0.14459448179162898, 0.025712658029743877, 0.06552085414483835], fbcca_probs=[0.2706228532040794, 0.25939085211214197, 0.23031643827350717, 0.23966985641027144], cca_quad=1, cca_conf=0.2646, cca_ratio=1.0971, cca_scores=[0.1755050283684385, 0.1925382429100711, 0.06799985947985211, 0.10106026586126386], cca_probs=[0.26017886490267866, 0.2646485054364729, 0.2336593224448685, 0.24151330721597983]"
2026 05 14 18:15:50.011542,SSVEP_UPDATE,"fbcca_quad=0, fbcca_conf=0.2688, fbcca_ratio=1.7437, fbcca_consec=11, fbcca_scores=[0.1721151482893576, 0.09870623466230576, 0.0876396595096592, 0.03536493228062284], fbcca_probs=[0.2687880841759893, 0.24976347357879014, 0.2470146852179406, 0.23443375702727992], cca_quad=0, cca_conf=0.2577, cca_ratio=1.0164, cca_scores=[0.1481966285136806, 0.14580047051098113, 0.11338759192355437, 0.06187057395923006], cca_probs=[0.25768602464353946, 0.2570693073844811, 0.24887054171945117, 0.23637412625252832]"
2026 05 14 18:15:51.023695,SSVEP_UPDATE,"fbcca_quad=0, fbcca_conf=0.3085, fbcca_ratio=2.1284, fbcca_consec=12, fbcca_scores=[0.39244597799576, 0.09964494273308631, 0.1843860741880443, 0.010660681045779816], fbcca_probs=[0.3085495462308025, 0.23023059620359446, 0.2505911008121874, 0.2106287567534158], cca_quad=0, cca_conf=0.2726, cca_ratio=1.3774, cca_scores=[0.2394275111968248, 0.15963796496073882, 0.17382438490777727, 0.026615106007664008], cca_probs=[0.27261915237554163, 0.25171216409441427, 0.25530850786671777, 0.2203601756633264]"
2026 05 14 18:15:52.039391,SSVEP_UPDATE,"fbcca_quad=0, fbcca_conf=0.3036, fbcca_ratio=1.3769, fbcca_consec=13, fbcca_scores=[0.39651355613740874, 0.05814977711070738, 0.28797382465358207, 0.016083788473532343], fbcca_probs=[0.30361483429661285, 0.2164579119835836, 0.2723859989693644, 0.20754125475043922], cca_quad=0, cca_conf=0.2725, cca_ratio=1.1019, cca_scores=[0.262163852461318, 0.1316601157402444, 0.23791353791009506, 0.058497841428282134], cca_probs=[0.27252193879358694, 0.2391797553034684, 0.2659926842664108, 0.2223056216365338]"
2026 05 14 18:15:53.077264,SSVEP_UPDATE,"fbcca_quad=0, fbcca_conf=0.2800, fbcca_ratio=1.4844, fbcca_consec=14, fbcca_scores=[0.2590126101850195, 0.10022080236985637, 0.17449553804793888, 0.03425127875735862], fbcca_probs=[0.2800464062106051, 0.23892830266769513, 0.2573503159403174, 0.22367497518138238], cca_quad=0, cca_conf=0.2634, cca_ratio=1.1760, cca_scores=[0.17957155676804723, 0.12926722167651375, 0.15269457986370483, 0.04349461063879427], cca_probs=[0.26335219015657746, 0.2504321254011676, 0.256368352057311, 0.22984733238494395]"
2026 05 14 18:15:54.124171,SSVEP_UPDATE,"fbcca_quad=1, fbcca_conf=0.2705, fbcca_ratio=1.7632, fbcca_consec=1, fbcca_scores=[0.09290768477882663, 0.16381605644425998, 0.060505277872932604, 0.017195516218704597], fbcca_probs=[0.25197277050909983, 0.2704884503068729, 0.243939104209303, 0.23359967497472417], cca_quad=1, cca_conf=0.2722, cca_ratio=1.3575, cca_scores=[0.15388640223918115, 0.20889624254388675, 0.0744823507165492, 0.050538824466205855], cca_probs=[0.2575971106445219, 0.27216448778730734, 0.23793385769487405, 0.23230454387329666]"
2026 05 14 18:15:55.150341,SSVEP_UPDATE,"fbcca_quad=1, fbcca_conf=0.2657, fbcca_ratio=1.3721, fbcca_consec=2, fbcca_scores=[0.09681340687429024, 0.13283568342310798, 0.04045707262179507, 0.013555211447355895], fbcca_probs=[0.256279175839272, 0.2656792243179467, 0.2422356582269121, 0.23580594161586912], cca_quad=1, cca_conf=0.2665, cca_ratio=1.0368, cca_scores=[0.18900201756590113, 0.19595759968424636, 0.08370717610538861, 0.05090599033037559], cca_probs=[0.2646865302426181, 0.2665339967936115, 0.23823352249996843, 0.23054595046380205]"
2026 05 14 18:15:56.165258,SSVEP_UPDATE,"fbcca_quad=0, fbcca_conf=0.2758, fbcca_ratio=2.4426, fbcca_consec=1, fbcca_scores=[0.18308045178779736, 0.07495367990161905, 0.04968035954141191, 0.02481733279290256], fbcca_probs=[0.2757666839321693, 0.2475044070841816, 0.24132753275682717, 0.23540137622682197], cca_quad=0, cca_conf=0.2845, cca_ratio=1.9001, cca_scores=[0.2712144675429483, 0.14273496755992532, 0.07109986306438697, 0.06890588645859398], cca_probs=[0.2845021969728852, 0.2502002196119675, 0.2329040046083869, 0.23239357880676043]"
2026 05 14 18:15:57.182706,SSVEP_UPDATE,"fbcca_quad=0, fbcca_conf=0.2715, fbcca_ratio=1.8871, fbcca_consec=2, fbcca_scores=[0.18187313894386872, 0.08339200800936548, 0.09637562738300381, 0.029756016159735863], fbcca_probs=[0.2715062917333172, 0.24604247463417409, 0.24925782474690533, 0.23319340888560344], cca_quad=0, cca_conf=0.2725, cca_ratio=1.4201, cca_scores=[0.22787634448493305, 0.1070932703445143, 0.16046440954787108, 0.06386757189821586], cca_probs=[0.27249658196652615, 0.24149360602184464, 0.2547325409867295, 0.23127727102489973]"
2026 05 14 18:15:58.191863,SSVEP_UPDATE,"fbcca_quad=2, fbcca_conf=0.2718, fbcca_ratio=1.3415, fbcca_consec=1, fbcca_scores=[0.1471898624823581, 0.0655232531795893, 0.19745077432705563, 0.03767989238974676], fbcca_probs=[0.2584381474594182, 0.23817120914245285, 0.2717594506354238, 0.23163119276270525], cca_quad=2, cca_conf=0.2675, cca_ratio=1.1561, cca_scores=[0.18546795204790423, 0.12408828220703275, 0.21441760278872907, 0.05546111941671302], cca_probs=[0.2598801021263684, 0.24440842750920236, 0.2675134992979979, 0.22819797106643136]"
2026 05 14 18:15:59.215830,SSVEP_UPDATE,"fbcca_quad=0, fbcca_conf=0.2775, fbcca_ratio=1.6635, fbcca_consec=1, fbcca_scores=[0.24442183999308337, 0.1469311313202501, 0.10557781095157706, 0.0536663171065603], fbcca_probs=[0.2774841746649229, 0.2517088832819512, 0.24151217219453275, 0.22929476985859315], cca_quad=1, cca_conf=0.2636, cca_ratio=1.0229, cca_scores=[0.2414905902337168, 0.24700937065773987, 0.18495028265011487, 0.09467575353684982], cca_probs=[0.2621908059195718, 0.26364177952632545, 0.24777775569347157, 0.2263896588606312]"
2026 05 14 18:16:00.225164,SSVEP_UPDATE,"fbcca_quad=1, fbcca_conf=0.2545, fbcca_ratio=1.2207, fbcca_consec=1, fbcca_scores=[0.06826479638991972, 0.08360178950331316, 0.06848643589673356, 0.042123808812611324], fbcca_probs=[0.250634443335634, 0.25450805088324246, 0.2506899999865924, 0.24416750579453106], cca_quad=1, cca_conf=0.2676, cca_ratio=1.3661, cca_scores=[0.1456037070256806, 0.1989091670810962, 0.09272537912536948, 0.08134886976878233], cca_probs=[0.25374185612657524, 0.2676346745253145, 0.2406729860867573, 0.2379504832613529]"
2026 05 14 18:16:01.257245,SSVEP_UPDATE,"fbcca_quad=2, fbcca_conf=0.2648, fbcca_ratio=1.8279, fbcca_consec=1, fbcca_scores=[0.07524663707007767, 0.07917798299363252, 0.14472702399066772, 0.04721519808594267], fbcca_probs=[0.24702044452883995, 0.24799347876032718, 0.26479382160811904, 0.24019225510271375], cca_quad=1, cca_conf=0.2591, cca_ratio=1.3704, cca_scores=[0.08928598035641276, 0.122353342865054, 0.07036081392277678, 0.0641176814699368], cca_probs=[0.2506253895098277, 0.25905145624366777, 0.24592686273672518, 0.24439629150977935]"
2026 05 14 18:16:02.284961,SSVEP_UPDATE,"fbcca_quad=0, fbcca_conf=0.2727, fbcca_ratio=1.1241, fbcca_consec=1, fbcca_scores=[0.22350314449576827, 0.043291572599797296, 0.19883462533608864, 0.06882050845838776], fbcca_probs=[0.27267171300265985, 0.22770637799875565, 0.2660275928573867, 0.23359431614119786], cca_quad=0, cca_conf=0.2606, cca_ratio=1.2508, cca_scores=[0.1273984221018142, 0.05372878267904234, 0.1018519225130569, 0.05938628415632686], cca_probs=[0.2605520501997229, 0.2420472634596336, 0.25398015917255734, 0.24342052716808615]"
2026 05 14 18:16:03.309969,SSVEP_UPDATE,"fbcca_quad=0, fbcca_conf=0.2597, fbcca_ratio=1.0679, fbcca_consec=2, fbcca_scores=[0.11507598588776109, 0.04360256260195925, 0.10776238632984933, 0.03912596009450716], fbcca_probs=[0.2597000146631773, 0.24178617273937042, 0.2578076013625124, 0.24070621123493985], cca_quad=0, cca_conf=0.2575, cca_ratio=1.5696, cca_scores=[0.0899208008667548, 0.055912327179081775, 0.05728763665907148, 0.036881020737731], cca_probs=[0.25754615691552457, 0.24893466699988964, 0.24927726474227285, 0.244241911342313]"
2026 05 14 18:16:04.321980,SSVEP_UPDATE,"fbcca_quad=2, fbcca_conf=0.2619, fbcca_ratio=2.0515, fbcca_consec=1, fbcca_scores=[0.031252133029160634, 0.02151067735935441, 0.09596326602895619, 0.04677617954847391], fbcca_probs=[0.24553122062123586, 0.24315100134302828, 0.26194517960581926, 0.24937259842991663], cca_quad=2, cca_conf=0.2549, cca_ratio=1.3740, cca_scores=[0.052821289037765645, 0.03747429108276579, 0.0725772408954864, 0.04950815602565451], cca_probs=[0.2499115994824245, 0.24610548757633466, 0.2548979337215901, 0.2490849792196508]"
2026 05 14 18:16:05.341588,SSVEP_UPDATE,"fbcca_quad=0, fbcca_conf=0.2625, fbcca_ratio=1.9074, fbcca_consec=1, fbcca_scores=[0.1246714037073203, 0.056572865196092205, 0.055865991330510345, 0.0653620783131428], fbcca_probs=[0.262460858086037, 0.2451826444477989, 0.2450093924850009, 0.24734710498116327], cca_quad=0, cca_conf=0.2614, cca_ratio=1.3739, cca_scores=[0.1573566009705877, 0.08423105519961238, 0.1145330314448958, 0.09348640307828665], cca_probs=[0.2613906666887379, 0.24295847639080825, 0.2504332770427297, 0.24521757987772413]"
2026 05 14 18:16:06.366036,SSVEP_UPDATE,"fbcca_quad=0, fbcca_conf=0.2732, fbcca_ratio=2.2722, fbcca_consec=2, fbcca_scores=[0.18091216309398492, 0.07154791921707844, 0.07962031641496403, 0.02987257521202501], fbcca_probs=[0.2732324967736797, 0.24492666161953694, 0.24691180858394712, 0.2349290330228362], cca_quad=0, cca_conf=0.2719, cca_ratio=1.7399, cca_scores=[0.20269760148326724, 0.11650070731042965, 0.09871038510548319, 0.050909478221929365], cca_probs=[0.27190015013774144, 0.24944489015349744, 0.24504642623767187, 0.23360853347108942]"
2026 05 14 18:16:07.374415,SSVEP_UPDATE,"fbcca_quad=2, fbcca_conf=0.2700, fbcca_ratio=1.6499, fbcca_consec=1, fbcca_scores=[0.104997348117022, 0.06585501965095297, 0.17323017305914695, 0.03573243201049353], fbcca_probs=[0.25218722998530935, 0.2425067292088559, 0.2699953165442703, 0.23531072426156452], cca_quad=0, cca_conf=0.2601, cca_ratio=1.0730, cca_scores=[0.16691862982317238, 0.1175222899618162, 0.15556112282005136, 0.06634194608202076], cca_probs=[0.2600897713085802, 0.24755443713019062, 0.2571525114579184, 0.23520328010331068]"
2026 05 14 18:16:07.374415,PHASE_TIMEOUT,
2026 05 14 18:16:10.375905,PHASE_SSVEP,
2026 05 14 18:16:10.408371,SSVEP_UPDATE,"fbcca_quad=3, fbcca_conf=0.2656, fbcca_ratio=1.7712, fbcca_consec=1, fbcca_scores=[0.02228216335214052, 0.05072168902290729, 0.07380097541671393, 0.13071723182965728], fbcca_probs=[0.238308051684152, 0.2451827123318839, 0.2509071583397907, 0.26560207764417343], cca_quad=3, cca_conf=0.2634, cca_ratio=1.5221, cca_scores=[0.05517962248917609, 0.05378797134783889, 0.0896446294067741, 0.13644382661887877], cca_probs=[0.24281671935860596, 0.24247903821564754, 0.2513312837215239, 0.26337295870422256]"
2026 05 14 18:16:11.441027,SSVEP_UPDATE,"fbcca_quad=3, fbcca_conf=0.2537, fbcca_ratio=1.1411, fbcca_consec=2, fbcca_scores=[0.022168285166577675, 0.05246739991754785, 0.045778440011268635, 0.05987306182596894], fbcca_probs=[0.2443148839186874, 0.2518306948574406, 0.2501518306238086, 0.25370259060006345], cca_quad=2, cca_conf=0.2542, cca_ratio=1.0839, cca_scores=[0.048332746662029656, 0.06843520525080131, 0.08816289199328635, 0.08133638426348815], cca_probs=[0.24423041215501043, 0.24918972407537104, 0.25415447136637576, 0.2524253924032428]"
2026 05 14 18:16:12.456807,SSVEP_UPDATE,"fbcca_quad=0, fbcca_conf=0.2536, fbcca_ratio=1.2262, fbcca_consec=1, fbcca_scores=[0.05666779645218073, 0.04067600102315675, 0.04621561101869944, 0.02561595530516378], fbcca_probs=[0.2536035183981086, 0.24958019860777522, 0.250966612120312, 0.2458496708738042], cca_quad=0, cca_conf=0.2572, cca_ratio=1.2375, cca_scores=[0.11422213119289419, 0.08137224578814983, 0.09230201344629807, 0.0543360465771389], cca_probs=[0.25720998057238953, 0.24889793452339218, 0.25163325208102266, 0.24225883282319566]"
2026 05 14 18:16:13.473571,SSVEP_UPDATE,"fbcca_quad=0, fbcca_conf=0.2845, fbcca_ratio=3.4321, fbcca_consec=2, fbcca_scores=[0.22929894571495718, 0.05012507973844439, 0.06681000261569126, 0.04167753401203273], fbcca_probs=[0.28450194157858805, 0.2378323971868139, 0.2418339019608315, 0.23583175927376657], cca_quad=0, cca_conf=0.2806, cca_ratio=2.7752, cca_scores=[0.22358446706361515, 0.0674030878847845, 0.0805647303261407, 0.0510828945929344], cca_probs=[0.28060739535639057, 0.24003269510151842, 0.243212801412734, 0.2361471081293569]"
2026 05 14 18:16:14.489066,SSVEP_UPDATE,"fbcca_quad=0, fbcca_conf=0.3145, fbcca_ratio=3.0134, fbcca_consec=3, fbcca_scores=[0.4051888813925609, 0.061785916762646075, 0.13446013745189325, 0.059797511518978455], fbcca_probs=[0.3144536483900347, 0.2230584218950575, 0.23987259768849245, 0.22261533202641534], cca_quad=0, cca_conf=0.2859, cca_ratio=2.3163, cca_scores=[0.2847797245721359, 0.09910200734016865, 0.12294806824716838, 0.08268679816521461], cca_probs=[0.2858658268039531, 0.23742335282954205, 0.24315300790975494, 0.23355781245674986]"
2026 05 14 18:16:15.513218,SSVEP_UPDATE,"fbcca_quad=0, fbcca_conf=0.3008, fbcca_ratio=1.5801, fbcca_consec=4, fbcca_scores=[0.34577307923412415, 0.01618712211013431, 0.21883428499510044, 0.023187877988751864], fbcca_probs=[0.3008167239650804, 0.216353843496961, 0.2649556343913673, 0.2178737981465913], cca_quad=0, cca_conf=0.2809, cca_ratio=1.3183, cca_scores=[0.2772567181305892, 0.07741958821565342, 0.21031292386637546, 0.0617531854070257], cca_probs=[0.280879364817004, 0.2300020312806627, 0.26269179850227875, 0.22642680540005455]"
2026 05 14 18:16:16.541940,SSVEP_UPDATE,"fbcca_quad=0, fbcca_conf=0.2954, fbcca_ratio=2.6068, fbcca_consec=5, fbcca_scores=[0.3064549455115162, 0.03525852374090803, 0.11756124870496064, 0.0770162457061066], fbcca_probs=[0.2953929693747882, 0.22522730747567657, 0.2445483091054556, 0.23483141404407964], cca_quad=0, cca_conf=0.2716, cca_ratio=1.7505, cca_scores=[0.23208765595188485, 0.09698960305622269, 0.12930163347425738, 0.13258714844076008], cca_probs=[0.27164761434901163, 0.23731957201671633, 0.24511308326538608, 0.2459197303688859]"
2026 05 14 18:16:17.557360,SSVEP_UPDATE,"fbcca_quad=0, fbcca_conf=0.2939, fbcca_ratio=1.7715, fbcca_consec=6, fbcca_scores=[0.30155434182818974, 0.03219168323710493, 0.1702300005282847, 0.029534778448070162], fbcca_probs=[0.2938895505498041, 0.22449228913628724, 0.25772153415541404, 0.22389662615849465], cca_quad=0, cca_conf=0.2725, cca_ratio=1.1480, cca_scores=[0.2410140824489101, 0.08006844860797015, 0.2099408966350312, 0.07663638883885092], cca_probs=[0.27254161027416596, 0.2320251258451807, 0.2642030971813387, 0.2312301666993147]"
2026 05 14 18:16:18.576629,SSVEP_UPDATE,"fbcca_quad=0, fbcca_conf=0.3474, fbcca_ratio=3.0766, fbcca_consec=7, fbcca_scores=[0.5773617167872951, 0.09082434107947739, 0.1876626188482758, 0.04441108025022815], fbcca_probs=[0.3473569715015557, 0.21353817274988748, 0.23525120238264155, 0.2038536533659152], cca_quad=0, cca_conf=0.2949, cca_ratio=1.8293, cca_scores=[0.3840188098073252, 0.16486907172218673, 0.20992535021412204, 0.09255741219674878], cca_probs=[0.29493386243118236, 0.23689130280397383, 0.24780884841887463, 0.2203659863459692]"
2026 05 14 18:16:18.576629,SSVEP_CONFIRMED,"fbcca_quad=0, fbcca_conf=0.3474, fbcca_ratio=3.0766, fbcca_consec=7, fbcca_scores=[0.5773617167872951, 0.09082434107947739, 0.1876626188482758, 0.04441108025022815], fbcca_probs=[0.3473569715015557, 0.21353817274988748, 0.23525120238264155, 0.2038536533659152], cca_quad=0, cca_conf=0.2949, cca_ratio=1.8293, cca_scores=[0.3840188098073252, 0.16486907172218673, 0.20992535021412204, 0.09255741219674878], cca_probs=[0.29493386243118236, 0.23689130280397383, 0.24780884841887463, 0.2203659863459692]"
2026 05 14 18:16:18.576629,SELECTION,"quad=0, result=navigate, output='Make L'"
2026 05 14 18:16:21.588433,PHASE_SSVEP,
2026 05 14 18:16:21.703692,SSVEP_UPDATE,"fbcca_quad=2, fbcca_conf=0.2589, fbcca_ratio=2.0619, fbcca_consec=1, fbcca_scores=[0.04074997578867311, 0.04018026354522425, 0.0840222632799221, 0.030976476691578922], fbcca_probs=[0.24789741216803104, 0.24775622219984522, 0.2588599773362923, 0.24548638829583136], cca_quad=1, cca_conf=0.2570, cca_ratio=1.0257, cca_scores=[0.07118513181897292, 0.1098090555710765, 0.10705535332794673, 0.03930068325629757], cca_probs=[0.2472481683943083, 0.2569846836220022, 0.2562779977700294, 0.23948915021366013]"
2026 05 14 18:16:22.724396,SSVEP_UPDATE,"fbcca_quad=2, fbcca_conf=0.2785, fbcca_ratio=2.9478, fbcca_consec=2, fbcca_scores=[0.03378457674900616, 0.021453653681973817, 0.18660641179503715, 0.06330326720089437], fbcca_probs=[0.23907311234117343, 0.23614322143962074, 0.2785482376496075, 0.24623542856959832], cca_quad=2, cca_conf=0.2711, cca_ratio=2.3204, cca_scores=[0.07172815900191076, 0.033187236991147125, 0.16644008262456184, 0.06468927094118525], cca_probs=[0.24663830321799643, 0.23731348341595945, 0.27113987390255967, 0.24490833946348448]"
2026 05 14 18:16:23.747207,SSVEP_UPDATE,"fbcca_quad=2, fbcca_conf=0.2849, fbcca_ratio=4.5784, fbcca_consec=3, fbcca_scores=[0.008121214639629953, 0.04473499458250746, 0.20481310555228843, 0.0260425122278322], fbcca_probs=[0.23404163319006824, 0.24276958875365445, 0.28491500566686573, 0.2382737723894115], cca_quad=2, cca_conf=0.2628, cca_ratio=1.4472, cca_scores=[0.018970126422029877, 0.08005942414702175, 0.11586370658235708, 0.045490565961833984], cca_probs=[0.2385716891134078, 0.2536002342273355, 0.2628447171208053, 0.24498335953845146]"
2026 05 14 18:16:24.762087,SSVEP_UPDATE,"fbcca_quad=2, fbcca_conf=0.2661, fbcca_ratio=1.9003, fbcca_consec=4, fbcca_scores=[0.009728068098619268, 0.06513427326335358, 0.1237734154231186, 0.04363140152608128], fbcca_probs=[0.23740239474651084, 0.2509271792880917, 0.2660813041664038, 0.2455891217989937], cca_quad=1, cca_conf=0.2582, cca_ratio=1.5295, cca_scores=[0.05031759788509512, 0.10407819567859555, 0.06804751171458422, 0.06454527675535383], cca_probs=[0.2446513500522839, 0.25816392046572145, 0.24902767873124346, 0.24815705075075112]"
2026 05 14 18:16:25.778144,SSVEP_UPDATE,"fbcca_quad=2, fbcca_conf=0.2684, fbcca_ratio=1.9565, fbcca_consec=5, fbcca_scores=[0.0408129320533881, 0.06903267789102153, 0.13506092397728844, 0.006727840504521289], fbcca_probs=[0.24426328323652927, 0.2512545124104698, 0.26840436423113395, 0.23607784012186694], cca_quad=2, cca_conf=0.2612, cca_ratio=1.0757, cca_scores=[0.07481344593429311, 0.1238782263112909, 0.13326168515273507, 0.02260743937267368], cca_probs=[0.24632897082490007, 0.25871645734395926, 0.2611555381837993, 0.23379903364734134]"
2026 05 14 18:16:26.797113,SSVEP_UPDATE,"fbcca_quad=2, fbcca_conf=0.2684, fbcca_ratio=1.9698, fbcca_consec=6, fbcca_scores=[0.06803054997666518, 0.08538416554516294, 0.16818989895017714, 0.06369505526662733], fbcca_probs=[0.24280531466528493, 0.2470556373225568, 0.2683841358515975, 0.2417549121605608], cca_quad=2, cca_conf=0.2610, cca_ratio=1.3494, cca_scores=[0.11645571095769718, 0.1061933300820782, 0.15714209359841724, 0.07423339901409194], cca_probs=[0.2506283159389674, 0.2480694253154217, 0.26103576048591076, 0.24026649825970012]"
2026 05 14 18:16:27.813035,SSVEP_UPDATE,"fbcca_quad=2, fbcca_conf=0.2886, fbcca_ratio=2.3040, fbcca_consec=7, fbcca_scores=[0.11529032987419481, 0.0630067398513549, 0.2656296371438616, 0.027195197810106563], fbcca_probs=[0.24832615902225733, 0.23567634621381037, 0.2886117463689287, 0.22738574839500367], cca_quad=2, cca_conf=0.2688, cca_ratio=1.2182, cca_scores=[0.1601193968507717, 0.08515552763861904, 0.19506299445936007, 0.04190914706790454], cca_probs=[0.2596156758984202, 0.24086545476497484, 0.2688479465789846, 0.23067092275762027]"
2026 05 14 18:16:28.827225,SSVEP_UPDATE,"fbcca_quad=2, fbcca_conf=0.2813, fbcca_ratio=3.4471, fbcca_consec=8, fbcca_scores=[0.049777802866817454, 0.060919884841378585, 0.20999635328073005, 0.03750593889079218], fbcca_probs=[0.2396486816625677, 0.2423337980332926, 0.2812918028724656, 0.23672571743167414], cca_quad=2, cca_conf=0.2629, cca_ratio=1.4952, cca_scores=[0.10338900307328565, 0.100677692602231, 0.1545828329027759, 0.05644980210764899], cca_probs=[0.24975245452193173, 0.24907621523840437, 0.2628711728840027, 0.23830015735566118]"
2026 05 14 18:16:29.845207,SSVEP_UPDATE,"fbcca_quad=2, fbcca_conf=0.3073, fbcca_ratio=5.1752, fbcca_consec=9, fbcca_scores=[0.06240371478840966, 0.029703418938072337, 0.3229506367059062, 0.019250305371095924], fbcca_probs=[0.23678544097946608, 0.22916771672140715, 0.307262164956821, 0.22678467734230573], cca_quad=2, cca_conf=0.2673, cca_ratio=1.4272, cca_scores=[0.12385096355762411, 0.09870674214791897, 0.17675716837719455, 0.03557283014258835], cca_probs=[0.2534850249633219, 0.24719080462028364, 0.26725705631568986, 0.2320671141007045]"
2026 05 14 18:16:29.845207,SSVEP_CONFIRMED,"fbcca_quad=2, fbcca_conf=0.3073, fbcca_ratio=5.1752, fbcca_consec=9, fbcca_scores=[0.06240371478840966, 0.029703418938072337, 0.3229506367059062, 0.019250305371095924], fbcca_probs=[0.23678544097946608, 0.22916771672140715, 0.307262164956821, 0.22678467734230573], cca_quad=2, cca_conf=0.2673, cca_ratio=1.4272, cca_scores=[0.12385096355762411, 0.09870674214791897, 0.17675716837719455, 0.03557283014258835], cca_probs=[0.2534850249633219, 0.24719080462028364, 0.26725705631568986, 0.2320671141007045]"
2026 05 14 18:16:29.845207,SELECTION,"quad=2, result=navigate, output='Make L'"
2026 05 14 18:16:32.845299,PHASE_SSVEP,
2026 05 14 18:16:32.893804,SSVEP_UPDATE,"fbcca_quad=3, fbcca_conf=0.2537, fbcca_ratio=1.2320, fbcca_consec=1, fbcca_scores=[0.030876285164157077, 0.02334550194585375, 0.04195086914097064, 0.05168370901630137], fbcca_probs=[0.24846825261697453, 0.2466041200689304, 0.251235228419182, 0.2536923988949131], cca_quad=2, cca_conf=0.2540, cca_ratio=1.1531, cca_scores=[0.062350500782352374, 0.03846785334975218, 0.07189779102271912, 0.05092932388156918], cca_probs=[0.2515952969500906, 0.24565771992731936, 0.2540088534020679, 0.2487381297205222]"
2026 05 14 18:16:33.908311,SSVEP_UPDATE,"fbcca_quad=2, fbcca_conf=0.2655, fbcca_ratio=2.9646, fbcca_consec=1, fbcca_scores=[0.023994443080451996, 0.016251348539989816, 0.10664201998211068, 0.03597181251923284], fbcca_probs=[0.24446918149686434, 0.2425835432710218, 0.2655323903584207, 0.2474148848736931], cca_quad=2, cca_conf=0.2643, cca_ratio=2.4124, cca_scores=[0.0474731194158554, 0.05042636116366863, 0.12164766327628912, 0.04163576635609228], cca_probs=[0.2454510537817194, 0.2461770015027296, 0.26434950168435845, 0.24402244303119267]"
2026 05 14 18:16:34.927016,SSVEP_UPDATE,"fbcca_quad=2, fbcca_conf=0.2722, fbcca_ratio=2.7686, fbcca_consec=2, fbcca_scores=[0.02092905564986422, 0.03193852649696146, 0.1509595720655812, 0.054525260064813556], fbcca_probs=[0.23900000303529734, 0.24164580431278482, 0.272188293155638, 0.2471658994962799], cca_quad=2, cca_conf=0.2652, cca_ratio=1.7160, cca_scores=[0.04421902901226951, 0.06994648967118769, 0.14575553589721804, 0.08494048695534478], cca_probs=[0.2395500173270849, 0.24579299460022136, 0.2651508057821968, 0.249506182290497]"
2026 05 14 18:16:35.943263,SSVEP_UPDATE,"fbcca_quad=3, fbcca_conf=0.2633, fbcca_ratio=1.4700, fbcca_consec=1, fbcca_scores=[0.01748878161391661, 0.030871433422357465, 0.07600095642515382, 0.11172225310001316], fbcca_probs=[0.23966178434786936, 0.2428906517743823, 0.2541032987583132, 0.2633442651194351], cca_quad=3, cca_conf=0.2620, cca_ratio=1.1550, cca_scores=[0.03914936127631555, 0.0579572164336199, 0.11696597382310565, 0.13509119307061224], cca_probs=[0.2380609297671221, 0.2425807157596946, 0.25732587065191675, 0.2620324838212665]"
2026 05 14 18:16:36.972759,SSVEP_UPDATE,"fbcca_quad=2, fbcca_conf=0.2592, fbcca_ratio=1.8837, fbcca_consec=1, fbcca_scores=[0.04902946317217478, 0.046369136884167314, 0.09235612285259359, 0.036088013950699854], fbcca_probs=[0.24821507894633282, 0.24755562341910178, 0.2592057852364099, 0.24502351239815537], cca_quad=2, cca_conf=0.2579, cca_ratio=1.2623, cca_scores=[0.1131228448002268, 0.10316190134126006, 0.14279502379720715, 0.08623528044534762], cca_probs=[0.25039587742961517, 0.24791407929799508, 0.25793699615449883, 0.24375304711789098]"
2026 05 14 18:16:37.992597,SSVEP_UPDATE,"fbcca_quad=2, fbcca_conf=0.2590, fbcca_ratio=1.1769, fbcca_consec=2, fbcca_scores=[0.09204329711661809, 0.05041471466250437, 0.10832480738510945, 0.040152621443729046], fbcca_probs=[0.254772304272348, 0.24438421522460874, 0.25895433466257256, 0.24188914584047072], cca_quad=2, cca_conf=0.2565, cca_ratio=1.0475, cca_scores=[0.14303771150230155, 0.11270828100094088, 0.14983543464989396, 0.08959019233084277], cca_probs=[0.2547834015999744, 0.24717197470386712, 0.25652124863615017, 0.24152337506000832]"
2026 05 14 18:16:39.001591,SSVEP_UPDATE,"fbcca_quad=1, fbcca_conf=0.2579, fbcca_ratio=1.2924, fbcca_consec=1, fbcca_scores=[0.07358618352162159, 0.1099266389914474, 0.04484591217768876, 0.08505942667412847], fbcca_probs=[0.24874279441140426, 0.2579484771213431, 0.24169561303385712, 0.25161311543339554], cca_quad=1, cca_conf=0.2631, cca_ratio=1.2385, cca_scores=[0.139468635051296, 0.17273233525986947, 0.05556082277961145, 0.11587460297738902], cca_probs=[0.25445154881268445, 0.26305789476242136, 0.23397227551858005, 0.2485182809063141]"
2026 05 14 18:16:40.019472,SSVEP_UPDATE,"fbcca_quad=1, fbcca_conf=0.2570, fbcca_ratio=1.2008, fbcca_consec=2, fbcca_scores=[0.03402706522151774, 0.08481249434909162, 0.07063226941550685, 0.038926533829980285], fbcca_probs=[0.2442424701065136, 0.2569667992989291, 0.2533486658845193, 0.24544206471003788], cca_quad=2, cca_conf=0.2617, cca_ratio=1.0340, cca_scores=[0.06177599250271223, 0.14096482190294918, 0.14575164538816843, 0.0479275034343015], cca_probs=[0.24060103676886047, 0.2604286538296663, 0.26167826828184126, 0.23729204111963204]"
2026 05 14 18:16:41.040982,SSVEP_UPDATE,"fbcca_quad=2, fbcca_conf=0.2731, fbcca_ratio=2.7390, fbcca_consec=1, fbcca_scores=[0.06539056576963184, 0.06096491615532575, 0.17910345546844655, 0.052546033397110524], fbcca_probs=[0.24370912850895993, 0.2426329404705113, 0.2730591142900108, 0.24059881673051806], cca_quad=2, cca_conf=0.2751, cca_ratio=2.0271, cca_scores=[0.11009217745557229, 0.09003664571438083, 0.22317007195734528, 0.07984179221273635], cca_probs=[0.2456962631919265, 0.24081777781532107, 0.27511081086076244, 0.2383751481319899]"
2026 05 14 18:16:42.068028,SSVEP_UPDATE,"fbcca_quad=2, fbcca_conf=0.2621, fbcca_ratio=1.2387, fbcca_consec=2, fbcca_scores=[0.10989606617257677, 0.035053804715517986, 0.13612357260399194, 0.07159853884789048], fbcca_probs=[0.2553045348870561, 0.23689448371531524, 0.2620891186634079, 0.2457118627342207], cca_quad=2, cca_conf=0.2699, cca_ratio=1.7102, cca_scores=[0.12895299187521253, 0.09584004949576277, 0.22053414939961463, 0.12545363791688566], cca_probs=[0.24631501861191143, 0.23829236348649388, 0.26993803636008573, 0.245454581541509]"
2026 05 14 18:16:43.077401,SSVEP_UPDATE,"fbcca_quad=0, fbcca_conf=0.2650, fbcca_ratio=1.5038, fbcca_consec=1, fbcca_scores=[0.12568779195361768, 0.012361902663748457, 0.08358225711709498, 0.043783939708190625], fbcca_probs=[0.2650418700841699, 0.23664518852394278, 0.2541138205344617, 0.24419912085742568], cca_quad=2, cca_conf=0.2640, cca_ratio=1.3152, cca_scores=[0.1229754661934192, 0.04550142661316311, 0.16174248490386053, 0.09592802955414262], cca_probs=[0.25391702666016525, 0.23498777872794516, 0.2639539261270538, 0.24714126848483578]"
2026 05 14 18:16:44.105042,SSVEP_UPDATE,"fbcca_quad=2, fbcca_conf=0.2551, fbcca_ratio=1.1242, fbcca_consec=1, fbcca_scores=[0.06775395842900672, 0.04060505252307132, 0.07617007451377744, 0.039346480129677334], fbcca_probs=[0.25293018579501775, 0.24615578288543014, 0.25506785843276875, 0.24584617288678337], cca_quad=2, cca_conf=0.2589, cca_ratio=1.3402, cca_scores=[0.098824735039464, 0.10228504734285596, 0.13708629205294418, 0.06927664123230716], cca_probs=[0.24916818658436912, 0.25003187978832636, 0.25888648236533096, 0.24191345126197358]"
2026 05 14 18:16:45.109134,SSVEP_UPDATE,"fbcca_quad=2, fbcca_conf=0.2623, fbcca_ratio=1.8574, fbcca_consec=2, fbcca_scores=[0.055250115896870775, 0.02419876702869416, 0.10262343024598258, 0.03488662967409601], fbcca_probs=[0.25013872672968523, 0.2424909334900971, 0.262273797106964, 0.24509654267325365], cca_quad=2, cca_conf=0.2665, cca_ratio=1.6382, cca_scores=[0.10144939695584555, 0.06303850004617621, 0.1661953589210842, 0.07460148755335336], cca_probs=[0.24983044644116428, 0.24041619724678429, 0.26654109530819875, 0.24321226100385263]"
2026 05 14 18:16:46.137233,SSVEP_UPDATE,"fbcca_quad=2, fbcca_conf=0.3021, fbcca_ratio=5.3203, fbcca_consec=3, fbcca_scores=[0.059262301826028776, 0.05010453491719779, 0.3152940405422314, 0.05243686812174865], fbcca_probs=[0.23387022921160788, 0.23173827702576827, 0.3021120950658609, 0.23227939869676287], cca_quad=2, cca_conf=0.2830, cca_ratio=2.4646, cca_scores=[0.1056881170959133, 0.09106209589917487, 0.2604741587394022, 0.07687543727693674], cca_probs=[0.24245439349100686, 0.23893405740346282, 0.28304323681985327, 0.23556831228567707]"
2026 05 14 18:16:47.153655,SSVEP_UPDATE,"fbcca_quad=2, fbcca_conf=0.3173, fbcca_ratio=6.2517, fbcca_consec=4, fbcca_scores=[0.05590002821166016, 0.061006885979582946, 0.3813960195816345, 0.029135385436764014], fbcca_probs=[0.22917763302922498, 0.2303510041743428, 0.3173462294485644, 0.22312513334786788], cca_quad=2, cca_conf=0.2887, cca_ratio=2.2248, cca_scores=[0.09174172332907929, 0.13202710583473742, 0.29373040480993107, 0.06513966380148097], cca_probs=[0.23592191083417585, 0.24562015235769505, 0.2887292926377097, 0.22972864417041944]"
2026 05 14 18:16:47.153655,SSVEP_CONFIRMED,"fbcca_quad=2, fbcca_conf=0.3173, fbcca_ratio=6.2517, fbcca_consec=4, fbcca_scores=[0.05590002821166016, 0.061006885979582946, 0.3813960195816345, 0.029135385436764014], fbcca_probs=[0.22917763302922498, 0.2303510041743428, 0.3173462294485644, 0.22312513334786788], cca_quad=2, cca_conf=0.2887, cca_ratio=2.2248, cca_scores=[0.09174172332907929, 0.13202710583473742, 0.29373040480993107, 0.06513966380148097], cca_probs=[0.23592191083417585, 0.24562015235769505, 0.2887292926377097, 0.22972864417041944]"
2026 05 14 18:16:47.153655,SELECTION,"quad=2, result=char, output='Make LI'"
2026 05 14 18:16:50.166396,PHASE_SSVEP,
2026 05 14 18:16:50.280349,SSVEP_UPDATE,"fbcca_quad=2, fbcca_conf=0.2625, fbcca_ratio=1.1913, fbcca_consec=1, fbcca_scores=[0.03495386397097054, 0.11136831226872684, 0.1326697390860506, 0.05286595653178376], fbcca_probs=[0.2380877118189429, 0.2569942191674869, 0.2625272845958917, 0.24239078441767847], cca_quad=1, cca_conf=0.2548, cca_ratio=1.1063, cca_scores=[0.08013264470854756, 0.11506630942617277, 0.10400662523083956, 0.08379614866614381], cca_probs=[0.2461003867142538, 0.25484950474990115, 0.2520464785735123, 0.24700362996233272]"
2026 05 14 18:16:51.303120,SSVEP_UPDATE,"fbcca_quad=1, fbcca_conf=0.2573, fbcca_ratio=1.1117, fbcca_consec=1, fbcca_scores=[0.018695800744736764, 0.09411186099685576, 0.08465715543236765, 0.06193126573298819], fbcca_probs=[0.23862351194089282, 0.2573155380487922, 0.2548941601444607, 0.24916678986585425], cca_quad=1, cca_conf=0.2539, cca_ratio=1.2190, cca_scores=[0.06825667337411828, 0.09355349329056567, 0.07395365395709776, 0.07674901529816422], cca_probs=[0.24753325419876307, 0.25387493231646086, 0.24894747089918223, 0.24964434258559384]"
2026 05 14 18:16:52.321326,SSVEP_UPDATE,"fbcca_quad=3, fbcca_conf=0.2528, fbcca_ratio=1.0901, fbcca_consec=1, fbcca_scores=[0.03844283545534196, 0.05866386288062146, 0.062476388931817596, 0.06810500585634988], fbcca_probs=[0.24540732347307026, 0.2504202238804737, 0.2513767797962822, 0.25279567285017385], cca_quad=1, cca_conf=0.2523, cca_ratio=1.0542, cca_scores=[0.09046192497951144, 0.11339494254976097, 0.10756513954413079, 0.1061177039674933], cca_probs=[0.24653450844140948, 0.25225361620578957, 0.2507873056196903, 0.2504245697331106]"
2026 05 14 18:16:53.332076,SSVEP_UPDATE,"fbcca_quad=1, fbcca_conf=0.2574, fbcca_ratio=1.0528, fbcca_consec=1, fbcca_scores=[0.03122591475147247, 0.08209594774263397, 0.01894662131911697, 0.07797987595404543], fbcca_probs=[0.24462760555125332, 0.25739377477766795, 0.24164211874809016, 0.2563365009229885], cca_quad=1, cca_conf=0.2541, cca_ratio=1.0986, cca_scores=[0.08522659917521655, 0.09363101737587692, 0.06298967362223795, 0.06746666297598924], cca_probs=[0.2519624619904754, 0.2540889834627055, 0.24642142759182464, 0.2475271269549944]"
2026 05 14 18:16:54.357912,SSVEP_UPDATE,"fbcca_quad=1, fbcca_conf=0.2700, fbcca_ratio=1.4849, fbcca_consec=2, fbcca_scores=[0.025607701336136893, 0.1676268778264692, 0.049774887095168495, 0.11288908356366607], fbcca_probs=[0.23428728804139276, 0.27003923560071175, 0.2400183250373041, 0.25565515132059147], cca_quad=1, cca_conf=0.2664, cca_ratio=1.8528, cca_scores=[0.08272544173634769, 0.16984844336737712, 0.07883172996540433, 0.09167083640327693], cca_probs=[0.24413286155018904, 0.26635648834290016, 0.2431841268019716, 0.2463265233049393]"
2026 05 14 18:16:55.380936,SSVEP_UPDATE,"fbcca_quad=1, fbcca_conf=0.2984, fbcca_ratio=1.3712, fbcca_consec=3, fbcca_scores=[0.06045397818326249, 0.38097520676916724, 0.057015040467258, 0.2778441669715094], fbcca_probs=[0.21657952361808766, 0.29841317610963236, 0.21583599932543068, 0.2691713009468492], cca_quad=1, cca_conf=0.2624, cca_ratio=1.3395, cca_scores=[0.12871664168734917, 0.19340672109015716, 0.11129232544804106, 0.1443831421606378], cca_probs=[0.2459815946230886, 0.2624201365248852, 0.24173265843320135, 0.24986561041882477]"
2026 05 14 18:16:56.399276,SSVEP_UPDATE,"fbcca_quad=1, fbcca_conf=0.2676, fbcca_ratio=1.2749, fbcca_consec=4, fbcca_scores=[0.052352433978881945, 0.17724261242366662, 0.06346838157372948, 0.13902763428682238], fbcca_probs=[0.23614176158958625, 0.2675542870082962, 0.2387813445897278, 0.25752260681238986], cca_quad=1, cca_conf=0.2585, cca_ratio=1.2632, cca_scores=[0.1299371161491828, 0.18345924131497254, 0.14113976450682864, 0.14523473887101734], cca_probs=[0.24499828669699808, 0.258468374114445, 0.2477583474808727, 0.24877499170768427]"
2026 05 14 18:16:57.410461,SSVEP_UPDATE,"fbcca_quad=1, fbcca_conf=0.2750, fbcca_ratio=2.2506, fbcca_consec=5, fbcca_scores=[0.0445967154917717, 0.17843072677515262, 0.023176329322633325, 0.0792815863045083], fbcca_probs=[0.24054051268135992, 0.27498664656449784, 0.23544283404661448, 0.2490300067075278], cca_quad=1, cca_conf=0.2730, cca_ratio=2.1439, cca_scores=[0.09758420481726171, 0.21304920081437603, 0.08478381970730586, 0.09937280987502353], cca_probs=[0.2432222104230538, 0.2729914477228885, 0.2401287136761608, 0.24365762817789677]"
2026 05 14 18:16:58.438456,SSVEP_UPDATE,"fbcca_quad=1, fbcca_conf=0.3063, fbcca_ratio=4.0526, fbcca_consec=6, fbcca_scores=[0.05819191682047929, 0.3358891026050686, 0.02170318070526093, 0.08288144609634755], fbcca_probs=[0.23205882506490755, 0.30633769798264776, 0.22374391465788332, 0.2378595622945614], cca_quad=1, cca_conf=0.2838, cca_ratio=2.3825, cca_scores=[0.10984118207165487, 0.26169888750568393, 0.053958750340297776, 0.10092998272058211], cca_probs=[0.24385644590988254, 0.28384758488327777, 0.23060292313968234, 0.24169304606715744]"
2026 05 14 18:16:58.438456,SSVEP_CONFIRMED,"fbcca_quad=1, fbcca_conf=0.3063, fbcca_ratio=4.0526, fbcca_consec=6, fbcca_scores=[0.05819191682047929, 0.3358891026050686, 0.02170318070526093, 0.08288144609634755], fbcca_probs=[0.23205882506490755, 0.30633769798264776, 0.22374391465788332, 0.2378595622945614], cca_quad=1, cca_conf=0.2838, cca_ratio=2.3825, cca_scores=[0.10984118207165487, 0.26169888750568393, 0.053958750340297776, 0.10092998272058211], cca_probs=[0.24385644590988254, 0.28384758488327777, 0.23060292313968234, 0.24169304606715744]"
2026 05 14 18:16:58.438456,SELECTION,"quad=1, result=navigate, output='Make LI'"
2026 05 14 18:17:01.445922,PHASE_SSVEP,
2026 05 14 18:17:01.561525,SSVEP_UPDATE,"fbcca_quad=1, fbcca_conf=0.2652, fbcca_ratio=2.4239, fbcca_consec=1, fbcca_scores=[0.04506314546383644, 0.12137837837561233, 0.05007526715343808, 0.03108082493381264], fbcca_probs=[0.2456735394914529, 0.26515612733698973, 0.24690797615646415, 0.24226235701509316], cca_quad=1, cca_conf=0.2691, cca_ratio=2.0698, cca_scores=[0.08270951358788864, 0.1711901123496629, 0.07768751020376899, 0.05394540092873746], cca_probs=[0.24635703971603026, 0.2691482824008833, 0.24512293526097784, 0.23937174262210864]"
2026 05 14 18:17:02.589123,SSVEP_UPDATE,"fbcca_quad=0, fbcca_conf=0.2578, fbcca_ratio=1.0587, fbcca_consec=1, fbcca_scores=[0.08029369094552596, 0.07584273087568423, 0.02846597352217767, 0.01115254273870011], fbcca_probs=[0.25784850120047986, 0.2567033781565462, 0.2448252009450823, 0.24062291969789168], cca_quad=0, cca_conf=0.2604, cca_ratio=1.1588, cca_scores=[0.12238211096208346, 0.10560715762748007, 0.05892901815199279, 0.037774805844846014], cca_probs=[0.2603653967492198, 0.25603420867327936, 0.24435764827238138, 0.2392427463051194]"
2026 05 14 18:17:03.596478,SSVEP_UPDATE,"fbcca_quad=0, fbcca_conf=0.2570, fbcca_ratio=1.1749, fbcca_consec=2, fbcca_scores=[0.12163239745526155, 0.10352294531957391, 0.07100065654493834, 0.07961904861893329], fbcca_probs=[0.2569677312190064, 0.2523560697544023, 0.24428089609093717, 0.24639530293565404], cca_quad=0, cca_conf=0.2604, cca_ratio=1.3271, cca_scores=[0.17012546991672778, 0.12819584976002218, 0.11397259627214322, 0.10386863888245068], cca_probs=[0.2604015895039743, 0.24970878883539996, 0.24618225626849624, 0.24370736539212948]"
2026 05 14 18:17:04.621975,SSVEP_UPDATE,"fbcca_quad=3, fbcca_conf=0.2552, fbcca_ratio=1.0421, fbcca_consec=1, fbcca_scores=[0.11939081528989821, 0.11426281895298412, 0.05539664616403283, 0.12441933005556194], fbcca_probs=[0.2539400850127369, 0.2526412143353287, 0.23819845822438537, 0.255220242427549], cca_quad=0, cca_conf=0.2565, cca_ratio=1.1707, cca_scores=[0.15830414098873966, 0.1352196058552648, 0.11583709523401028, 0.1203471494758168], cca_probs=[0.256518371015041, 0.250664589531427, 0.24585286277382598, 0.24696417667970597]"
2026 05 14 18:17:05.634746,SSVEP_UPDATE,"fbcca_quad=0, fbcca_conf=0.2566, fbcca_ratio=1.5187, fbcca_consec=1, fbcca_scores=[0.07978471377142336, 0.05151827656932541, 0.031006692591506516, 0.05253536295276194], fbcca_probs=[0.25656548501262744, 0.2494148307057297, 0.24435104809860717, 0.24966863618303572], cca_quad=0, cca_conf=0.2554, cca_ratio=1.2706, cca_scores=[0.11092901873429754, 0.08192600838320094, 0.07734595743546807, 0.08730370879479407], cca_probs=[0.2554252506671216, 0.24812354699843547, 0.24698972697059557, 0.24946147536384747]"
2026 05 14 18:17:06.666149,SSVEP_UPDATE,"fbcca_quad=2, fbcca_conf=0.2554, fbcca_ratio=1.3733, fbcca_consec=1, fbcca_scores=[0.04697309628297306, 0.01626010431378039, 0.06572610961613985, 0.0478594776129528], fbcca_probs=[0.25065354214039626, 0.24307224008465592, 0.2553984025196883, 0.2508758152552596], cca_quad=2, cca_conf=0.2628, cca_ratio=1.5994, cca_scores=[0.07660199299643641, 0.07268350276722306, 0.14779212843816122, 0.09240724153470899], cca_probs=[0.244749789043197, 0.24379261594768822, 0.2628087430583056, 0.2486488519508092]"
2026 05 14 18:17:07.674627,SSVEP_UPDATE,"fbcca_quad=2, fbcca_conf=0.2712, fbcca_ratio=2.3388, fbcca_consec=2, fbcca_scores=[0.026487896542313354, 0.06484436793384284, 0.15165848823028416, 0.03361360524903721], fbcca_probs=[0.23925765952280773, 0.24861301128385335, 0.27116070058891334, 0.24096862860442558], cca_quad=2, cca_conf=0.2682, cca_ratio=1.5264, cca_scores=[0.07411317043576601, 0.12016826687037795, 0.18342330979223995, 0.07104028391551373], cca_probs=[0.24040933869446246, 0.25174033631494347, 0.2681786030256757, 0.23967172196491832]"
2026 05 14 18:17:08.701047,SSVEP_UPDATE,"fbcca_quad=2, fbcca_conf=0.2993, fbcca_ratio=6.1939, fbcca_consec=3, fbcca_scores=[0.04502568861973051, 0.03113796379325947, 0.2788844894728996, 0.01571399242719136], fbcca_probs=[0.23692258025837723, 0.2336550067569971, 0.29934364357189464, 0.2300787694127311], cca_quad=2, cca_conf=0.2811, cca_ratio=2.1867, cca_scores=[0.10851642774005267, 0.07352920342437956, 0.23728911220490337, 0.05074732110903657], cca_probs=[0.24710167363624502, 0.23860576276189902, 0.2810612369132031, 0.23323132668865287]"
2026 05 14 18:17:09.711371,SSVEP_UPDATE,"fbcca_quad=2, fbcca_conf=0.2859, fbcca_ratio=9.8943, fbcca_consec=4, fbcca_scores=[0.01744973805376798, 0.02048328739387583, 0.2026675602481737, 0.019710672405542844], fbcca_probs=[0.2375984195875528, 0.2383202804632225, 0.28594507819429743, 0.2381362217549272], cca_quad=2, cca_conf=0.2727, cca_ratio=2.5375, cca_scores=[0.07230434226656617, 0.07269538047571578, 0.1844652119619063, 0.055127804899442176], cca_probs=[0.24378030729201058, 0.24387565334756045, 0.27271527697301806, 0.23962876238741088]"
2026 05 14 18:17:10.723573,SSVEP_UPDATE,"fbcca_quad=2, fbcca_conf=0.2846, fbcca_ratio=5.5429, fbcca_consec=5, fbcca_scores=[0.025082063682923497, 0.03726386980582966, 0.2065512029288083, 0.026418092821587583], fbcca_probs=[0.23738473634715676, 0.2402941964419119, 0.28461896598178305, 0.23770210122914828], cca_quad=2, cca_conf=0.2672, cca_ratio=1.8211, cca_scores=[0.0948426048552542, 0.09711750793051044, 0.17686504943276707, 0.06979289551655646], cca_probs=[0.24612239722140428, 0.24668293916728865, 0.2671609822412318, 0.24003368137007533]"
2026 05 14 18:17:11.739191,SSVEP_UPDATE,"fbcca_quad=2, fbcca_conf=0.2669, fbcca_ratio=2.0808, fbcca_consec=6, fbcca_scores=[0.05524463456751054, 0.06424105382921132, 0.13367539900933673, 0.016841496825924826], fbcca_probs=[0.24673383677613597, 0.24896357259824867, 0.2668644725689912, 0.2374381180566243], cca_quad=2, cca_conf=0.2575, cca_ratio=1.0171, cca_scores=[0.1462794318345671, 0.15202637725785723, 0.1546294951947492, 0.042791210164606845], cca_probs=[0.25537336483990036, 0.2568452068772054, 0.25751467621801744, 0.23026675206487685]"
2026 05 14 18:17:12.775850,SSVEP_UPDATE,"fbcca_quad=2, fbcca_conf=0.2791, fbcca_ratio=3.1783, fbcca_consec=7, fbcca_scores=[0.0516428904543363, 0.06164866164547458, 0.195935247369573, 0.02463904471789681], fbcca_probs=[0.24162554314196732, 0.2440553287082329, 0.27913109396607455, 0.23518803418372514], cca_quad=2, cca_conf=0.2617, cca_ratio=1.3261, cca_scores=[0.10652723427205842, 0.1169422970118814, 0.15508258671712258, 0.05605988214288195], cca_probs=[0.24931389227003087, 0.25192408114572645, 0.2617181251835783, 0.23704390140066436]"
2026 05 14 18:17:13.790973,SSVEP_UPDATE,"fbcca_quad=1, fbcca_conf=0.2576, fbcca_ratio=1.6275, fbcca_consec=1, fbcca_scores=[0.039686174150158036, 0.06458787900890037, 0.010966531374146644, 0.022270642812844473], fbcca_probs=[0.25127910924636654, 0.2576149466400692, 0.24416510775541517, 0.24694083635814904], cca_quad=1, cca_conf=0.2659, cca_ratio=1.5454, cca_scores=[0.09020832465078575, 0.139404641416209, 0.031631600328194, 0.046335158264479565], cca_probs=[0.2531256099403476, 0.26588986036678297, 0.23872425072454875, 0.2422602789683207]"
2026 05 14 18:17:14.804674,SSVEP_UPDATE,"fbcca_quad=2, fbcca_conf=0.2549, fbcca_ratio=1.0046, fbcca_consec=1, fbcca_scores=[0.08249438830205308, 0.03338440724184504, 0.08287559429260334, 0.05465027395999271], fbcca_probs=[0.25477722245990597, 0.24256738421815124, 0.2548743635775751, 0.2477810297443676], cca_quad=0, cca_conf=0.2548, cca_ratio=1.1293, cca_scores=[0.12480797643340849, 0.07928594361742687, 0.10739800610215293, 0.11051366663506879], cca_probs=[0.2548389698771164, 0.24349826620523446, 0.25044062955632884, 0.25122213436132035]"
2026 05 14 18:17:15.818065,SSVEP_UPDATE,"fbcca_quad=2, fbcca_conf=0.2728, fbcca_ratio=2.1330, fbcca_consec=2, fbcca_scores=[0.07232438169080255, 0.09296267721790892, 0.20540921664184472, 0.09629849100698792], fbcca_probs=[0.23880805502654417, 0.2437878567942148, 0.27280164258782263, 0.24460244559141833], cca_quad=2, cca_conf=0.2576, cca_ratio=1.2099, cca_scores=[0.1467319259348442, 0.12372585094203364, 0.17982091310662313, 0.14862441771006926], cca_probs=[0.24920296501934536, 0.24353522907921085, 0.2575867797754483, 0.2496750261259955]"
2026 05 14 18:17:16.844580,SSVEP_UPDATE,"fbcca_quad=2, fbcca_conf=0.2621, fbcca_ratio=1.4815, fbcca_consec=3, fbcca_scores=[0.09603943217520332, 0.06507674794445024, 0.14228661909722057, 0.074711727431374], fbcca_probs=[0.25026633725453795, 0.2426361547173123, 0.2621122603789617, 0.24498524764918816], cca_quad=0, cca_conf=0.2619, cca_ratio=1.1849, cca_scores=[0.20198428974066224, 0.11703992248610635, 0.17046462426865389, 0.12987118575270792], cca_probs=[0.26191991364224887, 0.24059004252206, 0.25379303662555086, 0.2436970072101403]"
2026 05 14 18:17:17.869477,SSVEP_UPDATE,"fbcca_quad=0, fbcca_conf=0.2573, fbcca_ratio=1.6788, fbcca_consec=1, fbcca_scores=[0.07726918679072484, 0.03649683901440746, 0.033139172788724, 0.0460261576945957], fbcca_probs=[0.2573262586387547, 0.24704547299208943, 0.2462173677796668, 0.249410900589489], cca_quad=0, cca_conf=0.2671, cca_ratio=1.9702, cca_scores=[0.17063378151765085, 0.0717483491887557, 0.08660748418126975, 0.08511681223647181], cca_probs=[0.26714459724847234, 0.24199199381674644, 0.24561463351162344, 0.2452487754231578]"
2026 05 14 18:17:18.879648,SSVEP_UPDATE,"fbcca_quad=2, fbcca_conf=0.2523, fbcca_ratio=1.1179, fbcca_consec=1, fbcca_scores=[0.034739109448488265, 0.04990546855230537, 0.05579044982682591, 0.045988953167208024], fbcca_probs=[0.24704351927932935, 0.250818826473728, 0.2522992424082478, 0.24983841183869476], cca_quad=1, cca_conf=0.2529, cca_ratio=1.1014, cca_scores=[0.09015730092078576, 0.09930111872161074, 0.07381799543558794, 0.0869223877099812], cca_probs=[0.2506423009357705, 0.25294463850493065, 0.24658025568333775, 0.24983280487596113]"
2026 05 14 18:17:19.894098,SSVEP_UPDATE,"fbcca_quad=2, fbcca_conf=0.2567, fbcca_ratio=1.0240, fbcca_consec=2, fbcca_scores=[0.03896977854656281, 0.08510621506214762, 0.08714560239405895, 0.030110046132262907], fbcca_probs=[0.24463324683844326, 0.2561841633241222, 0.2567071551716513, 0.24247543466578328], cca_quad=1, cca_conf=0.2627, cca_ratio=1.3414, cca_scores=[0.10826087332346682, 0.14521724968751537, 0.07946413139159791, 0.047687261823125965], cca_probs=[0.2531334011637341, 0.2626633051503, 0.24594793941972562, 0.2382553542662402]"
2026 05 14 18:17:20.922257,SSVEP_UPDATE,"fbcca_quad=2, fbcca_conf=0.2539, fbcca_ratio=1.0314, fbcca_consec=3, fbcca_scores=[0.0820600960542139, 0.07647702186987726, 0.08463638958008729, 0.033136603397153824], fbcca_probs=[0.25321160441113144, 0.2518018442989477, 0.2538647928695669, 0.24112175842035394], cca_quad=0, cca_conf=0.2585, cca_ratio=1.0878, cca_scores=[0.13253952504952493, 0.10463278542261822, 0.12184379302536615, 0.034772799925520376], cca_probs=[0.25848471240631166, 0.2513709691971204, 0.2557347617734408, 0.23440955662312724]"
2026 05 14 18:17:21.945893,SSVEP_UPDATE,"fbcca_quad=2, fbcca_conf=0.2905, fbcca_ratio=2.4008, fbcca_consec=4, fbcca_scores=[0.11490081368596455, 0.07487288373066799, 0.2758487484035064, 0.018936210618652836], fbcca_probs=[0.24728710049429217, 0.23758419878479545, 0.2904693161715104, 0.22465938454940204], cca_quad=2, cca_conf=0.2757, cca_ratio=1.1934, cca_scores=[0.2238551329362673, 0.12545676846756032, 0.26714158679558375, 0.04673850854731701], cca_probs=[0.2639771365705795, 0.23923925808240679, 0.2756546872807386, 0.22112891806627513]"
2026 05 14 18:17:22.956751,SSVEP_UPDATE,"fbcca_quad=2, fbcca_conf=0.2853, fbcca_ratio=2.8901, fbcca_consec=5, fbcca_scores=[0.06634240301700714, 0.08091839052526703, 0.2338654344603042, 0.012085695562403194], fbcca_probs=[0.2412985230020212, 0.24484144532779784, 0.285304743104362, 0.22855528856581894], cca_quad=2, cca_conf=0.2811, cca_ratio=1.8165, cca_scores=[0.13761142776133672, 0.10397205446271063, 0.24997346872837717, 0.026005059275956456], cca_probs=[0.251241492802841, 0.24293045914110778, 0.28111859885562107, 0.22470944920043023]"
2026 05 14 18:17:23.974407,SSVEP_UPDATE,"fbcca_quad=2, fbcca_conf=0.2849, fbcca_ratio=4.4438, fbcca_consec=6, fbcca_scores=[0.04719616581857456, 0.029832289181062167, 0.209728602682606, 0.017627748599115475], fbcca_probs=[0.2421227225908498, 0.23795482366543014, 0.2848541094743888, 0.2350683442693313], cca_quad=2, cca_conf=0.2838, cca_ratio=2.2295, cca_scores=[0.10980113221662746, 0.07393840861340148, 0.24479984725371265, 0.030135785475944688], cca_probs=[0.24797077083751914, 0.23923543628054406, 0.28381130398025617, 0.22898248890168066]"
2026 05 14 18:17:25.006760,SSVEP_UPDATE,"fbcca_quad=2, fbcca_conf=0.2987, fbcca_ratio=4.3480, fbcca_consec=7, fbcca_scores=[0.04254219727092654, 0.04932806846708445, 0.29851907723786814, 0.06865742333050423], fbcca_probs=[0.2312143525384022, 0.23278867890017002, 0.29866486540890763, 0.23733210315252012], cca_quad=2, cca_conf=0.2836, cca_ratio=2.5344, cca_scores=[0.10231507572231519, 0.07720778362793371, 0.26693872168583793, 0.10532739499454516], cca_probs=[0.2405481726260763, 0.23458384674002464, 0.28359410763967347, 0.24127387299422556]"
2026 05 14 18:17:26.020494,SSVEP_UPDATE,"fbcca_quad=2, fbcca_conf=0.3449, fbcca_ratio=6.2260, fbcca_consec=8, fbcca_scores=[0.04930482517574119, 0.07729001060467688, 0.52759334503422, 0.08474085208886822], fbcca_probs=[0.2137774110131392, 0.21984450998645638, 0.344889424896491, 0.22148865410391333], cca_quad=2, cca_conf=0.2938, cca_ratio=2.5589, cca_scores=[0.10667471820635208, 0.1347810451129398, 0.3448928918012853, 0.12826519019766255], cca_probs=[0.2315181229247787, 0.23811755543830468, 0.293793261800599, 0.23657105983631765]"
2026 05 14 18:17:26.020494,SSVEP_CONFIRMED,"fbcca_quad=2, fbcca_conf=0.3449, fbcca_ratio=6.2260, fbcca_consec=8, fbcca_scores=[0.04930482517574119, 0.07729001060467688, 0.52759334503422, 0.08474085208886822], fbcca_probs=[0.2137774110131392, 0.21984450998645638, 0.344889424896491, 0.22148865410391333], cca_quad=2, cca_conf=0.2938, cca_ratio=2.5589, cca_scores=[0.10667471820635208, 0.1347810451129398, 0.3448928918012853, 0.12826519019766255], cca_probs=[0.2315181229247787, 0.23811755543830468, 0.293793261800599, 0.23657105983631765]"
2026 05 14 18:17:26.020494,SELECTION,"quad=2, result=navigate, output='Make LI'"
2026 05 14 18:17:29.026836,PHASE_SSVEP,
2026 05 14 18:17:29.058029,SSVEP_UPDATE,"fbcca_quad=2, fbcca_conf=0.2578, fbcca_ratio=1.5181, fbcca_consec=1, fbcca_scores=[0.05233673644849696, 0.062148620976542675, 0.0943456518791373, 0.04418274311800966], fbcca_probs=[0.247240602288126, 0.2496784388557336, 0.2578481578664196, 0.24523280098972072], cca_quad=0, cca_conf=0.2533, cca_ratio=1.0060, cca_scores=[0.10140201491075669, 0.1008008714917016, 0.08826646043982501, 0.06247664331558205], cca_probs=[0.2532817806819726, 0.25312956776183054, 0.24997653966651825, 0.24361211188967855]"
2026 05 14 18:17:30.081874,SSVEP_UPDATE,"fbcca_quad=0, fbcca_conf=0.2620, fbcca_ratio=2.1545, fbcca_consec=1, fbcca_scores=[0.10045306756121807, 0.04662382038885252, 0.03823228556613674, 0.027489850184377256], fbcca_probs=[0.26199241998695827, 0.2482624182466296, 0.2461878321733574, 0.24355732959305476], cca_quad=0, cca_conf=0.2704, cca_ratio=2.7967, cca_scores=[0.1512497380308163, 0.05408109201385786, 0.051547274150415344, 0.029791589639694627], cca_probs=[0.2704063679311911, 0.24536753956489354, 0.24474660990357833, 0.23947948260033702]"
2026 05 14 18:17:31.096279,SSVEP_UPDATE,"fbcca_quad=0, fbcca_conf=0.2766, fbcca_ratio=3.8423, fbcca_consec=2, fbcca_scores=[0.16661401065456657, 0.03772486792617054, 0.007066783952576442, 0.04336363767508134], fbcca_probs=[0.27657594692988835, 0.24313000808293203, 0.23578921024693325, 0.24450483474024629], cca_quad=0, cca_conf=0.2736, cca_ratio=2.0839, cca_scores=[0.18654263618400335, 0.08951487326026822, 0.02698533059424077, 0.07553959044238331], cca_probs=[0.27359871360465554, 0.24829926219306955, 0.23324867950149078, 0.2448533447007842]"
2026 05 14 18:17:32.108025,SSVEP_UPDATE,"fbcca_quad=0, fbcca_conf=0.2869, fbcca_ratio=4.3377, fbcca_consec=3, fbcca_scores=[0.22751709353707106, 0.046944286775441636, 0.05245157228334184, 0.01835061733556101], fbcca_probs=[0.2869066624937387, 0.23950735790278702, 0.24083003213323223, 0.23275594747024203], cca_quad=0, cca_conf=0.2747, cca_ratio=1.7341, cca_scores=[0.2076086643897216, 0.11971860392509137, 0.06726421847983256, 0.0513901489187052], cca_probs=[0.27470318839759317, 0.2515900908229701, 0.23873323427401913, 0.23497348650541763]"
2026 05 14 18:17:33.125320,SSVEP_UPDATE,"fbcca_quad=0, fbcca_conf=0.2959, fbcca_ratio=3.8866, fbcca_consec=4, fbcca_scores=[0.27649768404106295, 0.0711413084758179, 0.04479926880385487, 0.017226098618867237], fbcca_probs=[0.29593190256898105, 0.24099423050784788, 0.23472883487121368, 0.22834503205195747], cca_quad=0, cca_conf=0.2819, cca_ratio=1.7172, cca_scores=[0.2479810538276485, 0.1444083663001069, 0.07027817694412407, 0.036184993749065135], cca_probs=[0.2818543853756623, 0.2541228689634982, 0.23596599290367715, 0.22805675275716233]"
2026 05 14 18:17:34.155036,SSVEP_UPDATE,"fbcca_quad=0, fbcca_conf=0.2619, fbcca_ratio=1.2034, fbcca_consec=5, fbcca_scores=[0.17032825391346726, 0.14153940452433864, 0.1185861228549624, 0.061504478995997425], fbcca_probs=[0.2619114882935963, 0.25447885965550465, 0.24870426123122635, 0.23490539081967274], cca_quad=0, cca_conf=0.2627, cca_ratio=1.2709, cca_scores=[0.17752629877922613, 0.12447797995125544, 0.13968470023386712, 0.06678052974396366], cca_probs=[0.26271777774254185, 0.24914425068576038, 0.2529618707898566, 0.23517610078184112]"
2026 05 14 18:17:35.163063,SSVEP_UPDATE,"fbcca_quad=0, fbcca_conf=0.2773, fbcca_ratio=2.4184, fbcca_consec=6, fbcca_scores=[0.1939635469395995, 0.07143680971056937, 0.08020256203817457, 0.006520139699298362], fbcca_probs=[0.27729793436696343, 0.2453205606833782, 0.24748043258017474, 0.22990107236948354], cca_quad=0, cca_conf=0.2734, cca_ratio=1.6527, cca_scores=[0.20297271581506593, 0.09986545690012195, 0.1228107203857123, 0.02045822224767339], cca_probs=[0.2733607537009631, 0.2465796601196489, 0.252302904973801, 0.22775668120558698]"
2026 05 14 18:17:36.189974,SSVEP_UPDATE,"fbcca_quad=0, fbcca_conf=0.2602, fbcca_ratio=1.4682, fbcca_consec=7, fbcca_scores=[0.10869757693443728, 0.06114238884447934, 0.07403366878938936, 0.029584837688338292], fbcca_probs=[0.26018469545692535, 0.24810115792969345, 0.2513202036412709, 0.24039394297211034], cca_quad=0, cca_conf=0.2645, cca_ratio=1.4362, cca_scores=[0.16262701183502534, 0.09120024710282226, 0.11323592371255113, 0.054232987018418645], cca_probs=[0.2645399589564464, 0.2463037545244739, 0.25179146505996725, 0.23736482145911253]"
2026 05 14 18:17:37.204868,SSVEP_UPDATE,"fbcca_quad=0, fbcca_conf=0.2651, fbcca_ratio=1.0710, fbcca_consec=8, fbcca_scores=[0.1309449207683475, 0.016847936575272615, 0.12226514334870635, 0.012944683429985367], fbcca_probs=[0.2650955302926444, 0.23651065706491115, 0.2628045172199768, 0.23558929542246765], cca_quad=0, cca_conf=0.2740, cca_ratio=1.7274, cca_scores=[0.18163985389369003, 0.039696239814285585, 0.10515023527472003, 0.026313204158290537], cca_probs=[0.2739599791122022, 0.23770690424893942, 0.25378625968727975, 0.2345468569515785]"
2026 05 14 18:17:38.222191,SSVEP_UPDATE,"fbcca_quad=0, fbcca_conf=0.2863, fbcca_ratio=1.2210, fbcca_consec=9, fbcca_scores=[0.2825152133467989, 0.011804024543351568, 0.2313740606715668, 0.03322614936456046], fbcca_probs=[0.28634129268509767, 0.21843166980650422, 0.2720656174311363, 0.2231614200772618], cca_quad=0, cca_conf=0.2775, cca_ratio=1.3583, cca_scores=[0.23258187784125378, 0.029642431237998017, 0.17122619148338458, 0.06665917749886417], cca_probs=[0.27747501817715675, 0.2265105354442419, 0.26096210838698686, 0.2350523379916145]"
2026 05 14 18:17:39.249170,SSVEP_UPDATE,"fbcca_quad=0, fbcca_conf=0.2932, fbcca_ratio=1.7039, fbcca_consec=10, fbcca_scores=[0.28850792907950723, 0.02315008128378447, 0.16932382461346612, 0.008160410060007658], fbcca_probs=[0.2932467937438982, 0.22490019053270172, 0.2602988644392001, 0.22155415128420003], cca_quad=0, cca_conf=0.2741, cca_ratio=1.3421, cca_scores=[0.2020276056456825, 0.050995297667441486, 0.15053433388727974, 0.026509675893705464], cca_probs=[0.27407379880307237, 0.23565411153271024, 0.26031804593897667, 0.22995404372524075]"
2026 05 14 18:17:40.259436,SSVEP_UPDATE,"fbcca_quad=2, fbcca_conf=0.2743, fbcca_ratio=1.4948, fbcca_consec=1, fbcca_scores=[0.12547485269525435, 0.03738565244919121, 0.18755540288139125, 0.019892135470033167], fbcca_probs=[0.2577633630020543, 0.23602854854627564, 0.2742726039041837, 0.23193548454748628], cca_quad=2, cca_conf=0.2750, cca_ratio=1.2579, cca_scores=[0.19284074109186178, 0.08499825552534411, 0.2425831643014676, 0.05677655802424341], cca_probs=[0.26167352017921724, 0.23492237371841762, 0.275018960826192, 0.2283851452761732]"
2026 05 14 18:17:41.288312,SSVEP_UPDATE,"fbcca_quad=2, fbcca_conf=0.2594, fbcca_ratio=1.2799, fbcca_consec=2, fbcca_scores=[0.07934738786744619, 0.05110233024559809, 0.10155630704266082, 0.025600821793958846], fbcca_probs=[0.2536603360056187, 0.246595922235452, 0.2593568808143431, 0.24038686094458625], cca_quad=2, cca_conf=0.2623, cca_ratio=1.1016, cca_scores=[0.15437457161975543, 0.10065334518582521, 0.17006096313218957, 0.059798165535833975], cca_probs=[0.25818014405250794, 0.24467635753073555, 0.2622619898899169, 0.23488150852683964]"
2026 05 14 18:17:42.315314,SSVEP_UPDATE,"fbcca_quad=2, fbcca_conf=0.2653, fbcca_ratio=2.4972, fbcca_consec=3, fbcca_scores=[0.04110111548172562, 0.038493184306367875, 0.12278520691341771, 0.049169103880019924], fbcca_probs=[0.2444623742469614, 0.24382566380933254, 0.2652692903312692, 0.24644267161243683], cca_quad=2, cca_conf=0.2655, cca_ratio=1.5691, cca_scores=[0.11481467736837508, 0.08138895840601182, 0.18016024346928394, 0.10052300648638746], cca_probs=[0.24872747417061983, 0.24055099316863257, 0.26552350874503744, 0.24519802391571013]"
2026 05 14 18:17:43.322535,SSVEP_UPDATE,"fbcca_quad=2, fbcca_conf=0.2603, fbcca_ratio=1.4302, fbcca_consec=4, fbcca_scores=[0.0880521446068481, 0.05359609852548841, 0.1321286332799927, 0.09238243773005508], fbcca_probs=[0.24903295686319205, 0.24059841083374536, 0.2602549515023568, 0.2501136808007058], cca_quad=2, cca_conf=0.2567, cca_ratio=1.0963, cca_scores=[0.14195732606135594, 0.09038800149711725, 0.15563294351944998, 0.1271525218456977], cca_probs=[0.25324074639341443, 0.24051231125449316, 0.2567277591464796, 0.2495191832056128]"
2026 05 14 18:17:44.351875,SSVEP_UPDATE,"fbcca_quad=2, fbcca_conf=0.2575, fbcca_ratio=1.0013, fbcca_consec=5, fbcca_scores=[0.10067561612267621, 0.052507966602070195, 0.100801671171906, 0.029412740550680178], fbcca_probs=[0.2574455083836162, 0.24533887797850615, 0.2574779627353239, 0.23973765090255378], cca_quad=0, cca_conf=0.2601, cca_ratio=1.1210, cca_scores=[0.15445839535095962, 0.09412538336334823, 0.13778379589631953, 0.07049778036695545], cca_probs=[0.2601198260686189, 0.2448900617670214, 0.25581839415040114, 0.23917171801395865]"
2026 05 14 18:17:45.368267,SSVEP_UPDATE,"fbcca_quad=0, fbcca_conf=0.2826, fbcca_ratio=2.9180, fbcca_consec=1, fbcca_scores=[0.21570667428908377, 0.03659090667892652, 0.07392160526980093, 0.03434739994915052], fbcca_probs=[0.2826493582136302, 0.236297438689932, 0.2452853050643085, 0.2357678980321294], cca_quad=0, cca_conf=0.2789, cca_ratio=1.8265, cca_scores=[0.22588279881640513, 0.06755890852099153, 0.12367063449943727, 0.03827405962893946], cca_probs=[0.2789127800553608, 0.23807249457905716, 0.25181305131615733, 0.23120167404942468]"
2026 05 14 18:17:46.382572,SSVEP_UPDATE,"fbcca_quad=0, fbcca_conf=0.3224, fbcca_ratio=4.6470, fbcca_consec=2, fbcca_scores=[0.41163383205458104, 0.056570899535005784, 0.08857980320602639, 0.020699464367005378], fbcca_probs=[0.32242581754987193, 0.22606219355969193, 0.2334152503814045, 0.21809673850903177], cca_quad=0, cca_conf=0.2899, cca_ratio=1.9749, cca_scores=[0.31517888303374175, 0.1301344970382133, 0.1595887301001564, 0.04471798378847675], cca_probs=[0.28985464899752844, 0.24088874815210884, 0.24808946672822774, 0.22116713612213498]"
2026 05 14 18:17:47.409465,SSVEP_UPDATE,"fbcca_quad=0, fbcca_conf=0.2969, fbcca_ratio=4.4987, fbcca_consec=3, fbcca_scores=[0.28410157835174227, 0.042248194748614014, 0.06315156879440789, 0.03748330171977498], fbcca_probs=[0.2968797659607417, 0.23310146824970693, 0.23802535910703038, 0.23199340668252094], cca_quad=0, cca_conf=0.2868, cca_ratio=2.2203, cca_scores=[0.27749591599442164, 0.0836865083258562, 0.12498209988928681, 0.059771215913745415], cca_probs=[0.28680341907446205, 0.23627293060954743, 0.24623422424205127, 0.2306894260739393]"
2026 05 14 18:17:48.425157,SSVEP_UPDATE,"fbcca_quad=0, fbcca_conf=0.2893, fbcca_ratio=2.0194, fbcca_consec=4, fbcca_scores=[0.2649388073244522, 0.049722638317760415, 0.13119952299413273, 0.010283667540025602], fbcca_probs=[0.289320960364803, 0.23329890660190342, 0.2531032167899134, 0.22427691624338034], cca_quad=0, cca_conf=0.2838, cca_ratio=1.4525, cca_scores=[0.29906326791573673, 0.12626772220461863, 0.20589561195014944, 0.039032253047911], cca_probs=[0.2838185380505874, 0.23877926259856105, 0.2585702526556499, 0.2188319466952017]"
2026 05 14 18:17:49.438767,SSVEP_UPDATE,"fbcca_quad=0, fbcca_conf=0.3025, fbcca_ratio=1.5659, fbcca_consec=5, fbcca_scores=[0.3726489676100398, 0.03589083697214672, 0.23797605866787108, 0.041226255078709514], fbcca_probs=[0.302481718937373, 0.21599660970309012, 0.26436954960525255, 0.2171521217542844], cca_quad=0, cca_conf=0.2931, cca_ratio=1.3670, cca_scores=[0.3725035387998535, 0.09574373884308293, 0.272503528021012, 0.08379830266718001], cca_probs=[0.2930568646725176, 0.22220644176131962, 0.26516881390978186, 0.21956787965638083]"
2026 05 14 18:17:50.468674,SSVEP_UPDATE,"fbcca_quad=0, fbcca_conf=0.3894, fbcca_ratio=3.8209, fbcca_consec=6, fbcca_scores=[0.7335420892506062, 0.012860917088787314, 0.19198347173074928, 0.03974266013794078], fbcca_probs=[0.3894178856275139, 0.18942096209888978, 0.22657916667765954, 0.19458198559593673], cca_quad=0, cca_conf=0.3218, cca_ratio=1.8807, cca_scores=[0.49509788420611983, 0.05229734918986779, 0.2632580053899255, 0.09772906383049912], cca_probs=[0.3218130173481224, 0.2066796790214817, 0.25522124759250925, 0.21628605603788664]"
2026 05 14 18:17:50.468674,SSVEP_CONFIRMED,"fbcca_quad=0, fbcca_conf=0.3894, fbcca_ratio=3.8209, fbcca_consec=6, fbcca_scores=[0.7335420892506062, 0.012860917088787314, 0.19198347173074928, 0.03974266013794078], fbcca_probs=[0.3894178856275139, 0.18942096209888978, 0.22657916667765954, 0.19458198559593673], cca_quad=0, cca_conf=0.3218, cca_ratio=1.8807, cca_scores=[0.49509788420611983, 0.05229734918986779, 0.2632580053899255, 0.09772906383049912], cca_probs=[0.3218130173481224, 0.2066796790214817, 0.25522124759250925, 0.21628605603788664]"
2026 05 14 18:17:50.468674,SELECTION,"quad=0, result=navigate, output='Make LI'"
2026 05 14 18:17:53.471023,PHASE_SSVEP,
2026 05 14 18:17:53.520068,SSVEP_UPDATE,"fbcca_quad=0, fbcca_conf=0.2617, fbcca_ratio=1.7401, fbcca_consec=1, fbcca_scores=[0.10173428599470068, 0.04293357079144894, 0.05846589000001676, 0.018538333796236966], fbcca_probs=[0.26173078695468166, 0.24678456006975868, 0.2506476201090975, 0.24083703286646208], cca_quad=0, cca_conf=0.2585, cca_ratio=1.2015, cca_scores=[0.12317814852117334, 0.10251937653702989, 0.08470043911455516, 0.04623215529757632], cca_probs=[0.2585485074917732, 0.2532620071464624, 0.24878911671697543, 0.2394003686447889]"
2026 05 14 18:17:54.547305,SSVEP_UPDATE,"fbcca_quad=2, fbcca_conf=0.2610, fbcca_ratio=1.2348, fbcca_consec=1, fbcca_scores=[0.08810093091534181, 0.04834724957066732, 0.10878856196510842, 0.01526914857816562], fbcca_probs=[0.2556442119403037, 0.24568076731643881, 0.2609879693347384, 0.23768705140851906], cca_quad=2, cca_conf=0.2559, cca_ratio=1.1500, cca_scores=[0.08052492034488014, 0.07119588372387498, 0.09260182128773274, 0.0312821551134197], cca_probs=[0.2528563624219203, 0.2505084251818512, 0.25592859786445193, 0.2407066145317767]"
2026 05 14 18:17:55.568361,SSVEP_UPDATE,"fbcca_quad=0, fbcca_conf=0.2667, fbcca_ratio=1.4958, fbcca_consec=1, fbcca_scores=[0.19174641953801283, 0.11513437129836675, 0.1281916407998531, 0.06902957080121432], fbcca_probs=[0.26672456975728087, 0.24705339905771445, 0.25030039418351213, 0.23592163700149255], cca_quad=0, cca_conf=0.2561, cca_ratio=1.1013, cca_scores=[0.1320249539579446, 0.11987854493220595, 0.11136111217603505, 0.06795572282835313], cca_probs=[0.25605471355013293, 0.25296338057041035, 0.250817931814795, 0.2401639740646617]"
2026 05 14 18:17:56.593843,SSVEP_UPDATE,"fbcca_quad=0, fbcca_conf=0.2689, fbcca_ratio=2.0361, fbcca_consec=2, fbcca_scores=[0.15553126844707327, 0.07638825417148914, 0.03649633350404447, 0.05778094353451026], fbcca_probs=[0.2689213123839913, 0.2484584935245206, 0.23874209833835658, 0.2438780957531316], cca_quad=0, cca_conf=0.2608, cca_ratio=1.4367, cca_scores=[0.12331768760184901, 0.08583382877502121, 0.0550377250244866, 0.05784175738892344], cca_probs=[0.26083573541755306, 0.2512395795651253, 0.24362030358072123, 0.24430438143660033]"
2026 05 14 18:17:57.618366,SSVEP_UPDATE,"fbcca_quad=0, fbcca_conf=0.2795, fbcca_ratio=3.2359, fbcca_consec=3, fbcca_scores=[0.19690498216539074, 0.06084984362782106, 0.028326364034292745, 0.0462230410450616], fbcca_probs=[0.2795028874552153, 0.24394858473556372, 0.23614216204152863, 0.24040636576769234], cca_quad=0, cca_conf=0.2709, cca_ratio=2.4999, cca_scores=[0.15746751784757565, 0.0629892363339866, 0.04635314900588889, 0.03767025869697574], cca_probs=[0.27087173975719303, 0.24645197386321938, 0.2423858929194257, 0.24029039346016198]"
2026 05 14 18:17:58.630358,SSVEP_UPDATE,"fbcca_quad=0, fbcca_conf=0.2712, fbcca_ratio=2.1840, fbcca_consec=4, fbcca_scores=[0.16468452006915069, 0.07540606823774935, 0.01633311003655101, 0.0713993046933442], fbcca_probs=[0.27117521708982206, 0.2480143773442872, 0.23378777501298617, 0.24702263055290455], cca_quad=0, cca_conf=0.2763, cca_ratio=2.2183, cca_scores=[0.2097655953966045, 0.09067597039970138, 0.03610668420943273, 0.09456048227132666], cca_probs=[0.2762816261477177, 0.24526300022042116, 0.23223779353732535, 0.2462175800945358]"
2026 05 14 18:17:59.655266,SSVEP_UPDATE,"fbcca_quad=0, fbcca_conf=0.2751, fbcca_ratio=1.9172, fbcca_consec=5, fbcca_scores=[0.1953719383888456, 0.10190225382065103, 0.033487537111784836, 0.061074207529578844], fbcca_probs=[0.27505512488792794, 0.2505107533498951, 0.2339452539341936, 0.24048886782798332], cca_quad=0, cca_conf=0.2852, cca_ratio=2.0380, cca_scores=[0.2831575911986152, 0.13893632642352818, 0.05734984719588293, 0.11244224039521349], cca_probs=[0.2851741514174087, 0.24687417317342172, 0.22753232296167916, 0.2404193524474905]"
2026 05 14 18:18:00.668025,SSVEP_UPDATE,"fbcca_quad=0, fbcca_conf=0.2735, fbcca_ratio=2.2959, fbcca_consec=6, fbcca_scores=[0.17335105359581893, 0.07550605208780153, 0.05482650349153938, 0.024077517747272233], fbcca_probs=[0.2734965740700706, 0.24800380629813085, 0.24292786451604179, 0.2355717551157568], cca_quad=0, cca_conf=0.2742, cca_ratio=1.3388, cca_scores=[0.23336160192500438, 0.17431154328674153, 0.09799771417229466, 0.04792693972497589], cca_probs=[0.2742129539651218, 0.25848946793883865, 0.23949705516677963, 0.2278005229292599]"
2026 05 14 18:18:01.682590,SSVEP_UPDATE,"fbcca_quad=0, fbcca_conf=0.3053, fbcca_ratio=3.9233, fbcca_consec=7, fbcca_scores=[0.3361642701485188, 0.08568395670579614, 0.0547459835006745, 0.03788360701764975], fbcca_probs=[0.3053218433865104, 0.23767070686294633, 0.23043023714513158, 0.2265772126054118], cca_quad=0, cca_conf=0.2877, cca_ratio=1.8107, cca_scores=[0.314164961189742, 0.17350198229288066, 0.11570862121444493, 0.07455774825262178], cca_probs=[0.28771062505262646, 0.2499578295896143, 0.2359214382686997, 0.2264101070890595]"
2026 05 14 18:18:01.682590,SSVEP_CONFIRMED,"fbcca_quad=0, fbcca_conf=0.3053, fbcca_ratio=3.9233, fbcca_consec=7, fbcca_scores=[0.3361642701485188, 0.08568395670579614, 0.0547459835006745, 0.03788360701764975], fbcca_probs=[0.3053218433865104, 0.23767070686294633, 0.23043023714513158, 0.2265772126054118], cca_quad=0, cca_conf=0.2877, cca_ratio=1.8107, cca_scores=[0.314164961189742, 0.17350198229288066, 0.11570862121444493, 0.07455774825262178], cca_probs=[0.28771062505262646, 0.2499578295896143, 0.2359214382686997, 0.2264101070890595]"
2026 05 14 18:18:01.682590,SELECTION,"quad=0, result=char, output='Make LIS'"
2026 05 14 18:18:04.687379,PHASE_SSVEP,
2026 05 14 18:18:04.702448,SSVEP_UPDATE,"fbcca_quad=0, fbcca_conf=0.2529, fbcca_ratio=1.0852, fbcca_consec=1, fbcca_scores=[0.05028838281321805, 0.037164966497199664, 0.04634123308817663, 0.021335383704766744], fbcca_probs=[0.252877424360968, 0.24958048948611017, 0.25188124662963124, 0.2456608395232906], cca_quad=0, cca_conf=0.2541, cca_ratio=1.0444, cca_scores=[0.09063331853561231, 0.08677903325397816, 0.06774812286770161, 0.05166170240697698], cca_probs=[0.2541098568964095, 0.25313233005884517, 0.24836054113126144, 0.24439727191348384]"
2026 05 14 18:18:05.734887,SSVEP_UPDATE,"fbcca_quad=0, fbcca_conf=0.2644, fbcca_ratio=1.8035, fbcca_consec=2, fbcca_scores=[0.11687634198463957, 0.06480437054377877, 0.027274058694322128, 0.03267071026848744], fbcca_probs=[0.2643546211984806, 0.25094141172212175, 0.24169804052007368, 0.24300592655932393], cca_quad=0, cca_conf=0.2690, cca_ratio=1.7886, cca_scores=[0.1730834880722786, 0.09676941204700444, 0.049899630714877075, 0.07468575397457164], cca_probs=[0.2690403464428778, 0.24927265044246769, 0.23785886599919326, 0.24382813711546128]"
2026 05 14 18:18:06.751684,SSVEP_UPDATE,"fbcca_quad=1, fbcca_conf=0.2858, fbcca_ratio=4.5342, fbcca_consec=1, fbcca_scores=[0.03989265765907465, 0.22934137671027321, 0.04963727941867018, 0.050579796359985656], fbcca_probs=[0.2364558194998641, 0.2857765180106827, 0.23877125522408318, 0.23899640726537008], cca_quad=1, cca_conf=0.2765, cca_ratio=2.1380, cca_scores=[0.10653785256113667, 0.2277779350979105, 0.07235846274925992, 0.09439850331010649], cca_probs=[0.24490427248360613, 0.27647143106549665, 0.23667503024906844, 0.24194926620182874]"
2026 05 14 18:18:07.773656,SSVEP_UPDATE,"fbcca_quad=1, fbcca_conf=0.3029, fbcca_ratio=4.0634, fbcca_consec=2, fbcca_scores=[0.08514096282794453, 0.3459652209007063, 0.07339944841492395, 0.08390701714996487], fbcca_probs=[0.23336713678423132, 0.3029104344348066, 0.2306430767746412, 0.23307935200632102], cca_quad=1, cca_conf=0.2805, cca_ratio=1.6273, cca_scores=[0.17496776759044566, 0.2847167321888729, 0.09266631091892284, 0.11481613789006034], cca_probs=[0.2513438158551822, 0.28049916572478784, 0.2314862159556105, 0.23667080246441957]"
2026 05 14 18:18:08.799815,SSVEP_UPDATE,"fbcca_quad=1, fbcca_conf=0.3369, fbcca_ratio=3.1271, fbcca_consec=3, fbcca_scores=[0.09281557968323648, 0.536223735784667, 0.07731828358407042, 0.17147813122700792], fbcca_probs=[0.21624102059610725, 0.3369052649067413, 0.21291570274099833, 0.23393801175615303], cca_quad=1, cca_conf=0.3014, cca_ratio=2.1300, cca_scores=[0.17522077822658655, 0.4193507312439735, 0.1100968527220804, 0.1968764829782691], cca_probs=[0.23610780394682807, 0.3013940214695333, 0.22122152424028604, 0.24127665034335258]"
2026 05 14 18:18:09.810943,SSVEP_UPDATE,"fbcca_quad=1, fbcca_conf=0.3264, fbcca_ratio=5.3818, fbcca_consec=4, fbcca_scores=[0.06515682070865214, 0.43759655524579083, 0.04424005578721108, 0.08131102927403204], fbcca_probs=[0.22487793662719255, 0.3263588313373957, 0.2202230697802695, 0.2285401622551423], cca_quad=1, cca_conf=0.2952, cca_ratio=2.3420, cca_scores=[0.14870608675554475, 0.3482736893368502, 0.10948998558762787, 0.10152492689271612], cca_probs=[0.24176007866850896, 0.29515877341047825, 0.23246268621636987, 0.23061846170464279]"
2026 05 14 18:18:09.810943,SSVEP_CONFIRMED,"fbcca_quad=1, fbcca_conf=0.3264, fbcca_ratio=5.3818, fbcca_consec=4, fbcca_scores=[0.06515682070865214, 0.43759655524579083, 0.04424005578721108, 0.08131102927403204], fbcca_probs=[0.22487793662719255, 0.3263588313373957, 0.2202230697802695, 0.2285401622551423], cca_quad=1, cca_conf=0.2952, cca_ratio=2.3420, cca_scores=[0.14870608675554475, 0.3482736893368502, 0.10948998558762787, 0.10152492689271612], cca_probs=[0.24176007866850896, 0.29515877341047825, 0.23246268621636987, 0.23061846170464279]"
2026 05 14 18:18:09.810943,SELECTION,"quad=1, result=navigate, output='Make LIS'"
2026 05 14 18:18:12.825407,PHASE_SSVEP,
2026 05 14 18:18:12.941268,SSVEP_UPDATE,"fbcca_quad=0, fbcca_conf=0.2586, fbcca_ratio=1.0528, fbcca_consec=1, fbcca_scores=[0.11276566290743675, 0.10710819577166465, 0.04801719254487278, 0.04553145002356069], fbcca_probs=[0.2586226142749656, 0.2571635963985361, 0.24240780220969257, 0.2418059871168057], cca_quad=0, cca_conf=0.2705, cca_ratio=1.8252, cca_scores=[0.19284290525315292, 0.10565303994502961, 0.10159584500018057, 0.05103171990137981], cca_probs=[0.2704837091914092, 0.2478991490408264, 0.24689541142296273, 0.23472173034480173]"
2026 05 14 18:18:13.963107,SSVEP_UPDATE,"fbcca_quad=0, fbcca_conf=0.2589, fbcca_ratio=1.0315, fbcca_consec=2, fbcca_scores=[0.10251836277362227, 0.04515761972976029, 0.09938765957916523, 0.020390040387608527], fbcca_probs=[0.2589143355256611, 0.24448073517721045, 0.25810501911410716, 0.23849991018302125], cca_quad=0, cca_conf=0.2696, cca_ratio=1.9501, cca_scores=[0.1673897678492554, 0.07767273659787886, 0.08583434507766977, 0.03224499293765163], cca_probs=[0.2695809524439746, 0.24644816665720434, 0.2484678106648455, 0.2355030702339756]"
2026 05 14 18:18:14.989399,SSVEP_UPDATE,"fbcca_quad=2, fbcca_conf=0.2656, fbcca_ratio=1.9496, fbcca_consec=1, fbcca_scores=[0.07103537658629956, 0.045089287476510184, 0.13849255564194443, 0.05522952063125247], fbcca_probs=[0.24823193892252685, 0.24187412775189657, 0.26555466811284256, 0.24433926521273397], cca_quad=0, cca_conf=0.2587, cca_ratio=1.3305, cca_scores=[0.12860369009631986, 0.0715751963430691, 0.09665658615424931, 0.07981196309931007], cca_probs=[0.25869844867896674, 0.24435805759907644, 0.2505644038379447, 0.2463790898840121]"
2026 05 14 18:18:16.001632,SSVEP_UPDATE,"fbcca_quad=1, fbcca_conf=0.2531, fbcca_ratio=1.0981, fbcca_consec=1, fbcca_scores=[0.07551315653618372, 0.09754947696966856, 0.07893911633234743, 0.08883845237579287], fbcca_probs=[0.24757823784098448, 0.25309450713836634, 0.24842788552860184, 0.2508993694920473], cca_quad=0, cca_conf=0.2534, cca_ratio=1.0839, cca_scores=[0.1064843630334957, 0.09824079278128632, 0.08688957246004214, 0.08014741313388139], cca_probs=[0.25339594292487494, 0.2513156420019597, 0.24847903272592395, 0.24680938234724142]"
2026 05 14 18:18:17.019192,SSVEP_UPDATE,"fbcca_quad=3, fbcca_conf=0.2552, fbcca_ratio=1.3219, fbcca_consec=1, fbcca_scores=[0.03772999201721033, 0.060025264342586, 0.057697166921217534, 0.07934656325202138], fbcca_probs=[0.2447855655595261, 0.2503044199790306, 0.24972236470790496, 0.2551876497535383], cca_quad=3, cca_conf=0.2562, cca_ratio=1.2205, cca_scores=[0.0941238536636304, 0.07693415239174817, 0.07512939967670282, 0.11487934679540102], cca_probs=[0.25093382583181323, 0.24665721050281775, 0.2462124566885227, 0.2561965069768463]"
2026 05 14 18:18:18.045748,SSVEP_UPDATE,"fbcca_quad=3, fbcca_conf=0.2640, fbcca_ratio=2.3186, fbcca_consec=2, fbcca_scores=[0.01686328059575074, 0.042254551192719564, 0.014351288300606991, 0.09797030432673114], fbcca_probs=[0.24344556348896432, 0.24970610081336153, 0.24283479755002588, 0.2640135381476483], cca_quad=3, cca_conf=0.2674, cca_ratio=2.3213, cca_scores=[0.060921065305307144, 0.061882509113290546, 0.034971885286842454, 0.1436497288055058], cca_probs=[0.24620878220928372, 0.24644561194941028, 0.23990204738417314, 0.26744355845713286]"
2026 05 14 18:18:19.070489,SSVEP_UPDATE,"fbcca_quad=1, fbcca_conf=0.2528, fbcca_ratio=1.1197, fbcca_consec=1, fbcca_scores=[0.055197944123142106, 0.061807869931117455, 0.03840128277871375, 0.04655167767457479], fbcca_probs=[0.2511700479976915, 0.2528357624398422, 0.2469864632480785, 0.2490077263143878], cca_quad=1, cca_conf=0.2599, cca_ratio=1.3961, cca_scores=[0.10252719305188256, 0.14356269990589698, 0.06882405371550979, 0.10282814493524664], cca_probs=[0.24943574015285963, 0.25988437858942215, 0.24116906165199653, 0.24951081960572163]"
2026 05 14 18:18:20.083292,SSVEP_UPDATE,"fbcca_quad=0, fbcca_conf=0.2597, fbcca_ratio=1.7112, fbcca_consec=1, fbcca_scores=[0.09492834775838581, 0.04166747649652718, 0.03380283720740199, 0.05547591593780693], fbcca_probs=[0.2597299053180357, 0.24625840072766314, 0.244329263163062, 0.24968243079123909], cca_quad=0, cca_conf=0.2533, cca_ratio=1.0916, cca_scores=[0.12030220113480737, 0.10157552393203538, 0.09572289253486896, 0.11020650240589917], cca_probs=[0.253349086675172, 0.248648847400388, 0.24719784757458343, 0.2508042183498566]"
2026 05 14 18:18:21.104654,SSVEP_UPDATE,"fbcca_quad=0, fbcca_conf=0.2636, fbcca_ratio=1.4233, fbcca_consec=2, fbcca_scores=[0.13497660702384967, 0.09483616449154338, 0.061818785972672714, 0.03318859713512385], fbcca_probs=[0.2636206426718903, 0.2532483600830424, 0.245023295354069, 0.23810770189099828], cca_quad=0, cca_conf=0.2664, cca_ratio=1.2208, cca_scores=[0.19850577536494657, 0.16260673375456328, 0.10550085436316133, 0.0682555543424838], cca_probs=[0.26639654456833695, 0.2570027862129947, 0.24273760539689113, 0.2338630638217772]"
2026 05 14 18:18:22.118202,SSVEP_UPDATE,"fbcca_quad=2, fbcca_conf=0.2648, fbcca_ratio=1.6987, fbcca_consec=1, fbcca_scores=[0.03125456188019716, 0.07587781732745467, 0.12889294816457472, 0.047315436679100105], fbcca_probs=[0.24013129975105124, 0.2510894151846595, 0.26476012895846707, 0.24401915610582225], cca_quad=2, cca_conf=0.2581, cca_ratio=1.0710, cca_scores=[0.10937998292362677, 0.1378787432175067, 0.14767388146255792, 0.06630055756775963], cca_probs=[0.24839903066088473, 0.2555799324843733, 0.2580956741601553, 0.23792536269458672]"
2026 05 14 18:18:23.142938,SSVEP_UPDATE,"fbcca_quad=2, fbcca_conf=0.2826, fbcca_ratio=3.6990, fbcca_consec=2, fbcca_scores=[0.05587479729982053, 0.045802795909001146, 0.20668335146213118, 0.01705418145016942], fbcca_probs=[0.24303251142121665, 0.24059697358782667, 0.28259189236750815, 0.23377862262344856], cca_quad=2, cca_conf=0.2692, cca_ratio=1.4187, cca_scores=[0.14990440305871788, 0.13324874325719033, 0.21266936032756298, 0.05273436648748518], cca_probs=[0.25280228027410573, 0.24862656269457972, 0.2691779377571787, 0.22939321927413592]"
2026 05 14 18:18:24.167389,SSVEP_UPDATE,"fbcca_quad=2, fbcca_conf=0.2688, fbcca_ratio=1.4828, fbcca_consec=3, fbcca_scores=[0.10053568782930969, 0.029081003718379784, 0.14907163171097515, 0.021610097698449193], fbcca_probs=[0.25608979911039814, 0.23842945409968236, 0.26882593937068067, 0.23665480741923878], cca_quad=0, cca_conf=0.2612, cca_ratio=1.0019, cca_scores=[0.16520245817849216, 0.09958855327181604, 0.16488616341315934, 0.051678506052544516], cca_probs=[0.26117441667005725, 0.24458784834839556, 0.2610918216321033, 0.23314591334944382]"
2026 05 14 18:18:25.189784,SSVEP_UPDATE,"fbcca_quad=2, fbcca_conf=0.2628, fbcca_ratio=1.1169, fbcca_consec=4, fbcca_scores=[0.10550480824907528, 0.019228106930889787, 0.11783989190873016, 0.024457292453900353], fbcca_probs=[0.25961202386812343, 0.2381525892036632, 0.2628341919022688, 0.23940119502594454], cca_quad=0, cca_conf=0.2620, cca_ratio=1.1084, cca_scores=[0.16133458575332016, 0.0719193572887489, 0.1455514558418548, 0.07628153603834477], cca_probs=[0.2619673144849593, 0.23956014523177308, 0.2578651083114331, 0.2406074319718345]"
2026 05 14 18:18:26.200396,SSVEP_UPDATE,"fbcca_quad=2, fbcca_conf=0.2712, fbcca_ratio=1.4315, fbcca_consec=5, fbcca_scores=[0.1317124777658965, 0.048364579291011185, 0.18854003788760987, 0.053449057002972276], fbcca_probs=[0.25619839415967766, 0.23571046840227333, 0.27117915245903823, 0.23691198497901067], cca_quad=2, cca_conf=0.2658, cca_ratio=1.2103, cca_scores=[0.1695397306956901, 0.10388039401005911, 0.20519345310468942, 0.09238607075209393], cca_probs=[0.2565092851504172, 0.24020807494896534, 0.26581978675616746, 0.23746285314445]"
2026 05 14 18:18:27.222752,SSVEP_UPDATE,"fbcca_quad=0, fbcca_conf=0.2566, fbcca_ratio=1.0832, fbcca_consec=1, fbcca_scores=[0.10907034283081621, 0.07706116024989342, 0.10068862587753734, 0.043441654720721715], fbcca_probs=[0.2566320440223688, 0.24854754148971087, 0.25449001634342716, 0.24033039814449322], cca_quad=0, cca_conf=0.2564, cca_ratio=1.0746, cca_scores=[0.17239971058223216, 0.15934130670138374, 0.16043369484553205, 0.09469219957658545], cca_probs=[0.25638614378589963, 0.2530599148573732, 0.25333650555281595, 0.23721743580391116]"
2026 05 14 18:18:28.243144,SSVEP_UPDATE,"fbcca_quad=0, fbcca_conf=0.2657, fbcca_ratio=2.1922, fbcca_consec=2, fbcca_scores=[0.14242242310326605, 0.05612248747099213, 0.06496801732245785, 0.06062718988487655], fbcca_probs=[0.2656572472889181, 0.24369245458114, 0.2458576052979864, 0.24479269283195546], cca_quad=0, cca_conf=0.2705, cca_ratio=1.4614, cca_scores=[0.2195545264652005, 0.08881119265351946, 0.15023768590157233, 0.09895193790564841], cca_probs=[0.27049982108256665, 0.23734816245409943, 0.25238472158577163, 0.23976729487756235]"
2026 05 14 18:18:29.251898,SSVEP_UPDATE,"fbcca_quad=0, fbcca_conf=0.2587, fbcca_ratio=1.8312, fbcca_consec=3, fbcca_scores=[0.08398989618618474, 0.04586516767336918, 0.04444635523612858, 0.02365596739822201], fbcca_probs=[0.2587140670523714, 0.2490363164752857, 0.24868323119227237, 0.24356638528007055], cca_quad=0, cca_conf=0.2657, cca_ratio=1.4254, cca_scores=[0.17515651139612026, 0.11204950433812358, 0.12288553876623015, 0.04205919749312733], cca_probs=[0.2657246150585559, 0.2494736962331552, 0.2521917013976665, 0.23260998731062252]"
2026 05 14 18:18:30.278356,SSVEP_UPDATE,"fbcca_quad=2, fbcca_conf=0.3327, fbcca_ratio=7.5394, fbcca_consec=1, fbcca_scores=[0.058952689536239056, 0.043193004418041976, 0.44446559004030944, 0.022710526681130827], fbcca_probs=[0.22628843166975973, 0.2227501515634849, 0.33272733221744993, 0.2182340845493055], cca_quad=2, cca_conf=0.2886, cca_ratio=2.2221, cca_scores=[0.13078478987777645, 0.1100963858406904, 0.29061873898314716, 0.038927957686073954], cca_probs=[0.24599786682894234, 0.24096084717325653, 0.28863323917752637, 0.22440804682027474]"
2026 05 14 18:18:31.285870,SSVEP_UPDATE,"fbcca_quad=2, fbcca_conf=0.2864, fbcca_ratio=3.6133, fbcca_consec=2, fbcca_scores=[0.02541963539970527, 0.060287793676378404, 0.21783754012351247, 0.009984019327861025], fbcca_probs=[0.23627574228611112, 0.2446595569586804, 0.2864080170590545, 0.232656683696154], cca_quad=2, cca_conf=0.2786, cca_ratio=1.4480, cca_scores=[0.054899437489452786, 0.15993192189161254, 0.23158879796283227, 0.03300847002076473], cca_probs=[0.23351642827084762, 0.25937760016222144, 0.2786458976647046, 0.22846007390222633]"
2026 05 14 18:18:32.318348,SSVEP_UPDATE,"fbcca_quad=2, fbcca_conf=0.2863, fbcca_ratio=3.0472, fbcca_consec=3, fbcca_scores=[0.04380995976722224, 0.07722494769033472, 0.2353216950641084, 0.028462517098082205], fbcca_probs=[0.23641621498829435, 0.2444495290428798, 0.2863187239719018, 0.232815531996924], cca_quad=2, cca_conf=0.2711, cca_ratio=1.3302, cca_scores=[0.10233612129779057, 0.16357233288698902, 0.21757869288931264, 0.05545287922992475], cca_probs=[0.241575395125567, 0.25683088444018376, 0.2710827679660362, 0.23051095246821302]"
2026 05 14 18:18:33.334289,SSVEP_UPDATE,"fbcca_quad=2, fbcca_conf=0.2977, fbcca_ratio=4.6716, fbcca_consec=4, fbcca_scores=[0.060138495494527384, 0.038026692814988085, 0.28094114597397296, 0.0230317672805729], fbcca_probs=[0.23873291321083576, 0.23351203240341492, 0.2977183959140232, 0.2300366584717262], cca_quad=2, cca_conf=0.2751, cca_ratio=1.6593, cca_scores=[0.13597067338250798, 0.10275244858083371, 0.2256225207593582, 0.04676022770851908], cca_probs=[0.25152335619855154, 0.24330544468315815, 0.2751145895623686, 0.23005660955592167]"
2026 05 14 18:18:34.343092,SSVEP_UPDATE,"fbcca_quad=2, fbcca_conf=0.3205, fbcca_ratio=11.2477, fbcca_consec=5, fbcca_scores=[0.03341785377346904, 0.02272367747248636, 0.37587418364897934, 0.029399485325270844], fbcca_probs=[0.22759574021548282, 0.22517475951447757, 0.3205464885281594, 0.22668301174188019], cca_quad=2, cca_conf=0.2718, cca_ratio=2.2981, cca_scores=[0.08333256001119616, 0.07776683770280948, 0.19150696810014023, 0.07481066459157745], cca_probs=[0.24389017837355323, 0.24253652389382527, 0.27175269507430255, 0.24182060265831887]"
2026 05 14 18:18:34.343092,SSVEP_CONFIRMED,"fbcca_quad=2, fbcca_conf=0.3205, fbcca_ratio=11.2477, fbcca_consec=5, fbcca_scores=[0.03341785377346904, 0.02272367747248636, 0.37587418364897934, 0.029399485325270844], fbcca_probs=[0.22759574021548282, 0.22517475951447757, 0.3205464885281594, 0.22668301174188019], cca_quad=2, cca_conf=0.2718, cca_ratio=2.2981, cca_scores=[0.08333256001119616, 0.07776683770280948, 0.19150696810014023, 0.07481066459157745], cca_probs=[0.24389017837355323, 0.24253652389382527, 0.27175269507430255, 0.24182060265831887]"
2026 05 14 18:18:34.343092,SELECTION,"quad=2, result=navigate, output='Make LIS'"
2026 05 14 18:18:37.345367,PHASE_SSVEP,
2026 05 14 18:18:37.378305,SSVEP_UPDATE,"fbcca_quad=3, fbcca_conf=0.2559, fbcca_ratio=1.2471, fbcca_consec=1, fbcca_scores=[0.057574483257657634, 0.06410527450743798, 0.02366337084232891, 0.07994730093398443], fbcca_probs=[0.25026061175956077, 0.25190036017219364, 0.24191627845796404, 0.2559227496102815], cca_quad=1, cca_conf=0.2593, cca_ratio=1.1979, cca_scores=[0.09822470983542908, 0.14417010793581664, 0.0666012698959828, 0.12035213262609631], cca_probs=[0.247631243604257, 0.2592741812821399, 0.23992281770185167, 0.25317175741175135]"
2026 05 14 18:18:38.393267,SSVEP_UPDATE,"fbcca_quad=1, fbcca_conf=0.2518, fbcca_ratio=1.0176, fbcca_consec=1, fbcca_scores=[0.0816031101481325, 0.09068510540754275, 0.07264963112252187, 0.08911707456495996], fbcca_probs=[0.2495164302459953, 0.25179285889259095, 0.24729236155507653, 0.2513983493063372], cca_quad=1, cca_conf=0.2571, cca_ratio=1.1910, cca_scores=[0.129955658369372, 0.1614859638052773, 0.10639467494706478, 0.13559329809770893], cca_probs=[0.24910318978674947, 0.25708262540816174, 0.2433026749084904, 0.2505115098965984]"
2026 05 14 18:18:39.405089,SSVEP_UPDATE,"fbcca_quad=0, fbcca_conf=0.2571, fbcca_ratio=1.3079, fbcca_consec=1, fbcca_scores=[0.06813515022360116, 0.022908380787575084, 0.05209512626333739, 0.016851334391136102], fbcca_probs=[0.25707749430714705, 0.2457097114226982, 0.2529868597803626, 0.24422593448979213], cca_quad=0, cca_conf=0.2545, cca_ratio=1.1206, cca_scores=[0.09330565236277247, 0.08326540341913748, 0.06823905479928391, 0.05665362557327032], cca_probs=[0.2545004281503914, 0.2519579653333562, 0.24820026010752538, 0.24534134640872707]"
2026 05 14 18:18:40.429459,SSVEP_UPDATE,"fbcca_quad=0, fbcca_conf=0.2626, fbcca_ratio=1.7165, fbcca_consec=2, fbcca_scores=[0.11518793267261125, 0.043549574777989056, 0.03695278861630982, 0.06710585843495732], fbcca_probs=[0.262558846648989, 0.24440749083450433, 0.24280049321869085, 0.2502331692978159], cca_quad=0, cca_conf=0.2597, cca_ratio=1.3533, cca_scores=[0.133908293000833, 0.06183553902273563, 0.08678066249361019, 0.0989466476440314], cca_probs=[0.2597354505480875, 0.2416742780676822, 0.24777869393681407, 0.2508115774474162]"
2026 05 14 18:18:41.449472,SSVEP_UPDATE,"fbcca_quad=0, fbcca_conf=0.2626, fbcca_ratio=1.1666, fbcca_consec=3, fbcca_scores=[0.14057307841420708, 0.06444783194698436, 0.12049728390032538, 0.03715488957704251], fbcca_probs=[0.2625654428498684, 0.243319430908055, 0.25734679252338066, 0.2367683337186959], cca_quad=2, cca_conf=0.2592, cca_ratio=1.0274, cca_scores=[0.13892029156027974, 0.08165196701866041, 0.14272389653918655, 0.059747461325619006], cca_probs=[0.2582623464413875, 0.2438876309719265, 0.25924654495278854, 0.2386034776338974]"
2026 05 14 18:18:42.468420,SSVEP_UPDATE,"fbcca_quad=0, fbcca_conf=0.2920, fbcca_ratio=2.0595, fbcca_consec=4, fbcca_scores=[0.2704338950101304, 0.017828270756940438, 0.1313080758414866, 0.018391161492921925], fbcca_probs=[0.2920471844993709, 0.22685470709605096, 0.2541156709497438, 0.2269824374548344], cca_quad=0, cca_conf=0.2737, cca_ratio=1.1894, cca_scores=[0.2210247740552605, 0.062244258723618204, 0.1858278258226073, 0.04144855523311182], cca_probs=[0.273655977670657, 0.23347879195509308, 0.26419165702596364, 0.22867357334828617]"
2026 05 14 18:18:43.499886,SSVEP_UPDATE,"fbcca_quad=0, fbcca_conf=0.2860, fbcca_ratio=2.9063, fbcca_consec=5, fbcca_scores=[0.2439254236157251, 0.07317494085669662, 0.08392947205729304, 0.021834182182021537], fbcca_probs=[0.28603943670811405, 0.24114036929496468, 0.2437477161866019, 0.2290724778103193], cca_quad=0, cca_conf=0.2738, cca_ratio=1.7077, cca_scores=[0.22246712502749966, 0.12242846974864059, 0.13027362497247366, 0.042882540978944755], cca_probs=[0.2737964440388669, 0.2477316911688645, 0.24968282821933754, 0.22878903657293106]"
2026 05 14 18:18:44.512042,SSVEP_UPDATE,"fbcca_quad=0, fbcca_conf=0.2824, fbcca_ratio=3.0597, fbcca_consec=6, fbcca_scores=[0.22041257475425813, 0.07203818586854976, 0.04726449512205021, 0.04333037197753756], fbcca_probs=[0.28241947689278285, 0.24347617249927678, 0.23751847092721318, 0.23658587968072728], cca_quad=0, cca_conf=0.2692, cca_ratio=1.6433, cca_scores=[0.20581867390108524, 0.1252474959044121, 0.09859573485902533, 0.09393285651818303], cca_probs=[0.2691745871326751, 0.2483375759378498, 0.24180636296679642, 0.24068147396267867]"
2026 05 14 18:18:45.533925,SSVEP_UPDATE,"fbcca_quad=0, fbcca_conf=0.2754, fbcca_ratio=2.8495, fbcca_consec=7, fbcca_scores=[0.17795141309668408, 0.062449918729755756, 0.0438505450216551, 0.03394883701761938], fbcca_probs=[0.2753829702709022, 0.24534398682388456, 0.24082291719065477, 0.2384501257145585], cca_quad=0, cca_conf=0.2690, cca_ratio=1.6479, cca_scores=[0.19984708141033766, 0.12127114065613205, 0.11447514944719914, 0.06615962337948976], cca_probs=[0.2690004404240475, 0.24867257619447522, 0.24698832909929186, 0.23533865428218537]"
2026 05 14 18:18:46.560103,SSVEP_UPDATE,"fbcca_quad=0, fbcca_conf=0.2655, fbcca_ratio=3.0207, fbcca_consec=8, fbcca_scores=[0.10916519369612855, 0.03613931256846724, 0.023967087976549385, 0.024652830463567255], fbcca_probs=[0.2654725777307358, 0.24677714165422132, 0.24379152253818, 0.24395875807686287], cca_quad=0, cca_conf=0.2651, cca_ratio=1.5311, cca_scores=[0.15621192593646857, 0.10202740109521968, 0.060234922610341926, 0.06891635896205148], cca_probs=[0.2651009168841699, 0.25111877819095996, 0.24084018207552874, 0.24294012284934124]"
2026 05 14 18:18:47.572574,SSVEP_UPDATE,"fbcca_quad=0, fbcca_conf=0.2633, fbcca_ratio=1.9713, fbcca_consec=9, fbcca_scores=[0.11079629419292887, 0.056204898663552105, 0.015190232330742778, 0.0515886887283249], fbcca_probs=[0.263282260364914, 0.24929459123151185, 0.23927670126496545, 0.24814644713860876], cca_quad=0, cca_conf=0.2686, cca_ratio=1.5033, cca_scores=[0.1865776276971501, 0.12411007744362833, 0.04574860845433941, 0.09834235436863076], cca_probs=[0.26855537621290587, 0.2522926152017639, 0.2332773563692123, 0.24587465221611798]"
2026 05 14 18:18:48.598315,SSVEP_UPDATE,"fbcca_quad=0, fbcca_conf=0.2690, fbcca_ratio=1.9663, fbcca_consec=10, fbcca_scores=[0.15175192315575753, 0.046087414981603715, 0.07717492872258555, 0.03527215706288526], fbcca_probs=[0.2689682774007638, 0.24199787293552752, 0.24963914380381694, 0.23939470585989184], cca_quad=0, cca_conf=0.2743, cca_ratio=1.8371, cca_scores=[0.21182804899103647, 0.11530734838936431, 0.06374196677171373, 0.07847526864166975], cca_probs=[0.274310472128541, 0.24907146772536848, 0.2365535223894271, 0.2400645377566635]"
2026 05 14 18:18:49.612416,SSVEP_UPDATE,"fbcca_quad=0, fbcca_conf=0.2709, fbcca_ratio=1.4726, fbcca_consec=11, fbcca_scores=[0.19975235065304153, 0.08582303987283593, 0.1356482111453385, 0.049821865661272155], fbcca_probs=[0.2709295691026886, 0.2417561524654555, 0.25410682640127596, 0.23320745203057996], cca_quad=0, cca_conf=0.2694, cca_ratio=1.5797, cca_scores=[0.21690316460920972, 0.13296209565428443, 0.13730538929072686, 0.07616031696833582], cca_probs=[0.2694193539153498, 0.24772717337779415, 0.24880546520742855, 0.23404800749942747]"
2026 05 14 18:18:50.625725,SSVEP_UPDATE,"fbcca_quad=1, fbcca_conf=0.2558, fbcca_ratio=1.0673, fbcca_consec=1, fbcca_scores=[0.10593936926608613, 0.11307368090990799, 0.10375254160057752, 0.03643703395256614], fbcca_probs=[0.2539467555266417, 0.25576496896013423, 0.2533920245077297, 0.23689625100549444], cca_quad=1, cca_conf=0.2664, cca_ratio=1.2947, cca_scores=[0.14014146605694222, 0.18143835879004175, 0.0915656747708429, 0.054012148261559534], cca_probs=[0.2556092042761571, 0.2663860640193479, 0.2434895293638648, 0.23451520234063025]"
2026 05 14 18:18:51.652995,SSVEP_UPDATE,"fbcca_quad=1, fbcca_conf=0.2708, fbcca_ratio=1.4876, fbcca_consec=2, fbcca_scores=[0.11333700665285872, 0.2120299110157758, 0.14253247160122706, 0.054728748505367776], fbcca_probs=[0.24531273190204658, 0.27075835866651227, 0.2525803253333044, 0.23134858409813677], cca_quad=1, cca_conf=0.2732, cca_ratio=1.6150, cca_scores=[0.14608238501479123, 0.23591716941797813, 0.13287585864340037, 0.0659012869837932], cca_probs=[0.24976129014016538, 0.2732372339543518, 0.24648449623391394, 0.23051697967156892]"
2026 05 14 18:18:52.674376,SSVEP_UPDATE,"fbcca_quad=0, fbcca_conf=0.2610, fbcca_ratio=1.0839, fbcca_consec=1, fbcca_scores=[0.16226426073492659, 0.1496972180946526, 0.13649484697671385, 0.02146559392489666], fbcca_probs=[0.2610464710745077, 0.2577864164691138, 0.2544053924069043, 0.22676172004947423], cca_quad=1, cca_conf=0.2721, cca_ratio=1.3356, cca_scores=[0.18026977378251435, 0.2407596442890957, 0.1542326859869477, 0.0378468050606392], cca_probs=[0.2561534364396964, 0.2721263543637466, 0.2495700252733393, 0.22215018392321775]"
2026 05 14 18:18:53.701821,SSVEP_UPDATE,"fbcca_quad=0, fbcca_conf=0.3025, fbcca_ratio=3.6702, fbcca_consec=2, fbcca_scores=[0.3278380404666634, 0.08932507747374455, 0.06317119136885534, 0.04143526004254226], fbcca_probs=[0.3024601979223986, 0.238277682963303, 0.23212658377736822, 0.22713553533693012], cca_quad=0, cca_conf=0.2715, cca_ratio=1.2433, cca_scores=[0.24928096054050333, 0.20049694058792258, 0.10631926627121845, 0.10260887802885134], cca_probs=[0.2715361285314585, 0.2586074256318482, 0.2353640598763917, 0.23449238596030156]"
2026 05 14 18:18:54.717447,SSVEP_UPDATE,"fbcca_quad=0, fbcca_conf=0.3364, fbcca_ratio=3.6169, fbcca_consec=3, fbcca_scores=[0.4915075240150893, 0.04347116842117416, 0.1358906317650834, 0.03492860759677659], fbcca_probs=[0.3363527152764569, 0.2148895126991069, 0.23569614751916432, 0.2130616245052718], cca_quad=0, cca_conf=0.2900, cca_ratio=1.7093, cca_scores=[0.3393293177862278, 0.11691388196926024, 0.19852515740888063, 0.08955705659662769], cca_probs=[0.29000467419802817, 0.23217272639004005, 0.25191529004813734, 0.2259073093637944]"
2026 05 14 18:18:55.730141,SSVEP_UPDATE,"fbcca_quad=0, fbcca_conf=0.3490, fbcca_ratio=3.3281, fbcca_consec=4, fbcca_scores=[0.5666806988892871, 0.03986707251503851, 0.17027322122874, 0.059964021243249614], fbcca_probs=[0.34895653224861434, 0.20605306622309452, 0.2347544061264679, 0.2102359954018233], cca_quad=0, cca_conf=0.2962, cca_ratio=1.6013, cca_scores=[0.3886261118398464, 0.10204223629883499, 0.24269723985808514, 0.11612943478149243], cca_probs=[0.29616298076212105, 0.22236630351731118, 0.25594972577304065, 0.22552098994752715]"
2026 05 14 18:18:55.730141,SSVEP_CONFIRMED,"fbcca_quad=0, fbcca_conf=0.3490, fbcca_ratio=3.3281, fbcca_consec=4, fbcca_scores=[0.5666806988892871, 0.03986707251503851, 0.17027322122874, 0.059964021243249614], fbcca_probs=[0.34895653224861434, 0.20605306622309452, 0.2347544061264679, 0.2102359954018233], cca_quad=0, cca_conf=0.2962, cca_ratio=1.6013, cca_scores=[0.3886261118398464, 0.10204223629883499, 0.24269723985808514, 0.11612943478149243], cca_probs=[0.29616298076212105, 0.22236630351731118, 0.25594972577304065, 0.22552098994752715]"
2026 05 14 18:18:55.730141,SELECTION,"quad=0, result=navigate, output='Make LIS'"
2026 05 14 18:18:58.744435,PHASE_SSVEP,
2026 05 14 18:18:58.875161,SSVEP_UPDATE,"fbcca_quad=2, fbcca_conf=0.2549, fbcca_ratio=1.2569, fbcca_consec=1, fbcca_scores=[0.05687738961692892, 0.033378708192984684, 0.07148869488161834, 0.04544870083984143], fbcca_probs=[0.25124806184508847, 0.2454128915916198, 0.2549460745797696, 0.24839297198352225], cca_quad=2, cca_conf=0.2582, cca_ratio=1.4307, cca_scores=[0.09123575276452489, 0.08567296770975083, 0.13052925255008294, 0.0842718391983915], cca_probs=[0.24828752138010043, 0.24691018572972, 0.25823781781234784, 0.24656447507783172]"
2026 05 14 18:18:59.881276,SSVEP_UPDATE,"fbcca_quad=1, fbcca_conf=0.2535, fbcca_ratio=1.0098, fbcca_consec=1, fbcca_scores=[0.06297744349892849, 0.06359158572399486, 0.020077287893349713, 0.051728751945010115], fbcca_probs=[0.25332901519607826, 0.25348464302506374, 0.2426909792149973, 0.2504953625638607], cca_quad=1, cca_conf=0.2543, cca_ratio=1.0841, cca_scores=[0.10101462155644918, 0.10950972601180996, 0.06022745153119139, 0.09902950697532312], cca_probs=[0.2521062483242764, 0.25425703990257004, 0.2420304268319348, 0.2516062849412187]"
2026 05 14 18:19:00.908932,SSVEP_UPDATE,"fbcca_quad=1, fbcca_conf=0.2570, fbcca_ratio=1.0475, fbcca_consec=2, fbcca_scores=[0.08376281371152827, 0.08773979827240616, 0.03048368202051132, 0.03707948844597811], fbcca_probs=[0.2559842847389698, 0.25700435734922517, 0.24270262370634024, 0.2443087342054649], cca_quad=0, cca_conf=0.2589, cca_ratio=1.2011, cca_scores=[0.13859643191321266, 0.11539169578970007, 0.08281094976817771, 0.0771448636269126], cca_probs=[0.25885256984906546, 0.2529151191796467, 0.2448077452181092, 0.24342456575317853]"
2026 05 14 18:19:01.920486,SSVEP_UPDATE,"fbcca_quad=3, fbcca_conf=0.2619, fbcca_ratio=1.3216, fbcca_consec=1, fbcca_scores=[0.06505257402078883, 0.10145855317033503, 0.0468696949944581, 0.13408326103300106], fbcca_probs=[0.24446725894918078, 0.25353132080471136, 0.24006230905133813, 0.26193911119476965], cca_quad=3, cca_conf=0.2566, cca_ratio=1.1988, cca_scores=[0.10238198618074647, 0.09264000705764096, 0.06741915839866953, 0.1227332447397603], cca_probs=[0.2514770259008563, 0.2490390366663539, 0.24283660488163702, 0.2566473325511527]"
2026 05 14 18:19:02.931682,SSVEP_UPDATE,"fbcca_quad=1, fbcca_conf=0.2652, fbcca_ratio=1.1951, fbcca_consec=1, fbcca_scores=[0.026244952963402218, 0.13126413526189085, 0.01629242165042127, 0.10983821647327824], fbcca_probs=[0.23877658405467997, 0.26521677283253026, 0.2364119392445352, 0.2595947038682546], cca_quad=1, cca_conf=0.2642, cca_ratio=1.3524, cca_scores=[0.08038659315222882, 0.15641744829921078, 0.049643003120583375, 0.11565739414246164], cca_probs=[0.24482080078135088, 0.2641606320076769, 0.23740865227977376, 0.25360991493119844]"
2026 05 14 18:19:03.959248,SSVEP_UPDATE,"fbcca_quad=1, fbcca_conf=0.3161, fbcca_ratio=3.8508, fbcca_consec=2, fbcca_scores=[0.033873712094506014, 0.37544687166836077, 0.011742708121995129, 0.09749823060625398], fbcca_probs=[0.22467044090066313, 0.31614715353524486, 0.21975287453040326, 0.23942953103368866], cca_quad=1, cca_conf=0.2845, cca_ratio=2.3839, cca_scores=[0.10935555972927273, 0.2606918224395781, 0.04753755434042924, 0.09472800712221861], cca_probs=[0.24456331695593816, 0.2845219783567262, 0.22990271359152284, 0.2410119910958128]"
2026 05 14 18:19:04.971011,SSVEP_UPDATE,"fbcca_quad=1, fbcca_conf=0.3305, fbcca_ratio=4.6692, fbcca_consec=3, fbcca_scores=[0.090148929221085, 0.4628512363409382, 0.018672341377651235, 0.09912845652576996], fbcca_probs=[0.22770276631952494, 0.33054520550685274, 0.21199539105271703, 0.22975663712090535], cca_quad=1, cca_conf=0.2883, cca_ratio=1.9421, cca_scores=[0.15371149192827888, 0.29851647757122135, 0.05482695444001833, 0.09921980410403711], cca_probs=[0.2494619217669285, 0.2883316185493955, 0.2259744066362742, 0.2362320530474018]"
2026 05 14 18:19:05.999469,SSVEP_UPDATE,"fbcca_quad=1, fbcca_conf=0.3239, fbcca_ratio=1.9642, fbcca_consec=4, fbcca_scores=[0.0810169918616172, 0.4981218443695356, 0.059964253131879114, 0.25359958820694606], fbcca_probs=[0.21344266517874996, 0.3239123977565557, 0.2089960831126846, 0.2536488539520097], cca_quad=1, cca_conf=0.2788, cca_ratio=1.9365, cca_scores=[0.12916360775723162, 0.275688694054726, 0.11102068560042547, 0.14236410330166582], cca_probs=[0.24078325915766144, 0.27877981467915, 0.23645413743846758, 0.24398278872472104]"
2026 05 14 18:19:07.015864,SSVEP_UPDATE,"fbcca_quad=1, fbcca_conf=0.3069, fbcca_ratio=1.4245, fbcca_consec=5, fbcca_scores=[0.051747962445666325, 0.441358986604935, 0.09009725060463003, 0.309844136432789], fbcca_probs=[0.20790177192396309, 0.3069475057578223, 0.216029507240563, 0.26912121507765163], cca_quad=1, cca_conf=0.2752, cca_ratio=1.4651, cca_scores=[0.09065316275047626, 0.2536084374509613, 0.10523028921681873, 0.17309773714205126], cca_probs=[0.23377559819186328, 0.2751501497776288, 0.2372083335746563, 0.2538659184558516]"
2026 05 14 18:19:08.030972,SSVEP_UPDATE,"fbcca_quad=1, fbcca_conf=0.3381, fbcca_ratio=1.5435, fbcca_consec=6, fbcca_scores=[0.0382936492744547, 0.5971347326948235, 0.044763173765495115, 0.3868750863533423], fbcca_probs=[0.19334165266914957, 0.3380858740377079, 0.19459653609887254, 0.27397593719427], cca_quad=1, cca_conf=0.2885, cca_ratio=1.4427, cca_scores=[0.09278434245962118, 0.32541143083319374, 0.061700510629203974, 0.22556134916649415], cca_probs=[0.228660257119343, 0.2885488503588368, 0.2216619507045081, 0.2611289418173121]"
2026 05 14 18:19:09.044208,SSVEP_UPDATE,"fbcca_quad=3, fbcca_conf=0.3009, fbcca_ratio=1.0315, fbcca_consec=1, fbcca_scores=[0.017704788964335243, 0.4103830689021371, 0.02259920514092732, 0.4232993120156954], fbcca_probs=[0.20055986638306353, 0.29701750235908914, 0.20154389599830375, 0.3008787352595436], cca_quad=3, cca_conf=0.2747, cca_ratio=1.0796, cca_scores=[0.07714927901335689, 0.2394143345397269, 0.06588159299010352, 0.2584767344431895], cca_probs=[0.22915937670357478, 0.26953083116093035, 0.2265917734366616, 0.2747180186988332]"
2026 05 14 18:19:10.056578,SSVEP_UPDATE,"fbcca_quad=3, fbcca_conf=0.2668, fbcca_ratio=1.1625, fbcca_consec=2, fbcca_scores=[0.06387411470320944, 0.14383295316961014, 0.027597828197887236, 0.16720304841114886], fbcca_probs=[0.2405886309998084, 0.2606158250238968, 0.23201737549025991, 0.26677816848603486], cca_quad=3, cca_conf=0.2644, cca_ratio=1.0880, cca_scores=[0.10002292389342445, 0.1802502214214981, 0.07872659801068553, 0.1961133256391116], cca_probs=[0.2401928801016535, 0.26025698980969986, 0.23513173740608614, 0.2644183926825605]"
2026 05 14 18:19:11.090004,SSVEP_UPDATE,"fbcca_quad=1, fbcca_conf=0.2709, fbcca_ratio=1.3283, fbcca_consec=1, fbcca_scores=[0.037198757496166725, 0.17675137079830444, 0.030244631815213696, 0.1330620743318272], fbcca_probs=[0.23565797832854699, 0.270949951438913, 0.2340248681377002, 0.2593672020948398], cca_quad=1, cca_conf=0.2699, cca_ratio=1.3075, cca_scores=[0.06137197211336869, 0.19491452945797674, 0.06165985270651763, 0.14907106741777912], cca_probs=[0.23613768972082452, 0.26987465845342784, 0.2362056789649286, 0.25778197286081905]"
2026 05 14 18:19:12.114519,SSVEP_UPDATE,"fbcca_quad=1, fbcca_conf=0.3004, fbcca_ratio=1.7223, fbcca_consec=2, fbcca_scores=[0.011073834221969723, 0.3462673029109209, 0.0563904589339656, 0.20104403771261856], fbcca_probs=[0.21487892378613144, 0.3004460467740384, 0.2248405195831759, 0.25983450985665413], cca_quad=1, cca_conf=0.2799, cca_ratio=1.6260, cca_scores=[0.04456018312498836, 0.2493308806608675, 0.08540267878851586, 0.15334457671657875], cca_probs=[0.22810980809377487, 0.2799463072606748, 0.23761925484746843, 0.25432462979808185]"
2026 05 14 18:19:13.132049,SSVEP_UPDATE,"fbcca_quad=1, fbcca_conf=0.3140, fbcca_ratio=1.9276, fbcca_consec=3, fbcca_scores=[0.05421651935970228, 0.4369542071416438, 0.06893529608533988, 0.22668504862319186], fbcca_probs=[0.2141623226884714, 0.3140247902117477, 0.2173378426547069, 0.2544750444450741], cca_quad=1, cca_conf=0.2923, cca_ratio=1.7122, cca_scores=[0.12727798111611638, 0.3614761162973871, 0.10005088487763726, 0.21111685794443272], cca_probs=[0.23124120607235787, 0.2922645785836587, 0.22503011813765683, 0.2514640972063266]"
2026 05 14 18:19:14.142790,SSVEP_UPDATE,"fbcca_quad=1, fbcca_conf=0.2657, fbcca_ratio=1.9341, fbcca_consec=4, fbcca_scores=[0.02196259376304526, 0.12853301681128063, 0.050802880465538, 0.066457526285675], fbcca_probs=[0.23882215931418174, 0.26567920764805575, 0.245810142220031, 0.24968849081773156], cca_quad=1, cca_conf=0.2724, cca_ratio=1.7136, cca_scores=[0.058555527961011676, 0.2096425024537701, 0.09862062348637199, 0.12234104491798155], cca_probs=[0.23420080729894982, 0.27239844689523224, 0.2437745916799398, 0.24962615412587813]"
2026 05 14 18:19:15.172321,SSVEP_UPDATE,"fbcca_quad=1, fbcca_conf=0.2544, fbcca_ratio=1.2563, fbcca_consec=5, fbcca_scores=[0.04452125721816912, 0.055932408052962374, 0.027987774705055295, 0.02473765750093483], fbcca_probs=[0.25154133441404547, 0.25442815014174175, 0.24741667163815456, 0.24661384380605827], cca_quad=1, cca_conf=0.2586, cca_ratio=1.4715, cca_scores=[0.0861465636722487, 0.12676481696059763, 0.08330618275041962, 0.07501369739342828], cca_probs=[0.2482900893614508, 0.25858282040181857, 0.2475858515538345, 0.24554123868289623]"
2026 05 14 18:19:16.187110,SSVEP_UPDATE,"fbcca_quad=1, fbcca_conf=0.2704, fbcca_ratio=1.2410, fbcca_consec=6, fbcca_scores=[0.018853690172636925, 0.1706111472786727, 0.033267562701381016, 0.13748090056658233], fbcca_probs=[0.23232331670440617, 0.27039597672663984, 0.2356962454630671, 0.2615844611058869], cca_quad=1, cca_conf=0.2762, cca_ratio=1.4380, cca_scores=[0.07171796402247495, 0.2396791723392795, 0.07121261100518146, 0.1666711862708408], cca_probs=[0.23353611738413915, 0.2762477068408649, 0.23341812901797152, 0.25679804675702456]"
2026 05 14 18:19:17.212868,SSVEP_UPDATE,"fbcca_quad=1, fbcca_conf=0.2847, fbcca_ratio=1.7690, fbcca_consec=7, fbcca_scores=[0.044059986974588905, 0.25819608415183104, 0.04946572658243456, 0.1459518958514854], fbcca_probs=[0.22980711344036497, 0.2846830388615298, 0.23105275462826297, 0.25445709306984227], cca_quad=1, cca_conf=0.2692, cca_ratio=1.5734, cca_scores=[0.09276024078855216, 0.195466345824987, 0.0681345457351742, 0.1242295601206153], cca_probs=[0.2429655145670868, 0.2692460439139793, 0.23705538903892942, 0.25073305248000444]"
2026 05 14 18:19:18.229506,SSVEP_UPDATE,"fbcca_quad=1, fbcca_conf=0.2822, fbcca_ratio=3.9560, fbcca_consec=8, fbcca_scores=[0.03729417712344562, 0.21246805214282385, 0.051737053634847305, 0.053707131092765814], fbcca_probs=[0.23682375235561912, 0.2821644560828181, 0.24026898823551823, 0.24074280332604467], cca_quad=1, cca_conf=0.2805, cca_ratio=2.1357, cca_scores=[0.09522259932292972, 0.2600263720546205, 0.12175317692926875, 0.0932935246009662], cca_probs=[0.2378618987689688, 0.28047764384960394, 0.24425696969192096, 0.23740348768950637]"
2026 05 14 18:19:19.246642,SSVEP_UPDATE,"fbcca_quad=1, fbcca_conf=0.2651, fbcca_ratio=1.3637, fbcca_consec=9, fbcca_scores=[0.06996278525852712, 0.15421223799570855, 0.04120258549394104, 0.1130798244041685], fbcca_probs=[0.2436878889823472, 0.2651081128251601, 0.23677920044922154, 0.25442479774327115], cca_quad=1, cca_conf=0.2595, cca_ratio=1.1041, cca_scores=[0.10106399654256458, 0.16035554780302702, 0.08345605061308267, 0.1452316275881824], cca_probs=[0.2445712360507091, 0.2595107614610038, 0.24030253080446326, 0.2556154716838238]"
2026 05 14 18:19:20.255421,SSVEP_UPDATE,"fbcca_quad=1, fbcca_conf=0.2655, fbcca_ratio=1.6818, fbcca_consec=10, fbcca_scores=[0.08224046781426438, 0.13830843913507293, 0.04806231922614923, 0.04178499721854997], fbcca_probs=[0.250977505521041, 0.2654512709693517, 0.24254449233374026, 0.24102673117586704], cca_quad=1, cca_conf=0.2639, cca_ratio=1.6657, cca_scores=[0.09403192765632677, 0.15662999023707386, 0.06358499128811353, 0.09375869629525614], cca_probs=[0.24787216862635053, 0.2638844259417798, 0.240438954003872, 0.24780445142799765]"
2026 05 14 18:19:21.275536,SSVEP_UPDATE,"fbcca_quad=1, fbcca_conf=0.2564, fbcca_ratio=1.9927, fbcca_consec=11, fbcca_scores=[0.029365073107058468, 0.06050727934671158, 0.020121833257858993, 0.030364787594367358], fbcca_probs=[0.24854404390741988, 0.25640603831389464, 0.2462572765473685, 0.24879264123131692], cca_quad=1, cca_conf=0.2586, cca_ratio=1.4906, cca_scores=[0.07348866730463188, 0.12152164502876923, 0.0815252890786148, 0.07336183859453219], cca_probs=[0.24647859502986125, 0.25860663718865584, 0.24846743133161206, 0.246447336449871]"
2026 05 14 18:19:22.298081,SSVEP_UPDATE,"fbcca_quad=1, fbcca_conf=0.2604, fbcca_ratio=1.4792, fbcca_consec=12, fbcca_scores=[0.026034913930808486, 0.09435242218054352, 0.06378424125259592, 0.02896051748204904], fbcca_probs=[0.24318439359427332, 0.26037879775990475, 0.25253991218378474, 0.24389689646203724], cca_quad=1, cca_conf=0.2648, cca_ratio=1.1568, cca_scores=[0.07516670705614364, 0.16657857173420657, 0.1439948006152406, 0.04639199068010611], cca_probs=[0.2416271614367569, 0.26475576184437066, 0.2588435891720398, 0.23477348754683267]"
2026 05 14 18:19:23.314658,SSVEP_UPDATE,"fbcca_quad=1, fbcca_conf=0.2795, fbcca_ratio=3.1085, fbcca_consec=13, fbcca_scores=[0.020261213746975197, 0.18814079495381575, 0.02771588598941285, 0.060525124192764845], fbcca_probs=[0.2363305136863504, 0.2795303541181208, 0.23809886325073573, 0.24604026894479294], cca_quad=1, cca_conf=0.2755, cca_ratio=2.0511, cca_scores=[0.061847739364433066, 0.21537386761772673, 0.08409989067940798, 0.105001535734847], cca_probs=[0.23626484434817302, 0.27547021931036475, 0.24158117595573123, 0.24668376038573095]"
2026 05 14 18:19:24.342459,SSVEP_UPDATE,"fbcca_quad=1, fbcca_conf=0.3111, fbcca_ratio=2.4377, fbcca_consec=14, fbcca_scores=[0.0088169855706023, 0.3861617900530078, 0.07463642481233142, 0.15841551305385873], fbcca_probs=[0.21331927885488008, 0.311106348286274, 0.2278322116883269, 0.24774216117051903], cca_quad=1, cca_conf=0.2928, cca_ratio=2.0537, cca_scores=[0.049935509001241954, 0.3268706927047752, 0.11795157596304393, 0.15915846453625093], cca_probs=[0.22198177225014487, 0.2928119093365208, 0.2376054056975002, 0.24760091271583412]"
2026 05 14 18:19:25.360547,SSVEP_UPDATE,"fbcca_quad=1, fbcca_conf=0.3251, fbcca_ratio=2.4323, fbcca_consec=15, fbcca_scores=[0.009177303689500574, 0.4430388556519521, 0.024068523370001413, 0.1821483278288801], fbcca_probs=[0.2106576107816304, 0.32508792029234873, 0.2138180324061692, 0.25043643651985176], cca_quad=1, cca_conf=0.2940, cca_ratio=2.2720, cca_scores=[0.040316256640101515, 0.30618284332681367, 0.0733818487468692, 0.13476234766063447], cca_probs=[0.22536586325068442, 0.29400351621457826, 0.2329422881636774, 0.24768833237105994]"
2026 05 14 18:19:26.381124,SSVEP_UPDATE,"fbcca_quad=1, fbcca_conf=0.3119, fbcca_ratio=5.8850, fbcca_consec=16, fbcca_scores=[0.004928056551959072, 0.3407149666789785, 0.036607926948664445, 0.05789547835250908], fbcca_probs=[0.22293446391613614, 0.3118944267077391, 0.23011005969466, 0.23506104968146474], cca_quad=1, cca_conf=0.2924, cca_ratio=2.5554, cca_scores=[0.03386377312060242, 0.28401805437999134, 0.11114363338197931, 0.06112637698739021], cca_probs=[0.22767604806865263, 0.2923869388367012, 0.24596853888906642, 0.23396847420557973]"
2026 05 14 18:19:26.381124,SSVEP_CONFIRMED,"fbcca_quad=1, fbcca_conf=0.3119, fbcca_ratio=5.8850, fbcca_consec=16, fbcca_scores=[0.004928056551959072, 0.3407149666789785, 0.036607926948664445, 0.05789547835250908], fbcca_probs=[0.22293446391613614, 0.3118944267077391, 0.23011005969466, 0.23506104968146474], cca_quad=1, cca_conf=0.2924, cca_ratio=2.5554, cca_scores=[0.03386377312060242, 0.28401805437999134, 0.11114363338197931, 0.06112637698739021], cca_probs=[0.22767604806865263, 0.2923869388367012, 0.24596853888906642, 0.23396847420557973]"
2026 05 14 18:19:26.381124,SELECTION,"quad=1, result=char, output='Make LIST'"
2026 05 14 18:19:29.384305,PHASE_SSVEP,
2026 05 14 18:19:29.415914,SSVEP_UPDATE,"fbcca_quad=2, fbcca_conf=0.2533, fbcca_ratio=1.0449, fbcca_consec=1, fbcca_scores=[0.04674860411251672, 0.01866758941008636, 0.048846929601507376, 0.028403514996455007], fbcca_probs=[0.25276574518482414, 0.24576655863240468, 0.2532966868400834, 0.2481710093426877], cca_quad=0, cca_conf=0.2558, cca_ratio=1.4488, cca_scores=[0.08035491139628087, 0.04521644560272768, 0.047621692971283776, 0.055463916318035364], cca_probs=[0.2558405409140115, 0.24700680764318927, 0.24760163518421033, 0.2495510162585888]"
2026 05 14 18:19:30.426876,SSVEP_UPDATE,"fbcca_quad=0, fbcca_conf=0.2561, fbcca_ratio=1.1046, fbcca_consec=1, fbcca_scores=[0.08933876482042899, 0.0808753524506961, 0.04037523136837975, 0.050128983572077596], fbcca_probs=[0.2560598399890511, 0.25390184485455364, 0.24382423897737737, 0.24621407617901794], cca_quad=0, cca_conf=0.2607, cca_ratio=1.2516, cca_scores=[0.12540284340645386, 0.10019737290956988, 0.05960253205318349, 0.047522314921938355], cca_probs=[0.26065408636598464, 0.2541662850049833, 0.24405506531105914, 0.24112456331797294]"
2026 05 14 18:19:31.453777,SSVEP_UPDATE,"fbcca_quad=0, fbcca_conf=0.2851, fbcca_ratio=2.5219, fbcca_consec=2, fbcca_scores=[0.23987633496024657, 0.09511627229294159, 0.026591333075993408, 0.0582759254797026], fbcca_probs=[0.28513666243501723, 0.24670875712968596, 0.2303692786569091, 0.23778530177838766], cca_quad=0, cca_conf=0.2822, cca_ratio=2.5055, cca_scores=[0.23321492679264502, 0.09308176727899163, 0.05490183874612325, 0.056078847704381714], cca_probs=[0.28219979402342726, 0.24530004875206216, 0.23611104439884828, 0.23638911282566233]"
2026 05 14 18:19:32.480013,SSVEP_UPDATE,"fbcca_quad=0, fbcca_conf=0.3083, fbcca_ratio=3.9582, fbcca_consec=3, fbcca_scores=[0.3642812056817965, 0.07237855281312387, 0.09203124602359067, 0.05706472480875443], fbcca_probs=[0.3082617428971087, 0.23022258085686992, 0.23479182653694358, 0.22672384970907772], cca_quad=0, cca_conf=0.2901, cca_ratio=2.7998, cca_scores=[0.2999407302342389, 0.10713113684332645, 0.10277207374956236, 0.07820408674048947], cca_probs=[0.2901227051804139, 0.23924649048608881, 0.23820586965280605, 0.23242493468069128]"
2026 05 14 18:19:33.493709,SSVEP_UPDATE,"fbcca_quad=0, fbcca_conf=0.3357, fbcca_ratio=11.7286, fbcca_consec=4, fbcca_scores=[0.4470741221839746, 0.035716530685432006, 0.03811828122296191, 0.019454052982581495], fbcca_probs=[0.3356659240612177, 0.22246255609244087, 0.222997497797233, 0.21887402204910855], cca_quad=0, cca_conf=0.3056, cca_ratio=3.7849, cca_scores=[0.34750069735622385, 0.07682788836493272, 0.09181174145901139, 0.039527371473898516], cca_probs=[0.30560630688444634, 0.23313667878286468, 0.23665626717627147, 0.22460074715641745]"
2026 05 14 18:19:33.493709,SSVEP_CONFIRMED,"fbcca_quad=0, fbcca_conf=0.3357, fbcca_ratio=11.7286, fbcca_consec=4, fbcca_scores=[0.4470741221839746, 0.035716530685432006, 0.03811828122296191, 0.019454052982581495], fbcca_probs=[0.3356659240612177, 0.22246255609244087, 0.222997497797233, 0.21887402204910855], cca_quad=0, cca_conf=0.3056, cca_ratio=3.7849, cca_scores=[0.34750069735622385, 0.07682788836493272, 0.09181174145901139, 0.039527371473898516], cca_probs=[0.30560630688444634, 0.23313667878286468, 0.23665626717627147, 0.22460074715641745]"
2026 05 14 18:19:33.493709,SELECTION,"quad=0, result=navigate, output='Make LIST'"
2026 05 14 18:19:36.493920,PHASE_SSVEP,
2026 05 14 18:19:36.526039,SSVEP_UPDATE,"fbcca_quad=0, fbcca_conf=0.2594, fbcca_ratio=1.3006, fbcca_consec=1, fbcca_scores=[0.07683354051178976, 0.012357063668046061, 0.009654820366007693, 0.05907632286895751], fbcca_probs=[0.25940433052208134, 0.2432066489811398, 0.24255033260555925, 0.25483868789121966], cca_quad=0, cca_conf=0.2643, cca_ratio=1.3367, cca_scores=[0.1317044832614796, 0.033671776262943764, 0.03701700214380068, 0.09853060287776903], cca_probs=[0.2642952850581939, 0.23961519324340164, 0.2404181023967774, 0.25567141930162707]"
2026 05 14 18:19:37.551658,SSVEP_UPDATE,"fbcca_quad=3, fbcca_conf=0.2540, fbcca_ratio=1.0727, fbcca_consec=1, fbcca_scores=[0.012877611048263854, 0.05847117477104446, 0.06101353318703249, 0.06545207867420991], fbcca_probs=[0.2409671508326126, 0.25220801019927946, 0.25285002913189547, 0.25397480983621246], cca_quad=3, cca_conf=0.2536, cca_ratio=1.0343, cca_scores=[0.042714211138623566, 0.06202851281881063, 0.07689593361431428, 0.07953097632855169], cca_probs=[0.2443925619096383, 0.2491587128536297, 0.2528907343055178, 0.25355799093121417]"
2026 05 14 18:19:38.565962,SSVEP_UPDATE,"fbcca_quad=2, fbcca_conf=0.2549, fbcca_ratio=1.1960, fbcca_consec=1, fbcca_scores=[0.013610983122556859, 0.051155249100931346, 0.06117951242012872, 0.0410085231195487], fbcca_probs=[0.24302799313295448, 0.2523257472962163, 0.2548678470810869, 0.2497784124897423], cca_quad=2, cca_conf=0.2533, cca_ratio=1.1509, cca_scores=[0.03991319449572152, 0.06295105424288124, 0.07326176539248887, 0.06365639840332135], cca_probs=[0.2450233631523119, 0.2507337014559353, 0.25333231799769296, 0.2509106173940599]"
2026 05 14 18:19:39.592982,SSVEP_UPDATE,"fbcca_quad=0, fbcca_conf=0.2664, fbcca_ratio=1.9676, fbcca_consec=1, fbcca_scores=[0.14214842173305212, 0.07224533575139606, 0.046742497259111164, 0.050182741781382025], fbcca_probs=[0.2664091724303006, 0.24842234038092892, 0.2421669694483242, 0.24300151774044626], cca_quad=0, cca_conf=0.2617, cca_ratio=1.6312, cca_scores=[0.142585809944763, 0.08741123229556924, 0.08423011340932865, 0.07101748011072884], cca_probs=[0.2617412583161204, 0.24769096852115077, 0.24690428603190273, 0.24366348713082614]"
2026 05 14 18:19:40.604184,SSVEP_UPDATE,"fbcca_quad=0, fbcca_conf=0.2882, fbcca_ratio=3.5932, fbcca_consec=2, fbcca_scores=[0.24440901162576117, 0.06801939692337741, 0.03397919910239478, 0.0475467253073924], fbcca_probs=[0.28819847746375976, 0.24159427894904192, 0.23350875898363563, 0.23669848460356271], cca_quad=0, cca_conf=0.2748, cca_ratio=2.0178, cca_scores=[0.20435711163030681, 0.10127860788553085, 0.0563398301986201, 0.0708942907525238], cca_probs=[0.2747605732102554, 0.2478494664672079, 0.2369579724874382, 0.24043198783509856]"
2026 05 14 18:19:41.632585,SSVEP_UPDATE,"fbcca_quad=0, fbcca_conf=0.3157, fbcca_ratio=4.7269, fbcca_consec=3, fbcca_scores=[0.39314304001019257, 0.05196074565868211, 0.06890362149262816, 0.08317193677392136], fbcca_probs=[0.3157089294527368, 0.22444672758747616, 0.22828189829127538, 0.2315624446685117], cca_quad=0, cca_conf=0.2799, cca_ratio=2.4805, cca_scores=[0.24024815067137983, 0.06633420804614268, 0.09681038745318767, 0.09685635394714613], cca_probs=[0.2798644410325553, 0.23518946048124165, 0.24246747642512595, 0.24247862206107712]"
2026 05 14 18:19:42.648214,SSVEP_UPDATE,"fbcca_quad=0, fbcca_conf=0.2818, fbcca_ratio=2.0358, fbcca_consec=4, fbcca_scores=[0.21631325893312076, 0.024546260406192528, 0.026721334130135093, 0.10625618962674291], fbcca_probs=[0.2818029521191944, 0.2326281083229579, 0.23313464228347683, 0.2524342972743709], cca_quad=0, cca_conf=0.2670, cca_ratio=1.3777, cca_scores=[0.17409146478618456, 0.0639284916507202, 0.06499022168260939, 0.126360158284083], cca_probs=[0.2669715334241222, 0.2391232389540138, 0.23937725810415172, 0.2545279695177122]"
2026 05 14 18:19:43.662467,SSVEP_UPDATE,"fbcca_quad=0, fbcca_conf=0.2867, fbcca_ratio=3.0649, fbcca_consec=5, fbcca_scores=[0.229738381524846, 0.007185473011171956, 0.04493742499158991, 0.07495867711197893], fbcca_probs=[0.28666879099988457, 0.2294705278966042, 0.23829908740300298, 0.2455615937005082], cca_quad=0, cca_conf=0.2749, cca_ratio=1.6891, cca_scores=[0.20672384256924722, 0.04283902646480194, 0.06674738665939037, 0.12238404269682619], cca_probs=[0.27492638039988126, 0.2333684507080255, 0.23901514025678397, 0.2526900286353092]"
2026 05 14 18:19:44.687018,SSVEP_UPDATE,"fbcca_quad=0, fbcca_conf=0.2828, fbcca_ratio=3.6821, fbcca_consec=6, fbcca_scores=[0.20832625936039087, 0.027126132074789627, 0.05657777484905066, 0.03677318071428936], fbcca_probs=[0.2828191633394609, 0.23594708583210766, 0.2429994573194248, 0.2382342935090067], cca_quad=0, cca_conf=0.2760, cca_ratio=2.6178, cca_scores=[0.2136253147791826, 0.07586132003581353, 0.08160634630238643, 0.08035754963544371], cca_probs=[0.2760250663956881, 0.24050182722451896, 0.24188749307123156, 0.2415856133085614]"
2026 05 14 18:19:45.700345,SSVEP_UPDATE,"fbcca_quad=0, fbcca_conf=0.2732, fbcca_ratio=2.7261, fbcca_consec=7, fbcca_scores=[0.16368662263812045, 0.06004324043217291, 0.032666335491720336, 0.037176831548581916], fbcca_probs=[0.27323059468290584, 0.24633015401199587, 0.239677871733885, 0.24076137957121335], cca_quad=0, cca_conf=0.2720, cca_ratio=1.7051, cca_scores=[0.21264258116998455, 0.12471034465586833, 0.08649512485092943, 0.08452213803677076], cca_probs=[0.27195675467199976, 0.24906423297807156, 0.239725760917232, 0.23925325143269666]"
2026 05 14 18:19:46.710694,SSVEP_UPDATE,"fbcca_quad=0, fbcca_conf=0.2691, fbcca_ratio=2.1431, fbcca_consec=8, fbcca_scores=[0.16790308144658736, 0.05912509240368331, 0.0683451716758184, 0.07834446216813576], fbcca_probs=[0.26907023768167915, 0.241337040092721, 0.24357247634726084, 0.24602024587833896], cca_quad=0, cca_conf=0.2620, cca_ratio=1.2791, cca_scores=[0.1785996696350922, 0.10702389963745892, 0.13963202753332396, 0.09953669211051244], cca_probs=[0.2620071798124945, 0.24390922740680626, 0.2519937448421353, 0.24208984793856397]"
2026 05 14 18:19:47.744950,SSVEP_UPDATE,"fbcca_quad=0, fbcca_conf=0.2718, fbcca_ratio=1.7039, fbcca_consec=9, fbcca_scores=[0.1987915603655055, 0.07742950432481999, 0.11666623499415536, 0.0617876138141875], fbcca_probs=[0.27182507179029153, 0.24075906062091773, 0.2503934336944781, 0.23702243389431266], cca_quad=0, cca_conf=0.2642, cca_ratio=1.1564, cca_scores=[0.19013250154529795, 0.10588391354937317, 0.1644118811071146, 0.07477287071805812], cca_probs=[0.26421086537643945, 0.24286334740961096, 0.25750184789713854, 0.23542393931681108]"
2026 05 14 18:19:48.755376,SSVEP_UPDATE,"fbcca_quad=0, fbcca_conf=0.2919, fbcca_ratio=1.8237, fbcca_consec=10, fbcca_scores=[0.31899688796708536, 0.07047500881453517, 0.17491363574367041, 0.07030461002795052], fbcca_probs=[0.2919206552829213, 0.22768433128120716, 0.2527494759831345, 0.22764553745273702], cca_quad=0, cca_conf=0.2749, cca_ratio=1.4388, cca_scores=[0.24077814083579782, 0.09321737731230231, 0.16735082828958267, 0.07367642950432068], cca_probs=[0.27486669199485075, 0.23715773309069418, 0.25540714302676426, 0.23256843188769086]"
2026 05 14 18:19:49.779783,SSVEP_UPDATE,"fbcca_quad=0, fbcca_conf=0.2657, fbcca_ratio=2.5435, fbcca_consec=11, fbcca_scores=[0.12049665204220295, 0.038831795939532614, 0.029043803082637706, 0.047373712835006285], fbcca_probs=[0.26569799080127854, 0.24486215871526068, 0.24247714096450196, 0.24696270951895885], cca_quad=0, cca_conf=0.2637, cca_ratio=1.8260, cca_scores=[0.13797336129939458, 0.05600132089889378, 0.07556031057320073, 0.0669731448930239], cca_probs=[0.26369540620301574, 0.2429419758372698, 0.2477404491067073, 0.24562216885300717]"
2026 05 14 18:19:50.795927,SSVEP_UPDATE,"fbcca_quad=0, fbcca_conf=0.2711, fbcca_ratio=2.6229, fbcca_consec=12, fbcca_scores=[0.1553892213096595, 0.039268069654848255, 0.03883393624129856, 0.059244367913763696], fbcca_probs=[0.2710996394073556, 0.24137826678915905, 0.24127349916145058, 0.24624859464203483], cca_quad=0, cca_conf=0.2776, cca_ratio=2.2814, cca_scores=[0.21532242287254214, 0.05359326013109159, 0.0711352771600051, 0.09438088262441979], cca_probs=[0.2775863171361164, 0.23613478734778487, 0.24031361316609529, 0.24596528235000342]"
2026 05 14 18:19:51.814545,SSVEP_UPDATE,"fbcca_quad=0, fbcca_conf=0.3078, fbcca_ratio=3.7567, fbcca_consec=13, fbcca_scores=[0.3283824169910252, 0.015088295904843672, 0.08741304798596812, 0.016700578423538753], fbcca_probs=[0.3077761156384447, 0.2249950721236018, 0.24187069190327606, 0.22535812033467736], cca_quad=0, cca_conf=0.2946, cca_ratio=2.0196, cca_scores=[0.3175023550756454, 0.05386810386284948, 0.15720669567886716, 0.06170258127707194], cca_probs=[0.2945991133247891, 0.22632708756126438, 0.25096659305302044, 0.22810720606092613]"
2026 05 14 18:19:51.814545,SSVEP_CONFIRMED,"fbcca_quad=0, fbcca_conf=0.3078, fbcca_ratio=3.7567, fbcca_consec=13, fbcca_scores=[0.3283824169910252, 0.015088295904843672, 0.08741304798596812, 0.016700578423538753], fbcca_probs=[0.3077761156384447, 0.2249950721236018, 0.24187069190327606, 0.22535812033467736], cca_quad=0, cca_conf=0.2946, cca_ratio=2.0196, cca_scores=[0.3175023550756454, 0.05386810386284948, 0.15720669567886716, 0.06170258127707194], cca_probs=[0.2945991133247891, 0.22632708756126438, 0.25096659305302044, 0.22810720606092613]"
2026 05 14 18:19:51.814545,SELECTION,"quad=0, result=navigate, output='Make LIST'"
2026 05 14 18:19:54.819304,PHASE_SSVEP,
2026 05 14 18:19:54.852527,SSVEP_UPDATE,"fbcca_quad=2, fbcca_conf=0.2575, fbcca_ratio=1.9840, fbcca_consec=1, fbcca_scores=[0.03229332304287676, 0.023123192750524827, 0.06406911952962707, 0.01751623417492677], fbcca_probs=[0.24947053740088343, 0.247193317229495, 0.2575249524521833, 0.24581119291743822], cca_quad=2, cca_conf=0.2552, cca_ratio=1.3016, cca_scores=[0.05309145183367152, 0.05677316644108355, 0.07389479084870751, 0.029309322899312314], cca_probs=[0.24992451188618195, 0.25084635855922044, 0.25517823424512476, 0.2440508953094728]"
2026 05 14 18:19:55.869688,SSVEP_UPDATE,"fbcca_quad=0, fbcca_conf=0.2632, fbcca_ratio=2.4560, fbcca_consec=1, fbcca_scores=[0.11543074729992579, 0.046255978544916955, 0.046999304793848416, 0.04567001979203465], fbcca_probs=[0.2631829662652385, 0.24559275846590664, 0.24577538187580014, 0.24544889339305467], cca_quad=0, cca_conf=0.2689, cca_ratio=2.3814, cca_scores=[0.1553039175674979, 0.05625372380077034, 0.06521670003784628, 0.049586548661944944], cca_probs=[0.2688730305942867, 0.2435175634744266, 0.2457100163832914, 0.24189938954799542]"
2026 05 14 18:19:56.888338,SSVEP_UPDATE,"fbcca_quad=0, fbcca_conf=0.2886, fbcca_ratio=2.8306, fbcca_consec=2, fbcca_scores=[0.2443553454792729, 0.0863252188931086, 0.030212006719447744, 0.026591574379833196], fbcca_probs=[0.28856929554581623, 0.2463874071613288, 0.23294256263487573, 0.2321007346579793], cca_quad=0, cca_conf=0.2766, cca_ratio=1.7056, cca_scores=[0.20942139941383034, 0.12278351097229533, 0.0513732036029541, 0.04013035042343551], cca_probs=[0.27661898460059725, 0.2536621247592993, 0.23617967654423147, 0.23353921409587206]"
2026 05 14 18:19:57.917116,SSVEP_UPDATE,"fbcca_quad=0, fbcca_conf=0.3251, fbcca_ratio=3.8285, fbcca_consec=3, fbcca_scores=[0.44025643565999745, 0.11499379875213186, 0.03551038607978402, 0.0637860207238233], fbcca_probs=[0.32512255305971005, 0.23484824995299367, 0.2169042795171925, 0.2231249174701039], cca_quad=0, cca_conf=0.2899, cca_ratio=2.0360, cca_scores=[0.28783599307570484, 0.1413730050703595, 0.04664606907373109, 0.06465157188557097], cca_probs=[0.2899040287436578, 0.2504068374184293, 0.22777538932264088, 0.23191374451527197]"
2026 05 14 18:19:58.929407,SSVEP_UPDATE,"fbcca_quad=0, fbcca_conf=0.3557, fbcca_ratio=5.8545, fbcca_consec=4, fbcca_scores=[0.5716390529233675, 0.09764178871770404, 0.058671288204217326, 0.0438121884954372], fbcca_probs=[0.3557312993860085, 0.22144591966278154, 0.2129820530417811, 0.20984072790942876], cca_quad=0, cca_conf=0.3014, cca_ratio=2.5435, cca_scores=[0.37820022802591957, 0.1486914897070735, 0.12350302349073917, 0.08734920274150516], cca_probs=[0.3014134260342522, 0.23960077300076027, 0.23364097125779074, 0.22534482970719683]"
2026 05 14 18:19:58.930403,SSVEP_CONFIRMED,"fbcca_quad=0, fbcca_conf=0.3557, fbcca_ratio=5.8545, fbcca_consec=4, fbcca_scores=[0.5716390529233675, 0.09764178871770404, 0.058671288204217326, 0.0438121884954372], fbcca_probs=[0.3557312993860085, 0.22144591966278154, 0.2129820530417811, 0.20984072790942876], cca_quad=0, cca_conf=0.3014, cca_ratio=2.5435, cca_scores=[0.37820022802591957, 0.1486914897070735, 0.12350302349073917, 0.08734920274150516], cca_probs=[0.3014134260342522, 0.23960077300076027, 0.23364097125779074, 0.22534482970719683]"
2026 05 14 18:19:58.930403,SELECTION,"quad=0, result=char, output='Make LIST0'"
2026 05 14 18:20:01.933085,PHASE_SSVEP,
2026 05 14 18:20:01.964196,SSVEP_UPDATE,"fbcca_quad=0, fbcca_conf=0.2592, fbcca_ratio=1.5558, fbcca_consec=1, fbcca_scores=[0.09279300626470995, 0.059643111954949854, 0.035735454364480466, 0.037052058699694516], fbcca_probs=[0.2592206494897355, 0.25076838225215375, 0.24484419651107622, 0.2451667717470345], cca_quad=0, cca_conf=0.2680, cca_ratio=1.5855, cca_scores=[0.17923470877033434, 0.1130459417022508, 0.08474707020776315, 0.05754787012860814], cca_probs=[0.268008944228177, 0.2508440890255305, 0.24384498484252845, 0.23730198190376406]"
2026 05 14 18:20:02.979180,SSVEP_UPDATE,"fbcca_quad=0, fbcca_conf=0.2586, fbcca_ratio=1.6902, fbcca_consec=2, fbcca_scores=[0.07853144072568373, 0.04646248766594024, 0.028457821555856015, 0.025108464179102584], fbcca_probs=[0.2585597393643415, 0.2503995430251176, 0.2459315261333448, 0.24510919147719626], cca_quad=0, cca_conf=0.2590, cca_ratio=1.2750, cca_scores=[0.09855571660529927, 0.07729760771628348, 0.03482256148494006, 0.04090280551084038], cca_probs=[0.25898690239047434, 0.2535394371672526, 0.24299584280103287, 0.24447781764124024]"
2026 05 14 18:20:04.005688,SSVEP_UPDATE,"fbcca_quad=1, fbcca_conf=0.2567, fbcca_ratio=1.2356, fbcca_consec=1, fbcca_scores=[0.05512924111309471, 0.06811567868799573, 0.017575528828388854, 0.02542797114225627], fbcca_probs=[0.2533602351291622, 0.2566719390825224, 0.24402205681464448, 0.2459457689736709], cca_quad=1, cca_conf=0.2589, cca_ratio=1.5791, cca_scores=[0.05132432416502633, 0.08104827808958459, 0.025435345422815236, 0.024661042426521448], cca_probs=[0.25136349406238756, 0.2589471609124879, 0.24493946448960277, 0.2447498805355217]"
2026 05 14 18:20:05.018490,SSVEP_UPDATE,"fbcca_quad=0, fbcca_conf=0.2678, fbcca_ratio=1.6752, fbcca_consec=1, fbcca_scores=[0.15215209124255788, 0.090827391392941, 0.05868734113419806, 0.02750229252161032], fbcca_probs=[0.2678025828252876, 0.25187309715837386, 0.24390659087328467, 0.23641772914305384], cca_quad=1, cca_conf=0.2583, cca_ratio=1.1263, cca_scores=[0.08236779068959021, 0.09277299290885925, 0.03224573754115113, 0.03143570092690568], cca_probs=[0.2556292068008769, 0.2583029667738314, 0.24313234639136627, 0.24293548003392532]"
2026 05 14 18:20:06.045800,SSVEP_UPDATE,"fbcca_quad=0, fbcca_conf=0.2905, fbcca_ratio=2.6753, fbcca_consec=2, fbcca_scores=[0.2749805946052609, 0.08300446322930673, 0.10278311888117829, 0.02028639160670088], fbcca_probs=[0.290504034213472, 0.2397606974505729, 0.24455004906252806, 0.22518521927342702], cca_quad=0, cca_conf=0.2616, cca_ratio=1.2409, cca_scores=[0.13537698726570818, 0.10909697563012427, 0.0812419334828893, 0.031809788827435674], cca_probs=[0.26157591820455, 0.25479124120156066, 0.24779195569380494, 0.23584088490008442]"
2026 05 14 18:20:07.057099,SSVEP_UPDATE,"fbcca_quad=0, fbcca_conf=0.2703, fbcca_ratio=1.6862, fbcca_consec=3, fbcca_scores=[0.1699555259727032, 0.06089456706724767, 0.10079287925047956, 0.031066221759851114], fbcca_probs=[0.2702574871113131, 0.24233333642414492, 0.2521975007790329, 0.23521167568550902], cca_quad=0, cca_conf=0.2672, cca_ratio=1.4868, cca_scores=[0.1893616711964301, 0.11927599261535934, 0.12736356793074236, 0.05120120062052207], cca_probs=[0.26715413220377504, 0.24907152082042686, 0.25109407325214494, 0.2326802737236531]"
2026 05 14 18:20:08.085415,SSVEP_UPDATE,"fbcca_quad=2, fbcca_conf=0.2594, fbcca_ratio=1.2621, fbcca_consec=1, fbcca_scores=[0.08840771254584559, 0.04920157751877181, 0.1115801416665631, 0.04823760100146656], fbcca_probs=[0.25344549735254457, 0.24370114628838768, 0.25938701905958367, 0.24346633729948403], cca_quad=0, cca_conf=0.2662, cca_ratio=1.3394, cca_scores=[0.1669614710395476, 0.0694819502482962, 0.12465647382875318, 0.0510276701509895], cca_probs=[0.2662242045263825, 0.24149754493270578, 0.255196498486237, 0.23708175205467477]"
2026 05 14 18:20:09.096963,SSVEP_UPDATE,"fbcca_quad=0, fbcca_conf=0.2713, fbcca_ratio=1.3483, fbcca_consec=1, fbcca_scores=[0.2061337041487083, 0.05794980024331575, 0.15288079511269592, 0.0735893295168933], fbcca_probs=[0.27127642859719536, 0.23391421107982358, 0.2572080842639243, 0.2376012760590567], cca_quad=0, cca_conf=0.2765, cca_ratio=1.5381, cca_scores=[0.28090241629354257, 0.1272486037532549, 0.18263493765854988, 0.12173439656836862], cca_probs=[0.27648533731634456, 0.23710521254604564, 0.2506080867072917, 0.23580136343031816]"
2026 05 14 18:20:10.128093,SSVEP_UPDATE,"fbcca_quad=0, fbcca_conf=0.2922, fbcca_ratio=1.7718, fbcca_consec=2, fbcca_scores=[0.30021216561356584, 0.032125822112282876, 0.1694410990347042, 0.0524738770918759], fbcca_probs=[0.2921563703977611, 0.22345338643529072, 0.25634343987813424, 0.22804680328881388], cca_quad=0, cca_conf=0.2802, cca_ratio=1.4484, cca_scores=[0.2777057804889043, 0.07123468138940023, 0.19173884079564085, 0.10041280678560646], cca_probs=[0.2802212517301149, 0.2279459129225688, 0.25713790497033284, 0.2346949303769835]"
2026 05 14 18:20:11.150996,SSVEP_UPDATE,"fbcca_quad=0, fbcca_conf=0.2823, fbcca_ratio=2.0607, fbcca_consec=3, fbcca_scores=[0.22557719017912464, 0.03387363826912383, 0.1094662493156557, 0.0343189490561382], fbcca_probs=[0.2823385429699806, 0.2330850261229452, 0.25138758639369596, 0.2331888445133782], cca_quad=0, cca_conf=0.2756, cca_ratio=1.4008, cca_scores=[0.25746947929971503, 0.1010761527744986, 0.183797088055661, 0.08761200768576778], cca_probs=[0.27563518900844686, 0.23572948225093987, 0.2560584711163526, 0.23257685762426072]"
2026 05 14 18:20:12.166796,SSVEP_UPDATE,"fbcca_quad=0, fbcca_conf=0.2627, fbcca_ratio=1.7314, fbcca_consec=4, fbcca_scores=[0.1202475455977591, 0.03367953227285313, 0.05715491109355472, 0.06944952934714178], fbcca_probs=[0.2627154057101064, 0.24092925083345934, 0.246652066078933, 0.2497032773775012], cca_quad=0, cca_conf=0.2706, cca_ratio=1.6166, cca_scores=[0.20013053089051885, 0.051603595011837776, 0.12379742572512367, 0.10311111094619457], cca_probs=[0.2705611087582784, 0.23321739568961222, 0.25067690478104004, 0.2455445907710693]"
2026 05 14 18:20:13.192666,SSVEP_UPDATE,"fbcca_quad=0, fbcca_conf=0.2731, fbcca_ratio=2.9315, fbcca_consec=5, fbcca_scores=[0.15858594770767237, 0.043913234317979645, 0.018190276346053004, 0.054097939517789476], fbcca_probs=[0.2731152567950593, 0.2435253828472383, 0.2373410700624704, 0.24601829029523195], cca_quad=0, cca_conf=0.2767, cca_ratio=2.2623, cca_scores=[0.21280604245129073, 0.09406511960315433, 0.049149349655922416, 0.08196642248979247], cca_probs=[0.2766688149033342, 0.2456923771352036, 0.23490107874384764, 0.24273772921761466]"
2026 05 14 18:20:14.201132,SSVEP_UPDATE,"fbcca_quad=0, fbcca_conf=0.2650, fbcca_ratio=2.6171, fbcca_consec=6, fbcca_scores=[0.11988140894126308, 0.04580696462798888, 0.03909571115560573, 0.03886298918347221], fbcca_probs=[0.26502909725639445, 0.24610669874017002, 0.24446054436200468, 0.24440365964143085], cca_quad=0, cca_conf=0.2751, cca_ratio=2.2448, cca_scores=[0.2101860958571164, 0.09363081557843768, 0.07744716690622835, 0.070815920662738], cca_probs=[0.2750592352504955, 0.24479746497819913, 0.24086763408204515, 0.23927566568926023]"
2026 05 14 18:20:15.213556,SSVEP_UPDATE,"fbcca_quad=0, fbcca_conf=0.2563, fbcca_ratio=1.2303, fbcca_consec=7, fbcca_scores=[0.09175823728978692, 0.04894197782190411, 0.0745835883294868, 0.05122025690153161], fbcca_probs=[0.2563227057568139, 0.24557955815074312, 0.25195804134051586, 0.2461396947519272], cca_quad=0, cca_conf=0.2673, cca_ratio=1.4420, cca_scores=[0.17583878412452583, 0.06611186990043945, 0.12194000794113913, 0.06805145724905802], cca_probs=[0.2672778176878199, 0.23950198834891415, 0.25325321979324633, 0.23996697417001964]"
2026 05 14 18:20:16.231843,SSVEP_UPDATE,"fbcca_quad=0, fbcca_conf=0.2714, fbcca_ratio=3.4899, fbcca_consec=8, fbcca_scores=[0.1499439133289089, 0.03526929890075852, 0.042964861291955425, 0.03872979030504193], fbcca_probs=[0.27137425987372044, 0.24197254914735897, 0.24384184742178908, 0.2428113435571316], cca_quad=0, cca_conf=0.2775, cca_ratio=1.9117, cca_scores=[0.23271299057285716, 0.0795646650742304, 0.12172879559319172, 0.07058907293071061], cca_probs=[0.27752406152658277, 0.23811632437176794, 0.24837096189738553, 0.2359886522042639]"
2026 05 14 18:20:17.261042,SSVEP_UPDATE,"fbcca_quad=0, fbcca_conf=0.2750, fbcca_ratio=2.1740, fbcca_consec=9, fbcca_scores=[0.20722459058897066, 0.053682340855025434, 0.08520237515545422, 0.0953214523672676], fbcca_probs=[0.2749576220352452, 0.23582139894008017, 0.2433728838576824, 0.24584809516699216], cca_quad=0, cca_conf=0.2706, cca_ratio=1.6136, cca_scores=[0.2501874813721195, 0.12527743101676134, 0.14862073523114688, 0.15504465656949284], cca_probs=[0.2706184006089426, 0.2388413830511237, 0.24448231293834605, 0.24605790340158773]"
2026 05 14 18:20:18.273953,SSVEP_UPDATE,"fbcca_quad=0, fbcca_conf=0.3026, fbcca_ratio=4.8902, fbcca_consec=10, fbcca_scores=[0.3260414831419477, 0.06611297908302731, 0.066672627537397, 0.05361613543808514], fbcca_probs=[0.3026473737483015, 0.2333734221239005, 0.2335040657527257, 0.23047513837507239], cca_quad=0, cca_conf=0.2832, cca_ratio=1.9205, cca_scores=[0.30756364762019583, 0.16014786823409505, 0.138323363953716, 0.11356323096381764], cca_probs=[0.28321401739766494, 0.24439531987567834, 0.2391192958914349, 0.23327136683522187]"
2026 05 14 18:20:18.273953,SSVEP_CONFIRMED,"fbcca_quad=0, fbcca_conf=0.3026, fbcca_ratio=4.8902, fbcca_consec=10, fbcca_scores=[0.3260414831419477, 0.06611297908302731, 0.066672627537397, 0.05361613543808514], fbcca_probs=[0.3026473737483015, 0.2333734221239005, 0.2335040657527257, 0.23047513837507239], cca_quad=0, cca_conf=0.2832, cca_ratio=1.9205, cca_scores=[0.30756364762019583, 0.16014786823409505, 0.138323363953716, 0.11356323096381764], cca_probs=[0.28321401739766494, 0.24439531987567834, 0.2391192958914349, 0.23327136683522187]"
2026 05 14 18:20:18.273953,SELECTION,"quad=0, result=navigate, output='Make LIST0'"
2026 05 14 18:20:21.274791,PHASE_SSVEP,
2026 05 14 18:20:21.290662,SSVEP_UPDATE,"fbcca_quad=0, fbcca_conf=0.2590, fbcca_ratio=1.5929, fbcca_consec=1, fbcca_scores=[0.0799690087616196, 0.05020258992295946, 0.027879218702173022, 0.019110241084255707], fbcca_probs=[0.2590088462064942, 0.25141269636221225, 0.245862497472099, 0.24371595995919448], cca_quad=0, cca_conf=0.2628, cca_ratio=1.6567, cca_scores=[0.12366065173194506, 0.07464315861498245, 0.05176672984065218, 0.04298261439155708], cca_probs=[0.2627924241664382, 0.2502216101248301, 0.244562411214108, 0.24242355449462366]"
2026 05 14 18:20:22.320531,SSVEP_UPDATE,"fbcca_quad=1, fbcca_conf=0.2640, fbcca_ratio=2.6698, fbcca_consec=1, fbcca_scores=[0.02669183359084577, 0.10376383973815914, 0.025490917848990744, 0.038865241984706436], fbcca_probs=[0.24442900707811582, 0.2640126221825741, 0.24413564462280227, 0.24742272611650795], cca_quad=1, cca_conf=0.2626, cca_ratio=1.7216, cca_scores=[0.07013284374331667, 0.12074284097233522, 0.03451597813117669, 0.059468053779857234], cca_probs=[0.2496059724548082, 0.26256365858915653, 0.24087224728816678, 0.24695812166786849]"
2026 05 14 18:20:23.339675,SSVEP_UPDATE,"fbcca_quad=1, fbcca_conf=0.2567, fbcca_ratio=1.1208, fbcca_consec=2, fbcca_scores=[0.09462649707096579, 0.106054168143177, 0.0611791988698064, 0.05601664303076405], fbcca_probs=[0.2537604056702414, 0.2566769289121331, 0.24541317995471382, 0.24414948546291176], cca_quad=0, cca_conf=0.2588, cca_ratio=1.0670, cca_scores=[0.139417466597015, 0.13066087938206722, 0.05615710739969283, 0.09120396619033541], cca_probs=[0.2587775058629548, 0.2565213904155894, 0.23810417371331216, 0.2465969300081437]"
2026 05 14 18:20:24.360647,SSVEP_UPDATE,"fbcca_quad=0, fbcca_conf=0.2814, fbcca_ratio=2.0724, fbcca_consec=1, fbcca_scores=[0.2498452494577545, 0.09938251353890708, 0.1205577327664458, 0.04452209600190792], fbcca_probs=[0.28141940957839223, 0.24210787261144362, 0.24728922441684914, 0.22918349339331504], cca_quad=0, cca_conf=0.2686, cca_ratio=1.5317, cca_scores=[0.21432627949636135, 0.1282578299139271, 0.13992707260654713, 0.08294298016131137], cca_probs=[0.26862122187149556, 0.246468412335277, 0.24936135847223942, 0.23554900732098794]"
2026 05 14 18:20:25.374598,SSVEP_UPDATE,"fbcca_quad=0, fbcca_conf=0.3323, fbcca_ratio=3.0514, fbcca_consec=2, fbcca_scores=[0.49756631154941255, 0.09111238453991514, 0.1630630517192661, 0.03195383013737073], fbcca_probs=[0.3322864324114899, 0.22130534913439573, 0.2378152437310264, 0.208592974723088], cca_quad=0, cca_conf=0.2859, cca_ratio=1.5549, cca_scores=[0.3477486332299716, 0.1765535162288973, 0.22365008991984212, 0.08869753711488847], cca_probs=[0.2858994242494909, 0.24091519136473727, 0.25253290124779326, 0.22065248313797847]"
2026 05 14 18:20:26.405114,SSVEP_UPDATE,"fbcca_quad=0, fbcca_conf=0.3187, fbcca_ratio=3.0114, fbcca_consec=3, fbcca_scores=[0.4358032787944903, 0.10923877885163341, 0.14471775513104757, 0.03342245417293431], fbcca_probs=[0.31871741749539195, 0.22992205764421517, 0.2382258916130129, 0.21313463324737986], cca_quad=0, cca_conf=0.2850, cca_ratio=1.6167, cca_scores=[0.3403278102599837, 0.19362025430672014, 0.21050597604676716, 0.0754024915933029], cca_probs=[0.28497647193759107, 0.24609042908778447, 0.25028112548979325, 0.21865197348483126]"
2026 05 14 18:20:27.413624,SSVEP_UPDATE,"fbcca_quad=0, fbcca_conf=0.3025, fbcca_ratio=3.0243, fbcca_consec=4, fbcca_scores=[0.312273427608101, 0.029694923180560107, 0.10325338354949885, 0.01180814599583062], fbcca_probs=[0.3025087006639657, 0.22804239055399086, 0.24544919861199316, 0.22399971017005027], cca_quad=0, cca_conf=0.2901, cca_ratio=1.8933, cca_scores=[0.3041359747209551, 0.09794161853813252, 0.1606363674717496, 0.0394347377865858], cca_probs=[0.2900710488048206, 0.23602353689764885, 0.25129468180791203, 0.2226107324896186]"
2026 05 14 18:20:27.413624,SSVEP_CONFIRMED,"fbcca_quad=0, fbcca_conf=0.3025, fbcca_ratio=3.0243, fbcca_consec=4, fbcca_scores=[0.312273427608101, 0.029694923180560107, 0.10325338354949885, 0.01180814599583062], fbcca_probs=[0.3025087006639657, 0.22804239055399086, 0.24544919861199316, 0.22399971017005027], cca_quad=0, cca_conf=0.2901, cca_ratio=1.8933, cca_scores=[0.3041359747209551, 0.09794161853813252, 0.1606363674717496, 0.0394347377865858], cca_probs=[0.2900710488048206, 0.23602353689764885, 0.25129468180791203, 0.2226107324896186]"
2026 05 14 18:20:27.413624,SELECTION,"quad=0, result=navigate, output='Make LIST0'"
2026 05 14 18:20:30.415152,PHASE_SSVEP,
2026 05 14 18:20:30.448101,SSVEP_UPDATE,"fbcca_quad=0, fbcca_conf=0.2593, fbcca_ratio=1.2774, fbcca_consec=1, fbcca_scores=[0.10662669853306668, 0.032788786467115805, 0.08347135331154787, 0.05568628257084449], fbcca_probs=[0.2593180624075855, 0.24086038165751913, 0.25338244894556183, 0.24643910698933358], cca_quad=0, cca_conf=0.2597, cca_ratio=1.0889, cca_scores=[0.11344514857336688, 0.03476013386755795, 0.10418420340556837, 0.046641878938985235], cca_probs=[0.25970706881803995, 0.24005530223109056, 0.25731303849612785, 0.2429245904547417]"
2026 05 14 18:20:31.465520,SSVEP_UPDATE,"fbcca_quad=0, fbcca_conf=0.2599, fbcca_ratio=1.2188, fbcca_consec=2, fbcca_scores=[0.1145252494586388, 0.038241411439269506, 0.0542299511042397, 0.0939682680606414], fbcca_probs=[0.2598960269569891, 0.24080748978205482, 0.2446885937988494, 0.2546078894621067], cca_quad=0, cca_conf=0.2620, cca_ratio=1.3723, cca_scores=[0.1430019750258815, 0.059685756791617486, 0.07540392512822648, 0.1042083733395311], cca_probs=[0.2620101887586933, 0.24106513656179787, 0.24488417447117422, 0.2520405002083345]"
2026 05 14 18:20:32.478109,SSVEP_UPDATE,"fbcca_quad=1, fbcca_conf=0.2614, fbcca_ratio=1.1623, fbcca_consec=1, fbcca_scores=[0.05130425722726784, 0.15806346463461177, 0.1053495413128292, 0.13599470409772835], fbcca_probs=[0.23493045616912198, 0.26139920152090584, 0.24797670820799622, 0.255693634101976], cca_quad=3, cca_conf=0.2539, cca_ratio=1.0086, cca_scores=[0.08228774823203747, 0.1275592213835603, 0.1349588308756603, 0.13611735104543757], cca_probs=[0.24063337506752722, 0.2517775559142134, 0.2536475214819687, 0.2539415475362907]"
2026 05 14 18:20:33.511136,SSVEP_UPDATE,"fbcca_quad=1, fbcca_conf=0.3064, fbcca_ratio=2.3354, fbcca_consec=2, fbcca_scores=[0.08411329776928773, 0.3797741183526651, 0.04480084586781562, 0.16261481121229748], fbcca_probs=[0.22793947796089173, 0.3063538991216334, 0.21915246926698087, 0.246554153650494], cca_quad=1, cca_conf=0.2711, cca_ratio=1.4019, cca_scores=[0.12311406622977877, 0.2328007768458912, 0.07880964370338941, 0.16605977319332516], cca_probs=[0.24292644892653031, 0.271088525209, 0.23239866851567567, 0.2535863573487939]"
2026 05 14 18:20:34.537353,SSVEP_UPDATE,"fbcca_quad=1, fbcca_conf=0.3399, fbcca_ratio=2.7066, fbcca_consec=3, fbcca_scores=[0.019204899134211462, 0.5177392112188012, 0.027972748381318385, 0.19129098091615335], fbcca_probs=[0.20648814646446542, 0.3399427838751678, 0.20830656355820656, 0.24526250610216024], cca_quad=1, cca_conf=0.2868, cca_ratio=1.5776, cca_scores=[0.059022769256168825, 0.2886574160454979, 0.05558509230611408, 0.18297022487708886], cca_probs=[0.22796361884263552, 0.28681020676453584, 0.22718129901653591, 0.2580448753762928]"
2026 05 14 18:20:35.539071,SSVEP_UPDATE,"fbcca_quad=1, fbcca_conf=0.3135, fbcca_ratio=2.4814, fbcca_consec=4, fbcca_scores=[0.005879681396193811, 0.3765445931375479, 0.020393650996585248, 0.15174786237644147], fbcca_probs=[0.2164333038820736, 0.3135463971817024, 0.21959751737803793, 0.250422781558186], cca_quad=1, cca_conf=0.2824, cca_ratio=1.5755, cca_scores=[0.03287819287839654, 0.2545095556651203, 0.06698874452778289, 0.16154573049389445], cca_probs=[0.22623809271974127, 0.2823702957650452, 0.23408832560344847, 0.25730328591176505]"
2026 05 14 18:20:36.564116,SSVEP_UPDATE,"fbcca_quad=1, fbcca_conf=0.2637, fbcca_ratio=1.3950, fbcca_consec=5, fbcca_scores=[0.04443615476738889, 0.12667861795751972, 0.029152766131320527, 0.09081135542070959], fbcca_probs=[0.24283519716064, 0.26365079345240405, 0.2391520694960696, 0.2543619398908863], cca_quad=1, cca_conf=0.2601, cca_ratio=1.1736, cca_scores=[0.10563277035290633, 0.16025140616267228, 0.07832375271492381, 0.13655210060211392], cca_probs=[0.24626899004568603, 0.2600939806717959, 0.23963462713059713, 0.2540024021519209]"
2026 05 14 18:20:37.569553,SSVEP_UPDATE,"fbcca_quad=1, fbcca_conf=0.2751, fbcca_ratio=2.1951, fbcca_consec=6, fbcca_scores=[0.04775726178065466, 0.18046422424219755, 0.02193259074726411, 0.08221210563329902], fbcca_probs=[0.24087815229831896, 0.27506245362527393, 0.23473718872536792, 0.2493222053510392], cca_quad=1, cca_conf=0.2761, cca_ratio=1.8149, cca_scores=[0.06749221109155538, 0.20999610272510463, 0.040469064176321706, 0.1157044994990255], cca_probs=[0.23946992742515508, 0.27614655926607873, 0.23308535059699761, 0.2512981627117685]"
2026 05 14 18:20:38.603028,SSVEP_UPDATE,"fbcca_quad=1, fbcca_conf=0.2933, fbcca_ratio=2.4475, fbcca_consec=7, fbcca_scores=[0.03704248595208261, 0.28258567377251337, 0.03577595716098348, 0.1154599547046121], fbcca_probs=[0.2294302133498571, 0.2932841956125442, 0.2291398173153893, 0.24814577372220942], cca_quad=1, cca_conf=0.2770, cca_ratio=2.1450, cca_scores=[0.06055471981396479, 0.22018801581934122, 0.07859899790468469, 0.10264995572227312], cca_probs=[0.2361675216587655, 0.2770435424385065, 0.2404676739924531, 0.24632126191027504]"
2026 05 14 18:20:39.618596,SSVEP_UPDATE,"fbcca_quad=1, fbcca_conf=0.2648, fbcca_ratio=1.1152, fbcca_consec=8, fbcca_scores=[0.017183453746132005, 0.1377479368859548, 0.03693917770614087, 0.12351986468955616], fbcca_probs=[0.2347262671765274, 0.2648025616253655, 0.23940956314948958, 0.26106160804861755], cca_quad=1, cca_conf=0.2601, cca_ratio=1.1161, cca_scores=[0.04460713147451555, 0.118021641098154, 0.042752532121547046, 0.1057477792185918], cca_probs=[0.24169931624950244, 0.2601111314653722, 0.24125147626421023, 0.2569380760209152]"
2026 05 14 18:20:40.647096,SSVEP_UPDATE,"fbcca_quad=1, fbcca_conf=0.2775, fbcca_ratio=1.8428, fbcca_consec=9, fbcca_scores=[0.04242953508385964, 0.22581200382287056, 0.08604808724891314, 0.12253573454752903], fbcca_probs=[0.23098637326763688, 0.277477871409228, 0.2412846292289464, 0.2502511260941887], cca_quad=1, cca_conf=0.2641, cca_ratio=1.4306, cca_scores=[0.08484492734032557, 0.16463830199049137, 0.07218217039018174, 0.11508560711781667], cca_probs=[0.2438320900158397, 0.26408557738567423, 0.2407639699491449, 0.25131836264934115]"
2026 05 14 18:20:41.662740,SSVEP_UPDATE,"fbcca_quad=1, fbcca_conf=0.2813, fbcca_ratio=2.2373, fbcca_consec=10, fbcca_scores=[0.059210113116585736, 0.24251751875906177, 0.07783936935107874, 0.10839630900847134], fbcca_probs=[0.23416991576124438, 0.28128106288210886, 0.23857321487203112, 0.24597580648461564], cca_quad=1, cca_conf=0.2670, cca_ratio=1.6925, cca_scores=[0.08319812419210114, 0.17767706082135665, 0.07785420585487283, 0.10497788867863152], cca_probs=[0.24296760502734313, 0.2670422961599024, 0.241672669085121, 0.24831742972763352]"
2026 05 14 18:20:42.674986,SSVEP_UPDATE,"fbcca_quad=1, fbcca_conf=0.2830, fbcca_ratio=2.1907, fbcca_consec=11, fbcca_scores=[0.12192808280069135, 0.2671038633813121, 0.07599782319577016, 0.09558559050682869], fbcca_probs=[0.244776900834505, 0.2830215285686209, 0.23378851560686292, 0.2384130549900111], cca_quad=1, cca_conf=0.2780, cca_ratio=1.9656, cca_scores=[0.12608072810668325, 0.24782861690158964, 0.09913220097836527, 0.08459686084157725], cca_probs=[0.246169269473906, 0.27804063592373984, 0.23962395957615218, 0.23616613502620207]"
2026 05 14 18:20:43.691118,SSVEP_UPDATE,"fbcca_quad=1, fbcca_conf=0.3589, fbcca_ratio=2.3913, fbcca_consec=12, fbcca_scores=[0.02265021478476215, 0.6633703626173564, 0.11844196861483527, 0.2774125058171729], fbcca_probs=[0.18908839404299058, 0.35886086364156333, 0.2080974236349051, 0.24395331868054104], cca_quad=1, cca_conf=0.3003, cca_ratio=2.1183, cca_scores=[0.06305658253050035, 0.38041536747117843, 0.1375127669160899, 0.17958380575588412], cca_probs=[0.21860878845804863, 0.300258137573188, 0.23550684119530824, 0.24562623277345524]"
2026 05 14 18:20:44.726767,SSVEP_UPDATE,"fbcca_quad=1, fbcca_conf=0.3334, fbcca_ratio=1.9123, fbcca_consec=13, fbcca_scores=[0.020086066745389673, 0.542322959154417, 0.08640916772119081, 0.2836044259447266], fbcca_probs=[0.19778999416644152, 0.33343325977315397, 0.211352833432598, 0.2574239126278065], cca_quad=1, cca_conf=0.2936, cca_ratio=1.6686, cca_scores=[0.06124536766610198, 0.35131723011729504, 0.1146639609049047, 0.21054903497647673], cca_probs=[0.21966338076826367, 0.293585277170915, 0.23171655531468174, 0.2550347867461396]"
2026 05 14 18:20:45.741543,SSVEP_UPDATE,"fbcca_quad=1, fbcca_conf=0.3354, fbcca_ratio=2.7704, fbcca_consec=14, fbcca_scores=[0.04292442664211479, 0.5002224010979931, 0.026016559821028757, 0.18055956718323085], fbcca_probs=[0.21228760572278324, 0.3353718648479434, 0.20872844882226893, 0.24361208060700443], cca_quad=1, cca_conf=0.3055, cca_ratio=2.4815, cca_scores=[0.10799951238432484, 0.3893027955749187, 0.06937795686464604, 0.15687911128625615], cca_probs=[0.2305707267207659, 0.30547286070374113, 0.22183549646760614, 0.2421209161078869]"
2026 05 14 18:20:45.741543,SSVEP_CONFIRMED,"fbcca_quad=1, fbcca_conf=0.3354, fbcca_ratio=2.7704, fbcca_consec=14, fbcca_scores=[0.04292442664211479, 0.5002224010979931, 0.026016559821028757, 0.18055956718323085], fbcca_probs=[0.21228760572278324, 0.3353718648479434, 0.20872844882226893, 0.24361208060700443], cca_quad=1, cca_conf=0.3055, cca_ratio=2.4815, cca_scores=[0.10799951238432484, 0.3893027955749187, 0.06937795686464604, 0.15687911128625615], cca_probs=[0.2305707267207659, 0.30547286070374113, 0.22183549646760614, 0.2421209161078869]"
2026 05 14 18:20:45.741543,SELECTION,"quad=1, result=char, output='Make LIST01'"
2026 05 14 18:20:48.756871,PHASE_SSVEP,
2026 05 14 18:20:48.872844,SSVEP_UPDATE,"fbcca_quad=1, fbcca_conf=0.2666, fbcca_ratio=1.5086, fbcca_consec=1, fbcca_scores=[0.030836618654655864, 0.13630136829320885, 0.0903480333157862, 0.027103075571013605], fbcca_probs=[0.2398761341378822, 0.2665568207615154, 0.2545848290650017, 0.2389822160356007], cca_quad=1, cca_conf=0.2712, cca_ratio=1.9644, cca_scores=[0.0925512833710453, 0.18180608744136628, 0.07335269556142103, 0.04926832445073516], cca_probs=[0.24801684962028175, 0.2711715075646359, 0.24330069298634108, 0.2375109498287413]"
2026 05 14 18:20:49.887472,SSVEP_UPDATE,"fbcca_quad=2, fbcca_conf=0.2609, fbcca_ratio=1.1803, fbcca_consec=1, fbcca_scores=[0.07333222671224336, 0.12690502445024654, 0.1497831288247399, 0.07635811379086824], fbcca_probs=[0.24169105704056995, 0.254992232654744, 0.26089321583997827, 0.2424234944647078], cca_quad=1, cca_conf=0.2590, cca_ratio=1.1199, cca_scores=[0.12733795569769232, 0.14260654053991614, 0.0963014126938318, 0.06130752679658586], cca_probs=[0.25504164599941304, 0.258965651784055, 0.24724761057805786, 0.23874509163847416]"
2026 05 14 18:20:50.909964,SSVEP_UPDATE,"fbcca_quad=1, fbcca_conf=0.2517, fbcca_ratio=1.1095, fbcca_consec=1, fbcca_scores=[0.0746545120920724, 0.0845750605402376, 0.0749528894250676, 0.07623016277805506], fbcca_probs=[0.24926185869260517, 0.25174697953737857, 0.24933624387809408, 0.24965491789192215], cca_quad=0, cca_conf=0.2572, cca_ratio=1.2374, cca_scores=[0.12543995656469015, 0.10137328084171876, 0.08935062679717368, 0.0708046607876238], cca_probs=[0.25722776968445404, 0.25111105212669604, 0.2481101066323121, 0.2435510715565378]"
2026 05 14 18:20:51.937188,SSVEP_UPDATE,"fbcca_quad=1, fbcca_conf=0.2576, fbcca_ratio=1.2533, fbcca_consec=2, fbcca_scores=[0.07662590835054531, 0.09603776115394132, 0.02526893692563669, 0.06587461899586447], fbcca_probs=[0.2525987807251469, 0.2575500926657049, 0.23995356167049084, 0.24989756493865733], cca_quad=0, cca_conf=0.2629, cca_ratio=1.4142, cca_scores=[0.1281156885050245, 0.09059038790241111, 0.028987894452948252, 0.06067384838293955], cca_probs=[0.26291026776359827, 0.25322729538716426, 0.23809862835857076, 0.24576380849066667]"
2026 05 14 18:20:52.953328,SSVEP_UPDATE,"fbcca_quad=0, fbcca_conf=0.2667, fbcca_ratio=1.7826, fbcca_consec=1, fbcca_scores=[0.13727640229670582, 0.07700855796735745, 0.026700475004603257, 0.04562051078646625], fbcca_probs=[0.2667200294310156, 0.25112019398617436, 0.2387993362649593, 0.2433604403178508], cca_quad=0, cca_conf=0.2723, cca_ratio=1.5193, cca_scores=[0.20166813002254247, 0.13274068180210266, 0.036423060349661994, 0.08692971981955874], cca_probs=[0.27228075603097224, 0.2541453321028172, 0.23080856767113317, 0.24276534419507742]"
2026 05 14 18:20:53.960226,SSVEP_UPDATE,"fbcca_quad=0, fbcca_conf=0.2776, fbcca_ratio=2.1993, fbcca_consec=2, fbcca_scores=[0.1959044909519818, 0.0890741192759679, 0.04289188803868799, 0.0279288742552836], fbcca_probs=[0.27761032818455206, 0.24948232264026754, 0.23822267137838848, 0.2346846777967919], cca_quad=0, cca_conf=0.2737, cca_ratio=1.2990, cca_scores=[0.2248190049625501, 0.17307170967009833, 0.08452346213938525, 0.04441232202935556], cca_probs=[0.2737025948942867, 0.25989944377803625, 0.2378752921962556, 0.2285226691314214]"
2026 05 14 18:20:54.985045,SSVEP_UPDATE,"fbcca_quad=0, fbcca_conf=0.2754, fbcca_ratio=1.7211, fbcca_consec=3, fbcca_scores=[0.205105038280211, 0.11917392118713861, 0.0676366134082558, 0.033000951467885044], fbcca_probs=[0.27539781677326547, 0.2527208555093931, 0.24002623597160874, 0.23185509174573266], cca_quad=0, cca_conf=0.2748, cca_ratio=1.1829, cca_scores=[0.2345952105927942, 0.19831846502233355, 0.05039714523699174, 0.06436414382912727], cca_probs=[0.27475438742898683, 0.26496581466219066, 0.22853274325858033, 0.23174705465024212]"
2026 05 14 18:20:55.990713,SSVEP_UPDATE,"fbcca_quad=1, fbcca_conf=0.2577, fbcca_ratio=1.0307, fbcca_consec=1, fbcca_scores=[0.11097448216885561, 0.11437990041823407, 0.07944102302707741, 0.028463631984983858], fbcca_probs=[0.25686001133501457, 0.2577362181837754, 0.24888670038352168, 0.2365170700976883], cca_quad=0, cca_conf=0.2683, cca_ratio=1.0195, cca_scores=[0.21061798850661467, 0.2065929076158447, 0.07149356264823929, 0.06125351898405837], cca_probs=[0.2682865506938172, 0.2672088460046596, 0.2334414281149507, 0.2310631751865725]"
2026 05 14 18:20:57.023033,SSVEP_UPDATE,"fbcca_quad=0, fbcca_conf=0.2737, fbcca_ratio=1.4827, fbcca_consec=1, fbcca_scores=[0.23582074110890916, 0.1590460612915224, 0.0799059341095765, 0.09907674400291516], fbcca_probs=[0.2736783751284017, 0.25345313235564443, 0.23416799767153948, 0.2387004948444143], cca_quad=0, cca_conf=0.2845, cca_ratio=1.4834, cca_scores=[0.3157519672965908, 0.21286136749259565, 0.08918696719209691, 0.11150469347096854], cca_probs=[0.28451493790727583, 0.25669668097571624, 0.22683451842384933, 0.23195386269315849]"
2026 05 14 18:20:58.038353,SSVEP_UPDATE,"fbcca_quad=0, fbcca_conf=0.2841, fbcca_ratio=2.0388, fbcca_consec=2, fbcca_scores=[0.2999778373579205, 0.14713767094412203, 0.1323373017500744, 0.09662713808313494], fbcca_probs=[0.28409763396736415, 0.24383159296723303, 0.24024936987284723, 0.23182140319255556], cca_quad=0, cca_conf=0.2863, cca_ratio=2.0603, cca_scores=[0.30014271817680066, 0.14568035168637272, 0.11916074023836684, 0.0782274048316931], cca_probs=[0.2863434780640498, 0.24536077931000333, 0.23893942897087195, 0.22935631365507486]"
2026 05 14 18:20:59.056080,SSVEP_UPDATE,"fbcca_quad=0, fbcca_conf=0.2827, fbcca_ratio=1.7085, fbcca_consec=3, fbcca_scores=[0.28209721041406, 0.10779664252140378, 0.16511269527819378, 0.06832924424345417], fbcca_probs=[0.2827111600346198, 0.23748991813766554, 0.25149955631515636, 0.22829936551255817], cca_quad=0, cca_conf=0.2769, cca_ratio=1.6726, cca_scores=[0.27660073620186915, 0.1653698394305393, 0.14795972486576248, 0.09850846431739847], cca_probs=[0.27694027200881227, 0.24778736065238932, 0.24351069099538017, 0.23176167634341824]"
2026 05 14 18:21:00.088320,SSVEP_UPDATE,"fbcca_quad=0, fbcca_conf=0.2805, fbcca_ratio=1.7062, fbcca_consec=4, fbcca_scores=[0.21815962852440138, 0.022959702495870784, 0.12786464676548873, 0.02985593319506223], fbcca_probs=[0.28052891711758093, 0.2307827714957622, 0.2563085082371995, 0.23237980314945736], cca_quad=0, cca_conf=0.2751, cca_ratio=1.4372, cca_scores=[0.2405726997415428, 0.08467070214945585, 0.16738731086484565, 0.0774454256853667], cca_probs=[0.27513687540425047, 0.23541895285582012, 0.25572005569792217, 0.23372411604200735]"
2026 05 14 18:21:01.112432,SSVEP_UPDATE,"fbcca_quad=0, fbcca_conf=0.2749, fbcca_ratio=2.2311, fbcca_consec=5, fbcca_scores=[0.17616610644004738, 0.0161902264219552, 0.07895887898756505, 0.04660752923073547], fbcca_probs=[0.2748751401385647, 0.23423879317761198, 0.24941289381521187, 0.2414731728686114], cca_quad=0, cca_conf=0.2783, cca_ratio=2.1471, cca_scores=[0.23497079555352157, 0.059474805654554305, 0.10943845238439279, 0.09864590866221376], cca_probs=[0.27827038580196045, 0.2334801964910323, 0.2454420593635388, 0.2428073583434685]"
2026 05 14 18:21:02.137557,SSVEP_UPDATE,"fbcca_quad=0, fbcca_conf=0.2575, fbcca_ratio=1.9675, fbcca_consec=6, fbcca_scores=[0.07024813614542924, 0.03570446204209212, 0.02443839456138318, 0.032461224663953875], fbcca_probs=[0.2574540717533169, 0.24871251419243878, 0.24592622694488783, 0.24790718710935644], cca_quad=0, cca_conf=0.2608, cca_ratio=1.5875, cca_scores=[0.12706502418453558, 0.0800432906496541, 0.05950265754836023, 0.07157418437458665], cca_probs=[0.2607727315882036, 0.24879456959930576, 0.2437362995091146, 0.24669639930337608]"
2026 05 14 18:21:03.148507,SSVEP_UPDATE,"fbcca_quad=2, fbcca_conf=0.2583, fbcca_ratio=1.7617, fbcca_consec=1, fbcca_scores=[0.04474532058747296, 0.04915180824086079, 0.08659088315952626, 0.0345249432172196], fbcca_probs=[0.24770984121020706, 0.24880378001093628, 0.2582953321831511, 0.24519104659570562], cca_quad=1, cca_conf=0.2544, cca_ratio=1.0131, cca_scores=[0.0959475212329124, 0.12634156144845946, 0.12471107852431276, 0.08873171517449895], cca_probs=[0.24673982404249958, 0.25435437650091336, 0.25393999394698785, 0.24496580550959915]"
2026 05 14 18:21:04.178161,SSVEP_UPDATE,"fbcca_quad=2, fbcca_conf=0.2619, fbcca_ratio=1.3312, fbcca_consec=2, fbcca_scores=[0.07704391011647216, 0.02374617532388472, 0.10255993967769521, 0.01834033745162906], fbcca_probs=[0.25530209518679003, 0.24205132638904028, 0.26190021188375623, 0.2407463665404134], cca_quad=0, cca_conf=0.2627, cca_ratio=1.1140, cca_scores=[0.15158792859275186, 0.06083718358855224, 0.13607556157815223, 0.056669470406998164], cca_probs=[0.26265334230259446, 0.23986693393015174, 0.25861040608623054, 0.23886931768102315]"
2026 05 14 18:21:05.192549,SSVEP_UPDATE,"fbcca_quad=2, fbcca_conf=0.2563, fbcca_ratio=1.6714, fbcca_consec=3, fbcca_scores=[0.03481014675812119, 0.02959446448429471, 0.06841203014461343, 0.04093002611969489], fbcca_probs=[0.24782475886876498, 0.24653554864494118, 0.256293625627873, 0.24934606685842084], cca_quad=0, cca_conf=0.2537, cca_ratio=1.1113, cca_scores=[0.09461608699779879, 0.060419525763801, 0.08514369624182924, 0.07876417258081941], cca_probs=[0.25372809478454195, 0.24519814515762925, 0.2513360302956267, 0.24973772976220213]"
2026 05 14 18:21:06.205359,SSVEP_UPDATE,"fbcca_quad=0, fbcca_conf=0.2773, fbcca_ratio=2.5150, fbcca_consec=1, fbcca_scores=[0.19711345007278766, 0.015425852987469929, 0.07375990285659217, 0.07837546996156336], fbcca_probs=[0.27732686401862383, 0.2312522781815228, 0.2451433834201061, 0.24627747437974726], cca_quad=0, cca_conf=0.2674, cca_ratio=1.5899, cca_scores=[0.16125196154141144, 0.03557265166070356, 0.07382851879047338, 0.10142033264266394], cca_probs=[0.26737183330451697, 0.23579458272230922, 0.24498987445440132, 0.25184370951877244]"
2026 05 14 18:21:07.227166,SSVEP_UPDATE,"fbcca_quad=0, fbcca_conf=0.2853, fbcca_ratio=3.2261, fbcca_consec=2, fbcca_scores=[0.23776542482186877, 0.07132330075696985, 0.026140864654103133, 0.07370080408295022], fbcca_probs=[0.2853370320927505, 0.24158682354507846, 0.23091426401174428, 0.24216188035042685], cca_quad=0, cca_conf=0.2682, cca_ratio=1.6577, cca_scores=[0.17744270138766766, 0.10704402076415893, 0.03902302688664356, 0.09991880934080204], cca_probs=[0.26822881184710323, 0.24999519837485326, 0.23355572913388, 0.24822026064416347]"
2026 05 14 18:21:08.241145,SSVEP_UPDATE,"fbcca_quad=0, fbcca_conf=0.2683, fbcca_ratio=1.6733, fbcca_consec=3, fbcca_scores=[0.15031915574655663, 0.0898338479346867, 0.022149953578483546, 0.05170619399758134], fbcca_probs=[0.2683047242199009, 0.25255727569814423, 0.23602887826855065, 0.2431091218134042], cca_quad=0, cca_conf=0.2620, cca_ratio=1.3346, cca_scores=[0.13860382721557765, 0.10385347967182885, 0.038987660287702994, 0.0833371232116669], cca_probs=[0.26196773028153303, 0.25302061857919056, 0.23712920524239126, 0.24788244589688513]"
2026 05 14 18:21:09.275835,SSVEP_UPDATE,"fbcca_quad=0, fbcca_conf=0.2706, fbcca_ratio=1.5417, fbcca_consec=4, fbcca_scores=[0.17021199200979806, 0.11040213223809167, 0.019718498589370657, 0.05742116334946582], fbcca_probs=[0.2705946586643834, 0.2548849117755915, 0.23278807335712182, 0.24173235620290315], cca_quad=0, cca_conf=0.2650, cca_ratio=1.4260, cca_scores=[0.15709327341056598, 0.11016325086279857, 0.0581467139639321, 0.06681643400332733], cca_probs=[0.26499729076812006, 0.2528482685760261, 0.24003219086957953, 0.2421222497862743]"
2026 05 14 18:21:10.290192,SSVEP_UPDATE,"fbcca_quad=0, fbcca_conf=0.2720, fbcca_ratio=1.0515, fbcca_consec=5, fbcca_scores=[0.25055321015214743, 0.23828674561759144, 0.023896469261003347, 0.13594364282047194], fbcca_probs=[0.2719817653863892, 0.26866588932245583, 0.21682233470948573, 0.24253001058166926], cca_quad=0, cca_conf=0.2684, cca_ratio=1.0894, cca_scores=[0.2546676696363506, 0.23377227073032236, 0.08994623662738, 0.14800939428690293], cca_probs=[0.26836386391182343, 0.26281447419137954, 0.2276074257009557, 0.24121423619584123]"
2026 05 14 18:21:11.315174,SSVEP_UPDATE,"fbcca_quad=0, fbcca_conf=0.2711, fbcca_ratio=1.4070, fbcca_consec=6, fbcca_scores=[0.21354618535878742, 0.1517707842156058, 0.07915538392076608, 0.07885327386651243], fbcca_probs=[0.27112566379250136, 0.2548836117079822, 0.23703116159035947, 0.2369595629091569], cca_quad=0, cca_conf=0.2694, cca_ratio=1.0774, cca_scores=[0.2605228674184906, 0.2418111239510037, 0.10142295970535427, 0.1298519297237994], cca_probs=[0.26940527126126756, 0.26441109948353037, 0.22977875765593533, 0.23640487159926676]"
2026 05 14 18:21:12.333281,SSVEP_UPDATE,"fbcca_quad=0, fbcca_conf=0.2747, fbcca_ratio=2.8421, fbcca_consec=7, fbcca_scores=[0.17504673353132244, 0.061590380866380065, 0.046700661891410894, 0.033762558150805484], fbcca_probs=[0.2746849289103254, 0.2452230918300259, 0.24159883792653258, 0.23849314133311614], cca_quad=0, cca_conf=0.2831, cca_ratio=1.7019, cca_scores=[0.26624358767384626, 0.15643934461478637, 0.0608123969491171, 0.06976238282381157], cca_probs=[0.2831319271342459, 0.2536889016220177, 0.23055323077970058, 0.23262594046403584]"
2026 05 14 18:21:13.357142,SSVEP_UPDATE,"fbcca_quad=0, fbcca_conf=0.2760, fbcca_ratio=2.5981, fbcca_consec=8, fbcca_scores=[0.2012647136375534, 0.07746481473271646, 0.060344570212323485, 0.06371313847788009], fbcca_probs=[0.2759682924329551, 0.2438336127497792, 0.23969465277518454, 0.2405034420420811], cca_quad=0, cca_conf=0.2810, cca_ratio=1.9385, cca_scores=[0.26491377044343256, 0.13666222914512396, 0.0916380417932058, 0.08853263298416764], cca_probs=[0.2809907332139453, 0.24716846522977215, 0.23628671512916413, 0.23555408642711842]"
2026 05 14 18:21:14.369620,SSVEP_UPDATE,"fbcca_quad=2, fbcca_conf=0.2597, fbcca_ratio=1.0444, fbcca_consec=1, fbcca_scores=[0.1109845724875856, 0.0384363314025286, 0.11591514339143469, 0.04406719723036138], fbcca_probs=[0.2583821694128157, 0.2403008126670711, 0.2596592868912535, 0.24165773102885976], cca_quad=0, cca_conf=0.2671, cca_ratio=1.3432, cca_scores=[0.19472303148776235, 0.0905071302702669, 0.14497481771402151, 0.07983643478652788], cca_probs=[0.26709637577419554, 0.24066204585908527, 0.2541339111774751, 0.2381076671892442]"
2026 05 14 18:21:15.388354,SSVEP_UPDATE,"fbcca_quad=0, fbcca_conf=0.2528, fbcca_ratio=1.0480, fbcca_consec=1, fbcca_scores=[0.08727380333864233, 0.08327827383461371, 0.054184782959704206, 0.0792652895860726], fbcca_probs=[0.25281328450472473, 0.25180517687051396, 0.2445848271315291, 0.2507967114932323], cca_quad=0, cca_conf=0.2592, cca_ratio=1.3167, cca_scores=[0.15452253410011502, 0.11735686749383244, 0.10391661881829826, 0.09691955805877403], cca_probs=[0.2591885981695946, 0.24973249084917987, 0.2463984792303446, 0.24468043175088097]"
2026 05 14 18:21:16.414732,SSVEP_UPDATE,"fbcca_quad=1, fbcca_conf=0.2646, fbcca_ratio=1.1561, fbcca_consec=1, fbcca_scores=[0.13113469448321802, 0.1516084780792755, 0.011358076029699642, 0.07924310597644703], fbcca_probs=[0.2592530538735593, 0.2646156538293116, 0.22998820114413845, 0.2461430911529906], cca_quad=1, cca_conf=0.2694, cca_ratio=1.2196, cca_scores=[0.16702314993333547, 0.2036972926968533, 0.04343660086838914, 0.09413992723231888], cca_probs=[0.25968565969033136, 0.2693862009257667, 0.22949594243626095, 0.24143219694764095]"
2026 05 14 18:21:17.422984,SSVEP_UPDATE,"fbcca_quad=1, fbcca_conf=0.2702, fbcca_ratio=2.0584, fbcca_consec=2, fbcca_scores=[0.05860060414729654, 0.1591219148767972, 0.025063848327397713, 0.07730321501031114], fbcca_probs=[0.2444004691890474, 0.2702451358855233, 0.2363399870068817, 0.2490144079185476], cca_quad=1, cca_conf=0.2700, cca_ratio=1.7264, cca_scores=[0.10862719410184349, 0.18753491062544003, 0.060509171162642886, 0.08123719688429594], cca_probs=[0.24949430831162384, 0.2699789030454164, 0.23777339056483526, 0.24275339807812446]"
2026 05 14 18:21:18.452289,SSVEP_UPDATE,"fbcca_quad=1, fbcca_conf=0.2532, fbcca_ratio=1.3654, fbcca_consec=3, fbcca_scores=[0.03502821834687135, 0.04782887824753109, 0.024911601351813667, 0.03250183096017414], fbcca_probs=[0.2499816185930329, 0.25320211654863306, 0.24746539957432986, 0.24935086528400421], cca_quad=1, cca_conf=0.2586, cca_ratio=1.2881, cca_scores=[0.0819659444021485, 0.10557943623990508, 0.03755913217108977, 0.06006788027111795], cca_probs=[0.25260185009435243, 0.2586376444510179, 0.24163002206730008, 0.24713048338732965]"
2026 05 14 18:21:19.464362,SSVEP_UPDATE,"fbcca_quad=0, fbcca_conf=0.2547, fbcca_ratio=1.1852, fbcca_consec=1, fbcca_scores=[0.053667144672201454, 0.04527941520730892, 0.015486737003775009, 0.024661727276757847], fbcca_probs=[0.2547382702069575, 0.25261053043944764, 0.24519559011333486, 0.2474556092402601], cca_quad=1, cca_conf=0.2645, cca_ratio=1.6892, cca_scores=[0.07213848705121818, 0.12185640177636202, 0.02803405889942773, 0.03639898958076231], cca_probs=[0.2517166929117466, 0.2645478481547155, 0.2408561319698719, 0.24287932696366596]"
2026 05 14 18:21:19.464362,PHASE_TIMEOUT,
2026 05 14 18:21:22.464856,PHASE_SSVEP,
2026 05 14 18:21:22.599854,SSVEP_UPDATE,"fbcca_quad=0, fbcca_conf=0.2594, fbcca_ratio=2.2788, fbcca_consec=1, fbcca_scores=[0.08257921139252139, 0.029821331022667534, 0.0325390695012476, 0.03623773943172509], fbcca_probs=[0.259435890858194, 0.2461033926599147, 0.24677314701620887, 0.24768756946568232], cca_quad=0, cca_conf=0.2550, cca_ratio=1.1230, cca_scores=[0.07731547345637428, 0.037106145476764635, 0.06884724984450158, 0.04647361959929411], cca_probs=[0.2549859457862142, 0.244936526408742, 0.2528357846511927, 0.24724174315385103]"
2026 05 14 18:21:23.604790,SSVEP_UPDATE,"fbcca_quad=1, fbcca_conf=0.2539, fbcca_ratio=1.1864, fbcca_consec=1, fbcca_scores=[0.05405861190195709, 0.06839529873845601, 0.03195169684373033, 0.05765067364998317], fbcca_probs=[0.25023934624051397, 0.25385278989453613, 0.24476802609861847, 0.25113983776633136], cca_quad=0, cca_conf=0.2536, cca_ratio=1.0455, cca_scores=[0.07421085888959826, 0.07097903969741645, 0.037302746714852314, 0.056306116665584736], cca_probs=[0.2536273348793058, 0.25280898029010046, 0.24443706965420658, 0.24912661517638712]"
2026 05 14 18:21:24.619324,SSVEP_UPDATE,"fbcca_quad=1, fbcca_conf=0.2552, fbcca_ratio=1.2172, fbcca_consec=2, fbcca_scores=[0.07221615254752915, 0.09160214524502469, 0.0448477949079486, 0.07525760207768202], fbcca_probs=[0.2502738018443152, 0.2551729418548811, 0.24351710057670872, 0.2510361557240949], cca_quad=1, cca_conf=0.2531, cca_ratio=1.1559, cca_scores=[0.07301694572329366, 0.09011962789326394, 0.06982867934930591, 0.07796509717234847], cca_probs=[0.2488164427037871, 0.2531084692063242, 0.24802441287816746, 0.25005067521172125]"
2026 05 14 18:21:25.636310,SSVEP_UPDATE,"fbcca_quad=1, fbcca_conf=0.2796, fbcca_ratio=2.8609, fbcca_consec=3, fbcca_scores=[0.05717038740163661, 0.19899450841783875, 0.0695563025243009, 0.012562824533188105], fbcca_probs=[0.2426472063856172, 0.2796203202499673, 0.24567130353326957, 0.2320611698311459], cca_quad=1, cca_conf=0.2726, cca_ratio=1.9599, cca_scores=[0.0947362948450754, 0.19351978299086936, 0.09873830910409802, 0.03375504765289792], cca_probs=[0.24699419195335248, 0.2726389275719757, 0.2479846468167522, 0.23238223365791943]"
2026 05 14 18:21:26.660389,SSVEP_UPDATE,"fbcca_quad=1, fbcca_conf=0.2654, fbcca_ratio=1.6635, fbcca_consec=4, fbcca_scores=[0.06771957784818362, 0.14230175127302086, 0.08554247695139348, 0.030570741625536798], fbcca_probs=[0.24636917935394115, 0.2654464999161915, 0.2507995561820432, 0.23738476454782428], cca_quad=1, cca_conf=0.2651, cca_ratio=1.4509, cca_scores=[0.13622880144635327, 0.19765577467906909, 0.12881179407079135, 0.09031835712960663], cca_probs=[0.24930874372336131, 0.2651031607929732, 0.2474664594958617, 0.2381216359878038]"
2026 05 14 18:21:27.691459,SSVEP_UPDATE,"fbcca_quad=0, fbcca_conf=0.2667, fbcca_ratio=1.2070, fbcca_consec=1, fbcca_scores=[0.16687461653175098, 0.085610427117077, 0.1382610639211111, 0.010672084327121314], fbcca_probs=[0.2667286929796131, 0.2459105424482457, 0.2592047935693044, 0.22815597100283677], cca_quad=0, cca_conf=0.2696, cca_ratio=1.2369, cca_scores=[0.23709028203006371, 0.16681615638839722, 0.19168556145269086, 0.04082231950681499], cca_probs=[0.26957513756486823, 0.2512813001760167, 0.25760887196457605, 0.22153469029453904]"
2026 05 14 18:21:28.704457,SSVEP_UPDATE,"fbcca_quad=0, fbcca_conf=0.2786, fbcca_ratio=2.1512, fbcca_consec=2, fbcca_scores=[0.2025860572655541, 0.06377542868238963, 0.09417549814904706, 0.006608075381803794], fbcca_probs=[0.2785761835196579, 0.24247071563528558, 0.24995502765125374, 0.22899807319380272], cca_quad=0, cca_conf=0.2839, cca_ratio=1.8275, cca_scores=[0.2876742136873383, 0.15162683485881354, 0.15741149812378027, 0.027901147013097708], cca_probs=[0.28393824114098765, 0.24782166008362497, 0.24925937928859174, 0.2189807194867958]"
2026 05 14 18:21:29.732901,SSVEP_UPDATE,"fbcca_quad=0, fbcca_conf=0.2636, fbcca_ratio=1.0841, fbcca_consec=3, fbcca_scores=[0.15488206640214291, 0.07980458051239896, 0.14286840119363436, 0.025356406103151267], fbcca_probs=[0.2635572631910893, 0.24449458858537962, 0.26040991789828216, 0.2315382303252489], cca_quad=0, cca_conf=0.2666, cca_ratio=1.2181, cca_scores=[0.2299959153429426, 0.16341345937000348, 0.18881489686500696, 0.07353486472041612], cca_probs=[0.2666377992428553, 0.24946253019337636, 0.2558804035847175, 0.22801926697905092]"
2026 05 14 18:21:30.740681,SSVEP_UPDATE,"fbcca_quad=0, fbcca_conf=0.2629, fbcca_ratio=1.4357, fbcca_consec=4, fbcca_scores=[0.13533751500681201, 0.0942654198544796, 0.05679221287974733, 0.05094493394724471], fbcca_probs=[0.2629302187535756, 0.2523498892436862, 0.24306851708566168, 0.24165137491707656], cca_quad=0, cca_conf=0.2662, cca_ratio=1.1754, cca_scores=[0.23685339414649154, 0.20151705138063639, 0.13787515162938688, 0.1146524152067144], cca_probs=[0.2662397174431874, 0.25699605988227453, 0.24114992941880314, 0.23561429325573488]"
2026 05 14 18:21:31.764694,SSVEP_UPDATE,"fbcca_quad=0, fbcca_conf=0.2672, fbcca_ratio=1.8575, fbcca_consec=5, fbcca_scores=[0.13854144567977422, 0.07458342517449991, 0.03529693356827626, 0.03538779601631768], fbcca_probs=[0.26724111609532686, 0.2506840263454661, 0.24102647815418682, 0.24104837940502025], cca_quad=0, cca_conf=0.2734, cca_ratio=1.2740, cca_scores=[0.22654837499851377, 0.17782460357706642, 0.05162913668528028, 0.0830213309744092], cca_probs=[0.2733535224033405, 0.26035397304509356, 0.22948706654767367, 0.2368054380038923]"
2026 05 14 18:21:32.778987,SSVEP_UPDATE,"fbcca_quad=0, fbcca_conf=0.2593, fbcca_ratio=1.5746, fbcca_consec=6, fbcca_scores=[0.09816807224851208, 0.05109422879236852, 0.06234357862536405, 0.03421098716330146], fbcca_probs=[0.25927747902185955, 0.24735510898320343, 0.25015340312220175, 0.24321400887273525], cca_quad=0, cca_conf=0.2636, cca_ratio=1.4104, cca_scores=[0.1698850980394327, 0.12045374549188118, 0.10003936417081108, 0.07405783466496885], cca_probs=[0.26364848108096556, 0.25093284468887833, 0.24586213966325285, 0.23955653456690326]"
2026 05 14 18:21:33.791850,SSVEP_UPDATE,"fbcca_quad=0, fbcca_conf=0.2582, fbcca_ratio=1.1635, fbcca_consec=7, fbcca_scores=[0.09616835276678576, 0.04694816095868723, 0.08265149498824494, 0.027643982845100702], fbcca_probs=[0.25824336855966745, 0.24584032442660075, 0.2547762149743751, 0.24114009203935674], cca_quad=0, cca_conf=0.2597, cca_ratio=1.2269, cca_scores=[0.14358301256869305, 0.10769897479219027, 0.1170331442441624, 0.05138017554429757], cca_probs=[0.25970843349766104, 0.25055427265522345, 0.2529039377191748, 0.23683335612794063]"
2026 05 14 18:21:34.817463,SSVEP_UPDATE,"fbcca_quad=0, fbcca_conf=0.2587, fbcca_ratio=1.0449, fbcca_consec=8, fbcca_scores=[0.12768511126561677, 0.12219955109066413, 0.10225585526959768, 0.017464589724183167], fbcca_probs=[0.25872836914827846, 0.2573129847477344, 0.2522320475928705, 0.23172659851111663], cca_quad=1, cca_conf=0.2711, cca_ratio=1.6387, cca_scores=[0.12613742344486115, 0.2067031502333715, 0.12200071495515225, 0.040769397969875235], cca_probs=[0.2501284264299765, 0.2711142228116321, 0.24909585524032618, 0.22966149551806517]"
2026 05 14 18:21:35.827187,SSVEP_UPDATE,"fbcca_quad=2, fbcca_conf=0.2623, fbcca_ratio=1.7267, fbcca_consec=1, fbcca_scores=[0.0603559115994925, 0.06438972565417231, 0.11117880061643637, 0.014840928062907493], fbcca_probs=[0.24927189062373806, 0.25027943784243367, 0.2622680624872805, 0.23818060904654775], cca_quad=2, cca_conf=0.2626, cca_ratio=1.1120, cca_scores=[0.09737573016868806, 0.14483462021303448, 0.16106325615850853, 0.040301949295802116], cca_probs=[0.24637297128688304, 0.25834745952803867, 0.2625742914871884, 0.23270527769788993]"
2026 05 14 18:21:36.858589,SSVEP_UPDATE,"fbcca_quad=0, fbcca_conf=0.2649, fbcca_ratio=1.7796, fbcca_consec=1, fbcca_scores=[0.13172061016836764, 0.0740188962795749, 0.06714869144161667, 0.01991291501517633], fbcca_probs=[0.2648574178441326, 0.25000725099649296, 0.24829553661807133, 0.2368397945413031], cca_quad=1, cca_conf=0.2617, cca_ratio=1.0647, cca_scores=[0.1601557826489219, 0.17052247844249255, 0.10589576992043942, 0.058801990846922614], cca_probs=[0.2589855224073235, 0.2616843111243849, 0.24530740770652346, 0.23402275876176815]"
2026 05 14 18:21:37.866915,SSVEP_UPDATE,"fbcca_quad=1, fbcca_conf=0.2571, fbcca_ratio=1.0390, fbcca_consec=1, fbcca_scores=[0.10082833943203968, 0.10476313410656353, 0.07691610476393555, 0.022193477263243368], fbcca_probs=[0.25610218966227716, 0.2571118843622329, 0.25005085283806927, 0.23673507313742065], cca_quad=1, cca_conf=0.2604, cca_ratio=1.0485, cca_scores=[0.13666155540946878, 0.14328453155693852, 0.07629976795282176, 0.050779989357595784], cca_probs=[0.25868056003551987, 0.2603994811179151, 0.243528055633658, 0.23739190321290696]"
2026 05 14 18:21:38.887099,SSVEP_UPDATE,"fbcca_quad=0, fbcca_conf=0.2615, fbcca_ratio=1.7399, fbcca_consec=1, fbcca_scores=[0.11013967943624385, 0.06188074702211439, 0.06330299724187607, 0.024078354752748492], fbcca_probs=[0.26146058800926497, 0.24914240102470162, 0.24949699596090116, 0.2399000150051322], cca_quad=0, cca_conf=0.2606, cca_ratio=1.4798, cca_scores=[0.13649498008683397, 0.0922398673596747, 0.08866995761510843, 0.061047521662710894], cca_probs=[0.2605972599778946, 0.2493159674523539, 0.2484275187350877, 0.24165925383466377]"
2026 05 14 18:21:39.908213,SSVEP_UPDATE,"fbcca_quad=1, fbcca_conf=0.2524, fbcca_ratio=1.1415, fbcca_consec=1, fbcca_scores=[0.028860145269269107, 0.04109917137865672, 0.03600411533864172, 0.020606830179689957], fbcca_probs=[0.24929795026038704, 0.25236786242918957, 0.25108530415511127, 0.24724888315531207], cca_quad=1, cca_conf=0.2578, cca_ratio=1.2744, cca_scores=[0.06198563285755582, 0.10310991680202868, 0.08090666791809409, 0.04217036893397069], cca_probs=[0.2474351773061034, 0.2578229017184358, 0.2521614792306408, 0.24258044174482005]"
2026 05 14 18:21:40.934034,SSVEP_UPDATE,"fbcca_quad=2, fbcca_conf=0.2571, fbcca_ratio=1.0343, fbcca_consec=1, fbcca_scores=[0.08252261832707578, 0.043534012986011235, 0.08535352067255858, 0.01581662298980758], fbcca_probs=[0.25640586630314055, 0.24660133366841502, 0.25713275466099156, 0.23986004536745287], cca_quad=0, cca_conf=0.2539, cca_ratio=1.0070, cca_scores=[0.094865909609311, 0.09040071971382212, 0.09420256693479755, 0.03706296050831656], cca_probs=[0.25388974614153537, 0.25275860746636614, 0.25372138608467704, 0.23963026030742154]"
2026 05 14 18:21:41.950551,SSVEP_UPDATE,"fbcca_quad=0, fbcca_conf=0.2658, fbcca_ratio=1.6252, fbcca_consec=1, fbcca_scores=[0.12870258081595676, 0.05157578366145666, 0.07919132823898685, 0.006038008520289375], fbcca_probs=[0.26581413136964177, 0.24608340252687644, 0.25297383330650475, 0.23512863279697704], cca_quad=0, cca_conf=0.2617, cca_ratio=1.3912, cca_scores=[0.12273412513229062, 0.08821944128606578, 0.07813089646785482, 0.016032035905810964], cca_probs=[0.2616948540692225, 0.25281663472439075, 0.2502789052965903, 0.23520960590979656]"
2026 05 14 18:21:42.971482,SSVEP_UPDATE,"fbcca_quad=0, fbcca_conf=0.2804, fbcca_ratio=3.7243, fbcca_consec=2, fbcca_scores=[0.1899812617719195, 0.043251478319332015, 0.05101088584226285, 0.00691793585934467], fbcca_probs=[0.2803872079177897, 0.24212200447339366, 0.24400803555535372, 0.23348275205346292], cca_quad=0, cca_conf=0.2729, cca_ratio=1.9734, cca_scores=[0.1810698748067018, 0.09175325694685728, 0.07102598360352133, 0.023707246159500983], cca_probs=[0.272870284931963, 0.24955514620382035, 0.2444357869339049, 0.23313878193031173]"
2026 05 14 18:21:43.977670,SSVEP_UPDATE,"fbcca_quad=1, fbcca_conf=0.2565, fbcca_ratio=1.1833, fbcca_consec=1, fbcca_scores=[0.07269871097087639, 0.08602514058284899, 0.018963704934549228, 0.06270748950883252], fbcca_probs=[0.2530904014245832, 0.2564857666429472, 0.23984952241211877, 0.2505743095203508], cca_quad=1, cca_conf=0.2580, cca_ratio=1.3233, cca_scores=[0.08784882688446823, 0.1162542759408868, 0.04625691118535489, 0.08693243679989239], cca_probs=[0.25080521510761833, 0.25803159830921846, 0.2405877016105438, 0.25057548497261944]"
2026 05 14 18:21:45.000723,SSVEP_UPDATE,"fbcca_quad=0, fbcca_conf=0.2635, fbcca_ratio=1.8496, fbcca_consec=1, fbcca_scores=[0.1273911800178609, 0.0620342276415564, 0.038240091388046175, 0.06887594552440307], fbcca_probs=[0.2635320917538654, 0.24685921602590788, 0.24105474425331033, 0.24855394796691646], cca_quad=0, cca_conf=0.2608, cca_ratio=1.7242, cca_scores=[0.12519802904085978, 0.06524796556880441, 0.07261315696163755, 0.06661090754047691], cca_probs=[0.2608458784165667, 0.24566766450824504, 0.24748373351474712, 0.24600272356044128]"
2026 05 14 18:21:46.015709,SSVEP_UPDATE,"fbcca_quad=0, fbcca_conf=0.2723, fbcca_ratio=3.6878, fbcca_consec=2, fbcca_scores=[0.15240598214280943, 0.03831363232462492, 0.0413272408838376, 0.030664854587887723], fbcca_probs=[0.27229990681534705, 0.24293932180384883, 0.2436725501000193, 0.24108822128078472], cca_quad=0, cca_conf=0.2682, cca_ratio=2.0264, cca_scores=[0.14844705596183513, 0.04937936895930399, 0.07325612392670673, 0.037354694596140194], cca_probs=[0.2682328701441349, 0.2429335221868302, 0.2488037889462976, 0.24002981872273726]"
2026 05 14 18:21:47.040266,SSVEP_UPDATE,"fbcca_quad=0, fbcca_conf=0.2654, fbcca_ratio=2.4146, fbcca_consec=3, fbcca_scores=[0.11767971256270884, 0.029382229931081992, 0.04873604253629385, 0.032530763237705526], fbcca_probs=[0.265446093648175, 0.24301284458761924, 0.24776187735131025, 0.2437791844128955], cca_quad=0, cca_conf=0.2690, cca_ratio=1.7230, cca_scores=[0.15250746801905274, 0.03461365424032994, 0.08851226197239423, 0.03724147805116438], cca_probs=[0.2689669435360272, 0.23905524402963843, 0.2522935472258876, 0.23968426520844674]"
2026 05 14 18:21:48.065580,SSVEP_UPDATE,"fbcca_quad=0, fbcca_conf=0.2842, fbcca_ratio=4.5885, fbcca_consec=4, fbcca_scores=[0.19911972295345076, 0.012678062173549555, 0.04339542917967949, 0.016608232252282487], fbcca_probs=[0.2841815603719678, 0.23584425959220418, 0.24320118854963402, 0.2367729914861941], cca_quad=0, cca_conf=0.2855, cca_ratio=2.8258, cca_scores=[0.2505977313687731, 0.05855837674306349, 0.08868083459091225, 0.06002401069064712], cca_probs=[0.28552901019554805, 0.23563977957020987, 0.24284581579311673, 0.23598539444112546]"
2026 05 14 18:21:49.074162,SSVEP_UPDATE,"fbcca_quad=0, fbcca_conf=0.2903, fbcca_ratio=2.3828, fbcca_consec=5, fbcca_scores=[0.2608276422813498, 0.04689428961138106, 0.10946331674695836, 0.009692497884961295], fbcca_probs=[0.29028807128563905, 0.2343792257728932, 0.24951260966702013, 0.22582009327444766], cca_quad=0, cca_conf=0.2785, cca_ratio=1.6520, cca_scores=[0.23196971705512226, 0.0867405067874442, 0.14041486297127242, 0.025156546225743166], cca_probs=[0.27851220955280626, 0.2408640553244502, 0.2541455272114887, 0.2264782079112548]"
2026 05 14 18:21:50.104092,SSVEP_UPDATE,"fbcca_quad=0, fbcca_conf=0.2768, fbcca_ratio=1.8708, fbcca_consec=6, fbcca_scores=[0.20490752225187667, 0.052822808592434364, 0.10953196670563327, 0.036026190417446396], fbcca_probs=[0.2768123087333461, 0.23775838693066884, 0.25163110228620345, 0.2337982020497816], cca_quad=0, cca_conf=0.2824, cca_ratio=2.1982, cca_scores=[0.2416619806127043, 0.06972286949535025, 0.10993392230819317, 0.046954947144360645], cca_probs=[0.2823514365877551, 0.23774850492119942, 0.24750343625460536, 0.23239662223644014]"
2026 05 14 18:21:51.116738,SSVEP_UPDATE,"fbcca_quad=0, fbcca_conf=0.2663, fbcca_ratio=1.3203, fbcca_consec=7, fbcca_scores=[0.1728620315734884, 0.066282619062896, 0.13092803274093387, 0.064985260112198], fbcca_probs=[0.2662708144928981, 0.23935180999979871, 0.25533588937632246, 0.23904148613098064], cca_quad=0, cca_conf=0.2693, cca_ratio=1.3425, cca_scores=[0.20855820617790213, 0.08521722435037998, 0.15534960937805628, 0.0824297176635173], cca_probs=[0.2692771487174892, 0.23803081974560958, 0.2553238003789159, 0.23736823115798536]"
2026 05 14 18:21:52.142520,SSVEP_UPDATE,"fbcca_quad=0, fbcca_conf=0.2823, fbcca_ratio=1.6597, fbcca_consec=8, fbcca_scores=[0.240198890446579, 0.047058841533417405, 0.14472107133809284, 0.02832658163139861], fbcca_probs=[0.28229663817560074, 0.2327158956452761, 0.256590289209155, 0.2283971769699681], cca_quad=0, cca_conf=0.2725, cca_ratio=1.2448, cca_scores=[0.221512760955429, 0.08242152924355337, 0.17795379077858786, 0.049555010925862446], cca_probs=[0.27251375946089607, 0.23712747709087134, 0.2608981590813554, 0.22946060436687732]"
2026 05 14 18:21:53.157486,SSVEP_UPDATE,"fbcca_quad=0, fbcca_conf=0.2768, fbcca_ratio=1.2207, fbcca_consec=9, fbcca_scores=[0.2142744720023069, 0.019839949383228677, 0.17553890180882828, 0.02529017017909891], fbcca_probs=[0.2767702844398869, 0.2278649984349583, 0.2662544136259339, 0.22911030349922099], cca_quad=0, cca_conf=0.2721, cca_ratio=1.3135, cca_scores=[0.1900116410994966, 0.04291497087341822, 0.14466007335107045, 0.03441471478441972], cca_probs=[0.27212542408936335, 0.23490153063650807, 0.2600597754689156, 0.23291326980521287]"
2026 05 14 18:21:53.157486,PHASE_TIMEOUT,
2026 05 14 18:21:56.172779,PHASE_SSVEP,
2026 05 14 18:21:56.303038,SSVEP_UPDATE,"fbcca_quad=0, fbcca_conf=0.2548, fbcca_ratio=1.1586, fbcca_consec=1, fbcca_scores=[0.06164066895852533, 0.024138234386321997, 0.05320133391351188, 0.03129201988863773], fbcca_probs=[0.2547838537065908, 0.24540578815674907, 0.252642695086775, 0.24716766304988516], cca_quad=0, cca_conf=0.2558, cca_ratio=1.4390, cca_scores=[0.08405385623089856, 0.04982153458576146, 0.058412586499849935, 0.05195686600764194], cca_probs=[0.25579082927166696, 0.24718269416027874, 0.2493154015005819, 0.24771107506747228]"
2026 05 14 18:21:57.311747,SSVEP_UPDATE,"fbcca_quad=2, fbcca_conf=0.2511, fbcca_ratio=1.1528, fbcca_consec=1, fbcca_scores=[0.03125922092342038, 0.03231002959356865, 0.037246859157431506, 0.030724852847505507], fbcca_probs=[0.2495929927247318, 0.24985540505392423, 0.25109194839469823, 0.24945965382664573], cca_quad=2, cca_conf=0.2600, cca_ratio=1.7527, cca_scores=[0.052119141129577315, 0.037446081447410906, 0.09134685568418213, 0.026822140758043716], cca_probs=[0.24997115119283003, 0.2463300876698606, 0.25997181740119785, 0.24372694373611156]"
2026 05 14 18:21:58.335720,SSVEP_UPDATE,"fbcca_quad=2, fbcca_conf=0.2558, fbcca_ratio=1.5116, fbcca_consec=2, fbcca_scores=[0.02884508850924397, 0.02894731673548541, 0.06440043302901573, 0.042605381448344005], fbcca_probs=[0.24690427535648138, 0.24692951723279666, 0.25584097418466767, 0.2503252332260543], cca_quad=2, cca_conf=0.2602, cca_ratio=1.6530, cca_scores=[0.06049858633648976, 0.03601005506984916, 0.10000229869714816, 0.04224458320224041], cca_probs=[0.2501241345425652, 0.2440733516254902, 0.26020272667102623, 0.24559978716091824]"
2026 05 14 18:21:59.361993,SSVEP_UPDATE,"fbcca_quad=2, fbcca_conf=0.2560, fbcca_ratio=1.4325, fbcca_consec=3, fbcca_scores=[0.05383373554263648, 0.045230086991294265, 0.07711622500324275, 0.03748967120689158], fbcca_probs=[0.25007641869616865, 0.24793407826594582, 0.25596712938573807, 0.24602237365214744], cca_quad=2, cca_conf=0.2523, cca_ratio=1.0438, cca_scores=[0.07696739860945931, 0.07354253465588173, 0.08033814724602249, 0.05315073608921428], cca_probs=[0.25148235354571696, 0.2506225339211683, 0.2523314676171346, 0.24556364491598015]"
2026 05 14 18:22:00.369317,SSVEP_UPDATE,"fbcca_quad=0, fbcca_conf=0.2653, fbcca_ratio=1.3767, fbcca_consec=1, fbcca_scores=[0.13000793909878897, 0.09443681568946265, 0.043099600909603186, 0.011342746462804667], fbcca_probs=[0.2652575961942401, 0.2559879291325182, 0.2431778519746842, 0.23557662269855745], cca_quad=1, cca_conf=0.2660, cca_ratio=1.1057, cca_scores=[0.15565196515331922, 0.17210120929237144, 0.07534231451173769, 0.02983102499791475], cca_probs=[0.2616986802765692, 0.26603902559292913, 0.24150353628685575, 0.23075875784364602]"
2026 05 14 18:22:01.390496,SSVEP_UPDATE,"fbcca_quad=0, fbcca_conf=0.2676, fbcca_ratio=2.2686, fbcca_consec=2, fbcca_scores=[0.14240382803617502, 0.05194248560928497, 0.06277199439036153, 0.036400072898629274], fbcca_probs=[0.26763821571144064, 0.24449009203437364, 0.24715218821279974, 0.24071950404138592], cca_quad=0, cca_conf=0.2697, cca_ratio=1.7394, cca_scores=[0.19297116237756115, 0.10421745274764166, 0.110943417496193, 0.054968639517869254], cca_probs=[0.2697298038023564, 0.24682189944128485, 0.24848761031286803, 0.23496068644349077]"
2026 05 14 18:22:02.413149,SSVEP_UPDATE,"fbcca_quad=0, fbcca_conf=0.2697, fbcca_ratio=1.8499, fbcca_consec=3, fbcca_scores=[0.14798563380101185, 0.01909185348291272, 0.07999540233838494, 0.03660547530355316], fbcca_probs=[0.2696918519625666, 0.2370772975326201, 0.25196489865097066, 0.2412659518538427], cca_quad=0, cca_conf=0.2732, cca_ratio=1.3746, cca_scores=[0.21935690578174116, 0.05643670300332576, 0.15958283953510752, 0.07814358588430317], cca_probs=[0.27322849408840794, 0.23215104527059746, 0.2573750484393164, 0.23724541220167825]"
2026 05 14 18:22:03.422723,SSVEP_UPDATE,"fbcca_quad=0, fbcca_conf=0.2692, fbcca_ratio=1.7587, fbcca_consec=4, fbcca_scores=[0.1527501169562023, 0.04928165992463409, 0.08685232870326894, 0.021627287159779796], fbcca_probs=[0.2691760296962375, 0.24271722777505497, 0.2520097463662207, 0.23609699616248692], cca_quad=0, cca_conf=0.2708, cca_ratio=1.5694, cca_scores=[0.20602389613448904, 0.11426872977659172, 0.1312738386423819, 0.04652448192969348], cca_probs=[0.27079177456674686, 0.24705105104144523, 0.2512881047362627, 0.2308690696555452]"
2026 05 14 18:22:04.455070,SSVEP_UPDATE,"fbcca_quad=0, fbcca_conf=0.2926, fbcca_ratio=3.8371, fbcca_consec=5, fbcca_scores=[0.2584801747332928, 0.02251813777128188, 0.06736381791426675, 0.03719991061673888], fbcca_probs=[0.2926253315479082, 0.23111860535757087, 0.2417191951972533, 0.23453686789726755], cca_quad=0, cca_conf=0.2881, cca_ratio=2.1539, cca_scores=[0.27452493890564805, 0.04228938907595163, 0.1274523742392565, 0.0693294930115435], cca_probs=[0.28814467785100856, 0.22842939241137625, 0.2487355149487887, 0.23469041478882646]"
2026 05 14 18:22:05.467217,SSVEP_UPDATE,"fbcca_quad=0, fbcca_conf=0.2825, fbcca_ratio=5.2184, fbcca_consec=6, fbcca_scores=[0.19648489888956788, 0.028976886470202485, 0.03765239290009141, 0.02393069568786612], fbcca_probs=[0.2824522241400317, 0.23888957258776053, 0.24097107660627906, 0.23768712666592873], cca_quad=0, cca_conf=0.2830, cca_ratio=2.3841, cca_scores=[0.2473013421213901, 0.067574375382141, 0.10373129762057703, 0.06325211133303511], cca_probs=[0.28299324354996197, 0.23644037364194964, 0.24514576148591213, 0.2354206213221763]"
2026 05 14 18:22:06.495348,SSVEP_UPDATE,"fbcca_quad=0, fbcca_conf=0.2696, fbcca_ratio=3.1541, fbcca_consec=7, fbcca_scores=[0.13097331109369742, 0.03165135842997852, 0.04152436757717822, 0.013053421198308502], fbcca_probs=[0.26963965239532567, 0.24414553299175912, 0.24656792253217924, 0.23964689208073592], cca_quad=0, cca_conf=0.2726, cca_ratio=1.9408, cca_scores=[0.20020265837745949, 0.09596191943564285, 0.10315732481939531, 0.049578526122449444], cca_probs=[0.2725765495725281, 0.2455937508615549, 0.24736727040292564, 0.2344624291629914]"
2026 05 14 18:22:07.506102,SSVEP_UPDATE,"fbcca_quad=0, fbcca_conf=0.2655, fbcca_ratio=1.3139, fbcca_consec=8, fbcca_scores=[0.13388382518877592, 0.037850458579998025, 0.10190058064974003, 0.01723784791610969], fbcca_probs=[0.2654733324288391, 0.24116492274756793, 0.25711697790122395, 0.23624476692236904], cca_quad=0, cca_conf=0.2662, cca_ratio=1.3412, cca_scores=[0.179313385606229, 0.10390304101338803, 0.13369711024763162, 0.04401067376683826], cca_probs=[0.2662248864795899, 0.2468870747652281, 0.2543535209573904, 0.23253451779779163]"
2026 05 14 18:22:08.526637,SSVEP_UPDATE,"fbcca_quad=1, fbcca_conf=0.2563, fbcca_ratio=1.0085, fbcca_consec=1, fbcca_scores=[0.09074557040836621, 0.09151297126424073, 0.0641018100535936, 0.018224038671626457], fbcca_probs=[0.25611333112519635, 0.2563099481470891, 0.2493796130377391, 0.23819710768997557], cca_quad=1, cca_conf=0.2629, cca_ratio=1.2209, cca_scores=[0.12948514748704634, 0.15809017636209832, 0.09296257025202655, 0.04635384318423486], cca_probs=[0.25553327166171214, 0.2629483570339202, 0.24636890974087966, 0.23514946156348795]"
2026 05 14 18:22:09.537413,SSVEP_UPDATE,"fbcca_quad=1, fbcca_conf=0.2617, fbcca_ratio=2.3884, fbcca_consec=2, fbcca_scores=[0.041739562311058846, 0.09969078295688176, 0.037246032407695646, 0.03609997398337885], fbcca_probs=[0.24694064372486316, 0.2616739386085368, 0.2458334979172659, 0.24555191974933419], cca_quad=1, cca_conf=0.2630, cca_ratio=1.4921, cca_scores=[0.08019424935729189, 0.11965891237966485, 0.030615095309362662, 0.04305880571420842], cca_probs=[0.25281706541025395, 0.2629938975285887, 0.2405882609274191, 0.24360077613373826]"
2026 05 14 18:22:10.559970,SSVEP_UPDATE,"fbcca_quad=2, fbcca_conf=0.2567, fbcca_ratio=1.0476, fbcca_consec=1, fbcca_scores=[0.0520747822878681, 0.0826632486081402, 0.0865958541959777, 0.01711293155321423], fbcca_probs=[0.24802650306307994, 0.2557304791259159, 0.25673814631725733, 0.23950487149374677], cca_quad=1, cca_conf=0.2589, cca_ratio=1.3131, cca_scores=[0.07763421319950949, 0.10194349602403104, 0.06100022627997194, 0.026108137377381758], cca_probs=[0.25265989985997295, 0.2588771430194992, 0.24849191955811767, 0.23997103756241017]"
2026 05 14 18:22:11.586901,SSVEP_UPDATE,"fbcca_quad=1, fbcca_conf=0.2569, fbcca_ratio=1.2303, fbcca_consec=1, fbcca_scores=[0.06908288369372202, 0.10563763296012312, 0.08586497125836845, 0.052401069617662895], fbcca_probs=[0.24767118838088878, 0.25689225671178845, 0.2518627007414722, 0.24357385416585062], cca_quad=1, cca_conf=0.2566, cca_ratio=1.0681, cca_scores=[0.07554035806506869, 0.10483658280743983, 0.09815338384694425, 0.035827780318713955], cca_probs=[0.24914879248275967, 0.25655588161030496, 0.2548469844196562, 0.23944834148727911]"
2026 05 14 18:22:12.609845,SSVEP_UPDATE,"fbcca_quad=0, fbcca_conf=0.2566, fbcca_ratio=1.1056, fbcca_consec=1, fbcca_scores=[0.08613846775894345, 0.035798540136335315, 0.07791299786783705, 0.03969162115555106], fbcca_probs=[0.2565859390075408, 0.24398914234985086, 0.2544840554326019, 0.24494086321000647], cca_quad=0, cca_conf=0.2581, cca_ratio=1.0789, cca_scores=[0.11612222474081921, 0.052986064558141636, 0.1076254270122788, 0.05938907686532392], cca_probs=[0.2580511305241489, 0.2422624361403658, 0.25586781101208367, 0.2438186223234017]"
2026 05 14 18:22:13.622882,SSVEP_UPDATE,"fbcca_quad=0, fbcca_conf=0.2589, fbcca_ratio=1.2146, fbcca_consec=2, fbcca_scores=[0.07847574238516285, 0.016191054580429968, 0.06461121189619595, 0.013078008167295868], fbcca_probs=[0.2588969064409578, 0.24326350779416228, 0.2553321910429311, 0.2425073947219488], cca_quad=0, cca_conf=0.2698, cca_ratio=1.4596, cca_scores=[0.1725308367971667, 0.0428511429396688, 0.11820469553773204, 0.04544533759075058], cca_probs=[0.2698211806774125, 0.2370046478063517, 0.25555388932781326, 0.23762028218842263]"
2026 05 14 18:22:14.641688,SSVEP_UPDATE,"fbcca_quad=2, fbcca_conf=0.2545, fbcca_ratio=1.0826, fbcca_consec=1, fbcca_scores=[0.06910945709716013, 0.04501557915437591, 0.0748203112796848, 0.03786906045939593], fbcca_probs=[0.25308998851527087, 0.24706494403283827, 0.2545394835225847, 0.24530558392930615], cca_quad=0, cca_conf=0.2623, cca_ratio=1.5842, cca_scores=[0.14893852724850645, 0.09401235914660867, 0.08890428578782648, 0.07035217596485907], cca_probs=[0.2622806660235943, 0.24826308404476077, 0.2469981713829014, 0.24245807854874357]"
2026 05 14 18:22:15.650504,SSVEP_UPDATE,"fbcca_quad=0, fbcca_conf=0.2547, fbcca_ratio=1.1080, fbcca_consec=1, fbcca_scores=[0.09016092129535677, 0.08137274103056054, 0.054674148248275906, 0.05972868265144729], fbcca_probs=[0.25468544929347375, 0.2524570338546369, 0.24580596843318314, 0.24705154841870622], cca_quad=0, cca_conf=0.2661, cca_ratio=1.4506, cca_scores=[0.19009855011669155, 0.13104776367983814, 0.07626695660204372, 0.1100824479809501], cca_probs=[0.26608705055156495, 0.2508293246888656, 0.2374582739581958, 0.24562535080137365]"
2026 05 14 18:22:16.682058,SSVEP_UPDATE,"fbcca_quad=1, fbcca_conf=0.2735, fbcca_ratio=1.9135, fbcca_consec=1, fbcca_scores=[0.09318838239811686, 0.1783173455709264, 0.0627392923046513, 0.011874790238402334], fbcca_probs=[0.2512075649290102, 0.27352923614560604, 0.24367380331187227, 0.2315893956135116], cca_quad=1, cca_conf=0.2684, cca_ratio=1.1575, cca_scores=[0.1722749483743573, 0.199414531465076, 0.09884796362794405, 0.03539926979466885], cca_probs=[0.26117885711907585, 0.26836420505767733, 0.2426884359766496, 0.22776850184659722]"
2026 05 14 18:22:17.690994,SSVEP_UPDATE,"fbcca_quad=0, fbcca_conf=0.2692, fbcca_ratio=1.2206, fbcca_consec=1, fbcca_scores=[0.17282957431803989, 0.14158895631574064, 0.06498856079046662, 0.008360590683406015], fbcca_probs=[0.2691531598737853, 0.26087463522774407, 0.24163771804381945, 0.22833448685465121], cca_quad=1, cca_conf=0.2696, cca_ratio=1.0178, cca_scores=[0.22526610336314556, 0.2292754586391683, 0.11640179745514387, 0.031033029255858893], cca_probs=[0.2685042767441677, 0.2695829667635383, 0.24080862627585645, 0.2211041302164375]"
2026 05 14 18:22:18.719721,SSVEP_UPDATE,"fbcca_quad=0, fbcca_conf=0.2821, fbcca_ratio=2.2345, fbcca_consec=2, fbcca_scores=[0.22186576794989385, 0.09928972152223896, 0.034807526714741695, 0.03635897134448075], fbcca_probs=[0.2821099483828482, 0.24956535790202838, 0.2339807019362367, 0.23434399177888668], cca_quad=0, cca_conf=0.2726, cca_ratio=1.3715, cca_scores=[0.22845898745269327, 0.1665744035905488, 0.08707985245934376, 0.07756252988489519], cca_probs=[0.2726215795133195, 0.25626193221026805, 0.23667917757436016, 0.23443731070205237]"
2026 05 14 18:22:19.734726,SSVEP_UPDATE,"fbcca_quad=0, fbcca_conf=0.2995, fbcca_ratio=2.8516, fbcca_consec=3, fbcca_scores=[0.3122948977918529, 0.04688920204281025, 0.10951559781299039, 0.03234265051358668], fbcca_probs=[0.2994753484280669, 0.22966607573166611, 0.24450916798932854, 0.22634940785093843], cca_quad=0, cca_conf=0.2815, cca_ratio=2.0955, cca_scores=[0.2690308756335643, 0.11439501085391357, 0.1283829339675879, 0.07879947615120823], cca_probs=[0.2815085473896719, 0.24117599726342676, 0.2445732534565791, 0.23274220189032213]"
2026 05 14 18:22:20.750422,SSVEP_UPDATE,"fbcca_quad=0, fbcca_conf=0.3015, fbcca_ratio=2.6405, fbcca_consec=4, fbcca_scores=[0.312195105916853, 0.027534293078416466, 0.11823373222824858, 0.011971208312408804], fbcca_probs=[0.3015125561842806, 0.22681866103864629, 0.24835279290445295, 0.22331598987262027], cca_quad=0, cca_conf=0.2869, cca_ratio=2.3088, cca_scores=[0.2642217157672958, 0.07364197310161384, 0.11443908486641534, 0.038383705767205276], cca_probs=[0.2869257458972455, 0.23713834725667904, 0.2470129652860284, 0.22892294156004708]"
2026 05 14 18:22:20.750422,SSVEP_CONFIRMED,"fbcca_quad=0, fbcca_conf=0.3015, fbcca_ratio=2.6405, fbcca_consec=4, fbcca_scores=[0.312195105916853, 0.027534293078416466, 0.11823373222824858, 0.011971208312408804], fbcca_probs=[0.3015125561842806, 0.22681866103864629, 0.24835279290445295, 0.22331598987262027], cca_quad=0, cca_conf=0.2869, cca_ratio=2.3088, cca_scores=[0.2642217157672958, 0.07364197310161384, 0.11443908486641534, 0.038383705767205276], cca_probs=[0.2869257458972455, 0.23713834725667904, 0.2470129652860284, 0.22892294156004708]"
2026 05 14 18:22:20.750422,SELECTION,"quad=0, result=navigate, output='Make LIST01'"
2026 05 14 18:22:23.752067,PHASE_SSVEP,
2026 05 14 18:22:23.784462,SSVEP_UPDATE,"fbcca_quad=2, fbcca_conf=0.2537, fbcca_ratio=1.1255, fbcca_consec=1, fbcca_scores=[0.07541202758308024, 0.08396680581797542, 0.09450508849597818, 0.06444653664894777], fbcca_probs=[0.24894432762803445, 0.2510831265752214, 0.2537431027119564, 0.24622944308478778], cca_quad=0, cca_conf=0.2576, cca_ratio=1.1587, cca_scores=[0.13288370682880468, 0.0869407517819584, 0.11467961757976926, 0.07596065348698303], cca_probs=[0.25761750462440974, 0.24604956259661295, 0.2529702405202935, 0.2433626922586839]"
2026 05 14 18:22:24.812277,SSVEP_UPDATE,"fbcca_quad=0, fbcca_conf=0.2582, fbcca_ratio=1.4200, fbcca_consec=1, fbcca_scores=[0.08248653485823715, 0.005467631854185736, 0.05319576398509647, 0.058087854087094035], fbcca_probs=[0.2582042490333362, 0.23906417526426527, 0.25075093703608037, 0.25198063866631815], cca_quad=0, cca_conf=0.2576, cca_ratio=1.0300, cca_scores=[0.1047593407533847, 0.02646342633953696, 0.06416100811865998, 0.10171260854444075], cca_probs=[0.2576082403788243, 0.23820795873599693, 0.24735922940875743, 0.2568245714764213]"
2026 05 14 18:22:25.842755,SSVEP_UPDATE,"fbcca_quad=0, fbcca_conf=0.2598, fbcca_ratio=1.0242, fbcca_consec=2, fbcca_scores=[0.10431021289434088, 0.04201895281404535, 0.10184273695748457, 0.012525737286988789], fbcca_probs=[0.25977760741311257, 0.24408942371961131, 0.25913740258770784, 0.23699556627956833], cca_quad=0, cca_conf=0.2664, cca_ratio=1.5684, cca_scores=[0.1666633773433141, 0.10626604869131424, 0.10059095707756238, 0.03401974142669242], cca_probs=[0.2664371313053435, 0.2508213623782816, 0.2494019595980233, 0.23333954671835153]"
2026 05 14 18:22:26.849298,SSVEP_UPDATE,"fbcca_quad=2, fbcca_conf=0.2672, fbcca_ratio=1.4798, fbcca_consec=1, fbcca_scores=[0.11112335330748595, 0.12457193534167663, 0.1843388124493283, 0.046429828204645945], fbcca_probs=[0.24833266629994827, 0.2516949468108492, 0.2671965962000832, 0.23277579068911938], cca_quad=1, cca_conf=0.2634, cca_ratio=1.1544, cca_scores=[0.17626434701693103, 0.20348344640243168, 0.13078503753412946, 0.09075497544225551], cca_probs=[0.25633290726267727, 0.2634058814553207, 0.24493618547767726, 0.23532502580432482]"
2026 05 14 18:22:27.866658,SSVEP_UPDATE,"fbcca_quad=0, fbcca_conf=0.2563, fbcca_ratio=1.0051, fbcca_consec=1, fbcca_scores=[0.15628833090839248, 0.15548906350744138, 0.14469319119620583, 0.06719395630784335], fbcca_probs=[0.25625045361799814, 0.25604572281217086, 0.25329635350622864, 0.23440747006360246], cca_quad=1, cca_conf=0.2668, cca_ratio=1.1284, cca_scores=[0.2213217912457242, 0.24974559574298977, 0.14576203581690736, 0.11612867617869209], cca_probs=[0.25932220467361483, 0.26679888277085584, 0.24044985545771314, 0.23342905709781622]"
2026 05 14 18:22:28.892949,SSVEP_UPDATE,"fbcca_quad=1, fbcca_conf=0.2528, fbcca_ratio=1.0222, fbcca_consec=1, fbcca_scores=[0.09360472718342279, 0.11924981908236713, 0.10287694318837332, 0.11666347966994838], fbcca_probs=[0.2463892424438513, 0.2527896357713325, 0.2486844410658606, 0.2521366807189556], cca_quad=1, cca_conf=0.2579, cca_ratio=1.1434, cca_scores=[0.15447300790363253, 0.17662293519217365, 0.10519298567742563, 0.14400891349317485], cca_probs=[0.25227666718143194, 0.2579269223785296, 0.24014582636838577, 0.24965058407165266]"
2026 05 14 18:22:29.904210,SSVEP_UPDATE,"fbcca_quad=0, fbcca_conf=0.2998, fbcca_ratio=3.8987, fbcca_consec=1, fbcca_scores=[0.3341029140170333, 0.08439576144073328, 0.08569510641423773, 0.08043236452239844], fbcca_probs=[0.299848451742441, 0.23359060541141433, 0.23389431746104636, 0.23266662538509839], cca_quad=0, cca_conf=0.2687, cca_ratio=1.5182, cca_scores=[0.23552049219026894, 0.15513315773628314, 0.13852862732960897, 0.12065456270181336], cca_probs=[0.26868662347245326, 0.24793296260331554, 0.2438501426469136, 0.23953027127731755]"
2026 05 14 18:22:30.924563,SSVEP_UPDATE,"fbcca_quad=0, fbcca_conf=0.3169, fbcca_ratio=4.2052, fbcca_consec=2, fbcca_scores=[0.38629917779174505, 0.021472523384533555, 0.09186156106798338, 0.05216293687450193], fbcca_probs=[0.3169347443095647, 0.22005317998953425, 0.23610067004287744, 0.22691140565802365], cca_quad=0, cca_conf=0.2784, cca_ratio=1.6034, cca_scores=[0.2464883616462238, 0.05550548756538508, 0.15372580792463925, 0.08973559616989475], cca_probs=[0.2783598576739891, 0.2299660880045196, 0.2536999260078343, 0.23797412831365708]"
2026 05 14 18:22:31.936256,SSVEP_UPDATE,"fbcca_quad=0, fbcca_conf=0.2968, fbcca_ratio=4.5146, fbcca_consec=3, fbcca_scores=[0.27170003977733304, 0.06018193407948211, 0.030139710064316764, 0.016239316769718164], fbcca_probs=[0.29679617980067896, 0.24021336139455676, 0.23310414086344253, 0.22988631794132172], cca_quad=0, cca_conf=0.2773, cca_ratio=1.8513, cca_scores=[0.2131089000859444, 0.11511246232111527, 0.05585047306592132, 0.04501090455212182], cca_probs=[0.27728433950984926, 0.25140043799062195, 0.23693481215573303, 0.23438041034379578]"
2026 05 14 18:22:32.967604,SSVEP_UPDATE,"fbcca_quad=0, fbcca_conf=0.3020, fbcca_ratio=5.6859, fbcca_consec=4, fbcca_scores=[0.2875771454440601, 0.022731895283443392, 0.05057729267136967, 0.0068505663796614505], fbcca_probs=[0.30197331474964323, 0.23171157836507847, 0.23825434962881237, 0.22806075725646596], cca_quad=0, cca_conf=0.2827, cca_ratio=2.5722, cca_scores=[0.22492361332307967, 0.06024788214992268, 0.08744402388446018, 0.023192766412971723], cca_probs=[0.28272261884065536, 0.2397964744337153, 0.24640750310492632, 0.2310734036207031]"
2026 05 14 18:22:32.967604,SSVEP_CONFIRMED,"fbcca_quad=0, fbcca_conf=0.3020, fbcca_ratio=5.6859, fbcca_consec=4, fbcca_scores=[0.2875771454440601, 0.022731895283443392, 0.05057729267136967, 0.0068505663796614505], fbcca_probs=[0.30197331474964323, 0.23171157836507847, 0.23825434962881237, 0.22806075725646596], cca_quad=0, cca_conf=0.2827, cca_ratio=2.5722, cca_scores=[0.22492361332307967, 0.06024788214992268, 0.08744402388446018, 0.023192766412971723], cca_probs=[0.28272261884065536, 0.2397964744337153, 0.24640750310492632, 0.2310734036207031]"
2026 05 14 18:22:32.967604,SELECTION,"quad=0, result=navigate, output='Make LIST01'"
2026 05 14 18:22:35.974615,PHASE_SSVEP,
2026 05 14 18:22:36.091915,SSVEP_UPDATE,"fbcca_quad=3, fbcca_conf=0.2541, fbcca_ratio=1.0446, fbcca_consec=1, fbcca_scores=[0.07421811036745112, 0.03424691523043152, 0.08141205956635038, 0.08504465710506595], fbcca_probs=[0.25132433039659596, 0.24147671805067691, 0.2531388638671116, 0.25406008768561555], cca_quad=0, cca_conf=0.2535, cca_ratio=1.0112, cca_scores=[0.11187988560102781, 0.07828317230856151, 0.09121714993423267, 0.11064441090291786], cca_probs=[0.25346769452127454, 0.24509347388220526, 0.24828409663199966, 0.25315473496452057]"
2026 05 14 18:22:37.108428,SSVEP_UPDATE,"fbcca_quad=0, fbcca_conf=0.2535, fbcca_ratio=1.0830, fbcca_consec=1, fbcca_scores=[0.07737740141468245, 0.07144590404538048, 0.035966102071431236, 0.0682190549698536], fbcca_probs=[0.25352372905198656, 0.252024404735029, 0.24323939549659063, 0.2512124707163938], cca_quad=0, cca_conf=0.2563, cca_ratio=1.1274, cca_scores=[0.1184594425326834, 0.10507039314370711, 0.06068537210225934, 0.08857562248682727], cca_probs=[0.25633653391806877, 0.2529273054990071, 0.24194661347764296, 0.24878954710528117]"
2026 05 14 18:22:38.135025,SSVEP_UPDATE,"fbcca_quad=1, fbcca_conf=0.2760, fbcca_ratio=2.3896, fbcca_consec=1, fbcca_scores=[0.07704660951097235, 0.18411196175157354, 0.023700970764886913, 0.04789513993522639], fbcca_probs=[0.24799566202014953, 0.2760209052196927, 0.23511285088562564, 0.24087058187453222], cca_quad=1, cca_conf=0.2728, cca_ratio=1.9557, cca_scores=[0.09538477836388125, 0.18654213710982767, 0.04346543097549622, 0.06640396968489866], cca_probs=[0.2489865058948507, 0.2727501188741855, 0.23638914213318293, 0.24187423309778086]"
2026 05 14 18:22:39.158253,SSVEP_UPDATE,"fbcca_quad=1, fbcca_conf=0.2770, fbcca_ratio=3.4580, fbcca_consec=2, fbcca_scores=[0.04969266087038692, 0.18847411897891334, 0.042985626159854344, 0.054503322007950536], fbcca_probs=[0.24113755267651943, 0.2770364225165044, 0.23952564633911996, 0.24230037846785632], cca_quad=1, cca_conf=0.2759, cca_ratio=2.2686, cca_scores=[0.07818660673030675, 0.20187477347669205, 0.03606890735867603, 0.088986637767411], cca_probs=[0.24382641177395054, 0.2759293105451425, 0.23377026172326357, 0.24647401595764332]"
2026 05 14 18:22:40.176160,SSVEP_UPDATE,"fbcca_quad=1, fbcca_conf=0.2870, fbcca_ratio=2.4818, fbcca_consec=3, fbcca_scores=[0.03861625566799141, 0.2660734251590673, 0.08519066210650365, 0.10721123920145215], fbcca_probs=[0.2286193970103401, 0.2870096298169665, 0.23951906224320568, 0.2448519109294877], cca_quad=1, cca_conf=0.2800, cca_ratio=1.9188, cca_scores=[0.0695487764036136, 0.24560178229406054, 0.07612393001019077, 0.12799922242204598], cca_probs=[0.23478088488776233, 0.2799765025943664, 0.2363296915106003, 0.24891292100727097]"
2026 05 14 18:22:41.193982,SSVEP_UPDATE,"fbcca_quad=1, fbcca_conf=0.2912, fbcca_ratio=1.6276, fbcca_consec=4, fbcca_scores=[0.0740420867383752, 0.33996946115382265, 0.1042213237738214, 0.20887948691194602], fbcca_probs=[0.22323270993191327, 0.29123839076739966, 0.23007239187410555, 0.2554565074265815], cca_quad=1, cca_conf=0.2761, cca_ratio=1.4646, cca_scores=[0.10510149611161888, 0.2710029568850778, 0.11635175501997204, 0.1850338081631035], cca_probs=[0.23391898770218747, 0.2761312537627123, 0.23656549591509893, 0.25338426262000135]"
2026 05 14 18:22:42.196137,SSVEP_UPDATE,"fbcca_quad=1, fbcca_conf=0.2774, fbcca_ratio=2.3908, fbcca_consec=5, fbcca_scores=[0.06496013429454686, 0.22166384752257817, 0.08345595770197373, 0.0927147060179074], fbcca_probs=[0.23716575952881255, 0.2774006960822747, 0.2415931534683398, 0.24384039092057302], cca_quad=1, cca_conf=0.2794, cca_ratio=1.9425, cca_scores=[0.10597214506607583, 0.26178782675694484, 0.09067776740331222, 0.13477163654480576], cca_probs=[0.23908282200684025, 0.2793947647533825, 0.2354540199058511, 0.24606839333392622]"
2026 05 14 18:22:43.220713,SSVEP_UPDATE,"fbcca_quad=1, fbcca_conf=0.2820, fbcca_ratio=1.9458, fbcca_consec=6, fbcca_scores=[0.05750083877245197, 0.24246185215386729, 0.051162843124922766, 0.12460629493452212], fbcca_probs=[0.2343972406381042, 0.2820200870269177, 0.2329163299073985, 0.25066634242757957], cca_quad=1, cca_conf=0.2824, cca_ratio=1.6250, cca_scores=[0.08086659811453133, 0.26863415821075887, 0.059060012231142836, 0.1653147167102665], cca_probs=[0.2340221998181553, 0.28236019467160056, 0.2289742143201286, 0.25464339119011553]"
2026 05 14 18:22:44.243384,SSVEP_UPDATE,"fbcca_quad=1, fbcca_conf=0.3149, fbcca_ratio=1.7217, fbcca_consec=7, fbcca_scores=[0.02667836788623839, 0.4324177326831733, 0.03969558531449741, 0.25115180494571787], fbcca_probs=[0.2098557839382504, 0.31487001927559094, 0.21260537952212843, 0.2626688172640303], cca_quad=1, cca_conf=0.2837, cca_ratio=1.6958, cca_scores=[0.08782119640175703, 0.28600325718159825, 0.08179565496197004, 0.16865238780469885], cca_probs=[0.23270074851730882, 0.28370510832843654, 0.23130281639259706, 0.2522913267616575]"
2026 05 14 18:22:45.271358,SSVEP_UPDATE,"fbcca_quad=1, fbcca_conf=0.2992, fbcca_ratio=2.3452, fbcca_consec=8, fbcca_scores=[0.037850224381178056, 0.3183538044055345, 0.035124163057762406, 0.13574819235299104], fbcca_probs=[0.22604365669703141, 0.29923575227737725, 0.22542828697599296, 0.24929230404959835], cca_quad=1, cca_conf=0.2831, cca_ratio=1.9250, cca_scores=[0.10491659158523986, 0.283953564147214, 0.08997734264707613, 0.14750657292052585], cca_probs=[0.23670058127740995, 0.2831092724460008, 0.23319073488180736, 0.2469994113947818]"
2026 05 14 18:22:46.288202,SSVEP_UPDATE,"fbcca_quad=1, fbcca_conf=0.2870, fbcca_ratio=4.1697, fbcca_consec=9, fbcca_scores=[0.01574129482239055, 0.2303285045017814, 0.05523910465130485, 0.05333280524880185], fbcca_probs=[0.23159162534770936, 0.2870231270992671, 0.24092203980948348, 0.2404632077435402], cca_quad=1, cca_conf=0.2788, cca_ratio=2.4129, cca_scores=[0.05085241601790943, 0.21798395900313433, 0.06817029797811616, 0.09034185531587408], cca_probs=[0.23586808483694316, 0.27877478376164155, 0.23998839503514857, 0.24536873636626677]"
2026 05 14 18:22:47.298560,SSVEP_UPDATE,"fbcca_quad=1, fbcca_conf=0.3069, fbcca_ratio=3.1240, fbcca_consec=10, fbcca_scores=[0.04948055400273846, 0.3608461208309307, 0.06432609129714555, 0.11550607998765738], fbcca_probs=[0.22479495054036472, 0.3069099010485495, 0.2281570466765303, 0.24013810173455552], cca_quad=1, cca_conf=0.2837, cca_ratio=2.3576, cca_scores=[0.09882151760900136, 0.2837817649410465, 0.11415120866370877, 0.12036857365691561], cca_probs=[0.23582684918989266, 0.2837399339789144, 0.2394698536551427, 0.2409633631760502]"
2026 05 14 18:22:47.298560,SSVEP_CONFIRMED,"fbcca_quad=1, fbcca_conf=0.3069, fbcca_ratio=3.1240, fbcca_consec=10, fbcca_scores=[0.04948055400273846, 0.3608461208309307, 0.06432609129714555, 0.11550607998765738], fbcca_probs=[0.22479495054036472, 0.3069099010485495, 0.2281570466765303, 0.24013810173455552], cca_quad=1, cca_conf=0.2837, cca_ratio=2.3576, cca_scores=[0.09882151760900136, 0.2837817649410465, 0.11415120866370877, 0.12036857365691561], cca_probs=[0.23582684918989266, 0.2837399339789144, 0.2394698536551427, 0.2409633631760502]"
2026 05 14 18:22:47.298560,SELECTION,"quad=1, result=char, output='Make LIST011'"
2026 05 14 18:22:50.313997,PHASE_SSVEP,
2026 05 14 18:22:50.444036,SSVEP_UPDATE,"fbcca_quad=3, fbcca_conf=0.2533, fbcca_ratio=1.0062, fbcca_consec=1, fbcca_scores=[0.06352353509629682, 0.027598806169918454, 0.04849451195462834, 0.06391656793126219], fbcca_probs=[0.25315242072067246, 0.24421940738512185, 0.2493762344045412, 0.2532519374896645], cca_quad=0, cca_conf=0.2560, cca_ratio=1.2062, cca_scores=[0.12236875097137236, 0.07450331711578886, 0.10145321902130326, 0.09648350573964101], cca_probs=[0.255950160293994, 0.24398757584250533, 0.25065242217162453, 0.24940984169187616]"
2026 05 14 18:22:51.455395,SSVEP_UPDATE,"fbcca_quad=2, fbcca_conf=0.2598, fbcca_ratio=1.9763, fbcca_consec=1, fbcca_scores=[0.029963699132532048, 0.03448276112771697, 0.08793546646033815, 0.044494336941181795], fbcca_probs=[0.24516707738604362, 0.2462775097745691, 0.25979989341168613, 0.24875551942770113], cca_quad=2, cca_conf=0.2660, cca_ratio=2.1652, cca_scores=[0.0651525308643074, 0.0499338224323863, 0.1410708091002027, 0.05752048087265861], cca_probs=[0.2465381170571326, 0.24281453128711028, 0.2659836638654164, 0.24466368779034062]"
2026 05 14 18:22:52.467555,SSVEP_UPDATE,"fbcca_quad=0, fbcca_conf=0.2541, fbcca_ratio=1.2604, fbcca_consec=1, fbcca_scores=[0.05866852560207136, 0.046546710546918106, 0.022113309535293658, 0.04143309042560628], fbcca_probs=[0.254131642910668, 0.25106970177071597, 0.24500955159022794, 0.2497891037283882], cca_quad=0, cca_conf=0.2532, cca_ratio=1.2373, cca_scores=[0.07717288292412525, 0.06237249658678756, 0.05852437728639252, 0.05982587890684327], cca_probs=[0.25318792127675327, 0.24946823651164107, 0.24851009767450574, 0.24883374453709992]"
2026 05 14 18:22:53.502328,SSVEP_UPDATE,"fbcca_quad=0, fbcca_conf=0.2520, fbcca_ratio=1.0829, fbcca_consec=2, fbcca_scores=[0.06940261532685049, 0.05582742846002325, 0.06408903581099691, 0.056939930728913235], fbcca_probs=[0.2519633166789251, 0.24856597948825743, 0.2506280402511064, 0.2488426635817111], cca_quad=1, cca_conf=0.2521, cca_ratio=1.0533, cca_scores=[0.07529809231082427, 0.08270789234166555, 0.060004167480082714, 0.07852400046002571], cca_probs=[0.2502821386240667, 0.25214356711217223, 0.24648346476917496, 0.25109082949458605]"
2026 05 14 18:22:54.517238,SSVEP_UPDATE,"fbcca_quad=2, fbcca_conf=0.2744, fbcca_ratio=2.8933, fbcca_consec=1, fbcca_scores=[0.013967546049255585, 0.05385408027247988, 0.1558163475975382, 0.020487783367558174], fbcca_probs=[0.23811583972257805, 0.24780541246026952, 0.274405263723262, 0.2396734840938905], cca_quad=2, cca_conf=0.2582, cca_ratio=1.1063, cca_scores=[0.031364559336850124, 0.08512067327675037, 0.09417289676478026, 0.034823355218430344], cca_probs=[0.2425115622844504, 0.2559048006109484, 0.258231824537856, 0.2433518125667452]"
2026 05 14 18:22:55.528216,SSVEP_UPDATE,"fbcca_quad=2, fbcca_conf=0.2702, fbcca_ratio=1.7216, fbcca_consec=2, fbcca_scores=[0.029173783933451953, 0.08790950936629768, 0.15134349739815622, 0.02031878930561047], fbcca_probs=[0.23914148838337587, 0.253608338819951, 0.2702169329676219, 0.2370332398290512], cca_quad=2, cca_conf=0.2624, cca_ratio=1.0604, cca_scores=[0.04559145411380169, 0.13055363509942675, 0.13844523309654336, 0.04112496499635134], cca_probs=[0.2391474504865474, 0.2603540642818231, 0.26241680233867115, 0.23808168289295834]"
2026 05 14 18:22:56.560422,SSVEP_UPDATE,"fbcca_quad=2, fbcca_conf=0.2675, fbcca_ratio=2.4263, fbcca_consec=3, fbcca_scores=[0.012679085337685423, 0.05038289564158663, 0.12224652239365427, 0.029830071165150317], fbcca_probs=[0.23972089738466854, 0.24893184132042034, 0.26747945405337115, 0.2438678072415399], cca_quad=2, cca_conf=0.2631, cca_ratio=1.0743, cca_scores=[0.0544204437147876, 0.13778173392383736, 0.14801795229462503, 0.04257701773360303], cca_probs=[0.23961975938081712, 0.2604509681098767, 0.26313069281952395, 0.23679857968978218]"
2026 05 14 18:22:57.570800,SSVEP_UPDATE,"fbcca_quad=2, fbcca_conf=0.2821, fbcca_ratio=3.6894, fbcca_consec=4, fbcca_scores=[0.017409007218424276, 0.05051218855589242, 0.20574147806612633, 0.05576535613042484], fbcca_probs=[0.23364521702433752, 0.24150905798871444, 0.2820646412889558, 0.24278108369799226], cca_quad=2, cca_conf=0.2614, cca_ratio=1.2873, cca_scores=[0.06439438488946313, 0.12134815879489774, 0.15620912841592144, 0.10203931770738926], cca_probs=[0.2384852702390831, 0.25246214642355036, 0.2614184269324635, 0.24763415640490308]"
2026 05 14 18:22:58.585754,SSVEP_UPDATE,"fbcca_quad=2, fbcca_conf=0.3158, fbcca_ratio=5.2093, fbcca_consec=5, fbcca_scores=[0.025944117228863302, 0.07229198847783602, 0.382857390655896, 0.07349550324884759], fbcca_probs=[0.2209919966331412, 0.23147557439369917, 0.31577810259913286, 0.2317543263740268], cca_quad=2, cca_conf=0.2754, cca_ratio=2.0996, cca_scores=[0.06636333043310437, 0.10441431087142941, 0.2192243146074989, 0.09291447195989654], cca_probs=[0.23635890370309046, 0.2455258921438668, 0.27539664732723684, 0.24271855682580581]"
2026 05 14 18:22:58.585754,SSVEP_CONFIRMED,"fbcca_quad=2, fbcca_conf=0.3158, fbcca_ratio=5.2093, fbcca_consec=5, fbcca_scores=[0.025944117228863302, 0.07229198847783602, 0.382857390655896, 0.07349550324884759], fbcca_probs=[0.2209919966331412, 0.23147557439369917, 0.31577810259913286, 0.2317543263740268], cca_quad=2, cca_conf=0.2754, cca_ratio=2.0996, cca_scores=[0.06636333043310437, 0.10441431087142941, 0.2192243146074989, 0.09291447195989654], cca_probs=[0.23635890370309046, 0.2455258921438668, 0.27539664732723684, 0.24271855682580581]"
2026 05 14 18:22:58.586759,SELECTION,"quad=2, result=history_empty, output='Make LIST011'"
2026 05 14 18:22:58.586759,PHASE_HISTORY_EMPTY,
2026 05 14 18:23:01.593277,PHASE_SSVEP,
2026 05 14 18:23:01.627101,SSVEP_UPDATE,"fbcca_quad=1, fbcca_conf=0.2561, fbcca_ratio=1.3039, fbcca_consec=1, fbcca_scores=[0.01358081130885616, 0.061422151577001025, 0.04710678025799192, 0.026459130853003547], fbcca_probs=[0.24413704237562422, 0.25610078463282243, 0.2524607233828129, 0.2473014496087406], cca_quad=1, cca_conf=0.2532, cca_ratio=1.0766, cca_scores=[0.050140891256122776, 0.06801512003308847, 0.06317557630614469, 0.039645666046701826], cca_probs=[0.24871200798237492, 0.2531975113478718, 0.2519751112353857, 0.24611536943436763]"
2026 05 14 18:23:02.640690,SSVEP_UPDATE,"fbcca_quad=1, fbcca_conf=0.2568, fbcca_ratio=1.1790, fbcca_consec=2, fbcca_scores=[0.03095569894818702, 0.07938956194575378, 0.03098882966584096, 0.0673361497845686], fbcca_probs=[0.24469564683323133, 0.2568389008686797, 0.24470375390991358, 0.25376169838817536], cca_quad=0, cca_conf=0.2518, cca_ratio=1.0289, cca_scores=[0.06654497760328498, 0.057873061177673685, 0.06467536586810636, 0.047962390834440656], cca_probs=[0.25182023750684895, 0.24964591485121296, 0.251349871273777, 0.24718397636816117]"
2026 05 14 18:23:03.668393,SSVEP_UPDATE,"fbcca_quad=2, fbcca_conf=0.2537, fbcca_ratio=1.2504, fbcca_consec=1, fbcca_scores=[0.026020721237577194, 0.04296551595405819, 0.053725159880730664, 0.03300663810595863], fbcca_probs=[0.2467800556204059, 0.2509973224566302, 0.2537125454942955, 0.24851007642866843], cca_quad=0, cca_conf=0.2539, cca_ratio=1.2295, cca_scores=[0.06198940105996909, 0.04199012312276193, 0.050419683557028666, 0.03119864711723662], cca_probs=[0.253911842745218, 0.24888423110571428, 0.25099108321593017, 0.24621284293313753]"
2026 05 14 18:23:04.683014,SSVEP_UPDATE,"fbcca_quad=2, fbcca_conf=0.2596, fbcca_ratio=1.5458, fbcca_consec=2, fbcca_scores=[0.022488273499339545, 0.05930731899933924, 0.091679316913313, 0.04119046647258409], fbcca_probs=[0.2422466326846939, 0.2513321562586567, 0.25960140420406114, 0.24681980685258828], cca_quad=2, cca_conf=0.2552, cca_ratio=1.0813, cca_scores=[0.05435835521148205, 0.08224025741725938, 0.08892962994813748, 0.04783980945743946], cca_probs=[0.24649042606464258, 0.2534597556104325, 0.255160925874496, 0.2448888924504288]"
2026 05 14 18:23:05.708308,SSVEP_UPDATE,"fbcca_quad=3, fbcca_conf=0.2592, fbcca_ratio=1.5389, fbcca_consec=1, fbcca_scores=[0.06355185911362664, 0.06897212365957488, 0.03966824932543193, 0.10613984316898775], fbcca_probs=[0.24842608464013913, 0.2497762756295443, 0.24256306668908623, 0.2592345730412304], cca_quad=1, cca_conf=0.2565, cca_ratio=1.0119, cca_scores=[0.11351604619170462, 0.13545191599831252, 0.0535033587569582, 0.13385585389669574], cca_probs=[0.25097384841708054, 0.2565400041213644, 0.23635527053526062, 0.25613087692629444]"
2026 05 14 18:23:06.719594,SSVEP_UPDATE,"fbcca_quad=3, fbcca_conf=0.2771, fbcca_ratio=2.3738, fbcca_consec=2, fbcca_scores=[0.06190215079079716, 0.08295217155638267, 0.02579770058446376, 0.19691010640575762], fbcca_probs=[0.2421097306166616, 0.24726016365511455, 0.2335244086506069, 0.2771056970776169], cca_quad=3, cca_conf=0.2663, cca_ratio=1.6999, cca_scores=[0.10551169285374074, 0.09871827658396072, 0.0776392816945019, 0.17936372584436103], cca_probs=[0.24737843591672767, 0.24570358664079514, 0.24057860647032947, 0.2663393709721477]"
2026 05 14 18:23:07.750027,SSVEP_UPDATE,"fbcca_quad=3, fbcca_conf=0.3028, fbcca_ratio=3.0911, fbcca_consec=3, fbcca_scores=[0.05881980268364009, 0.11071822482431909, 0.062352449546764784, 0.3422385416658229], fbcca_probs=[0.22807780922277765, 0.24022722863384813, 0.22888495241661133, 0.30281000972676286], cca_quad=3, cca_conf=0.2741, cca_ratio=1.7714, cca_scores=[0.0918292738706622, 0.11840641540575898, 0.13563935983114944, 0.2402662904830763], cca_probs=[0.23630957526373178, 0.24267421056726243, 0.24689244364782506, 0.27412377052118075]"
2026 05 14 18:23:08.756548,SSVEP_UPDATE,"fbcca_quad=3, fbcca_conf=0.3217, fbcca_ratio=2.8763, fbcca_consec=4, fbcca_scores=[0.039553791898284854, 0.15024076194786906, 0.044437493046014624, 0.4321381206528951], fbcca_probs=[0.2172617236161796, 0.24269116192913384, 0.21832536007242856, 0.32172175438225803], cca_quad=3, cca_conf=0.2851, cca_ratio=2.6432, cca_scores=[0.05832236112706539, 0.09717632720024312, 0.07603909514089166, 0.25685402000797086], cca_probs=[0.2338030648651744, 0.2430660273553718, 0.23798220260016842, 0.2851487051792854]"
2026 05 14 18:23:08.756548,SSVEP_CONFIRMED,"fbcca_quad=3, fbcca_conf=0.3217, fbcca_ratio=2.8763, fbcca_consec=4, fbcca_scores=[0.039553791898284854, 0.15024076194786906, 0.044437493046014624, 0.4321381206528951], fbcca_probs=[0.2172617236161796, 0.24269116192913384, 0.21832536007242856, 0.32172175438225803], cca_quad=3, cca_conf=0.2851, cca_ratio=2.6432, cca_scores=[0.05832236112706539, 0.09717632720024312, 0.07603909514089166, 0.25685402000797086], cca_probs=[0.2338030648651744, 0.2430660273553718, 0.23798220260016842, 0.2851487051792854]"
2026 05 14 18:23:08.756548,SELECTION,"quad=3, result=navigate, output='Make LIST011'"
2026 05 14 18:23:11.770785,PHASE_SSVEP,
2026 05 14 18:23:11.883911,SSVEP_UPDATE,"fbcca_quad=2, fbcca_conf=0.2646, fbcca_ratio=1.3394, fbcca_consec=1, fbcca_scores=[0.017657324223501938, 0.061145215303687925, 0.13769269764473774, 0.10280552958251503], fbcca_probs=[0.23469426587675873, 0.2451258033760362, 0.26462640643556457, 0.2555535243116405], cca_quad=3, cca_conf=0.2564, cca_ratio=1.0296, cca_scores=[0.045112088233637646, 0.1034802193828774, 0.12071137821034172, 0.12428075622354406], cca_probs=[0.23690942957563269, 0.2511489138689306, 0.25551400043949674, 0.2564276561159399]"
2026 05 14 18:23:12.914558,SSVEP_UPDATE,"fbcca_quad=3, fbcca_conf=0.2671, fbcca_ratio=1.4149, fbcca_consec=1, fbcca_scores=[0.02870347477019539, 0.11529765692536348, 0.07622429875212586, 0.16313261016933725], fbcca_probs=[0.23348089415604897, 0.25460018994446143, 0.24484395126407205, 0.2670749646354176], cca_quad=3, cca_conf=0.2612, cca_ratio=1.1394, cca_scores=[0.07095249091441284, 0.15113754502021104, 0.11604687778816784, 0.17220447333335992], cca_probs=[0.23606231507849704, 0.2557705801067739, 0.24695106608576145, 0.26121603872896765]"
2026 05 14 18:23:13.928382,SSVEP_UPDATE,"fbcca_quad=3, fbcca_conf=0.2564, fbcca_ratio=1.1716, fbcca_consec=2, fbcca_scores=[0.05336221027422436, 0.07875614981920365, 0.04244020492521925, 0.09226984278371152], fbcca_probs=[0.24663765163034254, 0.25298095308149926, 0.24395853119650598, 0.25642286409165216], cca_quad=1, cca_conf=0.2565, cca_ratio=1.0379, cca_scores=[0.08123211138947785, 0.15283695435844177, 0.1253637645198798, 0.1472623704881014], cca_probs=[0.23879971141744183, 0.2565259979531281, 0.2495743398640057, 0.2550999507654243]"
2026 05 14 18:23:14.943572,SSVEP_UPDATE,"fbcca_quad=2, fbcca_conf=0.2711, fbcca_ratio=2.1381, fbcca_consec=1, fbcca_scores=[0.07424290074086365, 0.08138546126171504, 0.19110262378253154, 0.08938147111244835], fbcca_probs=[0.24117401846555273, 0.24290278504889248, 0.2710703724991887, 0.24485282398636607], cca_quad=2, cca_conf=0.2685, cca_ratio=1.7267, cca_scores=[0.12506422186521943, 0.121497682631213, 0.21594312740760127, 0.11281920149490572], cca_probs=[0.24513373739195757, 0.24426101552346238, 0.2684548743428029, 0.2421503727417771]"
2026 05 14 18:23:15.975483,SSVEP_UPDATE,"fbcca_quad=2, fbcca_conf=0.2971, fbcca_ratio=4.0995, fbcca_consec=2, fbcca_scores=[0.05736829075561808, 0.07125083142738507, 0.29209422623347975, 0.03499031790851043], fbcca_probs=[0.2349396596551729, 0.23822396352970363, 0.29709580104355254, 0.22974057577157098], cca_quad=2, cca_conf=0.2740, cca_ratio=1.6537, cca_scores=[0.13416006004050637, 0.14699873259120158, 0.24309456049834272, 0.07435174672273226], cca_probs=[0.24570291240019507, 0.24887774836764934, 0.27398069108038553, 0.2314386481517701]"
2026 05 14 18:23:16.981123,SSVEP_UPDATE,"fbcca_quad=2, fbcca_conf=0.3120, fbcca_ratio=3.3061, fbcca_consec=3, fbcca_scores=[0.01202791884251697, 0.10912671072443121, 0.36078906136215755, 0.03535320607936481], fbcca_probs=[0.22012471264498137, 0.2425706609466229, 0.31198509178195233, 0.2253195346264434], cca_quad=2, cca_conf=0.2736, cca_ratio=1.3699, cca_scores=[0.05192283010016876, 0.16214006411051518, 0.22211228326547916, 0.0821249779190913], cca_probs=[0.23080227729548672, 0.25769549490276095, 0.2736228927870735, 0.2378793350146788]"
2026 05 14 18:23:18.006330,SSVEP_UPDATE,"fbcca_quad=2, fbcca_conf=0.3225, fbcca_ratio=2.9716, fbcca_consec=4, fbcca_scores=[0.02050338751914151, 0.14370732360777055, 0.4270398114737192, 0.0437729435561126], fbcca_probs=[0.21476439442775977, 0.2429232435974749, 0.32249189732283134, 0.219820464651934], cca_quad=2, cca_conf=0.2682, cca_ratio=1.0427, cca_scores=[0.06984060965695654, 0.21259440194394316, 0.22167559097673029, 0.09214804506754827], cca_probs=[0.2304162314928036, 0.2657726297334782, 0.2681971533403126, 0.23561398543340561]"
2026 05 14 18:23:18.006330,SSVEP_CONFIRMED,"fbcca_quad=2, fbcca_conf=0.3225, fbcca_ratio=2.9716, fbcca_consec=4, fbcca_scores=[0.02050338751914151, 0.14370732360777055, 0.4270398114737192, 0.0437729435561126], fbcca_probs=[0.21476439442775977, 0.2429232435974749, 0.32249189732283134, 0.219820464651934], cca_quad=2, cca_conf=0.2682, cca_ratio=1.0427, cca_scores=[0.06984060965695654, 0.21259440194394316, 0.22167559097673029, 0.09214804506754827], cca_probs=[0.2304162314928036, 0.2657726297334782, 0.2681971533403126, 0.23561398543340561]"
2026 05 14 18:23:18.006330,SELECTION,"quad=2, result=run, output='Make LIST011'"
2026 05 14 18:23:18.008845,AI_REQUEST,"raw='Make LIST011', refined='Python으로 다음 명령을 수행하는 코드 후보 2개를 작성해줘.\n두 후보는 모두 기본적으로 콘솔에서 실행 가능한 Python 코드로 작성해줘.\n1번은 가장 짧고 단순한 구현으로 작성해줘.\n2번은 같은 기능을 수행하되, 함수화/main 구조/다른 반복문/다른 자료구조를 사용한 대안 구현으로 작성해줘.\n명령에 GUI, 웹, 파일 저장이 명시되지 않았다면 GUI, 웹 서버, 파일 입출력은 사용하지 마.\n변수명만 다른 거의 같은 코드는 만들지 마.\n반드시 아래 형식으로만 출력해줘.\n### CODE 1\n[첫 번째 Python 코드]\n### CODE 2\n[두 번째 Python 코드]\n명령: Make LIST011'"
2026 05 14 18:23:22.867280,AI_RESULT,"status=ok, code_files=['ai_001.py', 'ai_002.py']"
2026 05 14 18:23:52.868565,PHASE_AI_CHOICE,
2026 05 14 18:23:52.984541,SSVEP_UPDATE,"fbcca_quad=3, fbcca_conf=0.2520, fbcca_ratio=1.1219, fbcca_consec=1, fbcca_scores=[0.03241530838949054, 0.012055170707438403, 0.03194905167408393, 0.03636596569314685], fbcca_probs=[0.2510457276024562, 0.24598608432302324, 0.25092870312993054, 0.2520394849445901], cca_quad=0, cca_conf=0.2518, cca_ratio=1.4367, cca_scores=[0.023515606843214198, 0.012553617254002279, 0.013015834898489039, 0.01636816016769461], cca_probs=[0.25179206278513877, 0.24904699401033417, 0.24916213453321281, 0.24999880867131424]"
2026 05 14 18:23:54.000196,SSVEP_UPDATE,"fbcca_quad=0, fbcca_conf=0.2770, fbcca_ratio=6.0810, fbcca_consec=1, fbcca_scores=[0.1559992704445556, 0.010704084927582628, 0.02565346906012915, 0.013489109235643018], fbcca_probs=[0.2770284490508452, 0.2395650576812574, 0.2431733111380718, 0.24023318212982556], cca_quad=0, cca_conf=0.2678, cca_ratio=5.5838, cca_scores=[0.10710208455724281, 0.01918082373298507, 0.016407808663782834, 0.007844625131721548], cca_probs=[0.26776346746072205, 0.24522661589774922, 0.24454754077442234, 0.24246237586710634]"
2026 05 14 18:23:55.030215,SSVEP_UPDATE,"fbcca_quad=0, fbcca_conf=0.2524, fbcca_ratio=1.0962, fbcca_consec=2, fbcca_scores=[0.06552444437338008, 0.044513140731648755, 0.05977661605338219, 0.0535686344410832], fbcca_probs=[0.2524237774326655, 0.24717535597286652, 0.2509770506477112, 0.24942381594675683], cca_quad=0, cca_conf=0.2547, cca_ratio=1.1448, cca_scores=[0.10273093765479997, 0.08973502025492994, 0.06010798936515453, 0.08337350656641286], cca_probs=[0.25469987970594854, 0.2514112368587706, 0.24407192620882973, 0.24981695722645117]"
2026 05 14 18:23:56.036773,SSVEP_UPDATE,"fbcca_quad=3, fbcca_conf=0.2574, fbcca_ratio=1.4806, fbcca_consec=1, fbcca_scores=[0.04073891152182048, 0.058793356331161964, 0.06284711923496175, 0.09305387462291685], fbcca_probs=[0.24424316503295454, 0.24869288754107768, 0.24970307569128755, 0.2573608717346802], cca_quad=3, cca_conf=0.2591, cca_ratio=1.0956, cca_scores=[0.0705913529640443, 0.11696144166733186, 0.05120263169932027, 0.12814615767880685], cca_probs=[0.244648117849954, 0.2562596051272137, 0.23995039229484896, 0.25914188472798333]"
2026 05 14 18:23:57.051641,SSVEP_UPDATE,"fbcca_quad=1, fbcca_conf=0.2575, fbcca_ratio=1.0320, fbcca_consec=1, fbcca_scores=[0.022672775330658642, 0.08861813424420101, 0.03705743735404321, 0.08586636364142201], fbcca_probs=[0.24108643161963053, 0.25752089579632936, 0.24457944110687896, 0.2568132314771612], cca_quad=1, cca_conf=0.2630, cca_ratio=1.3336, cca_scores=[0.059685336129216594, 0.1403373592872279, 0.05124149506971778, 0.10522888473997355], cca_probs=[0.24258997308728913, 0.2629659846190478, 0.24055020576677827, 0.25389383652688474]"
2026 05 14 18:23:58.071726,SSVEP_UPDATE,"fbcca_quad=1, fbcca_conf=0.2648, fbcca_ratio=1.2511, fbcca_consec=2, fbcca_scores=[0.05374910552441377, 0.1514545606418353, 0.04575181824194671, 0.12105433779121468], fbcca_probs=[0.24013671588449195, 0.264783858741175, 0.23822393231493716, 0.256855493059396], cca_quad=1, cca_conf=0.2642, cca_ratio=1.3143, cca_scores=[0.14292760292587628, 0.1878457378228158, 0.06606597244713502, 0.12944326901319683], cca_probs=[0.2526167061459216, 0.26422248102094803, 0.2339276112842847, 0.24923320154884554]"
2026 05 14 18:23:59.088887,SSVEP_UPDATE,"fbcca_quad=1, fbcca_conf=0.2620, fbcca_ratio=1.2805, fbcca_consec=3, fbcca_scores=[0.011228240424220682, 0.13311326723298755, 0.09286359620910543, 0.10395599169191552], fbcca_probs=[0.2319191597500226, 0.2619814994283883, 0.2516462212904458, 0.2544531195311433], cca_quad=1, cca_conf=0.2692, cca_ratio=1.3662, cca_scores=[0.04174665776355733, 0.2073277165600426, 0.12609077334424948, 0.1517563446653426], cca_probs=[0.22808290227904587, 0.26915575533425223, 0.2481549339906629, 0.2546064083960391]"
2026 05 14 18:24:00.114433,SSVEP_UPDATE,"fbcca_quad=1, fbcca_conf=0.2698, fbcca_ratio=1.4972, fbcca_consec=4, fbcca_scores=[0.01689382781188496, 0.16241520272237772, 0.05003747540071276, 0.10847586643393373], fbcca_probs=[0.2333042707873954, 0.2698496250964049, 0.24116639536274173, 0.25567970875345786], cca_quad=1, cca_conf=0.2676, cca_ratio=1.2655, cca_scores=[0.06448436793120325, 0.19163212910450128, 0.08124305664688619, 0.15142239634804358], cca_probs=[0.23566487220932242, 0.2676174469463691, 0.239647585759348, 0.25707009508496054]"
2026 05 14 18:24:01.147334,SSVEP_UPDATE,"fbcca_quad=1, fbcca_conf=0.2829, fbcca_ratio=1.8866, fbcca_consec=5, fbcca_scores=[0.014257629460229883, 0.24647396452217096, 0.08577604832887527, 0.13064487339008618], fbcca_probs=[0.22426747444042758, 0.282889328812543, 0.24089420186620586, 0.2519489948808234], cca_quad=1, cca_conf=0.2745, cca_ratio=1.3568, cca_scores=[0.07556499132103409, 0.2433773737397941, 0.09172115526896074, 0.17938150393233204], cca_probs=[0.23210478231930426, 0.2745137360769729, 0.23588516121647823, 0.2574963203872445]"
2026 05 14 18:24:02.163992,SSVEP_UPDATE,"fbcca_quad=1, fbcca_conf=0.2850, fbcca_ratio=2.6756, fbcca_consec=6, fbcca_scores=[0.09425915468076342, 0.25219926751209715, 0.06962825575117504, 0.05646314844131252], fbcca_probs=[0.2433282215888198, 0.2849607213413683, 0.23740803778294875, 0.23430301928686303], cca_quad=1, cca_conf=0.2678, cca_ratio=1.3000, cca_scores=[0.17389488081488205, 0.2260708234762433, 0.12745714033806996, 0.09730398525543049], cca_probs=[0.2541648854477371, 0.2677782344001449, 0.2426318978657663, 0.2354249822863517]"
2026 05 14 18:24:03.173206,SSVEP_UPDATE,"fbcca_quad=1, fbcca_conf=0.2654, fbcca_ratio=1.5415, fbcca_consec=7, fbcca_scores=[0.0819793584553211, 0.12637404156301474, 0.03194108339731214, 0.02315173730426374], fbcca_probs=[0.2538420790870326, 0.26536520807326075, 0.24145281300673443, 0.2393398998329722], cca_quad=1, cca_conf=0.2658, cca_ratio=1.2058, cca_scores=[0.1549095647390269, 0.18679168093228068, 0.07919436943748932, 0.07701659421809232], cca_probs=[0.25743077593806474, 0.26577045068116023, 0.23865897672611786, 0.23813979665465723]"
2026 05 14 18:24:04.198258,SSVEP_UPDATE,"fbcca_quad=1, fbcca_conf=0.2567, fbcca_ratio=1.2644, fbcca_consec=8, fbcca_scores=[0.0636024142789142, 0.08041639305166735, 0.05440473194085617, 0.016901803670634125], fbcca_probs=[0.2523867138724787, 0.2566662156269059, 0.2500759840216161, 0.24087108647899946], cca_quad=2, cca_conf=0.2587, cca_ratio=1.0907, cca_scores=[0.11801358448260256, 0.12948340603620756, 0.14122465551532704, 0.03520758562579817], cca_probs=[0.2528094646184607, 0.255725837229092, 0.2587460740626927, 0.23271862408975472]"
2026 05 14 18:24:05.233882,SSVEP_UPDATE,"fbcca_quad=1, fbcca_conf=0.2613, fbcca_ratio=1.2346, fbcca_consec=9, fbcca_scores=[0.044793368218439426, 0.12304348544078143, 0.0996595123417029, 0.0450497874069669], fbcca_probs=[0.24165979183675163, 0.26132923141216813, 0.25528921076126476, 0.24172176598981557], cca_quad=2, cca_conf=0.2684, cca_ratio=1.1743, cca_scores=[0.08766954773491997, 0.17277950046551213, 0.20289271885311097, 0.05712043326487028], cca_probs=[0.23918447221681055, 0.26043285072055605, 0.2683945972988526, 0.2319880797637808]"
2026 05 14 18:24:06.249814,SSVEP_UPDATE,"fbcca_quad=1, fbcca_conf=0.3073, fbcca_ratio=2.6767, fbcca_consec=10, fbcca_scores=[0.02385257257552418, 0.3841319941605087, 0.12360602323189371, 0.14350898124533118], fbcca_probs=[0.2143283671841781, 0.30728900424549044, 0.23681108551483512, 0.24157154305549616], cca_quad=1, cca_conf=0.2851, cca_ratio=1.6818, cca_scores=[0.05414806455801836, 0.2893978390893622, 0.17207147829751052, 0.10116764543514564], cca_probs=[0.2253000604139858, 0.2850552126546742, 0.25349815105264917, 0.23614657587869065]"
2026 05 14 18:24:06.249814,SSVEP_CONFIRMED,"fbcca_quad=1, fbcca_conf=0.3073, fbcca_ratio=2.6767, fbcca_consec=10, fbcca_scores=[0.02385257257552418, 0.3841319941605087, 0.12360602323189371, 0.14350898124533118], fbcca_probs=[0.2143283671841781, 0.30728900424549044, 0.23681108551483512, 0.24157154305549616], cca_quad=1, cca_conf=0.2851, cca_ratio=1.6818, cca_scores=[0.05414806455801836, 0.2893978390893622, 0.17207147829751052, 0.10116764543514564], cca_probs=[0.2253000604139858, 0.2850552126546742, 0.25349815105264917, 0.23614657587869065]"
2026 05 14 18:24:06.249814,AI_CHOICE,"quad=1, label='2번 코드', files=['ai_001.py', 'ai_002.py']"
2026 05 14 18:24:06.250801,AI_CODE_SELECTED,"option=2, file='ai_002.py'"
