time,mV

2026 05 14 14:32:55.895532,337
,345
,359
,341
,336
,349
,355
,336
,341
,353
,345
,330
,340
,351
2026 05 14 14:32:55.957224,336
,338
,353
,362
,343
,342
,359
,358
,343
,352
,365
,354
,344
,358
2026 05 14 14:32:56.018694,362
,347
,344
,356
,359
,348
,354
,366
,354
,342
,357
,368
,357
,351
2026 05 14 14:32:56.084867,365
,364
,345
,345
,362
,357
,346
,356
,368
,356
,347
,360
,369
,348
2026 05 14 14:32:56.146056,343
,360
,358
,350
,355
,367
,352
,343
,357
,362
,345
,337
,352
,354
2026 05 14 14:32:56.210738,339
,343
,357
,348
,337
,351
,361
,348
,341
,357
,359
,341
,342
,361
2026 05 14 14:32:56.273050,359
,347
,358
,367
,350
,342
,359
,365
,348
,349
,365
,363
,345
,350
2026 05 14 14:32:56.334526,363
,351
,341
,351
,365
,353
,349
,360
,361
,348
,352
,361
,353
,338
2026 05 14 14:32:56.399634,356
,365
,348
,342
,363
,365
,348
,350
,367
,359
,342
,351
,364
,351
2026 05 14 14:32:56.460632,340
,355
,366
,352
,348
,362
,359
,345
,354
,363
,352
,348
,353
,367
2026 05 14 14:32:56.527096,348
,346
,363
,360
,343
,343
,360
,352
,343
,357
,367
,351
,342
,357
2026 05 14 14:32:56.588573,358
,344
,350
,359
,358
,344
,351
,363
,353
,347
,372
,394
,389
,367
2026 05 14 14:32:56.649692,347
,338
,319
,332
,342
,326
,318
,332
,345
,335
,331
,351
,356
,343
2026 05 14 14:32:56.715513,346
,361
,355
,345
,353
,364
,348
,338
,352
,361
,345
,351
,363
,356
2026 05 14 14:32:56.776596,340
,350
,363
,347
,332
,349
,357
,341
,340
,352
,357
,340
,348
,355
2026 05 14 14:32:56.842386,347
,336
,342
,355
,343
,328
,348
,351
,337
,347
,361
,353
,345
,359
2026 05 14 14:32:56.903137,371
,356
,342
,368
,366
,342
,334
,349
,352
,343
,354
,368
,351
,343
2026 05 14 14:32:56.965247,352
,358
,342
,342
,356
,359
,353
,361
,377
,361
,346
,354
,365
,348
2026 05 14 14:32:57.030777,340
,352
,361
,347
,348
,360
,351
,335
,343
,356
,345
,343
,357
,367
2026 05 14 14:32:57.092311,345
,349
,367
,362
,348
,355
,366
,353
,343
,349
,356
,345
,344
,359
2026 05 14 14:32:57.157591,356
,337
,344
,359
,355
,344
,359
,371
,348
,344
,358
,362
,344
,344
2026 05 14 14:32:57.219085,362
,353
,349
,357
,365
,349
,342
,357
,365
,349
,351
,364
,362
,348
2026 05 14 14:32:57.280300,352
,364
,350
,345
,359
,366
,349
,343
,360
,357
,344
,347
,361
,349
2026 05 14 14:32:57.346179,339
,353
,365
,352
,348
,365
,362
,347
,350
,365
,353
,336
,354
,365
2026 05 14 14:32:57.407331,349
,342
,354
,362
,345
,346
,359
,358
,344
,347
,355
,348
,343
,352
2026 05 14 14:32:57.473040,368
,351
,352
,367
,366
,351
,354
,364
,349
,334
,350
,355
,342
,339
2026 05 14 14:32:57.534598,357
,361
,341
,345
,367
,357
,345
,356
,357
,345
,345
,361
,367
,355
2026 05 14 14:32:57.595480,354
,363
,355
,343
,350
,364
,354
,344
,352
,362
,344
,340
,358
,362
2026 05 14 14:32:57.661819,351
,358
,374
,362
,357
,368
,377
,358
,346
,365
,368
,355
,360
,365
2026 05 14 14:32:57.722934,354
,347
,355
,365
,349
,339
,356
,363
,347
,347
,362
,355
,353
,355
2026 05 14 14:32:57.788591,362
,356
,352
,361
,364
,356
,355
,358
,364
,360
,359
,370
,366
,353
2026 05 14 14:32:57.850989,368
,368
,355
,337
,360
,363
,342
,345
,358
,352
,338
,349
,356
,343
2026 05 14 14:32:57.911235,333
,352
,364
,348
,349
,369
,364
,351
,355
,365
,350
,341
,349
,363
2026 05 14 14:32:57.977643,348
,344
,357
,359
,343
,348
,361
,352
,340
,355
,369
,353
,344
,359
2026 05 14 14:32:58.038052,364
,356
,356
,371
,365
,344
,349
,361
,352
,338
,354
,365
,351
,347
2026 05 14 14:32:58.103641,358
,364
,342
,348
,361
,350
,345
,352
,364
,353
,342
,353
,366
,348
2026 05 14 14:32:58.164606,348
,360
,357
,347
,355
,372
,358
,346
,355
,361
,352
,346
,358
,356
2026 05 14 14:32:58.226209,347
,354
,364
,355
,346
,360
,368
,349
,343
,362
,364
,345
,351
,364
2026 05 14 14:32:58.292370,352
,342
,353
,365
,348
,347
,364
,366
,350
,349
,361
,355
,339
,350
2026 05 14 14:32:58.354052,364
,351
,344
,359
,363
,340
,346
,358
,352
,340
,346
,358
,345
,336
2026 05 14 14:32:58.415288,351
,356
,343
,341
,353
,357
,341
,339
,356
,348
,334
,342
,353
,343
2026 05 14 14:32:58.480880,342
,353
,354
,338
,340
,354
,349
,336
,344
,351
,338
,330
,350
,357
2026 05 14 14:32:58.542450,336
,335
,348
,355
,340
,344
,360
,350
,330
,342
,356
,343
,331
,343
2026 05 14 14:32:58.607851,353
,337
,336
,352
,349
,337
,346
,364
,353
,345
,360
,372
,354
,344
2026 05 14 14:32:58.669050,359
,360
,343
,345
,361
,355
,338
,353
,366
,350
,340
,355
,357
,343
2026 05 14 14:32:58.730733,342
,359
,350
,340
,353
,368
,353
,338
,359
,368
,348
,347
,360
,357
2026 05 14 14:32:58.796184,342
,350
,365
,350
,337
,358
,368
,352
,340
,351
,351
,342
,348
,364
2026 05 14 14:32:58.857439,349
,339
,349
,360
,347
,336
,354
,358
,349
,351
,365
,354
,340
,351
2026 05 14 14:32:58.923066,363
,347
,335
,353
,362
,341
,340
,357
,353
,338
,350
,366
,354
,337
2026 05 14 14:32:58.983982,351
,355
,344
,340
,358
,354
,336
,345
,363
,353
,339
,354
,368
,347
2026 05 14 14:32:59.046004,338
,354
,359
,339
,343
,362
,354
,342
,350
,360
,346
,338
,351
,362
2026 05 14 14:32:59.111612,346
,346
,363
,357
,340
,347
,362
,351
,338
,351
,366
,353
,347
,356
2026 05 14 14:32:59.173019,359
,341
,344
,361
,348
,332
,349
,366
,351
,341
,357
,361
,344
,345
2026 05 14 14:32:59.238602,362
,358
,340
,351
,365
,348
,339
,358
,364
,344
,341
,354
,353
,340
2026 05 14 14:32:59.299500,353
,369
,353
,339
,356
,366
,346
,339
,360
,358
,339
,349
,367
,354
2026 05 14 14:32:59.361364,339
,347
,361
,348
,341
,354
,358
,343
,343
,365
,356
,344
,347
,354
2026 05 14 14:32:59.426889,336
,329
,344
,351
,338
,336
,351
,345
,333
,339
,354
,342
,323
,338
2026 05 14 14:32:59.488207,353
,335
,332
,350
,358
,340
,349
,362
,353
,342
,353
,368
,351
,339
2026 05 14 14:32:59.553781,352
,362
,345
,347
,364
,361
,345
,352
,365
,349
,342
,357
,368
,349
2026 05 14 14:32:59.615378,348
,363
,358
,342
,347
,362
,352
,340
,350
,368
,347
,340
,360
,362
2026 05 14 14:32:59.676179,345
,351
,369
,363
,346
,353
,365
,354
,340
,355
,368
,350
,345
,366
2026 05 14 14:32:59.742645,357
,342
,353
,366
,354
,342
,356
,366
,345
,339
,355
,354
,339
,346
2026 05 14 14:32:59.803806,361
,351
,337
,353
,366
,347
,340
,356
,358
,344
,343
,359
,352
,336
2026 05 14 14:32:59.869238,347
,362
,347
,338
,357
,363
,346
,341
,358
,351
,338
,347
,363
,350
2026 05 14 14:32:59.930252,338
,353
,359
,339
,339
,356
,354
,341
,348
,360
,347
,332
,348
,364
2026 05 14 14:32:59.992274,346
,336
,358
,366
,349
,348
,366
,360
,345
,354
,369
,353
,340
,355
2026 05 14 14:33:00.058298,366
,344
,345
,365
,363
,349
,352
,369
,352
,339
,355
,359
,341
,340
2026 05 14 14:33:00.119372,357
,357
,341
,351
,367
,351
,336
,349
,367
,352
,339
,355
,357
,341
2026 05 14 14:33:00.184558,344
,365
,357
,343
,355
,365
,350
,338
,355
,362
,347
,346
,360
,361
2026 05 14 14:33:00.246072,343
,350
,374
,360
,343
,357
,368
,354
,347
,364
,367
,349
,354
,372
2026 05 14 14:33:00.306920,359
,345
,360
,371
,352
,346
,364
,370
,351
,348
,365
,358
,342
,349
2026 05 14 14:33:00.372796,362
,349
,341
,356
,370
,349
,348
,366
,360
,343
,352
,366
,353
,340
2026 05 14 14:33:00.434515,353
,364
,347
,343
,357
,361
,339
,345
,364
,352
,336
,346
,354
,341
2026 05 14 14:33:00.499168,333
,352
,360
,341
,343
,363
,359
,342
,347
,365
,351
,332
,350
,368
2026 05 14 14:33:00.561611,347
,340
,360
,356
,340
,345
,364
,351
,338
,346
,360
,346
,342
,360
2026 05 14 14:33:00.623033,361
,343
,344
,366
,356
,339
,347
,361
,344
,332
,355
,361
,345
,346
2026 05 14 14:33:00.688522,363
,354
,340
,354
,367
,353
,342
,362
,369
,353
,350
,367
,361
,343
2026 05 14 14:33:00.750013,348
,364
,353
,340
,357
,368
,350
,342
,360
,361
,339
,344
,362
,349
2026 05 14 14:33:00.815961,334
,348
,365
,344
,331
,357
,367
,348
,346
,362
,355
,337
,350
,364
2026 05 14 14:33:00.877372,345
,331
,347
,359
,337
,333
,348
,350
,338
,348
,368
,353
,335
,352
2026 05 14 14:33:00.938288,365
,349
,339
,356
,360
,343
,350
,369
,361
,343
,357
,371
,361
,346
2026 05 14 14:33:01.006368,358
,364
,348
,345
,358
,356
,343
,350
,368
,356
,340
,356
,370
,349
2026 05 14 14:33:01.064189,342
,366
,366
,348
,351
,369
,353
,341
,353
,363
,347
,337
,356
,367
2026 05 14 14:33:01.131129,347
,351
,370
,358
,341
,352
,366
,349
,337
,351
,360
,343
,338
,354
2026 05 14 14:33:01.192592,354
,337
,350
,367
,356
,339
,350
,361
,341
,334
,350
,348
,334
,343
2026 05 14 14:33:01.253845,370
,353
,341
,354
,373
,357
,348
,368
,395
,395
,405
,412
,352
,314
2026 05 14 14:33:01.319713,332
,351
,337
,327
,346
,351
,339
,339
,361
,357
,339
,348
,359
,342
2026 05 14 14:33:01.380840,339
,353
,362
,345
,342
,352
,359
,344
,356
,372
,361
,347
,361
,372
2026 05 14 14:33:01.446510,353
,346
,369
,375
,352
,350
,364
,365
,349
,357
,370
,356
,343
,361
2026 05 14 14:33:01.507695,369
,351
,344
,361
,360
,343
,355
,371
,360
,345
,356
,366
,355
,344
2026 05 14 14:33:01.569162,356
,351
,339
,359
,378
,364
,345
,355
,370
,354
,340
,357
,362
,348
2026 05 14 14:33:01.634433,353
,372
,364
,346
,353
,368
,358
,349
,360
,355
,342
,339
,361
,360
2026 05 14 14:33:01.696366,343
,345
,363
,346
,335
,353
,366
,349
,344
,359
,360
,344
,350
,367
2026 05 14 14:33:01.762145,355
,346
,360
,359
,340
,327
,346
,354
,336
,336
,354
,342
,328
,340
2026 05 14 14:33:01.823519,363
,350
,339
,355
,365
,346
,344
,364
,361
,343
,351
,366
,352
,338
2026 05 14 14:33:01.885792,351
,365
,346
,333
,358
,362
,338
,344
,369
,359
,344
,352
,358
,348
2026 05 14 14:33:01.949491,342
,353
,358
,339
,344
,363
,357
,343
,350
,361
,351
,345
,354
,359
2026 05 14 14:33:02.011497,345
,335
,356
,359
,338
,346
,363
,351
,337
,354
,368
,349
,344
,363
2026 05 14 14:33:02.076685,366
,350
,352
,365
,353
,338
,353
,372
,358
,342
,357
,364
,347
,343
2026 05 14 14:33:02.137837,363
,361
,342
,355
,376
,351
,341
,364
,363
,340
,335
,353
,355
,342
2026 05 14 14:33:02.199067,349
,366
,358
,337
,354
,367
,351
,343
,358
,360
,342
,345
,365
,353
2026 05 14 14:33:02.265388,336
,347
,358
,350
,346
,363
,373
,350
,346
,366
,357
,340
,347
,362
2026 05 14 14:33:02.327390,350
,341
,359
,368
,345
,337
,358
,358
,340
,346
,363
,357
,343
,361
2026 05 14 14:33:02.392090,376
,355
,347
,364
,370
,360
,348
,354
,343
,330
,340
,356
,340
,329
2026 05 14 14:33:02.453856,344
,356
,337
,342
,361
,356
,344
,350
,366
,355
,346
,363
,373
,353
2026 05 14 14:33:02.514940,348
,362
,358
,340
,345
,362
,349
,335
,346
,354
,338
,333
,347
,352
2026 05 14 14:33:02.580789,336
,340
,359
,357
,336
,344
,349
,330
,320
,340
,349
,332
,334
,352
2026 05 14 14:33:02.642319,350
,333
,337
,359
,346
,335
,348
,362
,347
,341
,356
,361
,346
,351
2026 05 14 14:33:02.703915,366
,353
,327
,344
,361
,344
,334
,349
,358
,344
,345
,362
,357
,342
2026 05 14 14:33:02.769047,355
,362
,351
,337
,343
,355
,336
,331
,352
,353
,336
,344
,368
,354
2026 05 14 14:33:02.830182,338
,355
,366
,346
,340
,362
,358
,342
,346
,367
,360
,342
,350
,366
2026 05 14 14:33:02.896079,350
,337
,351
,358
,347
,351
,366
,369
,353
,363
,378
,354
,342
,355
2026 05 14 14:33:02.957653,371
,350
,344
,354
,349
,340
,352
,368
,353
,340
,351
,367
,349
,342
2026 05 14 14:33:03.018312,356
,358
,345
,353
,372
,366
,347
,360
,365
,346
,338
,356
,363
,346
2026 05 14 14:33:03.084273,347
,362
,359
,345
,352
,371
,363
,348
,364
,377
,357
,345
,364
,370
2026 05 14 14:33:03.147147,352
,360
,371
,359
,341
,350
,363
,347
,345
,357
,363
,346
,346
,364
2026 05 14 14:33:03.211469,353
,344
,356
,364
,356
,352
,359
,363
,344
,341
,358
,356
,341
,350
2026 05 14 14:33:03.273501,368
,355
,342
,354
,366
,349
,341
,359
,362
,348
,352
,369
,359
,345
2026 05 14 14:33:03.334396,359
,371
,356
,354
,372
,378
,358
,360
,372
,367
,354
,369
,381
,351
2026 05 14 14:33:03.399257,339
,365
,372
,354
,353
,369
,366
,351
,360
,368
,354
,343
,358
,371
2026 05 14 14:33:03.462421,353
,343
,360
,358
,342
,343
,362
,350
,337
,351
,365
,348
,343
,355
2026 05 14 14:33:03.526861,356
,339
,344
,362
,356
,339
,349
,366
,350
,340
,364
,369
,352
,350
2026 05 14 14:33:03.588691,366
,361
,340
,348
,362
,350
,346
,368
,382
,346
,331
,353
,353
,336
2026 05 14 14:33:03.649528,341
,360
,350
,341
,351
,368
,353
,346
,365
,367
,347
,348
,360
,356
2026 05 14 14:33:03.715627,341
,353
,367
,351
,340
,358
,367
,349
,343
,357
,350
,336
,344
,363
2026 05 14 14:33:03.776789,352
,342
,360
,376
,359
,343
,359
,360
,345
,347
,360
,349
,331
,345
2026 05 14 14:33:03.842135,360
,343
,334
,352
,357
,343
,341
,356
,349
,344
,352
,369
,352
,339
2026 05 14 14:33:03.903802,360
,367
,354
,348
,356
,356
,340
,344
,354
,341
,328
,342
,357
,342
2026 05 14 14:33:03.964957,335
,357
,357
,343
,346
,362
,351
,342
,363
,380
,358
,338
,355
,359
2026 05 14 14:33:04.030763,336
,330
,349
,343
,333
,346
,363
,349
,337
,353
,361
,343
,338
,355
2026 05 14 14:33:04.090868,353
,340
,345
,365
,355
,337
,347
,362
,342
,334
,351
,356
,338
,342
2026 05 14 14:33:04.158192,356
,349
,334
,350
,370
,349
,333
,350
,361
,341
,332
,348
,346
,333
2026 05 14 14:33:04.218674,343
,359
,345
,337
,350
,359
,340
,334
,354
,354
,341
,349
,367
,349
2026 05 14 14:33:04.280428,327
,339
,355
,341
,331
,350
,354
,339
,343
,365
,358
,339
,347
,360
2026 05 14 14:33:04.346109,343
,344
,362
,368
,327
,324
,350
,346
,324
,333
,358
,342
,332
,346
2026 05 14 14:33:04.407313,362
,342
,339
,360
,358
,342
,348
,362
,348
,334
,347
,362
,345
,333
2026 05 14 14:33:04.473130,348
,355
,342
,343
,365
,354
,338
,346
,361
,347
,336
,350
,363
,349
2026 05 14 14:33:04.534248,346
,363
,358
,347
,355
,371
,352
,339
,355
,372
,352
,351
,355
,352
2026 05 14 14:33:04.595605,335
,337
,355
,342
,331
,343
,357
,343
,335
,348
,353
,336
,338
,357
2026 05 14 14:33:04.661443,350
,333
,345
,361
,339
,325
,349
,360
,343
,333
,355
,353
,331
,342
2026 05 14 14:33:04.722138,358
,349
,329
,350
,366
,348
,339
,354
,358
,341
,347
,367
,356
,338
2026 05 14 14:33:04.788431,351
,367
,350
,341
,360
,363
,345
,345
,360
,352
,339
,350
,369
,355
2026 05 14 14:33:04.849167,334
,350
,360
,344
,344
,354
,354
,340
,349
,368
,353
,337
,348
,358
2026 05 14 14:33:04.910997,351
,346
,365
,365
,347
,352
,366
,359
,348
,359
,367
,348
,343
,358
2026 05 14 14:33:04.976815,362
,351
,347
,368
,361
,339
,346
,363
,347
,339
,349
,361
,343
,341
2026 05 14 14:33:05.037468,354
,353
,340
,347
,364
,344
,330
,345
,359
,343
,345
,367
,368
,347
2026 05 14 14:33:05.103452,349
,361
,351
,337
,350
,364
,345
,336
,354
,353
,339
,338
,355
,351
2026 05 14 14:33:05.164503,334
,348
,366
,350
,343
,353
,366
,352
,350
,366
,360
,342
,340
,358
2026 05 14 14:33:05.226531,350
,337
,353
,364
,347
,342
,361
,364
,344
,344
,361
,352
,337
,350
2026 05 14 14:33:05.292260,364
,347
,344
,363
,372
,349
,340
,360
,354
,338
,349
,366
,351
,337
2026 05 14 14:33:05.353057,349
,362
,342
,339
,357
,354
,340
,341
,356
,346
,335
,354
,374
,355
2026 05 14 14:33:05.419232,347
,359
,362
,343
,341
,358
,350
,335
,347
,360
,345
,337
,351
,359
2026 05 14 14:33:05.480727,344
,339
,360
,357
,340
,344
,360
,345
,335
,355
,367
,351
,351
,374
2026 05 14 14:33:05.541417,372
,337
,338
,353
,344
,334
,345
,362
,348
,336
,351
,358
,341
,343
2026 05 14 14:33:05.607833,360
,353
,338
,353
,373
,357
,347
,361
,370
,352
,346
,347
,345
,330
2026 05 14 14:33:05.669293,338
,354
,341
,330
,351
,363
,350
,348
,356
,359
,348
,347
,363
,354
2026 05 14 14:33:05.733757,340
,353
,368
,356
,353
,375
,378
,348
,337
,352
,346
,331
,339
,359
2026 05 14 14:33:05.796666,342
,335
,352
,357
,338
,339
,361
,356
,338
,347
,367
,357
,351
,363
2026 05 14 14:33:05.856647,366
,349
,325
,352
,353
,336
,342
,359
,347
,331
,347
,359
,344
,335
2026 05 14 14:33:05.923371,357
,361
,342
,344
,358
,352
,339
,353
,368
,355
,343
,360
,368
,343
2026 05 14 14:33:05.984535,337
,360
,349
,329
,341
,359
,345
,332
,342
,356
,341
,337
,357
,362
2026 05 14 14:33:06.049014,346
,351
,370
,360
,348
,364
,372
,344
,323
,346
,354
,334
,339
,354
2026 05 14 14:33:06.111418,346
,337
,349
,359
,344
,338
,353
,361
,347
,346
,364
,358
,344
,351
2026 05 14 14:33:06.172241,369
,358
,345
,356
,368
,348
,338
,353
,351
,338
,348
,362
,352
,336
2026 05 14 14:33:06.238323,349
,363
,346
,334
,352
,358
,341
,347
,370
,363
,345
,355
,372
,355
2026 05 14 14:33:06.299200,342
,358
,365
,346
,344
,363
,354
,339
,341
,360
,351
,338
,353
,365
2026 05 14 14:33:06.365229,347
,340
,363
,363
,346
,347
,367
,357
,339
,353
,370
,349
,337
,357
2026 05 14 14:33:06.426902,357
,341
,341
,345
,338
,325
,335
,353
,341
,328
,342
,348
,329
,330
2026 05 14 14:33:06.488266,354
,350
,336
,339
,356
,341
,327
,338
,348
,330
,326
,345
,347
,335
2026 05 14 14:33:06.553494,339
,356
,351
,331
,343
,358
,341
,330
,351
,360
,343
,343
,358
,353
2026 05 14 14:33:06.615339,340
,354
,370
,359
,341
,357
,362
,342
,341
,357
,356
,338
,347
,361
2026 05 14 14:33:06.676357,345
,331
,342
,357
,342
,335
,348
,355
,342
,350
,371
,364
,344
,355
2026 05 14 14:33:06.742679,363
,349
,337
,359
,361
,344
,342
,358
,359
,339
,345
,367
,352
,339
2026 05 14 14:33:06.803231,358
,371
,351
,348
,356
,353
,339
,344
,359
,349
,336
,344
,360
,343
2026 05 14 14:33:06.868957,336
,356
,358
,340
,343
,357
,350
,333
,348
,368
,350
,337
,359
,358
2026 05 14 14:33:06.930552,340
,347
,365
,360
,334
,336
,356
,345
,325
,336
,351
,339
,335
,351
2026 05 14 14:33:06.992068,354
,337
,344
,363
,352
,338
,353
,369
,349
,339
,359
,365
,352
,353
2026 05 14 14:33:07.057325,361
,344
,329
,334
,353
,344
,332
,347
,352
,335
,334
,350
,350
,336
2026 05 14 14:33:07.120011,345
,362
,352
,336
,352
,366
,348
,342
,361
,368
,351
,359
,362
,345
2026 05 14 14:33:07.183728,334
,346
,355
,336
,331
,351
,354
,337
,341
,358
,350
,335
,345
,362
2026 05 14 14:33:07.246101,346
,336
,356
,364
,347
,343
,357
,359
,343
,353
,370
,351
,333
,350
2026 05 14 14:33:07.307313,356
,338
,332
,347
,351
,338
,342
,361
,352
,341
,356
,370
,355
,343
2026 05 14 14:33:07.372805,363
,367
,350
,341
,354
,353
,339
,347
,365
,345
,332
,348
,356
,340
2026 05 14 14:33:07.434437,340
,358
,358
,341
,350
,367
,353
,337
,349
,362
,347
,343
,356
,353
2026 05 14 14:33:07.499192,329
,334
,352
,345
,333
,345
,357
,345
,335
,354
,358
,344
,347
,359
2026 05 14 14:33:07.561612,354
,343
,352
,366
,351
,335
,348
,351
,335
,333
,353
,351
,337
,339
2026 05 14 14:33:07.622395,355
,342
,330
,348
,360
,340
,331
,348
,351
,333
,338
,353
,337
,321
2026 05 14 14:33:07.688714,342
,356
,341
,335
,351
,352
,334
,339
,360
,350
,329
,332
,350
,335
2026 05 14 14:33:07.749719,320
,340
,349
,326
,317
,337
,339
,322
,330
,346
,336
,323
,338
,351
2026 05 14 14:33:07.815431,334
,326
,343
,343
,330
,327
,345
,337
,321
,337
,349
,332
,326
,346
2026 05 14 14:33:07.877301,354
,327
,328
,351
,348
,332
,341
,353
,338
,328
,345
,359
,343
,340
2026 05 14 14:33:07.937781,358
,354
,337
,349
,365
,353
,334
,350
,362
,349
,342
,360
,355
,340
2026 05 14 14:33:08.003673,345
,364
,359
,338
,345
,365
,348
,341
,356
,365
,344
,342
,357
,347
2026 05 14 14:33:08.065192,331
,341
,363
,352
,338
,360
,364
,348
,338
,362
,356
,343
,352
,367
2026 05 14 14:33:08.130909,348
,333
,346
,360
,346
,341
,359
,360
,339
,342
,359
,353
,340
,348
2026 05 14 14:33:08.192512,363
,350
,342
,356
,362
,343
,336
,354
,350
,339
,349
,368
,354
,336
2026 05 14 14:33:08.253470,354
,368
,349
,340
,359
,360
,347
,345
,367
,350
,330
,343
,363
,351
2026 05 14 14:33:08.319226,343
,363
,369
,353
,348
,366
,359
,341
,345
,371
,354
,340
,350
,359
2026 05 14 14:33:08.380625,345
,339
,354
,354
,337
,346
,367
,353
,335
,347
,363
,348
,346
,366
2026 05 14 14:33:08.446059,363
,351
,358
,368
,351
,343
,354
,362
,348
,337
,351
,357
,341
,341
2026 05 14 14:33:08.508124,361
,351
,339
,353
,369
,350
,337
,355
,364
,344
,342
,359
,354
,344
2026 05 14 14:33:08.568936,349
,358
,341
,331
,346
,362
,343
,336
,354
,362
,340
,343
,362
,350
2026 05 14 14:33:08.634364,334
,345
,359
,341
,330
,346
,355
,341
,344
,366
,357
,342
,344
,360
2026 05 14 14:33:08.695297,350
,333
,345
,355
,339
,342
,357
,352
,337
,349
,361
,346
,338
,356
2026 05 14 14:33:08.761430,364
,349
,342
,360
,363
,348
,350
,360
,349
,335
,348
,362
,340
,333
2026 05 14 14:33:08.823124,350
,354
,339
,347
,362
,355
,337
,348
,365
,354
,336
,356
,365
,345
2026 05 14 14:33:08.884185,336
,354
,354
,338
,345
,364
,351
,336
,351
,364
,345
,337
,356
,360
2026 05 14 14:33:08.949884,346
,349
,367
,355
,340
,355
,375
,347
,334
,347
,354
,337
,344
,365
2026 05 14 14:33:09.011416,358
,338
,349
,362
,350
,340
,359
,366
,344
,341
,359
,357
,339
,353
2026 05 14 14:33:09.076671,367
,350
,332
,352
,365
,347
,342
,359
,365
,347
,349
,365
,350
,330
2026 05 14 14:33:09.138201,342
,363
,351
,340
,352
,358
,339
,338
,359
,353
,336
,347
,364
,344
2026 05 14 14:33:09.199500,336
,348
,353
,337
,334
,349
,347
,335
,337
,355
,343
,328
,345
,361
2026 05 14 14:33:09.265005,341
,335
,350
,355
,339
,344
,368
,362
,350
,362
,364
,340
,333
,357
2026 05 14 14:33:09.326927,365
,347
,342
,361
,359
,340
,353
,370
,355
,342
,358
,366
,353
,348
2026 05 14 14:33:09.392125,364
,363
,345
,351
,371
,351
,331
,349
,364
,347
,339
,360
,363
,347
2026 05 14 14:33:09.452454,352
,369
,360
,345
,360
,381
,361
,348
,365
,368
,342
,349
,368
,366
2026 05 14 14:33:09.514936,351
,356
,366
,351
,343
,362
,373
,353
,347
,365
,362
,345
,352
,370
2026 05 14 14:33:09.580420,360
,346
,364
,377
,361
,349
,366
,364
,347
,341
,364
,358
,345
,357
2026 05 14 14:33:09.641334,374
,355
,345
,361
,367
,351
,354
,371
,363
,347
,355
,368
,355
,342
2026 05 14 14:33:09.707498,358
,374
,360
,352
,365
,363
,342
,347
,365
,354
,339
,356
,368
,348
2026 05 14 14:33:09.769590,337
,361
,365
,348
,353
,374
,367
,344
,353
,364
,349
,342
,366
,373
2026 05 14 14:33:09.830512,353
,351
,367
,360
,344
,353
,373
,363
,342
,351
,360
,344
,335
,357
2026 05 14 14:33:09.895704,358
,346
,352
,365
,352
,340
,355
,364
,351
,343
,360
,363
,346
,349
2026 05 14 14:33:09.957476,363
,352
,339
,350
,370
,348
,342
,359
,363
,342
,343
,352
,346
,323
2026 05 14 14:33:10.022854,340
,354
,347
,332
,344
,359
,337
,332
,352
,355
,338
,344
,363
,348
2026 05 14 14:33:10.084507,333
,348
,361
,340
,329
,355
,360
,339
,339
,355
,350
,336
,347
,363
2026 05 14 14:33:10.145774,349
,343
,363
,371
,355
,347
,357
,354
,343
,351
,362
,348
,337
,352
2026 05 14 14:33:10.211329,362
,339
,338
,359
,359
,340
,346
,364
,353
,337
,354
,367
,350
,343
2026 05 14 14:33:10.273350,349
,350
,332
,323
,338
,339
,324
,337
,350
,336
,328
,343
,357
,339
2026 05 14 14:33:10.338704,336
,357
,352
,335
,344
,360
,347
,338
,350
,363
,347
,342
,363
,368
2026 05 14 14:33:10.400018,349
,349
,365
,360
,346
,359
,369
,354
,344
,362
,370
,350
,348
,367
2026 05 14 14:33:10.461440,359
,341
,348
,367
,352
,340
,359
,366
,347
,343
,362
,355
,340
,347
2026 05 14 14:33:10.526470,363
,354
,345
,363
,376
,349
,339
,358
,361
,346
,350
,362
,357
,344
2026 05 14 14:33:10.588692,365
,385
,361
,352
,366
,377
,359
,355
,369
,359
,342
,360
,367
,351
2026 05 14 14:33:10.653489,343
,353
,365
,349
,351
,371
,375
,355
,365
,380
,370
,348
,358
,369
2026 05 14 14:33:10.715224,348
,336
,351
,355
,340
,345
,361
,352
,337
,352
,367
,347
,336
,360
2026 05 14 14:33:10.776742,372
,361
,355
,375
,368
,347
,353
,365
,352
,348
,358
,365
,347
,340
2026 05 14 14:33:10.842132,361
,363
,346
,351
,365
,353
,334
,347
,359
,344
,335
,357
,366
,356
2026 05 14 14:33:10.903506,365
,374
,361
,348
,357
,367
,346
,333
,352
,363
,347
,348
,361
,355
2026 05 14 14:33:10.964362,340
,351
,365
,351
,340
,363
,378
,360
,354
,372
,361
,342
,350
,369
2026 05 14 14:33:11.030699,354
,343
,357
,363
,340
,335
,358
,362
,345
,349
,368
,357
,339
,356
2026 05 14 14:33:11.092445,369
,357
,341
,365
,369
,356
,361
,378
,371
,348
,350
,367
,351
,339
2026 05 14 14:33:11.157260,352
,363
,349
,346
,361
,362
,345
,347
,365
,359
,351
,361
,369
,355
2026 05 14 14:33:11.219222,352
,371
,368
,356
,356
,367
,359
,340
,354
,365
,349
,338
,359
,368
2026 05 14 14:33:11.279720,348
,349
,363
,360
,345
,355
,363
,349
,331
,356
,368
,349
,347
,368
2026 05 14 14:33:11.345913,366
,350
,354
,364
,352
,336
,352
,370
,353
,339
,354
,366
,348
,341
2026 05 14 14:33:11.406727,357
,348
,330
,342
,360
,348
,342
,362
,371
,354
,349
,363
,358
,340
2026 05 14 14:33:11.473262,348
,369
,359
,346
,353
,354
,337
,336
,354
,361
,342
,348
,364
,351
2026 05 14 14:33:11.534181,339
,355
,372
,358
,352
,370
,374
,354
,351
,364
,353
,339
,345
,358
2026 05 14 14:33:11.595684,339
,327
,343
,350
,328
,326
,342
,341
,327
,336
,356
,349
,337
,356
2026 05 14 14:33:11.661461,365
,346
,339
,356
,356
,339
,341
,356
,337
,326
,343
,356
,334
,325
2026 05 14 14:33:11.722450,341
,355
,341
,347
,365
,359
,341
,353
,367
,352
,342
,358
,364
,345
2026 05 14 14:33:11.787766,341
,360
,357
,341
,350
,361
,346
,336
,350
,364
,343
,331
,349
,353
2026 05 14 14:33:11.849892,336
,343
,361
,352
,340
,355
,371
,354
,343
,355
,355
,341
,343
,356
2026 05 14 14:33:11.911183,345
,332
,346
,357
,338
,335
,363
,366
,347
,340
,356
,354
,334
,347
2026 05 14 14:33:11.976679,368
,359
,348
,364
,372
,353
,342
,359
,356
,339
,344
,359
,351
,337
2026 05 14 14:33:12.037767,357
,371
,355
,342
,353
,356
,339
,338
,357
,353
,340
,354
,373
,358
2026 05 14 14:33:12.103521,343
,360
,363
,342
,339
,356
,352
,338
,350
,366
,350
,334
,349
,365
2026 05 14 14:33:12.165004,354
,344
,356
,359
,346
,349
,364
,354
,349
,365
,373
,355
,344
,360
2026 05 14 14:33:12.226230,366
,348
,342
,355
,350
,337
,348
,360
,349
,339
,350
,356
,346
,342
2026 05 14 14:33:12.290595,360
,361
,350
,360
,380
,369
,340
,350
,367
,348
,339
,350
,352
,336
2026 05 14 14:33:12.352661,339
,351
,341
,330
,337
,354
,348
,341
,354
,361
,346
,348
,358
,361
2026 05 14 14:33:12.418566,354
,366
,373
,353
,338
,357
,363
,343
,337
,346
,345
,330
,336
,351
2026 05 14 14:33:12.479573,339
,323
,340
,352
,338
,335
,349
,354
,340
,350
,373
,365
,350
,356
2026 05 14 14:33:12.541316,366
,348
,337
,349
,355
,340
,345
,366
,365
,350
,347
,359
,342
,334
2026 05 14 14:33:12.607699,346
,357
,342
,339
,355
,359
,353
,359
,370
,357
,334
,347
,365
,345
2026 05 14 14:33:12.669363,333
,347
,349
,333
,342
,361
,353
,339
,347
,360
,347
,340
,355
,368
2026 05 14 14:33:12.734162,356
,359
,380
,374
,356
,355
,366
,350
,335
,348
,359
,343
,340
,355
2026 05 14 14:33:12.795811,359
,342
,353
,365
,357
,339
,342
,360
,353
,346
,355
,359
,344
,349
2026 05 14 14:33:12.856561,367
,357
,345
,359
,371
,354
,344
,357
,363
,346
,346
,358
,356
,341
2026 05 14 14:33:12.923249,351
,360
,334
,322
,337
,356
,343
,331
,340
,342
,342
,344
,356
,346
2026 05 14 14:33:12.983561,335
,348
,364
,349
,345
,350
,355
,343
,341
,348
,348
,336
,344
,358
2026 05 14 14:33:13.049740,343
,330
,347
,354
,337
,332
,348
,349
,337
,344
,355
,343
,332
,344
2026 05 14 14:33:13.111520,352
,337
,331
,349
,354
,344
,345
,355
,350
,327
,332
,346
,339
,330
2026 05 14 14:33:13.172033,348
,357
,342
,340
,357
,351
,343
,349
,363
,348
,339
,355
,358
,339
2026 05 14 14:33:13.238699,337
,355
,349
,337
,341
,359
,339
,321
,328
,348
,345
,342
,358
,359
2026 05 14 14:33:13.299695,343
,344
,360
,352
,339
,347
,359
,343
,335
,354
,357
,335
,335
,353
2026 05 14 14:33:13.364194,349
,340
,345
,358
,342
,331
,348
,353
,335
,330
,347
,350
,333
,340
2026 05 14 14:33:13.426739,354
,345
,326
,343
,354
,331
,324
,341
,344
,331
,332
,345
,339
,328
2026 05 14 14:33:13.487539,341
,351
,339
,330
,345
,346
,341
,339
,353
,345
,329
,337
,344
,332
2026 05 14 14:33:13.553495,326
,338
,348
,334
,332
,350
,345
,330
,335
,348
,339
,320
,332
,344
2026 05 14 14:33:13.615363,331
,326
,338
,346
,335
,338
,353
,343
,334
,343
,352
,336
,330
,339
2026 05 14 14:33:13.680974,342
,333
,336
,348
,339
,326
,335
,355
,344
,331
,339
,351
,337
,338
2026 05 14 14:33:13.742264,354
,347
,331
,337
,351
,342
,328
,341
,355
,337
,331
,346
,347
,334
2026 05 14 14:33:13.803398,340
,348
,338
,329
,339
,347
,334
,330
,346
,350
,332
,337
,358
,353
2026 05 14 14:33:13.868678,331
,339
,356
,336
,329
,344
,354
,341
,336
,349
,352
,336
,342
,359
2026 05 14 14:33:13.930552,349
,336
,345
,353
,338
,336
,350
,358
,344
,350
,364
,354
,342
,351
2026 05 14 14:33:13.995885,364
,348
,340
,351
,357
,341
,341
,358
,357
,343
,353
,363
,346
,336
2026 05 14 14:33:14.056983,351
,362
,344
,340
,355
,352
,334
,339
,353
,346
,333
,342
,360
,343
2026 05 14 14:33:14.118658,336
,350
,352
,337
,339
,361
,353
,342
,352
,362
,342
,335
,352
,359
2026 05 14 14:33:14.184219,345
,343
,361
,353
,340
,345
,356
,346
,340
,353
,363
,355
,351
,363
2026 05 14 14:33:14.245963,351
,336
,343
,356
,349
,335
,347
,362
,346
,342
,355
,359
,343
,351
2026 05 14 14:33:14.311666,362
,355
,343
,358
,369
,357
,343
,359
,366
,350
,349
,361
,360
,347
2026 05 14 14:33:14.372665,355
,370
,356
,341
,354
,364
,349
,341
,359
,357
,343
,348
,359
,349
2026 05 14 14:33:14.434181,340
,353
,364
,347
,338
,353
,354
,336
,344
,361
,351
,338
,350
,363
2026 05 14 14:33:14.499512,341
,343
,362
,370
,356
,353
,367
,360
,344
,350
,366
,353
,340
,352
2026 05 14 14:33:14.561707,363
,350
,343
,361
,355
,345
,350
,363
,359
,348
,364
,377
,356
,350
2026 05 14 14:33:14.626794,362
,365
,349
,352
,366
,358
,348
,356
,366
,355
,346
,360
,368
,353
2026 05 14 14:33:14.688523,353
,368
,362
,352
,362
,376
,370
,358
,376
,387
,355
,345
,359
,360
2026 05 14 14:33:14.748966,345
,350
,366
,351
,337
,357
,379
,362
,355
,367
,368
,353
,355
,369
2026 05 14 14:33:14.815097,362
,348
,357
,368
,354
,345
,364
,367
,349
,359
,380
,371
,353
,364
2026 05 14 14:33:14.876323,377
,361
,351
,363
,377
,363
,355
,370
,367
,349
,353
,365
,355
,343
2026 05 14 14:33:14.938021,356
,371
,358
,352
,368
,369
,358
,356
,373
,364
,352
,362
,371
,353
2026 05 14 14:33:15.004033,346
,365
,377
,363
,362
,379
,370
,359
,374
,388
,373
,362
,380
,382
2026 05 14 14:33:15.064403,361
,355
,374
,374
,362
,363
,376
,362
,355
,365
,372
,356
,351
,367
2026 05 14 14:33:15.130373,370
,355
,355
,371
,363
,350
,361
,375
,359
,350
,362
,366
,355
,355
2026 05 14 14:33:15.192044,376
,378
,354
,355
,375
,362
,348
,364
,373
,359
,352
,368
,365
,349
2026 05 14 14:33:15.252904,354
,367
,356
,341
,355
,365
,351
,342
,351
,359
,344
,344
,365
,355
2026 05 14 14:33:15.319818,345
,359
,378
,363
,346
,358
,366
,353
,349
,368
,365
,349
,355
,372
2026 05 14 14:33:15.379591,361
,349
,362
,373
,355
,348
,362
,361
,351
,358
,373
,364
,348
,357
2026 05 14 14:33:15.445614,371
,359
,352
,370
,373
,354
,353
,369
,361
,347
,360
,372
,363
,351
2026 05 14 14:33:15.507651,358
,363
,347
,349
,368
,366
,352
,357
,369
,354
,347
,358
,371
,355
2026 05 14 14:33:15.567878,353
,364
,371
,356
,355
,364
,354
,342
,356
,370
,352
,345
,363
,368
2026 05 14 14:33:15.634228,351
,351
,369
,362
,352
,362
,374
,354
,345
,358
,369
,357
,353
,364
2026 05 14 14:33:15.695506,361
,349
,357
,365
,354
,339
,355
,366
,347
,352
,368
,369
,355
,352
2026 05 14 14:33:15.761260,367
,359
,345
,357
,373
,357
,343
,355
,361
,348
,350
,363
,353
,339
2026 05 14 14:33:15.823253,349
,364
,351
,338
,352
,356
,347
,346
,364
,363
,349
,356
,369
,352
2026 05 14 14:33:15.884050,342
,356
,363
,352
,342
,354
,356
,340
,343
,358
,345
,335
,346
,359
2026 05 14 14:33:15.949657,343
,331
,343
,345
,330
,331
,349
,347
,332
,339
,352
,338
,328
,345
2026 05 14 14:33:16.010507,355
,343
,339
,354
,352
,331
,339
,359
,347
,333
,343
,351
,338
,336
2026 05 14 14:33:16.076582,357
,357
,342
,347
,363
,355
,342
,351
,362
,340
,336
,352
,361
,347
2026 05 14 14:33:16.138132,351
,367
,361
,350
,357
,378
,361
,348
,360
,366
,351
,348
,361
,363
2026 05 14 14:33:16.200416,352
,358
,370
,357
,339
,351
,365
,353
,354
,363
,369
,351
,354
,372
2026 05 14 14:33:16.266585,363
,355
,362
,375
,358
,348
,362
,367
,353
,351
,362
,360
,348
,353
2026 05 14 14:33:16.325815,369
,349
,330
,345
,362
,348
,347
,361
,356
,346
,353
,368
,358
,344
2026 05 14 14:33:16.392020,357
,372
,355
,350
,361
,366
,350
,347
,355
,354
,346
,353
,367
,352
2026 05 14 14:33:16.453079,341
,351
,360
,344
,345
,359
,352
,338
,347
,362
,352
,341
,351
,360
2026 05 14 14:33:16.517142,342
,337
,345
,353
,340
,348
,368
,361
,345
,343
,361
,360
,346
,357
2026 05 14 14:33:16.580569,361
,346
,348
,364
,353
,339
,346
,363
,351
,341
,356
,364
,348
,346
2026 05 14 14:33:16.641106,359
,360
,356
,365
,369
,354
,339
,355
,363
,348
,338
,352
,352
,338
2026 05 14 14:33:16.707651,346
,363
,350
,333
,346
,359
,346
,339
,358
,369
,353
,346
,361
,368
2026 05 14 14:33:16.768854,356
,356
,363
,350
,334
,347
,351
,337
,334
,355
,354
,337
,345
,361
2026 05 14 14:33:16.830365,351
,341
,358
,372
,353
,348
,360
,358
,344
,349
,363
,351
,339
,350
2026 05 14 14:33:16.894669,362
,349
,330
,349
,356
,341
,340
,356
,359
,339
,343
,360
,355
,348
2026 05 14 14:33:16.956437,363
,364
,347
,346
,361
,356
,342
,350
,357
,345
,338
,353
,365
,350
2026 05 14 14:33:17.022710,338
,350
,354
,342
,345
,361
,356
,342
,354
,370
,347
,332
,345
,355
2026 05 14 14:33:17.083535,348
,347
,358
,351
,338
,346
,358
,346
,339
,351
,359
,344
,342
,357
2026 05 14 14:33:17.145756,352
,339
,352
,364
,345
,335
,346
,358
,341
,333
,348
,351
,338
,341
2026 05 14 14:33:17.211169,357
,349
,333
,344
,354
,351
,342
,355
,358
,347
,345
,362
,360
,342
2026 05 14 14:33:17.272746,347
,361
,347
,339
,350
,360
,341
,339
,355
,356
,343
,351
,362
,350
2026 05 14 14:33:17.338126,342
,359
,369
,352
,347
,356
,357
,349
,354
,365
,344
,327
,339
,354
2026 05 14 14:33:17.398863,347
,338
,351
,358
,345
,347
,360
,358
,346
,350
,358
,343
,331
,350
2026 05 14 14:33:17.460435,360
,338
,341
,352
,361
,346
,350
,364
,351
,339
,348
,357
,344
,339
2026 05 14 14:33:17.526576,354
,355
,336
,337
,348
,341
,332
,342
,351
,339
,329
,343
,352
,338
2026 05 14 14:33:17.588095,332
,341
,341
,331
,342
,359
,342
,331
,348
,355
,338
,334
,353
,353
2026 05 14 14:33:17.653047,341
,349
,365
,357
,343
,352
,364
,346
,339
,358
,361
,351
,353
,367
2026 05 14 14:33:17.715000,356
,348
,354
,370
,350
,335
,350
,359
,345
,345
,361
,357
,342
,350
2026 05 14 14:33:17.775784,364
,347
,338
,352
,368
,347
,345
,362
,364
,340
,343
,357
,339
,331
2026 05 14 14:33:17.842376,348
,363
,351
,346
,361
,361
,349
,349
,366
,358
,343
,349
,368
,354
2026 05 14 14:33:17.903378,344
,361
,365
,348
,343
,356
,350
,341
,352
,364
,348
,336
,348
,356
2026 05 14 14:33:17.969279,345
,346
,363
,367
,353
,342
,357
,349
,335
,345
,355
,339
,335
,353
2026 05 14 14:33:18.030526,359
,345
,346
,361
,352
,340
,351
,367
,355
,347
,359
,363
,347
,346
2026 05 14 14:33:18.090739,364
,364
,339
,348
,365
,355
,340
,350
,366
,354
,349
,362
,367
,349
2026 05 14 14:33:18.156930,347
,365
,351
,337
,346
,353
,346
,341
,358
,361
,344
,351
,359
,347
2026 05 14 14:33:18.219065,336
,345
,360
,348
,341
,353
,361
,343
,338
,348
,346
,341
,354
,368
2026 05 14 14:33:18.284140,353
,334
,350
,363
,346
,338
,351
,354
,342
,349
,366
,357
,340
,353
2026 05 14 14:33:18.345786,361
,339
,332
,352
,355
,337
,338
,357
,351
,339
,344
,348
,335
,324
2026 05 14 14:33:18.406851,345
,358
,343
,343
,357
,353
,336
,346
,360
,347
,337
,350
,363
,348
2026 05 14 14:33:18.472380,339
,358
,361
,353
,359
,367
,351
,334
,342
,356
,345
,340
,355
,359
2026 05 14 14:33:18.534204,343
,341
,355
,348
,338
,349
,363
,344
,333
,352
,362
,348
,346
,354
2026 05 14 14:33:18.594792,346
,337
,346
,362
,350
,336
,351
,366
,354
,340
,356
,359
,341
,347
2026 05 14 14:33:18.661359,363
,354
,340
,352
,364
,343
,335
,347
,363
,351
,351
,365
,359
,344
2026 05 14 14:33:18.722254,349
,362
,354
,343
,354
,359
,346
,342
,359
,350
,337
,346
,356
,346
2026 05 14 14:33:18.787971,335
,351
,358
,342
,337
,351
,354
,341
,346
,364
,358
,343
,353
,364
2026 05 14 14:33:18.849534,352
,344
,361
,367
,343
,339
,349
,344
,330
,348
,360
,345
,335
,351
2026 05 14 14:33:18.910618,360
,348
,343
,353
,349
,332
,345
,360
,345
,333
,346
,359
,349
,340
2026 05 14 14:33:18.976806,359
,362
,351
,354
,364
,360
,343
,347
,361
,345
,337
,357
,366
,348
2026 05 14 14:33:19.037346,343
,351
,351
,339
,348
,366
,361
,348
,363
,361
,342
,340
,348
,350
2026 05 14 14:33:19.103124,340
,348
,364
,350
,337
,348
,356
,338
,334
,348
,351
,340
,348
,361
2026 05 14 14:33:19.164961,349
,332
,339
,349
,334
,327
,343
,345
,333
,334
,344
,339
,328
,340
2026 05 14 14:33:19.225674,352
,342
,334
,348
,353
,335
,335
,344
,343
,329
,342
,359
,345
,336
2026 05 14 14:33:19.292292,354
,366
,350
,349
,366
,368
,353
,358
,370
,352
,335
,350
,364
,348
2026 05 14 14:33:19.352745,335
,351
,356
,345
,348
,358
,349
,344
,355
,362
,344
,333
,348
,362
2026 05 14 14:33:19.418799,346
,344
,358
,358
,347
,354
,361
,350
,342
,358
,365
,348
,341
,352
2026 05 14 14:33:19.480239,356
,344
,344
,357
,351
,341
,354
,364
,350
,338
,355
,360
,347
,351
2026 05 14 14:33:19.540518,367
,353
,333
,346
,358
,345
,336
,347
,357
,342
,342
,360
,361
,347
2026 05 14 14:33:19.606488,350
,363
,356
,342
,356
,371
,356
,353
,370
,380
,352
,348
,360
,348
2026 05 14 14:33:19.668573,339
,351
,366
,350
,345
,363
,367
,350
,349
,363
,353
,335
,347
,362
2026 05 14 14:33:19.734130,351
,343
,357
,364
,352
,350
,362
,361
,346
,349
,360
,352
,341
,357
2026 05 14 14:33:19.795676,366
,348
,344
,359
,368
,344
,343
,363
,354
,342
,355
,369
,350
,337
2026 05 14 14:33:19.856438,350
,359
,345
,342
,358
,358
,347
,351
,363
,354
,343
,355
,364
,353
2026 05 14 14:33:19.922292,352
,363
,363
,351
,358
,367
,350
,336
,352
,366
,348
,340
,350
,359
2026 05 14 14:33:19.983745,345
,351
,369
,366
,348
,357
,372
,356
,340
,353
,363
,350
,347
,363
2026 05 14 14:33:20.049173,354
,346
,348
,357
,348
,339
,352
,361
,339
,339
,353
,358
,347
,353
2026 05 14 14:33:20.111292,367
,352
,344
,355
,363
,349
,340
,353
,361
,344
,352
,360
,342
,337
2026 05 14 14:33:20.172301,347
,366
,355
,344
,360
,362
,345
,344
,361
,358
,343
,350
,360
,348
2026 05 14 14:33:20.238080,339
,358
,369
,355
,342
,348
,352
,343
,347
,363
,346
,333
,345
,360
2026 05 14 14:33:20.299419,348
,340
,358
,359
,344
,341
,355
,351
,338
,349
,356
,342
,339
,356
2026 05 14 14:33:20.365082,356
,337
,330
,355
,354
,340
,348
,363
,351
,334
,348
,365
,348
,343
2026 05 14 14:33:20.426699,356
,357
,344
,349
,365
,357
,350
,348
,359
,349
,343
,351
,357
,345
2026 05 14 14:33:20.487338,344
,360
,353
,340
,353
,366
,351
,343
,360
,369
,354
,351
,363
,357
2026 05 14 14:33:20.553528,343
,349
,369
,360
,348
,347
,359
,348
,341
,357
,357
,343
,345
,360
2026 05 14 14:33:20.614342,353
,340
,354
,367
,352
,340
,356
,360
,351
,352
,369
,366
,343
,335
2026 05 14 14:33:20.680533,342
,340
,337
,353
,362
,342
,342
,357
,357
,348
,352
,362
,352
,343
2026 05 14 14:33:20.741851,363
,370
,353
,344
,357
,360
,337
,343
,358
,351
,338
,351
,366
,349
2026 05 14 14:33:20.803365,342
,356
,361
,347
,347
,359
,351
,341
,347
,361
,349
,338
,353
,369
2026 05 14 14:33:20.868828,352
,342
,352
,350
,341
,347
,361
,347
,337
,353
,361
,345
,336
,352
2026 05 14 14:33:20.929879,354
,344
,343
,360
,360
,346
,354
,368
,360
,348
,348
,354
,342
,342
2026 05 14 14:33:20.995707,359
,353
,339
,346
,360
,345
,331
,345
,356
,348
,344
,368
,361
,344
2026 05 14 14:33:21.056546,350
,364
,355
,336
,347
,360
,349
,341
,355
,349
,334
,345
,353
,343
2026 05 14 14:33:21.118726,332
,343
,358
,346
,337
,356
,367
,347
,344
,360
,351
,336
,345
,356
2026 05 14 14:33:21.184201,343
,334
,347
,361
,348
,345
,352
,347
,335
,338
,357
,350
,334
,341
2026 05 14 14:33:21.245468,358
,345
,341
,352
,351
,341
,339
,353
,347
,337
,348
,365
,350
,339
2026 05 14 14:33:21.310978,348
,350
,331
,335
,354
,353
,339
,342
,359
,344
,335
,349
,358
,344
2026 05 14 14:33:21.372646,340
,354
,354
,339
,342
,358
,349
,341
,352
,364
,347
,338
,348
,350
2026 05 14 14:33:21.434216,345
,350
,357
,350
,336
,346
,364
,350
,341
,354
,356
,341
,342
,361
2026 05 14 14:33:21.499298,356
,343
,349
,360
,345
,335
,341
,353
,340
,341
,357
,355
,342
,346
2026 05 14 14:33:21.561689,363
,353
,330
,345
,360
,341
,330
,341
,343
,327
,329
,350
,345
,329
2026 05 14 14:33:21.626729,341
,354
,339
,333
,350
,361
,344
,343
,358
,357
,345
,352
,367
,349
2026 05 14 14:33:21.687995,337
,349
,359
,343
,342
,357
,364
,341
,342
,362
,350
,337
,349
,362
2026 05 14 14:33:21.748708,347
,342
,356
,363
,348
,345
,352
,343
,333
,346
,363
,350
,338
,351
2026 05 14 14:33:21.814514,363
,350
,347
,367
,360
,339
,345
,359
,350
,338
,350
,365
,350
,347
2026 05 14 14:33:21.876542,362
,365
,343
,346
,357
,352
,341
,354
,368
,352
,342
,351
,358
,346
2026 05 14 14:33:21.941719,347
,367
,363
,340
,346
,359
,346
,335
,345
,354
,338
,338
,354
,352
2026 05 14 14:33:22.003219,342
,346
,360
,347
,336
,347
,358
,347
,344
,362
,361
,348
,348
,368
2026 05 14 14:33:22.064165,363
,347
,349
,363
,348
,338
,350
,355
,344
,346
,359
,349
,336
,350
2026 05 14 14:33:22.130306,362
,351
,344
,353
,360
,341
,339
,358
,361
,347
,344
,358
,346
,335
2026 05 14 14:33:22.191883,350
,364
,345
,339
,354
,359
,346
,352
,365
,354
,347
,357
,365
,345
2026 05 14 14:33:22.257123,336
,351
,361
,346
,345
,360
,355
,335
,348
,362
,351
,345
,352
,359
2026 05 14 14:33:22.318735,344
,341
,359
,355
,346
,349
,361
,350
,340
,352
,362
,344
,336
,352
2026 05 14 14:33:22.379366,356
,344
,343
,361
,353
,339
,354
,368
,352
,342
,351
,350
,338
,342
2026 05 14 14:33:22.445320,360
,352
,336
,339
,357
,342
,331
,348
,354
,342
,339
,359
,353
,340
2026 05 14 14:33:22.507288,351
,357
,351
,343
,354
,363
,350
,337
,350
,353
,341
,347
,365
,359
2026 05 14 14:33:22.569641,339
,347
,362
,344
,336
,354
,359
,344
,344
,361
,357
,341
,352
,363
2026 05 14 14:33:22.633364,350
,335
,347
,362
,354
,352
,366
,359
,341
,343
,353
,340
,327
,341
2026 05 14 14:33:22.695400,353
,340
,339
,354
,357
,342
,341
,359
,351
,341
,354
,371
,358
,349
2026 05 14 14:33:22.760953,350
,352
,337
,337
,354
,347
,336
,348
,361
,349
,337
,348
,354
,342
2026 05 14 14:33:22.822439,338
,355
,351
,342
,343
,362
,352
,343
,351
,357
,340
,334
,351
,355
2026 05 14 14:33:22.884130,343
,340
,354
,353
,338
,346
,364
,350
,341
,353
,361
,350
,345
,361
2026 05 14 14:33:22.949275,359
,346
,338
,354
,343
,334
,350
,362
,346
,332
,351
,349
,344
,353
2026 05 14 14:33:23.010973,364
,356
,344
,350
,367
,351
,341
,353
,353
,329
,331
,352
,347
,332
2026 05 14 14:33:23.076413,343
,356
,343
,332
,343
,351
,339
,341
,354
,349
,334
,338
,360
,351
2026 05 14 14:33:23.138030,338
,354
,363
,349
,349
,364
,351
,338
,343
,349
,337
,324
,340
,356
2026 05 14 14:33:23.199108,342
,337
,348
,356
,338
,342
,364
,357
,345
,356
,370
,353
,345
,358
2026 05 14 14:33:23.264015,368
,346
,338
,349
,346
,332
,336
,354
,337
,324
,344
,351
,338
,334
2026 05 14 14:33:23.325443,348
,354
,343
,339
,354
,347
,333
,350
,361
,347
,340
,359
,364
,347
2026 05 14 14:33:23.392476,338
,352
,349
,333
,342
,353
,341
,332
,343
,350
,340
,339
,357
,353
2026 05 14 14:33:23.453229,339
,343
,354
,341
,335
,348
,362
,350
,343
,351
,347
,331
,337
,353
2026 05 14 14:33:23.514649,340
,332
,348
,356
,343
,337
,354
,356
,347
,348
,362
,354
,340
,352
2026 05 14 14:33:23.580031,365
,346
,327
,341
,350
,337
,336
,351
,348
,336
,342
,356
,344
,331
2026 05 14 14:33:23.640828,344
,358
,346
,333
,347
,350
,338
,341
,354
,345
,333
,346
,358
,345
2026 05 14 14:33:23.707174,341
,349
,353
,341
,343
,355
,355
,341
,349
,362
,347
,336
,344
,352
2026 05 14 14:33:23.768888,335
,338
,357
,353
,339
,340
,361
,353
,342
,353
,361
,344
,337
,354
2026 05 14 14:33:23.829375,353
,341
,343
,354
,348
,336
,351
,366
,353
,342
,355
,358
,345
,343
2026 05 14 14:33:23.896054,354
,356
,337
,339
,357
,343
,333
,340
,348
,335
,334
,352
,348
,341
2026 05 14 14:33:23.957037,347
,357
,350
,339
,352
,365
,350
,341
,356
,348
,334
,336
,350
,337
2026 05 14 14:33:24.022618,325
,341
,355
,332
,318
,338
,342
,333
,338
,348
,344
,332
,348
,362
2026 05 14 14:33:24.084061,350
,340
,350
,358
,341
,338
,355
,355
,340
,347
,364
,354
,339
,347
2026 05 14 14:33:24.145423,365
,355
,350
,357
,354
,338
,340
,356
,347
,334
,345
,358
,343
,335
2026 05 14 14:33:24.210984,351
,351
,337
,339
,356
,347
,339
,349
,363
,354
,351
,362
,369
,350
2026 05 14 14:33:24.272365,339
,356
,360
,347
,346
,360
,344
,334
,347
,359
,346
,340
,356
,354
2026 05 14 14:33:24.337510,342
,340
,357
,350
,341
,356
,367
,354
,333
,348
,355
,341
,339
,355
2026 05 14 14:33:24.399471,353
,339
,346
,363
,351
,340
,347
,356
,345
,345
,358
,358
,346
,353
2026 05 14 14:33:24.460271,372
,363
,349
,361
,365
,344
,340
,354
,356
,340
,342
,352
,345
,336
2026 05 14 14:33:24.526436,348
,360
,349
,342
,358
,362
,347
,344
,359
,358
,348
,358
,368
,352
2026 05 14 14:33:24.587637,338
,349
,362
,349
,348
,361
,365
,346
,351
,365
,352
,335
,350
,370
2026 05 14 14:33:24.653398,358
,351
,364
,368
,349
,347
,365
,357
,348
,358
,369
,345
,333
,350
2026 05 14 14:33:24.714648,366
,349
,345
,360
,358
,345
,352
,370
,359
,347
,359
,369
,349
,347
2026 05 14 14:33:24.775439,365
,359
,344
,350
,369
,360
,344
,355
,364
,349
,342
,357
,360
,346
2026 05 14 14:33:24.841388,349
,357
,350
,342
,353
,365
,352
,345
,361
,362
,351
,347
,355
,355
2026 05 14 14:33:24.902079,339
,351
,370
,355
,344
,352
,362
,351
,342
,352
,354
,340
,342
,361
2026 05 14 14:33:24.968908,351
,342
,358
,366
,354
,345
,356
,362
,350
,351
,364
,351
,339
,350
2026 05 14 14:33:25.031340,368
,352
,343
,349
,361
,349
,339
,360
,366
,344
,344
,357
,351
,350
2026 05 14 14:33:25.090647,359
,361
,346
,345
,361
,364
,348
,350
,368
,356
,342
,354
,366
,353
2026 05 14 14:33:25.157154,342
,356
,360
,347
,338
,350
,356
,345
,353
,374
,354
,342
,352
,363
2026 05 14 14:33:25.218397,345
,340
,357
,355
,342
,351
,365
,354
,338
,350
,360
,342
,336
,358
2026 05 14 14:33:25.283519,357
,347
,351
,361
,353
,345
,360
,377
,364
,344
,362
,365
,355
,354
2026 05 14 14:33:25.345643,368
,360
,332
,339
,354
,344
,328
,340
,355
,341
,340
,356
,354
,340
2026 05 14 14:33:25.406668,346
,360
,353
,338
,351
,370
,350
,338
,356
,357
,344
,353
,370
,363
2026 05 14 14:33:25.472534,351
,362
,371
,355
,349
,363
,369
,349
,346
,366
,363
,344
,351
,367
2026 05 14 14:33:25.533431,352
,337
,348
,359
,342
,332
,356
,357
,338
,340
,353
,345
,328
,342
2026 05 14 14:33:25.599060,362
,349
,345
,360
,362
,349
,354
,359
,351
,345
,353
,365
,348
,341
2026 05 14 14:33:25.660978,353
,357
,349
,353
,368
,363
,346
,360
,374
,355
,335
,348
,366
,352
2026 05 14 14:33:25.722411,346
,351
,348
,353
,358
,369
,356
,341
,352
,365
,350
,336
,353
,355
2026 05 14 14:33:25.787824,341
,342
,357
,351
,333
,341
,363
,352
,341
,361
,368
,349
,346
,361
2026 05 14 14:33:25.849044,356
,339
,349
,367
,352
,333
,345
,357
,348
,346
,359
,356
,337
,339
2026 05 14 14:33:25.914618,349
,341
,330
,346
,359
,341
,330
,350
,358
,341
,345
,359
,355
,340
2026 05 14 14:33:25.976379,352
,367
,351
,336
,349
,359
,346
,346
,357
,349
,338
,346
,357
,346
2026 05 14 14:33:26.037420,334
,350
,358
,348
,343
,360
,362
,340
,345
,357
,352
,341
,353
,369
2026 05 14 14:33:26.103069,345
,337
,349
,359
,346
,346
,360
,354
,342
,354
,369
,350
,337
,351
2026 05 14 14:33:26.164720,360
,342
,339
,359
,352
,337
,344
,357
,355
,342
,353
,367
,351
,349
2026 05 14 14:33:26.226176,364
,362
,344
,356
,357
,348
,336
,352
,363
,347
,339
,356
,360
,343
2026 05 14 14:33:26.291093,346
,358
,353
,347
,359
,379
,360
,344
,354
,364
,350
,346
,353
,354
2026 05 14 14:33:26.352336,344
,349
,362
,350
,339
,349
,359
,350
,345
,360
,362
,347
,346
,362
2026 05 14 14:33:26.419303,351
,339
,349
,359
,344
,344
,353
,364
,348
,351
,365
,356
,343
,353
2026 05 14 14:33:26.480196,362
,340
,338
,351
,357
,342
,338
,353
,356
,342
,354
,361
,343
,335
2026 05 14 14:33:26.540753,349
,355
,341
,335
,351
,356
,344
,348
,360
,351
,341
,354
,365
,346
2026 05 14 14:33:26.606605,339
,355
,364
,351
,351
,365
,350
,337
,351
,368
,354
,341
,352
,363
2026 05 14 14:33:26.668176,348
,350
,361
,357
,343
,348
,363
,348
,336
,352
,364
,350
,343
,364
2026 05 14 14:33:26.733410,363
,337
,343
,360
,356
,342
,355
,373
,350
,338
,351
,354
,346
,347
2026 05 14 14:33:26.794885,360
,361
,345
,356
,369
,352
,348
,357
,353
,335
,334
,354
,353
,337
2026 05 14 14:33:26.856613,340
,362
,353
,338
,352
,366
,354
,345
,358
,363
,343
,345
,356
,348
2026 05 14 14:33:26.922720,335
,353
,364
,350
,348
,361
,371
,348
,345
,358
,352
,339
,352
,364
2026 05 14 14:33:26.984044,349
,337
,350
,358
,345
,341
,356
,356
,342
,348
,366
,352
,338
,352
2026 05 14 14:33:27.048967,362
,351
,335
,353
,358
,342
,343
,356
,348
,336
,348
,363
,345
,337
2026 05 14 14:33:27.111297,355
,359
,342
,348
,364
,361
,350
,359
,375
,366
,340
,350
,359
,341
2026 05 14 14:33:27.172685,340
,355
,358
,345
,349
,369
,359
,348
,361
,372
,359
,352
,370
,369
2026 05 14 14:33:27.238068,348
,354
,370
,361
,350
,363
,362
,345
,338
,353
,361
,354
,354
,372
2026 05 14 14:33:27.298534,366
,346
,351
,369
,360
,346
,360
,366
,350
,348
,359
,355
,344
,349
2026 05 14 14:33:27.364329,367
,364
,349
,359
,371
,358
,345
,367
,369
,352
,352
,364
,356
,343
2026 05 14 14:33:27.426529,354
,358
,344
,331
,348
,364
,351
,351
,361
,360
,347
,355
,370
,363
2026 05 14 14:33:27.487640,334
,347
,361
,347
,343
,353
,361
,356
,358
,371
,357
,342
,364
,372
2026 05 14 14:33:27.553388,354
,349
,365
,365
,347
,347
,358
,357
,336
,349
,362
,350
,336
,351
2026 05 14 14:33:27.614975,360
,349
,348
,364
,359
,344
,347
,366
,348
,341
,353
,359
,350
,348
2026 05 14 14:33:27.680365,362
,364
,346
,351
,366
,347
,336
,352
,369
,350
,344
,361
,361
,342
2026 05 14 14:33:27.741237,338
,352
,349
,338
,355
,369
,345
,332
,350
,359
,348
,349
,367
,360
2026 05 14 14:33:27.802255,349
,356
,369
,357
,347
,363
,372
,352
,345
,352
,353
,340
,342
,354
2026 05 14 14:33:27.867961,350
,342
,354
,373
,359
,351
,367
,369
,349
,351
,361
,350
,339
,352
2026 05 14 14:33:27.929484,373
,354
,343
,351
,352
,345
,342
,360
,358
,339
,348
,369
,354
,342
2026 05 14 14:33:27.994531,354
,366
,349
,347
,358
,354
,343
,348
,365
,357
,346
,363
,375
,351
2026 05 14 14:33:28.057087,335
,349
,356
,340
,349
,362
,358
,347
,357
,372
,359
,348
,366
,371
2026 05 14 14:33:28.117730,355
,357
,369
,362
,344
,351
,362
,354
,346
,359
,368
,348
,345
,359
2026 05 14 14:33:28.184055,360
,352
,358
,373
,357
,344
,351
,368
,354
,344
,363
,368
,353
,348
2026 05 14 14:33:28.244338,359
,350
,339
,344
,358
,343
,330
,344
,350
,337
,336
,356
,354
,332
2026 05 14 14:33:28.311551,347
,372
,352
,346
,363
,375
,364
,355
,361
,362
,346
,352
,361
,355
2026 05 14 14:33:28.372472,340
,354
,364
,350
,344
,356
,364
,348
,352
,363
,353
,340
,355
,370
2026 05 14 14:33:28.433244,357
,345
,359
,367
,354
,353
,363
,353
,343
,357
,373
,355
,342
,349
2026 05 14 14:33:28.498598,361
,352
,350
,371
,371
,352
,352
,367
,358
,345
,357
,367
,359
,352
2026 05 14 14:33:28.560457,369
,367
,349
,341
,360
,356
,346
,358
,374
,357
,340
,353
,362
,350
2026 05 14 14:33:28.626734,347
,362
,361
,346
,356
,369
,350
,339
,360
,368
,351
,341
,354
,354
2026 05 14 14:33:28.688422,337
,344
,360
,355
,343
,355
,369
,353
,341
,351
,354
,341
,338
,350
2026 05 14 14:33:28.749515,354
,342
,353
,373
,361
,347
,365
,359
,345
,343
,358
,358
,342
,347
2026 05 14 14:33:28.814516,366
,353
,337
,354
,366
,350
,349
,366
,368
,350
,355
,372
,356
,342
2026 05 14 14:33:28.876648,353
,369
,356
,348
,363
,351
,339
,345
,363
,355
,336
,349
,367
,361
2026 05 14 14:33:28.942114,341
,356
,365
,352
,347
,363
,358
,345
,350
,364
,352
,343
,357
,373
2026 05 14 14:33:29.003534,362
,357
,359
,363
,348
,352
,369
,356
,344
,355
,371
,357
,352
,364
2026 05 14 14:33:29.063911,372
,357
,357
,365
,357
,341
,348
,367
,353
,339
,356
,370
,353
,353
2026 05 14 14:33:29.130221,368
,361
,348
,351
,362
,351
,335
,356
,366
,352
,346
,363
,365
,345
2026 05 14 14:33:29.192159,347
,362
,356
,346
,363
,377
,363
,351
,363
,359
,344
,345
,358
,355
2026 05 14 14:33:29.257674,339
,352
,363
,350
,340
,352
,364
,345
,343
,352
,350
,345
,357
,369
2026 05 14 14:33:29.319365,355
,345
,360
,370
,349
,339
,352
,357
,343
,345
,362
,355
,343
,353
2026 05 14 14:33:29.379172,366
,350
,341
,351
,360
,349
,348
,362
,354
,339
,345
,361
,358
,343
2026 05 14 14:33:29.446020,359
,371
,348
,341
,355
,355
,341
,344
,358
,346
,335
,347
,355
,341
2026 05 14 14:33:29.507129,340
,358
,359
,341
,347
,362
,357
,352
,355
,367
,349
,337
,350
,350
2026 05 14 14:33:29.572745,337
,334
,351
,349
,335
,343
,356
,345
,333
,349
,361
,345
,342
,356
2026 05 14 14:33:29.633918,362
,336
,346
,359
,351
,339
,358
,369
,350
,331
,348
,352
,339
,339
2026 05 14 14:33:29.694605,355
,352
,338
,347
,360
,348
,336
,349
,357
,342
,343
,359
,353
,334
2026 05 14 14:33:29.760693,345
,369
,354
,345
,356
,349
,339
,335
,352
,353
,341
,345
,360
,344
2026 05 14 14:33:29.822201,334
,348
,361
,343
,336
,350
,353
,340
,341
,355
,353
,343
,356
,374
2026 05 14 14:33:29.887544,347
,333
,339
,344
,335
,340
,357
,349
,333
,341
,358
,343
,332
,344
2026 05 14 14:33:29.949135,356
,341
,337
,356
,351
,330
,341
,357
,350
,336
,341
,359
,346
,340
2026 05 14 14:33:30.010590,353
,362
,350
,342
,357
,353
,341
,352
,367
,348
,338
,352
,358
,345
2026 05 14 14:33:30.076523,347
,361
,354
,342
,355
,369
,354
,340
,347
,362
,347
,345
,364
,365
2026 05 14 14:33:30.137596,353
,352
,358
,349
,336
,349
,363
,343
,336
,347
,353
,343
,345
,360
2026 05 14 14:33:30.203612,355
,343
,359
,364
,342
,333
,353
,363
,351
,348
,367
,362
,335
,349
2026 05 14 14:33:30.264222,361
,348
,334
,348
,361
,345
,341
,359
,354
,342
,350
,362
,350
,344
2026 05 14 14:33:30.325452,361
,370
,348
,337
,356
,361
,341
,338
,357
,351
,339
,351
,367
,352
2026 05 14 14:33:30.391472,335
,348
,358
,341
,338
,352
,347
,333
,339
,354
,341
,333
,346
,353
2026 05 14 14:33:30.453199,335
,324
,345
,349
,333
,334
,349
,345
,332
,339
,355
,341
,336
,352
2026 05 14 14:33:30.513870,359
,349
,345
,360
,357
,346
,360
,372
,340
,327
,345
,354
,339
,332
2026 05 14 14:33:30.580035,350
,349
,334
,344
,361
,346
,337
,351
,362
,347
,342
,355
,355
,339
2026 05 14 14:33:30.640978,337
,352
,345
,333
,342
,358
,338
,336
,349
,353
,328
,324
,349
,350
2026 05 14 14:33:30.707466,338
,350
,361
,344
,334
,344
,352
,339
,335
,352
,353
,341
,345
,364
2026 05 14 14:33:30.767738,346
,337
,349
,364
,346
,332
,350
,350
,338
,337
,349
,339
,332
,343
2026 05 14 14:33:30.829333,354
,338
,331
,349
,356
,343
,345
,357
,356
,347
,357
,364
,350
,342
2026 05 14 14:33:30.894636,344
,353
,338
,334
,347
,350
,340
,346
,359
,348
,337
,350
,360
,347
2026 05 14 14:33:30.956964,336
,355
,353
,337
,336
,356
,351
,336
,350
,366
,350
,334
,346
,354
2026 05 14 14:33:31.022389,338
,335
,352
,354
,337
,340
,361
,349
,343
,360
,366
,351
,343
,361
2026 05 14 14:33:31.083966,357
,342
,350
,365
,351
,337
,351
,367
,360
,341
,354
,358
,338
,342
2026 05 14 14:33:31.144675,354
,344
,331
,338
,355
,338
,330
,346
,354
,336
,338
,351
,360
,349
2026 05 14 14:33:31.210950,360
,372
,357
,345
,359
,368
,352
,340
,355
,354
,339
,348
,358
,348
2026 05 14 14:33:31.272099,339
,352
,362
,346
,341
,358
,363
,351
,351
,367
,359
,345
,354
,357
2026 05 14 14:33:31.338435,343
,334
,351
,362
,349
,351
,350
,347
,336
,348
,363
,349
,334
,346
2026 05 14 14:33:31.398817,358
,348
,337
,357
,356
,343
,349
,363
,353
,344
,360
,371
,348
,342
2026 05 14 14:33:31.460728,359
,357
,344
,344
,364
,359
,346
,352
,365
,345
,337
,358
,367
,350
2026 05 14 14:33:31.526625,348
,360
,356
,341
,352
,365
,344
,336
,355
,368
,353
,339
,356
,355
2026 05 14 14:33:31.587190,345
,348
,364
,354
,344
,351
,371
,359
,341
,356
,359
,346
,349
,365
2026 05 14 14:33:31.653510,356
,342
,352
,365
,341
,332
,347
,360
,350
,346
,364
,363
,346
,351
2026 05 14 14:33:31.714503,368
,353
,342
,347
,354
,342
,346
,361
,365
,349
,349
,362
,351
,329
2026 05 14 14:33:31.775673,341
,362
,346
,344
,358
,359
,345
,342
,355
,346
,336
,350
,373
,354
2026 05 14 14:33:31.841188,327
,340
,349
,342
,343
,358
,357
,344
,344
,356
,342
,338
,344
,358
2026 05 14 14:33:31.902591,344
,340
,356
,353
,339
,344
,360
,353
,340
,353
,371
,351
,344
,358
2026 05 14 14:33:31.968720,359
,340
,346
,362
,353
,336
,344
,358
,343
,336
,353
,363
,342
,332
2026 05 14 14:33:32.030095,353
,348
,329
,334
,353
,341
,327
,340
,352
,339
,334
,343
,343
,339
2026 05 14 14:33:32.090789,343
,363
,356
,340
,353
,362
,351
,345
,358
,364
,352
,350
,363
,352
2026 05 14 14:33:32.157050,328
,337
,355
,343
,329
,337
,347
,337
,331
,359
,353
,332
,340
,358
2026 05 14 14:33:32.217791,344
,330
,345
,354
,341
,339
,356
,355
,337
,335
,349
,339
,329
,342
2026 05 14 14:33:32.285093,359
,344
,339
,353
,361
,346
,340
,350
,344
,331
,344
,358
,346
,337
2026 05 14 14:33:32.345911,350
,356
,352
,340
,351
,351
,343
,343
,360
,346
,337
,343
,347
,332
2026 05 14 14:33:32.406371,333
,347
,346
,329
,331
,343
,338
,328
,338
,356
,343
,330
,345
,350
2026 05 14 14:33:32.472452,329
,329
,347
,344
,335
,344
,344
,331
,330
,345
,355
,337
,339
,353
2026 05 14 14:33:32.534467,353
,340
,346
,360
,348
,334
,353
,365
,351
,339
,354
,360
,336
,336
2026 05 14 14:33:32.598742,351
,340
,331
,343
,363
,346
,341
,359
,363
,347
,344
,360
,356
,340
2026 05 14 14:33:32.661469,347
,362
,359
,349
,354
,362
,349
,345
,357
,356
,345
,355
,369
,358
2026 05 14 14:33:32.721352,342
,358
,370
,356
,352
,359
,364
,352
,351
,361
,351
,338
,349
,365
2026 05 14 14:33:32.787916,350
,334
,354
,357
,334
,332
,351
,347
,335
,344
,364
,360
,346
,359
2026 05 14 14:33:32.851526,365
,346
,339
,357
,360
,347
,352
,358
,346
,340
,354
,369
,358
,341
2026 05 14 14:33:32.914511,356
,364
,348
,346
,361
,355
,339
,348
,364
,348
,340
,353
,360
,345
2026 05 14 14:33:32.976825,341
,357
,351
,334
,345
,363
,348
,333
,349
,362
,343
,344
,364
,362
2026 05 14 14:33:33.037560,346
,352
,362
,355
,339
,350
,359
,341
,336
,356
,364
,348
,351
,362
2026 05 14 14:33:33.103109,353
,332
,352
,369
,358
,341
,358
,365
,350
,340
,347
,349
,340
,342
2026 05 14 14:33:33.164107,356
,347
,338
,353
,366
,345
,337
,350
,361
,355
,348
,359
,347
,334
2026 05 14 14:33:33.230244,348
,366
,353
,348
,359
,360
,340
,338
,361
,352
,344
,354
,364
,351
2026 05 14 14:33:33.291626,342
,351
,359
,343
,348
,354
,346
,341
,349
,362
,350
,342
,349
,361
2026 05 14 14:33:33.353122,351
,343
,354
,356
,339
,346
,366
,361
,341
,354
,371
,348
,337
,351
2026 05 14 14:33:33.418854,342
,332
,345
,363
,358
,342
,345
,363
,348
,335
,346
,356
,345
,345
2026 05 14 14:33:33.480661,366
,356
,340
,342
,362
,351
,345
,354
,364
,351
,345
,357
,356
,345
2026 05 14 14:33:33.545212,343
,360
,355
,339
,353
,372
,358
,347
,367
,364
,348
,352
,366
,356
2026 05 14 14:33:33.607004,344
,353
,367
,352
,339
,350
,361
,350
,341
,358
,371
,351
,353
,364
2026 05 14 14:33:33.667750,355
,347
,356
,364
,351
,344
,356
,358
,342
,348
,362
,348
,334
,349
2026 05 14 14:33:33.733015,362
,344
,336
,353
,360
,347
,343
,364
,367
,354
,362
,366
,346
,336
2026 05 14 14:33:33.794402,344
,363
,349
,350
,360
,355
,337
,340
,361
,355
,347
,361
,374
,363
2026 05 14 14:33:33.860237,356
,364
,362
,354
,353
,363
,359
,347
,358
,366
,350
,345
,353
,360
2026 05 14 14:33:33.922637,342
,351
,377
,369
,348
,351
,368
,358
,340
,353
,361
,348
,340
,357
2026 05 14 14:33:33.982913,355
,342
,343
,361
,345
,334
,346
,367
,355
,348
,362
,359
,342
,346
2026 05 14 14:33:34.048712,356
,347
,334
,344
,361
,352
,347
,362
,370
,357
,345
,357
,358
,342
2026 05 14 14:33:34.111482,344
,373
,363
,341
,356
,370
,353
,343
,358
,359
,349
,353
,360
,349
2026 05 14 14:33:34.176715,338
,352
,367
,353
,337
,354
,361
,344
,346
,361
,353
,341
,349
,365
2026 05 14 14:33:34.237506,349
,335
,351
,358
,343
,336
,356
,357
,341
,354
,375
,364
,346
,353
2026 05 14 14:33:34.299061,366
,358
,355
,369
,367
,348
,354
,365
,355
,346
,360
,374
,360
,354
2026 05 14 14:33:34.364320,367
,366
,336
,336
,350
,342
,339
,352
,366
,346
,324
,339
,347
,340
2026 05 14 14:33:34.426222,346
,362
,364
,349
,360
,374
,358
,345
,355
,369
,356
,351
,367
,364
2026 05 14 14:33:34.486855,331
,345
,364
,358
,346
,358
,370
,353
,345
,359
,365
,354
,349
,365
2026 05 14 14:33:34.553101,355
,343
,355
,369
,357
,341
,355
,362
,347
,341
,364
,368
,348
,352
2026 05 14 14:33:34.613946,364
,357
,336
,350
,365
,349
,340
,358
,356
,340
,346
,364
,355
,345
2026 05 14 14:33:34.680414,351
,369
,358
,349
,362
,368
,351
,349
,359
,357
,345
,352
,370
,354
2026 05 14 14:33:34.741758,338
,354
,366
,350
,348
,369
,370
,354
,352
,366
,354
,340
,351
,362
2026 05 14 14:33:34.802365,349
,345
,358
,359
,344
,343
,366
,358
,338
,354
,377
,362
,355
,374
2026 05 14 14:33:34.869347,373
,360
,355
,371
,359
,345
,356
,370
,357
,341
,355
,366
,355
,352
2026 05 14 14:33:34.929768,369
,371
,357
,356
,368
,355
,330
,349
,368
,354
,348
,360
,365
,352
2026 05 14 14:33:34.995405,353
,368
,359
,341
,352
,370
,364
,354
,365
,361
,347
,341
,355
,353
2026 05 14 14:33:35.056928,342
,353
,373
,356
,343
,347
,351
,340
,345
,360
,369
,356
,363
,376
2026 05 14 14:33:35.117687,369
,349
,354
,366
,347
,343
,356
,362
,345
,350
,370
,361
,348
,359
2026 05 14 14:33:35.183156,365
,360
,353
,363
,369
,354
,353
,368
,366
,342
,354
,371
,354
,341
2026 05 14 14:33:35.245434,352
,355
,340
,344
,364
,367
,355
,351
,367
,355
,338
,347
,367
,359
2026 05 14 14:33:35.310609,347
,359
,357
,339
,343
,371
,359
,335
,352
,374
,364
,352
,365
,373
2026 05 14 14:33:35.372303,359
,352
,359
,355
,346
,351
,367
,350
,333
,347
,360
,342
,333
,343
2026 05 14 14:33:35.433650,357
,352
,354
,373
,358
,343
,356
,359
,343
,335
,350
,353
,337
,337
2026 05 14 14:33:35.498599,354
,347
,336
,346
,361
,352
,339
,339
,353
,338
,339
,353
,352
,344
2026 05 14 14:33:35.559934,352
,360
,351
,342
,352
,364
,346
,337
,356
,352
,340
,352
,359
,349
2026 05 14 14:33:35.626176,338
,354
,364
,347
,337
,347
,352
,344
,348
,363
,361
,340
,348
,367
2026 05 14 14:33:35.688132,356
,336
,342
,350
,343
,334
,353
,353
,340
,345
,363
,354
,345
,357
2026 05 14 14:33:35.748548,371
,356
,344
,360
,353
,339
,341
,348
,343
,331
,339
,343
,330
,320
2026 05 14 14:33:35.814030,347
,350
,342
,348
,367
,364
,346
,352
,370
,352
,339
,351
,361
,351
2026 05 14 14:33:35.876162,337
,346
,345
,333
,339
,358
,350
,337
,353
,367
,348
,343
,359
,357
2026 05 14 14:33:35.941741,343
,341
,357
,342
,318
,330
,345
,331
,316
,332
,340
,325
,330
,345
2026 05 14 14:33:36.003128,341
,328
,342
,360
,344
,336
,351
,368
,349
,350
,352
,338
,326
,336
2026 05 14 14:33:36.064091,347
,338
,325
,338
,351
,334
,328
,353
,353
,336
,339
,360
,352
,332
2026 05 14 14:33:36.130169,350
,375
,361
,345
,355
,358
,341
,343
,368
,356
,337
,345
,363
,353
2026 05 14 14:33:36.191236,345
,360
,362
,349
,336
,344
,340
,326
,338
,354
,343
,340
,347
,364
2026 05 14 14:33:36.257112,349
,340
,361
,363
,354
,359
,377
,369
,349
,347
,367
,350
,330
,342
2026 05 14 14:33:36.318226,350
,329
,338
,358
,350
,340
,351
,362
,348
,338
,349
,360
,350
,344
2026 05 14 14:33:36.379349,353
,355
,347
,352
,363
,347
,345
,355
,360
,344
,337
,349
,349
,336
2026 05 14 14:33:36.445422,337
,349
,341
,328
,352
,369
,360
,346
,353
,363
,349
,354
,368
,364
2026 05 14 14:33:36.506101,351
,360
,372
,359
,348
,357
,366
,356
,349
,366
,364
,350
,356
,371
2026 05 14 14:33:36.572256,359
,347
,357
,377
,355
,348
,365
,367
,341
,336
,363
,365
,351
,361
2026 05 14 14:33:36.633153,372
,357
,344
,353
,365
,352
,351
,369
,362
,357
,366
,371
,350
,339
2026 05 14 14:33:36.693824,354
,361
,343
,341
,360
,359
,341
,345
,361
,358
,346
,355
,367
,356
2026 05 14 14:33:36.760795,351
,367
,364
,349
,354
,366
,358
,343
,358
,368
,337
,327
,346
,354
2026 05 14 14:33:36.822277,339
,331
,352
,355
,342
,352
,368
,355
,341
,354
,364
,347
,343
,360
2026 05 14 14:33:36.887712,347
,335
,341
,359
,350
,336
,355
,360
,346
,338
,351
,350
,332
,338
2026 05 14 14:33:36.948512,355
,347
,334
,345
,362
,345
,334
,351
,355
,349
,336
,346
,347
,331
2026 05 14 14:33:37.010436,336
,358
,345
,329
,342
,361
,347
,347
,358
,355
,341
,352
,370
,358
2026 05 14 14:33:37.075840,350
,369
,385
,365
,345
,357
,361
,338
,332
,355
,355
,342
,351
,361
2026 05 14 14:33:37.137702,349
,343
,353
,363
,348
,349
,369
,370
,349
,364
,378
,364
,336
,349
2026 05 14 14:33:37.203467,360
,351
,346
,361
,361
,336
,342
,364
,364
,347
,355
,378
,365
,348
2026 05 14 14:33:37.263866,368
,373
,353
,352
,366
,352
,340
,349
,363
,354
,346
,360
,366
,348
2026 05 14 14:33:37.325581,350
,364
,372
,357
,366
,373
,359
,343
,354
,363
,344
,342
,358
,355
2026 05 14 14:33:37.391538,345
,356
,363
,346
,332
,348
,364
,349
,336
,355
,361
,340
,339
,364
2026 05 14 14:33:37.453045,354
,331
,346
,363
,345
,336
,354
,372
,352
,343
,367
,364
,344
,351
2026 05 14 14:33:37.519417,364
,351
,338
,348
,351
,336
,336
,353
,352
,340
,345
,361
,362
,345
2026 05 14 14:33:37.579245,348
,344
,338
,346
,366
,370
,351
,339
,357
,352
,338
,346
,362
,345
2026 05 14 14:33:37.641051,326
,331
,350
,337
,329
,344
,339
,340
,350
,361
,353
,335
,349
,344
2026 05 14 14:33:37.707478,325
,327
,360
,362
,345
,348
,363
,353
,341
,342
,358
,348
,339
,365
2026 05 14 14:33:37.768454,371
,352
,344
,357
,353
,341
,351
,365
,344
,341
,357
,371
,354
,351
2026 05 14 14:33:37.833317,360
,357
,350
,361
,378
,359
,344
,357
,369
,359
,348
,365
,365
,354
2026 05 14 14:33:37.895387,357
,372
,355
,330
,332
,367
,374
,361
,368
,368
,350
,348
,365
,359
2026 05 14 14:33:37.956576,342
,350
,364
,349
,337
,347
,361
,347
,343
,359
,362
,350
,357
,368
2026 05 14 14:33:38.022240,352
,343
,354
,365
,348
,338
,355
,354
,344
,349
,360
,352
,345
,358
2026 05 14 14:33:38.083232,378
,358
,357
,368
,374
,348
,336
,354
,352
,340
,346
,355
,336
,321
2026 05 14 14:33:38.148528,344
,358
,345
,350
,368
,356
,360
,361
,374
,367
,349
,356
,369
,353
2026 05 14 14:33:38.210713,343
,363
,364
,342
,345
,361
,349
,330
,350
,374
,353
,341
,364
,368
2026 05 14 14:33:38.271332,352
,346
,357
,355
,338
,352
,366
,350
,335
,352
,365
,354
,359
,359
2026 05 14 14:33:38.337649,359
,342
,350
,360
,354
,337
,350
,365
,351
,337
,348
,354
,342
,341
2026 05 14 14:33:38.399246,353
,346
,335
,354
,374
,358
,344
,358
,370
,351
,329
,351
,352
,347
2026 05 14 14:33:38.463901,354
,366
,352
,341
,351
,364
,348
,345
,365
,365
,350
,345
,359
,353
2026 05 14 14:33:38.525214,333
,342
,357
,348
,342
,351
,356
,344
,347
,362
,352
,340
,352
,370
2026 05 14 14:33:38.586709,353
,343
,354
,361
,344
,339
,352
,347
,335
,349
,362
,342
,331
,344
2026 05 14 14:33:38.652994,352
,339
,343
,367
,365
,346
,348
,363
,347
,332
,343
,357
,342
,335
2026 05 14 14:33:38.715224,346
,348
,335
,340
,351
,346
,336
,358
,362
,347
,342
,355
,363
,344
2026 05 14 14:33:38.775164,339
,355
,351
,336
,346
,360
,348
,341
,352
,364
,342
,339
,354
,361
2026 05 14 14:33:38.841496,338
,342
,359
,347
,330
,343
,361
,344
,337
,352
,356
,342
,342
,351
2026 05 14 14:33:38.902557,351
,339
,355
,371
,357
,327
,343
,363
,339
,339
,360
,355
,338
,350
2026 05 14 14:33:38.968354,352
,345
,333
,340
,356
,347
,338
,355
,356
,336
,348
,360
,350
,336
2026 05 14 14:33:39.030443,339
,358
,344
,340
,356
,361
,343
,354
,369
,355
,336
,346
,373
,360
2026 05 14 14:33:39.091199,344
,356
,362
,347
,344
,356
,351
,343
,348
,361
,348
,339
,343
,356
2026 05 14 14:33:39.156877,350
,344
,357
,365
,356
,366
,376
,363
,347
,353
,366
,350
,336
,351
2026 05 14 14:33:39.218005,355
,343
,341
,357
,344
,338
,349
,366
,353
,341
,356
,374
,357
,341
2026 05 14 14:33:39.283282,361
,355
,341
,347
,363
,349
,334
,345
,359
,345
,340
,359
,360
,348
2026 05 14 14:33:39.344592,354
,370
,348
,334
,348
,359
,349
,343
,342
,354
,346
,346
,355
,351
2026 05 14 14:33:39.406356,341
,352
,373
,353
,339
,354
,358
,345
,339
,352
,352
,337
,346
,362
2026 05 14 14:33:39.472271,353
,338
,356
,367
,357
,340
,364
,371
,350
,348
,364
,361
,349
,355
2026 05 14 14:33:39.533225,364
,349
,341
,353
,358
,335
,339
,363
,356
,337
,355
,362
,353
,340
2026 05 14 14:33:39.599129,350
,357
,339
,338
,359
,349
,330
,340
,362
,348
,338
,360
,365
,351
2026 05 14 14:33:39.660423,352
,361
,359
,337
,336
,354
,350
,334
,347
,360
,345
,329
,342
,352
2026 05 14 14:33:39.722203,333
,336
,357
,357
,337
,336
,354
,336
,325
,354
,362
,344
,337
,352
2026 05 14 14:33:39.787816,351
,337
,340
,353
,337
,329
,344
,357
,344
,333
,345
,348
,329
,330
2026 05 14 14:33:39.848642,335
,330
,323
,333
,347
,320
,312
,336
,348
,333
,337
,353
,347
,339
2026 05 14 14:33:39.914261,344
,361
,345
,332
,346
,357
,340
,333
,348
,350
,336
,335
,347
,338
2026 05 14 14:33:39.975507,335
,351
,363
,339
,328
,348
,353
,337
,338
,352
,347
,333
,340
,355
2026 05 14 14:33:40.037485,339
,326
,342
,347
,339
,342
,359
,357
,333
,337
,361
,349
,331
,347
2026 05 14 14:33:40.102847,361
,346
,341
,358
,358
,347
,352
,368
,356
,341
,355
,368
,353
,344
2026 05 14 14:33:40.164114,366
,365
,351
,346
,362
,361
,352
,368
,374
,356
,342
,350
,363
,350
2026 05 14 14:33:40.229521,349
,366
,360
,345
,352
,365
,348
,336
,350
,346
,334
,346
,367
,363
2026 05 14 14:33:40.291544,345
,348
,369
,359
,346
,356
,368
,357
,347
,362
,362
,342
,341
,359
2026 05 14 14:33:40.352272,356
,340
,359
,367
,342
,339
,353
,358
,347
,347
,360
,357
,341
,350
2026 05 14 14:33:40.418729,371
,355
,340
,357
,373
,355
,353
,371
,370
,348
,356
,359
,347
,345
2026 05 14 14:33:40.479467,362
,372
,353
,344
,356
,359
,342
,348
,363
,353
,345
,355
,376
,357
2026 05 14 14:33:40.545378,341
,361
,373
,352
,351
,362
,366
,351
,352
,361
,351
,336
,350
,361
2026 05 14 14:33:40.606982,345
,343
,360
,356
,336
,342
,365
,351
,335
,351
,373
,360
,348
,367
2026 05 14 14:33:40.668115,363
,348
,353
,369
,355
,342
,356
,360
,339
,334
,349
,361
,349
,346
2026 05 14 14:33:40.733343,368
,364
,346
,346
,361
,346
,335
,348
,358
,340
,331
,351
,349
,341
2026 05 14 14:33:40.795074,344
,360
,353
,339
,349
,365
,342
,329
,348
,352
,335
,332
,351
,348
2026 05 14 14:33:40.860682,332
,336
,359
,343
,328
,345
,356
,342
,341
,359
,354
,335
,340
,355
2026 05 14 14:33:40.921243,343
,328
,345
,349
,336
,326
,340
,343
,325
,329
,355
,348
,337
,348
2026 05 14 14:33:40.983125,358
,345
,337
,353
,354
,337
,336
,351
,351
,339
,352
,362
,349
,339
2026 05 14 14:33:41.048992,344
,355
,348
,346
,362
,355
,342
,347
,358
,339
,325
,342
,364
,349
2026 05 14 14:33:41.110153,341
,358
,353
,336
,340
,365
,358
,347
,361
,363
,344
,338
,353
,352
2026 05 14 14:33:41.175907,336
,334
,351
,348
,333
,343
,355
,336
,332
,346
,356
,339
,343
,360
2026 05 14 14:33:41.237528,358
,345
,347
,364
,352
,334
,343
,359
,342
,336
,349
,352
,339
,348
2026 05 14 14:33:41.298639,368
,361
,339
,342
,350
,339
,327
,341
,349
,334
,336
,356
,343
,330
2026 05 14 14:33:41.364326,342
,352
,342
,333
,345
,352
,329
,331
,356
,353
,340
,341
,354
,336
2026 05 14 14:33:41.426066,323
,343
,352
,337
,331
,343
,345
,335
,342
,351
,353
,343
,358
,368
2026 05 14 14:33:41.491979,341
,333
,344
,351
,338
,338
,351
,350
,338
,347
,360
,344
,329
,347
2026 05 14 14:33:41.552939,358
,344
,344
,360
,362
,345
,346
,360
,347
,332
,349
,357
,337
,333
2026 05 14 14:33:41.615953,345
,347
,329
,342
,355
,345
,335
,345
,359
,345
,332
,350
,357
,337
2026 05 14 14:33:41.680668,340
,356
,347
,334
,348
,362
,348
,343
,347
,348
,334
,337
,353
,353
2026 05 14 14:33:41.740747,334
,341
,354
,341
,328
,343
,356
,339
,333
,353
,353
,341
,349
,361
2026 05 14 14:33:41.807136,351
,331
,343
,362
,346
,338
,347
,348
,334
,331
,347
,351
,337
,342
2026 05 14 14:33:41.868546,349
,340
,331
,348
,358
,340
,339
,359
,360
,349
,336
,350
,347
,334
2026 05 14 14:33:41.930210,348
,363
,348
,338
,353
,355
,342
,344
,363
,357
,344
,354
,367
,349
2026 05 14 14:33:41.996183,345
,359
,353
,338
,336
,352
,353
,336
,342
,356
,338
,333
,351
,363
2026 05 14 14:33:42.055807,348
,345
,358
,358
,337
,343
,361
,353
,341
,355
,365
,339
,329
,349
2026 05 14 14:33:42.122124,356
,338
,341
,362
,353
,340
,354
,372
,361
,345
,357
,362
,347
,346
2026 05 14 14:33:42.183641,360
,353
,345
,349
,358
,344
,334
,344
,358
,342
,331
,349
,347
,332
2026 05 14 14:33:42.245908,342
,364
,351
,335
,344
,365
,352
,342
,361
,376
,360
,361
,375
,365
2026 05 14 14:33:42.310596,341
,345
,362
,344
,334
,348
,355
,341
,341
,360
,355
,342
,348
,358
2026 05 14 14:33:42.372693,355
,351
,360
,370
,352
,346
,360
,365
,349
,341
,358
,352
,339
,356
2026 05 14 14:33:42.437436,366
,354
,344
,362
,369
,349
,350
,368
,363
,351
,356
,376
,361
,354
2026 05 14 14:33:42.498819,369
,378
,364
,358
,364
,352
,338
,345
,361
,352
,342
,357
,372
,352
2026 05 14 14:33:42.560208,351
,368
,373
,356
,362
,374
,368
,354
,359
,374
,366
,355
,371
,366
2026 05 14 14:33:42.625766,337
,344
,364
,357
,346
,358
,376
,360
,349
,363
,377
,360
,353
,369
2026 05 14 14:33:42.687624,366
,353
,363
,372
,360
,348
,356
,367
,351
,349
,366
,368
,352
,357
2026 05 14 14:33:42.748745,370
,358
,339
,355
,369
,363
,355
,367
,367
,353
,355
,370
,363
,342
2026 05 14 14:33:42.814047,348
,360
,354
,338
,350
,361
,347
,354
,369
,365
,352
,359
,380
,363
2026 05 14 14:33:42.875216,346
,362
,382
,362
,351
,365
,363
,342
,349
,364
,355
,337
,347
,362
2026 05 14 14:33:42.941533,349
,342
,363
,364
,350
,355
,376
,368
,358
,370
,380
,368
,351
,359
2026 05 14 14:33:43.003512,369
,346
,341
,357
,355
,340
,351
,371
,353
,343
,353
,370
,355
,357
2026 05 14 14:33:43.063636,373
,370
,351
,351
,367
,351
,334
,342
,365
,357
,349
,360
,362
,355
2026 05 14 14:33:43.130268,352
,370
,358
,343
,361
,376
,361
,342
,356
,368
,354
,347
,365
,362
2026 05 14 14:33:43.191041,346
,346
,355
,348
,340
,354
,364
,351
,351
,367
,367
,351
,354
,364
2026 05 14 14:33:43.257119,353
,343
,353
,371
,357
,346
,357
,360
,346
,342
,357
,353
,346
,345
2026 05 14 14:33:43.318534,369
,358
,345
,355
,365
,350
,346
,362
,358
,344
,353
,369
,359
,344
2026 05 14 14:33:43.378801,346
,363
,353
,349
,359
,365
,350
,350
,365
,352
,339
,353
,364
,355
2026 05 14 14:33:43.444495,347
,361
,363
,355
,357
,374
,362
,345
,357
,371
,354
,344
,354
,362
2026 05 14 14:33:43.506533,346
,340
,357
,362
,347
,358
,372
,358
,347
,364
,373
,355
,349
,364
2026 05 14 14:33:43.572149,364
,359
,356
,358
,353
,338
,345
,362
,350
,340
,352
,359
,340
,331
2026 05 14 14:33:43.633593,357
,356
,343
,355
,372
,362
,351
,364
,374
,356
,351
,365
,362
,345
2026 05 14 14:33:43.694600,349
,365
,351
,339
,351
,366
,353
,347
,364
,366
,351
,353
,375
,369
2026 05 14 14:33:43.761202,350
,364
,378
,363
,353
,373
,377
,351
,348
,362
,354
,337
,350
,367
2026 05 14 14:33:43.820846,357
,343
,352
,357
,343
,340
,354
,358
,345
,342
,370
,363
,350
,368
2026 05 14 14:33:43.887756,383
,356
,340
,364
,365
,342
,344
,358
,352
,337
,344
,358
,347
,336
2026 05 14 14:33:43.948851,348
,351
,339
,344
,358
,360
,334
,338
,364
,350
,335
,352
,365
,346
2026 05 14 14:33:44.010250,341
,356
,355
,338
,343
,358
,349
,338
,349
,362
,349
,348
,359
,358
2026 05 14 14:33:44.075896,342
,337
,364
,351
,331
,341
,362
,346
,336
,356
,362
,343
,341
,354
2026 05 14 14:33:44.136993,350
,337
,341
,360
,353
,337
,345
,355
,340
,334
,353
,353
,337
,354
2026 05 14 14:33:44.203309,359
,350
,335
,349
,360
,345
,337
,352
,362
,349
,350
,365
,351
,333
2026 05 14 14:33:44.264336,344
,359
,348
,340
,359
,360
,338
,351
,364
,357
,333
,349
,366
,354
2026 05 14 14:33:44.325523,341
,356
,364
,346
,340
,359
,356
,341
,346
,365
,348
,334
,350
,362
2026 05 14 14:33:44.391400,351
,347
,361
,369
,347
,345
,363
,359
,342
,356
,370
,354
,341
,357
2026 05 14 14:33:44.452559,364
,345
,351
,370
,364
,342
,349
,368
,360
,344
,345
,359
,344
,339
2026 05 14 14:33:44.518483,359
,360
,344
,349
,364
,351
,341
,360
,374
,351
,350
,369
,373
,352
2026 05 14 14:33:44.579889,343
,346
,344
,334
,343
,356
,348
,336
,351
,360
,343
,341
,360
,361
2026 05 14 14:33:44.641404,345
,352
,363
,353
,334
,348
,359
,340
,338
,348
,353
,336
,340
,354
2026 05 14 14:33:44.707158,348
,335
,352
,367
,358
,349
,359
,358
,343
,341
,353
,348
,332
,348
2026 05 14 14:33:44.767651,359
,348
,341
,352
,354
,338
,348
,367
,360
,342
,349
,362
,351
,343
2026 05 14 14:33:44.833030,358
,364
,353
,342
,350
,355
,341
,344
,359
,356
,344
,358
,372
,359
2026 05 14 14:33:44.895235,354
,362
,364
,341
,344
,353
,352
,336
,342
,364
,352
,339
,356
,366
2026 05 14 14:33:44.955954,349
,350
,369
,363
,346
,353
,365
,350
,340
,348
,355
,338
,338
,350
2026 05 14 14:33:45.022135,349
,342
,346
,362
,361
,347
,362
,372
,352
,341
,359
,372
,352
,349
2026 05 14 14:33:45.085325,366
,363
,333
,339
,356
,342
,336
,348
,356
,340
,339
,367
,364
,344
2026 05 14 14:33:45.148960,352
,363
,344
,336
,348
,354
,332
,328
,346
,344
,330
,334
,355
,350
2026 05 14 14:33:45.210619,342
,352
,358
,344
,334
,349
,351
,333
,338
,351
,347
,340
,351
,365
2026 05 14 14:33:45.271073,345
,333
,350
,360
,351
,351
,371
,366
,345
,347
,366
,351
,332
,359
2026 05 14 14:33:45.337702,365
,352
,344
,360
,363
,351
,352
,364
,359
,343
,357
,370
,353
,344
2026 05 14 14:33:45.400734,360
,364
,344
,339
,347
,339
,333
,346
,369
,361
,346
,362
,369
,355
2026 05 14 14:33:45.464049,355
,365
,363
,346
,353
,368
,359
,339
,357
,370
,353
,345
,357
,358
2026 05 14 14:33:45.526036,343
,341
,350
,348
,345
,355
,373
,353
,346
,371
,374
,350
,352
,369
2026 05 14 14:33:45.587234,353
,350
,360
,370
,351
,343
,356
,358
,333
,336
,359
,355
,341
,353
2026 05 14 14:33:45.652648,367
,356
,339
,350
,366
,352
,347
,362
,361
,346
,349
,358
,351
,339
2026 05 14 14:33:45.714693,347
,364
,352
,340
,356
,364
,352
,350
,366
,366
,350
,354
,367
,355
2026 05 14 14:33:45.779419,341
,357
,365
,353
,350
,362
,357
,347
,354
,368
,349
,343
,349
,353
2026 05 14 14:33:45.841221,340
,342
,358
,362
,344
,348
,362
,348
,339
,353
,370
,358
,342
,352
2026 05 14 14:33:45.902077,352
,344
,344
,360
,354
,334
,350
,358
,336
,325
,336
,362
,346
,344
2026 05 14 14:33:45.968212,368
,369
,355
,358
,370
,351
,333
,347
,363
,346
,338
,352
,352
,337
2026 05 14 14:33:46.029594,340
,355
,345
,335
,359
,378
,364
,347
,351
,359
,337
,335
,351
,346
2026 05 14 14:33:46.094159,336
,346
,359
,341
,335
,347
,358
,347
,345
,357
,358
,346
,352
,370
2026 05 14 14:33:46.156741,359
,340
,354
,366
,342
,337
,352
,355
,342
,345
,360
,347
,335
,349
2026 05 14 14:33:46.217354,374
,360
,352
,365
,371
,355
,352
,359
,345
,334
,345
,356
,344
,331
2026 05 14 14:33:46.283036,350
,362
,336
,337
,365
,365
,347
,351
,367
,353
,339
,351
,360
,345
2026 05 14 14:33:46.345122,338
,356
,360
,340
,345
,362
,358
,336
,349
,363
,344
,344
,365
,376
2026 05 14 14:33:46.406490,350
,344
,356
,356
,339
,345
,359
,348
,332
,349
,360
,348
,352
,366
2026 05 14 14:33:46.472719,361
,342
,351
,365
,355
,333
,339
,355
,343
,342
,352
,350
,334
,336
2026 05 14 14:33:46.533514,350
,354
,345
,353
,371
,358
,344
,355
,361
,341
,333
,348
,342
,334
2026 05 14 14:33:46.598770,337
,358
,343
,332
,351
,357
,344
,342
,368
,365
,352
,354
,363
,350
2026 05 14 14:33:46.660537,331
,343
,355
,342
,339
,352
,357
,341
,342
,354
,347
,337
,352
,374
2026 05 14 14:33:46.721029,354
,346
,362
,370
,352
,340
,354
,354
,339
,341
,358
,347
,333
,354
2026 05 14 14:33:46.787266,366
,347
,342
,359
,357
,344
,350
,361
,350
,336
,355
,372
,353
,334
2026 05 14 14:33:46.848430,354
,358
,338
,340
,349
,349
,337
,350
,363
,345
,332
,343
,349
,337
2026 05 14 14:33:46.914326,330
,342
,337
,325
,339
,343
,335
,330
,354
,367
,348
,346
,361
,364
2026 05 14 14:33:46.975739,338
,337
,356
,346
,334
,349
,365
,349
,342
,358
,356
,341
,347
,368
2026 05 14 14:33:47.037061,361
,347
,358
,375
,358
,342
,358
,362
,348
,337
,352
,345
,345
,355
2026 05 14 14:33:47.103292,367
,355
,339
,354
,363
,346
,339
,358
,359
,343
,349
,363
,353
,339
2026 05 14 14:33:47.164444,350
,363
,348
,339
,350
,353
,342
,340
,358
,355
,342
,353
,366
,364
2026 05 14 14:33:47.230152,355
,355
,362
,345
,339
,355
,348
,333
,336
,358
,344
,334
,345
,354
2026 05 14 14:33:47.291151,345
,341
,353
,353
,335
,348
,363
,349
,343
,354
,365
,351
,343
,357
2026 05 14 14:33:47.352190,356
,345
,343
,362
,352
,340
,358
,369
,345
,333
,349
,360
,342
,340
2026 05 14 14:33:47.418354,363
,369
,344
,356
,365
,351
,337
,352
,356
,341
,337
,356
,360
,345
2026 05 14 14:33:47.479209,351
,359
,353
,340
,345
,356
,334
,331
,350
,355
,344
,345
,347
,342
2026 05 14 14:33:47.545098,332
,346
,365
,346
,329
,352
,362
,349
,341
,358
,353
,341
,351
,359
2026 05 14 14:33:47.606295,344
,329
,339
,356
,343
,338
,352
,357
,341
,339
,356
,343
,330
,345
2026 05 14 14:33:47.667684,358
,339
,329
,336
,333
,312
,329
,353
,354
,347
,345
,358
,348
,339
2026 05 14 14:33:47.732846,349
,355
,336
,338
,359
,361
,346
,344
,349
,347
,345
,361
,371
,334
2026 05 14 14:33:47.794884,332
,368
,368
,349
,349
,362
,349
,338
,347
,358
,346
,337
,351
,354
2026 05 14 14:33:47.860654,338
,342
,357
,351
,337
,346
,355
,346
,342
,347
,351
,327
,341
,369
2026 05 14 14:33:47.922392,372
,348
,351
,366
,353
,337
,352
,359
,343
,341
,359
,356
,350
,354
2026 05 14 14:33:47.983506,359
,343
,336
,342
,351
,311
,323
,369
,372
,358
,355
,366
,358
,343
2026 05 14 14:33:48.048937,350
,361
,347
,335
,349
,359
,345
,338
,356
,354
,339
,342
,361
,344
2026 05 14 14:33:48.110134,331
,349
,353
,345
,341
,348
,347
,337
,337
,355
,348
,335
,348
,360
2026 05 14 14:33:48.175780,347
,338
,351
,355
,338
,340
,364
,354
,342
,351
,362
,350
,344
,354
2026 05 14 14:33:48.237645,356
,334
,331
,348
,354
,337
,342
,365
,350
,336
,343
,362
,340
,339
2026 05 14 14:33:48.298570,362
,370
,346
,342
,360
,356
,340
,351
,359
,342
,328
,346
,349
,336
2026 05 14 14:33:48.364059,332
,347
,339
,331
,334
,358
,345
,335
,364
,365
,340
,327
,339
,342
2026 05 14 14:33:48.425585,330
,332
,348
,334
,324
,341
,350
,336
,329
,343
,346
,327
,327
,342
2026 05 14 14:33:48.491488,333
,323
,328
,345
,323
,320
,341
,361
,348
,348
,358
,348
,336
,345
2026 05 14 14:33:48.553481,358
,340
,327
,342
,352
,334
,331
,346
,343
,330
,334
,355
,344
,340
2026 05 14 14:33:48.614116,351
,365
,350
,338
,353
,351
,338
,341
,359
,351
,341
,352
,360
,342
2026 05 14 14:33:48.680115,338
,349
,353
,338
,345
,358
,348
,343
,351
,366
,352
,341
,354
,360
2026 05 14 14:33:48.741138,346
,341
,356
,353
,341
,346
,361
,352
,342
,349
,364
,340
,346
,371
2026 05 14 14:33:48.806883,362
,351
,362
,376
,358
,346
,356
,365
,352
,345
,362
,366
,353
,352
2026 05 14 14:33:48.868137,366
,358
,350
,359
,372
,352
,342
,359
,367
,351
,347
,359
,362
,343
2026 05 14 14:33:48.929228,358
,374
,363
,354
,371
,381
,367
,364
,366
,353
,343
,351
,362
,351
2026 05 14 14:33:48.995229,343
,356
,370
,354
,344
,357
,369
,354
,356
,371
,365
,347
,361
,369
2026 05 14 14:33:49.056396,358
,347
,361
,368
,349
,352
,363
,363
,350
,354
,373
,358
,351
,361
2026 05 14 14:33:49.122093,366
,352
,354
,376
,375
,364
,362
,363
,353
,349
,358
,371
,355
,346
2026 05 14 14:33:49.183322,362
,371
,352
,357
,370
,359
,344
,359
,366
,349
,337
,344
,362
,352
2026 05 14 14:33:49.244254,352
,361
,356
,345
,350
,366
,355
,345
,357
,367
,349
,342
,359
,361
2026 05 14 14:33:49.310511,348
,349
,362
,356
,345
,356
,374
,356
,340
,346
,359
,343
,342
,358
2026 05 14 14:33:49.371983,354
,342
,352
,360
,348
,338
,352
,359
,339
,340
,356
,358
,341
,349
2026 05 14 14:33:49.437184,362
,350
,341
,352
,365
,348
,339
,355
,356
,344
,342
,350
,341
,333
2026 05 14 14:33:49.498832,345
,357
,353
,345
,354
,355
,341
,338
,352
,347
,337
,349
,354
,340
2026 05 14 14:33:49.560686,333
,349
,364
,346
,348
,363
,354
,335
,348
,366
,353
,339
,350
,367
2026 05 14 14:33:49.626947,354
,344
,358
,359
,346
,348
,357
,346
,334
,347
,363
,351
,339
,350
2026 05 14 14:33:49.687571,352
,335
,333
,347
,343
,323
,330
,349
,337
,324
,338
,344
,329
,326
2026 05 14 14:33:49.752933,343
,339
,329
,331
,350
,339
,325
,344
,356
,343
,340
,355
,357
,339
2026 05 14 14:33:49.814147,343
,359
,350
,341
,351
,366
,350
,338
,351
,356
,342
,340
,357
,348
2026 05 14 14:33:49.875510,335
,345
,358
,347
,336
,349
,357
,339
,339
,357
,348
,339
,347
,364
2026 05 14 14:33:49.941384,352
,345
,357
,366
,348
,344
,362
,363
,347
,355
,368
,360
,348
,342
2026 05 14 14:33:50.002764,356
,352
,340
,352
,359
,346
,346
,358
,359
,345
,351
,365
,351
,343
2026 05 14 14:33:50.068088,365
,374
,360
,351
,366
,364
,358
,363
,376
,361
,337
,346
,352
,345
2026 05 14 14:33:50.129660,341
,355
,358
,348
,346
,362
,360
,345
,354
,369
,352
,351
,367
,378
2026 05 14 14:33:50.190466,358
,366
,382
,367
,339
,352
,363
,351
,340
,355
,365
,346
,344
,358
2026 05 14 14:33:50.256637,356
,337
,339
,352
,336
,327
,338
,349
,335
,326
,340
,351
,338
,336
2026 05 14 14:33:50.318081,356
,350
,334
,340
,355
,341
,333
,350
,355
,336
,335
,351
,347
,335
2026 05 14 14:33:50.379088,337
,354
,341
,337
,355
,362
,341
,334
,356
,356
,338
,341
,355
,346
2026 05 14 14:33:50.444635,334
,337
,362
,349
,344
,357
,355
,337
,336
,347
,342
,327
,332
,350
2026 05 14 14:33:50.506190,343
,338
,352
,358
,349
,347
,358
,356
,343
,350
,366
,355
,342
,357
2026 05 14 14:33:50.572511,364
,342
,337
,348
,341
,329
,337
,355
,346
,341
,353
,366
,353
,345
2026 05 14 14:33:50.633162,361
,363
,344
,342
,356
,350
,337
,350
,363
,346
,336
,347
,351
,334
2026 05 14 14:33:50.694824,335
,352
,355
,344
,351
,373
,362
,338
,349
,359
,342
,335
,348
,348
2026 05 14 14:33:50.760476,339
,346
,353
,341
,337
,347
,358
,341
,333
,348
,356
,339
,354
,363
2026 05 14 14:33:50.820775,355
,347
,355
,369
,356
,345
,360
,364
,348
,341
,349
,351
,337
,339
2026 05 14 14:33:50.887330,355
,345
,345
,354
,366
,355
,356
,368
,365
,347
,350
,365
,353
,343
2026 05 14 14:33:50.950037,352
,364
,349
,342
,353
,357
,343
,344
,356
,345
,337
,343
,354
,342
2026 05 14 14:33:51.009669,340
,360
,370
,357
,355
,367
,359
,345
,350
,367
,358
,347
,352
,355
2026 05 14 14:33:51.075677,333
,333
,348
,348
,337
,340
,353
,344
,337
,347
,359
,346
,341
,352
2026 05 14 14:33:51.136906,356
,341
,342
,355
,345
,330
,341
,355
,340
,332
,347
,354
,339
,331
2026 05 14 14:33:51.202689,344
,346
,338
,350
,365
,353
,341
,354
,365
,348
,340
,354
,354
,345
2026 05 14 14:33:51.265164,347
,356
,345
,333
,340
,350
,342
,335
,352
,351
,338
,343
,361
,359
2026 05 14 14:33:51.325625,344
,349
,364
,354
,341
,354
,357
,344
,343
,355
,354
,347
,360
,373
2026 05 14 14:33:51.391181,352
,345
,349
,354
,343
,340
,356
,355
,347
,354
,363
,355
,340
,354
2026 05 14 14:33:51.452296,355
,347
,337
,352
,355
,342
,341
,354
,344
,328
,336
,350
,338
,329
2026 05 14 14:33:51.518162,344
,353
,337
,328
,349
,350
,338
,342
,357
,347
,333
,345
,353
,335
2026 05 14 14:33:51.579516,337
,356
,352
,341
,340
,350
,341
,329
,346
,358
,344
,331
,351
,361
2026 05 14 14:33:51.640897,349
,349
,358
,351
,340
,350
,356
,344
,337
,350
,352
,337
,336
,353
2026 05 14 14:33:51.706779,352
,336
,342
,360
,353
,341
,353
,362
,346
,339
,358
,356
,340
,341
2026 05 14 14:33:51.767308,359
,357
,344
,353
,362
,350
,345
,359
,363
,351
,352
,365
,356
,337
2026 05 14 14:33:51.832993,348
,361
,344
,333
,349
,356
,344
,341
,354
,351
,340
,346
,362
,348
2026 05 14 14:33:51.894976,340
,350
,359
,345
,340
,354
,356
,343
,344
,355
,347
,331
,339
,350
2026 05 14 14:33:51.955971,339
,330
,345
,352
,338
,343
,353
,353
,344
,351
,364
,350
,344
,360
2026 05 14 14:33:52.021903,369
,347
,344
,357
,355
,341
,343
,357
,343
,334
,342
,359
,349
,341
2026 05 14 14:33:52.083485,354
,361
,350
,350
,367
,357
,345
,353
,364
,345
,337
,346
,354
,343
2026 05 14 14:33:52.147897,343
,357
,353
,338
,349
,362
,353
,342
,352
,358
,338
,338
,351
,353
2026 05 14 14:33:52.209454,343
,349
,365
,358
,346
,353
,364
,352
,341
,357
,359
,347
,346
,352
2026 05 14 14:33:52.271622,333
,328
,341
,351
,338
,328
,347
,354
,341
,347
,360
,359
,345
,348
2026 05 14 14:33:52.337342,365
,357
,342
,353
,361
,344
,342
,353
,350
,338
,347
,359
,350
,339
2026 05 14 14:33:52.398059,349
,362
,347
,347
,360
,364
,348
,353
,371
,362
,348
,351
,363
,349
2026 05 14 14:33:52.464205,337
,352
,359
,346
,345
,355
,353
,339
,347
,360
,348
,341
,354
,365
2026 05 14 14:33:52.525616,352
,344
,356
,352
,337
,348
,360
,351
,336
,351
,361
,344
,337
,353
2026 05 14 14:33:52.586711,359
,339
,341
,356
,355
,344
,351
,361
,347
,344
,360
,363
,349
,349
2026 05 14 14:33:52.653122,364
,354
,335
,348
,361
,350
,342
,355
,362
,357
,355
,361
,361
,346
2026 05 14 14:33:52.714356,347
,361
,353
,338
,347
,358
,343
,335
,353
,355
,340
,346
,360
,346
2026 05 14 14:33:52.779795,335
,349
,356
,343
,334
,357
,363
,345
,342
,361
,354
,337
,342
,354
2026 05 14 14:33:52.841611,338
,325
,338
,346
,328
,326
,344
,344
,328
,332
,348
,336
,331
,346
2026 05 14 14:33:52.902313,358
,343
,337
,351
,355
,342
,343
,362
,352
,335
,343
,359
,345
,340
2026 05 14 14:33:52.968344,357
,364
,346
,352
,364
,352
,337
,344
,358
,346
,334
,348
,358
,343
2026 05 14 14:33:53.029966,344
,354
,350
,336
,338
,355
,344
,343
,353
,359
,345
,334
,349
,352
2026 05 14 14:33:53.095109,338
,341
,360
,356
,342
,354
,373
,359
,349
,360
,360
,349
,353
,369
2026 05 14 14:33:53.156375,360
,351
,355
,367
,355
,347
,363
,371
,357
,345
,355
,356
,340
,347
2026 05 14 14:33:53.218213,360
,350
,340
,343
,358
,345
,343
,355
,362
,356
,352
,363
,358
,344
2026 05 14 14:33:53.283037,356
,364
,355
,349
,364
,373
,353
,352
,367
,364
,350
,354
,367
,352
2026 05 14 14:33:53.344965,348
,363
,373
,355
,347
,360
,356
,351
,356
,372
,361
,352
,368
,385
2026 05 14 14:33:53.410753,362
,356
,370
,375
,360
,350
,365
,355
,341
,352
,367
,360
,351
,364
2026 05 14 14:33:53.471690,370
,359
,355
,362
,358
,342
,354
,368
,355
,347
,361
,369
,351
,350
2026 05 14 14:33:53.532507,363
,360
,349
,353
,367
,354
,340
,357
,367
,354
,350
,365
,373
,362
2026 05 14 14:33:53.598586,352
,367
,357
,341
,357
,371
,359
,349
,362
,365
,352
,348
,359
,360
2026 05 14 14:33:53.660540,344
,354
,371
,358
,344
,356
,368
,349
,344
,356
,360
,346
,350
,367
2026 05 14 14:33:53.725471,359
,345
,355
,366
,349
,342
,355
,358
,345
,347
,358
,351
,341
,351
2026 05 14 14:33:53.787165,365
,354
,337
,348
,357
,337
,339
,356
,351
,344
,346
,364
,349
,336
2026 05 14 14:33:53.848494,349
,360
,343
,341
,353
,350
,336
,350
,366
,357
,344
,354
,367
,337
2026 05 14 14:33:53.914299,327
,347
,350
,334
,337
,350
,340
,327
,348
,362
,351
,342
,351
,355
2026 05 14 14:33:53.975643,341
,334
,348
,348
,341
,350
,363
,348
,334
,349
,352
,345
,338
,354
2026 05 14 14:33:54.041684,357
,348
,345
,349
,345
,329
,342
,355
,341
,339
,351
,352
,347
,346
2026 05 14 14:33:54.103529,357
,357
,340
,352
,366
,357
,341
,351
,357
,337
,337
,353
,350
,337
2026 05 14 14:33:54.163457,353
,364
,349
,339
,351
,361
,349
,344
,361
,364
,346
,348
,361
,351
2026 05 14 14:33:54.229586,347
,361
,367
,344
,328
,343
,359
,343
,343
,345
,350
,337
,345
,358
2026 05 14 14:33:54.290227,347
,341
,359
,367
,349
,345
,361
,355
,340
,345
,358
,354
,338
,352
2026 05 14 14:33:54.355520,360
,348
,344
,357
,356
,344
,352
,361
,351
,343
,350
,363
,353
,335
2026 05 14 14:33:54.417957,336
,344
,333
,336
,346
,337
,323
,331
,343
,331
,323
,347
,356
,346
2026 05 14 14:33:54.479146,352
,359
,351
,333
,340
,354
,345
,334
,346
,354
,339
,337
,354
,355
2026 05 14 14:33:54.544921,346
,348
,364
,352
,337
,348
,361
,350
,343
,356
,360
,347
,348
,362
2026 05 14 14:33:54.606553,355
,345
,346
,353
,340
,338
,350
,362
,347
,346
,359
,359
,344
,352
2026 05 14 14:33:54.667149,363
,352
,345
,360
,370
,355
,347
,370
,369
,351
,349
,360
,364
,351
2026 05 14 14:33:54.733301,361
,375
,360
,353
,366
,369
,348
,347
,362
,356
,345
,357
,375
,356
2026 05 14 14:33:54.794953,344
,359
,366
,352
,355
,369
,371
,351
,355
,366
,356
,341
,355
,366
2026 05 14 14:33:54.860908,354
,343
,354
,361
,353
,359
,371
,363
,355
,365
,378
,360
,350
,362
2026 05 14 14:33:54.922191,368
,348
,352
,366
,359
,347
,355
,369
,354
,344
,349
,358
,348
,343
2026 05 14 14:33:54.983232,360
,362
,355
,362
,374
,364
,348
,357
,370
,359
,351
,365
,368
,352
2026 05 14 14:33:55.049042,352
,364
,361
,346
,350
,361
,348
,340
,352
,362
,349
,346
,364
,362
2026 05 14 14:33:55.110002,344
,357
,370
,355
,342
,351
,358
,340
,337
,361
,360
,345
,347
,351
2026 05 14 14:33:55.175774,340
,330
,340
,353
,342
,336
,354
,362
,343
,343
,356
,350
,344
,359
2026 05 14 14:33:55.237722,369
,352
,339
,354
,362
,350
,348
,352
,341
,331
,338
,349
,341
,332
2026 05 14 14:33:55.298096,345
,356
,341
,332
,343
,352
,342
,349
,364
,349
,337
,350
,360
,347
2026 05 14 14:33:55.364049,342
,355
,358
,344
,342
,357
,352
,337
,343
,352
,348
,334
,352
,359
2026 05 14 14:33:55.425623,345
,341
,352
,354
,342
,346
,357
,352
,342
,349
,352
,337
,333
,352
2026 05 14 14:33:55.491110,354
,349
,355
,367
,357
,341
,352
,362
,348
,340
,352
,352
,340
,341
2026 05 14 14:33:55.552626,363
,355
,342
,349
,360
,351
,339
,353
,364
,350
,354
,365
,363
,352
2026 05 14 14:33:55.613901,358
,368
,359
,351
,359
,371
,352
,347
,363
,363
,352
,352
,369
,366
2026 05 14 14:33:55.679122,351
,343
,355
,338
,348
,366
,369
,353
,355
,367
,358
,345
,352
,367
2026 05 14 14:33:55.740673,353
,345
,357
,362
,348
,349
,365
,362
,345
,350
,359
,345
,342
,355
2026 05 14 14:33:55.806484,366
,354
,350
,367
,369
,354
,357
,372
,362
,354
,365
,375
,360
,338
2026 05 14 14:33:55.867220,355
,359
,345
,346
,362
,353
,342
,349
,359
,348
,341
,364
,370
,350
2026 05 14 14:33:55.929399,349
,366
,362
,351
,361
,381
,364
,350
,361
,366
,350
,338
,352
,351
2026 05 14 14:33:55.995079,340
,341
,359
,353
,344
,353
,367
,349
,346
,354
,355
,341
,347
,359
2026 05 14 14:33:56.056197,355
,344
,351
,366
,350
,336
,343
,351
,331
,330
,351
,353
,339
,344
2026 05 14 14:33:56.121830,357
,344
,338
,348
,359
,340
,340
,349
,356
,342
,341
,354
,355
,343
2026 05 14 14:33:56.183146,349
,363
,350
,349
,363
,360
,348
,347
,363
,355
,347
,359
,367
,355
2026 05 14 14:33:56.244577,352
,363
,369
,356
,346
,360
,351
,337
,345
,359
,349
,339
,353
,360
2026 05 14 14:33:56.310579,348
,344
,358
,362
,346
,351
,368
,355
,342
,353
,363
,349
,342
,355
2026 05 14 14:33:56.371168,365
,350
,356
,367
,353
,340
,352
,361
,351
,341
,357
,369
,354
,351
2026 05 14 14:33:56.437675,369
,368
,353
,354
,369
,356
,345
,353
,360
,345
,347
,367
,362
,345
2026 05 14 14:33:56.498720,347
,367
,357
,347
,360
,374
,357
,350
,366
,367
,346
,350
,363
,358
2026 05 14 14:33:56.559872,346
,356
,370
,356
,342
,354
,360
,345
,338
,354
,356
,343
,351
,365
2026 05 14 14:33:56.625710,356
,344
,355
,366
,351
,344
,358
,358
,345
,346
,359
,352
,341
,353
2026 05 14 14:33:56.687148,367
,354
,343
,356
,366
,356
,359
,368
,362
,350
,363
,373
,350
,337
2026 05 14 14:33:56.752621,352
,356
,342
,340
,355
,350
,339
,343
,362
,352
,339
,350
,362
,347
2026 05 14 14:33:56.813366,340
,359
,361
,347
,349
,364
,355
,342
,354
,363
,349
,336
,350
,354
2026 05 14 14:33:56.874457,340
,340
,344
,351
,333
,344
,360
,352
,340
,358
,365
,353
,347
,365
2026 05 14 14:33:56.941301,368
,354
,349
,358
,344
,332
,346
,358
,347
,345
,361
,362
,348
,349
2026 05 14 14:33:57.002719,366
,357
,339
,353
,363
,351
,343
,355
,358
,348
,350
,363
,356
,338
2026 05 14 14:33:57.067542,338
,356
,347
,335
,350
,358
,343
,341
,355
,358
,346
,353
,370
,359
2026 05 14 14:33:57.129680,347
,362
,375
,351
,343
,353
,355
,338
,341
,356
,352
,345
,355
,369
2026 05 14 14:33:57.190862,355
,348
,361
,366
,349
,351
,363
,356
,343
,348
,358
,347
,342
,349
2026 05 14 14:33:57.256396,359
,346
,340
,357
,356
,343
,349
,366
,359
,351
,357
,366
,350
,340
2026 05 14 14:33:57.317394,354
,362
,348
,347
,357
,352
,344
,351
,355
,350
,345
,360
,365
,351
2026 05 14 14:33:57.382492,346
,368
,366
,351
,356
,370
,354
,342
,360
,366
,349
,347
,359
,358
2026 05 14 14:33:57.444984,342
,347
,362
,351
,337
,344
,355
,341
,335
,356
,360
,347
,350
,366
2026 05 14 14:33:57.505772,358
,343
,338
,358
,348
,337
,355
,365
,347
,347
,362
,355
,343
,349
2026 05 14 14:33:57.572422,359
,347
,336
,348
,363
,357
,353
,359
,356
,340
,348
,360
,349
,345
2026 05 14 14:33:57.633171,354
,365
,351
,347
,353
,349
,336
,334
,350
,347
,336
,350
,367
,345
2026 05 14 14:33:57.698870,340
,352
,360
,345
,340
,352
,352
,342
,349
,361
,354
,342
,349
,356
2026 05 14 14:33:57.760285,345
,342
,354
,355
,337
,344
,360
,354
,349
,359
,371
,357
,346
,360
2026 05 14 14:33:57.820809,361
,346
,346
,356
,346
,337
,347
,363
,353
,337
,349
,354
,335
,335
2026 05 14 14:33:57.887548,347
,346
,337
,348
,362
,349
,333
,348
,361
,345
,339
,353
,350
,339
2026 05 14 14:33:57.948878,341
,351
,347
,336
,343
,358
,349
,339
,345
,349
,336
,336
,353
,349
2026 05 14 14:33:58.013568,337
,347
,356
,345
,332
,351
,347
,335
,335
,349
,351
,334
,342
,358
2026 05 14 14:33:58.076264,344
,340
,354
,363
,348
,339
,357
,360
,346
,346
,361
,351
,340
,349
2026 05 14 14:33:58.136812,360
,345
,332
,347
,351
,334
,337
,352
,343
,329
,338
,350
,336
,324
2026 05 14 14:33:58.202428,336
,342
,331
,328
,345
,343
,326
,335
,351
,341
,330
,342
,349
,334
2026 05 14 14:33:58.264092,331
,350
,353
,334
,338
,351
,344
,334
,345
,363
,345
,340
,353
,356
2026 05 14 14:33:58.329556,343
,343
,360
,352
,341
,343
,357
,342
,333
,349
,359
,342
,336
,348
2026 05 14 14:33:58.391615,350
,331
,337
,354
,347
,338
,353
,363
,347
,342
,355
,353
,344
,346
2026 05 14 14:33:58.452350,357
,346
,334
,346
,365
,350
,336
,352
,360
,345
,346
,365
,365
,350
2026 05 14 14:33:58.517932,358
,369
,353
,341
,355
,365
,348
,344
,358
,354
,337
,343
,356
,344
2026 05 14 14:33:58.579511,337
,346
,352
,337
,340
,363
,366
,356
,358
,369
,358
,346
,356
,363
2026 05 14 14:33:58.640006,343
,336
,347
,353
,338
,339
,352
,346
,334
,345
,359
,345
,337
,356
2026 05 14 14:33:58.706694,372
,353
,347
,363
,363
,348
,350
,361
,350
,336
,349
,357
,343
,334
2026 05 14 14:33:58.768835,348
,353
,337
,340
,354
,352
,343
,356
,364
,349
,347
,360
,363
,348
2026 05 14 14:33:58.833930,354
,369
,353
,332
,340
,355
,346
,338
,347
,356
,338
,339
,353
,349
2026 05 14 14:33:58.894805,339
,347
,361
,351
,340
,352
,363
,349
,338
,349
,353
,339
,345
,362
2026 05 14 14:33:58.956273,352
,341
,349
,364
,350
,341
,352
,358
,349
,352
,365
,361
,341
,348
2026 05 14 14:33:59.021937,363
,356
,347
,357
,362
,344
,340
,356
,356
,346
,352
,365
,359
,347
2026 05 14 14:33:59.082548,357
,365
,355
,348
,363
,362
,348
,349
,366
,352
,338
,347
,358
,347
2026 05 14 14:33:59.148819,339
,351
,353
,343
,343
,358
,353
,343
,350
,362
,352
,340
,356
,367
2026 05 14 14:33:59.210688,352
,348
,360
,358
,345
,351
,361
,349
,338
,348
,362
,348
,328
,342
2026 05 14 14:33:59.270884,348
,336
,343
,356
,348
,345
,358
,369
,357
,346
,359
,370
,352
,345
2026 05 14 14:33:59.337532,353
,352
,334
,341
,353
,344
,332
,347
,355
,340
,334
,354
,353
,344
2026 05 14 14:33:59.398296,351
,364
,357
,344
,349
,364
,350
,339
,351
,353
,343
,342
,358
,353
2026 05 14 14:33:59.463502,338
,344
,356
,344
,335
,351
,358
,346
,341
,358
,359
,344
,352
,362
2026 05 14 14:33:59.525655,351
,341
,352
,364
,350
,345
,364
,366
,349
,349
,363
,358
,345
,353
2026 05 14 14:33:59.586373,369
,349
,336
,352
,353
,340
,340
,348
,344
,331
,340
,353
,341
,335
2026 05 14 14:33:59.652577,346
,355
,341
,340
,355
,358
,346
,350
,364
,355
,339
,352
,361
,345
2026 05 14 14:33:59.714011,339
,353
,354
,337
,341
,356
,348
,337
,347
,364
,350
,340
,357
,362
2026 05 14 14:33:59.779183,347
,350
,365
,356
,341
,346
,358
,341
,328
,344
,356
,343
,339
,346
2026 05 14 14:33:59.841027,340
,327
,344
,367
,364
,352
,365
,375
,351
,348
,363
,361
,343
,339
2026 05 14 14:33:59.902162,356
,349
,331
,348
,359
,347
,339
,348
,356
,346
,349
,354
,341
,335
2026 05 14 14:33:59.967138,346
,358
,345
,329
,344
,353
,341
,341
,357
,353
,347
,351
,364
,357
2026 05 14 14:34:00.032054,341
,342
,362
,349
,344
,355
,361
,347
,335
,356
,344
,320
,324
,339
2026 05 14 14:34:00.094832,326
,317
,333
,343
,332
,329
,344
,339
,327
,336
,356
,348
,339
,361
2026 05 14 14:34:00.156235,358
,344
,341
,356
,363
,362
,382
,377
,337
,307
,322
,340
,331
,334
2026 05 14 14:34:00.217442,339
,342
,326
,330
,351
,342
,329
,340
,352
,345
,337
,352
,357
,333
2026 05 14 14:34:00.283267,336
,356
,354
,348
,353
,359
,333
,327
,341
,337
,327
,322
,338
,343
2026 05 14 14:34:00.344377,336
,347
,359
,346
,338
,355
,366
,338
,329
,343
,353
,340
,347
,355
2026 05 14 14:34:00.410169,348
,340
,342
,356
,342
,335
,351
,359
,341
,337
,359
,355
,330
,338
2026 05 14 14:34:00.471806,357
,341
,336
,353
,364
,349
,341
,342
,342
,331
,331
,349
,342
,330
2026 05 14 14:34:00.532407,339
,352
,342
,335
,357
,354
,334
,336
,364
,366
,347
,334
,339
,330
2026 05 14 14:34:00.598020,323
,340
,352
,338
,337
,353
,350
,336
,344
,360
,349
,336
,351
,361
2026 05 14 14:34:00.660121,345
,345
,357
,361
,354
,349
,359
,340
,327
,340
,358
,351
,343
,359
2026 05 14 14:34:00.725599,363
,344
,349
,362
,351
,341
,352
,364
,351
,344
,361
,371
,343
,334
2026 05 14 14:34:00.787165,352
,348
,332
,349
,367
,349
,341
,357
,369
,352
,345
,357
,359
,351
2026 05 14 14:34:00.849078,365
,389
,372
,359
,367
,365
,337
,326
,343
,350
,338
,342
,361
,355
2026 05 14 14:34:00.913693,340
,350
,363
,351
,344
,357
,370
,357
,348
,352
,360
,338
,347
,369
2026 05 14 14:34:00.974910,354
,343
,358
,366
,350
,343
,359
,364
,349
,349
,360
,352
,343
,358
2026 05 14 14:34:01.041007,371
,338
,330
,348
,357
,342
,344
,365
,365
,347
,356
,362
,355
,344
2026 05 14 14:34:01.102492,358
,365
,355
,356
,382
,395
,374
,359
,349
,336
,329
,346
,355
,339
2026 05 14 14:34:01.164673,340
,359
,362
,345
,347
,363
,352
,344
,356
,365
,347
,335
,350
,362
2026 05 14 14:34:01.229091,352
,348
,364
,365
,355
,362
,370
,358
,352
,366
,377
,362
,359
,369
2026 05 14 14:34:01.290202,367
,354
,360
,373
,357
,342
,352
,362
,347
,338
,354
,360
,343
,340
2026 05 14 14:34:01.355712,353
,353
,343
,356
,376
,358
,346
,362
,363
,349
,353
,372
,371
,355
2026 05 14 14:34:01.418405,356
,375
,363
,350
,367
,375
,355
,353
,365
,363
,348
,352
,366
,350
2026 05 14 14:34:01.478444,338
,354
,367
,360
,352
,369
,374
,360
,363
,375
,363
,352
,366
,387
2026 05 14 14:34:01.544764,378
,362
,365
,367
,345
,345
,363
,361
,352
,358
,371
,366
,348
,363
2026 05 14 14:34:01.606734,372
,358
,357
,375
,367
,349
,351
,370
,357
,339
,357
,371
,357
,350
2026 05 14 14:34:01.671845,369
,372
,352
,356
,368
,361
,355
,361
,375
,357
,345
,369
,383
,367
2026 05 14 14:34:01.733554,362
,371
,362
,340
,353
,369
,357
,345
,357
,368
,348
,345
,361
,358
2026 05 14 14:34:01.794380,345
,349
,367
,361
,350
,358
,370
,352
,343
,362
,367
,350
,350
,359
2026 05 14 14:34:01.860297,352
,341
,352
,366
,351
,347
,365
,366
,353
,353
,365
,363
,346
,355
2026 05 14 14:34:01.921864,372
,362
,343
,346
,352
,343
,337
,351
,359
,342
,339
,353
,345
,335
2026 05 14 14:34:01.986752,355
,366
,347
,339
,355
,356
,343
,342
,363
,359
,346
,350
,365
,356
2026 05 14 14:34:02.048018,344
,357
,363
,346
,343
,364
,358
,342
,349
,368
,359
,349
,360
,369
2026 05 14 14:34:02.109259,353
,344
,353
,356
,358
,366
,375
,354
,342
,360
,372
,354
,347
,358
2026 05 14 14:34:02.174725,365
,355
,351
,365
,356
,347
,359
,374
,360
,348
,362
,370
,355
,352
2026 05 14 14:34:02.236620,365
,357
,349
,353
,358
,351
,342
,359
,368
,352
,339
,349
,360
,345
2026 05 14 14:34:02.302213,355
,366
,354
,345
,354
,367
,357
,352
,369
,373
,357
,357
,370
,365
2026 05 14 14:34:02.364508,347
,361
,371
,353
,346
,369
,373
,354
,353
,362
,364
,347
,353
,371
2026 05 14 14:34:02.424188,362
,350
,362
,364
,352
,347
,363
,367
,344
,351
,366
,356
,343
,358
2026 05 14 14:34:02.490927,365
,346
,341
,358
,363
,350
,353
,364
,350
,342
,358
,365
,357
,341
2026 05 14 14:34:02.552475,354
,356
,341
,339
,359
,359
,342
,352
,368
,357
,353
,367
,381
,358
2026 05 14 14:34:02.617822,349
,358
,356
,343
,346
,366
,354
,336
,349
,369
,350
,339
,359
,366
2026 05 14 14:34:02.679033,359
,363
,374
,368
,351
,361
,372
,353
,344
,357
,367
,357
,356
,365
2026 05 14 14:34:02.740541,361
,344
,348
,361
,353
,339
,352
,369
,359
,362
,376
,376
,364
,361
2026 05 14 14:34:02.806303,366
,345
,330
,343
,355
,344
,338
,352
,356
,341
,340
,354
,346
,340
2026 05 14 14:34:02.867850,354
,365
,349
,339
,361
,360
,348
,347
,377
,373
,353
,353
,367
,358
2026 05 14 14:34:02.929036,351
,365
,375
,352
,344
,354
,352
,342
,352
,374
,360
,349
,358
,360
2026 05 14 14:34:02.994739,350
,344
,360
,365
,354
,352
,364
,356
,340
,351
,365
,350
,337
,341
2026 05 14 14:34:03.055793,353
,338
,337
,353
,356
,342
,347
,364
,349
,337
,351
,362
,344
,341
2026 05 14 14:34:03.122133,355
,361
,347
,350
,365
,357
,345
,354
,365
,353
,347
,363
,369
,353
2026 05 14 14:34:03.183122,352
,367
,352
,336
,345
,358
,341
,344
,355
,359
,342
,338
,359
,362
2026 05 14 14:34:03.244482,352
,359
,369
,360
,341
,356
,366
,349
,345
,357
,356
,338
,345
,359
2026 05 14 14:34:03.310166,348
,336
,345
,364
,354
,346
,359
,359
,344
,346
,359
,351
,340
,351
2026 05 14 14:34:03.370855,367
,357
,348
,361
,368
,352
,346
,363
,359
,344
,350
,362
,358
,333
2026 05 14 14:34:03.436285,345
,356
,341
,333
,343
,348
,338
,344
,362
,354
,342
,359
,374
,360
2026 05 14 14:34:03.497924,345
,361
,360
,342
,339
,352
,344
,336
,344
,362
,346
,329
,343
,355
2026 05 14 14:34:03.559731,338
,340
,357
,360
,346
,362
,377
,365
,353
,367
,371
,342
,336
,349
2026 05 14 14:34:03.625365,343
,332
,339
,357
,344
,333
,343
,363
,352
,347
,359
,361
,358
,353
2026 05 14 14:34:03.686369,367
,361
,344
,354
,366
,350
,343
,349
,358
,346
,340
,356
,356
,341
2026 05 14 14:34:03.752130,347
,362
,349
,339
,357
,375
,361
,346
,362
,363
,350
,349
,361
,356
2026 05 14 14:34:03.813488,345
,353
,363
,350
,340
,354
,361
,345
,343
,357
,356
,347
,357
,369
2026 05 14 14:34:03.874507,356
,354
,369
,383
,356
,346
,354
,354
,337
,344
,355
,346
,336
,352
2026 05 14 14:34:03.940453,363
,345
,336
,356
,360
,345
,349
,367
,357
,346
,358
,371
,361
,345
2026 05 14 14:34:04.002230,359
,366
,346
,342
,352
,345
,333
,346
,359
,346
,332
,340
,347
,333
2026 05 14 14:34:04.068432,333
,355
,358
,347
,355
,366
,355
,343
,358
,376
,354
,327
,335
,342
2026 05 14 14:34:04.129277,334
,337
,360
,348
,334
,347
,360
,348
,343
,357
,365
,350
,353
,367
2026 05 14 14:34:04.189884,361
,347
,349
,364
,344
,332
,344
,355
,336
,337
,351
,345
,330
,336
2026 05 14 14:34:04.256502,352
,346
,338
,352
,367
,355
,350
,368
,369
,343
,348
,363
,349
,337
2026 05 14 14:34:04.317568,349
,346
,337
,338
,353
,358
,339
,337
,348
,346
,333
,343
,363
,356
2026 05 14 14:34:04.382490,347
,363
,370
,357
,352
,362
,360
,340
,343
,354
,345
,332
,350
,364
2026 05 14 14:34:04.444025,338
,324
,347
,351
,345
,349
,362
,358
,350
,358
,372
,355
,346
,363
2026 05 14 14:34:04.505230,366
,346
,343
,355
,352
,334
,341
,356
,345
,341
,348
,353
,341
,342
2026 05 14 14:34:04.571161,353
,355
,348
,361
,377
,367
,351
,355
,367
,347
,342
,350
,350
,338
2026 05 14 14:34:04.634637,342
,368
,357
,339
,341
,354
,343
,337
,357
,365
,352
,356
,373
,369
2026 05 14 14:34:04.698687,350
,351
,360
,346
,338
,353
,362
,357
,352
,350
,351
,342
,345
,358
2026 05 14 14:34:04.760083,345
,336
,349
,356
,342
,342
,356
,356
,346
,349
,364
,354
,343
,347
2026 05 14 14:34:04.821330,360
,354
,346
,363
,374
,346
,335
,348
,346
,336
,347
,358
,349
,341
2026 05 14 14:34:04.887047,350
,353
,345
,338
,355
,352
,337
,339
,361
,356
,344
,358
,369
,358
2026 05 14 14:34:04.949715,348
,360
,356
,341
,343
,357
,357
,342
,355
,367
,347
,333
,351
,357
2026 05 14 14:34:05.015655,337
,339
,352
,346
,332
,340
,353
,348
,337
,353
,359
,345
,343
,361
2026 05 14 14:34:05.075491,364
,351
,351
,368
,356
,341
,350
,356
,341
,329
,339
,339
,325
,332
2026 05 14 14:34:05.136519,351
,346
,333
,340
,352
,338
,328
,351
,361
,350
,349
,368
,364
,346
2026 05 14 14:34:05.202089,356
,365
,348
,339
,352
,364
,348
,332
,351
,351
,341
,339
,356
,346
2026 05 14 14:34:05.265721,336
,354
,368
,357
,347
,360
,367
,349
,342
,355
,349
,336
,345
,358
2026 05 14 14:34:05.329070,346
,333
,346
,354
,340
,337
,350
,345
,332
,338
,356
,351
,340
,359
2026 05 14 14:34:05.390827,367
,354
,352
,363
,361
,345
,342
,356
,344
,331
,349
,363
,348
,341
2026 05 14 14:34:05.452182,354
,351
,343
,348
,354
,346
,336
,349
,366
,351
,339
,356
,361
,343
2026 05 14 14:34:05.517736,336
,349
,348
,338
,347
,354
,343
,334
,341
,348
,329
,326
,341
,345
2026 05 14 14:34:05.579151,333
,339
,358
,351
,332
,344
,354
,340
,332
,348
,352
,340
,341
,361
2026 05 14 14:34:05.644695,361
,351
,365
,372
,353
,338
,352
,358
,342
,341
,352
,355
,343
,351
2026 05 14 14:34:05.706205,367
,351
,345
,352
,361
,353
,351
,372
,376
,363
,358
,363
,348
,333
2026 05 14 14:34:05.767456,338
,351
,340
,336
,356
,363
,346
,344
,359
,352
,341
,349
,363
,357
2026 05 14 14:34:05.832870,347
,357
,361
,342
,341
,355
,351
,341
,352
,360
,350
,340
,360
,371
2026 05 14 14:34:05.894698,351
,341
,359
,356
,341
,346
,358
,352
,332
,344
,353
,343
,325
,339
2026 05 14 14:34:05.960095,338
,325
,332
,352
,351
,339
,349
,367
,358
,349
,359
,366
,348
,341
2026 05 14 14:34:06.021391,353
,355
,337
,340
,350
,338
,327
,339
,349
,334
,334
,353
,358
,344
2026 05 14 14:34:06.083338,346
,363
,355
,338
,349
,362
,346
,339
,348
,354
,342
,341
,355
,351
2026 05 14 14:34:06.148780,337
,343
,357
,346
,334
,349
,363
,348
,347
,359
,355
,346
,351
,354
2026 05 14 14:34:06.210079,343
,338
,351
,366
,346
,338
,350
,355
,348
,346
,358
,350
,342
,356
2026 05 14 14:34:06.275096,362
,345
,338
,361
,363
,348
,344
,362
,358
,338
,345
,357
,347
,335
2026 05 14 14:34:06.337027,348
,358
,346
,340
,355
,353
,336
,345
,363
,357
,346
,355
,369
,352
2026 05 14 14:34:06.398119,344
,356
,365
,346
,353
,357
,335
,329
,338
,351
,341
,332
,342
,352
2026 05 14 14:34:06.466460,342
,346
,359
,356
,343
,353
,366
,351
,343
,358
,364
,347
,347
,354
2026 05 14 14:34:06.524832,353
,339
,348
,360
,353
,340
,344
,349
,337
,335
,357
,361
,349
,353
2026 05 14 14:34:06.585785,367
,359
,347
,359
,370
,356
,337
,341
,351
,335
,332
,350
,344
,328
2026 05 14 14:34:06.652674,336
,349
,339
,336
,354
,366
,356
,351
,366
,367
,350
,353
,369
,355
2026 05 14 14:34:06.713537,341
,353
,366
,356
,341
,357
,362
,349
,346
,352
,338
,332
,346
,364
2026 05 14 14:34:06.778990,350
,346
,363
,369
,352
,352
,365
,357
,340
,348
,365
,350
,341
,346
2026 05 14 14:34:06.840880,352
,332
,331
,348
,353
,343
,353
,365
,355
,344
,357
,370
,351
,340
2026 05 14 14:34:06.900937,362
,361
,341
,335
,350
,342
,329
,343
,359
,345
,334
,343
,348
,339
2026 05 14 14:34:06.967460,341
,356
,352
,342
,350
,370
,358
,348
,362
,371
,351
,344
,362
,359
2026 05 14 14:34:07.028971,343
,350
,357
,337
,328
,341
,353
,342
,340
,357
,359
,349
,357
,370
2026 05 14 14:34:07.094812,362
,343
,359
,359
,341
,333
,347
,353
,335
,338
,359
,353
,338
,345
2026 05 14 14:34:07.156364,357
,344
,333
,350
,361
,347
,348
,364
,361
,348
,352
,365
,348
,341
2026 05 14 14:34:07.217415,347
,354
,332
,330
,346
,346
,332
,332
,348
,339
,332
,350
,363
,353
2026 05 14 14:34:07.283021,349
,360
,363
,350
,343
,356
,348
,336
,344
,355
,344
,323
,336
,353
2026 05 14 14:34:07.344058,336
,327
,350
,349
,342
,352
,367
,360
,347
,352
,363
,347
,340
,357
2026 05 14 14:34:07.410088,358
,343
,349
,353
,342
,336
,346
,350
,334
,325
,342
,349
,337
,343
2026 05 14 14:34:07.471856,360
,357
,346
,354
,368
,351
,340
,352
,356
,344
,338
,348
,347
,336
2026 05 14 14:34:07.533367,351
,362
,352
,342
,342
,349
,335
,332
,359
,365
,344
,347
,362
,355
2026 05 14 14:34:07.598613,342
,353
,367
,349
,337
,350
,353
,337
,339
,355
,351
,337
,343
,354
2026 05 14 14:34:07.659281,339
,334
,352
,361
,349
,345
,360
,360
,347
,349
,361
,351
,334
,349
2026 05 14 14:34:07.725465,360
,343
,338
,351
,356
,344
,341
,349
,345
,335
,343
,351
,339
,336
2026 05 14 14:34:07.786136,350
,355
,340
,339
,354
,350
,336
,354
,369
,343
,326
,343
,353
,342
2026 05 14 14:34:07.847853,339
,353
,347
,333
,344
,356
,347
,335
,347
,355
,350
,348
,354
,358
2026 05 14 14:34:07.912520,337
,338
,353
,347
,336
,341
,355
,349
,340
,354
,361
,344
,342
,354
2026 05 14 14:34:07.974757,344
,324
,335
,355
,349
,339
,358
,366
,348
,344
,353
,354
,344
,339
2026 05 14 14:34:08.040675,351
,344
,335
,349
,353
,344
,344
,352
,344
,326
,332
,354
,346
,346
2026 05 14 14:34:08.102468,365
,367
,335
,331
,350
,356
,347
,339
,356
,359
,352
,361
,385
,371
2026 05 14 14:34:08.163312,333
,318
,328
,322
,329
,343
,346
,332
,341
,355
,350
,344
,360
,372
2026 05 14 14:34:08.228347,354
,347
,358
,362
,348
,346
,351
,350
,346
,361
,373
,366
,348
,353
2026 05 14 14:34:08.290098,357
,338
,341
,359
,359
,350
,352
,366
,355
,340
,352
,363
,359
,362
2026 05 14 14:34:08.355115,356
,335
,322
,337
,361
,356
,345
,345
,353
,343
,344
,367
,372
,351
2026 05 14 14:34:08.417723,337
,352
,354
,350
,356
,367
,347
,332
,342
,353
,341
,344
,361
,359
2026 05 14 14:34:08.478821,348
,356
,374
,356
,339
,353
,366
,344
,331
,360
,372
,366
,373
,371
2026 05 14 14:34:08.544632,351
,330
,343
,358
,347
,342
,361
,370
,358
,361
,359
,351
,339
,365
2026 05 14 14:34:08.605800,373
,341
,328
,340
,335
,323
,326
,346
,347
,339
,348
,361
,347
,337
2026 05 14 14:34:08.671398,351
,358
,354
,351
,363
,359
,337
,349
,372
,361
,346
,355
,368
,355
2026 05 14 14:34:08.733067,347
,359
,366
,359
,357
,369
,363
,344
,345
,349
,342
,340
,361
,365
2026 05 14 14:34:08.795061,347
,355
,361
,333
,321
,337
,362
,350
,337
,350
,367
,357
,358
,357
2026 05 14 14:34:08.859986,353
,338
,343
,363
,349
,334
,346
,356
,341
,341
,353
,356
,349
,355
2026 05 14 14:34:08.921370,367
,367
,354
,366
,377
,361
,352
,363
,357
,345
,348
,360
,357
,345
2026 05 14 14:34:08.986946,356
,364
,353
,349
,367
,379
,351
,334
,361
,375
,370
,360
,338
,329
2026 05 14 14:34:09.048361,326
,344
,359
,347
,342
,356
,368
,352
,354
,373
,364
,352
,365
,376
2026 05 14 14:34:09.109500,361
,352
,375
,390
,385
,373
,372
,356
,339
,348
,355
,345
,339
,353
2026 05 14 14:34:09.175511,364
,352
,349
,365
,365
,353
,359
,374
,364
,348
,364
,382
,368
,354
2026 05 14 14:34:09.237385,359
,371
,359
,360
,372
,359
,338
,355
,373
,355
,344
,356
,368
,352
2026 05 14 14:34:09.302769,347
,366
,362
,353
,360
,383
,379
,361
,351
,369
,351
,342
,364
,369
2026 05 14 14:34:09.363147,347
,347
,365
,359
,345
,354
,368
,352
,343
,359
,369
,353
,356
,371
2026 05 14 14:34:09.424591,362
,350
,361
,377
,363
,350
,360
,357
,343
,340
,356
,357
,343
,349
2026 05 14 14:34:09.490732,363
,354
,336
,355
,371
,358
,356
,372
,367
,353
,352
,358
,350
,338
2026 05 14 14:34:09.552554,343
,355
,353
,344
,357
,362
,350
,350
,366
,363
,348
,353
,369
,355
2026 05 14 14:34:09.617860,346
,363
,385
,372
,356
,357
,348
,341
,343
,358
,351
,339
,352
,365
2026 05 14 14:34:09.679113,351
,346
,360
,363
,347
,346
,360
,353
,341
,349
,365
,351
,339
,355
2026 05 14 14:34:09.740331,357
,346
,334
,336
,330
,320
,331
,355
,346
,334
,344
,354
,340
,333
2026 05 14 14:34:09.807125,349
,349
,333
,335
,347
,345
,334
,355
,372
,358
,348
,356
,365
,344
2026 05 14 14:34:09.868267,343
,362
,360
,351
,359
,365
,350
,342
,355
,362
,349
,350
,363
,361
2026 05 14 14:34:09.933467,345
,347
,355
,346
,333
,351
,365
,349
,346
,365
,359
,349
,351
,361
2026 05 14 14:34:09.994706,357
,343
,353
,367
,350
,341
,357
,357
,350
,357
,374
,363
,341
,344
2026 05 14 14:34:10.056005,360
,348
,343
,354
,363
,350
,351
,364
,360
,350
,358
,374
,359
,345
2026 05 14 14:34:10.121525,359
,368
,352
,333
,349
,354
,344
,357
,374
,362
,351
,359
,370
,356
2026 05 14 14:34:10.182974,347
,364
,364
,348
,354
,364
,354
,346
,359
,366
,350
,337
,355
,366
2026 05 14 14:34:10.243630,351
,352
,366
,362
,346
,351
,363
,347
,341
,356
,365
,351
,347
,356
2026 05 14 14:34:10.309974,359
,341
,344
,351
,344
,333
,347
,360
,350
,345
,356
,361
,351
,347
2026 05 14 14:34:10.370853,368
,355
,342
,361
,371
,352
,342
,354
,369
,355
,353
,368
,362
,343
2026 05 14 14:34:10.436951,353
,369
,357
,343
,357
,363
,344
,344
,357
,360
,341
,342
,356
,345
2026 05 14 14:34:10.498334,336
,356
,352
,361
,345
,364
,369
,348
,341
,371
,358
,349
,360
,358
2026 05 14 14:34:10.559054,330
,326
,347
,353
,346
,342
,361
,350
,331
,348
,367
,354
,344
,355
2026 05 14 14:34:10.624616,369
,352
,341
,360
,356
,343
,344
,361
,354
,340
,359
,369
,343
,333
2026 05 14 14:34:10.686104,359
,352
,340
,347
,359
,351
,347
,361
,369
,351
,336
,346
,367
,351
2026 05 14 14:34:10.752242,338
,355
,347
,337
,353
,365
,354
,347
,359
,366
,343
,337
,352
,347
2026 05 14 14:34:10.815515,333
,341
,356
,344
,346
,358
,353
,345
,335
,356
,359
,335
,335
,349
2026 05 14 14:34:10.874446,344
,330
,347
,362
,346
,345
,352
,355
,339
,330
,353
,356
,334
,338
2026 05 14 14:34:10.940778,351
,337
,327
,336
,345
,337
,341
,357
,351
,337
,337
,358
,354
,337
2026 05 14 14:34:11.002179,354
,361
,343
,341
,349
,347
,332
,338
,348
,345
,329
,342
,361
,339
2026 05 14 14:34:11.067608,328
,343
,350
,335
,333
,348
,339
,323
,341
,359
,344
,333
,349
,352
2026 05 14 14:34:11.128971,334
,326
,346
,344
,332
,334
,350
,338
,326
,340
,358
,335
,333
,342
2026 05 14 14:34:11.190475,340
,332
,334
,354
,337
,323
,340
,359
,345
,336
,349
,354
,338
,340
2026 05 14 14:34:11.255218,353
,347
,339
,350
,366
,344
,331
,351
,348
,325
,325
,342
,343
,334
2026 05 14 14:34:11.317492,341
,359
,348
,339
,357
,371
,354
,345
,362
,369
,347
,351
,367
,351
2026 05 14 14:34:11.382316,328
,326
,349
,338
,332
,348
,353
,341
,341
,358
,353
,341
,351
,365
2026 05 14 14:34:11.444565,353
,341
,356
,363
,346
,337
,357
,360
,349
,355
,369
,348
,333
,339
2026 05 14 14:34:11.505905,353
,337
,332
,343
,345
,339
,340
,360
,358
,339
,358
,380
,368
,353
2026 05 14 14:34:11.571514,366
,365
,350
,352
,358
,347
,335
,343
,360
,352
,342
,350
,359
,346
2026 05 14 14:34:11.632274,340
,354
,357
,344
,352
,366
,355
,342
,357
,369
,349
,342
,357
,364
2026 05 14 14:34:11.699701,346
,351
,368
,361
,342
,353
,366
,342
,328
,343
,350
,337
,339
,356
2026 05 14 14:34:11.759020,354
,342
,351
,368
,349
,339
,355
,371
,355
,345
,360
,358
,347
,353
2026 05 14 14:34:11.821318,367
,354
,338
,349
,363
,347
,342
,358
,362
,346
,353
,369
,365
,355
2026 05 14 14:34:11.886748,352
,365
,349
,338
,351
,359
,340
,348
,364
,361
,348
,352
,365
,350
2026 05 14 14:34:11.949013,336
,356
,366
,356
,357
,365
,361
,351
,361
,376
,356
,337
,346
,357
2026 05 14 14:34:12.013568,344
,334
,351
,357
,345
,348
,367
,358
,341
,350
,363
,358
,346
,360
2026 05 14 14:34:12.075553,358
,358
,361
,377
,373
,358
,353
,357
,348
,335
,350
,365
,350
,345
2026 05 14 14:34:12.136752,362
,361
,350
,353
,369
,358
,351
,364
,376
,365
,365
,379
,360
,341
2026 05 14 14:34:12.202259,345
,357
,345
,337
,354
,369
,357
,343
,356
,360
,347
,347
,364
,360
2026 05 14 14:34:12.263096,342
,344
,360
,348
,339
,357
,372
,361
,354
,375
,366
,342
,349
,366
2026 05 14 14:34:12.328681,355
,344
,357
,365
,342
,333
,353
,358
,347
,349
,362
,353
,338
,348
2026 05 14 14:34:12.390712,364
,351
,338
,354
,358
,335
,334
,350
,343
,326
,328
,341
,330
,317
2026 05 14 14:34:12.451499,333
,353
,340
,337
,350
,350
,331
,341
,360
,352
,341
,355
,364
,339
2026 05 14 14:34:12.517512,326
,349
,355
,344
,352
,370
,359
,340
,343
,355
,342
,333
,350
,364
2026 05 14 14:34:12.578526,349
,346
,364
,361
,348
,352
,368
,352
,342
,351
,362
,348
,343
,362
2026 05 14 14:34:12.644475,362
,342
,351
,361
,343
,327
,343
,355
,342
,335
,348
,352
,340
,342
2026 05 14 14:34:12.705781,360
,355
,342
,349
,364
,354
,350
,369
,373
,351
,351
,370
,368
,350
2026 05 14 14:34:12.767137,357
,368
,342
,333
,351
,363
,345
,340
,358
,359
,342
,345
,361
,354
2026 05 14 14:34:12.833686,343
,360
,378
,364
,357
,367
,369
,351
,350
,361
,344
,330
,343
,358
2026 05 14 14:34:12.894443,344
,339
,356
,359
,341
,341
,355
,352
,333
,344
,360
,354
,345
,356
2026 05 14 14:34:12.960475,369
,362
,361
,367
,359
,349
,340
,351
,345
,336
,342
,352
,342
,332
2026 05 14 14:34:13.021428,348
,353
,338
,337
,357
,350
,339
,357
,377
,360
,349
,365
,369
,342
2026 05 14 14:34:13.082302,334
,348
,344
,330
,336
,356
,344
,334
,348
,357
,340
,333
,350
,344
2026 05 14 14:34:13.148484,332
,343
,366
,363
,352
,366
,375
,355
,345
,353
,355
,340
,340
,351
2026 05 14 14:34:13.210513,336
,325
,332
,349
,337
,330
,343
,354
,340
,334
,354
,359
,352
,360
2026 05 14 14:34:13.275468,372
,363
,355
,365
,377
,347
,337
,354
,354
,338
,340
,355
,341
,325
2026 05 14 14:34:13.337503,343
,357
,337
,327
,341
,344
,333
,336
,360
,359
,349
,358
,378
,366
2026 05 14 14:34:13.397937,356
,361
,367
,337
,333
,350
,350
,336
,345
,361
,349
,335
,348
,358
2026 05 14 14:34:13.463388,342
,337
,357
,368
,353
,359
,375
,361
,348
,360
,367
,354
,339
,351
2026 05 14 14:34:13.525204,353
,337
,337
,354
,347
,336
,346
,364
,355
,346
,356
,359
,339
,339
2026 05 14 14:34:13.590745,358
,361
,352
,361
,375
,362
,344
,355
,369
,354
,345
,359
,361
,345
2026 05 14 14:34:13.653182,345
,363
,357
,341
,352
,368
,352
,329
,343
,353
,341
,345
,360
,355
2026 05 14 14:34:13.712355,342
,354
,361
,347
,336
,353
,357
,341
,340
,359
,356
,340
,349
,363
2026 05 14 14:34:13.778789,343
,325
,342
,350
,340
,343
,363
,363
,352
,356
,371
,364
,351
,360
2026 05 14 14:34:13.841311,372
,349
,339
,356
,359
,337
,340
,355
,348
,333
,339
,355
,344
,337
2026 05 14 14:34:13.906610,342
,359
,349
,351
,368
,361
,347
,353
,366
,355
,342
,356
,364
,340
2026 05 14 14:34:13.968371,340
,355
,357
,330
,336
,350
,344
,326
,335
,349
,343
,339
,357
,363
2026 05 14 14:34:14.028644,351
,354
,370
,369
,353
,360
,371
,351
,339
,350
,357
,338
,335
,345
2026 05 14 14:34:14.094592,346
,334
,340
,353
,342
,332
,349
,356
,342
,345
,362
,362
,345
,349
2026 05 14 14:34:14.156062,361
,352
,339
,350
,363
,351
,349
,371
,375
,342
,331
,338
,336
,323
2026 05 14 14:34:14.217037,331
,346
,335
,330
,345
,357
,344
,345
,362
,360
,345
,350
,366
,353
2026 05 14 14:34:14.282461,339
,353
,349
,332
,332
,346
,335
,327
,332
,349
,343
,336
,349
,370
2026 05 14 14:34:14.344429,358
,346
,360
,366
,352
,355
,369
,363
,345
,341
,364
,357
,340
,351
2026 05 14 14:34:14.410443,356
,334
,332
,347
,346
,333
,339
,360
,358
,348
,361
,370
,351
,350
2026 05 14 14:34:14.470844,366
,368
,353
,356
,368
,357
,339
,346
,361
,344
,334
,350
,353
,336
2026 05 14 14:34:14.532179,335
,349
,350
,341
,352
,369
,354
,348
,359
,371
,357
,350
,361
,361
2026 05 14 14:34:14.597630,346
,350
,360
,345
,335
,354
,363
,350
,338
,344
,350
,328
,330
,349
2026 05 14 14:34:14.659314,341
,333
,350
,372
,358
,348
,362
,367
,352
,349
,365
,360
,339
,348
2026 05 14 14:34:14.725164,359
,349
,341
,339
,347
,330
,326
,344
,349
,337
,342
,363
,354
,345
2026 05 14 14:34:14.786975,360
,376
,361
,354
,365
,357
,341
,345
,359
,349
,342
,361
,374
,360
2026 05 14 14:34:14.847532,333
,346
,353
,338
,330
,350
,346
,332
,347
,364
,355
,344
,362
,371
2026 05 14 14:34:14.913245,355
,348
,366
,358
,340
,345
,360
,348
,334
,349
,361
,345
,335
,345
2026 05 14 14:34:14.974701,344
,333
,339
,357
,348
,331
,349
,365
,353
,342
,353
,354
,337
,341
2026 05 14 14:34:15.040659,350
,341
,331
,349
,361
,350
,337
,343
,350
,330
,329
,346
,345
,337
2026 05 14 14:34:15.102197,346
,359
,348
,337
,354
,372
,352
,345
,362
,359
,339
,345
,359
,347
2026 05 14 14:34:15.162770,333
,344
,358
,346
,339
,346
,350
,343
,345
,366
,361
,349
,356
,375
2026 05 14 14:34:15.228526,349
,332
,342
,349
,330
,332
,356
,350
,334
,345
,359
,341
,329
,341
2026 05 14 14:34:15.290533,358
,342
,335
,346
,348
,336
,334
,350
,343
,333
,350
,366
,348
,342
2026 05 14 14:34:15.355631,359
,358
,340
,342
,362
,353
,325
,341
,354
,336
,321
,339
,347
,331
2026 05 14 14:34:15.417705,330
,350
,345
,330
,346
,362
,351
,343
,359
,365
,351
,345
,360
,356
2026 05 14 14:34:15.478570,344
,348
,363
,349
,338
,358
,377
,347
,322
,348
,353
,331
,337
,361
2026 05 14 14:34:15.544469,355
,337
,349
,368
,353
,343
,360
,368
,342
,343
,361
,356
,340
,354
2026 05 14 14:34:15.605905,369
,350
,343
,359
,352
,321
,321
,346
,353
,338
,350
,370
,358
,346
2026 05 14 14:34:15.671713,362
,374
,350
,341
,359
,360
,345
,346
,364
,353
,335
,350
,362
,349
2026 05 14 14:34:15.733390,336
,346
,353
,337
,341
,363
,362
,343
,357
,376
,362
,343
,361
,374
2026 05 14 14:34:15.793804,353
,349
,372
,359
,343
,342
,361
,354
,343
,350
,352
,339
,337
,357
2026 05 14 14:34:15.859997,367
,352
,352
,372
,360
,339
,356
,372
,346
,337
,357
,365
,347
,348
2026 05 14 14:34:15.921112,366
,358
,341
,349
,364
,342
,328
,349
,361
,341
,340
,362
,363
,345
2026 05 14 14:34:15.986751,346
,366
,353
,332
,351
,356
,342
,344
,364
,362
,350
,352
,363
,350
2026 05 14 14:34:16.048233,330
,342
,363
,352
,336
,346
,360
,342
,343
,367
,359
,336
,346
,367
2026 05 14 14:34:16.109085,353
,337
,349
,360
,341
,337
,356
,358
,339
,345
,360
,350
,339
,352
2026 05 14 14:34:16.175264,369
,350
,343
,350
,356
,342
,343
,362
,352
,332
,345
,366
,342
,327
2026 05 14 14:34:16.236555,345
,352
,337
,339
,357
,343
,324
,333
,356
,345
,331
,352
,364
,349
2026 05 14 14:34:16.302111,343
,371
,364
,335
,347
,367
,351
,326
,340
,361
,344
,334
,357
,359
2026 05 14 14:34:16.363255,343
,346
,360
,349
,326
,343
,363
,350
,338
,359
,371
,351
,354
,364
2026 05 14 14:34:16.424772,354
,336
,347
,358
,346
,333
,352
,363
,349
,346
,362
,362
,339
,344
2026 05 14 14:34:16.490503,365
,352
,337
,355
,372
,353
,346
,364
,372
,357
,355
,368
,362
,335
2026 05 14 14:34:16.553193,352
,364
,343
,334
,350
,354
,334
,335
,354
,349
,334
,348
,364
,349
2026 05 14 14:34:16.618215,341
,358
,374
,357
,354
,374
,360
,343
,350
,368
,350
,329
,349
,360
2026 05 14 14:34:16.678593,348
,342
,352
,353
,343
,339
,360
,352
,338
,351
,371
,355
,345
,363
2026 05 14 14:34:16.740094,370
,351
,353
,369
,348
,331
,334
,351
,335
,312
,331
,351
,336
,334
2026 05 14 14:34:16.806540,355
,359
,345
,351
,370
,354
,340
,355
,368
,352
,346
,359
,364
,347
2026 05 14 14:34:16.867516,350
,363
,357
,344
,362
,382
,354
,329
,341
,364
,350
,348
,362
,358
2026 05 14 14:34:16.932805,342
,355
,373
,357
,341
,353
,364
,353
,348
,365
,368
,352
,358
,371
2026 05 14 14:34:16.993754,360
,350
,360
,366
,344
,332
,347
,357
,339
,345
,364
,357
,345
,358
2026 05 14 14:34:17.055031,377
,357
,344
,362
,369
,349
,346
,364
,358
,338
,350
,368
,353
,334
2026 05 14 14:34:17.121707,340
,353
,336
,329
,347
,347
,326
,338
,362
,350
,337
,352
,367
,348
2026 05 14 14:34:17.182800,340
,354
,363
,346
,349
,367
,359
,343
,353
,373
,360
,347
,363
,375
2026 05 14 14:34:17.248367,351
,346
,364
,361
,352
,358
,379
,365
,348
,360
,373
,359
,350
,363
2026 05 14 14:34:17.310423,362
,342
,350
,373
,363
,345
,357
,368
,349
,347
,365
,369
,349
,357
2026 05 14 14:34:17.370775,372
,354
,328
,337
,356
,348
,336
,354
,360
,346
,342
,359
,360
,347
2026 05 14 14:34:17.437385,355
,374
,358
,344
,364
,377
,353
,345
,363
,362
,350
,354
,367
,361
2026 05 14 14:34:17.498467,345
,361
,381
,366
,352
,357
,363
,345
,346
,363
,357
,340
,355
,375
2026 05 14 14:34:17.563365,357
,345
,359
,366
,346
,340
,362
,358
,341
,348
,366
,356
,340
,351
2026 05 14 14:34:17.625364,365
,349
,329
,345
,352
,338
,345
,366
,352
,336
,352
,365
,346
,337
2026 05 14 14:34:17.686269,352
,364
,350
,348
,359
,355
,340
,352
,367
,357
,342
,358
,369
,353
2026 05 14 14:34:17.752071,342
,353
,348
,334
,342
,351
,342
,326
,341
,359
,346
,345
,361
,361
2026 05 14 14:34:17.813505,345
,344
,359
,350
,332
,344
,365
,345
,332
,349
,359
,338
,344
,372
2026 05 14 14:34:17.878568,362
,341
,354
,367
,351
,343
,364
,373
,349
,355
,370
,367
,344
,353
2026 05 14 14:34:17.940798,368
,354
,345
,363
,375
,353
,347
,368
,367
,347
,358
,380
,369
,348
2026 05 14 14:34:18.001389,364
,387
,369
,351
,366
,373
,348
,352
,376
,366
,344
,346
,366
,351
2026 05 14 14:34:18.066826,337
,363
,371
,352
,348
,364
,358
,344
,356
,376
,362
,355
,369
,375
2026 05 14 14:34:18.128572,350
,345
,360
,358
,341
,347
,368
,350
,329
,354
,378
,355
,342
,363
2026 05 14 14:34:18.189735,370
,352
,352
,372
,367
,344
,351
,369
,351
,339
,361
,368
,346
,344
2026 05 14 14:34:18.255843,375
,363
,335
,343
,359
,348
,334
,354
,368
,347
,343
,364
,365
,345
2026 05 14 14:34:18.317201,342
,359
,357
,346
,357
,373
,357
,342
,363
,373
,348
,336
,360
,358
2026 05 14 14:34:18.382833,336
,344
,367
,349
,338
,359
,366
,344
,343
,363
,358
,339
,352
,370
2026 05 14 14:34:18.444324,351
,338
,357
,369
,350
,341
,362
,367
,350
,359
,363
,345
,327
,340
2026 05 14 14:34:18.505357,367
,357
,342
,363
,371
,348
,351
,365
,358
,345
,354
,371
,354
,342
2026 05 14 14:34:18.571528,360
,370
,346
,343
,365
,364
,339
,349
,366
,354
,336
,353
,362
,339
2026 05 14 14:34:18.632256,336
,357
,361
,343
,350
,373
,360
,346
,360
,369
,348
,332
,349
,356
2026 05 14 14:34:18.698576,339
,343
,364
,351
,333
,344
,365
,347
,332
,353
,363
,345
,347
,372
2026 05 14 14:34:18.759523,368
,340
,349
,373
,357
,337
,354
,370
,345
,342
,357
,351
,329
,341
2026 05 14 14:34:18.824872,363
,351
,334
,352
,370
,349
,337
,356
,361
,337
,338
,357
,347
,329
2026 05 14 14:34:18.886593,345
,352
,333
,315
,339
,351
,330
,328
,346
,335
,319
,335
,359
,338
2026 05 14 14:34:18.947691,323
,341
,353
,331
,326
,343
,346
,323
,327
,350
,337
,323
,339
,364
2026 05 14 14:34:19.013302,338
,333
,357
,357
,341
,346
,361
,348
,335
,349
,373
,347
,333
,355
2026 05 14 14:34:19.075200,361
,338
,343
,364
,359
,336
,346
,364
,350
,338
,355
,363
,344
,339
2026 05 14 14:34:19.136285,360
,356
,346
,352
,375
,365
,338
,352
,370
,348
,337
,361
,367
,348
2026 05 14 14:34:19.202101,351
,370
,366
,346
,354
,376
,357
,346
,362
,369
,349
,348
,365
,362
2026 05 14 14:34:19.263109,342
,354
,381
,362
,348
,353
,359
,338
,340
,361
,360
,340
,344
,364
2026 05 14 14:34:19.328504,353
,341
,358
,375
,357
,350
,373
,377
,360
,352
,375
,362
,341
,347
2026 05 14 14:34:19.390589,362
,348
,337
,357
,373
,353
,350
,367
,352
,334
,351
,369
,355
,342
2026 05 14 14:34:19.451630,360
,371
,351
,343
,362
,362
,338
,343
,359
,343
,327
,345
,361
,344
2026 05 14 14:34:19.517435,339
,363
,370
,350
,346
,365
,364
,347
,362
,376
,364
,333
,347
,359
2026 05 14 14:34:19.578742,342
,339
,365
,361
,342
,354
,373
,356
,339
,354
,362
,348
,345
,365
2026 05 14 14:34:19.643622,365
,348
,354
,368
,363
,350
,367
,375
,341
,330
,353
,354
,335
,338
2026 05 14 14:34:19.705971,356
,348
,332
,339
,359
,349
,340
,361
,370
,355
,351
,376
,368
,340
2026 05 14 14:34:19.767575,342
,358
,346
,331
,353
,365
,344
,339
,359
,362
,343
,349
,368
,354
2026 05 14 14:34:19.833551,337
,354
,367
,346
,342
,359
,368
,340
,338
,364
,357
,335
,351
,371
2026 05 14 14:34:19.894120,352
,336
,352
,358
,339
,339
,357
,351
,334
,342
,355
,341
,326
,344
2026 05 14 14:34:19.960041,362
,345
,341
,358
,363
,340
,345
,368
,349
,330
,340
,354
,336
,331
2026 05 14 14:34:20.021563,352
,362
,351
,356
,380
,368
,348
,353
,361
,342
,337
,355
,364
,346
2026 05 14 14:34:20.082052,345
,367
,365
,342
,332
,344
,334
,330
,349
,363
,347
,338
,356
,358
2026 05 14 14:34:20.147798,338
,344
,358
,348
,336
,351
,362
,337
,331
,357
,367
,354
,359
,370
2026 05 14 14:34:20.209594,353
,333
,345
,359
,342
,334
,349
,356
,335
,333
,352
,350
,337
,348
2026 05 14 14:34:20.275068,370
,356
,340
,359
,367
,353
,341
,354
,359
,336
,343
,363
,351
,333
2026 05 14 14:34:20.336204,354
,367
,350
,346
,367
,368
,353
,350
,372
,364
,343
,356
,377
,356
2026 05 14 14:34:20.397814,338
,352
,351
,331
,329
,355
,353
,335
,352
,375
,357
,341
,356
,370
2026 05 14 14:34:20.463051,348
,344
,361
,362
,345
,348
,364
,347
,337
,347
,364
,345
,330
,356
2026 05 14 14:34:20.524986,361
,344
,348
,369
,356
,332
,348
,362
,341
,334
,356
,366
,342
,343
2026 05 14 14:34:20.590272,364
,356
,346
,357
,381
,360
,334
,352
,368
,346
,337
,355
,353
,335
2026 05 14 14:34:20.651081,341
,362
,352
,331
,345
,359
,341
,332
,349
,354
,334
,335
,361
,357
2026 05 14 14:34:20.713511,337
,352
,366
,337
,328
,346
,349
,326
,328
,349
,349
,336
,345
,363
2026 05 14 14:34:20.778166,347
,334
,352
,368
,344
,338
,360
,359
,344
,348
,366
,345
,322
,342
2026 05 14 14:34:20.841407,364
,340
,332
,351
,353
,339
,345
,365
,354
,338
,350
,362
,345
,340
2026 05 14 14:34:20.905427,361
,367
,347
,342
,362
,359
,342
,350
,360
,337
,325
,342
,355
,337
2026 05 14 14:34:20.966657,334
,351
,351
,328
,334
,355
,344
,334
,343
,361
,343
,335
,355
,357
2026 05 14 14:34:21.029023,339
,340
,353
,348
,333
,347
,361
,340
,324
,332
,342
,336
,334
,354
2026 05 14 14:34:21.093959,348
,334
,344
,361
,350
,336
,349
,361
,343
,337
,359
,358
,341
,345
2026 05 14 14:34:21.155532,352
,340
,327
,348
,367
,350
,337
,357
,363
,346
,340
,354
,345
,331
2026 05 14 14:34:21.221174,340
,360
,345
,335
,351
,359
,338
,343
,361
,358
,342
,354
,369
,351
2026 05 14 14:34:21.282312,332
,350
,361
,344
,331
,351
,358
,340
,343
,353
,343
,329
,349
,365
2026 05 14 14:34:21.343675,347
,341
,360
,367
,349
,347
,360
,349
,335
,344
,360
,346
,329
,345
2026 05 14 14:34:21.408954,355
,339
,339
,360
,359
,345
,354
,371
,355
,339
,356
,369
,350
,345
2026 05 14 14:34:21.471086,355
,353
,320
,324
,345
,335
,322
,341
,359
,343
,337
,359
,365
,342
2026 05 14 14:34:21.535692,339
,357
,350
,330
,347
,361
,347
,331
,345
,354
,334
,339
,359
,356
2026 05 14 14:34:21.598144,342
,353
,359
,347
,337
,350
,353
,332
,333
,359
,361
,333
,324
,340
2026 05 14 14:34:21.659126,324
,312
,331
,349
,337
,330
,348
,352
,331
,332
,353
,344
,327
,339
2026 05 14 14:34:21.725074,360
,344
,336
,351
,362
,350
,352
,375
,367
,339
,347
,365
,348
,338
2026 05 14 14:34:21.786692,349
,360
,348
,341
,360
,362
,342
,348
,366
,357
,342
,359
,376
,359
2026 05 14 14:34:21.851981,349
,362
,362
,341
,347
,367
,361
,336
,346
,362
,344
,336
,354
,360
2026 05 14 14:34:21.913095,340
,337
,355
,355
,342
,353
,373
,365
,349
,359
,365
,349
,340
,355
2026 05 14 14:34:21.974590,354
,332
,335
,354
,338
,321
,339
,361
,349
,349
,363
,358
,343
,344
2026 05 14 14:34:22.040436,366
,350
,330
,345
,363
,346
,325
,346
,354
,335
,336
,358
,359
,344
2026 05 14 14:34:22.102159,351
,369
,355
,344
,359
,364
,339
,337
,356
,356
,347
,352
,359
,345
2026 05 14 14:34:22.167634,328
,347
,366
,353
,347
,364
,368
,349
,347
,359
,350
,335
,348
,357
2026 05 14 14:34:22.228222,343
,334
,353
,357
,338
,340
,364
,359
,344
,357
,372
,356
,343
,358
2026 05 14 14:34:22.290321,369
,349
,347
,370
,357
,328
,334
,355
,346
,334
,350
,368
,351
,344
2026 05 14 14:34:22.355082,362
,367
,343
,345
,362
,350
,333
,345
,363
,349
,335
,350
,358
,339
2026 05 14 14:34:22.417390,335
,359
,363
,352
,352
,371
,362
,355
,373
,373
,349
,343
,360
,363
2026 05 14 14:34:22.479383,340
,339
,352
,343
,333
,353
,368
,355
,349
,364
,366
,349
,345
,361
2026 05 14 14:34:22.544065,356
,345
,348
,363
,347
,332
,347
,353
,337
,339
,358
,360
,340
,348
2026 05 14 14:34:22.605717,374
,364
,349
,362
,360
,342
,337
,355
,348
,326
,336
,359
,349
,337
2026 05 14 14:34:22.670623,361
,372
,353
,351
,371
,370
,347
,336
,347
,337
,322
,336
,355
,342
2026 05 14 14:34:22.732697,332
,341
,352
,333
,336
,360
,360
,343
,351
,379
,367
,347
,366
,380
2026 05 14 14:34:22.794204,350
,337
,353
,355
,335
,339
,355
,343
,333
,354
,370
,356
,348
,367
2026 05 14 14:34:22.859527,370
,347
,345
,354
,347
,335
,350
,369
,352
,334
,353
,356
,341
,344
2026 05 14 14:34:22.920721,368
,364
,337
,343
,361
,347
,333
,345
,354
,336
,333
,354
,353
,336
2026 05 14 14:34:22.986404,345
,362
,343
,333
,360
,380
,349
,337
,355
,364
,346
,346
,364
,352
2026 05 14 14:34:23.047825,333
,343
,358
,341
,331
,345
,355
,341
,343
,364
,364
,349
,357
,372
2026 05 14 14:34:23.109202,350
,339
,358
,365
,347
,339
,357
,359
,337
,342
,360
,346
,337
,355
2026 05 14 14:34:23.174949,375
,355
,342
,358
,363
,342
,350
,369
,357
,340
,347
,367
,353
,338
2026 05 14 14:34:23.236229,344
,347
,334
,335
,357
,363
,352
,361
,382
,366
,349
,363
,365
,346
2026 05 14 14:34:23.301940,342
,360
,364
,349
,350
,361
,348
,333
,355
,372
,351
,342
,366
,371
2026 05 14 14:34:23.362589,351
,354
,363
,356
,342
,356
,369
,352
,342
,359
,365
,343
,344
,360
2026 05 14 14:34:23.424303,357
,343
,352
,368
,352
,332
,345
,356
,340
,332
,352
,355
,339
,343
2026 05 14 14:34:23.490486,361
,345
,330
,347
,366
,355
,355
,372
,363
,340
,343
,365
,353
,334
2026 05 14 14:34:23.550947,335
,356
,337
,329
,347
,354
,335
,334
,352
,351
,336
,347
,366
,355
2026 05 14 14:34:23.617747,337
,353
,359
,345
,340
,353
,349
,332
,335
,350
,335
,323
,351
,371
2026 05 14 14:34:23.679055,352
,344
,364
,361
,347
,347
,371
,354
,335
,350
,364
,350
,338
,356
2026 05 14 14:34:23.739626,365
,347
,350
,374
,357
,334
,338
,357
,338
,321
,344
,357
,338
,329
2026 05 14 14:34:23.805816,349
,347
,337
,346
,364
,353
,342
,356
,370
,356
,351
,369
,373
,348
2026 05 14 14:34:23.866984,350
,354
,338
,323
,336
,351
,336
,326
,348
,360
,343
,340
,352
,354
2026 05 14 14:34:23.933607,337
,343
,362
,341
,325
,338
,355
,341
,341
,352
,350
,335
,340
,358
2026 05 14 14:34:23.994175,342
,329
,345
,363
,351
,340
,359
,361
,342
,346
,364
,354
,340
,359
2026 05 14 14:34:24.056012,375
,359
,348
,362
,366
,347
,349
,369
,361
,343
,343
,360
,346
,335
2026 05 14 14:34:24.121182,359
,375
,351
,339
,358
,351
,333
,344
,367
,355
,337
,350
,362
,343
2026 05 14 14:34:24.182249,340
,359
,357
,343
,348
,363
,353
,337
,351
,369
,344
,335
,355
,363
2026 05 14 14:34:24.247639,343
,346
,354
,349
,338
,347
,362
,344
,333
,353
,358
,336
,332
,352
2026 05 14 14:34:24.309684,349
,333
,335
,358
,351
,339
,357
,366
,344
,338
,346
,352
,336
,341
2026 05 14 14:34:24.370623,360
,350
,331
,341
,360
,344
,336
,355
,364
,345
,348
,372
,367
,346
2026 05 14 14:34:24.436047,357
,356
,340
,328
,348
,361
,344
,330
,348
,338
,322
,335
,356
,348
2026 05 14 14:34:24.498144,342
,358
,374
,357
,351
,366
,368
,348
,348
,357
,343
,324
,337
,356
2026 05 14 14:34:24.563525,341
,334
,353
,362
,346
,348
,367
,361
,344
,353
,366
,344
,332
,350
2026 05 14 14:34:24.624567,364
,341
,340
,362
,361
,340
,350
,367
,352
,337
,355
,372
,348
,338
2026 05 14 14:34:24.686517,356
,355
,334
,340
,362
,349
,336
,348
,363
,347
,337
,359
,369
,354
2026 05 14 14:34:24.750796,354
,361
,357
,337
,343
,354
,336
,324
,343
,358
,343
,337
,355
,353
2026 05 14 14:34:24.812982,334
,341
,371
,368
,360
,368
,368
,349
,339
,360
,355
,338
,340
,354
2026 05 14 14:34:24.878728,344
,325
,335
,359
,343
,335
,357
,367
,352
,354
,371
,360
,346
,355
2026 05 14 14:34:24.940145,356
,343
,333
,354
,359
,333
,331
,349
,347
,328
,338
,356
,350
,337
2026 05 14 14:34:25.001448,352
,365
,348
,340
,359
,357
,342
,347
,365
,358
,342
,352
,362
,346
2026 05 14 14:34:25.067758,330
,350
,365
,342
,342
,362
,354
,333
,345
,360
,343
,327
,346
,358
2026 05 14 14:34:25.128287,344
,338
,359
,359
,340
,352
,366
,345
,326
,339
,358
,341
,328
,348
2026 05 14 14:34:25.193651,356
,338
,339
,356
,350
,333
,341
,359
,345
,336
,356
,366
,348
,344
2026 05 14 14:34:25.255656,363
,355
,337
,349
,361
,343
,331
,349
,353
,338
,333
,351
,349
,332
2026 05 14 14:34:25.315822,340
,355
,339
,331
,345
,361
,347
,336
,352
,354
,337
,343
,358
,340
2026 05 14 14:34:25.382649,324
,340
,358
,343
,327
,347
,355
,334
,334
,353
,350
,331
,340
,356
2026 05 14 14:34:25.445132,341
,327
,342
,352
,332
,330
,357
,361
,342
,339
,348
,328
,309
,341
2026 05 14 14:34:25.509584,368
,345
,332
,351
,348
,325
,328
,348
,339
,322
,334
,354
,333
,314
2026 05 14 14:34:25.571066,332
,345
,328
,318
,336
,348
,334
,348
,365
,354
,336
,349
,357
,336
2026 05 14 14:34:25.632563,333
,352
,352
,333
,338
,358
,343
,328
,342
,352
,331
,323
,344
,346
2026 05 14 14:34:25.698066,328
,330
,347
,341
,329
,342
,364
,347
,336
,356
,362
,343
,344
,362
2026 05 14 14:34:25.759441,355
,339
,348
,359
,347
,338
,350
,366
,348
,349
,359
,350
,343
,350
2026 05 14 14:34:25.825674,370
,352
,338
,353
,367
,354
,346
,359
,359
,345
,350
,365
,355
,341
2026 05 14 14:34:25.886576,351
,369
,348
,346
,367
,368
,352
,350
,368
,362
,344
,355
,370
,352
2026 05 14 14:34:25.947477,335
,349
,361
,347
,350
,369
,361
,343
,346
,362
,355
,348
,364
,371
2026 05 14 14:34:26.013500,353
,346
,366
,365
,350
,357
,370
,355
,347
,365
,378
,359
,348
,363
2026 05 14 14:34:26.075004,368
,339
,345
,362
,363
,349
,359
,370
,351
,346
,365
,368
,348
,352
2026 05 14 14:34:26.140536,371
,361
,344
,354
,369
,350
,340
,357
,367
,346
,340
,357
,360
,344
2026 05 14 14:34:26.202335,354
,369
,360
,347
,356
,367
,348
,342
,357
,365
,350
,352
,362
,359
2026 05 14 14:34:26.262402,349
,359
,379
,362
,352
,363
,370
,354
,354
,365
,363
,345
,351
,367
2026 05 14 14:34:26.328923,356
,345
,357
,368
,348
,348
,358
,352
,335
,338
,361
,351
,344
,355
2026 05 14 14:34:26.390693,365
,350
,339
,353
,358
,345
,346
,362
,352
,345
,360
,373
,354
,342
2026 05 14 14:34:26.450893,356
,364
,350
,356
,375
,366
,349
,358
,369
,356
,345
,356
,366
,352
2026 05 14 14:34:26.517750,344
,362
,365
,350
,354
,372
,357
,343
,353
,369
,354
,344
,362
,376
2026 05 14 14:34:26.578893,358
,359
,380
,373
,359
,371
,384
,368
,363
,377
,378
,357
,355
,371
2026 05 14 14:34:26.643288,365
,353
,361
,375
,366
,351
,364
,375
,360
,355
,367
,368
,358
,367
2026 05 14 14:34:26.705834,380
,373
,365
,378
,388
,371
,358
,375
,376
,358
,356
,375
,368
,353
2026 05 14 14:34:26.766778,365
,381
,366
,355
,365
,365
,346
,354
,374
,366
,348
,361
,377
,365
2026 05 14 14:34:26.832935,350
,363
,372
,354
,351
,368
,369
,351
,355
,369
,362
,352
,365
,376
2026 05 14 14:34:26.893286,359
,351
,364
,360
,345
,359
,375
,366
,354
,361
,369
,357
,348
,362
2026 05 14 14:34:26.959551,369
,355
,349
,362
,357
,344
,359
,369
,365
,352
,357
,369
,355
,351
2026 05 14 14:34:27.021201,368
,367
,351
,354
,369
,358
,346
,356
,367
,352
,347
,367
,369
,351
2026 05 14 14:34:27.082359,355
,365
,366
,355
,362
,379
,365
,352
,361
,370
,352
,348
,363
,362
2026 05 14 14:34:27.148041,351
,352
,371
,355
,339
,354
,363
,349
,344
,360
,359
,341
,343
,360
2026 05 14 14:34:27.209252,359
,349
,362
,371
,353
,350
,370
,373
,354
,355
,370
,365
,350
,363
2026 05 14 14:34:27.274838,380
,358
,345
,359
,364
,345
,349
,367
,363
,347
,354
,368
,354
,343
2026 05 14 14:34:27.335844,359
,366
,354
,351
,365
,363
,349
,350
,366
,359
,350
,360
,373
,359
2026 05 14 14:34:27.397313,350
,364
,364
,348
,344
,360
,354
,339
,348
,359
,343
,338
,357
,364
2026 05 14 14:34:27.463221,348
,354
,371
,362
,341
,348
,360
,345
,337
,356
,370
,345
,339
,359
2026 05 14 14:34:27.524913,362
,350
,351
,372
,362
,344
,352
,366
,349
,343
,357
,358
,341
,340
2026 05 14 14:34:27.590213,355
,349
,337
,347
,366
,350
,341
,357
,365
,346
,347
,360
,356
,345
2026 05 14 14:34:27.651881,353
,374
,361
,344
,364
,374
,353
,348
,360
,355
,340
,348
,363
,352
2026 05 14 14:34:27.713239,341
,351
,366
,348
,338
,356
,359
,346
,349
,364
,358
,345
,355
,369
2026 05 14 14:34:27.778850,353
,346
,360
,368
,349
,348
,362
,361
,342
,347
,363
,349
,343
,360
2026 05 14 14:34:27.839475,369
,351
,351
,365
,354
,342
,349
,367
,354
,341
,356
,367
,352
,341
2026 05 14 14:34:27.905730,357
,365
,352
,350
,366
,360
,344
,347
,358
,345
,335
,352
,358
,339
2026 05 14 14:34:27.967327,339
,356
,358
,343
,353
,368
,354
,342
,359
,367
,350
,346
,361
,358
2026 05 14 14:34:28.028694,341
,344
,360
,355
,339
,355
,370
,345
,333
,350
,351
,330
,336
,355
2026 05 14 14:34:28.093795,348
,339
,350
,360
,342
,335
,350
,356
,340
,340
,358
,354
,337
,348
2026 05 14 14:34:28.155696,360
,346
,336
,350
,361
,348
,338
,360
,364
,348
,356
,376
,367
,349
2026 05 14 14:34:28.221105,354
,370
,347
,340
,359
,363
,345
,348
,367
,357
,347
,356
,370
,356
2026 05 14 14:34:28.282576,345
,362
,371
,341
,335
,356
,357
,351
,362
,374
,357
,342
,357
,363
2026 05 14 14:34:28.343820,345
,341
,355
,353
,335
,344
,360
,349
,331
,347
,360
,353
,343
,361
2026 05 14 14:34:28.409527,360
,352
,349
,369
,357
,337
,348
,360
,342
,332
,351
,359
,342
,342
2026 05 14 14:34:28.470913,353
,348
,335
,338
,353
,341
,330
,345
,362
,345
,344
,365
,363
,350
2026 05 14 14:34:28.536363,357
,372
,364
,345
,347
,365
,346
,335
,355
,356
,344
,345
,360
,357
2026 05 14 14:34:28.598112,343
,352
,371
,350
,340
,355
,355
,333
,337
,352
,353
,335
,345
,365
2026 05 14 14:34:28.659167,340
,330
,347
,359
,341
,341
,350
,352
,338
,344
,361
,353
,341
,356
2026 05 14 14:34:28.725111,365
,344
,335
,354
,357
,338
,335
,353
,352
,333
,345
,362
,345
,337
2026 05 14 14:34:28.785980,354
,356
,335
,348
,364
,358
,349
,359
,374
,361
,342
,354
,361
,344
2026 05 14 14:34:28.851858,340
,357
,357
,336
,342
,361
,349
,338
,346
,357
,339
,327
,343
,351
2026 05 14 14:34:28.912869,334
,340
,356
,341
,326
,336
,346
,331
,321
,338
,346
,329
,329
,346
2026 05 14 14:34:28.974463,342
,326
,346
,366
,348
,339
,352
,357
,335
,331
,351
,353
,336
,340
2026 05 14 14:34:29.039650,356
,346
,332
,351
,364
,352
,348
,357
,356
,335
,338
,353
,347
,334
2026 05 14 14:34:29.100978,348
,361
,346
,341
,358
,357
,338
,337
,357
,355
,340
,352
,369
,351
2026 05 14 14:34:29.166526,339
,345
,354
,338
,336
,354
,355
,340
,346
,361
,350
,335
,353
,372
2026 05 14 14:34:29.228095,357
,350
,367
,361
,344
,348
,361
,353
,347
,356
,363
,348
,340
,359
2026 05 14 14:34:29.290171,366
,344
,349
,366
,363
,345
,347
,366
,352
,335
,350
,361
,347
,344
2026 05 14 14:34:29.354705,359
,356
,341
,346
,366
,357
,345
,360
,367
,345
,341
,358
,360
,343
2026 05 14 14:34:29.417262,346
,354
,349
,345
,360
,370
,351
,343
,353
,364
,351
,350
,367
,365
2026 05 14 14:34:29.482534,346
,348
,366
,353
,340
,358
,372
,352
,339
,355
,351
,330
,339
,357
2026 05 14 14:34:29.546029,346
,331
,346
,355
,339
,332
,353
,356
,333
,343
,366
,361
,340
,345
2026 05 14 14:34:29.605504,364
,353
,342
,357
,359
,341
,337
,355
,351
,340
,351
,367
,347
,332
2026 05 14 14:34:29.671690,351
,361
,339
,332
,347
,353
,337
,343
,359
,349
,333
,354
,364
,345
2026 05 14 14:34:29.732664,343
,361
,363
,344
,349
,366
,354
,337
,351
,355
,339
,332
,349
,355
2026 05 14 14:34:29.798070,338
,339
,356
,353
,339
,350
,362
,342
,329
,341
,356
,344
,344
,360
2026 05 14 14:34:29.859510,359
,338
,343
,361
,351
,333
,348
,364
,351
,354
,373
,361
,337
,338
2026 05 14 14:34:29.921018,354
,353
,335
,353
,364
,343
,333
,350
,357
,340
,340
,362
,354
,339
2026 05 14 14:34:29.986756,351
,368
,352
,340
,352
,364
,348
,345
,364
,360
,341
,347
,358
,342
2026 05 14 14:34:30.048460,330
,346
,359
,342
,341
,356
,358
,340
,342
,360
,351
,337
,351
,365
2026 05 14 14:34:30.115284,348
,338
,354
,366
,352
,352
,360
,348
,334
,340
,358
,340
,324
,346
2026 05 14 14:34:30.174476,358
,339
,336
,354
,357
,343
,350
,364
,354
,343
,354
,363
,350
,346
2026 05 14 14:34:30.235899,357
,357
,336
,332
,351
,341
,325
,339
,353
,336
,323
,342
,348
,332
2026 05 14 14:34:30.301423,331
,340
,341
,329
,344
,352
,335
,329
,345
,352
,333
,329
,347
,349
2026 05 14 14:34:30.363337,332
,339
,351
,328
,316
,336
,349
,336
,332
,347
,352
,337
,339
,356
2026 05 14 14:34:30.423935,345
,330
,341
,361
,346
,337
,351
,357
,340
,338
,356
,352
,337
,340
2026 05 14 14:34:30.490370,353
,339
,332
,348
,359
,349
,339
,355
,348
,325
,336
,357
,340
,326
2026 05 14 14:34:30.551132,339
,348
,336
,325
,345
,343
,324
,328
,345
,345
,334
,342
,355
,340
2026 05 14 14:34:30.617172,332
,349
,361
,340
,334
,352
,347
,334
,339
,348
,339
,327
,344
,355
2026 05 14 14:34:30.678786,336
,330
,347
,353
,339
,348
,362
,346
,341
,354
,365
,343
,337
,352
2026 05 14 14:34:30.739461,351
,328
,331
,343
,330
,317
,329
,345
,332
,322
,337
,345
,328
,329
2026 05 14 14:34:30.805680,341
,351
,335
,345
,358
,345
,331
,346
,358
,342
,340
,359
,360
,343
2026 05 14 14:34:30.866960,350
,366
,349
,338
,357
,366
,345
,337
,351
,350
,337
,339
,352
,345
2026 05 14 14:34:30.932071,331
,342
,355
,337
,333
,353
,362
,345
,345
,350
,343
,330
,338
,355
2026 05 14 14:34:30.993566,343
,331
,347
,358
,340
,338
,359
,361
,346
,354
,364
,348
,333
,341
2026 05 14 14:34:31.055164,354
,341
,339
,354
,356
,345
,351
,368
,358
,342
,353
,368
,350
,340
2026 05 14 14:34:31.121335,359
,364
,340
,343
,365
,358
,344
,357
,367
,353
,343
,358
,366
,346
2026 05 14 14:34:31.182155,339
,356
,358
,342
,341
,362
,359
,346
,361
,376
,356
,348
,360
,361
2026 05 14 14:34:31.247818,347
,353
,371
,361
,346
,355
,368
,353
,343
,367
,373
,352
,336
,351
2026 05 14 14:34:31.310439,350
,342
,350
,368
,357
,345
,360
,375
,353
,349
,368
,368
,345
,347
2026 05 14 14:34:31.370513,362
,351
,331
,345
,364
,348
,341
,363
,359
,340
,354
,373
,368
,356
2026 05 14 14:34:31.436559,365
,368
,349
,342
,360
,366
,347
,345
,359
,353
,340
,352
,368
,352
2026 05 14 14:34:31.497146,340
,362
,369
,348
,348
,365
,371
,356
,366
,384
,365
,345
,358
,371
2026 05 14 14:34:31.563171,346
,338
,352
,361
,341
,346
,359
,354
,342
,357
,375
,357
,349
,367
2026 05 14 14:34:31.625538,371
,356
,352
,366
,355
,332
,339
,353
,341
,332
,351
,365
,347
,342
2026 05 14 14:34:31.685651,355
,358
,344
,348
,367
,358
,351
,367
,377
,358
,348
,373
,373
,350
2026 05 14 14:34:31.751562,345
,363
,354
,331
,346
,357
,347
,341
,353
,360
,347
,349
,366
,361
2026 05 14 14:34:31.813079,350
,357
,368
,353
,344
,357
,364
,344
,339
,357
,355
,339
,346
,361
2026 05 14 14:34:31.878017,345
,335
,350
,359
,342
,334
,349
,351
,344
,353
,369
,364
,350
,354
2026 05 14 14:34:31.939914,366
,348
,339
,357
,364
,347
,332
,353
,349
,337
,347
,358
,342
,333
2026 05 14 14:34:32.000568,352
,365
,346
,341
,357
,361
,345
,348
,361
,352
,342
,355
,364
,352
2026 05 14 14:34:32.067755,342
,361
,363
,347
,343
,354
,347
,334
,344
,362
,350
,346
,365
,360
2026 05 14 14:34:32.128823,337
,338
,358
,357
,340
,344
,357
,345
,328
,345
,360
,346
,340
,358
2026 05 14 14:34:32.193749,362
,345
,349
,364
,357
,343
,358
,371
,352
,343
,359
,362
,339
,346
2026 05 14 14:34:32.255708,366
,355
,330
,333
,361
,351
,336
,355
,361
,343
,340
,356
,357
,345
2026 05 14 14:34:32.316445,359
,372
,358
,343
,355
,354
,340
,340
,354
,352
,339
,344
,359
,346
2026 05 14 14:34:32.382853,336
,349
,362
,346
,339
,354
,360
,345
,348
,367
,355
,337
,352
,371
2026 05 14 14:34:32.443450,352
,346
,363
,359
,337
,334
,349
,341
,329
,337
,350
,338
,332
,350
2026 05 14 14:34:32.509751,365
,354
,352
,364
,364
,348
,352
,366
,353
,340
,351
,362
,344
,337
2026 05 14 14:34:32.571639,354
,358
,341
,343
,361
,353
,342
,360
,374
,363
,345
,354
,366
,351
2026 05 14 14:34:32.632306,348
,365
,361
,340
,343
,357
,345
,338
,352
,362
,342
,338
,358
,357
2026 05 14 14:34:32.697879,341
,347
,364
,351
,342
,357
,371
,356
,346
,356
,354
,332
,331
,355
2026 05 14 14:34:32.759247,348
,326
,340
,355
,342
,332
,345
,359
,345
,344
,358
,361
,345
,356
2026 05 14 14:34:32.824764,369
,351
,336
,357
,369
,349
,339
,353
,351
,333
,340
,360
,348
,337
2026 05 14 14:34:32.886381,355
,361
,342
,336
,354
,356
,342
,347
,369
,361
,346
,352
,357
,339
2026 05 14 14:34:32.948656,333
,346
,355
,340
,332
,347
,347
,336
,346
,360
,348
,337
,352
,364
2026 05 14 14:34:33.013050,346
,344
,365
,359
,342
,351
,367
,353
,335
,343
,351
,336
,334
,356
2026 05 14 14:34:33.074499,362
,345
,352
,361
,340
,330
,345
,361
,348
,343
,359
,367
,342
,342
2026 05 14 14:34:33.140301,360
,358
,345
,351
,362
,348
,330
,347
,358
,337
,334
,354
,358
,340
2026 05 14 14:34:33.201769,347
,367
,363
,350
,361
,374
,353
,353
,367
,367
,339
,336
,357
,355
2026 05 14 14:34:33.263470,339
,350
,363
,343
,329
,345
,354
,333
,332
,350
,349
,339
,347
,362
2026 05 14 14:34:33.328373,344
,329
,347
,356
,343
,339
,349
,338
,327
,332
,349
,342
,330
,341
2026 05 14 14:34:33.390293,357
,350
,341
,358
,360
,345
,351
,363
,355
,346
,357
,374
,355
,343
2026 05 14 14:34:33.455539,359
,365
,347
,352
,367
,362
,343
,353
,368
,359
,348
,362
,369
,355
2026 05 14 14:34:33.518583,349
,369
,371
,349
,347
,361
,344
,331
,346
,360
,343
,333
,349
,355
2026 05 14 14:34:33.578402,339
,335
,365
,357
,343
,356
,373
,359
,352
,372
,372
,355
,346
,363
2026 05 14 14:34:33.644014,359
,340
,348
,367
,355
,343
,357
,372
,359
,357
,378
,381
,351
,354
2026 05 14 14:34:33.705475,373
,362
,350
,362
,375
,361
,349
,369
,374
,352
,353
,372
,366
,348
2026 05 14 14:34:33.771510,359
,379
,368
,355
,368
,376
,359
,360
,379
,382
,369
,367
,378
,363
2026 05 14 14:34:33.832214,348
,360
,378
,359
,351
,367
,365
,344
,351
,371
,361
,339
,348
,366
2026 05 14 14:34:33.893934,353
,347
,366
,366
,352
,357
,371
,360
,348
,359
,375
,357
,346
,359
2026 05 14 14:34:33.959450,367
,343
,338
,357
,358
,352
,356
,363
,351
,339
,355
,368
,349
,349
2026 05 14 14:34:34.021034,368
,366
,348
,353
,368
,359
,345
,357
,366
,351
,342
,358
,362
,345
2026 05 14 14:34:34.086546,344
,363
,355
,338
,352
,369
,353
,347
,370
,373
,353
,346
,361
,353
2026 05 14 14:34:34.148042,329
,337
,349
,338
,330
,343
,355
,338
,340
,359
,360
,343
,350
,367
2026 05 14 14:34:34.209209,356
,343
,357
,364
,351
,341
,356
,363
,350
,351
,369
,352
,335
,345
2026 05 14 14:34:34.274791,366
,352
,336
,348
,357
,339
,338
,354
,351
,341
,351
,367
,350
,334
2026 05 14 14:34:34.336723,349
,362
,342
,342
,353
,345
,336
,345
,359
,346
,337
,348
,361
,346
2026 05 14 14:34:34.397681,339
,351
,356
,343
,344
,362
,359
,342
,352
,365
,346
,335
,347
,359
2026 05 14 14:34:34.462510,340
,337
,358
,353
,336
,344
,358
,340
,329
,345
,357
,336
,334
,360
2026 05 14 14:34:34.525479,363
,344
,343
,353
,342
,325
,340
,352
,338
,333
,347
,354
,339
,337
2026 05 14 14:34:34.590572,361
,353
,336
,350
,360
,342
,332
,352
,357
,336
,340
,353
,350
,338
2026 05 14 14:34:34.652177,340
,357
,347
,337
,350
,360
,346
,336
,351
,359
,344
,350
,367
,355
2026 05 14 14:34:34.713093,335
,353
,370
,352
,333
,352
,363
,346
,341
,355
,347
,334
,352
,360
2026 05 14 14:34:34.778501,342
,325
,343
,355
,344
,343
,360
,357
,345
,356
,373
,352
,335
,361
2026 05 14 14:34:34.840105,381
,378
,369
,375
,343
,311
,328
,346
,338
,329
,350
,365
,352
,345
2026 05 14 14:34:34.905583,360
,370
,353
,354
,369
,353
,339
,357
,375
,363
,341
,345
,351
,330
2026 05 14 14:34:34.967758,326
,348
,355
,351
,363
,381
,365
,322
,331
,350
,344
,340
,357
,356
2026 05 14 14:34:35.028571,346
,360
,397
,405
,391
,371
,330
,301
,303
,328
,342
,329
,333
,354
2026 05 14 14:34:35.093271,350
,332
,350
,367
,352
,339
,358
,372
,349
,337
,352
,344
,322
,334
2026 05 14 14:34:35.154966,353
,343
,332
,349
,362
,345
,353
,399
,425
,406
,371
,374
,358
,328
2026 05 14 14:34:35.219996,320
,324
,309
,309
,331
,343
,328
,333
,352
,347
,330
,344
,362
,350
2026 05 14 14:34:35.282337,339
,355
,364
,353
,351
,365
,365
,335
,344
,363
,353
,341
,356
,371
2026 05 14 14:34:35.343101,358
,352
,371
,371
,351
,353
,364
,357
,350
,367
,381
,360
,352
,365
2026 05 14 14:34:35.408959,358
,332
,338
,359
,356
,344
,358
,375
,353
,339
,358
,373
,357
,358
2026 05 14 14:34:35.470794,376
,367
,349
,348
,372
,363
,350
,369
,381
,349
,339
,354
,363
,344
2026 05 14 14:34:35.535938,339
,361
,352
,339
,352
,374
,351
,344
,369
,372
,352
,341
,364
,362
2026 05 14 14:34:35.597629,335
,339
,356
,340
,334
,351
,366
,346
,343
,364
,365
,346
,357
,379
2026 05 14 14:34:35.658663,364
,349
,353
,369
,349
,336
,353
,356
,340
,345
,364
,358
,340
,355
2026 05 14 14:34:35.724370,374
,351
,346
,363
,373
,357
,351
,371
,372
,355
,359
,375
,356
,339
2026 05 14 14:34:35.787185,355
,361
,347
,348
,365
,365
,355
,366
,393
,367
,337
,341
,350
,337
2026 05 14 14:34:35.850491,332
,352
,356
,336
,340
,365
,354
,347
,362
,381
,356
,339
,360
,373
2026 05 14 14:34:35.912787,350
,355
,373
,361
,342
,347
,363
,352
,338
,351
,366
,347
,343
,362
2026 05 14 14:34:35.974505,367
,350
,354
,371
,358
,346
,366
,369
,351
,350
,367
,368
,345
,347
2026 05 14 14:34:36.039463,362
,357
,341
,350
,372
,359
,343
,355
,361
,348
,345
,364
,365
,349
2026 05 14 14:34:36.100507,356
,368
,362
,341
,351
,363
,341
,335
,356
,352
,340
,348
,365
,354
2026 05 14 14:34:36.167958,339
,351
,364
,346
,340
,355
,360
,347
,349
,371
,371
,338
,345
,365
2026 05 14 14:34:36.228631,342
,336
,348
,362
,346
,341
,357
,355
,340
,347
,363
,355
,339
,353
2026 05 14 14:34:36.289140,361
,344
,338
,351
,354
,335
,331
,355
,348
,333
,334
,350
,324
,312
2026 05 14 14:34:36.354732,335
,344
,329
,330
,347
,339
,328
,340
,355
,344
,341
,362
,365
,335
2026 05 14 14:34:36.416403,332
,354
,354
,338
,348
,370
,353
,331
,347
,366
,349
,337
,356
,361
2026 05 14 14:34:36.482189,345
,354
,369
,365
,349
,359
,359
,340
,336
,355
,359
,347
,339
,348
2026 05 14 14:34:36.543252,344
,330
,341
,362
,354
,337
,353
,359
,341
,340
,359
,357
,344
,350
2026 05 14 14:34:36.605454,374
,357
,338
,352
,368
,356
,355
,352
,347
,332
,342
,359
,349
,337
2026 05 14 14:34:36.670568,359
,366
,346
,334
,355
,360
,342
,337
,356
,348
,331
,342
,359
,343
2026 05 14 14:34:36.733394,337
,356
,368
,347
,340
,356
,352
,335
,347
,369
,345
,335
,349
,365
2026 05 14 14:34:36.797478,347
,339
,356
,354
,337
,352
,371
,363
,347
,358
,375
,355
,347
,359
2026 05 14 14:34:36.858459,369
,351
,355
,369
,362
,342
,350
,367
,354
,342
,360
,374
,348
,343
2026 05 14 14:34:36.919930,367
,363
,338
,346
,369
,354
,341
,350
,358
,343
,335
,360
,362
,347
2026 05 14 14:34:36.985275,358
,376
,353
,343
,353
,369
,347
,338
,356
,360
,349
,352
,364
,343
2026 05 14 14:34:37.047867,328
,344
,363
,352
,339
,356
,364
,346
,344
,366
,362
,349
,357
,374
2026 05 14 14:34:37.113046,362
,339
,348
,366
,348
,340
,359
,356
,339
,344
,355
,348
,334
,348
2026 05 14 14:34:37.174137,362
,345
,333
,355
,356
,338
,337
,351
,346
,333
,352
,368
,345
,329
2026 05 14 14:34:37.236927,340
,353
,332
,324
,341
,343
,332
,339
,350
,338
,328
,346
,358
,337
2026 05 14 14:34:37.301225,337
,360
,363
,345
,348
,359
,353
,340
,356
,371
,350
,344
,365
,368
2026 05 14 14:34:37.363238,348
,345
,367
,352
,329
,340
,364
,347
,334
,352
,368
,350
,342
,358
2026 05 14 14:34:37.428524,350
,338
,351
,365
,352
,337
,357
,367
,347
,353
,370
,373
,343
,333
2026 05 14 14:34:37.489375,351
,344
,332
,340
,356
,343
,336
,356
,364
,347
,348
,366
,357
,336
2026 05 14 14:34:37.551258,345
,355
,340
,334
,355
,368
,350
,343
,358
,341
,320
,332
,351
,338
2026 05 14 14:34:37.617078,327
,344
,360
,344
,338
,356
,358
,341
,349
,365
,359
,344
,356
,371
2026 05 14 14:34:37.678403,342
,333
,351
,351
,335
,338
,356
,348
,332
,344
,356
,340
,334
,357
2026 05 14 14:34:37.743119,370
,355
,355
,370
,365
,346
,360
,374
,351
,329
,346
,356
,344
,336
2026 05 14 14:34:37.805457,351
,356
,337
,340
,358
,351
,341
,358
,375
,355
,348
,368
,372
,354
2026 05 14 14:34:37.866610,352
,366
,351
,338
,347
,364
,350
,341
,359
,366
,344
,345
,361
,355
2026 05 14 14:34:37.932691,330
,341
,361
,346
,332
,354
,370
,354
,350
,368
,368
,353
,356
,367
2026 05 14 14:34:37.993761,351
,333
,348
,362
,348
,340
,345
,351
,332
,332
,356
,350
,341
,337
2026 05 14 14:34:38.059262,350
,336
,332
,355
,365
,348
,339
,353
,349
,333
,343
,359
,347
,330
2026 05 14 14:34:38.120924,348
,371
,350
,337
,354
,352
,331
,338
,359
,347
,320
,338
,359
,344
2026 05 14 14:34:38.183546,344
,366
,370
,352
,353
,370
,355
,338
,346
,365
,354
,341
,356
,360
2026 05 14 14:34:38.247665,341
,336
,353
,353
,333
,335
,355
,345
,332
,349
,368
,351
,340
,359
2026 05 14 14:34:38.309558,360
,341
,344
,360
,349
,333
,346
,364
,354
,348
,363
,361
,352
,335
2026 05 14 14:34:38.369977,355
,352
,339
,349
,369
,356
,342
,358
,369
,348
,342
,356
,353
,343
2026 05 14 14:34:38.436688,349
,365
,357
,347
,366
,372
,340
,332
,346
,352
,341
,347
,369
,361
2026 05 14 14:34:38.497717,346
,357
,372
,355
,343
,360
,364
,344
,346
,365
,361
,347
,362
,383
2026 05 14 14:34:38.563106,357
,334
,350
,367
,343
,330
,353
,360
,344
,354
,370
,355
,334
,355
2026 05 14 14:34:38.624809,369
,351
,342
,353
,358
,337
,337
,361
,350
,318
,330
,356
,343
,324
2026 05 14 14:34:38.686036,343
,357
,347
,351
,367
,357
,341
,346
,363
,350
,342
,357
,365
,344
2026 05 14 14:34:38.751662,343
,362
,366
,348
,359
,379
,369
,354
,367
,366
,343
,341
,357
,358
2026 05 14 14:34:38.813275,341
,342
,363
,359
,345
,358
,371
,353
,339
,357
,368
,349
,348
,369
2026 05 14 14:34:38.878362,367
,348
,359
,372
,360
,350
,350
,358
,341
,340
,356
,358
,344
,347
2026 05 14 14:34:38.940735,362
,354
,340
,356
,371
,352
,346
,368
,366
,347
,354
,361
,348
,331
2026 05 14 14:34:39.000766,349
,363
,346
,337
,354
,370
,352
,349
,366
,351
,342
,361
,376
,359
2026 05 14 14:34:39.066379,345
,357
,367
,344
,335
,351
,346
,332
,342
,360
,351
,333
,353
,372
2026 05 14 14:34:39.127970,349
,341
,364
,368
,352
,360
,366
,357
,340
,352
,366
,349
,336
,358
2026 05 14 14:34:39.193281,371
,345
,339
,359
,349
,331
,344
,363
,340
,325
,344
,359
,339
,339
2026 05 14 14:34:39.255371,362
,368
,351
,359
,372
,349
,338
,355
,368
,347
,338
,356
,361
,340
2026 05 14 14:34:39.316635,341
,357
,351
,332
,343
,364
,344
,335
,353
,372
,354
,357
,371
,353
2026 05 14 14:34:39.382144,324
,338
,355
,339
,329
,344
,355
,338
,333
,358
,357
,338
,347
,367
2026 05 14 14:34:39.443672,350
,336
,348
,360
,342
,335
,358
,369
,346
,351
,355
,345
,331
,340
2026 05 14 14:34:39.509301,353
,335
,330
,346
,356
,336
,341
,358
,347
,332
,346
,362
,348
,333
2026 05 14 14:34:39.570888,353
,370
,356
,347
,369
,366
,334
,337
,355
,346
,331
,347
,358
,340
2026 05 14 14:34:39.631355,335
,356
,359
,339
,339
,360
,350
,331
,342
,359
,349
,339
,359
,362
2026 05 14 14:34:39.697793,337
,342
,361
,361
,347
,356
,363
,343
,328
,347
,361
,343
,338
,352
2026 05 14 14:34:39.758678,354
,334
,341
,357
,349
,337
,349
,363
,348
,332
,349
,354
,338
,343
2026 05 14 14:34:39.825171,354
,342
,330
,346
,363
,341
,333
,353
,362
,344
,344
,361
,357
,337
2026 05 14 14:34:39.886224,348
,364
,346
,336
,354
,365
,346
,338
,358
,358
,332
,336
,358
,351
2026 05 14 14:34:39.947495,337
,351
,363
,338
,330
,348
,354
,339
,341
,363
,356
,335
,344
,360
2026 05 14 14:34:40.013116,345
,340
,353
,360
,341
,342
,363
,366
,349
,347
,363
,348
,337
,354
2026 05 14 14:34:40.075052,365
,347
,345
,362
,363
,339
,335
,360
,354
,341
,357
,366
,346
,341
2026 05 14 14:34:40.141011,359
,358
,344
,343
,363
,352
,336
,351
,361
,350
,343
,363
,377
,350
2026 05 14 14:34:40.201816,343
,367
,367
,351
,354
,369
,361
,344
,361
,373
,344
,340
,362
,363
2026 05 14 14:34:40.263268,338
,336
,354
,347
,336
,350
,369
,347
,337
,358
,364
,339
,332
,351
2026 05 14 14:34:40.328035,349
,339
,352
,363
,344
,341
,358
,368
,345
,336
,354
,355
,330
,341
2026 05 14 14:34:40.389337,358
,339
,325
,336
,350
,343
,337
,357
,362
,343
,348
,365
,356
,333
2026 05 14 14:34:40.455441,349
,359
,344
,337
,355
,347
,333
,333
,348
,347
,333
,342
,353
,346
2026 05 14 14:34:40.517603,337
,354
,363
,345
,340
,365
,361
,342
,347
,365
,351
,340
,355
,371
2026 05 14 14:34:40.577908,345
,333
,353
,356
,333
,328
,355
,349
,328
,340
,354
,336
,332
,354
2026 05 14 14:34:40.643087,363
,344
,348
,367
,355
,340
,351
,366
,343
,339
,350
,366
,340
,330
2026 05 14 14:34:40.705505,348
,346
,328
,324
,350
,341
,332
,355
,367
,349
,343
,362
,362
,346
2026 05 14 14:34:40.770591,351
,370
,357
,342
,357
,366
,347
,339
,359
,365
,341
,341
,364
,357
2026 05 14 14:34:40.832765,329
,347
,362
,350
,337
,358
,364
,345
,345
,368
,365
,344
,353
,373
2026 05 14 14:34:40.893679,363
,345
,358
,365
,350
,342
,358
,352
,327
,338
,356
,345
,336
,355
2026 05 14 14:34:40.959475,371
,353
,347
,356
,361
,350
,351
,366
,364
,350
,349
,369
,354
,338
2026 05 14 14:34:41.020479,337
,354
,340
,341
,358
,353
,340
,342
,362
,352
,339
,356
,375
,358
2026 05 14 14:34:41.086532,344
,360
,364
,347
,357
,378
,367
,354
,362
,373
,345
,328
,348
,358
2026 05 14 14:34:41.147914,344
,348
,362
,354
,342
,354
,371
,352
,339
,359
,366
,353
,345
,359
2026 05 14 14:34:41.208354,357
,337
,351
,371
,357
,346
,354
,368
,356
,342
,362
,369
,349
,351
2026 05 14 14:34:41.274560,367
,358
,346
,356
,375
,353
,346
,365
,366
,346
,348
,367
,361
,347
2026 05 14 14:34:41.336093,352
,370
,358
,350
,367
,369
,345
,344
,367
,366
,346
,354
,371
,360
2026 05 14 14:34:41.401026,341
,357
,369
,350
,340
,356
,358
,341
,343
,359
,353
,348
,361
,359
2026 05 14 14:34:41.462998,335
,334
,351
,358
,345
,341
,358
,352
,336
,347
,362
,352
,340
,359
2026 05 14 14:34:41.524028,364
,343
,343
,360
,360
,341
,347
,369
,350
,344
,361
,377
,351
,336
2026 05 14 14:34:41.590660,354
,357
,340
,348
,365
,352
,336
,349
,359
,344
,336
,354
,364
,346
2026 05 14 14:34:41.651805,349
,366
,359
,342
,353
,369
,360
,346
,364
,374
,342
,333
,351
,354
2026 05 14 14:34:41.716962,341
,346
,360
,349
,344
,360
,371
,353
,347
,368
,370
,348
,349
,367
2026 05 14 14:34:41.777608,356
,344
,353
,368
,349
,343
,363
,363
,345
,349
,362
,354
,343
,355
2026 05 14 14:34:41.839368,373
,356
,344
,357
,363
,346
,340
,352
,354
,340
,348
,364
,352
,334
2026 05 14 14:34:41.905443,352
,358
,333
,332
,353
,357
,343
,343
,361
,352
,337
,352
,367
,351
2026 05 14 14:34:41.966848,341
,358
,366
,350
,351
,363
,362
,328
,336
,352
,340
,330
,346
,358
2026 05 14 14:34:42.032253,341
,340
,356
,355
,338
,349
,368
,354
,340
,357
,372
,352
,345
,356
2026 05 14 14:34:42.093654,345
,328
,331
,347
,343
,331
,345
,357
,337
,325
,342
,352
,334
,334
2026 05 14 14:34:42.154689,360
,359
,346
,363
,380
,360
,342
,359
,366
,349
,350
,372
,364
,339
2026 05 14 14:34:42.220738,336
,358
,348
,334
,348
,364
,343
,338
,361
,362
,347
,349
,368
,359
2026 05 14 14:34:42.282215,347
,357
,368
,352
,340
,355
,367
,348
,338
,353
,350
,339
,352
,366
2026 05 14 14:34:42.343681,358
,343
,350
,365
,352
,353
,375
,372
,347
,350
,366
,357
,344
,356
2026 05 14 14:34:42.409140,375
,354
,339
,358
,364
,346
,337
,357
,350
,331
,345
,364
,349
,342
2026 05 14 14:34:42.470379,358
,369
,351
,348
,364
,358
,342
,350
,368
,351
,340
,357
,371
,353
2026 05 14 14:34:42.536222,347
,361
,358
,334
,339
,362
,355
,337
,350
,352
,337
,330
,353
,365
2026 05 14 14:34:42.597687,343
,346
,363
,356
,342
,351
,370
,353
,346
,361
,371
,353
,347
,365
2026 05 14 14:34:42.658312,358
,336
,344
,357
,341
,330
,346
,363
,345
,340
,356
,354
,334
,337
2026 05 14 14:34:42.724361,358
,351
,339
,352
,367
,347
,342
,362
,367
,352
,348
,357
,358
,341
2026 05 14 14:34:42.786009,347
,358
,335
,329
,348
,358
,344
,341
,360
,355
,337
,349
,367
,359
2026 05 14 14:34:42.851487,345
,363
,381
,358
,345
,366
,364
,347
,356
,370
,359
,347
,349
,360
2026 05 14 14:34:42.912957,335
,320
,341
,348
,335
,337
,360
,351
,337
,357
,375
,351
,339
,363
2026 05 14 14:34:42.974036,369
,347
,346
,362
,360
,345
,346
,362
,349
,340
,352
,355
,336
,328
2026 05 14 14:34:43.040419,346
,354
,343
,347
,371
,364
,344
,364
,373
,351
,341
,366
,375
,350
2026 05 14 14:34:43.100654,350
,366
,361
,348
,350
,362
,349
,339
,356
,365
,342
,341
,360
,358
2026 05 14 14:34:43.167125,338
,345
,374
,353
,336
,351
,365
,344
,334
,353
,356
,342
,338
,349
2026 05 14 14:34:43.230062,342
,330
,345
,356
,344
,335
,356
,365
,344
,341
,357
,357
,343
,355
2026 05 14 14:34:43.289644,368
,345
,335
,362
,367
,345
,335
,351
,355
,338
,343
,358
,340
,328
2026 05 14 14:34:43.354689,349
,366
,344
,337
,361
,365
,339
,345
,370
,361
,348
,356
,359
,343
2026 05 14 14:34:43.416018,331
,359
,362
,340
,342
,360
,356
,342
,359
,371
,350
,336
,351
,358
2026 05 14 14:34:43.482447,342
,343
,360
,354
,339
,351
,357
,335
,320
,334
,355
,336
,330
,346
2026 05 14 14:34:43.543115,346
,330
,336
,353
,339
,322
,331
,353
,340
,334
,354
,353
,334
,332
2026 05 14 14:34:43.604628,348
,343
,328
,331
,350
,343
,337
,349
,361
,340
,340
,355
,353
,341
2026 05 14 14:34:43.670838,347
,362
,353
,343
,354
,362
,342
,339
,352
,361
,342
,345
,367
,351
2026 05 14 14:34:43.732240,333
,347
,362
,347
,332
,346
,354
,341
,344
,365
,346
,335
,350
,364
2026 05 14 14:34:43.797338,347
,336
,351
,362
,344
,346
,359
,352
,338
,349
,365
,349
,336
,349
2026 05 14 14:34:43.859261,358
,344
,336
,356
,358
,341
,339
,355
,344
,333
,349
,374
,356
,330
2026 05 14 14:34:43.920517,350
,362
,345
,342
,356
,358
,338
,342
,363
,349
,336
,356
,364
,344
2026 05 14 14:34:43.986290,339
,355
,359
,350
,359
,367
,364
,351
,356
,359
,339
,340
,361
,358
2026 05 14 14:34:44.047653,342
,344
,363
,351
,335
,349
,365
,352
,340
,361
,368
,348
,341
,364
2026 05 14 14:34:44.112800,358
,345
,364
,375
,348
,341
,353
,364
,345
,348
,363
,357
,338
,342
2026 05 14 14:34:44.174570,363
,351
,339
,359
,368
,361
,355
,371
,359
,333
,339
,354
,350
,336
2026 05 14 14:34:44.235851,349
,365
,347
,332
,353
,361
,341
,343
,359
,365
,351
,364
,369
,343
2026 05 14 14:34:44.301574,330
,345
,355
,343
,340
,358
,360
,352
,357
,372
,352
,341
,357
,369
2026 05 14 14:34:44.362284,353
,346
,361
,362
,344
,348
,366
,365
,345
,353
,371
,339
,329
,346
2026 05 14 14:34:44.427697,361
,347
,348
,362
,362
,351
,354
,378
,357
,349
,368
,375
,338
,334
2026 05 14 14:34:44.490631,353
,358
,341
,346
,367
,352
,339
,356
,365
,354
,345
,364
,373
,351
2026 05 14 14:34:44.552312,341
,352
,346
,328
,344
,357
,340
,332
,357
,363
,346
,344
,364
,362
2026 05 14 14:34:44.617200,351
,363
,372
,358
,338
,347
,358
,347
,336
,356
,363
,348
,346
,371
2026 05 14 14:34:44.677844,356
,337
,351
,365
,344
,338
,354
,360
,344
,344
,364
,357
,339
,348
2026 05 14 14:34:44.743541,357
,351
,346
,366
,366
,338
,339
,359
,355
,339
,343
,358
,349
,334
2026 05 14 14:34:44.805211,349
,366
,350
,341
,354
,346
,332
,345
,374
,356
,344
,357
,371
,353
2026 05 14 14:34:44.866721,343
,358
,367
,349
,346
,358
,350
,341
,352
,363
,346
,336
,356
,358
2026 05 14 14:34:44.932750,341
,346
,366
,364
,333
,334
,356
,341
,339
,356
,365
,355
,352
,371
2026 05 14 14:34:44.993549,369
,351
,348
,362
,346
,336
,357
,374
,355
,334
,348
,358
,341
,344
2026 05 14 14:34:45.059165,359
,349
,340
,355
,364
,352
,340
,361
,377
,355
,349
,364
,362
,348
2026 05 14 14:34:45.120753,355
,351
,339
,338
,346
,354
,339
,336
,357
,355
,338
,339
,352
,348
2026 05 14 14:34:45.182201,332
,353
,370
,357
,345
,357
,363
,349
,348
,366
,352
,337
,347
,366
2026 05 14 14:34:45.248215,345
,335
,349
,362
,345
,343
,369
,364
,349
,336
,356
,346
,338
,354
2026 05 14 14:34:45.309077,367
,349
,348
,361
,362
,337
,335
,364
,358
,338
,351
,360
,343
,336
2026 05 14 14:34:45.374498,357
,364
,346
,337
,354
,353
,337
,348
,363
,347
,343
,363
,373
,349
2026 05 14 14:34:45.436130,348
,363
,364
,343
,352
,373
,358
,338
,351
,364
,342
,338
,361
,367
2026 05 14 14:34:45.497367,348
,343
,350
,344
,333
,351
,368
,357
,349
,366
,365
,350
,356
,367
2026 05 14 14:34:45.562388,353
,333
,349
,371
,350
,328
,345
,355
,335
,334
,355
,354
,335
,342
2026 05 14 14:34:45.624514,362
,352
,340
,356
,374
,357
,346
,353
,358
,344
,345
,360
,346
,333
2026 05 14 14:34:45.689968,345
,361
,350
,333
,342
,351
,338
,337
,354
,352
,343
,351
,365
,352
2026 05 14 14:34:45.751449,345
,353
,363
,351
,349
,360
,355
,338
,346
,357
,345
,330
,352
,362
2026 05 14 14:34:45.812369,342
,320
,328
,333
,330
,341
,358
,344
,326
,337
,349
,336
,328
,349
2026 05 14 14:34:45.879684,356
,331
,330
,351
,347
,323
,335
,355
,340
,334
,348
,360
,345
,339
2026 05 14 14:34:45.940560,356
,355
,338
,344
,361
,356
,347
,360
,359
,338
,340
,355
,357
,349
2026 05 14 14:34:46.005271,344
,359
,348
,334
,346
,362
,349
,336
,347
,360
,348
,345
,360
,355
2026 05 14 14:34:46.066880,343
,345
,361
,355
,347
,355
,364
,347
,341
,359
,365
,357
,356
,361
2026 05 14 14:34:46.127785,352
,342
,350
,366
,357
,346
,355
,360
,350
,349
,368
,360
,350
,358
2026 05 14 14:34:46.193587,364
,347
,338
,362
,367
,348
,346
,361
,360
,349
,361
,379
,356
,329
2026 05 14 14:34:46.255472,344
,359
,339
,335
,356
,352
,341
,343
,361
,353
,340
,352
,361
,349
2026 05 14 14:34:46.321061,340
,354
,356
,346
,368
,367
,346
,332
,343
,350
,341
,336
,356
,361
2026 05 14 14:34:46.382125,351
,353
,364
,362
,344
,349
,361
,343
,329
,347
,352
,338
,337
,349
2026 05 14 14:34:46.443664,350
,344
,326
,336
,327
,317
,334
,353
,340
,335
,351
,355
,343
,340
2026 05 14 14:34:46.509102,352
,342
,332
,343
,355
,344
,337
,345
,346
,335
,336
,347
,338
,322
2026 05 14 14:34:46.570894,339
,355
,343
,329
,339
,350
,337
,335
,348
,346
,336
,342
,354
,342
2026 05 14 14:34:46.630900,326
,342
,352
,341
,336
,356
,369
,333
,328
,347
,336
,325
,340
,357
2026 05 14 14:34:46.697860,348
,337
,352
,354
,338
,334
,348
,340
,334
,346
,366
,352
,338
,361
2026 05 14 14:34:46.758955,357
,337
,324
,343
,340
,323
,332
,346
,334
,327
,346
,358
,348
,339
2026 05 14 14:34:46.824335,355
,359
,346
,349
,358
,347
,333
,344
,356
,342
,336
,354
,364
,343
2026 05 14 14:34:46.887031,344
,360
,341
,328
,328
,347
,340
,331
,346
,359
,344
,337
,346
,345
2026 05 14 14:34:46.947430,335
,338
,363
,355
,342
,342
,348
,332
,327
,347
,350
,327
,329
,344
2026 05 14 14:34:47.012932,338
,329
,342
,356
,339
,331
,353
,358
,341
,338
,355
,355
,339
,344
2026 05 14 14:34:47.074191,359
,346
,336
,350
,358
,344
,332
,336
,342
,331
,341
,356
,344
,331
2026 05 14 14:34:47.140494,344
,359
,348
,338
,348
,354
,349
,353
,372
,356
,338
,342
,360
,348
2026 05 14 14:34:47.202598,334
,345
,352
,340
,329
,350
,351
,341
,355
,368
,351
,346
,365
,377
2026 05 14 14:34:47.262347,352
,341
,351
,353
,339
,343
,352
,342
,328
,337
,353
,343
,335
,346
2026 05 14 14:34:47.327885,346
,336
,344
,359
,354
,341
,350
,364
,347
,340
,354
,362
,340
,343
2026 05 14 14:34:47.389143,361
,353
,336
,344
,357
,349
,338
,360
,364
,344
,328
,344
,350
,336
2026 05 14 14:34:47.455519,340
,364
,356
,348
,362
,365
,350
,342
,357
,359
,344
,339
,359
,353
2026 05 14 14:34:47.516697,340
,350
,360
,347
,330
,346
,351
,330
,328
,350
,355
,339
,348
,365
2026 05 14 14:34:47.578307,356
,345
,359
,363
,349
,339
,353
,358
,345
,341
,353
,342
,323
,338
2026 05 14 14:34:47.643570,352
,334
,329
,349
,351
,341
,343
,352
,353
,348
,355
,371
,354
,343
2026 05 14 14:34:47.704702,365
,376
,354
,343
,357
,347
,336
,344
,366
,346
,325
,346
,352
,339
2026 05 14 14:34:47.771055,341
,359
,359
,347
,360
,372
,356
,344
,353
,367
,350
,341
,362
,368
2026 05 14 14:34:47.832368,359
,347
,355
,336
,327
,337
,359
,346
,337
,352
,361
,348
,351
,367
2026 05 14 14:34:47.893618,365
,348
,358
,367
,354
,346
,366
,375
,359
,334
,344
,347
,324
,338
2026 05 14 14:34:47.959121,354
,350
,338
,350
,364
,345
,340
,356
,358
,348
,348
,365
,360
,345
2026 05 14 14:34:48.020292,357
,369
,350
,343
,354
,362
,346
,328
,343
,347
,339
,339
,359
,351
2026 05 14 14:34:48.085963,339
,354
,364
,351
,349
,364
,366
,350
,355
,370
,349
,344
,353
,364
2026 05 14 14:34:48.147774,345
,335
,352
,360
,341
,338
,355
,341
,332
,342
,353
,347
,339
,355
2026 05 14 14:34:48.208708,367
,350
,352
,369
,360
,345
,351
,357
,343
,327
,336
,347
,330
,326
2026 05 14 14:34:48.274439,342
,343
,330
,338
,355
,348
,343
,354
,366
,356
,349
,368
,366
,348
2026 05 14 14:34:48.335051,356
,364
,356
,345
,351
,366
,355
,350
,359
,361
,347
,339
,355
,350
2026 05 14 14:34:48.402481,337
,340
,353
,347
,338
,353
,368
,357
,356
,373
,373
,354
,353
,369
2026 05 14 14:34:48.462181,362
,344
,357
,367
,359
,344
,349
,348
,332
,337
,351
,344
,336
,347
2026 05 14 14:34:48.523947,360
,350
,340
,362
,373
,357
,358
,366
,357
,341
,347
,366
,355
,344
2026 05 14 14:34:48.589155,355
,369
,355
,355
,373
,371
,348
,345
,363
,350
,344
,360
,373
,350
2026 05 14 14:34:48.651042,344
,361
,368
,351
,346
,355
,356
,343
,348
,361
,351
,339
,348
,360
2026 05 14 14:34:48.716653,349
,346
,364
,359
,353
,362
,367
,353
,344
,347
,361
,349
,343
,355
2026 05 14 14:34:48.777719,359
,343
,343
,358
,348
,339
,352
,362
,348
,335
,351
,362
,346
,350
2026 05 14 14:34:48.839471,358
,348
,333
,341
,358
,346
,338
,354
,360
,350
,348
,362
,352
,339
2026 05 14 14:34:48.905380,337
,357
,349
,335
,351
,364
,347
,337
,351
,352
,337
,338
,355
,353
2026 05 14 14:34:48.966757,337
,354
,367
,345
,331
,347
,356
,337
,338
,350
,346
,334
,337
,353
2026 05 14 14:34:49.032115,339
,329
,344
,354
,339
,335
,347
,349
,339
,350
,370
,357
,345
,350
2026 05 14 14:34:49.093337,364
,349
,346
,356
,360
,344
,351
,368
,356
,349
,358
,369
,352
,352
2026 05 14 14:34:49.154332,370
,371
,353
,350
,361
,361
,354
,364
,375
,361
,341
,352
,362
,350
2026 05 14 14:34:49.220824,340
,358
,357
,345
,353
,364
,354
,343
,353
,362
,348
,337
,347
,352
2026 05 14 14:34:49.282223,348
,359
,368
,351
,343
,351
,365
,353
,346
,356
,363
,349
,351
,368
2026 05 14 14:34:49.347714,361
,342
,355
,372
,355
,339
,347
,358
,342
,339
,358
,365
,350
,357
2026 05 14 14:34:49.409154,375
,365
,353
,362
,372
,358
,349
,361
,362
,349
,348
,360
,352
,340
2026 05 14 14:34:49.469702,354
,363
,349
,335
,352
,366
,352
,357
,365
,351
,334
,345
,361
,351
2026 05 14 14:34:49.535184,340
,355
,365
,349
,345
,362
,364
,338
,339
,359
,348
,343
,356
,367
2026 05 14 14:34:49.597533,351
,348
,361
,364
,350
,356
,373
,368
,356
,360
,370
,359
,349
,362
2026 05 14 14:34:49.662887,367
,350
,345
,366
,363
,355
,356
,376
,358
,350
,364
,364
,351
,345
2026 05 14 14:34:49.724386,358
,359
,352
,359
,374
,358
,344
,351
,357
,347
,339
,355
,361
,352
2026 05 14 14:34:49.785537,355
,363
,356
,341
,345
,360
,347
,338
,353
,365
,356
,355
,370
,357
2026 05 14 14:34:49.851767,347
,361
,366
,355
,348
,364
,374
,364
,359
,365
,363
,342
,348
,366
2026 05 14 14:34:49.913013,357
,353
,368
,378
,356
,349
,367
,366
,350
,352
,363
,355
,339
,345
2026 05 14 14:34:49.977831,358
,351
,348
,364
,366
,353
,354
,370
,366
,351
,351
,366
,356
,345
2026 05 14 14:34:50.039478,357
,356
,337
,331
,344
,352
,343
,357
,368
,357
,347
,362
,371
,358
2026 05 14 14:34:50.101353,352
,367
,366
,345
,349
,376
,359
,339
,349
,363
,347
,340
,359
,361
2026 05 14 14:34:50.167172,346
,341
,355
,363
,350
,352
,369
,357
,348
,356
,362
,346
,342
,355
2026 05 14 14:34:50.227592,354
,341
,348
,364
,350
,334
,349
,358
,344
,340
,353
,366
,354
,360
2026 05 14 14:34:50.293293,370
,359
,346
,358
,365
,353
,345
,361
,363
,341
,343
,361
,350
,343
2026 05 14 14:34:50.355116,357
,368
,355
,341
,353
,360
,354
,351
,364
,363
,353
,357
,370
,357
2026 05 14 14:34:50.416223,344
,355
,368
,354
,340
,355
,356
,341
,347
,366
,364
,361
,363
,353
2026 05 14 14:34:50.482115,321
,315
,335
,346
,334
,331
,353
,346
,335
,345
,357
,344
,341
,354
2026 05 14 14:34:50.543136,360
,341
,333
,353
,350
,335
,341
,360
,347
,337
,352
,361
,348
,343
2026 05 14 14:34:50.604566,356
,358
,345
,347
,354
,340
,330
,342
,358
,345
,333
,348
,355
,342
2026 05 14 14:34:50.670676,349
,367
,357
,344
,348
,362
,348
,336
,352
,360
,348
,348
,363
,360
2026 05 14 14:34:50.730980,346
,352
,368
,348
,335
,356
,354
,336
,336
,359
,362
,342
,345
,365
2026 05 14 14:34:50.797442,356
,345
,358
,367
,350
,336
,352
,354
,331
,339
,356
,352
,340
,348
2026 05 14 14:34:50.859799,360
,355
,349
,363
,360
,342
,348
,360
,354
,342
,351
,360
,355
,350
2026 05 14 14:34:50.920302,367
,368
,350
,345
,361
,367
,352
,352
,366
,359
,351
,354
,366
,349
2026 05 14 14:34:50.985928,342
,359
,365
,351
,352
,362
,355
,345
,353
,362
,353
,349
,365
,351
2026 05 14 14:34:51.047362,339
,340
,358
,358
,345
,353
,368
,357
,345
,357
,374
,356
,347
,359
2026 05 14 14:34:51.113562,358
,349
,351
,364
,351
,338
,355
,367
,351
,344
,359
,365
,348
,352
2026 05 14 14:34:51.174337,351
,346
,331
,344
,354
,350
,342
,352
,361
,347
,342
,356
,355
,345
2026 05 14 14:34:51.235191,355
,370
,361
,358
,370
,376
,354
,347
,359
,352
,343
,345
,361
,353
2026 05 14 14:34:51.301284,342
,357
,367
,351
,340
,366
,377
,360
,366
,376
,354
,340
,341
,353
2026 05 14 14:34:51.363112,350
,340
,358
,366
,357
,351
,370
,368
,348
,356
,369
,360
,348
,353
2026 05 14 14:34:51.428218,348
,338
,340
,356
,356
,344
,344
,359
,353
,343
,357
,369
,359
,354
2026 05 14 14:34:51.489779,365
,370
,352
,341
,340
,337
,330
,344
,362
,349
,341
,356
,367
,349
2026 05 14 14:34:51.550601,348
,362
,356
,348
,355
,371
,352
,341
,361
,375
,348
,340
,357
,362
2026 05 14 14:34:51.616956,351
,356
,367
,353
,330
,335
,347
,337
,325
,343
,361
,354
,348
,367
2026 05 14 14:34:51.678103,364
,346
,357
,370
,356
,340
,350
,358
,342
,339
,355
,357
,342
,351
2026 05 14 14:34:51.743208,367
,346
,334
,348
,354
,346
,343
,362
,366
,359
,362
,371
,360
,347
2026 05 14 14:34:51.805369,348
,356
,343
,342
,359
,367
,355
,356
,368
,349
,337
,349
,368
,357
2026 05 14 14:34:51.866267,348
,356
,368
,357
,350
,366
,365
,351
,350
,364
,351
,337
,351
,358
2026 05 14 14:34:51.931927,346
,351
,363
,370
,356
,358
,374
,362
,351
,359
,364
,352
,345
,357
2026 05 14 14:34:51.993634,364
,347
,337
,361
,359
,342
,355
,367
,355
,347
,361
,370
,359
,350
2026 05 14 14:34:52.059140,369
,365
,351
,354
,369
,359
,337
,351
,364
,343
,340
,356
,362
,362
2026 05 14 14:34:52.120967,368
,381
,367
,345
,351
,369
,356
,345
,360
,361
,342
,339
,354
,350
2026 05 14 14:34:52.181449,342
,353
,369
,360
,351
,363
,369
,364
,354
,357
,354
,343
,343
,354
2026 05 14 14:34:52.247448,348
,335
,346
,359
,349
,341
,351
,351
,340
,349
,364
,358
,344
,353
2026 05 14 14:34:52.308706,366
,355
,343
,350
,358
,343
,346
,354
,343
,333
,346
,363
,353
,342
2026 05 14 14:34:52.374129,358
,367
,352
,349
,365
,371
,349
,345
,357
,349
,339
,345
,351
,344
2026 05 14 14:34:52.435575,344
,357
,361
,345
,347
,364
,361
,348
,359
,375
,367
,351
,356
,355
2026 05 14 14:34:52.497183,333
,332
,341
,336
,331
,346
,362
,350
,341
,355
,360
,337
,337
,355
2026 05 14 14:34:52.563098,359
,350
,357
,373
,364
,347
,356
,363
,337
,327
,346
,351
,341
,345
2026 05 14 14:34:52.624145,356
,352
,342
,354
,360
,347
,338
,342
,352
,343
,333
,350
,344
,331
2026 05 14 14:34:52.690169,340
,363
,352
,343
,355
,361
,349
,337
,346
,348
,337
,348
,351
,335
2026 05 14 14:34:52.751484,331
,348
,359
,345
,337
,351
,362
,359
,358
,371
,364
,348
,354
,365
2026 05 14 14:34:52.812304,352
,345
,363
,370
,359
,358
,370
,357
,348
,353
,371
,357
,339
,354
2026 05 14 14:34:52.877573,363
,351
,346
,365
,366
,353
,360
,374
,359
,349
,359
,372
,356
,355
2026 05 14 14:34:52.940131,371
,373
,363
,360
,364
,359
,354
,353
,366
,356
,344
,355
,362
,353
2026 05 14 14:34:53.005091,349
,356
,357
,346
,351
,371
,367
,359
,371
,374
,357
,345
,361
,363
2026 05 14 14:34:53.066923,340
,334
,348
,343
,336
,344
,351
,346
,343
,361
,366
,353
,351
,367
2026 05 14 14:34:53.127814,357
,349
,352
,367
,358
,350
,357
,355
,343
,341
,354
,350
,339
,352
2026 05 14 14:34:53.193242,364
,346
,342
,358
,367
,352
,344
,358
,362
,358
,359
,370
,342
,331
2026 05 14 14:34:53.255578,336
,350
,338
,337
,351
,361
,345
,341
,366
,366
,351
,360
,380
,349
2026 05 14 14:34:53.320567,341
,359
,359
,339
,338
,349
,347
,335
,346
,365
,354
,345
,355
,367
2026 05 14 14:34:53.381270,346
,342
,357
,358
,342
,347
,366
,352
,335
,344
,355
,346
,336
,353
2026 05 14 14:34:53.442804,359
,354
,359
,368
,358
,344
,350
,361
,341
,332
,343
,350
,336
,334
2026 05 14 14:34:53.509216,344
,344
,337
,349
,366
,356
,343
,355
,365
,351
,344
,360
,364
,351
2026 05 14 14:34:53.569767,351
,354
,339
,328
,345
,361
,342
,331
,348
,361
,346
,344
,358
,345
2026 05 14 14:34:53.636418,330
,342
,355
,342
,332
,342
,345
,331
,332
,349
,351
,343
,346
,363
2026 05 14 14:34:53.698192,354
,344
,354
,357
,346
,333
,343
,348
,333
,338
,346
,333
,325
,336
2026 05 14 14:34:53.758059,351
,339
,332
,354
,363
,354
,357
,363
,348
,335
,343
,348
,340
,330
2026 05 14 14:34:53.824100,345
,356
,340
,334
,349
,347
,336
,345
,363
,358
,352
,356
,369
,349
2026 05 14 14:34:53.886519,339
,355
,353
,337
,338
,349
,338
,329
,347
,365
,353
,344
,359
,364
2026 05 14 14:34:53.951757,351
,350
,365
,355
,341
,356
,369
,356
,347
,357
,358
,346
,341
,351
2026 05 14 14:34:54.012549,345
,338
,345
,370
,358
,346
,360
,367
,348
,345
,363
,365
,352
,347
2026 05 14 14:34:54.074124,357
,344
,333
,343
,355
,342
,344
,362
,359
,346
,354
,368
,350
,339
2026 05 14 14:34:54.140129,348
,351
,338
,336
,347
,355
,337
,337
,355
,353
,338
,351
,374
,362
2026 05 14 14:34:54.201801,348
,360
,365
,351
,331
,345
,347
,334
,337
,354
,346
,335
,348
,355
2026 05 14 14:34:54.262276,347
,335
,351
,354
,343
,345
,355
,354
,339
,344
,352
,344
,333
,349
2026 05 14 14:34:54.327546,361
,338
,335
,347
,343
,323
,329
,348
,343
,334
,346
,353
,341
,333
2026 05 14 14:34:54.389182,348
,347
,326
,335
,352
,350
,343
,361
,382
,359
,342
,353
,367
,355
2026 05 14 14:34:54.455123,348
,363
,363
,350
,359
,374
,361
,351
,365
,375
,354
,344
,356
,355
2026 05 14 14:34:54.516741,338
,345
,358
,341
,331
,353
,364
,350
,350
,364
,365
,346
,345
,357
2026 05 14 14:34:54.579676,350
,342
,362
,369
,354
,337
,349
,356
,345
,345
,356
,349
,334
,343
2026 05 14 14:34:54.644528,354
,341
,331
,348
,355
,343
,343
,357
,353
,346
,359
,382
,373
,358
2026 05 14 14:34:54.704478,355
,362
,343
,336
,346
,346
,332
,341
,355
,351
,345
,352
,364
,351
2026 05 14 14:34:54.770724,337
,361
,361
,337
,346
,358
,351
,337
,340
,358
,347
,336
,345
,355
2026 05 14 14:34:54.832624,343
,342
,354
,356
,342
,354
,369
,351
,338
,358
,367
,357
,354
,359
2026 05 14 14:34:54.894219,360
,348
,339
,350
,345
,336
,346
,356
,340
,336
,351
,360
,346
,346
2026 05 14 14:34:54.960170,360
,360
,346
,360
,369
,352
,339
,355
,361
,343
,345
,359
,359
,343
2026 05 14 14:34:55.019662,352
,370
,360
,335
,348
,354
,350
,346
,353
,357
,343
,348
,360
,350
2026 05 14 14:34:55.086468,334
,343
,350
,338
,330
,347
,353
,340
,343
,359
,354
,344
,350
,363
2026 05 14 14:34:55.147040,354
,344
,352
,346
,332
,332
,350
,350
,333
,331
,346
,334
,332
,346
2026 05 14 14:34:55.208090,360
,353
,345
,361
,360
,342
,334
,354
,350
,347
,350
,358
,338
,330
2026 05 14 14:34:55.273140,342
,349
,334
,341
,356
,352
,343
,354
,367
,351
,336
,346
,354
,337
2026 05 14 14:34:55.335495,334
,353
,350
,342
,348
,354
,340
,334
,342
,353
,346
,341
,357
,365
2026 05 14 14:34:55.401268,346
,348
,360
,349
,329
,344
,360
,348
,338
,350
,365
,352
,355
,366
2026 05 14 14:34:55.462809,358
,343
,353
,365
,347
,336
,348
,355
,334
,332
,359
,354
,341
,350
2026 05 14 14:34:55.524012,367
,357
,349
,360
,378
,358
,345
,356
,347
,332
,337
,354
,343
,329
2026 05 14 14:34:55.589498,342
,358
,347
,341
,352
,362
,351
,358
,371
,368
,350
,355
,369
,351
2026 05 14 14:34:55.650603,342
,344
,349
,336
,334
,344
,340
,334
,339
,359
,355
,346
,354
,364
2026 05 14 14:34:55.716700,343
,345
,358
,360
,350
,349
,368
,356
,344
,360
,367
,347
,330
,344
2026 05 14 14:34:55.777687,356
,341
,336
,355
,350
,337
,344
,356
,344
,338
,352
,359
,346
,345
2026 05 14 14:34:55.839239,361
,365
,357
,350
,361
,351
,323
,332
,350
,339
,334
,352
,362
,339
2026 05 14 14:34:55.905064,339
,355
,348
,335
,343
,357
,350
,346
,364
,375
,342
,326
,331
,336
2026 05 14 14:34:55.965808,325
,334
,352
,344
,333
,344
,355
,336
,334
,347
,351
,337
,336
,350
2026 05 14 14:34:56.032126,340
,329
,348
,360
,339
,338
,354
,354
,343
,348
,351
,339
,335
,348
2026 05 14 14:34:56.093032,362
,335
,332
,347
,357
,346
,345
,356
,344
,334
,340
,359
,342
,334
2026 05 14 14:34:56.154680,349
,358
,343
,337
,350
,353
,342
,353
,363
,350
,339
,358
,369
,350
2026 05 14 14:34:56.220339,347
,351
,349
,335
,334
,359
,355
,339
,339
,355
,339
,329
,345
,350
2026 05 14 14:34:56.280992,335
,329
,348
,349
,336
,345
,363
,352
,343
,342
,353
,339
,340
,358
2026 05 14 14:34:56.347374,357
,341
,347
,366
,353
,345
,357
,368
,351
,344
,361
,359
,341
,347
2026 05 14 14:34:56.408935,364
,357
,336
,350
,364
,352
,342
,354
,360
,344
,347
,364
,362
,353
2026 05 14 14:34:56.470274,353
,364
,354
,347
,349
,359
,341
,341
,357
,356
,337
,344
,361
,354
2026 05 14 14:34:56.535851,341
,349
,361
,346
,341
,361
,366
,347
,347
,367
,359
,335
,343
,367
2026 05 14 14:34:56.597172,351
,347
,366
,370
,351
,346
,360
,355
,338
,342
,360
,351
,338
,352
2026 05 14 14:34:56.662721,364
,344
,345
,353
,357
,349
,361
,368
,354
,341
,350
,355
,343
,339
2026 05 14 14:34:56.723958,356
,362
,344
,345
,358
,355
,350
,362
,370
,344
,330
,346
,354
,344
2026 05 14 14:34:56.785152,342
,356
,354
,340
,352
,372
,366
,343
,347
,362
,348
,343
,360
,359
2026 05 14 14:34:56.851342,342
,354
,373
,357
,341
,345
,355
,342
,339
,355
,359
,346
,353
,368
2026 05 14 14:34:56.912044,356
,349
,360
,372
,359
,349
,365
,369
,359
,361
,371
,361
,340
,344
2026 05 14 14:34:56.977317,360
,343
,330
,348
,362
,347
,345
,359
,362
,350
,353
,365
,354
,343
2026 05 14 14:34:57.039184,354
,365
,363
,352
,361
,366
,349
,341
,361
,357
,333
,347
,359
,346
2026 05 14 14:34:57.101257,338
,355
,367
,349
,339
,354
,351
,343
,350
,364
,351
,337
,352
,366
2026 05 14 14:34:57.166548,355
,352
,362
,353
,331
,338
,354
,348
,338
,352
,362
,350
,343
,356
2026 05 14 14:34:57.228140,359
,341
,344
,359
,356
,349
,357
,378
,354
,345
,356
,356
,330
,329
2026 05 14 14:34:57.293215,348
,347
,333
,339
,353
,343
,334
,345
,356
,336
,334
,346
,351
,336
2026 05 14 14:34:57.354747,345
,363
,344
,332
,344
,347
,323
,311
,327
,335
,327
,331
,349
,340
2026 05 14 14:34:57.416072,326
,338
,354
,344
,333
,349
,356
,344
,345
,362
,360
,355
,375
,395
2026 05 14 14:34:57.481940,373
,334
,338
,352
,339
,336
,352
,354
,342
,350
,365
,358
,345
,353
2026 05 14 14:34:57.542665,367
,355
,342
,364
,371
,359
,356
,373
,355
,327
,343
,357
,341
,330
2026 05 14 14:34:57.609460,348
,353
,342
,343
,363
,358
,343
,348
,362
,358
,349
,364
,380
,351
2026 05 14 14:34:57.670408,351
,367
,364
,349
,359
,368
,352
,337
,353
,365
,349
,343
,358
,364
2026 05 14 14:34:57.731587,351
,354
,366
,357
,342
,351
,357
,342
,341
,361
,373
,360
,360
,366
2026 05 14 14:34:57.797137,362
,350
,353
,364
,355
,345
,358
,365
,355
,348
,363
,365
,349
,350
2026 05 14 14:34:57.859341,369
,357
,344
,355
,370
,353
,343
,357
,367
,345
,347
,367
,356
,346
2026 05 14 14:34:57.919366,358
,366
,355
,350
,359
,363
,350
,345
,360
,359
,347
,353
,367
,357
2026 05 14 14:34:57.985430,345
,360
,371
,359
,357
,367
,352
,336
,344
,365
,347
,329
,346
,357
2026 05 14 14:34:58.047317,347
,343
,355
,359
,347
,348
,363
,354
,342
,352
,368
,351
,347
,361
2026 05 14 14:34:58.112507,367
,351
,350
,360
,345
,327
,340
,350
,336
,334
,349
,358
,349
,344
2026 05 14 14:34:58.173570,359
,363
,348
,342
,349
,346
,350
,373
,369
,348
,345
,359
,362
,343
2026 05 14 14:34:58.235498,339
,356
,346
,334
,343
,355
,342
,337
,353
,355
,341
,348
,367
,362
2026 05 14 14:34:58.300712,346
,342
,351
,345
,333
,353
,365
,334
,332
,346
,347
,338
,344
,354
2026 05 14 14:34:58.362467,350
,336
,344
,357
,343
,329
,347
,353
,337
,342
,363
,354
,336
,350
2026 05 14 14:34:58.427682,367
,354
,341
,356
,360
,345
,348
,363
,354
,339
,344
,351
,336
,332
2026 05 14 14:34:58.491410,347
,358
,345
,338
,355
,352
,335
,342
,359
,348
,337
,348
,368
,356
2026 05 14 14:34:58.550417,348
,359
,350
,332
,348
,364
,350
,321
,325
,351
,348
,342
,357
,363
2026 05 14 14:34:58.616796,345
,344
,366
,359
,343
,353
,372
,359
,340
,343
,349
,347
,346
,359
2026 05 14 14:34:58.678119,360
,343
,345
,351
,336
,326
,339
,351
,335
,326
,334
,338
,315
,332
2026 05 14 14:34:58.742662,364
,351
,341
,358
,361
,338
,329
,351
,360
,339
,329
,347
,340
,331
2026 05 14 14:34:58.804425,340
,355
,341
,335
,351
,363
,353
,347
,357
,353
,346
,353
,363
,349
2026 05 14 14:34:58.866103,340
,353
,364
,350
,342
,355
,367
,348
,355
,368
,355
,340
,347
,358
2026 05 14 14:34:58.931908,341
,341
,360
,369
,352
,349
,367
,352
,334
,355
,370
,357
,341
,358
2026 05 14 14:34:58.992530,369
,348
,344
,368
,364
,350
,349
,366
,358
,351
,367
,370
,355
,354
2026 05 14 14:34:59.058785,367
,360
,339
,336
,355
,351
,336
,348
,363
,357
,348
,357
,358
,349
2026 05 14 14:34:59.120775,350
,362
,362
,352
,360
,371
,355
,337
,344
,352
,334
,339
,360
,358
2026 05 14 14:34:59.180582,354
,359
,375
,360
,339
,347
,363
,348
,331
,351
,351
,351
,356
,358
2026 05 14 14:34:59.247296,345
,338
,353
,380
,367
,356
,368
,368
,348
,346
,360
,356
,337
,344
2026 05 14 14:34:59.308326,354
,346
,335
,355
,366
,344
,344
,363
,370
,355
,355
,366
,355
,341
2026 05 14 14:34:59.373531,347
,361
,345
,339
,355
,357
,338
,341
,357
,356
,349
,363
,382
,361
2026 05 14 14:34:59.435772,341
,362
,379
,359
,351
,361
,352
,333
,345
,358
,345
,337
,349
,359
2026 05 14 14:34:59.496491,343
,345
,357
,360
,349
,346
,361
,348
,340
,352
,370
,356
,341
,355
2026 05 14 14:34:59.562756,357
,337
,336
,355
,346
,331
,352
,380
,368
,350
,364
,358
,344
,340
2026 05 14 14:34:59.623906,359
,351
,341
,352
,365
,347
,335
,352
,362
,342
,330
,356
,356
,351
2026 05 14 14:34:59.690504,356
,366
,355
,342
,353
,357
,345
,333
,352
,359
,345
,346
,357
,345
2026 05 14 14:34:59.751455,339
,354
,375
,359
,342
,361
,368
,348
,342
,354
,357
,332
,339
,362
2026 05 14 14:34:59.812493,345
,339
,349
,361
,351
,350
,364
,367
,352
,352
,369
,353
,349
,360
2026 05 14 14:34:59.877939,360
,342
,341
,362
,363
,343
,345
,364
,358
,343
,358
,376
,356
,341
2026 05 14 14:34:59.940066,358
,361
,345
,344
,366
,355
,340
,349
,362
,354
,345
,358
,362
,347
2026 05 14 14:35:00.004230,347
,369
,373
,357
,352
,371
,361
,352
,359
,362
,349
,343
,363
,362
2026 05 14 14:35:00.066733,346
,348
,368
,359
,348
,359
,374
,357
,345
,362
,368
,354
,349
,363
2026 05 14 14:35:00.127593,367
,352
,355
,367
,346
,333
,349
,360
,344
,342
,361
,361
,347
,355
2026 05 14 14:35:00.193254,372
,363
,344
,354
,374
,354
,339
,352
,355
,342
,340
,361
,354
,342
2026 05 14 14:35:00.254728,360
,383
,369
,362
,375
,368
,347
,346
,365
,359
,348
,350
,367
,350
2026 05 14 14:35:00.320551,337
,353
,357
,348
,349
,371
,377
,368
,360
,362
,356
,348
,352
,367
2026 05 14 14:35:00.382326,352
,340
,360
,363
,350
,343
,357
,349
,344
,359
,378
,373
,364
,369
2026 05 14 14:35:00.442184,374
,363
,358
,360
,350
,335
,347
,366
,350
,338
,355
,366
,354
,351
2026 05 14 14:35:00.507864,368
,373
,362
,371
,376
,363
,343
,343
,356
,347
,341
,353
,359
,337
2026 05 14 14:35:00.570284,341
,362
,356
,345
,362
,375
,360
,354
,366
,375
,356
,345
,360
,353
2026 05 14 14:35:00.635819,333
,338
,354
,343
,333
,350
,361
,353
,352
,361
,364
,349
,359
,380
2026 05 14 14:35:00.697473,367
,355
,352
,359
,348
,337
,347
,347
,325
,324
,340
,329
,318
,332
2026 05 14 14:35:00.758255,347
,337
,335
,351
,354
,341
,346
,358
,355
,327
,344
,353
,339
,332
2026 05 14 14:35:00.824083,351
,363
,348
,345
,361
,358
,346
,354
,372
,361
,343
,352
,367
,353
2026 05 14 14:35:00.885521,345
,358
,359
,340
,352
,366
,355
,342
,354
,359
,344
,345
,359
,362
2026 05 14 14:35:00.950860,345
,349
,369
,360
,346
,350
,356
,348
,344
,355
,364
,350
,345
,358
2026 05 14 14:35:01.012575,355
,343
,352
,359
,357
,341
,347
,357
,344
,338
,357
,360
,342
,345
2026 05 14 14:35:01.073400,365
,359
,346
,348
,357
,349
,341
,361
,362
,352
,350
,358
,349
,341
2026 05 14 14:35:01.139546,351
,362
,347
,329
,345
,358
,353
,356
,369
,368
,351
,353
,370
,347
2026 05 14 14:35:01.201006,333
,357
,364
,347
,340
,353
,358
,343
,343
,362
,359
,351
,362
,365
2026 05 14 14:35:01.265597,351
,356
,372
,376
,348
,341
,357
,347
,332
,342
,359
,345
,333
,352
2026 05 14 14:35:01.327397,360
,351
,342
,363
,362
,346
,359
,380
,354
,340
,360
,367
,349
,335
2026 05 14 14:35:01.389429,351
,355
,344
,346
,357
,349
,342
,357
,368
,353
,344
,362
,365
,354
2026 05 14 14:35:01.454670,356
,372
,363
,343
,350
,361
,334
,325
,343
,353
,342
,339
,350
,349
2026 05 14 14:35:01.516129,345
,348
,367
,354
,339
,353
,363
,355
,341
,355
,360
,343
,343
,345
2026 05 14 14:35:01.580736,335
,333
,342
,354
,344
,335
,349
,353
,341
,339
,353
,343
,332
,345
2026 05 14 14:35:01.643152,362
,344
,329
,342
,351
,344
,345
,358
,358
,338
,344
,359
,345
,337
2026 05 14 14:35:01.704510,339
,349
,333
,329
,345
,349
,340
,337
,344
,337
,324
,344
,359
,348
2026 05 14 14:35:01.770192,347
,357
,360
,342
,339
,359
,349
,339
,347
,369
,352
,340
,352
,361
2026 05 14 14:35:01.832046,336
,338
,347
,347
,336
,345
,359
,344
,332
,346
,357
,347
,340
,355
2026 05 14 14:35:01.892307,358
,350
,354
,362
,352
,338
,353
,361
,342
,341
,348
,347
,334
,341
2026 05 14 14:35:01.958733,355
,345
,329
,345
,362
,349
,337
,351
,355
,337
,339
,367
,363
,354
2026 05 14 14:35:02.020203,361
,367
,350
,338
,333
,347
,334
,333
,346
,349
,336
,344
,357
,345
2026 05 14 14:35:02.086250,334
,349
,364
,352
,347
,361
,364
,353
,352
,361
,346
,327
,334
,358
2026 05 14 14:35:02.147284,346
,328
,339
,347
,337
,341
,356
,357
,342
,349
,375
,364
,344
,355
2026 05 14 14:35:02.208098,359
,338
,333
,354
,356
,331
,333
,347
,334
,329
,345
,359
,348
,344
2026 05 14 14:35:02.273351,361
,363
,345
,349
,355
,348
,333
,339
,357
,346
,337
,352
,359
,346
2026 05 14 14:35:02.335242,348
,360
,359
,349
,349
,362
,353
,345
,356
,361
,349
,337
,349
,341
2026 05 14 14:35:02.401078,328
,332
,353
,344
,341
,352
,371
,359
,357
,370
,374
,356
,347
,359
2026 05 14 14:35:02.461802,357
,346
,357
,370
,337
,328
,342
,352
,339
,342
,359
,358
,346
,357
2026 05 14 14:35:02.523573,372
,356
,342
,356
,365
,347
,342
,359
,353
,350
,347
,356
,349
,343
2026 05 14 14:35:02.589494,350
,353
,347
,344
,357
,361
,347
,350
,363
,354
,345
,356
,365
,351
2026 05 14 14:35:02.650717,348
,363
,367
,343
,337
,361
,362
,347
,349
,362
,344
,331
,347
,362
2026 05 14 14:35:02.715863,347
,342
,363
,361
,345
,349
,358
,348
,340
,351
,369
,356
,341
,356
2026 05 14 14:35:02.777885,361
,343
,335
,355
,345
,326
,340
,363
,348
,333
,351
,356
,340
,349
2026 05 14 14:35:02.838771,368
,362
,350
,353
,368
,357
,340
,348
,355
,338
,337
,352
,351
,330
2026 05 14 14:35:02.904873,333
,346
,345
,341
,354
,365
,345
,335
,367
,368
,342
,345
,354
,347
2026 05 14 14:35:02.965780,340
,348
,359
,342
,329
,347
,358
,345
,351
,363
,358
,341
,350
,367
2026 05 14 14:35:03.032536,349
,341
,345
,353
,337
,328
,344
,343
,329
,334
,352
,347
,341
,363
2026 05 14 14:35:03.092763,372
,348
,337
,344
,349
,341
,349
,353
,338
,326
,337
,353
,345
,332
2026 05 14 14:35:03.154472,351
,357
,341
,351
,372
,369
,348
,354
,360
,349
,337
,349
,353
,339
2026 05 14 14:35:03.220441,341
,362
,364
,333
,339
,357
,353
,342
,351
,354
,336
,333
,351
,351
2026 05 14 14:35:03.280877,334
,327
,340
,327
,310
,328
,350
,344
,335
,344
,351
,340
,342
,363
2026 05 14 14:35:03.346693,355
,328
,340
,348
,334
,328
,346
,348
,331
,332
,347
,347
,336
,347
2026 05 14 14:35:03.408774,360
,346
,334
,348
,353
,338
,341
,347
,358
,332
,341
,360
,351
,331
2026 05 14 14:35:03.469249,343
,361
,340
,336
,352
,349
,338
,339
,354
,347
,335
,341
,357
,342
2026 05 14 14:35:03.535646,339
,354
,362
,344
,345
,354
,349
,329
,332
,349
,344
,337
,353
,369
2026 05 14 14:35:03.597304,357
,353
,369
,368
,351
,353
,366
,354
,338
,351
,368
,350
,349
,353
2026 05 14 14:35:03.662580,346
,342
,347
,358
,347
,337
,350
,364
,348
,341
,358
,363
,353
,344
2026 05 14 14:35:03.724084,362
,360
,348
,357
,374
,359
,344
,359
,373
,357
,350
,372
,372
,360
2026 05 14 14:35:03.784821,360
,361
,349
,337
,349
,359
,344
,342
,354
,355
,348
,346
,366
,365
2026 05 14 14:35:03.851194,346
,360
,368
,353
,340
,355
,360
,343
,338
,351
,346
,336
,344
,363
2026 05 14 14:35:03.912517,357
,351
,358
,365
,350
,346
,354
,356
,337
,344
,363
,349
,335
,349
2026 05 14 14:35:03.977911,362
,347
,340
,357
,358
,341
,341
,362
,359
,348
,357
,369
,349
,332
2026 05 14 14:35:04.039606,348
,354
,334
,336
,355
,350
,335
,350
,359
,349
,338
,351
,359
,347
2026 05 14 14:35:04.101275,340
,355
,355
,338
,346
,371
,364
,344
,348
,359
,341
,342
,358
,353
2026 05 14 14:35:04.166511,330
,331
,350
,343
,333
,342
,359
,347
,336
,348
,352
,340
,343
,354
2026 05 14 14:35:04.228062,344
,332
,344
,359
,352
,345
,355
,358
,333
,321
,342
,342
,334
,341
2026 05 14 14:35:04.292624,346
,327
,311
,325
,348
,340
,339
,356
,354
,341
,340
,355
,342
,333
2026 05 14 14:35:04.354829,344
,357
,349
,345
,364
,372
,358
,342
,356
,346
,345
,340
,356
,345
2026 05 14 14:35:04.415645,339
,354
,365
,347
,339
,354
,351
,335
,333
,363
,358
,339
,355
,363
2026 05 14 14:35:04.481555,342
,342
,359
,359
,349
,349
,362
,352
,333
,346
,358
,337
,336
,357
2026 05 14 14:35:04.543559,360
,342
,337
,349
,346
,323
,330
,344
,335
,324
,336
,345
,341
,340
2026 05 14 14:35:04.607855,352
,349
,332
,335
,351
,342
,329
,341
,349
,320
,322
,348
,353
,346
2026 05 14 14:35:04.670113,349
,366
,363
,333
,336
,348
,329
,313
,334
,358
,343
,344
,357
,351
2026 05 14 14:35:04.731078,335
,340
,357
,347
,330
,341
,346
,320
,338
,368
,361
,344
,361
,377
2026 05 14 14:35:04.797102,360
,347
,355
,364
,346
,339
,354
,354
,345
,348
,359
,354
,341
,348
2026 05 14 14:35:04.858534,358
,346
,344
,358
,364
,342
,347
,373
,365
,356
,360
,369
,360
,349
2026 05 14 14:35:04.924074,362
,364
,343
,342
,360
,356
,341
,351
,365
,353
,343
,355
,364
,350
2026 05 14 14:35:04.985619,341
,353
,354
,344
,356
,366
,355
,345
,360
,369
,353
,345
,359
,363
2026 05 14 14:35:05.047051,350
,352
,367
,360
,344
,356
,369
,358
,347
,364
,371
,355
,357
,370
2026 05 14 14:35:05.112624,364
,346
,362
,368
,350
,336
,352
,362
,347
,340
,358
,355
,344
,346
2026 05 14 14:35:05.173515,358
,357
,340
,358
,372
,367
,355
,366
,369
,354
,357
,372
,365
,354
2026 05 14 14:35:05.239708,359
,378
,355
,337
,349
,352
,337
,340
,354
,359
,347
,346
,361
,355
2026 05 14 14:35:05.301168,347
,360
,365
,352
,351
,363
,365
,350
,351
,366
,358
,352
,362
,373
2026 05 14 14:35:05.361523,353
,349
,367
,366
,352
,357
,369
,355
,341
,356
,364
,353
,358
,365
2026 05 14 14:35:05.427947,364
,357
,355
,370
,364
,342
,354
,368
,356
,350
,356
,360
,350
,350
2026 05 14 14:35:05.489769,359
,357
,344
,351
,365
,355
,340
,348
,357
,344
,339
,353
,349
,337
2026 05 14 14:35:05.554673,337
,348
,343
,330
,341
,351
,336
,336
,340
,342
,330
,332
,348
,342
2026 05 14 14:35:05.616381,328
,338
,347
,343
,340
,350
,361
,347
,347
,358
,358
,350
,357
,370
2026 05 14 14:35:05.677944,359
,349
,361
,367
,345
,342
,359
,353
,341
,352
,367
,359
,358
,375
2026 05 14 14:35:05.743263,372
,350
,342
,352
,350
,342
,343
,359
,354
,344
,352
,364
,349
,340
2026 05 14 14:35:05.804057,361
,362
,354
,355
,365
,360
,349
,358
,373
,369
,351
,362
,370
,354
2026 05 14 14:35:05.870137,344
,362
,362
,350
,357
,368
,358
,346
,359
,367
,353
,341
,359
,365
2026 05 14 14:35:05.931015,353
,349
,359
,353
,341
,344
,357
,346
,346
,361
,364
,353
,348
,361
2026 05 14 14:35:05.993176,358
,346
,355
,365
,351
,344
,359
,367
,351
,351
,370
,362
,342
,343
2026 05 14 14:35:06.058543,358
,354
,343
,354
,364
,351
,344
,360
,361
,344
,346
,362
,354
,343
2026 05 14 14:35:06.120164,355
,365
,349
,338
,355
,362
,347
,347
,363
,358
,344
,350
,367
,350
2026 05 14 14:35:06.181077,336
,347
,358
,350
,342
,358
,357
,348
,353
,362
,356
,344
,351
,360
2026 05 14 14:35:06.246626,343
,338
,354
,355
,340
,348
,364
,355
,345
,359
,375
,356
,336
,348
2026 05 14 14:35:06.308121,357
,345
,344
,355
,350
,340
,344
,359
,349
,343
,352
,363
,349
,345
2026 05 14 14:35:06.373020,362
,363
,344
,346
,358
,350
,339
,353
,364
,350
,347
,356
,357
,347
2026 05 14 14:35:06.435110,348
,365
,361
,351
,355
,367
,351
,344
,361
,356
,338
,347
,361
,357
2026 05 14 14:35:06.496840,342
,346
,357
,346
,342
,351
,359
,340
,343
,360
,358
,344
,349
,364
2026 05 14 14:35:06.562426,354
,348
,361
,373
,354
,343
,357
,362
,349
,349
,360
,350
,336
,348
2026 05 14 14:35:06.623109,360
,347
,341
,359
,369
,360
,362
,365
,352
,338
,346
,360
,350
,342
2026 05 14 14:35:06.689362,352
,363
,350
,342
,359
,358
,347
,350
,363
,355
,344
,355
,367
,353
2026 05 14 14:35:06.750927,344
,359
,357
,342
,348
,353
,344
,335
,345
,357
,344
,336
,349
,353
2026 05 14 14:35:06.812349,345
,345
,365
,362
,356
,366
,367
,341
,331
,342
,353
,337
,328
,349
2026 05 14 14:35:06.877382,348
,338
,345
,359
,348
,337
,353
,364
,349
,343
,358
,358
,347
,350
2026 05 14 14:35:06.938414,360
,349
,332
,346
,360
,346
,346
,356
,360
,347
,338
,351
,346
,330
2026 05 14 14:35:07.004763,336
,357
,339
,331
,351
,361
,344
,343
,355
,356
,344
,348
,362
,350
2026 05 14 14:35:07.066487,341
,350
,354
,341
,336
,351
,352
,335
,337
,354
,353
,343
,349
,355
2026 05 14 14:35:07.127152,343
,343
,359
,360
,346
,351
,367
,362
,360
,364
,367
,352
,345
,357
2026 05 14 14:35:07.192629,357
,338
,337
,353
,354
,342
,349
,358
,347
,326
,341
,358
,346
,353
2026 05 14 14:35:07.254570,375
,387
,362
,346
,360
,349
,338
,345
,355
,345
,337
,351
,351
,339
2026 05 14 14:35:07.320737,343
,363
,351
,341
,350
,368
,354
,339
,355
,358
,347
,351
,361
,355
2026 05 14 14:35:07.381911,340
,352
,361
,348
,337
,348
,360
,350
,343
,355
,356
,338
,345
,361
2026 05 14 14:35:07.442680,352
,353
,368
,364
,348
,346
,365
,368
,349
,348
,356
,351
,336
,342
2026 05 14 14:35:07.508609,357
,344
,337
,352
,353
,342
,338
,358
,358
,348
,358
,376
,360
,351
2026 05 14 14:35:07.569410,353
,367
,354
,351
,359
,357
,343
,343
,357
,351
,342
,354
,363
,347
2026 05 14 14:35:07.635577,336
,354
,353
,339
,342
,356
,348
,334
,347
,360
,343
,333
,345
,351
2026 05 14 14:35:07.697010,335
,334
,347
,347
,345
,356
,365
,343
,332
,349
,357
,339
,336
,349
2026 05 14 14:35:07.757838,347
,336
,342
,356
,345
,335
,352
,365
,349
,346
,356
,358
,341
,344
2026 05 14 14:35:07.823297,354
,346
,337
,345
,356
,343
,340
,352
,357
,346
,349
,360
,360
,343
2026 05 14 14:35:07.885534,342
,358
,347
,338
,355
,359
,346
,347
,358
,356
,342
,350
,362
,352
2026 05 14 14:35:07.950902,342
,364
,379
,361
,355
,374
,371
,355
,355
,366
,358
,343
,347
,361
2026 05 14 14:35:08.012079,347
,342
,353
,350
,335
,340
,356
,346
,332
,346
,357
,350
,344
,361
2026 05 14 14:35:08.073489,371
,360
,352
,364
,365
,348
,352
,361
,347
,343
,362
,364
,354
,344
2026 05 14 14:35:08.139410,353
,348
,337
,347
,362
,353
,348
,353
,367
,356
,344
,359
,362
,345
2026 05 14 14:35:08.200715,346
,357
,349
,338
,349
,363
,350
,342
,353
,359
,346
,346
,362
,362
2026 05 14 14:35:08.266512,350
,359
,380
,364
,344
,354
,359
,339
,341
,359
,358
,347
,343
,356
2026 05 14 14:35:08.328081,354
,342
,354
,363
,348
,344
,359
,361
,348
,349
,372
,372
,362
,353
2026 05 14 14:35:08.390016,351
,345
,347
,358
,362
,348
,349
,359
,355
,347
,355
,372
,358
,345
2026 05 14 14:35:08.453915,360
,368
,353
,349
,363
,362
,343
,352
,369
,356
,352
,366
,374
,355
2026 05 14 14:35:08.516295,346
,366
,366
,347
,341
,354
,347
,335
,345
,359
,351
,344
,353
,359
2026 05 14 14:35:08.581913,351
,345
,367
,361
,343
,351
,361
,348
,336
,350
,359
,344
,342
,363
2026 05 14 14:35:08.642551,364
,349
,360
,362
,342
,336
,358
,369
,348
,334
,347
,357
,345
,349
2026 05 14 14:35:08.705538,365
,358
,343
,355
,375
,361
,345
,358
,359
,341
,343
,359
,352
,345
2026 05 14 14:35:08.770558,347
,355
,345
,331
,344
,361
,353
,345
,352
,350
,338
,347
,360
,355
2026 05 14 14:35:08.831768,348
,360
,368
,351
,348
,360
,361
,351
,342
,357
,346
,337
,348
,358
2026 05 14 14:35:08.896284,342
,332
,344
,351
,340
,337
,356
,353
,344
,349
,365
,355
,340
,350
2026 05 14 14:35:08.958666,352
,349
,353
,354
,351
,340
,341
,359
,353
,335
,348
,354
,346
,342
2026 05 14 14:35:09.019161,361
,365
,346
,343
,362
,353
,332
,346
,363
,346
,345
,358
,358
,342
2026 05 14 14:35:09.085873,340
,354
,357
,346
,355
,368
,356
,343
,350
,362
,349
,342
,356
,359
2026 05 14 14:35:09.147386,340
,346
,359
,341
,325
,345
,365
,354
,348
,364
,369
,350
,356
,369
2026 05 14 14:35:09.211049,362
,344
,349
,363
,347
,337
,354
,358
,345
,339
,355
,354
,350
,351
2026 05 14 14:35:09.273749,354
,341
,327
,346
,353
,346
,353
,367
,358
,338
,341
,359
,349
,341
2026 05 14 14:35:09.335377,357
,367
,344
,342
,359
,359
,340
,341
,358
,354
,339
,351
,363
,350
2026 05 14 14:35:09.401549,346
,361
,362
,351
,351
,362
,354
,342
,352
,361
,346
,333
,348
,355
2026 05 14 14:35:09.462530,341
,342
,355
,342
,327
,330
,346
,331
,318
,340
,355
,344
,338
,350
2026 05 14 14:35:09.527953,354
,334
,338
,355
,352
,339
,349
,360
,351
,341
,356
,355
,342
,347
2026 05 14 14:35:09.589210,365
,349
,340
,353
,368
,352
,334
,348
,358
,339
,334
,348
,353
,343
2026 05 14 14:35:09.650213,348
,361
,352
,339
,354
,363
,349
,345
,359
,359
,351
,346
,355
,338
2026 05 14 14:35:09.716778,326
,343
,359
,353
,340
,350
,354
,341
,347
,361
,357
,345
,350
,354
2026 05 14 14:35:09.777763,351
,344
,370
,373
,350
,341
,354
,350
,337
,346
,357
,352
,345
,356
2026 05 14 14:35:09.842666,366
,349
,346
,361
,363
,347
,354
,365
,356
,340
,354
,365
,352
,348
2026 05 14 14:35:09.904728,358
,354
,342
,330
,354
,351
,343
,359
,377
,360
,353
,367
,383
,367
2026 05 14 14:35:09.966002,357
,372
,365
,350
,358
,370
,355
,341
,350
,363
,346
,342
,362
,363
2026 05 14 14:35:10.032059,340
,344
,368
,360
,344
,362
,377
,361
,355
,384
,375
,344
,342
,358
2026 05 14 14:35:10.092295,352
,339
,347
,369
,353
,341
,360
,369
,348
,349
,361
,365
,349
,357
2026 05 14 14:35:10.154567,374
,352
,348
,364
,368
,345
,338
,349
,347
,330
,341
,360
,352
,337
2026 05 14 14:35:10.220377,351
,366
,350
,343
,358
,363
,348
,352
,363
,360
,345
,358
,372
,353
2026 05 14 14:35:10.281293,337
,349
,351
,326
,325
,348
,343
,328
,344
,360
,346
,335
,351
,363
2026 05 14 14:35:10.347620,345
,348
,365
,363
,346
,352
,359
,347
,328
,342
,354
,340
,329
,350
2026 05 14 14:35:10.410364,353
,339
,336
,354
,344
,334
,344
,353
,331
,327
,344
,358
,342
,339
2026 05 14 14:35:10.469828,358
,353
,337
,341
,351
,343
,338
,355
,363
,347
,337
,357
,356
,344
2026 05 14 14:35:10.535219,351
,354
,353
,339
,355
,367
,344
,338
,358
,358
,339
,337
,353
,345
2026 05 14 14:35:10.596385,334
,347
,360
,350
,343
,359
,357
,341
,326
,346
,350
,340
,348
,364
2026 05 14 14:35:10.662235,355
,346
,361
,369
,354
,349
,360
,360
,344
,344
,357
,351
,340
,357
2026 05 14 14:35:10.723765,365
,346
,344
,350
,344
,331
,335
,351
,349
,345
,361
,373
,354
,340
2026 05 14 14:35:10.785209,354
,363
,343
,338
,355
,344
,329
,342
,366
,352
,336
,347
,360
,351
2026 05 14 14:35:10.850770,352
,368
,357
,337
,343
,359
,353
,339
,350
,362
,348
,336
,347
,353
2026 05 14 14:35:10.912357,334
,333
,357
,349
,336
,341
,356
,342
,340
,358
,365
,349
,346
,359
2026 05 14 14:35:10.977696,355
,342
,352
,363
,352
,339
,353
,361
,345
,340
,354
,346
,332
,341
2026 05 14 14:35:11.039589,366
,355
,335
,342
,360
,346
,340
,353
,357
,340
,345
,365
,357
,343
2026 05 14 14:35:11.099861,348
,366
,348
,334
,351
,357
,337
,329
,346
,344
,320
,328
,339
,324
2026 05 14 14:35:11.166327,320
,338
,351
,338
,329
,349
,350
,335
,342
,362
,348
,338
,350
,364
2026 05 14 14:35:11.227082,346
,338
,350
,360
,337
,344
,355
,346
,339
,354
,365
,352
,343
,357
2026 05 14 14:35:11.293204,362
,342
,341
,356
,350
,334
,344
,356
,342
,333
,350
,360
,335
,328
2026 05 14 14:35:11.354526,346
,347
,332
,339
,354
,337
,330
,345
,356
,348
,344
,357
,356
,341
2026 05 14 14:35:11.416166,347
,360
,351
,339
,347
,361
,349
,336
,353
,366
,354
,349
,361
,352
2026 05 14 14:35:11.480612,340
,343
,356
,355
,342
,356
,359
,333
,328
,345
,346
,336
,346
,362
2026 05 14 14:35:11.542484,351
,342
,351
,365
,347
,346
,363
,362
,342
,346
,360
,352
,340
,356
2026 05 14 14:35:11.608444,367
,344
,335
,352
,358
,341
,335
,344
,351
,338
,349
,364
,351
,344
2026 05 14 14:35:11.670083,361
,368
,355
,348
,364
,366
,344
,343
,353
,346
,329
,340
,355
,336
2026 05 14 14:35:11.730794,331
,349
,352
,336
,338
,354
,343
,330
,349
,360
,352
,349
,365
,371
2026 05 14 14:35:11.797529,356
,350
,358
,355
,342
,352
,367
,347
,336
,345
,353
,340
,338
,355
2026 05 14 14:35:11.857257,350
,340
,351
,365
,354
,341
,354
,365
,355
,352
,367
,370
,333
,333
2026 05 14 14:35:11.923766,350
,345
,335
,340
,350
,333
,323
,341
,357
,348
,345
,365
,358
,345
2026 05 14 14:35:11.985675,354
,365
,352
,340
,359
,362
,335
,341
,358
,348
,331
,337
,355
,343
2026 05 14 14:35:12.047002,332
,343
,355
,342
,343
,357
,358
,348
,350
,360
,350
,336
,342
,355
2026 05 14 14:35:12.113253,341
,336
,348
,357
,343
,337
,343
,343
,335
,344
,361
,350
,338
,357
2026 05 14 14:35:12.173851,356
,338
,336
,353
,350
,330
,337
,350
,339
,339
,352
,356
,342
,333
2026 05 14 14:35:12.239258,349
,351
,338
,343
,353
,348
,336
,351
,369
,357
,352
,369
,369
,357
2026 05 14 14:35:12.300508,349
,351
,350
,334
,342
,360
,346
,334
,342
,348
,337
,342
,358
,358
2026 05 14 14:35:12.362157,346
,352
,362
,351
,341
,354
,366
,344
,346
,356
,355
,344
,351
,363
2026 05 14 14:35:12.428470,349
,336
,353
,360
,340
,329
,347
,352
,344
,345
,361
,357
,339
,346
2026 05 14 14:35:12.488624,355
,341
,329
,340
,345
,332
,334
,351
,347
,333
,348
,356
,341
,334
2026 05 14 14:35:12.554674,352
,362
,351
,355
,377
,360
,329
,333
,350
,339
,328
,336
,351
,340
2026 05 14 14:35:12.616248,336
,350
,354
,336
,341
,355
,349
,333
,340
,354
,346
,336
,353
,356
2026 05 14 14:35:12.678229,337
,339
,357
,352
,346
,350
,365
,352
,341
,349
,351
,341
,339
,357
2026 05 14 14:35:12.743148,357
,348
,346
,359
,349
,337
,354
,365
,343
,339
,354
,358
,346
,345
2026 05 14 14:35:12.804276,358
,354
,351
,369
,379
,354
,337
,352
,356
,340
,342
,362
,353
,343
2026 05 14 14:35:12.871083,353
,367
,353
,340
,354
,363
,352
,351
,361
,359
,342
,352
,367
,353
2026 05 14 14:35:12.931030,333
,345
,363
,356
,354
,365
,367
,352
,353
,366
,358
,339
,349
,364
2026 05 14 14:35:12.993059,353
,343
,355
,362
,345
,350
,368
,364
,339
,343
,359
,344
,334
,353
2026 05 14 14:35:13.058107,367
,352
,347
,360
,361
,347
,355
,368
,363
,347
,349
,364
,337
,333
2026 05 14 14:35:13.120620,349
,356
,341
,340
,352
,348
,345
,355
,369
,351
,341
,356
,364
,347
2026 05 14 14:35:13.185790,346
,354
,352
,340
,348
,362
,347
,338
,357
,368
,353
,347
,352
,354
2026 05 14 14:35:13.247162,340
,351
,376
,361
,352
,367
,371
,351
,346
,364
,367
,348
,345
,366
2026 05 14 14:35:13.307658,361
,345
,355
,371
,349
,335
,347
,354
,338
,336
,352
,349
,336
,350
2026 05 14 14:35:13.373602,364
,349
,341
,354
,365
,351
,345
,358
,359
,340
,344
,359
,356
,345
2026 05 14 14:35:13.435657,348
,355
,342
,336
,356
,362
,348
,348
,363
,353
,340
,348
,357
,345
2026 05 14 14:35:13.501216,334
,344
,344
,328
,333
,350
,342
,330
,340
,356
,342
,337
,357
,361
2026 05 14 14:35:13.562485,346
,345
,359
,358
,346
,349
,361
,351
,342
,360
,375
,359
,339
,348
2026 05 14 14:35:13.623651,348
,339
,347
,368
,356
,346
,355
,370
,351
,343
,358
,359
,341
,343
2026 05 14 14:35:13.689298,362
,358
,342
,351
,368
,356
,338
,355
,363
,344
,336
,353
,355
,347
2026 05 14 14:35:13.751415,348
,358
,351
,347
,361
,369
,347
,344
,362
,363
,347
,349
,364
,354
2026 05 14 14:35:13.816133,339
,354
,361
,339
,336
,342
,343
,337
,344
,362
,355
,348
,358
,366
2026 05 14 14:35:13.877299,348
,337
,359
,364
,349
,347
,361
,356
,346
,356
,367
,353
,346
,357
2026 05 14 14:35:13.938316,367
,349
,340
,360
,369
,359
,365
,372
,363
,351
,351
,359
,342
,337
2026 05 14 14:35:14.004580,351
,358
,343
,349
,363
,356
,340
,351
,365
,353
,347
,359
,371
,355
2026 05 14 14:35:14.065679,347
,358
,358
,351
,356
,369
,359
,339
,353
,364
,350
,344
,358
,364
2026 05 14 14:35:14.131511,342
,349
,363
,355
,344
,360
,377
,371
,366
,373
,358
,342
,342
,364
2026 05 14 14:35:14.194441,353
,328
,341
,354
,335
,330
,352
,364
,349
,348
,361
,361
,347
,352
2026 05 14 14:35:14.253577,368
,363
,360
,378
,388
,367
,343
,352
,348
,333
,341
,356
,346
,334
2026 05 14 14:35:14.320622,352
,365
,348
,340
,354
,357
,346
,349
,367
,360
,350
,366
,381
,370
2026 05 14 14:35:14.381799,363
,375
,367
,349
,343
,358
,357
,344
,355
,372
,359
,331
,345
,356
2026 05 14 14:35:14.445046,343
,344
,357
,365
,356
,361
,377
,367
,357
,365
,376
,360
,355
,357
2026 05 14 14:35:14.508487,356
,343
,350
,366
,364
,350
,360
,374
,364
,346
,359
,364
,354
,354
2026 05 14 14:35:14.569480,363
,360
,348
,360
,370
,354
,344
,360
,365
,346
,336
,356
,359
,348
2026 05 14 14:35:14.635406,349
,364
,354
,346
,358
,372
,355
,354
,379
,373
,354
,352
,371
,359
2026 05 14 14:35:14.696270,344
,338
,354
,340
,328
,346
,352
,338
,345
,357
,354
,341
,350
,368
2026 05 14 14:35:14.758460,353
,342
,354
,359
,342
,338
,350
,342
,328
,336
,348
,339
,322
,339
2026 05 14 14:35:14.823221,356
,347
,345
,362
,354
,335
,341
,357
,348
,334
,339
,354
,348
,343
2026 05 14 14:35:14.884568,358
,365
,346
,348
,366
,362
,352
,368
,379
,373
,353
,353
,358
,344
2026 05 14 14:35:14.950826,334
,356
,355
,345
,349
,365
,356
,346
,361
,372
,353
,346
,360
,363
2026 05 14 14:35:15.012153,349
,350
,363
,358
,347
,361
,372
,364
,352
,366
,380
,355
,353
,371
2026 05 14 14:35:15.073379,364
,358
,363
,378
,369
,355
,360
,368
,357
,361
,371
,361
,346
,354
2026 05 14 14:35:15.139198,369
,364
,354
,368
,380
,361
,350
,359
,360
,345
,351
,364
,362
,350
2026 05 14 14:35:15.200518,357
,373
,359
,352
,362
,367
,352
,354
,371
,362
,346
,354
,371
,357
2026 05 14 14:35:15.266095,352
,367
,375
,364
,361
,379
,374
,358
,357
,366
,350
,345
,361
,370
2026 05 14 14:35:15.328459,354
,347
,363
,367
,352
,357
,371
,360
,347
,350
,362
,343
,332
,351
2026 05 14 14:35:15.388160,359
,337
,337
,357
,346
,329
,342
,361
,346
,331
,352
,364
,359
,344
2026 05 14 14:35:15.454601,355
,357
,346
,345
,353
,346
,331
,341
,354
,343
,338
,355
,355
,335
2026 05 14 14:35:15.515266,338
,362
,352
,349
,361
,377
,366
,358
,369
,369
,347
,349
,364
,358
2026 05 14 14:35:15.581566,344
,345
,364
,353
,349
,356
,360
,349
,352
,367
,366
,360
,356
,362
2026 05 14 14:35:15.642345,357
,345
,354
,366
,351
,346
,359
,354
,341
,346
,369
,372
,363
,368
2026 05 14 14:35:15.704214,379
,357
,334
,343
,356
,347
,352
,366
,356
,340
,346
,364
,354
,348
2026 05 14 14:35:15.770814,358
,370
,363
,360
,366
,358
,345
,348
,364
,355
,345
,362
,374
,355
2026 05 14 14:35:15.831242,353
,362
,368
,361
,371
,401
,380
,357
,350
,368
,350
,342
,365
,364
2026 05 14 14:35:15.896950,339
,335
,353
,345
,336
,351
,369
,359
,355
,364
,369
,349
,355
,371
2026 05 14 14:35:15.958297,364
,352
,357
,367
,350
,335
,360
,371
,358
,355
,374
,369
,355
,364
2026 05 14 14:35:16.019138,377
,356
,336
,356
,371
,354
,354
,375
,381
,362
,347
,346
,345
,337
2026 05 14 14:35:16.085417,349
,364
,346
,343
,362
,376
,364
,360
,369
,356
,336
,350
,367
,361
2026 05 14 14:35:16.147663,354
,364
,360
,339
,332
,355
,359
,346
,350
,358
,354
,343
,353
,370
2026 05 14 14:35:16.213148,357
,350
,369
,372
,351
,344
,365
,356
,337
,346
,358
,335
,320
,341
2026 05 14 14:35:16.273760,358
,348
,342
,360
,356
,348
,361
,381
,372
,337
,343
,347
,331
,332
2026 05 14 14:35:16.334707,350
,346
,328
,337
,349
,346
,337
,350
,369
,359
,359
,389
,382
,357
2026 05 14 14:35:16.400765,327
,347
,335
,321
,337
,359
,348
,340
,357
,364
,346
,348
,364
,362
2026 05 14 14:35:16.462463,350
,356
,364
,361
,342
,344
,355
,350
,343
,361
,362
,344
,351
,368
2026 05 14 14:35:16.527619,359
,347
,364
,369
,355
,349
,365
,374
,356
,349
,365
,356
,338
,334
2026 05 14 14:35:16.589768,354
,352
,344
,357
,363
,346
,349
,369
,367
,361
,373
,377
,361
,344
2026 05 14 14:35:16.650390,347
,354
,332
,332
,354
,357
,343
,347
,365
,356
,340
,353
,368
,357
2026 05 14 14:35:16.716716,350
,360
,367
,348
,337
,348
,342
,316
,325
,347
,342
,336
,354
,367
2026 05 14 14:35:16.777115,349
,350
,367
,365
,353
,366
,382
,361
,350
,346
,353
,336
,334
,354
2026 05 14 14:35:16.842490,351
,334
,340
,360
,349
,344
,361
,369
,355
,356
,365
,364
,357
,366
2026 05 14 14:35:16.904487,384
,364
,339
,341
,346
,338
,334
,350
,356
,343
,343
,362
,359
,347
2026 05 14 14:35:16.965984,359
,372
,352
,336
,356
,369
,357
,350
,364
,367
,346
,347
,360
,346
2026 05 14 14:35:17.031460,332
,345
,361
,344
,338
,351
,359
,347
,350
,358
,343
,331
,344
,365
2026 05 14 14:35:17.092345,344
,330
,344
,350
,338
,336
,350
,340
,325
,335
,357
,345
,333
,344
2026 05 14 14:35:17.158356,352
,335
,337
,350
,347
,329
,338
,362
,355
,352
,371
,377
,329
,331
2026 05 14 14:35:17.219908,338
,339
,328
,330
,352
,341
,330
,343
,355
,339
,330
,353
,359
,348
2026 05 14 14:35:17.281437,348
,362
,358
,354
,368
,372
,344
,330
,353
,357
,343
,338
,355
,361
2026 05 14 14:35:17.346271,347
,352
,359
,343
,334
,350
,354
,339
,335
,357
,358
,336
,341
,363
2026 05 14 14:35:17.408414,354
,340
,354
,371
,359
,334
,351
,358
,343
,338
,357
,347
,329
,338
2026 05 14 14:35:17.473159,356
,338
,331
,350
,362
,348
,339
,357
,351
,336
,337
,355
,345
,332
2026 05 14 14:35:17.535370,345
,357
,346
,343
,361
,365
,346
,338
,351
,343
,330
,337
,354
,339
2026 05 14 14:35:17.597207,329
,344
,351
,329
,325
,337
,335
,324
,336
,360
,343
,335
,347
,349
2026 05 14 14:35:17.662215,334
,327
,341
,340
,327
,340
,359
,344
,330
,347
,359
,350
,334
,352
2026 05 14 14:35:17.723166,343
,339
,336
,351
,346
,331
,344
,358
,341
,333
,345
,350
,334
,326
2026 05 14 14:35:17.789588,357
,359
,346
,356
,369
,345
,333
,361
,368
,334
,329
,343
,350
,337
2026 05 14 14:35:17.849773,351
,369
,360
,353
,362
,373
,347
,336
,351
,353
,339
,345
,359
,345
2026 05 14 14:35:17.910829,332
,345
,362
,349
,344
,355
,354
,344
,345
,366
,353
,349
,356
,370
2026 05 14 14:35:17.977515,357
,339
,349
,356
,336
,336
,353
,348
,331
,339
,364
,349
,339
,346
2026 05 14 14:35:18.039783,361
,346
,344
,367
,366
,349
,332
,348
,342
,333
,344
,359
,349
,339
2026 05 14 14:35:18.103483,357
,365
,346
,344
,359
,357
,338
,349
,366
,360
,351
,362
,373
,353
2026 05 14 14:35:18.165327,346
,362
,355
,339
,352
,373
,368
,358
,375
,382
,355
,339
,353
,356
2026 05 14 14:35:18.227544,330
,329
,351
,340
,323
,344
,356
,355
,341
,347
,359
,351
,351
,366
2026 05 14 14:35:18.292394,358
,348
,359
,371
,351
,334
,352
,358
,342
,339
,355
,352
,343
,355
2026 05 14 14:35:18.353573,372
,363
,345
,352
,361
,339
,338
,362
,365
,351
,349
,356
,349
,338
2026 05 14 14:35:18.415684,354
,368
,359
,353
,356
,356
,343
,338
,353
,348
,339
,347
,365
,351
2026 05 14 14:35:18.481155,340
,352
,358
,349
,342
,356
,355
,345
,348
,364
,346
,328
,342
,355
2026 05 14 14:35:18.544698,341
,341
,361
,362
,345
,340
,343
,343
,342
,356
,363
,341
,330
,352
2026 05 14 14:35:18.608250,361
,344
,346
,361
,357
,342
,352
,366
,347
,340
,361
,375
,359
,358
2026 05 14 14:35:18.669939,371
,345
,326
,333
,353
,349
,339
,353
,363
,347
,342
,358
,358
,343
2026 05 14 14:35:18.731058,340
,354
,347
,336
,352
,364
,352
,346
,352
,349
,334
,336
,348
,340
2026 05 14 14:35:18.796804,341
,358
,378
,362
,331
,334
,344
,328
,330
,345
,343
,330
,343
,362
2026 05 14 14:35:18.857969,348
,331
,345
,356
,342
,336
,355
,357
,335
,340
,360
,359
,351
,359
2026 05 14 14:35:18.923596,357
,333
,333
,351
,355
,345
,340
,354
,345
,331
,344
,358
,343
,337
2026 05 14 14:35:18.984345,349
,350
,333
,334
,358
,361
,354
,362
,363
,344
,336
,346
,355
,342
2026 05 14 14:35:19.046106,338
,354
,348
,337
,348
,358
,344
,336
,352
,367
,346
,336
,347
,351
2026 05 14 14:35:19.112106,331
,334
,348
,344
,324
,337
,350
,339
,324
,339
,354
,345
,341
,361
2026 05 14 14:35:19.173358,361
,327
,330
,350
,333
,324
,345
,360
,340
,336
,356
,356
,342
,346
2026 05 14 14:35:19.239111,360
,350
,337
,348
,364
,354
,343
,358
,356
,345
,348
,364
,357
,339
2026 05 14 14:35:19.300434,352
,370
,358
,347
,369
,377
,361
,357
,356
,344
,330
,343
,358
,345
2026 05 14 14:35:19.361201,334
,351
,364
,348
,347
,360
,364
,350
,354
,371
,362
,347
,364
,379
2026 05 14 14:35:19.427468,371
,372
,380
,382
,352
,338
,353
,350
,342
,351
,364
,345
,329
,346
2026 05 14 14:35:19.488136,359
,345
,348
,371
,367
,349
,370
,383
,362
,333
,340
,349
,334
,337
2026 05 14 14:35:19.554431,356
,354
,335
,338
,355
,342
,329
,348
,362
,355
,350
,357
,368
,349
2026 05 14 14:35:19.616074,345
,359
,338
,324
,334
,352
,340
,333
,353
,351
,336
,336
,357
,352
2026 05 14 14:35:19.677237,341
,352
,366
,353
,341
,353
,352
,334
,336
,358
,352
,337
,341
,358
2026 05 14 14:35:19.742139,343
,329
,349
,363
,351
,354
,372
,380
,364
,346
,359
,349
,323
,337
2026 05 14 14:35:19.803681,353
,343
,331
,344
,351
,337
,339
,360
,359
,349
,360
,370
,358
,350
2026 05 14 14:35:19.869918,360
,358
,350
,347
,357
,357
,339
,346
,347
,338
,327
,343
,358
,342
2026 05 14 14:35:19.931603,338
,351
,353
,346
,355
,361
,350
,344
,357
,375
,356
,344
,357
,351
2026 05 14 14:35:19.992513,330
,333
,356
,353
,342
,353
,368
,353
,341
,352
,363
,347
,340
,356
2026 05 14 14:35:20.058230,358
,348
,357
,361
,335
,326
,352
,364
,346
,343
,364
,364
,346
,347
2026 05 14 14:35:20.119046,361
,352
,344
,358
,358
,344
,333
,349
,357
,340
,336
,355
,346
,335
2026 05 14 14:35:20.185254,351
,355
,339
,333
,345
,351
,336
,336
,351
,349
,337
,346
,359
,349
2026 05 14 14:35:20.246795,338
,355
,372
,364
,348
,362
,351
,344
,355
,363
,347
,327
,343
,359
2026 05 14 14:35:20.309642,341
,332
,349
,356
,340
,342
,361
,353
,344
,355
,370
,353
,339
,354
2026 05 14 14:35:20.374682,367
,348
,340
,359
,362
,341
,343
,358
,340
,330
,345
,359
,344
,345
2026 05 14 14:35:20.434566,358
,358
,344
,344
,358
,351
,337
,344
,362
,348
,344
,354
,361
,346
2026 05 14 14:35:20.500525,349
,371
,374
,351
,351
,369
,349
,334
,350
,359
,340
,335
,349
,348
2026 05 14 14:35:20.562543,332
,340
,356
,344
,335
,358
,370
,358
,347
,363
,373
,343
,341
,349
2026 05 14 14:35:20.623857,340
,325
,334
,349
,333
,329
,345
,347
,321
,327
,347
,342
,329
,340
2026 05 14 14:35:20.689367,358
,339
,317
,337
,348
,330
,319
,333
,335
,325
,337
,359
,347
,335
2026 05 14 14:35:20.750094,354
,366
,347
,346
,364
,363
,348
,352
,371
,358
,340
,356
,360
,341
2026 05 14 14:35:20.815901,333
,352
,356
,342
,352
,370
,356
,338
,353
,368
,346
,339
,355
,366
2026 05 14 14:35:20.877477,346
,347
,362
,355
,338
,344
,352
,343
,336
,355
,360
,350
,350
,365
2026 05 14 14:35:20.939566,363
,340
,339
,363
,357
,343
,356
,375
,361
,354
,368
,361
,343
,348
2026 05 14 14:35:21.003572,367
,351
,335
,343
,355
,345
,338
,356
,361
,345
,350
,360
,353
,338
2026 05 14 14:35:21.065639,340
,363
,353
,343
,354
,365
,353
,346
,353
,353
,346
,354
,367
,350
2026 05 14 14:35:21.131788,334
,341
,355
,340
,338
,359
,363
,351
,353
,372
,364
,349
,354
,365
2026 05 14 14:35:21.192081,352
,338
,351
,357
,342
,341
,358
,357
,343
,358
,371
,346
,330
,347
2026 05 14 14:35:21.253696,354
,344
,343
,361
,357
,343
,346
,365
,356
,339
,352
,355
,340
,338
2026 05 14 14:35:21.320672,357
,371
,357
,342
,361
,359
,347
,350
,365
,351
,341
,353
,356
,339
2026 05 14 14:35:21.381641,333
,352
,351
,345
,349
,359
,354
,353
,369
,376
,345
,337
,364
,356
2026 05 14 14:35:21.447362,337
,347
,363
,352
,339
,347
,359
,342
,334
,356
,359
,334
,340
,362
2026 05 14 14:35:21.508151,349
,341
,346
,361
,346
,343
,365
,359
,331
,330
,345
,343
,333
,345
2026 05 14 14:35:21.569787,360
,357
,347
,359
,368
,350
,341
,353
,354
,342
,351
,371
,353
,336
2026 05 14 14:35:21.635917,347
,353
,339
,344
,350
,348
,330
,344
,367
,355
,343
,353
,364
,350
2026 05 14 14:35:21.697423,345
,357
,364
,342
,339
,355
,350
,344
,356
,377
,360
,353
,370
,372
2026 05 14 14:35:21.762306,347
,344
,363
,364
,347
,346
,361
,348
,329
,340
,357
,337
,336
,358
2026 05 14 14:35:21.823606,362
,356
,357
,377
,368
,350
,354
,362
,341
,332
,353
,360
,340
,340
2026 05 14 14:35:21.884963,358
,345
,342
,353
,373
,356
,343
,361
,368
,358
,360
,368
,355
,341
2026 05 14 14:35:21.950898,342
,359
,349
,339
,352
,358
,333
,329
,361
,368
,357
,357
,371
,359
2026 05 14 14:35:22.012327,342
,348
,360
,346
,350
,371
,379
,359
,343
,348
,341
,338
,355
,372
2026 05 14 14:35:22.072704,354
,338
,354
,367
,353
,346
,360
,356
,336
,344
,360
,352
,338
,353
2026 05 14 14:35:22.139084,375
,360
,344
,363
,369
,360
,361
,368
,357
,346
,357
,369
,342
,324
2026 05 14 14:35:22.200307,341
,350
,335
,337
,358
,352
,340
,348
,366
,364
,362
,371
,368
,354
2026 05 14 14:35:22.265692,351
,366
,355
,338
,346
,371
,357
,335
,339
,358
,347
,336
,359
,368
2026 05 14 14:35:22.327485,351
,362
,372
,352
,339
,348
,363
,346
,343
,359
,362
,342
,342
,363
2026 05 14 14:35:22.388102,359
,341
,347
,356
,348
,339
,354
,367
,359
,349
,353
,355
,345
,349
2026 05 14 14:35:22.454373,360
,348
,330
,346
,357
,342
,340
,362
,363
,356
,361
,374
,352
,333
2026 05 14 14:35:22.515621,345
,359
,337
,342
,358
,349
,324
,329
,353
,348
,338
,352
,368
,351
2026 05 14 14:35:22.581506,350
,374
,383
,358
,348
,354
,351
,336
,332
,351
,342
,332
,347
,359
2026 05 14 14:35:22.642125,343
,344
,358
,366
,357
,362
,383
,363
,347
,354
,365
,347
,335
,350
2026 05 14 14:35:22.703625,357
,341
,335
,354
,342
,336
,346
,366
,351
,349
,361
,366
,352
,342
2026 05 14 14:35:22.769865,352
,353
,333
,340
,358
,346
,339
,352
,360
,344
,339
,356
,363
,351
2026 05 14 14:35:22.831157,349
,370
,366
,349
,347
,358
,340
,327
,347
,356
,345
,345
,357
,345
2026 05 14 14:35:22.895863,337
,350
,362
,358
,358
,359
,367
,340
,334
,347
,342
,333
,346
,360
2026 05 14 14:35:22.958263,342
,332
,345
,358
,339
,338
,358
,357
,342
,349
,363
,342
,336
,356
2026 05 14 14:35:23.019273,369
,356
,346
,367
,361
,334
,336
,351
,345
,331
,339
,357
,344
,337
2026 05 14 14:35:23.085216,349
,357
,338
,336
,356
,351
,330
,336
,348
,340
,324
,339
,351
,342
2026 05 14 14:35:23.146284,339
,365
,367
,343
,342
,357
,338
,325
,340
,353
,338
,330
,352
,359
2026 05 14 14:35:23.212172,341
,348
,369
,357
,344
,361
,373
,353
,341
,351
,361
,354
,344
,353
2026 05 14 14:35:23.273527,345
,335
,348
,362
,354
,340
,351
,365
,347
,345
,354
,352
,339
,351
2026 05 14 14:35:23.334791,367
,358
,346
,364
,364
,345
,340
,354
,357
,341
,342
,356
,346
,335
2026 05 14 14:35:23.400680,355
,374
,365
,362
,373
,365
,349
,344
,362
,358
,343
,352
,365
,356
2026 05 14 14:35:23.461573,340
,348
,353
,342
,340
,351
,353
,340
,345
,366
,361
,343
,351
,364
2026 05 14 14:35:23.527178,347
,340
,361
,364
,347
,352
,370
,355
,333
,344
,362
,355
,346
,361
2026 05 14 14:35:23.589456,360
,345
,349
,361
,357
,340
,349
,362
,350
,337
,352
,364
,353
,353
2026 05 14 14:35:23.649685,371
,368
,343
,342
,361
,346
,332
,347
,363
,345
,336
,357
,360
,346
2026 05 14 14:35:23.715950,347
,368
,362
,347
,360
,381
,363
,343
,361
,376
,347
,340
,352
,343
2026 05 14 14:35:23.778496,329
,341
,359
,346
,336
,348
,358
,345
,340
,358
,362
,353
,364
,376
2026 05 14 14:35:23.844530,363
,353
,362
,378
,350
,329
,337
,346
,332
,333
,353
,343
,332
,346
2026 05 14 14:35:23.903665,365
,346
,342
,359
,367
,350
,346
,369
,365
,342
,341
,362
,350
,337
2026 05 14 14:35:23.965893,348
,354
,339
,339
,358
,357
,342
,356
,369
,357
,337
,345
,355
,344
2026 05 14 14:35:24.031282,341
,358
,364
,348
,347
,360
,349
,342
,346
,358
,345
,337
,356
,364
2026 05 14 14:35:24.094882,350
,355
,358
,348
,339
,353
,370
,357
,337
,352
,357
,342
,336
,358
2026 05 14 14:35:24.160818,368
,356
,355
,373
,360
,347
,357
,369
,350
,339
,357
,350
,341
,347
2026 05 14 14:35:24.219758,361
,350
,332
,348
,363
,358
,348
,351
,353
,348
,346
,362
,357
,348
2026 05 14 14:35:24.280434,352
,357
,344
,337
,351
,369
,349
,343
,359
,359
,342
,336
,352
,347
2026 05 14 14:35:24.346616,334
,344
,352
,332
,333
,355
,355
,342
,346
,364
,361
,350
,362
,372
2026 05 14 14:35:24.408311,352
,340
,351
,359
,342
,343
,361
,347
,327
,344
,363
,351
,337
,345
2026 05 14 14:35:24.473152,356
,341
,342
,361
,352
,331
,340
,359
,351
,338
,352
,362
,344
,342
2026 05 14 14:35:24.535189,358
,360
,339
,350
,361
,351
,331
,349
,360
,343
,335
,355
,351
,332
2026 05 14 14:35:24.595994,333
,356
,348
,338
,348
,362
,343
,338
,347
,358
,349
,351
,371
,368
2026 05 14 14:35:24.660667,346
,349
,360
,339
,322
,344
,360
,350
,343
,360
,360
,337
,335
,353
2026 05 14 14:35:24.723544,353
,337
,353
,367
,359
,347
,364
,362
,345
,340
,356
,348
,335
,341
2026 05 14 14:35:24.788964,356
,343
,330
,342
,354
,332
,334
,359
,355
,342
,352
,363
,344
,322
2026 05 14 14:35:24.850525,336
,364
,348
,334
,346
,330
,330
,349
,354
,332
,302
,330
,373
,355
2026 05 14 14:35:24.912261,347
,358
,352
,333
,339
,364
,350
,335
,338
,355
,338
,330
,354
,359
2026 05 14 14:35:24.977320,335
,338
,362
,357
,334
,336
,360
,353
,336
,351
,363
,353
,348
,362
2026 05 14 14:35:25.039039,362
,345
,346
,370
,359
,344
,338
,354
,356
,357
,369
,364
,352
,346
2026 05 14 14:35:25.104281,354
,348
,337
,347
,361
,349
,343
,351
,364
,347
,344
,364
,357
,340
2026 05 14 14:35:25.165955,352
,360
,346
,336
,349
,355
,343
,342
,354
,358
,346
,354
,379
,351
2026 05 14 14:35:25.227218,329
,349
,358
,337
,329
,353
,357
,345
,344
,360
,354
,340
,350
,366
2026 05 14 14:35:25.292216,352
,343
,360
,370
,345
,337
,348
,348
,339
,345
,354
,345
,334
,348
2026 05 14 14:35:25.353572,358
,335
,340
,350
,348
,344
,351
,365
,356
,343
,352
,363
,348
,353
2026 05 14 14:35:25.419793,374
,365
,327
,330
,350
,345
,332
,350
,366
,346
,338
,367
,368
,341
2026 05 14 14:35:25.481196,336
,362
,367
,351
,353
,365
,347
,333
,353
,366
,350
,345
,361
,367
2026 05 14 14:35:25.544396,343
,344
,360
,354
,345
,364
,370
,355
,342
,355
,358
,344
,344
,364
2026 05 14 14:35:25.607671,366
,351
,361
,372
,351
,344
,362
,365
,350
,353
,360
,356
,338
,346
2026 05 14 14:35:25.669843,358
,344
,339
,351
,364
,346
,346
,362
,363
,348
,352
,372
,359
,342
2026 05 14 14:35:25.734920,359
,365
,349
,339
,359
,359
,343
,350
,371
,367
,352
,355
,365
,347
2026 05 14 14:35:25.796876,338
,360
,363
,345
,345
,363
,354
,345
,357
,369
,361
,343
,345
,362
2026 05 14 14:35:25.857582,349
,342
,354
,361
,350
,353
,356
,352
,340
,354
,369
,353
,348
,368
2026 05 14 14:35:25.923313,374
,359
,363
,363
,346
,330
,336
,359
,348
,340
,363
,364
,350
,347
2026 05 14 14:35:25.985184,372
,368
,348
,366
,373
,347
,352
,366
,373
,351
,342
,351
,337
,334
2026 05 14 14:35:26.046360,342
,359
,352
,344
,354
,363
,351
,350
,372
,371
,348
,354
,372
,355
2026 05 14 14:35:26.112077,341
,361
,371
,356
,356
,365
,374
,359
,362
,372
,354
,341
,350
,364
2026 05 14 14:35:26.173481,347
,334
,354
,368
,344
,339
,357
,358
,341
,354
,368
,360
,350
,363
2026 05 14 14:35:26.239511,375
,361
,359
,364
,372
,347
,343
,358
,349
,339
,350
,362
,344
,333
2026 05 14 14:35:26.300571,350
,351
,345
,346
,356
,359
,348
,364
,367
,351
,346
,355
,351
,342
2026 05 14 14:35:26.361469,353
,373
,351
,338
,352
,373
,367
,337
,347
,364
,349
,340
,359
,351
2026 05 14 14:35:26.427380,329
,322
,343
,339
,333
,341
,350
,337
,338
,348
,347
,339
,330
,342
2026 05 14 14:35:26.488106,340
,333
,343
,345
,329
,322
,330
,336
,316
,317
,339
,333
,321
,333
2026 05 14 14:35:26.553475,350
,333
,315
,323
,342
,327
,323
,342
,357
,345
,335
,343
,335
,319
2026 05 14 14:35:26.616377,334
,347
,334
,326
,343
,349
,334
,334
,353
,345
,328
,342
,354
,332
2026 05 14 14:35:26.677349,319
,343
,359
,343
,336
,347
,347
,331
,345
,368
,351
,337
,343
,346
2026 05 14 14:35:26.742478,332
,332
,353
,359
,334
,334
,352
,339
,325
,341
,359
,345
,329
,343
2026 05 14 14:35:26.803503,351
,338
,348
,368
,368
,339
,338
,353
,344
,333
,344
,353
,342
,340
2026 05 14 14:35:26.870698,356
,355
,340
,349
,365
,353
,341
,353
,367
,352
,345
,356
,356
,337
2026 05 14 14:35:26.931323,345
,363
,350
,336
,355
,370
,363
,353
,359
,356
,325
,325
,346
,340
2026 05 14 14:35:26.992554,329
,347
,363
,352
,342
,351
,363
,349
,345
,360
,355
,340
,345
,356
2026 05 14 14:35:27.057682,348
,336
,348
,356
,344
,344
,363
,360
,342
,351
,371
,357
,337
,347
2026 05 14 14:35:27.118915,361
,347
,340
,358
,358
,342
,344
,363
,355
,338
,337
,361
,348
,337
2026 05 14 14:35:27.186127,352
,360
,348
,347
,368
,361
,349
,356
,370
,359
,347
,361
,371
,352
2026 05 14 14:35:27.246909,344
,362
,366
,352
,351
,369
,349
,334
,356
,369
,353
,345
,361
,364
2026 05 14 14:35:27.307397,344
,345
,359
,351
,338
,347
,362
,345
,335
,349
,359
,344
,343
,364
2026 05 14 14:35:27.373151,366
,334
,346
,368
,362
,357
,367
,365
,346
,340
,353
,353
,336
,338
2026 05 14 14:35:27.434997,356
,349
,339
,357
,371
,344
,334
,355
,355
,332
,333
,353
,349
,343
2026 05 14 14:35:27.500170,361
,378
,363
,348
,354
,356
,342
,335
,356
,356
,349
,352
,364
,355
2026 05 14 14:35:27.560974,349
,370
,375
,328
,325
,352
,357
,347
,355
,372
,362
,351
,370
,384
2026 05 14 14:35:27.622749,362
,353
,366
,367
,349
,351
,363
,366
,348
,351
,362
,337
,332
,348
2026 05 14 14:35:27.689476,358
,344
,337
,360
,362
,351
,365
,386
,370
,347
,362
,370
,357
,357
2026 05 14 14:35:27.750182,371
,351
,329
,338
,355
,345
,334
,349
,364
,350
,344
,361
,368
,357
2026 05 14 14:35:27.816469,359
,377
,369
,357
,364
,369
,359
,349
,357
,356
,351
,350
,366
,360
2026 05 14 14:35:27.877573,343
,355
,370
,357
,346
,355
,367
,355
,354
,364
,364
,351
,348
,366
2026 05 14 14:35:27.938558,351
,332
,344
,362
,342
,332
,350
,351
,329
,332
,352
,340
,327
,338
2026 05 14 14:35:28.003940,355
,348
,345
,359
,359
,338
,339
,348
,345
,328
,339
,352
,340
,333
2026 05 14 14:35:28.065428,351
,365
,343
,331
,351
,356
,345
,349
,373
,357
,345
,353
,360
,350
2026 05 14 14:35:28.131144,339
,356
,361
,340
,344
,357
,352
,332
,346
,359
,347
,342
,359
,365
2026 05 14 14:35:28.192572,343
,337
,348
,349
,350
,349
,368
,360
,338
,355
,371
,358
,351
,367
2026 05 14 14:35:28.253466,368
,348
,354
,374
,362
,348
,360
,367
,348
,337
,356
,361
,349
,351
2026 05 14 14:35:28.319704,366
,355
,348
,350
,357
,344
,348
,374
,386
,362
,357
,372
,371
,347
2026 05 14 14:35:28.380785,348
,361
,349
,337
,359
,367
,339
,337
,354
,359
,350
,353
,362
,341
2026 05 14 14:35:28.446573,335
,359
,371
,353
,344
,358
,370
,352
,352
,364
,356
,338
,348
,362
2026 05 14 14:35:28.507941,346
,335
,352
,366
,351
,353
,373
,362
,330
,331
,352
,339
,330
,351
2026 05 14 14:35:28.569018,364
,346
,352
,366
,367
,352
,346
,360
,345
,338
,357
,371
,348
,341
2026 05 14 14:35:28.635194,357
,356
,342
,341
,356
,345
,334
,347
,363
,359
,349
,369
,370
,348
2026 05 14 14:35:28.696799,348
,363
,361
,337
,343
,358
,345
,333
,342
,356
,347
,342
,357
,357
2026 05 14 14:35:28.760914,345
,348
,363
,354
,341
,358
,375
,368
,364
,379
,378
,345
,346
,364
2026 05 14 14:35:28.823261,361
,342
,342
,353
,343
,332
,351
,359
,347
,344
,355
,352
,339
,349
2026 05 14 14:35:28.884373,365
,353
,344
,362
,375
,358
,354
,373
,375
,361
,364
,368
,352
,348
2026 05 14 14:35:28.950612,358
,369
,353
,335
,352
,355
,335
,337
,353
,351
,337
,351
,377
,355
2026 05 14 14:35:29.010618,351
,363
,368
,344
,338
,351
,350
,328
,338
,349
,334
,324
,333
,342
2026 05 14 14:35:29.078959,327
,329
,349
,352
,342
,351
,366
,354
,334
,347
,360
,348
,339
,353
2026 05 14 14:35:29.138902,345
,333
,340
,362
,351
,339
,358
,373
,358
,347
,363
,372
,360
,357
2026 05 14 14:35:29.199838,358
,356
,343
,349
,367
,350
,336
,348
,355
,340
,332
,351
,351
,339
2026 05 14 14:35:29.265339,345
,352
,343
,332
,346
,362
,350
,340
,357
,358
,342
,347
,364
,354
2026 05 14 14:35:29.326507,342
,349
,360
,338
,341
,364
,371
,356
,360
,368
,355
,343
,356
,370
2026 05 14 14:35:29.394208,355
,345
,360
,372
,350
,341
,357
,357
,338
,344
,359
,354
,350
,368
2026 05 14 14:35:29.454209,379
,366
,364
,376
,362
,340
,336
,354
,356
,340
,346
,360
,341
,326
2026 05 14 14:35:29.515126,347
,356
,343
,343
,359
,356
,344
,354
,370
,361
,341
,354
,367
,351
2026 05 14 14:35:29.580617,351
,369
,363
,359
,355
,361
,344
,322
,339
,355
,340
,335
,351
,349
2026 05 14 14:35:29.642403,338
,340
,359
,350
,338
,356
,371
,359
,354
,367
,366
,336
,338
,362
2026 05 14 14:35:29.707721,360
,340
,340
,361
,341
,329
,350
,358
,343
,337
,362
,358
,345
,354
2026 05 14 14:35:29.769942,370
,350
,342
,356
,360
,346
,344
,360
,354
,338
,342
,354
,351
,336
2026 05 14 14:35:29.830836,350
,368
,352
,334
,348
,351
,337
,344
,361
,360
,349
,360
,373
,355
2026 05 14 14:35:29.896642,343
,357
,359
,342
,340
,359
,349
,337
,349
,371
,348
,333
,349
,358
2026 05 14 14:35:29.959167,337
,330
,355
,365
,352
,351
,367
,360
,346
,355
,369
,353
,349
,364
2026 05 14 14:35:30.023204,362
,351
,347
,362
,355
,342
,351
,362
,351
,347
,357
,364
,354
,347
2026 05 14 14:35:30.085164,364
,369
,357
,364
,370
,346
,332
,342
,353
,343
,336
,352
,361
,344
2026 05 14 14:35:30.146364,348
,367
,358
,345
,353
,372
,363
,358
,371
,373
,354
,349
,370
,363
2026 05 14 14:35:30.211929,342
,345
,359
,339
,330
,347
,362
,351
,347
,368
,354
,339
,346
,367
2026 05 14 14:35:30.274415,359
,349
,359
,363
,343
,328
,347
,353
,343
,349
,364
,355
,343
,359
2026 05 14 14:35:30.334756,369
,354
,341
,353
,361
,345
,344
,357
,353
,339
,352
,363
,342
,340
2026 05 14 14:35:30.400381,360
,368
,351
,348
,368
,362
,345
,343
,362
,353
,336
,344
,359
,348
2026 05 14 14:35:30.461385,348
,361
,362
,347
,345
,357
,348
,334
,347
,362
,348
,342
,354
,360
2026 05 14 14:35:30.527539,350
,353
,371
,363
,348
,349
,370
,358
,346
,356
,362
,350
,348
,360
2026 05 14 14:35:30.589555,359
,335
,342
,360
,352
,337
,350
,367
,352
,347
,361
,368
,354
,357
2026 05 14 14:35:30.649875,360
,345
,335
,348
,362
,351
,344
,359
,363
,342
,339
,356
,355
,340
2026 05 14 14:35:30.715758,347
,363
,348
,335
,357
,372
,358
,356
,375
,375
,354
,356
,374
,353
2026 05 14 14:35:30.776978,330
,344
,352
,338
,338
,356
,361
,340
,343
,360
,351
,338
,348
,364
2026 05 14 14:35:30.842423,355
,348
,364
,371
,349
,347
,361
,349
,328
,335
,362
,347
,339
,351
2026 05 14 14:35:30.904347,361
,344
,338
,357
,352
,336
,342
,364
,359
,350
,345
,360
,352
,349
2026 05 14 14:35:30.965570,359
,362
,340
,350
,370
,357
,335
,343
,356
,351
,340
,353
,356
,339
2026 05 14 14:35:31.031752,344
,361
,361
,351
,358
,368
,341
,326
,348
,363
,342
,338
,358
,353
2026 05 14 14:35:31.092110,336
,343
,357
,347
,335
,344
,357
,344
,337
,349
,349
,342
,344
,357
2026 05 14 14:35:31.157882,353
,348
,357
,370
,352
,344
,360
,370
,350
,347
,358
,350
,334
,341
2026 05 14 14:35:31.219937,356
,346
,336
,350
,360
,348
,340
,358
,354
,337
,342
,357
,344
,330
2026 05 14 14:35:31.280684,346
,351
,335
,329
,336
,350
,345
,343
,364
,347
,328
,340
,358
,339
2026 05 14 14:35:31.346699,330
,344
,354
,341
,346
,363
,351
,337
,347
,367
,354
,347
,359
,369
2026 05 14 14:35:31.408114,352
,352
,373
,370
,353
,346
,350
,341
,331
,350
,368
,347
,333
,347
2026 05 14 14:35:31.473169,351
,347
,355
,366
,355
,342
,353
,362
,346
,338
,353
,359
,346
,344
2026 05 14 14:35:31.535097,354
,344
,331
,344
,361
,356
,351
,357
,358
,341
,330
,349
,343
,335
2026 05 14 14:35:31.595498,350
,369
,361
,349
,368
,377
,359
,354
,375
,373
,359
,356
,364
,353
2026 05 14 14:35:31.662331,339
,350
,368
,356
,353
,358
,345
,330
,339
,364
,360
,350
,363
,375
2026 05 14 14:35:31.722704,360
,350
,367
,371
,346
,344
,361
,355
,340
,352
,374
,361
,344
,349
2026 05 14 14:35:31.788709,353
,337
,332
,348
,353
,350
,355
,369
,365
,346
,347
,357
,348
,341
2026 05 14 14:35:31.850820,363
,364
,350
,357
,372
,367
,354
,362
,376
,360
,337
,347
,357
,337
2026 05 14 14:35:31.911086,335
,356
,354
,337
,351
,370
,360
,349
,363
,371
,353
,353
,366
,365
2026 05 14 14:35:31.977286,351
,351
,369
,361
,338
,355
,366
,349
,333
,351
,359
,340
,344
,365
2026 05 14 14:35:32.038137,360
,345
,355
,369
,352
,337
,355
,369
,354
,343
,360
,356
,332
,338
2026 05 14 14:35:32.104141,355
,348
,344
,353
,356
,346
,345
,363
,369
,353
,356
,373
,361
,342
2026 05 14 14:35:32.165711,357
,370
,351
,339
,357
,359
,343
,350
,367
,354
,339
,349
,377
,369
2026 05 14 14:35:32.226616,356
,361
,365
,340
,339
,360
,357
,342
,356
,371
,357
,338
,356
,368
2026 05 14 14:35:32.292442,348
,342
,359
,360
,346
,347
,362
,348
,330
,343
,352
,343
,338
,360
2026 05 14 14:35:32.354194,360
,350
,355
,367
,355
,341
,355
,367
,356
,338
,351
,355
,343
,335
2026 05 14 14:35:32.419350,346
,345
,337
,347
,360
,348
,342
,354
,364
,350
,346
,367
,363
,358
2026 05 14 14:35:32.481005,363
,368
,355
,343
,356
,367
,346
,337
,353
,358
,334
,333
,353
,344
2026 05 14 14:35:32.542330,334
,345
,359
,339
,331
,349
,356
,342
,341
,357
,357
,344
,353
,370
2026 05 14 14:35:32.607716,357
,336
,343
,367
,350
,332
,356
,355
,338
,342
,355
,345
,339
,346
2026 05 14 14:35:32.669485,362
,357
,345
,360
,368
,351
,352
,370
,366
,339
,351
,369
,345
,322
2026 05 14 14:35:32.734215,335
,344
,332
,334
,349
,345
,336
,348
,369
,351
,338
,353
,362
,352
2026 05 14 14:35:32.796742,350
,368
,371
,344
,344
,361
,347
,333
,343
,360
,347
,342
,352
,353
2026 05 14 14:35:32.858024,338
,335
,350
,346
,334
,341
,359
,348
,342
,357
,359
,339
,338
,357
2026 05 14 14:35:32.923341,356
,335
,354
,367
,351
,336
,352
,364
,344
,334
,339
,339
,325
,331
2026 05 14 14:35:32.985216,352
,345
,337
,353
,370
,357
,352
,365
,367
,349
,348
,363
,357
,342
2026 05 14 14:35:33.050205,348
,359
,349
,339
,351
,350
,331
,330
,351
,351
,340
,349
,367
,359
2026 05 14 14:35:33.112132,350
,362
,371
,361
,359
,364
,352
,333
,342
,359
,345
,327
,341
,355
2026 05 14 14:35:33.173310,339
,337
,349
,352
,335
,335
,345
,338
,327
,345
,368
,356
,355
,367
2026 05 14 14:35:33.238890,372
,348
,343
,364
,359
,341
,346
,363
,354
,337
,349
,360
,336
,330
2026 05 14 14:35:33.299476,349
,351
,337
,337
,356
,349
,343
,358
,377
,360
,346
,366
,371
,352
2026 05 14 14:35:33.365251,349
,361
,353
,332
,339
,355
,340
,329
,348
,358
,346
,336
,345
,340
2026 05 14 14:35:33.427192,336
,344
,360
,351
,338
,354
,363
,347
,341
,361
,358
,339
,345
,350
2026 05 14 14:35:33.488062,343
,333
,345
,353
,335
,323
,344
,350
,336
,328
,349
,344
,330
,344
2026 05 14 14:35:33.554149,360
,350
,338
,343
,354
,341
,334
,350
,342
,333
,339
,351
,342
,331
2026 05 14 14:35:33.615340,341
,346
,336
,341
,356
,352
,338
,346
,360
,351
,336
,356
,381
,359
2026 05 14 14:35:33.681060,339
,359
,355
,332
,328
,348
,347
,333
,345
,357
,338
,329
,344
,353
2026 05 14 14:35:33.742435,342
,338
,355
,349
,333
,346
,366
,357
,349
,361
,372
,361
,356
,373
2026 05 14 14:35:33.803365,376
,352
,346
,360
,350
,337
,347
,362
,346
,337
,353
,358
,341
,342
2026 05 14 14:35:33.869188,360
,356
,342
,353
,373
,355
,345
,361
,365
,353
,348
,363
,348
,328
2026 05 14 14:35:33.930742,342
,357
,344
,330
,344
,360
,345
,339
,351
,352
,336
,341
,366
,358
2026 05 14 14:35:33.995944,340
,353
,368
,351
,338
,357
,362
,348
,340
,349
,340
,321
,334
,354
2026 05 14 14:35:34.057646,343
,333
,351
,359
,344
,347
,362
,355
,333
,338
,360
,341
,334
,343
2026 05 14 14:35:34.119359,347
,344
,336
,352
,358
,348
,348
,367
,348
,327
,336
,349
,338
,326
2026 05 14 14:35:34.184895,329
,336
,335
,336
,350
,352
,338
,344
,367
,361
,340
,348
,356
,344
2026 05 14 14:35:34.246562,340
,352
,349
,329
,337
,355
,341
,320
,336
,358
,344
,334
,355
,351
2026 05 14 14:35:34.311312,328
,337
,362
,349
,331
,337
,354
,344
,338
,352
,350
,337
,336
,354
2026 05 14 14:35:34.373331,348
,337
,347
,355
,341
,327
,338
,348
,338
,341
,359
,348
,312
,339
2026 05 14 14:35:34.434862,370
,355
,338
,344
,348
,329
,325
,338
,335
,315
,324
,350
,351
,340
2026 05 14 14:35:34.500351,343
,348
,330
,327
,336
,341
,329
,330
,346
,337
,320
,334
,353
,335
2026 05 14 14:35:34.561838,321
,336
,344
,329
,330
,367
,372
,353
,360
,372
,353
,336
,347
,359
2026 05 14 14:35:34.623187,343
,337
,354
,356
,341
,343
,365
,354
,343
,354
,354
,335
,330
,352
2026 05 14 14:35:34.688786,365
,348
,352
,360
,345
,337
,348
,365
,349
,340
,354
,366
,351
,356
2026 05 14 14:35:34.749448,364
,356
,333
,337
,358
,344
,334
,356
,365
,343
,338
,358
,358
,346
2026 05 14 14:35:34.815674,353
,369
,349
,329
,343
,369
,350
,341
,361
,361
,342
,337
,353
,349
2026 05 14 14:35:34.877135,335
,345
,362
,346
,344
,364
,372
,354
,347
,362
,357
,346
,356
,373
2026 05 14 14:35:34.938274,357
,335
,340
,360
,341
,322
,347
,350
,328
,339
,355
,356
,346
,351
2026 05 14 14:35:35.003183,365
,352
,342
,359
,364
,351
,352
,370
,362
,351
,359
,364
,349
,332
2026 05 14 14:35:35.065536,351
,363
,343
,337
,355
,352
,337
,346
,364
,354
,343
,357
,367
,355
2026 05 14 14:35:35.130319,350
,359
,355
,338
,346
,363
,350
,340
,354
,373
,356
,346
,360
,359
2026 05 14 14:35:35.192372,347
,351
,367
,360
,351
,354
,363
,350
,339
,358
,366
,347
,345
,360
2026 05 14 14:35:35.253150,357
,347
,357
,370
,353
,335
,357
,369
,354
,346
,358
,359
,350
,351
2026 05 14 14:35:35.319592,371
,364
,345
,355
,365
,343
,340
,357
,361
,344
,344
,360
,352
,345
2026 05 14 14:35:35.380294,361
,375
,356
,341
,358
,374
,357
,348
,370
,359
,342
,352
,364
,341
2026 05 14 14:35:35.446704,330
,349
,362
,346
,343
,359
,358
,346
,355
,368
,356
,338
,347
,358
2026 05 14 14:35:35.507225,348
,337
,358
,365
,355
,358
,374
,362
,349
,350
,361
,351
,345
,356
2026 05 14 14:35:35.569310,364
,351
,348
,364
,365
,350
,358
,374
,358
,343
,350
,355
,346
,347
2026 05 14 14:35:35.634901,362
,360
,350
,357
,369
,356
,341
,354
,360
,343
,337
,349
,353
,340
2026 05 14 14:35:35.695751,344
,358
,343
,330
,342
,356
,347
,336
,349
,351
,326
,326
,358
,357
2026 05 14 14:35:35.761773,345
,348
,367
,354
,336
,352
,365
,350
,345
,362
,362
,345
,350
,366
2026 05 14 14:35:35.823075,353
,343
,353
,365
,350
,336
,360
,375
,360
,358
,358
,353
,343
,357
2026 05 14 14:35:35.884097,369
,354
,340
,358
,367
,353
,358
,367
,350
,334
,345
,362
,349
,335
2026 05 14 14:35:35.950803,350
,362
,353
,349
,362
,368
,348
,345
,359
,348
,332
,338
,354
,339
2026 05 14 14:35:36.010960,340
,362
,368
,353
,343
,355
,348
,336
,348
,367
,355
,343
,349
,353
2026 05 14 14:35:36.077045,342
,340
,349
,344
,329
,343
,368
,359
,348
,355
,360
,342
,342
,355
2026 05 14 14:35:36.138985,353
,341
,346
,362
,351
,345
,356
,373
,353
,342
,355
,353
,353
,355
2026 05 14 14:35:36.199835,375
,368
,351
,358
,368
,350
,335
,351
,359
,347
,350
,369
,363
,346
2026 05 14 14:35:36.265944,359
,373
,361
,352
,363
,369
,351
,346
,360
,359
,346
,352
,367
,357
2026 05 14 14:35:36.326349,343
,356
,374
,355
,342
,355
,359
,344
,349
,366
,357
,338
,356
,369
2026 05 14 14:35:36.392230,357
,350
,359
,365
,349
,351
,366
,356
,342
,347
,362
,355
,344
,360
2026 05 14 14:35:36.453998,368
,354
,347
,364
,348
,336
,345
,353
,344
,333
,343
,359
,350
,343
2026 05 14 14:35:36.515320,358
,362
,348
,351
,368
,365
,346
,350
,366
,351
,341
,348
,356
,344
2026 05 14 14:35:36.581394,340
,357
,358
,339
,350
,370
,348
,324
,338
,351
,336
,335
,350
,348
2026 05 14 14:35:36.642358,326
,331
,350
,339
,326
,342
,361
,348
,342
,360
,371
,361
,363
,381
2026 05 14 14:35:36.707520,360
,346
,356
,362
,338
,323
,340
,351
,337
,333
,347
,346
,332
,338
2026 05 14 14:35:36.769458,358
,350
,341
,361
,373
,357
,345
,356
,368
,349
,350
,366
,353
,343
2026 05 14 14:35:36.830673,345
,364
,352
,340
,344
,347
,333
,333
,353
,350
,342
,354
,365
,340
2026 05 14 14:35:36.896290,328
,345
,351
,336
,332
,348
,345
,340
,353
,367
,352
,348
,357
,366
2026 05 14 14:35:36.957334,343
,337
,355
,354
,342
,352
,368
,354
,346
,359
,375
,353
,340
,357
2026 05 14 14:35:37.023074,364
,354
,351
,366
,358
,344
,353
,371
,349
,335
,349
,355
,344
,350
2026 05 14 14:35:37.084745,366
,358
,344
,341
,351
,341
,325
,341
,357
,344
,337
,354
,361
,350
2026 05 14 14:35:37.145473,347
,357
,353
,337
,351
,367
,352
,342
,359
,360
,341
,342
,355
,355
2026 05 14 14:35:37.211822,352
,361
,372
,356
,340
,359
,370
,354
,348
,353
,356
,341
,352
,369
2026 05 14 14:35:37.273227,356
,350
,360
,365
,346
,340
,353
,352
,339
,341
,360
,356
,353
,356
2026 05 14 14:35:37.338971,374
,355
,342
,358
,359
,342
,345
,362
,357
,341
,351
,373
,357
,346
2026 05 14 14:35:37.400813,368
,370
,351
,343
,356
,357
,347
,359
,377
,367
,351
,362
,365
,350
2026 05 14 14:35:37.461170,343
,361
,356
,340
,351
,361
,352
,340
,357
,366
,351
,339
,354
,356
2026 05 14 14:35:37.527239,344
,345
,365
,362
,349
,361
,378
,360
,350
,364
,370
,355
,355
,366
2026 05 14 14:35:37.588037,353
,331
,340
,361
,355
,340
,347
,360
,354
,343
,361
,356
,341
,351
2026 05 14 14:35:37.653954,369
,361
,354
,367
,380
,355
,334
,352
,359
,342
,335
,355
,351
,337
2026 05 14 14:35:37.715829,341
,357
,339
,334
,354
,366
,349
,336
,354
,354
,349
,354
,365
,355
2026 05 14 14:35:37.776949,344
,360
,369
,353
,346
,363
,366
,350
,354
,374
,354
,341
,354
,373
2026 05 14 14:35:37.842247,349
,328
,348
,362
,351
,355
,372
,350
,338
,352
,373
,366
,353
,368
2026 05 14 14:35:37.904000,375
,359
,351
,365
,360
,347
,356
,375
,366
,342
,347
,360
,345
,341
2026 05 14 14:35:37.969531,356
,352
,341
,353
,370
,358
,345
,357
,366
,347
,341
,369
,378
,354
2026 05 14 14:35:38.031014,358
,376
,362
,343
,353
,371
,354
,345
,353
,362
,350
,351
,364
,359
2026 05 14 14:35:38.092465,345
,353
,371
,360
,351
,366
,379
,364
,360
,364
,361
,340
,342
,373
2026 05 14 14:35:38.157214,361
,349
,354
,367
,351
,338
,353
,361
,350
,354
,371
,365
,354
,367
2026 05 14 14:35:38.219482,380
,359
,346
,356
,362
,350
,352
,365
,362
,342
,351
,369
,345
,328
2026 05 14 14:35:38.284834,341
,353
,339
,340
,360
,363
,347
,355
,368
,356
,346
,358
,376
,366
2026 05 14 14:35:38.346515,354
,360
,367
,357
,349
,363
,357
,332
,343
,360
,351
,342
,367
,373
2026 05 14 14:35:38.407727,353
,345
,363
,366
,353
,359
,375
,352
,337
,352
,368
,356
,349
,364
2026 05 14 14:35:38.473386,359
,337
,344
,366
,356
,342
,353
,370
,358
,354
,366
,361
,344
,347
2026 05 14 14:35:38.534737,363
,351
,334
,351
,367
,350
,338
,355
,368
,357
,349
,368
,371
,353
2026 05 14 14:35:38.596283,357
,360
,348
,344
,359
,370
,341
,336
,359
,364
,345
,347
,364
,353
2026 05 14 14:35:38.661420,341
,352
,369
,354
,342
,351
,353
,337
,341
,360
,357
,339
,347
,358
2026 05 14 14:35:38.722589,332
,330
,350
,362
,351
,348
,371
,366
,344
,350
,364
,356
,347
,362
2026 05 14 14:35:38.788856,366
,350
,353
,363
,357
,330
,334
,354
,349
,341
,358
,370
,354
,335
2026 05 14 14:35:38.850231,353
,364
,359
,359
,369
,369
,355
,362
,378
,358
,346
,358
,356
,342
2026 05 14 14:35:38.910993,335
,355
,347
,328
,340
,357
,346
,335
,350
,362
,350
,349
,371
,366
2026 05 14 14:35:38.977159,349
,364
,374
,360
,344
,350
,358
,341
,335
,343
,344
,330
,332
,342
2026 05 14 14:35:39.037768,342
,334
,338
,359
,354
,340
,352
,363
,347
,347
,366
,362
,350
,364
2026 05 14 14:35:39.103927,383
,368
,344
,359
,372
,354
,347
,368
,374
,357
,355
,369
,355
,341
2026 05 14 14:35:39.165313,352
,369
,365
,361
,363
,371
,362
,372
,386
,360
,344
,353
,372
,358
2026 05 14 14:35:39.226896,346
,357
,364
,348
,339
,354
,359
,346
,355
,366
,356
,350
,363
,375
2026 05 14 14:35:39.291616,360
,358
,374
,377
,361
,348
,356
,353
,342
,356
,371
,355
,344
,359
2026 05 14 14:35:39.353706,360
,346
,342
,358
,351
,344
,360
,370
,352
,337
,358
,373
,354
,344
2026 05 14 14:35:39.419769,360
,356
,354
,355
,374
,357
,342
,353
,371
,351
,343
,358
,358
,338
2026 05 14 14:35:39.481014,345
,366
,356
,341
,350
,374
,366
,352
,360
,369
,349
,346
,363
,363
2026 05 14 14:35:39.542212,350
,356
,364
,353
,335
,351
,362
,344
,345
,364
,360
,345
,356
,374
2026 05 14 14:35:39.607187,359
,352
,360
,373
,362
,350
,360
,360
,336
,338
,358
,349
,333
,343
2026 05 14 14:35:39.669320,366
,348
,334
,351
,356
,345
,350
,368
,350
,335
,348
,359
,347
,339
2026 05 14 14:35:39.734778,352
,354
,342
,344
,352
,349
,336
,343
,361
,350
,343
,355
,366
,348
2026 05 14 14:35:39.796366,343
,364
,354
,340
,343
,353
,347
,335
,350
,363
,346
,340
,352
,359
2026 05 14 14:35:39.857488,344
,348
,369
,365
,348
,353
,361
,344
,331
,350
,356
,329
,328
,350
2026 05 14 14:35:39.923991,349
,337
,346
,366
,358
,346
,359
,373
,352
,343
,357
,351
,340
,342
2026 05 14 14:35:39.983929,356
,350
,336
,348
,365
,353
,341
,354
,353
,346
,348
,366
,366
,344
2026 05 14 14:35:40.049811,348
,358
,345
,330
,346
,362
,345
,340
,353
,353
,337
,347
,362
,351
2026 05 14 14:35:40.112192,340
,358
,373
,345
,334
,354
,356
,331
,332
,347
,343
,332
,346
,364
2026 05 14 14:35:40.172348,345
,337
,356
,367
,349
,352
,363
,351
,340
,350
,362
,352
,335
,355
2026 05 14 14:35:40.238778,364
,343
,341
,359
,357
,343
,355
,370
,353
,337
,350
,365
,351
,342
2026 05 14 14:35:40.299518,359
,357
,341
,343
,367
,351
,331
,333
,342
,332
,324
,339
,348
,337
2026 05 14 14:35:40.365637,335
,351
,346
,331
,337
,351
,335
,322
,339
,352
,326
,320
,335
,338
2026 05 14 14:35:40.427229,321
,330
,353
,345
,337
,350
,355
,338
,330
,343
,347
,338
,333
,355
2026 05 14 14:35:40.487791,347
,334
,343
,358
,342
,324
,342
,352
,341
,341
,357
,350
,337
,349
2026 05 14 14:35:40.553912,364
,351
,338
,350
,360
,336
,336
,356
,354
,338
,340
,353
,346
,336
2026 05 14 14:35:40.614828,347
,366
,345
,342
,354
,347
,341
,346
,363
,355
,342
,350
,358
,342
2026 05 14 14:35:40.681707,335
,355
,363
,350
,350
,364
,354
,340
,350
,363
,350
,336
,344
,344
2026 05 14 14:35:40.742355,332
,331
,348
,342
,331
,342
,358
,343
,340
,358
,370
,356
,348
,362
2026 05 14 14:35:40.803800,362
,344
,346
,365
,356
,343
,355
,364
,348
,335
,351
,358
,346
,348
2026 05 14 14:35:40.869432,356
,346
,333
,344
,359
,350
,349
,362
,373
,356
,351
,371
,367
,348
2026 05 14 14:35:40.930793,350
,362
,350
,337
,352
,366
,351
,349
,369
,364
,344
,345
,367
,363
2026 05 14 14:35:40.997017,347
,363
,373
,356
,351
,369
,374
,359
,364
,373
,367
,343
,347
,361
2026 05 14 14:35:41.057045,353
,344
,355
,366
,358
,354
,369
,366
,352
,350
,373
,363
,352
,369
2026 05 14 14:35:41.118985,379
,359
,356
,374
,372
,348
,345
,367
,357
,341
,348
,363
,349
,333
2026 05 14 14:35:41.184752,350
,362
,352
,356
,378
,362
,342
,351
,376
,364
,349
,365
,370
,351
2026 05 14 14:35:41.246176,343
,365
,367
,346
,347
,361
,351
,336
,347
,361
,344
,337
,355
,360
2026 05 14 14:35:41.311909,347
,348
,365
,365
,352
,361
,376
,358
,356
,372
,368
,346
,348
,360
2026 05 14 14:35:41.373082,351
,342
,351
,370
,352
,334
,349
,363
,350
,343
,363
,363
,346
,358
2026 05 14 14:35:41.434526,375
,359
,346
,357
,372
,355
,348
,365
,369
,354
,354
,368
,356
,342
2026 05 14 14:35:41.500503,351
,361
,351
,339
,361
,375
,363
,357
,370
,351
,337
,344
,357
,346
2026 05 14 14:35:41.562283,336
,355
,365
,347
,339
,359
,359
,343
,355
,374
,361
,347
,353
,361
2026 05 14 14:35:41.626485,350
,345
,361
,356
,348
,355
,376
,365
,354
,363
,372
,355
,347
,361
2026 05 14 14:35:41.688800,366
,350
,347
,361
,352
,338
,344
,356
,340
,326
,343
,354
,340
,347
2026 05 14 14:35:41.749519,364
,367
,360
,361
,369
,359
,340
,350
,368
,341
,328
,351
,359
,345
2026 05 14 14:35:41.815497,345
,365
,355
,337
,346
,356
,340
,331
,352
,357
,340
,341
,358
,354
2026 05 14 14:35:41.876765,340
,348
,357
,351
,348
,363
,379
,357
,339
,342
,343
,337
,339
,350
2026 05 14 14:35:41.938334,335
,324
,340
,350
,337
,334
,350
,355
,343
,349
,362
,350
,335
,345
2026 05 14 14:35:42.003783,365
,346
,330
,357
,365
,350
,353
,359
,347
,336
,349
,360
,345
,329
2026 05 14 14:35:42.065085,338
,347
,336
,337
,357
,355
,339
,352
,374
,365
,352
,362
,367
,346
2026 05 14 14:35:42.130918,341
,353
,350
,332
,337
,354
,345
,333
,338
,348
,344
,339
,352
,352
2026 05 14 14:35:42.192319,340
,343
,363
,350
,340
,348
,362
,348
,338
,354
,364
,347
,338
,351
2026 05 14 14:35:42.253597,347
,333
,342
,358
,346
,330
,342
,359
,331
,328
,351
,356
,342
,351
2026 05 14 14:35:42.319414,364
,355
,342
,349
,364
,347
,337
,348
,348
,334
,335
,353
,349
,332
2026 05 14 14:35:42.380127,342
,346
,333
,325
,339
,350
,337
,337
,356
,355
,343
,353
,361
,347
2026 05 14 14:35:42.446820,338
,348
,360
,348
,344
,353
,350
,337
,346
,353
,346
,337
,350
,364
2026 05 14 14:35:42.507194,340
,336
,358
,365
,356
,347
,358
,353
,338
,350
,364
,346
,335
,351
2026 05 14 14:35:42.568597,362
,345
,333
,346
,342
,335
,344
,362
,349
,339
,351
,366
,352
,350
2026 05 14 14:35:42.634711,366
,360
,347
,355
,369
,360
,354
,363
,376
,357
,334
,351
,354
,337
2026 05 14 14:35:42.696923,340
,358
,351
,339
,341
,357
,344
,331
,344
,363
,350
,346
,356
,359
2026 05 14 14:35:42.762529,348
,355
,370
,357
,338
,351
,358
,338
,330
,346
,346
,322
,326
,341
2026 05 14 14:35:42.822812,328
,317
,330
,342
,334
,327
,341
,348
,334
,334
,350
,346
,337
,352
2026 05 14 14:35:42.883951,364
,341
,329
,347
,352
,337
,338
,355
,351
,336
,346
,363
,356
,345
2026 05 14 14:35:42.949946,352
,368
,342
,335
,347
,352
,345
,354
,356
,343
,335
,346
,362
,349
2026 05 14 14:35:43.011012,338
,353
,359
,340
,337
,353
,347
,335
,345
,352
,347
,339
,360
,366
2026 05 14 14:35:43.076963,352
,354
,366
,359
,348
,355
,368
,355
,343
,361
,368
,354
,349
,356
2026 05 14 14:35:43.138595,357
,339
,350
,365
,339
,325
,344
,361
,352
,349
,367
,369
,353
,351
2026 05 14 14:35:43.199258,366
,358
,341
,348
,357
,337
,326
,348
,357
,340
,336
,351
,343
,331
2026 05 14 14:35:43.265496,344
,354
,341
,340
,351
,360
,342
,339
,362
,360
,337
,335
,353
,347
2026 05 14 14:35:43.326803,335
,342
,354
,335
,328
,348
,351
,333
,337
,348
,342
,333
,343
,363
2026 05 14 14:35:43.392346,342
,331
,357
,356
,339
,339
,361
,361
,344
,354
,368
,344
,328
,345
2026 05 14 14:35:43.453735,355
,332
,327
,347
,339
,326
,335
,354
,346
,336
,346
,358
,337
,336
2026 05 14 14:35:43.515386,354
,353
,340
,345
,357
,351
,341
,350
,364
,354
,346
,363
,366
,337
2026 05 14 14:35:43.580823,328
,347
,344
,330
,339
,354
,341
,335
,350
,364
,347
,339
,352
,355
2026 05 14 14:35:43.642360,340
,341
,357
,349
,335
,351
,360
,339
,322
,341
,353
,338
,330
,343
2026 05 14 14:35:43.706839,339
,331
,345
,355
,348
,339
,355
,358
,344
,345
,359
,362
,346
,357
2026 05 14 14:35:43.768648,378
,360
,341
,345
,355
,349
,346
,360
,347
,327
,333
,350
,344
,333
2026 05 14 14:35:43.830669,351
,367
,348
,335
,352
,356
,344
,349
,367
,351
,329
,344
,352
,341
2026 05 14 14:35:43.895366,331
,355
,359
,350
,342
,356
,352
,340
,351
,367
,353
,339
,353
,369
2026 05 14 14:35:43.957955,356
,336
,346
,353
,332
,335
,351
,344
,326
,339
,355
,342
,328
,348
2026 05 14 14:35:44.024093,355
,341
,347
,363
,350
,335
,346
,359
,343
,331
,345
,363
,348
,345
2026 05 14 14:35:44.084145,355
,352
,336
,346
,361
,344
,335
,350
,365
,340
,337
,354
,354
,343
2026 05 14 14:35:44.146570,346
,362
,344
,327
,347
,356
,340
,336
,356
,362
,345
,349
,363
,343
2026 05 14 14:35:44.212474,329
,341
,358
,344
,334
,352
,360
,346
,341
,362
,357
,348
,356
,365
2026 05 14 14:35:44.273169,345
,332
,343
,356
,344
,343
,365
,366
,339
,330
,346
,336
,328
,344
2026 05 14 14:35:44.338795,354
,335
,337
,362
,367
,352
,344
,352
,347
,335
,349
,360
,345
,343
2026 05 14 14:35:44.400656,350
,351
,341
,340
,357
,351
,339
,344
,361
,352
,338
,351
,360
,343
2026 05 14 14:35:44.461134,334
,355
,354
,341
,348
,364
,353
,341
,354
,366
,353
,344
,360
,366
2026 05 14 14:35:44.526217,342
,342
,363
,349
,326
,338
,356
,342
,332
,350
,360
,348
,352
,371
2026 05 14 14:35:44.587915,366
,350
,361
,373
,361
,346
,363
,368
,357
,355
,363
,348
,333
,346
2026 05 14 14:35:44.653847,353
,338
,322
,334
,354
,340
,339
,360
,363
,351
,358
,375
,366
,353
2026 05 14 14:35:44.715460,363
,369
,348
,330
,350
,361
,348
,345
,348
,347
,336
,331
,348
,345
2026 05 14 14:35:44.777047,335
,351
,358
,339
,338
,365
,362
,342
,352
,371
,361
,348
,364
,370
2026 05 14 14:35:44.841524,350
,349
,354
,350
,332
,330
,349
,346
,333
,346
,368
,353
,344
,360
2026 05 14 14:35:44.903855,364
,351
,352
,366
,359
,342
,356
,368
,348
,340
,358
,368
,348
,337
2026 05 14 14:35:44.969250,345
,348
,335
,342
,357
,347
,333
,343
,360
,349
,351
,362
,363
,347
2026 05 14 14:35:45.031480,349
,356
,351
,335
,340
,361
,352
,334
,344
,349
,338
,337
,352
,350
2026 05 14 14:35:45.093529,337
,347
,363
,351
,342
,355
,372
,358
,359
,370
,359
,336
,341
,353
2026 05 14 14:35:45.156878,353
,338
,352
,359
,340
,337
,353
,350
,331
,337
,358
,356
,337
,345
2026 05 14 14:35:45.219315,355
,338
,333
,351
,366
,352
,345
,349
,347
,342
,360
,377
,362
,347
2026 05 14 14:35:45.284537,356
,353
,338
,332
,348
,349
,334
,339
,359
,351
,343
,357
,373
,362
2026 05 14 14:35:45.346195,349
,362
,362
,353
,359
,378
,371
,346
,355
,365
,338
,323
,342
,354
2026 05 14 14:35:45.407814,336
,337
,352
,350
,339
,348
,366
,355
,351
,369
,376
,364
,360
,373
2026 05 14 14:35:45.473576,366
,341
,356
,369
,363
,332
,338
,357
,343
,338
,358
,361
,347
,349
2026 05 14 14:35:45.534648,365
,360
,347
,357
,370
,361
,348
,364
,362
,343
,347
,365
,352
,333
2026 05 14 14:35:45.600589,339
,350
,336
,327
,344
,353
,341
,336
,353
,352
,340
,354
,371
,359
2026 05 14 14:35:45.661565,344
,359
,370
,349
,343
,368
,367
,343
,346
,372
,360
,333
,341
,354
2026 05 14 14:35:45.722306,337
,331
,343
,348
,336
,337
,351
,352
,343
,357
,369
,355
,342
,354
2026 05 14 14:35:45.787881,358
,348
,341
,361
,358
,354
,361
,383
,358
,330
,345
,361
,348
,345
2026 05 14 14:35:45.850019,365
,366
,351
,354
,370
,354
,340
,353
,371
,351
,342
,371
,378
,355
2026 05 14 14:35:45.910900,358
,367
,358
,346
,357
,370
,358
,341
,359
,372
,352
,336
,351
,344
2026 05 14 14:35:45.976054,324
,336
,355
,339
,335
,347
,352
,343
,337
,349
,350
,336
,339
,353
2026 05 14 14:35:46.038386,334
,319
,339
,355
,340
,332
,348
,352
,339
,344
,355
,348
,332
,340
2026 05 14 14:35:46.102803,352
,338
,326
,337
,348
,331
,329
,336
,326
,315
,323
,344
,339
,326
2026 05 14 14:35:46.165759,337
,329
,312
,320
,344
,339
,326
,333
,349
,342
,329
,336
,351
,342
2026 05 14 14:35:46.226747,337
,354
,357
,337
,336
,350
,347
,339
,348
,361
,356
,342
,355
,358
2026 05 14 14:35:46.292226,349
,352
,371
,364
,340
,351
,360
,343
,329
,344
,361
,341
,338
,357
2026 05 14 14:35:46.353014,369
,353
,355
,369
,360
,351
,364
,375
,357
,349
,361
,365
,352
,350
2026 05 14 14:35:46.419215,369
,354
,343
,344
,349
,345
,331
,348
,368
,356
,351
,368
,360
,339
2026 05 14 14:35:46.481054,341
,360
,350
,339
,354
,364
,344
,334
,353
,363
,353
,363
,363
,340
2026 05 14 14:35:46.541368,335
,350
,348
,333
,333
,351
,359
,345
,343
,360
,349
,332
,346
,360
2026 05 14 14:35:46.607780,344
,327
,345
,353
,340
,342
,361
,366
,346
,349
,370
,355
,346
,363
2026 05 14 14:35:46.668292,370
,352
,348
,359
,363
,348
,350
,363
,351
,330
,346
,358
,343
,342
2026 05 14 14:35:46.735016,354
,363
,353
,359
,369
,362
,357
,365
,373
,359
,345
,367
,370
,351
2026 05 14 14:35:46.796625,349
,355
,351
,345
,353
,362
,346
,338
,352
,358
,341
,337
,355
,354
2026 05 14 14:35:46.857569,343
,350
,372
,360
,350
,367
,385
,369
,353
,364
,366
,352
,345
,361
2026 05 14 14:35:46.922495,354
,349
,358
,366
,352
,339
,356
,367
,353
,353
,370
,365
,359
,365
2026 05 14 14:35:46.983585,374
,362
,355
,367
,374
,358
,352
,362
,357
,346
,355
,370
,361
,349
2026 05 14 14:35:47.050014,356
,363
,347
,349
,372
,373
,347
,346
,366
,351
,332
,350
,361
,341
2026 05 14 14:35:47.111097,337
,359
,362
,349
,351
,364
,356
,342
,344
,354
,346
,338
,354
,360
2026 05 14 14:35:47.172875,347
,343
,359
,352
,347
,354
,368
,356
,350
,365
,375
,355
,352
,363
2026 05 14 14:35:47.238101,361
,350
,356
,372
,361
,347
,359
,369
,351
,343
,358
,364
,351
,352
2026 05 14 14:35:47.299838,365
,358
,347
,353
,367
,355
,349
,358
,370
,354
,350
,364
,358
,338
2026 05 14 14:35:47.365418,338
,350
,342
,333
,342
,349
,336
,335
,359
,358
,344
,356
,364
,349
2026 05 14 14:35:47.426364,338
,333
,345
,339
,337
,350
,358
,344
,347
,367
,358
,340
,350
,364
2026 05 14 14:35:47.487595,350
,343
,361
,367
,352
,348
,361
,362
,348
,356
,367
,355
,341
,351
2026 05 14 14:35:47.553626,362
,350
,348
,360
,360
,351
,357
,372
,363
,353
,365
,375
,357
,346
2026 05 14 14:35:47.614387,360
,362
,349
,350
,364
,357
,345
,356
,374
,361
,351
,364
,369
,352
2026 05 14 14:35:47.681346,350
,368
,364
,346
,350
,363
,347
,345
,363
,371
,355
,352
,366
,365
2026 05 14 14:35:47.743544,349
,356
,369
,355
,343
,359
,366
,355
,351
,366
,368
,350
,354
,366
2026 05 14 14:35:47.803501,358
,347
,359
,368
,352
,342
,357
,361
,347
,347
,360
,355
,342
,352
2026 05 14 14:35:47.869231,365
,354
,342
,350
,361
,349
,347
,366
,363
,350
,358
,371
,357
,349
2026 05 14 14:35:47.930674,357
,367
,350
,345
,357
,364
,347
,352
,371
,364
,349
,352
,365
,353
2026 05 14 14:35:47.996154,345
,360
,365
,354
,355
,370
,367
,343
,347
,364
,348
,340
,351
,358
2026 05 14 14:35:48.057456,347
,346
,356
,356
,346
,353
,370
,357
,346
,359
,367
,351
,346
,366
2026 05 14 14:35:48.118573,370
,354
,358
,369
,360
,352
,361
,370
,351
,342
,353
,361
,347
,350
2026 05 14 14:35:48.183622,363
,357
,345
,353
,365
,353
,350
,360
,365
,352
,345
,363
,361
,347
2026 05 14 14:35:48.245599,352
,370
,349
,342
,354
,361
,345
,339
,356
,357
,338
,343
,354
,347
2026 05 14 14:35:48.311210,339
,352
,367
,350
,339
,357
,363
,346
,348
,368
,367
,352
,355
,365
2026 05 14 14:35:48.372369,344
,332
,347
,350
,337
,337
,352
,354
,342
,347
,360
,347
,340
,347
2026 05 14 14:35:48.434266,356
,342
,340
,369
,374
,369
,377
,376
,360
,338
,341
,346
,332
,325
2026 05 14 14:35:48.500556,343
,350
,336
,337
,352
,348
,335
,349
,360
,346
,337
,356
,364
,351
2026 05 14 14:35:48.560924,352
,369
,357
,339
,349
,360
,348
,338
,352
,363
,354
,348
,360
,363
2026 05 14 14:35:48.626920,348
,346
,355
,335
,319
,334
,357
,341
,337
,352
,360
,342
,345
,362
2026 05 14 14:35:48.688625,353
,345
,352
,361
,341
,330
,346
,353
,337
,337
,355
,353
,338
,339
2026 05 14 14:35:48.749402,356
,349
,334
,346
,359
,345
,339
,356
,352
,340
,343
,361
,350
,334
2026 05 14 14:35:48.815518,343
,361
,352
,345
,352
,350
,340
,344
,361
,351
,337
,345
,357
,347
2026 05 14 14:35:48.876142,339
,355
,362
,343
,340
,353
,348
,337
,342
,352
,338
,328
,347
,357
2026 05 14 14:35:48.941542,346
,343
,351
,340
,326
,333
,356
,354
,348
,360
,374
,354
,342
,352
2026 05 14 14:35:49.003839,358
,343
,338
,350
,342
,327
,339
,355
,342
,332
,348
,353
,342
,331
2026 05 14 14:35:49.065196,349
,345
,336
,347
,361
,341
,339
,355
,363
,341
,335
,352
,351
,338
2026 05 14 14:35:49.130935,344
,358
,349
,333
,343
,352
,339
,333
,350
,356
,340
,347
,363
,354
2026 05 14 14:35:49.192262,337
,346
,356
,341
,330
,350
,358
,348
,341
,349
,347
,335
,343
,355
2026 05 14 14:35:49.257592,342
,338
,355
,368
,352
,349
,363
,348
,327
,339
,354
,342
,332
,340
2026 05 14 14:35:49.319760,350
,347
,340
,353
,356
,343
,343
,356
,350
,338
,351
,360
,346
,338
2026 05 14 14:35:49.381326,355
,356
,342
,344
,357
,354
,340
,342
,357
,350
,331
,343
,372
,360
2026 05 14 14:35:49.445540,352
,369
,369
,352
,343
,344
,338
,330
,342
,353
,344
,341
,354
,357
2026 05 14 14:35:49.507673,344
,341
,356
,350
,335
,348
,360
,343
,332
,351
,358
,342
,345
,359
2026 05 14 14:35:49.572890,356
,346
,355
,364
,350
,342
,357
,364
,346
,339
,355
,352
,334
,342
2026 05 14 14:35:49.634574,354
,341
,332
,345
,355
,333
,327
,345
,344
,330
,335
,349
,350
,334
2026 05 14 14:35:49.695751,343
,354
,348
,339
,352
,358
,342
,340
,356
,350
,335
,345
,357
,346
2026 05 14 14:35:49.760555,328
,340
,354
,338
,334
,351
,356
,347
,354
,368
,346
,336
,357
,362
2026 05 14 14:35:49.823913,340
,340
,353
,352
,336
,337
,353
,347
,334
,342
,355
,346
,340
,353
2026 05 14 14:35:49.883540,359
,346
,348
,364
,363
,351
,355
,369
,355
,343
,359
,362
,348
,339
2026 05 14 14:35:49.949931,355
,363
,347
,350
,364
,354
,349
,363
,377
,353
,342
,353
,352
,340
2026 05 14 14:35:50.010790,344
,358
,352
,338
,347
,361
,348
,340
,353
,360
,351
,353
,377
,369
2026 05 14 14:35:50.076300,347
,353
,362
,346
,340
,353
,359
,342
,336
,349
,347
,336
,343
,362
2026 05 14 14:35:50.137602,350
,334
,350
,360
,348
,344
,351
,353
,341
,345
,362
,351
,339
,352
2026 05 14 14:35:50.199704,363
,349
,330
,340
,344
,333
,340
,357
,354
,341
,350
,360
,348
,340
2026 05 14 14:35:50.265039,358
,366
,352
,354
,368
,356
,346
,348
,358
,345
,335
,348
,360
,343
2026 05 14 14:35:50.326105,339
,354
,351
,334
,340
,354
,352
,340
,352
,366
,350
,341
,359
,368
2026 05 14 14:35:50.391088,349
,352
,365
,354
,342
,352
,361
,342
,329
,345
,356
,346
,342
,346
2026 05 14 14:35:50.453604,350
,341
,346
,366
,355
,345
,353
,360
,349
,340
,351
,353
,337
,340
2026 05 14 14:35:50.514368,350
,335
,326
,334
,347
,335
,327
,339
,343
,332
,338
,354
,349
,334
2026 05 14 14:35:50.580882,342
,355
,335
,333
,347
,354
,340
,343
,357
,354
,339
,347
,363
,354
2026 05 14 14:35:50.641050,341
,353
,362
,347
,343
,355
,361
,348
,351
,366
,353
,337
,353
,368
2026 05 14 14:35:50.707775,350
,341
,360
,363
,344
,346
,359
,359
,344
,353
,368
,355
,339
,352
2026 05 14 14:35:50.769284,356
,343
,345
,359
,356
,338
,345
,359
,344
,335
,350
,360
,347
,343
2026 05 14 14:35:50.829762,357
,358
,347
,352
,364
,355
,350
,363
,371
,357
,348
,362
,361
,348
2026 05 14 14:35:50.896283,353
,365
,351
,338
,345
,352
,339
,333
,348
,362
,351
,350
,363
,356
2026 05 14 14:35:50.957756,345
,352
,364
,351
,337
,353
,362
,344
,340
,351
,352
,340
,338
,355
2026 05 14 14:35:51.023910,345
,331
,343
,362
,351
,347
,356
,358
,348
,344
,353
,343
,329
,344
2026 05 14 14:35:51.084171,360
,346
,335
,347
,358
,343
,342
,356
,353
,339
,342
,356
,344
,333
2026 05 14 14:35:51.145554,347
,361
,345
,340
,352
,354
,343
,350
,363
,352
,335
,343
,359
,340
2026 05 14 14:35:51.211914,333
,352
,351
,339
,341
,353
,347
,335
,343
,358
,349
,342
,353
,356
2026 05 14 14:35:51.272333,340
,337
,355
,346
,329
,334
,344
,339
,333
,346
,358
,343
,336
,350
2026 05 14 14:35:51.338779,350
,335
,336
,352
,345
,336
,351
,360
,344
,338
,352
,351
,340
,341
2026 05 14 14:35:51.400920,355
,347
,337
,345
,359
,342
,333
,349
,356
,339
,341
,351
,350
,345
2026 05 14 14:35:51.461195,348
,358
,345
,335
,348
,358
,343
,339
,353
,350
,337
,343
,357
,351
2026 05 14 14:35:51.526954,337
,349
,365
,348
,343
,358
,365
,354
,353
,366
,361
,350
,359
,365
2026 05 14 14:35:51.587432,349
,338
,350
,354
,337
,339
,355
,348
,336
,348
,365
,353
,345
,357
2026 05 14 14:35:51.653380,367
,359
,353
,365
,360
,346
,355
,370
,358
,350
,367
,367
,349
,341
2026 05 14 14:35:51.715108,343
,348
,334
,338
,357
,350
,335
,345
,364
,355
,345
,359
,369
,351
2026 05 14 14:35:51.775872,348
,366
,364
,351
,353
,361
,346
,334
,351
,358
,347
,338
,351
,351
2026 05 14 14:35:51.840981,341
,350
,362
,352
,344
,359
,368
,350
,345
,361
,358
,340
,345
,355
2026 05 14 14:35:51.903583,340
,329
,347
,366
,352
,337
,348
,361
,349
,348
,365
,358
,345
,352
2026 05 14 14:35:51.969304,366
,346
,344
,362
,373
,361
,348
,358
,356
,331
,334
,352
,345
,335
2026 05 14 14:35:52.029863,351
,362
,351
,346
,356
,364
,347
,350
,367
,363
,347
,352
,367
,358
2026 05 14 14:35:52.091377,344
,358
,355
,344
,350
,369
,361
,346
,351
,364
,359
,349
,364
,368
2026 05 14 14:35:52.157707,353
,352
,366
,366
,350
,345
,358
,351
,341
,352
,362
,346
,336
,354
2026 05 14 14:35:52.218517,357
,344
,343
,362
,357
,341
,356
,366
,353
,350
,368
,369
,349
,344
2026 05 14 14:35:52.284139,360
,354
,342
,348
,362
,348
,340
,357
,365
,350
,344
,356
,355
,340
2026 05 14 14:35:52.345161,351
,362
,353
,348
,359
,365
,351
,351
,365
,364
,352
,353
,363
,349
2026 05 14 14:35:52.407534,337
,349
,364
,352
,343
,359
,361
,350
,352
,370
,371
,352
,361
,370
2026 05 14 14:35:52.473371,352
,347
,360
,365
,351
,352
,364
,355
,338
,344
,363
,354
,340
,352
2026 05 14 14:35:52.534455,368
,356
,345
,363
,364
,353
,356
,369
,359
,344
,356
,370
,356
,345
2026 05 14 14:35:52.600444,357
,357
,334
,341
,357
,348
,338
,347
,360
,345
,345
,359
,359
,345
2026 05 14 14:35:52.660470,349
,366
,363
,346
,353
,368
,359
,348
,356
,360
,346
,341
,358
,357
2026 05 14 14:35:52.722536,338
,340
,352
,357
,351
,359
,366
,359
,358
,370
,373
,357
,356
,369
2026 05 14 14:35:52.788773,359
,346
,352
,366
,352
,340
,353
,360
,346
,341
,356
,353
,341
,350
2026 05 14 14:35:52.850526,369
,354
,344
,355
,373
,350
,353
,360
,358
,344
,348
,365
,353
,339
2026 05 14 14:35:52.915237,348
,361
,352
,344
,357
,359
,341
,340
,360
,355
,344
,346
,361
,354
2026 05 14 14:35:52.976713,348
,363
,375
,360
,342
,356
,349
,331
,338
,356
,347
,336
,347
,353
2026 05 14 14:35:53.038139,341
,339
,352
,352
,344
,348
,356
,345
,332
,342
,348
,339
,333
,343
2026 05 14 14:35:53.103598,346
,329
,334
,346
,342
,329
,337
,346
,327
,324
,340
,352
,339
,342
2026 05 14 14:35:53.165482,357
,345
,330
,337
,346
,336
,328
,347
,357
,345
,346
,351
,346
,328
2026 05 14 14:35:53.230637,338
,349
,340
,331
,344
,357
,342
,340
,354
,350
,336
,336
,350
,350
2026 05 14 14:35:53.290875,347
,352
,367
,355
,343
,353
,363
,350
,347
,364
,361
,349
,354
,367
2026 05 14 14:35:53.352962,351
,343
,357
,366
,347
,345
,356
,353
,346
,349
,364
,354
,341
,349
2026 05 14 14:35:53.419118,363
,350
,342
,356
,356
,343
,343
,360
,352
,341
,351
,362
,346
,335
2026 05 14 14:35:53.480678,353
,356
,340
,334
,347
,346
,338
,348
,361
,349
,338
,347
,357
,345
2026 05 14 14:35:53.545321,345
,359
,358
,345
,351
,365
,357
,341
,352
,357
,342
,335
,354
,359
2026 05 14 14:35:53.607631,340
,342
,358
,354
,340
,350
,363
,356
,344
,356
,356
,341
,344
,361
2026 05 14 14:35:53.668642,355
,340
,346
,358
,346
,337
,349
,355
,341
,340
,353
,356
,344
,350
2026 05 14 14:35:53.734136,359
,351
,337
,350
,362
,351
,342
,358
,366
,350
,352
,367
,362
,341
2026 05 14 14:35:53.796186,349
,357
,346
,337
,348
,352
,341
,337
,355
,353
,344
,352
,368
,354
2026 05 14 14:35:53.857401,342
,356
,361
,344
,341
,358
,356
,342
,347
,361
,349
,343
,359
,360
2026 05 14 14:35:53.922498,347
,345
,355
,357
,342
,342
,355
,351
,344
,360
,374
,359
,353
,363
2026 05 14 14:35:53.983889,369
,355
,356
,363
,356
,340
,346
,361
,349
,341
,355
,359
,345
,344
2026 05 14 14:35:54.050071,361
,366
,345
,351
,363
,354
,340
,353
,364
,351
,344
,352
,355
,341
2026 05 14 14:35:54.111359,347
,357
,360
,344
,349
,363
,349
,339
,352
,359
,347
,350
,366
,363
2026 05 14 14:35:54.172633,343
,352
,362
,356
,345
,352
,367
,348
,342
,356
,349
,332
,334
,347
2026 05 14 14:35:54.238337,341
,331
,347
,363
,348
,341
,356
,359
,344
,343
,360
,351
,343
,353
2026 05 14 14:35:54.299405,366
,347
,334
,342
,348
,341
,341
,349
,345
,328
,338
,352
,346
,342
2026 05 14 14:35:54.365223,354
,365
,340
,331
,353
,351
,336
,346
,361
,345
,334
,352
,367
,348
2026 05 14 14:35:54.426140,343
,357
,361
,342
,339
,357
,352
,342
,353
,365
,352
,342
,357
,362
2026 05 14 14:35:54.488874,348
,352
,365
,356
,339
,343
,357
,342
,337
,359
,370
,354
,345
,356
2026 05 14 14:35:54.553649,354
,345
,344
,360
,351
,339
,351
,360
,347
,341
,355
,358
,346
,349
2026 05 14 14:35:54.614210,363
,354
,338
,347
,361
,349
,340
,356
,366
,350
,347
,363
,362
,349
2026 05 14 14:35:54.679839,357
,373
,357
,348
,357
,359
,345
,345
,360
,358
,345
,357
,375
,362
2026 05 14 14:35:54.742116,341
,359
,371
,358
,351
,365
,366
,352
,356
,365
,357
,340
,345
,351
2026 05 14 14:35:54.803445,342
,340
,357
,364
,349
,348
,360
,359
,351
,360
,370
,363
,351
,361
2026 05 14 14:35:54.868653,364
,352
,345
,357
,352
,335
,339
,354
,346
,337
,353
,369
,355
,345
2026 05 14 14:35:54.930253,360
,367
,352
,355
,364
,355
,348
,360
,367
,361
,350
,361
,366
,343
2026 05 14 14:35:54.995925,337
,354
,347
,332
,342
,361
,347
,337
,356
,366
,356
,354
,369
,366
2026 05 14 14:35:55.057417,345
,344
,360
,355
,342
,355
,362
,345
,338
,350
,353
,335
,348
,360
2026 05 14 14:35:55.118558,352
,337
,349
,364
,350
,342
,361
,364
,345
,348
,362
,353
,339
,347
2026 05 14 14:35:55.184392,361
,346
,341
,354
,358
,343
,337
,352
,353
,341
,353
,368
,352
,339
2026 05 14 14:35:55.245475,357
,362
,351
,345
,358
,356
,341
,347
,360
,348
,338
,348
,359
,347
2026 05 14 14:35:55.311549,343
,351
,357
,344
,347
,364
,356
,344
,351
,363
,346
,337
,355
,363
2026 05 14 14:35:55.372973,346
,342
,356
,348
,330
,342
,362
,350
,338
,352
,361
,349
,344
,357
2026 05 14 14:35:55.433772,352
,347
,357
,371
,357
,343
,352
,368
,350
,343
,354
,351
,343
,337
2026 05 14 14:35:55.499856,352
,347
,341
,348
,359
,352
,336
,354
,366
,355
,349
,364
,358
,346
2026 05 14 14:35:55.561094,355
,368
,354
,340
,351
,359
,343
,338
,354
,352
,335
,342
,357
,347
2026 05 14 14:35:55.626669,336
,356
,367
,358
,355
,369
,372
,354
,352
,365
,357
,342
,350
,356
2026 05 14 14:35:55.688246,344
,334
,349
,361
,346
,345
,362
,359
,344
,353
,363
,348
,340
,359
2026 05 14 14:35:55.749269,361
,345
,340
,361
,357
,352
,349
,355
,353
,336
,346
,355
,343
,336
2026 05 14 14:35:55.815330,350
,355
,339
,339
,361
,353
,341
,362
,387
,378
,367
,378
,386
,369
2026 05 14 14:35:55.876689,363
,378
,377
,358
,363
,377
,360
,349
,370
,375
,360
,355
,366
,364
2026 05 14 14:35:55.940911,352
,355
,366
,360
,352
,367
,379
,360
,355
,374
,374
,359
,360
,374
2026 05 14 14:35:56.003763,360
,351
,362
,375
,358
,340
,350
,360
,353
,353
,370
,364
,350
,359
2026 05 14 14:35:56.064685,376
,361
,348
,360
,368
,360
,357
,370
,369
,357
,356
,373
,358
,347
2026 05 14 14:35:56.130856,366
,379
,358
,349
,357
,358
,346
,349
,365
,358
,348
,357
,370
,358
2026 05 14 14:35:56.190961,349
,364
,367
,354
,355
,369
,361
,346
,353
,367
,351
,343
,358
,369
2026 05 14 14:35:56.257385,354
,343
,365
,362
,349
,347
,357
,349
,343
,356
,367
,355
,344
,345
2026 05 14 14:35:56.318594,348
,335
,339
,350
,344
,333
,344
,354
,337
,326
,344
,352
,338
,342
2026 05 14 14:35:56.379864,352
,347
,333
,347
,370
,349
,339
,354
,362
,346
,344
,355
,356
,341
2026 05 14 14:35:56.445818,352
,363
,355
,344
,364
,366
,348
,342
,354
,361
,348
,349
,362
,352
2026 05 14 14:35:56.507223,334
,345
,361
,345
,335
,355
,365
,350
,347
,360
,352
,336
,350
,367
2026 05 14 14:35:56.573198,357
,356
,368
,367
,352
,349
,363
,362
,345
,351
,370
,361
,348
,366
2026 05 14 14:35:56.634146,378
,359
,353
,378
,380
,353
,352
,365
,352
,344
,362
,376
,360
,353
2026 05 14 14:35:56.695783,364
,367
,353
,345
,358
,358
,350
,360
,365
,352
,344
,354
,362
,352
2026 05 14 14:35:56.761345,343
,359
,368
,353
,350
,367
,350
,334
,351
,361
,349
,343
,357
,357
2026 05 14 14:35:56.822766,339
,348
,361
,349
,336
,347
,360
,348
,346
,357
,364
,346
,337
,355
2026 05 14 14:35:56.888176,354
,337
,344
,359
,348
,341
,350
,348
,339
,336
,339
,334
,333
,343
2026 05 14 14:35:56.949458,356
,346
,331
,347
,355
,332
,328
,347
,351
,339
,340
,354
,344
,328
2026 05 14 14:35:57.010740,344
,355
,335
,320
,334
,340
,331
,333
,346
,339
,335
,348
,357
,341
2026 05 14 14:35:57.076830,338
,344
,350
,337
,336
,350
,343
,338
,346
,359
,346
,337
,342
,350
2026 05 14 14:35:57.138473,333
,327
,342
,347
,331
,333
,344
,337
,334
,347
,357
,341
,331
,351
2026 05 14 14:35:57.203392,366
,357
,363
,383
,352
,321
,323
,341
,330
,320
,333
,344
,332
,332
2026 05 14 14:35:57.265402,343
,342
,335
,341
,352
,340
,330
,342
,358
,348
,352
,364
,362
,338
2026 05 14 14:35:57.325882,323
,333
,334
,331
,346
,354
,338
,337
,358
,362
,341
,341
,350
,345
2026 05 14 14:35:57.391919,333
,342
,361
,346
,340
,359
,369
,351
,343
,356
,351
,336
,352
,373
2026 05 14 14:35:57.453189,347
,329
,342
,354
,341
,338
,352
,353
,344
,345
,361
,363
,346
,359
2026 05 14 14:35:57.519174,370
,358
,350
,357
,360
,349
,351
,362
,346
,337
,351
,363
,343
,339
2026 05 14 14:35:57.580809,352
,360
,350
,343
,359
,356
,343
,349
,366
,351
,345
,364
,371
,356
2026 05 14 14:35:57.640842,348
,369
,375
,346
,345
,360
,350
,340
,358
,372
,350
,345
,361
,366
2026 05 14 14:35:57.707702,348
,348
,367
,361
,351
,351
,359
,348
,340
,355
,360
,348
,339
,352
2026 05 14 14:35:57.769363,346
,333
,342
,361
,361
,355
,376
,368
,343
,335
,353
,350
,338
,344
2026 05 14 14:35:57.834142,355
,341
,332
,344
,350
,334
,336
,358
,364
,351
,348
,359
,354
,340
2026 05 14 14:35:57.896197,346
,370
,357
,346
,355
,360
,350
,346
,362
,360
,342
,340
,363
,354
2026 05 14 14:35:57.956589,346
,361
,370
,349
,338
,353
,355
,342
,349
,355
,340
,332
,344
,357
2026 05 14 14:35:58.023067,345
,338
,350
,353
,343
,349
,362
,353
,344
,349
,360
,339
,327
,345
2026 05 14 14:35:58.083587,350
,338
,345
,368
,356
,339
,347
,355
,341
,335
,350
,364
,350
,345
2026 05 14 14:35:58.144925,361
,355
,338
,342
,360
,348
,335
,344
,357
,350
,351
,357
,349
,334
2026 05 14 14:35:58.210481,341
,355
,353
,344
,354
,371
,358
,347
,363
,367
,348
,345
,361
,361
2026 05 14 14:35:58.272690,344
,348
,364
,352
,343
,359
,365
,345
,341
,362
,358
,341
,346
,359
2026 05 14 14:35:58.337404,348
,339
,346
,360
,353
,329
,338
,340
,327
,334
,353
,345
,327
,336
2026 05 14 14:35:58.399953,355
,342
,333
,350
,353
,334
,332
,355
,347
,327
,335
,352
,337
,327
2026 05 14 14:35:58.460894,341
,351
,335
,331
,350
,355
,342
,348
,368
,361
,343
,355
,351
,335
2026 05 14 14:35:58.526685,333
,348
,353
,338
,343
,359
,356
,333
,343
,352
,345
,339
,354
,359
2026 05 14 14:35:58.587976,343
,344
,355
,350
,337
,345
,355
,343
,342
,357
,365
,347
,348
,371
2026 05 14 14:35:58.653173,358
,317
,329
,345
,334
,325
,351
,365
,347
,343
,355
,359
,346
,350
2026 05 14 14:35:58.714510,364
,350
,340
,356
,365
,350
,342
,361
,362
,347
,349
,365
,359
,348
2026 05 14 14:35:58.776331,347
,365
,349
,340
,359
,363
,347
,348
,362
,355
,342
,351
,367
,356
2026 05 14 14:35:58.841927,349
,359
,370
,351
,342
,355
,358
,346
,351
,367
,352
,341
,354
,369
2026 05 14 14:35:58.903527,355
,347
,355
,356
,337
,337
,363
,364
,350
,359
,379
,373
,362
,369
2026 05 14 14:35:58.969508,356
,334
,340
,358
,357
,340
,341
,356
,347
,339
,352
,362
,348
,344
2026 05 14 14:35:59.030010,359
,360
,346
,358
,381
,356
,335
,348
,361
,341
,329
,348
,355
,338
2026 05 14 14:35:59.091089,339
,351
,352
,339
,346
,358
,340
,329
,343
,347
,341
,342
,358
,348
2026 05 14 14:35:59.157298,337
,361
,377
,357
,350
,367
,377
,357
,348
,365
,364
,352
,362
,384
2026 05 14 14:35:59.219007,374
,365
,368
,377
,354
,336
,343
,348
,341
,347
,366
,357
,343
,344
2026 05 14 14:35:59.284150,358
,350
,340
,353
,346
,334
,339
,361
,348
,329
,338
,353
,343
,335
2026 05 14 14:35:59.345797,357
,366
,354
,343
,361
,364
,352
,363
,379
,366
,349
,359
,363
,332
2026 05 14 14:35:59.406658,322
,342
,343
,340
,351
,368
,362
,346
,354
,370
,358
,358
,368
,356
2026 05 14 14:35:59.472890,343
,333
,350
,352
,342
,344
,363
,353
,344
,358
,368
,353
,348
,360
2026 05 14 14:35:59.533749,356
,343
,350
,367
,356
,345
,360
,370
,358
,343
,360
,367
,358
,357
2026 05 14 14:35:59.599949,362
,353
,340
,348
,362
,350
,341
,358
,369
,349
,347
,362
,349
,336
2026 05 14 14:35:59.660338,352
,379
,372
,361
,356
,363
,350
,357
,361
,353
,336
,342
,356
,345
2026 05 14 14:35:59.722197,330
,338
,354
,338
,335
,361
,360
,348
,342
,344
,344
,334
,350
,361
2026 05 14 14:35:59.788208,336
,330
,349
,352
,335
,334
,350
,344
,330
,335
,356
,347
,337
,356
2026 05 14 14:35:59.849491,364
,345
,340
,350
,342
,331
,343
,360
,342
,327
,342
,353
,345
,338
2026 05 14 14:35:59.915210,354
,345
,338
,347
,370
,358
,335
,348
,364
,348
,342
,358
,364
,349
2026 05 14 14:35:59.975839,348
,363
,351
,348
,358
,372
,357
,350
,365
,370
,357
,356
,370
,364
2026 05 14 14:36:00.037793,354
,365
,382
,360
,339
,349
,357
,336
,334
,353
,363
,353
,358
,373
2026 05 14 14:36:00.103196,361
,349
,367
,382
,368
,352
,361
,367
,355
,352
,364
,346
,332
,346
2026 05 14 14:36:00.164419,359
,357
,346
,368
,380
,362
,361
,362
,361
,344
,355
,369
,353
,329
2026 05 14 14:36:00.230818,353
,362
,342
,334
,351
,358
,347
,355
,369
,360
,346
,358
,371
,354
2026 05 14 14:36:00.290893,341
,359
,376
,354
,360
,368
,345
,331
,341
,357
,344
,341
,353
,361
2026 05 14 14:36:00.353468,348
,349
,362
,354
,337
,345
,363
,360
,347
,359
,360
,344
,353
,376
2026 05 14 14:36:00.417959,365
,336
,339
,360
,355
,341
,352
,360
,353
,345
,356
,357
,346
,353
2026 05 14 14:36:00.479740,369
,359
,353
,362
,380
,357
,347
,362
,358
,342
,340
,352
,347
,333
2026 05 14 14:36:00.546420,341
,359
,346
,343
,355
,354
,336
,334
,353
,354
,341
,348
,369
,357
2026 05 14 14:36:00.607120,342
,344
,357
,342
,335
,354
,359
,342
,339
,351
,342
,331
,347
,357
2026 05 14 14:36:00.668500,347
,347
,371
,372
,339
,337
,358
,349
,339
,346
,364
,348
,338
,349
2026 05 14 14:36:00.733657,355
,342
,342
,363
,361
,349
,352
,366
,355
,344
,364
,369
,343
,339
2026 05 14 14:36:00.795202,353
,351
,340
,342
,366
,356
,342
,350
,364
,355
,349
,368
,373
,356
2026 05 14 14:36:00.860570,356
,362
,345
,337
,351
,366
,352
,337
,356
,368
,356
,355
,367
,361
2026 05 14 14:36:00.922485,353
,356
,368
,359
,344
,357
,369
,351
,352
,369
,371
,345
,333
,344
2026 05 14 14:36:00.984790,337
,333
,349
,368
,361
,350
,357
,363
,350
,347
,358
,352
,339
,348
2026 05 14 14:36:01.049547,367
,364
,363
,366
,355
,326
,329
,349
,351
,344
,356
,374
,363
,347
2026 05 14 14:36:01.111255,364
,373
,353
,346
,355
,356
,345
,350
,366
,360
,339
,348
,364
,355
2026 05 14 14:36:01.175841,347
,363
,363
,346
,352
,367
,350
,330
,341
,357
,346
,336
,349
,356
2026 05 14 14:36:01.238048,343
,333
,345
,347
,338
,341
,358
,354
,348
,362
,367
,352
,346
,358
2026 05 14 14:36:01.299413,352
,329
,342
,360
,357
,330
,339
,356
,347
,337
,357
,367
,356
,348
2026 05 14 14:36:01.364460,352
,350
,329
,342
,354
,338
,330
,346
,349
,335
,334
,352
,354
,341
2026 05 14 14:36:01.425826,353
,371
,358
,352
,371
,374
,349
,346
,366
,355
,329
,335
,351
,345
2026 05 14 14:36:01.492611,334
,344
,364
,353
,348
,367
,367
,350
,348
,363
,352
,340
,356
,369
2026 05 14 14:36:01.553181,353
,334
,347
,366
,357
,362
,371
,359
,338
,347
,362
,347
,338
,349
2026 05 14 14:36:01.614165,358
,338
,334
,352
,354
,339
,343
,356
,346
,339
,355
,371
,354
,341
2026 05 14 14:36:01.680263,363
,368
,346
,348
,361
,360
,352
,362
,363
,335
,327
,342
,348
,334
2026 05 14 14:36:01.741399,338
,358
,360
,345
,356
,373
,361
,345
,361
,375
,348
,341
,351
,343
2026 05 14 14:36:01.806646,328
,326
,340
,331
,322
,337
,356
,344
,342
,361
,372
,360
,356
,356
2026 05 14 14:36:01.868838,337
,324
,338
,357
,347
,338
,342
,347
,327
,328
,350
,352
,338
,346
2026 05 14 14:36:01.930361,360
,346
,331
,340
,350
,335
,329
,347
,339
,325
,333
,355
,350
,335
2026 05 14 14:36:01.996152,339
,354
,341
,331
,347
,348
,332
,339
,354
,344
,327
,340
,367
,352
2026 05 14 14:36:02.057010,342
,352
,368
,357
,355
,367
,353
,331
,339
,358
,347
,340
,356
,359
2026 05 14 14:36:02.117826,338
,342
,364
,365
,349
,346
,355
,345
,333
,341
,351
,338
,336
,342
2026 05 14 14:36:02.183782,343
,340
,348
,366
,355
,337
,353
,368
,353
,345
,359
,366
,352
,350
2026 05 14 14:36:02.245495,370
,360
,350
,362
,381
,354
,336
,352
,367
,359
,343
,354
,349
,334
2026 05 14 14:36:02.310377,337
,349
,339
,333
,349
,362
,350
,350
,370
,374
,350
,348
,365
,351
2026 05 14 14:36:02.372595,331
,343
,358
,349
,343
,359
,366
,352
,352
,371
,363
,346
,360
,366
2026 05 14 14:36:02.433203,345
,333
,352
,362
,343
,341
,357
,356
,344
,344
,350
,340
,332
,345
2026 05 14 14:36:02.499189,363
,350
,345
,377
,365
,327
,328
,350
,341
,325
,338
,356
,341
,327
2026 05 14 14:36:02.561048,342
,346
,334
,333
,357
,359
,343
,356
,367
,357
,348
,361
,367
,342
2026 05 14 14:36:02.626418,332
,354
,350
,340
,338
,348
,339
,331
,346
,368
,352
,342
,359
,364
2026 05 14 14:36:02.687994,350
,352
,363
,350
,334
,345
,359
,348
,340
,354
,357
,338
,339
,358
2026 05 14 14:36:02.749036,351
,339
,348
,365
,347
,339
,352
,356
,335
,341
,362
,355
,342
,353
2026 05 14 14:36:02.814737,366
,356
,336
,335
,344
,330
,332
,354
,357
,344
,348
,364
,352
,339
2026 05 14 14:36:02.876517,347
,357
,344
,339
,352
,353
,340
,346
,365
,366
,347
,353
,373
,358
2026 05 14 14:36:02.941810,341
,351
,357
,339
,335
,357
,358
,341
,349
,363
,355
,351
,357
,364
2026 05 14 14:36:03.003093,348
,353
,357
,357
,338
,341
,357
,349
,333
,341
,355
,336
,340
,354
2026 05 14 14:36:03.064561,357
,346
,350
,371
,374
,365
,378
,380
,351
,328
,341
,347
,330
,325
2026 05 14 14:36:03.129430,344
,340
,332
,339
,355
,346
,335
,346
,357
,347
,358
,378
,373
,360
2026 05 14 14:36:03.193635,351
,368
,363
,332
,339
,361
,341
,328
,344
,349
,342
,346
,365
,354
2026 05 14 14:36:03.257072,341
,353
,367
,351
,342
,355
,359
,341
,331
,349
,351
,338
,349
,366
2026 05 14 14:36:03.318684,355
,339
,353
,364
,353
,345
,356
,359
,345
,351
,360
,347
,333
,348
2026 05 14 14:36:03.379589,362
,340
,337
,354
,362
,347
,350
,366
,348
,327
,346
,361
,347
,341
2026 05 14 14:36:03.445250,353
,361
,345
,340
,359
,353
,341
,350
,366
,354
,339
,347
,359
,343
2026 05 14 14:36:03.509212,343
,353
,346
,338
,347
,366
,357
,345
,354
,355
,336
,333
,350
,351
2026 05 14 14:36:03.572274,332
,335
,355
,345
,334
,341
,355
,341
,335
,349
,355
,340
,344
,371
2026 05 14 14:36:03.633894,360
,347
,327
,321
,333
,326
,356
,368
,351
,344
,355
,352
,335
,341
2026 05 14 14:36:03.695182,356
,340
,331
,341
,356
,340
,336
,351
,352
,333
,342
,358
,346
,331
2026 05 14 14:36:03.760288,340
,353
,336
,327
,347
,355
,331
,326
,350
,341
,329
,341
,350
,336
2026 05 14 14:36:03.822294,327
,341
,348
,330
,319
,331
,345
,338
,346
,358
,346
,332
,346
,359
2026 05 14 14:36:03.887178,343
,337
,354
,352
,335
,340
,355
,344
,333
,344
,358
,352
,349
,367
2026 05 14 14:36:03.948945,364
,350
,339
,340
,335
,332
,344
,359
,345
,335
,349
,357
,342
,342
2026 05 14 14:36:04.010470,348
,351
,341
,353
,364
,344
,338
,357
,365
,356
,352
,368
,364
,337
2026 05 14 14:36:04.075533,355
,372
,359
,338
,349
,368
,353
,346
,365
,374
,359
,344
,364
,348
2026 05 14 14:36:04.137445,342
,366
,378
,368
,366
,374
,374
,359
,358
,374
,363
,349
,350
,366
2026 05 14 14:36:04.203100,357
,352
,367
,378
,362
,353
,371
,365
,345
,350
,368
,354
,348
,361
2026 05 14 14:36:04.264430,369
,360
,354
,362
,359
,354
,359
,371
,357
,347
,361
,370
,348
,343
2026 05 14 14:36:04.325582,361
,366
,357
,362
,376
,369
,355
,360
,368
,347
,331
,347
,359
,351
2026 05 14 14:36:04.393548,357
,362
,355
,341
,347
,361
,355
,345
,352
,356
,343
,342
,357
,355
2026 05 14 14:36:04.452627,346
,353
,373
,365
,352
,356
,361
,351
,340
,354
,352
,339
,342
,358
2026 05 14 14:36:04.518330,351
,338
,344
,360
,350
,343
,358
,366
,350
,342
,359
,358
,344
,353
2026 05 14 14:36:04.580351,367
,359
,347
,360
,371
,344
,325
,344
,350
,336
,338
,354
,347
,333
2026 05 14 14:36:04.641083,350
,363
,344
,339
,354
,355
,345
,349
,360
,354
,344
,360
,373
,354
2026 05 14 14:36:04.707260,341
,351
,356
,348
,345
,359
,358
,340
,346
,355
,343
,335
,353
,367
2026 05 14 14:36:04.768874,360
,349
,353
,347
,333
,343
,359
,352
,343
,360
,375
,347
,335
,352
2026 05 14 14:36:04.833619,352
,339
,342
,359
,351
,339
,349
,365
,347
,339
,351
,358
,347
,346
2026 05 14 14:36:04.895741,364
,366
,348
,354
,364
,343
,330
,348
,361
,341
,333
,345
,349
,337
2026 05 14 14:36:04.957173,338
,355
,343
,330
,338
,348
,329
,324
,343
,346
,335
,343
,356
,347
2026 05 14 14:36:05.022636,332
,351
,370
,351
,343
,345
,341
,334
,334
,351
,347
,331
,347
,364
2026 05 14 14:36:05.084332,346
,338
,354
,365
,349
,346
,362
,361
,346
,349
,366
,348
,340
,355
2026 05 14 14:36:05.149390,365
,347
,340
,353
,357
,345
,344
,359
,350
,331
,337
,357
,344
,336
2026 05 14 14:36:05.211378,355
,365
,349
,350
,354
,351
,342
,349
,362
,349
,337
,354
,367
,346
2026 05 14 14:36:05.272242,340
,357
,354
,344
,342
,358
,352
,336
,345
,361
,351
,341
,356
,359
2026 05 14 14:36:05.337980,345
,347
,371
,356
,343
,348
,355
,342
,334
,350
,357
,340
,339
,358
2026 05 14 14:36:05.399469,354
,337
,350
,363
,353
,344
,359
,369
,357
,354
,366
,358
,347
,355
2026 05 14 14:36:05.464626,365
,347
,333
,341
,358
,341
,336
,350
,354
,346
,344
,357
,352
,340
2026 05 14 14:36:05.527626,350
,362
,349
,338
,352
,360
,357
,351
,359
,348
,330
,337
,355
,344
2026 05 14 14:36:05.587207,338
,358
,363
,340
,339
,360
,359
,340
,347
,360
,347
,335
,345
,359
2026 05 14 14:36:05.652979,344
,345
,358
,360
,340
,347
,361
,350
,339
,350
,364
,346
,340
,357
2026 05 14 14:36:05.714795,368
,356
,349
,355
,352
,340
,347
,362
,347
,336
,354
,365
,352
,345
2026 05 14 14:36:05.780568,362
,364
,349
,359
,375
,364
,347
,352
,366
,352
,351
,369
,368
,347
2026 05 14 14:36:05.841285,335
,354
,347
,337
,349
,358
,344
,339
,357
,363
,347
,344
,361
,353
2026 05 14 14:36:05.903278,339
,346
,359
,349
,337
,353
,363
,343
,340
,352
,347
,343
,349
,354
2026 05 14 14:36:05.968746,339
,333
,349
,362
,349
,344
,360
,362
,346
,352
,364
,352
,341
,356
2026 05 14 14:36:06.030294,373
,354
,342
,354
,357
,344
,346
,360
,346
,335
,343
,355
,340
,335
2026 05 14 14:36:06.090807,356
,363
,347
,348
,369
,365
,361
,355
,354
,350
,339
,350
,352
,339
2026 05 14 14:36:06.156898,340
,355
,355
,344
,349
,364
,350
,338
,351
,360
,350
,344
,356
,365
2026 05 14 14:36:06.218172,354
,354
,373
,366
,351
,350
,363
,350
,337
,352
,364
,340
,336
,355
2026 05 14 14:36:06.284195,355
,338
,346
,360
,349
,337
,353
,363
,345
,340
,353
,358
,342
,352
2026 05 14 14:36:06.345950,369
,358
,348
,353
,358
,345
,344
,360
,364
,340
,333
,350
,349
,337
2026 05 14 14:36:06.406769,345
,360
,348
,336
,354
,363
,349
,346
,360
,360
,351
,362
,366
,354
2026 05 14 14:36:06.472541,330
,347
,363
,351
,350
,366
,363
,341
,342
,360
,354
,346
,359
,370
2026 05 14 14:36:06.534124,354
,351
,365
,364
,345
,343
,360
,360
,341
,351
,373
,347
,333
,348
2026 05 14 14:36:06.599825,351
,341
,339
,344
,347
,338
,347
,361
,357
,345
,353
,368
,353
,347
2026 05 14 14:36:06.661238,349
,344
,328
,333
,353
,345
,336
,345
,361
,345
,343
,353
,353
,338
2026 05 14 14:36:06.722468,335
,341
,337
,329
,339
,350
,343
,332
,347
,355
,339
,342
,356
,343
2026 05 14 14:36:06.788347,329
,344
,358
,349
,336
,346
,360
,340
,336
,354
,354
,341
,349
,367
2026 05 14 14:36:06.849457,352
,343
,352
,369
,354
,348
,359
,362
,354
,357
,373
,349
,337
,353
2026 05 14 14:36:06.915853,364
,337
,322
,339
,354
,342
,341
,360
,362
,347
,355
,366
,358
,347
2026 05 14 14:36:06.976660,357
,368
,354
,347
,366
,376
,359
,362
,370
,357
,341
,358
,363
,346
2026 05 14 14:36:07.037121,336
,358
,362
,346
,344
,363
,360
,347
,353
,363
,347
,336
,357
,368
2026 05 14 14:36:07.103168,351
,347
,357
,359
,353
,363
,382
,364
,345
,358
,363
,347
,336
,348
2026 05 14 14:36:07.164491,350
,334
,342
,356
,352
,338
,346
,359
,343
,338
,358
,364
,355
,359
2026 05 14 14:36:07.230240,372
,356
,338
,348
,362
,352
,335
,351
,367
,349
,342
,351
,351
,341
2026 05 14 14:36:07.291127,354
,369
,363
,341
,352
,363
,351
,351
,365
,368
,349
,345
,369
,362
2026 05 14 14:36:07.353223,352
,358
,358
,342
,337
,352
,359
,345
,349
,367
,356
,337
,351
,366
2026 05 14 14:36:07.419095,360
,348
,359
,368
,349
,342
,357
,351
,338
,342
,357
,345
,337
,350
2026 05 14 14:36:07.479321,360
,347
,338
,355
,354
,338
,338
,356
,352
,341
,351
,360
,349
,340
2026 05 14 14:36:07.544580,359
,364
,350
,353
,374
,364
,350
,362
,378
,358
,341
,355
,357
,338
2026 05 14 14:36:07.606843,341
,354
,350
,341
,348
,349
,336
,331
,348
,358
,347
,348
,365
,363
2026 05 14 14:36:07.668408,351
,354
,367
,354
,336
,348
,359
,341
,337
,353
,351
,336
,340
,358
2026 05 14 14:36:07.733641,353
,346
,352
,365
,357
,350
,366
,376
,356
,340
,358
,349
,333
,342
2026 05 14 14:36:07.794714,365
,362
,350
,365
,369
,351
,342
,362
,357
,343
,347
,363
,351
,337
2026 05 14 14:36:07.861083,354
,370
,353
,349
,364
,367
,355
,354
,365
,358
,346
,360
,374
,355
2026 05 14 14:36:07.922354,333
,352
,357
,344
,347
,362
,360
,332
,342
,360
,354
,340
,356
,362
2026 05 14 14:36:07.983620,350
,348
,364
,358
,336
,344
,363
,352
,342
,347
,357
,349
,338
,349
2026 05 14 14:36:08.049442,354
,345
,344
,359
,348
,329
,339
,358
,342
,333
,357
,366
,351
,351
2026 05 14 14:36:08.110731,373
,355
,342
,350
,363
,356
,343
,353
,356
,352
,337
,342
,344
,333
2026 05 14 14:36:08.176393,344
,359
,353
,340
,359
,372
,357
,345
,356
,365
,352
,351
,368
,355
2026 05 14 14:36:08.238255,339
,347
,353
,341
,331
,346
,353
,338
,344
,360
,351
,343
,353
,366
2026 05 14 14:36:08.300058,349
,340
,351
,364
,354
,358
,372
,358
,342
,349
,364
,348
,337
,345
2026 05 14 14:36:08.364869,359
,346
,341
,355
,350
,337
,342
,361
,351
,337
,350
,364
,349
,342
2026 05 14 14:36:08.425868,362
,359
,331
,336
,351
,342
,327
,335
,354
,336
,326
,340
,346
,340
2026 05 14 14:36:08.491361,336
,352
,349
,333
,345
,361
,347
,336
,356
,365
,354
,345
,366
,355
2026 05 14 14:36:08.553096,336
,341
,355
,346
,336
,354
,365
,354
,350
,360
,365
,348
,348
,362
2026 05 14 14:36:08.614481,357
,347
,355
,364
,348
,336
,349
,358
,340
,328
,352
,355
,341
,349
2026 05 14 14:36:08.680494,363
,353
,344
,356
,363
,346
,343
,358
,358
,349
,353
,367
,362
,349
2026 05 14 14:36:08.741216,360
,371
,362
,357
,364
,368
,355
,360
,377
,365
,347
,348
,360
,345
2026 05 14 14:36:08.806810,340
,355
,363
,353
,349
,361
,351
,336
,351
,371
,363
,353
,366
,381
2026 05 14 14:36:08.868712,366
,362
,377
,369
,354
,359
,370
,361
,353
,358
,361
,349
,339
,359
2026 05 14 14:36:08.929418,359
,337
,337
,361
,356
,347
,364
,385
,368
,358
,374
,374
,356
,358
2026 05 14 14:36:08.995657,373
,365
,355
,352
,352
,348
,337
,357
,371
,354
,345
,355
,357
,349
2026 05 14 14:36:09.056362,358
,372
,361
,353
,369
,380
,363
,358
,367
,377
,354
,350
,365
,349
2026 05 14 14:36:09.122455,342
,354
,361
,347
,343
,357
,363
,344
,345
,362
,358
,345
,350
,368
2026 05 14 14:36:09.183645,360
,346
,361
,374
,352
,343
,358
,354
,336
,337
,348
,337
,328
,341
2026 05 14 14:36:09.245522,354
,342
,335
,355
,364
,349
,353
,369
,357
,340
,354
,374
,355
,334
2026 05 14 14:36:09.310250,339
,355
,343
,340
,357
,351
,339
,346
,356
,342
,331
,345
,351
,334
2026 05 14 14:36:09.371583,340
,357
,358
,345
,350
,364
,355
,341
,356
,369
,354
,349
,366
,362
2026 05 14 14:36:09.437231,345
,345
,359
,348
,335
,348
,364
,346
,334
,355
,353
,347
,350
,360
2026 05 14 14:36:09.498580,355
,344
,353
,369
,347
,335
,346
,349
,341
,343
,360
,349
,340
,340
2026 05 14 14:36:09.560296,354
,344
,325
,340
,338
,325
,326
,342
,349
,336
,340
,360
,348
,338
2026 05 14 14:36:09.625806,346
,363
,346
,342
,360
,364
,339
,336
,351
,344
,334
,345
,364
,354
2026 05 14 14:36:09.687942,326
,341
,355
,342
,343
,360
,358
,350
,347
,362
,351
,332
,348
,364
2026 05 14 14:36:09.754229,350
,347
,367
,361
,342
,351
,357
,345
,342
,345
,353
,342
,333
,340
2026 05 14 14:36:09.814330,344
,330
,334
,354
,352
,342
,359
,373
,357
,338
,349
,361
,347
,349
2026 05 14 14:36:09.875886,362
,352
,344
,343
,350
,347
,340
,355
,366
,347
,336
,354
,357
,344
2026 05 14 14:36:09.940722,346
,360
,352
,335
,347
,363
,347
,344
,351
,356
,345
,353
,373
,360
2026 05 14 14:36:10.004263,338
,343
,354
,343
,335
,348
,351
,343
,346
,368
,364
,355
,363
,375
2026 05 14 14:36:10.064567,364
,340
,355
,362
,347
,342
,362
,367
,352
,360
,370
,355
,340
,353
2026 05 14 14:36:10.130065,364
,348
,340
,350
,349
,338
,335
,361
,350
,337
,349
,364
,359
,352
2026 05 14 14:36:10.191069,365
,368
,352
,350
,365
,359
,340
,343
,362
,361
,356
,365
,365
,346
2026 05 14 14:36:10.256581,345
,361
,361
,349
,349
,365
,354
,345
,355
,372
,356
,337
,349
,354
2026 05 14 14:36:10.319230,339
,343
,364
,358
,341
,349
,367
,350
,344
,359
,366
,349
,345
,360
2026 05 14 14:36:10.379508,348
,334
,345
,362
,352
,343
,347
,358
,343
,324
,331
,331
,320
,332
2026 05 14 14:36:10.445679,347
,337
,325
,334
,350
,340
,341
,356
,361
,347
,353
,370
,359
,340
2026 05 14 14:36:10.507148,343
,361
,353
,337
,344
,344
,328
,322
,340
,340
,331
,340
,360
,353
2026 05 14 14:36:10.572262,339
,356
,369
,356
,344
,358
,363
,351
,360
,381
,364
,342
,355
,352
2026 05 14 14:36:10.633328,338
,333
,351
,357
,348
,348
,357
,349
,338
,348
,366
,353
,339
,353
2026 05 14 14:36:10.695486,362
,353
,357
,375
,375
,355
,361
,367
,347
,337
,345
,352
,338
,340
2026 05 14 14:36:10.761088,352
,341
,332
,340
,356
,345
,334
,351
,365
,347
,340
,354
,349
,336
2026 05 14 14:36:10.822416,342
,355
,344
,340
,358
,372
,348
,340
,364
,359
,335
,339
,349
,340
2026 05 14 14:36:10.887242,334
,347
,362
,350
,347
,361
,368
,350
,355
,380
,378
,359
,353
,361
2026 05 14 14:36:10.949650,347
,333
,346
,358
,350
,337
,353
,355
,341
,347
,363
,355
,343
,352
2026 05 14 14:36:11.010805,364
,359
,353
,360
,367
,349
,342
,351
,343
,326
,342
,360
,347
,339
2026 05 14 14:36:11.076401,354
,361
,343
,329
,341
,339
,320
,333
,359
,347
,339
,359
,374
,365
2026 05 14 14:36:11.137651,351
,363
,366
,342
,343
,365
,357
,342
,352
,361
,349
,344
,347
,347
2026 05 14 14:36:11.202649,334
,338
,359
,354
,345
,361
,378
,355
,347
,352
,361
,358
,357
,356
2026 05 14 14:36:11.264830,356
,345
,349
,367
,355
,346
,352
,357
,341
,336
,350
,348
,336
,337
2026 05 14 14:36:11.325533,358
,349
,336
,354
,370
,355
,345
,363
,362
,341
,338
,358
,359
,349
2026 05 14 14:36:11.391494,354
,367
,352
,342
,357
,360
,337
,339
,349
,344
,336
,339
,356
,345
2026 05 14 14:36:11.452509,338
,352
,366
,346
,346
,363
,364
,351
,350
,362
,353
,342
,357
,361
2026 05 14 14:36:11.518826,348
,344
,357
,362
,348
,345
,362
,362
,344
,346
,364
,347
,338
,351
2026 05 14 14:36:11.579859,357
,344
,342
,355
,353
,341
,352
,367
,345
,335
,355
,371
,355
,349
2026 05 14 14:36:11.640921,358
,359
,347
,346
,352
,339
,337
,352
,363
,346
,342
,357
,361
,350
2026 05 14 14:36:11.706332,354
,370
,361
,343
,354
,358
,346
,346
,360
,363
,344
,344
,364
,360
2026 05 14 14:36:11.768016,344
,355
,368
,352
,342
,351
,357
,341
,332
,346
,343
,328
,327
,350
2026 05 14 14:36:11.833037,342
,328
,339
,349
,334
,320
,334
,345
,332
,337
,349
,340
,324
,334
2026 05 14 14:36:11.895631,344
,328
,327
,337
,345
,331
,326
,348
,343
,332
,342
,360
,347
,334
2026 05 14 14:36:11.956786,348
,356
,348
,346
,360
,357
,342
,348
,362
,358
,336
,352
,362
,347
2026 05 14 14:36:12.022306,339
,350
,351
,333
,334
,347
,343
,327
,341
,362
,345
,341
,358
,366
2026 05 14 14:36:12.083841,348
,350
,362
,360
,344
,353
,360
,343
,334
,345
,356
,347
,341
,359
2026 05 14 14:36:12.148627,359
,344
,347
,355
,348
,332
,346
,361
,348
,342
,366
,372
,350
,352
2026 05 14 14:36:12.210932,371
,362
,352
,366
,376
,355
,349
,362
,363
,346
,344
,360
,352
,341
2026 05 14 14:36:12.271561,351
,363
,346
,339
,353
,367
,353
,352
,369
,368
,354
,363
,378
,368
2026 05 14 14:36:12.337856,354
,365
,368
,342
,339
,359
,368
,355
,363
,369
,354
,344
,356
,369
2026 05 14 14:36:12.398935,356
,349
,364
,367
,354
,355
,367
,358
,347
,354
,367
,355
,347
,362
2026 05 14 14:36:12.464808,374
,356
,355
,373
,367
,348
,356
,368
,355
,347
,355
,364
,353
,345
2026 05 14 14:36:12.526545,353
,353
,339
,349
,363
,353
,337
,347
,354
,342
,332
,348
,354
,345
2026 05 14 14:36:12.586962,340
,350
,347
,332
,342
,355
,342
,335
,352
,354
,345
,347
,359
,353
2026 05 14 14:36:12.653353,345
,355
,370
,355
,347
,357
,366
,350
,347
,360
,362
,349
,358
,366
2026 05 14 14:36:12.715843,361
,349
,356
,360
,343
,347
,365
,360
,346
,353
,371
,360
,348
,355
2026 05 14 14:36:12.780469,365
,350
,345
,359
,364
,347
,348
,362
,353
,340
,352
,364
,356
,344
2026 05 14 14:36:12.841916,352
,365
,353
,351
,359
,356
,341
,352
,365
,354
,343
,349
,362
,354
2026 05 14 14:36:12.902844,345
,362
,363
,348
,348
,367
,355
,343
,351
,361
,354
,348
,363
,368
2026 05 14 14:36:12.968613,359
,362
,369
,358
,348
,355
,370
,352
,336
,350
,359
,349
,346
,358
2026 05 14 14:36:13.029934,355
,342
,346
,360
,350
,339
,350
,359
,348
,344
,357
,364
,351
,352
2026 05 14 14:36:13.095942,365
,358
,359
,369
,374
,352
,337
,348
,360
,344
,344
,355
,351
,339
2026 05 14 14:36:13.156769,348
,363
,347
,339
,354
,358
,340
,338
,356
,352
,335
,335
,348
,343
2026 05 14 14:36:13.217915,335
,349
,354
,336
,338
,364
,366
,352
,353
,354
,339
,327
,345
,361
2026 05 14 14:36:13.283876,349
,344
,357
,358
,344
,345
,359
,355
,345
,353
,365
,354
,342
,358
2026 05 14 14:36:13.345548,362
,354
,352
,359
,356
,342
,343
,349
,338
,334
,353
,363
,353
,354
2026 05 14 14:36:13.410883,367
,364
,351
,354
,369
,359
,343
,350
,365
,354
,345
,350
,349
,336
2026 05 14 14:36:13.472182,340
,357
,351
,348
,356
,364
,347
,335
,353
,359
,349
,355
,365
,355
2026 05 14 14:36:13.533530,328
,335
,352
,339
,335
,347
,355
,342
,338
,352
,352
,339
,345
,360
2026 05 14 14:36:13.599266,350
,336
,353
,360
,346
,342
,359
,360
,337
,342
,360
,351
,338
,346
2026 05 14 14:36:13.660687,356
,345
,341
,353
,357
,342
,345
,351
,346
,338
,349
,362
,349
,339
2026 05 14 14:36:13.726098,353
,370
,352
,335
,345
,347
,338
,345
,358
,346
,337
,345
,358
,348
2026 05 14 14:36:13.788072,344
,357
,359
,345
,351
,363
,352
,337
,345
,355
,338
,330
,348
,355
2026 05 14 14:36:13.849218,344
,345
,355
,351
,340
,354
,367
,355
,335
,342
,353
,336
,336
,349
2026 05 14 14:36:13.914764,350
,335
,342
,355
,340
,331
,350
,367
,350
,347
,359
,363
,349
,350
2026 05 14 14:36:13.976203,364
,353
,344
,353
,365
,353
,352
,362
,365
,348
,346
,359
,357
,342
2026 05 14 14:36:14.037142,351
,368
,353
,341
,357
,368
,354
,349
,363
,363
,350
,355
,366
,356
2026 05 14 14:36:14.103105,336
,350
,358
,342
,338
,352
,350
,337
,342
,350
,339
,333
,342
,352
2026 05 14 14:36:14.164165,335
,328
,349
,358
,342
,336
,338
,332
,324
,335
,352
,346
,338
,353
2026 05 14 14:36:14.230160,361
,349
,347
,360
,363
,348
,351
,361
,355
,341
,353
,368
,358
,345
2026 05 14 14:36:14.291017,357
,360
,351
,354
,366
,356
,346
,354
,369
,355
,346
,362
,371
,356
2026 05 14 14:36:14.352323,355
,368
,360
,350
,357
,364
,341
,328
,343
,352
,338
,340
,354
,352
2026 05 14 14:36:14.418653,341
,345
,358
,352
,338
,346
,360
,349
,346
,365
,371
,360
,356
,359
2026 05 14 14:36:14.479604,353
,342
,347
,362
,346
,330
,340
,350
,333
,328
,342
,335
,319
,335
2026 05 14 14:36:14.545695,351
,341
,340
,363
,370
,356
,350
,362
,357
,344
,350
,363
,348
,338
2026 05 14 14:36:14.606126,353
,363
,345
,336
,348
,348
,334
,343
,360
,357
,348
,363
,370
,356
2026 05 14 14:36:14.667726,352
,363
,365
,354
,347
,359
,350
,345
,360
,375
,358
,343
,351
,363
2026 05 14 14:36:14.733908,350
,345
,356
,352
,338
,353
,373
,360
,349
,366
,377
,358
,350
,366
2026 05 14 14:36:14.795407,366
,345
,348
,365
,368
,353
,355
,359
,336
,331
,350
,356
,344
,344
2026 05 14 14:36:14.861587,360
,356
,349
,351
,363
,343
,328
,349
,362
,349
,351
,367
,364
,341
2026 05 14 14:36:14.921905,348
,365
,349
,339
,351
,365
,352
,348
,363
,369
,355
,359
,373
,357
2026 05 14 14:36:14.983560,339
,349
,361
,348
,346
,357
,365
,356
,354
,363
,355
,345
,361
,374
2026 05 14 14:36:15.049219,356
,345
,357
,365
,353
,352
,365
,361
,344
,347
,359
,357
,347
,358
2026 05 14 14:36:15.110587,363
,349
,349
,364
,362
,344
,348
,362
,353
,341
,352
,363
,351
,352
2026 05 14 14:36:15.176142,364
,371
,349
,335
,345
,345
,336
,349
,360
,349
,337
,347
,351
,346
2026 05 14 14:36:15.237845,346
,359
,357
,344
,352
,364
,356
,347
,355
,367
,354
,349
,355
,349
2026 05 14 14:36:15.298848,339
,344
,362
,353
,342
,352
,362
,348
,344
,359
,360
,349
,352
,367
2026 05 14 14:36:15.364223,354
,345
,355
,364
,346
,340
,357
,363
,344
,351
,364
,357
,332
,340
2026 05 14 14:36:15.425454,349
,339
,336
,350
,360
,345
,339
,357
,360
,344
,345
,358
,350
,336
2026 05 14 14:36:15.490610,352
,363
,344
,337
,353
,354
,342
,347
,359
,356
,345
,347
,368
,362
2026 05 14 14:36:15.553095,345
,354
,356
,344
,346
,356
,354
,340
,345
,360
,352
,340
,350
,359
2026 05 14 14:36:15.613789,340
,339
,355
,356
,344
,354
,367
,359
,344
,348
,370
,372
,381
,397
2026 05 14 14:36:15.680121,373
,329
,328
,340
,320
,312
,323
,342
,333
,327
,339
,346
,333
,335
2026 05 14 14:36:15.742653,350
,350
,338
,347
,362
,357
,347
,356
,364
,349
,337
,354
,357
,341
2026 05 14 14:36:15.806289,347
,360
,350
,344
,354
,372
,355
,345
,354
,366
,343
,343
,357
,339
2026 05 14 14:36:15.868481,334
,350
,362
,350
,340
,349
,363
,349
,345
,358
,355
,343
,350
,362
2026 05 14 14:36:15.929212,349
,340
,357
,363
,360
,355
,371
,366
,351
,357
,368
,354
,342
,343
2026 05 14 14:36:15.995460,354
,339
,332
,349
,350
,339
,344
,360
,355
,347
,348
,356
,356
,351
2026 05 14 14:36:16.056394,365
,373
,347
,337
,351
,344
,329
,333
,349
,334
,326
,338
,349
,338
2026 05 14 14:36:16.123520,337
,345
,342
,336
,345
,358
,351
,335
,343
,362
,344
,332
,338
,340
2026 05 14 14:36:16.183868,332
,341
,355
,348
,337
,351
,361
,349
,345
,362
,368
,352
,350
,364
2026 05 14 14:36:16.244418,356
,343
,351
,369
,353
,343
,351
,355
,343
,347
,358
,357
,347
,354
2026 05 14 14:36:16.310796,370
,353
,341
,351
,361
,350
,352
,375
,371
,352
,352
,354
,348
,329
2026 05 14 14:36:16.373848,339
,354
,342
,349
,367
,370
,353
,349
,363
,355
,337
,349
,364
,350
2026 05 14 14:36:16.437725,339
,359
,370
,350
,350
,368
,364
,350
,351
,359
,345
,325
,341
,358
2026 05 14 14:36:16.499290,341
,334
,345
,350
,342
,346
,357
,345
,337
,345
,361
,349
,340
,354
2026 05 14 14:36:16.560103,356
,343
,347
,366
,366
,356
,362
,359
,343
,339
,346
,347
,341
,339
2026 05 14 14:36:16.625672,354
,350
,335
,340
,354
,353
,344
,360
,372
,362
,353
,369
,362
,346
2026 05 14 14:36:16.687800,350
,369
,357
,347
,349
,352
,333
,325
,337
,340
,327
,332
,350
,346
2026 05 14 14:36:16.753095,338
,345
,363
,355
,348
,363
,367
,353
,355
,366
,366
,351
,357
,367
2026 05 14 14:36:16.814646,348
,324
,340
,348
,340
,347
,363
,350
,338
,344
,355
,355
,347
,353
2026 05 14 14:36:16.875688,361
,348
,344
,354
,354
,344
,347
,359
,352
,346
,357
,373
,356
,345
2026 05 14 14:36:16.941484,348
,360
,347
,343
,363
,366
,350
,353
,366
,350
,345
,359
,360
,342
2026 05 14 14:36:17.003696,338
,353
,363
,360
,356
,366
,351
,342
,353
,362
,347
,341
,351
,358
2026 05 14 14:36:17.068804,346
,346
,361
,351
,335
,345
,359
,342
,338
,346
,354
,344
,348
,361
2026 05 14 14:36:17.130070,355
,341
,349
,359
,351
,345
,348
,358
,347
,336
,355
,350
,343
,346
2026 05 14 14:36:17.190825,354
,342
,334
,345
,354
,344
,343
,353
,351
,337
,345
,365
,359
,345
2026 05 14 14:36:17.256307,348
,358
,340
,336
,345
,348
,336
,334
,354
,347
,332
,338
,351
,340
2026 05 14 14:36:17.318651,334
,350
,357
,340
,339
,356
,360
,349
,365
,370
,351
,335
,343
,350
2026 05 14 14:36:17.383618,338
,336
,350
,352
,337
,340
,358
,353
,340
,357
,370
,355
,350
,357
2026 05 14 14:36:17.445550,357
,347
,342
,352
,343
,334
,338
,344
,335
,332
,341
,352
,340
,338
2026 05 14 14:36:17.508914,355
,358
,348
,355
,368
,353
,342
,355
,361
,349
,344
,354
,353
,343
2026 05 14 14:36:17.571975,351
,355
,336
,331
,346
,367
,350
,337
,350
,353
,338
,340
,359
,347
2026 05 14 14:36:17.633809,336
,342
,355
,340
,334
,350
,363
,353
,353
,369
,365
,347
,344
,360
2026 05 14 14:36:17.699239,349
,338
,352
,365
,350
,343
,358
,355
,342
,346
,358
,350
,336
,346
2026 05 14 14:36:17.760797,356
,346
,343
,357
,359
,354
,357
,372
,360
,346
,352
,370
,359
,347
2026 05 14 14:36:17.824255,358
,362
,335
,332
,351
,344
,334
,344
,357
,346
,341
,356
,369
,357
2026 05 14 14:36:17.887708,358
,369
,371
,363
,353
,369
,351
,335
,338
,351
,343
,332
,342
,350
2026 05 14 14:36:17.949266,337
,343
,356
,348
,336
,345
,357
,356
,344
,352
,370
,359
,352
,366
2026 05 14 14:36:18.014633,351
,348
,357
,358
,340
,331
,347
,359
,352
,342
,353
,353
,334
,336
2026 05 14 14:36:18.076147,354
,344
,338
,352
,363
,356
,344
,352
,353
,342
,343
,358
,348
,335
2026 05 14 14:36:18.137752,349
,363
,346
,338
,357
,362
,343
,337
,353
,350
,340
,353
,368
,358
2026 05 14 14:36:18.203102,346
,352
,368
,358
,354
,353
,334
,332
,339
,349
,337
,329
,339
,346
2026 05 14 14:36:18.264321,338
,338
,355
,361
,344
,349
,366
,357
,345
,351
,363
,347
,340
,351
2026 05 14 14:36:18.325783,354
,338
,331
,345
,343
,324
,330
,343
,330
,321
,334
,345
,330
,333
2026 05 14 14:36:18.391495,349
,352
,338
,342
,356
,346
,334
,352
,367
,350
,339
,352
,346
,330
2026 05 14 14:36:18.452628,329
,344
,340
,330
,345
,357
,348
,341
,360
,366
,352
,350
,363
,357
2026 05 14 14:36:18.518462,341
,352
,366
,353
,349
,362
,362
,348
,340
,348
,347
,337
,345
,348
2026 05 14 14:36:18.580081,340
,332
,344
,354
,342
,343
,362
,364
,352
,359
,373
,363
,351
,361
2026 05 14 14:36:18.640849,377
,353
,341
,353
,354
,340
,342
,352
,348
,334
,343
,354
,351
,342
2026 05 14 14:36:18.706243,355
,370
,358
,351
,362
,359
,349
,355
,367
,351
,348
,361
,371
,346
2026 05 14 14:36:18.768032,322
,337
,341
,335
,343
,357
,351
,337
,352
,369
,359
,351
,365
,367
2026 05 14 14:36:18.833808,349
,351
,361
,353
,340
,344
,361
,349
,340
,353
,354
,343
,352
,366
2026 05 14 14:36:18.894877,362
,350
,356
,368
,359
,344
,353
,358
,345
,338
,354
,357
,344
,347
2026 05 14 14:36:18.956753,358
,352
,341
,348
,366
,351
,338
,355
,363
,346
,345
,360
,355
,340
2026 05 14 14:36:19.022269,356
,375
,355
,345
,360
,366
,350
,349
,365
,359
,352
,359
,373
,355
2026 05 14 14:36:19.083552,343
,364
,373
,355
,361
,363
,362
,350
,350
,363
,351
,337
,356
,371
2026 05 14 14:36:19.149172,353
,354
,368
,362
,348
,349
,371
,366
,357
,369
,360
,350
,351
,363
2026 05 14 14:36:19.211368,366
,352
,348
,364
,359
,353
,353
,358
,346
,340
,360
,366
,350
,344
2026 05 14 14:36:19.271555,359
,362
,353
,360
,374
,368
,359
,367
,371
,362
,355
,371
,368
,350
2026 05 14 14:36:19.337817,352
,359
,348
,345
,355
,369
,350
,344
,360
,365
,357
,359
,370
,370
2026 05 14 14:36:19.399130,360
,362
,368
,356
,346
,355
,365
,352
,352
,363
,359
,345
,356
,372
2026 05 14 14:36:19.464698,357
,350
,367
,382
,363
,355
,364
,361
,349
,349
,364
,357
,339
,351
2026 05 14 14:36:19.525555,365
,349
,338
,357
,357
,341
,333
,347
,354
,345
,357
,368
,356
,343
2026 05 14 14:36:19.587083,353
,360
,344
,339
,355
,355
,339
,349
,363
,347
,328
,338
,345
,335
2026 05 14 14:36:19.654016,330
,348
,344
,333
,345
,363
,361
,353
,365
,376
,357
,349
,358
,367
2026 05 14 14:36:19.713910,348
,356
,374
,362
,347
,341
,347
,333
,327
,343
,348
,332
,336
,353
2026 05 14 14:36:19.780622,353
,337
,344
,365
,352
,341
,361
,368
,354
,346
,358
,359
,344
,344
2026 05 14 14:36:19.841629,352
,343
,334
,348
,362
,352
,343
,358
,366
,354
,355
,372
,364
,336
2026 05 14 14:36:19.902150,344
,354
,332
,328
,352
,353
,339
,340
,354
,354
,340
,350
,362
,354
2026 05 14 14:36:19.968499,347
,360
,369
,362
,352
,365
,368
,345
,348
,363
,354
,341
,352
,361
2026 05 14 14:36:20.029806,347
,334
,337
,341
,343
,346
,363
,360
,351
,359
,369
,358
,346
,360
2026 05 14 14:36:20.095241,371
,349
,338
,347
,343
,328
,334
,350
,342
,332
,342
,352
,341
,339
2026 05 14 14:36:20.156982,352
,350
,343
,344
,359
,355
,346
,359
,372
,347
,334
,352
,355
,337
2026 05 14 14:36:20.218187,338
,350
,344
,334
,343
,355
,343
,333
,345
,358
,347
,340
,351
,352
2026 05 14 14:36:20.283104,344
,351
,363
,358
,348
,361
,366
,359
,349
,356
,359
,343
,340
,349
2026 05 14 14:36:20.345905,342
,332
,345
,360
,348
,341
,352
,358
,347
,349
,361
,355
,344
,352
2026 05 14 14:36:20.410703,363
,347
,338
,354
,358
,336
,334
,350
,348
,337
,348
,366
,355
,347
2026 05 14 14:36:20.472411,358
,370
,361
,352
,355
,352
,345
,348
,358
,350
,333
,340
,352
,339
2026 05 14 14:36:20.533664,330
,342
,345
,331
,332
,348
,343
,335
,345
,357
,341
,335
,353
,364
2026 05 14 14:36:20.599422,350
,351
,352
,348
,339
,344
,356
,344
,339
,347
,352
,336
,338
,349
2026 05 14 14:36:20.661173,344
,335
,341
,355
,350
,344
,350
,361
,348
,336
,351
,352
,339
,339
2026 05 14 14:36:20.726657,355
,355
,343
,352
,363
,346
,339
,345
,352
,338
,344
,359
,354
,345
2026 05 14 14:36:20.787884,352
,363
,342
,337
,355
,360
,345
,337
,347
,343
,329
,335
,352
,346
2026 05 14 14:36:20.848593,336
,347
,353
,348
,346
,357
,366
,359
,360
,361
,343
,326
,336
,350
2026 05 14 14:36:20.913734,337
,328
,342
,347
,336
,335
,355
,347
,334
,346
,357
,350
,347
,359
2026 05 14 14:36:20.976810,365
,355
,346
,359
,349
,333
,339
,352
,343
,334
,349
,359
,343
,333
2026 05 14 14:36:21.040592,345
,348
,332
,338
,358
,351
,340
,352
,362
,347
,344
,355
,353
,344
2026 05 14 14:36:21.103442,344
,351
,355
,347
,351
,363
,350
,345
,354
,364
,351
,350
,351
,351
2026 05 14 14:36:21.163606,338
,340
,356
,349
,343
,357
,366
,351
,351
,359
,357
,345
,347
,359
2026 05 14 14:36:21.230508,353
,340
,356
,370
,353
,344
,360
,363
,347
,350
,364
,358
,349
,357
2026 05 14 14:36:21.291260,368
,352
,346
,358
,348
,336
,333
,351
,351
,346
,352
,366
,353
,343
2026 05 14 14:36:21.356759,357
,370
,358
,355
,375
,374
,360
,354
,358
,351
,338
,351
,364
,354
2026 05 14 14:36:21.418326,331
,351
,353
,342
,333
,348
,348
,343
,353
,365
,355
,347
,360
,368
2026 05 14 14:36:21.479399,360
,354
,356
,353
,342
,345
,356
,347
,329
,346
,354
,339
,333
,346
2026 05 14 14:36:21.545285,354
,340
,344
,358
,349
,341
,363
,383
,367
,359
,360
,356
,340
,339
2026 05 14 14:36:21.605973,348
,340
,328
,341
,354
,344
,329
,339
,349
,333
,340
,353
,349
,346
2026 05 14 14:36:21.672326,362
,368
,365
,353
,363
,354
,334
,340
,357
,353
,344
,355
,360
,346
2026 05 14 14:36:21.733652,343
,354
,356
,345
,348
,361
,358
,344
,353
,359
,343
,343
,359
,360
2026 05 14 14:36:21.794325,344
,345
,356
,357
,347
,341
,352
,347
,341
,345
,354
,349
,344
,363
2026 05 14 14:36:21.860959,366
,350
,353
,360
,354
,334
,344
,358
,347
,338
,345
,348
,334
,339
2026 05 14 14:36:21.921401,343
,342
,336
,346
,348
,338
,340
,360
,370
,355
,346
,356
,355
,341
2026 05 14 14:36:21.987578,343
,354
,348
,341
,347
,356
,337
,334
,345
,348
,334
,340
,352
,352
2026 05 14 14:36:22.049818,346
,348
,358
,352
,345
,360
,357
,348
,346
,359
,356
,349
,355
,363
2026 05 14 14:36:22.110279,352
,345
,356
,363
,349
,344
,361
,351
,334
,351
,363
,352
,342
,357
2026 05 14 14:36:22.176634,366
,346
,334
,347
,348
,339
,342
,354
,344
,332
,343
,352
,344
,345
2026 05 14 14:36:22.236756,350
,361
,356
,361
,380
,375
,358
,363
,371
,348
,346
,356
,358
,345
2026 05 14 14:36:22.298616,346
,360
,364
,354
,358
,359
,347
,340
,353
,360
,350
,347
,360
,368
2026 05 14 14:36:22.364464,357
,356
,358
,350
,353
,364
,367
,353
,352
,362
,364
,352
,344
,356
2026 05 14 14:36:22.425588,353
,344
,353
,359
,348
,346
,357
,368
,358
,364
,364
,360
,350
,361
2026 05 14 14:36:22.491518,368
,355
,341
,346
,350
,343
,346
,355
,355
,343
,348
,357
,351
,344
2026 05 14 14:36:22.552434,349
,360
,346
,348
,362
,365
,353
,346
,354
,353
,342
,352
,360
,343
2026 05 14 14:36:22.614246,333
,348
,355
,339
,343
,354
,352
,342
,347
,355
,350
,348
,363
,368
2026 05 14 14:36:22.679990,351
,348
,364
,362
,354
,348
,361
,352
,344
,351
,351
,339
,334
,354
2026 05 14 14:36:22.741309,358
,342
,346
,360
,355
,349
,360
,368
,357
,349
,365
,368
,351
,352
2026 05 14 14:36:22.807702,365
,361
,350
,349
,355
,350
,345
,357
,353
,341
,350
,358
,358
,356
2026 05 14 14:36:22.868426,366
,375
,366
,338
,353
,359
,343
,343
,353
,345
,336
,336
,349
,340
2026 05 14 14:36:22.929211,333
,346
,355
,347
,341
,350
,355
,355
,357
,366
,361
,354
,363
,369
2026 05 14 14:36:22.995431,346
,341
,355
,355
,343
,337
,344
,344
,330
,340
,349
,344
,337
,351
2026 05 14 14:36:23.058211,363
,350
,343
,356
,364
,359
,359
,365
,359
,349
,356
,357
,339
,344
2026 05 14 14:36:23.121531,353
,355
,342
,344
,356
,348
,339
,344
,342
,339
,334
,351
,362
,350
2026 05 14 14:36:23.183642,349
,362
,359
,351
,352
,361
,356
,342
,352
,354
,337
,336
,360
,360
2026 05 14 14:36:23.245195,343
,344
,353
,353
,345
,355
,364
,353
,350
,366
,363
,350
,350
,361
2026 05 14 14:36:23.310723,360
,358
,355
,355
,343
,329
,336
,340
,330
,334
,348
,346
,336
,345
2026 05 14 14:36:23.371576,355
,352
,350
,355
,359
,343
,344
,356
,355
,346
,351
,359
,343
,332
2026 05 14 14:36:23.437963,336
,353
,338
,330
,346
,353
,343
,345
,360
,359
,352
,358
,363
,354
2026 05 14 14:36:23.499273,343
,359
,365
,347
,351
,361
,358
,339
,342
,358
,350
,342
,355
,361
2026 05 14 14:36:23.559911,349
,348
,361
,365
,355
,357
,363
,359
,347
,349
,360
,348
,342
,363
2026 05 14 14:36:23.626638,369
,346
,348
,355
,345
,341
,348
,354
,344
,342
,358
,364
,356
,352
2026 05 14 14:36:23.687352,364
,361
,350
,347
,356
,345
,345
,354
,370
,362
,351
,350
,345
,328
2026 05 14 14:36:23.753518,332
,345
,336
,331
,356
,362
,346
,344
,358
,358
,343
,351
,362
,359
2026 05 14 14:36:23.814508,351
,350
,356
,344
,340
,354
,360
,348
,339
,353
,357
,349
,357
,363
2026 05 14 14:36:23.875690,344
,337
,350
,362
,351
,341
,350
,352
,340
,344
,354
,349
,342
,351
2026 05 14 14:36:23.941110,353
,347
,346
,360
,365
,345
,345
,356
,350
,335
,343
,357
,346
,341
2026 05 14 14:36:24.003093,353
,357
,346
,345
,361
,363
,352
,359
,363
,352
,343
,349
,350
,339
2026 05 14 14:36:24.068803,340
,352
,357
,351
,348
,359
,351
,345
,353
,361
,352
,346
,358
,359
2026 05 14 14:36:24.130462,350
,357
,366
,355
,345
,355
,369
,351
,336
,353
,362
,350
,350
,359
2026 05 14 14:36:24.190721,356
,344
,344
,352
,346
,340
,351
,359
,347
,343
,352
,348
,336
,348
2026 05 14 14:36:24.256192,366
,360
,356
,336
,348
,342
,340
,356
,365
,349
,348
,359
,353
,347
2026 05 14 14:36:24.317525,361
,364
,358
,352
,362
,360
,341
,344
,344
,343
,334
,344
,364
,360
2026 05 14 14:36:24.383474,349
,359
,371
,356
,358
,370
,362
,349
,353
,361
,361
,349
,352
,352
2026 05 14 14:36:24.445166,339
,340
,353
,353
,337
,336
,345
,338
,327
,334
,338
,331
,327
,341
2026 05 14 14:36:24.508363,346
,328
,328
,333
,334
,326
,335
,345
,347
,344
,358
,357
,336
,336
2026 05 14 14:36:24.571365,344
,347
,336
,341
,343
,332
,331
,351
,361
,347
,346
,361
,367
,352
2026 05 14 14:36:24.633422,353
,361
,359
,350
,355
,363
,350
,344
,354
,350
,337
,336
,362
,371
2026 05 14 14:36:24.698703,353
,349
,350
,339
,335
,347
,354
,343
,341
,355
,358
,347
,352
,359
2026 05 14 14:36:24.760880,351
,349
,361
,367
,345
,339
,356
,359
,348
,353
,361
,353
,345
,354
2026 05 14 14:36:24.822467,362
,350
,344
,354
,362
,350
,347
,361
,361
,352
,358
,364
,353
,343
2026 05 14 14:36:24.887538,354
,359
,341
,339
,349
,352
,347
,351
,361
,350
,340
,355
,364
,358
2026 05 14 14:36:24.949203,358
,372
,369
,357
,358
,366
,356
,352
,367
,375
,351
,347
,364
,364
2026 05 14 14:36:25.014041,349
,352
,361
,357
,340
,352
,363
,357
,352
,362
,365
,356
,355
,369
2026 05 14 14:36:25.075907,373
,364
,367
,359
,347
,343
,343
,342
,335
,335
,347
,349
,344
,349
2026 05 14 14:36:25.137422,358
,348
,332
,358
,366
,352
,349
,362
,371
,363
,364
,370
,359
,335
2026 05 14 14:36:25.202857,342
,355
,346
,336
,338
,347
,338
,339
,354
,356
,348
,362
,371
,364
2026 05 14 14:36:25.263621,362
,369
,367
,358
,347
,363
,360
,338
,343
,360
,355
,340
,347
,360
2026 05 14 14:36:25.329041,341
,342
,352
,352
,339
,343
,355
,355
,346
,350
,360
,352
,342
,352
2026 05 14 14:36:25.391421,358
,341
,340
,351
,355
,346
,350
,359
,347
,329
,344
,354
,345
,340
2026 05 14 14:36:25.452251,353
,362
,355
,356
,361
,356
,343
,350
,358
,347
,348
,362
,357
,341
2026 05 14 14:36:25.518871,344
,347
,340
,334
,342
,357
,352
,345
,358
,352
,339
,343
,356
,360
2026 05 14 14:36:25.579829,346
,351
,361
,355
,342
,351
,356
,338
,338
,353
,349
,335
,338
,352
2026 05 14 14:36:25.645809,353
,351
,362
,362
,341
,333
,350
,353
,341
,341
,357
,352
,338
,344
2026 05 14 14:36:25.706856,358
,345
,337
,343
,352
,341
,349
,359
,355
,345
,350
,358
,352
,352
2026 05 14 14:36:25.767860,362
,361
,350
,348
,359
,359
,347
,348
,355
,339
,331
,343
,353
,342
2026 05 14 14:36:25.833650,341
,351
,355
,352
,360
,368
,364
,339
,347
,357
,346
,342
,355
,362
2026 05 14 14:36:25.894670,345
,342
,355
,363
,351
,359
,363
,350
,344
,360
,363
,353
,358
,368
2026 05 14 14:36:25.959711,359
,344
,347
,356
,352
,344
,350
,360
,356
,347
,357
,355
,344
,345
2026 05 14 14:36:26.022302,359
,353
,347
,355
,362
,349
,346
,358
,365
,353
,354
,366
,361
,348
2026 05 14 14:36:26.083564,346
,351
,346
,339
,352
,357
,338
,335
,358
,368
,341
,341
,355
,350
2026 05 14 14:36:26.148956,349
,361
,362
,348
,346
,366
,366
,349
,346
,352
,351
,340
,346
,356
2026 05 14 14:36:26.210511,338
,338
,349
,360
,350
,347
,357
,351
,336
,347
,358
,356
,357
,373
2026 05 14 14:36:26.270773,379
,353
,339
,346
,357
,349
,359
,367
,353
,346
,359
,352
,346
,350
2026 05 14 14:36:26.337537,359
,360
,350
,352
,365
,365
,357
,363
,374
,363
,355
,366
,369
,353
2026 05 14 14:36:26.398970,351
,358
,361
,346
,347
,348
,338
,337
,354
,365
,347
,350
,365
,370
2026 05 14 14:36:26.464474,358
,361
,365
,359
,348
,358
,366
,346
,343
,355
,360
,347
,337
,343
2026 05 14 14:36:26.526038,341
,334
,347
,361
,349
,340
,349
,362
,352
,357
,368
,362
,353
,363
2026 05 14 14:36:26.586744,368
,355
,352
,357
,356
,339
,330
,344
,348
,337
,337
,349
,355
,350
2026 05 14 14:36:26.652939,351
,356
,346
,347
,358
,361
,349
,348
,360
,348
,331
,349
,357
,341
2026 05 14 14:36:26.714254,334
,349
,352
,337
,339
,354
,353
,347
,352
,358
,352
,348
,360
,365
2026 05 14 14:36:26.779807,356
,354
,368
,363
,350
,343
,349
,350
,341
,347
,349
,335
,330
,352
2026 05 14 14:36:26.841340,353
,336
,340
,358
,357
,347
,364
,369
,350
,343
,353
,352
,336
,338
2026 05 14 14:36:26.902484,352
,358
,348
,337
,343
,337
,329
,344
,353
,341
,340
,352
,357
,342
2026 05 14 14:36:26.968334,344
,356
,352
,343
,352
,355
,339
,332
,342
,347
,338
,341
,352
,349
2026 05 14 14:36:27.029666,346
,352
,352
,340
,337
,351
,357
,339
,341
,356
,350
,335
,341
,350
2026 05 14 14:36:27.095274,338
,327
,342
,351
,343
,341
,353
,354
,348
,348
,358
,354
,339
,351
2026 05 14 14:36:27.156636,363
,346
,343
,354
,356
,346
,348
,358
,356
,342
,344
,356
,349
,344
2026 05 14 14:36:27.217421,345
,360
,339
,337
,351
,350
,343
,353
,364
,360
,354
,370
,373
,350
2026 05 14 14:36:27.283269,350
,359
,360
,352
,356
,352
,341
,343
,353
,348
,330
,333
,345
,350
2026 05 14 14:36:27.345009,336
,343
,352
,350
,339
,351
,363
,354
,349
,357
,354
,338
,332
,343
2026 05 14 14:36:27.410632,345
,336
,346
,355
,339
,327
,335
,333
,323
,323
,344
,350
,338
,334
2026 05 14 14:36:27.471324,340
,339
,339
,348
,359
,347
,345
,357
,364
,353
,360
,373
,360
,352
2026 05 14 14:36:27.533850,355
,355
,356
,348
,351
,350
,341
,344
,355
,356
,344
,351
,360
,351
2026 05 14 14:36:27.599097,340
,355
,360
,345
,344
,365
,371
,358
,350
,358
,347
,342
,346
,358
2026 05 14 14:36:27.659695,350
,346
,363
,368
,346
,348
,359
,347
,341
,351
,358
,343
,342
,356
2026 05 14 14:36:27.725598,364
,354
,354
,365
,362
,345
,353
,359
,350
,344
,354
,363
,349
,344
2026 05 14 14:36:27.787269,354
,352
,336
,339
,350
,343
,337
,348
,357
,347
,342
,366
,366
,355
2026 05 14 14:36:27.848382,350
,358
,363
,353
,364
,368
,353
,343
,346
,349
,338
,334
,354
,346
2026 05 14 14:36:27.914412,335
,345
,349
,344
,344
,355
,367
,352
,352
,365
,366
,348
,349
,361
2026 05 14 14:36:27.975584,352
,344
,352
,354
,345
,339
,353
,351
,330
,335
,357
,359
,355
,355
2026 05 14 14:36:28.041390,363
,343
,338
,354
,358
,347
,344
,356
,357
,347
,350
,352
,343
,340
2026 05 14 14:36:28.103313,353
,354
,334
,332
,347
,353
,344
,346
,359
,350
,348
,348
,345
,335
2026 05 14 14:36:28.164188,332
,348
,356
,339
,340
,357
,352
,338
,350
,360
,350
,346
,350
,360
2026 05 14 14:36:28.229826,346
,348
,355
,355
,341
,346
,354
,347
,347
,359
,359
,338
,337
,349
2026 05 14 14:36:28.290758,345
,333
,343
,352
,343
,334
,346
,355
,343
,342
,353
,354
,347
,351
2026 05 14 14:36:28.356187,362
,349
,342
,351
,360
,348
,345
,351
,354
,333
,333
,347
,344
,331
2026 05 14 14:36:28.418209,338
,346
,347
,339
,351
,362
,352
,357
,373
,368
,340
,346
,360
,350
2026 05 14 14:36:28.480501,339
,345
,358
,344
,340
,350
,358
,345
,341
,353
,351
,342
,354
,364
2026 05 14 14:36:28.545162,351
,347
,359
,370
,354
,354
,363
,360
,347
,354
,363
,349
,344
,358
2026 05 14 14:36:28.606320,367
,353
,349
,351
,341
,329
,339
,349
,349
,347
,360
,370
,361
,354
2026 05 14 14:36:28.671505,368
,371
,353
,352
,359
,356
,347
,354
,359
,350
,342
,340
,349
,337
2026 05 14 14:36:28.733109,338
,349
,352
,346
,357
,364
,356
,354
,361
,365
,353
,348
,356
,358
2026 05 14 14:36:28.794830,348
,352
,356
,354
,349
,348
,353
,343
,339
,355
,354
,339
,342
,355
2026 05 14 14:36:28.860798,351
,335
,352
,363
,351
,355
,360
,356
,339
,343
,358
,355
,350
,348
2026 05 14 14:36:28.921365,358
,345
,338
,345
,351
,340
,347
,363
,358
,342
,345
,360
,357
,348
2026 05 14 14:36:28.986598,359
,367
,351
,341
,355
,361
,346
,338
,346
,346
,339
,345
,356
,346
2026 05 14 14:36:29.048995,342
,348
,353
,341
,345
,349
,346
,341
,350
,359
,343
,325
,344
,353
2026 05 14 14:36:29.109936,338
,335
,356
,373
,364
,356
,370
,360
,352
,367
,378
,363
,355
,361
2026 05 14 14:36:29.175941,363
,348
,354
,360
,350
,343
,355
,363
,355
,352
,358
,362
,352
,354
2026 05 14 14:36:29.237445,367
,366
,357
,371
,380
,370
,370
,360
,343
,333
,326
,341
,345
,335
2026 05 14 14:36:29.302784,340
,353
,348
,346
,363
,365
,348
,340
,357
,369
,353
,367
,359
,318
2026 05 14 14:36:29.364352,313
,324
,335
,332
,331
,343
,347
,337
,344
,359
,366
,360
,365
,371
2026 05 14 14:36:29.425469,348
,348
,371
,377
,360
,335
,343
,348
,338
,346
,358
,356
,351
,366
2026 05 14 14:36:29.491261,378
,385
,385
,389
,377
,335
,318
,339
,337
,331
,338
,348
,339
,341
2026 05 14 14:36:29.552891,344
,354
,347
,352
,364
,363
,356
,360
,358
,355
,361
,369
,375
,351
2026 05 14 14:36:29.618195,342
,368
,376
,358
,345
,339
,337
,336
,345
,349
,345
,348
,357
,361
2026 05 14 14:36:29.679805,347
,355
,368
,368
,353
,354
,363
,361
,356
,353
,357
,341
,337
,354
2026 05 14 14:36:29.741081,355
,346
,354
,358
,349
,342
,349
,363
,354
,355
,376
,375
,362
,350
2026 05 14 14:36:29.806403,363
,364
,339
,341
,348
,335
,333
,347
,351
,339
,339
,356
,352
,347
2026 05 14 14:36:29.868111,355
,363
,351
,352
,370
,362
,344
,340
,359
,363
,355
,341
,352
,343
2026 05 14 14:36:29.929072,337
,350
,359
,348
,347
,356
,358
,353
,359
,373
,362
,350
,358
,367
2026 05 14 14:36:29.994479,357
,348
,350
,352
,340
,340
,352
,351
,348
,355
,364
,353
,351
,365
2026 05 14 14:36:30.056256,367
,350
,356
,369
,365
,353
,356
,370
,348
,336
,356
,366
,356
,344
2026 05 14 14:36:30.121299,342
,346
,339
,344
,348
,341
,337
,348
,359
,352
,347
,349
,344
,336
2026 05 14 14:36:30.183223,346
,366
,378
,365
,361
,369
,350
,341
,360
,359
,342
,348
,360
,358
2026 05 14 14:36:30.244433,347
,351
,358
,344
,341
,350
,357
,346
,348
,363
,372
,368
,377
,356
2026 05 14 14:36:30.310635,348
,341
,353
,359
,342
,344
,360
,359
,350
,355
,366
,360
,353
,360
2026 05 14 14:36:30.371458,366
,356
,353
,361
,374
,367
,357
,355
,356
,346
,345
,358
,349
,343
2026 05 14 14:36:30.437718,358
,364
,351
,350
,361
,359
,344
,348
,361
,356
,354
,360
,369
,365
2026 05 14 14:36:30.499328,357
,347
,347
,331
,329
,346
,343
,335
,346
,358
,346
,341
,355
,357
2026 05 14 14:36:30.559682,347
,354
,365
,366
,366
,372
,380
,361
,339
,347
,351
,341
,341
,355
2026 05 14 14:36:30.626035,355
,345
,350
,359
,351
,348
,364
,376
,361
,347
,360
,370
,360
,372
2026 05 14 14:36:30.687234,368
,347
,325
,336
,351
,345
,345
,356
,358
,348
,350
,365
,364
,350
2026 05 14 14:36:30.752807,362
,370
,352
,338
,354
,356
,332
,336
,344
,348
,340
,349
,356
,349
2026 05 14 14:36:30.814297,336
,346
,353
,347
,349
,362
,360
,339
,330
,344
,336
,331
,343
,356
2026 05 14 14:36:30.875389,339
,337
,353
,357
,345
,351
,365
,365
,347
,352
,369
,361
,349
,357
2026 05 14 14:36:30.940435,364
,345
,341
,355
,358
,351
,360
,371
,355
,339
,353
,366
,360
,350
2026 05 14 14:36:31.002231,365
,367
,353
,361
,370
,351
,333
,343
,356
,351
,349
,361
,354
,339
2026 05 14 14:36:31.068843,342
,356
,351
,340
,350
,362
,360
,357
,362
,363
,339
,327
,337
,347
2026 05 14 14:36:31.129589,345
,347
,359
,354
,345
,353
,359
,348
,340
,345
,354
,348
,355
,364
2026 05 14 14:36:31.190321,359
,354
,362
,373
,348
,340
,351
,355
,335
,341
,354
,352
,338
,347
2026 05 14 14:36:31.256471,358
,350
,342
,359
,367
,356
,355
,368
,353
,333
,333
,347
,344
,340
2026 05 14 14:36:31.317674,350
,355
,341
,338
,355
,366
,351
,347
,357
,353
,344
,348
,355
,345
2026 05 14 14:36:31.383637,339
,354
,366
,344
,349
,363
,359
,352
,355
,360
,351
,340
,348
,360
2026 05 14 14:36:31.445033,346
,341
,346
,351
,342
,348
,360
,348
,343
,356
,360
,350
,344
,359
2026 05 14 14:36:31.505894,368
,361
,367
,372
,371
,364
,360
,360
,344
,340
,349
,359
,347
,346
2026 05 14 14:36:31.570983,357
,359
,350
,355
,362
,355
,354
,368
,375
,356
,345
,358
,357
,346
2026 05 14 14:36:31.633274,354
,368
,350
,338
,350
,350
,336
,337
,355
,357
,347
,345
,360
,358
2026 05 14 14:36:31.698996,352
,353
,368
,360
,358
,363
,366
,356
,356
,358
,360
,344
,350
,347
2026 05 14 14:36:31.760462,338
,334
,349
,354
,344
,342
,357
,359
,347
,356
,370
,359
,351
,354
2026 05 14 14:36:31.821276,358
,353
,352
,364
,359
,330
,326
,343
,346
,336
,338
,352
,346
,348
2026 05 14 14:36:31.886946,365
,369
,357
,360
,369
,365
,360
,355
,361
,347
,343
,353
,362
,355
2026 05 14 14:36:31.948181,355
,373
,367
,335
,332
,341
,337
,330
,341
,358
,344
,342
,356
,359
2026 05 14 14:36:32.014286,356
,356
,360
,345
,348
,359
,377
,355
,332
,334
,342
,335
,335
,342
2026 05 14 14:36:32.075465,341
,335
,341
,357
,349
,349
,360
,369
,350
,350
,359
,353
,349
,349
2026 05 14 14:36:32.137193,359
,349
,340
,348
,363
,348
,336
,337
,343
,335
,341
,351
,344
,336
2026 05 14 14:36:32.202828,347
,361
,353
,359
,380
,370
,357
,335
,333
,338
,330
,337
,347
,339
2026 05 14 14:36:32.264267,334
,348
,348
,336
,338
,352
,355
,343
,346
,359
,356
,350
,356
,360
2026 05 14 14:36:32.329577,339
,325
,333
,333
,322
,328
,340
,335
,326
,336
,352
,348
,338
,346
2026 05 14 14:36:32.390752,350
,342
,342
,354
,352
,334
,334
,345
,341
,340
,350
,356
,333
,337
2026 05 14 14:36:32.452127,352
,351
,340
,345
,357
,348
,341
,354
,359
,346
,337
,347
,352
,346
2026 05 14 14:36:32.518430,358
,363
,354
,339
,350
,362
,352
,346
,356
,360
,349
,343
,350
,353
2026 05 14 14:36:32.579509,342
,355
,358
,348
,342
,354
,359
,344
,346
,355
,357
,345
,349
,359
2026 05 14 14:36:32.645046,352
,344
,359
,370
,357
,352
,352
,358
,343
,337
,356
,351
,342
,353
2026 05 14 14:36:32.706223,357
,340
,333
,348
,359
,347
,350
,361
,366
,354
,368
,366
,356
,350
2026 05 14 14:36:32.767754,364
,366
,346
,352
,360
,349
,337
,339
,350
,341
,336
,349
,357
,345
2026 05 14 14:36:32.833118,343
,360
,362
,346
,351
,358
,349
,343
,359
,371
,358
,343
,343
,344
2026 05 14 14:36:32.895039,339
,342
,357
,351
,343
,345
,350
,335
,336
,356
,362
,352
,352
,363
2026 05 14 14:36:32.960300,362
,355
,361
,371
,368
,363
,366
,361
,347
,345
,346
,349
,338
,342
2026 05 14 14:36:33.021614,350
,344
,340
,352
,363
,351
,348
,355
,357
,344
,354
,367
,365
,362
2026 05 14 14:36:33.083108,372
,378
,363
,345
,350
,355
,352
,345
,354
,355
,345
,353
,363
,354
2026 05 14 14:36:33.149085,346
,351
,354
,351
,353
,366
,376
,359
,362
,362
,347
,343
,355
,360
2026 05 14 14:36:33.210661,347
,343
,356
,362
,352
,353
,360
,347
,335
,345
,352
,344
,348
,363
2026 05 14 14:36:33.276085,362
,347
,337
,357
,358
,332
,341
,356
,346
,338
,345
,353
,341
,337
2026 05 14 14:36:33.337583,353
,348
,340
,345
,354
,356
,348
,354
,361
,352
,342
,343
,346
,332
2026 05 14 14:36:33.398011,335
,346
,348
,340
,349
,356
,342
,338
,353
,360
,350
,353
,365
,368
2026 05 14 14:36:33.464223,366
,364
,353
,335
,333
,345
,349
,337
,331
,342
,349
,337
,345
,354
2026 05 14 14:36:33.525817,343
,337
,349
,365
,353
,349
,364
,359
,340
,341
,343
,342
,340
,356
2026 05 14 14:36:33.587111,356
,346
,347
,351
,353
,342
,344
,359
,353
,342
,345
,354
,342
,345
2026 05 14 14:36:33.652172,359
,368
,350
,345
,361
,366
,349
,350
,361
,360
,356
,367
,364
,345
2026 05 14 14:36:33.713713,336
,348
,357
,350
,357
,359
,351
,342
,351
,360
,350
,345
,351
,358
2026 05 14 14:36:33.779296,345
,342
,352
,351
,342
,348
,361
,355
,355
,363
,365
,348
,349
,359
2026 05 14 14:36:33.841174,356
,336
,345
,356
,344
,333
,344
,358
,344
,341
,353
,354
,346
,346
2026 05 14 14:36:33.902221,346
,342
,338
,352
,361
,350
,352
,365
,360
,339
,337
,346
,350
,341
2026 05 14 14:36:33.968377,347
,347
,334
,326
,341
,340
,323
,319
,334
,338
,328
,335
,349
,344
2026 05 14 14:36:34.028574,336
,349
,361
,353
,348
,356
,360
,339
,331
,347
,348
,339
,350
,361
2026 05 14 14:36:34.094289,346
,337
,345
,349
,339
,334
,345
,346
,340
,346
,353
,346
,344
,355
2026 05 14 14:36:34.156727,357
,341
,342
,352
,359
,346
,348
,360
,337
,327
,344
,350
,334
,329
2026 05 14 14:36:34.217369,345
,348
,339
,337
,351
,351
,343
,355
,363
,338
,331
,341
,354
,344
2026 05 14 14:36:34.283114,336
,354
,362
,353
,355
,358
,348
,343
,354
,359
,345
,341
,349
,354
2026 05 14 14:36:34.344528,342
,338
,349
,343
,337
,348
,361
,346
,340
,353
,365
,356
,359
,360
2026 05 14 14:36:34.410629,352
,348
,350
,358
,344
,340
,350
,359
,347
,352
,365
,369
,367
,368
2026 05 14 14:36:34.471040,366
,356
,355
,367
,373
,351
,342
,354
,350
,345
,349
,357
,354
,346
2026 05 14 14:36:34.532741,354
,363
,355
,352
,364
,367
,355
,363
,369
,367
,357
,352
,361
,351
2026 05 14 14:36:34.598930,351
,364
,371
,346
,348
,360
,357
,348
,355
,369
,355
,347
,358
,364
2026 05 14 14:36:34.660585,357
,352
,366
,371
,358
,359
,361
,355
,353
,360
,367
,349
,347
,361
2026 05 14 14:36:34.725653,352
,326
,328
,345
,351
,342
,347
,352
,349
,347
,364
,371
,359
,354
2026 05 14 14:36:34.786523,363
,366
,354
,365
,373
,368
,348
,339
,346
,339
,337
,347
,345
,335
2026 05 14 14:36:34.848566,343
,352
,348
,349
,360
,368
,345
,348
,364
,372
,356
,365
,382
,380
2026 05 14 14:36:34.914248,353
,343
,347
,336
,339
,354
,355
,337
,337
,349
,347
,344
,349
,355
2026 05 14 14:36:34.974942,339
,340
,350
,352
,348
,354
,372
,373
,346
,333
,344
,344
,337
,346
2026 05 14 14:36:35.040343,355
,348
,341
,339
,341
,330
,334
,349
,345
,342
,348
,356
,350
,345
2026 05 14 14:36:35.102724,340
,353
,344
,338
,356
,359
,355
,363
,367
,349
,337
,346
,355
,341
2026 05 14 14:36:35.163785,339
,352
,352
,342
,348
,352
,348
,335
,345
,360
,347
,349
,364
,372
2026 05 14 14:36:35.229654,362
,352
,351
,346
,336
,339
,351
,335
,335
,349
,348
,345
,348
,356
2026 05 14 14:36:35.290490,346
,334
,340
,352
,352
,347
,364
,368
,355
,354
,365
,352
,337
,335
2026 05 14 14:36:35.356631,350
,350
,345
,355
,364
,350
,344
,349
,352
,342
,342
,351
,350
,351
2026 05 14 14:36:35.418143,365
,360
,351
,349
,360
,357
,345
,336
,350
,341
,326
,331
,348
,336
2026 05 14 14:36:35.479087,332
,342
,346
,327
,326
,338
,342
,330
,333
,352
,351
,346
,354
,352
2026 05 14 14:36:35.545158,333
,337
,353
,352
,331
,338
,354
,353
,342
,348
,358
,345
,343
,354
2026 05 14 14:36:35.606614,356
,348
,348
,362
,362
,356
,360
,367
,352
,344
,348
,356
,348
,359
2026 05 14 14:36:35.670750,377
,363
,344
,347
,353
,340
,334
,348
,353
,348
,340
,355
,359
,348
2026 05 14 14:36:35.733187,350
,360
,358
,353
,359
,372
,356
,347
,353
,355
,347
,348
,361
,350
2026 05 14 14:36:35.794342,337
,345
,361
,351
,347
,356
,356
,341
,344
,358
,359
,351
,359
,363
2026 05 14 14:36:35.860037,361
,355
,360
,359
,342
,347
,354
,344
,332
,332
,341
,337
,338
,348
2026 05 14 14:36:35.920940,350
,339
,339
,356
,363
,349
,348
,362
,359
,352
,358
,359
,358
,351
2026 05 14 14:36:35.987221,357
,355
,341
,343
,349
,352
,342
,344
,355
,346
,347
,353
,362
,337
2026 05 14 14:36:36.048177,335
,353
,359
,350
,353
,354
,350
,342
,357
,362
,345
,337
,351
,353
2026 05 14 14:36:36.109820,328
,331
,346
,345
,337
,347
,353
,341
,342
,354
,356
,343
,343
,350
2026 05 14 14:36:36.175535,351
,340
,343
,358
,340
,331
,345
,354
,350
,347
,356
,358
,349
,353
2026 05 14 14:36:36.237083,363
,356
,359
,367
,359
,342
,338
,352
,358
,339
,349
,357
,347
,341
2026 05 14 14:36:36.302161,348
,356
,352
,347
,357
,362
,350
,347
,362
,365
,349
,348
,358
,353
2026 05 14 14:36:36.364230,349
,343
,341
,334
,330
,345
,347
,339
,333
,339
,336
,335
,343
,347
2026 05 14 14:36:36.425034,336
,331
,345
,351
,343
,347
,359
,363
,337
,342
,351
,338
,330
,339
2026 05 14 14:36:36.490527,356
,344
,340
,353
,350
,342
,357
,372
,366
,351
,356
,364
,352
,347
2026 05 14 14:36:36.552511,351
,340
,327
,332
,346
,347
,338
,349
,359
,347
,342
,353
,362
,348
2026 05 14 14:36:36.618630,349
,362
,362
,356
,373
,378
,352
,335
,345
,352
,346
,335
,342
,350
2026 05 14 14:36:36.679821,345
,347
,349
,346
,336
,348
,354
,341
,339
,357
,361
,351
,353
,357
2026 05 14 14:36:36.740939,350
,346
,352
,361
,337
,341
,348
,353
,344
,351
,368
,358
,346
,348
2026 05 14 14:36:36.807241,356
,350
,349
,361
,359
,347
,351
,360
,351
,343
,353
,361
,346
,333
2026 05 14 14:36:36.867391,345
,351
,337
,341
,361
,363
,351
,357
,370
,356
,347
,358
,364
,348
2026 05 14 14:36:36.933122,346
,356
,353
,339
,346
,352
,348
,340
,349
,361
,357
,351
,343
,345
2026 05 14 14:36:36.995006,334
,339
,348
,345
,337
,342
,355
,346
,342
,355
,355
,342
,343
,357
2026 05 14 14:36:37.056310,365
,356
,363
,378
,369
,356
,344
,349
,344
,341
,349
,351
,336
,341
2026 05 14 14:36:37.120712,357
,351
,342
,349
,365
,352
,351
,364
,375
,360
,358
,370
,367
,355
2026 05 14 14:36:37.183936,359
,365
,352
,347
,350
,355
,349
,348
,354
,346
,335
,344
,354
,347
2026 05 14 14:36:37.248818,341
,350
,359
,353
,354
,361
,363
,350
,338
,349
,353
,340
,346
,352
2026 05 14 14:36:37.310835,336
,340
,352
,357
,347
,344
,363
,366
,363
,364
,364
,352
,351
,364
2026 05 14 14:36:37.370903,373
,359
,351
,359
,352
,338
,349
,358
,349
,343
,352
,366
,357
,351
2026 05 14 14:36:37.436806,360
,364
,351
,353
,361
,349
,347
,353
,369
,364
,355
,359
,362
,350
2026 05 14 14:36:37.498673,340
,345
,333
,320
,336
,351
,339
,335
,349
,358
,345
,342
,357
,359
2026 05 14 14:36:37.560064,353
,363
,361
,352
,354
,361
,366
,353
,352
,361
,351
,337
,337
,349
2026 05 14 14:36:37.626318,345
,335
,339
,351
,342
,337
,355
,363
,351
,359
,369
,363
,358
,363
2026 05 14 14:36:37.686255,359
,350
,348
,363
,371
,355
,344
,351
,350
,341
,345
,353
,347
,342
2026 05 14 14:36:37.752895,352
,359
,345
,341
,359
,362
,349
,352
,364
,366
,354
,358
,375
,362
2026 05 14 14:36:37.813591,345
,364
,376
,342
,335
,350
,351
,342
,351
,358
,350
,347
,359
,365
2026 05 14 14:36:37.875924,351
,348
,364
,370
,362
,353
,359
,350
,343
,343
,347
,349
,345
,354
2026 05 14 14:36:37.941116,362
,351
,345
,358
,355
,351
,360
,363
,355
,349
,354
,354
,338
,345
2026 05 14 14:36:38.002611,364
,369
,359
,356
,362
,339
,340
,358
,365
,356
,354
,368
,371
,363
2026 05 14 14:36:38.068637,361
,367
,359
,347
,351
,361
,346
,349
,361
,364
,348
,346
,350
,340
2026 05 14 14:36:38.129662,328
,338
,348
,338
,337
,346
,353
,346
,339
,347
,347
,338
,344
,346
2026 05 14 14:36:38.190981,345
,345
,365
,376
,356
,345
,353
,351
,349
,350
,355
,353
,348
,353
2026 05 14 14:36:38.256373,362
,352
,347
,362
,366
,347
,349
,357
,351
,353
,352
,361
,352
,340
2026 05 14 14:36:38.317309,354
,359
,343
,352
,364
,357
,346
,357
,362
,351
,347
,356
,361
,339
2026 05 14 14:36:38.383118,334
,355
,352
,342
,354
,365
,347
,338
,352
,360
,350
,348
,356
,361
2026 05 14 14:36:38.444501,353
,352
,359
,356
,347
,353
,359
,344
,344
,361
,369
,360
,364
,361
2026 05 14 14:36:38.507277,357
,349
,347
,355
,345
,345
,355
,361
,344
,345
,360
,360
,353
,365
2026 05 14 14:36:38.571267,381
,366
,364
,368
,352
,350
,347
,358
,363
,351
,351
,363
,351
,342
2026 05 14 14:36:38.632796,351
,358
,350
,348
,360
,365
,351
,354
,368
,367
,360
,374
,382
,356
2026 05 14 14:36:38.698795,346
,359
,363
,357
,353
,354
,342
,339
,349
,359
,351
,344
,358
,364
2026 05 14 14:36:38.760295,348
,352
,366
,370
,354
,358
,374
,376
,366
,372
,362
,354
,347
,354
2026 05 14 14:36:38.821258,359
,352
,356
,360
,359
,346
,352
,362
,352
,346
,354
,360
,351
,353
2026 05 14 14:36:38.887241,350
,351
,355
,356
,360
,341
,328
,346
,353
,343
,347
,351
,351
,345
2026 05 14 14:36:38.948521,344
,359
,355
,351
,362
,369
,355
,354
,366
,361
,346
,347
,355
,353
2026 05 14 14:36:39.013625,350
,360
,368
,345
,338
,346
,356
,348
,354
,364
,362
,356
,362
,370
2026 05 14 14:36:39.076167,353
,341
,353
,359
,346
,344
,351
,346
,339
,347
,354
,348
,335
,345
2026 05 14 14:36:39.136863,353
,353
,353
,371
,365
,345
,344
,357
,354
,349
,356
,362
,353
,351
2026 05 14 14:36:39.202633,353
,346
,325
,336
,358
,357
,346
,350
,359
,355
,348
,348
,359
,353
2026 05 14 14:36:39.263623,347
,355
,353
,342
,350
,356
,331
,334
,351
,354
,344
,348
,356
,356
2026 05 14 14:36:39.329521,346
,343
,359
,358
,353
,353
,359
,354
,344
,353
,360
,339
,345
,359
2026 05 14 14:36:39.390348,354
,349
,356
,364
,349
,345
,361
,368
,353
,352
,360
,361
,339
,334
2026 05 14 14:36:39.451540,353
,348
,342
,350
,358
,346
,340
,345
,354
,344
,345
,352
,344
,341
2026 05 14 14:36:39.517940,341
,356
,344
,338
,350
,357
,344
,353
,357
,348
,339
,346
,353
,335
2026 05 14 14:36:39.579271,331
,354
,367
,342
,340
,356
,361
,344
,351
,355
,350
,356
,354
,366
2026 05 14 14:36:39.644780,357
,355
,365
,363
,350
,352
,372
,363
,344
,348
,364
,347
,348
,365
2026 05 14 14:36:39.706521,359
,353
,352
,362
,362
,350
,356
,363
,360
,364
,370
,369
,352
,350
2026 05 14 14:36:39.767370,366
,366
,359
,359
,359
,343
,347
,362
,375
,364
,348
,352
,362
,353
2026 05 14 14:36:39.832509,358
,357
,351
,345
,358
,367
,365
,350
,348
,354
,345
,355
,369
,356
2026 05 14 14:36:39.894277,348
,357
,369
,360
,348
,366
,369
,340
,338
,361
,351
,340
,339
,354
2026 05 14 14:36:39.960283,345
,335
,336
,341
,338
,351
,355
,355
,341
,348
,351
,355
,347
,340
2026 05 14 14:36:40.020866,353
,338
,348
,369
,366
,342
,336
,358
,355
,343
,349
,360
,352
,350
2026 05 14 14:36:40.083293,343
,358
,352
,344
,355
,354
,347
,343
,345
,344
,345
,353
,353
,339
2026 05 14 14:36:40.148696,336
,341
,345
,339
,342
,351
,343
,339
,342
,348
,331
,326
,340
,349
2026 05 14 14:36:40.209594,335
,333
,344
,343
,336
,337
,347
,340
,332
,338
,351
,335
,337
,348
2026 05 14 14:36:40.276182,345
,333
,340
,350
,342
,335
,346
,356
,337
,329
,347
,351
,344
,346
2026 05 14 14:36:40.337206,350
,337
,329
,339
,344
,339
,338
,345
,351
,341
,348
,354
,345
,347
2026 05 14 14:36:40.398362,352
,359
,339
,340
,354
,363
,358
,350
,348
,351
,340
,345
,355
,352
2026 05 14 14:36:40.463989,346
,354
,359
,349
,346
,351
,351
,346
,351
,363
,353
,345
,354
,353
2026 05 14 14:36:40.525706,342
,338
,350
,356
,346
,349
,359
,357
,349
,361
,361
,350
,351
,365
2026 05 14 14:36:40.591188,366
,342
,341
,341
,343
,333
,348
,360
,357
,346
,353
,361
,343
,344
2026 05 14 14:36:40.652507,352
,353
,342
,351
,364
,355
,341
,354
,364
,348
,347
,360
,365
,346
2026 05 14 14:36:40.713601,339
,344
,345
,345
,365
,369
,347
,346
,358
,365
,358
,359
,364
,366
2026 05 14 14:36:40.779863,351
,357
,363
,359
,355
,357
,360
,347
,338
,355
,354
,343
,351
,358
2026 05 14 14:36:40.841082,347
,344
,362
,364
,342
,343
,358
,362
,348
,349
,361
,358
,344
,349
2026 05 14 14:36:40.906417,355
,340
,335
,350
,343
,330
,328
,342
,336
,328
,336
,348
,347
,336
2026 05 14 14:36:40.967480,340
,347
,337
,333
,342
,345
,340
,342
,355
,345
,341
,355
,368
,344
2026 05 14 14:36:41.030115,342
,351
,351
,348
,350
,361
,358
,350
,356
,359
,339
,329
,347
,359
2026 05 14 14:36:41.094735,344
,347
,361
,359
,354
,361
,369
,348
,338
,348
,355
,347
,354
,367
2026 05 14 14:36:41.156122,365
,351
,348
,344
,338
,338
,355
,366
,356
,358
,371
,370
,349
,351
2026 05 14 14:36:41.221399,364
,355
,351
,359
,368
,356
,348
,359
,373
,355
,341
,349
,355
,348
2026 05 14 14:36:41.283217,354
,356
,349
,350
,356
,358
,348
,351
,368
,366
,364
,369
,368
,356
2026 05 14 14:36:41.344649,352
,362
,365
,354
,347
,364
,372
,361
,354
,360
,352
,342
,352
,361
2026 05 14 14:36:41.409893,353
,353
,372
,363
,343
,348
,357
,354
,351
,363
,371
,366
,351
,363
2026 05 14 14:36:41.470924,369
,352
,352
,356
,350
,342
,348
,354
,351
,341
,354
,356
,350
,347
2026 05 14 14:36:41.537346,352
,356
,342
,343
,358
,353
,346
,359
,369
,351
,351
,354
,358
,355
2026 05 14 14:36:41.598639,355
,360
,358
,345
,350
,349
,344
,338
,350
,356
,341
,345
,353
,350
2026 05 14 14:36:41.660033,343
,351
,363
,352
,352
,367
,367
,356
,351
,347
,347
,341
,340
,348
2026 05 14 14:36:41.725568,342
,336
,344
,349
,340
,342
,354
,365
,349
,341
,356
,353
,345
,348
2026 05 14 14:36:41.787190,366
,352
,348
,368
,364
,343
,346
,356
,353
,344
,346
,356
,350
,346
2026 05 14 14:36:41.847845,357
,359
,351
,344
,357
,361
,346
,348
,360
,347
,337
,351
,360
,355
2026 05 14 14:36:41.913216,342
,350
,355
,347
,349
,366
,363
,337
,339
,356
,344
,341
,358
,355
2026 05 14 14:36:41.975630,339
,342
,356
,364
,352
,357
,353
,345
,337
,342
,354
,339
,338
,351
2026 05 14 14:36:42.042680,353
,346
,352
,360
,353
,345
,352
,360
,336
,339
,348
,350
,340
,341
2026 05 14 14:36:42.102489,357
,361
,357
,361
,360
,344
,344
,352
,355
,343
,343
,350
,351
,347
2026 05 14 14:36:42.163277,353
,362
,356
,347
,357
,356
,345
,341
,344
,336
,327
,337
,347
,345
2026 05 14 14:36:42.229494,343
,350
,358
,350
,350
,363
,355
,341
,349
,359
,357
,361
,367
,365
2026 05 14 14:36:42.291715,356
,351
,343
,346
,333
,333
,348
,347
,343
,350
,358
,353
,344
,352
2026 05 14 14:36:42.355598,364
,355
,349
,364
,366
,360
,378
,392
,374
,337
,348
,348
,335
,337
2026 05 14 14:36:42.418015,352
,355
,345
,350
,360
,354
,353
,357
,360
,346
,340
,348
,350
,349
2026 05 14 14:36:42.479358,360
,370
,350
,347
,358
,354
,345
,341
,351
,356
,344
,345
,353
,355
2026 05 14 14:36:42.544809,349
,353
,363
,355
,351
,362
,366
,348
,346
,356
,361
,355
,345
,342
2026 05 14 14:36:42.606512,338
,339
,358
,364
,348
,340
,353
,355
,343
,344
,351
,349
,347
,358
2026 05 14 14:36:42.671440,362
,354
,351
,364
,363
,337
,352
,362
,360
,342
,344
,359
,348
,340
2026 05 14 14:36:42.733119,351
,357
,344
,346
,359
,362
,356
,356
,364
,368
,360
,360
,359
,345
2026 05 14 14:36:42.794477,336
,344
,344
,331
,335
,343
,339
,331
,339
,348
,334
,330
,343
,352
2026 05 14 14:36:42.860306,334
,333
,352
,363
,352
,350
,358
,352
,343
,346
,354
,347
,340
,352
2026 05 14 14:36:42.921259,350
,337
,344
,350
,353
,346
,352
,359
,342
,342
,348
,348
,342
,345
2026 05 14 14:36:42.987150,357
,354
,346
,354
,360
,346
,340
,355
,360
,345
,342
,354
,357
,343
2026 05 14 14:36:43.048338,346
,356
,358
,359
,372
,369
,335
,333
,348
,358
,349
,346
,359
,355
2026 05 14 14:36:43.109456,351
,362
,361
,350
,347
,356
,360
,344
,344
,361
,361
,360
,361
,348
2026 05 14 14:36:43.175583,336
,337
,351
,359
,352
,345
,353
,353
,342
,350
,364
,355
,342
,353
2026 05 14 14:36:43.236599,355
,345
,344
,352
,348
,345
,349
,361
,348
,329
,341
,354
,346
,330
2026 05 14 14:36:43.302397,345
,352
,331
,339
,353
,352
,345
,357
,367
,353
,346
,354
,354
,344
2026 05 14 14:36:43.363992,348
,356
,354
,335
,341
,342
,331
,330
,339
,349
,341
,342
,355
,357
2026 05 14 14:36:43.425395,342
,349
,361
,360
,353
,356
,358
,340
,339
,352
,350
,339
,342
,356
2026 05 14 14:36:43.490964,351
,346
,357
,349
,333
,331
,343
,348
,341
,350
,361
,349
,339
,346
2026 05 14 14:36:43.552252,353
,343
,346
,357
,351
,343
,339
,355
,351
,339
,340
,351
,341
,330
2026 05 14 14:36:43.617888,343
,353
,346
,340
,349
,351
,348
,351
,362
,354
,351
,362
,371
,359
2026 05 14 14:36:43.679391,351
,351
,357
,350
,343
,352
,350
,344
,353
,355
,346
,339
,353
,365
2026 05 14 14:36:43.741155,351
,350
,363
,364
,350
,355
,359
,351
,343
,354
,360
,349
,349
,355
2026 05 14 14:36:43.805629,359
,346
,347
,362
,355
,336
,337
,346
,347
,346
,360
,364
,345
,348
2026 05 14 14:36:43.867625,362
,359
,353
,360
,370
,359
,357
,362
,354
,345
,338
,345
,346
,335
2026 05 14 14:36:43.933123,348
,357
,348
,344
,357
,365
,357
,355
,369
,375
,369
,358
,358
,343
2026 05 14 14:36:43.994766,344
,355
,362
,346
,337
,346
,352
,339
,342
,357
,350
,340
,339
,355
2026 05 14 14:36:44.055988,348
,344
,360
,359
,344
,348
,363
,359
,350
,354
,367
,368
,360
,347
2026 05 14 14:36:44.121297,351
,333
,325
,339
,337
,328
,333
,342
,337
,335
,345
,354
,345
,346
2026 05 14 14:36:44.182443,358
,364
,356
,360
,365
,354
,343
,343
,353
,341
,337
,337
,336
,327
2026 05 14 14:36:44.249730,331
,344
,337
,332
,339
,350
,344
,343
,355
,366
,354
,360
,376
,372
2026 05 14 14:36:44.310183,353
,352
,353
,328
,324
,333
,346
,338
,335
,349
,352
,341
,337
,354
2026 05 14 14:36:44.371014,355
,344
,362
,373
,365
,340
,349
,362
,355
,347
,361
,353
,341
,338
2026 05 14 14:36:44.436817,345
,341
,329
,340
,344
,332
,329
,343
,346
,339
,348
,366
,369
,360
2026 05 14 14:36:44.498711,357
,355
,341
,339
,353
,357
,342
,346
,364
,357
,345
,346
,355
,343
2026 05 14 14:36:44.563267,340
,351
,351
,344
,342
,353
,362
,353
,362
,370
,359
,359
,366
,375
2026 05 14 14:36:44.625864,346
,336
,347
,344
,337
,341
,352
,350
,344
,353
,359
,343
,337
,353
2026 05 14 14:36:44.686930,365
,349
,351
,357
,348
,342
,362
,366
,351
,351
,366
,364
,338
,334
2026 05 14 14:36:44.751153,349
,344
,338
,343
,350
,342
,339
,352
,355
,345
,343
,356
,360
,352
2026 05 14 14:36:44.813609,359
,376
,376
,357
,356
,358
,337
,323
,337
,353
,343
,345
,351
,345
2026 05 14 14:36:44.879335,341
,348
,355
,338
,332
,347
,360
,352
,359
,372
,369
,362
,366
,368
2026 05 14 14:36:44.940980,350
,337
,348
,354
,343
,340
,355
,357
,340
,345
,354
,348
,343
,350
2026 05 14 14:36:45.001114,357
,349
,355
,364
,365
,355
,356
,367
,369
,356
,358
,358
,341
,339
2026 05 14 14:36:45.068459,355
,362
,353
,351
,360
,358
,341
,346
,352
,342
,337
,342
,349
,341
2026 05 14 14:36:45.128712,343
,359
,362
,352
,359
,364
,358
,358
,364
,361
,354
,346
,352
,353
2026 05 14 14:36:45.194698,337
,336
,350
,345
,334
,343
,354
,341
,343
,359
,365
,349
,356
,372
2026 05 14 14:36:45.256501,360
,351
,361
,361
,354
,336
,341
,348
,331
,335
,346
,340
,326
,334
2026 05 14 14:36:45.317329,348
,345
,339
,344
,356
,339
,339
,355
,358
,347
,357
,365
,356
,342
2026 05 14 14:36:45.383195,357
,363
,332
,328
,345
,352
,339
,340
,351
,355
,345
,343
,353
,352
2026 05 14 14:36:45.444172,346
,354
,356
,349
,346
,365
,357
,345
,349
,354
,342
,339
,341
,351
2026 05 14 14:36:45.510734,343
,343
,355
,359
,343
,339
,355
,351
,340
,342
,356
,346
,336
,358
2026 05 14 14:36:45.570917,362
,356
,354
,361
,356
,345
,355
,361
,348
,346
,352
,355
,331
,327
2026 05 14 14:36:45.632589,343
,346
,335
,336
,352
,349
,351
,366
,370
,352
,352
,349
,352
,341
2026 05 14 14:36:45.698806,337
,348
,344
,339
,349
,358
,343
,339
,351
,355
,341
,338
,351
,352
2026 05 14 14:36:45.759742,340
,346
,359
,362
,350
,358
,358
,338
,341
,354
,351
,341
,345
,353
2026 05 14 14:36:45.821272,345
,334
,346
,353
,343
,339
,352
,360
,345
,345
,354
,348
,340
,350
2026 05 14 14:36:45.886850,356
,343
,345
,353
,353
,343
,345
,359
,363
,353
,354
,355
,339
,333
2026 05 14 14:36:45.948446,341
,353
,337
,336
,350
,351
,338
,342
,351
,343
,340
,353
,363
,352
2026 05 14 14:36:46.013627,352
,360
,364
,352
,360
,368
,354
,340
,351
,356
,341
,335
,344
,347
2026 05 14 14:36:46.075502,342
,337
,351
,346
,340
,350
,362
,356
,351
,365
,370
,353
,352
,367
2026 05 14 14:36:46.136912,368
,355
,354
,357
,345
,333
,337
,348
,339
,339
,355
,349
,337
,345
2026 05 14 14:36:46.202402,353
,343
,340
,353
,355
,345
,348
,369
,370
,360
,357
,366
,358
,343
2026 05 14 14:36:46.263473,351
,358
,351
,332
,348
,351
,337
,339
,350
,349
,338
,341
,353
,350
2026 05 14 14:36:46.329838,345
,352
,357
,350
,342
,356
,356
,344
,354
,367
,359
,345
,340
,351
2026 05 14 14:36:46.391109,335
,335
,344
,351
,334
,337
,345
,346
,344
,356
,360
,352
,350
,358
2026 05 14 14:36:46.451610,358
,345
,351
,365
,366
,352
,350
,356
,351
,339
,340
,347
,341
,344
2026 05 14 14:36:46.517794,347
,352
,345
,352
,359
,354
,349
,352
,362
,352
,351
,360
,358
,344
2026 05 14 14:36:46.579258,348
,361
,359
,339
,332
,341
,334
,331
,343
,343
,333
,331
,343
,345
2026 05 14 14:36:46.644629,342
,347
,367
,358
,352
,365
,372
,355
,342
,352
,357
,343
,334
,336
2026 05 14 14:36:46.705990,332
,329
,340
,341
,323
,323
,341
,355
,346
,342
,351
,353
,346
,350
2026 05 14 14:36:46.767315,358
,346
,344
,353
,352
,335
,346
,361
,360
,344
,349
,356
,351
,348
2026 05 14 14:36:46.833164,358
,362
,349
,344
,358
,359
,350
,350
,369
,370
,358
,353
,360
,347
2026 05 14 14:36:46.894191,339
,343
,345
,340
,342
,354
,352
,345
,352
,363
,350
,348
,362
,370
2026 05 14 14:36:46.960078,357
,357
,371
,368
,348
,361
,372
,362
,355
,361
,369
,357
,351
,354
2026 05 14 14:36:47.023706,358
,347
,349
,359
,354
,347
,358
,365
,353
,348
,360
,365
,346
,357
2026 05 14 14:36:47.083015,370
,370
,361
,365
,378
,367
,355
,366
,366
,350
,348
,354
,352
,347
2026 05 14 14:36:47.148514,351
,360
,350
,338
,351
,355
,352
,353
,365
,366
,356
,363
,372
,353
2026 05 14 14:36:47.210067,350
,363
,374
,358
,354
,361
,356
,343
,345
,349
,346
,344
,351
,359
2026 05 14 14:36:47.275386,344
,343
,360
,365
,356
,353
,361
,366
,357
,356
,366
,357
,354
,368
2026 05 14 14:36:47.336737,359
,345
,341
,345
,343
,337
,342
,348
,343
,342
,349
,352
,341
,343
2026 05 14 14:36:47.397665,360
,366
,359
,361
,364
,356
,351
,354
,365
,352
,344
,356
,354
,341
2026 05 14 14:36:47.463739,342
,350
,347
,341
,351
,355
,355
,352
,350
,354
,349
,355
,365
,360
2026 05 14 14:36:47.525293,346
,348
,356
,351
,346
,355
,363
,350
,346
,361
,363
,340
,343
,353
2026 05 14 14:36:47.590833,350
,337
,346
,361
,350
,350
,361
,362
,342
,340
,350
,348
,336
,349
2026 05 14 14:36:47.652224,364
,349
,342
,351
,360
,347
,348
,365
,365
,340
,338
,348
,347
,339
2026 05 14 14:36:47.713610,350
,358
,345
,346
,364
,360
,335
,343
,359
,354
,345
,359
,362
,346
2026 05 14 14:36:47.779331,337
,344
,344
,333
,335
,351
,352
,349
,356
,352
,346
,344
,362
,367
2026 05 14 14:36:47.840924,352
,353
,363
,361
,349
,350
,357
,345
,335
,342
,344
,331
,335
,347
2026 05 14 14:36:47.906181,352
,334
,333
,351
,353
,349
,354
,362
,352
,349
,357
,364
,348
,345
2026 05 14 14:36:47.967074,359
,349
,345
,356
,366
,344
,340
,354
,357
,331
,327
,343
,348
,340
2026 05 14 14:36:48.028615,348
,362
,357
,353
,364
,362
,352
,357
,367
,363
,347
,346
,357
,355
2026 05 14 14:36:48.094843,350
,360
,367
,349
,348
,358
,347
,333
,342
,354
,356
,347
,352
,363
2026 05 14 14:36:48.155824,352
,353
,362
,366
,352
,348
,358
,358
,348
,349
,346
,335
,329
,345
2026 05 14 14:36:48.220825,351
,324
,323
,336
,336
,328
,342
,351
,344
,337
,347
,349
,335
,329
2026 05 14 14:36:48.283838,342
,344
,338
,338
,347
,346
,345
,352
,359
,345
,339
,356
,357
,341
2026 05 14 14:36:48.344302,342
,356
,355
,349
,358
,360
,352
,342
,347
,355
,348
,350
,362
,355
2026 05 14 14:36:48.410651,344
,351
,358
,359
,357
,366
,371
,360
,353
,363
,356
,343
,347
,360
2026 05 14 14:36:48.471271,362
,346
,348
,357
,348
,345
,356
,357
,347
,344
,353
,360
,351
,354
2026 05 14 14:36:48.536813,363
,361
,355
,368
,369
,355
,353
,362
,369
,362
,362
,365
,361
,349
2026 05 14 14:36:48.598514,356
,363
,350
,351
,364
,366
,353
,353
,361
,356
,346
,352
,364
,351
2026 05 14 14:36:48.659347,350
,354
,344
,337
,345
,352
,348
,347
,352
,363
,351
,348
,352
,349
2026 05 14 14:36:48.725276,331
,333
,349
,355
,345
,355
,363
,353
,348
,348
,354
,345
,342
,353
2026 05 14 14:36:48.786743,356
,348
,355
,369
,361
,348
,357
,366
,364
,361
,372
,371
,349
,343
2026 05 14 14:36:48.852388,354
,355
,346
,353
,368
,360
,356
,364
,369
,354
,359
,366
,371
,361
2026 05 14 14:36:48.913675,358
,361
,349
,345
,356
,361
,350
,352
,366
,369
,359
,363
,366
,359
2026 05 14 14:36:48.975334,357
,357
,360
,341
,336
,344
,347
,334
,335
,352
,358
,347
,355
,356
2026 05 14 14:36:49.040941,343
,335
,348
,351
,334
,330
,349
,349
,344
,350
,355
,349
,342
,355
2026 05 14 14:36:49.102385,353
,338
,342
,349
,348
,343
,350
,361
,356
,345
,362
,363
,351
,348
2026 05 14 14:36:49.167018,360
,353
,343
,349
,357
,351
,341
,340
,351
,344
,342
,356
,358
,344
2026 05 14 14:36:49.229485,346
,359
,355
,343
,352
,358
,351
,357
,356
,364
,354
,347
,365
,370
2026 05 14 14:36:49.290423,355
,353
,365
,358
,350
,351
,355
,345
,344
,355
,360
,352
,351
,362
2026 05 14 14:36:49.355639,366
,357
,367
,377
,339
,334
,352
,353
,348
,341
,354
,355
,344
,350
2026 05 14 14:36:49.417459,360
,352
,347
,355
,361
,352
,345
,354
,355
,355
,355
,357
,355
,354
2026 05 14 14:36:49.483527,361
,371
,360
,353
,362
,365
,335
,353
,371
,368
,348
,353
,354
,338
2026 05 14 14:36:49.543858,342
,358
,362
,349
,350
,362
,359
,347
,353
,355
,346
,343
,354
,363
2026 05 14 14:36:49.606872,350
,349
,355
,348
,345
,341
,358
,352
,342
,353
,354
,342
,340
,353
2026 05 14 14:36:49.671225,358
,345
,345
,358
,356
,346
,352
,364
,356
,348
,355
,364
,353
,351
2026 05 14 14:36:49.733124,359
,352
,335
,345
,364
,357
,351
,361
,365
,352
,345
,361
,365
,346
2026 05 14 14:36:49.798345,344
,351
,354
,352
,351
,357
,346
,339
,354
,353
,344
,343
,351
,358
2026 05 14 14:36:49.860828,350
,347
,355
,347
,343
,354
,361
,350
,347
,356
,353
,344
,344
,359
2026 05 14 14:36:49.921176,351
,343
,344
,360
,348
,345
,354
,363
,352
,350
,352
,336
,337
,356
2026 05 14 14:36:49.986888,364
,347
,337
,346
,355
,341
,345
,361
,357
,351
,356
,358
,346
,338
2026 05 14 14:36:50.048455,347
,346
,344
,347
,362
,359
,352
,352
,362
,357
,351
,361
,357
,331
2026 05 14 14:36:50.110223,335
,352
,360
,354
,353
,371
,365
,348
,357
,365
,350
,341
,349
,355
2026 05 14 14:36:50.175363,348
,349
,363
,359
,346
,353
,362
,352
,344
,348
,358
,348
,342
,355
2026 05 14 14:36:50.237009,360
,347
,345
,354
,347
,341
,353
,360
,346
,347
,359
,357
,347
,351
2026 05 14 14:36:50.302363,354
,341
,337
,351
,359
,346
,346
,360
,365
,345
,341
,350
,343
,342
2026 05 14 14:36:50.363631,356
,364
,350
,342
,356
,366
,348
,351
,356
,352
,342
,349
,359
,347
2026 05 14 14:36:50.425844,342
,348
,357
,344
,341
,348
,352
,337
,340
,354
,358
,361
,360
,346
2026 05 14 14:36:50.490836,331
,321
,347
,353
,338
,347
,363
,360
,352
,360
,360
,346
,336
,350
2026 05 14 14:36:50.552403,356
,342
,345
,357
,351
,337
,343
,350
,342
,344
,357
,362
,342
,342
2026 05 14 14:36:50.617942,353
,360
,345
,346
,359
,350
,347
,358
,364
,349
,347
,355
,363
,345
2026 05 14 14:36:50.679530,340
,359
,360
,352
,353
,354
,354
,350
,360
,351
,337
,346
,352
,355
2026 05 14 14:36:50.740752,347
,348
,360
,352
,353
,364
,370
,345
,343
,355
,360
,344
,346
,355
2026 05 14 14:36:50.805593,349
,348
,356
,355
,352
,353
,361
,364
,347
,341
,345
,344
,334
,347
2026 05 14 14:36:50.866749,361
,350
,347
,358
,359
,347
,350
,361
,361
,351
,360
,364
,353
,345
2026 05 14 14:36:50.934484,345
,358
,346
,348
,358
,363
,344
,344
,357
,351
,345
,350
,350
,342
2026 05 14 14:36:50.994729,343
,355
,360
,350
,346
,358
,352
,342
,350
,350
,336
,334
,341
,339
2026 05 14 14:36:51.055856,334
,338
,349
,342
,342
,347
,360
,349
,346
,347
,347
,329
,332
,342
2026 05 14 14:36:51.121001,343
,339
,351
,363
,353
,334
,348
,358
,348
,343
,353
,354
,342
,343
2026 05 14 14:36:51.183269,351
,350
,344
,353
,357
,344
,340
,356
,363
,343
,341
,356
,352
,344
2026 05 14 14:36:51.251871,344
,350
,340
,334
,344
,349
,330
,330
,347
,342
,331
,335
,342
,343
2026 05 14 14:36:51.309621,340
,350
,355
,342
,339
,350
,359
,343
,341
,352
,348
,344
,354
,356
2026 05 14 14:36:51.370817,344
,332
,347
,356
,350
,350
,361
,361
,334
,336
,347
,340
,340
,352
2026 05 14 14:36:51.436768,351
,336
,341
,353
,351
,344
,355
,362
,357
,357
,352
,358
,349
,336
2026 05 14 14:36:51.497782,350
,358
,343
,351
,359
,348
,340
,349
,352
,340
,337
,352
,361
,341
2026 05 14 14:36:51.563529,336
,356
,354
,343
,343
,355
,355
,363
,363
,350
,340
,338
,351
,345
2026 05 14 14:36:51.625646,329
,333
,344
,340
,337
,349
,353
,340
,345
,347
,347
,345
,348
,369
2026 05 14 14:36:51.686484,360
,340
,345
,352
,345
,348
,357
,361
,349
,348
,352
,349
,342
,352
2026 05 14 14:36:51.752383,371
,355
,349
,364
,359
,347
,343
,354
,358
,354
,361
,365
,346
,343
2026 05 14 14:36:51.813358,353
,360
,347
,343
,357
,359
,353
,351
,361
,352
,339
,348
,355
,343
2026 05 14 14:36:51.879784,343
,351
,353
,342
,343
,359
,360
,351
,356
,370
,356
,350
,360
,359
2026 05 14 14:36:51.940781,340
,342
,358
,353
,352
,361
,361
,343
,334
,347
,350
,332
,332
,345
2026 05 14 14:36:52.000849,348
,341
,351
,356
,355
,354
,358
,363
,345
,343
,351
,356
,350
,350
2026 05 14 14:36:52.067131,365
,358
,352
,347
,353
,336
,330
,345
,356
,342
,342
,357
,357
,346
2026 05 14 14:36:52.128271,353
,358
,355
,349
,362
,367
,353
,345
,362
,354
,334
,338
,342
,344
2026 05 14 14:36:52.194697,341
,355
,352
,339
,336
,348
,355
,346
,350
,365
,357
,351
,361
,359
2026 05 14 14:36:52.255967,346
,345
,352
,349
,339
,342
,352
,352
,343
,347
,358
,347
,337
,351
2026 05 14 14:36:52.317508,360
,347
,345
,359
,367
,355
,355
,361
,349
,339
,354
,362
,341
,336
2026 05 14 14:36:52.383460,348
,361
,349
,353
,357
,355
,352
,360
,364
,346
,342
,349
,349
,338
2026 05 14 14:36:52.444088,346
,365
,352
,352
,358
,368
,350
,338
,350
,356
,335
,340
,357
,352
2026 05 14 14:36:52.510569,342
,347
,355
,347
,345
,352
,355
,336
,342
,364
,360
,351
,349
,353
2026 05 14 14:36:52.570970,344
,338
,350
,365
,353
,341
,351
,359
,343
,346
,358
,353
,348
,358
2026 05 14 14:36:52.632576,372
,361
,356
,363
,356
,336
,336
,349
,351
,345
,350
,356
,347
,349
2026 05 14 14:36:52.698407,369
,373
,344
,341
,348
,351
,343
,346
,358
,356
,344
,355
,359
,352
2026 05 14 14:36:52.760041,345
,355
,357
,335
,337
,353
,349
,340
,359
,370
,352
,347
,357
,352
2026 05 14 14:36:52.825194,341
,342
,357
,358
,351
,349
,353
,346
,344
,355
,361
,346
,336
,350
2026 05 14 14:36:52.886463,356
,353
,346
,351
,347
,341
,357
,366
,355
,344
,354
,358
,346
,347
2026 05 14 14:36:52.947493,358
,352
,339
,340
,347
,339
,338
,350
,359
,347
,352
,365
,363
,349
2026 05 14 14:36:53.013629,356
,366
,361
,357
,363
,358
,337
,345
,354
,346
,336
,343
,353
,350
2026 05 14 14:36:53.075260,341
,354
,364
,351
,357
,364
,355
,336
,347
,364
,363
,355
,365
,376
2026 05 14 14:36:53.139867,367
,350
,358
,357
,340
,342
,356
,347
,333
,340
,356
,348
,339
,354
2026 05 14 14:36:53.202232,358
,344
,339
,357
,355
,343
,349
,362
,356
,355
,352
,353
,348
,339
2026 05 14 14:36:53.262847,343
,350
,344
,342
,353
,352
,346
,359
,362
,347
,343
,358
,363
,350
2026 05 14 14:36:53.329236,343
,338
,346
,342
,355
,361
,348
,348
,360
,366
,340
,338
,355
,356
2026 05 14 14:36:53.391011,341
,346
,361
,354
,333
,335
,350
,339
,334
,351
,355
,343
,346
,357
2026 05 14 14:36:53.456253,357
,356
,369
,369
,354
,356
,366
,369
,352
,337
,350
,345
,337
,344
2026 05 14 14:36:53.517774,347
,339
,336
,348
,353
,340
,337
,357
,362
,342
,348
,360
,355
,347
2026 05 14 14:36:53.578168,362
,353
,337
,334
,349
,356
,344
,341
,350
,346
,339
,348
,357
,346
2026 05 14 14:36:53.644432,344
,354
,366
,357
,361
,372
,364
,331
,335
,351
,345
,348
,358
,365
2026 05 14 14:36:53.706093,353
,348
,355
,353
,349
,356
,360
,352
,350
,356
,360
,352
,354
,368
2026 05 14 14:36:53.767090,375
,353
,349
,362
,360
,347
,360
,367
,347
,349
,361
,367
,352
,348
2026 05 14 14:36:53.833054,361
,360
,346
,351
,360
,347
,338
,345
,354
,352
,357
,370
,362
,347
2026 05 14 14:36:53.894484,362
,366
,348
,339
,346
,351
,340
,342
,351
,358
,344
,344
,358
,346
2026 05 14 14:36:53.960576,336
,345
,354
,342
,340
,352
,348
,333
,345
,360
,358
,351
,356
,370
2026 05 14 14:36:54.021331,364
,357
,357
,361
,337
,343
,347
,343
,333
,348
,358
,349
,333
,338
2026 05 14 14:36:54.082472,350
,343
,339
,353
,356
,340
,351
,361
,352
,338
,345
,355
,337
,330
2026 05 14 14:36:54.148830,341
,349
,336
,328
,332
,333
,320
,336
,342
,338
,338
,356
,361
,352
2026 05 14 14:36:54.209908,350
,363
,360
,354
,358
,356
,342
,340
,351
,352
,344
,348
,358
,362
2026 05 14 14:36:54.274550,354
,344
,352
,349
,337
,341
,350
,342
,339
,359
,367
,354
,348
,352
2026 05 14 14:36:54.336445,347
,343
,351
,361
,355
,352
,364
,360
,341
,342
,347
,339
,327
,338
2026 05 14 14:36:54.397344,350
,339
,330
,348
,354
,348
,347
,353
,356
,351
,362
,383
,371
,357
2026 05 14 14:36:54.463328,350
,355
,341
,342
,352
,351
,342
,344
,354
,355
,344
,352
,365
,357
2026 05 14 14:36:54.525380,353
,365
,375
,368
,357
,365
,361
,358
,352
,361
,355
,349
,355
,370
2026 05 14 14:36:54.591559,350
,346
,361
,360
,351
,352
,362
,358
,355
,360
,367
,358
,359
,369
2026 05 14 14:36:54.650831,370
,360
,352
,355
,356
,349
,354
,358
,352
,352
,354
,351
,339
,341
2026 05 14 14:36:54.713616,352
,346
,344
,352
,360
,351
,339
,347
,356
,340
,348
,352
,358
,345
2026 05 14 14:36:54.778366,342
,353
,346
,342
,353
,355
,343
,347
,358
,361
,346
,345
,354
,349
2026 05 14 14:36:54.840934,331
,339
,343
,330
,333
,350
,360
,347
,341
,355
,352
,344
,355
,359
2026 05 14 14:36:54.906802,347
,345
,357
,358
,346
,351
,360
,350
,342
,350
,355
,348
,339
,353
2026 05 14 14:36:54.967192,356
,344
,341
,356
,364
,351
,340
,349
,353
,345
,354
,362
,354
,350
2026 05 14 14:36:55.028852,360
,361
,342
,330
,345
,344
,337
,347
,355
,347
,344
,358
,361
,352
2026 05 14 14:36:55.094225,355
,366
,365
,358
,361
,363
,361
,355
,365
,358
,339
,332
,341
,352
2026 05 14 14:36:55.154803,346
,342
,355
,352
,347
,355
,363
,354
,350
,366
,367
,354
,354
,367
2026 05 14 14:36:55.220760,360
,354
,367
,376
,366
,361
,359
,368
,352
,339
,351
,356
,350
,355
2026 05 14 14:36:55.282196,362
,352
,350
,362
,371
,360
,357
,366
,367
,356
,360
,371
,373
,360
2026 05 14 14:36:55.344517,370
,375
,363
,352
,354
,365
,351
,346
,359
,354
,352
,358
,363
,353
2026 05 14 14:36:55.409633,351
,362
,370
,352
,356
,370
,369
,365
,367
,371
,353
,347
,358
,367
2026 05 14 14:36:55.470550,358
,355
,354
,353
,344
,346
,356
,351
,348
,359
,371
,365
,363
,368
2026 05 14 14:36:55.536623,371
,365
,363
,375
,369
,357
,369
,372
,361
,345
,348
,351
,340
,343
2026 05 14 14:36:55.597564,359
,359
,354
,357
,373
,374
,361
,367
,371
,348
,341
,356
,354
,352
2026 05 14 14:36:55.659658,357
,361
,359
,352
,359
,369
,354
,356
,368
,367
,346
,346
,358
,356
2026 05 14 14:36:55.724673,351
,356
,362
,347
,344
,356
,360
,352
,356
,363
,369
,361
,351
,354
2026 05 14 14:36:55.786413,337
,341
,353
,363
,351
,348
,360
,356
,346
,352
,365
,362
,346
,361
2026 05 14 14:36:55.850749,367
,356
,359
,374
,374
,362
,356
,357
,349
,339
,347
,349
,339
,340
2026 05 14 14:36:55.913160,343
,354
,350
,353
,365
,363
,364
,368
,380
,366
,359
,365
,367
,357
2026 05 14 14:36:55.975004,350
,353
,355
,347
,347
,360
,352
,349
,353
,352
,346
,346
,354
,360
2026 05 14 14:36:56.040551,351
,355
,367
,362
,356
,373
,375
,357
,355
,372
,369
,353
,349
,359
2026 05 14 14:36:56.101035,358
,351
,356
,360
,344
,340
,344
,352
,335
,337
,349
,348
,341
,348
2026 05 14 14:36:56.167095,351
,343
,342
,355
,367
,359
,361
,365
,368
,353
,336
,340
,336
,333
2026 05 14 14:36:56.228780,341
,351
,350
,348
,361
,359
,351
,355
,364
,359
,355
,367
,374
,363
2026 05 14 14:36:56.290025,355
,358
,357
,344
,352
,362
,363
,342
,342
,360
,352
,346
,358
,366
2026 05 14 14:36:56.355840,353
,351
,363
,362
,342
,349
,365
,363
,348
,358
,364
,348
,339
,347
2026 05 14 14:36:56.416836,354
,343
,344
,352
,348
,343
,355
,367
,356
,341
,354
,363
,359
,351
2026 05 14 14:36:56.482983,357
,353
,341
,355
,361
,347
,346
,365
,367
,347
,337
,350
,353
,337
2026 05 14 14:36:56.544157,342
,347
,341
,346
,358
,363
,343
,339
,356
,361
,349
,348
,361
,354
2026 05 14 14:36:56.605953,345
,348
,357
,350
,348
,356
,360
,344
,346
,356
,354
,350
,352
,354
2026 05 14 14:36:56.670635,335
,336
,352
,353
,341
,346
,362
,365
,340
,342
,350
,342
,344
,353
2026 05 14 14:36:56.732567,353
,339
,329
,345
,357
,338
,340
,354
,344
,330
,337
,346
,342
,335
2026 05 14 14:36:56.798370,353
,361
,353
,354
,363
,359
,347
,344
,353
,346
,338
,339
,346
,340
2026 05 14 14:36:56.859863,338
,350
,351
,345
,348
,362
,348
,349
,362
,367
,359
,357
,374
,366
2026 05 14 14:36:56.921296,347
,347
,359
,346
,345
,357
,363
,348
,341
,358
,363
,350
,346
,353
2026 05 14 14:36:56.986414,351
,341
,355
,358
,352
,355
,360
,360
,348
,353
,367
,366
,353
,350
2026 05 14 14:36:57.048382,362
,356
,349
,343
,348
,343
,339
,344
,344
,331
,333
,349
,348
,348
2026 05 14 14:36:57.113526,359
,365
,357
,354
,354
,364
,346
,349
,361
,359
,345
,349
,359
,344
2026 05 14 14:36:57.175272,333
,345
,346
,332
,328
,341
,343
,336
,339
,347
,345
,341
,343
,350
2026 05 14 14:36:57.236406,336
,334
,348
,347
,332
,334
,336
,334
,320
,330
,339
,326
,333
,347
2026 05 14 14:36:57.301500,352
,334
,329
,341
,340
,339
,346
,355
,343
,330
,340
,357
,337
,330
2026 05 14 14:36:57.363221,347
,346
,343
,356
,357
,345
,343
,354
,361
,350
,348
,358
,352
,340
2026 05 14 14:36:57.429656,346
,361
,358
,340
,338
,346
,337
,333
,346
,345
,327
,338
,350
,345
2026 05 14 14:36:57.490876,336
,338
,352
,345
,340
,355
,359
,345
,349
,360
,352
,340
,348
,358
2026 05 14 14:36:57.550977,351
,348
,358
,370
,348
,346
,352
,348
,339
,344
,357
,351
,348
,353
2026 05 14 14:36:57.617805,361
,341
,338
,347
,353
,351
,354
,355
,349
,344
,358
,370
,352
,343
2026 05 14 14:36:57.679069,354
,354
,342
,345
,354
,349
,335
,347
,347
,336
,336
,343
,349
,344
2026 05 14 14:36:57.740526,346
,361
,364
,344
,345
,359
,359
,349
,355
,370
,355
,345
,354
,357
2026 05 14 14:36:57.805909,347
,350
,353
,348
,343
,355
,354
,338
,333
,340
,347
,338
,338
,353
2026 05 14 14:36:57.868193,352
,340
,347
,354
,346
,342
,355
,358
,341
,343
,353
,355
,344
,347
2026 05 14 14:36:57.932941,351
,340
,336
,347
,351
,336
,337
,346
,353
,342
,346
,360
,350
,345
2026 05 14 14:36:57.994386,359
,364
,348
,347
,360
,353
,335
,340
,345
,341
,333
,342
,352
,343
2026 05 14 14:36:58.055355,336
,346
,354
,344
,346
,364
,364
,351
,345
,346
,339
,336
,352
,354
2026 05 14 14:36:58.121448,345
,349
,352
,354
,350
,351
,360
,355
,353
,360
,361
,340
,335
,342
2026 05 14 14:36:58.182623,342
,337
,342
,353
,348
,345
,361
,365
,360
,352
,349
,355
,347
,351
2026 05 14 14:36:58.247610,364
,356
,347
,343
,347
,340
,335
,341
,352
,341
,338
,355
,356
,349
2026 05 14 14:36:58.309827,357
,369
,362
,353
,353
,359
,348
,338
,352
,360
,355
,354
,357
,346
2026 05 14 14:36:58.370679,339
,342
,352
,343
,338
,349
,349
,340
,345
,359
,357
,350
,344
,360
2026 05 14 14:36:58.436578,354
,351
,370
,361
,340
,339
,352
,355
,342
,344
,347
,341
,336
,345
2026 05 14 14:36:58.497856,352
,333
,334
,359
,357
,347
,354
,357
,353
,347
,354
,363
,351
,346
2026 05 14 14:36:58.563931,355
,358
,349
,343
,346
,343
,340
,343
,348
,341
,340
,347
,339
,333
2026 05 14 14:36:58.625417,339
,357
,358
,345
,349
,361
,356
,350
,361
,366
,354
,346
,367
,357
2026 05 14 14:36:58.686103,344
,347
,348
,345
,342
,350
,354
,341
,338
,353
,362
,349
,352
,359
2026 05 14 14:36:58.751109,351
,340
,352
,360
,349
,339
,352
,354
,336
,339
,351
,351
,342
,344
2026 05 14 14:36:58.813416,357
,354
,341
,347
,346
,331
,331
,345
,350
,343
,348
,356
,345
,337
2026 05 14 14:36:58.879505,348
,359
,351
,338
,338
,348
,344
,345
,348
,339
,329
,344
,355
,346
2026 05 14 14:36:58.940871,343
,364
,360
,356
,357
,359
,355
,343
,350
,364
,350
,346
,356
,359
2026 05 14 14:36:59.001619,337
,335
,347
,349
,341
,338
,340
,332
,329
,345
,349
,343
,352
,364
2026 05 14 14:36:59.067486,364
,359
,360
,376
,369
,355
,360
,362
,354
,353
,362
,358
,340
,339
2026 05 14 14:36:59.128164,345
,336
,332
,351
,362
,352
,344
,349
,365
,355
,349
,365
,357
,342
2026 05 14 14:36:59.194448,344
,356
,348
,343
,349
,357
,349
,344
,357
,366
,348
,353
,352
,345
2026 05 14 14:36:59.255835,338
,354
,365
,352
,336
,353
,360
,350
,344
,349
,347
,341
,349
,358
2026 05 14 14:36:59.316867,352
,345
,356
,365
,346
,341
,349
,347
,347
,355
,366
,339
,332
,342
2026 05 14 14:36:59.382918,354
,348
,342
,353
,359
,345
,336
,349
,346
,337
,346
,359
,344
,340
2026 05 14 14:36:59.444470,354
,361
,340
,342
,347
,347
,344
,354
,354
,337
,334
,345
,357
,346
2026 05 14 14:36:59.510388,341
,348
,347
,336
,342
,353
,352
,345
,353
,357
,344
,336
,352
,353
2026 05 14 14:36:59.570670,341
,336
,353
,349
,343
,350
,363
,351
,334
,350
,361
,341
,343
,361
2026 05 14 14:36:59.632715,358
,344
,340
,357
,356
,344
,357
,362
,346
,350
,364
,370
,339
,344
2026 05 14 14:36:59.698217,360
,344
,341
,350
,357
,343
,338
,351
,359
,347
,348
,358
,350
,340
2026 05 14 14:36:59.758851,350
,356
,341
,338
,346
,353
,342
,348
,352
,350
,329
,331
,350
,349
2026 05 14 14:36:59.825169,340
,353
,355
,334
,337
,353
,350
,338
,343
,355
,344
,332
,342
,346
2026 05 14 14:36:59.886162,336
,335
,352
,355
,339
,344
,362
,358
,337
,339
,350
,338
,337
,352
2026 05 14 14:36:59.947633,355
,329
,338
,344
,338
,337
,340
,346
,339
,330
,354
,353
,325
,328
2026 05 14 14:37:00.013190,341
,339
,327
,335
,345
,333
,329
,341
,346
,336
,332
,335
,335
,325
2026 05 14 14:37:00.074441,326
,340
,331
,329
,343
,348
,333
,327
,339
,345
,337
,337
,350
,346
2026 05 14 14:37:00.140884,338
,350
,364
,351
,343
,340
,344
,334
,337
,348
,346
,339
,349
,358
2026 05 14 14:37:00.202729,350
,338
,345
,363
,353
,352
,366
,362
,348
,355
,355
,347
,338
,348
2026 05 14 14:37:00.262546,357
,341
,344
,359
,365
,340
,333
,359
,352
,346
,344
,351
,338
,329
2026 05 14 14:37:00.329610,344
,349
,337
,339
,355
,354
,338
,353
,360
,351
,343
,353
,355
,349
2026 05 14 14:37:00.390240,355
,366
,350
,332
,341
,357
,349
,350
,363
,375
,348
,327
,343
,351
2026 05 14 14:37:00.455087,341
,345
,359
,360
,349
,355
,364
,351
,338
,351
,364
,356
,354
,366
2026 05 14 14:37:00.517675,366
,357
,360
,365
,362
,355
,365
,366
,348
,349
,362
,363
,356
,355
2026 05 14 14:37:00.578256,362
,350
,337
,351
,356
,348
,350
,363
,364
,354
,355
,361
,346
,337
2026 05 14 14:37:00.643717,350
,367
,350
,346
,356
,362
,350
,351
,364
,357
,346
,353
,358
,349
2026 05 14 14:37:00.705913,341
,351
,368
,355
,353
,363
,359
,355
,369
,372
,344
,322
,337
,343
2026 05 14 14:37:00.770584,327
,331
,347
,350
,337
,343
,356
,345
,339
,351
,359
,348
,344
,359
2026 05 14 14:37:00.833036,362
,351
,356
,366
,352
,339
,349
,367
,357
,359
,368
,353
,339
,337
2026 05 14 14:37:00.893765,355
,350
,339
,350
,360
,352
,344
,355
,362
,349
,349
,355
,358
,347
2026 05 14 14:37:00.960045,357
,366
,351
,349
,358
,362
,356
,353
,357
,364
,348
,350
,364
,360
2026 05 14 14:37:01.020465,357
,366
,362
,349
,348
,355
,368
,357
,344
,357
,361
,346
,353
,362
2026 05 14 14:37:01.086238,349
,345
,350
,356
,345
,348
,366
,368
,353
,354
,360
,348
,349
,361
2026 05 14 14:37:01.148204,361
,350
,355
,371
,370
,353
,356
,358
,353
,346
,357
,363
,348
,348
2026 05 14 14:37:01.208726,357
,361
,351
,348
,362
,350
,344
,359
,375
,358
,353
,366
,372
,352
2026 05 14 14:37:01.275099,347
,359
,363
,342
,344
,355
,349
,346
,358
,367
,344
,343
,360
,362
2026 05 14 14:37:01.336086,357
,360
,369
,360
,347
,344
,344
,341
,334
,339
,345
,337
,339
,345
2026 05 14 14:37:01.401551,340
,334
,342
,348
,339
,335
,351
,362
,345
,353
,365
,350
,335
,344
2026 05 14 14:37:01.463415,353
,348
,344
,347
,361
,349
,353
,369
,367
,351
,353
,354
,347
,341
2026 05 14 14:37:01.524106,351
,360
,346
,350
,359
,363
,348
,351
,365
,364
,357
,357
,365
,356
2026 05 14 14:37:01.589635,353
,364
,358
,344
,350
,359
,354
,343
,339
,352
,349
,343
,357
,360
2026 05 14 14:37:01.650853,346
,346
,359
,358
,349
,350
,366
,365
,354
,353
,359
,346
,346
,351
2026 05 14 14:37:01.716727,348
,338
,343
,359
,352
,345
,353
,357
,344
,347
,360
,361
,349
,347
2026 05 14 14:37:01.778237,360
,362
,351
,352
,360
,353
,349
,357
,345
,338
,338
,352
,354
,338
2026 05 14 14:37:01.840362,343
,351
,350
,342
,350
,357
,350
,348
,366
,367
,348
,348
,364
,358
2026 05 14 14:37:01.905486,335
,345
,351
,341
,337
,353
,359
,345
,347
,362
,353
,343
,347
,353
2026 05 14 14:37:01.967405,345
,339
,353
,354
,340
,345
,359
,357
,336
,345
,358
,352
,339
,352
2026 05 14 14:37:02.028213,361
,344
,342
,356
,359
,342
,338
,354
,349
,347
,358
,352
,332
,332
2026 05 14 14:37:02.093599,350
,353
,346
,346
,356
,357
,350
,355
,358
,355
,348
,362
,361
,349
2026 05 14 14:37:02.155351,348
,364
,363
,356
,358
,362
,347
,342
,349
,360
,348
,347
,358
,360
2026 05 14 14:37:02.220468,350
,340
,351
,347
,341
,353
,357
,351
,346
,352
,356
,351
,349
,362
2026 05 14 14:37:02.282869,349
,335
,344
,356
,348
,345
,353
,353
,341
,339
,356
,364
,346
,337
2026 05 14 14:37:02.343339,350
,342
,334
,338
,352
,346
,337
,350
,356
,344
,341
,355
,349
,338
2026 05 14 14:37:02.409840,352
,355
,345
,343
,360
,368
,352
,352
,356
,348
,352
,356
,360
,346
2026 05 14 14:37:02.471050,340
,354
,358
,342
,342
,359
,356
,353
,360
,362
,361
,350
,355
,358
2026 05 14 14:37:02.536081,349
,348
,366
,357
,347
,350
,353
,347
,344
,360
,365
,350
,343
,355
2026 05 14 14:37:02.597795,354
,343
,356
,361
,346
,337
,351
,354
,342
,340
,351
,358
,347
,349
2026 05 14 14:37:02.659318,353
,349
,341
,351
,361
,354
,349
,357
,355
,346
,347
,356
,356
,348
2026 05 14 14:37:02.725177,346
,345
,348
,348
,351
,355
,349
,345
,349
,349
,341
,342
,351
,352
2026 05 14 14:37:02.786156,347
,364
,379
,368
,351
,358
,354
,337
,337
,354
,341
,329
,340
,353
2026 05 14 14:37:02.852190,352
,350
,361
,370
,359
,360
,368
,361
,338
,347
,356
,349
,346
,356
2026 05 14 14:37:02.913217,370
,353
,353
,356
,348
,342
,346
,358
,357
,355
,362
,370
,359
,352
2026 05 14 14:37:02.974709,362
,370
,351
,341
,361
,357
,350
,355
,362
,351
,337
,359
,368
,353
2026 05 14 14:37:03.040421,337
,351
,354
,346
,352
,365
,358
,348
,364
,375
,354
,354
,370
,371
2026 05 14 14:37:03.100892,352
,350
,358
,360
,339
,342
,353
,343
,341
,347
,355
,347
,342
,358
2026 05 14 14:37:03.167303,363
,356
,365
,375
,355
,350
,359
,362
,349
,355
,370
,369
,337
,339
2026 05 14 14:37:03.228883,353
,351
,352
,361
,366
,353
,351
,363
,360
,352
,357
,364
,362
,359
2026 05 14 14:37:03.290104,371
,370
,340
,333
,349
,354
,341
,339
,350
,348
,343
,351
,362
,347
2026 05 14 14:37:03.356743,344
,365
,371
,358
,351
,358
,355
,348
,356
,362
,360
,351
,351
,352
2026 05 14 14:37:03.417188,342
,340
,352
,358
,347
,355
,357
,353
,351
,358
,363
,363
,350
,358
2026 05 14 14:37:03.482731,358
,346
,345
,362
,362
,360
,367
,365
,354
,346
,355
,364
,352
,348
2026 05 14 14:37:03.544432,361
,357
,349
,358
,357
,345
,330
,348
,359
,350
,350
,364
,361
,346
2026 05 14 14:37:03.605031,349
,363
,362
,345
,355
,360
,337
,335
,345
,347
,336
,339
,348
,339
2026 05 14 14:37:03.671229,321
,326
,339
,334
,333
,336
,335
,328
,330
,353
,353
,337
,341
,341
2026 05 14 14:37:03.732386,334
,334
,340
,349
,338
,340
,350
,357
,342
,348
,365
,352
,349
,358
2026 05 14 14:37:03.797217,367
,354
,346
,356
,360
,354
,360
,372
,347
,338
,346
,357
,353
,352
2026 05 14 14:37:03.859370,362
,358
,348
,346
,362
,355
,340
,350
,358
,348
,339
,355
,360
,334
2026 05 14 14:37:03.920325,327
,354
,357
,344
,352
,359
,346
,341
,351
,361
,344
,343
,358
,359
2026 05 14 14:37:03.986237,345
,349
,358
,358
,346
,353
,366
,354
,351
,366
,364
,345
,347
,358
2026 05 14 14:37:04.047887,366
,364
,356
,352
,349
,348
,359
,363
,349
,349
,360
,363
,347
,353
2026 05 14 14:37:04.113681,370
,348
,342
,353
,349
,329
,343
,358
,360
,354
,356
,364
,357
,347
2026 05 14 14:37:04.174350,357
,361
,350
,345
,360
,354
,333
,339
,354
,363
,349
,340
,341
,323
2026 05 14 14:37:04.236729,325
,340
,351
,338
,338
,348
,354
,339
,344
,351
,346
,341
,355
,365
2026 05 14 14:37:04.302012,338
,333
,349
,347
,336
,340
,347
,340
,340
,349
,352
,343
,344
,359
2026 05 14 14:37:04.363188,357
,345
,344
,353
,355
,350
,362
,368
,355
,348
,357
,359
,341
,333
2026 05 14 14:37:04.429874,345
,349
,336
,338
,346
,343
,343
,353
,356
,347
,346
,357
,356
,349
2026 05 14 14:37:04.490901,347
,355
,355
,344
,357
,364
,345
,342
,354
,365
,352
,355
,367
,370
2026 05 14 14:37:04.551447,357
,341
,354
,342
,339
,351
,359
,351
,350
,359
,357
,350
,349
,351
2026 05 14 14:37:04.616922,344
,343
,350
,362
,351
,350
,353
,350
,347
,352
,360
,348
,336
,346
2026 05 14 14:37:04.678039,360
,348
,346
,356
,367
,352
,353
,354
,356
,345
,352
,360
,349
,339
2026 05 14 14:37:04.743778,349
,349
,341
,340
,349
,349
,341
,347
,358
,352
,344
,356
,361
,347
2026 05 14 14:37:04.805772,353
,351
,345
,334
,330
,341
,334
,325
,336
,344
,331
,325
,337
,338
2026 05 14 14:37:04.866506,330
,333
,342
,338
,335
,345
,351
,342
,336
,345
,351
,340
,345
,356
2026 05 14 14:37:04.932650,358
,349
,353
,358
,342
,327
,345
,361
,339
,336
,354
,358
,345
,347
2026 05 14 14:37:04.993707,362
,355
,347
,356
,361
,349
,345
,358
,361
,348
,353
,367
,357
,343
2026 05 14 14:37:05.059544,356
,365
,351
,341
,350
,349
,334
,336
,348
,349
,341
,352
,362
,352
2026 05 14 14:37:05.121007,347
,359
,371
,360
,351
,358
,361
,350
,352
,362
,355
,343
,353
,357
2026 05 14 14:37:05.182338,343
,342
,355
,359
,346
,347
,358
,360
,361
,363
,360
,355
,349
,359
2026 05 14 14:37:05.248030,365
,347
,348
,364
,360
,348
,352
,354
,343
,340
,353
,357
,346
,345
2026 05 14 14:37:05.309137,356
,357
,347
,356
,367
,356
,341
,349
,356
,340
,346
,368
,357
,348
2026 05 14 14:37:05.374846,350
,361
,353
,344
,352
,358
,349
,343
,350
,355
,340
,341
,353
,353
2026 05 14 14:37:05.435845,345
,351
,352
,342
,342
,356
,351
,339
,344
,357
,355
,342
,356
,365
2026 05 14 14:37:05.497467,355
,351
,358
,360
,347
,343
,354
,361
,353
,361
,362
,334
,335
,353
2026 05 14 14:37:05.562762,366
,353
,349
,362
,366
,354
,351
,356
,351
,344
,355
,362
,351
,338
2026 05 14 14:37:05.624928,349
,360
,349
,353
,354
,351
,342
,336
,344
,347
,344
,356
,366
,354
2026 05 14 14:37:05.690042,347
,354
,354
,343
,347
,358
,352
,346
,355
,366
,347
,347
,368
,377
2026 05 14 14:37:05.751366,367
,350
,336
,337
,335
,340
,342
,337
,337
,353
,361
,348
,346
,356
2026 05 14 14:37:05.812576,353
,343
,349
,358
,347
,340
,357
,365
,349
,345
,357
,364
,354
,351
2026 05 14 14:37:05.878367,356
,340
,330
,340
,349
,340
,344
,355
,360
,349
,349
,360
,354
,350
2026 05 14 14:37:05.940212,359
,363
,351
,345
,350
,358
,349
,351
,365
,359
,351
,345
,341
,337
2026 05 14 14:37:06.001012,337
,353
,361
,348
,349
,360
,361
,348
,351
,363
,350
,338
,347
,358
2026 05 14 14:37:06.067341,343
,342
,355
,359
,343
,337
,349
,353
,346
,354
,352
,337
,338
,346
2026 05 14 14:37:06.128586,349
,340
,336
,344
,350
,345
,350
,358
,342
,336
,354
,362
,351
,349
2026 05 14 14:37:06.194423,353
,355
,349
,351
,361
,351
,330
,346
,363
,353
,348
,360
,363
,348
2026 05 14 14:37:06.255306,348
,357
,360
,353
,361
,364
,352
,348
,359
,366
,355
,357
,363
,355
2026 05 14 14:37:06.317129,349
,349
,354
,345
,342
,353
,351
,342
,345
,356
,356
,348
,345
,362
2026 05 14 14:37:06.382389,351
,344
,349
,363
,355
,350
,358
,368
,362
,357
,361
,360
,347
,362
2026 05 14 14:37:06.444118,359
,342
,340
,345
,347
,341
,347
,356
,353
,347
,351
,360
,346
,343
2026 05 14 14:37:06.509607,354
,358
,351
,355
,364
,356
,355
,366
,373
,368
,360
,357
,367
,353
2026 05 14 14:37:06.570612,347
,353
,356
,340
,347
,358
,356
,347
,349
,364
,361
,341
,350
,364
2026 05 14 14:37:06.632151,354
,354
,382
,366
,348
,356
,370
,361
,351
,356
,367
,357
,350
,357
2026 05 14 14:37:06.698055,356
,344
,343
,356
,350
,336
,343
,353
,342
,337
,356
,364
,352
,353
2026 05 14 14:37:06.758679,376
,374
,356
,353
,358
,348
,339
,345
,358
,348
,351
,364
,362
,347
2026 05 14 14:37:06.824597,338
,355
,349
,333
,344
,359
,350
,336
,350
,359
,347
,349
,363
,355
2026 05 14 14:37:06.886704,344
,350
,365
,351
,340
,348
,352
,344
,344
,364
,358
,344
,349
,353
2026 05 14 14:37:06.947493,335
,328
,347
,360
,343
,335
,356
,364
,352
,355
,363
,352
,345
,363
2026 05 14 14:37:07.012673,374
,357
,343
,345
,350
,341
,337
,358
,352
,335
,342
,362
,356
,342
2026 05 14 14:37:07.074216,358
,366
,356
,353
,373
,373
,352
,357
,373
,362
,347
,350
,355
,344
2026 05 14 14:37:07.140421,332
,345
,346
,335
,345
,362
,358
,337
,345
,361
,345
,335
,351
,361
2026 05 14 14:37:07.201086,349
,348
,354
,340
,329
,347
,363
,350
,341
,348
,356
,349
,342
,351
2026 05 14 14:37:07.263002,352
,334
,346
,360
,352
,354
,362
,371
,350
,345
,357
,360
,352
,353
2026 05 14 14:37:07.328539,365
,358
,342
,344
,356
,342
,334
,353
,358
,339
,341
,355
,345
,333
2026 05 14 14:37:07.389504,343
,360
,336
,319
,341
,349
,338
,332
,343
,341
,332
,334
,348
,333
2026 05 14 14:37:07.456651,324
,337
,347
,333
,323
,334
,338
,328
,334
,354
,343
,327
,340
,353
2026 05 14 14:37:07.517603,335
,334
,345
,356
,344
,350
,375
,364
,337
,341
,353
,347
,342
,359
2026 05 14 14:37:07.578608,366
,345
,344
,364
,358
,339
,349
,364
,341
,325
,342
,360
,344
,345
2026 05 14 14:37:07.644133,368
,370
,344
,352
,371
,348
,328
,340
,361
,348
,340
,358
,357
,336
2026 05 14 14:37:07.706889,335
,353
,352
,335
,349
,364
,345
,335
,356
,360
,344
,350
,367
,368
2026 05 14 14:37:07.770356,364
,358
,364
,354
,345
,353
,354
,337
,331
,343
,345
,334
,343
,359
2026 05 14 14:37:07.832579,344
,339
,358
,376
,358
,351
,367
,372
,361
,366
,373
,354
,331
,343
2026 05 14 14:37:07.893284,362
,359
,356
,361
,355
,345
,345
,358
,350
,342
,352
,360
,349
,345
2026 05 14 14:37:07.959492,357
,368
,356
,353
,369
,365
,348
,354
,369
,349
,342
,354
,366
,357
2026 05 14 14:37:08.020712,351
,362
,362
,341
,343
,361
,358
,351
,350
,362
,348
,336
,356
,363
2026 05 14 14:37:08.085610,349
,348
,359
,356
,346
,353
,371
,359
,345
,355
,366
,351
,346
,360
2026 05 14 14:37:08.148501,359
,352
,364
,376
,374
,357
,368
,373
,345
,341
,351
,347
,334
,341
2026 05 14 14:37:08.208883,360
,354
,342
,341
,348
,340
,336
,352
,361
,349
,351
,364
,359
,342
2026 05 14 14:37:08.275107,346
,356
,333
,323
,347
,355
,327
,322
,334
,335
,324
,329
,347
,339
2026 05 14 14:37:08.335720,327
,352
,364
,354
,354
,370
,371
,335
,329
,353
,350
,330
,334
,349
2026 05 14 14:37:08.401895,338
,332
,352
,360
,348
,347
,359
,355
,351
,354
,367
,356
,344
,360
2026 05 14 14:37:08.462396,384
,370
,357
,349
,337
,326
,342
,360
,336
,330
,349
,364
,345
,338
2026 05 14 14:37:08.524814,358
,359
,345
,341
,354
,348
,335
,347
,361
,345
,339
,350
,361
,341
2026 05 14 14:37:08.590068,340
,362
,360
,350
,358
,365
,349
,340
,350
,358
,343
,340
,353
,348
2026 05 14 14:37:08.654400,337
,348
,364
,356
,339
,357
,361
,344
,347
,361
,355
,343
,352
,365
2026 05 14 14:37:08.716697,359
,348
,349
,363
,349
,343
,356
,359
,346
,345
,353
,348
,325
,337
2026 05 14 14:37:08.778797,355
,344
,336
,348
,362
,349
,350
,355
,350
,347
,358
,369
,345
,332
2026 05 14 14:37:08.839779,348
,358
,342
,337
,346
,352
,335
,336
,349
,343
,337
,348
,355
,341
2026 05 14 14:37:08.905673,343
,360
,372
,360
,366
,372
,367
,345
,345
,357
,342
,329
,337
,353
2026 05 14 14:37:08.967282,346
,342
,358
,353
,338
,347
,366
,356
,349
,359
,373
,360
,359
,378
2026 05 14 14:37:09.032848,369
,348
,355
,377
,357
,343
,341
,347
,335
,328
,342
,347
,333
,337
2026 05 14 14:37:09.094167,357
,350
,338
,354
,376
,364
,350
,360
,372
,362
,355
,372
,364
,341
2026 05 14 14:37:09.155337,347
,360
,346
,328
,337
,344
,333
,333
,352
,354
,341
,349
,363
,349
2026 05 14 14:37:09.221049,339
,349
,367
,353
,347
,361
,357
,339
,342
,355
,346
,337
,345
,354
2026 05 14 14:37:09.282687,338
,335
,347
,355
,335
,334
,351
,349
,338
,350
,368
,352
,334
,350
2026 05 14 14:37:09.347501,366
,345
,334
,351
,354
,339
,342
,357
,345
,330
,348
,355
,343
,344
2026 05 14 14:37:09.409681,362
,366
,354
,347
,356
,342
,335
,345
,358
,344
,333
,350
,358
,344
2026 05 14 14:37:09.470858,340
,363
,361
,344
,353
,367
,351
,344
,363
,354
,338
,341
,350
,346
2026 05 14 14:37:09.536316,332
,343
,361
,349
,339
,362
,373
,359
,351
,358
,360
,346
,347
,366
2026 05 14 14:37:09.597837,355
,344
,354
,363
,345
,338
,356
,355
,338
,343
,361
,358
,347
,354
2026 05 14 14:37:09.663736,363
,351
,347
,360
,366
,355
,347
,365
,364
,343
,353
,364
,354
,343
2026 05 14 14:37:09.724299,352
,356
,339
,336
,352
,354
,345
,351
,371
,358
,336
,351
,371
,356
2026 05 14 14:37:09.786308,351
,368
,369
,341
,344
,363
,349
,335
,340
,356
,346
,336
,355
,360
2026 05 14 14:37:09.851506,345
,342
,354
,354
,345
,348
,366
,360
,345
,355
,364
,355
,349
,360
2026 05 14 14:37:09.913215,351
,336
,341
,353
,345
,336
,345
,352
,337
,336
,353
,355
,342
,350
2026 05 14 14:37:09.979024,368
,357
,345
,362
,373
,353
,349
,361
,362
,343
,344
,352
,349
,335
2026 05 14 14:37:10.040316,343
,360
,349
,342
,354
,367
,356
,354
,378
,372
,355
,353
,365
,349
2026 05 14 14:37:10.101272,343
,350
,363
,349
,344
,361
,363
,350
,357
,369
,359
,351
,359
,369
2026 05 14 14:37:10.166260,356
,348
,359
,365
,349
,355
,376
,374
,359
,356
,365
,350
,339
,355
2026 05 14 14:37:10.228126,368
,355
,355
,376
,367
,349
,353
,372
,364
,348
,369
,386
,375
,364
2026 05 14 14:37:10.289934,367
,362
,341
,349
,364
,356
,347
,356
,369
,352
,347
,360
,365
,354
2026 05 14 14:37:10.355664,355
,371
,347
,332
,338
,356
,345
,340
,352
,355
,344
,342
,354
,359
2026 05 14 14:37:10.416806,348
,357
,366
,354
,347
,365
,374
,360
,361
,364
,352
,340
,338
,353
2026 05 14 14:37:10.482201,348
,335
,349
,357
,352
,337
,341
,347
,336
,338
,358
,354
,340
,346
2026 05 14 14:37:10.543654,360
,350
,349
,368
,367
,340
,337
,351
,355
,337
,340
,363
,350
,339
2026 05 14 14:37:10.605380,349
,355
,345
,340
,357
,360
,345
,350
,364
,353
,344
,362
,373
,358
2026 05 14 14:37:10.671090,355
,377
,392
,371
,351
,358
,355
,344
,355
,372
,355
,344
,359
,368
2026 05 14 14:37:10.732431,354
,346
,353
,353
,342
,346
,367
,357
,353
,358
,363
,348
,345
,364
2026 05 14 14:37:10.797346,362
,345
,348
,365
,356
,349
,356
,374
,355
,340
,357
,360
,343
,354
2026 05 14 14:37:10.859520,374
,363
,343
,357
,374
,349
,338
,359
,367
,348
,351
,370
,374
,347
2026 05 14 14:37:10.920978,344
,360
,355
,342
,351
,369
,357
,344
,359
,366
,353
,359
,378
,365
2026 05 14 14:37:10.985990,354
,368
,381
,364
,337
,348
,354
,345
,337
,357
,360
,350
,358
,367
2026 05 14 14:37:11.047073,344
,338
,360
,366
,350
,352
,373
,369
,350
,358
,378
,369
,361
,369
2026 05 14 14:37:11.114127,362
,339
,332
,352
,348
,334
,337
,357
,347
,337
,351
,363
,347
,345
2026 05 14 14:37:11.174873,363
,364
,353
,354
,370
,359
,344
,358
,376
,356
,338
,356
,365
,338
2026 05 14 14:37:11.236161,339
,354
,352
,340
,344
,363
,352
,344
,359
,368
,356
,350
,360
,365
2026 05 14 14:37:11.300712,350
,361
,380
,362
,346
,363
,367
,352
,344
,356
,357
,338
,338
,353
2026 05 14 14:37:11.363323,343
,335
,351
,369
,356
,345
,357
,363
,353
,355
,375
,374
,349
,350
2026 05 14 14:37:11.428404,370
,358
,333
,341
,354
,339
,337
,354
,354
,337
,342
,362
,350
,336
2026 05 14 14:37:11.489561,352
,367
,358
,355
,376
,356
,338
,335
,348
,341
,335
,351
,366
,348
2026 05 14 14:37:11.550614,344
,354
,346
,331
,338
,352
,348
,339
,348
,362
,353
,350
,370
,370
2026 05 14 14:37:11.616522,350
,347
,368
,364
,354
,360
,368
,355
,341
,355
,366
,346
,337
,346
2026 05 14 14:37:11.678354,348
,337
,345
,361
,356
,345
,350
,371
,355
,351
,366
,369
,354
,355
2026 05 14 14:37:11.744906,375
,360
,340
,349
,369
,342
,329
,345
,355
,343
,344
,357
,350
,336
2026 05 14 14:37:11.804779,349
,358
,355
,351
,369
,384
,365
,353
,367
,367
,351
,346
,356
,348
2026 05 14 14:37:11.866120,331
,335
,359
,344
,334
,352
,361
,347
,345
,348
,338
,334
,348
,363
2026 05 14 14:37:11.932460,356
,354
,368
,367
,345
,344
,357
,354
,339
,349
,358
,344
,337
,351
2026 05 14 14:37:11.993894,369
,352
,349
,360
,355
,344
,343
,361
,346
,324
,342
,362
,345
,345
2026 05 14 14:37:12.059395,358
,364
,346
,346
,365
,357
,343
,355
,370
,351
,339
,350
,360
,353
2026 05 14 14:37:12.120197,343
,366
,366
,352
,352
,353
,343
,335
,352
,364
,347
,336
,348
,351
2026 05 14 14:37:12.182494,338
,345
,360
,346
,334
,346
,358
,347
,340
,358
,360
,348
,355
,374
2026 05 14 14:37:12.247332,359
,344
,342
,358
,345
,335
,350
,358
,348
,345
,351
,348
,338
,347
2026 05 14 14:37:12.309244,368
,363
,350
,367
,366
,341
,330
,352
,351
,340
,344
,354
,348
,335
2026 05 14 14:37:12.374398,349
,358
,341
,336
,357
,367
,351
,342
,360
,342
,324
,344
,366
,341
2026 05 14 14:37:12.435732,321
,339
,348
,336
,338
,351
,348
,340
,354
,370
,354
,341
,351
,349
2026 05 14 14:37:12.497672,339
,334
,349
,347
,335
,346
,363
,357
,348
,350
,357
,338
,340
,347
2026 05 14 14:37:12.563288,354
,338
,340
,343
,341
,336
,342
,353
,345
,340
,356
,365
,349
,338
2026 05 14 14:37:12.624450,338
,347
,336
,352
,367
,344
,336
,351
,354
,334
,332
,345
,346
,334
2026 05 14 14:37:12.690215,348
,358
,340
,324
,342
,362
,353
,345
,359
,367
,351
,341
,356
,352
2026 05 14 14:37:12.751292,346
,351
,361
,347
,335
,347
,354
,344
,343
,357
,353
,341
,357
,370
2026 05 14 14:37:12.813052,354
,335
,343
,348
,341
,337
,358
,361
,350
,354
,366
,358
,335
,348
2026 05 14 14:37:12.878308,363
,347
,341
,357
,360
,347
,349
,357
,344
,332
,342
,352
,346
,343
2026 05 14 14:37:12.940141,362
,359
,339
,332
,354
,354
,344
,353
,371
,358
,353
,358
,370
,343
2026 05 14 14:37:13.006418,337
,353
,353
,340
,341
,360
,353
,335
,342
,359
,339
,337
,356
,360
2026 05 14 14:37:13.067062,342
,348
,364
,354
,334
,349
,355
,341
,335
,347
,350
,338
,339
,360
2026 05 14 14:37:13.128258,359
,352
,352
,355
,339
,334
,352
,364
,351
,339
,355
,354
,340
,344
2026 05 14 14:37:13.193762,356
,347
,338
,345
,356
,340
,340
,350
,353
,346
,349
,367
,359
,347
2026 05 14 14:37:13.255457,354
,358
,349
,338
,348
,355
,336
,338
,353
,344
,330
,340
,356
,344
2026 05 14 14:37:13.322204,341
,353
,365
,351
,328
,348
,350
,337
,343
,369
,360
,350
,345
,355
2026 05 14 14:37:13.382269,340
,337
,357
,351
,340
,345
,362
,352
,336
,353
,361
,349
,343
,350
2026 05 14 14:37:13.443751,359
,349
,353
,367
,360
,338
,350
,374
,339
,332
,349
,352
,339
,341
2026 05 14 14:37:13.508652,359
,356
,343
,346
,360
,348
,339
,348
,353
,342
,344
,360
,362
,353
2026 05 14 14:37:13.570601,362
,377
,366
,349
,352
,359
,339
,338
,357
,356
,342
,338
,355
,348
2026 05 14 14:37:13.636336,332
,343
,356
,351
,337
,355
,367
,345
,347
,369
,365
,352
,347
,362
2026 05 14 14:37:13.697967,354
,346
,351
,365
,352
,344
,346
,347
,333
,340
,348
,341
,331
,342
2026 05 14 14:37:13.758948,358
,347
,344
,356
,359
,342
,347
,367
,348
,333
,355
,369
,357
,346
2026 05 14 14:37:13.824956,354
,352
,341
,340
,358
,354
,338
,340
,361
,352
,340
,346
,355
,344
2026 05 14 14:37:13.886010,347
,362
,357
,340
,345
,359
,352
,339
,346
,357
,343
,338
,347
,351
2026 05 14 14:37:13.948234,334
,336
,353
,348
,339
,356
,377
,369
,359
,358
,354
,343
,345
,351
2026 05 14 14:37:14.012524,348
,335
,345
,356
,348
,340
,357
,367
,347
,337
,352
,358
,349
,356
2026 05 14 14:37:14.074177,368
,349
,342
,362
,384
,359
,346
,365
,364
,348
,349
,366
,354
,335
2026 05 14 14:37:14.140186,347
,360
,343
,332
,350
,355
,341
,344
,365
,356
,343
,356
,376
,367
2026 05 14 14:37:14.201756,350
,354
,363
,354
,351
,362
,357
,343
,338
,355
,345
,336
,348
,356
2026 05 14 14:37:14.263662,339
,336
,355
,357
,346
,352
,366
,360
,351
,360
,365
,336
,339
,356
2026 05 14 14:37:14.328658,361
,344
,337
,353
,346
,333
,341
,356
,345
,335
,347
,354
,342
,345
2026 05 14 14:37:14.389692,364
,354
,338
,355
,363
,347
,345
,358
,368
,353
,350
,359
,355
,341
2026 05 14 14:37:14.455053,342
,352
,349
,339
,353
,368
,348
,336
,351
,351
,343
,352
,372
,360
2026 05 14 14:37:14.517125,342
,346
,362
,348
,342
,359
,367
,351
,348
,362
,355
,342
,344
,359
2026 05 14 14:37:14.577771,349
,343
,348
,355
,337
,334
,344
,347
,341
,349
,363
,353
,346
,361
2026 05 14 14:37:14.643682,369
,356
,350
,358
,361
,345
,347
,364
,358
,346
,350
,357
,350
,338
2026 05 14 14:37:14.705336,352
,359
,346
,341
,354
,346
,339
,348
,362
,348
,339
,351
,371
,352
2026 05 14 14:37:14.770906,340
,353
,353
,341
,347
,366
,356
,340
,350
,358
,346
,338
,354
,357
2026 05 14 14:37:14.831181,338
,339
,357
,354
,342
,351
,360
,351
,343
,359
,361
,344
,332
,345
2026 05 14 14:37:14.894288,343
,333
,341
,352
,347
,334
,343
,354
,344
,341
,358
,355
,339
,345
2026 05 14 14:37:14.959162,368
,355
,331
,336
,351
,337
,331
,347
,356
,344
,353
,364
,348
,335
2026 05 14 14:37:15.020322,338
,350
,339
,328
,345
,357
,343
,352
,367
,362
,341
,351
,367
,352
2026 05 14 14:37:15.086610,339
,349
,360
,347
,343
,361
,353
,340
,348
,364
,345
,342
,349
,357
2026 05 14 14:37:15.147845,349
,336
,350
,358
,349
,352
,371
,362
,346
,349
,367
,357
,347
,350
2026 05 14 14:37:15.208649,352
,340
,341
,355
,351
,326
,328
,350
,342
,336
,352
,367
,357
,357
2026 05 14 14:37:15.274888,371
,369
,356
,353
,364
,358
,344
,347
,354
,337
,334
,354
,359
,341
2026 05 14 14:37:15.336239,333
,351
,344
,334
,346
,359
,350
,340
,353
,357
,345
,351
,368
,363
2026 05 14 14:37:15.401340,340
,346
,356
,341
,332
,338
,353
,338
,315
,330
,332
,319
,317
,334
2026 05 14 14:37:15.463232,328
,320
,325
,336
,325
,323
,343
,349
,335
,338
,348
,349
,337
,345
2026 05 14 14:37:15.524304,357
,333
,327
,343
,348
,338
,339
,360
,351
,336
,347
,369
,358
,337
2026 05 14 14:37:15.590154,339
,361
,352
,345
,358
,357
,337
,343
,359
,347
,338
,355
,369
,345
2026 05 14 14:37:15.651042,338
,351
,352
,337
,344
,356
,346
,335
,348
,367
,347
,341
,355
,361
2026 05 14 14:37:15.717397,350
,355
,364
,357
,352
,368
,374
,353
,344
,352
,348
,334
,337
,352
2026 05 14 14:37:15.778762,349
,337
,346
,368
,360
,351
,367
,372
,357
,353
,365
,362
,346
,351
2026 05 14 14:37:15.839412,361
,352
,339
,351
,363
,354
,353
,363
,364
,348
,342
,356
,337
,323
2026 05 14 14:37:15.905594,341
,360
,348
,337
,359
,368
,355
,347
,362
,357
,344
,354
,372
,363
2026 05 14 14:37:15.966436,349
,359
,376
,349
,342
,360
,363
,341
,341
,356
,349
,345
,356
,368
2026 05 14 14:37:16.032511,356
,350
,364
,375
,355
,347
,358
,349
,338
,350
,361
,346
,338
,343
2026 05 14 14:37:16.093380,347
,341
,343
,357
,354
,340
,354
,370
,344
,325
,348
,365
,351
,348
2026 05 14 14:37:16.155171,360
,363
,350
,348
,354
,347
,336
,348
,364
,345
,341
,359
,363
,338
2026 05 14 14:37:16.221148,333
,356
,349
,339
,355
,372
,363
,348
,356
,365
,359
,355
,363
,351
2026 05 14 14:37:16.282230,335
,345
,362
,352
,338
,358
,359
,345
,337
,352
,350
,339
,343
,362
2026 05 14 14:37:16.348397,360
,340
,350
,366
,355
,341
,355
,360
,338
,343
,355
,357
,339
,344
2026 05 14 14:37:16.409796,356
,348
,338
,355
,356
,338
,338
,357
,358
,337
,349
,367
,348
,338
2026 05 14 14:37:16.470273,340
,355
,348
,346
,357
,361
,347
,349
,361
,349
,346
,350
,358
,345
2026 05 14 14:37:16.535696,342
,352
,358
,347
,346
,350
,345
,336
,345
,357
,347
,341
,356
,352
2026 05 14 14:37:16.598489,339
,341
,356
,356
,347
,341
,345
,336
,333
,355
,362
,343
,339
,349
2026 05 14 14:37:16.663281,343
,339
,353
,370
,362
,349
,354
,361
,347
,337
,353
,355
,337
,342
2026 05 14 14:37:16.724897,358
,356
,337
,346
,361
,348
,335
,356
,361
,347
,343
,352
,345
,341
2026 05 14 14:37:16.785486,344
,362
,343
,341
,352
,358
,350
,346
,357
,358
,348
,353
,371
,366
2026 05 14 14:37:16.851630,350
,348
,356
,333
,332
,357
,361
,341
,348
,358
,351
,339
,345
,359
2026 05 14 14:37:16.913183,343
,345
,358
,358
,343
,351
,370
,372
,358
,344
,348
,339
,335
,353
2026 05 14 14:37:16.978147,365
,342
,342
,353
,358
,343
,347
,368
,357
,346
,357
,368
,356
,344
2026 05 14 14:37:17.039550,363
,372
,362
,349
,359
,346
,330
,345
,357
,349
,342
,358
,361
,347
2026 05 14 14:37:17.101373,354
,366
,365
,353
,356
,371
,362
,353
,361
,367
,344
,342
,362
,351
2026 05 14 14:37:17.167120,335
,345
,361
,356
,338
,343
,353
,338
,334
,350
,350
,341
,349
,359
2026 05 14 14:37:17.228759,347
,337
,347
,364
,358
,351
,347
,350
,336
,333
,348
,349
,339
,347
2026 05 14 14:37:17.295550,361
,342
,332
,352
,361
,341
,333
,347
,347
,331
,339
,351
,348
,341
2026 05 14 14:37:17.355408,354
,364
,332
,332
,348
,341
,323
,328
,347
,336
,326
,343
,354
,339
2026 05 14 14:37:17.415861,332
,349
,355
,345
,347
,358
,349
,344
,350
,366
,346
,340
,346
,345
2026 05 14 14:37:17.482616,335
,334
,354
,349
,335
,344
,360
,344
,334
,352
,359
,343
,346
,361
2026 05 14 14:37:17.543753,365
,351
,355
,379
,372
,350
,354
,358
,347
,329
,337
,348
,334
,337
2026 05 14 14:37:17.604568,352
,345
,332
,341
,354
,343
,334
,346
,351
,338
,335
,348
,347
,341
2026 05 14 14:37:17.670210,353
,364
,343
,327
,343
,352
,345
,339
,356
,354
,343
,347
,362
,361
2026 05 14 14:37:17.732299,349
,346
,355
,343
,336
,352
,360
,345
,352
,376
,369
,353
,361
,367
2026 05 14 14:37:17.797689,343
,340
,353
,359
,350
,345
,363
,357
,338
,344
,365
,354
,336
,349
2026 05 14 14:37:17.859327,364
,360
,353
,368
,369
,352
,360
,364
,354
,346
,360
,372
,360
,342
2026 05 14 14:37:17.920817,353
,354
,338
,342
,365
,351
,336
,341
,359
,343
,333
,349
,362
,350
2026 05 14 14:37:17.985772,344
,357
,354
,341
,350
,365
,351
,340
,358
,369
,347
,336
,351
,357
2026 05 14 14:37:18.047064,346
,349
,363
,357
,350
,359
,363
,347
,348
,360
,359
,349
,351
,366
2026 05 14 14:37:18.113097,359
,346
,353
,369
,360
,345
,352
,351
,341
,349
,366
,361
,349
,354
2026 05 14 14:37:18.174646,366
,352
,338
,356
,372
,352
,350
,368
,369
,359
,354
,364
,358
,342
2026 05 14 14:37:18.236045,347
,362
,341
,336
,350
,352
,337
,344
,359
,356
,338
,349
,363
,351
2026 05 14 14:37:18.300807,337
,348
,360
,344
,349
,367
,361
,343
,335
,348
,340
,336
,339
,353
2026 05 14 14:37:18.362683,370
,361
,357
,353
,340
,345
,358
,349
,336
,351
,363
,348
,345
,362
2026 05 14 14:37:18.428720,361
,345
,347
,370
,359
,349
,360
,372
,352
,344
,362
,372
,360
,361
2026 05 14 14:37:18.490024,380
,374
,352
,350
,363
,353
,346
,360
,365
,349
,352
,372
,368
,356
2026 05 14 14:37:18.550726,360
,380
,367
,350
,363
,367
,348
,343
,350
,354
,343
,349
,363
,355
2026 05 14 14:37:18.617051,345
,354
,364
,353
,350
,370
,371
,354
,355
,370
,363
,340
,350
,364
2026 05 14 14:37:18.678348,347
,338
,353
,365
,355
,358
,367
,367
,352
,361
,369
,345
,334
,352
2026 05 14 14:37:18.744100,365
,347
,344
,356
,356
,339
,346
,361
,354
,340
,348
,362
,352
,354
2026 05 14 14:37:18.805446,366
,366
,352
,357
,366
,354
,337
,349
,361
,350
,346
,363
,371
,347
2026 05 14 14:37:18.866608,336
,354
,357
,349
,352
,364
,353
,341
,356
,368
,356
,352
,368
,369
2026 05 14 14:37:18.932909,355
,361
,368
,361
,345
,351
,365
,350
,346
,359
,362
,349
,352
,369
2026 05 14 14:37:18.994087,361
,350
,359
,374
,354
,345
,359
,362
,343
,341
,358
,360
,347
,358
2026 05 14 14:37:19.059698,360
,348
,339
,344
,354
,339
,336
,352
,353
,347
,354
,371
,355
,343
2026 05 14 14:37:19.120855,356
,365
,349
,339
,353
,360
,350
,352
,368
,365
,342
,356
,365
,344
2026 05 14 14:37:19.181517,332
,351
,353
,338
,335
,356
,355
,341
,349
,367
,355
,347
,359
,369
2026 05 14 14:37:19.247987,353
,353
,365
,358
,336
,342
,360
,354
,350
,361
,372
,358
,350
,360
2026 05 14 14:37:19.310191,372
,358
,357
,357
,341
,333
,346
,360
,346
,337
,352
,359
,345
,343
2026 05 14 14:37:19.374714,357
,358
,346
,353
,369
,359
,347
,358
,366
,349
,343
,360
,360
,344
2026 05 14 14:37:19.436163,349
,365
,353
,342
,351
,365
,353
,349
,359
,354
,337
,338
,348
,341
2026 05 14 14:37:19.497710,329
,340
,363
,348
,333
,347
,356
,333
,338
,361
,363
,352
,354
,351
2026 05 14 14:37:19.563351,338
,331
,344
,358
,344
,341
,356
,362
,348
,351
,367
,350
,335
,351
2026 05 14 14:37:19.623869,365
,349
,349
,362
,360
,348
,341
,354
,348
,336
,349
,371
,356
,346
2026 05 14 14:37:19.689998,358
,361
,343
,344
,365
,365
,350
,353
,359
,344
,338
,356
,359
,343
2026 05 14 14:37:19.751388,344
,362
,366
,343
,351
,360
,348
,343
,356
,367
,351
,347
,358
,357
2026 05 14 14:37:19.812679,345
,350
,367
,353
,346
,361
,384
,376
,364
,367
,368
,350
,344
,351
2026 05 14 14:37:19.878669,344
,334
,343
,352
,342
,335
,352
,361
,346
,343
,357
,359
,345
,351
2026 05 14 14:37:19.940221,356
,357
,349
,357
,372
,349
,342
,358
,366
,348
,330
,352
,349
,337
2026 05 14 14:37:20.006049,346
,359
,345
,337
,354
,359
,345
,348
,359
,358
,341
,347
,368
,344
2026 05 14 14:37:20.066291,337
,352
,360
,337
,336
,352
,353
,339
,346
,360
,346
,342
,353
,354
2026 05 14 14:37:20.127583,340
,334
,348
,353
,344
,349
,364
,364
,351
,359
,372
,352
,345
,357
2026 05 14 14:37:20.193604,357
,337
,344
,361
,351
,327
,343
,365
,360
,341
,345
,357
,346
,346
2026 05 14 14:37:20.254664,356
,355
,337
,348
,366
,360
,348
,357
,365
,345
,345
,356
,355
,334
2026 05 14 14:37:20.320252,340
,358
,353
,345
,349
,360
,348
,343
,365
,370
,358
,355
,363
,357
2026 05 14 14:37:20.382587,347
,355
,372
,349
,337
,352
,363
,343
,335
,349
,347
,335
,347
,360
2026 05 14 14:37:20.443421,353
,344
,361
,371
,358
,343
,357
,367
,362
,359
,366
,350
,337
,348
2026 05 14 14:37:20.508909,362
,344
,331
,344
,345
,337
,340
,355
,348
,339
,352
,368
,356
,346
2026 05 14 14:37:20.570738,360
,369
,354
,349
,358
,356
,348
,354
,369
,361
,348
,340
,349
,342
2026 05 14 14:37:20.636122,330
,345
,347
,335
,341
,357
,349
,341
,356
,372
,356
,349
,356
,364
2026 05 14 14:37:20.697432,352
,350
,368
,361
,337
,341
,358
,345
,333
,345
,358
,347
,345
,362
2026 05 14 14:37:20.759078,361
,350
,355
,369
,355
,344
,360
,368
,358
,351
,363
,357
,335
,342
2026 05 14 14:37:20.824634,366
,357
,334
,343
,354
,342
,336
,352
,362
,349
,353
,364
,360
,345
2026 05 14 14:37:20.886008,354
,368
,349
,345
,357
,353
,340
,333
,350
,351
,342
,354
,366
,347
2026 05 14 14:37:20.950793,338
,354
,370
,358
,352
,359
,358
,348
,351
,361
,356
,340
,346
,355
2026 05 14 14:37:21.013580,350
,342
,356
,360
,348
,351
,364
,361
,345
,353
,364
,351
,339
,347
2026 05 14 14:37:21.074531,362
,353
,356
,369
,357
,345
,351
,365
,351
,335
,347
,359
,347
,340
2026 05 14 14:37:21.140642,354
,358
,346
,350
,363
,354
,345
,354
,365
,348
,346
,359
,357
,345
2026 05 14 14:37:21.201470,338
,350
,337
,325
,332
,349
,335
,322
,335
,341
,327
,327
,346
,342
2026 05 14 14:37:21.267013,331
,331
,342
,340
,331
,351
,366
,345
,347
,369
,367
,349
,354
,361
2026 05 14 14:37:21.328478,350
,348
,353
,362
,353
,351
,355
,360
,348
,347
,362
,357
,344
,355
2026 05 14 14:37:21.389854,363
,352
,346
,364
,369
,359
,352
,361
,360
,348
,354
,362
,349
,338
2026 05 14 14:37:21.455434,352
,358
,339
,338
,354
,356
,344
,350
,365
,350
,336
,353
,367
,366
2026 05 14 14:37:21.517315,356
,373
,376
,343
,341
,363
,358
,344
,344
,361
,348
,334
,355
,362
2026 05 14 14:37:21.577861,344
,347
,358
,353
,340
,352
,372
,359
,343
,364
,380
,368
,352
,355
2026 05 14 14:37:21.643691,350
,336
,339
,348
,346
,337
,351
,367
,341
,341
,354
,351
,335
,340
2026 05 14 14:37:21.705176,357
,345
,332
,342
,359
,348
,336
,356
,370
,362
,347
,371
,366
,337
2026 05 14 14:37:21.771003,350
,362
,346
,336
,347
,354
,336
,330
,350
,348
,335
,346
,360
,347
2026 05 14 14:37:21.832882,341
,356
,363
,355
,355
,368
,375
,366
,355
,369
,361
,341
,354
,372
2026 05 14 14:37:21.893054,354
,338
,350
,355
,343
,339
,348
,342
,331
,344
,358
,345
,340
,359
2026 05 14 14:37:21.959310,371
,364
,367
,378
,370
,351
,344
,361
,348
,339
,342
,353
,343
,337
2026 05 14 14:37:22.020963,350
,352
,343
,349
,368
,364
,346
,360
,381
,370
,366
,385
,387
,365
2026 05 14 14:37:22.085732,357
,367
,360
,352
,362
,371
,344
,335
,352
,360
,349
,345
,357
,349
2026 05 14 14:37:22.147693,341
,350
,369
,361
,355
,364
,374
,360
,360
,370
,369
,347
,351
,366
2026 05 14 14:37:22.209029,355
,341
,353
,371
,351
,333
,347
,350
,336
,341
,355
,352
,340
,348
2026 05 14 14:37:22.274515,361
,354
,353
,363
,367
,356
,354
,370
,351
,334
,341
,355
,342
,334
2026 05 14 14:37:22.335341,353
,366
,353
,344
,347
,346
,336
,344
,364
,350
,340
,346
,360
,345
2026 05 14 14:37:22.401562,342
,358
,361
,342
,336
,353
,347
,334
,341
,354
,341
,332
,350
,357
2026 05 14 14:37:22.463531,348
,347
,359
,350
,334
,342
,359
,342
,335
,347
,347
,333
,335
,354
2026 05 14 14:37:22.523757,357
,344
,349
,359
,350
,341
,355
,371
,359
,348
,361
,363
,346
,352
2026 05 14 14:37:22.590060,376
,365
,344
,338
,351
,341
,333
,352
,361
,344
,343
,355
,355
,344
2026 05 14 14:37:22.651238,349
,367
,353
,351
,368
,367
,350
,343
,356
,356
,347
,344
,365
,351
2026 05 14 14:37:22.716676,343
,358
,376
,362
,362
,363
,353
,337
,343
,358
,347
,341
,353
,366
2026 05 14 14:37:22.778537,348
,343
,358
,359
,342
,347
,370
,367
,353
,361
,374
,360
,362
,374
2026 05 14 14:37:22.839679,375
,354
,339
,341
,343
,334
,338
,354
,345
,337
,347
,358
,341
,334
2026 05 14 14:37:22.904740,348
,352
,341
,348
,366
,365
,348
,354
,375
,364
,358
,371
,375
,350
2026 05 14 14:37:22.966623,340
,357
,350
,339
,347
,361
,347
,340
,355
,360
,350
,346
,357
,355
2026 05 14 14:37:23.032827,341
,351
,367
,357
,344
,358
,369
,348
,351
,367
,359
,343
,339
,358
2026 05 14 14:37:23.093648,349
,336
,340
,355
,341
,332
,348
,353
,339
,348
,365
,354
,335
,354
2026 05 14 14:37:23.154813,371
,362
,347
,362
,372
,348
,345
,347
,347
,336
,341
,356
,348
,339
2026 05 14 14:37:23.220079,352
,354
,343
,341
,362
,358
,336
,341
,356
,350
,346
,366
,381
,362
2026 05 14 14:37:23.282582,352
,374
,368
,348
,339
,350
,348
,336
,345
,356
,346
,337
,346
,364
2026 05 14 14:37:23.347646,343
,335
,353
,353
,346
,356
,369
,359
,351
,360
,367
,352
,345
,356
2026 05 14 14:37:23.409813,363
,343
,343
,355
,340
,331
,339
,352
,340
,336
,355
,363
,352
,358
2026 05 14 14:37:23.470044,380
,364
,355
,365
,377
,357
,328
,341
,353
,341
,343
,354
,350
,332
2026 05 14 14:37:23.536018,339
,358
,349
,339
,356
,368
,351
,346
,364
,363
,344
,354
,369
,357
2026 05 14 14:37:23.598420,334
,345
,365
,348
,337
,343
,351
,340
,337
,354
,350
,335
,340
,358
2026 05 14 14:37:23.663073,342
,336
,348
,355
,345
,342
,358
,366
,353
,361
,376
,356
,345
,352
2026 05 14 14:37:23.724773,360
,351
,338
,349
,351
,337
,344
,358
,339
,330
,349
,360
,350
,345
2026 05 14 14:37:23.785492,357
,357
,346
,343
,356
,353
,342
,352
,369
,355
,344
,353
,349
,335
2026 05 14 14:37:23.851414,333
,348
,347
,331
,344
,365
,348
,333
,351
,368
,352
,346
,366
,366
2026 05 14 14:37:23.912332,347
,344
,358
,353
,344
,353
,372
,353
,335
,349
,344
,328
,332
,351
2026 05 14 14:37:23.979055,342
,328
,336
,351
,344
,333
,342
,355
,345
,345
,362
,364
,346
,348
2026 05 14 14:37:24.039745,365
,354
,345
,356
,366
,351
,324
,339
,343
,334
,338
,356
,346
,333
2026 05 14 14:37:24.101374,342
,358
,348
,343
,361
,367
,347
,351
,360
,357
,345
,347
,361
,356
2026 05 14 14:37:24.167258,344
,356
,355
,339
,340
,358
,354
,338
,346
,360
,345
,338
,356
,365
2026 05 14 14:37:24.227827,353
,348
,362
,361
,346
,350
,367
,358
,332
,341
,355
,345
,342
,341
2026 05 14 14:37:24.293713,350
,334
,339
,357
,357
,336
,348
,357
,341
,330
,350
,359
,344
,347
2026 05 14 14:37:24.355172,359
,355
,343
,343
,352
,345
,334
,355
,366
,337
,331
,346
,349
,337
2026 05 14 14:37:24.417003,342
,355
,344
,328
,340
,354
,344
,340
,353
,356
,334
,333
,342
,340
2026 05 14 14:37:24.482176,333
,340
,352
,338
,323
,335
,342
,330
,330
,349
,342
,328
,341
,353
2026 05 14 14:37:24.543244,337
,325
,337
,351
,333
,326
,342
,344
,333
,331
,348
,342
,328
,335
2026 05 14 14:37:24.609169,350
,333
,326
,341
,344
,332
,330
,345
,337
,323
,329
,340
,323
,320
2026 05 14 14:37:24.670718,342
,351
,330
,326
,337
,345
,329
,335
,356
,333
,317
,334
,349
,334
2026 05 14 14:37:24.730880,331
,355
,353
,339
,348
,367
,353
,331
,343
,359
,344
,342
,361
,367
2026 05 14 14:37:24.796835,349
,349
,352
,335
,325
,337
,354
,346
,334
,344
,350
,336
,338
,353
2026 05 14 14:37:24.859178,345
,343
,355
,361
,344
,336
,346
,360
,350
,341
,351
,357
,343
,348
2026 05 14 14:37:24.924211,361
,356
,342
,353
,362
,351
,343
,356
,366
,344
,347
,358
,350
,342
2026 05 14 14:37:24.986167,350
,361
,351
,342
,356
,365
,348
,346
,357
,355
,342
,347
,359
,354
2026 05 14 14:37:25.046871,346
,357
,364
,350
,348
,360
,359
,346
,348
,362
,355
,348
,357
,360
2026 05 14 14:37:25.113423,348
,344
,361
,363
,344
,346
,364
,358
,345
,351
,364
,357
,349
,365
2026 05 14 14:37:25.174619,374
,363
,366
,381
,377
,365
,370
,379
,361
,351
,366
,375
,361
,356
2026 05 14 14:37:25.239903,373
,376
,368
,375
,386
,373
,363
,363
,359
,351
,347
,362
,370
,358
2026 05 14 14:37:25.301464,356
,367
,360
,347
,353
,365
,356
,347
,360
,363
,354
,357
,367
,362
2026 05 14 14:37:25.362839,349
,360
,366
,360
,356
,364
,375
,360
,358
,369
,365
,357
,364
,379
2026 05 14 14:37:25.428377,372
,357
,366
,376
,366
,358
,370
,372
,354
,355
,367
,360
,351
,356
2026 05 14 14:37:25.489465,362
,355
,348
,357
,363
,351
,353
,365
,361
,353
,357
,371
,360
,339
2026 05 14 14:37:25.550944,344
,360
,352
,350
,356
,355
,344
,355
,365
,354
,345
,355
,360
,352
2026 05 14 14:37:25.617061,344
,358
,361
,348
,352
,367
,361
,355
,365
,379
,359
,352
,361
,366
2026 05 14 14:37:25.677628,350
,350
,362
,357
,351
,360
,365
,353
,345
,353
,359
,349
,345
,353
2026 05 14 14:37:25.743237,350
,336
,340
,359
,345
,334
,349
,360
,343
,343
,352
,353
,344
,346
2026 05 14 14:37:25.805298,359
,349
,342
,345
,354
,342
,338
,353
,355
,344
,345
,358
,352
,342
2026 05 14 14:37:25.866417,346
,362
,354
,344
,358
,367
,354
,352
,367
,368
,351
,342
,354
,344
2026 05 14 14:37:25.930801,338
,347
,351
,338
,331
,346
,355
,350
,353
,364
,358
,351
,360
,370
2026 05 14 14:37:25.993275,354
,345
,359
,361
,347
,348
,363
,354
,339
,351
,363
,351
,335
,350
2026 05 14 14:37:26.059615,358
,347
,343
,354
,353
,345
,349
,358
,349
,338
,348
,358
,347
,343
2026 05 14 14:37:26.120705,348
,344
,334
,338
,348
,341
,328
,337
,347
,343
,335
,344
,351
,339
2026 05 14 14:37:26.182120,336
,344
,344
,332
,341
,352
,340
,326
,340
,352
,337
,336
,349
,347
2026 05 14 14:37:26.247860,337
,345
,355
,346
,335
,348
,356
,335
,330
,349
,353
,340
,351
,364
2026 05 14 14:37:26.308418,352
,340
,344
,355
,336
,340
,354
,358
,349
,345
,356
,350
,340
,347
2026 05 14 14:37:26.374522,360
,344
,335
,348
,357
,343
,343
,357
,351
,339
,345
,361
,351
,343
2026 05 14 14:37:26.436192,352
,350
,335
,338
,353
,356
,346
,349
,358
,349
,341
,351
,359
,346
2026 05 14 14:37:26.496658,344
,358
,362
,349
,348
,357
,349
,338
,347
,360
,345
,338
,356
,359
2026 05 14 14:37:26.562269,344
,347
,358
,351
,338
,349
,362
,346
,336
,352
,363
,351
,344
,353
2026 05 14 14:37:26.623964,355
,345
,344
,346
,337
,328
,341
,355
,340
,338
,353
,362
,346
,347
2026 05 14 14:37:26.689880,359
,356
,344
,347
,362
,351
,334
,349
,356
,338
,340
,355
,355
,339
2026 05 14 14:37:26.750754,349
,364
,358
,348
,352
,358
,345
,341
,353
,354
,342
,346
,361
,355
2026 05 14 14:37:26.812359,345
,356
,360
,349
,341
,356
,358
,343
,346
,357
,347
,347
,360
,368
2026 05 14 14:37:26.878344,358
,349
,362
,365
,353
,354
,366
,362
,345
,349
,359
,347
,335
,345
2026 05 14 14:37:26.939630,354
,341
,341
,355
,352
,343
,352
,366
,362
,353
,365
,373
,361
,355
2026 05 14 14:37:27.004488,366
,367
,355
,352
,363
,355
,342
,354
,368
,356
,343
,353
,357
,347
2026 05 14 14:37:27.067115,349
,363
,364
,356
,366
,378
,358
,339
,351
,361
,347
,344
,359
,364
2026 05 14 14:37:27.127626,347
,350
,362
,353
,343
,351
,351
,339
,336
,353
,356
,344
,341
,356
2026 05 14 14:37:27.193440,352
,345
,356
,366
,349
,342
,359
,361
,345
,334
,360
,360
,346
,342
2026 05 14 14:37:27.255631,344
,330
,317
,333
,346
,336
,338
,358
,363
,352
,358
,367
,358
,346
2026 05 14 14:37:27.321239,353
,369
,351
,344
,354
,360
,348
,345
,357
,348
,335
,344
,358
,350
2026 05 14 14:37:27.382671,344
,360
,369
,354
,351
,364
,356
,345
,352
,367
,359
,352
,364
,363
2026 05 14 14:37:27.442823,350
,340
,347
,349
,338
,345
,362
,352
,345
,360
,364
,354
,347
,359
2026 05 14 14:37:27.509151,366
,352
,351
,364
,361
,355
,359
,364
,353
,347
,360
,370
,358
,341
2026 05 14 14:37:27.570040,351
,350
,345
,351
,364
,353
,349
,356
,361
,349
,341
,352
,354
,352
2026 05 14 14:37:27.635345,356
,368
,357
,351
,357
,368
,352
,346
,361
,361
,346
,349
,358
,354
2026 05 14 14:37:27.697703,342
,354
,370
,352
,339
,359
,367
,353
,351
,363
,363
,351
,358
,362
2026 05 14 14:37:27.758115,347
,343
,357
,371
,351
,331
,342
,350
,340
,341
,353
,348
,342
,350
2026 05 14 14:37:27.824394,364
,350
,341
,354
,356
,340
,341
,351
,352
,343
,354
,357
,340
,339
2026 05 14 14:37:27.885313,359
,363
,345
,331
,342
,343
,335
,341
,353
,342
,333
,351
,359
,346
2026 05 14 14:37:27.951196,343
,355
,352
,341
,344
,365
,351
,340
,349
,362
,351
,345
,354
,350
2026 05 14 14:37:28.013060,334
,332
,347
,341
,329
,346
,357
,343
,342
,356
,359
,340
,342
,356
2026 05 14 14:37:28.074636,361
,350
,348
,361
,347
,340
,350
,359
,345
,344
,357
,357
,329
,328
2026 05 14 14:37:28.140448,347
,344
,332
,344
,357
,346
,339
,356
,362
,346
,348
,359
,354
,345
2026 05 14 14:37:28.201445,351
,360
,347
,344
,354
,355
,341
,336
,352
,348
,337
,346
,354
,342
2026 05 14 14:37:28.266550,340
,359
,360
,350
,347
,350
,348
,340
,343
,355
,347
,335
,348
,358
2026 05 14 14:37:28.328347,340
,331
,347
,347
,329
,332
,352
,345
,333
,342
,354
,341
,336
,348
2026 05 14 14:37:28.389174,353
,340
,334
,344
,344
,328
,331
,342
,335
,328
,343
,352
,339
,333
2026 05 14 14:37:28.455284,347
,346
,339
,342
,359
,352
,341
,345
,352
,337
,332
,346
,354
,347
2026 05 14 14:37:28.516335,347
,358
,353
,342
,353
,367
,353
,343
,358
,363
,346
,340
,358
,357
2026 05 14 14:37:28.581098,344
,341
,352
,340
,327
,340
,350
,337
,331
,345
,348
,335
,343
,357
2026 05 14 14:37:28.643711,349
,339
,352
,359
,349
,342
,354
,353
,341
,338
,354
,352
,344
,354
2026 05 14 14:37:28.704451,359
,338
,334
,348
,354
,342
,342
,353
,352
,349
,359
,365
,353
,344
2026 05 14 14:37:28.770532,352
,360
,340
,328
,345
,352
,337
,343
,352
,338
,330
,337
,350
,345
2026 05 14 14:37:28.831547,338
,350
,354
,344
,347
,356
,349
,341
,354
,365
,351
,348
,352
,355
2026 05 14 14:37:28.898408,341
,338
,351
,349
,340
,346
,350
,343
,332
,335
,341
,332
,329
,342
2026 05 14 14:37:28.958669,344
,333
,342
,361
,353
,346
,360
,366
,357
,345
,351
,356
,341
,341
2026 05 14 14:37:29.020096,358
,350
,342
,347
,354
,342
,336
,349
,358
,336
,341
,357
,354
,333
2026 05 14 14:37:29.085169,349
,363
,357
,340
,352
,362
,346
,341
,351
,353
,342
,346
,354
,347
2026 05 14 14:37:29.146865,339
,350
,365
,356
,354
,367
,369
,357
,357
,368
,360
,356
,361
,364
2026 05 14 14:37:29.215611,343
,335
,347
,351
,336
,339
,349
,347
,336
,344
,357
,346
,341
,359
2026 05 14 14:37:29.273689,372
,355
,345
,361
,368
,344
,336
,356
,349
,339
,349
,363
,348
,337
2026 05 14 14:37:29.335359,347
,350
,345
,348
,359
,351
,344
,349
,356
,347
,341
,358
,364
,354
2026 05 14 14:37:29.400367,347
,347
,353
,342
,358
,363
,358
,352
,351
,353
,340
,338
,355
,356
2026 05 14 14:37:29.462991,342
,343
,363
,358
,355
,368
,361
,345
,341
,352
,361
,347
,347
,357
2026 05 14 14:37:29.523666,351
,338
,349
,362
,345
,340
,355
,355
,340
,345
,364
,365
,355
,358
2026 05 14 14:37:29.589857,363
,357
,349
,354
,359
,347
,346
,357
,356
,338
,341
,358
,350
,343
2026 05 14 14:37:29.651104,349
,354
,344
,340
,352
,350
,338
,350
,370
,375
,357
,358
,366
,359
2026 05 14 14:37:29.716569,350
,364
,372
,350
,341
,345
,342
,321
,334
,355
,344
,340
,352
,362
2026 05 14 14:37:29.778203,349
,346
,357
,360
,352
,349
,364
,352
,341
,349
,359
,344
,337
,350
2026 05 14 14:37:29.838843,353
,337
,344
,364
,353
,331
,339
,353
,347
,344
,362
,375
,366
,353
2026 05 14 14:37:29.905250,356
,357
,346
,351
,365
,350
,339
,347
,349
,328
,329
,350
,348
,343
2026 05 14 14:37:29.966248,348
,359
,355
,349
,363
,369
,359
,353
,352
,356
,343
,346
,358
,352
2026 05 14 14:37:30.032916,339
,347
,360
,349
,335
,345
,348
,337
,340
,356
,350
,334
,342
,356
2026 05 14 14:37:30.093149,347
,336
,347
,355
,341
,334
,345
,347
,333
,345
,360
,350
,341
,356
2026 05 14 14:37:30.154291,368
,353
,339
,340
,340
,327
,338
,353
,349
,336
,347
,358
,343
,336
2026 05 14 14:37:30.220554,345
,354
,346
,352
,361
,355
,336
,342
,361
,354
,343
,353
,359
,342
2026 05 14 14:37:30.281308,341
,353
,359
,348
,353
,368
,361
,346
,354
,365
,356
,347
,361
,370
2026 05 14 14:37:30.347863,345
,351
,366
,354
,334
,341
,360
,344
,337
,353
,363
,349
,348
,361
2026 05 14 14:37:30.409073,361
,348
,355
,365
,351
,340
,352
,361
,348
,343
,351
,356
,345
,348
2026 05 14 14:37:30.469979,359
,347
,345
,362
,377
,367
,354
,356
,361
,347
,351
,361
,356
,341
2026 05 14 14:37:30.535394,347
,356
,348
,340
,353
,357
,343
,347
,357
,355
,343
,351
,370
,358
2026 05 14 14:37:30.596477,341
,351
,365
,357
,350
,358
,362
,346
,351
,362
,357
,343
,351
,359
2026 05 14 14:37:30.662844,348
,347
,356
,346
,332
,338
,358
,356
,347
,348
,367
,353
,341
,353
2026 05 14 14:37:30.724328,356
,348
,344
,351
,349
,334
,347
,358
,348
,338
,349
,363
,350
,347
2026 05 14 14:37:30.785757,353
,358
,345
,350
,362
,354
,342
,351
,367
,351
,343
,353
,353
,335
2026 05 14 14:37:30.851116,336
,344
,343
,335
,353
,363
,344
,340
,355
,360
,345
,342
,359
,362
2026 05 14 14:37:30.912276,350
,354
,362
,345
,334
,343
,351
,336
,342
,356
,360
,346
,343
,355
2026 05 14 14:37:30.978690,342
,323
,340
,363
,350
,342
,352
,353
,341
,340
,351
,344
,332
,341
2026 05 14 14:37:31.040734,353
,341
,338
,351
,353
,336
,335
,352
,350
,343
,351
,363
,345
,334
2026 05 14 14:37:31.101104,345
,361
,350
,346
,357
,342
,334
,338
,342
,331
,329
,345
,354
,340
2026 05 14 14:37:31.166336,337
,351
,355
,344
,346
,360
,355
,340
,351
,360
,349
,341
,354
,367
2026 05 14 14:37:31.227770,339
,334
,348
,348
,341
,350
,358
,350
,340
,354
,357
,343
,341
,355
2026 05 14 14:37:31.292486,356
,345
,345
,357
,348
,339
,350
,358
,344
,337
,348
,346
,332
,332
2026 05 14 14:37:31.357197,350
,356
,345
,359
,367
,345
,340
,354
,366
,353
,351
,362
,361
,348
2026 05 14 14:37:31.415926,354
,366
,355
,342
,357
,361
,339
,337
,349
,346
,341
,351
,364
,353
2026 05 14 14:37:31.482220,328
,343
,354
,349
,340
,362
,369
,353
,355
,360
,355
,343
,345
,356
2026 05 14 14:37:31.543505,345
,336
,360
,357
,334
,335
,352
,353
,335
,338
,358
,354
,339
,351
2026 05 14 14:37:31.609030,361
,351
,342
,360
,360
,347
,352
,361
,353
,345
,361
,370
,353
,352
2026 05 14 14:37:31.669910,357
,364
,349
,341
,356
,355
,345
,351
,359
,347
,346
,358
,352
,339
2026 05 14 14:37:31.731310,346
,359
,353
,340
,352
,361
,346
,345
,361
,366
,359
,360
,369
,371
2026 05 14 14:37:31.797374,359
,355
,362
,349
,339
,347
,361
,348
,335
,352
,354
,348
,345
,355
2026 05 14 14:37:31.858263,354
,342
,351
,364
,349
,349
,364
,378
,359
,347
,363
,354
,346
,348
2026 05 14 14:37:31.923768,354
,350
,334
,334
,342
,333
,334
,346
,349
,343
,344
,359
,353
,347
2026 05 14 14:37:31.985397,358
,369
,361
,361
,366
,365
,342
,338
,355
,352
,344
,349
,356
,336
2026 05 14 14:37:32.047400,325
,339
,358
,347
,347
,357
,357
,340
,350
,366
,353
,346
,349
,360
2026 05 14 14:37:32.112720,349
,340
,357
,357
,347
,356
,360
,346
,349
,361
,364
,352
,329
,351
2026 05 14 14:37:32.174219,353
,339
,340
,351
,346
,338
,349
,360
,352
,344
,355
,362
,346
,341
2026 05 14 14:37:32.239388,356
,356
,346
,354
,370
,355
,350
,359
,359
,333
,346
,354
,346
,342
2026 05 14 14:37:32.301027,351
,364
,353
,345
,356
,361
,344
,344
,359
,357
,342
,340
,352
,345
2026 05 14 14:37:32.362291,337
,349
,368
,344
,335
,348
,361
,350
,342
,347
,350
,341
,355
,370
2026 05 14 14:37:32.428217,355
,348
,358
,364
,350
,342
,354
,363
,349
,353
,365
,361
,353
,366
2026 05 14 14:37:32.490393,370
,346
,346
,362
,362
,353
,349
,347
,345
,335
,342
,354
,343
,335
2026 05 14 14:37:32.555285,348
,356
,340
,348
,358
,352
,344
,353
,367
,362
,353
,353
,364
,348
2026 05 14 14:37:32.616289,343
,355
,362
,351
,351
,356
,338
,324
,341
,351
,345
,338
,347
,356
2026 05 14 14:37:32.677989,349
,352
,369
,367
,356
,360
,370
,358
,351
,369
,373
,354
,343
,352
2026 05 14 14:37:32.743688,341
,338
,348
,356
,348
,343
,358
,372
,358
,348
,360
,367
,349
,354
2026 05 14 14:37:32.805163,365
,352
,347
,354
,363
,347
,340
,356
,358
,348
,346
,357
,353
,336
2026 05 14 14:37:32.870488,339
,361
,354
,345
,365
,373
,362
,353
,361
,362
,345
,348
,360
,344
2026 05 14 14:37:32.931978,328
,344
,354
,334
,334
,346
,349
,340
,346
,355
,351
,343
,355
,369
2026 05 14 14:37:32.992594,355
,349
,362
,365
,351
,350
,360
,354
,331
,333
,354
,342
,334
,345
2026 05 14 14:37:33.059037,352
,331
,327
,338
,340
,333
,344
,354
,345
,336
,345
,356
,341
,339
2026 05 14 14:37:33.120563,351
,355
,343
,352
,364
,346
,325
,339
,352
,334
,329
,349
,348
,334
2026 05 14 14:37:33.185666,335
,352
,353
,340
,347
,360
,351
,348
,357
,364
,352
,349
,359
,357
2026 05 14 14:37:33.246671,344
,350
,351
,332
,323
,342
,356
,349
,337
,350
,353
,346
,352
,366
2026 05 14 14:37:33.308167,353
,341
,348
,356
,349
,350
,360
,359
,348
,350
,368
,358
,340
,354
2026 05 14 14:37:33.373325,359
,350
,350
,358
,364
,344
,342
,354
,358
,343
,348
,360
,346
,336
2026 05 14 14:37:33.435355,351
,358
,341
,349
,367
,362
,352
,358
,366
,353
,339
,352
,363
,349
2026 05 14 14:37:33.501063,347
,363
,355
,338
,344
,353
,348
,337
,349
,360
,344
,334
,349
,352
2026 05 14 14:37:33.563057,337
,330
,337
,344
,345
,349
,361
,350
,342
,357
,360
,345
,344
,354
2026 05 14 14:37:33.623717,354
,346
,353
,375
,357
,342
,347
,347
,322
,318
,336
,352
,343
,344
2026 05 14 14:37:33.689761,358
,355
,346
,352
,359
,348
,346
,358
,364
,349
,346
,354
,348
,338
2026 05 14 14:37:33.750957,341
,348
,351
,328
,343
,361
,352
,348
,360
,365
,353
,354
,363
,354
2026 05 14 14:37:33.812425,348
,352
,364
,350
,342
,356
,363
,349
,353
,370
,358
,343
,332
,349
2026 05 14 14:37:33.878844,345
,335
,351
,369
,357
,354
,360
,361
,351
,353
,362
,349
,346
,358
2026 05 14 14:37:33.938832,363
,350
,348
,350
,362
,355
,359
,377
,353
,330
,338
,356
,345
,337
2026 05 14 14:37:34.005000,350
,356
,345
,343
,355
,358
,333
,346
,363
,354
,345
,357
,354
,335
2026 05 14 14:37:34.066769,337
,358
,359
,348
,352
,360
,356
,339
,349
,366
,345
,337
,348
,353
2026 05 14 14:37:34.127558,342
,342
,351
,337
,329
,349
,356
,346
,343
,357
,370
,358
,357
,368
2026 05 14 14:37:34.192484,368
,354
,363
,373
,358
,353
,363
,363
,344
,340
,351
,352
,340
,345
2026 05 14 14:37:34.255008,355
,343
,338
,357
,362
,354
,353
,361
,361
,352
,355
,369
,353
,344
2026 05 14 14:37:34.320188,355
,362
,349
,342
,352
,358
,343
,334
,350
,348
,336
,344
,359
,346
2026 05 14 14:37:34.382692,345
,361
,364
,360
,350
,366
,369
,355
,353
,364
,356
,342
,355
,363
2026 05 14 14:37:34.443391,337
,330
,343
,346
,335
,346
,359
,350
,334
,351
,364
,357
,354
,366
2026 05 14 14:37:34.508475,373
,355
,351
,364
,355
,344
,356
,367
,353
,336
,344
,355
,331
,330
2026 05 14 14:37:34.570146,350
,347
,338
,347
,362
,350
,342
,355
,361
,345
,340
,364
,368
,360
2026 05 14 14:37:34.635108,365
,365
,350
,337
,348
,352
,335
,332
,344
,349
,340
,345
,360
,359
2026 05 14 14:37:34.697823,344
,352
,358
,354
,344
,353
,363
,350
,352
,364
,352
,348
,338
,345
2026 05 14 14:37:34.758267,332
,334
,347
,359
,346
,332
,355
,358
,344
,351
,359
,355
,343
,354
2026 05 14 14:37:34.823440,368
,350
,339
,354
,359
,340
,340
,353
,347
,342
,356
,367
,344
,335
2026 05 14 14:37:34.885667,356
,366
,352
,351
,362
,358
,350
,353
,354
,348
,338
,343
,348
,342
2026 05 14 14:37:34.951208,340
,354
,349
,338
,345
,362
,356
,343
,355
,368
,360
,348
,354
,360
2026 05 14 14:37:35.012866,350
,345
,356
,351
,339
,348
,359
,343
,335
,355
,363
,343
,342
,359
2026 05 14 14:37:35.074206,363
,347
,354
,369
,360
,347
,362
,372
,354
,342
,357
,362
,345
,349
2026 05 14 14:37:35.139713,356
,349
,340
,352
,366
,350
,339
,357
,370
,362
,362
,366
,358
,339
2026 05 14 14:37:35.203409,350
,361
,340
,345
,359
,363
,345
,343
,359
,358
,347
,350
,363
,349
2026 05 14 14:37:35.266675,336
,357
,364
,352
,343
,355
,363
,357
,362
,374
,362
,353
,366
,368
2026 05 14 14:37:35.328265,353
,344
,358
,358
,344
,343
,355
,350
,340
,345
,360
,354
,349
,369
2026 05 14 14:37:35.388969,380
,359
,359
,367
,360
,349
,361
,373
,363
,350
,353
,352
,340
,336
2026 05 14 14:37:35.455055,348
,349
,336
,340
,360
,352
,343
,353
,365
,353
,352
,364
,366
,355
2026 05 14 14:37:35.515818,364
,378
,366
,356
,355
,371
,354
,333
,343
,352
,340
,340
,350
,349
2026 05 14 14:37:35.581979,344
,356
,369
,364
,355
,363
,363
,350
,356
,374
,361
,342
,354
,363
2026 05 14 14:37:35.643703,347
,340
,340
,360
,348
,337
,350
,352
,343
,341
,354
,351
,341
,350
2026 05 14 14:37:35.704706,368
,355
,353
,364
,376
,366
,360
,359
,348
,340
,347
,358
,337
,333
2026 05 14 14:37:35.770588,346
,355
,344
,342
,359
,360
,348
,353
,361
,354
,338
,354
,365
,351
2026 05 14 14:37:35.830869,352
,364
,356
,349
,352
,372
,358
,343
,355
,366
,353
,340
,355
,367
2026 05 14 14:37:35.897680,352
,348
,367
,368
,352
,352
,358
,349
,343
,358
,371
,354
,356
,375
2026 05 14 14:37:35.959583,372
,362
,354
,362
,351
,345
,364
,372
,350
,340
,356
,363
,345
,347
2026 05 14 14:37:36.020060,357
,355
,347
,357
,366
,355
,345
,352
,366
,355
,357
,369
,355
,343
2026 05 14 14:37:36.085281,347
,362
,352
,336
,356
,368
,353
,355
,371
,368
,355
,362
,371
,362
2026 05 14 14:37:36.146767,357
,362
,365
,347
,341
,358
,364
,343
,346
,354
,354
,353
,361
,377
2026 05 14 14:37:36.212988,363
,347
,353
,354
,347
,350
,365
,367
,352
,349
,358
,349
,339
,354
2026 05 14 14:37:36.273679,365
,351
,345
,366
,365
,340
,341
,356
,351
,344
,354
,364
,355
,348
2026 05 14 14:37:36.335647,358
,362
,350
,351
,365
,349
,339
,349
,362
,345
,335
,351
,365
,348
2026 05 14 14:37:36.400821,349
,356
,359
,346
,353
,360
,352
,351
,360
,366
,350
,347
,357
,351
2026 05 14 14:37:36.463099,339
,343
,359
,352
,342
,359
,374
,363
,363
,362
,373
,359
,354
,355
2026 05 14 14:37:36.528397,350
,341
,342
,349
,338
,331
,346
,357
,344
,343
,357
,359
,347
,347
2026 05 14 14:37:36.589080,367
,361
,350
,365
,375
,351
,341
,357
,364
,352
,357
,357
,343
,328
2026 05 14 14:37:36.650509,336
,350
,337
,329
,347
,356
,343
,343
,350
,356
,349
,353
,366
,356
2026 05 14 14:37:36.715825,347
,360
,371
,356
,346
,356
,354
,343
,347
,360
,346
,336
,342
,356
2026 05 14 14:37:36.778390,345
,341
,360
,366
,351
,350
,364
,355
,341
,354
,363
,348
,340
,352
2026 05 14 14:37:36.843706,356
,337
,335
,353
,350
,336
,348
,353
,341
,336
,358
,374
,351
,342
2026 05 14 14:37:36.905204,362
,364
,349
,348
,358
,348
,334
,349
,366
,352
,343
,357
,354
,341
2026 05 14 14:37:36.966513,353
,366
,354
,344
,346
,362
,352
,347
,363
,362
,350
,356
,371
,365
2026 05 14 14:37:37.031521,342
,342
,358
,353
,344
,357
,358
,334
,337
,354
,354
,348
,360
,359
2026 05 14 14:37:37.093696,347
,335
,348
,360
,348
,344
,360
,368
,354
,346
,354
,349
,342
,348
2026 05 14 14:37:37.159057,361
,355
,331
,339
,352
,339
,345
,363
,361
,347
,349
,359
,351
,345
2026 05 14 14:37:37.220425,352
,361
,348
,349
,357
,351
,335
,339
,355
,351
,336
,347
,349
,338
2026 05 14 14:37:37.281230,339
,353
,358
,342
,341
,349
,348
,339
,344
,351
,349
,339
,351
,360
2026 05 14 14:37:37.348238,354
,351
,348
,336
,329
,342
,364
,353
,343
,366
,370
,348
,337
,346
2026 05 14 14:37:37.409117,344
,334
,337
,350
,339
,328
,339
,352
,330
,324
,342
,349
,332
,341
2026 05 14 14:37:37.473879,352
,343
,330
,338
,349
,333
,331
,344
,355
,340
,335
,352
,352
,339
2026 05 14 14:37:37.535075,346
,362
,348
,340
,354
,366
,348
,350
,366
,354
,341
,344
,357
,345
2026 05 14 14:37:37.596667,338
,343
,352
,346
,337
,351
,357
,346
,346
,357
,352
,337
,345
,357
2026 05 14 14:37:37.663135,340
,339
,358
,368
,352
,340
,341
,339
,333
,344
,359
,349
,335
,347
2026 05 14 14:37:37.724213,352
,338
,334
,352
,354
,343
,350
,358
,349
,341
,339
,354
,340
,333
2026 05 14 14:37:37.789914,351
,357
,350
,355
,369
,356
,344
,361
,376
,360
,346
,362
,378
,361
2026 05 14 14:37:37.850688,356
,360
,348
,329
,337
,359
,348
,335
,347
,360
,346
,347
,366
,364
2026 05 14 14:37:37.912369,346
,354
,377
,357
,344
,358
,368
,347
,341
,353
,357
,345
,351
,361
2026 05 14 14:37:37.978713,345
,346
,361
,371
,349
,334
,347
,358
,332
,338
,355
,349
,338
,347
2026 05 14 14:37:38.039941,358
,345
,338
,354
,372
,362
,357
,352
,343
,340
,348
,356
,344
,339
2026 05 14 14:37:38.101050,351
,364
,347
,332
,350
,365
,360
,360
,367
,346
,326
,344
,343
,328
2026 05 14 14:37:38.166013,329
,345
,354
,337
,331
,349
,351
,340
,353
,376
,369
,348
,344
,365
2026 05 14 14:37:38.227871,346
,351
,364
,351
,340
,345
,364
,355
,345
,358
,371
,360
,356
,377
2026 05 14 14:37:38.293695,372
,348
,348
,372
,372
,359
,346
,347
,333
,328
,348
,361
,350
,344
2026 05 14 14:37:38.354936,362
,361
,344
,351
,365
,355
,348
,355
,373
,355
,353
,357
,354
,340
2026 05 14 14:37:38.415802,340
,353
,352
,339
,349
,362
,351
,344
,363
,367
,348
,345
,359
,365
2026 05 14 14:37:38.482165,351
,363
,375
,338
,326
,337
,348
,333
,328
,344
,343
,344
,355
,371
2026 05 14 14:37:38.543042,364
,354
,368
,376
,356
,346
,364
,362
,343
,344
,358
,348
,335
,347
2026 05 14 14:37:38.608887,362
,341
,343
,361
,369
,348
,347
,366
,365
,355
,360
,372
,358
,339
2026 05 14 14:37:38.670360,341
,344
,330
,334
,350
,349
,334
,337
,352
,347
,341
,364
,377
,353
2026 05 14 14:37:38.731122,346
,359
,363
,346
,341
,351
,349
,348
,347
,356
,345
,338
,355
,357
2026 05 14 14:37:38.797452,338
,336
,342
,344
,336
,347
,365
,353
,348
,370
,383
,359
,351
,363
2026 05 14 14:37:38.858659,352
,333
,343
,359
,343
,334
,351
,367
,355
,346
,365
,365
,355
,365
2026 05 14 14:37:38.923698,376
,355
,333
,347
,364
,352
,343
,353
,357
,341
,338
,358
,355
,339
2026 05 14 14:37:38.985674,343
,362
,356
,339
,353
,361
,355
,353
,367
,373
,353
,357
,374
,364
2026 05 14 14:37:39.048019,342
,346
,364
,344
,339
,363
,358
,341
,345
,364
,359
,344
,345
,360
2026 05 14 14:37:39.112664,350
,343
,360
,369
,347
,339
,345
,343
,333
,340
,361
,352
,339
,347
2026 05 14 14:37:39.174005,363
,349
,347
,364
,362
,343
,341
,356
,346
,335
,349
,352
,337
,333
2026 05 14 14:37:39.239692,351
,352
,338
,337
,360
,354
,339
,351
,364
,347
,346
,361
,367
,345
2026 05 14 14:37:39.301462,336
,356
,350
,343
,350
,354
,335
,328
,347
,355
,338
,341
,357
,360
2026 05 14 14:37:39.361683,345
,354
,366
,360
,341
,352
,359
,344
,342
,356
,358
,334
,332
,343
2026 05 14 14:37:39.428036,345
,346
,357
,367
,346
,338
,349
,361
,348
,355
,376
,375
,339
,343
2026 05 14 14:37:39.489015,360
,350
,341
,354
,363
,346
,338
,351
,345
,329
,329
,346
,336
,325
2026 05 14 14:37:39.554973,339
,354
,341
,333
,347
,354
,341
,340
,353
,345
,333
,341
,362
,356
2026 05 14 14:37:39.616381,353
,369
,366
,320
,312
,335
,335
,325
,334
,348
,343
,340
,350
,366
2026 05 14 14:37:39.677536,345
,341
,371
,369
,362
,363
,365
,353
,340
,344
,357
,343
,339
,351
2026 05 14 14:37:39.743253,353
,342
,342
,362
,353
,338
,350
,362
,350
,339
,359
,363
,358
,351
2026 05 14 14:37:39.804890,359
,356
,343
,353
,361
,350
,333
,351
,365
,349
,347
,362
,364
,351
2026 05 14 14:37:39.870442,343
,352
,348
,342
,359
,374
,364
,365
,357
,345
,334
,334
,352
,348
2026 05 14 14:37:39.933279,343
,349
,362
,349
,334
,346
,360
,346
,339
,353
,357
,340
,339
,357
2026 05 14 14:37:39.993031,346
,338
,354
,364
,353
,349
,368
,367
,343
,352
,366
,358
,348
,352
2026 05 14 14:37:40.059051,364
,347
,337
,350
,354
,337
,347
,365
,357
,345
,352
,367
,357
,346
2026 05 14 14:37:40.120350,354
,361
,354
,352
,369
,351
,332
,346
,361
,352
,338
,351
,363
,344
2026 05 14 14:37:40.185292,340
,353
,354
,340
,348
,366
,356
,343
,350
,359
,352
,342
,354
,363
2026 05 14 14:37:40.247306,336
,336
,348
,346
,328
,333
,349
,343
,338
,357
,361
,346
,347
,361
2026 05 14 14:37:40.308704,360
,348
,349
,358
,354
,336
,349
,362
,343
,337
,354
,356
,349
,353
2026 05 14 14:37:40.373707,369
,360
,351
,362
,377
,358
,352
,370
,373
,347
,341
,358
,357
,347
2026 05 14 14:37:40.435001,356
,378
,369
,357
,362
,361
,331
,328
,346
,348
,338
,345
,364
,353
2026 05 14 14:37:40.500702,340
,349
,360
,347
,343
,358
,362
,352
,349
,364
,359
,343
,363
,381
2026 05 14 14:37:40.562757,359
,333
,353
,361
,350
,340
,352
,351
,334
,338
,348
,342
,339
,353
2026 05 14 14:37:40.623647,360
,343
,343
,360
,358
,340
,342
,354
,340
,336
,353
,371
,361
,362
2026 05 14 14:37:40.690080,365
,362
,346
,349
,364
,353
,333
,348
,370
,357
,347
,353
,353
,339
2026 05 14 14:37:40.750695,346
,354
,348
,340
,348
,370
,360
,351
,362
,365
,353
,345
,354
,352
2026 05 14 14:37:40.816328,333
,335
,351
,344
,333
,348
,365
,350
,343
,359
,359
,338
,349
,362
2026 05 14 14:37:40.877956,342
,336
,355
,372
,356
,344
,357
,367
,354
,345
,354
,349
,342
,349
2026 05 14 14:37:40.942312,357
,350
,340
,352
,361
,347
,341
,365
,375
,356
,358
,358
,342
,332
2026 05 14 14:37:41.004653,348
,351
,337
,331
,347
,355
,344
,342
,357
,348
,342
,356
,365
,349
2026 05 14 14:37:41.067344,340
,349
,362
,357
,358
,369
,360
,328
,330
,343
,340
,330
,342
,361
2026 05 14 14:37:41.132279,350
,347
,361
,365
,350
,348
,353
,353
,346
,354
,363
,349
,339
,353
2026 05 14 14:37:41.193373,351
,334
,338
,353
,349
,334
,341
,353
,344
,342
,360
,356
,339
,346
2026 05 14 14:37:41.254368,360
,357
,343
,354
,366
,356
,346
,349
,353
,347
,346
,355
,344
,333
2026 05 14 14:37:41.320325,342
,357
,345
,335
,349
,359
,345
,344
,359
,357
,347
,351
,358
,352
2026 05 14 14:37:41.381755,340
,351
,364
,356
,337
,350
,359
,346
,340
,357
,352
,339
,343
,356
2026 05 14 14:37:41.446436,339
,332
,347
,357
,345
,340
,354
,353
,342
,352
,372
,348
,331
,344
2026 05 14 14:37:41.508757,354
,344
,341
,364
,370
,342
,333
,352
,350
,339
,344
,358
,352
,341
2026 05 14 14:37:41.569660,356
,368
,352
,349
,368
,364
,347
,357
,360
,342
,326
,343
,352
,341
2026 05 14 14:37:41.635415,335
,350
,360
,353
,357
,364
,356
,346
,359
,374
,358
,340
,346
,359
2026 05 14 14:37:41.697893,344
,348
,361
,354
,346
,349
,365
,352
,345
,364
,370
,353
,352
,363
2026 05 14 14:37:41.758618,358
,335
,334
,350
,340
,340
,352
,360
,352
,343
,354
,357
,346
,346
2026 05 14 14:37:41.823600,360
,352
,341
,357
,371
,355
,347
,345
,348
,333
,337
,353
,343
,332
2026 05 14 14:37:41.885303,342
,358
,347
,342
,356
,369
,356
,345
,359
,365
,348
,335
,354
,350
2026 05 14 14:37:41.950415,347
,355
,362
,342
,343
,355
,348
,335
,339
,357
,352
,344
,355
,367
2026 05 14 14:37:42.012691,355
,345
,353
,363
,348
,344
,357
,347
,334
,339
,354
,342
,333
,342
2026 05 14 14:37:42.073369,350
,334
,334
,349
,355
,345
,356
,374
,347
,340
,341
,342
,329
,325
2026 05 14 14:37:42.139603,344
,350
,338
,343
,355
,344
,330
,342
,362
,347
,338
,351
,354
,345
2026 05 14 14:37:42.201168,342
,356
,353
,348
,360
,370
,360
,346
,362
,370
,362
,342
,343
,347
2026 05 14 14:37:42.266494,336
,343
,353
,344
,337
,350
,358
,345
,342
,351
,358
,346
,350
,372
2026 05 14 14:37:42.328302,360
,342
,350
,360
,348
,337
,348
,355
,337
,336
,352
,354
,336
,341
2026 05 14 14:37:42.389120,356
,344
,332
,349
,356
,350
,344
,337
,333
,324
,332
,354
,340
,330
2026 05 14 14:37:42.454878,339
,354
,343
,342
,356
,357
,349
,355
,368
,363
,342
,341
,360
,352
2026 05 14 14:37:42.515512,346
,349
,352
,337
,340
,349
,353
,344
,351
,366
,358
,346
,353
,361
2026 05 14 14:37:42.581785,353
,357
,375
,366
,343
,350
,361
,343
,331
,343
,355
,341
,340
,350
2026 05 14 14:37:42.642730,352
,345
,340
,359
,354
,347
,363
,371
,361
,348
,363
,369
,354
,354
2026 05 14 14:37:42.704666,355
,344
,338
,342
,360
,354
,347
,358
,362
,343
,335
,353
,361
,349
2026 05 14 14:37:42.770178,356
,370
,365
,354
,357
,372
,358
,344
,346
,351
,337
,339
,354
,359
2026 05 14 14:37:42.831441,339
,344
,362
,349
,340
,355
,365
,353
,355
,372
,375
,356
,354
,366
2026 05 14 14:37:42.897495,354
,349
,369
,375
,353
,338
,356
,360
,347
,353
,363
,350
,339
,350
2026 05 14 14:37:42.958796,362
,351
,340
,358
,365
,351
,352
,370
,366
,355
,366
,378
,368
,351
2026 05 14 14:37:43.019707,362
,374
,337
,336
,353
,352
,341
,343
,354
,345
,334
,342
,362
,351
2026 05 14 14:37:43.085296,348
,363
,367
,351
,355
,372
,371
,362
,368
,377
,344
,327
,338
,344
2026 05 14 14:37:43.146995,336
,335
,349
,346
,335
,344
,357
,344
,339
,357
,364
,351
,351
,361
2026 05 14 14:37:43.212669,362
,346
,346
,370
,366
,348
,360
,365
,334
,329
,347
,353
,339
,342
2026 05 14 14:37:43.274034,353
,345
,336
,341
,358
,352
,339
,349
,365
,359
,358
,369
,355
,339
2026 05 14 14:37:43.334719,353
,369
,345
,331
,342
,362
,351
,348
,356
,353
,340
,344
,362
,354
2026 05 14 14:37:43.400953,347
,361
,369
,349
,348
,376
,378
,344
,344
,362
,358
,348
,351
,365
2026 05 14 14:37:43.463817,354
,344
,344
,351
,344
,349
,361
,354
,346
,355
,369
,363
,350
,364
2026 05 14 14:37:43.528094,379
,364
,351
,359
,356
,346
,352
,364
,352
,339
,355
,363
,351
,351
2026 05 14 14:37:43.589929,368
,368
,359
,353
,363
,362
,354
,363
,368
,354
,343
,356
,363
,344
2026 05 14 14:37:43.650715,341
,359
,351
,337
,341
,356
,349
,336
,357
,375
,365
,363
,365
,365
2026 05 14 14:37:43.715947,346
,347
,363
,361
,355
,354
,365
,348
,346
,357
,358
,347
,351
,362
2026 05 14 14:37:43.778167,351
,343
,356
,370
,357
,348
,354
,364
,340
,333
,358
,352
,343
,353
2026 05 14 14:37:43.843479,360
,353
,348
,356
,360
,348
,346
,362
,364
,342
,346
,359
,350
,337
2026 05 14 14:37:43.904317,347
,362
,341
,325
,342
,355
,345
,346
,364
,360
,351
,364
,370
,358
2026 05 14 14:37:43.965816,342
,355
,366
,350
,347
,366
,363
,357
,355
,370
,361
,340
,339
,360
2026 05 14 14:37:44.030846,342
,335
,359
,360
,343
,349
,368
,357
,340
,361
,374
,351
,345
,371
2026 05 14 14:37:44.092662,374
,347
,337
,355
,338
,327
,342
,359
,341
,325
,339
,350
,339
,337
2026 05 14 14:37:44.158755,348
,347
,334
,341
,355
,351
,341
,346
,364
,349
,332
,332
,334
,332
2026 05 14 14:37:44.220320,335
,348
,344
,335
,348
,359
,345
,338
,350
,355
,344
,347
,362
,355
2026 05 14 14:37:44.281193,343
,355
,364
,343
,339
,354
,366
,346
,349
,364
,355
,340
,343
,356
2026 05 14 14:37:44.347868,344
,332
,347
,362
,349
,342
,362
,364
,348
,343
,359
,353
,343
,353
2026 05 14 14:37:44.408247,356
,348
,350
,361
,363
,344
,343
,354
,350
,338
,346
,358
,350
,340
2026 05 14 14:37:44.474015,350
,357
,342
,343
,360
,359
,343
,354
,366
,358
,345
,357
,376
,361
2026 05 14 14:37:44.535423,347
,351
,359
,342
,334
,355
,347
,327
,342
,360
,350
,337
,352
,363
2026 05 14 14:37:44.596521,347
,347
,365
,365
,351
,359
,364
,344
,332
,351
,361
,346
,348
,361
2026 05 14 14:37:44.662490,366
,347
,344
,359
,348
,341
,353
,365
,356
,352
,365
,362
,346
,356
2026 05 14 14:37:44.723752,363
,360
,348
,357
,357
,332
,329
,353
,361
,347
,344
,351
,349
,337
2026 05 14 14:37:44.789184,344
,359
,349
,341
,351
,361
,352
,351
,367
,364
,352
,355
,371
,364
2026 05 14 14:37:44.850713,349
,359
,362
,339
,335
,357
,367
,347
,332
,341
,333
,329
,338
,350
2026 05 14 14:37:44.911100,350
,346
,359
,368
,354
,355
,372
,371
,359
,367
,362
,337
,327
,346
2026 05 14 14:37:44.977232,358
,343
,336
,351
,354
,338
,344
,364
,358
,348
,361
,370
,348
,348
2026 05 14 14:37:45.039862,363
,360
,351
,347
,367
,359
,337
,346
,361
,348
,334
,342
,356
,344
2026 05 14 14:37:45.104794,337
,354
,355
,348
,354
,366
,355
,350
,366
,375
,356
,350
,368
,372
2026 05 14 14:37:45.166394,366
,357
,364
,353
,341
,349
,358
,345
,337
,353
,357
,343
,344
,358
2026 05 14 14:37:45.227156,358
,349
,354
,369
,357
,348
,363
,371
,361
,365
,362
,350
,342
,344
2026 05 14 14:37:45.293290,362
,349
,338
,339
,355
,347
,335
,354
,359
,343
,352
,368
,356
,348
2026 05 14 14:37:45.354614,353
,357
,344
,338
,353
,361
,351
,351
,363
,358
,337
,340
,354
,346
2026 05 14 14:37:45.420134,342
,353
,369
,351
,336
,346
,344
,335
,345
,356
,349
,338
,354
,362
2026 05 14 14:37:45.481347,343
,343
,359
,359
,342
,340
,356
,349
,333
,344
,348
,333
,326
,348
2026 05 14 14:37:45.543665,352
,337
,343
,359
,350
,348
,360
,364
,354
,342
,356
,368
,352
,332
2026 05 14 14:37:45.608668,341
,342
,333
,333
,354
,346
,329
,343
,362
,349
,341
,357
,361
,349
2026 05 14 14:37:45.670354,356
,376
,366
,355
,359
,365
,357
,348
,345
,339
,325
,335
,356
,350
2026 05 14 14:37:45.730834,338
,347
,363
,352
,340
,354
,359
,347
,348
,365
,359
,352
,364
,378
2026 05 14 14:37:45.797070,360
,338
,344
,351
,341
,333
,346
,352
,337
,339
,358
,350
,334
,349
2026 05 14 14:37:45.858256,365
,351
,346
,364
,373
,363
,361
,359
,348
,327
,333
,353
,337
,326
2026 05 14 14:37:45.923702,341
,351
,340
,342
,357
,356
,345
,347
,364
,352
,345
,349
,361
,345
2026 05 14 14:37:45.985250,334
,350
,348
,338
,340
,357
,347
,335
,345
,362
,349
,340
,352
,358
2026 05 14 14:37:46.046510,349
,338
,349
,343
,328
,336
,357
,341
,327
,340
,349
,337
,336
,352
2026 05 14 14:37:46.112391,359
,351
,354
,368
,347
,340
,357
,356
,335
,331
,349
,351
,336
,337
2026 05 14 14:37:46.173133,348
,341
,328
,335
,345
,329
,324
,340
,344
,334
,330
,350
,352
,344
2026 05 14 14:37:46.239867,350
,366
,345
,317
,331
,343
,333
,332
,350
,348
,336
,348
,360
,351
2026 05 14 14:37:46.300957,343
,354
,366
,351
,345
,364
,363
,354
,351
,363
,359
,347
,354
,366
2026 05 14 14:37:46.362217,338
,334
,350
,359
,346
,349
,358
,346
,339
,350
,363
,352
,340
,354
2026 05 14 14:37:46.427397,365
,352
,354
,371
,369
,352
,353
,360
,353
,342
,357
,365
,351
,347
2026 05 14 14:37:46.488771,361
,359
,344
,350
,364
,357
,346
,356
,364
,350
,346
,361
,365
,349
2026 05 14 14:37:46.554773,338
,353
,353
,350
,368
,391
,376
,342
,344
,346
,331
,333
,350
,351
2026 05 14 14:37:46.616351,340
,347
,359
,350
,336
,350
,364
,352
,339
,355
,357
,344
,349
,368
2026 05 14 14:37:46.677362,363
,343
,347
,355
,350
,350
,360
,359
,347
,349
,368
,365
,353
,355
2026 05 14 14:37:46.743270,362
,355
,357
,367
,365
,347
,344
,360
,361
,349
,354
,366
,360
,350
2026 05 14 14:37:46.804351,362
,374
,355
,347
,366
,371
,362
,358
,367
,354
,339
,341
,352
,345
2026 05 14 14:37:46.869702,337
,347
,355
,340
,344
,358
,354
,346
,348
,365
,358
,343
,356
,374
2026 05 14 14:37:46.931743,356
,354
,370
,368
,350
,354
,372
,359
,340
,352
,360
,345
,339
,344
2026 05 14 14:37:46.992654,352
,343
,354
,367
,355
,342
,346
,355
,349
,343
,362
,372
,357
,345
2026 05 14 14:37:47.058607,352
,351
,337
,342
,352
,350
,347
,367
,379
,346
,321
,339
,345
,333
2026 05 14 14:37:47.119578,337
,353
,348
,341
,349
,364
,353
,352
,370
,363
,342
,349
,369
,360
2026 05 14 14:37:47.184771,347
,349
,347
,334
,329
,341
,350
,339
,340
,357
,359
,352
,358
,364
2026 05 14 14:37:47.247088,355
,344
,359
,366
,343
,337
,354
,360
,342
,347
,363
,352
,341
,352
2026 05 14 14:37:47.307768,362
,349
,341
,356
,360
,344
,344
,343
,337
,335
,346
,359
,348
,344
2026 05 14 14:37:47.373660,348
,344
,331
,336
,354
,352
,347
,353
,358
,346
,334
,350
,358
,332
2026 05 14 14:37:47.435554,327
,350
,349
,338
,343
,364
,349
,332
,340
,354
,344
,340
,355
,352
2026 05 14 14:37:47.500353,340
,339
,360
,357
,335
,346
,356
,341
,332
,345
,354
,342
,345
,362
2026 05 14 14:37:47.562998,363
,351
,352
,362
,348
,338
,348
,365
,348
,344
,352
,358
,349
,343
2026 05 14 14:37:47.623795,352
,345
,334
,344
,361
,348
,340
,353
,357
,339
,338
,357
,351
,333
2026 05 14 14:37:47.689795,341
,358
,343
,341
,350
,358
,350
,355
,381
,387
,360
,336
,347
,339
2026 05 14 14:37:47.750887,332
,343
,360
,341
,339
,357
,360
,350
,354
,363
,362
,345
,353
,367
2026 05 14 14:37:47.816209,354
,347
,364
,368
,358
,363
,371
,365
,340
,340
,356
,337
,329
,346
2026 05 14 14:37:47.878521,356
,346
,342
,357
,355
,343
,348
,363
,353
,342
,349
,364
,350
,344
2026 05 14 14:37:47.939018,363
,376
,361
,369
,374
,357
,339
,338
,356
,343
,334
,344
,355
,346
2026 05 14 14:37:48.004987,344
,357
,350
,343
,351
,366
,353
,346
,354
,365
,353
,352
,365
,372
2026 05 14 14:37:48.065709,359
,357
,371
,363
,351
,350
,362
,352
,346
,362
,364
,351
,332
,347
2026 05 14 14:37:48.131902,349
,340
,348
,361
,344
,340
,351
,357
,345
,339
,355
,351
,344
,343
2026 05 14 14:37:48.193370,348
,343
,341
,353
,366
,343
,345
,361
,362
,350
,355
,370
,363
,344
2026 05 14 14:37:48.253895,345
,361
,348
,339
,359
,365
,352
,341
,359
,357
,345
,348
,363
,355
2026 05 14 14:37:48.320261,342
,355
,362
,345
,341
,350
,349
,339
,355
,363
,348
,341
,357
,366
2026 05 14 14:37:48.381976,340
,335
,347
,352
,344
,350
,363
,347
,338
,346
,355
,340
,334
,350
2026 05 14 14:37:48.446968,354
,343
,347
,368
,355
,330
,346
,362
,349
,342
,357
,364
,349
,347
2026 05 14 14:37:48.508832,358
,362
,344
,354
,371
,367
,353
,357
,359
,345
,341
,357
,356
,342
2026 05 14 14:37:48.569936,348
,363
,345
,331
,343
,358
,350
,343
,355
,362
,351
,349
,365
,363
2026 05 14 14:37:48.635073,346
,352
,364
,356
,347
,355
,367
,346
,329
,346
,344
,332
,337
,350
2026 05 14 14:37:48.697081,343
,333
,348
,361
,344
,338
,354
,354
,341
,344
,356
,349
,341
,357
2026 05 14 14:37:48.762497,371
,345
,336
,353
,360
,336
,332
,355
,350
,332
,333
,348
,343
,336
2026 05 14 14:37:48.823759,348
,359
,344
,341
,358
,356
,344
,353
,367
,352
,341
,345
,360
,349
2026 05 14 14:37:48.884625,329
,344
,354
,338
,341
,359
,356
,345
,356
,369
,349
,334
,350
,359
2026 05 14 14:37:48.950165,346
,345
,355
,358
,343
,343
,357
,349
,343
,359
,371
,343
,332
,352
2026 05 14 14:37:49.012571,353
,340
,347
,362
,351
,345
,360
,372
,354
,340
,352
,362
,348
,350
2026 05 14 14:37:49.078048,358
,351
,335
,345
,359
,346
,337
,349
,360
,347
,359
,371
,364
,350
2026 05 14 14:37:49.139903,352
,365
,354
,341
,353
,365
,351
,342
,356
,353
,346
,351
,365
,352
2026 05 14 14:37:49.200650,341
,354
,361
,350
,339
,356
,362
,344
,344
,366
,363
,354
,359
,368
2026 05 14 14:37:49.266698,347
,330
,346
,361
,335
,333
,351
,346
,332
,333
,351
,340
,321
,331
2026 05 14 14:37:49.327336,343
,334
,334
,352
,351
,345
,355
,361
,346
,332
,345
,357
,342
,340
2026 05 14 14:37:49.393628,351
,365
,347
,345
,356
,341
,333
,348
,362
,351
,346
,360
,364
,350
2026 05 14 14:37:49.454801,352
,362
,359
,352
,356
,364
,358
,351
,362
,366
,360
,348
,360
,361
2026 05 14 14:37:49.515796,345
,346
,362
,353
,341
,355
,365
,355
,342
,362
,366
,358
,358
,377
2026 05 14 14:37:49.582002,365
,336
,351
,368
,351
,339
,347
,364
,345
,341
,357
,354
,333
,337
2026 05 14 14:37:49.644935,349
,341
,334
,346
,360
,355
,350
,365
,366
,346
,355
,368
,351
,333
2026 05 14 14:37:49.704043,351
,363
,347
,338
,353
,364
,351
,341
,353
,349
,334
,339
,351
,339
2026 05 14 14:37:49.769834,333
,352
,374
,352
,343
,353
,355
,351
,356
,371
,356
,346
,358
,368
2026 05 14 14:37:49.831358,342
,341
,356
,366
,349
,346
,358
,344
,333
,345
,363
,352
,346
,361
2026 05 14 14:37:49.897717,360
,346
,349
,361
,355
,341
,352
,369
,358
,350
,368
,379
,368
,348
2026 05 14 14:37:49.958709,346
,347
,333
,335
,347
,340
,329
,341
,357
,352
,343
,355
,358
,349
2026 05 14 14:37:50.019742,347
,366
,355
,338
,350
,368
,359
,356
,349
,345
,331
,326
,342
,344
2026 05 14 14:37:50.084640,340
,348
,364
,360
,346
,364
,371
,354
,349
,360
,352
,341
,349
,368
2026 05 14 14:37:50.146565,355
,345
,357
,361
,335
,333
,353
,360
,334
,338
,356
,349
,343
,356
2026 05 14 14:37:50.213365,370
,360
,351
,362
,370
,349
,359
,365
,359
,353
,360
,367
,347
,320
2026 05 14 14:37:50.273572,336
,356
,345
,339
,350
,346
,343
,350
,365
,359
,347
,358
,373
,358
2026 05 14 14:37:50.335396,352
,366
,362
,345
,351
,362
,350
,341
,356
,374
,355
,331
,345
,359
2026 05 14 14:37:50.400022,351
,345
,354
,350
,341
,359
,367
,354
,348
,361
,352
,340
,344
,355
2026 05 14 14:37:50.462308,360
,343
,345
,359
,352
,342
,353
,361
,348
,339
,355
,355
,338
,338
2026 05 14 14:37:50.527841,353
,352
,344
,362
,372
,358
,339
,351
,351
,337
,336
,357
,356
,349
2026 05 14 14:37:50.589892,357
,369
,351
,341
,355
,368
,351
,345
,356
,350
,343
,335
,358
,354
2026 05 14 14:37:50.652634,340
,357
,370
,354
,342
,359
,365
,340
,340
,364
,359
,340
,350
,362
2026 05 14 14:37:50.716659,343
,332
,353
,365
,355
,352
,363
,352
,340
,354
,364
,352
,343
,354
2026 05 14 14:37:50.777018,364
,348
,339
,352
,356
,343
,350
,360
,352
,338
,345
,358
,341
,333
2026 05 14 14:37:50.843609,340
,343
,336
,343
,362
,368
,357
,359
,365
,340
,332
,351
,358
,344
2026 05 14 14:37:50.904760,344
,360
,358
,344
,340
,352
,345
,329
,339
,352
,341
,339
,360
,368
2026 05 14 14:37:50.965978,354
,365
,379
,363
,347
,352
,351
,336
,336
,352
,353
,343
,348
,362
2026 05 14 14:37:51.031783,345
,335
,338
,351
,342
,334
,350
,353
,342
,336
,356
,365
,356
,355
2026 05 14 14:37:51.092577,367
,356
,352
,371
,371
,361
,345
,344
,346
,336
,338
,351
,341
,324
2026 05 14 14:37:51.158884,324
,345
,334
,326
,347
,364
,342
,338
,350
,342
,330
,345
,355
,333
2026 05 14 14:37:51.220135,323
,334
,346
,333
,332
,347
,347
,339
,348
,363
,348
,338
,346
,343
2026 05 14 14:37:51.281260,342
,350
,363
,366
,347
,348
,360
,350
,342
,353
,367
,353
,330
,343
2026 05 14 14:37:51.347049,354
,341
,344
,362
,359
,349
,359
,364
,340
,330
,348
,342
,335
,338
2026 05 14 14:37:51.408516,356
,361
,349
,352
,364
,352
,343
,355
,371
,361
,357
,365
,352
,346
2026 05 14 14:37:51.473790,348
,372
,365
,342
,344
,355
,337
,335
,351
,362
,351
,357
,375
,372
2026 05 14 14:37:51.535353,355
,358
,371
,357
,343
,359
,358
,340
,343
,357
,354
,340
,341
,355
2026 05 14 14:37:51.596822,345
,340
,358
,366
,356
,344
,363
,367
,352
,355
,371
,361
,351
,359
2026 05 14 14:37:51.662540,368
,354
,345
,358
,358
,337
,339
,355
,359
,340
,343
,361
,353
,349
2026 05 14 14:37:51.723088,369
,375
,356
,359
,361
,359
,349
,349
,360
,351
,339
,349
,362
,351
2026 05 14 14:37:51.789322,347
,359
,362
,341
,348
,367
,366
,364
,376
,392
,374
,370
,389
,395
2026 05 14 14:37:51.850062,375
,369
,387
,377
,363
,372
,382
,368
,355
,369
,369
,355
,350
,367
2026 05 14 14:37:51.912247,371
,357
,364
,386
,363
,337
,367
,370
,359
,354
,375
,382
,354
,350
2026 05 14 14:37:51.977645,360
,355
,342
,353
,369
,354
,345
,356
,366
,347
,342
,362
,365
,349
2026 05 14 14:37:52.038556,353
,369
,361
,347
,359
,371
,355
,351
,364
,362
,346
,347
,364
,358
2026 05 14 14:37:52.104669,343
,354
,362
,347
,331
,342
,346
,338
,342
,354
,346
,335
,342
,353
2026 05 14 14:37:52.166313,341
,335
,351
,352
,340
,334
,353
,346
,336
,344
,358
,344
,333
,351
2026 05 14 14:37:52.227907,360
,348
,344
,354
,352
,334
,340
,352
,343
,332
,339
,348
,340
,325
2026 05 14 14:37:52.293649,336
,339
,328
,326
,339
,332
,322
,330
,346
,336
,322
,330
,343
,332
2026 05 14 14:37:52.354675,329
,342
,349
,343
,339
,340
,334
,328
,341
,354
,344
,339
,351
,357
2026 05 14 14:37:52.419671,344
,343
,356
,345
,338
,348
,361
,349
,345
,355
,358
,350
,353
,362
2026 05 14 14:37:52.481653,358
,341
,347
,358
,345
,339
,351
,359
,342
,336
,356
,355
,340
,347
2026 05 14 14:37:52.543686,366
,356
,345
,350
,358
,343
,341
,357
,358
,347
,351
,366
,358
,353
2026 05 14 14:37:52.608542,360
,361
,347
,345
,356
,355
,344
,349
,368
,360
,346
,360
,370
,354
2026 05 14 14:37:52.669223,347
,362
,365
,355
,354
,363
,359
,348
,353
,369
,363
,351
,358
,367
2026 05 14 14:37:52.735294,355
,348
,364
,368
,359
,357
,360
,347
,340
,356
,371
,353
,347
,363
2026 05 14 14:37:52.797208,366
,354
,352
,369
,358
,353
,358
,369
,351
,340
,360
,366
,354
,350
2026 05 14 14:37:52.857611,361
,357
,348
,363
,372
,361
,348
,359
,368
,353
,345
,360
,359
,345
2026 05 14 14:37:52.923370,348
,362
,354
,347
,358
,366
,356
,353
,365
,361
,346
,353
,360
,352
2026 05 14 14:37:52.984529,343
,345
,355
,353
,349
,361
,366
,357
,355
,368
,362
,349
,350
,362
2026 05 14 14:37:53.050839,357
,346
,351
,361
,348
,347
,361
,358
,346
,353
,366
,362
,360
,368
2026 05 14 14:37:53.111067,379
,360
,343
,354
,360
,346
,349
,360
,357
,351
,355
,372
,360
,354
2026 05 14 14:37:53.173773,367
,368
,361
,361
,372
,365
,352
,357
,367
,356
,349
,358
,370
,354
2026 05 14 14:37:53.239288,349
,355
,364
,349
,354
,365
,356
,344
,356
,367
,357
,350
,358
,363
2026 05 14 14:37:53.300855,344
,342
,355
,348
,343
,346
,360
,343
,337
,350
,355
,339
,339
,348
2026 05 14 14:37:53.366075,347
,336
,337
,355
,347
,340
,348
,356
,348
,342
,356
,360
,349
,354
2026 05 14 14:37:53.427776,364
,354
,344
,358
,369
,346
,342
,356
,361
,348
,346
,358
,352
,342
2026 05 14 14:37:53.488353,350
,362
,346
,336
,346
,353
,340
,339
,355
,354
,343
,336
,350
,348
2026 05 14 14:37:53.554650,350
,359
,368
,353
,345
,360
,359
,348
,348
,359
,351
,342
,354
,365
2026 05 14 14:37:53.615411,353
,341
,353
,359
,343
,343
,362
,356
,344
,351
,362
,353
,344
,352
2026 05 14 14:37:53.681510,355
,342
,340
,351
,349
,341
,348
,361
,350
,341
,350
,361
,348
,343
2026 05 14 14:37:53.743132,362
,360
,347
,344
,358
,352
,344
,354
,362
,350
,348
,365
,370
,359
2026 05 14 14:37:53.804241,360
,369
,358
,332
,333
,349
,339
,332
,345
,357
,346
,341
,358
,360
2026 05 14 14:37:53.870214,342
,346
,357
,347
,342
,352
,360
,345
,339
,354
,358
,345
,345
,359
2026 05 14 14:37:53.931934,355
,345
,355
,366
,350
,345
,356
,360
,346
,350
,361
,358
,346
,360
2026 05 14 14:37:53.992693,368
,354
,347
,358
,367
,342
,333
,346
,345
,339
,344
,355
,349
,339
2026 05 14 14:37:54.058925,344
,358
,345
,339
,353
,357
,350
,350
,361
,355
,343
,351
,364
,349
2026 05 14 14:37:54.119436,343
,355
,355
,345
,348
,361
,358
,346
,349
,361
,348
,337
,349
,357
2026 05 14 14:37:54.184887,346
,342
,354
,355
,346
,352
,357
,353
,344
,350
,355
,345
,339
,347
2026 05 14 14:37:54.247281,346
,335
,336
,352
,347
,339
,350
,362
,351
,341
,352
,355
,341
,340
2026 05 14 14:37:54.307675,352
,348
,335
,338
,352
,340
,326
,340
,361
,353
,348
,362
,359
,344
2026 05 14 14:37:54.373709,342
,355
,349
,340
,347
,361
,348
,339
,354
,361
,343
,347
,364
,349
2026 05 14 14:37:54.434926,328
,341
,354
,342
,338
,346
,353
,339
,340
,350
,349
,337
,338
,349
2026 05 14 14:37:54.499811,341
,334
,344
,351
,335
,329
,342
,341
,328
,331
,344
,340
,329
,338
2026 05 14 14:37:54.562291,351
,340
,332
,347
,351
,338
,343
,355
,352
,343
,347
,359
,351
,342
2026 05 14 14:37:54.623952,355
,364
,352
,343
,354
,352
,342
,347
,359
,355
,346
,362
,361
,347
2026 05 14 14:37:54.688787,341
,353
,358
,345
,347
,354
,351
,343
,352
,364
,344
,333
,344
,348
2026 05 14 14:37:54.750916,337
,345
,354
,353
,338
,343
,352
,340
,338
,349
,364
,358
,372
,385
2026 05 14 14:37:54.815497,378
,348
,330
,338
,336
,321
,330
,340
,331
,329
,341
,348
,337
,337
2026 05 14 14:37:54.876642,352
,346
,337
,346
,358
,345
,338
,350
,357
,343
,340
,352
,347
,337
2026 05 14 14:37:54.938940,344
,357
,343
,330
,340
,354
,336
,328
,345
,346
,330
,339
,357
,350
2026 05 14 14:37:55.004423,346
,356
,366
,344
,325
,345
,351
,337
,338
,348
,341
,325
,336
,345
2026 05 14 14:37:55.065350,331
,321
,335
,343
,330
,330
,343
,340
,329
,336
,343
,331
,326
,347
2026 05 14 14:37:55.131630,356
,344
,345
,356
,355
,341
,344
,358
,342
,329
,342
,358
,345
,345
2026 05 14 14:37:55.193163,352
,337
,321
,326
,338
,335
,340
,336
,352
,343
,333
,348
,360
,346
2026 05 14 14:37:55.254438,345
,354
,350
,333
,341
,356
,348
,339
,351
,361
,340
,339
,347
,350
2026 05 14 14:37:55.319886,346
,354
,373
,353
,333
,346
,358
,349
,342
,352
,359
,345
,349
,365
2026 05 14 14:37:55.381525,348
,329
,341
,357
,343
,333
,348
,351
,338
,338
,355
,356
,345
,351
2026 05 14 14:37:55.446006,360
,346
,341
,350
,357
,345
,341
,354
,354
,342
,353
,364
,353
,336
2026 05 14 14:37:55.508402,340
,358
,344
,335
,345
,351
,345
,351
,363
,356
,343
,349
,359
,347
2026 05 14 14:37:55.569249,339
,351
,357
,345
,342
,356
,354
,341
,351
,358
,349
,343
,358
,359
2026 05 14 14:37:55.636131,350
,347
,359
,358
,341
,343
,352
,345
,338
,352
,361
,359
,357
,358
2026 05 14 14:37:55.696846,355
,337
,332
,347
,344
,335
,340
,360
,352
,345
,362
,371
,361
,358
2026 05 14 14:37:55.761006,372
,371
,360
,362
,379
,369
,355
,369
,381
,364
,358
,365
,373
,363
2026 05 14 14:37:55.823374,369
,385
,380
,368
,379
,383
,366
,361
,373
,377
,365
,368
,382
,376
2026 05 14 14:37:55.887027,359
,373
,386
,378
,368
,376
,376
,359
,358
,372
,372
,362
,368
,379
2026 05 14 14:37:55.950747,371
,360
,371
,381
,368
,362
,382
,381
,358
,364
,378
,368
,357
,373
2026 05 14 14:37:56.012310,381
,366
,353
,364
,366
,351
,349
,362
,362
,352
,362
,373
,361
,353
2026 05 14 14:37:56.077601,366
,374
,362
,357
,372
,370
,358
,365
,375
,367
,356
,356
,368
,361
2026 05 14 14:37:56.139117,363
,372
,374
,357
,360
,375
,364
,352
,359
,368
,354
,343
,356
,362
2026 05 14 14:37:56.202370,344
,344
,352
,351
,345
,353
,368
,361
,353
,367
,378
,358
,352
,362
2026 05 14 14:37:56.265515,360
,350
,356
,375
,360
,349
,357
,354
,344
,336
,353
,350
,338
,351
2026 05 14 14:37:56.327682,366
,358
,346
,357
,367
,359
,356
,367
,368
,351
,348
,360
,356
,336
2026 05 14 14:37:56.393126,345
,359
,347
,338
,347
,358
,348
,347
,363
,366
,353
,357
,370
,360
2026 05 14 14:37:56.454667,341
,354
,367
,349
,337
,350
,349
,333
,339
,352
,348
,336
,346
,357
2026 05 14 14:37:56.515980,342
,337
,353
,361
,350
,353
,365
,362
,344
,340
,351
,341
,329
,346
2026 05 14 14:37:56.581931,362
,344
,336
,353
,355
,336
,339
,357
,351
,347
,357
,368
,351
,338
2026 05 14 14:37:56.643055,358
,352
,343
,344
,355
,350
,340
,351
,359
,341
,335
,354
,365
,349
2026 05 14 14:37:56.708369,351
,359
,365
,344
,339
,346
,348
,339
,354
,364
,343
,339
,357
,358
2026 05 14 14:37:56.770198,349
,350
,359
,342
,331
,347
,360
,348
,343
,350
,355
,345
,342
,355
2026 05 14 14:37:56.830908,353
,351
,363
,372
,356
,344
,346
,355
,341
,339
,349
,349
,342
,343
2026 05 14 14:37:56.896760,351
,349
,340
,345
,356
,344
,345
,355
,354
,345
,352
,362
,355
,340
2026 05 14 14:37:56.958460,340
,353
,344
,340
,351
,350
,341
,338
,350
,344
,332
,336
,344
,334
2026 05 14 14:37:57.023401,336
,365
,370
,351
,342
,351
,347
,333
,339
,352
,346
,336
,347
,356
2026 05 14 14:37:57.084727,341
,336
,348
,355
,334
,331
,346
,338
,327
,336
,349
,336
,330
,344
2026 05 14 14:37:57.146565,347
,330
,327
,342
,339
,330
,339
,350
,339
,334
,347
,354
,340
,341
2026 05 14 14:37:57.212221,354
,346
,340
,352
,371
,371
,357
,358
,358
,342
,332
,345
,348
,340
2026 05 14 14:37:57.273271,346
,359
,355
,342
,347
,360
,351
,345
,357
,365
,355
,343
,350
,347
2026 05 14 14:37:57.339207,331
,339
,352
,338
,335
,346
,350
,337
,340
,353
,354
,337
,340
,353
2026 05 14 14:37:57.400656,341
,331
,343
,354
,349
,347
,362
,365
,341
,345
,360
,347
,329
,340
2026 05 14 14:37:57.461365,348
,336
,329
,344
,343
,324
,324
,344
,347
,335
,338
,353
,340
,331
2026 05 14 14:37:57.527500,347
,363
,341
,342
,356
,350
,338
,352
,366
,352
,333
,344
,353
,337
2026 05 14 14:37:57.589173,329
,346
,350
,337
,339
,350
,342
,336
,346
,358
,348
,345
,356
,361
2026 05 14 14:37:57.653951,343
,341
,357
,344
,337
,348
,354
,341
,335
,347
,355
,341
,334
,346
2026 05 14 14:37:57.716436,344
,333
,339
,353
,344
,341
,356
,365
,351
,342
,352
,355
,351
,356
2026 05 14 14:37:57.777129,364
,359
,337
,344
,345
,330
,320
,343
,349
,339
,346
,362
,353
,346
2026 05 14 14:37:57.842909,352
,356
,349
,348
,357
,359
,346
,341
,353
,355
,343
,348
,352
,343
2026 05 14 14:37:57.905041,331
,340
,352
,340
,340
,355
,357
,348
,350
,360
,361
,350
,354
,362
2026 05 14 14:37:57.965148,346
,342
,354
,360
,342
,337
,355
,348
,336
,343
,346
,345
,343
,350
2026 05 14 14:37:58.031021,356
,351
,355
,371
,362
,341
,346
,355
,349
,337
,350
,358
,343
,336
2026 05 14 14:37:58.092642,352
,357
,342
,338
,351
,354
,342
,351
,364
,351
,340
,357
,363
,344
2026 05 14 14:37:58.158457,339
,356
,355
,345
,351
,354
,342
,335
,351
,361
,347
,343
,347
,349
2026 05 14 14:37:58.219338,342
,349
,360
,349
,337
,347
,358
,344
,339
,355
,360
,345
,339
,354
2026 05 14 14:37:58.280688,354
,350
,361
,366
,357
,337
,338
,352
,335
,337
,355
,351
,344
,351
2026 05 14 14:37:58.346916,362
,350
,341
,349
,358
,347
,344
,354
,354
,337
,336
,352
,342
,335
2026 05 14 14:37:58.408147,349
,362
,355
,335
,350
,357
,339
,339
,354
,352
,340
,350
,359
,348
2026 05 14 14:37:58.473701,341
,352
,357
,342
,336
,347
,353
,344
,344
,358
,355
,338
,349
,362
2026 05 14 14:37:58.534884,347
,339
,357
,362
,345
,347
,363
,358
,346
,354
,364
,351
,339
,355
2026 05 14 14:37:58.596667,360
,348
,352
,358
,357
,344
,343
,357
,348
,346
,358
,370
,357
,351
2026 05 14 14:37:58.662093,357
,361
,343
,346
,366
,360
,353
,358
,358
,339
,336
,352
,353
,342
2026 05 14 14:37:58.723669,349
,367
,361
,348
,352
,363
,351
,347
,358
,360
,343
,339
,360
,356
2026 05 14 14:37:58.789151,339
,341
,354
,348
,344
,356
,355
,346
,352
,362
,362
,339
,349
,362
2026 05 14 14:37:58.849882,352
,342
,349
,358
,348
,335
,343
,347
,334
,336
,351
,346
,338
,349
2026 05 14 14:37:58.911115,361
,343
,342
,351
,361
,342
,343
,360
,359
,346
,348
,352
,336
,329
2026 05 14 14:37:58.977564,343
,355
,339
,339
,349
,351
,346
,354
,369
,358
,351
,354
,362
,346
2026 05 14 14:37:59.038625,340
,348
,351
,342
,344
,358
,353
,342
,343
,355
,346
,340
,351
,355
2026 05 14 14:37:59.104361,333
,343
,352
,349
,343
,352
,365
,352
,344
,355
,358
,347
,345
,360
2026 05 14 14:37:59.166405,361
,345
,349
,349
,335
,331
,337
,347
,337
,337
,350
,362
,348
,350
2026 05 14 14:37:59.226594,357
,349
,339
,349
,367
,350
,340
,354
,356
,347
,342
,348
,349
,338
2026 05 14 14:37:59.292461,341
,355
,341
,332
,348
,359
,348
,344
,357
,354
,344
,347
,356
,351
2026 05 14 14:37:59.354677,340
,348
,355
,337
,333
,342
,346
,331
,331
,346
,343
,338
,350
,369
2026 05 14 14:37:59.419050,356
,343
,355
,360
,343
,329
,341
,348
,341
,346
,358
,347
,340
,352
2026 05 14 14:37:59.481791,361
,345
,336
,348
,350
,340
,345
,365
,354
,346
,357
,363
,346
,341
2026 05 14 14:37:59.542308,360
,356
,338
,345
,358
,348
,335
,340
,351
,337
,328
,338
,346
,333
2026 05 14 14:37:59.608515,327
,345
,343
,329
,337
,351
,339
,327
,335
,346
,331
,328
,346
,350
2026 05 14 14:37:59.669882,342
,342
,359
,353
,333
,340
,355
,340
,330
,350
,356
,337
,336
,348
2026 05 14 14:37:59.735182,345
,336
,349
,359
,349
,339
,354
,360
,345
,343
,359
,359
,350
,358
2026 05 14 14:37:59.796381,368
,354
,346
,356
,362
,341
,340
,357
,358
,345
,344
,353
,353
,345
2026 05 14 14:37:59.857563,353
,365
,352
,342
,357
,361
,339
,338
,354
,353
,345
,357
,369
,353
2026 05 14 14:37:59.923411,347
,361
,370
,351
,346
,360
,361
,349
,356
,368
,348
,336
,346
,355
2026 05 14 14:37:59.985179,343
,338
,346
,359
,347
,350
,369
,366
,352
,363
,370
,355
,351
,364
2026 05 14 14:38:00.050439,364
,351
,352
,359
,353
,339
,349
,361
,350
,336
,355
,363
,342
,345
2026 05 14 14:38:00.112166,362
,366
,357
,354
,367
,359
,356
,362
,370
,354
,351
,364
,363
,346
2026 05 14 14:38:00.172559,348
,358
,350
,341
,349
,358
,349
,346
,358
,365
,356
,359
,367
,360
2026 05 14 14:38:00.239399,347
,345
,359
,361
,353
,366
,372
,350
,342
,355
,355
,341
,341
,358
2026 05 14 14:38:00.300782,351
,347
,359
,364
,351
,347
,357
,359
,349
,352
,357
,350
,337
,350
2026 05 14 14:38:00.365818,360
,340
,335
,353
,359
,348
,346
,352
,347
,343
,353
,367
,358
,348
2026 05 14 14:38:00.427529,359
,363
,350
,344
,353
,354
,340
,346
,356
,348
,339
,342
,354
,346
2026 05 14 14:38:00.488247,337
,347
,352
,347
,350
,360
,358
,351
,360
,369
,356
,350
,361
,370
2026 05 14 14:38:00.554381,350
,350
,359
,351
,339
,348
,356
,339
,328
,338
,352
,344
,342
,359
2026 05 14 14:38:00.616015,364
,355
,354
,372
,356
,346
,361
,373
,353
,339
,352
,360
,351
,345
2026 05 14 14:38:00.681368,346
,341
,335
,342
,354
,346
,342
,352
,359
,352
,350
,360
,357
,348
2026 05 14 14:38:00.742917,356
,363
,352
,341
,348
,355
,337
,332
,355
,357
,342
,353
,363
,349
2026 05 14 14:38:00.803568,339
,352
,369
,359
,357
,368
,367
,345
,344
,355
,350
,339
,343
,354
2026 05 14 14:38:00.869819,338
,335
,348
,351
,340
,339
,352
,353
,340
,349
,364
,355
,347
,364
2026 05 14 14:38:00.931333,365
,355
,350
,356
,352
,340
,341
,353
,344
,333
,346
,360
,344
,343
2026 05 14 14:38:00.996675,349
,351
,341
,343
,353
,353
,345
,357
,368
,353
,341
,356
,367
,354
2026 05 14 14:38:01.058326,356
,363
,357
,344
,348
,363
,347
,337
,350
,351
,344
,339
,352
,353
2026 05 14 14:38:01.120018,345
,350
,364
,357
,343
,356
,370
,357
,349
,344
,348
,336
,335
,350
2026 05 14 14:38:01.185184,348
,339
,345
,362
,352
,344
,356
,365
,350
,350
,370
,374
,356
,355
2026 05 14 14:38:01.246796,358
,345
,337
,352
,362
,349
,342
,359
,365
,352
,345
,362
,357
,349
2026 05 14 14:38:01.311726,361
,370
,355
,358
,373
,367
,356
,359
,371
,355
,336
,340
,352
,334
2026 05 14 14:38:01.373694,327
,346
,353
,338
,335
,351
,358
,346
,349
,367
,363
,355
,368
,374
2026 05 14 14:38:01.434508,349
,339
,349
,351
,341
,346
,355
,348
,341
,356
,364
,349
,336
,344
2026 05 14 14:38:01.500458,356
,351
,343
,355
,354
,342
,352
,365
,352
,342
,352
,359
,347
,341
2026 05 14 14:38:01.561333,351
,352
,349
,351
,355
,346
,325
,333
,349
,339
,339
,356
,362
,352
2026 05 14 14:38:01.627504,348
,362
,355
,340
,348
,367
,348
,346
,360
,364
,342
,336
,348
,350
2026 05 14 14:38:01.689075,337
,343
,357
,347
,337
,352
,363
,349
,345
,356
,354
,340
,347
,351
2026 05 14 14:38:01.750955,339
,341
,345
,353
,346
,344
,353
,348
,335
,339
,357
,354
,346
,357
2026 05 14 14:38:01.815838,364
,350
,346
,355
,356
,343
,345
,358
,358
,347
,346
,357
,352
,352
2026 05 14 14:38:01.877284,354
,362
,350
,345
,361
,360
,349
,352
,362
,354
,345
,347
,354
,338
2026 05 14 14:38:01.938705,332
,352
,357
,347
,349
,360
,355
,345
,346
,348
,341
,332
,347
,358
2026 05 14 14:38:02.006140,342
,345
,359
,353
,346
,351
,361
,351
,340
,353
,365
,360
,353
,355
2026 05 14 14:38:02.065148,353
,331
,328
,349
,342
,331
,336
,347
,333
,329
,345
,352
,341
,344
2026 05 14 14:38:02.131465,357
,348
,335
,345
,348
,334
,332
,349
,352
,336
,332
,341
,331
,320
2026 05 14 14:38:02.193354,327
,332
,324
,317
,326
,337
,324
,320
,333
,336
,326
,332
,348
,339
2026 05 14 14:38:02.253710,327
,340
,349
,337
,328
,339
,349
,330
,327
,339
,333
,328
,335
,340
2026 05 14 14:38:02.319725,326
,324
,336
,342
,325
,332
,348
,341
,333
,342
,342
,334
,326
,336
2026 05 14 14:38:02.380393,347
,325
,313
,329
,333
,323
,327
,338
,333
,324
,330
,339
,330
,328
2026 05 14 14:38:02.446061,337
,342
,329
,331
,352
,353
,345
,358
,362
,351
,344
,346
,347
,335
2026 05 14 14:38:02.508511,337
,346
,343
,333
,336
,357
,350
,342
,354
,365
,345
,336
,355
,363
2026 05 14 14:38:02.569564,355
,357
,352
,342
,336
,343
,354
,339
,329
,349
,350
,340
,341
,353
2026 05 14 14:38:02.635125,344
,341
,355
,362
,342
,333
,346
,355
,344
,342
,353
,351
,340
,345
2026 05 14 14:38:02.695861,355
,350
,338
,346
,354
,341
,337
,354
,358
,346
,350
,361
,349
,341
2026 05 14 14:38:02.761203,350
,359
,345
,339
,352
,361
,349
,348
,357
,356
,346
,347
,358
,358
2026 05 14 14:38:02.823709,352
,354
,353
,350
,349
,365
,358
,348
,358
,367
,356
,349
,356
,362
2026 05 14 14:38:02.884837,348
,343
,362
,368
,356
,362
,371
,364
,341
,338
,339
,328
,326
,340
2026 05 14 14:38:02.950305,343
,335
,337
,351
,353
,339
,341
,356
,348
,349
,372
,382
,368
,365
2026 05 14 14:38:03.011656,376
,367
,336
,331
,346
,342
,339
,349
,361
,348
,345
,358
,360
,343
2026 05 14 14:38:03.077515,343
,358
,356
,350
,357
,364
,354
,345
,357
,364
,351
,353
,365
,361
2026 05 14 14:38:03.139177,350
,355
,364
,352
,340
,349
,361
,347
,346
,357
,358
,346
,355
,370
2026 05 14 14:38:03.200795,360
,351
,355
,364
,354
,344
,352
,356
,348
,351
,364
,364
,364
,376
2026 05 14 14:38:03.266038,385
,354
,336
,348
,355
,346
,344
,361
,367
,357
,366
,382
,371
,356
2026 05 14 14:38:03.327086,367
,377
,357
,348
,364
,368
,356
,354
,365
,360
,355
,364
,375
,364
2026 05 14 14:38:03.393084,358
,366
,374
,361
,369
,375
,355
,341
,354
,366
,355
,350
,360
,366
2026 05 14 14:38:03.454351,350
,347
,360
,350
,342
,348
,362
,354
,343
,354
,361
,353
,348
,361
2026 05 14 14:38:03.515110,360
,347
,350
,368
,372
,355
,355
,362
,351
,348
,353
,361
,350
,345
2026 05 14 14:38:03.581526,358
,357
,347
,354
,364
,354
,345
,355
,364
,350
,349
,360
,357
,350
2026 05 14 14:38:03.642451,357
,374
,361
,346
,360
,366
,347
,342
,361
,362
,352
,353
,362
,357
2026 05 14 14:38:03.708135,343
,350
,363
,349
,350
,364
,368
,359
,359
,368
,353
,333
,345
,355
2026 05 14 14:38:03.769698,340
,328
,348
,356
,343
,338
,353
,339
,331
,339
,348
,340
,336
,351
2026 05 14 14:38:03.831094,360
,347
,343
,353
,352
,342
,349
,363
,355
,348
,361
,374
,358
,354
2026 05 14 14:38:03.896679,362
,357
,345
,345
,357
,354
,344
,353
,368
,351
,342
,357
,360
,343
2026 05 14 14:38:03.957630,341
,356
,356
,347
,355
,371
,361
,349
,360
,362
,347
,345
,359
,358
2026 05 14 14:38:04.022713,343
,347
,355
,348
,347
,354
,369
,355
,347
,363
,369
,356
,354
,362
2026 05 14 14:38:04.086828,354
,350
,353
,364
,351
,346
,360
,370
,356
,345
,358
,360
,350
,357
2026 05 14 14:38:04.146285,368
,358
,350
,358
,365
,353
,348
,360
,360
,342
,351
,366
,354
,339
2026 05 14 14:38:04.212076,357
,364
,349
,345
,360
,364
,346
,343
,355
,354
,348
,355
,373
,364
2026 05 14 14:38:04.273720,344
,350
,355
,344
,341
,360
,361
,347
,344
,354
,349
,338
,348
,362
2026 05 14 14:38:04.338925,345
,342
,358
,362
,348
,352
,367
,366
,359
,360
,366
,357
,352
,366
2026 05 14 14:38:04.401046,365
,338
,336
,348
,346
,336
,347
,365
,354
,343
,357
,363
,349
,350
2026 05 14 14:38:04.461320,360
,359
,354
,358
,371
,358
,344
,348
,360
,349
,348
,361
,366
,356
2026 05 14 14:38:04.526720,349
,360
,358
,351
,354
,370
,363
,346
,346
,352
,340
,340
,350
,349
2026 05 14 14:38:04.589093,338
,345
,355
,348
,340
,355
,362
,349
,344
,356
,353
,339
,347
,362
2026 05 14 14:38:04.654466,356
,350
,358
,364
,347
,346
,357
,357
,342
,351
,361
,355
,345
,354
2026 05 14 14:38:04.715914,363
,349
,341
,357
,361
,345
,346
,365
,356
,341
,342
,354
,348
,339
2026 05 14 14:38:04.776115,348
,357
,352
,353
,369
,372
,354
,356
,369
,351
,338
,350
,358
,349
2026 05 14 14:38:04.843099,340
,354
,359
,342
,344
,363
,353
,341
,348
,363
,352
,345
,359
,361
2026 05 14 14:38:04.903660,346
,344
,359
,355
,345
,352
,370
,359
,353
,367
,365
,349
,345
,354
2026 05 14 14:38:04.968966,354
,345
,352
,362
,351
,341
,352
,362
,350
,345
,360
,364
,353
,353
2026 05 14 14:38:05.030990,366
,359
,350
,351
,356
,343
,339
,348
,357
,346
,342
,357
,355
,347
2026 05 14 14:38:05.093657,354
,361
,353
,342
,355
,369
,354
,336
,345
,352
,343
,342
,346
,338
2026 05 14 14:38:05.157408,328
,339
,347
,340
,339
,352
,354
,342
,345
,358
,359
,352
,362
,365
2026 05 14 14:38:05.219504,338
,332
,345
,353
,341
,342
,349
,346
,335
,347
,354
,344
,332
,347
2026 05 14 14:38:05.284517,354
,340
,344
,355
,360
,354
,355
,368
,357
,346
,355
,356
,345
,340
2026 05 14 14:38:05.346591,353
,356
,339
,347
,361
,356
,349
,357
,364
,352
,341
,354
,362
,346
2026 05 14 14:38:05.407607,343
,362
,356
,348
,351
,361
,358
,354
,365
,376
,364
,358
,367
,366
2026 05 14 14:38:05.473513,349
,336
,363
,353
,342
,351
,359
,345
,340
,356
,360
,350
,350
,368
2026 05 14 14:38:05.534724,365
,351
,359
,367
,354
,345
,360
,366
,356
,350
,364
,364
,351
,361
2026 05 14 14:38:05.596138,378
,372
,363
,377
,366
,349
,344
,356
,351
,339
,350
,360
,355
,347
2026 05 14 14:38:05.662048,357
,368
,357
,347
,356
,359
,349
,343
,357
,353
,343
,353
,367
,357
2026 05 14 14:38:05.722244,347
,358
,372
,355
,356
,372
,363
,349
,346
,355
,349
,347
,360
,369
2026 05 14 14:38:05.788359,361
,348
,357
,358
,346
,342
,357
,349
,342
,355
,365
,352
,341
,354
2026 05 14 14:38:05.851593,363
,350
,349
,363
,353
,341
,344
,349
,336
,330
,349
,358
,340
,332
2026 05 14 14:38:05.911253,346
,343
,332
,340
,354
,344
,338
,350
,355
,341
,345
,360
,356
,338
2026 05 14 14:38:05.977849,351
,357
,343
,332
,345
,354
,339
,337
,351
,354
,344
,345
,356
,350
2026 05 14 14:38:06.038554,337
,351
,361
,356
,347
,360
,361
,346
,345
,355
,354
,341
,349
,361
2026 05 14 14:38:06.104292,347
,346
,353
,360
,347
,339
,353
,357
,351
,352
,354
,347
,330
,346
2026 05 14 14:38:06.165835,355
,340
,339
,353
,360
,343
,344
,358
,358
,353
,362
,368
,356
,346
2026 05 14 14:38:06.226527,354
,364
,357
,357
,367
,371
,357
,341
,352
,347
,335
,342
,360
,351
2026 05 14 14:38:06.292572,349
,362
,360
,345
,346
,368
,359
,345
,358
,372
,363
,357
,367
,371
2026 05 14 14:38:06.353675,350
,351
,364
,352
,341
,351
,354
,344
,344
,361
,373
,360
,355
,363
2026 05 14 14:38:06.419687,359
,346
,354
,369
,352
,334
,347
,356
,345
,348
,359
,362
,355
,360
2026 05 14 14:38:06.481013,368
,359
,344
,354
,362
,341
,335
,355
,366
,355
,354
,362
,357
,350
2026 05 14 14:38:06.542541,357
,371
,355
,342
,354
,361
,345
,342
,358
,358
,345
,353
,368
,365
2026 05 14 14:38:06.608141,359
,367
,358
,343
,340
,355
,357
,336
,343
,360
,352
,344
,353
,363
2026 05 14 14:38:06.669322,353
,345
,351
,352
,337
,335
,352
,352
,343
,349
,359
,359
,354
,362
2026 05 14 14:38:06.735071,365
,352
,343
,349
,347
,337
,345
,360
,347
,339
,350
,360
,347
,345
2026 05 14 14:38:06.796553,360
,355
,336
,341
,354
,346
,331
,348
,362
,348
,343
,359
,366
,351
2026 05 14 14:38:06.857913,350
,359
,354
,343
,347
,358
,346
,339
,353
,356
,338
,339
,350
,357
2026 05 14 14:38:06.923392,344
,349
,357
,343
,335
,356
,359
,338
,340
,357
,360
,350
,349
,361
2026 05 14 14:38:06.984557,355
,340
,353
,369
,351
,339
,350
,355
,339
,339
,351
,349
,338
,344
2026 05 14 14:38:07.050341,356
,352
,347
,360
,360
,352
,345
,344
,348
,344
,346
,356
,349
,339
2026 05 14 14:38:07.112700,343
,352
,337
,329
,351
,357
,340
,342
,358
,350
,341
,358
,374
,359
2026 05 14 14:38:07.173432,350
,367
,368
,355
,347
,364
,359
,331
,334
,350
,339
,324
,335
,342
2026 05 14 14:38:07.238907,333
,335
,355
,362
,349
,355
,365
,360
,346
,353
,362
,348
,331
,341
2026 05 14 14:38:07.302658,345
,331
,327
,341
,341
,332
,346
,357
,344
,338
,351
,358
,345
,343
2026 05 14 14:38:07.366820,354
,348
,336
,342
,352
,342
,335
,348
,360
,349
,340
,351
,351
,340
2026 05 14 14:38:07.427374,344
,360
,351
,342
,351
,363
,353
,343
,363
,371
,358
,350
,365
,354
2026 05 14 14:38:07.488720,335
,352
,360
,354
,351
,359
,366
,354
,355
,365
,365
,352
,353
,356
2026 05 14 14:38:07.553443,338
,327
,343
,356
,342
,343
,350
,352
,340
,344
,361
,350
,345
,358
2026 05 14 14:38:07.615831,366
,353
,352
,364
,365
,352
,349
,359
,353
,342
,352
,366
,352
,347
2026 05 14 14:38:07.681223,353
,356
,343
,343
,353
,355
,339
,349
,362
,351
,348
,365
,370
,357
2026 05 14 14:38:07.742748,354
,369
,366
,351
,353
,363
,355
,345
,350
,364
,352
,345
,360
,367
2026 05 14 14:38:07.803632,353
,350
,360
,353
,340
,350
,364
,352
,345
,358
,365
,351
,349
,364
2026 05 14 14:38:07.869683,368
,365
,378
,384
,352
,325
,346
,349
,329
,329
,342
,346
,336
,345
2026 05 14 14:38:07.930876,356
,354
,344
,356
,367
,348
,340
,355
,357
,345
,351
,366
,356
,345
2026 05 14 14:38:07.996553,350
,364
,354
,346
,359
,364
,350
,348
,354
,351
,344
,360
,369
,352
2026 05 14 14:38:08.058162,335
,357
,371
,364
,353
,363
,367
,338
,338
,355
,348
,340
,351
,362
2026 05 14 14:38:08.119202,344
,342
,349
,355
,352
,354
,368
,369
,353
,357
,365
,354
,351
,363
2026 05 14 14:38:08.184739,365
,337
,335
,355
,355
,344
,348
,357
,339
,330
,347
,364
,355
,355
2026 05 14 14:38:08.246855,367
,359
,337
,343
,355
,350
,341
,352
,361
,345
,338
,353
,356
,342
2026 05 14 14:38:08.313328,348
,355
,355
,348
,356
,368
,361
,347
,355
,364
,347
,334
,347
,345
2026 05 14 14:38:08.373287,334
,332
,352
,354
,346
,358
,368
,355
,347
,365
,370
,351
,350
,359
2026 05 14 14:38:08.434641,346
,331
,345
,358
,346
,340
,352
,354
,335
,333
,346
,342
,332
,344
2026 05 14 14:38:08.499501,354
,353
,351
,363
,366
,343
,335
,337
,335
,324
,329
,342
,333
,323
2026 05 14 14:38:08.562475,336
,345
,335
,326
,334
,340
,334
,341
,354
,352
,342
,347
,358
,341
2026 05 14 14:38:08.627717,338
,352
,359
,349
,351
,358
,353
,342
,347
,359
,352
,350
,362
,372
2026 05 14 14:38:08.689488,351
,336
,351
,352
,344
,351
,361
,353
,344
,355
,358
,341
,332
,351
2026 05 14 14:38:08.749688,364
,346
,342
,354
,347
,338
,348
,359
,351
,346
,358
,362
,343
,340
2026 05 14 14:38:08.815697,358
,360
,347
,351
,364
,358
,350
,365
,366
,350
,347
,357
,351
,335
2026 05 14 14:38:08.877330,338
,350
,337
,331
,342
,356
,347
,342
,357
,366
,351
,349
,360
,352
2026 05 14 14:38:08.942436,341
,350
,358
,345
,342
,357
,365
,356
,360
,365
,351
,333
,336
,348
2026 05 14 14:38:09.003410,340
,332
,342
,350
,338
,335
,349
,347
,335
,341
,354
,346
,337
,352
2026 05 14 14:38:09.065382,365
,353
,352
,350
,348
,333
,330
,346
,341
,334
,344
,362
,349
,335
2026 05 14 14:38:09.130419,350
,364
,355
,358
,366
,361
,346
,344
,362
,348
,337
,354
,359
,345
2026 05 14 14:38:09.192651,343
,355
,352
,332
,337
,356
,346
,344
,353
,361
,350
,345
,364
,371
2026 05 14 14:38:09.253510,365
,364
,368
,353
,341
,346
,356
,343
,337
,352
,359
,346
,347
,356
2026 05 14 14:38:09.319628,346
,346
,361
,371
,365
,351
,361
,356
,329
,332
,348
,357
,355
,361
2026 05 14 14:38:09.380891,369
,362
,349
,356
,364
,350
,339
,351
,352
,341
,341
,357
,355
,349
2026 05 14 14:38:09.446739,365
,382
,362
,344
,356
,363
,342
,340
,357
,355
,349
,356
,367
,361
2026 05 14 14:38:09.508750,352
,363
,375
,362
,359
,368
,368
,350
,358
,362
,350
,348
,362
,364
2026 05 14 14:38:09.569658,351
,346
,353
,353
,348
,347
,358
,353
,342
,349
,358
,352
,348
,360
2026 05 14 14:38:09.634994,371
,348
,346
,361
,359
,348
,353
,366
,356
,345
,352
,356
,343
,338
2026 05 14 14:38:09.696468,355
,353
,343
,346
,361
,358
,353
,363
,376
,347
,338
,352
,356
,345
2026 05 14 14:38:09.761915,348
,367
,363
,352
,362
,374
,365
,362
,365
,376
,356
,330
,343
,352
2026 05 14 14:38:09.822530,339
,346
,357
,355
,347
,355
,367
,357
,358
,371
,363
,352
,354
,374
2026 05 14 14:38:09.884594,370
,353
,348
,347
,340
,335
,349
,359
,345
,352
,364
,360
,342
,350
2026 05 14 14:38:09.950378,361
,351
,345
,356
,361
,349
,348
,365
,363
,350
,358
,367
,347
,337
2026 05 14 14:38:10.011544,347
,358
,342
,338
,352
,357
,351
,355
,370
,363
,352
,356
,362
,346
2026 05 14 14:38:10.077012,338
,356
,358
,332
,334
,352
,351
,346
,357
,357
,348
,348
,360
,366
2026 05 14 14:38:10.138935,355
,349
,359
,353
,343
,343
,345
,341
,339
,357
,366
,358
,350
,363
2026 05 14 14:38:10.200119,366
,351
,356
,360
,346
,333
,336
,352
,339
,332
,346
,354
,348
,348
2026 05 14 14:38:10.265387,357
,345
,332
,342
,357
,344
,337
,350
,365
,357
,355
,367
,371
,351
2026 05 14 14:38:10.326662,352
,358
,340
,332
,341
,351
,339
,336
,351
,357
,348
,350
,363
,353
2026 05 14 14:38:10.392682,345
,351
,359
,343
,329
,351
,358
,350
,342
,357
,356
,342
,345
,357
2026 05 14 14:38:10.454200,348
,339
,348
,354
,341
,334
,351
,350
,337
,337
,355
,356
,351
,357
2026 05 14 14:38:10.514823,348
,341
,336
,348
,350
,333
,339
,353
,342
,333
,345
,358
,346
,340
2026 05 14 14:38:10.581213,351
,362
,352
,351
,361
,355
,348
,353
,353
,339
,338
,357
,372
,358
2026 05 14 14:38:10.642638,345
,350
,354
,343
,347
,358
,350
,341
,347
,361
,349
,345
,362
,367
2026 05 14 14:38:10.708098,355
,352
,363
,359
,342
,346
,353
,345
,338
,349
,357
,341
,340
,362
2026 05 14 14:38:10.769179,363
,347
,355
,368
,352
,349
,364
,378
,364
,351
,352
,343
,328
,341
2026 05 14 14:38:10.830313,347
,348
,341
,347
,355
,343
,335
,347
,353
,338
,347
,353
,346
,335
2026 05 14 14:38:10.896639,350
,362
,352
,341
,348
,353
,343
,345
,356
,350
,336
,343
,352
,345
2026 05 14 14:38:10.958003,338
,350
,354
,344
,345
,349
,352
,351
,350
,362
,351
,333
,348
,362
2026 05 14 14:38:11.022638,344
,332
,347
,354
,345
,346
,355
,349
,343
,353
,364
,346
,342
,353
2026 05 14 14:38:11.085008,359
,347
,347
,356
,349
,340
,351
,363
,345
,339
,351
,359
,348
,343
2026 05 14 14:38:11.146089,354
,353
,336
,344
,363
,361
,339
,346
,357
,346
,337
,360
,356
,339
2026 05 14 14:38:11.211884,341
,350
,344
,336
,348
,361
,349
,338
,350
,363
,350
,353
,361
,348
2026 05 14 14:38:11.273669,330
,342
,356
,343
,331
,346
,362
,344
,341
,354
,358
,346
,349
,360
2026 05 14 14:38:11.338412,350
,334
,339
,352
,346
,343
,363
,375
,353
,355
,355
,346
,335
,345
2026 05 14 14:38:11.400371,359
,344
,336
,348
,357
,348
,339
,350
,350
,339
,351
,372
,362
,351
2026 05 14 14:38:11.460748,364
,365
,350
,340
,356
,354
,349
,348
,350
,346
,337
,350
,355
,344
2026 05 14 14:38:11.527348,342
,360
,363
,345
,349
,358
,352
,344
,349
,362
,354
,348
,362
,370
2026 05 14 14:38:11.588324,342
,337
,358
,356
,341
,344
,358
,347
,338
,356
,368
,356
,352
,368
2026 05 14 14:38:11.653250,368
,356
,352
,367
,360
,346
,355
,356
,344
,342
,357
,357
,350
,343
2026 05 14 14:38:11.715723,358
,352
,344
,358
,368
,356
,347
,364
,371
,356
,347
,356
,344
,341
2026 05 14 14:38:11.776627,347
,355
,346
,339
,351
,356
,342
,335
,352
,349
,337
,344
,362
,353
2026 05 14 14:38:11.842859,346
,353
,374
,364
,351
,359
,367
,354
,355
,368
,349
,327
,333
,351
2026 05 14 14:38:11.903363,339
,333
,348
,358
,346
,340
,351
,350
,336
,341
,351
,347
,337
,359
2026 05 14 14:38:11.969359,376
,359
,348
,348
,353
,342
,343
,359
,352
,338
,345
,354
,339
,331
2026 05 14 14:38:12.031150,349
,361
,351
,357
,366
,358
,353
,352
,366
,352
,335
,340
,354
,348
2026 05 14 14:38:12.092561,341
,354
,357
,345
,355
,365
,356
,350
,358
,362
,345
,337
,353
,354
2026 05 14 14:38:12.158572,336
,341
,358
,346
,344
,345
,347
,340
,345
,352
,357
,339
,347
,356
2026 05 14 14:38:12.221630,351
,336
,346
,362
,354
,346
,354
,367
,353
,346
,350
,346
,334
,340
2026 05 14 14:38:12.284677,354
,342
,331
,342
,355
,343
,337
,349
,358
,348
,354
,361
,357
,342
2026 05 14 14:38:12.346478,352
,359
,339
,331
,349
,349
,339
,343
,365
,357
,342
,350
,361
,354
2026 05 14 14:38:12.407814,342
,347
,350
,338
,336
,352
,354
,344
,346
,360
,354
,350
,361
,365
2026 05 14 14:38:12.473326,349
,342
,358
,360
,344
,356
,361
,355
,351
,359
,359
,341
,334
,353
2026 05 14 14:38:12.535124,361
,346
,349
,358
,356
,347
,352
,360
,340
,333
,347
,357
,345
,339
2026 05 14 14:38:12.600000,350
,356
,341
,342
,360
,357
,348
,359
,367
,345
,342
,354
,358
,348
2026 05 14 14:38:12.661990,346
,356
,340
,332
,337
,348
,339
,328
,339
,355
,345
,343
,356
,353
2026 05 14 14:38:12.723221,348
,351
,358
,347
,340
,350
,360
,346
,347
,366
,364
,353
,354
,358
2026 05 14 14:38:12.788812,339
,325
,337
,349
,336
,329
,347
,347
,333
,338
,352
,347
,338
,348
2026 05 14 14:38:12.850039,362
,346
,340
,353
,358
,344
,354
,374
,342
,323
,334
,356
,347
,340
2026 05 14 14:38:12.914991,344
,355
,337
,335
,356
,353
,339
,346
,363
,356
,341
,352
,370
,360
2026 05 14 14:38:12.977295,338
,355
,355
,339
,343
,359
,356
,344
,352
,363
,352
,346
,355
,361
2026 05 14 14:38:13.038203,349
,349
,362
,362
,355
,368
,388
,362
,323
,325
,332
,331
,335
,345
2026 05 14 14:38:13.103687,347
,337
,345
,357
,348
,345
,353
,363
,351
,348
,370
,371
,353
,361
2026 05 14 14:38:13.165365,376
,364
,342
,329
,349
,346
,336
,352
,362
,349
,346
,363
,363
,354
2026 05 14 14:38:13.231335,362
,378
,373
,363
,367
,369
,339
,331
,351
,355
,342
,348
,360
,349
2026 05 14 14:38:13.292583,338
,351
,364
,350
,343
,355
,360
,346
,345
,359
,354
,347
,359
,382
2026 05 14 14:38:13.355028,370
,347
,354
,351
,332
,331
,346
,347
,336
,340
,354
,350
,340
,347
2026 05 14 14:38:13.420250,363
,355
,352
,368
,369
,360
,362
,368
,361
,354
,374
,388
,352
,328
2026 05 14 14:38:13.481076,348
,356
,345
,351
,362
,356
,348
,357
,368
,353
,343
,357
,374
,361
2026 05 14 14:38:13.542536,354
,366
,366
,357
,361
,373
,361
,346
,359
,366
,352
,346
,356
,358
2026 05 14 14:38:13.608018,345
,349
,364
,357
,344
,355
,369
,367
,358
,368
,375
,363
,350
,357
2026 05 14 14:38:13.668681,345
,334
,352
,368
,356
,345
,359
,365
,352
,350
,363
,362
,352
,359
2026 05 14 14:38:13.734672,378
,364
,342
,355
,366
,357
,352
,362
,366
,353
,354
,370
,361
,348
2026 05 14 14:38:13.796071,360
,373
,357
,348
,362
,356
,336
,344
,359
,357
,344
,355
,363
,348
2026 05 14 14:38:13.857647,342
,350
,359
,349
,338
,351
,350
,338
,346
,359
,341
,328
,338
,357
2026 05 14 14:38:13.923180,342
,334
,346
,350
,342
,347
,357
,351
,339
,344
,356
,347
,343
,360
2026 05 14 14:38:13.984140,364
,349
,344
,357
,356
,343
,351
,365
,353
,350
,365
,370
,350
,343
2026 05 14 14:38:14.049658,353
,356
,343
,354
,370
,353
,344
,355
,366
,356
,355
,368
,370
,351
2026 05 14 14:38:14.112119,350
,358
,349
,336
,350
,359
,355
,353
,361
,358
,344
,348
,356
,358
2026 05 14 14:38:14.172312,349
,358
,372
,360
,348
,359
,363
,353
,352
,361
,357
,343
,351
,360
2026 05 14 14:38:14.238844,356
,347
,362
,372
,359
,355
,363
,365
,353
,354
,367
,355
,346
,362
2026 05 14 14:38:14.300093,372
,350
,349
,349
,356
,342
,345
,353
,351
,344
,352
,362
,351
,344
2026 05 14 14:38:14.364331,351
,351
,340
,339
,354
,354
,341
,348
,361
,354
,345
,361
,375
,368
2026 05 14 14:38:14.427238,360
,361
,347
,338
,341
,351
,344
,327
,341
,355
,340
,330
,368
,377
2026 05 14 14:38:14.488339,366
,364
,365
,366
,353
,355
,355
,343
,338
,347
,352
,338
,336
,352
2026 05 14 14:38:14.554137,356
,345
,352
,365
,352
,343
,350
,352
,345
,356
,377
,371
,355
,352
2026 05 14 14:38:14.614961,357
,349
,337
,336
,348
,342
,337
,351
,354
,342
,340
,354
,349
,336
2026 05 14 14:38:14.681158,343
,359
,352
,346
,358
,363
,345
,341
,353
,350
,334
,336
,351
,344
2026 05 14 14:38:14.742595,340
,352
,362
,348
,347
,359
,363
,350
,355
,370
,362
,352
,346
,342
2026 05 14 14:38:14.803378,332
,329
,341
,343
,333
,342
,356
,348
,343
,355
,368
,356
,349
,364
2026 05 14 14:38:14.868744,363
,351
,345
,362
,362
,332
,330
,350
,341
,341
,354
,356
,341
,340
2026 05 14 14:38:14.931120,351
,351
,342
,345
,362
,357
,353
,363
,363
,339
,333
,350
,350
,342
2026 05 14 14:38:14.996429,340
,353
,346
,336
,345
,355
,343
,334
,355
,367
,357
,354
,363
,362
2026 05 14 14:38:15.058029,348
,352
,361
,347
,338
,349
,359
,342
,335
,348
,349
,335
,342
,352
2026 05 14 14:38:15.120129,347
,348
,355
,371
,350
,335
,349
,357
,344
,343
,350
,348
,338
,348
2026 05 14 14:38:15.184843,358
,348
,340
,355
,367
,342
,336
,348
,351
,339
,345
,360
,350
,339
2026 05 14 14:38:15.245785,350
,362
,348
,336
,352
,356
,343
,339
,354
,350
,342
,353
,362
,345
2026 05 14 14:38:15.311601,337
,353
,358
,346
,352
,370
,369
,341
,337
,352
,345
,345
,347
,349
2026 05 14 14:38:15.373252,336
,337
,352
,352
,335
,342
,359
,340
,331
,336
,350
,334
,331
,348
2026 05 14 14:38:15.434080,356
,345
,346
,353
,343
,334
,343
,356
,344
,340
,356
,362
,346
,341
2026 05 14 14:38:15.499744,357
,355
,343
,344
,361
,353
,356
,368
,364
,355
,346
,360
,365
,356
2026 05 14 14:38:15.561291,364
,362
,344
,337
,351
,363
,350
,344
,356
,361
,346
,350
,366
,349
2026 05 14 14:38:15.627069,341
,349
,358
,340
,335
,347
,354
,344
,349
,371
,365
,357
,365
,371
2026 05 14 14:38:15.688633,359
,348
,363
,370
,351
,343
,359
,364
,351
,353
,363
,355
,345
,354
2026 05 14 14:38:15.749316,352
,348
,344
,360
,364
,349
,353
,369
,355
,342
,354
,361
,356
,346
2026 05 14 14:38:15.815166,356
,370
,359
,349
,363
,360
,350
,359
,367
,357
,350
,362
,365
,344
2026 05 14 14:38:15.876216,339
,348
,353
,341
,346
,365
,361
,352
,365
,377
,359
,345
,356
,360
2026 05 14 14:38:15.941080,347
,341
,362
,359
,355
,364
,370
,358
,349
,372
,375
,357
,354
,365
2026 05 14 14:38:16.003714,355
,340
,353
,364
,351
,347
,359
,373
,352
,348
,356
,363
,352
,354
2026 05 14 14:38:16.065340,355
,347
,346
,354
,367
,349
,342
,356
,361
,352
,355
,369
,367
,360
2026 05 14 14:38:16.131187,358
,376
,342
,325
,347
,348
,342
,341
,355
,355
,343
,354
,368
,359
2026 05 14 14:38:16.191219,347
,351
,356
,341
,336
,350
,354
,349
,359
,366
,349
,338
,349
,355
2026 05 14 14:38:16.257927,333
,334
,352
,355
,343
,341
,358
,356
,338
,342
,356
,348
,337
,354
2026 05 14 14:38:16.319483,367
,353
,358
,361
,356
,339
,344
,358
,346
,339
,354
,362
,346
,339
2026 05 14 14:38:16.380828,349
,353
,342
,343
,354
,351
,342
,353
,358
,343
,339
,356
,363
,346
2026 05 14 14:38:16.446325,342
,355
,356
,348
,359
,367
,351
,342
,352
,348
,342
,344
,357
,352
2026 05 14 14:38:16.507930,355
,356
,366
,353
,345
,352
,362
,342
,335
,351
,356
,349
,356
,367
2026 05 14 14:38:16.573079,345
,330
,349
,359
,346
,342
,355
,362
,347
,350
,358
,355
,347
,349
2026 05 14 14:38:16.634754,362
,357
,348
,354
,359
,350
,345
,357
,345
,334
,334
,347
,336
,331
2026 05 14 14:38:16.696346,344
,349
,338
,332
,341
,346
,337
,342
,352
,344
,334
,342
,355
,348
2026 05 14 14:38:16.761823,344
,355
,359
,342
,331
,345
,342
,333
,348
,362
,347
,338
,355
,362
2026 05 14 14:38:16.823400,348
,346
,358
,358
,343
,351
,363
,355
,342
,351
,359
,344
,338
,357
2026 05 14 14:38:16.887895,361
,350
,358
,363
,352
,349
,353
,362
,349
,347
,360
,356
,337
,335
2026 05 14 14:38:16.950175,348
,347
,337
,338
,347
,340
,337
,354
,358
,354
,354
,367
,362
,345
2026 05 14 14:38:17.011665,354
,365
,359
,350
,359
,360
,347
,348
,358
,361
,352
,355
,367
,362
2026 05 14 14:38:17.077184,352
,354
,357
,340
,332
,344
,347
,338
,341
,357
,355
,349
,350
,365
2026 05 14 14:38:17.139309,351
,345
,356
,363
,339
,332
,343
,347
,338
,344
,359
,353
,342
,354
2026 05 14 14:38:17.203711,360
,344
,337
,345
,345
,331
,333
,361
,359
,348
,354
,366
,355
,348
2026 05 14 14:38:17.265306,350
,364
,340
,339
,353
,351
,340
,351
,362
,357
,344
,353
,365
,353
2026 05 14 14:38:17.326723,349
,360
,353
,335
,335
,344
,335
,330
,345
,358
,345
,336
,353
,359
2026 05 14 14:38:17.392919,342
,349
,366
,355
,342
,341
,357
,351
,340
,349
,359
,341
,343
,357
2026 05 14 14:38:17.455262,355
,345
,347
,361
,347
,337
,353
,362
,334
,328
,342
,356
,349
,354
2026 05 14 14:38:17.516934,369
,351
,339
,351
,355
,342
,339
,354
,353
,341
,346
,363
,361
,341
2026 05 14 14:38:17.581010,348
,359
,347
,344
,348
,358
,351
,356
,362
,355
,339
,350
,363
,353
2026 05 14 14:38:17.642408,343
,349
,354
,341
,340
,351
,350
,342
,349
,361
,351
,339
,344
,350
2026 05 14 14:38:17.707642,340
,343
,360
,363
,345
,352
,361
,347
,330
,337
,355
,347
,338
,352
2026 05 14 14:38:17.769465,359
,347
,349
,364
,363
,353
,353
,360
,353
,345
,359
,358
,335
,348
2026 05 14 14:38:17.831442,360
,358
,350
,354
,367
,358
,348
,359
,364
,352
,341
,352
,362
,353
2026 05 14 14:38:17.896405,355
,358
,354
,343
,349
,360
,351
,346
,356
,368
,352
,341
,349
,351
2026 05 14 14:38:17.957022,339
,345
,358
,350
,342
,353
,358
,347
,340
,355
,358
,339
,340
,360
2026 05 14 14:38:18.023232,349
,342
,346
,350
,345
,346
,366
,366
,333
,337
,354
,348
,338
,350
2026 05 14 14:38:18.085559,361
,346
,334
,346
,355
,343
,334
,349
,353
,351
,362
,378
,361
,334
2026 05 14 14:38:18.145785,340
,352
,340
,335
,352
,354
,344
,348
,363
,357
,347
,344
,353
,340
2026 05 14 14:38:18.210824,333
,348
,348
,341
,346
,351
,348
,349
,362
,376
,355
,332
,343
,352
2026 05 14 14:38:18.272759,342
,338
,352
,350
,335
,341
,351
,338
,337
,350
,365
,347
,347
,363
2026 05 14 14:38:18.338282,358
,346
,345
,356
,347
,333
,348
,360
,349
,340
,353
,364
,335
,340
2026 05 14 14:38:18.399420,356
,347
,336
,346
,358
,348
,337
,341
,356
,346
,347
,362
,353
,341
2026 05 14 14:38:18.461347,350
,363
,354
,348
,362
,369
,358
,344
,355
,342
,330
,332
,350
,347
2026 05 14 14:38:18.527986,336
,349
,360
,344
,338
,353
,353
,342
,345
,356
,352
,346
,356
,369
2026 05 14 14:38:18.587788,360
,350
,356
,360
,342
,343
,354
,354
,336
,346
,360
,349
,344
,352
2026 05 14 14:38:18.653713,355
,345
,339
,349
,352
,341
,346
,357
,341
,333
,350
,364
,350
,345
2026 05 14 14:38:18.714838,358
,368
,352
,350
,359
,363
,347
,350
,362
,353
,341
,343
,361
,349
2026 05 14 14:38:18.776745,348
,353
,345
,335
,349
,362
,348
,343
,353
,359
,346
,336
,359
,363
2026 05 14 14:38:18.842659,358
,361
,371
,370
,350
,351
,355
,339
,333
,349
,352
,341
,336
,346
2026 05 14 14:38:18.903680,345
,340
,343
,351
,350
,342
,350
,360
,354
,347
,356
,356
,341
,349
2026 05 14 14:38:18.969404,358
,352
,342
,354
,364
,355
,345
,367
,360
,344
,347
,369
,359
,344
2026 05 14 14:38:19.030841,353
,357
,343
,333
,347
,356
,344
,350
,359
,357
,340
,349
,353
,347
2026 05 14 14:38:19.091212,339
,342
,355
,340
,336
,359
,363
,348
,347
,359
,348
,338
,348
,352
2026 05 14 14:38:19.157875,339
,340
,353
,348
,336
,342
,362
,362
,341
,350
,359
,348
,339
,356
2026 05 14 14:38:19.218867,363
,345
,348
,349
,342
,333
,344
,361
,357
,353
,364
,360
,351
,355
2026 05 14 14:38:19.284700,372
,361
,347
,351
,364
,351
,342
,346
,354
,347
,341
,354
,353
,337
2026 05 14 14:38:19.346202,339
,358
,347
,338
,352
,360
,344
,344
,361
,364
,359
,359
,369
,357
2026 05 14 14:38:19.407197,346
,359
,369
,348
,337
,354
,367
,354
,355
,372
,356
,335
,338
,351
2026 05 14 14:38:19.473255,343
,336
,349
,356
,337
,330
,349
,356
,345
,351
,362
,353
,344
,357
2026 05 14 14:38:19.534839,372
,350
,345
,359
,358
,344
,345
,359
,352
,341
,350
,364
,357
,350
2026 05 14 14:38:19.599256,370
,377
,360
,356
,353
,336
,324
,334
,351
,344
,334
,348
,366
,350
2026 05 14 14:38:19.661686,343
,357
,355
,342
,342
,365
,373
,360
,372
,367
,340
,336
,351
,359
2026 05 14 14:38:19.722990,349
,351
,357
,352
,342
,354
,366
,345
,335
,350
,355
,339
,340
,350
2026 05 14 14:38:19.788637,353
,342
,348
,363
,362
,340
,355
,377
,364
,346
,354
,354
,342
,343
2026 05 14 14:38:19.851823,356
,352
,342
,354
,365
,347
,339
,353
,360
,348
,344
,361
,354
,336
2026 05 14 14:38:19.916706,349
,364
,356
,348
,367
,381
,348
,335
,346
,345
,335
,343
,352
,346
2026 05 14 14:38:19.977734,346
,358
,366
,345
,338
,356
,365
,346
,354
,356
,346
,337
,347
,354
2026 05 14 14:38:20.037862,343
,339
,352
,355
,349
,354
,367
,362
,352
,348
,352
,342
,326
,341
2026 05 14 14:38:20.103813,350
,334
,333
,349
,358
,343
,344
,358
,359
,344
,351
,363
,340
,337
2026 05 14 14:38:20.165066,346
,350
,339
,342
,356
,345
,332
,343
,355
,348
,348
,354
,364
,338
2026 05 14 14:38:20.231291,334
,352
,347
,339
,347
,354
,346
,334
,347
,358
,347
,346
,359
,352
2026 05 14 14:38:20.292916,337
,342
,345
,340
,338
,355
,362
,354
,348
,357
,359
,342
,342
,352
2026 05 14 14:38:20.353762,349
,329
,339
,355
,347
,341
,361
,367
,350
,351
,364
,361
,343
,343
2026 05 14 14:38:20.418788,355
,336
,329
,341
,353
,342
,339
,351
,352
,351
,350
,360
,355
,347
2026 05 14 14:38:20.481352,360
,372
,351
,341
,354
,364
,342
,334
,354
,350
,338
,345
,358
,348
2026 05 14 14:38:20.546910,340
,352
,355
,335
,332
,339
,345
,347
,353
,365
,355
,342
,354
,373
2026 05 14 14:38:20.607847,352
,336
,349
,345
,333
,340
,355
,346
,337
,346
,365
,354
,339
,345
2026 05 14 14:38:20.668755,349
,345
,346
,363
,349
,326
,340
,344
,343
,330
,338
,338
,323
,325
2026 05 14 14:38:20.735630,344
,347
,332
,340
,354
,343
,328
,339
,348
,339
,338
,351
,354
,338
2026 05 14 14:38:20.796529,335
,346
,332
,331
,341
,354
,344
,340
,353
,352
,341
,348
,365
,358
2026 05 14 14:38:20.861932,345
,350
,370
,360
,340
,342
,351
,345
,347
,367
,359
,337
,343
,359
2026 05 14 14:38:20.923168,347
,337
,340
,352
,345
,349
,364
,365
,352
,355
,362
,354
,344
,357
2026 05 14 14:38:20.984231,369
,359
,345
,357
,362
,350
,353
,367
,355
,340
,344
,354
,350
,345
2026 05 14 14:38:21.049792,352
,362
,359
,352
,366
,362
,353
,362
,370
,356
,346
,363
,360
,344
2026 05 14 14:38:21.111685,336
,347
,352
,341
,337
,347
,356
,346
,360
,366
,346
,341
,353
,353
2026 05 14 14:38:21.177021,338
,349
,365
,357
,344
,354
,364
,352
,346
,354
,359
,342
,343
,365
2026 05 14 14:38:21.238548,364
,340
,341
,346
,338
,336
,347
,356
,345
,338
,354
,357
,337
,339
2026 05 14 14:38:21.299363,346
,352
,347
,354
,362
,348
,338
,357
,365
,350
,342
,356
,343
,332
2026 05 14 14:38:21.364860,343
,358
,344
,338
,351
,358
,353
,343
,350
,352
,343
,358
,366
,344
2026 05 14 14:38:21.426098,332
,347
,352
,347
,340
,353
,354
,346
,354
,367
,362
,347
,355
,361
2026 05 14 14:38:21.488588,350
,344
,358
,364
,345
,340
,365
,355
,344
,353
,364
,355
,344
,357
2026 05 14 14:38:21.553893,364
,348
,344
,360
,353
,340
,345
,357
,351
,344
,353
,366
,360
,348
2026 05 14 14:38:21.615059,357
,359
,346
,352
,359
,344
,333
,346
,356
,342
,337
,356
,364
,350
2026 05 14 14:38:21.680189,347
,366
,359
,348
,369
,375
,356
,344
,361
,373
,360
,344
,355
,358
2026 05 14 14:38:21.742910,352
,355
,367
,354
,342
,353
,364
,352
,350
,367
,369
,356
,356
,360
2026 05 14 14:38:21.803781,356
,347
,355
,352
,350
,353
,360
,364
,354
,355
,372
,362
,349
,356
2026 05 14 14:38:21.869599,369
,356
,350
,363
,367
,351
,341
,351
,348
,344
,356
,367
,362
,349
2026 05 14 14:38:21.930490,360
,368
,350
,344
,358
,365
,351
,352
,358
,347
,344
,352
,365
,351
2026 05 14 14:38:21.996667,348
,358
,371
,353
,342
,363
,368
,358
,350
,353
,345
,336
,341
,358
2026 05 14 14:38:22.058550,347
,348
,358
,367
,349
,350
,360
,352
,346
,352
,357
,346
,338
,356
2026 05 14 14:38:22.119092,357
,356
,364
,383
,360
,338
,353
,357
,336
,334
,350
,358
,346
,346
2026 05 14 14:38:22.184598,363
,364
,350
,354
,368
,355
,339
,355
,364
,348
,344
,365
,373
,346
2026 05 14 14:38:22.246180,341
,349
,351
,341
,352
,365
,351
,343
,360
,360
,347
,346
,360
,352
2026 05 14 14:38:22.311630,341
,353
,364
,359
,347
,365
,373
,348
,346
,368
,362
,342
,347
,349
2026 05 14 14:38:22.373318,338
,334
,354
,358
,360
,356
,368
,368
,358
,359
,367
,348
,344
,355
2026 05 14 14:38:22.434860,359
,350
,345
,360
,363
,341
,348
,366
,350
,335
,341
,348
,332
,321
2026 05 14 14:38:22.499933,335
,346
,328
,318
,344
,343
,339
,348
,361
,350
,336
,349
,362
,349
2026 05 14 14:38:22.560806,342
,352
,350
,339
,347
,366
,357
,343
,350
,357
,335
,337
,356
,366
2026 05 14 14:38:22.627438,351
,357
,371
,366
,353
,367
,373
,360
,349
,354
,360
,348
,347
,364
2026 05 14 14:38:22.688725,360
,345
,349
,363
,356
,344
,344
,357
,353
,347
,363
,360
,350
,351
2026 05 14 14:38:22.749738,365
,353
,341
,352
,361
,345
,341
,352
,349
,336
,341
,357
,351
,335
2026 05 14 14:38:22.815175,352
,366
,349
,349
,357
,364
,354
,349
,360
,355
,344
,351
,365
,354
2026 05 14 14:38:22.876244,344
,355
,360
,345
,335
,355
,356
,342
,345
,358
,350
,352
,354
,372
2026 05 14 14:38:22.942584,364
,354
,363
,362
,344
,344
,356
,354
,348
,358
,374
,360
,346
,352
2026 05 14 14:38:23.003819,368
,356
,339
,358
,353
,339
,346
,357
,346
,341
,353
,363
,350
,351
2026 05 14 14:38:23.064666,367
,369
,358
,361
,373
,363
,350
,353
,358
,340
,331
,348
,362
,350
2026 05 14 14:38:23.129916,350
,359
,353
,356
,368
,380
,366
,340
,347
,355
,341
,338
,356
,355
2026 05 14 14:38:23.192289,346
,353
,371
,360
,348
,363
,377
,355
,344
,355
,354
,339
,347
,361
2026 05 14 14:38:23.256879,343
,335
,353
,366
,353
,343
,361
,364
,345
,339
,355
,356
,348
,354
2026 05 14 14:38:23.319299,367
,357
,347
,363
,366
,347
,349
,362
,354
,340
,348
,361
,355
,342
2026 05 14 14:38:23.380742,352
,366
,352
,350
,363
,364
,354
,354
,365
,359
,343
,348
,367
,362
2026 05 14 14:38:23.446139,350
,366
,363
,345
,357
,369
,359
,347
,356
,365
,349
,338
,349
,354
2026 05 14 14:38:23.507603,340
,343
,358
,358
,350
,355
,370
,362
,349
,361
,365
,348
,351
,349
2026 05 14 14:38:23.573103,349
,343
,351
,362
,347
,336
,351
,361
,348
,347
,361
,365
,351
,353
2026 05 14 14:38:23.634563,356
,355
,348
,359
,376
,357
,338
,352
,359
,356
,355
,356
,352
,341
2026 05 14 14:38:23.695802,347
,358
,347
,341
,362
,369
,352
,347
,358
,350
,347
,360
,369
,352
2026 05 14 14:38:23.761580,340
,356
,358
,347
,335
,347
,356
,351
,351
,363
,362
,349
,357
,364
2026 05 14 14:38:23.823215,351
,344
,359
,358
,345
,348
,362
,364
,350
,361
,371
,364
,354
,358
2026 05 14 14:38:23.888127,369
,356
,347
,357
,362
,353
,346
,366
,364
,354
,366
,373
,368
,354
2026 05 14 14:38:23.949979,358
,356
,342
,347
,367
,362
,349
,344
,356
,349
,341
,352
,363
,348
2026 05 14 14:38:24.011525,343
,350
,344
,342
,354
,359
,354
,341
,356
,357
,344
,345
,360
,361
2026 05 14 14:38:24.077038,346
,354
,368
,347
,332
,345
,352
,341
,347
,357
,353
,341
,340
,354
2026 05 14 14:38:24.138150,353
,335
,342
,349
,337
,338
,348
,356
,342
,347
,362
,368
,350
,350
2026 05 14 14:38:24.203766,356
,357
,348
,365
,374
,355
,349
,350
,357
,348
,343
,355
,344
,341
2026 05 14 14:38:24.264841,356
,371
,358
,350
,363
,362
,348
,342
,358
,350
,343
,348
,365
,355
2026 05 14 14:38:24.326421,348
,359
,362
,349
,348
,353
,350
,341
,347
,348
,332
,322
,345
,359
2026 05 14 14:38:24.392333,350
,346
,359
,363
,350
,357
,366
,351
,341
,348
,361
,343
,338
,356
2026 05 14 14:38:24.453733,357
,352
,355
,365
,352
,344
,361
,370
,350
,335
,344
,349
,343
,349
2026 05 14 14:38:24.519995,360
,356
,338
,345
,357
,349
,341
,351
,361
,342
,337
,355
,356
,335
2026 05 14 14:38:24.581384,336
,360
,349
,340
,347
,352
,342
,332
,342
,355
,339
,334
,349
,347
2026 05 14 14:38:24.642269,337
,346
,364
,351
,335
,353
,363
,335
,330
,345
,330
,320
,325
,337
2026 05 14 14:38:24.708007,334
,325
,340
,353
,344
,337
,350
,356
,348
,352
,361
,347
,333
,339
2026 05 14 14:38:24.769086,347
,336
,333
,357
,358
,336
,334
,337
,334
,330
,341
,354
,338
,330
2026 05 14 14:38:24.834832,338
,345
,332
,330
,345
,346
,344
,350
,363
,351
,340
,347
,360
,346
2026 05 14 14:38:24.896635,345
,351
,359
,352
,352
,369
,358
,335
,340
,353
,346
,336
,345
,352
2026 05 14 14:38:24.957017,346
,345
,356
,344
,327
,333
,352
,348
,342
,366
,369
,360
,363
,366
2026 05 14 14:38:25.023222,357
,343
,347
,356
,346
,335
,349
,363
,351
,345
,357
,360
,343
,346
2026 05 14 14:38:25.084526,354
,347
,339
,344
,348
,332
,322
,336
,347
,334
,339
,339
,336
,328
2026 05 14 14:38:25.151388,332
,347
,339
,328
,343
,355
,341
,336
,353
,351
,337
,344
,355
,348
2026 05 14 14:38:25.211919,344
,349
,357
,350
,334
,354
,354
,342
,351
,370
,356
,343
,348
,361
2026 05 14 14:38:25.272569,344
,339
,351
,356
,344
,345
,355
,353
,343
,352
,365
,349
,341
,355
2026 05 14 14:38:25.338533,360
,347
,347
,355
,349
,335
,340
,358
,346
,339
,350
,359
,345
,347
2026 05 14 14:38:25.399684,368
,363
,342
,352
,369
,359
,342
,351
,363
,346
,340
,355
,352
,340
2026 05 14 14:38:25.465146,344
,361
,355
,341
,348
,359
,348
,341
,354
,354
,341
,334
,355
,353
2026 05 14 14:38:25.526917,341
,346
,358
,349
,336
,348
,355
,354
,354
,364
,364
,352
,345
,357
2026 05 14 14:38:25.587968,361
,360
,368
,388
,363
,343
,351
,355
,346
,342
,358
,357
,343
,343
2026 05 14 14:38:25.653947,363
,353
,344
,357
,366
,348
,353
,369
,359
,342
,352
,369
,356
,342
2026 05 14 14:38:25.714731,359
,367
,353
,347
,359
,362
,354
,362
,369
,355
,335
,343
,356
,343
2026 05 14 14:38:25.777498,334
,350
,362
,352
,348
,361
,348
,335
,347
,359
,342
,327
,349
,367
2026 05 14 14:38:25.842392,354
,342
,348
,345
,334
,352
,360
,348
,339
,345
,358
,339
,334
,354
2026 05 14 14:38:25.903712,354
,338
,344
,351
,344
,323
,341
,357
,341
,320
,344
,353
,337
,337
2026 05 14 14:38:25.969374,355
,344
,342
,353
,367
,357
,348
,351
,351
,337
,342
,363
,371
,352
2026 05 14 14:38:26.030528,345
,357
,348
,338
,343
,353
,344
,341
,358
,353
,362
,362
,371
,352
2026 05 14 14:38:26.090903,338
,352
,373
,358
,349
,360
,369
,359
,353
,361
,353
,344
,359
,382
2026 05 14 14:38:26.157749,383
,395
,391
,374
,353
,320
,320
,331
,325
,337
,353
,352
,342
,352
2026 05 14 14:38:26.218572,362
,346
,342
,355
,358
,350
,359
,378
,360
,330
,328
,376
,384
,358
2026 05 14 14:38:26.284597,366
,358
,346
,343
,348
,352
,348
,362
,379
,386
,389
,395
,358
,330
2026 05 14 14:38:26.346840,329
,347
,353
,319
,316
,337
,336
,341
,360
,369
,344
,333
,358
,376
2026 05 14 14:38:26.407044,366
,356
,358
,346
,339
,350
,363
,338
,327
,338
,352
,344
,349
,365
2026 05 14 14:38:26.473512,360
,350
,366
,390
,385
,366
,345
,340
,336
,353
,363
,338
,314
,320
2026 05 14 14:38:26.534570,332
,327
,325
,340
,352
,339
,338
,353
,353
,341
,341
,357
,346
,345
2026 05 14 14:38:26.599937,359
,374
,361
,341
,352
,370
,355
,348
,360
,360
,352
,361
,365
,358
2026 05 14 14:38:26.661442,347
,356
,373
,368
,376
,396
,371
,330
,329
,347
,337
,328
,331
,347
2026 05 14 14:38:26.722498,344
,343
,357
,367
,348
,352
,373
,378
,360
,344
,348
,339
,329
,344
2026 05 14 14:38:26.788492,352
,343
,347
,367
,363
,340
,338
,355
,348
,339
,352
,368
,354
,345
2026 05 14 14:38:26.849687,363
,367
,354
,358
,380
,366
,351
,350
,358
,358
,357
,367
,352
,319
2026 05 14 14:38:26.915231,319
,343
,341
,332
,343
,361
,348
,341
,368
,381
,350
,347
,350
,339
2026 05 14 14:38:26.976845,330
,340
,359
,348
,341
,356
,364
,341
,340
,355
,359
,350
,356
,366
2026 05 14 14:38:27.037539,363
,354
,362
,368
,351
,356
,376
,387
,366
,338
,330
,320
,316
,330
2026 05 14 14:38:27.103302,345
,338
,333
,348
,359
,348
,341
,364
,380
,375
,382
,360
,334
,325
2026 05 14 14:38:27.164920,336
,349
,339
,336
,350
,349
,337
,339
,357
,352
,341
,350
,367
,352
2026 05 14 14:38:27.230735,345
,352
,354
,351
,357
,365
,361
,350
,358
,376
,346
,338
,360
,365
2026 05 14 14:38:27.292560,354
,352
,360
,350
,333
,339
,354
,347
,340
,348
,353
,344
,338
,358
2026 05 14 14:38:27.353356,359
,349
,351
,370
,367
,356
,369
,385
,344
,322
,347
,361
,347
,334
2026 05 14 14:38:27.419353,346
,345
,331
,341
,354
,347
,338
,353
,360
,351
,337
,346
,354
,352
2026 05 14 14:38:27.482727,352
,363
,358
,356
,374
,372
,353
,334
,357
,358
,344
,348
,359
,349
2026 05 14 14:38:27.547060,337
,347
,358
,347
,340
,356
,359
,340
,344
,359
,367
,362
,383
,390
2026 05 14 14:38:27.608034,346
,334
,344
,354
,337
,329
,348
,350
,341
,345
,357
,353
,350
,357
2026 05 14 14:38:27.668753,363
,351
,347
,356
,363
,351
,368
,394
,393
,371
,357
,342
,320
,319
2026 05 14 14:38:27.734483,340
,352
,339
,342
,355
,356
,344
,355
,370
,347
,331
,345
,363
,355
2026 05 14 14:38:27.795396,355
,374
,372
,349
,349
,368
,357
,343
,354
,369
,349
,340
,359
,363
2026 05 14 14:38:27.862382,352
,352
,366
,358
,345
,353
,366
,347
,341
,361
,370
,355
,357
,375
2026 05 14 14:38:27.923138,360
,347
,354
,379
,365
,355
,363
,371
,346
,337
,360
,356
,339
,355
2026 05 14 14:38:27.984129,372
,372
,354
,344
,352
,337
,323
,334
,346
,339
,343
,352
,347
,336
2026 05 14 14:38:28.049826,345
,355
,338
,325
,338
,347
,333
,330
,339
,347
,337
,346
,341
,319
2026 05 14 14:38:28.111218,313
,331
,349
,336
,338
,356
,351
,330
,336
,354
,339
,321
,339
,355
2026 05 14 14:38:28.176095,347
,336
,357
,359
,329
,330
,350
,349
,347
,353
,362
,352
,344
,358
2026 05 14 14:38:28.238446,361
,345
,343
,355
,349
,334
,340
,360
,346
,342
,352
,346
,331
,323
2026 05 14 14:38:28.299106,346
,345
,338
,343
,359
,342
,327
,342
,359
,342
,331
,346
,353
,342
2026 05 14 14:38:28.364634,345
,351
,350
,334
,344
,348
,336
,334
,346
,347
,328
,325
,340
,336
2026 05 14 14:38:28.426922,332
,351
,362
,343
,333
,354
,363
,359
,350
,360
,365
,350
,355
,368
2026 05 14 14:38:28.492812,337
,329
,353
,360
,349
,349
,345
,346
,336
,352
,371
,357
,335
,340
2026 05 14 14:38:28.553596,365
,351
,342
,362
,373
,349
,353
,371
,365
,344
,362
,370
,349
,337
2026 05 14 14:38:28.615125,363
,366
,350
,349
,356
,359
,349
,360
,377
,361
,348
,360
,369
,345
2026 05 14 14:38:28.680542,357
,387
,375
,351
,361
,378
,360
,343
,356
,371
,358
,351
,361
,371
2026 05 14 14:38:28.742181,354
,354
,370
,366
,353
,360
,363
,346
,345
,369
,387
,372
,355
,357
2026 05 14 14:38:28.807659,366
,354
,347
,365
,360
,351
,353
,361
,350
,343
,361
,365
,364
,377
2026 05 14 14:38:28.869213,388
,379
,345
,333
,351
,348
,330
,350
,356
,351
,349
,362
,355
,345
2026 05 14 14:38:28.930528,342
,357
,344
,332
,349
,363
,340
,344
,369
,376
,357
,346
,370
,360
2026 05 14 14:38:28.996287,345
,341
,350
,334
,331
,340
,347
,329
,337
,355
,346
,340
,348
,370
2026 05 14 14:38:29.056937,348
,335
,354
,366
,343
,330
,344
,345
,332
,339
,355
,340
,334
,349
2026 05 14 14:38:29.123064,359
,348
,347
,361
,357
,345
,335
,348
,337
,328
,343
,352
,336
,331
2026 05 14 14:38:29.184295,345
,352
,337
,340
,358
,350
,336
,347
,362
,351
,341
,357
,367
,350
2026 05 14 14:38:29.245297,337
,346
,338
,314
,329
,346
,335
,323
,338
,350
,347
,342
,355
,356
2026 05 14 14:38:29.311506,348
,349
,356
,341
,330
,350
,358
,347
,334
,347
,348
,333
,334
,345
2026 05 14 14:38:29.373111,341
,329
,338
,356
,343
,328
,343
,355
,343
,340
,352
,349
,335
,344
2026 05 14 14:38:29.433504,359
,351
,345
,353
,367
,346
,344
,361
,360
,344
,343
,344
,339
,332
2026 05 14 14:38:29.499805,339
,353
,342
,347
,360
,366
,348
,349
,357
,354
,341
,354
,381
,362
2026 05 14 14:38:29.560652,353
,365
,364
,337
,332
,348
,347
,332
,341
,362
,353
,338
,350
,368
2026 05 14 14:38:29.625872,357
,345
,360
,358
,346
,351
,373
,362
,341
,352
,361
,350
,334
,351
2026 05 14 14:38:29.688405,356
,335
,332
,350
,347
,341
,351
,363
,341
,327
,346
,353
,338
,342
2026 05 14 14:38:29.750007,366
,371
,343
,345
,356
,339
,318
,329
,348
,339
,337
,354
,357
,338
2026 05 14 14:38:29.814686,341
,351
,346
,333
,352
,364
,342
,335
,354
,367
,359
,365
,370
,366
2026 05 14 14:38:29.876436,351
,342
,355
,342
,331
,344
,347
,333
,330
,348
,349
,342
,347
,363
2026 05 14 14:38:29.941640,353
,335
,346
,360
,343
,338
,362
,366
,359
,359
,360
,343
,331
,346
2026 05 14 14:38:30.003193,358
,345
,337
,356
,361
,344
,350
,368
,366
,346
,354
,371
,340
,326
2026 05 14 14:38:30.064636,344
,357
,344
,342
,355
,350
,341
,348
,356
,340
,332
,354
,375
,357
2026 05 14 14:38:30.130562,352
,366
,376
,353
,351
,370
,363
,347
,358
,369
,354
,345
,355
,361
2026 05 14 14:38:30.191159,337
,337
,357
,350
,335
,349
,369
,363
,356
,370
,368
,350
,349
,364
2026 05 14 14:38:30.257569,359
,339
,350
,367
,355
,344
,362
,371
,347
,334
,352
,355
,345
,350
2026 05 14 14:38:30.319064,358
,356
,343
,351
,362
,350
,339
,357
,360
,342
,346
,371
,359
,350
2026 05 14 14:38:30.379883,361
,367
,344
,333
,354
,365
,355
,351
,366
,360
,348
,349
,360
,345
2026 05 14 14:38:30.445763,334
,347
,365
,351
,348
,363
,368
,351
,351
,364
,351
,338
,353
,356
2026 05 14 14:38:30.507676,346
,340
,351
,356
,344
,342
,361
,358
,349
,361
,373
,350
,338
,362
2026 05 14 14:38:30.572842,370
,355
,353
,366
,366
,353
,359
,370
,356
,343
,353
,362
,341
,334
2026 05 14 14:38:30.634462,356
,355
,334
,350
,372
,365
,352
,365
,378
,364
,347
,353
,359
,349
2026 05 14 14:38:30.695667,350
,365
,361
,332
,344
,363
,350
,344
,357
,369
,352
,344
,355
,354
2026 05 14 14:38:30.761399,340
,346
,358
,356
,345
,364
,353
,338
,341
,357
,363
,352
,346
,358
2026 05 14 14:38:30.822932,356
,339
,352
,364
,352
,341
,353
,363
,346
,343
,359
,357
,344
,351
2026 05 14 14:38:30.888614,370
,358
,343
,354
,373
,356
,353
,374
,367
,356
,354
,356
,350
,346
2026 05 14 14:38:30.948700,361
,361
,345
,345
,358
,359
,347
,346
,361
,352
,342
,352
,360
,348
2026 05 14 14:38:31.010670,339
,351
,353
,346
,346
,363
,360
,351
,352
,361
,341
,332
,351
,357
2026 05 14 14:38:31.076817,330
,337
,357
,355
,333
,326
,344
,340
,331
,344
,361
,346
,340
,356
2026 05 14 14:38:31.137701,360
,347
,347
,358
,343
,332
,342
,354
,343
,334
,355
,363
,340
,342
2026 05 14 14:38:31.203290,361
,352
,347
,353
,369
,360
,351
,360
,371
,353
,344
,363
,362
,352
2026 05 14 14:38:31.264424,358
,371
,358
,345
,352
,368
,354
,343
,353
,351
,343
,340
,354
,351
2026 05 14 14:38:31.325912,336
,352
,365
,352
,343
,345
,354
,342
,341
,357
,350
,336
,345
,364
2026 05 14 14:38:31.392631,349
,335
,353
,366
,353
,352
,362
,360
,336
,346
,367
,352
,336
,345
2026 05 14 14:38:31.452762,362
,349
,336
,350
,357
,344
,352
,366
,361
,344
,346
,362
,352
,342
2026 05 14 14:38:31.519492,358
,358
,342
,347
,370
,369
,347
,340
,360
,355
,340
,359
,367
,359
2026 05 14 14:38:31.580305,354
,362
,363
,351
,355
,371
,363
,348
,358
,368
,348
,339
,363
,364
2026 05 14 14:38:31.642460,348
,350
,372
,371
,348
,350
,365
,349
,337
,356
,365
,352
,351
,362
2026 05 14 14:38:31.707854,351
,338
,348
,368
,360
,347
,359
,369
,352
,348
,355
,358
,347
,352
2026 05 14 14:38:31.768584,360
,350
,327
,334
,350
,338
,336
,357
,362
,346
,351
,370
,358
,350
2026 05 14 14:38:31.834187,354
,361
,345
,334
,343
,349
,336
,334
,348
,345
,330
,343
,362
,350
2026 05 14 14:38:31.896304,336
,351
,365
,354
,350
,355
,354
,345
,339
,351
,340
,334
,352
,359
2026 05 14 14:38:31.957345,339
,340
,349
,355
,345
,348
,362
,357
,348
,353
,362
,347
,335
,345
2026 05 14 14:38:32.022606,358
,348
,342
,346
,343
,333
,341
,363
,350
,339
,358
,379
,364
,345
2026 05 14 14:38:32.083612,351
,345
,332
,340
,367
,352
,337
,351
,363
,347
,338
,360
,366
,355
2026 05 14 14:38:32.149820,354
,364
,363
,351
,365
,371
,338
,322
,352
,364
,350
,348
,356
,347
2026 05 14 14:38:32.211528,332
,339
,354
,346
,336
,347
,365
,355
,354
,377
,361
,334
,335
,351
2026 05 14 14:38:32.273822,336
,326
,337
,347
,337
,331
,349
,354
,344
,344
,363
,357
,344
,352
2026 05 14 14:38:32.338189,363
,360
,345
,352
,363
,351
,338
,346
,344
,334
,341
,358
,345
,340
2026 05 14 14:38:32.399239,359
,371
,353
,351
,350
,354
,347
,354
,367
,360
,344
,346
,346
,333
2026 05 14 14:38:32.464876,332
,354
,359
,344
,350
,366
,357
,340
,344
,355
,342
,342
,352
,357
2026 05 14 14:38:32.526777,348
,345
,353
,354
,339
,337
,354
,342
,331
,347
,364
,351
,347
,359
2026 05 14 14:38:32.587489,353
,336
,345
,363
,350
,340
,354
,360
,338
,327
,348
,352
,336
,340
2026 05 14 14:38:32.654232,355
,352
,346
,362
,372
,347
,335
,346
,355
,333
,332
,350
,346
,331
2026 05 14 14:38:32.715390,343
,364
,358
,351
,353
,365
,352
,355
,364
,365
,337
,337
,349
,339
2026 05 14 14:38:32.780484,330
,342
,355
,343
,332
,355
,369
,364
,362
,368
,362
,345
,356
,355
2026 05 14 14:38:32.841058,341
,337
,351
,362
,336
,329
,342
,340
,334
,339
,351
,342
,336
,351
2026 05 14 14:38:32.903551,360
,351
,348
,365
,361
,351
,341
,348
,343
,333
,342
,358
,340
,327
2026 05 14 14:38:32.969663,342
,345
,335
,345
,358
,351
,342
,353
,370
,353
,333
,346
,352
,336
2026 05 14 14:38:33.030952,334
,345
,340
,319
,329
,360
,352
,342
,360
,362
,343
,337
,354
,357
2026 05 14 14:38:33.095930,346
,346
,350
,346
,331
,341
,354
,336
,326
,349
,352
,335
,347
,374
2026 05 14 14:38:33.157730,370
,349
,345
,358
,341
,337
,352
,362
,345
,346
,361
,352
,337
,351
2026 05 14 14:38:33.218201,374
,356
,345
,359
,377
,360
,349
,360
,360
,344
,348
,357
,346
,339
2026 05 14 14:38:33.283524,347
,357
,344
,337
,362
,368
,352
,359
,378
,372
,347
,353
,368
,357
2026 05 14 14:38:33.345549,337
,345
,361
,350
,345
,352
,350
,342
,342
,367
,360
,349
,367
,372
2026 05 14 14:38:33.406812,350
,340
,361
,362
,347
,337
,356
,353
,336
,347
,356
,341
,330
,339
2026 05 14 14:38:33.473539,351
,341
,343
,356
,363
,354
,355
,356
,344
,333
,353
,353
,334
,337
2026 05 14 14:38:33.533572,356
,354
,336
,342
,362
,352
,341
,355
,368
,347
,335
,351
,358
,345
2026 05 14 14:38:33.600022,347
,361
,345
,334
,345
,366
,345
,333
,344
,355
,345
,346
,364
,359
2026 05 14 14:38:33.661730,342
,350
,360
,354
,338
,336
,354
,337
,326
,350
,359
,348
,350
,362
2026 05 14 14:38:33.722450,351
,345
,355
,370
,366
,344
,358
,357
,346
,344
,351
,340
,335
,349
2026 05 14 14:38:33.788566,351
,329
,329
,347
,358
,340
,333
,354
,356
,341
,351
,365
,350
,340
2026 05 14 14:38:33.849030,352
,364
,347
,343
,349
,350
,347
,352
,366
,353
,337
,343
,364
,356
2026 05 14 14:38:33.915292,358
,356
,353
,331
,332
,345
,335
,313
,328
,346
,331
,324
,333
,345
2026 05 14 14:38:33.976586,336
,337
,363
,366
,349
,343
,361
,351
,343
,350
,350
,336
,336
,350
2026 05 14 14:38:34.037949,351
,343
,346
,358
,352
,341
,356
,366
,347
,338
,354
,358
,351
,351
2026 05 14 14:38:34.103727,373
,358
,333
,337
,352
,347
,339
,350
,358
,343
,342
,356
,353
,339
2026 05 14 14:38:34.165135,353
,370
,361
,343
,342
,352
,347
,352
,376
,375
,354
,345
,355
,345
2026 05 14 14:38:34.230726,340
,357
,372
,359
,355
,367
,366
,346
,347
,363
,351
,348
,363
,369
2026 05 14 14:38:34.292549,355
,328
,345
,358
,341
,347
,358
,351
,340
,353
,366
,352
,340
,347
2026 05 14 14:38:34.352792,363
,350
,344
,360
,361
,347
,347
,371
,365
,343
,342
,360
,349
,335
2026 05 14 14:38:34.419101,347
,354
,338
,342
,359
,354
,343
,353
,359
,348
,345
,365
,383
,372
2026 05 14 14:38:34.479740,346
,346
,348
,338
,345
,359
,351
,345
,357
,368
,341
,331
,351
,360
2026 05 14 14:38:34.545416,353
,349
,360
,355
,340
,352
,346
,338
,331
,352
,368
,355
,348
,366
2026 05 14 14:38:34.607865,361
,342
,350
,362
,347
,337
,349
,361
,344
,340
,359
,359
,351
,354
2026 05 14 14:38:34.668453,371
,365
,346
,331
,343
,328
,327
,343
,344
,335
,340
,360
,356
,347
2026 05 14 14:38:34.734256,364
,378
,363
,356
,371
,375
,360
,362
,359
,350
,330
,345
,355
,345
2026 05 14 14:38:34.795340,339
,341
,348
,334
,333
,359
,359
,344
,355
,362
,353
,337
,352
,370
2026 05 14 14:38:34.861974,351
,326
,345
,356
,346
,349
,360
,352
,346
,354
,367
,354
,340
,351
2026 05 14 14:38:34.922861,364
,350
,356
,376
,369
,348
,353
,349
,325
,327
,346
,361
,348
,355
2026 05 14 14:38:34.984029,369
,367
,354
,358
,370
,351
,342
,350
,369
,356
,347
,361
,361
,345
2026 05 14 14:38:35.049730,343
,357
,352
,338
,348
,356
,341
,334
,349
,355
,342
,345
,353
,350
2026 05 14 14:38:35.111300,340
,349
,361
,350
,344
,362
,373
,363
,362
,365
,354
,328
,340
,351
2026 05 14 14:38:35.176512,341
,336
,346
,359
,346
,335
,352
,359
,343
,345
,364
,361
,344
,360
2026 05 14 14:38:35.238873,369
,358
,351
,360
,360
,346
,344
,362
,354
,343
,345
,363
,349
,331
2026 05 14 14:38:35.299631,345
,359
,347
,348
,366
,371
,355
,354
,366
,352
,336
,352
,365
,351
2026 05 14 14:38:35.365164,337
,354
,363
,340
,341
,357
,347
,335
,345
,358
,336
,336
,355
,364
2026 05 14 14:38:35.426927,353
,350
,363
,356
,333
,341
,357
,347
,338
,358
,370
,352
,349
,361
2026 05 14 14:38:35.492083,356
,338
,346
,364
,343
,333
,346
,358
,343
,333
,345
,350
,331
,337
2026 05 14 14:38:35.552815,358
,358
,346
,353
,366
,354
,346
,362
,350
,330
,332
,349
,342
,323
2026 05 14 14:38:35.615341,333
,344
,336
,331
,353
,365
,351
,352
,366
,367
,356
,357
,365
,355
2026 05 14 14:38:35.680723,344
,357
,368
,354
,350
,358
,355
,329
,325
,349
,346
,342
,363
,373
2026 05 14 14:38:35.741633,355
,344
,356
,367
,354
,351
,362
,354
,342
,349
,364
,353
,344
,361
2026 05 14 14:38:35.807515,367
,347
,342
,358
,359
,345
,352
,368
,363
,345
,346
,364
,354
,355
2026 05 14 14:38:35.869044,357
,357
,348
,338
,362
,360
,350
,351
,365
,350
,333
,347
,362
,346
2026 05 14 14:38:35.929677,349
,359
,350
,344
,354
,367
,349
,340
,351
,363
,345
,335
,358
,349
2026 05 14 14:38:35.995800,340
,332
,352
,346
,330
,346
,354
,338
,334
,348
,357
,347
,350
,365
2026 05 14 14:38:36.057101,356
,341
,352
,365
,352
,332
,350
,361
,341
,340
,354
,345
,334
,333
2026 05 14 14:38:36.122813,338
,334
,330
,350
,361
,353
,346
,360
,353
,339
,343
,358
,346
,339
2026 05 14 14:38:36.184277,351
,364
,351
,348
,368
,360
,343
,346
,362
,352
,335
,353
,362
,349
2026 05 14 14:38:36.245751,339
,359
,371
,350
,340
,359
,353
,340
,346
,358
,357
,347
,357
,370
2026 05 14 14:38:36.310489,352
,349
,360
,367
,343
,340
,357
,351
,339
,351
,359
,344
,333
,348
2026 05 14 14:38:36.372965,347
,337
,340
,355
,322
,284
,338
,376
,347
,340
,349
,353
,333
,340
2026 05 14 14:38:36.437858,356
,349
,340
,341
,355
,347
,343
,361
,363
,345
,331
,336
,333
,325
2026 05 14 14:38:36.499591,334
,320
,307
,331
,353
,363
,351
,344
,354
,355
,343
,337
,353
,348
2026 05 14 14:38:36.560800,334
,340
,353
,340
,334
,345
,352
,323
,320
,340
,357
,346
,371
,374
2026 05 14 14:38:36.626561,363
,347
,359
,366
,352
,344
,360
,362
,350
,351
,366
,360
,343
,354
2026 05 14 14:38:36.687278,369
,352
,340
,360
,366
,346
,342
,358
,357
,343
,352
,368
,353
,343
2026 05 14 14:38:36.753726,356
,368
,356
,349
,365
,367
,350
,358
,370
,356
,350
,361
,373
,360
2026 05 14 14:38:36.815269,351
,369
,379
,361
,346
,350
,351
,339
,350
,367
,354
,349
,358
,365
2026 05 14 14:38:36.875895,350
,349
,354
,338
,332
,375
,389
,368
,355
,360
,367
,356
,358
,372
2026 05 14 14:38:36.942672,369
,355
,354
,362
,353
,346
,357
,362
,354
,351
,363
,359
,350
,351
2026 05 14 14:38:37.002709,359
,354
,340
,354
,364
,359
,351
,359
,367
,353
,354
,371
,370
,353
2026 05 14 14:38:37.068945,349
,359
,350
,333
,348
,356
,344
,351
,362
,355
,333
,337
,360
,357
2026 05 14 14:38:37.129515,353
,364
,376
,359
,362
,371
,375
,359
,360
,357
,351
,343
,352
,362
2026 05 14 14:38:37.191142,349
,343
,355
,359
,349
,338
,351
,358
,354
,357
,368
,354
,346
,361
2026 05 14 14:38:37.257895,370
,349
,348
,364
,361
,346
,354
,364
,356
,349
,359
,368
,359
,352
2026 05 14 14:38:37.318051,361
,349
,340
,350
,362
,351
,338
,351
,368
,357
,352
,360
,363
,345
2026 05 14 14:38:37.384382,346
,360
,358
,346
,359
,371
,357
,341
,359
,369
,361
,362
,374
,357
2026 05 14 14:38:37.445802,342
,341
,354
,340
,335
,350
,355
,348
,350
,369
,362
,347
,351
,367
2026 05 14 14:38:37.506863,357
,344
,349
,364
,352
,343
,356
,362
,340
,341
,356
,357
,348
,353
2026 05 14 14:38:37.572811,363
,349
,335
,354
,362
,337
,331
,346
,343
,333
,333
,350
,350
,338
2026 05 14 14:38:37.633555,346
,362
,349
,348
,363
,361
,343
,343
,359
,356
,350
,362
,362
,347
2026 05 14 14:38:37.694861,342
,356
,369
,355
,344
,353
,351
,339
,346
,359
,351
,340
,351
,354
2026 05 14 14:38:37.761818,350
,337
,353
,351
,350
,360
,370
,363
,352
,361
,357
,345
,342
,359
2026 05 14 14:38:37.822604,362
,340
,345
,360
,353
,335
,342
,356
,343
,335
,349
,356
,337
,339
2026 05 14 14:38:37.887937,351
,344
,336
,346
,357
,353
,344
,355
,365
,349
,342
,349
,344
,331
2026 05 14 14:38:37.949905,340
,362
,355
,332
,345
,353
,334
,325
,346
,351
,338
,338
,358
,357
2026 05 14 14:38:38.011031,344
,352
,360
,353
,345
,356
,363
,352
,355
,366
,359
,344
,352
,357
2026 05 14 14:38:38.076977,342
,331
,346
,357
,339
,338
,353
,353
,344
,349
,355
,346
,336
,351
2026 05 14 14:38:38.137468,361
,346
,332
,350
,359
,352
,356
,365
,360
,353
,356
,371
,354
,345
2026 05 14 14:38:38.203201,352
,356
,349
,338
,340
,346
,334
,342
,359
,350
,341
,348
,358
,345
2026 05 14 14:38:38.264738,336
,354
,359
,346
,347
,357
,357
,355
,364
,381
,365
,348
,346
,350
2026 05 14 14:38:38.325988,339
,340
,355
,353
,338
,345
,355
,340
,334
,349
,356
,341
,331
,344
2026 05 14 14:38:38.392038,345
,331
,341
,356
,345
,334
,350
,354
,342
,349
,371
,372
,346
,347
2026 05 14 14:38:38.453236,361
,352
,342
,353
,366
,346
,337
,354
,360
,344
,344
,361
,356
,348
2026 05 14 14:38:38.519115,359
,373
,362
,352
,361
,359
,341
,343
,359
,360
,352
,368
,369
,353
2026 05 14 14:38:38.580874,328
,336
,343
,327
,330
,347
,350
,340
,347
,363
,356
,344
,358
,367
2026 05 14 14:38:38.641630,348
,344
,354
,360
,346
,346
,361
,360
,350
,357
,373
,352
,329
,348
2026 05 14 14:38:38.707442,360
,344
,345
,365
,363
,341
,346
,357
,350
,344
,351
,361
,353
,349
2026 05 14 14:38:38.768499,365
,360
,346
,345
,353
,354
,347
,354
,361
,352
,335
,347
,356
,340
2026 05 14 14:38:38.834029,337
,355
,356
,345
,349
,366
,356
,332
,323
,326
,320
,325
,343
,353
2026 05 14 14:38:38.895885,338
,343
,356
,343
,330
,343
,359
,345
,340
,354
,356
,337
,342
,356
2026 05 14 14:38:38.956638,350
,344
,353
,371
,360
,339
,345
,349
,338
,339
,357
,350
,334
,342
2026 05 14 14:38:39.022757,358
,352
,344
,354
,362
,345
,347
,355
,357
,334
,342
,363
,352
,336
2026 05 14 14:38:39.084471,344
,350
,341
,337
,353
,358
,345
,343
,355
,351
,338
,349
,362
,348
2026 05 14 14:38:39.149450,338
,347
,362
,350
,343
,357
,352
,335
,350
,359
,359
,357
,365
,374
2026 05 14 14:38:39.211209,359
,335
,346
,349
,338
,345
,361
,353
,341
,356
,362
,350
,345
,352
2026 05 14 14:38:39.272301,358
,350
,354
,366
,368
,343
,344
,353
,349
,342
,358
,366
,350
,345
2026 05 14 14:38:39.338113,362
,362
,347
,353
,370
,364
,358
,362
,368
,351
,353
,370
,354
,343
2026 05 14 14:38:39.399538,340
,356
,347
,336
,346
,360
,349
,340
,359
,362
,350
,347
,362
,358
2026 05 14 14:38:39.464217,347
,347
,371
,364
,348
,361
,367
,352
,346
,359
,357
,349
,353
,357
2026 05 14 14:38:39.526590,349
,344
,353
,361
,336
,335
,347
,355
,345
,341
,350
,344
,339
,359
2026 05 14 14:38:39.601677,374
,355
,339
,355
,359
,344
,346
,363
,358
,350
,361
,368
,360
,349
2026 05 14 14:38:39.656095,357
,363
,351
,352
,367
,360
,348
,347
,359
,355
,344
,353
,365
,353
2026 05 14 14:38:39.714280,347
,361
,370
,353
,352
,366
,351
,334
,349
,359
,340
,336
,352
,357
2026 05 14 14:38:39.780277,338
,340
,362
,364
,351
,359
,374
,352
,341
,356
,366
,351
,347
,360
2026 05 14 14:38:39.840787,361
,358
,365
,362
,350
,339
,352
,366
,359
,348
,353
,366
,355
,348
2026 05 14 14:38:39.907637,360
,354
,340
,351
,367
,354
,343
,357
,361
,351
,356
,368
,363
,351
2026 05 14 14:38:39.968322,356
,369
,356
,346
,355
,356
,346
,346
,359
,360
,350
,356
,358
,343
2026 05 14 14:38:40.030397,328
,343
,352
,333
,329
,350
,354
,347
,351
,364
,351
,341
,351
,366
2026 05 14 14:38:40.094965,355
,343
,350
,356
,344
,345
,364
,356
,350
,358
,364
,349
,342
,355
2026 05 14 14:38:40.159455,365
,348
,347
,361
,363
,349
,354
,365
,356
,340
,350
,363
,351
,337
2026 05 14 14:38:40.222426,360
,374
,356
,347
,361
,360
,344
,354
,369
,355
,345
,351
,357
,346
2026 05 14 14:38:40.284505,344
,347
,344
,326
,328
,342
,334
,333
,340
,361
,346
,343
,360
,358
2026 05 14 14:38:40.344944,346
,351
,368
,354
,344
,355
,367
,355
,344
,356
,363
,345
,344
,362
2026 05 14 14:38:40.414341,363
,355
,362
,376
,355
,338
,358
,364
,347
,347
,360
,360
,345
,347
2026 05 14 14:38:40.473299,358
,350
,345
,356
,368
,352
,343
,353
,352
,343
,343
,357
,351
,344
2026 05 14 14:38:40.533336,354
,364
,350
,342
,349
,353
,347
,352
,370
,368
,349
,345
,349
,336
2026 05 14 14:38:40.599217,337
,354
,356
,335
,327
,350
,360
,349
,345
,359
,348
,332
,344
,358
2026 05 14 14:38:40.660442,346
,343
,358
,360
,346
,348
,365
,356
,341
,346
,361
,343
,337
,353
2026 05 14 14:38:40.725935,357
,341
,343
,357
,351
,343
,350
,359
,344
,334
,345
,359
,344
,345
2026 05 14 14:38:40.787769,360
,359
,350
,352
,365
,353
,343
,356
,371
,359
,355
,354
,348
,332
2026 05 14 14:38:40.848918,332
,346
,347
,332
,345
,357
,346
,341
,358
,360
,344
,347
,362
,354
2026 05 14 14:38:40.914654,342
,351
,369
,355
,345
,354
,365
,347
,343
,358
,360
,337
,345
,356
2026 05 14 14:38:40.979046,343
,339
,353
,361
,349
,346
,357
,354
,340
,344
,359
,350
,336
,342
2026 05 14 14:38:41.045686,351
,339
,335
,354
,365
,357
,345
,362
,348
,335
,347
,356
,342
,330
2026 05 14 14:38:41.103101,343
,353
,342
,342
,354
,360
,348
,354
,366
,366
,363
,370
,371
,334
2026 05 14 14:38:41.168134,325
,346
,352
,337
,334
,354
,350
,337
,348
,362
,351
,343
,356
,364
2026 05 14 14:38:41.230245,341
,334
,357
,353
,338
,345
,362
,350
,343
,357
,368
,356
,350
,367
2026 05 14 14:38:41.297146,362
,350
,342
,358
,352
,344
,355
,358
,341
,335
,345
,351
,343
,347
2026 05 14 14:38:41.361100,360
,352
,344
,358
,373
,358
,344
,353
,360
,348
,348
,363
,358
,347
2026 05 14 14:38:41.418920,357
,372
,357
,347
,355
,365
,349
,339
,353
,354
,348
,353
,359
,347
2026 05 14 14:38:41.480224,341
,354
,364
,346
,341
,354
,358
,346
,348
,361
,356
,343
,352
,364
2026 05 14 14:38:41.544691,350
,339
,356
,362
,337
,336
,358
,355
,346
,349
,359
,348
,342
,347
2026 05 14 14:38:41.607074,360
,353
,346
,359
,356
,346
,355
,366
,355
,343
,356
,367
,350
,341
2026 05 14 14:38:41.668491,352
,360
,349
,348
,362
,357
,351
,360
,356
,342
,337
,351
,357
,345
2026 05 14 14:38:41.736786,338
,351
,353
,343
,350
,366
,357
,347
,351
,360
,345
,340
,355
,351
2026 05 14 14:38:41.803393,334
,338
,350
,346
,336
,346
,363
,345
,340
,353
,357
,344
,346
,357
2026 05 14 14:38:41.864349,349
,339
,355
,366
,356
,350
,357
,362
,348
,354
,359
,358
,345
,350
2026 05 14 14:38:41.922629,359
,344
,332
,340
,353
,339
,341
,355
,352
,342
,346
,368
,356
,339
2026 05 14 14:38:41.986621,346
,360
,348
,337
,352
,355
,345
,343
,353
,346
,335
,337
,350
,337
2026 05 14 14:38:42.048863,336
,349
,358
,346
,336
,352
,356
,346
,347
,361
,350
,340
,348
,358
2026 05 14 14:38:42.110849,346
,340
,366
,371
,363
,366
,370
,345
,339
,351
,356
,350
,342
,352
2026 05 14 14:38:42.176162,353
,343
,343
,355
,349
,341
,345
,359
,354
,348
,361
,368
,354
,346
2026 05 14 14:38:42.243307,361
,363
,355
,362
,371
,354
,344
,354
,363
,350
,342
,360
,361
,344
2026 05 14 14:38:42.299275,348
,361
,354
,342
,350
,360
,353
,343
,352
,357
,349
,350
,360
,353
2026 05 14 14:38:42.367731,340
,350
,366
,361
,339
,347
,352
,334
,330
,344
,349
,341
,344
,361
2026 05 14 14:38:42.429027,352
,342
,349
,362
,348
,338
,349
,352
,341
,343
,357
,351
,340
,350
2026 05 14 14:38:42.497240,366
,354
,343
,350
,355
,349
,350
,360
,352
,350
,365
,365
,350
,339
2026 05 14 14:38:42.553271,355
,365
,351
,344
,355
,358
,347
,355
,362
,350
,344
,351
,365
,352
2026 05 14 14:38:42.614878,340
,351
,356
,348
,353
,364
,353
,342
,351
,354
,342
,336
,358
,361
2026 05 14 14:38:42.680460,337
,345
,359
,357
,346
,345
,358
,345
,336
,347
,362
,354
,345
,355
2026 05 14 14:38:42.744715,355
,342
,345
,354
,346
,336
,352
,363
,350
,352
,370
,370
,336
,337
2026 05 14 14:38:42.811188,356
,353
,346
,352
,363
,351
,340
,357
,365
,347
,341
,354
,350
,340
2026 05 14 14:38:42.868493,344
,364
,351
,340
,340
,352
,347
,347
,357
,360
,346
,342
,351
,341
2026 05 14 14:38:42.930908,331
,343
,351
,336
,330
,346
,355
,342
,350
,359
,350
,334
,348
,358
2026 05 14 14:38:42.997014,338
,326
,339
,346
,331
,331
,350
,347
,335
,346
,359
,346
,336
,345
2026 05 14 14:38:43.063271,355
,346
,344
,360
,357
,350
,360
,374
,362
,344
,353
,360
,344
,337
2026 05 14 14:38:43.121187,349
,354
,339
,342
,352
,349
,335
,345
,354
,344
,334
,352
,362
,351
2026 05 14 14:38:43.184229,348
,353
,359
,352
,355
,355
,340
,332
,348
,359
,345
,346
,359
,360
2026 05 14 14:38:43.244737,344
,349
,362
,352
,340
,352
,362
,349
,345
,358
,362
,347
,347
,358
2026 05 14 14:38:43.310190,352
,337
,344
,356
,346
,337
,342
,353
,345
,341
,347
,344
,337
,341
2026 05 14 14:38:43.376773,351
,346
,341
,354
,362
,349
,342
,348
,352
,342
,345
,359
,347
,341
2026 05 14 14:38:43.442332,355
,371
,357
,333
,345
,354
,349
,351
,357
,359
,349
,355
,367
,355
2026 05 14 14:38:43.498860,353
,355
,352
,332
,336
,349
,352
,338
,343
,358
,351
,340
,347
,355
2026 05 14 14:38:43.561473,340
,335
,349
,356
,350
,352
,361
,353
,343
,349
,363
,352
,348
,360
2026 05 14 14:38:43.625911,362
,347
,346
,360
,363
,355
,363
,366
,347
,340
,356
,364
,344
,348
2026 05 14 14:38:43.692573,361
,359
,347
,352
,369
,361
,348
,357
,372
,358
,343
,354
,360
,349
2026 05 14 14:38:43.757970,350
,353
,352
,346
,354
,357
,350
,341
,353
,361
,345
,344
,355
,354
2026 05 14 14:38:43.814212,350
,359
,368
,355
,349
,363
,373
,353
,350
,362
,371
,358
,352
,361
2026 05 14 14:38:43.876386,347
,341
,365
,379
,365
,349
,355
,363
,345
,352
,368
,358
,349
,356
2026 05 14 14:38:43.942451,370
,358
,339
,354
,358
,347
,348
,367
,365
,355
,360
,359
,348
,342
2026 05 14 14:38:44.003454,358
,370
,365
,361
,371
,369
,338
,336
,345
,344
,340
,352
,365
,351
2026 05 14 14:38:44.068256,345
,354
,356
,353
,357
,367
,364
,346
,353
,368
,360
,356
,358
,357
2026 05 14 14:38:44.130909,342
,345
,363
,360
,344
,350
,362
,351
,338
,354
,356
,341
,343
,362
2026 05 14 14:38:44.192898,366
,353
,350
,358
,350
,341
,357
,366
,352
,351
,362
,366
,347
,352
2026 05 14 14:38:44.262238,357
,354
,348
,355
,367
,353
,341
,352
,357
,338
,340
,356
,354
,347
2026 05 14 14:38:44.318618,347
,351
,341
,337
,350
,350
,338
,338
,349
,346
,329
,337
,353
,348
2026 05 14 14:38:44.383471,337
,347
,358
,346
,334
,347
,357
,348
,344
,350
,344
,332
,342
,360
2026 05 14 14:38:44.444874,343
,329
,343
,343
,330
,326
,342
,342
,329
,336
,356
,347
,334
,349
2026 05 14 14:38:44.509733,364
,347
,339
,357
,363
,344
,344
,355
,350
,334
,343
,354
,339
,332
2026 05 14 14:38:44.575884,349
,357
,340
,342
,358
,351
,342
,354
,372
,354
,339
,351
,365
,336
2026 05 14 14:38:44.633738,329
,346
,342
,332
,341
,359
,349
,335
,351
,360
,348
,344
,360
,356
2026 05 14 14:38:44.699436,343
,346
,362
,357
,346
,357
,367
,354
,346
,359
,358
,344
,339
,355
2026 05 14 14:38:44.760925,350
,335
,342
,355
,339
,337
,352
,360
,339
,343
,359
,358
,344
,349
2026 05 14 14:38:44.821668,360
,352
,342
,355
,365
,348
,347
,363
,366
,357
,350
,365
,357
,345
2026 05 14 14:38:44.887271,358
,365
,347
,340
,362
,366
,354
,348
,360
,356
,343
,345
,359
,347
2026 05 14 14:38:44.949135,346
,367
,373
,356
,348
,363
,359
,348
,363
,370
,358
,346
,359
,354
2026 05 14 14:38:45.014467,338
,340
,357
,360
,352
,355
,367
,360
,347
,354
,363
,354
,341
,359
2026 05 14 14:38:45.076493,370
,356
,361
,377
,374
,342
,340
,352
,345
,337
,351
,364
,352
,348
2026 05 14 14:38:45.137453,366
,365
,355
,353
,367
,359
,346
,359
,360
,352
,348
,360
,362
,342
2026 05 14 14:38:45.202717,346
,362
,352
,335
,348
,366
,353
,342
,351
,359
,344
,346
,353
,347
2026 05 14 14:38:45.264920,334
,343
,352
,327
,310
,322
,338
,324
,318
,330
,327
,316
,328
,348
2026 05 14 14:38:45.330390,337
,321
,337
,348
,333
,320
,332
,335
,323
,326
,340
,333
,320
,334
2026 05 14 14:38:45.392501,352
,343
,338
,344
,350
,333
,330
,350
,343
,335
,347
,358
,350
,341
2026 05 14 14:38:45.452658,352
,360
,350
,349
,351
,346
,333
,340
,356
,347
,341
,351
,360
,340
2026 05 14 14:38:45.519459,330
,352
,352
,332
,332
,355
,352
,342
,359
,369
,355
,345
,356
,366
2026 05 14 14:38:45.580209,351
,352
,369
,366
,350
,345
,344
,336
,330
,346
,359
,345
,340
,357
2026 05 14 14:38:45.645704,356
,345
,353
,367
,358
,345
,354
,362
,349
,345
,362
,364
,346
,349
2026 05 14 14:38:45.707123,361
,351
,339
,348
,361
,352
,345
,357
,363
,350
,354
,360
,362
,351
2026 05 14 14:38:45.769563,356
,378
,364
,361
,372
,372
,349
,345
,358
,360
,344
,350
,363
,355
2026 05 14 14:38:45.836669,342
,349
,358
,346
,338
,356
,359
,344
,350
,361
,357
,344
,345
,357
2026 05 14 14:38:45.895760,347
,337
,354
,367
,359
,351
,358
,345
,332
,340
,353
,352
,347
,359
2026 05 14 14:38:45.956840,363
,348
,345
,354
,353
,349
,356
,364
,358
,338
,345
,358
,346
,343
2026 05 14 14:38:46.021303,354
,358
,344
,337
,350
,352
,342
,345
,351
,337
,332
,347
,359
,344
2026 05 14 14:38:46.083381,339
,356
,356
,338
,348
,357
,349
,338
,352
,360
,348
,339
,356
,364
2026 05 14 14:38:46.149462,347
,346
,355
,356
,343
,354
,360
,346
,339
,361
,367
,347
,344
,361
2026 05 14 14:38:46.211726,358
,346
,354
,370
,350
,339
,349
,356
,339
,339
,351
,359
,345
,350
2026 05 14 14:38:46.272835,363
,349
,343
,363
,368
,352
,347
,358
,362
,348
,353
,363
,357
,350
2026 05 14 14:38:46.340601,360
,369
,359
,353
,362
,370
,357
,352
,361
,365
,346
,344
,361
,352
2026 05 14 14:38:46.399382,338
,351
,354
,339
,340
,354
,354
,340
,342
,355
,346
,337
,346
,359
2026 05 14 14:38:46.464650,349
,348
,368
,368
,356
,354
,367
,360
,344
,353
,366
,349
,347
,344
2026 05 14 14:38:46.525563,351
,348
,341
,355
,355
,342
,349
,364
,354
,340
,354
,359
,344
,343
2026 05 14 14:38:46.587400,356
,352
,353
,353
,368
,358
,357
,353
,358
,352
,343
,355
,363
,338
2026 05 14 14:38:46.653441,341
,352
,348
,342
,349
,359
,351
,349
,362
,363
,348
,345
,354
,350
2026 05 14 14:38:46.714916,344
,348
,363
,353
,344
,352
,360
,343
,337
,355
,355
,345
,352
,358
2026 05 14 14:38:46.779229,353
,338
,344
,360
,348
,342
,352
,362
,349
,349
,367
,359
,337
,341
2026 05 14 14:38:46.845132,354
,348
,338
,351
,361
,347
,350
,360
,356
,340
,347
,360
,347
,336
2026 05 14 14:38:46.903229,358
,364
,341
,335
,349
,352
,343
,347
,360
,348
,338
,345
,356
,338
2026 05 14 14:38:46.968694,330
,343
,355
,346
,346
,355
,346
,339
,348
,359
,350
,345
,358
,358
2026 05 14 14:38:47.034779,343
,347
,361
,355
,345
,353
,366
,352
,344
,359
,357
,340
,342
,350
2026 05 14 14:38:47.099298,352
,345
,346
,355
,353
,344
,352
,368
,350
,337
,351
,356
,341
,343
2026 05 14 14:38:47.157176,360
,352
,342
,352
,371
,358
,351
,361
,364
,353
,351
,365
,356
,343
2026 05 14 14:38:47.218257,332
,343
,340
,336
,347
,359
,343
,344
,361
,360
,356
,351
,365
,357
2026 05 14 14:38:47.284015,343
,344
,355
,344
,340
,350
,360
,350
,356
,370
,360
,351
,357
,372
2026 05 14 14:38:47.345014,358
,349
,358
,367
,350
,356
,372
,371
,357
,356
,363
,357
,341
,352
2026 05 14 14:38:47.412361,360
,347
,342
,348
,351
,338
,345
,360
,350
,342
,354
,367
,357
,353
2026 05 14 14:38:47.472835,360
,364
,358
,354
,369
,362
,344
,346
,359
,350
,342
,351
,357
,338
2026 05 14 14:38:47.533612,333
,357
,355
,342
,350
,361
,352
,346
,354
,356
,345
,343
,358
,360
2026 05 14 14:38:47.599078,348
,351
,361
,345
,338
,350
,360
,354
,344
,354
,360
,345
,342
,354
2026 05 14 14:38:47.662904,350
,343
,351
,363
,352
,345
,353
,359
,346
,343
,354
,354
,342
,351
2026 05 14 14:38:47.726241,366
,361
,357
,358
,373
,354
,334
,348
,362
,359
,357
,362
,353
,344
2026 05 14 14:38:47.788521,350
,362
,359
,348
,360
,363
,348
,346
,364
,364
,349
,356
,367
,357
2026 05 14 14:38:47.849309,343
,351
,362
,352
,352
,351
,350
,339
,342
,364
,353
,341
,352
,363
2026 05 14 14:38:47.917567,359
,355
,371
,371
,361
,359
,361
,347
,343
,352
,365
,354
,347
,363
2026 05 14 14:38:47.976946,363
,346
,345
,354
,350
,340
,351
,361
,357
,355
,357
,370
,356
,345
2026 05 14 14:38:48.040937,357
,360
,353
,354
,362
,357
,341
,352
,366
,359
,345
,362
,368
,356
2026 05 14 14:38:48.103455,356
,359
,359
,348
,354
,374
,349
,340
,355
,369
,359
,352
,357
,359
2026 05 14 14:38:48.169024,351
,353
,365
,351
,351
,356
,365
,349
,339
,355
,356
,345
,349
,368
2026 05 14 14:38:48.229711,372
,354
,340
,352
,347
,343
,355
,365
,355
,357
,365
,356
,344
,354
2026 05 14 14:38:48.291732,368
,357
,346
,359
,365
,345
,351
,360
,358
,345
,341
,351
,341
,333
2026 05 14 14:38:48.357175,347
,356
,344
,336
,345
,349
,340
,336
,350
,349
,334
,341
,353
,346
2026 05 14 14:38:48.419365,340
,357
,358
,343
,341
,356
,354
,344
,349
,354
,339
,344
,360
,367
2026 05 14 14:38:48.479446,348
,336
,354
,357
,341
,348
,358
,351
,344
,354
,363
,353
,348
,352
2026 05 14 14:38:48.545817,357
,337
,340
,359
,354
,344
,350
,352
,337
,330
,350
,359
,352
,347
2026 05 14 14:38:48.607700,352
,349
,343
,356
,374
,350
,331
,352
,367
,357
,346
,361
,361
,344
2026 05 14 14:38:48.672884,351
,358
,341
,337
,349
,364
,359
,350
,361
,358
,344
,342
,339
,341
2026 05 14 14:38:48.735624,336
,349
,351
,334
,332
,350
,359
,346
,352
,368
,369
,357
,357
,357
2026 05 14 14:38:48.795088,342
,334
,346
,352
,341
,342
,359
,366
,346
,347
,355
,345
,342
,351
2026 05 14 14:38:48.860965,356
,339
,344
,351
,358
,349
,346
,361
,359
,338
,349
,358
,343
,337
2026 05 14 14:38:48.922997,351
,343
,341
,342
,359
,342
,326
,342
,360
,353
,335
,350
,364
,336
2026 05 14 14:38:48.987946,334
,339
,343
,335
,343
,359
,353
,336
,341
,359
,353
,349
,365
,368
2026 05 14 14:38:49.050242,350
,344
,358
,360
,343
,351
,370
,346
,337
,353
,350
,342
,345
,351
2026 05 14 14:38:49.110761,348
,330
,340
,355
,352
,342
,355
,361
,347
,345
,363
,367
,357
,359
2026 05 14 14:38:49.176361,369
,367
,350
,360
,363
,350
,355
,373
,380
,368
,349
,349
,357
,347
2026 05 14 14:38:49.238017,356
,368
,352
,344
,350
,365
,359
,347
,355
,353
,348
,355
,364
,354
2026 05 14 14:38:49.303269,350
,362
,372
,361
,338
,340
,344
,337
,343
,357
,358
,350
,356
,375
2026 05 14 14:38:49.366656,365
,348
,358
,361
,349
,349
,357
,354
,347
,360
,369
,361
,352
,364
2026 05 14 14:38:49.426306,365
,346
,341
,360
,366
,348
,349
,353
,348
,343
,356
,368
,352
,345
2026 05 14 14:38:49.491732,359
,361
,346
,355
,368
,368
,347
,345
,351
,343
,326
,341
,356
,347
2026 05 14 14:38:49.553756,348
,355
,357
,347
,353
,362
,364
,353
,357
,370
,356
,351
,361
,354
2026 05 14 14:38:49.614347,342
,355
,367
,345
,334
,346
,361
,352
,345
,362
,361
,344
,352
,369
2026 05 14 14:38:49.680023,359
,347
,358
,362
,352
,344
,361
,372
,356
,349
,359
,354
,344
,355
2026 05 14 14:38:49.743974,366
,349
,339
,355
,371
,367
,346
,351
,357
,345
,347
,367
,355
,345
2026 05 14 14:38:49.809775,362
,373
,358
,353
,363
,363
,346
,348
,361
,357
,348
,356
,364
,352
2026 05 14 14:38:49.868501,339
,352
,360
,346
,347
,357
,357
,347
,352
,366
,359
,351
,359
,367
2026 05 14 14:38:49.929222,358
,357
,365
,369
,350
,355
,366
,351
,333
,345
,361
,352
,349
,351
2026 05 14 14:38:49.995364,348
,340
,347
,357
,352
,339
,346
,360
,348
,341
,359
,369
,358
,350
2026 05 14 14:38:50.060843,355
,353
,342
,347
,359
,355
,357
,370
,378
,353
,343
,358
,358
,346
2026 05 14 14:38:50.122524,345
,353
,346
,340
,346
,363
,349
,334
,351
,365
,353
,353
,365
,360
2026 05 14 14:38:50.183654,350
,354
,368
,355
,339
,349
,365
,350
,345
,359
,358
,347
,353
,369
2026 05 14 14:38:50.244789,358
,351
,350
,346
,342
,336
,344
,350
,339
,345
,358
,352
,341
,347
2026 05 14 14:38:50.310052,361
,345
,335
,347
,352
,344
,352
,362
,355
,340
,349
,363
,349
,327
2026 05 14 14:38:50.370956,332
,351
,335
,330
,344
,346
,334
,337
,355
,351
,341
,354
,354
,338
2026 05 14 14:38:50.438542,331
,345
,354
,335
,340
,356
,356
,341
,345
,356
,354
,343
,351
,352
2026 05 14 14:38:50.499443,345
,344
,357
,350
,335
,339
,354
,346
,340
,357
,352
,332
,338
,350
2026 05 14 14:38:50.560338,352
,345
,349
,364
,353
,344
,348
,360
,344
,337
,353
,361
,348
,350
2026 05 14 14:38:50.626545,356
,352
,344
,353
,367
,358
,330
,344
,357
,336
,336
,350
,346
,332
2026 05 14 14:38:50.687147,334
,352
,343
,334
,346
,353
,341
,337
,351
,354
,344
,349
,362
,356
2026 05 14 14:38:50.753583,341
,349
,356
,341
,337
,344
,350
,338
,342
,358
,357
,340
,351
,368
2026 05 14 14:38:50.813558,357
,340
,349
,357
,347
,344
,356
,351
,341
,338
,353
,348
,337
,348
2026 05 14 14:38:50.875640,358
,350
,340
,348
,351
,341
,345
,357
,356
,342
,347
,360
,346
,339
2026 05 14 14:38:50.941522,354
,362
,348
,344
,347
,338
,330
,340
,358
,344
,339
,346
,355
,342
2026 05 14 14:38:51.002406,341
,345
,360
,351
,353
,356
,343
,337
,351
,359
,344
,337
,350
,355
2026 05 14 14:38:51.070760,343
,345
,356
,352
,334
,343
,360
,352
,336
,348
,357
,345
,348
,368
2026 05 14 14:38:51.130146,368
,356
,352
,355
,345
,341
,350
,359
,345
,338
,352
,356
,340
,343
2026 05 14 14:38:51.191281,360
,347
,332
,349
,360
,345
,343
,355
,357
,349
,352
,366
,359
,347
2026 05 14 14:38:51.257130,355
,355
,344
,339
,347
,355
,338
,340
,351
,339
,332
,346
,359
,350
2026 05 14 14:38:51.320207,341
,353
,363
,349
,346
,363
,366
,349
,349
,364
,350
,334
,349
,360
2026 05 14 14:38:51.387284,346
,336
,344
,350
,334
,330
,339
,338
,327
,333
,348
,339
,333
,347
2026 05 14 14:38:51.445614,350
,339
,338
,351
,349
,335
,344
,359
,350
,339
,348
,358
,341
,334
2026 05 14 14:38:51.507043,348
,354
,339
,342
,353
,343
,329
,336
,349
,336
,338
,338
,340
,326
2026 05 14 14:38:51.572666,330
,348
,343
,328
,329
,346
,341
,332
,344
,350
,339
,339
,344
,348
2026 05 14 14:38:51.636641,341
,347
,355
,348
,342
,353
,363
,352
,341
,353
,355
,344
,341
,346
2026 05 14 14:38:51.698732,337
,344
,360
,363
,347
,344
,358
,357
,342
,344
,360
,349
,340
,342
2026 05 14 14:38:51.760975,352
,343
,335
,351
,361
,342
,340
,352
,346
,337
,345
,354
,344
,332
2026 05 14 14:38:51.822390,341
,351
,334
,338
,352
,350
,340
,346
,361
,351
,343
,353
,361
,352
2026 05 14 14:38:51.887823,343
,349
,353
,341
,340
,359
,353
,348
,356
,368
,360
,351
,363
,369
2026 05 14 14:38:51.948945,343
,343
,358
,356
,340
,352
,363
,355
,345
,353
,365
,352
,354
,366
2026 05 14 14:38:52.014658,363
,344
,341
,350
,348
,339
,351
,357
,350
,343
,353
,358
,348
,344
2026 05 14 14:38:52.076297,356
,356
,350
,359
,364
,351
,344
,354
,364
,353
,346
,357
,358
,345
2026 05 14 14:38:52.138711,349
,362
,354
,341
,350
,361
,347
,341
,351
,345
,334
,360
,372
,361
2026 05 14 14:38:52.203271,342
,342
,352
,337
,334
,349
,357
,344
,347
,358
,355
,338
,346
,356
2026 05 14 14:38:52.264458,342
,338
,352
,357
,347
,341
,352
,358
,344
,347
,367
,353
,337
,353
2026 05 14 14:38:52.329947,358
,349
,353
,364
,363
,346
,346
,362
,352
,340
,347
,358
,348
,344
2026 05 14 14:38:52.391944,359
,368
,358
,351
,352
,347
,342
,348
,358
,343
,332
,354
,366
,353
2026 05 14 14:38:52.455611,346
,353
,351
,348
,349
,358
,354
,349
,355
,365
,348
,348
,355
,356
2026 05 14 14:38:52.520337,341
,342
,355
,348
,340
,344
,356
,347
,333
,349
,356
,339
,335
,350
2026 05 14 14:38:52.579985,347
,344
,347
,363
,352
,342
,354
,366
,348
,347
,363
,361
,340
,347
2026 05 14 14:38:52.645649,354
,341
,332
,340
,347
,333
,330
,345
,349
,337
,345
,354
,349
,339
2026 05 14 14:38:52.707646,351
,366
,352
,339
,355
,366
,356
,352
,362
,346
,337
,346
,355
,347
2026 05 14 14:38:52.770289,346
,350
,353
,347
,341
,354
,354
,343
,348
,359
,352
,344
,356
,363
2026 05 14 14:38:52.837868,353
,349
,354
,353
,350
,356
,363
,355
,343
,348
,361
,352
,349
,360
2026 05 14 14:38:52.895414,361
,346
,345
,357
,356
,351
,352
,364
,354
,334
,340
,357
,344
,339
2026 05 14 14:38:52.960918,355
,359
,344
,347
,355
,347
,340
,348
,357
,352
,343
,361
,369
,357
2026 05 14 14:38:53.022468,341
,359
,358
,341
,349
,356
,344
,334
,351
,363
,348
,347
,363
,362
2026 05 14 14:38:53.087291,351
,354
,365
,356
,346
,358
,372
,359
,342
,350
,355
,345
,330
,346
2026 05 14 14:38:53.161597,344
,332
,343
,360
,346
,337
,350
,356
,346
,345
,356
,350
,338
,351
2026 05 14 14:38:53.210837,359
,346
,345
,362
,366
,353
,346
,361
,354
,344
,344
,351
,339
,330
2026 05 14 14:38:53.276096,346
,361
,347
,340
,346
,353
,341
,343
,353
,348
,346
,353
,367
,357
2026 05 14 14:38:53.339964,347
,364
,354
,339
,341
,351
,341
,330
,340
,359
,343
,332
,347
,350
2026 05 14 14:38:53.399231,339
,343
,352
,354
,345
,349
,359
,351
,342
,359
,371
,357
,356
,371
2026 05 14 14:38:53.464321,376
,357
,354
,353
,348
,333
,345
,353
,343
,336
,357
,361
,344
,347
2026 05 14 14:38:53.525779,365
,361
,352
,359
,368
,356
,344
,353
,366
,353
,345
,356
,350
,344
2026 05 14 14:38:53.586598,357
,366
,359
,342
,348
,364
,348
,338
,353
,359
,349
,350
,363
,354
2026 05 14 14:38:53.653173,344
,359
,371
,359
,349
,358
,367
,353
,352
,364
,359
,346
,351
,365
2026 05 14 14:38:53.714749,358
,350
,363
,371
,358
,344
,352
,348
,344
,347
,363
,359
,336
,340
2026 05 14 14:38:53.781059,353
,341
,337
,351
,358
,341
,345
,359
,350
,344
,360
,367
,350
,345
2026 05 14 14:38:53.841752,357
,366
,348
,349
,360
,361
,345
,346
,355
,345
,340
,353
,362
,348
2026 05 14 14:38:53.902732,352
,363
,353
,340
,351
,364
,352
,341
,354
,364
,345
,342
,363
,368
2026 05 14 14:38:53.968800,342
,345
,356
,348
,349
,364
,378
,368
,351
,352
,358
,340
,340
,357
2026 05 14 14:38:54.029795,361
,360
,366
,364
,330
,315
,328
,342
,335
,339
,351
,345
,329
,337
2026 05 14 14:38:54.095422,347
,344
,338
,344
,352
,340
,345
,360
,364
,349
,350
,367
,364
,344
2026 05 14 14:38:54.157066,346
,362
,351
,336
,350
,362
,356
,354
,362
,354
,332
,349
,365
,349
2026 05 14 14:38:54.218218,342
,358
,359
,352
,347
,364
,364
,347
,345
,363
,351
,345
,355
,364
2026 05 14 14:38:54.283716,354
,349
,355
,355
,350
,350
,356
,356
,347
,353
,362
,350
,335
,348
2026 05 14 14:38:54.345149,361
,349
,358
,380
,370
,354
,351
,360
,348
,324
,337
,360
,349
,333
2026 05 14 14:38:54.410447,335
,337
,333
,352
,369
,354
,352
,365
,381
,346
,328
,344
,350
,341
2026 05 14 14:38:54.472793,332
,343
,338
,329
,336
,354
,350
,337
,352
,362
,349
,352
,368
,370
2026 05 14 14:38:54.532393,351
,348
,366
,358
,347
,360
,368
,345
,337
,352
,354
,342
,348
,367
2026 05 14 14:38:54.598694,358
,348
,361
,365
,356
,339
,353
,364
,353
,352
,354
,343
,343
,341
2026 05 14 14:38:54.660560,351
,342
,337
,352
,360
,351
,339
,354
,362
,354
,347
,349
,348
,344
2026 05 14 14:38:54.725389,352
,366
,349
,343
,349
,351
,336
,350
,356
,347
,338
,352
,362
,343
2026 05 14 14:38:54.788223,328
,339
,349
,343
,337
,351
,349
,334
,342
,356
,354
,339
,346
,358
2026 05 14 14:38:54.848271,349
,340
,347
,339
,331
,341
,355
,351
,347
,355
,367
,353
,345
,356
2026 05 14 14:38:54.914482,360
,349
,352
,362
,354
,348
,349
,360
,353
,349
,361
,360
,348
,340
2026 05 14 14:38:54.977204,351
,354
,349
,349
,360
,352
,352
,355
,359
,345
,343
,356
,358
,355
2026 05 14 14:38:55.042955,356
,358
,338
,334
,350
,361
,351
,346
,365
,374
,350
,345
,362
,359
2026 05 14 14:38:55.103622,346
,354
,368
,365
,354
,363
,365
,344
,346
,353
,356
,342
,339
,350
2026 05 14 14:38:55.164561,342
,338
,355
,358
,344
,343
,362
,363
,347
,351
,369
,365
,356
,372
2026 05 14 14:38:55.229874,376
,362
,349
,350
,360
,350
,350
,359
,359
,343
,348
,356
,350
,342
2026 05 14 14:38:55.291611,360
,371
,356
,348
,355
,359
,352
,362
,363
,349
,345
,353
,363
,351
2026 05 14 14:38:55.357480,346
,358
,361
,351
,351
,359
,356
,342
,347
,355
,344
,341
,354
,371
2026 05 14 14:38:55.418535,348
,346
,355
,357
,344
,349
,358
,343
,330
,341
,348
,339
,337
,359
2026 05 14 14:38:55.479911,354
,337
,350
,359
,347
,337
,352
,370
,364
,358
,375
,366
,346
,346
2026 05 14 14:38:55.545456,361
,344
,336
,347
,367
,355
,349
,359
,372
,352
,347
,357
,355
,346
2026 05 14 14:38:55.609230,352
,365
,349
,341
,355
,371
,358
,352
,362
,354
,335
,337
,353
,347
2026 05 14 14:38:55.675676,347
,363
,377
,352
,330
,347
,354
,346
,347
,359
,353
,343
,350
,364
2026 05 14 14:38:55.733532,355
,352
,366
,368
,347
,335
,354
,357
,342
,354
,363
,344
,329
,343
2026 05 14 14:38:55.794394,355
,341
,337
,347
,349
,339
,346
,355
,348
,340
,352
,365
,351
,339
2026 05 14 14:38:55.860067,359
,365
,350
,343
,351
,349
,339
,347
,362
,356
,346
,352
,353
,333
2026 05 14 14:38:55.921135,346
,358
,357
,350
,362
,373
,349
,344
,358
,371
,353
,351
,363
,359
2026 05 14 14:38:55.991401,339
,343
,367
,358
,348
,352
,361
,348
,342
,357
,360
,350
,351
,365
2026 05 14 14:38:56.049338,360
,343
,352
,362
,357
,352
,363
,370
,349
,353
,361
,358
,352
,355
2026 05 14 14:38:56.110293,366
,358
,343
,355
,351
,342
,341
,359
,354
,339
,344
,361
,349
,342
2026 05 14 14:38:56.176215,352
,365
,355
,352
,362
,366
,339
,346
,359
,355
,338
,351
,366
,352
2026 05 14 14:38:56.237778,344
,341
,356
,352
,347
,359
,366
,346
,352
,365
,348
,340
,353
,368
2026 05 14 14:38:56.303230,353
,341
,355
,361
,353
,359
,369
,360
,351
,353
,359
,345
,338
,353
2026 05 14 14:38:56.363935,354
,348
,348
,359
,358
,340
,348
,359
,350
,342
,356
,363
,354
,353
2026 05 14 14:38:56.428451,367
,361
,337
,345
,351
,338
,331
,347
,361
,346
,341
,359
,356
,335
2026 05 14 14:38:56.493258,339
,347
,344
,329
,340
,352
,335
,327
,341
,351
,342
,344
,358
,358
2026 05 14 14:38:56.553121,347
,351
,365
,349
,344
,359
,366
,351
,343
,347
,350
,345
,355
,359
2026 05 14 14:38:56.618859,355
,363
,367
,371
,354
,348
,370
,366
,352
,353
,366
,359
,347
,363
2026 05 14 14:38:56.679279,372
,358
,351
,357
,359
,348
,351
,363
,358
,350
,355
,364
,353
,346
2026 05 14 14:38:56.741250,358
,364
,359
,360
,365
,350
,339
,350
,368
,355
,338
,349
,362
,354
2026 05 14 14:38:56.806349,348
,355
,354
,344
,352
,360
,353
,341
,349
,361
,353
,340
,355
,357
2026 05 14 14:38:56.868730,347
,349
,363
,363
,355
,359
,364
,356
,344
,357
,361
,347
,344
,357
2026 05 14 14:38:56.933442,357
,357
,363
,369
,352
,339
,352
,363
,346
,344
,359
,358
,344
,349
2026 05 14 14:38:56.995711,364
,354
,344
,356
,373
,363
,352
,358
,360
,351
,349
,362
,351
,337
2026 05 14 14:38:57.057653,353
,373
,359
,350
,363
,363
,349
,345
,360
,357
,345
,355
,363
,356
2026 05 14 14:38:57.122736,344
,351
,358
,345
,349
,358
,368
,349
,349
,360
,359
,341
,355
,370
2026 05 14 14:38:57.183841,358
,345
,359
,368
,348
,340
,353
,358
,348
,353
,367
,358
,348
,364
2026 05 14 14:38:57.244331,374
,356
,348
,362
,361
,345
,357
,364
,350
,341
,356
,368
,353
,343
2026 05 14 14:38:57.311029,360
,365
,345
,349
,361
,354
,344
,350
,357
,344
,343
,356
,367
,358
2026 05 14 14:38:57.373755,351
,357
,352
,344
,349
,363
,345
,337
,353
,356
,343
,343
,355
,344
2026 05 14 14:38:57.439940,336
,345
,362
,357
,342
,352
,368
,351
,348
,361
,359
,346
,346
,357
2026 05 14 14:38:57.499303,356
,345
,355
,365
,348
,341
,352
,356
,342
,343
,361
,357
,345
,350
2026 05 14 14:38:57.560632,362
,348
,343
,364
,368
,356
,348
,358
,356
,344
,348
,362
,355
,346
2026 05 14 14:38:57.626401,357
,369
,340
,338
,349
,348
,336
,343
,361
,356
,338
,354
,363
,347
2026 05 14 14:38:57.689405,343
,359
,363
,348
,346
,355
,356
,346
,355
,361
,346
,342
,352
,358
2026 05 14 14:38:57.753133,344
,348
,369
,357
,333
,343
,363
,352
,345
,357
,366
,356
,341
,353
2026 05 14 14:38:57.814543,354
,340
,339
,357
,348
,341
,350
,359
,351
,351
,357
,364
,345
,345
2026 05 14 14:38:57.875970,352
,351
,340
,349
,360
,345
,341
,355
,363
,350
,343
,353
,359
,349
2026 05 14 14:38:57.941691,356
,370
,361
,351
,358
,360
,332
,330
,345
,347
,339
,342
,358
,350
2026 05 14 14:38:58.005995,340
,348
,361
,349
,334
,354
,359
,345
,348
,361
,347
,332
,340
,353
2026 05 14 14:38:58.068605,341
,337
,349
,362
,347
,340
,345
,346
,335
,342
,354
,340
,331
,344
2026 05 14 14:38:58.129736,359
,355
,342
,341
,340
,329
,334
,346
,342
,333
,352
,367
,353
,343
2026 05 14 14:38:58.190694,362
,362
,351
,347
,359
,354
,349
,360
,367
,357
,356
,376
,372
,351
2026 05 14 14:38:58.257566,344
,361
,364
,352
,357
,366
,356
,345
,354
,366
,351
,350
,366
,368
2026 05 14 14:38:58.317723,348
,352
,369
,356
,344
,348
,359
,339
,337
,348
,349
,336
,334
,344
2026 05 14 14:38:58.383603,346
,335
,348
,361
,350
,338
,347
,356
,343
,337
,350
,351
,340
,343
2026 05 14 14:38:58.445368,354
,332
,322
,341
,355
,348
,341
,349
,349
,338
,339
,345
,338
,329
2026 05 14 14:38:58.505948,338
,348
,344
,341
,351
,359
,344
,344
,358
,355
,341
,345
,357
,345
2026 05 14 14:38:58.574338,339
,352
,355
,346
,345
,363
,343
,324
,337
,351
,334
,330
,347
,359
2026 05 14 14:38:58.632708,345
,342
,347
,357
,345
,348
,352
,346
,336
,349
,361
,355
,349
,353
2026 05 14 14:38:58.699202,347
,336
,341
,343
,349
,340
,343
,355
,349
,346
,363
,365
,348
,343
2026 05 14 14:38:58.760429,350
,354
,339
,347
,356
,332
,331
,335
,338
,336
,343
,356
,350
,335
2026 05 14 14:38:58.824664,337
,354
,348
,340
,354
,364
,348
,332
,342
,350
,341
,341
,353
,351
2026 05 14 14:38:58.888364,336
,337
,355
,344
,338
,354
,350
,332
,336
,351
,349
,340
,337
,355
2026 05 14 14:38:58.949026,345
,331
,344
,360
,346
,340
,351
,348
,343
,351
,354
,349
,337
,347
2026 05 14 14:38:59.014217,361
,346
,334
,347
,350
,340
,347
,365
,357
,337
,342
,357
,347
,337
2026 05 14 14:38:59.076307,351
,358
,342
,337
,349
,351
,337
,345
,357
,348
,339
,352
,364
,353
2026 05 14 14:38:59.141336,340
,344
,340
,331
,339
,359
,354
,346
,352
,357
,342
,336
,352
,358
2026 05 14 14:38:59.203473,346
,347
,360
,359
,349
,355
,358
,351
,344
,347
,360
,343
,340
,360
2026 05 14 14:38:59.264473,356
,341
,343
,356
,349
,334
,345
,358
,344
,336
,350
,356
,344
,348
2026 05 14 14:38:59.329555,360
,352
,344
,359
,368
,357
,343
,354
,359
,349
,352
,363
,355
,344
2026 05 14 14:38:59.391751,353
,365
,351
,344
,353
,358
,345
,348
,359
,358
,343
,345
,366
,358
2026 05 14 14:38:59.453746,349
,359
,362
,345
,347
,357
,366
,349
,343
,347
,339
,332
,342
,354
2026 05 14 14:38:59.521126,343
,341
,351
,357
,347
,344
,354
,351
,340
,353
,364
,352
,346
,364
2026 05 14 14:38:59.579816,358
,341
,339
,351
,342
,333
,337
,357
,354
,340
,337
,345
,339
,334
2026 05 14 14:38:59.645471,345
,341
,335
,342
,354
,345
,340
,347
,358
,346
,332
,350
,363
,354
2026 05 14 14:38:59.707232,349
,360
,347
,339
,351
,362
,344
,327
,348
,353
,336
,335
,350
,358
2026 05 14 14:38:59.768961,346
,349
,363
,356
,346
,360
,367
,354
,344
,359
,364
,351
,350
,361
2026 05 14 14:38:59.832455,351
,334
,344
,353
,337
,331
,344
,351
,342
,344
,356
,350
,339
,347
2026 05 14 14:38:59.894747,358
,350
,341
,353
,356
,343
,340
,352
,352
,350
,355
,363
,348
,335
2026 05 14 14:38:59.960780,339
,353
,341
,336
,347
,341
,325
,332
,346
,339
,330
,344
,356
,341
2026 05 14 14:39:00.020863,331
,343
,344
,333
,334
,352
,352
,347
,362
,353
,338
,332
,343
,355
2026 05 14 14:39:00.086845,342
,341
,354
,350
,343
,350
,367
,361
,351
,367
,373
,357
,339
,351
2026 05 14 14:39:00.149100,356
,352
,355
,366
,362
,357
,369
,381
,365
,350
,362
,373
,350
,351
2026 05 14 14:39:00.210649,354
,351
,349
,351
,364
,348
,340
,351
,357
,347
,347
,358
,358
,348
2026 05 14 14:39:00.275784,355
,367
,351
,340
,351
,362
,341
,336
,352
,373
,357
,356
,367
,358
2026 05 14 14:39:00.336628,344
,349
,363
,347
,341
,349
,355
,342
,340
,357
,356
,349
,358
,368
2026 05 14 14:39:00.398513,355
,347
,357
,359
,343
,344
,362
,362
,354
,352
,357
,347
,337
,340
2026 05 14 14:39:00.464523,352
,345
,336
,353
,360
,348
,343
,353
,349
,339
,347
,355
,348
,342
2026 05 14 14:39:00.525772,358
,363
,338
,345
,356
,350
,347
,352
,358
,347
,343
,354
,364
,348
2026 05 14 14:39:00.592023,349
,363
,367
,350
,349
,353
,354
,352
,363
,364
,355
,347
,356
,351
2026 05 14 14:39:00.656504,336
,343
,355
,360
,352
,361
,367
,354
,343
,362
,374
,363
,365
,369
2026 05 14 14:39:00.713797,359
,354
,359
,371
,359
,355
,371
,382
,367
,357
,352
,359
,351
,359
2026 05 14 14:39:00.779556,366
,354
,341
,352
,363
,349
,345
,366
,373
,355
,352
,363
,369
,361
2026 05 14 14:39:00.841501,371
,386
,368
,362
,370
,381
,366
,369
,376
,366
,353
,360
,382
,363
2026 05 14 14:39:00.907683,349
,365
,375
,364
,361
,374
,380
,373
,372
,373
,363
,358
,363
,369
2026 05 14 14:39:00.968371,357
,344
,366
,368
,353
,353
,365
,361
,350
,360
,372
,358
,347
,361
2026 05 14 14:39:01.029038,372
,360
,353
,369
,373
,369
,360
,365
,353
,341
,356
,364
,350
,344
2026 05 14 14:39:01.095273,358
,360
,347
,351
,374
,372
,360
,365
,371
,355
,350
,369
,373
,354
2026 05 14 14:39:01.155874,362
,369
,360
,353
,349
,360
,359
,349
,363
,370
,353
,351
,363
,360
2026 05 14 14:39:01.218229,349
,353
,369
,365
,359
,369
,376
,351
,340
,348
,351
,344
,352
,360
2026 05 14 14:39:01.282722,357
,343
,353
,362
,353
,346
,367
,377
,366
,355
,352
,353
,347
,359
2026 05 14 14:39:01.344164,364
,352
,344
,359
,364
,352
,350
,360
,361
,348
,348
,362
,356
,349
2026 05 14 14:39:01.411169,362
,365
,352
,351
,365
,367
,356
,357
,368
,361
,332
,336
,357
,347
2026 05 14 14:39:01.471106,341
,350
,351
,342
,341
,359
,356
,338
,344
,360
,351
,343
,351
,354
2026 05 14 14:39:01.532940,333
,334
,349
,352
,340
,348
,358
,341
,337
,357
,365
,350
,344
,355
2026 05 14 14:39:01.599259,355
,346
,348
,352
,343
,332
,342
,349
,340
,339
,354
,361
,352
,352
2026 05 14 14:39:01.660562,352
,347
,338
,354
,351
,338
,330
,339
,348
,334
,341
,360
,356
,337
2026 05 14 14:39:01.725659,347
,362
,348
,334
,342
,351
,342
,346
,360
,360
,341
,324
,338
,338
2026 05 14 14:39:01.790024,332
,344
,349
,338
,329
,339
,341
,331
,331
,346
,337
,332
,343
,355
2026 05 14 14:39:01.848731,344
,339
,352
,359
,348
,346
,359
,364
,347
,347
,356
,351
,342
,350
2026 05 14 14:39:01.914585,360
,342
,341
,352
,352
,329
,333
,352
,346
,341
,345
,345
,335
,334
2026 05 14 14:39:01.975987,352
,352
,343
,343
,356
,354
,341
,342
,362
,354
,347
,357
,357
,346
2026 05 14 14:39:02.043700,354
,363
,355
,343
,351
,362
,354
,341
,351
,356
,342
,339
,356
,352
2026 05 14 14:39:02.102985,338
,346
,355
,348
,344
,350
,359
,341
,343
,355
,364
,344
,337
,352
2026 05 14 14:39:02.163752,348
,340
,342
,356
,350
,338
,346
,348
,344
,346
,359
,362
,346
,351
2026 05 14 14:39:02.229310,353
,349
,341
,354
,359
,349
,348
,362
,360
,334
,339
,358
,356
,345
2026 05 14 14:39:02.290716,354
,361
,346
,344
,353
,362
,345
,340
,355
,345
,337
,347
,361
,349
2026 05 14 14:39:02.356364,344
,357
,365
,350
,343
,356
,360
,352
,355
,364
,350
,330
,337
,354
2026 05 14 14:39:02.417727,342
,339
,350
,349
,330
,333
,349
,342
,336
,347
,361
,347
,346
,365
2026 05 14 14:39:02.479690,366
,345
,340
,353
,357
,352
,361
,361
,353
,337
,339
,353
,336
,339
2026 05 14 14:39:02.545312,358
,359
,346
,347
,361
,356
,351
,355
,359
,342
,339
,347
,350
,339
2026 05 14 14:39:02.605922,337
,357
,354
,340
,350
,354
,339
,332
,343
,350
,343
,342
,362
,361
2026 05 14 14:39:02.670948,343
,343
,357
,346
,338
,350
,356
,346
,346
,356
,360
,350
,354
,369
2026 05 14 14:39:02.733388,362
,354
,361
,365
,347
,346
,362
,364
,347
,352
,363
,353
,341
,350
2026 05 14 14:39:02.794594,361
,351
,344
,361
,366
,357
,354
,370
,365
,349
,355
,372
,355
,339
2026 05 14 14:39:02.860709,353
,366
,350
,342
,356
,363
,349
,345
,354
,354
,343
,348
,360
,351
2026 05 14 14:39:02.922215,346
,356
,357
,343
,348
,365
,362
,338
,342
,353
,345
,345
,357
,362
2026 05 14 14:39:02.988144,341
,334
,353
,356
,341
,346
,359
,344
,340
,354
,360
,346
,333
,348
2026 05 14 14:39:03.049062,351
,341
,343
,350
,345
,338
,349
,362
,351
,345
,356
,354
,345
,342
2026 05 14 14:39:03.109757,358
,350
,342
,350
,355
,334
,330
,346
,352
,339
,337
,354
,346
,334
2026 05 14 14:39:03.176007,341
,354
,348
,334
,344
,352
,338
,329
,342
,341
,336
,333
,342
,332
2026 05 14 14:39:03.239725,325
,334
,345
,329
,328
,339
,346
,332
,338
,351
,345
,333
,342
,353
2026 05 14 14:39:03.302984,335
,334
,352
,361
,344
,341
,353
,350
,339
,343
,357
,348
,339
,346
2026 05 14 14:39:03.364119,357
,338
,340
,351
,357
,349
,349
,357
,347
,346
,356
,365
,352
,343
2026 05 14 14:39:03.425869,351
,356
,347
,347
,364
,361
,347
,356
,364
,345
,342
,353
,360
,349
2026 05 14 14:39:03.491366,343
,356
,354
,346
,345
,359
,352
,340
,350
,360
,346
,344
,357
,361
2026 05 14 14:39:03.557345,344
,340
,357
,348
,341
,353
,364
,344
,332
,344
,360
,345
,341
,350
2026 05 14 14:39:03.620741,344
,337
,341
,357
,346
,337
,352
,357
,347
,348
,352
,345
,332
,342
2026 05 14 14:39:03.679369,352
,343
,334
,354
,362
,341
,332
,336
,346
,339
,346
,361
,354
,342
2026 05 14 14:39:03.740914,352
,362
,348
,343
,357
,364
,352
,353
,355
,362
,352
,353
,366
,360
2026 05 14 14:39:03.806600,347
,359
,359
,340
,337
,355
,357
,345
,353
,364
,355
,340
,357
,367
2026 05 14 14:39:03.870906,350
,351
,363
,364
,352
,348
,356
,352
,351
,364
,376
,358
,351
,370
2026 05 14 14:39:03.937665,377
,354
,353
,360
,359
,341
,347
,362
,354
,345
,358
,364
,350
,348
2026 05 14 14:39:03.994537,356
,357
,347
,349
,362
,354
,345
,355
,363
,347
,340
,351
,363
,359
2026 05 14 14:39:04.056483,360
,369
,362
,347
,350
,364
,355
,347
,357
,364
,351
,351
,367
,361
2026 05 14 14:39:04.120895,350
,359
,368
,351
,344
,358
,367
,345
,339
,355
,359
,347
,342
,351
2026 05 14 14:39:04.187847,349
,336
,347
,359
,351
,342
,356
,358
,346
,350
,363
,359
,350
,354
2026 05 14 14:39:04.251065,364
,348
,339
,337
,343
,334
,335
,349
,349
,342
,345
,361
,352
,339
2026 05 14 14:39:04.310914,349
,357
,344
,347
,359
,357
,348
,350
,360
,348
,341
,351
,360
,351
2026 05 14 14:39:04.371429,341
,350
,357
,351
,339
,354
,349
,337
,345
,358
,352
,340
,357
,366
2026 05 14 14:39:04.437117,343
,341
,366
,360
,346
,352
,363
,354
,348
,356
,362
,349
,351
,365
2026 05 14 14:39:04.498770,369
,348
,349
,362
,355
,345
,350
,355
,344
,336
,351
,362
,350
,348
2026 05 14 14:39:04.563946,353
,349
,340
,346
,356
,350
,342
,357
,366
,351
,350
,361
,353
,339
2026 05 14 14:39:04.625621,348
,355
,350
,335
,348
,349
,333
,329
,348
,353
,335
,336
,352
,346
2026 05 14 14:39:04.687179,334
,340
,349
,341
,337
,348
,350
,338
,336
,354
,357
,348
,351
,366
2026 05 14 14:39:04.752632,352
,328
,337
,355
,344
,347
,352
,349
,337
,341
,354
,347
,336
,350
2026 05 14 14:39:04.814199,360
,348
,338
,349
,354
,346
,346
,356
,355
,349
,354
,362
,353
,337
2026 05 14 14:39:04.879656,347
,348
,335
,327
,340
,342
,337
,345
,360
,352
,348
,357
,365
,348
2026 05 14 14:39:04.941379,344
,360
,354
,343
,353
,363
,360
,357
,358
,362
,352
,339
,349
,352
2026 05 14 14:39:05.002375,338
,342
,355
,354
,343
,357
,362
,339
,326
,349
,356
,343
,347
,356
2026 05 14 14:39:05.068793,357
,347
,357
,362
,349
,344
,354
,360
,346
,338
,351
,348
,340
,344
2026 05 14 14:39:05.129871,362
,355
,347
,364
,367
,345
,344
,361
,363
,350
,352
,363
,355
,350
2026 05 14 14:39:05.191353,353
,351
,343
,341
,357
,366
,350
,351
,362
,362
,348
,347
,363
,358
2026 05 14 14:39:05.257415,353
,364
,366
,350
,345
,360
,353
,337
,340
,351
,346
,339
,349
,353
2026 05 14 14:39:05.317819,346
,341
,359
,362
,347
,349
,354
,354
,346
,356
,363
,352
,346
,364
2026 05 14 14:39:05.385741,369
,347
,334
,346
,342
,334
,343
,359
,358
,347
,356
,366
,354
,348
2026 05 14 14:39:05.445203,361
,363
,351
,360
,367
,351
,334
,349
,365
,357
,340
,350
,349
,342
2026 05 14 14:39:05.505741,340
,356
,356
,342
,346
,358
,351
,342
,351
,359
,349
,340
,345
,348
2026 05 14 14:39:05.572202,338
,342
,352
,346
,340
,356
,367
,350
,341
,350
,345
,337
,343
,359
2026 05 14 14:39:05.636224,353
,339
,343
,357
,345
,333
,344
,356
,350
,350
,365
,360
,349
,355
2026 05 14 14:39:05.700513,366
,361
,350
,356
,365
,344
,343
,361
,357
,333
,335
,353
,348
,340
2026 05 14 14:39:05.760285,348
,357
,345
,337
,353
,349
,336
,342
,356
,353
,345
,354
,364
,350
2026 05 14 14:39:05.821489,344
,360
,371
,344
,340
,350
,341
,337
,344
,354
,343
,332
,350
,363
2026 05 14 14:39:05.887428,353
,349
,361
,363
,344
,350
,366
,359
,346
,359
,372
,359
,343
,348
2026 05 14 14:39:05.948196,355
,342
,341
,358
,354
,336
,341
,349
,340
,335
,350
,359
,344
,345
2026 05 14 14:39:06.014812,354
,353
,344
,352
,357
,343
,338
,353
,361
,346
,338
,345
,349
,334
2026 05 14 14:39:06.075599,331
,343
,336
,329
,342
,357
,348
,352
,359
,360
,341
,345
,361
,362
2026 05 14 14:39:06.137240,354
,360
,369
,342
,334
,349
,357
,344
,344
,358
,356
,346
,344
,358
2026 05 14 14:39:06.203307,344
,340
,349
,356
,345
,342
,358
,359
,343
,341
,349
,345
,335
,340
2026 05 14 14:39:06.264081,351
,344
,338
,353
,355
,344
,346
,350
,343
,335
,344
,358
,347
,338
2026 05 14 14:39:06.329760,355
,362
,347
,339
,342
,349
,342
,347
,358
,349
,335
,346
,363
,348
2026 05 14 14:39:06.392562,347
,358
,354
,341
,346
,355
,351
,343
,348
,355
,343
,348
,364
,358
2026 05 14 14:39:06.452353,340
,334
,352
,347
,336
,349
,363
,352
,342
,352
,363
,353
,347
,361
2026 05 14 14:39:06.518269,356
,342
,355
,363
,349
,335
,345
,354
,340
,332
,345
,349
,343
,349
2026 05 14 14:39:06.579094,357
,356
,342
,350
,356
,346
,339
,358
,364
,356
,347
,348
,347
,342
2026 05 14 14:39:06.644509,343
,354
,348
,334
,347
,358
,347
,342
,359
,358
,343
,345
,360
,355
2026 05 14 14:39:06.709063,343
,354
,363
,351
,348
,353
,355
,347
,357
,365
,360
,352
,346
,354
2026 05 14 14:39:06.767855,343
,336
,356
,362
,340
,340
,355
,354
,344
,347
,358
,353
,349
,363
2026 05 14 14:39:06.833337,374
,354
,347
,362
,362
,340
,348
,366
,359
,347
,344
,356
,350
,343
2026 05 14 14:39:06.894910,348
,351
,341
,350
,364
,358
,345
,356
,366
,340
,342
,357
,358
,349
2026 05 14 14:39:06.960953,343
,359
,355
,339
,347
,362
,361
,337
,335
,349
,339
,336
,345
,348
2026 05 14 14:39:07.024228,340
,346
,370
,363
,351
,368
,360
,346
,341
,353
,362
,353
,352
,364
2026 05 14 14:39:07.082762,365
,357
,358
,365
,360
,351
,353
,361
,346
,342
,355
,358
,349
,359
2026 05 14 14:39:07.149004,371
,362
,351
,364
,377
,356
,351
,367
,366
,347
,351
,358
,361
,352
2026 05 14 14:39:07.210861,361
,362
,343
,338
,355
,358
,345
,347
,355
,356
,346
,355
,366
,353
2026 05 14 14:39:07.276008,345
,356
,371
,360
,360
,366
,362
,357
,351
,360
,348
,334
,332
,350
2026 05 14 14:39:07.337454,346
,340
,359
,356
,341
,345
,355
,344
,333
,346
,362
,348
,343
,358
2026 05 14 14:39:07.399140,358
,346
,337
,348
,343
,334
,341
,348
,334
,327
,345
,348
,331
,338
2026 05 14 14:39:07.463589,356
,354
,339
,350
,365
,350
,344
,359
,364
,352
,348
,364
,362
,350
2026 05 14 14:39:07.525500,347
,360
,354
,345
,352
,359
,347
,342
,352
,349
,340
,341
,357
,354
2026 05 14 14:39:07.591535,341
,346
,355
,342
,338
,349
,363
,351
,354
,362
,355
,346
,343
,359
2026 05 14 14:39:07.654462,354
,337
,345
,354
,344
,340
,350
,349
,339
,345
,356
,353
,342
,352
2026 05 14 14:39:07.713419,361
,352
,339
,350
,357
,332
,333
,347
,349
,344
,347
,348
,337
,333
2026 05 14 14:39:07.779007,347
,356
,342
,336
,349
,352
,343
,350
,361
,356
,347
,358
,366
,346
2026 05 14 14:39:07.840652,342
,357
,363
,352
,347
,354
,348
,346
,356
,361
,344
,340
,350
,359
2026 05 14 14:39:07.906598,348
,337
,367
,356
,339
,346
,362
,352
,339
,352
,364
,351
,351
,358
2026 05 14 14:39:07.969399,351
,336
,339
,358
,353
,336
,349
,358
,347
,343
,347
,351
,340
,339
2026 05 14 14:39:08.029187,362
,361
,352
,357
,369
,354
,345
,356
,361
,344
,347
,359
,359
,349
2026 05 14 14:39:08.095016,349
,363
,350
,344
,356
,365
,350
,345
,357
,363
,359
,361
,360
,348
2026 05 14 14:39:08.156750,331
,336
,352
,342
,332
,352
,357
,336
,340
,356
,353
,340
,346
,361
2026 05 14 14:39:08.221965,352
,330
,345
,360
,346
,348
,357
,349
,343
,350
,365
,355
,346
,347
2026 05 14 14:39:08.285351,359
,345
,338
,358
,361
,354
,357
,368
,357
,345
,349
,368
,345
,331
2026 05 14 14:39:08.344341,348
,359
,350
,345
,356
,360
,347
,352
,362
,347
,337
,346
,357
,348
2026 05 14 14:39:08.410553,349
,364
,355
,350
,354
,367
,354
,345
,356
,366
,349
,347
,360
,359
2026 05 14 14:39:08.472119,339
,343
,359
,346
,339
,345
,351
,341
,339
,351
,355
,353
,347
,358
2026 05 14 14:39:08.536771,349
,331
,334
,347
,338
,333
,347
,357
,347
,346
,349
,350
,339
,347
2026 05 14 14:39:08.601202,361
,349
,330
,347
,361
,357
,342
,358
,360
,336
,341
,361
,355
,337
2026 05 14 14:39:08.659582,340
,356
,346
,337
,351
,350
,332
,335
,347
,349
,335
,339
,346
,347
2026 05 14 14:39:08.725941,342
,353
,357
,350
,351
,362
,359
,348
,354
,361
,350
,344
,353
,364
2026 05 14 14:39:08.787508,351
,343
,359
,361
,343
,344
,353
,354
,345
,352
,358
,340
,338
,347
2026 05 14 14:39:08.852728,356
,347
,348
,359
,360
,346
,351
,355
,344
,334
,349
,358
,346
,338
2026 05 14 14:39:08.913455,354
,353
,337
,350
,367
,349
,336
,350
,362
,347
,337
,349
,356
,347
2026 05 14 14:39:08.975678,347
,357
,351
,339
,347
,362
,351
,342
,356
,363
,348
,347
,356
,351
2026 05 14 14:39:09.041306,341
,350
,365
,351
,341
,350
,357
,338
,328
,342
,348
,333
,336
,350
2026 05 14 14:39:09.103491,343
,332
,341
,349
,345
,337
,351
,358
,351
,354
,352
,349
,339
,341
2026 05 14 14:39:09.169261,350
,348
,343
,351
,357
,346
,342
,354
,354
,344
,349
,346
,339
,331
2026 05 14 14:39:09.228920,339
,362
,344
,340
,354
,354
,343
,349
,363
,356
,344
,347
,364
,349
2026 05 14 14:39:09.290372,338
,346
,352
,343
,341
,352
,346
,339
,341
,344
,342
,337
,351
,358
2026 05 14 14:39:09.356578,345
,337
,353
,355
,344
,348
,357
,347
,338
,355
,365
,355
,353
,360
2026 05 14 14:39:09.418441,347
,331
,337
,349
,341
,333
,346
,350
,340
,329
,345
,354
,347
,350
2026 05 14 14:39:09.479208,363
,354
,344
,351
,358
,352
,345
,358
,364
,349
,343
,355
,353
,343
2026 05 14 14:39:09.545052,349
,353
,341
,340
,353
,362
,353
,344
,355
,356
,347
,352
,360
,359
2026 05 14 14:39:09.606022,352
,363
,367
,351
,343
,356
,352
,346
,347
,361
,355
,342
,345
,355
2026 05 14 14:39:09.671288,352
,342
,354
,366
,355
,345
,355
,358
,349
,348
,357
,344
,332
,338
2026 05 14 14:39:09.733346,341
,331
,324
,344
,359
,349
,340
,349
,347
,338
,349
,358
,345
,341
2026 05 14 14:39:09.794688,353
,362
,350
,349
,358
,345
,330
,335
,349
,339
,337
,351
,357
,338
2026 05 14 14:39:09.860479,339
,346
,351
,340
,340
,359
,342
,341
,352
,352
,346
,346
,345
,354
2026 05 14 14:39:09.921141,342
,339
,354
,348
,327
,340
,358
,346
,337
,352
,349
,346
,338
,348
2026 05 14 14:39:09.987431,348
,324
,335
,349
,340
,327
,339
,339
,319
,327
,357
,353
,341
,349
2026 05 14 14:39:10.048628,359
,363
,354
,346
,357
,342
,342
,360
,372
,362
,366
,380
,371
,355
2026 05 14 14:39:10.109471,345
,352
,351
,347
,358
,352
,340
,343
,359
,368
,355
,357
,366
,362
2026 05 14 14:39:10.175702,356
,352
,357
,344
,343
,363
,371
,359
,358
,368
,352
,340
,352
,365
2026 05 14 14:39:10.237282,358
,348
,352
,358
,349
,353
,358
,337
,333
,336
,349
,344
,333
,348
2026 05 14 14:39:10.302492,358
,354
,353
,357
,358
,353
,360
,372
,360
,350
,345
,351
,353
,336
2026 05 14 14:39:10.363892,352
,360
,352
,351
,356
,342
,333
,348
,367
,352
,346
,364
,377
,363
2026 05 14 14:39:10.425648,353
,364
,345
,324
,329
,348
,336
,326
,346
,351
,338
,340
,346
,349
2026 05 14 14:39:10.491246,339
,346
,353
,346
,351
,363
,366
,345
,334
,345
,347
,334
,344
,353
2026 05 14 14:39:10.552595,349
,340
,351
,358
,353
,339
,339
,336
,328
,340
,355
,347
,344
,346
2026 05 14 14:39:10.618139,353
,335
,329
,341
,343
,334
,334
,350
,349
,336
,346
,358
,352
,345
2026 05 14 14:39:10.679026,356
,368
,353
,335
,346
,346
,334
,332
,350
,329
,323
,337
,349
,343
2026 05 14 14:39:10.741119,336
,351
,362
,350
,350
,359
,357
,353
,361
,367
,347
,338
,336
,334
2026 05 14 14:39:10.806731,338
,342
,348
,342
,336
,345
,356
,348
,342
,353
,360
,354
,348
,363
2026 05 14 14:39:10.867771,369
,357
,365
,357
,336
,334
,340
,353
,336
,328
,340
,344
,334
,341
2026 05 14 14:39:10.933535,346
,347
,348
,367
,371
,355
,354
,367
,374
,366
,357
,364
,369
,362
2026 05 14 14:39:10.994983,364
,375
,345
,334
,345
,355
,338
,339
,352
,350
,346
,350
,357
,352
2026 05 14 14:39:11.055630,347
,361
,371
,357
,350
,367
,381
,374
,357
,350
,352
,340
,348
,362
2026 05 14 14:39:11.122410,346
,339
,357
,362
,344
,345
,356
,357
,352
,350
,366
,357
,353
,364
2026 05 14 14:39:11.183344,376
,363
,352
,366
,371
,352
,348
,357
,350
,338
,349
,360
,345
,340
2026 05 14 14:39:11.248233,353
,350
,340
,345
,358
,354
,343
,354
,378
,365
,341
,348
,362
,350
2026 05 14 14:39:11.310401,345
,349
,352
,347
,346
,361
,350
,343
,355
,368
,347
,349
,360
,358
2026 05 14 14:39:11.370845,350
,357
,374
,367
,351
,362
,379
,370
,351
,357
,370
,355
,353
,356
2026 05 14 14:39:11.436996,352
,343
,355
,361
,350
,341
,352
,367
,351
,354
,361
,357
,356
,367
2026 05 14 14:39:11.498905,383
,380
,351
,350
,362
,352
,350
,369
,365
,355
,354
,367
,357
,344
2026 05 14 14:39:11.564406,353
,365
,355
,355
,369
,369
,355
,358
,369
,362
,347
,347
,356
,345
2026 05 14 14:39:11.626149,337
,361
,364
,347
,344
,355
,354
,347
,358
,368
,361
,356
,356
,361
2026 05 14 14:39:11.687241,345
,350
,369
,366
,347
,343
,360
,356
,343
,354
,362
,356
,351
,358
2026 05 14 14:39:11.752703,364
,353
,348
,361
,362
,356
,364
,372
,366
,354
,355
,363
,350
,352
2026 05 14 14:39:11.813629,359
,357
,343
,343
,360
,354
,348
,354
,366
,356
,349
,355
,355
,348
2026 05 14 14:39:11.879651,345
,358
,360
,348
,345
,355
,352
,351
,363
,366
,348
,355
,373
,372
2026 05 14 14:39:11.940378,364
,368
,378
,366
,360
,366
,376
,361
,366
,365
,366
,350
,351
,368
2026 05 14 14:39:12.002524,356
,347
,360
,377
,361
,356
,369
,352
,334
,346
,370
,373
,366
,365
2026 05 14 14:39:12.067717,369
,359
,346
,349
,357
,347
,344
,353
,357
,351
,357
,356
,348
,347
2026 05 14 14:39:12.128944,358
,366
,352
,348
,359
,356
,347
,354
,361
,352
,338
,349
,354
,346
2026 05 14 14:39:12.194825,346
,353
,348
,345
,344
,359
,354
,347
,357
,370
,362
,348
,348
,361
2026 05 14 14:39:12.256624,352
,346
,358
,358
,345
,353
,360
,348
,343
,352
,362
,351
,347
,354
2026 05 14 14:39:12.317717,355
,346
,339
,360
,351
,342
,355
,365
,353
,344
,354
,364
,346
,344
2026 05 14 14:39:12.383251,358
,349
,340
,347
,365
,366
,349
,350
,350
,345
,347
,353
,350
,337
2026 05 14 14:39:12.444473,330
,338
,334
,333
,345
,351
,341
,334
,350
,352
,341
,344
,352
,346
2026 05 14 14:39:12.509626,341
,355
,363
,356
,353
,345
,347
,336
,339
,356
,349
,345
,365
,369
2026 05 14 14:39:12.571915,347
,341
,356
,365
,348
,347
,362
,364
,354
,351
,366
,357
,338
,352
2026 05 14 14:39:12.632428,365
,354
,353
,367
,363
,350
,356
,367
,357
,347
,351
,357
,346
,341
2026 05 14 14:39:12.699283,357
,350
,334
,341
,353
,354
,345
,354
,367
,352
,340
,347
,354
,345
2026 05 14 14:39:12.759820,345
,361
,360
,337
,331
,350
,346
,337
,356
,357
,347
,347
,361
,358
2026 05 14 14:39:12.825471,346
,346
,362
,353
,346
,347
,352
,346
,343
,359
,369
,351
,330
,345
2026 05 14 14:39:12.886969,341
,326
,335
,351
,346
,341
,346
,357
,346
,339
,352
,353
,352
,364
2026 05 14 14:39:12.948777,371
,355
,346
,364
,375
,362
,345
,332
,334
,327
,330
,344
,343
,341
2026 05 14 14:39:13.013829,350
,367
,360
,350
,359
,358
,342
,343
,360
,353
,344
,350
,360
,347
2026 05 14 14:39:13.074492,344
,357
,354
,330
,331
,348
,350
,346
,353
,359
,353
,344
,348
,365
2026 05 14 14:39:13.140466,350
,352
,354
,358
,357
,356
,362
,348
,351
,358
,357
,336
,345
,347
2026 05 14 14:39:13.202703,355
,341
,343
,357
,355
,349
,357
,369
,360
,356
,365
,374
,359
,355
2026 05 14 14:39:13.263609,363
,357
,345
,352
,365
,340
,320
,337
,348
,338
,341
,354
,358
,347
2026 05 14 14:39:13.329131,350
,367
,363
,349
,354
,361
,349
,344
,366
,368
,358
,342
,350
,346
2026 05 14 14:39:13.392716,333
,345
,357
,349
,340
,353
,368
,354
,349
,360
,360
,356
,364
,380
2026 05 14 14:39:13.452696,357
,344
,355
,360
,352
,352
,366
,374
,357
,343
,351
,345
,336
,350
2026 05 14 14:39:13.518050,360
,355
,351
,356
,360
,351
,351
,366
,346
,338
,352
,370
,359
,341
2026 05 14 14:39:13.579832,361
,370
,362
,355
,355
,349
,338
,352
,363
,357
,351
,354
,357
,342
2026 05 14 14:39:13.644888,339
,353
,361
,355
,357
,369
,362
,354
,362
,375
,362
,359
,363
,359
2026 05 14 14:39:13.707434,336
,344
,362
,356
,341
,338
,352
,344
,341
,354
,364
,351
,350
,369
2026 05 14 14:39:13.767971,372
,357
,350
,363
,359
,357
,368
,378
,362
,346
,346
,348
,333
,340
2026 05 14 14:39:13.833336,356
,347
,331
,342
,354
,341
,335
,350
,365
,353
,353
,368
,362
,349
2026 05 14 14:39:13.894287,360
,379
,364
,342
,337
,340
,333
,331
,348
,344
,333
,342
,353
,344
2026 05 14 14:39:13.960775,338
,351
,363
,351
,342
,362
,366
,358
,355
,360
,342
,329
,342
,356
2026 05 14 14:39:14.021233,347
,345
,344
,345
,341
,336
,347
,342
,333
,339
,348
,330
,323
,331
2026 05 14 14:39:14.083369,342
,338
,337
,350
,351
,338
,338
,347
,343
,335
,353
,354
,336
,339
2026 05 14 14:39:14.148838,352
,347
,338
,344
,355
,349
,339
,348
,358
,349
,344
,360
,362
,347
2026 05 14 14:39:14.210341,341
,352
,357
,347
,354
,362
,350
,334
,343
,355
,345
,348
,357
,357
2026 05 14 14:39:14.275784,343
,340
,352
,345
,337
,362
,365
,346
,340
,359
,363
,354
,352
,365
2026 05 14 14:39:14.337346,343
,326
,347
,368
,353
,342
,343
,350
,346
,343
,357
,352
,341
,345
2026 05 14 14:39:14.398454,358
,350
,343
,352
,364
,355
,347
,362
,357
,345
,349
,358
,358
,348
2026 05 14 14:39:14.463555,345
,359
,338
,328
,338
,347
,337
,339
,348
,342
,340
,348
,355
,354
2026 05 14 14:39:14.526371,350
,360
,364
,353
,364
,372
,364
,335
,338
,352
,348
,339
,346
,356
2026 05 14 14:39:14.591096,348
,342
,342
,344
,338
,346
,364
,354
,346
,360
,370
,354
,347
,354
2026 05 14 14:39:14.653028,342
,335
,339
,350
,345
,335
,346
,358
,349
,341
,348
,358
,346
,346
2026 05 14 14:39:14.713275,365
,356
,341
,350
,362
,353
,344
,353
,357
,340
,343
,353
,358
,348
2026 05 14 14:39:14.779723,353
,364
,351
,334
,348
,350
,343
,348
,367
,367
,343
,343
,358
,355
2026 05 14 14:39:14.840599,349
,351
,364
,358
,341
,351
,365
,351
,339
,354
,354
,344
,343
,351
2026 05 14 14:39:14.906462,346
,339
,355
,365
,360
,352
,352
,345
,333
,346
,354
,350
,350
,372
2026 05 14 14:39:14.968072,379
,357
,353
,362
,365
,356
,353
,364
,356
,340
,353
,367
,362
,346
2026 05 14 14:39:15.029536,350
,353
,338
,341
,359
,361
,356
,358
,363
,356
,342
,357
,363
,348
2026 05 14 14:39:15.094272,346
,349
,355
,342
,346
,355
,347
,341
,350
,360
,343
,340
,353
,357
2026 05 14 14:39:15.155981,342
,351
,356
,352
,346
,361
,373
,363
,350
,364
,372
,346
,332
,354
2026 05 14 14:39:15.221246,353
,337
,340
,354
,349
,347
,355
,356
,333
,343
,361
,365
,352
,356
2026 05 14 14:39:15.283311,367
,364
,354
,360
,368
,357
,355
,369
,368
,354
,341
,344
,345
,336
2026 05 14 14:39:15.344797,338
,350
,345
,338
,348
,353
,342
,341
,352
,356
,348
,358
,373
,360
2026 05 14 14:39:15.409682,359
,360
,360
,349
,337
,341
,345
,338
,338
,354
,348
,338
,349
,361
2026 05 14 14:39:15.471256,348
,339
,354
,356
,350
,350
,368
,363
,349
,361
,364
,336
,332
,350
2026 05 14 14:39:15.536427,351
,337
,336
,347
,347
,340
,345
,358
,351
,345
,357
,350
,339
,342
2026 05 14 14:39:15.598994,359
,360
,352
,348
,364
,362
,346
,351
,360
,351
,337
,353
,357
,350
2026 05 14 14:39:15.659769,347
,357
,353
,342
,352
,364
,345
,342
,354
,358
,342
,337
,352
,352
2026 05 14 14:39:15.724860,340
,346
,356
,344
,335
,348
,353
,337
,325
,342
,341
,342
,345
,349
2026 05 14 14:39:15.787801,345
,337
,350
,358
,336
,335
,347
,354
,345
,347
,354
,346
,339
,350
2026 05 14 14:39:15.852478,364
,351
,339
,352
,361
,347
,339
,351
,350
,345
,360
,363
,349
,334
2026 05 14 14:39:15.913589,348
,365
,351
,351
,353
,355
,346
,351
,349
,344
,337
,349
,359
,346
2026 05 14 14:39:15.974786,337
,343
,348
,336
,342
,359
,353
,336
,344
,357
,347
,343
,357
,369
2026 05 14 14:39:16.041416,353
,348
,364
,369
,362
,369
,378
,351
,335
,351
,357
,342
,340
,351
2026 05 14 14:39:16.101212,346
,326
,333
,348
,341
,336
,347
,364
,354
,347
,359
,368
,358
,362
2026 05 14 14:39:16.167598,371
,351
,353
,352
,361
,350
,340
,341
,352
,341
,341
,355
,353
,346
2026 05 14 14:39:16.228646,352
,361
,349
,342
,358
,371
,357
,355
,364
,367
,360
,362
,369
,346
2026 05 14 14:39:16.290448,332
,353
,369
,346
,338
,352
,356
,344
,350
,367
,360
,349
,357
,366
2026 05 14 14:39:16.356531,359
,355
,356
,362
,349
,342
,352
,351
,337
,347
,363
,351
,342
,353
2026 05 14 14:39:16.418523,364
,355
,350
,360
,363
,350
,352
,359
,351
,344
,354
,354
,342
,336
2026 05 14 14:39:16.483788,355
,357
,358
,357
,361
,357
,344
,346
,360
,349
,339
,350
,363
,353
2026 05 14 14:39:16.544271,351
,352
,354
,347
,356
,369
,350
,349
,360
,365
,348
,344
,351
,356
2026 05 14 14:39:16.605938,342
,347
,356
,348
,340
,347
,361
,340
,335
,349
,358
,355
,355
,364
2026 05 14 14:39:16.671855,360
,354
,357
,363
,348
,339
,354
,369
,354
,336
,351
,351
,342
,349
2026 05 14 14:39:16.733297,356
,351
,343
,355
,362
,344
,341
,359
,363
,348
,343
,356
,354
,343
2026 05 14 14:39:16.798714,351
,356
,345
,337
,350
,362
,348
,350
,355
,355
,346
,351
,361
,351
2026 05 14 14:39:16.860294,346
,352
,360
,340
,335
,345
,348
,347
,350
,363
,349
,330
,349
,355
2026 05 14 14:39:16.921429,336
,331
,345
,350
,341
,338
,353
,349
,338
,344
,356
,349
,349
,365
2026 05 14 14:39:16.986466,366
,352
,349
,358
,360
,345
,345
,352
,336
,325
,337
,349
,337
,333
2026 05 14 14:39:17.048804,346
,346
,336
,343
,354
,346
,339
,345
,354
,340
,339
,361
,358
,330
2026 05 14 14:39:17.114236,334
,352
,345
,338
,344
,349
,337
,334
,348
,355
,345
,345
,356
,351
2026 05 14 14:39:17.175867,343
,351
,360
,345
,335
,345
,350
,349
,338
,343
,339
,331
,336
,348
2026 05 14 14:39:17.236601,336
,330
,340
,351
,347
,343
,353
,348
,334
,337
,355
,355
,342
,351
2026 05 14 14:39:17.303165,361
,348
,343
,354
,355
,340
,346
,361
,351
,326
,332
,345
,334
,331
2026 05 14 14:39:17.363616,340
,353
,345
,344
,357
,356
,346
,348
,359
,349
,340
,353
,363
,344
2026 05 14 14:39:17.425688,340
,349
,345
,330
,331
,347
,347
,337
,345
,360
,347
,344
,362
,364
2026 05 14 14:39:17.490870,343
,331
,342
,347
,331
,338
,349
,341
,336
,350
,359
,340
,330
,346
2026 05 14 14:39:17.552375,354
,343
,344
,356
,346
,341
,356
,358
,348
,346
,352
,352
,337
,340
2026 05 14 14:39:17.617873,356
,351
,347
,354
,366
,357
,346
,356
,358
,349
,354
,370
,362
,353
2026 05 14 14:39:17.679642,358
,370
,354
,351
,367
,368
,356
,354
,365
,364
,348
,352
,362
,354
2026 05 14 14:39:17.741542,347
,356
,367
,355
,343
,353
,357
,347
,349
,362
,354
,345
,354
,366
2026 05 14 14:39:17.807036,355
,346
,357
,360
,354
,351
,365
,355
,339
,353
,363
,347
,340
,355
2026 05 14 14:39:17.867366,367
,354
,350
,362
,363
,349
,353
,362
,355
,343
,358
,369
,360
,354
2026 05 14 14:39:17.933754,370
,380
,356
,348
,363
,365
,355
,353
,358
,350
,342
,360
,367
,356
2026 05 14 14:39:17.994325,354
,364
,362
,352
,358
,372
,366
,357
,360
,367
,351
,351
,362
,361
2026 05 14 14:39:18.058445,353
,354
,366
,356
,349
,357
,371
,358
,349
,359
,363
,350
,351
,361
2026 05 14 14:39:18.122648,354
,342
,354
,365
,354
,350
,367
,382
,374
,356
,368
,361
,331
,338
2026 05 14 14:39:18.182550,349
,339
,330
,347
,359
,346
,342
,352
,355
,341
,343
,357
,354
,342
2026 05 14 14:39:18.248236,351
,361
,353
,345
,362
,361
,352
,348
,361
,355
,349
,356
,366
,356
2026 05 14 14:39:18.310290,345
,354
,361
,342
,341
,357
,358
,353
,356
,369
,346
,330
,341
,350
2026 05 14 14:39:18.370920,344
,346
,353
,351
,333
,331
,351
,346
,338
,349
,352
,343
,336
,351
2026 05 14 14:39:18.437407,359
,346
,344
,361
,355
,348
,355
,367
,357
,347
,355
,360
,350
,356
2026 05 14 14:39:18.499644,371
,350
,331
,344
,355
,344
,345
,356
,359
,340
,336
,353
,355
,343
2026 05 14 14:39:18.569037,345
,358
,350
,339
,350
,360
,349
,344
,358
,359
,348
,346
,355
,355
2026 05 14 14:39:18.625549,346
,352
,361
,353
,349
,366
,371
,348
,343
,356
,359
,337
,344
,359
2026 05 14 14:39:18.686282,343
,328
,341
,351
,341
,346
,359
,359
,347
,345
,358
,353
,345
,355
2026 05 14 14:39:18.752957,367
,348
,336
,355
,363
,347
,345
,357
,357
,349
,356
,363
,351
,337
2026 05 14 14:39:18.813393,345
,360
,348
,350
,364
,367
,357
,357
,358
,348
,340
,352
,368
,352
2026 05 14 14:39:18.880198,345
,367
,367
,348
,345
,357
,350
,340
,345
,359
,347
,341
,357
,366
2026 05 14 14:39:18.941064,351
,349
,363
,359
,350
,352
,364
,355
,349
,364
,373
,354
,353
,364
2026 05 14 14:39:19.002380,356
,345
,350
,359
,352
,356
,369
,380
,366
,347
,358
,356
,348
,350
2026 05 14 14:39:19.068524,365
,361
,344
,360
,374
,352
,340
,354
,360
,355
,355
,367
,358
,340
2026 05 14 14:39:19.129354,336
,352
,337
,331
,349
,362
,348
,331
,345
,349
,335
,345
,356
,347
2026 05 14 14:39:19.194860,343
,352
,360
,353
,350
,353
,355
,350
,355
,365
,349
,332
,343
,360
2026 05 14 14:39:19.256491,350
,344
,358
,365
,349
,348
,363
,366
,352
,340
,351
,340
,335
,348
2026 05 14 14:39:19.316457,351
,340
,345
,352
,349
,342
,341
,352
,346
,339
,348
,363
,345
,334
2026 05 14 14:39:19.383498,346
,356
,343
,348
,364
,355
,343
,350
,359
,344
,341
,356
,370
,353
2026 05 14 14:39:19.447397,345
,357
,356
,355
,358
,366
,349
,346
,355
,358
,345
,343
,356
,356
2026 05 14 14:39:19.510702,342
,350
,363
,356
,348
,355
,370
,360
,347
,357
,356
,340
,340
,355
2026 05 14 14:39:19.571853,350
,338
,358
,370
,351
,350
,361
,363
,354
,356
,361
,358
,353
,358
2026 05 14 14:39:19.632821,365
,358
,339
,350
,358
,346
,341
,355
,357
,341
,342
,356
,346
,343
2026 05 14 14:39:19.699426,369
,382
,356
,338
,355
,359
,349
,350
,359
,349
,350
,364
,376
,358
2026 05 14 14:39:19.760120,341
,355
,364
,353
,354
,355
,352
,339
,348
,355
,350
,339
,346
,355
2026 05 14 14:39:19.826268,343
,340
,356
,363
,351
,360
,356
,349
,336
,351
,368
,358
,354
,363
2026 05 14 14:39:19.886503,366
,339
,343
,353
,349
,343
,352
,363
,352
,344
,357
,365
,355
,348
2026 05 14 14:39:19.947934,362
,357
,346
,341
,355
,351
,338
,338
,349
,343
,339
,348
,349
,341
2026 05 14 14:39:20.013960,346
,357
,353
,343
,357
,361
,348
,337
,356
,363
,345
,352
,368
,363
2026 05 14 14:39:20.075193,353
,346
,355
,348
,342
,356
,360
,352
,345
,355
,355
,343
,348
,360
2026 05 14 14:39:20.141308,351
,343
,353
,362
,349
,350
,360
,356
,341
,348
,359
,350
,346
,338
2026 05 14 14:39:20.203787,345
,330
,330
,348
,354
,338
,339
,353
,352
,345
,354
,356
,348
,341
2026 05 14 14:39:20.263900,350
,358
,349
,347
,356
,349
,340
,355
,369
,358
,352
,355
,353
,340
2026 05 14 14:39:20.329607,344
,353
,359
,344
,350
,364
,356
,349
,363
,369
,354
,346
,359
,363
2026 05 14 14:39:20.390641,346
,351
,364
,354
,345
,347
,359
,348
,334
,356
,360
,339
,333
,347
2026 05 14 14:39:20.456430,348
,346
,352
,360
,352
,344
,347
,359
,348
,336
,350
,351
,350
,355
2026 05 14 14:39:20.518145,358
,345
,336
,356
,370
,354
,349
,349
,349
,341
,338
,354
,353
,341
2026 05 14 14:39:20.578805,350
,357
,337
,323
,341
,344
,335
,336
,349
,347
,333
,342
,356
,345
2026 05 14 14:39:20.644263,334
,344
,352
,339
,337
,358
,362
,351
,343
,354
,351
,347
,360
,373
2026 05 14 14:39:20.706799,359
,339
,356
,364
,350
,350
,359
,355
,340
,349
,361
,348
,337
,348
2026 05 14 14:39:20.771550,353
,340
,344
,353
,353
,346
,350
,362
,353
,344
,358
,360
,347
,334
2026 05 14 14:39:20.834181,344
,356
,339
,340
,356
,348
,336
,346
,360
,346
,343
,355
,363
,350
2026 05 14 14:39:20.894369,344
,360
,355
,344
,348
,364
,356
,340
,341
,351
,343
,345
,352
,349
2026 05 14 14:39:20.960007,334
,343
,351
,349
,341
,354
,363
,353
,348
,363
,365
,354
,356
,366
2026 05 14 14:39:21.021765,356
,348
,354
,367
,342
,340
,353
,361
,344
,345
,353
,348
,344
,351
2026 05 14 14:39:21.087454,359
,343
,338
,351
,359
,345
,341
,346
,339
,329
,336
,351
,339
,328
2026 05 14 14:39:21.148409,335
,351
,338
,338
,349
,356
,354
,348
,360
,344
,327
,341
,354
,343
2026 05 14 14:39:21.209396,331
,342
,355
,341
,346
,360
,352
,345
,353
,367
,349
,347
,358
,363
2026 05 14 14:39:21.275770,347
,347
,368
,365
,347
,350
,345
,333
,323
,330
,348
,345
,337
,342
2026 05 14 14:39:21.336375,349
,345
,344
,354
,351
,330
,359
,372
,348
,336
,346
,352
,337
,342
2026 05 14 14:39:21.399262,355
,351
,343
,355
,364
,354
,343
,350
,362
,355
,346
,365
,348
,321
2026 05 14 14:39:21.465061,327
,347
,336
,327
,341
,360
,354
,351
,357
,357
,341
,344
,358
,348
2026 05 14 14:39:21.525261,339
,347
,360
,348
,343
,349
,345
,335
,344
,358
,357
,343
,350
,363
2026 05 14 14:39:21.591390,355
,343
,350
,353
,345
,337
,346
,352
,339
,340
,353
,344
,330
,338
2026 05 14 14:39:21.652826,348
,340
,338
,357
,365
,350
,341
,335
,332
,324
,337
,357
,345
,337
2026 05 14 14:39:21.715233,353
,363
,356
,354
,369
,368
,351
,361
,371
,364
,355
,373
,379
,358
2026 05 14 14:39:21.778982,348
,350
,356
,343
,343
,356
,342
,330
,352
,364
,346
,343
,352
,357
2026 05 14 14:39:21.840643,346
,339
,355
,351
,349
,358
,366
,353
,344
,349
,366
,352
,352
,354
2026 05 14 14:39:21.906873,352
,345
,350
,359
,351
,338
,351
,359
,346
,346
,363
,357
,343
,351
2026 05 14 14:39:21.968548,358
,354
,346
,350
,365
,348
,338
,357
,361
,350
,348
,363
,364
,351
2026 05 14 14:39:22.028656,354
,362
,357
,349
,359
,361
,350
,346
,355
,356
,348
,355
,369
,362
2026 05 14 14:39:22.096814,353
,361
,363
,356
,351
,365
,360
,350
,354
,366
,360
,347
,359
,372
2026 05 14 14:39:22.155361,363
,354
,363
,368
,355
,351
,353
,348
,353
,360
,367
,360
,351
,361
2026 05 14 14:39:22.222023,371
,350
,344
,359
,357
,344
,350
,367
,358
,347
,353
,365
,354
,347
2026 05 14 14:39:22.283278,358
,356
,343
,345
,364
,356
,344
,356
,361
,347
,347
,353
,358
,347
2026 05 14 14:39:22.343944,345
,351
,348
,345
,346
,363
,350
,338
,345
,350
,337
,335
,345
,349
2026 05 14 14:39:22.410073,341
,347
,361
,353
,340
,358
,359
,341
,332
,345
,350
,340
,344
,354
2026 05 14 14:39:22.471730,348
,338
,348
,361
,348
,345
,356
,360
,349
,350
,356
,359
,340
,346
2026 05 14 14:39:22.537603,363
,349
,343
,354
,358
,344
,337
,344
,340
,339
,341
,350
,344
,335
2026 05 14 14:39:22.598768,344
,357
,344
,340
,353
,355
,347
,348
,352
,343
,341
,353
,356
,347
2026 05 14 14:39:22.661090,340
,354
,356
,344
,337
,357
,358
,354
,360
,359
,349
,342
,346
,352
2026 05 14 14:39:22.725168,346
,342
,353
,351
,338
,348
,356
,347
,345
,354
,359
,348
,344
,359
2026 05 14 14:39:22.787100,362
,348
,349
,355
,347
,333
,349
,349
,346
,354
,359
,370
,362
,357
2026 05 14 14:39:22.852447,364
,346
,333
,344
,356
,350
,339
,351
,354
,341
,338
,349
,352
,339
2026 05 14 14:39:22.913150,349
,359
,351
,346
,353
,359
,347
,346
,354
,357
,345
,346
,358
,356
2026 05 14 14:39:22.975184,339
,340
,348
,330
,334
,353
,354
,335
,352
,369
,358
,333
,335
,354
2026 05 14 14:39:23.041335,348
,350
,360
,369
,364
,352
,358
,359
,348
,350
,355
,347
,343
,354
2026 05 14 14:39:23.101073,362
,353
,344
,353
,366
,352
,348
,363
,360
,350
,355
,361
,344
,342
2026 05 14 14:39:23.168042,352
,352
,331
,339
,344
,348
,346
,363
,371
,348
,332
,328
,341
,334
2026 05 14 14:39:23.229402,334
,344
,349
,335
,339
,353
,346
,342
,355
,365
,345
,343
,366
,366
2026 05 14 14:39:23.290862,367
,394
,399
,375
,326
,301
,315
,316
,316
,330
,341
,331
,333
,340
2026 05 14 14:39:23.355605,345
,337
,337
,349
,345
,331
,349
,372
,383
,406
,409
,418
,423
,339
2026 05 14 14:39:23.417840,279
,286
,297
,307
,315
,317
,290
,331
,350
,383
,406
,426
,407
,329
2026 05 14 14:39:23.483626,308
,304
,304
,294
,327
,327
,324
,368
,442
,488
,485
,429
,360
,340
2026 05 14 14:39:23.544626,322
,291
,267
,278
,305
,328
,336
,337
,341
,356
,366
,405
,479
,521
2026 05 14 14:39:23.606133,466
,338
,326
,362
,322
,294
,318
,325
,324
,348
,370
,366
,365
,377
2026 05 14 14:39:23.671974,385
,377
,404
,417
,395
,337
,337
,384
,414
,451
,456
,416
,378
,341
2026 05 14 14:39:23.733382,353
,362
,371
,367
,369
,377
,379
,431
,521
,547
,451
,416
,456
,442
2026 05 14 14:39:23.798397,325
,260
,285
,290
,297
,330
,332
,333
,345
,381
,380
,424
,386
,342
2026 05 14 14:39:23.860127,337
,350
,367
,384
,425
,541
,596
,492
,351
,409
,433
,294
,236
,288
2026 05 14 14:39:23.921417,327
,335
,345
,368
,377
,363
,385
,409
,408
,402
,407
,405
,397
,407
2026 05 14 14:39:23.987057,430
,437
,448
,433
,417
,419
,472
,518
,466
,432
,481
,495
,431
,346
2026 05 14 14:39:24.048215,359
,396
,403
,397
,431
,446
,452
,473
,483
,454
,437
,452
,469
,496
2026 05 14 14:39:24.113639,482
,472
,536
,561
,479
,476
,471
,455
,450
,460
,434
,426
,451
,467
2026 05 14 14:39:24.174796,451
,476
,517
,561
,597
,601
,581
,451
,454
,473
,403
,371
,405
,440
2026 05 14 14:39:24.235869,458
,433
,455
,476
,521
,588
,599
,599
,599
,599
,532
,426
,344
,333
2026 05 14 14:39:24.302069,398
,412
,424
,451
,482
,531
,595
,599
,601
,600
,601
,517
,356
,315
2026 05 14 14:39:24.363349,345
,333
,393
,417
,486
,552
,574
,555
,569
,595
,600
,601
,600
,601
2026 05 14 14:39:24.429207,534
,406
,439
,498
,521
,579
,598
,600
,600
,601
,599
,600
,590
,602
2026 05 14 14:39:24.490535,600
,601
,546
,477
,490
,532
,586
,600
,601
,602
,601
,601
,597
,600
2026 05 14 14:39:24.551072,599
,601
,601
,537
,501
,405
,446
,498
,527
,532
,538
,554
,560
,562
2026 05 14 14:39:24.617235,596
,600
,600
,451
,391
,384
,380
,393
,356
,307
,332
,403
,446
,368
2026 05 14 14:39:24.679360,335
,384
,378
,350
,327
,237
,154
,198
,213
,205
,203
,181
,166
,195
2026 05 14 14:39:24.743988,244
,241
,219
,157
,161
,168
,166
,44
,14
,123
,96
,14
,0
,0
2026 05 14 14:39:24.806329,0
,0
,5
,10
,2
,0
,24
,11
,0
,0
,0
,0
,0
,0
2026 05 14 14:39:24.866905,0
,0
,0
,0
,0
,0
,0
,0
,0
,0
,0
,0
,0
,0
2026 05 14 14:39:24.933097,0
,0
,0
,0
,0
,0
,0
,0
,0
,0
,0
,0
,0
,0
2026 05 14 14:39:24.994710,0
,0
,0
,0
,0
,0
,0
,0
,0
,0
,0
,0
,0
,0
2026 05 14 14:39:25.059409,0
,0
,0
,0
,0
,0
,0
,0
,0
,0
,0
,0
,0
,0
2026 05 14 14:39:25.121614,0
,0
,0
,0
,0
,0
,0
,0
,0
,0
,0
,0
,0
,0
2026 05 14 14:39:25.182490,0
,0
,0
,0
,0
,0
,0
,0
,0
,0
,0
,0
,0
,0
2026 05 14 14:39:25.249245,0
,0
,0
,0
,0
,0
,0
,0
,0
,0
,0
,0
,0
,0
2026 05 14 14:39:25.309402,0
,0
,0
,0
,0
,0
,0
,0
,0
,0
,0
,0
,0
,0
2026 05 14 14:39:25.371220,0
,0
,0
,0
,0
,0
,0
,0
,0
,0
,0
,0
,0
,0
2026 05 14 14:39:25.438852,0
,0
,0
,0
,0
,0
,0
,0
,0
,0
,0
,0
,0
,0
2026 05 14 14:39:25.498208,0
,0
,0
,0
,0
,0
,0
,0
,0
,0
,0
,0
,0
,0
2026 05 14 14:39:25.563342,0
,0
,0
,0
,6
,0
,0
,0
,0
,6
,18
,0
,11
,0
2026 05 14 14:39:25.625454,43
,52
,39
,1
,0
,36
,13
,35
,51
,72
,48
,96
,75
,107
2026 05 14 14:39:25.686217,123
,94
,58
,73
,87
,94
,102
,122
,117
,117
,127
,143
,138
,142
2026 05 14 14:39:25.751482,126
,140
,153
,146
,112
,86
,106
,129
,170
,165
,164
,170
,164
,137
2026 05 14 14:39:25.813309,148
,166
,140
,143
,153
,162
,151
,183
,225
,142
,146
,164
,177
,174
2026 05 14 14:39:25.879269,194
,209
,185
,177
,183
,192
,208
,213
,217
,211
,214
,213
,232
,237
2026 05 14 14:39:25.941317,228
,223
,241
,241
,235
,218
,222
,254
,239
,228
,244
,233
,242
,250
2026 05 14 14:39:26.001618,238
,269
,276
,251
,268
,278
,243
,252
,263
,267
,273
,292
,283
,272
2026 05 14 14:39:26.067848,260
,259
,277
,279
,287
,331
,349
,334
,291
,253
,276
,277
,283
,282
2026 05 14 14:39:26.128297,289
,304
,316
,318
,305
,314
,332
,337
,359
,371
,373
,354
,327
,315
2026 05 14 14:39:26.194696,322
,333
,348
,336
,349
,368
,364
,372
,362
,360
,377
,375
,423
,416
2026 05 14 14:39:26.256295,327
,317
,320
,336
,365
,352
,343
,362
,357
,370
,377
,388
,399
,388
2026 05 14 14:39:26.317275,401
,393
,376
,380
,390
,396
,396
,385
,403
,384
,379
,417
,408
,370
2026 05 14 14:39:26.382784,369
,423
,430
,429
,454
,438
,387
,386
,423
,422
,422
,440
,442
,460
2026 05 14 14:39:26.444030,469
,446
,444
,419
,448
,466
,463
,453
,452
,462
,464
,449
,463
,444
2026 05 14 14:39:26.509976,422
,424
,443
,441
,427
,429
,424
,422
,425
,417
,441
,439
,437
,443
2026 05 14 14:39:26.571683,440
,421
,404
,416
,393
,382
,399
,395
,363
,361
,424
,442
,430
,355
2026 05 14 14:39:26.632624,364
,396
,406
,415
,413
,388
,405
,416
,420
,418
,427
,431
,432
,416
2026 05 14 14:39:26.698073,407
,435
,421
,424
,422
,423
,431
,424
,434
,446
,432
,424
,429
,437
2026 05 14 14:39:26.760037,432
,425
,443
,434
,419
,408
,427
,424
,411
,424
,434
,433
,426
,421
2026 05 14 14:39:26.825565,424
,411
,425
,450
,433
,413
,423
,428
,418
,430
,426
,432
,423
,420
2026 05 14 14:39:26.886920,445
,461
,447
,420
,442
,415
,411
,424
,421
,416
,429
,439
,450
,445
2026 05 14 14:39:26.948346,442
,458
,437
,444
,455
,470
,440
,439
,429
,441
,406
,423
,436
,427
2026 05 14 14:39:27.013478,409
,440
,449
,443
,443
,459
,452
,434
,444
,456
,453
,452
,442
,451
2026 05 14 14:39:27.075965,449
,439
,452
,467
,457
,435
,425
,445
,446
,448
,455
,450
,454
,472
2026 05 14 14:39:27.139892,454
,458
,453
,462
,458
,454
,474
,485
,498
,468
,457
,480
,475
,477
2026 05 14 14:39:27.202422,481
,492
,453
,455
,475
,477
,450
,464
,462
,461
,470
,486
,479
,471
2026 05 14 14:39:27.263382,471
,480
,475
,469
,470
,483
,480
,476
,477
,489
,470
,480
,480
,486
2026 05 14 14:39:27.328890,485
,487
,494
,473
,481
,479
,491
,483
,477
,509
,506
,470
,458
,468
2026 05 14 14:39:27.390527,473
,463
,480
,498
,491
,473
,478
,473
,473
,470
,480
,487
,477
,485
2026 05 14 14:39:27.455912,483
,485
,473
,487
,487
,497
,485
,491
,486
,491
,492
,493
,493
,506
2026 05 14 14:39:27.518017,500
,491
,490
,484
,484
,489
,502
,496
,511
,503
,471
,468
,486
,483
2026 05 14 14:39:27.579170,465
,480
,480
,482
,490
,508
,503
,475
,492
,496
,486
,479
,492
,493
2026 05 14 14:39:27.644333,483
,499
,502
,486
,475
,469
,489
,501
,500
,507
,509
,531
,515
,497
2026 05 14 14:39:27.706112,466
,470
,482
,487
,479
,490
,495
,495
,494
,491
,497
,502
,498
,490
2026 05 14 14:39:27.771727,482
,486
,488
,499
,501
,491
,481
,482
,486
,472
,482
,478
,480
,478
2026 05 14 14:39:27.832896,486
,484
,475
,467
,485
,488
,482
,491
,487
,485
,480
,483
,483
,470
2026 05 14 14:39:27.894066,469
,482
,487
,476
,453
,481
,484
,475
,464
,475
,470
,466
,484
,484
2026 05 14 14:39:27.960096,466
,476
,466
,469
,468
,468
,477
,476
,473
,481
,474
,462
,468
,469
2026 05 14 14:39:28.021573,469
,468
,479
,465
,467
,473
,467
,472
,461
,462
,485
,471
,485
,467
2026 05 14 14:39:28.086993,480
,481
,457
,480
,487
,479
,478
,500
,474
,467
,465
,459
,457
,460
2026 05 14 14:39:28.148517,460
,471
,457
,454
,467
,467
,460
,457
,474
,468
,465
,463
,476
,463
2026 05 14 14:39:28.209558,459
,464
,469
,462
,459
,466
,466
,453
,463
,486
,460
,464
,463
,475
2026 05 14 14:39:28.275534,465
,462
,465
,456
,456
,465
,465
,464
,464
,465
,468
,460
,453
,476
2026 05 14 14:39:28.336767,480
,467
,467
,474
,460
,459
,472
,466
,458
,455
,458
,460
,455
,454
2026 05 14 14:39:28.401149,463
,467
,452
,457
,463
,454
,446
,454
,478
,463
,462
,471
,475
,457
2026 05 14 14:39:28.463850,455
,468
,468
,456
,465
,469
,455
,458
,464
,465
,452
,447
,475
,473
2026 05 14 14:39:28.525197,446
,460
,472
,466
,473
,471
,451
,449
,456
,457
,456
,455
,456
,464
2026 05 14 14:39:28.590951,453
,446
,455
,453
,449
,470
,477
,462
,470
,469
,486
,510
,514
,491
2026 05 14 14:39:28.652388,468
,462
,459
,464
,479
,476
,477
,501
,496
,492
,495
,503
,495
,498
2026 05 14 14:39:28.718710,501
,500
,498
,486
,497
,493
,478
,476
,496
,491
,480
,498
,493
,487
2026 05 14 14:39:28.779048,539
,523
,507
,455
,456
,467
,473
,460
,467
,470
,458
,452
,472
,467
2026 05 14 14:39:28.840588,464
,480
,467
,473
,463
,465
,468
,460
,469
,471
,476
,458
,460
,474
2026 05 14 14:39:28.906200,468
,454
,466
,463
,462
,465
,460
,455
,452
,467
,490
,484
,477
,457
2026 05 14 14:39:28.967564,454
,440
,435
,443
,449
,445
,450
,461
,470
,443
,454
,461
,455
,450
2026 05 14 14:39:29.034426,458
,467
,455
,452
,453
,451
,441
,443
,450
,453
,448
,446
,450
,442
2026 05 14 14:39:29.094584,437
,450
,451
,437
,437
,452
,448
,434
,433
,443
,442
,428
,433
,442
2026 05 14 14:39:29.156153,425
,439
,445
,443
,430
,443
,445
,435
,437
,436
,440
,434
,435
,439
2026 05 14 14:39:29.220817,444
,431
,423
,434
,439
,431
,427
,432
,441
,433
,440
,443
,429
,432
2026 05 14 14:39:29.283040,432
,433
,434
,429
,438
,428
,422
,425
,434
,439
,435
,429
,423
,421
2026 05 14 14:39:29.348208,413
,418
,426
,423
,421
,435
,431
,417
,427
,428
,430
,431
,434
,438
2026 05 14 14:39:29.410075,428
,426
,434
,433
,426
,439
,440
,427
,428
,431
,438
,436
,436
,439
2026 05 14 14:39:29.471199,441
,435
,441
,444
,437
,431
,448
,445
,436
,434
,442
,444
,433
,442
2026 05 14 14:39:29.537368,441
,455
,450
,453
,460
,448
,460
,458
,453
,447
,443
,452
,443
,451
2026 05 14 14:39:29.598316,455
,452
,449
,457
,476
,469
,452
,458
,459
,460
,462
,457
,464
,453
2026 05 14 14:39:29.658619,461
,462
,466
,464
,452
,463
,467
,465
,461
,467
,462
,450
,453
,459
2026 05 14 14:39:29.725536,455
,454
,457
,462
,451
,454
,462
,467
,461
,460
,467
,466
,456
,468
2026 05 14 14:39:29.786516,473
,468
,455
,469
,474
,470
,464
,470
,467
,462
,467
,473
,469
,460
2026 05 14 14:39:29.852286,472
,482
,468
,459
,465
,464
,461
,467
,478
,472
,462
,472
,484
,472
2026 05 14 14:39:29.913283,464
,469
,471
,461
,461
,464
,457
,458
,469
,479
,467
,459
,470
,462
2026 05 14 14:39:29.974497,457
,465
,475
,477
,473
,470
,477
,474
,464
,476
,485
,473
,467
,467
2026 05 14 14:39:30.040709,480
,472
,475
,482
,474
,472
,481
,486
,467
,461
,469
,480
,469
,466
2026 05 14 14:39:30.101731,477
,481
,464
,481
,481
,480
,480
,484
,491
,482
,482
,480
,477
,482
2026 05 14 14:39:30.167669,482
,478
,478
,466
,486
,481
,465
,469
,475
,477
,475
,463
,476
,467
2026 05 14 14:39:30.228828,463
,461
,476
,469
,463
,472
,478
,463
,470
,462
,465
,465
,469
,475
2026 05 14 14:39:30.289877,478
,469
,475
,479
,470
,467
,473
,470
,466
,470
,473
,469
,456
,463
2026 05 14 14:39:30.356207,470
,463
,450
,462
,464
,453
,464
,474
,460
,468
,469
,469
,474
,474
2026 05 14 14:39:30.419286,481
,484
,473
,467
,477
,476
,476
,473
,467
,467
,468
,470
,475
,472
2026 05 14 14:39:30.482449,469
,476
,474
,471
,466
,477
,465
,464
,468
,469
,464
,467
,479
,475
2026 05 14 14:39:30.544534,465
,463
,477
,464
,466
,472
,476
,459
,465
,478
,481
,470
,470
,481
2026 05 14 14:39:30.605761,473
,469
,471
,470
,468
,467
,473
,469
,469
,461
,482
,476
,469
,476
2026 05 14 14:39:30.671978,477
,472
,472
,491
,501
,483
,468
,472
,469
,473
,467
,477
,468
,466
2026 05 14 14:39:30.732719,483
,476
,470
,460
,451
,455
,468
,474
,466
,459
,471
,485
,489
,474
2026 05 14 14:39:30.798702,443
,469
,465
,469
,468
,461
,478
,469
,449
,445
,444
,440
,448
,452
2026 05 14 14:39:30.859956,440
,439
,439
,440
,443
,440
,400
,388
,390
,389
,460
,482
,487
,510
2026 05 14 14:39:30.920670,492
,437
,433
,436
,434
,442
,446
,452
,435
,439
,451
,451
,429
,430
2026 05 14 14:39:30.987173,441
,443
,437
,436
,430
,461
,448
,445
,433
,430
,443
,439
,445
,438
2026 05 14 14:39:31.049380,438
,437
,430
,434
,442
,438
,417
,361
,428
,450
,432
,424
,451
,432
2026 05 14 14:39:31.122430,440
,460
,452
,447
,446
,448
,442
,432
,434
,431
,427
,430
,439
,423
2026 05 14 14:39:31.174518,417
,419
,410
,415
,382
,394
,466
,481
,468
,439
,421
,440
,454
,451
2026 05 14 14:39:31.236311,457
,464
,464
,457
,460
,454
,457
,462
,456
,446
,461
,457
,440
,418
2026 05 14 14:39:31.302572,391
,309
,316
,416
,484
,442
,482
,504
,483
,470
,446
,444
,438
,432
2026 05 14 14:39:31.363764,431
,435
,428
,413
,406
,400
,403
,396
,394
,400
,391
,388
,396
,392
2026 05 14 14:39:31.427802,409
,393
,392
,390
,376
,380
,393
,389
,392
,401
,392
,390
,384
,398
2026 05 14 14:39:31.491394,403
,390
,378
,370
,374
,398
,412
,400
,405
,412
,437
,423
,404
,400
2026 05 14 14:39:31.551634,408
,400
,392
,396
,396
,388
,387
,395
,389
,382
,379
,385
,380
,375
2026 05 14 14:39:31.617894,376
,386
,376
,374
,385
,396
,389
,389
,397
,379
,351
,345
,357
,360
2026 05 14 14:39:31.678769,351
,368
,371
,366
,353
,371
,373
,369
,371
,377
,377
,370
,373
,372
2026 05 14 14:39:31.744421,361
,353
,364
,372
,357
,350
,358
,356
,349
,349
,352
,352
,355
,368
2026 05 14 14:39:31.806733,379
,373
,362
,351
,336
,333
,341
,345
,344
,337
,340
,345
,338
,337
2026 05 14 14:39:31.866999,341
,343
,341
,336
,337
,345
,340
,329
,346
,354
,358
,367
,339
,329
2026 05 14 14:39:31.932999,312
,298
,308
,297
,289
,295
,293
,297
,300
,311
,308
,313
,326
,322
2026 05 14 14:39:31.994399,311
,302
,309
,307
,314
,303
,316
,304
,302
,310
,312
,306
,304
,314
2026 05 14 14:39:32.060103,314
,302
,305
,303
,305
,300
,309
,315
,308
,300
,310
,314
,303
,306
2026 05 14 14:39:32.120593,314
,312
,305
,317
,317
,300
,301
,306
,302
,291
,294
,304
,303
,294
2026 05 14 14:39:32.182280,302
,311
,298
,299
,303
,302
,300
,293
,307
,309
,305
,308
,309
,308
2026 05 14 14:39:32.248425,301
,298
,303
,298
,298
,308
,309
,304
,306
,313
,303
,296
,302
,307
2026 05 14 14:39:32.310173,303
,297
,308
,317
,307
,305
,311
,302
,295
,303
,306
,303
,289
,300
2026 05 14 14:39:32.374754,317
,306
,305
,306
,291
,287
,292
,303
,306
,305
,302
,308
,301
,282
2026 05 14 14:39:32.436605,293
,299
,296
,300
,307
,302
,294
,297
,303
,298
,291
,298
,299
,283
2026 05 14 14:39:32.498341,288
,307
,298
,262
,307
,326
,317
,308
,305
,314
,296
,292
,298
,289
2026 05 14 14:39:32.563263,284
,294
,295
,292
,289
,295
,305
,298
,285
,291
,293
,287
,291
,300
2026 05 14 14:39:32.624756,291
,280
,286
,294
,288
,285
,291
,298
,290
,292
,298
,295
,293
,294
2026 05 14 14:39:32.690658,300
,293
,291
,296
,299
,287
,286
,300
,302
,295
,297
,306
,303
,306
2026 05 14 14:39:32.752402,309
,304
,293
,292
,293
,302
,291
,295
,303
,299
,296
,298
,308
,293
2026 05 14 14:39:32.813314,292
,301
,304
,294
,299
,298
,293
,285
,302
,306
,299
,294
,302
,302
2026 05 14 14:39:32.878756,297
,290
,304
,305
,287
,295
,305
,308
,300
,307
,312
,299
,286
,293
2026 05 14 14:39:32.940857,296
,285
,288
,299
,293
,282
,287
,291
,287
,281
,290
,298
,284
,276
2026 05 14 14:39:33.005653,293
,293
,289
,299
,319
,304
,272
,273
,283
,282
,278
,289
,301
,289
2026 05 14 14:39:33.067980,287
,296
,292
,284
,287
,294
,285
,287
,294
,301
,288
,283
,293
,294
2026 05 14 14:39:33.128097,287
,286
,291
,297
,295
,297
,298
,294
,297
,305
,315
,303
,302
,296
2026 05 14 14:39:33.194387,288
,283
,290
,295
,282
,274
,290
,289
,278
,295
,307
,307
,309
,304
2026 05 14 14:39:33.256132,302
,296
,291
,301
,302
,297
,296
,306
,308
,304
,296
,316
,303
,290
2026 05 14 14:39:33.321134,282
,287
,283
,282
,295
,283
,276
,281
,301
,305
,300
,310
,316
,312
2026 05 14 14:39:33.383032,300
,305
,305
,294
,295
,302
,293
,286
,288
,294
,285
,278
,287
,292
2026 05 14 14:39:33.443591,284
,283
,292
,291
,278
,274
,297
,296
,286
,300
,293
,280
,279
,298
2026 05 14 14:39:33.509964,293
,284
,293
,298
,288
,280
,284
,289
,281
,281
,282
,296
,263
,290
2026 05 14 14:39:33.571559,301
,280
,288
,298
,293
,280
,301
,319
,311
,311
,298
,281
,273
,272
2026 05 14 14:39:33.632306,279
,288
,272
,281
,282
,294
,298
,305
,283
,290
,300
,295
,294
,292
2026 05 14 14:39:33.698924,285
,293
,302
,291
,272
,272
,278
,273
,276
,289
,294
,274
,287
,307
2026 05 14 14:39:33.759439,291
,283
,297
,302
,300
,287
,298
,304
,299
,300
,311
,303
,298
,297
2026 05 14 14:39:33.825256,296
,298
,301
,306
,316
,309
,308
,314
,304
,300
,316
,321
,308
,309
2026 05 14 14:39:33.887020,322
,317
,311
,312
,317
,311
,307
,303
,315
,310
,310
,324
,318
,312
2026 05 14 14:39:33.948133,310
,313
,300
,305
,316
,323
,308
,295
,302
,317
,300
,293
,299
,293
2026 05 14 14:39:34.013257,288
,298
,310
,306
,296
,307
,316
,295
,293
,302
,305
,294
,297
,310
2026 05 14 14:39:34.074366,307
,297
,301
,304
,299
,287
,298
,304
,297
,290
,301
,303
,295
,290
2026 05 14 14:39:34.140553,297
,302
,288
,294
,312
,307
,299
,316
,311
,289
,270
,270
,274
,268
2026 05 14 14:39:34.200799,269
,279
,270
,264
,275
,291
,285
,276
,285
,288
,279
,282
,300
,289
2026 05 14 14:39:34.265626,271
,291
,292
,291
,298
,291
,291
,282
,279
,283
,287
,276
,287
,294
2026 05 14 14:39:34.330800,280
,263
,300
,293
,275
,288
,291
,299
,294
,303
,301
,297
,292
,300
2026 05 14 14:39:34.389720,310
,304
,295
,316
,318
,294
,298
,300
,303
,299
,295
,300
,288
,288
2026 05 14 14:39:34.455861,297
,317
,315
,321
,314
,299
,291
,295
,296
,288
,285
,298
,293
,291
2026 05 14 14:39:34.517591,301
,297
,283
,267
,293
,315
,303
,299
,309
,316
,306
,303
,316
,320
2026 05 14 14:39:34.580454,320
,308
,295
,297
,291
,287
,289
,284
,288
,292
,302
,301
,302
,317
2026 05 14 14:39:34.644458,303
,303
,307
,314
,306
,300
,300
,307
,298
,305
,311
,307
,303
,315
2026 05 14 14:39:34.705236,310
,300
,299
,305
,304
,294
,283
,291
,289
,285
,296
,304
,286
,280
2026 05 14 14:39:34.771674,286
,301
,266
,305
,335
,328
,311
,313
,326
,316
,313
,315
,316
,310
2026 05 14 14:39:34.833412,302
,311
,309
,298
,305
,311
,313
,297
,285
,309
,310
,314
,321
,334
2026 05 14 14:39:34.893532,335
,321
,318
,321
,312
,316
,326
,324
,310
,319
,321
,312
,306
,308
2026 05 14 14:39:34.960058,316
,311
,313
,325
,313
,313
,323
,333
,324
,318
,327
,337
,316
,316
2026 05 14 14:39:35.020708,318
,329
,320
,320
,320
,330
,317
,322
,328
,329
,328
,338
,330
,323
2026 05 14 14:39:35.086764,320
,327
,327
,317
,324
,334
,313
,313
,328
,329
,316
,320
,333
,323
2026 05 14 14:39:35.148180,310
,329
,326
,315
,307
,319
,339
,325
,312
,326
,327
,326
,326
,325
2026 05 14 14:39:35.211163,323
,324
,331
,327
,318
,315
,340
,331
,321
,324
,331
,325
,315
,326
2026 05 14 14:39:35.276931,335
,320
,320
,333
,336
,327
,328
,339
,321
,312
,326
,339
,324
,314
2026 05 14 14:39:35.336181,324
,333
,320
,320
,330
,330
,315
,321
,345
,327
,317
,326
,329
,326
2026 05 14 14:39:35.401236,323
,323
,328
,327
,324
,321
,312
,303
,306
,320
,316
,325
,329
,311
2026 05 14 14:39:35.463651,312
,315
,325
,324
,306
,324
,331
,323
,319
,322
,328
,320
,323
,320
2026 05 14 14:39:35.524865,324
,318
,323
,320
,328
,312
,327
,339
,325
,318
,324
,325
,322
,327
2026 05 14 14:39:35.590413,330
,321
,322
,330
,339
,324
,315
,314
,323
,305
,323
,332
,333
,331
2026 05 14 14:39:35.650912,334
,339
,343
,328
,325
,343
,318
,320
,329
,337
,348
,347
,347
,348
2026 05 14 14:39:35.717599,327
,339
,347
,336
,337
,336
,335
,325
,330
,345
,322
,331
,343
,343
2026 05 14 14:39:35.778595,327
,321
,329
,336
,327
,327
,345
,348
,337
,336
,326
,318
,313
,314
2026 05 14 14:39:35.839882,318
,301
,310
,322
,327
,315
,312
,320
,319
,327
,318
,328
,334
,346
2026 05 14 14:39:35.905665,352
,352
,341
,338
,347
,339
,342
,342
,350
,344
,341
,341
,342
,331
2026 05 14 14:39:35.967318,330
,339
,338
,327
,333
,332
,325
,323
,329
,330
,320
,322
,328
,338
2026 05 14 14:39:36.032884,325
,330
,334
,329
,325
,331
,333
,327
,323
,327
,326
,323
,327
,338
2026 05 14 14:39:36.094187,327
,319
,324
,339
,330
,320
,326
,338
,329
,320
,334
,327
,321
,324
2026 05 14 14:39:36.156422,337
,320
,311
,326
,344
,332
,334
,343
,354
,336
,337
,323
,308
,313
2026 05 14 14:39:36.220629,320
,328
,313
,319
,321
,323
,316
,322
,326
,319
,318
,331
,336
,307
2026 05 14 14:39:36.294556,315
,325
,335
,325
,306
,316
,328
,326
,331
,340
,324
,316
,321
,322
2026 05 14 14:39:36.352692,313
,310
,324
,324
,316
,316
,327
,336
,328
,325
,340
,337
,318
,326
2026 05 14 14:39:36.409738,338
,335
,344
,337
,326
,321
,316
,337
,336
,318
,331
,336
,331
,327
2026 05 14 14:39:36.470828,339
,352
,346
,331
,341
,348
,330
,346
,353
,343
,341
,338
,345
,341
2026 05 14 14:39:36.536693,348
,338
,347
,335
,337
,346
,345
,335
,338
,349
,342
,338
,351
,350
2026 05 14 14:39:36.598469,338
,333
,343
,333
,323
,329
,341
,333
,329
,337
,349
,346
,336
,372
2026 05 14 14:39:36.663305,327
,340
,340
,340
,339
,327
,330
,329
,319
,328
,333
,328
,322
,333
2026 05 14 14:39:36.725358,337
,336
,325
,328
,346
,333
,322
,336
,334
,338
,336
,341
,337
,333
2026 05 14 14:39:36.785799,336
,332
,320
,319
,339
,329
,323
,320
,335
,353
,341
,348
,345
,342
2026 05 14 14:39:36.852186,326
,330
,334
,331
,327
,334
,329
,341
,332
,346
,359
,346
,354
,370
