timestamp,event,data
2026 06 19 16:59:11.749368,PHASE_PREPARING,
2026 06 19 16:59:16.764676,PHASE_SSVEP,
2026 06 19 16:59:16.910654,SSVEP_UPDATE,"fbcca_quad=1, fbcca_conf=0.2585, fbcca_ratio=1.1675, fbcca_consec=1, fbcca_scores=[0.06590265645720149, 0.11018565542806277, 0.09437462754845824, 0.03429644918283316], fbcca_probs=[0.24733818689022455, 0.2585371963989542, 0.25448160361140415, 0.23964301309941713], cca_quad=1, cca_conf=0.2602, cca_ratio=1.2126, cca_scores=[0.12497551263168377, 0.16420001326621902, 0.13541294624839023, 0.07023102576575334], cca_probs=[0.2501736798963922, 0.26018161252336186, 0.25279852557000904, 0.23684618201023683]"
2026 06 19 16:59:17.920595,SSVEP_UPDATE,"fbcca_quad=0, fbcca_conf=0.2689, fbcca_ratio=2.2411, fbcca_consec=1, fbcca_scores=[0.15283690828515775, 0.06819667057708882, 0.05830217974072316, 0.03692564936006594], fbcca_probs=[0.26887552017429567, 0.24705433310196168, 0.24462190990618948, 0.23944823681755312], cca_quad=0, cca_conf=0.2726, cca_ratio=1.6470, cca_scores=[0.20991469184292938, 0.12744896343355688, 0.08804186099636208, 0.06243366572067558], cca_probs=[0.27255511113895997, 0.2509804651354517, 0.24128239367851897, 0.23518203004706925]"
2026 06 19 16:59:18.952282,SSVEP_UPDATE,"fbcca_quad=0, fbcca_conf=0.3082, fbcca_ratio=4.7275, fbcca_consec=2, fbcca_scores=[0.3372808865674387, 0.07134501569115452, 0.046634899116715645, 0.023225351582639824], fbcca_probs=[0.3081904292579662, 0.23622435207960818, 0.23045874853512308, 0.22512647012730252], cca_quad=0, cca_conf=0.2974, cca_ratio=2.2374, cca_scores=[0.33093752885779926, 0.14790937060057088, 0.07611795322887456, 0.049230261630992395], cca_probs=[0.29741585340495025, 0.2476714776316494, 0.23051403815729807, 0.2243986308061024]"
2026 06 19 16:59:19.976388,SSVEP_UPDATE,"fbcca_quad=0, fbcca_conf=0.2996, fbcca_ratio=4.0108, fbcca_consec=3, fbcca_scores=[0.2842818795724756, 0.007268187905431184, 0.0708798119033434, 0.025887196461079245], fbcca_probs=[0.29956571216873235, 0.22708402610945821, 0.24199854943291302, 0.23135171228889648], cca_quad=0, cca_conf=0.2954, cca_ratio=2.5761, cca_scores=[0.31487880213287095, 0.04870535481894765, 0.12223301815724738, 0.08459738357479067], cca_probs=[0.2953869150519605, 0.2263568250592946, 0.24362746832811955, 0.23462879156062538]"
2026 06 19 16:59:20.992009,SSVEP_UPDATE,"fbcca_quad=0, fbcca_conf=0.3135, fbcca_ratio=6.0207, fbcca_consec=4, fbcca_scores=[0.34066463654597695, 0.0091218381699192, 0.056582502520197045, 0.011020336357090373], fbcca_probs=[0.31350913165103367, 0.2250416934694077, 0.23597983434792233, 0.2254693405316363], cca_quad=0, cca_conf=0.3092, cca_ratio=2.7494, cca_scores=[0.38220262260652105, 0.06571606710477673, 0.1390111430032093, 0.05623140796406677], cca_probs=[0.30915225497266346, 0.225280734777124, 0.24241288542591213, 0.22315412482430033]"
2026 06 19 16:59:20.992009,SSVEP_CONFIRMED,"fbcca_quad=0, fbcca_conf=0.3135, fbcca_ratio=6.0207, fbcca_consec=4, fbcca_scores=[0.34066463654597695, 0.0091218381699192, 0.056582502520197045, 0.011020336357090373], fbcca_probs=[0.31350913165103367, 0.2250416934694077, 0.23597983434792233, 0.2254693405316363], cca_quad=0, cca_conf=0.3092, cca_ratio=2.7494, cca_scores=[0.38220262260652105, 0.06571606710477673, 0.1390111430032093, 0.05623140796406677], cca_probs=[0.30915225497266346, 0.225280734777124, 0.24241288542591213, 0.22315412482430033]"
2026 06 19 16:59:20.992009,SELECTION,"quad=0, result=navigate, output=''"
2026 06 19 16:59:23.992953,PHASE_SSVEP,
2026 06 19 16:59:24.040545,SSVEP_UPDATE,"fbcca_quad=0, fbcca_conf=0.2628, fbcca_ratio=3.0041, fbcca_consec=1, fbcca_scores=[0.09128607582643844, 0.03038719656601254, 0.014456797162546374, 0.02813997381338749], fbcca_probs=[0.2627587351929637, 0.24723452379759156, 0.24332718445790524, 0.2466795565515395], cca_quad=0, cca_conf=0.2668, cca_ratio=1.9240, cca_scores=[0.15015634077812903, 0.0780448277696269, 0.04822474334036081, 0.06062413996159381], cca_probs=[0.2668177011272006, 0.24825442930629657, 0.24096075079526397, 0.24396711877123878]"
2026 06 19 16:59:25.060555,SSVEP_UPDATE,"fbcca_quad=2, fbcca_conf=0.2565, fbcca_ratio=1.4414, fbcca_consec=1, fbcca_scores=[0.014686048499077956, 0.03542984029008286, 0.06648229839622039, 0.046123771211995894], fbcca_probs=[0.24354254930930186, 0.24864730822353714, 0.2564895486160426, 0.25132059385111843], cca_quad=2, cca_conf=0.2586, cca_ratio=1.1690, cca_scores=[0.05854418133549918, 0.09610246916712005, 0.13581404584901866, 0.11617689207584295], cca_probs=[0.23935286988121518, 0.2485135059378817, 0.2585809429824473, 0.25355268119845586]"
2026 06 19 16:59:26.088550,SSVEP_UPDATE,"fbcca_quad=2, fbcca_conf=0.2548, fbcca_ratio=1.1318, fbcca_consec=2, fbcca_scores=[0.03280169245514336, 0.06989257745872986, 0.07910437035973483, 0.05791122945900334], fbcca_probs=[0.24327312363125264, 0.2524657668591129, 0.25480217394540844, 0.24945893556422608], cca_quad=2, cca_conf=0.2607, cca_ratio=1.3081, cca_scores=[0.10175755624786809, 0.13098842984246686, 0.17134668883081006, 0.11170197493573998], cca_probs=[0.24320698978186, 0.2504210657677901, 0.26073433702510235, 0.24563760742524757]"
2026 06 19 16:59:27.120204,SSVEP_UPDATE,"fbcca_quad=0, fbcca_conf=0.2614, fbcca_ratio=1.1031, fbcca_consec=1, fbcca_scores=[0.11066362893664271, 0.031885964175531245, 0.10032213647558595, 0.017804345416460626], fbcca_probs=[0.2614188457593543, 0.24161516407778627, 0.25872931558437295, 0.23823667457848638], cca_quad=0, cca_conf=0.2632, cca_ratio=1.0533, cca_scores=[0.1711858925657312, 0.09070708755631295, 0.16252150703500226, 0.049452691508360125], cca_probs=[0.2631972317660767, 0.24284536354928835, 0.26092664032397556, 0.23303076436065942]"
2026 06 19 16:59:28.132881,SSVEP_UPDATE,"fbcca_quad=0, fbcca_conf=0.3150, fbcca_ratio=4.1914, fbcca_consec=2, fbcca_scores=[0.3644183546825129, 0.02354232601964287, 0.08694507529817992, 0.015400568166222074], fbcca_probs=[0.3150376817957482, 0.22403812264565778, 0.23870273162454103, 0.222221463934053], cca_quad=0, cca_conf=0.3043, cca_ratio=2.2426, cca_scores=[0.36599350442352613, 0.08233568965576232, 0.16320338805666887, 0.03321097016791113], cca_probs=[0.3042843287039092, 0.22913348583700932, 0.24843281323774202, 0.2181493722213395]"
2026 06 19 16:59:29.166506,SSVEP_UPDATE,"fbcca_quad=0, fbcca_conf=0.3531, fbcca_ratio=9.1346, fbcca_consec=3, fbcca_scores=[0.5350552619157302, 0.041625032412578325, 0.0585744729049673, 0.024971029880866785], fbcca_probs=[0.3531150250684295, 0.21558680252969645, 0.21927202118244896, 0.21202615121942522], cca_quad=0, cca_conf=0.3212, cca_ratio=3.6014, cca_scores=[0.45807152371085214, 0.12719295292489488, 0.11940744946985471, 0.07566715651907498], cca_probs=[0.32120945934995226, 0.23072230877754205, 0.22893299384233315, 0.21913523803017249]"
2026 06 19 16:59:30.186357,SSVEP_UPDATE,"fbcca_quad=0, fbcca_conf=0.2681, fbcca_ratio=2.0797, fbcca_consec=4, fbcca_scores=[0.1747651087010669, 0.07878513867782681, 0.08403246991355284, 0.07811487145687566], fbcca_probs=[0.2681240062427527, 0.2435858904865844, 0.24486742571770773, 0.24342267755295519], cca_quad=0, cca_conf=0.2771, cca_ratio=1.9593, cca_scores=[0.24873903887847865, 0.12695489654318937, 0.0934765244959718, 0.10596375751963333], cca_probs=[0.27712509372290456, 0.24534977949483788, 0.23727184087870212, 0.2402532859035554]"
2026 06 19 16:59:31.210768,SSVEP_UPDATE,"fbcca_quad=3, fbcca_conf=0.2527, fbcca_ratio=1.1692, fbcca_consec=1, fbcca_scores=[0.06715105789597722, 0.06712972713029985, 0.05838262305957109, 0.07851043559792115], fbcca_probs=[0.24983306743683184, 0.24982773836304872, 0.24765199871884905, 0.25268719548127044], cca_quad=0, cca_conf=0.2596, cca_ratio=1.1599, cca_scores=[0.1616837887371635, 0.11951177982533459, 0.0730556242744065, 0.13939616284328082], cca_probs=[0.2596155378855303, 0.2488946780605301, 0.2375964560484043, 0.2538933280055354]"
2026 06 19 16:59:32.225642,SSVEP_UPDATE,"fbcca_quad=0, fbcca_conf=0.2527, fbcca_ratio=1.1223, fbcca_consec=1, fbcca_scores=[0.05025564150138457, 0.044780266843027536, 0.020208053134244872, 0.041995931652062835], fbcca_probs=[0.2527350194996176, 0.25135498213713137, 0.24525389933438319, 0.2506560990288679], cca_quad=0, cca_conf=0.2576, cca_ratio=1.2168, cca_scores=[0.13162634741464305, 0.0993658799494607, 0.06719574457313943, 0.10817067718855822], cca_probs=[0.25755453786303634, 0.24937830177052492, 0.241483438321638, 0.2515837220448007]"
2026 06 19 16:59:33.255632,SSVEP_UPDATE,"fbcca_quad=0, fbcca_conf=0.2978, fbcca_ratio=2.8394, fbcca_consec=2, fbcca_scores=[0.30997319820000907, 0.10916811345157026, 0.04160143290642216, 0.05483192502464508], fbcca_probs=[0.2978404450740757, 0.24365489007165125, 0.22773579396043075, 0.23076887089384235], cca_quad=0, cca_conf=0.2829, cca_ratio=1.6469, cca_scores=[0.30031047311501485, 0.18234957129346518, 0.11969118198201666, 0.09114571504093125], cca_probs=[0.282905802335123, 0.25142709994644424, 0.23615649440804976, 0.22951060331038298]"
2026 06 19 16:59:34.270417,SSVEP_UPDATE,"fbcca_quad=0, fbcca_conf=0.3718, fbcca_ratio=8.3153, fbcca_consec=3, fbcca_scores=[0.6318303136408828, 0.06413971521282413, 0.0759836225068835, 0.033103452501755545], fbcca_probs=[0.371756861989963, 0.21072404741407208, 0.2132346820091091, 0.20428440858685576], cca_quad=0, cca_conf=0.3114, cca_ratio=2.9508, cca_scores=[0.4204303520926772, 0.14247898849346602, 0.12609027295840006, 0.07579272843907289], cca_probs=[0.31144558361054864, 0.2358682220453579, 0.23203414843711515, 0.22065204590697832]"
2026 06 19 16:59:35.299593,SSVEP_UPDATE,"fbcca_quad=0, fbcca_conf=0.3957, fbcca_ratio=8.5155, fbcca_consec=4, fbcca_scores=[0.7431994100878211, 0.0872755919544453, 0.05355123837052551, 0.062378125729756546], fbcca_probs=[0.3957393013833096, 0.20537382323117695, 0.19856321102838406, 0.20032366435712934], cca_quad=0, cca_conf=0.3228, cca_ratio=3.7718, cca_scores=[0.4681379148896781, 0.12411441227699306, 0.11677248986862176, 0.09084444018177852], cca_probs=[0.3227520558056565, 0.22880289141914895, 0.22712918995491693, 0.2213158628202776]"
2026 06 19 16:59:35.299593,SSVEP_CONFIRMED,"fbcca_quad=0, fbcca_conf=0.3957, fbcca_ratio=8.5155, fbcca_consec=4, fbcca_scores=[0.7431994100878211, 0.0872755919544453, 0.05355123837052551, 0.062378125729756546], fbcca_probs=[0.3957393013833096, 0.20537382323117695, 0.19856321102838406, 0.20032366435712934], cca_quad=0, cca_conf=0.3228, cca_ratio=3.7718, cca_scores=[0.4681379148896781, 0.12411441227699306, 0.11677248986862176, 0.09084444018177852], cca_probs=[0.3227520558056565, 0.22880289141914895, 0.22712918995491693, 0.2213158628202776]"
2026 06 19 16:59:35.299593,SELECTION,"quad=0, result=phrase, output='Make '"
2026 06 19 16:59:38.308748,PHASE_SSVEP,
2026 06 19 16:59:38.338539,SSVEP_UPDATE,"fbcca_quad=0, fbcca_conf=0.2590, fbcca_ratio=1.2299, fbcca_consec=1, fbcca_scores=[0.11025220878902015, 0.037646177056636004, 0.08964265818867045, 0.060675178492255614], fbcca_probs=[0.25898681926044215, 0.2408492304155403, 0.2537038441708415, 0.246460106153176], cca_quad=0, cca_conf=0.2649, cca_ratio=1.3621, cca_scores=[0.2008425453641453, 0.09021844587056256, 0.14745267661372982, 0.12986396490404956], cca_probs=[0.26491698501599503, 0.23717361206679266, 0.25114404125357254, 0.2467653616636397]"
2026 06 19 16:59:39.359039,SSVEP_UPDATE,"fbcca_quad=2, fbcca_conf=0.2791, fbcca_ratio=2.1716, fbcca_consec=1, fbcca_scores=[0.09885494197999317, 0.01100020772814181, 0.22100177413907512, 0.1017680025809532], fbcca_probs=[0.24699095727192202, 0.2262175148438859, 0.2790800219944963, 0.24771150588969582], cca_quad=2, cca_conf=0.2719, cca_ratio=1.2898, cca_scores=[0.16115948702766195, 0.05997641485245245, 0.25516036423534455, 0.19783088069472998], cca_probs=[0.2475443380736738, 0.22372254316673224, 0.27194248368738133, 0.2567906350722126]"
2026 06 19 16:59:40.383226,SSVEP_UPDATE,"fbcca_quad=2, fbcca_conf=0.3110, fbcca_ratio=6.4535, fbcca_consec=2, fbcca_scores=[0.053857694675356116, 0.032369559757270884, 0.3475699539162569, 0.047319933809269105], fbcca_probs=[0.23182371514075997, 0.2268953957011575, 0.31096783846776654, 0.23031305069031588], cca_quad=2, cca_conf=0.2877, cca_ratio=2.4380, cca_scores=[0.12992210575215585, 0.11919087641918874, 0.31675538558823635, 0.12567063779827356], cca_probs=[0.23863443822989686, 0.23608728881272337, 0.2876562277910619, 0.2376220451663179]"
2026 06 19 16:59:41.408949,SSVEP_UPDATE,"fbcca_quad=2, fbcca_conf=0.2807, fbcca_ratio=4.9952, fbcca_consec=3, fbcca_scores=[0.03657247272271168, 0.025813543452026282, 0.18268683804728794, 0.013223945894566953], fbcca_probs=[0.24250953401716577, 0.23991437668369953, 0.2806632046337466, 0.23691288466538804], cca_quad=2, cca_conf=0.2844, cca_ratio=2.4910, cca_scores=[0.10355735960071852, 0.10342346050811604, 0.2579631252770709, 0.03721602507846758], cca_probs=[0.24374538378532357, 0.2437127486845626, 0.2844421623333409, 0.2280997051967729]"
2026 06 19 16:59:42.437322,SSVEP_UPDATE,"fbcca_quad=2, fbcca_conf=0.2791, fbcca_ratio=2.9846, fbcca_consec=4, fbcca_scores=[0.06065647281418016, 0.019776844223089167, 0.18103413685687048, 0.013488221382027283], fbcca_probs=[0.24741486693300452, 0.23750458350522935, 0.27906485636369677, 0.2360156931980694], cca_quad=2, cca_conf=0.2842, cca_ratio=1.7759, cca_scores=[0.15472726275536722, 0.10572816664896721, 0.2747845179089763, 0.035984746313465585], cca_probs=[0.25203011359713995, 0.23997853519793133, 0.28417942985509376, 0.22381192134983494]"
2026 06 19 16:59:43.455459,SSVEP_UPDATE,"fbcca_quad=2, fbcca_conf=0.3158, fbcca_ratio=7.2725, fbcca_consec=5, fbcca_scores=[0.038211652528605256, 0.04940544548784681, 0.3593024302087115, 0.014222056875985302], fbcca_probs=[0.22903298791965393, 0.23161113848875953, 0.31575191398130376, 0.22360395961028276], cca_quad=2, cca_conf=0.3044, cca_ratio=2.3466, cca_scores=[0.10074147934254359, 0.1599038636733116, 0.3752359306255062, 0.044726991663016295], cca_probs=[0.23135625894178116, 0.24545684638543297, 0.3044336667597583, 0.21875322791302748]"
2026 06 19 16:59:43.455459,SSVEP_CONFIRMED,"fbcca_quad=2, fbcca_conf=0.3158, fbcca_ratio=7.2725, fbcca_consec=5, fbcca_scores=[0.038211652528605256, 0.04940544548784681, 0.3593024302087115, 0.014222056875985302], fbcca_probs=[0.22903298791965393, 0.23161113848875953, 0.31575191398130376, 0.22360395961028276], cca_quad=2, cca_conf=0.3044, cca_ratio=2.3466, cca_scores=[0.10074147934254359, 0.1599038636733116, 0.3752359306255062, 0.044726991663016295], cca_probs=[0.23135625894178116, 0.24545684638543297, 0.3044336667597583, 0.21875322791302748]"
2026 06 19 16:59:43.455459,SELECTION,"quad=2, result=navigate, output='Make '"
2026 06 19 16:59:46.472577,PHASE_SSVEP,
2026 06 19 16:59:46.584635,SSVEP_UPDATE,"fbcca_quad=0, fbcca_conf=0.2652, fbcca_ratio=2.0696, fbcca_consec=1, fbcca_scores=[0.12543690521499584, 0.06060786218324706, 0.024920561903725123, 0.05158527245235416], fbcca_probs=[0.2652233216552475, 0.24857463718611977, 0.2398601034293036, 0.2463419377293292], cca_quad=0, cca_conf=0.2763, cca_ratio=2.1483, cca_scores=[0.23413908156614877, 0.10898844293095654, 0.09473935354547268, 0.09096114401291824], cca_probs=[0.27633133121655107, 0.2438248116822514, 0.24037516567019998, 0.2394686914309976]"
2026 06 19 16:59:47.611362,SSVEP_UPDATE,"fbcca_quad=0, fbcca_conf=0.2612, fbcca_ratio=1.9528, fbcca_consec=2, fbcca_scores=[0.10102731461993907, 0.038599670363409486, 0.03610031419952875, 0.05173344333850008], fbcca_probs=[0.2611976571347171, 0.24539024583996996, 0.2447776940279203, 0.2486344029973927], cca_quad=0, cca_conf=0.2632, cca_ratio=1.5770, cca_scores=[0.16159148180954713, 0.08692140208530566, 0.0878991204435639, 0.10246949018577241], cca_probs=[0.26318567986292984, 0.24424936971570416, 0.24448829358956414, 0.24807665683180183]"
2026 06 19 16:59:48.627227,SSVEP_UPDATE,"fbcca_quad=1, fbcca_conf=0.2564, fbcca_ratio=1.6203, fbcca_consec=1, fbcca_scores=[0.03999263099976097, 0.07456334881961141, 0.04601955924149323, 0.036614608626345274], fbcca_probs=[0.24765667044425346, 0.25636805106633787, 0.24915378639907165, 0.2468214920903371], cca_quad=1, cca_conf=0.2591, cca_ratio=1.4668, cca_scores=[0.09074350844922068, 0.13310509328380526, 0.08333097653899922, 0.08123423052706427], cca_probs=[0.2483594426278559, 0.25910636345757143, 0.24652527663940713, 0.24600891727516555]"
2026 06 19 16:59:49.655349,SSVEP_UPDATE,"fbcca_quad=0, fbcca_conf=0.2581, fbcca_ratio=1.1906, fbcca_consec=1, fbcca_scores=[0.07265153647261977, 0.018638887817241694, 0.0610192117233879, 0.008521086417967599], fbcca_probs=[0.25814860017685515, 0.24457517848933694, 0.2551631294722587, 0.24211309186154908], cca_quad=0, cca_conf=0.2606, cca_ratio=1.3335, cca_scores=[0.12335154284527819, 0.0691849911136355, 0.09250028807525677, 0.04030666952994387], cca_probs=[0.2606064233796064, 0.2468657733242554, 0.2526891451629945, 0.23983865813314362]"
2026 06 19 16:59:50.674279,SSVEP_UPDATE,"fbcca_quad=0, fbcca_conf=0.2631, fbcca_ratio=1.4321, fbcca_consec=2, fbcca_scores=[0.12987161846879047, 0.060428078843801664, 0.09068578086465391, 0.031758203859359437], fbcca_probs=[0.26308652329808646, 0.24543678627733567, 0.25297663340870913, 0.23850005701586868], cca_quad=0, cca_conf=0.2568, cca_ratio=1.1101, cca_scores=[0.15783576989302117, 0.1274999299383238, 0.14217806315648368, 0.09533424129992125], cca_probs=[0.2568056357771244, 0.24913219963216385, 0.2528159645051201, 0.24124620008559167]"
2026 06 19 16:59:51.695005,SSVEP_UPDATE,"fbcca_quad=1, fbcca_conf=0.2584, fbcca_ratio=1.4818, fbcca_consec=1, fbcca_scores=[0.06098266302404805, 0.09036379817708344, 0.03131203632935955, 0.04569804580534839], fbcca_probs=[0.25091497123575435, 0.25839650773915485, 0.24357952851947673, 0.24710899250561408], cca_quad=1, cca_conf=0.2593, cca_ratio=1.2391, cca_scores=[0.11938224549170366, 0.1656304315211947, 0.09583353538879624, 0.13367359433676582], cca_probs=[0.2476194688887789, 0.2593403661974176, 0.24185647169132782, 0.25118369322247563]"
2026 06 19 16:59:52.718779,SSVEP_UPDATE,"fbcca_quad=0, fbcca_conf=0.2621, fbcca_ratio=1.5827, fbcca_consec=1, fbcca_scores=[0.12389762080803858, 0.07828473163772703, 0.05021060678178602, 0.052910844539177763], fbcca_probs=[0.26206492187700275, 0.25037990322494985, 0.24344845892598665, 0.24410671597206085], cca_quad=0, cca_conf=0.2641, cca_ratio=1.3658, cca_scores=[0.19076113565725633, 0.1396665640498766, 0.10259391527590973, 0.10762188855316172], cca_probs=[0.26412964431383124, 0.2509730312014204, 0.24183915082900714, 0.24305817365574126]"
2026 06 19 16:59:53.751992,SSVEP_UPDATE,"fbcca_quad=1, fbcca_conf=0.2562, fbcca_ratio=1.1034, fbcca_consec=1, fbcca_scores=[0.08766551727557458, 0.09672885149717898, 0.05931659464816621, 0.04444976058672719], fbcca_probs=[0.2538806672429415, 0.2561921315466037, 0.246784483667947, 0.24314271754250788], cca_quad=1, cca_conf=0.2643, cca_ratio=1.0620, cca_scores=[0.20258334748056725, 0.21514193607201187, 0.1113546342362203, 0.10354931514741628], cca_probs=[0.2610176476761207, 0.26431633097655255, 0.23825923591060663, 0.23640678543672022]"
2026 06 19 16:59:54.781118,SSVEP_UPDATE,"fbcca_quad=1, fbcca_conf=0.3058, fbcca_ratio=5.1820, fbcca_consec=2, fbcca_scores=[0.06576294052101617, 0.340783054176082, 0.06230242701984541, 0.05771402002533793], fbcca_probs=[0.23228339646843477, 0.3058143676959782, 0.23148096585062028, 0.23042126998496668], cca_quad=1, cca_conf=0.2947, cca_ratio=2.3715, cca_scores=[0.1497653667091103, 0.35516570847204476, 0.10641452079671383, 0.13169269935004277], cca_probs=[0.2399415525497832, 0.29465220785606033, 0.2297621208941735, 0.23564411869998303]"
2026 06 19 16:59:55.790782,SSVEP_UPDATE,"fbcca_quad=1, fbcca_conf=0.3019, fbcca_ratio=2.9964, fbcca_consec=3, fbcca_scores=[0.09857262348498501, 0.35199056294257586, 0.11746919532655462, 0.05841326202313484], fbcca_probs=[0.23429441221673983, 0.3018699923699576, 0.23876386912050218, 0.2250717262928004], cca_quad=1, cca_conf=0.2827, cca_ratio=1.4928, cca_scores=[0.21617128294152352, 0.3226999484107094, 0.12856995024884008, 0.11790635172122027], cca_probs=[0.254133185073476, 0.28270024907220165, 0.23281802680413777, 0.2303485390501846]"
2026 06 19 16:59:56.822834,SSVEP_UPDATE,"fbcca_quad=0, fbcca_conf=0.2719, fbcca_ratio=2.6111, fbcca_consec=1, fbcca_scores=[0.15911685957425456, 0.0609377225403957, 0.04708413121439115, 0.02821198147577414], fbcca_probs=[0.27190147909409984, 0.24647502119058154, 0.2430840001191099, 0.23853949959620876], cca_quad=0, cca_conf=0.2712, cca_ratio=1.5945, cca_scores=[0.22165207712832294, 0.1390108460914239, 0.0923193352328712, 0.10280745818883474], cca_probs=[0.2712005098162363, 0.2496892650272906, 0.23829888235600977, 0.2408113428004634]"
2026 06 19 16:59:57.836481,SSVEP_UPDATE,"fbcca_quad=1, fbcca_conf=0.2780, fbcca_ratio=3.0804, fbcca_consec=1, fbcca_scores=[0.04074022069219854, 0.19712534944988094, 0.05316080719071875, 0.06399314948570207], fbcca_probs=[0.23779517079239182, 0.27804829036502965, 0.24076714490356307, 0.24338939393901546], cca_quad=1, cca_conf=0.2738, cca_ratio=1.8417, cca_scores=[0.11314857317890781, 0.2372474887308805, 0.10047542797278827, 0.1288181207742297], cca_probs=[0.24181880843175624, 0.27376980780323257, 0.23877354087580036, 0.24563784288921078]"
2026 06 19 16:59:58.872376,SSVEP_UPDATE,"fbcca_quad=1, fbcca_conf=0.3846, fbcca_ratio=5.7268, fbcca_consec=2, fbcca_scores=[0.055019086171246415, 0.7072757203085467, 0.12350334682560954, 0.056223211145076814], fbcca_probs=[0.20032223815635847, 0.38459233182052716, 0.21452183357336632, 0.20056359644974803], cca_quad=1, cca_conf=0.3183, cca_ratio=3.0397, cca_scores=[0.14776987441659944, 0.48441582954901796, 0.15936064942815645, 0.13463042948004503], cca_probs=[0.2273322502906037, 0.3183204437575427, 0.22998253702398125, 0.2243647689278723]"
2026 06 19 16:59:59.885589,SSVEP_UPDATE,"fbcca_quad=1, fbcca_conf=0.4076, fbcca_ratio=6.0091, fbcca_consec=3, fbcca_scores=[0.020773560525864515, 0.7853548297953181, 0.026248732999663106, 0.13069336041962418], fbcca_probs=[0.18976147826281103, 0.4076256281953614, 0.19080330457193578, 0.21180958896989174], cca_quad=1, cca_conf=0.3258, cca_ratio=2.4726, cca_scores=[0.07500981958245057, 0.48168200043284626, 0.055426543947391715, 0.19480988603825042], cca_probs=[0.2169343094425762, 0.3257944845559198, 0.21272735251274674, 0.2445438534887572]"
2026 06 19 17:00:00.974462,SSVEP_UPDATE,"fbcca_quad=1, fbcca_conf=0.3604, fbcca_ratio=8.1683, fbcca_consec=4, fbcca_scores=[0.07127618313205639, 0.5822041392991429, 0.036663082813993934, 0.06333666720813752], fbcca_probs=[0.21622050653841984, 0.3604043900569677, 0.20886448619213951, 0.2145106172124728], cca_quad=1, cca_conf=0.3142, cca_ratio=2.9260, cca_scores=[0.12183791206999095, 0.42960267416108017, 0.06373341963824021, 0.14682473153218303], cca_probs=[0.23098775089336562, 0.31423133325624963, 0.21794880379866588, 0.23683211205171878]"
2026 06 19 17:00:00.974462,SSVEP_CONFIRMED,"fbcca_quad=1, fbcca_conf=0.3604, fbcca_ratio=8.1683, fbcca_consec=4, fbcca_scores=[0.07127618313205639, 0.5822041392991429, 0.036663082813993934, 0.06333666720813752], fbcca_probs=[0.21622050653841984, 0.3604043900569677, 0.20886448619213951, 0.2145106172124728], cca_quad=1, cca_conf=0.3142, cca_ratio=2.9260, cca_scores=[0.12183791206999095, 0.42960267416108017, 0.06373341963824021, 0.14682473153218303], cca_probs=[0.23098775089336562, 0.31423133325624963, 0.21794880379866588, 0.23683211205171878]"
2026 06 19 17:00:00.974462,SELECTION,"quad=1, result=navigate, output='Make '"
2026 06 19 17:00:03.976378,PHASE_SSVEP,
2026 06 19 17:00:04.009672,SSVEP_UPDATE,"fbcca_quad=3, fbcca_conf=0.2545, fbcca_ratio=1.0361, fbcca_consec=1, fbcca_scores=[0.031684458755523656, 0.08271447271547692, 0.07062481885919261, 0.08570017657007148], fbcca_probs=[0.24110537300314874, 0.2537283189821216, 0.2506792993648776, 0.25448700864985213], cca_quad=1, cca_conf=0.2559, cca_ratio=1.0847, cca_scores=[0.07357721927401133, 0.1358127596778745, 0.12520234948420542, 0.11448389298845929], cca_probs=[0.240445374310296, 0.2558850884096556, 0.253184395724914, 0.2504851415551344]"
2026 06 19 17:00:05.036504,SSVEP_UPDATE,"fbcca_quad=1, fbcca_conf=0.2628, fbcca_ratio=1.0666, fbcca_consec=1, fbcca_scores=[0.03891135446468036, 0.1726520509996467, 0.11187786724194992, 0.16187104355549325], fbcca_probs=[0.2299046272946638, 0.26280314544958006, 0.2473071463907035, 0.2599850808650527], cca_quad=2, cca_conf=0.2577, cca_ratio=1.1123, cca_scores=[0.09642755629092206, 0.14834172120954578, 0.16499837107961096, 0.12743017636680126], cca_probs=[0.24063045181267503, 0.2534525247977091, 0.2577095502296156, 0.24820747316000025]"
2026 06 19 17:00:06.072281,SSVEP_UPDATE,"fbcca_quad=2, fbcca_conf=0.3075, fbcca_ratio=3.2842, fbcca_consec=1, fbcca_scores=[0.03553970819040138, 0.11194289897152156, 0.36764647849488397, 0.09414607368404246], fbcca_probs=[0.22057248109869912, 0.23808542649427586, 0.30745634929039084, 0.23388574311663418], cca_quad=2, cca_conf=0.2913, cca_ratio=2.3596, cca_scores=[0.13419972595298596, 0.1428980753297128, 0.33718726714624275, 0.10566324969798394], cca_probs=[0.2377747890808987, 0.23985205857983802, 0.2912877186263648, 0.23108543371289836]"
2026 06 19 17:00:07.096331,SSVEP_UPDATE,"fbcca_quad=2, fbcca_conf=0.3941, fbcca_ratio=10.7330, fbcca_consec=2, fbcca_scores=[0.06716081308595834, 0.036519937057487746, 0.7208384719730307, 0.05277542478711586], fbcca_probs=[0.20499617122701244, 0.19881016525608458, 0.39412533226502866, 0.20206833125187443], cca_quad=2, cca_conf=0.3253, cca_ratio=3.3002, cca_scores=[0.14622172630817437, 0.0872782599437571, 0.48255445076628223, 0.10565553395048176], cca_probs=[0.23240624511574248, 0.21910332682250194, 0.3253233534311576, 0.22316707463059815]"
2026 06 19 17:00:08.123928,SSVEP_UPDATE,"fbcca_quad=2, fbcca_conf=0.3267, fbcca_ratio=7.0377, fbcca_consec=3, fbcca_scores=[0.05843946049691473, 0.004575641270890186, 0.4112783970679488, 0.04390020306232206], fbcca_probs=[0.22955634440597306, 0.2175186707854726, 0.32668207339334165, 0.22624291141521263], cca_quad=2, cca_conf=0.3067, cca_ratio=2.8938, cca_scores=[0.13255627434959075, 0.03458029565956806, 0.3835964152339446, 0.1318534418435297], cca_probs=[0.23858776412261185, 0.21632053103098495, 0.30667156904574805, 0.23842013580065516]"
2026 06 19 17:00:09.139497,SSVEP_UPDATE,"fbcca_quad=2, fbcca_conf=0.2764, fbcca_ratio=2.3969, fbcca_consec=4, fbcca_scores=[0.018758192164588117, 0.05731534972284604, 0.18785915164208022, 0.0783767284704899], fbcca_probs=[0.23337324193681822, 0.24254717467017722, 0.276369856411214, 0.2477097269817906], cca_quad=2, cca_conf=0.2890, cca_ratio=2.2328, cca_scores=[0.08022222403247761, 0.09979383028021951, 0.3040989464461003, 0.13619533053454871], cca_probs=[0.23104023595682563, 0.23560660430348526, 0.28901211261559684, 0.24434104712409227]"
2026 06 19 17:00:10.152718,SSVEP_UPDATE,"fbcca_quad=2, fbcca_conf=0.3041, fbcca_ratio=4.2060, fbcca_consec=5, fbcca_scores=[0.0408498966075755, 0.0801582497766732, 0.33714317572761965, 0.07712305202074923], fbcca_probs=[0.22614740122257765, 0.235213910519033, 0.30413761612274753, 0.2345010721356418], cca_quad=2, cca_conf=0.2982, cca_ratio=2.6689, cca_scores=[0.10242943712893425, 0.13578686722475017, 0.3623960788521192, 0.12032867434961764], cca_probs=[0.22994493618984826, 0.23774467471180963, 0.29821255799807234, 0.23409783110026983]"
2026 06 19 17:00:10.152718,SSVEP_CONFIRMED,"fbcca_quad=2, fbcca_conf=0.3041, fbcca_ratio=4.2060, fbcca_consec=5, fbcca_scores=[0.0408498966075755, 0.0801582497766732, 0.33714317572761965, 0.07712305202074923], fbcca_probs=[0.22614740122257765, 0.235213910519033, 0.30413761612274753, 0.2345010721356418], cca_quad=2, cca_conf=0.2982, cca_ratio=2.6689, cca_scores=[0.10242943712893425, 0.13578686722475017, 0.3623960788521192, 0.12032867434961764], cca_probs=[0.22994493618984826, 0.23774467471180963, 0.29821255799807234, 0.23409783110026983]"
2026 06 19 17:00:10.152718,SELECTION,"quad=2, result=navigate, output='Make '"
2026 06 19 17:00:13.153340,PHASE_SSVEP,
2026 06 19 17:00:13.201416,SSVEP_UPDATE,"fbcca_quad=2, fbcca_conf=0.2586, fbcca_ratio=1.1440, fbcca_consec=1, fbcca_scores=[0.1408077988627065, 0.12673424188168808, 0.1610830723055368, 0.07819300662984734], fbcca_probs=[0.25343323100859155, 0.24989150479144834, 0.25862410443211914, 0.238051159767841], cca_quad=0, cca_conf=0.2568, cca_ratio=1.0435, cca_scores=[0.18568011166684248, 0.16391447838089038, 0.17793712858933794, 0.10605455706508883], cca_probs=[0.25679093163355743, 0.2512621018933232, 0.2548102817602996, 0.23713668471281987]"
2026 06 19 17:00:14.224610,SSVEP_UPDATE,"fbcca_quad=0, fbcca_conf=0.2589, fbcca_ratio=1.5056, fbcca_consec=1, fbcca_scores=[0.10452860048388109, 0.045131850199873765, 0.057974467695670454, 0.0694248679018859], fbcca_probs=[0.25890966612572525, 0.2439790768838712, 0.24713261333310302, 0.24997864365730058], cca_quad=0, cca_conf=0.2581, cca_ratio=1.2528, cca_scores=[0.14915254458871824, 0.10024300028214232, 0.09945226050709056, 0.11905417095858384], cca_probs=[0.25812234208681417, 0.2458014564242601, 0.24560716826171233, 0.2504690332272135]"
2026 06 19 17:00:15.251945,SSVEP_UPDATE,"fbcca_quad=0, fbcca_conf=0.2750, fbcca_ratio=1.7922, fbcca_consec=2, fbcca_scores=[0.19973725775376083, 0.0409516750011536, 0.11144578598505914, 0.058087316908067274], fbcca_probs=[0.27498225460920517, 0.23460916082058694, 0.251744603424841, 0.23866398114536685], cca_quad=0, cca_conf=0.2817, cca_ratio=2.3240, cca_scores=[0.26849920957972967, 0.09116823556467706, 0.11553285475635236, 0.11020656583483514], cca_probs=[0.28174878538505077, 0.23596532539264964, 0.24178514159011666, 0.24050074763218302]"
2026 06 19 17:00:16.267482,SSVEP_UPDATE,"fbcca_quad=0, fbcca_conf=0.3091, fbcca_ratio=4.3289, fbcca_consec=3, fbcca_scores=[0.3624455580281692, 0.056984011203278485, 0.08372725189067076, 0.06327057775279882], fbcca_probs=[0.3091222650272774, 0.22775610272776808, 0.2339292156092119, 0.22919241663574247], cca_quad=0, cca_conf=0.3010, cca_ratio=2.9880, cca_scores=[0.3515179093873773, 0.07932891758301533, 0.11764506823435483, 0.08842223924036134], cca_probs=[0.3010378795722371, 0.2293036506954858, 0.238260177994979, 0.23139829173729812]"
2026 06 19 17:00:17.302103,SSVEP_UPDATE,"fbcca_quad=0, fbcca_conf=0.3900, fbcca_ratio=7.4635, fbcca_consec=4, fbcca_scores=[0.7266013406665125, 0.05834956013850286, 0.09735378421682273, 0.07014504382108919], fbcca_probs=[0.3899725899507472, 0.19990148575064695, 0.20785254250489948, 0.20227338179370652], cca_quad=0, cca_conf=0.3254, cca_ratio=3.9157, cca_scores=[0.4823511891231737, 0.12318377080850881, 0.1138552948776982, 0.10120870812239799], cca_probs=[0.3254030392325019, 0.22721509329937117, 0.22510537828229923, 0.22227648918582757]"
2026 06 19 17:00:17.302103,SSVEP_CONFIRMED,"fbcca_quad=0, fbcca_conf=0.3900, fbcca_ratio=7.4635, fbcca_consec=4, fbcca_scores=[0.7266013406665125, 0.05834956013850286, 0.09735378421682273, 0.07014504382108919], fbcca_probs=[0.3899725899507472, 0.19990148575064695, 0.20785254250489948, 0.20227338179370652], cca_quad=0, cca_conf=0.3254, cca_ratio=3.9157, cca_scores=[0.4823511891231737, 0.12318377080850881, 0.1138552948776982, 0.10120870812239799], cca_probs=[0.3254030392325019, 0.22721509329937117, 0.22510537828229923, 0.22227648918582757]"
2026 06 19 17:00:17.302103,SELECTION,"quad=0, result=navigate, output='Make '"
2026 06 19 17:00:20.307329,PHASE_SSVEP,
2026 06 19 17:00:20.373662,SSVEP_UPDATE,"fbcca_quad=0, fbcca_conf=0.2715, fbcca_ratio=2.6377, fbcca_consec=1, fbcca_scores=[0.14211261328290983, 0.028425644854051715, 0.05387755693813935, 0.009506875543825693], fbcca_probs=[0.2714519465102918, 0.24228098864293762, 0.24852664789281514, 0.23774041695395548], cca_quad=0, cca_conf=0.2695, cca_ratio=1.6186, cca_scores=[0.1889689928735221, 0.11674969288626995, 0.10321393960676155, 0.040816175600177085], cca_probs=[0.26950943756201573, 0.25073186683935517, 0.24736088798765188, 0.23239780761097725]"
2026 06 19 17:00:21.392325,SSVEP_UPDATE,"fbcca_quad=1, fbcca_conf=0.2609, fbcca_ratio=1.6937, fbcca_consec=1, fbcca_scores=[0.01203884983862035, 0.08500751353945499, 0.050188979419501074, 0.020658566131570154], fbcca_probs=[0.24252766269192508, 0.26088623746697553, 0.25195888171714037, 0.24462721812395907], cca_quad=1, cca_conf=0.2650, cca_ratio=1.2698, cca_scores=[0.058721243096800345, 0.15537209000070568, 0.12236400937199611, 0.04793165441615828], cca_probs=[0.2405895933467962, 0.2650035962334327, 0.2563991259111, 0.23800768450867116]"
2026 06 19 17:00:22.410606,SSVEP_UPDATE,"fbcca_quad=1, fbcca_conf=0.3052, fbcca_ratio=5.7075, fbcca_consec=2, fbcca_scores=[0.034999951891827946, 0.3171923441225332, 0.032710871839473354, 0.05557465239144246], fbcca_probs=[0.23017422134002025, 0.3052188006195933, 0.22964793670502048, 0.23495904133536594], cca_quad=1, cca_conf=0.2935, cca_ratio=2.9167, cca_scores=[0.11039408331753198, 0.32198467218129434, 0.1095054845311177, 0.08467224785092206], cca_probs=[0.2375658144970303, 0.2935462734390083, 0.23735480756671024, 0.23153310449725112]"
2026 06 19 17:00:23.440197,SSVEP_UPDATE,"fbcca_quad=1, fbcca_conf=0.3876, fbcca_ratio=17.7207, fbcca_consec=3, fbcca_scores=[0.029456599233384242, 0.6739654719485507, 0.030764293162641197, 0.03803269921042076], fbcca_probs=[0.20345992943618887, 0.3876015780177789, 0.20372616679130592, 0.20521232575472642], cca_quad=1, cca_conf=0.3327, cca_ratio=5.8110, cca_scores=[0.0820046379202953, 0.47652553830952415, 0.05970650257160043, 0.07978199529295954], cca_probs=[0.2242453312341365, 0.33270678668950826, 0.21930041458285465, 0.22374746749350047]"
2026 06 19 17:00:24.455340,SSVEP_UPDATE,"fbcca_quad=1, fbcca_conf=0.4639, fbcca_ratio=11.0669, fbcca_consec=4, fbcca_scores=[0.03200856230816167, 1.023689330360665, 0.08336904784671922, 0.0925004466082226], fbcca_probs=[0.17209266518316854, 0.4639208013243513, 0.18116234597463152, 0.18282418751784876], cca_quad=1, cca_conf=0.3514, cca_ratio=4.2307, cca_scores=[0.12226054800238233, 0.6055709896487842, 0.0938332704871807, 0.14313730344882042], cca_probs=[0.21670809145770534, 0.3513776914408384, 0.21063440854838544, 0.22127980855307078]"
2026 06 19 17:00:24.455340,SSVEP_CONFIRMED,"fbcca_quad=1, fbcca_conf=0.4639, fbcca_ratio=11.0669, fbcca_consec=4, fbcca_scores=[0.03200856230816167, 1.023689330360665, 0.08336904784671922, 0.0925004466082226], fbcca_probs=[0.17209266518316854, 0.4639208013243513, 0.18116234597463152, 0.18282418751784876], cca_quad=1, cca_conf=0.3514, cca_ratio=4.2307, cca_scores=[0.12226054800238233, 0.6055709896487842, 0.0938332704871807, 0.14313730344882042], cca_probs=[0.21670809145770534, 0.3513776914408384, 0.21063440854838544, 0.22127980855307078]"
2026 06 19 17:00:24.455340,SELECTION,"quad=1, result=char, output='Make T'"
2026 06 19 17:00:27.463273,PHASE_SSVEP,
2026 06 19 17:00:27.495612,SSVEP_UPDATE,"fbcca_quad=0, fbcca_conf=0.2547, fbcca_ratio=1.0791, fbcca_consec=1, fbcca_scores=[0.10294611441836296, 0.09539759846242118, 0.08523600797529057, 0.05332295941739837], fbcca_probs=[0.2546788544494796, 0.2527636446429792, 0.25020816982973904, 0.24234933107780207], cca_quad=1, cca_conf=0.2564, cca_ratio=1.0138, cca_scores=[0.15172085525939552, 0.1538103094473078, 0.11249087455006714, 0.09439786186837658], cca_probs=[0.25589124269564717, 0.25642647470099805, 0.24604699155788695, 0.2416352910454679]"
2026 06 19 17:00:28.523038,SSVEP_UPDATE,"fbcca_quad=2, fbcca_conf=0.2577, fbcca_ratio=1.0396, fbcca_consec=1, fbcca_scores=[0.09854729335137517, 0.038005987087984874, 0.10244795880331851, 0.048460951397423145], fbcca_probs=[0.2566530588590134, 0.24157594629774476, 0.25765613163266904, 0.2441148632105727], cca_quad=0, cca_conf=0.2567, cca_ratio=1.0849, cca_scores=[0.16484323709975204, 0.11736233881401704, 0.15194872753300856, 0.11890007869925079], cca_probs=[0.256679229443197, 0.2447766770421324, 0.25339072406003055, 0.24515336945464003]"
2026 06 19 17:00:29.548042,SSVEP_UPDATE,"fbcca_quad=1, fbcca_conf=0.2596, fbcca_ratio=1.3005, fbcca_consec=1, fbcca_scores=[0.09190433436206313, 0.11952178690953988, 0.049212339778553105, 0.06535194608030459], fbcca_probs=[0.252524879230772, 0.25959616915936523, 0.2419709749849939, 0.24590797662486888], cca_quad=1, cca_conf=0.2612, cca_ratio=1.3302, cca_scores=[0.1390682592835973, 0.18916127408534414, 0.10943208544813743, 0.14220697356889483], cca_probs=[0.24842799724670847, 0.26118946639264357, 0.24117356963122258, 0.24920896672942539]"
2026 06 19 17:00:30.571970,SSVEP_UPDATE,"fbcca_quad=1, fbcca_conf=0.2594, fbcca_ratio=1.5185, fbcca_consec=2, fbcca_scores=[0.060405416670956856, 0.09172826148108981, 0.03594183988333501, 0.029808591475546306], fbcca_probs=[0.251413047002689, 0.25941264998126784, 0.24533720603558218, 0.24383709698046094], cca_quad=1, cca_conf=0.2676, cca_ratio=1.6308, cca_scores=[0.11992414414436252, 0.19557746045958527, 0.08089296499030721, 0.10959495549538545], cca_probs=[0.24813690883793676, 0.26763763621581715, 0.23863840738060965, 0.24558704756563646]"
2026 06 19 17:00:31.582765,SSVEP_UPDATE,"fbcca_quad=1, fbcca_conf=0.2715, fbcca_ratio=2.0377, fbcca_consec=3, fbcca_scores=[0.015946591339579427, 0.14920602253254953, 0.022951662930058705, 0.07322303153587394], fbcca_probs=[0.23761296623570263, 0.2714838325254166, 0.23928330566822864, 0.25161989557065206], cca_quad=1, cca_conf=0.2740, cca_ratio=1.4270, cca_scores=[0.07741497140767277, 0.22092658215541908, 0.05468869776407718, 0.15482007840747442], cca_probs=[0.2373983082338704, 0.274033665785738, 0.23206397368114148, 0.2565040522992501]"
2026 06 19 17:00:32.607700,SSVEP_UPDATE,"fbcca_quad=1, fbcca_conf=0.2870, fbcca_ratio=2.8997, fbcca_consec=4, fbcca_scores=[0.06004041189305756, 0.24756336687577335, 0.03084806697817903, 0.08537566695716661], fbcca_probs=[0.23791699892804793, 0.2869892687165622, 0.23107204012858992, 0.2440216922267998], cca_quad=1, cca_conf=0.2809, cca_ratio=1.9354, cca_scores=[0.1433818614527119, 0.27750560907309363, 0.07008082315872909, 0.1411246705033346], cca_probs=[0.24566398751695384, 0.28092520104641033, 0.22830070910141723, 0.24511010233521852]"
2026 06 19 17:00:33.639609,SSVEP_UPDATE,"fbcca_quad=1, fbcca_conf=0.3136, fbcca_ratio=4.6538, fbcca_consec=5, fbcca_scores=[0.0808573808709634, 0.3762944123648382, 0.07043690823696618, 0.030931106498432115], fbcca_probs=[0.23339147383581452, 0.313611268457702, 0.23097205202205584, 0.2220252056844276], cca_quad=1, cca_conf=0.2916, cca_ratio=2.2569, cca_scores=[0.14210741011215897, 0.320719082378895, 0.11314371633763028, 0.07243850447592028], cca_probs=[0.2439196501591622, 0.29161969549446215, 0.2369561669994013, 0.22750448734697432]"
2026 06 19 17:00:33.639609,SSVEP_CONFIRMED,"fbcca_quad=1, fbcca_conf=0.3136, fbcca_ratio=4.6538, fbcca_consec=5, fbcca_scores=[0.0808573808709634, 0.3762944123648382, 0.07043690823696618, 0.030931106498432115], fbcca_probs=[0.23339147383581452, 0.313611268457702, 0.23097205202205584, 0.2220252056844276], cca_quad=1, cca_conf=0.2916, cca_ratio=2.2569, cca_scores=[0.14210741011215897, 0.320719082378895, 0.11314371633763028, 0.07243850447592028], cca_probs=[0.2439196501591622, 0.29161969549446215, 0.2369561669994013, 0.22750448734697432]"
2026 06 19 17:00:33.639609,SELECTION,"quad=1, result=navigate, output='Make T'"
2026 06 19 17:00:36.644423,PHASE_SSVEP,
2026 06 19 17:00:36.676326,SSVEP_UPDATE,"fbcca_quad=1, fbcca_conf=0.2540, fbcca_ratio=1.0918, fbcca_consec=1, fbcca_scores=[0.06608107715954091, 0.07214420717225908, 0.037927452318570816, 0.04892197431810641], fbcca_probs=[0.2524418817208279, 0.2539771191392518, 0.24543384144754804, 0.2481471576923723], cca_quad=0, cca_conf=0.2651, cca_ratio=1.2415, cca_scores=[0.18708044836197163, 0.1506936945095611, 0.07696089078018899, 0.09537252354912047], cca_probs=[0.2650856311444324, 0.2556134024375988, 0.23744436718437417, 0.24185659923359468]"
2026 06 19 17:00:37.741211,SSVEP_UPDATE,"fbcca_quad=0, fbcca_conf=0.2706, fbcca_ratio=3.3849, fbcca_consec=1, fbcca_scores=[0.13598672151156044, 0.028246287059275812, 0.040174121484036575, 0.01767763266144675], fbcca_probs=[0.2706421247197337, 0.24299890586386616, 0.24591471163260947, 0.24044425778379064], cca_quad=0, cca_conf=0.2798, cca_ratio=2.3819, cca_scores=[0.2328117159662709, 0.0977405632657305, 0.08913212233786419, 0.050817318439072286], cca_probs=[0.2798435685600006, 0.24448638214920249, 0.24239076849529304, 0.23327928079550395]"
2026 06 19 17:00:38.765627,SSVEP_UPDATE,"fbcca_quad=0, fbcca_conf=0.2626, fbcca_ratio=1.1513, fbcca_consec=2, fbcca_scores=[0.10711177256621066, 0.012577108164207814, 0.09303839685761639, 0.015370345573416974], fbcca_probs=[0.2625938422197688, 0.23890687888592704, 0.25892414351192095, 0.23957513538238323], cca_quad=0, cca_conf=0.2771, cca_ratio=1.4396, cca_scores=[0.237549977674757, 0.056167393077406355, 0.16500811458717854, 0.06948843993143974], cca_probs=[0.27705091893005734, 0.2310926535098213, 0.257664782908443, 0.23419164465167833]"
2026 06 19 17:00:39.787152,SSVEP_UPDATE,"fbcca_quad=0, fbcca_conf=0.2678, fbcca_ratio=2.0469, fbcca_consec=3, fbcca_scores=[0.12870812807642573, 0.027680870739055004, 0.0628795230210668, 0.016139981483143183], fbcca_probs=[0.2678282431765607, 0.2420921972684519, 0.2507652609815452, 0.23931429857344202], cca_quad=0, cca_conf=0.2803, cca_ratio=2.0123, cca_scores=[0.2653955544269442, 0.11836127754465896, 0.13188986160904104, 0.07867337917524887], cca_probs=[0.28027211529542323, 0.2419489357749455, 0.2452444035362519, 0.23253454539337925]"
2026 06 19 17:00:40.813065,SSVEP_UPDATE,"fbcca_quad=0, fbcca_conf=0.2847, fbcca_ratio=4.6828, fbcca_consec=4, fbcca_scores=[0.20960790143280814, 0.04476078660455545, 0.03880036505012031, 0.013277241477215065], fbcca_probs=[0.2846774401280135, 0.24141311484469608, 0.23997847070072795, 0.23393097432656249], cca_quad=0, cca_conf=0.2928, cca_ratio=2.0016, cca_scores=[0.323618992655189, 0.1616815514454653, 0.10207684956216621, 0.05395179578511492], cca_probs=[0.2927906034952819, 0.2490167712152889, 0.234607885125806, 0.22358474016362323]"
2026 06 19 17:00:41.852892,SSVEP_UPDATE,"fbcca_quad=0, fbcca_conf=0.2972, fbcca_ratio=4.6849, fbcca_consec=5, fbcca_scores=[0.2930114728861156, 0.05609220140869289, 0.04672852550347682, 0.06254329123786846], fbcca_probs=[0.29718408849342187, 0.2344945863961852, 0.2323091031344112, 0.23601222197598165], cca_quad=0, cca_conf=0.2919, cca_ratio=2.8831, cca_scores=[0.32172586256453856, 0.11004196447224071, 0.1115912868071203, 0.10588904482584253], cca_probs=[0.2919228665511135, 0.23622995439065228, 0.23659623440479247, 0.23525094465344173]"
2026 06 19 17:00:42.874550,SSVEP_UPDATE,"fbcca_quad=0, fbcca_conf=0.2851, fbcca_ratio=5.0923, fbcca_consec=6, fbcca_scores=[0.2182470833106282, 0.03644058275033583, 0.0371702827938153, 0.04285829694671195], fbcca_probs=[0.2851224815595633, 0.23772447791383702, 0.23789800878074757, 0.23925503174585194], cca_quad=0, cca_conf=0.2918, cca_ratio=3.4159, cca_scores=[0.29432023026029475, 0.0755170993300194, 0.08616249256056192, 0.08489871556859349], cca_probs=[0.29183344038976916, 0.2344822985169017, 0.23699178834440277, 0.2366924727489263]"
2026 06 19 17:00:43.889281,SSVEP_UPDATE,"fbcca_quad=0, fbcca_conf=0.2598, fbcca_ratio=1.4140, fbcca_consec=7, fbcca_scores=[0.101204234631162, 0.06127014411969639, 0.071575248914761, 0.015828493149849028], fbcca_probs=[0.25975202333941627, 0.24958345019841724, 0.25216873172770404, 0.23849579473446245], cca_quad=0, cca_conf=0.2718, cca_ratio=1.4448, cca_scores=[0.21673255912982195, 0.15001377327482926, 0.1144194123331266, 0.044199497703121066], cca_probs=[0.27175866237082263, 0.25421887686394695, 0.24532926693891804, 0.22869319382631242]"
2026 06 19 17:00:44.916489,SSVEP_UPDATE,"fbcca_quad=0, fbcca_conf=0.3152, fbcca_ratio=4.0729, fbcca_consec=8, fbcca_scores=[0.37891326036934564, 0.09303209639438001, 0.041778654305775084, 0.03229246088342538], fbcca_probs=[0.31523485463247514, 0.23685230644309957, 0.225018658453104, 0.22289418047132126], cca_quad=0, cca_conf=0.2995, cca_ratio=1.9800, cca_scores=[0.3693885015286866, 0.1865579714658256, 0.06981532168430647, 0.10189575890805767], cca_probs=[0.29946040237633953, 0.24942335318169165, 0.22194043088914905, 0.22917581355281963]"
2026 06 19 17:00:44.916489,SSVEP_CONFIRMED,"fbcca_quad=0, fbcca_conf=0.3152, fbcca_ratio=4.0729, fbcca_consec=8, fbcca_scores=[0.37891326036934564, 0.09303209639438001, 0.041778654305775084, 0.03229246088342538], fbcca_probs=[0.31523485463247514, 0.23685230644309957, 0.225018658453104, 0.22289418047132126], cca_quad=0, cca_conf=0.2995, cca_ratio=1.9800, cca_scores=[0.3693885015286866, 0.1865579714658256, 0.06981532168430647, 0.10189575890805767], cca_probs=[0.29946040237633953, 0.24942335318169165, 0.22194043088914905, 0.22917581355281963]"
2026 06 19 17:00:44.916489,SELECTION,"quad=0, result=navigate, output='Make T'"
2026 06 19 17:00:47.923322,PHASE_SSVEP,
2026 06 19 17:00:47.956230,SSVEP_UPDATE,"fbcca_quad=0, fbcca_conf=0.2619, fbcca_ratio=1.5401, fbcca_consec=1, fbcca_scores=[0.13931013515341417, 0.08675014139925234, 0.09045542179909047, 0.05304656879721417], fbcca_probs=[0.2618850443458088, 0.2484758485012683, 0.24939822897641328, 0.24024087817650966], cca_quad=0, cca_conf=0.2748, cca_ratio=1.6883, cca_scores=[0.23480772475664535, 0.13908149832891223, 0.1025394922305543, 0.07776452973507271], cca_probs=[0.2747640838194598, 0.24968162993361037, 0.2407224523743239, 0.23483183387260592]"
2026 06 19 17:00:48.989104,SSVEP_UPDATE,"fbcca_quad=2, fbcca_conf=0.2554, fbcca_ratio=1.0845, fbcca_consec=1, fbcca_scores=[0.053287677319552494, 0.08306611012997232, 0.09008177975638837, 0.047474554603380494], fbcca_probs=[0.24618963867382712, 0.25363102684392563, 0.25541667476915747, 0.24476265971308975], cca_quad=2, cca_conf=0.2576, cca_ratio=1.1539, cca_scores=[0.12384072090929187, 0.13184427066700438, 0.1521328097110568, 0.07985289506369961], cca_probs=[0.25039453523944055, 0.2524066215370478, 0.257579884656061, 0.2396189585674506]"
2026 06 19 17:00:50.014237,SSVEP_UPDATE,"fbcca_quad=2, fbcca_conf=0.3054, fbcca_ratio=5.9072, fbcca_consec=2, fbcca_scores=[0.03935530357258625, 0.050611980027423786, 0.32545101146228766, 0.05509431254114526], fbcca_probs=[0.22944180501034706, 0.2320391484757555, 0.30543748694719275, 0.23308155956670476], cca_quad=2, cca_conf=0.2879, cca_ratio=2.6097, cca_scores=[0.10275146416332157, 0.11397717516881328, 0.30428409833280423, 0.11659810894757167], cca_probs=[0.23537674505723094, 0.238033902712856, 0.2879307601438054, 0.2386585920861077]"
2026 06 19 17:00:51.028759,SSVEP_UPDATE,"fbcca_quad=2, fbcca_conf=0.4111, fbcca_ratio=17.7532, fbcca_consec=3, fbcca_scores=[0.04337060112492613, 0.029827593106737986, 0.7699674564749276, 0.01843271511588128], fbcca_probs=[0.19880914945858089, 0.19613482562331588, 0.41114344653915147, 0.19391257837895173], cca_quad=2, cca_conf=0.3286, cca_ratio=4.1093, cca_scores=[0.11791597597321163, 0.1100243965694754, 0.4845499918482596, 0.07235513260287484], cca_probs=[0.22776601152701256, 0.22597565163670705, 0.3286366892599036, 0.21762164757637678]"
2026 06 19 17:00:52.042321,SSVEP_UPDATE,"fbcca_quad=2, fbcca_conf=0.3827, fbcca_ratio=13.7008, fbcca_consec=4, fbcca_scores=[0.028686539160629628, 0.048148731584386074, 0.6596749473889265, 0.0410843740443456], fbcca_probs=[0.20359984210413531, 0.20760115224301254, 0.38265925416866053, 0.20613975148419167], cca_quad=2, cca_conf=0.3236, cca_ratio=3.9950, cca_scores=[0.08734598255475771, 0.11233385453537592, 0.44876991637743224, 0.06223377930122419], cca_probs=[0.22543466594322203, 0.23113876840949688, 0.3235825700335607, 0.21984399561372034]"
2026 06 19 17:00:52.042321,SSVEP_CONFIRMED,"fbcca_quad=2, fbcca_conf=0.3827, fbcca_ratio=13.7008, fbcca_consec=4, fbcca_scores=[0.028686539160629628, 0.048148731584386074, 0.6596749473889265, 0.0410843740443456], fbcca_probs=[0.20359984210413531, 0.20760115224301254, 0.38265925416866053, 0.20613975148419167], cca_quad=2, cca_conf=0.3236, cca_ratio=3.9950, cca_scores=[0.08734598255475771, 0.11233385453537592, 0.44876991637743224, 0.06223377930122419], cca_probs=[0.22543466594322203, 0.23113876840949688, 0.3235825700335607, 0.21984399561372034]"
2026 06 19 17:00:52.042321,SELECTION,"quad=2, result=navigate, output='Make T'"
2026 06 19 17:00:55.058522,PHASE_SSVEP,
2026 06 19 17:00:55.090740,SSVEP_UPDATE,"fbcca_quad=0, fbcca_conf=0.2558, fbcca_ratio=1.4499, fbcca_consec=1, fbcca_scores=[0.06848141278720798, 0.04723065760668783, 0.041064467591185004, 0.024845761413833736], fbcca_probs=[0.2558047452737126, 0.2504260542946047, 0.248886630725759, 0.24488256970592373], cca_quad=0, cca_conf=0.2566, cca_ratio=1.0970, cca_scores=[0.1318450291889045, 0.12018800509767637, 0.11206875170527264, 0.057670772905697415], cca_probs=[0.256585357680102, 0.25361170164733643, 0.2515609007306426, 0.23824203994191898]"
2026 06 19 17:00:56.118064,SSVEP_UPDATE,"fbcca_quad=2, fbcca_conf=0.2593, fbcca_ratio=3.7914, fbcca_consec=1, fbcca_scores=[0.01604858262657281, 0.01369386148459761, 0.06084669515815564, 0.005809751803948425], fbcca_probs=[0.24793727604375473, 0.24735413972911865, 0.2592969441633807, 0.24541164006374586], cca_quad=2, cca_conf=0.2671, cca_ratio=1.8463, cca_scores=[0.06921719065881154, 0.08144262132511365, 0.1503652892170716, 0.03232559911188289], cca_probs=[0.2462682612913447, 0.24929747584224066, 0.2670856873687888, 0.2373485754976259]"
2026 06 19 17:00:57.150661,SSVEP_UPDATE,"fbcca_quad=2, fbcca_conf=0.3022, fbcca_ratio=4.4065, fbcca_consec=2, fbcca_scores=[0.04307004768361082, 0.01830335573303528, 0.30552999851511925, 0.06933543993945712], fbcca_probs=[0.23243515150084884, 0.22674920340614063, 0.3021946114713161, 0.23862103362169448], cca_quad=2, cca_conf=0.2802, cca_ratio=1.9237, cca_scores=[0.10975798988604525, 0.07466903617738074, 0.26266542749768357, 0.13654066340044343], cca_probs=[0.24050711228496818, 0.2322143130277276, 0.2802430043966812, 0.24703557029062306]"
2026 06 19 17:00:58.170467,SSVEP_UPDATE,"fbcca_quad=2, fbcca_conf=0.3839, fbcca_ratio=10.1413, fbcca_consec=3, fbcca_scores=[0.041950061114181834, 0.04199210958578886, 0.6757155013244496, 0.06662977239408328], fbcca_probs=[0.20367748818061557, 0.20368605268775528, 0.38386972712829764, 0.2087667320033315], cca_quad=2, cca_conf=0.3170, cca_ratio=2.9654, cca_scores=[0.1052272951319016, 0.11857480547066133, 0.4571221151942984, 0.15415163074883778], cca_probs=[0.222948695552175, 0.2259444540539528, 0.316979308940236, 0.2341275414536361]"
2026 06 19 17:00:59.202557,SSVEP_UPDATE,"fbcca_quad=2, fbcca_conf=0.4730, fbcca_ratio=12.6785, fbcca_consec=4, fbcca_scores=[0.051461121990569826, 0.03327323519109025, 1.0464336221518356, 0.08253619971437129], fbcca_probs=[0.17488053045054672, 0.17172857376324904, 0.47299062018082927, 0.180400275605375], cca_quad=2, cca_conf=0.3310, cca_ratio=3.2077, cca_scores=[0.14589098008165086, 0.08355973499383341, 0.526615135979064, 0.16417113055643934], cca_probs=[0.22617455947612777, 0.21250719425511938, 0.3309711608019981, 0.23034708546675484]"
2026 06 19 17:00:59.202557,SSVEP_CONFIRMED,"fbcca_quad=2, fbcca_conf=0.4730, fbcca_ratio=12.6785, fbcca_consec=4, fbcca_scores=[0.051461121990569826, 0.03327323519109025, 1.0464336221518356, 0.08253619971437129], fbcca_probs=[0.17488053045054672, 0.17172857376324904, 0.47299062018082927, 0.180400275605375], cca_quad=2, cca_conf=0.3310, cca_ratio=3.2077, cca_scores=[0.14589098008165086, 0.08355973499383341, 0.526615135979064, 0.16417113055643934], cca_probs=[0.22617455947612777, 0.21250719425511938, 0.3309711608019981, 0.23034708546675484]"
2026 06 19 17:00:59.202557,SELECTION,"quad=2, result=char, output='Make TI'"
2026 06 19 17:01:02.203454,PHASE_SSVEP,
2026 06 19 17:01:02.335622,SSVEP_UPDATE,"fbcca_quad=0, fbcca_conf=0.2609, fbcca_ratio=1.5792, fbcca_consec=1, fbcca_scores=[0.11464950320402553, 0.07260023283778708, 0.051163627216768835, 0.04755320014710226], fbcca_probs=[0.2609320716674438, 0.25018755116813257, 0.24488145483976553, 0.24399892232465817], cca_quad=0, cca_conf=0.2558, cca_ratio=1.0418, cca_scores=[0.1484552923332441, 0.14250531815532008, 0.11903289193859352, 0.09088402854325363], cca_probs=[0.25581149174318907, 0.25429393914932924, 0.2483945507601684, 0.24150001834731327]"
2026 06 19 17:01:03.364607,SSVEP_UPDATE,"fbcca_quad=0, fbcca_conf=0.2618, fbcca_ratio=1.2576, fbcca_consec=2, fbcca_scores=[0.10976866214994108, 0.08728680355524593, 0.038143359893901094, 0.016912843770075108], fbcca_probs=[0.2617819213396142, 0.2559622409372923, 0.2436874578074735, 0.2385683799156199], cca_quad=1, cca_conf=0.2607, cca_ratio=1.1025, cca_scores=[0.12591293607666468, 0.1388244687876044, 0.06781347573912481, 0.05237515227671623], cca_probs=[0.2573570410934345, 0.2607014592686845, 0.24283080506534804, 0.23911069457253292]"
2026 06 19 17:01:04.391706,SSVEP_UPDATE,"fbcca_quad=1, fbcca_conf=0.2874, fbcca_ratio=2.6197, fbcca_consec=1, fbcca_scores=[0.05339027458873436, 0.25158505797023895, 0.09603492072986058, 0.03208775681131559], fbcca_probs=[0.23575510918317152, 0.2874325938858696, 0.2460262504679779, 0.23078604646298093], cca_quad=1, cca_conf=0.2837, cca_ratio=2.3086, cca_scores=[0.10756964819503129, 0.2712909648500799, 0.11751400460861298, 0.07069014788314289], cca_probs=[0.24086679811704845, 0.28371363228975144, 0.2432740126679856, 0.23214555692521455]"
2026 06 19 17:01:05.404319,SSVEP_UPDATE,"fbcca_quad=1, fbcca_conf=0.2947, fbcca_ratio=4.8818, fbcca_consec=2, fbcca_scores=[0.05450382930776265, 0.2660757057575041, 0.038528588247988764, 0.027381893597386832], fbcca_probs=[0.23849198530437338, 0.29468517456878573, 0.23471228950786435, 0.23211055061897648], cca_quad=1, cca_conf=0.2845, cca_ratio=2.3180, cca_scores=[0.11707363958475303, 0.27137889891106215, 0.0836544971593889, 0.08357713681275215], cca_probs=[0.24384068044191176, 0.2845247721464838, 0.235826395158816, 0.2358081522527883]"
2026 06 19 17:01:06.434451,SSVEP_UPDATE,"fbcca_quad=1, fbcca_conf=0.2929, fbcca_ratio=2.5050, fbcca_consec=3, fbcca_scores=[0.009215597379382509, 0.25909242312945385, 0.010454843200592924, 0.10343042540461272], fbcca_probs=[0.22810723403879357, 0.2928594112761241, 0.2283900902033247, 0.2506432644817576], cca_quad=1, cca_conf=0.2835, cca_ratio=1.6418, cca_scores=[0.0611237461075526, 0.2732343028546336, 0.07415768483703426, 0.16642388983070777], cca_probs=[0.22933424190451865, 0.28352238168594246, 0.2323429353311217, 0.25480044107841715]"
2026 06 19 17:01:07.448890,SSVEP_UPDATE,"fbcca_quad=1, fbcca_conf=0.3227, fbcca_ratio=2.0930, fbcca_consec=4, fbcca_scores=[0.017655403038073017, 0.4477827007049473, 0.026893758496599727, 0.2139473316768163], fbcca_probs=[0.20992454025540486, 0.32274916148536287, 0.21187288366511917, 0.2554534145941131], cca_quad=1, cca_conf=0.2926, cca_ratio=1.3159, cca_scores=[0.07692560427602863, 0.3725660341200829, 0.09645299256693514, 0.283130511102263], cca_probs=[0.2177363162053217, 0.292634737558641, 0.22202992282345163, 0.2675990234125856]"
2026 06 19 17:01:08.465531,SSVEP_UPDATE,"fbcca_quad=1, fbcca_conf=0.4131, fbcca_ratio=3.4770, fbcca_consec=5, fbcca_scores=[0.05573824446216475, 0.8630382169644099, 0.02799636903846032, 0.24821443373472393], fbcca_probs=[0.18427290479938996, 0.4131116145290758, 0.17923108692155376, 0.2233843937499805], cca_quad=1, cca_conf=0.3184, cca_ratio=1.7228, cca_scores=[0.09885568590794495, 0.49794439849879596, 0.08003585519063014, 0.28902423554137885], cca_probs=[0.2136169973017807, 0.31838883643057747, 0.2096343554459683, 0.25835981082167353]"
2026 06 19 17:01:08.466513,SSVEP_CONFIRMED,"fbcca_quad=1, fbcca_conf=0.4131, fbcca_ratio=3.4770, fbcca_consec=5, fbcca_scores=[0.05573824446216475, 0.8630382169644099, 0.02799636903846032, 0.24821443373472393], fbcca_probs=[0.18427290479938996, 0.4131116145290758, 0.17923108692155376, 0.2233843937499805], cca_quad=1, cca_conf=0.3184, cca_ratio=1.7228, cca_scores=[0.09885568590794495, 0.49794439849879596, 0.08003585519063014, 0.28902423554137885], cca_probs=[0.2136169973017807, 0.31838883643057747, 0.2096343554459683, 0.25835981082167353]"
2026 06 19 17:01:08.466513,SELECTION,"quad=1, result=navigate, output='Make TI'"
2026 06 19 17:01:11.473636,PHASE_SSVEP,
2026 06 19 17:01:11.507365,SSVEP_UPDATE,"fbcca_quad=3, fbcca_conf=0.2599, fbcca_ratio=1.2836, fbcca_consec=1, fbcca_scores=[0.07726356141937873, 0.1063369442831219, 0.06900941763149794, 0.13649082849384317], fbcca_probs=[0.2449601701733074, 0.2521865293339347, 0.24294655547146812, 0.2599067450212898], cca_quad=3, cca_conf=0.2593, cca_ratio=1.1662, cca_scores=[0.16941835981824993, 0.1640811484371013, 0.11079711120476592, 0.19757803987938485], cca_probs=[0.252124094674247, 0.25078203968805685, 0.23776912905216888, 0.2593247365855272]"
2026 06 19 17:01:12.537150,SSVEP_UPDATE,"fbcca_quad=1, fbcca_conf=0.2812, fbcca_ratio=2.0589, fbcca_consec=1, fbcca_scores=[0.0491911428616148, 0.24272055664579265, 0.07944775095597917, 0.11788902605048965], fbcca_probs=[0.23173055801592568, 0.28121084404541113, 0.2388490869089609, 0.24820951102970237], cca_quad=1, cca_conf=0.2705, cca_ratio=1.7451, cca_scores=[0.13435444849279377, 0.2344553516755427, 0.12243556058781971, 0.12686991301448006], cca_probs=[0.2447394656927043, 0.27050623355184145, 0.24183975840583774, 0.24291454234961662]"
2026 06 19 17:01:13.564292,SSVEP_UPDATE,"fbcca_quad=1, fbcca_conf=0.2955, fbcca_ratio=2.2304, fbcca_consec=2, fbcca_scores=[0.06628044224406297, 0.31292695462925557, 0.04017135017300936, 0.14030290895945285], fbcca_probs=[0.2309049424914972, 0.2954952120534315, 0.22495424577034473, 0.24864559968472663], cca_quad=1, cca_conf=0.2761, cca_ratio=1.9716, cca_scores=[0.12903541410687608, 0.25440830424719585, 0.10044346562457139, 0.12872174669361178], cca_probs=[0.24360118238358158, 0.2761392533923614, 0.23673477961084988, 0.2435247846132071]"
2026 06 19 17:01:14.584518,SSVEP_UPDATE,"fbcca_quad=1, fbcca_conf=0.2740, fbcca_ratio=1.6221, fbcca_consec=3, fbcca_scores=[0.07701886601632178, 0.22007293519831458, 0.0741419792139813, 0.13567548289608777], fbcca_probs=[0.23745464860436397, 0.27397331775169365, 0.2367725001620473, 0.25179953348189504], cca_quad=1, cca_conf=0.2650, cca_ratio=1.4857, cca_scores=[0.1460349636762779, 0.2169704380891781, 0.13365351457269212, 0.1364969476373652], cca_probs=[0.24680911802115818, 0.26495253871094554, 0.2437721036056161, 0.24446623966228015]"
2026 06 19 17:01:15.609991,SSVEP_UPDATE,"fbcca_quad=1, fbcca_conf=0.2641, fbcca_ratio=1.2000, fbcca_consec=4, fbcca_scores=[0.11814684907778857, 0.14177891615674332, 0.06395975283299699, 0.019010351297162942], fbcca_probs=[0.25794553076362975, 0.26411391562052533, 0.24434015817123358, 0.23360039544461134], cca_quad=1, cca_conf=0.2731, cca_ratio=1.3975, cca_scores=[0.1659762406336317, 0.23194420903623866, 0.11214716461120178, 0.056136251153986794], cca_probs=[0.25563914063567944, 0.2730718129139264, 0.2422421309669801, 0.22904691548341405]"
2026 06 19 17:01:16.624501,SSVEP_UPDATE,"fbcca_quad=1, fbcca_conf=0.2673, fbcca_ratio=1.0871, fbcca_consec=5, fbcca_scores=[0.14852297447726512, 0.16146419142925392, 0.03638829958284823, 0.023846606319844706], fbcca_probs=[0.26387092048241295, 0.2673079228407308, 0.23588051185638842, 0.23294064482046783], cca_quad=1, cca_conf=0.2736, cca_ratio=1.3184, cca_scores=[0.1776187642921897, 0.23416980447516747, 0.08118409857477496, 0.07359230235374428], cca_probs=[0.25856822060605084, 0.27361188080887283, 0.23479784336258394, 0.23302205522249236]"
2026 06 19 17:01:17.642608,SSVEP_UPDATE,"fbcca_quad=1, fbcca_conf=0.2923, fbcca_ratio=3.7908, fbcca_consec=6, fbcca_scores=[0.0701489354158587, 0.26592384728347374, 0.0533758162526011, 0.031291366262421995], fbcca_probs=[0.24029753186796327, 0.29226262055113206, 0.2363006068874406, 0.23113924069346414], cca_quad=1, cca_conf=0.2887, cca_ratio=2.3227, cca_scores=[0.12560190324010523, 0.2917400794969413, 0.0830344337831237, 0.07474619503907093], cca_probs=[0.24452999581794413, 0.28872542786990263, 0.23433940523999033, 0.23240517107216302]"
2026 06 19 17:01:18.666387,SSVEP_UPDATE,"fbcca_quad=1, fbcca_conf=0.2646, fbcca_ratio=1.6645, fbcca_consec=7, fbcca_scores=[0.0412100359355405, 0.12030808892254105, 0.07227971923451768, 0.016948314690874145], fbcca_probs=[0.24450487202477614, 0.26463017577956055, 0.25222080608867703, 0.23864414610698625], cca_quad=1, cca_conf=0.2786, cca_ratio=1.7678, cca_scores=[0.14795672459922896, 0.2615549754270343, 0.13871760398468924, 0.05304258801882334], cca_probs=[0.24872179366295646, 0.2786435114628117, 0.2464344060082418, 0.22620028886598997]"
2026 06 19 17:01:19.691469,SSVEP_UPDATE,"fbcca_quad=1, fbcca_conf=0.2949, fbcca_ratio=10.7787, fbcca_consec=8, fbcca_scores=[0.014159117307865196, 0.24353544849826053, 0.022594215211858597, 0.013489831057693608], fbcca_probs=[0.23443267320304106, 0.2948730043662877, 0.23641849929774317, 0.23427582313292797], cca_quad=1, cca_conf=0.3034, cca_ratio=3.7213, cca_scores=[0.0930524909206643, 0.3462794022335766, 0.07729097075266915, 0.06526440445288198], cca_probs=[0.23556393320089003, 0.30344769809891253, 0.23188019443919505, 0.2291081742610025]"
2026 06 19 17:01:20.705562,SSVEP_UPDATE,"fbcca_quad=1, fbcca_conf=0.2833, fbcca_ratio=4.2972, fbcca_consec=9, fbcca_scores=[0.046766978386710935, 0.20096902839199812, 0.021394398560382992, 0.022803853458725064], fbcca_probs=[0.24283662846831242, 0.2833239539078252, 0.2367527450175222, 0.23708667260634028], cca_quad=1, cca_conf=0.2920, cca_ratio=2.0436, cca_scores=[0.1508235219843464, 0.3082244906775673, 0.04917989905435884, 0.08262421193838651], cca_probs=[0.24950781139373704, 0.29204012043678024, 0.22539323773114156, 0.23305883043834116]"
2026 06 19 17:01:21.737392,SSVEP_UPDATE,"fbcca_quad=1, fbcca_conf=0.3088, fbcca_ratio=5.0202, fbcca_consec=10, fbcca_scores=[0.031142947059907784, 0.3310468494342462, 0.01645530010291731, 0.06594235956941194], fbcca_probs=[0.22880359056817584, 0.3088228633635494, 0.2254675633746194, 0.23690598269365531], cca_quad=1, cca_conf=0.2961, cca_ratio=2.8508, cca_scores=[0.10154196357893724, 0.3202335681439648, 0.04734867400988945, 0.1123316689725387], cca_probs=[0.23795107627227793, 0.2961176066640952, 0.22539891796647704, 0.24053239909714985]"
2026 06 19 17:01:21.737392,SSVEP_CONFIRMED,"fbcca_quad=1, fbcca_conf=0.3088, fbcca_ratio=5.0202, fbcca_consec=10, fbcca_scores=[0.031142947059907784, 0.3310468494342462, 0.01645530010291731, 0.06594235956941194], fbcca_probs=[0.22880359056817584, 0.3088228633635494, 0.2254675633746194, 0.23690598269365531], cca_quad=1, cca_conf=0.2961, cca_ratio=2.8508, cca_scores=[0.10154196357893724, 0.3202335681439648, 0.04734867400988945, 0.1123316689725387], cca_probs=[0.23795107627227793, 0.2961176066640952, 0.22539891796647704, 0.24053239909714985]"
2026 06 19 17:01:21.737392,SELECTION,"quad=1, result=navigate, output='Make TI'"
2026 06 19 17:01:24.754412,PHASE_SSVEP,
2026 06 19 17:01:24.885390,SSVEP_UPDATE,"fbcca_quad=1, fbcca_conf=0.2621, fbcca_ratio=1.4676, fbcca_consec=1, fbcca_scores=[0.07186795564144578, 0.14163491783243481, 0.0649290906819091, 0.0965105629970118], fbcca_probs=[0.2444813126510904, 0.2621471106750394, 0.24279076187228116, 0.25058081480158895], cca_quad=1, cca_conf=0.2609, cca_ratio=1.4085, cca_scores=[0.10632241712442858, 0.15896979037759285, 0.08583631589791153, 0.11286632226943939], cca_probs=[0.24750358190320026, 0.26088310345014426, 0.24248478181679295, 0.24912853282986264]"
2026 06 19 17:01:25.913010,SSVEP_UPDATE,"fbcca_quad=1, fbcca_conf=0.2557, fbcca_ratio=1.3821, fbcca_consec=2, fbcca_scores=[0.03444588422286055, 0.07689959662825298, 0.05564028555797808, 0.04944080081979887], fbcca_probs=[0.24510427119975908, 0.2557338944747978, 0.2503545512283728, 0.24880728309707037], cca_quad=1, cca_conf=0.2597, cca_ratio=1.5402, cca_scores=[0.08560947487570007, 0.13185760213915468, 0.08389360269728481, 0.07330381715657673], cca_probs=[0.2479304257342812, 0.25966602671185923, 0.24750537358644567, 0.24489817396741392]"
2026 06 19 17:01:26.941990,SSVEP_UPDATE,"fbcca_quad=1, fbcca_conf=0.2817, fbcca_ratio=2.8155, fbcca_consec=3, fbcca_scores=[0.04804604014170435, 0.21755053017232864, 0.03929517579651627, 0.07727005402687852], fbcca_probs=[0.2377747966346941, 0.2816960022072486, 0.2357031392611622, 0.24482606189689504], cca_quad=1, cca_conf=0.2738, cca_ratio=1.9438, cca_scores=[0.11504626777581299, 0.22363111699475913, 0.09386231049805778, 0.09236808894350158], cca_probs=[0.24562086425184387, 0.27379345110946895, 0.24047236765814095, 0.24011331698054614]"
2026 06 19 17:01:27.953362,SSVEP_UPDATE,"fbcca_quad=1, fbcca_conf=0.2848, fbcca_ratio=3.0663, fbcca_consec=4, fbcca_scores=[0.040841081550717716, 0.226296869046997, 0.030680309616383433, 0.07380130715619733], fbcca_probs=[0.2365650518338986, 0.28476919732097294, 0.23417353867965524, 0.24449221216547323], cca_quad=1, cca_conf=0.2856, cca_ratio=2.2224, cca_scores=[0.12762603449324111, 0.2836383688512132, 0.06460277247750522, 0.11199432508648995], cca_probs=[0.2443642228119699, 0.285622829672821, 0.2294388549400847, 0.24057409257512435]"
2026 06 19 17:01:28.984721,SSVEP_UPDATE,"fbcca_quad=1, fbcca_conf=0.2749, fbcca_ratio=3.1394, fbcca_consec=5, fbcca_scores=[0.035045028541371946, 0.16788265804890815, 0.05347684434380892, 0.028385719337149007], fbcca_probs=[0.24073008094684115, 0.2749292905310907, 0.24520831769177967, 0.23913231083028844], cca_quad=1, cca_conf=0.2811, cca_ratio=2.6591, cca_scores=[0.09276964502314657, 0.24668492145538068, 0.07601712260663987, 0.09226061408888125], cca_probs=[0.24100623877521984, 0.281107763726437, 0.2370024071354446, 0.24088359036289858]"
2026 06 19 17:01:30.000256,SSVEP_UPDATE,"fbcca_quad=1, fbcca_conf=0.3432, fbcca_ratio=7.6218, fbcca_consec=6, fbcca_scores=[0.042172436626480264, 0.4903422584939197, 0.06433441996648923, 0.015393306020539683], fbcca_probs=[0.21922948855830787, 0.3431916014406759, 0.22414228642712455, 0.21343662357389176], cca_quad=1, cca_conf=0.3159, cca_ratio=4.0590, cca_scores=[0.09965952735508553, 0.40451419780146564, 0.086179645503382, 0.049606137784005404], cca_probs=[0.2328713208823795, 0.31587314735272687, 0.22975330544377903, 0.22150222632111466]"
2026 06 19 17:01:30.000256,SSVEP_CONFIRMED,"fbcca_quad=1, fbcca_conf=0.3432, fbcca_ratio=7.6218, fbcca_consec=6, fbcca_scores=[0.042172436626480264, 0.4903422584939197, 0.06433441996648923, 0.015393306020539683], fbcca_probs=[0.21922948855830787, 0.3431916014406759, 0.22414228642712455, 0.21343662357389176], cca_quad=1, cca_conf=0.3159, cca_ratio=4.0590, cca_scores=[0.09965952735508553, 0.40451419780146564, 0.086179645503382, 0.049606137784005404], cca_probs=[0.2328713208823795, 0.31587314735272687, 0.22975330544377903, 0.22150222632111466]"
2026 06 19 17:01:30.000256,SELECTION,"quad=1, result=navigate, output='Make TI'"
2026 06 19 17:01:33.009401,PHASE_SSVEP,
2026 06 19 17:01:33.041851,SSVEP_UPDATE,"fbcca_quad=1, fbcca_conf=0.2570, fbcca_ratio=1.1773, fbcca_consec=1, fbcca_scores=[0.029856785850751875, 0.08317038752814963, 0.03678151849423635, 0.07064452845943059], fbcca_probs=[0.24370390236366007, 0.2570492177108026, 0.24539734327751675, 0.25384953664802057], cca_quad=1, cca_conf=0.2566, cca_ratio=1.0334, cca_scores=[0.12661714101504373, 0.16614044312216425, 0.10599109508781329, 0.1607703860608447], cca_probs=[0.2466308304874364, 0.25657368832609867, 0.24159591534684177, 0.2551995658396231]"
2026 06 19 17:01:34.069673,SSVEP_UPDATE,"fbcca_quad=0, fbcca_conf=0.2587, fbcca_ratio=3.1055, fbcca_consec=1, fbcca_scores=[0.06611126628065991, 0.021288279232345518, 0.01910851708809215, 0.019937939879611108], fbcca_probs=[0.25872364797785063, 0.24738294206680195, 0.24684429337084524, 0.24704911658450204], cca_quad=0, cca_conf=0.2579, cca_ratio=1.4281, cca_scores=[0.11069003117338894, 0.06951448694708619, 0.0775078748061312, 0.06054210427301337], cca_probs=[0.2578574511330461, 0.24745564974801745, 0.24944158533693395, 0.2452453137820026]"
2026 06 19 17:01:35.094257,SSVEP_UPDATE,"fbcca_quad=0, fbcca_conf=0.3031, fbcca_ratio=6.1703, fbcca_consec=2, fbcca_scores=[0.291743122479688, 0.02317521411934368, 0.04728221984326, 0.006316432690676124], fbcca_probs=[0.30309518755203546, 0.23170824095385115, 0.2373619055081508, 0.2278346659859627], cca_quad=0, cca_conf=0.2919, cca_ratio=2.3376, cca_scores=[0.29357167820028157, 0.07598774824058206, 0.12558908455058854, 0.03979543692303083], cca_probs=[0.2919116516135455, 0.2348312717145389, 0.2467729294593157, 0.2264841472126]"
2026 06 19 17:01:36.114182,SSVEP_UPDATE,"fbcca_quad=0, fbcca_conf=0.3323, fbcca_ratio=7.8954, fbcca_consec=3, fbcca_scores=[0.43391027580798996, 0.020121953740914196, 0.054957436004388176, 0.024223607211483596], fbcca_probs=[0.3322726076031948, 0.21967900598191864, 0.22746648285500798, 0.22058190355987867], cca_quad=0, cca_conf=0.3027, cca_ratio=2.2048, cca_scores=[0.3727613740460051, 0.07446603666930038, 0.16906765233329196, 0.07985453872575185], cca_probs=[0.30267388549894575, 0.224608885516873, 0.24689477129416212, 0.22582245769001916]"
2026 06 19 17:01:37.141312,SSVEP_UPDATE,"fbcca_quad=0, fbcca_conf=0.3412, fbcca_ratio=3.2938, fbcca_consec=4, fbcca_scores=[0.5182308407355147, 0.057666205836651226, 0.1573337743709897, 0.011934716912167152], fbcca_probs=[0.3412151868800494, 0.21528197703487448, 0.23784430013185665, 0.2056585359532194], cca_quad=0, cca_conf=0.2984, cca_ratio=1.7331, cca_scores=[0.364516846451827, 0.11550595744935362, 0.21033096610552732, 0.028957923929896563], cca_probs=[0.2983629526049689, 0.23259524990672126, 0.25573067165058827, 0.21331112583772155]"
2026 06 19 17:01:37.141312,SSVEP_CONFIRMED,"fbcca_quad=0, fbcca_conf=0.3412, fbcca_ratio=3.2938, fbcca_consec=4, fbcca_scores=[0.5182308407355147, 0.057666205836651226, 0.1573337743709897, 0.011934716912167152], fbcca_probs=[0.3412151868800494, 0.21528197703487448, 0.23784430013185665, 0.2056585359532194], cca_quad=0, cca_conf=0.2984, cca_ratio=1.7331, cca_scores=[0.364516846451827, 0.11550595744935362, 0.21033096610552732, 0.028957923929896563], cca_probs=[0.2983629526049689, 0.23259524990672126, 0.25573067165058827, 0.21331112583772155]"
2026 06 19 17:01:37.141312,SELECTION,"quad=0, result=char, output='Make TIM'"
2026 06 19 17:01:40.143384,PHASE_SSVEP,
2026 06 19 17:01:40.192257,SSVEP_UPDATE,"fbcca_quad=2, fbcca_conf=0.2527, fbcca_ratio=1.0485, fbcca_consec=1, fbcca_scores=[0.054020265800094815, 0.07308570672075933, 0.07662775770401603, 0.059746306377101856], fbcca_probs=[0.24704437404008386, 0.2517995698723478, 0.25269303820746497, 0.2484630178801034], cca_quad=1, cca_conf=0.2575, cca_ratio=1.2773, cca_scores=[0.1119567547611911, 0.14300369364665727, 0.10370440131132125, 0.09490810234098845], cca_probs=[0.24959993006079692, 0.257470794737314, 0.24754861893051983, 0.24538065627136926]"
2026 06 19 17:01:41.214547,SSVEP_UPDATE,"fbcca_quad=1, fbcca_conf=0.2675, fbcca_ratio=1.8794, fbcca_consec=1, fbcca_scores=[0.03820323539898291, 0.14705292073182782, 0.050088487176121244, 0.07824512247032002], fbcca_probs=[0.23993443428795463, 0.2675256316196735, 0.24280312926143546, 0.24973680483093633], cca_quad=1, cca_conf=0.2654, cca_ratio=1.9058, cca_scores=[0.08270179170101245, 0.16027122341508163, 0.07198259748777346, 0.0840985594985647], cca_probs=[0.24561617755310894, 0.26542690587354606, 0.24299743054757755, 0.2459594860257675]"
2026 06 19 17:01:42.234319,SSVEP_UPDATE,"fbcca_quad=1, fbcca_conf=0.3047, fbcca_ratio=4.8420, fbcca_consec=2, fbcca_scores=[0.066415901910248, 0.32158439157239027, 0.03543401684155238, 0.042005331775894925], fbcca_probs=[0.23606858022128274, 0.30468877525369303, 0.22886686796531172, 0.23037577655971256], cca_quad=1, cca_conf=0.2849, cca_ratio=2.1235, cca_scores=[0.12502891490124446, 0.26550467351176316, 0.06516061078735337, 0.07082509003565866], cca_probs=[0.2475278915487597, 0.28486034066135274, 0.23314369137682597, 0.23446807641306172]"
2026 06 19 17:01:43.252918,SSVEP_UPDATE,"fbcca_quad=1, fbcca_conf=0.2977, fbcca_ratio=4.1903, fbcca_consec=3, fbcca_scores=[0.025824055579089213, 0.27988097239571463, 0.06679309123469745, 0.02493155511161206], fbcca_probs=[0.2309376593573201, 0.2977352646482697, 0.24059543665586747, 0.2307316393385427], cca_quad=1, cca_conf=0.2898, cca_ratio=3.4106, cca_scores=[0.08187674174864147, 0.2848141412151388, 0.08226714904766227, 0.08350896165741532], cca_probs=[0.23657329356580442, 0.2898012863871103, 0.2366656715377098, 0.23695974850937554]"
2026 06 19 17:01:44.281790,SSVEP_UPDATE,"fbcca_quad=1, fbcca_conf=0.2590, fbcca_ratio=1.4151, fbcca_consec=4, fbcca_scores=[0.023051198012682128, 0.0831770390198584, 0.05877825724087516, 0.024336577350786415], fbcca_probs=[0.2439244920128118, 0.25904053608768435, 0.2527967427922081, 0.24423822910729567], cca_quad=1, cca_conf=0.2700, cca_ratio=1.8319, cca_scores=[0.0979960225331269, 0.17951596646433382, 0.0628858768358982, 0.06545477186802964], cca_probs=[0.24885424772225878, 0.26999064722700084, 0.24026854345554274, 0.24088656159519764]"
2026 06 19 17:01:45.312969,SSVEP_UPDATE,"fbcca_quad=1, fbcca_conf=0.2650, fbcca_ratio=2.7206, fbcca_consec=5, fbcca_scores=[0.03697474409032954, 0.11492731719769265, 0.02972827407399485, 0.04224384867366195], fbcca_probs=[0.24515006638872483, 0.2650247219502254, 0.24338001484150823, 0.2464451968195416], cca_quad=1, cca_conf=0.2731, cca_ratio=1.9820, cca_scores=[0.10158003371958645, 0.20133523538407885, 0.05812138941029703, 0.08509367708625701], cca_probs=[0.24715638197994103, 0.27308318708828255, 0.2366453524885795, 0.2431150784431968]"
2026 06 19 17:01:46.332515,SSVEP_UPDATE,"fbcca_quad=1, fbcca_conf=0.3176, fbcca_ratio=5.5258, fbcca_consec=6, fbcca_scores=[0.07112315695265879, 0.3930116520351425, 0.03924396771063064, 0.06669221054606574], fbcca_probs=[0.23020610918161916, 0.31762248694823086, 0.22298306910365376, 0.22918833476649625], cca_quad=1, cca_conf=0.2919, cca_ratio=2.6338, cca_scores=[0.11915752529183403, 0.31383651809304, 0.06801203752323538, 0.11582858045772766], cca_probs=[0.24028423074703303, 0.2919263400079675, 0.22830376152303605, 0.2394856677219634]"
2026 06 19 17:01:46.332515,SSVEP_CONFIRMED,"fbcca_quad=1, fbcca_conf=0.3176, fbcca_ratio=5.5258, fbcca_consec=6, fbcca_scores=[0.07112315695265879, 0.3930116520351425, 0.03924396771063064, 0.06669221054606574], fbcca_probs=[0.23020610918161916, 0.31762248694823086, 0.22298306910365376, 0.22918833476649625], cca_quad=1, cca_conf=0.2919, cca_ratio=2.6338, cca_scores=[0.11915752529183403, 0.31383651809304, 0.06801203752323538, 0.11582858045772766], cca_probs=[0.24028423074703303, 0.2919263400079675, 0.22830376152303605, 0.2394856677219634]"
2026 06 19 17:01:46.332515,SELECTION,"quad=1, result=navigate, output='Make TIM'"
2026 06 19 17:01:49.335347,PHASE_SSVEP,
2026 06 19 17:01:49.383163,SSVEP_UPDATE,"fbcca_quad=0, fbcca_conf=0.2800, fbcca_ratio=1.9018, fbcca_consec=1, fbcca_scores=[0.2274528093381279, 0.11959588430270414, 0.05367660097060778, 0.044838547710196706], fbcca_probs=[0.28000769276633264, 0.25137859565074955, 0.23534225728714667, 0.23327145429577115], cca_quad=0, cca_conf=0.2751, cca_ratio=1.5461, cca_scores=[0.23178323690010383, 0.1499129810714818, 0.08142551562600128, 0.07249332251879557], cca_probs=[0.2751379262125782, 0.2535097454717336, 0.23672870966433437, 0.23462361865135378]"
2026 06 19 17:01:50.401239,SSVEP_UPDATE,"fbcca_quad=0, fbcca_conf=0.2931, fbcca_ratio=3.4742, fbcca_consec=2, fbcca_scores=[0.2729877271266168, 0.042349418492716416, 0.078574641497441, 0.04255912814029342], fbcca_probs=[0.2931229705421912, 0.23274743763724867, 0.24133333968193305, 0.2327962521386271], cca_quad=0, cca_conf=0.2823, cca_ratio=2.3106, cca_scores=[0.250762336162561, 0.10852527997155757, 0.09482090473814116, 0.0515714922083393], cca_probs=[0.28229302262597333, 0.2448653732545346, 0.24153253568758307, 0.231309068431909]"
2026 06 19 17:01:51.430435,SSVEP_UPDATE,"fbcca_quad=0, fbcca_conf=0.3361, fbcca_ratio=5.7694, fbcca_consec=3, fbcca_scores=[0.47671446063090706, 0.05731572699008581, 0.0826284885331598, 0.03565250805301881], fbcca_probs=[0.3361241802643756, 0.22098215290330478, 0.22664721818735817, 0.2162464486449614], cca_quad=0, cca_conf=0.3118, cca_ratio=2.8351, cca_scores=[0.41535084567161695, 0.1465028096878226, 0.10118040128905476, 0.07631475573357117], cca_probs=[0.3118071402950546, 0.23830153382614921, 0.22774222840971764, 0.2221490974690786]"
2026 06 19 17:01:52.441738,SSVEP_UPDATE,"fbcca_quad=0, fbcca_conf=0.3460, fbcca_ratio=3.6219, fbcca_consec=4, fbcca_scores=[0.5369746656187105, 0.04047213343888917, 0.14825865690228557, 0.0325368301015284], fbcca_probs=[0.34596959565716795, 0.21057636473934038, 0.23454204980037868, 0.20891198980311307], cca_quad=0, cca_conf=0.3128, cca_ratio=2.8517, cca_scores=[0.43138355858138294, 0.11775005316268441, 0.15127476048494637, 0.0891409086679176], cca_probs=[0.31282610300223773, 0.22860918942593428, 0.23640316093893773, 0.22216154663289023]"
2026 06 19 17:01:52.441738,SSVEP_CONFIRMED,"fbcca_quad=0, fbcca_conf=0.3460, fbcca_ratio=3.6219, fbcca_consec=4, fbcca_scores=[0.5369746656187105, 0.04047213343888917, 0.14825865690228557, 0.0325368301015284], fbcca_probs=[0.34596959565716795, 0.21057636473934038, 0.23454204980037868, 0.20891198980311307], cca_quad=0, cca_conf=0.3128, cca_ratio=2.8517, cca_scores=[0.43138355858138294, 0.11775005316268441, 0.15127476048494637, 0.0891409086679176], cca_probs=[0.31282610300223773, 0.22860918942593428, 0.23640316093893773, 0.22216154663289023]"
2026 06 19 17:01:52.441738,SELECTION,"quad=0, result=navigate, output='Make TIM'"
2026 06 19 17:01:55.450629,PHASE_SSVEP,
2026 06 19 17:01:55.480379,SSVEP_UPDATE,"fbcca_quad=1, fbcca_conf=0.2621, fbcca_ratio=1.3910, fbcca_consec=1, fbcca_scores=[0.08702650904291956, 0.12105375925012034, 0.06505470948047447, 0.019917672788197623], fbcca_probs=[0.2532944716495767, 0.2620617024763764, 0.2477898311667862, 0.23685399470726065], cca_quad=1, cca_conf=0.2682, cca_ratio=1.2270, cca_scores=[0.16555926394468046, 0.20313903028192906, 0.09013710451983876, 0.06643205478643328], cca_probs=[0.25831288148689774, 0.2682049254317798, 0.23954694488489137, 0.23393524819643108]"
2026 06 19 17:01:56.502178,SSVEP_UPDATE,"fbcca_quad=1, fbcca_conf=0.2784, fbcca_ratio=2.3132, fbcca_consec=2, fbcca_scores=[0.06870913049446535, 0.20556726037892364, 0.08886786626758499, 0.01995652402051553], fbcca_probs=[0.24275111919186917, 0.2783543236126441, 0.24769433192339727, 0.2312002252720894], cca_quad=1, cca_conf=0.2789, cca_ratio=1.9052, cca_scores=[0.12996092110308435, 0.24759983140928818, 0.09444776333499268, 0.07132538652824295], cca_probs=[0.24795447956559552, 0.27890858881636366, 0.2393033565641401, 0.2338335750539008]"
2026 06 19 17:01:57.522302,SSVEP_UPDATE,"fbcca_quad=1, fbcca_conf=0.3471, fbcca_ratio=5.7142, fbcca_consec=3, fbcca_scores=[0.06099755476236455, 0.5253499830192562, 0.02206595800902412, 0.09193684470481601], fbcca_probs=[0.2181394771477808, 0.34705632612101756, 0.20981014804416412, 0.22499404868703748], cca_quad=1, cca_conf=0.3137, cca_ratio=3.1485, cca_scores=[0.0997557537456659, 0.41436445716185294, 0.06357449057768626, 0.1316054853854816], cca_probs=[0.2290136968976935, 0.3136853824744035, 0.2208757995110926, 0.23642512111681052]"
2026 06 19 17:01:58.549482,SSVEP_UPDATE,"fbcca_quad=1, fbcca_conf=0.2873, fbcca_ratio=2.0128, fbcca_consec=4, fbcca_scores=[0.058017257304186304, 0.26837688903944557, 0.040497536191135775, 0.13333221354079033], fbcca_probs=[0.23283004403336208, 0.2873406352546173, 0.22878645133141917, 0.2510428693806015], cca_quad=1, cca_conf=0.2857, cca_ratio=1.6235, cca_scores=[0.10953862156727205, 0.31196382149078905, 0.08478007681673302, 0.19215558237229635], cca_probs=[0.23331562131780373, 0.28566429702863105, 0.22760998909462987, 0.2534100925589352]"
2026 06 19 17:01:59.587198,SSVEP_UPDATE,"fbcca_quad=1, fbcca_conf=0.2892, fbcca_ratio=2.7820, fbcca_consec=5, fbcca_scores=[0.06579755208214104, 0.25735829817575323, 0.013839399696706292, 0.09250697350889299], fbcca_probs=[0.23880161824468918, 0.2892218105146248, 0.2267107567543378, 0.24526581448634815], cca_quad=1, cca_conf=0.2919, cca_ratio=1.8681, cca_scores=[0.12261324709808837, 0.32421063310681775, 0.03482553563411856, 0.17354675118931176], cca_probs=[0.23857445508826447, 0.2918613405285688, 0.2185235372735461, 0.2510406671096206]"
2026 06 19 17:02:00.605340,SSVEP_UPDATE,"fbcca_quad=1, fbcca_conf=0.3585, fbcca_ratio=5.5481, fbcca_consec=6, fbcca_scores=[0.04926140867408119, 0.5859139318089516, 0.051921521848422025, 0.10560548652769688], fbcca_probs=[0.20960416911617866, 0.3584801777084429, 0.2101624821865904, 0.22175317098878794], cca_quad=1, cca_conf=0.3168, cca_ratio=2.2914, cca_scores=[0.14262234206956625, 0.48027311253888616, 0.09476691555391797, 0.20959377153912967], cca_probs=[0.22603020618717098, 0.31681544645655463, 0.21546817515024125, 0.24168617220603325]"
2026 06 19 17:02:00.605340,SSVEP_CONFIRMED,"fbcca_quad=1, fbcca_conf=0.3585, fbcca_ratio=5.5481, fbcca_consec=6, fbcca_scores=[0.04926140867408119, 0.5859139318089516, 0.051921521848422025, 0.10560548652769688], fbcca_probs=[0.20960416911617866, 0.3584801777084429, 0.2101624821865904, 0.22175317098878794], cca_quad=1, cca_conf=0.3168, cca_ratio=2.2914, cca_scores=[0.14262234206956625, 0.48027311253888616, 0.09476691555391797, 0.20959377153912967], cca_probs=[0.22603020618717098, 0.31681544645655463, 0.21546817515024125, 0.24168617220603325]"
2026 06 19 17:02:00.605340,SELECTION,"quad=1, result=navigate, output='Make TIM'"
2026 06 19 17:02:03.613387,PHASE_SSVEP,
2026 06 19 17:02:03.644424,SSVEP_UPDATE,"fbcca_quad=2, fbcca_conf=0.2682, fbcca_ratio=1.2322, fbcca_consec=1, fbcca_scores=[0.04265968844108683, 0.17278690559543963, 0.2129152842932867, 0.1336832165111089], fbcca_probs=[0.22625069655953522, 0.25769349593701973, 0.2682446016928353, 0.24781120581060972], cca_quad=1, cca_conf=0.2594, cca_ratio=1.0849, cca_scores=[0.11018295745219318, 0.18403217479197087, 0.12208815953378853, 0.1696302600943705], cca_probs=[0.24097136679226397, 0.2594404856156539, 0.24385732447812122, 0.25573082311396084]"
2026 06 19 17:02:04.667566,SSVEP_UPDATE,"fbcca_quad=2, fbcca_conf=0.2668, fbcca_ratio=1.1199, fbcca_consec=2, fbcca_scores=[0.05261439036427124, 0.14648516808566087, 0.16405173165187742, 0.025394678206555225], fbcca_probs=[0.23869487946773574, 0.26218670358740415, 0.26683311423272266, 0.23228530271213754], cca_quad=1, cca_conf=0.2736, cca_ratio=1.7104, cca_scores=[0.1318319966781058, 0.22549080219524445, 0.10001691288521092, 0.07795118510064301], cca_probs=[0.24910225324642243, 0.27356035482509516, 0.2413017883661088, 0.23603560356237352]"
2026 06 19 17:02:05.686490,SSVEP_UPDATE,"fbcca_quad=1, fbcca_conf=0.3260, fbcca_ratio=4.5600, fbcca_consec=1, fbcca_scores=[0.046637713187766085, 0.42810233655761754, 0.09388270469770776, 0.025406578058239097], fbcca_probs=[0.22262793268173528, 0.3260225458695288, 0.23339840970462988, 0.2179511117441061], cca_quad=1, cca_conf=0.3115, cca_ratio=3.6975, cca_scores=[0.10764588592998357, 0.39802113276863554, 0.08178830912560245, 0.08763194101714027], cca_probs=[0.2330139829286272, 0.31152316803401203, 0.22706603710464052, 0.22839681193272005]"
2026 06 19 17:02:06.715374,SSVEP_UPDATE,"fbcca_quad=1, fbcca_conf=0.3662, fbcca_ratio=9.1299, fbcca_consec=2, fbcca_scores=[0.05448792699862897, 0.610175760415846, 0.06683290024131261, 0.05857446043221498], fbcca_probs=[0.21009921973473578, 0.36623226189809355, 0.21270896445170237, 0.21095955391546836], cca_quad=1, cca_conf=0.3199, cca_ratio=3.4882, cca_scores=[0.13191682449810666, 0.4601570217459649, 0.08625644793388675, 0.12871255123601294], cca_probs=[0.23037813667845136, 0.3198852151148055, 0.22009552460557438, 0.22964112360116884]"
2026 06 19 17:02:07.739509,SSVEP_UPDATE,"fbcca_quad=1, fbcca_conf=0.4355, fbcca_ratio=14.0817, fbcca_consec=3, fbcca_scores=[0.029955665481302827, 0.875909711883851, 0.017600044978875528, 0.06220202728620254], fbcca_probs=[0.18689170792263707, 0.4354950341098952, 0.18459675190316857, 0.19301650606429915], cca_quad=1, cca_conf=0.3375, cca_ratio=4.2260, cca_scores=[0.10079284791306976, 0.5179957935652838, 0.05748097669697464, 0.12257291368919884], cca_probs=[0.22235355070794782, 0.33746831738287847, 0.21292858219293764, 0.22724954971623612]"
2026 06 19 17:02:08.754150,SSVEP_UPDATE,"fbcca_quad=1, fbcca_conf=0.4506, fbcca_ratio=9.8815, fbcca_consec=4, fbcca_scores=[0.02266436589156136, 0.9557107039081132, 0.044734377509647136, 0.09671740605261614], fbcca_probs=[0.17726029750521666, 0.4506385593485782, 0.18121592413404394, 0.19088521901216127], cca_quad=1, cca_conf=0.3435, cca_ratio=3.8839, cca_scores=[0.09614925552746663, 0.5611708838132542, 0.08911538257323291, 0.14448471691372206], cca_probs=[0.21577011561994683, 0.3435165151977842, 0.21425774119955698, 0.22645562798271202]"
2026 06 19 17:02:08.754150,SSVEP_CONFIRMED,"fbcca_quad=1, fbcca_conf=0.4506, fbcca_ratio=9.8815, fbcca_consec=4, fbcca_scores=[0.02266436589156136, 0.9557107039081132, 0.044734377509647136, 0.09671740605261614], fbcca_probs=[0.17726029750521666, 0.4506385593485782, 0.18121592413404394, 0.19088521901216127], cca_quad=1, cca_conf=0.3435, cca_ratio=3.8839, cca_scores=[0.09614925552746663, 0.5611708838132542, 0.08911538257323291, 0.14448471691372206], cca_probs=[0.21577011561994683, 0.3435165151977842, 0.21425774119955698, 0.22645562798271202]"
2026 06 19 17:02:08.754150,SELECTION,"quad=1, result=char, output='Make TIME'"
2026 06 19 17:02:11.756376,PHASE_SSVEP,
2026 06 19 17:02:11.788504,SSVEP_UPDATE,"fbcca_quad=1, fbcca_conf=0.2755, fbcca_ratio=2.4737, fbcca_consec=1, fbcca_scores=[0.0404264931214296, 0.17848029503029272, 0.02653963055025164, 0.07215189820538745], fbcca_probs=[0.24001072653073124, 0.275541270108334, 0.23670076622995387, 0.24774723713098082], cca_quad=1, cca_conf=0.2654, cca_ratio=1.3223, cca_scores=[0.13248501056529352, 0.17518283887235067, 0.05180656846540854, 0.0987497954583617], cca_probs=[0.2542626986406264, 0.26535427169275555, 0.2345548675015964, 0.24582816216502174]"
2026 06 19 17:02:12.818491,SSVEP_UPDATE,"fbcca_quad=1, fbcca_conf=0.2562, fbcca_ratio=1.3420, fbcca_consec=2, fbcca_scores=[0.06984292015259434, 0.09372889487453742, 0.05378981442653073, 0.05901600398809073], fbcca_probs=[0.2501575947727444, 0.25620478678485464, 0.24617384974701018, 0.24746376869539083], cca_quad=1, cca_conf=0.2568, cca_ratio=1.0307, cca_scores=[0.1391319906137147, 0.14339872666964537, 0.09775561583497286, 0.08391754493329803], cca_probs=[0.25575277543506536, 0.25684633633224735, 0.2453865892216848, 0.2420142990110025]"
2026 06 19 17:02:13.849330,SSVEP_UPDATE,"fbcca_quad=1, fbcca_conf=0.2940, fbcca_ratio=3.1220, fbcca_consec=3, fbcca_scores=[0.06170209619494407, 0.2939344329729287, 0.05791047555976148, 0.09414978311156488], fbcca_probs=[0.23306719192966813, 0.29399393155359016, 0.23218516277204013, 0.24075371374470148], cca_quad=1, cca_conf=0.2813, cca_ratio=2.1745, cca_scores=[0.12642286618822954, 0.274900363228916, 0.09100699551405157, 0.12442734061386122], cca_probs=[0.24252553934616825, 0.2813458002875163, 0.2340866043742102, 0.2420420559921052]"
2026 06 19 17:02:14.878791,SSVEP_UPDATE,"fbcca_quad=1, fbcca_conf=0.3529, fbcca_ratio=5.4410, fbcca_consec=4, fbcca_scores=[0.07026286476612553, 0.5704598419702454, 0.10484382557709054, 0.05946449372615753], fbcca_probs=[0.21397278124484703, 0.3528509725424243, 0.22150159210643328, 0.2116746541062953], cca_quad=1, cca_conf=0.3070, cca_ratio=2.6185, cca_scores=[0.15695499356966303, 0.41098556877858916, 0.09149040987305432, 0.1300735496759513], cca_probs=[0.23813378820921377, 0.30700475199373356, 0.2230437782842481, 0.23181768151280455]"
2026 06 19 17:02:14.878791,SSVEP_CONFIRMED,"fbcca_quad=1, fbcca_conf=0.3529, fbcca_ratio=5.4410, fbcca_consec=4, fbcca_scores=[0.07026286476612553, 0.5704598419702454, 0.10484382557709054, 0.05946449372615753], fbcca_probs=[0.21397278124484703, 0.3528509725424243, 0.22150159210643328, 0.2116746541062953], cca_quad=1, cca_conf=0.3070, cca_ratio=2.6185, cca_scores=[0.15695499356966303, 0.41098556877858916, 0.09149040987305432, 0.1300735496759513], cca_probs=[0.23813378820921377, 0.30700475199373356, 0.2230437782842481, 0.23181768151280455]"
2026 06 19 17:02:14.880299,SELECTION,"quad=1, result=navigate, output='Make TIME'"
2026 06 19 17:02:17.883343,PHASE_SSVEP,
2026 06 19 17:02:17.913417,SSVEP_UPDATE,"fbcca_quad=2, fbcca_conf=0.2743, fbcca_ratio=2.3521, fbcca_consec=1, fbcca_scores=[0.07337083738043522, 0.03898166482033257, 0.1725768698899764, 0.02721765892155105], fbcca_probs=[0.24842344934234975, 0.24002559766281145, 0.27433247402490957, 0.23721847896992926], cca_quad=0, cca_conf=0.2610, cca_ratio=1.3306, cca_scores=[0.14862612628298044, 0.10984674684760984, 0.1116988684745233, 0.049824956715463845], cca_probs=[0.26098539955914973, 0.25105827561189564, 0.2515236969491876, 0.23643262787976688]"
2026 06 19 17:02:18.951405,SSVEP_UPDATE,"fbcca_quad=2, fbcca_conf=0.2703, fbcca_ratio=1.5705, fbcca_consec=2, fbcca_scores=[0.06864911879674807, 0.11251426116310138, 0.17670837524391503, 0.03114004811739695], fbcca_probs=[0.24259238786432438, 0.2534705800008692, 0.2702755178406101, 0.2336615142941963], cca_quad=1, cca_conf=0.2659, cca_ratio=1.2560, cca_scores=[0.1632894929360423, 0.2050866840643006, 0.13891971974577474, 0.06127478961316692], cca_probs=[0.2549963969546618, 0.26588040611178154, 0.24885730061312064, 0.23026589632043598]"
2026 06 19 17:02:19.959379,SSVEP_UPDATE,"fbcca_quad=1, fbcca_conf=0.2689, fbcca_ratio=1.7246, fbcca_consec=1, fbcca_scores=[0.10119758543635933, 0.17488687770233466, 0.1014043363420305, 0.02422270239499006], fbcca_probs=[0.2498380944852062, 0.268943784516844, 0.2498897540776619, 0.23132836692028788], cca_quad=1, cca_conf=0.2717, cca_ratio=1.1571, cca_scores=[0.20180339279585163, 0.2335010978350097, 0.09461659725221694, 0.060650991272288624], cca_probs=[0.2632326917242544, 0.2717102131296446, 0.23647715448005172, 0.2285799406660493]"
2026 06 19 17:02:20.983151,SSVEP_UPDATE,"fbcca_quad=1, fbcca_conf=0.2696, fbcca_ratio=1.5552, fbcca_consec=2, fbcca_scores=[0.08767878524788426, 0.1731196734737293, 0.11131526660980957, 0.012221746743550302], fbcca_probs=[0.24749811697806504, 0.26957424984608575, 0.2534177860822548, 0.22950984709359448], cca_quad=1, cca_conf=0.2804, cca_ratio=1.5746, cca_scores=[0.17032192123449508, 0.2681888451919508, 0.10703939420984482, 0.05538792273068811], cca_probs=[0.2542640572783694, 0.2804064749017538, 0.23867213632022, 0.22665733149965675]"
2026 06 19 17:02:22.008802,SSVEP_UPDATE,"fbcca_quad=1, fbcca_conf=0.2860, fbcca_ratio=3.0786, fbcca_consec=3, fbcca_scores=[0.03554647698590531, 0.22643971722201456, 0.0735518326992724, 0.017592344203936378], fbcca_probs=[0.23633548916130828, 0.28604398709886586, 0.24549036880199748, 0.2321301549378285], cca_quad=1, cca_conf=0.2908, cca_ratio=2.4204, cca_scores=[0.1285056460294035, 0.31102940128719386, 0.11072811355184056, 0.07122516728267199], cca_probs=[0.242309614630718, 0.290830337059467, 0.2380400115375783, 0.22882003677223672]"
2026 06 19 17:02:23.047465,SSVEP_UPDATE,"fbcca_quad=1, fbcca_conf=0.2799, fbcca_ratio=3.1291, fbcca_consec=4, fbcca_scores=[0.04153360575624655, 0.191421160610047, 0.06117480633023775, 0.01026096131370924], fbcca_probs=[0.24092030095201294, 0.27987798272432407, 0.24569904137870144, 0.23350267494496152], cca_quad=1, cca_conf=0.2847, cca_ratio=1.9838, cca_scores=[0.14095014164417005, 0.2796184723913968, 0.12129688002973238, 0.04243111465179853], cca_probs=[0.2478032189251018, 0.28466222156019344, 0.2429806225355198, 0.224553936979185]"
2026 06 19 17:02:24.081666,SSVEP_UPDATE,"fbcca_quad=1, fbcca_conf=0.3161, fbcca_ratio=4.6107, fbcca_consec=5, fbcca_scores=[0.0830903698343303, 0.38310331304848444, 0.044519748199405094, 0.04013305285371363], fbcca_probs=[0.23419245926648977, 0.3161308455315099, 0.2253314954766699, 0.22434519972533043], cca_quad=1, cca_conf=0.3010, cca_ratio=2.3125, cca_scores=[0.16433717083326277, 0.3800248596116208, 0.10629558542444663, 0.10016432538648316], cca_probs=[0.24259076736249177, 0.3009859625231767, 0.22891124530461324, 0.22751202480971838]"
2026 06 19 17:02:24.081666,SSVEP_CONFIRMED,"fbcca_quad=1, fbcca_conf=0.3161, fbcca_ratio=4.6107, fbcca_consec=5, fbcca_scores=[0.0830903698343303, 0.38310331304848444, 0.044519748199405094, 0.04013305285371363], fbcca_probs=[0.23419245926648977, 0.3161308455315099, 0.2253314954766699, 0.22434519972533043], cca_quad=1, cca_conf=0.3010, cca_ratio=2.3125, cca_scores=[0.16433717083326277, 0.3800248596116208, 0.10629558542444663, 0.10016432538648316], cca_probs=[0.24259076736249177, 0.3009859625231767, 0.22891124530461324, 0.22751202480971838]"
2026 06 19 17:02:24.082948,SELECTION,"quad=1, result=navigate, output='Make TIME'"
2026 06 19 17:02:27.095400,PHASE_SSVEP,
2026 06 19 17:02:27.125664,SSVEP_UPDATE,"fbcca_quad=0, fbcca_conf=0.2580, fbcca_ratio=1.1092, fbcca_consec=1, fbcca_scores=[0.11555319760861693, 0.10417654455523591, 0.03103356682619314, 0.08320383023045369], fbcca_probs=[0.25801060300942963, 0.25509193968462957, 0.23709977645254024, 0.24979768085340057], cca_quad=1, cca_conf=0.2583, cca_ratio=1.0976, cca_scores=[0.16840455521361822, 0.18484006659161928, 0.09031718122450796, 0.16229099367930028], cca_probs=[0.2541063576024136, 0.2583172347047395, 0.2350188059130774, 0.2525576017797695]"
2026 06 19 17:02:28.151631,SSVEP_UPDATE,"fbcca_quad=0, fbcca_conf=0.2626, fbcca_ratio=1.3634, fbcca_consec=2, fbcca_scores=[0.14035110206339582, 0.06620040008402119, 0.10293862045574194, 0.05219207977529322], fbcca_probs=[0.26264465030108886, 0.2438738972249754, 0.2530000021988076, 0.24048145027512818], cca_quad=2, cca_conf=0.2557, cca_ratio=1.0407, cca_scores=[0.14677890994099826, 0.1250068162573969, 0.152748698319575, 0.09576639959761549], cca_probs=[0.25414784319556616, 0.24867431385450067, 0.255669589769443, 0.24150825318049013]"
2026 06 19 17:02:29.170324,SSVEP_UPDATE,"fbcca_quad=2, fbcca_conf=0.2966, fbcca_ratio=3.3363, fbcca_consec=1, fbcca_scores=[0.0882297840148038, 0.043728819983664576, 0.2943569190871697, 0.04530799744284717], fbcca_probs=[0.24134940824552456, 0.23084459754239076, 0.2965965640928083, 0.23120943011927636], cca_quad=2, cca_conf=0.2840, cca_ratio=2.3166, cca_scores=[0.11850500230914794, 0.10194527083930977, 0.274532245577096, 0.08072486387158125], cca_probs=[0.2429921488853767, 0.23900139822664393, 0.2840233283805821, 0.23398312450739728]"
2026 06 19 17:02:30.190511,SSVEP_UPDATE,"fbcca_quad=2, fbcca_conf=0.3561, fbcca_ratio=5.8591, fbcca_consec=2, fbcca_scores=[0.07480693048255345, 0.09895044468283191, 0.5797593585270405, 0.04539925890752017], fbcca_probs=[0.21494446296860178, 0.22019713145064437, 0.3561429200240608, 0.20871548555669317], cca_quad=2, cca_conf=0.3080, cca_ratio=2.7671, cca_scores=[0.13293025456678711, 0.14871791930135303, 0.4115210262999655, 0.08380098375895588], cca_probs=[0.23314166979889261, 0.23685164115028262, 0.30804228589432225, 0.22196440315650254]"
2026 06 19 17:02:31.216620,SSVEP_UPDATE,"fbcca_quad=2, fbcca_conf=0.3572, fbcca_ratio=5.6881, fbcca_consec=3, fbcca_scores=[0.073118897410647, 0.10461639959292697, 0.5950736061147911, 0.0739765300096065], fbcca_probs=[0.21194633222674036, 0.21872836006619184, 0.35719712542745974, 0.21212818227960822], cca_quad=2, cca_conf=0.3191, cca_ratio=3.0682, cca_scores=[0.15638483491096386, 0.15821197656624975, 0.48542669478919925, 0.11870464555414388], cca_probs=[0.22964824461138483, 0.23006822805295685, 0.31912747364414396, 0.2211560536915145]"
2026 06 19 17:02:32.242505,SSVEP_UPDATE,"fbcca_quad=2, fbcca_conf=0.3576, fbcca_ratio=5.9457, fbcca_consec=4, fbcca_scores=[0.04445372183843792, 0.09873652066536912, 0.5870533354174485, 0.0790719922456721], fbcca_probs=[0.2078362059262765, 0.21942996088740188, 0.3575767096461543, 0.21515712354016733], cca_quad=2, cca_conf=0.3176, cca_ratio=3.0983, cca_scores=[0.11889055836659779, 0.14834276839245875, 0.4596166767263224, 0.1094136400491883], cca_probs=[0.2259158876807897, 0.23266856233180908, 0.31763053571600497, 0.22378501427139622]"
2026 06 19 17:02:32.242505,SSVEP_CONFIRMED,"fbcca_quad=2, fbcca_conf=0.3576, fbcca_ratio=5.9457, fbcca_consec=4, fbcca_scores=[0.04445372183843792, 0.09873652066536912, 0.5870533354174485, 0.0790719922456721], fbcca_probs=[0.2078362059262765, 0.21942996088740188, 0.3575767096461543, 0.21515712354016733], cca_quad=2, cca_conf=0.3176, cca_ratio=3.0983, cca_scores=[0.11889055836659779, 0.14834276839245875, 0.4596166767263224, 0.1094136400491883], cca_probs=[0.2259158876807897, 0.23266856233180908, 0.31763053571600497, 0.22378501427139622]"
2026 06 19 17:02:32.242505,SELECTION,"quad=2, result=navigate, output='Make TIME'"
2026 06 19 17:02:35.257783,PHASE_SSVEP,
2026 06 19 17:02:35.389957,SSVEP_UPDATE,"fbcca_quad=2, fbcca_conf=0.2571, fbcca_ratio=2.5056, fbcca_consec=1, fbcca_scores=[0.017151148671240273, 0.022718301674923013, 0.05692193924506464, 0.018638871017927806], fbcca_probs=[0.24705731600691333, 0.24843655754789043, 0.25708098420453596, 0.24742514224066026], cca_quad=2, cca_conf=0.2628, cca_ratio=1.7632, cca_scores=[0.07175868205526906, 0.07382317493398627, 0.13016268637687775, 0.04297796404260347], cca_probs=[0.24790278341756428, 0.24841510560933694, 0.26281245298752254, 0.2408696579855763]"
2026 06 19 17:02:36.415589,SSVEP_UPDATE,"fbcca_quad=2, fbcca_conf=0.2563, fbcca_ratio=1.3913, fbcca_consec=2, fbcca_scores=[0.007412882606738966, 0.011337160714741602, 0.05241754659941918, 0.03767446664193483], fbcca_probs=[0.24505666509630217, 0.2460202250043212, 0.2563372944995293, 0.25258581539984737], cca_quad=2, cca_conf=0.2605, cca_ratio=1.3460, cca_scores=[0.05187111943218854, 0.061084404213315534, 0.12368040863427249, 0.09188982856731637], cca_probs=[0.2424514839787601, 0.2446955804219841, 0.26050209763346704, 0.25235083796578867]"
2026 06 19 17:02:37.446567,SSVEP_UPDATE,"fbcca_quad=2, fbcca_conf=0.2711, fbcca_ratio=4.7559, fbcca_consec=3, fbcca_scores=[0.007303530743979037, 0.025277528226498792, 0.12977085496132065, 0.027286494130478407], fbcca_probs=[0.23988853926681994, 0.24423927822303435, 0.27114174270650593, 0.24473043980363973], cca_quad=2, cca_conf=0.2731, cca_ratio=2.0904, cca_scores=[0.04910564431075081, 0.08188608435274299, 0.1946825865857856, 0.09313022242196442], cca_probs=[0.23612536741565712, 0.24399392364388822, 0.27312780180367735, 0.2467529071367772]"
2026 06 19 17:02:38.462692,SSVEP_UPDATE,"fbcca_quad=2, fbcca_conf=0.3549, fbcca_ratio=10.0068, fbcca_consec=4, fbcca_scores=[0.05266334485776293, 0.014426350229286174, 0.5269898052809286, 0.01046977942543917], fbcca_probs=[0.22084315460116893, 0.2125581817246824, 0.35487982189648215, 0.21171884177766648], cca_quad=2, cca_conf=0.3156, cca_ratio=3.4472, cca_scores=[0.11749382757782179, 0.06572350831310021, 0.40502925322818406, 0.057068227368527916], cca_probs=[0.23673970281635653, 0.22479545906880988, 0.3156066509888301, 0.22285818712600344]"
2026 06 19 17:02:38.462692,SSVEP_CONFIRMED,"fbcca_quad=2, fbcca_conf=0.3549, fbcca_ratio=10.0068, fbcca_consec=4, fbcca_scores=[0.05266334485776293, 0.014426350229286174, 0.5269898052809286, 0.01046977942543917], fbcca_probs=[0.22084315460116893, 0.2125581817246824, 0.35487982189648215, 0.21171884177766648], cca_quad=2, cca_conf=0.3156, cca_ratio=3.4472, cca_scores=[0.11749382757782179, 0.06572350831310021, 0.40502925322818406, 0.057068227368527916], cca_probs=[0.23673970281635653, 0.22479545906880988, 0.3156066509888301, 0.22285818712600344]"
2026 06 19 17:02:38.462692,SELECTION,"quad=2, result=char, output='Make TIMER'"
2026 06 19 17:02:41.471520,PHASE_SSVEP,
2026 06 19 17:02:41.504600,SSVEP_UPDATE,"fbcca_quad=0, fbcca_conf=0.2618, fbcca_ratio=1.4711, fbcca_consec=1, fbcca_scores=[0.15801118073830306, 0.10740952440072199, 0.09452204575231354, 0.08674638184735141], fbcca_probs=[0.26175565084009605, 0.24883991594810315, 0.2456535729091432, 0.24375086030265766], cca_quad=0, cca_conf=0.2595, cca_ratio=1.1335, cca_scores=[0.21118556061573443, 0.18631149884563034, 0.14623578903943246, 0.15065456219117118], cca_probs=[0.2594833461961563, 0.25310855358747897, 0.2431656145274926, 0.2442424856888722]"
2026 06 19 17:02:42.529584,SSVEP_UPDATE,"fbcca_quad=0, fbcca_conf=0.2553, fbcca_ratio=1.0181, fbcca_consec=2, fbcca_scores=[0.11114086969840808, 0.06315635158427393, 0.0769835281451625, 0.10916061723016426], fbcca_probs=[0.25525899350396863, 0.24329973787364478, 0.24668725221425733, 0.2547540164081293], cca_quad=3, cca_conf=0.2546, cca_ratio=1.0427, cca_scores=[0.1921063332159202, 0.17055565553815485, 0.16494554497209787, 0.20031599497534147], cca_probs=[0.2525170851603508, 0.24713339034734863, 0.24575082649712437, 0.2545986979951762]"
2026 06 19 17:02:43.563466,SSVEP_UPDATE,"fbcca_quad=3, fbcca_conf=0.2963, fbcca_ratio=3.5985, fbcca_consec=1, fbcca_scores=[0.08175012953200472, 0.03454056114554982, 0.06414773201510592, 0.2941790219328037], fbcca_probs=[0.2396290198737436, 0.22857911998129618, 0.23544788159632257, 0.2963439785486376], cca_quad=3, cca_conf=0.2840, cca_ratio=2.1337, cca_scores=[0.1313450536073599, 0.10470162420759194, 0.14031114032698697, 0.29938719159276295], cca_probs=[0.24005562168537778, 0.23374416939970552, 0.2422176592310471, 0.28398254968386966]"
2026 06 19 17:02:44.575509,SSVEP_UPDATE,"fbcca_quad=3, fbcca_conf=0.2739, fbcca_ratio=3.0832, fbcca_consec=2, fbcca_scores=[0.04680957601422419, 0.014812922971640566, 0.05241274178328893, 0.16159961716090818], fbcca_probs=[0.24415453563702977, 0.23646606624948308, 0.24552641381466747, 0.2738529842988197], cca_quad=3, cca_conf=0.2806, cca_ratio=2.4146, cca_scores=[0.10012839119788534, 0.060437134634086606, 0.09274219922984708, 0.24176957380055691], cca_probs=[0.2435525372243981, 0.2340749635973861, 0.24176023870895938, 0.2806122604692564]"
2026 06 19 17:02:45.603081,SSVEP_UPDATE,"fbcca_quad=3, fbcca_conf=0.3014, fbcca_ratio=5.8688, fbcca_consec=3, fbcca_scores=[0.02467794871422656, 0.035248521368805186, 0.05023878651212657, 0.2948414939708787], fbcca_probs=[0.23005981500349132, 0.23250457749851192, 0.2360161366072503, 0.30141947089074655], cca_quad=3, cca_conf=0.2986, cca_ratio=3.3844, cca_scores=[0.07788955119088523, 0.07988845309621974, 0.09744771267250692, 0.32980030494916246], cca_probs=[0.2321137337740007, 0.23257817038566758, 0.23669813677313503, 0.2986099590671967]"
2026 06 19 17:02:46.632266,SSVEP_UPDATE,"fbcca_quad=3, fbcca_conf=0.2983, fbcca_ratio=9.0523, fbcca_consec=4, fbcca_scores=[0.024933590042359836, 0.014786962102632068, 0.029430605952863124, 0.2664142374761963], fbcca_probs=[0.23432678171529966, 0.2319611767970836, 0.23538292594976362, 0.2983291155378531], cca_quad=3, cca_conf=0.2940, cca_ratio=2.8490, cca_scores=[0.10808175944422141, 0.05386835237252001, 0.09260756287415543, 0.3079291227380391], cca_probs=[0.2407845031973118, 0.22807829036314686, 0.23708723635656212, 0.29404997008297923]"
2026 06 19 17:02:47.654723,SSVEP_UPDATE,"fbcca_quad=3, fbcca_conf=0.3029, fbcca_ratio=5.8418, fbcca_consec=5, fbcca_scores=[0.020627179937612646, 0.0512769122419016, 0.03152023126963714, 0.29955080318398075], fbcca_probs=[0.22915895231153055, 0.2362913576691139, 0.23166883788018502, 0.30288085213917054], cca_quad=3, cca_conf=0.2997, cca_ratio=2.7551, cca_scores=[0.1035803538481607, 0.12892227921098282, 0.08236923921736908, 0.35519298152697376], cca_probs=[0.23305808909395842, 0.23903970247373593, 0.22816672626796441, 0.2997354821643412]"
2026 06 19 17:02:47.654723,SSVEP_CONFIRMED,"fbcca_quad=3, fbcca_conf=0.3029, fbcca_ratio=5.8418, fbcca_consec=5, fbcca_scores=[0.020627179937612646, 0.0512769122419016, 0.03152023126963714, 0.29955080318398075], fbcca_probs=[0.22915895231153055, 0.2362913576691139, 0.23166883788018502, 0.30288085213917054], cca_quad=3, cca_conf=0.2997, cca_ratio=2.7551, cca_scores=[0.1035803538481607, 0.12892227921098282, 0.08236923921736908, 0.35519298152697376], cca_probs=[0.23305808909395842, 0.23903970247373593, 0.22816672626796441, 0.2997354821643412]"
2026 06 19 17:02:47.654723,SELECTION,"quad=3, result=back, output='Make TIMER'"
2026 06 19 17:02:50.665582,PHASE_SSVEP,
2026 06 19 17:02:50.697348,SSVEP_UPDATE,"fbcca_quad=3, fbcca_conf=0.2588, fbcca_ratio=1.1790, fbcca_consec=1, fbcca_scores=[0.04262448067605602, 0.08842198340039281, 0.04123486296241003, 0.10425366590485903], fbcca_probs=[0.2433657501756516, 0.25477045396561354, 0.24302779968369068, 0.2588359961750442], cca_quad=1, cca_conf=0.2624, cca_ratio=1.0480, cca_scores=[0.09834297016637368, 0.1867093513332473, 0.08611313175584875, 0.17815939912648923], cca_probs=[0.2401928567747966, 0.2623838614910206, 0.2372732266418604, 0.2601500550923224]"
2026 06 19 17:02:51.722545,SSVEP_UPDATE,"fbcca_quad=3, fbcca_conf=0.2559, fbcca_ratio=1.2627, fbcca_consec=2, fbcca_scores=[0.033753639855516576, 0.06867238004797585, 0.06365144750929687, 0.08671348613443806], fbcca_probs=[0.24270241767283224, 0.25132698350319566, 0.250068250325424, 0.25590234849854804], cca_quad=3, cca_conf=0.2541, cca_ratio=1.0365, cca_scores=[0.1125465518006915, 0.13604754659221494, 0.1095999970583453, 0.14101514879882063], cca_probs=[0.24693096895738173, 0.2528028192868836, 0.24620444423784885, 0.25406176751788584]"
2026 06 19 17:02:52.738485,SSVEP_UPDATE,"fbcca_quad=3, fbcca_conf=0.3012, fbcca_ratio=1.8443, fbcca_consec=3, fbcca_scores=[0.011697884082111334, 0.1855523169856413, 0.049616549228803306, 0.3422220441714451], fbcca_probs=[0.21643960499204626, 0.2575376648459265, 0.22480429256936346, 0.30121843759266376], cca_quad=3, cca_conf=0.2835, cca_ratio=1.6792, cca_scores=[0.054193966866583516, 0.17248031108517167, 0.12384585908936008, 0.2896229064574036], cca_probs=[0.22405686370317673, 0.25219086955295433, 0.24021918266564163, 0.2835330840782273]"
2026 06 19 17:02:53.764688,SSVEP_UPDATE,"fbcca_quad=3, fbcca_conf=0.3081, fbcca_ratio=3.4080, fbcca_consec=4, fbcca_scores=[0.04433650898138242, 0.10574836091533839, 0.06060098050563425, 0.3603859124738773], fbcca_probs=[0.22464679817340727, 0.23887519881028338, 0.22833043462210664, 0.30814756839420265], cca_quad=3, cca_conf=0.2948, cca_ratio=2.2245, cca_scores=[0.11297327092895225, 0.16047501144756973, 0.11743013995974311, 0.3569700594876063], cca_probs=[0.2309759503246553, 0.2422124744332827, 0.23200767731272123, 0.2948038979293407]"
2026 06 19 17:02:53.764688,SSVEP_CONFIRMED,"fbcca_quad=3, fbcca_conf=0.3081, fbcca_ratio=3.4080, fbcca_consec=4, fbcca_scores=[0.04433650898138242, 0.10574836091533839, 0.06060098050563425, 0.3603859124738773], fbcca_probs=[0.22464679817340727, 0.23887519881028338, 0.22833043462210664, 0.30814756839420265], cca_quad=3, cca_conf=0.2948, cca_ratio=2.2245, cca_scores=[0.11297327092895225, 0.16047501144756973, 0.11743013995974311, 0.3569700594876063], cca_probs=[0.2309759503246553, 0.2422124744332827, 0.23200767731272123, 0.2948038979293407]"
2026 06 19 17:02:53.764688,SELECTION,"quad=3, result=navigate, output='Make TIMER'"
2026 06 19 17:02:56.775169,PHASE_SSVEP,
2026 06 19 17:02:56.905571,SSVEP_UPDATE,"fbcca_quad=2, fbcca_conf=0.2618, fbcca_ratio=1.5812, fbcca_consec=1, fbcca_scores=[0.020471555518608266, 0.06898949680097569, 0.10908934860824003, 0.05156024216359143], fbcca_probs=[0.23958097412336493, 0.25149155175396826, 0.26178125471029723, 0.24714621941236956], cca_quad=2, cca_conf=0.2672, cca_ratio=1.3847, cca_scores=[0.0864016491723521, 0.14604161468546575, 0.2022285441484665, 0.104240140753264], cca_probs=[0.23796750857678833, 0.2525916394228495, 0.2671902738513752, 0.24225057814898698]"
2026 06 19 17:02:57.928829,SSVEP_UPDATE,"fbcca_quad=2, fbcca_conf=0.2632, fbcca_ratio=2.3374, fbcca_consec=2, fbcca_scores=[0.031714765036598376, 0.04618567717422809, 0.10795295875267674, 0.03791957619739987], fbcca_probs=[0.24390125935003976, 0.24745639402607283, 0.26322302123155644, 0.24541932539233094], cca_quad=2, cca_conf=0.2711, cca_ratio=2.0787, cca_scores=[0.061079408610483464, 0.09013881056148215, 0.18737053510165685, 0.08204533780474194], cca_probs=[0.23893232952250687, 0.24597742753083354, 0.2710955924251095, 0.2439946505215501]"
2026 06 19 17:02:58.942016,SSVEP_UPDATE,"fbcca_quad=2, fbcca_conf=0.2907, fbcca_ratio=8.0699, fbcca_consec=3, fbcca_scores=[0.015543918138350115, 0.02831683233669553, 0.22851327863505513, 0.02163597453818825], fbcca_probs=[0.23494517011614585, 0.23796535181510195, 0.29070864008074293, 0.23638083798800924], cca_quad=2, cca_conf=0.2817, cca_ratio=2.8041, cca_scores=[0.06894432613847952, 0.08309843536516746, 0.23301603658092457, 0.0588830874444099], cca_probs=[0.23908900771047445, 0.24249716243903904, 0.2817182928848878, 0.23669553696559867]"
2026 06 19 17:02:59.966301,SSVEP_UPDATE,"fbcca_quad=2, fbcca_conf=0.2805, fbcca_ratio=4.1215, fbcca_consec=4, fbcca_scores=[0.04591649765739203, 0.034820375092536916, 0.1892468259126952, 0.01632753839778534], fbcca_probs=[0.24307712136730525, 0.24039481694647302, 0.2805379733399138, 0.235990088346308], cca_quad=2, cca_conf=0.2764, cca_ratio=2.0296, cca_scores=[0.10866992218701765, 0.11494762777855991, 0.23329475276151654, 0.06705246254202274], cca_probs=[0.24400614050574018, 0.2455427573861049, 0.27639146757101196, 0.2340596345371429]"
2026 06 19 17:03:00.994379,SSVEP_UPDATE,"fbcca_quad=1, fbcca_conf=0.2543, fbcca_ratio=1.0049, fbcca_consec=1, fbcca_scores=[0.040685590507964275, 0.07169941743713447, 0.07135122085452283, 0.03407180222266965], fbcca_probs=[0.24654537750770472, 0.25431149927220537, 0.2542229642919232, 0.24492015892816665], cca_quad=1, cca_conf=0.2569, cca_ratio=1.0156, cca_scores=[0.0876789390487232, 0.148829574947335, 0.14654385987920884, 0.10243038516182795], cca_probs=[0.24163041858315218, 0.2568674000841006, 0.25628094488728564, 0.24522123644546154]"
2026 06 19 17:03:02.019621,SSVEP_UPDATE,"fbcca_quad=0, fbcca_conf=0.2604, fbcca_ratio=1.6955, fbcca_consec=1, fbcca_scores=[0.0920621720034394, 0.054296609240643, 0.034725764814654114, 0.02278638803984496], fbcca_probs=[0.260397385276271, 0.25074671005555715, 0.24588709370950532, 0.24296881095866654], cca_quad=0, cca_conf=0.2572, cca_ratio=1.0387, cca_scores=[0.15005586198966173, 0.14446226143957314, 0.10517506009962234, 0.0850360947306278], cca_probs=[0.2572292746497323, 0.2557944534868745, 0.24593985263738669, 0.24103641922600647]"
2026 06 19 17:03:03.039845,SSVEP_UPDATE,"fbcca_quad=0, fbcca_conf=0.2673, fbcca_ratio=1.2427, fbcca_consec=2, fbcca_scores=[0.16688559423708965, 0.04702535857973681, 0.1342970156407836, 0.045221461141270125], fbcca_probs=[0.2673491682231696, 0.23715058391578148, 0.2587770736585796, 0.2367231742024693], cca_quad=0, cca_conf=0.2622, cca_ratio=1.1207, cca_scores=[0.192327193914789, 0.10875255842214496, 0.17160787796172414, 0.10362343525967092], cca_probs=[0.26216216724050695, 0.24114264243538666, 0.25678623163891123, 0.23990895868519524]"
2026 06 19 17:03:04.062968,SSVEP_UPDATE,"fbcca_quad=0, fbcca_conf=0.2655, fbcca_ratio=2.0900, fbcca_consec=3, fbcca_scores=[0.10538824345213656, 0.0065027657747819215, 0.0504253027402849, 0.015964334697596318], fbcca_probs=[0.26547560074858445, 0.24048012830211263, 0.25127802526475823, 0.24276624568454477], cca_quad=0, cca_conf=0.2641, cca_ratio=1.1079, cca_scores=[0.17204023807741414, 0.05318651327587859, 0.15528684129303355, 0.08386977421397476], cca_probs=[0.2640662394229399, 0.23447436255314083, 0.25967908541614404, 0.24178031260777516]"
2026 06 19 17:03:05.097313,SSVEP_UPDATE,"fbcca_quad=2, fbcca_conf=0.2590, fbcca_ratio=1.2575, fbcca_consec=1, fbcca_scores=[0.059245889736402144, 0.010326247829603707, 0.07450129655573631, 0.011425543284438944], fbcca_probs=[0.2550412050903682, 0.24286493816183125, 0.25896179146439474, 0.24313206528340583], cca_quad=2, cca_conf=0.2687, cca_ratio=1.3788, cca_scores=[0.12567673038398441, 0.04991460428762519, 0.17327750176135728, 0.050893608718038004], cca_probs=[0.256165041192975, 0.2374743939746183, 0.2686535685332027, 0.23770699629920405]"
2026 06 19 17:03:06.114163,SSVEP_UPDATE,"fbcca_quad=2, fbcca_conf=0.2721, fbcca_ratio=2.8972, fbcca_consec=2, fbcca_scores=[0.021452436819650988, 0.05445407069379925, 0.15810519249421345, 0.05457121503428362], fbcca_probs=[0.2373236240758696, 0.24528636040503166, 0.2720749195220744, 0.24531509599702425], cca_quad=2, cca_conf=0.2730, cca_ratio=2.1063, cca_scores=[0.07615396205840291, 0.09962681459705346, 0.2098392020280133, 0.09544139609159497], cca_probs=[0.23887681298132743, 0.24455025867298272, 0.27304407585364676, 0.243528852492043]"
2026 06 19 17:03:07.137545,SSVEP_UPDATE,"fbcca_quad=2, fbcca_conf=0.3740, fbcca_ratio=16.2147, fbcca_consec=3, fbcca_scores=[0.03687201597025326, 0.0015158728632787377, 0.5978676212656961, 0.004452080835987861], fbcca_probs=[0.21341173735226093, 0.2059981515928023, 0.37398621718961056, 0.20660389386532613], cca_quad=2, cca_conf=0.3143, cca_ratio=3.1897, cca_scores=[0.11677713815282767, 0.02083860226096094, 0.37247950687473613, 0.021553359899938514], cca_probs=[0.24336480259548665, 0.2211017553402278, 0.314273596063914, 0.22125984600037163]"
2026 06 19 17:03:08.145534,SSVEP_UPDATE,"fbcca_quad=2, fbcca_conf=0.2818, fbcca_ratio=4.6400, fbcca_consec=4, fbcca_scores=[0.03934050277575578, 0.007485487639521018, 0.18254127082630905, 0.010578947716179869], fbcca_probs=[0.24424458461371942, 0.236586786852168, 0.2818488367259092, 0.2373197918082034], cca_quad=2, cca_conf=0.2802, cca_ratio=1.7751, cca_scores=[0.12803513204559974, 0.0460211976234838, 0.22727661116597495, 0.03942444696650166], cca_probs=[0.25375597747135803, 0.23377500885359506, 0.2802310848238312, 0.23223792885121564]"
2026 06 19 17:03:09.166325,SSVEP_UPDATE,"fbcca_quad=0, fbcca_conf=0.2548, fbcca_ratio=1.2566, fbcca_consec=1, fbcca_scores=[0.0683836012418022, 0.029926247937584343, 0.05442013801203486, 0.043702428605796324], fbcca_probs=[0.2548402293771777, 0.24522580619724477, 0.2513065061285548, 0.2486274582970226], cca_quad=0, cca_conf=0.2603, cca_ratio=1.1772, cca_scores=[0.14425153727476883, 0.06655463064759526, 0.12253596898954053, 0.07990196816908136], cca_probs=[0.26031901340793273, 0.2408588186047529, 0.2547269749918631, 0.24409519299545138]"
2026 06 19 17:03:10.185236,SSVEP_UPDATE,"fbcca_quad=3, fbcca_conf=0.2549, fbcca_ratio=1.1637, fbcca_consec=1, fbcca_scores=[0.03375749852360909, 0.06719230270127342, 0.05577621184616058, 0.0781892381589371], fbcca_probs=[0.24380155537570813, 0.2520908153400728, 0.24922928849146947, 0.2548783407927496], cca_quad=3, cca_conf=0.2525, cca_ratio=1.0496, cca_scores=[0.11414407013809663, 0.10750435752384578, 0.1215886333368908, 0.12761418182127368], cca_probs=[0.24910224380949653, 0.24745375530024893, 0.2509636211805464, 0.25248037970970816]"
2026 06 19 17:03:11.211905,SSVEP_UPDATE,"fbcca_quad=2, fbcca_conf=0.2643, fbcca_ratio=3.3519, fbcca_consec=1, fbcca_scores=[0.010024844345283335, 0.023910161481505265, 0.09549494689439314, 0.028489891702590607], fbcca_probs=[0.24260964076612676, 0.24600184901022162, 0.26425745535563483, 0.24713105486801673], cca_quad=2, cca_conf=0.2690, cca_ratio=2.2625, cca_scores=[0.06066365132162535, 0.07320907330305121, 0.16563402564601887, 0.06650097692148935], cca_probs=[0.2421802100680924, 0.24523760102931552, 0.26898415998529457, 0.24359802891729748]"
2026 06 19 17:03:12.244173,SSVEP_UPDATE,"fbcca_quad=2, fbcca_conf=0.2904, fbcca_ratio=5.4401, fbcca_consec=2, fbcca_scores=[0.03674088640982956, 0.04429494762662277, 0.2409672403394066, 0.026640107898848034], fbcca_probs=[0.23673634383838385, 0.23853143625474943, 0.2903750614029026, 0.23435715850396419], cca_quad=2, cca_conf=0.2754, cca_ratio=1.9428, cca_scores=[0.1042537410959384, 0.11818135434877283, 0.22960783085847297, 0.07189253850826145], cca_probs=[0.24297016647485972, 0.2463778362545381, 0.27541877398675046, 0.2352332232838517]"
2026 06 19 17:03:13.276426,SSVEP_UPDATE,"fbcca_quad=2, fbcca_conf=0.3709, fbcca_ratio=20.4528, fbcca_consec=3, fbcca_scores=[0.020555264925582656, 0.028962999475495455, 0.5923746222379088, 0.017381978295969307], fbcca_probs=[0.2093468332066096, 0.21111438595388024, 0.37085521221877027, 0.2086835686207398], cca_quad=2, cca_conf=0.3105, cca_ratio=4.0695, cca_scores=[0.0660180025395776, 0.09079208540928604, 0.3694785609455402, 0.049218359199731276], cca_probs=[0.229202069083116, 0.23495126157539273, 0.3104629500113773, 0.22538371933011409]"
2026 06 19 17:03:14.285611,SSVEP_UPDATE,"fbcca_quad=2, fbcca_conf=0.3699, fbcca_ratio=19.2244, fbcca_consec=4, fbcca_scores=[0.009945404165788577, 0.0304248005500816, 0.5848989455969269, 0.015965912689844663], fbcca_probs=[0.2081695224717106, 0.21247666190994832, 0.36992722646883874, 0.20942658914950232], cca_quad=2, cca_conf=0.3122, cca_ratio=3.8103, cca_scores=[0.05263416951064532, 0.09851607755158127, 0.37537936915666487, 0.047677267880182915], cca_probs=[0.22609499947073858, 0.23671033315354792, 0.31221762548451787, 0.22497704189119572]"
2026 06 19 17:03:14.285611,SSVEP_CONFIRMED,"fbcca_quad=2, fbcca_conf=0.3699, fbcca_ratio=19.2244, fbcca_consec=4, fbcca_scores=[0.009945404165788577, 0.0304248005500816, 0.5848989455969269, 0.015965912689844663], fbcca_probs=[0.2081695224717106, 0.21247666190994832, 0.36992722646883874, 0.20942658914950232], cca_quad=2, cca_conf=0.3122, cca_ratio=3.8103, cca_scores=[0.05263416951064532, 0.09851607755158127, 0.37537936915666487, 0.047677267880182915], cca_probs=[0.22609499947073858, 0.23671033315354792, 0.31221762548451787, 0.22497704189119572]"
2026 06 19 17:03:14.285611,SELECTION,"quad=2, result=run, output='Make TIMER'"
2026 06 19 17:03:14.289015,AI_REQUEST,"raw='Make TIMER', refined=""Python으로 다음 입력을 해석한 코드 후보 2개를 작성해줘.\n두 후보는 코드 구조만 다르게 만들지 말고, 입력 문장에 대한 해석/보정 문장 자체가 서로 달라야 해.\n1번과 2번의 '# 의도:' 문장은 반드시 서로 달라야 해.\n1번은 입력을 가장 단순하고 직접적인 의미로 해석한 코드로 작성해줘.\n2번은 입력을 다르게 해석할 수 있는 합리적인 대안 의도로 작성해줘.\n두 후보는 모두 기본적으로 콘솔에서 실행 가능한 Python 코드로 작성해줘.\n명령에 GUI, 웹, 파일 저장이 명시되지 않았다면 GUI, 웹 서버, 파일 입출력은 사용하지 마.\n단순히 print를 함수로 감싸거나, def/main/while만 추가하거나, 변수명만 다른 중복 후보는 만들지 마.\n반드시 아래 형식으로만 출력해줘.\n### CODE 1\n# 의도: [첫 번째 보정 문장]\n[첫 번째 Python 코드]\n### CODE 2\n# 의도: [두 번째 보정 문장]\n[두 번째 Python 코드]\n입력: Make TIMER"""
2026 06 19 17:03:21.870343,AI_RESULT,"status=ok, code_files=['ai_001.py', 'ai_002.py']"
2026 06 19 17:03:51.882191,PHASE_AI_CHOICE,
2026 06 19 17:03:51.985439,SSVEP_UPDATE,"fbcca_quad=2, fbcca_conf=0.2608, fbcca_ratio=2.1544, fbcca_consec=1, fbcca_scores=[0.03934509689235428, 0.044157196625187536, 0.09513407350072287, 0.03194077154682073], fbcca_probs=[0.2466199961885511, 0.24780961619578154, 0.2607697024185449, 0.24480068519712245], cca_quad=0, cca_conf=0.2537, cca_ratio=1.0584, cca_scores=[0.10997849025969778, 0.0884536473277235, 0.10391084090740059, 0.07793663170906509], cca_probs=[0.2537348547899544, 0.24833161248229393, 0.25219994202800244, 0.24573359069974918]"
2026 06 19 17:03:53.009483,SSVEP_UPDATE,"fbcca_quad=1, fbcca_conf=0.2567, fbcca_ratio=1.1101, fbcca_consec=1, fbcca_scores=[0.05021947508188841, 0.10465619504309533, 0.06316415781632725, 0.09427423356313305], fbcca_probs=[0.24307160486794327, 0.25667040477537234, 0.2462385429569522, 0.25401944739973226], cca_quad=1, cca_conf=0.2559, cca_ratio=1.0952, cca_scores=[0.11456173768032636, 0.12547255526508802, 0.06221175419827638, 0.10590748417300894], cca_probs=[0.25307804143701657, 0.2558544486750225, 0.24017021997959395, 0.250897289908367]"
2026 06 19 17:03:54.032002,SSVEP_UPDATE,"fbcca_quad=1, fbcca_conf=0.2588, fbcca_ratio=1.1724, fbcca_consec=2, fbcca_scores=[0.08169352784609618, 0.09577633722206408, 0.005425717962936627, 0.05931485862297323], fbcca_probs=[0.2551918563559506, 0.2588110993624942, 0.23645261542515905, 0.24954442885639622], cca_quad=1, cca_conf=0.2601, cca_ratio=1.1114, cca_scores=[0.12265566555786778, 0.13631903560174366, 0.03265915054184172, 0.09211537210757219], cca_probs=[0.2565672979254784, 0.260096930283301, 0.23448567187225347, 0.24885009991896712]"
2026 06 19 17:03:55.062020,SSVEP_UPDATE,"fbcca_quad=1, fbcca_conf=0.2604, fbcca_ratio=2.0013, fbcca_consec=3, fbcca_scores=[0.044542643826698446, 0.0891438029793997, 0.020729727655717498, 0.037600182437116735], fbcca_probs=[0.24905603402170645, 0.26041566514510434, 0.2431953406041948, 0.2473329602289944], cca_quad=1, cca_conf=0.2630, cca_ratio=1.4077, cca_scores=[0.10184683085457143, 0.1433694588182834, 0.05582344489225123, 0.06688029627550779], cca_probs=[0.25233064519348786, 0.2630286441976363, 0.2409807188745291, 0.24365999173434683]"
2026 06 19 17:03:56.095331,SSVEP_UPDATE,"fbcca_quad=1, fbcca_conf=0.2783, fbcca_ratio=3.2571, fbcca_consec=4, fbcca_scores=[0.04152143970815596, 0.18403168630781302, 0.015941844159884814, 0.056500852509427386], fbcca_probs=[0.24137087919668193, 0.27834042502733464, 0.23527500708307225, 0.24501368869291115], cca_quad=1, cca_conf=0.2740, cca_ratio=1.9043, cca_scores=[0.11833718851103595, 0.22535476039569008, 0.08013214526120221, 0.10399273532327583], cca_probs=[0.24623098462976567, 0.27404371273084066, 0.23700115488201728, 0.24272414775737639]"
2026 06 19 17:03:57.110236,SSVEP_UPDATE,"fbcca_quad=1, fbcca_conf=0.2717, fbcca_ratio=3.2907, fbcca_consec=5, fbcca_scores=[0.031877353618483505, 0.14151132937781144, 0.04300279699930558, 0.01142325053925854], fbcca_probs=[0.24349794826301321, 0.27171194848475033, 0.246222096479625, 0.23856800677261142], cca_quad=1, cca_conf=0.2734, cca_ratio=1.7018, cca_scores=[0.09046430721748934, 0.19913640856927148, 0.11701189895592666, 0.02409861768942227], cca_probs=[0.24524900789977858, 0.2734027969614803, 0.25184697094856023, 0.2295012241901809]"
2026 06 19 17:03:58.139465,SSVEP_UPDATE,"fbcca_quad=1, fbcca_conf=0.2651, fbcca_ratio=1.6122, fbcca_consec=6, fbcca_scores=[0.07294430957845546, 0.14164718096191634, 0.08785880549602645, 0.02559362351981114], fbcca_probs=[0.24753106052260343, 0.26513495024691125, 0.2512505295702223, 0.23608345966026292], cca_quad=1, cca_conf=0.2638, cca_ratio=1.2472, cca_scores=[0.14065165809455252, 0.1912040397529515, 0.15331250279859385, 0.060823185763548664], cca_probs=[0.2507605572625905, 0.2637629835625935, 0.25395558090580217, 0.23152087826901374]"
2026 06 19 17:03:59.155382,SSVEP_UPDATE,"fbcca_quad=1, fbcca_conf=0.3207, fbcca_ratio=4.4690, fbcca_consec=7, fbcca_scores=[0.08028947351251718, 0.4344720094767883, 0.09721951302228843, 0.08224772778041685], fbcca_probs=[0.22501998991479286, 0.32065692377181454, 0.2288620183124163, 0.22546106800097623], cca_quad=1, cca_conf=0.2916, cca_ratio=2.2879, cca_scores=[0.15242778596684955, 0.34873742304609995, 0.12888287861046566, 0.1317781529108954], cca_probs=[0.23962450643649164, 0.2915999354326182, 0.23404847084593766, 0.23472708728495245]"
2026 06 19 17:03:59.156374,SSVEP_CONFIRMED,"fbcca_quad=1, fbcca_conf=0.3207, fbcca_ratio=4.4690, fbcca_consec=7, fbcca_scores=[0.08028947351251718, 0.4344720094767883, 0.09721951302228843, 0.08224772778041685], fbcca_probs=[0.22501998991479286, 0.32065692377181454, 0.2288620183124163, 0.22546106800097623], cca_quad=1, cca_conf=0.2916, cca_ratio=2.2879, cca_scores=[0.15242778596684955, 0.34873742304609995, 0.12888287861046566, 0.1317781529108954], cca_probs=[0.23962450643649164, 0.2915999354326182, 0.23404847084593766, 0.23472708728495245]"
2026 06 19 17:03:59.156374,AI_CHOICE,"quad=1, label='2번 코드', files=['ai_001.py', 'ai_002.py']"
2026 06 19 17:03:59.156374,AI_CODE_SELECTED,"option=2, file='ai_002.py'"
