time,mV

2026 06 24 16:48:53.308857,332
,360
,339
,337
,340
,344
,351
,378
,340
,318
,338
,341
,336
,363
2026 06 24 16:48:53.374387,356
,338
,347
,364
,350
,297
,332
,350
,371
,355
,381
,336
,324
,318
2026 06 24 16:48:53.434820,364
,332
,308
,369
,362
,353
,334
,339
,328
,362
,325
,373
,354
,315
2026 06 24 16:48:53.501153,371
,351
,319
,311
,364
,406
,358
,330
,387
,347
,317
,369
,332
,328
2026 06 24 16:48:53.562232,385
,364
,344
,328
,355
,359
,315
,364
,375
,375
,332
,347
,341
,347
2026 06 24 16:48:53.623878,352
,357
,349
,335
,362
,342
,373
,301
,355
,372
,331
,358
,322
,375
2026 06 24 16:48:53.689628,346
,343
,321
,366
,381
,353
,333
,376
,331
,341
,354
,327
,360
,306
2026 06 24 16:48:53.750870,342
,364
,329
,336
,364
,348
,323
,387
,361
,334
,353
,367
,351
,349
2026 06 24 16:48:53.816464,337
,387
,354
,327
,366
,374
,360
,338
,368
,339
,383
,318
,368
,331
2026 06 24 16:48:53.877290,338
,367
,372
,340
,319
,347
,365
,345
,362
,372
,305
,363
,337
,375
2026 06 24 16:48:53.939226,344
,323
,330
,378
,333
,341
,379
,362
,343
,354
,356
,363
,364
,349
2026 06 24 16:48:54.004026,333
,359
,360
,382
,366
,339
,344
,395
,354
,358
,365
,366
,366
,363
2026 06 24 16:48:54.065823,383
,384
,351
,357
,406
,352
,368
,366
,389
,345
,357
,384
,375
,369
2026 06 24 16:48:54.131829,356
,367
,376
,378
,353
,403
,371
,371
,375
,386
,371
,368
,387
,374
2026 06 24 16:48:54.193448,367
,362
,395
,359
,361
,357
,369
,357
,351
,373
,363
,379
,368
,380
2026 06 24 16:48:54.254053,356
,361
,369
,380
,349
,365
,373
,356
,356
,357
,385
,360
,371
,366
2026 06 24 16:48:54.319719,369
,352
,362
,378
,380
,367
,366
,385
,364
,364
,352
,394
,368
,375
2026 06 24 16:48:54.381878,365
,374
,347
,362
,372
,381
,368
,352
,394
,372
,368
,364
,381
,362
2026 06 24 16:48:54.447198,372
,388
,371
,359
,361
,390
,359
,355
,342
,373
,343
,363
,365
,385
2026 06 24 16:48:54.508836,358
,356
,383
,344
,362
,359
,394
,357
,364
,367
,380
,352
,367
,377
2026 06 24 16:48:54.570134,370
,361
,349
,372
,356
,359
,364
,388
,356
,359
,368
,364
,356
,347
2026 06 24 16:48:54.635671,388
,369
,373
,364
,383
,356
,362
,362
,374
,360
,360
,381
,359
,360
2026 06 24 16:48:54.697245,343
,379
,356
,360
,361
,381
,355
,357
,375
,364
,370
,356
,384
,348
2026 06 24 16:48:54.761854,368
,345
,380
,354
,357
,359
,364
,352
,338
,371
,355
,366
,354
,385
2026 06 24 16:48:54.824194,362
,370
,368
,361
,349
,346
,378
,358
,359
,346
,370
,345
,351
,359
2026 06 24 16:48:54.885301,377
,349
,340
,377
,371
,362
,361
,380
,361
,358
,344
,371
,351
,356
2026 06 24 16:48:54.951070,360
,339
,359
,343
,371
,333
,346
,342
,380
,340
,352
,350
,367
,345
2026 06 24 16:48:55.011876,346
,361
,339
,351
,350
,379
,337
,352
,357
,370
,346
,341
,371
,354
2026 06 24 16:48:55.078012,356
,346
,393
,355
,359
,339
,371
,346
,347
,360
,359
,342
,340
,364
2026 06 24 16:48:55.139596,327
,343
,334
,362
,331
,359
,363
,372
,356
,351
,366
,346
,347
,344
2026 06 24 16:48:55.201080,378
,343
,343
,344
,375
,339
,341
,341
,343
,342
,333
,368
,338
,352
2026 06 24 16:48:55.266469,349
,374
,341
,350
,358
,367
,358
,352
,379
,343
,345
,354
,380
,339
2026 06 24 16:48:55.328006,345
,339
,349
,334
,333
,350
,341
,342
,350
,373
,350
,346
,352
,369
2026 06 24 16:48:55.393389,344
,338
,367
,348
,346
,341
,364
,334
,343
,345
,366
,330
,337
,354
2026 06 24 16:48:55.454577,352
,348
,348
,375
,347
,341
,336
,365
,352
,351
,358
,352
,331
,328
2026 06 24 16:48:55.516233,353
,331
,337
,338
,375
,338
,349
,335
,360
,341
,344
,353
,346
,329
2026 06 24 16:48:55.581905,337
,369
,331
,336
,337
,361
,334
,330
,352
,353
,335
,335
,364
,336
2026 06 24 16:48:55.643408,337
,321
,362
,332
,340
,338
,342
,328
,330
,352
,341
,338
,336
,345
2026 06 24 16:48:55.704668,320
,327
,319
,348
,321
,318
,331
,332
,322
,312
,345
,329
,325
,323
2026 06 24 16:48:55.770334,349
,319
,331
,316
,341
,335
,333
,360
,338
,341
,329
,365
,332
,340
2026 06 24 16:48:55.831718,338
,363
,342
,336
,357
,336
,340
,334
,365
,334
,346
,330
,361
,342
2026 06 24 16:48:55.897196,343
,361
,357
,343
,336
,364
,334
,332
,343
,361
,327
,337
,352
,355
2026 06 24 16:48:55.958943,324
,328
,356
,336
,344
,335
,364
,331
,336
,339
,351
,337
,339
,357
2026 06 24 16:48:56.019656,341
,347
,346
,358
,348
,346
,343
,363
,332
,344
,350
,347
,335
,342
2026 06 24 16:48:56.085602,368
,347
,347
,343
,357
,340
,342
,350
,354
,336
,331
,353
,339
,337
2026 06 24 16:48:56.146694,333
,372
,341
,340
,347
,363
,343
,337
,352
,341
,334
,335
,371
,337
2026 06 24 16:48:56.212820,336
,348
,360
,334
,335
,349
,342
,337
,343
,367
,335
,350
,346
,364
2026 06 24 16:48:56.274150,342
,340
,349
,357
,339
,330
,367
,341
,341
,337
,361
,333
,334
,336
2026 06 24 16:48:56.334723,352
,352
,347
,369
,352
,350
,337
,370
,346
,340
,347
,364
,337
,318
2026 06 24 16:48:56.400601,355
,355
,344
,342
,366
,329
,347
,344
,366
,337
,346
,353
,355
,344
2026 06 24 16:48:56.461827,344
,360
,355
,347
,345
,371
,340
,344
,340
,365
,340
,335
,351
,352
2026 06 24 16:48:56.528035,348
,344
,373
,353
,329
,347
,375
,347
,353
,361
,355
,314
,335
,353
2026 06 24 16:48:56.589505,342
,349
,340
,362
,328
,353
,354
,362
,338
,344
,360
,347
,351
,340
2026 06 24 16:48:56.650911,362
,320
,344
,354
,367
,344
,339
,367
,348
,341
,347
,368
,340
,333
2026 06 24 16:48:56.716413,348
,369
,345
,338
,362
,359
,352
,346
,357
,349
,347
,335
,377
,342
2026 06 24 16:48:56.777433,344
,343
,359
,331
,339
,358
,346
,339
,343
,377
,344
,347
,353
,369
2026 06 24 16:48:56.843382,339
,339
,359
,346
,345
,344
,367
,335
,344
,336
,364
,344
,352
,355
2026 06 24 16:48:56.904943,357
,345
,337
,365
,349
,348
,344
,360
,342
,346
,355
,360
,340
,345
2026 06 24 16:48:56.965854,367
,344
,352
,349
,376
,346
,356
,344
,365
,338
,346
,366
,362
,350
2026 06 24 16:48:57.031408,336
,355
,339
,339
,343
,368
,332
,349
,367
,360
,343
,349
,362
,349
2026 06 24 16:48:57.092765,348
,342
,370
,340
,354
,349
,369
,350
,350
,365
,352
,349
,330
,374
2026 06 24 16:48:57.158290,346
,348
,342
,362
,354
,356
,355
,350
,342
,341
,370
,353
,350
,343
2026 06 24 16:48:57.220304,366
,337
,347
,355
,361
,336
,353
,372
,352
,359
,351
,374
,338
,353
2026 06 24 16:48:57.280980,356
,362
,345
,347
,370
,352
,340
,339
,377
,350
,348
,348
,368
,342
2026 06 24 16:48:57.347025,356
,368
,358
,342
,341
,373
,348
,351
,346
,373
,340
,347
,350
,361
2026 06 24 16:48:57.407961,344
,337
,372
,346
,350
,340
,366
,330
,349
,346
,358
,331
,337
,365
2026 06 24 16:48:57.474078,345
,341
,352
,383
,341
,359
,360
,368
,284
,307
,384
,381
,348
,359
2026 06 24 16:48:57.535197,382
,354
,351
,346
,365
,336
,346
,347
,357
,343
,347
,364
,339
,346
2026 06 24 16:48:57.597179,343
,369
,346
,350
,348
,363
,342
,348
,368
,351
,350
,344
,372
,341
2026 06 24 16:48:57.662062,354
,351
,376
,347
,349
,360
,357
,342
,344
,367
,337
,352
,340
,368
2026 06 24 16:48:57.723780,345
,346
,354
,361
,340
,348
,371
,352
,353
,341
,370
,336
,353
,347
2026 06 24 16:48:57.789506,361
,341
,343
,354
,352
,346
,334
,368
,338
,344
,347
,368
,334
,345
2026 06 24 16:48:57.851062,364
,360
,341
,349
,376
,345
,348
,348
,379
,341
,357
,355
,368
,351
2026 06 24 16:48:57.911798,341
,363
,362
,352
,348
,370
,344
,350
,354
,366
,337
,343
,368
,358
2026 06 24 16:48:57.977710,351
,353
,379
,350
,356
,348
,373
,348
,355
,361
,361
,350
,353
,368
2026 06 24 16:48:58.038726,357
,358
,357
,380
,345
,352
,344
,373
,349
,347
,369
,355
,356
,346
2026 06 24 16:48:58.104550,376
,342
,351
,356
,376
,345
,354
,370
,357
,348
,345
,378
,356
,358
2026 06 24 16:48:58.166401,351
,375
,339
,344
,353
,366
,354
,353
,374
,345
,338
,347
,372
,347
2026 06 24 16:48:58.227320,348
,350
,362
,344
,339
,365
,355
,354
,348
,379
,343
,350
,346
,369
2026 06 24 16:48:58.293323,348
,343
,358
,357
,345
,337
,371
,341
,356
,338
,362
,349
,357
,352
2026 06 24 16:48:58.354861,351
,359
,364
,377
,350
,356
,349
,377
,345
,348
,352
,369
,349
,356
2026 06 24 16:48:58.420194,374
,355
,353
,343
,372
,341
,353
,349
,367
,337
,344
,357
,351
,342
2026 06 24 16:48:58.481788,338
,372
,346
,347
,346
,370
,341
,347
,354
,361
,349
,349
,367
,356
2026 06 24 16:48:58.542542,356
,355
,389
,356
,364
,370
,374
,356
,356
,376
,363
,358
,351
,384
2026 06 24 16:48:58.609194,350
,359
,358
,383
,356
,357
,367
,354
,348
,343
,371
,349
,347
,344
2026 06 24 16:48:58.670360,377
,346
,352
,354
,362
,345
,344
,369
,344
,349
,345
,367
,340
,344
2026 06 24 16:48:58.735571,358
,367
,341
,347
,368
,351
,351
,347
,369
,343
,350
,348
,375
,347
2026 06 24 16:48:58.797130,346
,358
,351
,341
,343
,373
,347
,347
,347
,369
,332
,344
,350
,359
2026 06 24 16:48:58.858554,344
,336
,365
,355
,354
,347
,369
,349
,355
,359
,370
,346
,337
,361
2026 06 24 16:48:58.924099,353
,343
,343
,376
,347
,355
,344
,357
,338
,352
,360
,357
,347
,350
2026 06 24 16:48:58.985103,370
,340
,358
,357
,377
,350
,344
,358
,367
,346
,339
,367
,361
,362
2026 06 24 16:48:59.051240,352
,376
,343
,343
,348
,364
,338
,344
,357
,352
,344
,345
,369
,334
2026 06 24 16:48:59.111723,347
,356
,373
,345
,348
,355
,346
,344
,349
,379
,351
,353
,345
,366
2026 06 24 16:48:59.173963,334
,341
,354
,355
,341
,344
,361
,348
,342
,344
,374
,346
,345
,356
2026 06 24 16:48:59.239473,367
,338
,347
,366
,348
,347
,355
,378
,341
,348
,345
,347
,331
,334
2026 06 24 16:48:59.300978,342
,346
,352
,346
,367
,342
,349
,340
,370
,339
,351
,357
,357
,342
2026 06 24 16:48:59.366339,339
,367
,343
,340
,343
,369
,332
,340
,341
,358
,338
,333
,355
,349
2026 06 24 16:48:59.427951,347
,347
,371
,348
,349
,340
,365
,333
,347
,362
,360
,343
,339
,370
2026 06 24 16:48:59.488666,344
,348
,348
,373
,340
,344
,354
,357
,339
,345
,372
,354
,347
,338
2026 06 24 16:48:59.554555,349
,335
,348
,344
,369
,344
,342
,362
,354
,345
,341
,368
,343
,345
2026 06 24 16:48:59.616356,341
,363
,336
,338
,363
,365
,352
,348
,371
,342
,351
,335
,365
,346
2026 06 24 16:48:59.677311,345
,353
,363
,340
,344
,360
,350
,347
,338
,367
,340
,341
,343
,365
2026 06 24 16:48:59.742817,339
,341
,360
,357
,346
,346
,370
,347
,346
,344
,361
,332
,342
,360
2026 06 24 16:48:59.804696,355
,349
,344
,367
,339
,345
,339
,367
,334
,351
,362
,367
,351
,349
2026 06 24 16:48:59.870183,360
,353
,348
,344
,376
,344
,350
,355
,369
,346
,341
,348
,344
,337
2026 06 24 16:48:59.931730,343
,371
,350
,349
,337
,352
,342
,349
,358
,356
,342
,340
,373
,345
2026 06 24 16:48:59.992937,347
,336
,364
,341
,349
,353
,364
,334
,333
,357
,344
,344
,340
,374
2026 06 24 16:49:00.058925,345
,347
,344
,364
,340
,339
,355
,355
,347
,340
,369
,334
,334
,343
2026 06 24 16:49:00.119909,367
,334
,338
,355
,353
,336
,336
,360
,334
,333
,336
,367
,340
,339
2026 06 24 16:49:00.185325,340
,367
,327
,347
,361
,346
,341
,335
,364
,342
,353
,352
,372
,341
2026 06 24 16:49:00.247103,340
,354
,348
,333
,340
,370
,343
,348
,351
,373
,334
,353
,358
,364
2026 06 24 16:49:00.308245,349
,343
,367
,346
,349
,337
,367
,339
,340
,344
,358
,341
,341
,357
2026 06 24 16:49:00.373982,348
,342
,338
,370
,341
,345
,342
,370
,346
,342
,369
,356
,344
,339
2026 06 24 16:49:00.435525,366
,340
,355
,346
,373
,339
,342
,347
,352
,336
,341
,364
,337
,331
2026 06 24 16:49:00.501000,336
,370
,342
,345
,356
,359
,336
,341
,366
,348
,338
,338
,361
,340
2026 06 24 16:49:00.561548,347
,345
,357
,328
,336
,364
,354
,342
,349
,375
,345
,355
,346
,369
2026 06 24 16:49:00.623526,340
,344
,337
,348
,340
,344
,363
,345
,347
,339
,364
,333
,350
,354
2026 06 24 16:49:00.688916,366
,339
,335
,365
,351
,345
,344
,369
,331
,338
,352
,365
,344
,348
2026 06 24 16:49:00.751672,351
,353
,348
,340
,369
,349
,341
,340
,356
,335
,337
,346
,353
,332
2026 06 24 16:49:00.815677,340
,370
,353
,352
,344
,371
,341
,347
,350
,357
,341
,343
,364
,353
2026 06 24 16:49:00.877919,334
,335
,369
,342
,344
,343
,367
,343
,345
,348
,345
,344
,342
,372
2026 06 24 16:49:00.938789,349
,350
,347
,370
,344
,344
,348
,356
,340
,349
,367
,347
,338
,335
2026 06 24 16:49:01.004784,359
,331
,338
,346
,354
,340
,343
,364
,348
,351
,344
,374
,333
,339
2026 06 24 16:49:01.065484,335
,364
,336
,338
,349
,348
,338
,339
,364
,343
,341
,342
,361
,341
2026 06 24 16:49:01.131673,342
,351
,358
,335
,338
,371
,348
,342
,338
,372
,337
,348
,339
,347
2026 06 24 16:49:01.192213,333
,332
,358
,344
,344
,343
,361
,335
,345
,340
,364
,332
,345
,357
2026 06 24 16:49:01.254534,358
,336
,343
,368
,340
,341
,345
,363
,334
,329
,342
,360
,337
,342
2026 06 24 16:49:01.320068,357
,345
,344
,345
,365
,328
,338
,335
,353
,332
,331
,359
,350
,345
2026 06 24 16:49:01.380965,345
,368
,347
,348
,339
,363
,340
,345
,355
,359
,341
,334
,365
,345
2026 06 24 16:49:01.446536,338
,334
,356
,342
,345
,349
,353
,346
,351
,368
,354
,349
,333
,369
2026 06 24 16:49:01.508628,337
,343
,349
,368
,344
,348
,364
,354
,345
,339
,368
,337
,338
,339
2026 06 24 16:49:01.569999,364
,338
,341
,350
,356
,335
,340
,365
,352
,352
,347
,374
,340
,336
2026 06 24 16:49:01.635079,347
,367
,345
,342
,359
,348
,349
,342
,363
,329
,342
,347
,369
,347
2026 06 24 16:49:01.697133,347
,362
,359
,353
,345
,373
,343
,343
,341
,365
,323
,345
,357
,357
2026 06 24 16:49:01.761625,336
,343
,362
,347
,346
,340
,373
,341
,344
,362
,364
,343
,353
,366
2026 06 24 16:49:01.823991,345
,345
,346
,358
,330
,351
,351
,374
,349
,346
,355
,355
,339
,350
2026 06 24 16:49:01.884861,370
,348
,353
,348
,371
,346
,346
,351
,371
,351
,343
,367
,346
,355
2026 06 24 16:49:01.951125,353
,378
,353
,362
,362
,371
,347
,343
,369
,342
,347
,350
,377
,349
2026 06 24 16:49:02.012591,348
,343
,376
,350
,356
,370
,363
,351
,347
,370
,347
,349
,355
,381
2026 06 24 16:49:02.077829,336
,358
,360
,361
,343
,344
,371
,340
,345
,347
,378
,345
,353
,353
2026 06 24 16:49:02.139404,364
,349
,346
,367
,355
,345
,345
,376
,346
,348
,348
,375
,347
,342
2026 06 24 16:49:02.200472,357
,353
,335
,335
,363
,342
,344
,350
,373
,337
,348
,360
,364
,342
2026 06 24 16:49:02.266283,345
,362
,345
,340
,338
,363
,336
,333
,340
,367
,335
,338
,355
,338
2026 06 24 16:49:02.327782,346
,343
,370
,331
,349
,348
,362
,336
,342
,344
,346
,337
,342
,361
2026 06 24 16:49:02.393198,341
,344
,334
,372
,342
,335
,350
,344
,335
,334
,352
,339
,343
,346
2026 06 24 16:49:02.454556,374
,339
,349
,351
,367
,334
,345
,361
,350
,339
,342
,372
,342
,346
2026 06 24 16:49:02.518970,344
,356
,346
,348
,353
,349
,343
,343
,368
,351
,347
,349
,376
,346
2026 06 24 16:49:02.582509,342
,354
,361
,345
,336
,353
,342
,349
,350
,374
,343
,339
,338
,354
2026 06 24 16:49:02.643263,333
,341
,362
,347
,348
,346
,369
,346
,346
,344
,362
,346
,351
,364
2026 06 24 16:49:02.708570,359
,345
,354
,373
,342
,353
,346
,372
,345
,345
,358
,365
,348
,344
2026 06 24 16:49:02.769239,365
,355
,354
,349
,372
,347
,354
,354
,366
,341
,346
,359
,357
,354
2026 06 24 16:49:02.831966,349
,371
,347
,349
,337
,358
,336
,342
,341
,355
,338
,334
,354
,341
2026 06 24 16:49:02.897547,335
,334
,362
,331
,339
,339
,352
,327
,333
,356
,340
,340
,336
,359
2026 06 24 16:49:02.958371,332
,337
,338
,351
,324
,334
,349
,342
,336
,343
,366
,338
,343
,341
2026 06 24 16:49:03.024073,353
,333
,349
,347
,345
,329
,337
,368
,347
,347
,342
,366
,337
,342
2026 06 24 16:49:03.085408,353
,363
,338
,339
,360
,343
,338
,339
,357
,339
,349
,342
,370
,335
2026 06 24 16:49:03.148027,342
,356
,353
,347
,348
,371
,341
,341
,339
,358
,328
,335
,345
,359
2026 06 24 16:49:03.214025,339
,336
,363
,340
,349
,345
,358
,343
,341
,348
,359
,349
,351
,367
2026 06 24 16:49:03.273962,353
,343
,343
,371
,341
,340
,337
,363
,337
,337
,348
,360
,346
,340
2026 06 24 16:49:03.339376,374
,342
,340
,347
,368
,340
,348
,359
,362
,343
,341
,361
,344
,354
2026 06 24 16:49:03.401266,344
,375
,347
,342
,356
,374
,347
,344
,363
,350
,348
,331
,365
,340
2026 06 24 16:49:03.464492,333
,335
,353
,330
,328
,341
,340
,324
,328
,363
,338
,336
,330
,351
2026 06 24 16:49:03.527207,329
,339
,344
,348
,336
,333
,353
,342
,341
,339
,368
,343
,341
,351
2026 06 24 16:49:03.589355,358
,334
,338
,361
,353
,347
,342
,369
,346
,342
,348
,367
,339
,355
2026 06 24 16:49:03.654550,369
,358
,340
,335
,361
,335
,343
,334
,369
,338
,345
,345
,361
,335
2026 06 24 16:49:03.715836,337
,367
,355
,357
,349
,377
,353
,359
,354
,372
,338
,349
,368
,365
2026 06 24 16:49:03.777705,352
,348
,375
,349
,354
,352
,370
,350
,350
,366
,364
,345
,344
,369
2026 06 24 16:49:03.843709,350
,351
,352
,364
,338
,346
,356
,367
,348
,342
,369
,351
,351
,346
2026 06 24 16:49:03.904574,373
,351
,352
,343
,359
,350
,352
,366
,361
,351
,351
,373
,337
,343
2026 06 24 16:49:03.965933,345
,370
,338
,348
,350
,366
,350
,349
,370
,352
,356
,343
,372
,350
2026 06 24 16:49:04.031809,353
,356
,368
,344
,345
,369
,353
,339
,341
,366
,342
,347
,346
,367
2026 06 24 16:49:04.093054,339
,336
,360
,348
,340
,345
,373
,348
,352
,348
,375
,339
,349
,349
2026 06 24 16:49:04.158696,358
,343
,341
,375
,351
,343
,358
,381
,346
,355
,353
,366
,345
,348
2026 06 24 16:49:04.220516,364
,352
,351
,346
,376
,346
,350
,349
,371
,346
,347
,356
,352
,342
2026 06 24 16:49:04.281555,347
,366
,346
,355
,351
,376
,346
,349
,361
,361
,331
,347
,368
,357
2026 06 24 16:49:04.347146,343
,345
,376
,342
,352
,357
,372
,344
,351
,370
,354
,350
,349
,372
2026 06 24 16:49:04.408281,351
,354
,343
,370
,350
,355
,361
,365
,354
,346
,368
,352
,354
,357
2026 06 24 16:49:04.473717,377
,350
,355
,361
,364
,349
,349
,366
,342
,342
,352
,371
,336
,342
2026 06 24 16:49:04.535168,351
,362
,346
,349
,369
,363
,353
,341
,378
,348
,351
,353
,372
,340
2026 06 24 16:49:04.597075,339
,348
,360
,333
,338
,376
,356
,349
,342
,371
,335
,350
,352
,366
2026 06 24 16:49:04.662707,344
,348
,365
,349
,347
,342
,371
,341
,345
,345
,362
,333
,344
,356
2026 06 24 16:49:04.723929,342
,352
,350
,371
,326
,351
,344
,370
,341
,344
,356
,352
,344
,340
2026 06 24 16:49:04.789220,368
,341
,349
,342
,372
,336
,333
,352
,359
,337
,336
,355
,342
,336
2026 06 24 16:49:04.850899,335
,363
,345
,346
,345
,358
,336
,335
,349
,349
,341
,331
,367
,334
2026 06 24 16:49:04.912114,338
,343
,371
,338
,341
,350
,354
,341
,339
,363
,344
,339
,334
,364
2026 06 24 16:49:04.976868,331
,337
,343
,361
,348
,346
,355
,345
,342
,344
,366
,333
,344
,339
2026 06 24 16:49:05.038633,360
,338
,329
,356
,360
,348
,341
,363
,336
,344
,341
,359
,339
,337
2026 06 24 16:49:05.103894,351
,355
,340
,349
,374
,355
,349
,341
,377
,338
,350
,354
,365
,341
2026 06 24 16:49:05.167225,340
,377
,356
,352
,346
,373
,335
,354
,357
,375
,349
,355
,367
,360
2026 06 24 16:49:05.226848,336
,338
,358
,354
,350
,352
,366
,335
,358
,359
,366
,341
,347
,375
2026 06 24 16:49:05.292220,353
,351
,350
,373
,345
,341
,346
,369
,345
,348
,364
,343
,342
,337
2026 06 24 16:49:05.353692,373
,344
,349
,349
,368
,334
,348
,363
,364
,353
,350
,378
,348
,345
2026 06 24 16:49:05.419788,336
,363
,340
,346
,353
,361
,338
,345
,358
,345
,355
,353
,375
,342
2026 06 24 16:49:05.481498,346
,341
,344
,347
,345
,363
,347
,341
,349
,377
,337
,344
,346
,368
2026 06 24 16:49:05.542808,336
,339
,358
,362
,346
,335
,356
,339
,349
,352
,366
,345
,349
,351
2026 06 24 16:49:05.607632,361
,338
,341
,363
,345
,350
,351
,380
,346
,353
,347
,366
,345
,345
2026 06 24 16:49:05.670673,362
,359
,352
,337
,378
,344
,354
,354
,364
,340
,352
,362
,363
,354
2026 06 24 16:49:05.735057,347
,367
,338
,359
,351
,370
,327
,346
,351
,360
,340
,347
,369
,346
2026 06 24 16:49:05.796538,359
,355
,378
,345
,346
,339
,361
,335
,349
,359
,355
,339
,343
,374
2026 06 24 16:49:05.858298,349
,342
,343
,372
,343
,338
,365
,363
,349
,344
,380
,354
,349
,351
2026 06 24 16:49:05.923901,376
,347
,345
,354
,379
,353
,353
,369
,358
,348
,343
,376
,343
,346
2026 06 24 16:49:05.984854,346
,361
,343
,351
,363
,361
,349
,351
,375
,357
,356
,346
,372
,347
2026 06 24 16:49:06.051008,353
,365
,365
,343
,338
,365
,347
,341
,329
,363
,342
,350
,350
,365
2026 06 24 16:49:06.112427,343
,345
,366
,351
,354
,348
,364
,346
,350
,356
,374
,341
,353
,361
2026 06 24 16:49:06.173459,354
,349
,341
,365
,334
,333
,345
,369
,335
,354
,359
,366
,349
,351
2026 06 24 16:49:06.239532,379
,354
,350
,347
,380
,348
,361
,367
,373
,345
,343
,364
,346
,350
2026 06 24 16:49:06.300894,353
,371
,349
,354
,344
,369
,340
,339
,360
,361
,347
,348
,372
,346
2026 06 24 16:49:06.366133,346
,350
,374
,345
,351
,359
,363
,348
,347
,362
,342
,341
,341
,361
2026 06 24 16:49:06.428178,341
,353
,343
,362
,336
,346
,364
,352
,348
,344
,374
,341
,347
,341
2026 06 24 16:49:06.488961,375
,348
,354
,355
,360
,340
,336
,366
,337
,347
,339
,366
,344
,348
2026 06 24 16:49:06.554778,353
,358
,341
,349
,363
,347
,353
,344
,370
,338
,354
,344
,367
,340
2026 06 24 16:49:06.615513,337
,351
,345
,344
,346
,376
,341
,353
,346
,363
,345
,350
,358
,357
2026 06 24 16:49:06.681356,342
,335
,362
,343
,345
,340
,368
,337
,346
,343
,365
,344
,339
,361
2026 06 24 16:49:06.743371,344
,348
,344
,371
,338
,351
,349
,363
,340
,341
,356
,354
,352
,350
2026 06 24 16:49:06.804354,375
,348
,353
,351
,374
,346
,348
,356
,357
,339
,333
,360
,334
,341
2026 06 24 16:49:06.870008,340
,368
,344
,350
,346
,372
,345
,347
,373
,347
,346
,348
,381
,350
2026 06 24 16:49:06.930966,351
,351
,369
,339
,344
,350
,346
,352
,349
,376
,354
,353
,349
,365
2026 06 24 16:49:06.995566,345
,347
,358
,366
,346
,344
,371
,341
,349
,345
,371
,339
,346
,355
2026 06 24 16:49:07.058561,364
,341
,340
,361
,352
,348
,343
,375
,343
,351
,348
,368
,342
,345
2026 06 24 16:49:07.120054,351
,352
,346
,343
,376
,347
,356
,348
,365
,335
,343
,357
,360
,334
2026 06 24 16:49:07.185101,342
,373
,350
,351
,338
,365
,339
,345
,351
,359
,346
,343
,370
,356
2026 06 24 16:49:07.246922,340
,344
,374
,338
,343
,339
,365
,348
,347
,356
,356
,347
,347
,378
2026 06 24 16:49:07.313861,356
,353
,342
,366
,336
,345
,351
,354
,340
,349
,365
,352
,354
,346
2026 06 24 16:49:07.374043,366
,335
,351
,346
,348
,337
,347
,363
,352
,349
,340
,369
,338
,348
2026 06 24 16:49:07.435296,348
,370
,338
,344
,360
,359
,348
,339
,370
,346
,342
,339
,364
,331
2026 06 24 16:49:07.500945,343
,351
,360
,344
,345
,366
,344
,347
,339
,369
,338
,342
,347
,365
2026 06 24 16:49:07.562495,342
,350
,362
,349
,343
,340
,371
,342
,346
,343
,358
,331
,338
,357
2026 06 24 16:49:07.627646,357
,357
,348
,375
,349
,354
,343
,365
,339
,342
,353
,358
,343
,341
2026 06 24 16:49:07.689200,363
,347
,342
,338
,364
,340
,343
,349
,365
,339
,338
,372
,358
,342
2026 06 24 16:49:07.750479,335
,372
,348
,345
,346
,364
,335
,340
,354
,356
,346
,340
,360
,343
2026 06 24 16:49:07.815803,346
,340
,365
,337
,345
,352
,356
,342
,344
,367
,346
,339
,338
,368
2026 06 24 16:49:07.880203,340
,350
,352
,363
,343
,342
,359
,346
,344
,337
,368
,337
,341
,339
2026 06 24 16:49:07.939124,363
,337
,342
,359
,353
,346
,344
,372
,344
,347
,341
,374
,342
,345
2026 06 24 16:49:08.004712,352
,357
,335
,338
,357
,347
,341
,336
,362
,334
,344
,350
,356
,342
2026 06 24 16:49:08.065364,352
,364
,360
,347
,340
,367
,340
,340
,348
,370
,341
,346
,354
,357
2026 06 24 16:49:08.131355,345
,337
,366
,344
,348
,344
,374
,338
,347
,353
,364
,347
,344
,360
2026 06 24 16:49:08.192095,343
,343
,343
,378
,352
,359
,357
,379
,352
,352
,368
,359
,348
,350
2026 06 24 16:49:08.253841,378
,347
,345
,337
,366
,341
,347
,359
,365
,352
,349
,367
,343
,341
2026 06 24 16:49:08.319563,345
,377
,339
,346
,348
,359
,342
,342
,359
,343
,341
,342
,373
,342
2026 06 24 16:49:08.380984,357
,352
,372
,348
,347
,360
,353
,342
,340
,364
,339
,346
,343
,369
2026 06 24 16:49:08.445998,338
,343
,348
,362
,346
,350
,372
,352
,354
,352
,369
,340
,344
,343
2026 06 24 16:49:08.508426,357
,338
,344
,359
,347
,345
,340
,365
,336
,336
,339
,366
,343
,348
2026 06 24 16:49:08.569676,365
,357
,344
,350
,370
,343
,349
,333
,373
,346
,348
,354
,362
,352
2026 06 24 16:49:08.634478,346
,366
,351
,348
,344
,370
,340
,345
,344
,361
,338
,347
,366
,360
2026 06 24 16:49:08.698226,350
,342
,379
,353
,352
,344
,366
,339
,343
,352
,345
,345
,340
,365
2026 06 24 16:49:08.761666,338
,338
,339
,361
,336
,342
,347
,360
,342
,334
,362
,354
,352
,341
2026 06 24 16:49:08.823402,368
,340
,350
,340
,364
,347
,353
,368
,356
,347
,340
,370
,329
,346
2026 06 24 16:49:08.884442,345
,366
,337
,340
,350
,350
,343
,349
,372
,348
,344
,343
,373
,343
2026 06 24 16:49:08.951084,342
,352
,364
,342
,337
,356
,335
,348
,341
,358
,342
,350
,349
,362
2026 06 24 16:49:09.011533,342
,353
,371
,363
,356
,344
,372
,346
,347
,340
,360
,341
,345
,355
2026 06 24 16:49:09.077628,359
,349
,345
,365
,338
,345
,336
,367
,341
,342
,353
,366
,349
,352
2026 06 24 16:49:09.138772,370
,352
,346
,338
,364
,341
,345
,344
,365
,345
,347
,360
,353
,340
2026 06 24 16:49:09.200061,332
,368
,343
,343
,338
,365
,341
,338
,356
,355
,340
,341
,365
,345
2026 06 24 16:49:09.266088,349
,340
,371
,346
,344
,343
,366
,348
,351
,372
,348
,344
,339
,363
2026 06 24 16:49:09.327105,343
,347
,343
,369
,342
,348
,367
,363
,350
,345
,377
,347
,346
,343
2026 06 24 16:49:09.393019,368
,338
,346
,353
,356
,344
,348
,367
,346
,345
,349
,369
,349
,353
2026 06 24 16:49:09.455227,353
,372
,346
,342
,365
,355
,352
,351
,374
,344
,350
,344
,367
,341
2026 06 24 16:49:09.514997,343
,359
,344
,342
,346
,375
,348
,353
,347
,363
,334
,342
,361
,358
2026 06 24 16:49:09.581524,340
,342
,359
,344
,347
,344
,376
,341
,340
,346
,356
,342
,336
,352
2026 06 24 16:49:09.642255,343
,340
,340
,367
,345
,339
,349
,368
,339
,342
,354
,355
,344
,339
2026 06 24 16:49:09.708377,360
,341
,346
,346
,369
,338
,336
,349
,351
,330
,337
,360
,342
,346
2026 06 24 16:49:09.769926,341
,370
,345
,348
,347
,363
,344
,343
,359
,345
,339
,345
,371
,344
2026 06 24 16:49:09.831267,347
,343
,364
,337
,336
,354
,352
,340
,335
,370
,341
,354
,353
,374
2026 06 24 16:49:09.896861,336
,347
,350
,360
,347
,343
,366
,344
,349
,351
,377
,345
,348
,344
2026 06 24 16:49:09.957878,362
,342
,339
,358
,350
,345
,340
,361
,336
,351
,353
,372
,343
,339
2026 06 24 16:49:10.023740,353
,350
,349
,347
,372
,351
,351
,342
,366
,329
,343
,347
,359
,342
2026 06 24 16:49:10.085090,342
,366
,343
,344
,334
,364
,345
,356
,346
,365
,346
,341
,363
,356
2026 06 24 16:49:10.146096,342
,338
,364
,339
,339
,332
,355
,327
,333
,345
,350
,337
,336
,358
2026 06 24 16:49:10.212114,340
,341
,339
,362
,333
,335
,342
,346
,335
,335
,351
,337
,332
,336
2026 06 24 16:49:10.273813,363
,338
,338
,335
,352
,333
,338
,355
,345
,340
,330
,374
,347
,350
2026 06 24 16:49:10.339535,345
,368
,338
,350
,355
,362
,354
,346
,374
,356
,357
,351
,374
,349
2026 06 24 16:49:10.400236,348
,349
,366
,344
,348
,368
,350
,347
,344
,374
,341
,347
,347
,362
2026 06 24 16:49:10.461580,352
,348
,363
,354
,340
,342
,368
,343
,342
,336
,365
,338
,350
,355
2026 06 24 16:49:10.527340,357
,346
,347
,367
,347
,344
,329
,371
,336
,344
,351
,366
,336
,338
2026 06 24 16:49:10.588628,361
,349
,347
,339
,357
,338
,338
,334
,361
,347
,345
,364
,367
,348
2026 06 24 16:49:10.654267,340
,367
,349
,346
,345
,368
,329
,338
,354
,364
,342
,339
,370
,352
2026 06 24 16:49:10.716306,346
,336
,358
,334
,341
,351
,364
,343
,352
,370
,351
,341
,342
,365
2026 06 24 16:49:10.776752,327
,350
,350
,370
,342
,344
,354
,352
,343
,338
,364
,339
,339
,339
2026 06 24 16:49:10.843018,362
,334
,344
,349
,365
,351
,344
,380
,356
,347
,338
,366
,329
,342
2026 06 24 16:49:10.903963,354
,363
,337
,337
,356
,348
,345
,346
,371
,347
,353
,349
,372
,352
2026 06 24 16:49:10.969849,349
,361
,362
,349
,344
,373
,347
,350
,348
,370
,344
,349
,363
,368
2026 06 24 16:49:11.030899,349
,356
,380
,350
,351
,348
,369
,341
,348
,350
,368
,350
,344
,363
2026 06 24 16:49:11.092380,351
,345
,342
,374
,350
,358
,357
,375
,347
,343
,356
,346
,345
,344
2026 06 24 16:49:11.157552,370
,348
,348
,347
,370
,347
,340
,347
,366
,340
,342
,367
,352
,351
2026 06 24 16:49:11.219835,352
,376
,346
,348
,352
,362
,345
,337
,353
,351
,342
,335
,364
,346
2026 06 24 16:49:11.286182,347
,336
,377
,353
,347
,353
,359
,343
,336
,362
,347
,346
,344
,365
2026 06 24 16:49:11.346898,345
,346
,350
,360
,344
,341
,362
,345
,344
,338
,367
,338
,336
,350
2026 06 24 16:49:11.407698,369
,341
,345
,359
,351
,344
,344
,364
,337
,342
,341
,362
,337
,337
2026 06 24 16:49:11.473657,345
,345
,338
,341
,357
,343
,346
,344
,367
,338
,339
,340
,348
,327
2026 06 24 16:49:11.534814,334
,346
,336
,342
,343
,366
,335
,340
,338
,355
,335
,338
,351
,345
2026 06 24 16:49:11.597821,342
,336
,372
,350
,351
,350
,369
,342
,339
,350
,354
,340
,340
,360
2026 06 24 16:49:11.664841,342
,344
,343
,360
,332
,341
,343
,360
,333
,340
,365
,350
,350
,346
2026 06 24 16:49:11.723751,363
,351
,340
,344
,364
,345
,346
,356
,358
,347
,343
,367
,343
,347
2026 06 24 16:49:11.788902,343
,374
,339
,349
,354
,355
,339
,341
,374
,357
,354
,355
,377
,346
2026 06 24 16:49:11.850585,352
,355
,372
,349
,352
,370
,360
,354
,352
,373
,337
,349
,352
,367
2026 06 24 16:49:11.912025,339
,333
,356
,365
,349
,334
,366
,343
,351
,350
,370
,335
,341
,351
2026 06 24 16:49:11.981893,354
,341
,344
,368
,351
,349
,336
,366
,339
,337
,338
,353
,345
,347
2026 06 24 16:49:12.038585,366
,350
,352
,351
,374
,344
,348
,350
,371
,344
,349
,352
,352
,339
2026 06 24 16:49:12.103797,337
,370
,349
,359
,358
,373
,342
,357
,367
,373
,350
,340
,369
,349
2026 06 24 16:49:12.165930,339
,340
,373
,345
,348
,347
,365
,342
,342
,356
,350
,343
,342
,368
2026 06 24 16:49:12.227495,346
,347
,336
,369
,332
,342
,358
,367
,354
,350
,377
,346
,347
,349
2026 06 24 16:49:12.292661,375
,344
,345
,347
,353
,338
,342
,359
,337
,339
,342
,369
,340
,342
2026 06 24 16:49:12.354515,347
,364
,340
,346
,361
,354
,342
,351
,372
,349
,349
,348
,370
,344
2026 06 24 16:49:12.419406,349
,359
,360
,345
,348
,375
,351
,353
,356
,375
,349
,353
,357
,369
2026 06 24 16:49:12.481330,347
,347
,369
,355
,353
,346
,378
,352
,354
,349
,376
,350
,351
,365
2026 06 24 16:49:12.541883,361
,347
,351
,374
,349
,352
,346
,364
,338
,342
,357
,361
,346
,346
2026 06 24 16:49:12.608219,371
,353
,356
,351
,372
,342
,347
,350
,358
,340
,345
,358
,341
,350
2026 06 24 16:49:12.669192,340
,377
,349
,350
,350
,370
,346
,346
,359
,359
,351
,344
,370
,342
2026 06 24 16:49:12.733735,347
,344
,368
,341
,343
,350
,355
,345
,341
,365
,347
,349
,341
,364
2026 06 24 16:49:12.796779,339
,346
,348
,358
,339
,338
,361
,344
,343
,338
,367
,339
,344
,344
2026 06 24 16:49:12.857872,364
,337
,339
,349
,350
,342
,338
,363
,335
,335
,332
,363
,330
,335
2026 06 24 16:49:12.923424,344
,351
,335
,338
,359
,342
,342
,338
,362
,336
,338
,336
,355
,333
2026 06 24 16:49:12.984627,339
,355
,346
,339
,333
,359
,335
,339
,335
,353
,326
,334
,344
,346
2026 06 24 16:49:13.050584,332
,335
,359
,335
,337
,332
,362
,329
,336
,345
,354
,337
,338
,358
2026 06 24 16:49:13.111300,340
,338
,335
,367
,336
,342
,346
,358
,336
,345
,360
,352
,343
,348
2026 06 24 16:49:13.173490,375
,347
,347
,341
,367
,342
,344
,357
,359
,343
,338
,364
,347
,353
2026 06 24 16:49:13.238688,351
,373
,341
,347
,347
,361
,344
,348
,366
,350
,348
,344
,366
,340
2026 06 24 16:49:13.299730,343
,343
,364
,346
,346
,357
,359
,354
,347
,373
,348
,352
,351
,374
2026 06 24 16:49:13.365558,346
,349
,352
,357
,342
,343
,361
,350
,350
,342
,369
,339
,342
,343
2026 06 24 16:49:13.427279,357
,345
,343
,362
,355
,353
,346
,366
,341
,352
,352
,367
,340
,344
2026 06 24 16:49:13.488512,362
,362
,349
,344
,372
,343
,348
,348
,365
,337
,345
,352
,357
,341
2026 06 24 16:49:13.553842,341
,367
,342
,342
,339
,367
,339
,343
,347
,358
,340
,340
,359
,348
2026 06 24 16:49:13.616010,353
,352
,373
,349
,353
,348
,366
,338
,346
,364
,356
,348
,345
,373
2026 06 24 16:49:13.681346,350
,354
,352
,381
,354
,360
,364
,366
,348
,346
,369
,345
,349
,349
2026 06 24 16:49:13.742856,372
,344
,352
,358
,374
,349
,355
,370
,348
,339
,350
,381
,345
,346
2026 06 24 16:49:13.804261,348
,367
,345
,348
,364
,369
,360
,355
,371
,340
,343
,342
,366
,337
2026 06 24 16:49:13.869967,342
,351
,357
,338
,338
,362
,347
,349
,349
,376
,345
,348
,349
,361
2026 06 24 16:49:13.931365,342
,344
,357
,348
,348
,346
,367
,333
,352
,348
,372
,346
,347
,355
2026 06 24 16:49:13.996051,360
,351
,347
,369
,346
,347
,345
,370
,344
,352
,354
,362
,345
,351
2026 06 24 16:49:14.058014,367
,355
,354
,346
,371
,341
,343
,345
,358
,334
,333
,351
,346
,339
2026 06 24 16:49:14.119573,338
,371
,342
,338
,334
,367
,336
,341
,353
,354
,343
,342
,363
,337
2026 06 24 16:49:14.184706,338
,338
,365
,338
,352
,360
,362
,341
,337
,353
,342
,344
,338
,371
2026 06 24 16:49:14.246718,347
,355
,354
,366
,344
,348
,361
,348
,341
,343
,372
,349
,355
,350
2026 06 24 16:49:14.311888,370
,339
,344
,344
,349
,341
,343
,368
,347
,349
,345
,367
,343
,353
2026 06 24 16:49:14.373513,356
,369
,343
,346
,367
,347
,341
,343
,373
,346
,356
,354
,370
,344
2026 06 24 16:49:14.434461,344
,354
,350
,343
,337
,371
,349
,351
,351
,368
,338
,346
,346
,353
2026 06 24 16:49:14.500594,350
,350
,373
,350
,351
,339
,368
,335
,343
,343
,350
,336
,341
,360
2026 06 24 16:49:14.562028,344
,342
,340
,377
,345
,347
,347
,364
,340
,341
,352
,348
,337
,340
2026 06 24 16:49:14.626951,367
,340
,349
,344
,367
,340
,343
,345
,350
,330
,334
,362
,349
,354
2026 06 24 16:49:14.688667,339
,367
,345
,351
,358
,367
,338
,348
,369
,354
,348
,344
,368
,341
2026 06 24 16:49:14.749780,350
,348
,362
,334
,338
,349
,343
,339
,340
,380
,351
,351
,348
,373
2026 06 24 16:49:14.815747,343
,348
,351
,361
,349
,352
,368
,351
,352
,345
,370
,343
,347
,352
2026 06 24 16:49:14.876903,365
,342
,342
,364
,350
,350
,347
,368
,340
,351
,348
,367
,339
,346
2026 06 24 16:49:14.943534,353
,356
,341
,346
,372
,350
,349
,348
,369
,334
,341
,341
,352
,338
2026 06 24 16:49:15.004503,347
,369
,355
,349
,345
,369
,338
,348
,351
,368
,346
,349
,362
,355
2026 06 24 16:49:15.065149,348
,343
,366
,337
,345
,342
,364
,333
,341
,359
,356
,343
,342
,376
2026 06 24 16:49:15.131613,349
,350
,342
,366
,334
,339
,347
,355
,341
,343
,362
,344
,344
,337
2026 06 24 16:49:15.193024,367
,338
,344
,344
,365
,336
,341
,361
,350
,342
,336
,361
,334
,338
2026 06 24 16:49:15.254321,341
,363
,336
,344
,357
,356
,349
,350
,371
,350
,350
,344
,372
,340
2026 06 24 16:49:15.320068,345
,350
,366
,344
,351
,372
,353
,348
,342
,370
,341
,350
,347
,366
2026 06 24 16:49:15.380797,348
,350
,360
,348
,343
,344
,367
,345
,341
,334
,361
,340
,344
,352
2026 06 24 16:49:15.446848,353
,340
,341
,355
,335
,345
,338
,365
,341
,344
,349
,363
,345
,347
2026 06 24 16:49:15.508740,367
,348
,344
,343
,369
,334
,345
,343
,366
,346
,348
,356
,357
,348
2026 06 24 16:49:15.569513,344
,370
,342
,350
,345
,367
,345
,350
,352
,357
,345
,349
,367
,346
2026 06 24 16:49:15.634569,350
,342
,363
,332
,340
,350
,364
,345
,343
,358
,342
,340
,343
,366
2026 06 24 16:49:15.696238,345
,350
,349
,368
,343
,346
,360
,351
,345
,339
,363
,340
,341
,336
2026 06 24 16:49:15.762380,370
,337
,348
,350
,361
,345
,342
,363
,345
,346
,340
,364
,339
,351
2026 06 24 16:49:15.823556,349
,365
,344
,348
,360
,345
,345
,341
,368
,338
,346
,345
,367
,344
2026 06 24 16:49:15.884920,344
,357
,353
,344
,340
,366
,344
,349
,339
,379
,345
,349
,353
,361
2026 06 24 16:49:15.950892,345
,342
,363
,340
,352
,339
,370
,342
,347
,349
,358
,336
,335
,359
2026 06 24 16:49:16.011455,349
,348
,341
,373
,340
,346
,337
,361
,338
,345
,356
,356
,351
,350
2026 06 24 16:49:16.077065,374
,349
,357
,349
,369
,332
,342
,346
,354
,338
,343
,364
,345
,343
2026 06 24 16:49:16.139255,338
,368
,343
,349
,343
,361
,333
,341
,360
,353
,344
,339
,369
,341
2026 06 24 16:49:16.200189,356
,350
,369
,347
,349
,355
,353
,345
,334
,362
,339
,344
,338
,362
2026 06 24 16:49:16.265647,330
,339
,340
,352
,337
,335
,357
,339
,337
,335
,362
,333
,347
,345
2026 06 24 16:49:16.327348,365
,354
,362
,378
,359
,353
,347
,377
,349
,353
,349
,369
,339
,346
2026 06 24 16:49:16.393013,357
,358
,346
,341
,365
,339
,341
,334
,354
,330
,341
,349
,364
,342
2026 06 24 16:49:16.454465,341
,370
,353
,349
,347
,366
,348
,353
,344
,372
,352
,354
,366
,361
2026 06 24 16:49:16.515561,349
,344
,372
,342
,348
,346
,368
,337
,337
,349
,350
,344
,345
,365
2026 06 24 16:49:16.581326,343
,347
,340
,369
,339
,343
,352
,364
,344
,343
,362
,350
,353
,342
2026 06 24 16:49:16.642472,369
,343
,350
,349
,365
,347
,348
,359
,354
,353
,350
,374
,348
,354
2026 06 24 16:49:16.708222,348
,372
,345
,349
,355
,361
,346
,345
,370
,347
,350
,340
,373
,341
2026 06 24 16:49:16.769827,349
,355
,367
,341
,346
,369
,346
,344
,342
,370
,347
,350
,351
,368
2026 06 24 16:49:16.831217,343
,341
,359
,350
,342
,339
,366
,347
,354
,347
,375
,344
,349
,359
2026 06 24 16:49:16.896744,361
,344
,338
,365
,344
,351
,347
,376
,342
,346
,348
,359
,341
,344
2026 06 24 16:49:16.957795,362
,347
,346
,343
,375
,343
,351
,349
,374
,346
,350
,360
,349
,338
2026 06 24 16:49:17.022890,342
,368
,345
,348
,341
,372
,343
,348
,352
,357
,350
,349
,369
,346
2026 06 24 16:49:17.085749,345
,344
,370
,339
,344
,347
,365
,342
,335
,353
,345
,343
,345
,374
2026 06 24 16:49:17.146179,346
,355
,352
,367
,340
,341
,357
,348
,337
,339
,362
,343
,348
,346
2026 06 24 16:49:17.211922,370
,345
,347
,350
,358
,343
,345
,361
,353
,355
,348
,369
,343
,342
2026 06 24 16:49:17.272249,340
,357
,333
,340
,355
,350
,345
,336
,364
,340
,348
,351
,377
,347
2026 06 24 16:49:17.338424,351
,358
,352
,343
,333
,363
,344
,341
,338
,366
,332
,340
,339
,356
2026 06 24 16:49:17.399834,338
,336
,360
,348
,346
,349
,372
,341
,349
,347
,364
,336
,346
,357
2026 06 24 16:49:17.461835,347
,343
,342
,368
,340
,339
,332
,360
,333
,337
,349
,352
,341
,338
2026 06 24 16:49:17.527476,363
,346
,347
,342
,368
,340
,341
,346
,358
,342
,335
,362
,347
,353
2026 06 24 16:49:17.588537,349
,375
,349
,348
,340
,358
,338
,344
,360
,355
,347
,342
,371
,344
2026 06 24 16:49:17.654359,353
,350
,369
,344
,342
,356
,363
,349
,348
,365
,344
,346
,338
,362
2026 06 24 16:49:17.715909,335
,338
,338
,361
,342
,349
,364
,347
,354
,352
,378
,343
,346
,344
2026 06 24 16:49:17.777479,359
,336
,343
,354
,346
,339
,335
,357
,339
,349
,339
,367
,336
,341
2026 06 24 16:49:17.842873,349
,360
,345
,346
,368
,348
,349
,347
,366
,339
,341
,343
,360
,342
2026 06 24 16:49:17.903608,343
,360
,345
,335
,334
,366
,340
,336
,341
,365
,337
,339
,347
,353
2026 06 24 16:49:17.970138,343
,336
,365
,337
,343
,340
,361
,336
,344
,354
,357
,339
,336
,358
2026 06 24 16:49:18.031308,344
,345
,336
,358
,313
,335
,338
,354
,337
,338
,356
,341
,334
,331
2026 06 24 16:49:18.092891,368
,335
,338
,332
,360
,338
,339
,347
,346
,341
,339
,363
,342
,346
2026 06 24 16:49:18.158181,347
,372
,346
,351
,358
,367
,349
,345
,374
,355
,355
,347
,374
,347
2026 06 24 16:49:18.219819,351
,356
,371
,341
,345
,360
,353
,347
,336
,369
,342
,341
,335
,354
2026 06 24 16:49:18.285012,333
,340
,355
,351
,352
,350
,374
,348
,348
,346
,367
,345
,349
,352
2026 06 24 16:49:18.346516,364
,340
,339
,362
,341
,340
,344
,371
,341
,346
,346
,366
,345
,339
2026 06 24 16:49:18.407954,356
,348
,351
,352
,369
,344
,348
,343
,366
,339
,340
,347
,352
,341
2026 06 24 16:49:18.472984,332
,358
,337
,345
,340
,364
,342
,352
,357
,368
,349
,344
,362
,350
2026 06 24 16:49:18.535133,348
,346
,369
,340
,339
,340
,348
,340
,341
,360
,353
,346
,342
,368
2026 06 24 16:49:18.600474,343
,349
,355
,372
,349
,350
,357
,355
,341
,340
,359
,334
,343
,340
2026 06 24 16:49:18.662983,367
,340
,346
,346
,352
,335
,331
,357
,344
,339
,336
,355
,331
,339
2026 06 24 16:49:18.722851,338
,355
,330
,331
,346
,351
,342
,341
,362
,336
,337
,335
,355
,331
2026 06 24 16:49:18.788366,336
,352
,353
,335
,334
,357
,332
,335
,336
,364
,337
,340
,347
,356
2026 06 24 16:49:18.850589,333
,330
,351
,344
,344
,341
,357
,335
,338
,340
,357
,340
,337
,350
2026 06 24 16:49:18.915091,350
,339
,339
,368
,345
,346
,350
,366
,342
,351
,354
,356
,331
,335
2026 06 24 16:49:18.977090,361
,344
,342
,335
,364
,337
,341
,348
,363
,342
,344
,363
,350
,346
2026 06 24 16:49:19.038559,349
,373
,348
,353
,346
,360
,346
,344
,363
,359
,347
,345
,374
,347
2026 06 24 16:49:19.103962,348
,343
,367
,341
,341
,346
,355
,345
,345
,373
,353
,345
,344
,377
2026 06 24 16:49:19.166038,350
,348
,349
,360
,338
,344
,357
,350
,356
,352
,374
,352
,354
,345
2026 06 24 16:49:19.226542,363
,342
,345
,353
,359
,354
,350
,376
,351
,351
,349
,372
,341
,349
2026 06 24 16:49:19.292827,357
,366
,354
,347
,369
,348
,351
,349
,369
,341
,350
,349
,360
,340
2026 06 24 16:49:19.353722,346
,357
,351
,347
,349
,375
,346
,347
,352
,367
,337
,348
,358
,359
2026 06 24 16:49:19.419671,350
,343
,363
,347
,348
,343
,362
,337
,344
,344
,355
,341
,340
,365
2026 06 24 16:49:19.481296,347
,342
,342
,362
,344
,348
,348
,365
,342
,341
,355
,350
,342
,341
2026 06 24 16:49:19.542383,366
,336
,338
,338
,354
,334
,344
,355
,359
,340
,340
,368
,345
,340
2026 06 24 16:49:19.608241,341
,362
,337
,341
,345
,353
,337
,339
,355
,351
,346
,348
,371
,344
2026 06 24 16:49:19.669549,346
,345
,367
,336
,341
,355
,356
,350
,345
,369
,343
,348
,345
,368
2026 06 24 16:49:19.734557,342
,346
,353
,357
,341
,344
,365
,349
,341
,338
,365
,341
,345
,351
2026 06 24 16:49:19.796702,366
,344
,341
,365
,354
,350
,341
,374
,344
,350
,354
,367
,343
,351
2026 06 24 16:49:19.858477,364
,354
,350
,346
,371
,350
,354
,348
,369
,347
,349
,358
,368
,355
2026 06 24 16:49:19.922755,353
,373
,347
,350
,350
,369
,339
,349
,352
,369
,346
,349
,365
,356
2026 06 24 16:49:19.984104,349
,348
,373
,346
,345
,347
,374
,346
,347
,353
,350
,342
,338
,361
2026 06 24 16:49:20.050642,341
,342
,338
,363
,343
,340
,350
,356
,342
,346
,360
,342
,350
,341
2026 06 24 16:49:20.112082,365
,341
,347
,345
,356
,341
,343
,360
,347
,341
,341
,364
,341
,349
2026 06 24 16:49:20.172068,348
,367
,343
,349
,355
,349
,341
,336
,363
,339
,340
,338
,363
,341
2026 06 24 16:49:20.238215,343
,355
,363
,348
,345
,362
,346
,345
,344
,370
,342
,347
,347
,359
2026 06 24 16:49:20.300022,340
,341
,356
,347
,342
,340
,370
,348
,350
,341
,363
,344
,350
,361
2026 06 24 16:49:20.365920,364
,351
,345
,370
,349
,346
,342
,370
,346
,351
,355
,360
,345
,343
2026 06 24 16:49:20.427702,366
,344
,343
,344
,371
,340
,346
,350
,369
,341
,340
,361
,350
,349
2026 06 24 16:49:20.488373,339
,369
,344
,343
,348
,369
,342
,344
,354
,347
,336
,342
,367
,340
2026 06 24 16:49:20.553730,341
,336
,362
,337
,342
,344
,357
,340
,341
,367
,349
,345
,343
,363
2026 06 24 16:49:20.614942,336
,343
,350
,362
,341
,345
,354
,351
,346
,333
,366
,347
,350
,350
2026 06 24 16:49:20.681211,371
,345
,345
,361
,362
,341
,339
,370
,348
,346
,344
,371
,346
,346
2026 06 24 16:49:20.742796,348
,361
,341
,346
,367
,349
,351
,346
,370
,344
,345
,344
,362
,339
2026 06 24 16:49:20.804221,341
,355
,347
,337
,339
,365
,336
,342
,342
,362
,343
,346
,357
,359
2026 06 24 16:49:20.869741,345
,348
,379
,356
,355
,350
,374
,344
,341
,339
,355
,345
,350
,371
2026 06 24 16:49:20.930413,354
,341
,346
,370
,343
,352
,345
,358
,338
,341
,358
,356
,346
,352
2026 06 24 16:49:20.995928,379
,349
,347
,342
,367
,340
,339
,353
,361
,347
,350
,370
,353
,349
2026 06 24 16:49:21.057577,343
,366
,345
,351
,350
,367
,348
,343
,361
,356
,349
,345
,370
,345
2026 06 24 16:49:21.119188,349
,346
,366
,338
,353
,367
,361
,349
,345
,363
,344
,346
,343
,373
2026 06 24 16:49:21.184929,348
,345
,350
,360
,341
,342
,365
,345
,355
,350
,380
,346
,350
,349
2026 06 24 16:49:21.246306,358
,341
,348
,364
,356
,349
,344
,368
,337
,340
,336
,359
,335
,345
2026 06 24 16:49:21.311709,361
,362
,350
,344
,366
,344
,349
,339
,368
,349
,356
,367
,375
,352
2026 06 24 16:49:21.373516,352
,369
,352
,343
,329
,354
,336
,347
,355
,375
,357
,358
,377
,359
2026 06 24 16:49:21.434662,349
,341
,364
,341
,344
,350
,374
,344
,347
,353
,350
,332
,338
,360
2026 06 24 16:49:21.500112,342
,344
,343
,373
,341
,349
,359
,373
,353
,347
,366
,347
,349
,349
2026 06 24 16:49:21.561104,373
,340
,342
,345
,364
,340
,347
,362
,351
,344
,346
,364
,338
,348
2026 06 24 16:49:21.627323,345
,365
,342
,349
,357
,362
,352
,352
,374
,354
,355
,347
,372
,341
2026 06 24 16:49:21.688203,349
,356
,366
,347
,347
,364
,341
,347
,352
,381
,351
,354
,354
,377
2026 06 24 16:49:21.749734,353
,353
,365
,359
,349
,343
,373
,347
,351
,343
,372
,348
,351
,360
2026 06 24 16:49:21.815734,370
,353
,349
,365
,347
,348
,348
,375
,343
,346
,364
,374
,353
,351
2026 06 24 16:49:21.877669,366
,346
,339
,348
,375
,348
,350
,355
,368
,339
,345
,354
,350
,344
2026 06 24 16:49:21.942722,343
,374
,353
,357
,346
,372
,348
,349
,353
,360
,343
,342
,371
,355
2026 06 24 16:49:22.003546,354
,352
,375
,340
,352
,355
,367
,344
,345
,362
,351
,348
,345
,378
2026 06 24 16:49:22.065739,350
,353
,354
,376
,338
,352
,360
,357
,345
,342
,364
,334
,339
,339
2026 06 24 16:49:22.131453,365
,336
,344
,345
,353
,335
,335
,364
,350
,350
,346
,369
,343
,344
2026 06 24 16:49:22.192184,342
,354
,335
,337
,350
,339
,336
,337
,366
,338
,343
,337
,358
,336
2026 06 24 16:49:22.257230,340
,350
,350
,345
,344
,371
,351
,358
,350
,366
,340
,353
,357
,357
2026 06 24 16:49:22.319829,341
,346
,373
,352
,351
,339
,371
,338
,348
,349
,365
,343
,351
,360
2026 06 24 16:49:22.380094,357
,352
,346
,374
,347
,352
,350
,370
,343
,351
,360
,359
,348
,350
2026 06 24 16:49:22.446578,370
,340
,348
,343
,369
,343
,349
,353
,359
,341
,340
,360
,338
,339
2026 06 24 16:49:22.508025,341
,369
,337
,343
,339
,355
,333
,332
,344
,339
,337
,331
,354
,326
2026 06 24 16:49:22.572746,329
,323
,344
,320
,330
,336
,341
,333
,333
,357
,329
,329
,328
,355
2026 06 24 16:49:22.634549,324
,333
,338
,346
,333
,329
,354
,345
,344
,339
,364
,329
,334
,341
2026 06 24 16:49:22.696121,356
,335
,336
,348
,345
,331
,329
,360
,333
,338
,334
,362
,341
,343
2026 06 24 16:49:22.762001,347
,349
,336
,336
,360
,338
,343
,334
,360
,333
,342
,339
,352
,335
2026 06 24 16:49:22.824189,333
,342
,338
,336
,332
,360
,334
,332
,329
,349
,330
,332
,348
,339
2026 06 24 16:49:22.888166,329
,326
,355
,332
,331
,327
,355
,323
,327
,341
,343
,326
,329
,352
2026 06 24 16:49:22.950483,337
,347
,338
,365
,334
,339
,344
,357
,339
,341
,354
,348
,352
,344
2026 06 24 16:49:23.011564,374
,342
,351
,351
,367
,337
,352
,367
,363
,349
,344
,370
,342
,346
2026 06 24 16:49:23.077343,340
,367
,338
,346
,358
,364
,343
,336
,368
,354
,346
,343
,368
,342
2026 06 24 16:49:23.138128,354
,351
,365
,340
,348
,362
,353
,349
,342
,367
,342
,347
,346
,371
2026 06 24 16:49:23.204135,347
,348
,356
,356
,343
,342
,367
,346
,347
,340
,359
,343
,348
,356
2026 06 24 16:49:23.265796,355
,339
,341
,355
,344
,348
,349
,372
,341
,354
,355
,374
,352
,360
2026 06 24 16:49:23.327259,370
,364
,353
,351
,384
,352
,359
,357
,384
,349
,353
,367
,372
,353
2026 06 24 16:49:23.392665,353
,381
,353
,363
,346
,368
,342
,348
,356
,358
,343
,347
,368
,348
2026 06 24 16:49:23.453975,348
,345
,365
,338
,348
,346
,364
,343
,346
,360
,349
,341
,341
,371
2026 06 24 16:49:23.514821,351
,357
,351
,374
,348
,353
,360
,359
,347
,352
,370
,347
,354
,347
2026 06 24 16:49:23.580099,379
,343
,358
,362
,376
,352
,349
,376
,358
,347
,345
,378
,346
,348
2026 06 24 16:49:23.642546,347
,375
,347
,347
,364
,361
,353
,352
,377
,348
,346
,348
,369
,339
2026 06 24 16:49:23.707036,340
,348
,358
,346
,350
,372
,349
,356
,344
,373
,344
,354
,349
,357
2026 06 24 16:49:23.769628,347
,352
,369
,356
,353
,341
,371
,344
,353
,347
,370
,344
,347
,358
2026 06 24 16:49:23.830892,354
,338
,335
,365
,344
,348
,341
,368
,339
,343
,349
,356
,339
,338
2026 06 24 16:49:23.896588,371
,348
,339
,335
,362
,332
,338
,337
,358
,331
,328
,350
,336
,325
2026 06 24 16:49:23.958195,330
,363
,333
,333
,342
,363
,331
,328
,342
,356
,349
,340
,360
,335
2026 06 24 16:49:24.025059,355
,348
,373
,342
,344
,358
,366
,340
,340
,366
,344
,350
,330
,378
2026 06 24 16:49:24.084575,350
,361
,354
,353
,341
,340
,355
,348
,353
,352
,373
,344
,350
,338
2026 06 24 16:49:24.146276,371
,347
,341
,358
,353
,340
,345
,374
,336
,324
,340
,363
,337
,331
2026 06 24 16:49:24.211980,347
,352
,338
,327
,357
,338
,350
,342
,365
,324
,340
,339
,357
,347
2026 06 24 16:49:24.273436,349
,358
,348
,341
,334
,360
,336
,346
,341
,363
,342
,349
,366
,358
2026 06 24 16:49:24.338488,344
,347
,374
,350
,349
,346
,368
,344
,341
,353
,354
,335
,341
,374
2026 06 24 16:49:24.400995,354
,345
,347
,362
,338
,342
,336
,355
,343
,340
,347
,350
,350
,339
2026 06 24 16:49:24.461622,367
,338
,335
,339
,370
,346
,348
,349
,345
,336
,328
,358
,339
,349
2026 06 24 16:49:24.527543,346
,370
,331
,336
,335
,361
,343
,344
,362
,340
,348
,333
,362
,328
2026 06 24 16:49:24.588285,353
,348
,363
,334
,347
,359
,345
,348
,347
,377
,335
,355
,343
,366
2026 06 24 16:49:24.653590,344
,343
,353
,350
,347
,337
,367
,338
,352
,338
,365
,332
,348
,351
2026 06 24 16:49:24.715490,359
,345
,346
,363
,354
,344
,339
,367
,343
,338
,348
,357
,343
,326
2026 06 24 16:49:24.776881,352
,356
,356
,349
,379
,353
,349
,348
,378
,347
,343
,356
,362
,345
2026 06 24 16:49:24.842674,343
,368
,348
,361
,355
,379
,355
,342
,351
,367
,335
,343
,368
,349
2026 06 24 16:49:24.903821,357
,363
,376
,340
,337
,332
,374
,350
,342
,348
,348
,342
,335
,351
2026 06 24 16:49:24.969411,324
,358
,339
,390
,347
,342
,334
,352
,334
,336
,357
,332
,340
,345
2026 06 24 16:49:25.031234,362
,327
,341
,345
,362
,350
,340
,366
,329
,343
,354
,374
,340
,357
2026 06 24 16:49:25.091903,330
,371
,339
,340
,356
,347
,345
,329
,376
,345
,356
,348
,358
,333
2026 06 24 16:49:25.158029,352
,364
,357
,327
,342
,363
,347
,347
,337
,347
,327
,331
,354
,371
2026 06 24 16:49:25.219353,334
,326
,360
,331
,344
,345
,369
,333
,350
,345
,362
,328
,328
,342
2026 06 24 16:49:25.284547,353
,328
,339
,363
,338
,327
,315
,361
,336
,345
,357
,351
,336
,339
2026 06 24 16:49:25.347167,367
,337
,330
,329
,360
,327
,335
,320
,347
,333
,337
,359
,340
,336
2026 06 24 16:49:25.408013,326
,357
,342
,342
,342
,367
,324
,342
,338
,354
,336
,343
,361
,334
2026 06 24 16:49:25.473217,337
,335
,349
,331
,330
,345
,349
,344
,337
,360
,351
,333
,333
,362
2026 06 24 16:49:25.534632,343
,339
,346
,348
,346
,315
,358
,335
,324
,332
,369
,338
,340
,341
2026 06 24 16:49:25.599672,354
,342
,338
,346
,343
,339
,343
,371
,334
,337
,340
,361
,329
,340
2026 06 24 16:49:25.661857,357
,356
,340
,339
,369
,350
,347
,348
,372
,336
,343
,350
,357
,336
2026 06 24 16:49:25.722256,342
,352
,341
,331
,352
,371
,345
,349
,342
,370
,335
,338
,354
,359
2026 06 24 16:49:25.789137,348
,343
,372
,347
,353
,342
,379
,348
,342
,336
,359
,357
,348
,363
2026 06 24 16:49:25.851081,348
,356
,350
,372
,353
,349
,355
,368
,346
,350
,361
,364
,351
,348
2026 06 24 16:49:25.915084,384
,357
,360
,353
,372
,343
,347
,350
,345
,355
,357
,372
,345
,338
2026 06 24 16:49:25.977158,334
,365
,334
,337
,352
,362
,343
,337
,355
,346
,344
,345
,362
,341
2026 06 24 16:49:26.038179,340
,334
,361
,334
,333
,347
,363
,357
,355
,371
,342
,351
,351
,365
2026 06 24 16:49:26.103955,351
,355
,365
,369
,350
,345
,377
,355
,358
,352
,386
,355
,368
,368
2026 06 24 16:49:26.165670,378
,349
,362
,373
,361
,349
,340
,370
,356
,353
,346
,371
,345
,349
2026 06 24 16:49:26.231040,369
,369
,351
,346
,385
,355
,353
,353
,380
,348
,354
,359
,363
,348
2026 06 24 16:49:26.292627,348
,373
,363
,361
,357
,380
,345
,358
,366
,376
,352
,353
,376
,364
2026 06 24 16:49:26.353783,355
,341
,371
,352
,360
,347
,363
,340
,348
,356
,355
,360
,357
,377
2026 06 24 16:49:26.419540,359
,360
,349
,374
,353
,357
,360
,372
,358
,352
,372
,358
,358
,352
2026 06 24 16:49:26.481087,374
,348
,354
,356
,371
,351
,351
,369
,364
,353
,349
,379
,347
,350
2026 06 24 16:49:26.546628,354
,377
,357
,349
,365
,359
,354
,353
,379
,352
,350
,352
,378
,352
2026 06 24 16:49:26.608040,358
,364
,368
,352
,352
,373
,355
,356
,345
,382
,349
,355
,361
,372
2026 06 24 16:49:26.669392,349
,348
,354
,355
,355
,347
,373
,353
,357
,346
,374
,350
,356
,367
2026 06 24 16:49:26.734549,365
,358
,357
,378
,356
,353
,354
,375
,348
,349
,355
,365
,347
,338
2026 06 24 16:49:26.796212,365
,359
,353
,352
,386
,354
,357
,354
,367
,346
,342
,368
,363
,354
2026 06 24 16:49:26.862141,355
,382
,355
,353
,356
,373
,345
,349
,364
,367
,361
,348
,378
,358
2026 06 24 16:49:26.923784,353
,348
,374
,343
,349
,354
,362
,352
,353
,377
,354
,354
,348
,373
2026 06 24 16:49:26.984584,351
,357
,359
,368
,349
,354
,370
,365
,360
,358
,380
,352
,355
,355
2026 06 24 16:49:27.049650,380
,349
,349
,358
,366
,349
,348
,370
,353
,348
,341
,373
,340
,346
2026 06 24 16:49:27.112136,360
,373
,352
,346
,368
,336
,354
,351
,369
,349
,352
,346
,362
,349
2026 06 24 16:49:27.177217,346
,358
,354
,349
,335
,373
,356
,354
,349
,369
,349
,355
,359
,356
2026 06 24 16:49:27.239016,342
,338
,371
,348
,347
,342
,367
,343
,339
,345
,354
,335
,335
,353
2026 06 24 16:49:27.300323,348
,350
,338
,363
,345
,341
,333
,361
,334
,329
,355
,353
,345
,341
2026 06 24 16:49:27.365655,360
,339
,345
,337
,357
,331
,342
,350
,357
,339
,333
,367
,348
,352
2026 06 24 16:49:27.427262,348
,369
,333
,345
,346
,358
,340
,340
,354
,347
,352
,344
,371
,351
2026 06 24 16:49:27.487750,346
,345
,363
,344
,349
,361
,352
,331
,339
,373
,346
,347
,345
,365
2026 06 24 16:49:27.553554,342
,346
,347
,361
,336
,342
,362
,343
,345
,343
,371
,342
,344
,353
2026 06 24 16:49:27.614995,366
,350
,350
,360
,349
,345
,349
,371
,343
,346
,347
,360
,334
,336
2026 06 24 16:49:27.680648,353
,355
,345
,338
,373
,352
,351
,351
,370
,345
,349
,354
,356
,337
2026 06 24 16:49:27.742611,347
,368
,350
,344
,331
,362
,339
,344
,346
,361
,339
,340
,358
,355
2026 06 24 16:49:27.803747,352
,348
,371
,356
,355
,345
,368
,345
,347
,357
,360
,346
,341
,368
2026 06 24 16:49:27.868845,341
,336
,344
,361
,325
,343
,343
,354
,344
,341
,358
,354
,345
,349
2026 06 24 16:49:27.930848,370
,338
,354
,351
,362
,344
,338
,355
,349
,341
,336
,357
,339
,344
2026 06 24 16:49:27.996351,339
,360
,342
,344
,353
,352
,340
,343
,364
,343
,335
,343
,364
,332
2026 06 24 16:49:28.057245,343
,351
,357
,340
,340
,351
,346
,342
,339
,365
,344
,344
,342
,363
2026 06 24 16:49:28.119061,341
,340
,346
,348
,341
,335
,363
,346
,349
,344
,370
,343
,336
,349
2026 06 24 16:49:28.184549,349
,342
,338
,361
,344
,340
,322
,366
,345
,344
,348
,356
,337
,338
2026 06 24 16:49:28.245861,359
,346
,350
,342
,367
,341
,346
,345
,359
,344
,343
,355
,354
,337
2026 06 24 16:49:28.311810,338
,364
,338
,353
,347
,362
,334
,334
,358
,365
,351
,343
,371
,352
2026 06 24 16:49:28.373329,349
,341
,364
,343
,355
,358
,367
,345
,343
,363
,358
,348
,347
,379
2026 06 24 16:49:28.433806,336
,340
,349
,375
,355
,356
,370
,364
,350
,347
,370
,349
,351
,343
2026 06 24 16:49:28.500256,378
,350
,342
,356
,364
,357
,354
,375
,354
,350
,347
,367
,346
,346
2026 06 24 16:49:28.561508,349
,360
,340
,338
,360
,345
,346
,347
,374
,344
,349
,345
,364
,331
2026 06 24 16:49:28.627160,344
,357
,349
,341
,342
,369
,349
,351
,343
,364
,342
,343
,350
,353
2026 06 24 16:49:28.688411,342
,341
,371
,341
,338
,346
,377
,343
,342
,341
,364
,344
,340
,361
2026 06 24 16:49:28.749620,353
,351
,339
,371
,337
,342
,341
,364
,342
,333
,352
,350
,349
,343
2026 06 24 16:49:28.815585,376
,348
,348
,341
,368
,343
,347
,355
,360
,347
,346
,363
,348
,343
2026 06 24 16:49:28.877109,343
,366
,343
,350
,354
,366
,343
,341
,366
,353
,351
,351
,373
,342
2026 06 24 16:49:28.941846,339
,341
,368
,348
,354
,361
,363
,346
,346
,365
,349
,353
,353
,378
2026 06 24 16:49:29.004185,353
,357
,361
,367
,355
,352
,378
,352
,352
,350
,374
,347
,350
,355
2026 06 24 16:49:29.065009,366
,345
,345
,363
,350
,349
,354
,378
,355
,354
,359
,381
,345
,346
2026 06 24 16:49:29.131316,365
,365
,352
,348
,375
,355
,352
,349
,372
,345
,344
,352
,358
,332
2026 06 24 16:49:29.192463,349
,367
,355
,350
,346
,375
,348
,350
,349
,367
,347
,348
,368
,354
2026 06 24 16:49:29.258183,351
,349
,372
,347
,349
,342
,370
,345
,349
,361
,358
,350
,348
,369
2026 06 24 16:49:29.319090,348
,350
,343
,376
,343
,347
,349
,364
,341
,343
,367
,348
,346
,341
2026 06 24 16:49:29.380557,376
,346
,346
,346
,355
,348
,344
,360
,364
,352
,344
,365
,345
,345
2026 06 24 16:49:29.446567,345
,364
,337
,342
,361
,358
,348
,343
,356
,349
,346
,348
,374
,346
2026 06 24 16:49:29.507511,353
,357
,368
,350
,346
,366
,355
,351
,347
,373
,350
,351
,345
,379
2026 06 24 16:49:29.572117,353
,348
,361
,359
,354
,352
,377
,351
,347
,345
,371
,346
,348
,357
2026 06 24 16:49:29.634552,356
,345
,339
,368
,346
,350
,349
,367
,346
,345
,353
,353
,348
,348
2026 06 24 16:49:29.696280,372
,357
,346
,340
,370
,339
,344
,348
,361
,339
,339
,362
,347
,349
2026 06 24 16:49:29.762119,349
,377
,353
,352
,346
,372
,344
,351
,363
,362
,349
,344
,365
,350
2026 06 24 16:49:29.824743,349
,347
,371
,336
,345
,347
,364
,345
,344
,355
,350
,341
,338
,367
2026 06 24 16:49:29.888884,340
,351
,343
,363
,342
,342
,357
,355
,346
,340
,367
,340
,342
,341
2026 06 24 16:49:29.950233,369
,340
,339
,350
,361
,348
,335
,365
,347
,351
,343
,373
,344
,352
2026 06 24 16:49:30.011230,354
,362
,346
,345
,365
,355
,348
,339
,371
,345
,344
,339
,354
,342
2026 06 24 16:49:30.077197,348
,351
,351
,345
,347
,373
,351
,352
,341
,370
,341
,347
,347
,348
2026 06 24 16:49:30.137926,337
,328
,358
,348
,347
,345
,370
,342
,341
,342
,358
,337
,337
,355
2026 06 24 16:49:30.204125,346
,345
,340
,368
,346
,350
,345
,360
,343
,345
,354
,354
,345
,341
2026 06 24 16:49:30.265558,367
,345
,339
,339
,363
,336
,347
,345
,362
,344
,339
,372
,350
,345
2026 06 24 16:49:30.327007,336
,370
,338
,339
,343
,368
,337
,343
,360
,346
,343
,346
,366
,340
2026 06 24 16:49:30.392442,339
,346
,366
,344
,347
,357
,360
,343
,342
,365
,336
,341
,334
,364
2026 06 24 16:49:30.454085,337
,341
,343
,353
,337
,328
,346
,345
,342
,337
,363
,335
,346
,350
2026 06 24 16:49:30.519363,364
,334
,332
,353
,348
,342
,338
,366
,345
,342
,336
,366
,333
,337
2026 06 24 16:49:30.581003,345
,346
,336
,336
,363
,341
,345
,337
,364
,324
,324
,347
,360
,338
2026 06 24 16:49:30.642523,343
,368
,362
,358
,355
,380
,351
,353
,350
,373
,350
,354
,373
,364
2026 06 24 16:49:30.707618,352
,351
,378
,350
,358
,349
,374
,346
,351
,356
,358
,348
,347
,370
2026 06 24 16:49:30.770255,349
,353
,351
,374
,346
,349
,351
,365
,343
,345
,370
,355
,351
,348
2026 06 24 16:49:30.834558,371
,348
,351
,352
,372
,340
,345
,365
,358
,350
,340
,361
,338
,343
2026 06 24 16:49:30.896402,337
,368
,344
,350
,357
,360
,344
,339
,371
,356
,357
,351
,375
,343
2026 06 24 16:49:30.957560,342
,344
,370
,339
,343
,361
,343
,346
,347
,373
,344
,347
,340
,364
2026 06 24 16:49:31.022143,344
,349
,361
,353
,344
,338
,362
,335
,339
,335
,366
,338
,342
,349
2026 06 24 16:49:31.084725,354
,337
,339
,366
,343
,344
,338
,363
,333
,342
,344
,359
,333
,338
2026 06 24 16:49:31.150253,360
,349
,336
,343
,376
,352
,363
,353
,370
,337
,345
,355
,359
,349
2026 06 24 16:49:31.211873,345
,376
,350
,357
,352
,377
,343
,348
,356
,367
,348
,351
,371
,343
2026 06 24 16:49:31.272881,345
,344
,367
,344
,345
,350
,373
,346
,347
,362
,346
,339
,338
,374
2026 06 24 16:49:31.338394,345
,354
,349
,368
,340
,343
,350
,349
,333
,342
,375
,348
,348
,343
2026 06 24 16:49:31.400219,361
,336
,344
,353
,356
,343
,347
,363
,343
,346
,341
,364
,335
,351
2026 06 24 16:49:31.465533,352
,366
,348
,350
,368
,355
,345
,341
,368
,340
,346
,343
,362
,336
2026 06 24 16:49:31.527166,339
,345
,349
,341
,337
,359
,339
,346
,341
,370
,343
,346
,354
,364
2026 06 24 16:49:31.588029,345
,338
,355
,341
,342
,339
,362
,336
,339
,346
,363
,340
,342
,358
2026 06 24 16:49:31.654069,356
,348
,344
,370
,344
,352
,343
,358
,331
,335
,345
,353
,333
,328
2026 06 24 16:49:31.715526,356
,339
,343
,335
,361
,328
,341
,339
,353
,337
,339
,361
,348
,347
2026 06 24 16:49:31.776288,337
,368
,340
,349
,346
,362
,332
,339
,363
,357
,349
,344
,370
,347
2026 06 24 16:49:31.842521,345
,344
,369
,343
,347
,357
,361
,341
,341
,364
,347
,347
,344
,371
2026 06 24 16:49:31.903609,347
,349
,356
,367
,346
,345
,364
,349
,346
,342
,367
,340
,350
,347
2026 06 24 16:49:31.969040,363
,336
,338
,358
,353
,344
,333
,366
,347
,349
,338
,368
,337
,343
2026 06 24 16:49:32.030815,348
,347
,338
,337
,358
,339
,341
,338
,361
,331
,341
,336
,352
,337
2026 06 24 16:49:32.092030,345
,356
,343
,344
,337
,363
,334
,341
,333
,359
,339
,339
,348
,342
2026 06 24 16:49:32.157890,332
,328
,355
,328
,337
,331
,361
,328
,330
,338
,344
,333
,335
,360
2026 06 24 16:49:32.219300,341
,341
,335
,368
,334
,346
,340
,364
,341
,341
,361
,351
,343
,339
2026 06 24 16:49:32.284491,365
,338
,342
,343
,366
,342
,346
,355
,353
,342
,343
,373
,351
,355
2026 06 24 16:49:32.345371,347
,363
,339
,347
,347
,358
,344
,344
,364
,348
,353
,351
,374
,343
2026 06 24 16:49:32.407024,350
,348
,367
,343
,347
,361
,351
,345
,339
,373
,348
,343
,347
,378
2026 06 24 16:49:32.472074,350
,355
,359
,355
,339
,339
,364
,348
,348
,343
,366
,338
,340
,343
2026 06 24 16:49:32.534212,348
,341
,338
,364
,352
,354
,344
,366
,344
,349
,344
,360
,338
,338
2026 06 24 16:49:32.599548,351
,347
,338
,334
,360
,334
,336
,330
,362
,337
,342
,348
,355
,348
2026 06 24 16:49:32.661785,346
,370
,348
,341
,331
,361
,332
,333
,333
,347
,328
,335
,352
,342
2026 06 24 16:49:32.722071,346
,338
,369
,336
,336
,344
,360
,332
,340
,350
,346
,344
,338
,366
2026 06 24 16:49:32.788625,337
,335
,333
,358
,334
,340
,348
,344
,341
,334
,367
,342
,343
,329
2026 06 24 16:49:32.850133,360
,333
,334
,330
,343
,327
,327
,346
,343
,340
,334
,365
,335
,339
2026 06 24 16:49:32.915641,335
,359
,331
,334
,357
,350
,343
,336
,360
,335
,339
,338
,362
,336
2026 06 24 16:49:32.976935,338
,344
,350
,350
,350
,376
,354
,352
,344
,374
,341
,341
,345
,353
2026 06 24 16:49:33.038384,337
,339
,356
,353
,348
,348
,375
,346
,351
,350
,377
,345
,359
,369
2026 06 24 16:49:33.104012,356
,350
,337
,360
,335
,344
,343
,358
,338
,338
,351
,353
,344
,346
2026 06 24 16:49:33.164574,367
,341
,343
,345
,371
,343
,343
,341
,357
,340
,343
,360
,339
,340
2026 06 24 16:49:33.230938,343
,374
,347
,351
,340
,366
,337
,336
,348
,342
,335
,328
,358
,328
2026 06 24 16:49:33.293071,328
,331
,360
,329
,329
,338
,341
,325
,322
,348
,335
,336
,327
,350
2026 06 24 16:49:33.353876,322
,331
,326
,344
,325
,331
,352
,339
,348
,339
,365
,334
,341
,336
2026 06 24 16:49:33.419663,359
,337
,336
,355
,349
,331
,330
,367
,335
,337
,333
,362
,337
,338
2026 06 24 16:49:33.480553,335
,352
,340
,331
,347
,342
,340
,340
,358
,332
,333
,340
,355
,336
2026 06 24 16:49:33.546340,334
,353
,343
,344
,343
,373
,345
,347
,338
,358
,339
,338
,349
,350
2026 06 24 16:49:33.606933,337
,342
,361
,340
,339
,333
,367
,341
,342
,348
,349
,337
,336
,371
2026 06 24 16:49:33.669062,347
,346
,348
,371
,338
,351
,351
,360
,342
,342
,355
,359
,349
,345
2026 06 24 16:49:33.734546,373
,341
,343
,344
,373
,349
,349
,362
,358
,343
,345
,365
,349
,355
2026 06 24 16:49:33.797104,344
,368
,342
,349
,359
,361
,348
,347
,365
,347
,343
,343
,369
,344
2026 06 24 16:49:33.862281,354
,344
,359
,346
,346
,370
,359
,349
,348
,379
,350
,348
,350
,367
2026 06 24 16:49:33.923113,348
,354
,360
,361
,350
,352
,378
,349
,353
,352
,377
,346
,355
,359
2026 06 24 16:49:33.984232,368
,346
,339
,368
,359
,356
,349
,374
,343
,344
,346
,364
,337
,343
2026 06 24 16:49:34.050259,362
,349
,356
,356
,387
,358
,370
,356
,368
,348
,354
,359
,362
,342
2026 06 24 16:49:34.112117,343
,364
,340
,352
,348
,373
,342
,350
,353
,363
,352
,350
,370
,351
2026 06 24 16:49:34.176647,352
,342
,369
,346
,348
,348
,356
,328
,338
,356
,353
,341
,339
,369
2026 06 24 16:49:34.238651,348
,351
,345
,367
,343
,346
,350
,356
,335
,337
,355
,339
,348
,332
2026 06 24 16:49:34.299286,362
,343
,347
,348
,356
,334
,339
,355
,342
,353
,345
,371
,338
,342
2026 06 24 16:49:34.365382,342
,363
,337
,332
,350
,352
,345
,343
,364
,337
,344
,349
,366
,335
2026 06 24 16:49:34.427021,345
,350
,352
,336
,346
,366
,346
,344
,341
,369
,350
,348
,342
,354
2026 06 24 16:49:34.493035,335
,332
,347
,330
,336
,338
,357
,328
,332
,324
,352
,328
,333
,352
2026 06 24 16:49:34.553779,352
,343
,331
,366
,338
,347
,335
,370
,340
,346
,356
,358
,350
,348
2026 06 24 16:49:34.615177,364
,361
,360
,356
,381
,347
,352
,360
,371
,349
,349
,362
,354
,351
2026 06 24 16:49:34.680925,347
,375
,345
,352
,349
,369
,347
,351
,359
,364
,348
,343
,370
,345
2026 06 24 16:49:34.742437,345
,338
,365
,331
,336
,345
,356
,332
,341
,357
,343
,347
,339
,370
2026 06 24 16:49:34.807806,341
,349
,351
,365
,341
,339
,352
,344
,348
,334
,363
,338
,342
,333
2026 06 24 16:49:34.869405,351
,333
,347
,357
,357
,349
,347
,372
,351
,344
,348
,368
,348
,347
2026 06 24 16:49:34.929991,352
,352
,339
,340
,353
,338
,346
,345
,373
,346
,352
,352
,364
,346
2026 06 24 16:49:34.994854,344
,367
,359
,350
,343
,366
,334
,340
,334
,361
,336
,343
,354
,357
2026 06 24 16:49:35.057850,350
,341
,377
,349
,358
,349
,378
,348
,350
,352
,361
,342
,339
,352
2026 06 24 16:49:35.122688,347
,351
,350
,373
,347
,344
,343
,356
,345
,349
,371
,361
,349
,342
2026 06 24 16:49:35.184557,365
,345
,345
,333
,361
,335
,352
,359
,361
,353
,345
,366
,348
,347
2026 06 24 16:49:35.246149,344
,376
,353
,354
,357
,370
,344
,330
,363
,351
,345
,344
,372
,353
2026 06 24 16:49:35.310918,353
,352
,361
,346
,343
,362
,361
,360
,355
,377
,355
,349
,346
,375
2026 06 24 16:49:35.372224,341
,354
,363
,366
,348
,344
,369
,349
,357
,352
,375
,345
,353
,364
2026 06 24 16:49:35.433768,369
,351
,347
,365
,350
,353
,348
,374
,347
,356
,356
,373
,358
,356
2026 06 24 16:49:35.500183,360
,362
,355
,346
,377
,347
,354
,350
,366
,346
,344
,357
,357
,345
2026 06 24 16:49:35.561633,346
,376
,356
,347
,345
,376
,350
,351
,354
,364
,344
,337
,359
,347
2026 06 24 16:49:35.627210,352
,341
,370
,346
,348
,347
,369
,342
,349
,366
,359
,357
,350
,366
2026 06 24 16:49:35.688685,344
,351
,344
,371
,347
,345
,351
,356
,344
,342
,365
,348
,353
,349
2026 06 24 16:49:35.749238,377
,348
,351
,356
,368
,346
,345
,363
,348
,337
,355
,374
,347
,357
2026 06 24 16:49:35.815086,350
,368
,351
,346
,362
,356
,345
,349
,373
,346
,346
,341
,364
,340
2026 06 24 16:49:35.877754,348
,361
,362
,348
,351
,368
,351
,355
,347
,370
,345
,348
,351
,355
2026 06 24 16:49:35.942616,345
,343
,359
,349
,346
,346
,371
,352
,349
,346
,360
,336
,335
,349
2026 06 24 16:49:36.003772,354
,349
,348
,371
,345
,347
,346
,367
,338
,342
,353
,352
,346
,347
2026 06 24 16:49:36.064997,362
,347
,351
,345
,370
,341
,342
,343
,356
,333
,336
,360
,349
,345
2026 06 24 16:49:36.130869,348
,374
,343
,354
,352
,367
,343
,348
,361
,352
,339
,342
,363
,345
2026 06 24 16:49:36.191624,345
,337
,369
,346
,348
,350
,364
,347
,341
,363
,351
,355
,348
,374
2026 06 24 16:49:36.257807,345
,352
,348
,356
,339
,330
,357
,348
,344
,342
,367
,345
,339
,348
2026 06 24 16:49:36.319386,366
,343
,334
,352
,362
,349
,348
,373
,340
,340
,338
,358
,334
,336
2026 06 24 16:49:36.379963,352
,351
,347
,345
,365
,346
,342
,341
,364
,338
,341
,341
,366
,343
2026 06 24 16:49:36.445943,338
,361
,349
,344
,340
,362
,347
,350
,345
,373
,343
,342
,355
,357
2026 06 24 16:49:36.507152,350
,344
,371
,348
,347
,345
,373
,341
,342
,351
,359
,344
,340
,377
2026 06 24 16:49:36.573144,355
,349
,346
,373
,355
,352
,345
,363
,346
,340
,362
,351
,346
,343
2026 06 24 16:49:36.635013,368
,348
,350
,348
,371
,341
,337
,341
,347
,341
,338
,361
,339
,335
2026 06 24 16:49:36.695951,335
,358
,336
,332
,346
,352
,342
,343
,359
,344
,342
,345
,369
,347
2026 06 24 16:49:36.760989,344
,349
,364
,344
,343
,354
,349
,340
,341
,371
,342
,346
,339
,356
2026 06 24 16:49:36.822648,335
,337
,348
,356
,339
,345
,366
,342
,349
,345
,371
,341
,345
,355
2026 06 24 16:49:36.888031,364
,345
,347
,366
,351
,340
,337
,363
,341
,346
,343
,354
,340
,346
2026 06 24 16:49:36.950093,352
,340
,344
,328
,366
,339
,337
,332
,358
,333
,339
,352
,355
,341
2026 06 24 16:49:37.011056,338
,360
,340
,344
,339
,362
,337
,341
,345
,351
,341
,343
,359
,342
2026 06 24 16:49:37.077183,354
,343
,371
,335
,339
,351
,364
,336
,349
,360
,355
,343
,343
,377
2026 06 24 16:49:37.140880,349
,357
,350
,370
,350
,348
,355
,356
,341
,345
,371
,351
,346
,344
2026 06 24 16:49:37.203888,361
,345
,349
,343
,351
,337
,341
,363
,350
,350
,345
,366
,344
,349
2026 06 24 16:49:37.265460,340
,357
,338
,338
,364
,352
,345
,336
,368
,337
,340
,341
,366
,332
2026 06 24 16:49:37.326347,342
,353
,355
,342
,340
,368
,346
,342
,338
,361
,333
,339
,350
,362
2026 06 24 16:49:37.392375,345
,340
,358
,344
,340
,339
,361
,326
,331
,331
,354
,334
,327
,346
2026 06 24 16:49:37.453743,354
,351
,343
,370
,342
,351
,340
,364
,335
,340
,348
,356
,338
,339
2026 06 24 16:49:37.518964,364
,353
,341
,332
,375
,352
,350
,353
,368
,352
,351
,370
,360
,357
2026 06 24 16:49:37.580884,351
,381
,357
,363
,357
,373
,349
,352
,362
,352
,348
,348
,376
,348
2026 06 24 16:49:37.641643,363
,350
,363
,351
,363
,367
,373
,361
,352
,377
,359
,353
,354
,375
2026 06 24 16:49:37.707286,354
,357
,359
,367
,362
,363
,378
,361
,363
,354
,381
,354
,357
,350
2026 06 24 16:49:37.768436,368
,345
,346
,370
,365
,347
,357
,383
,360
,353
,355
,367
,351
,344
2026 06 24 16:49:37.834562,356
,361
,350
,355
,371
,356
,343
,352
,388
,345
,352
,373
,382
,355
2026 06 24 16:49:37.896240,346
,367
,355
,355
,351
,375
,347
,343
,343
,367
,341
,348
,376
,369
2026 06 24 16:49:37.957621,357
,350
,376
,342
,353
,355
,373
,346
,347
,348
,370
,348
,347
,375
2026 06 24 16:49:38.022101,347
,356
,348
,373
,337
,350
,350
,370
,344
,345
,360
,344
,343
,338
2026 06 24 16:49:38.084181,371
,345
,338
,345
,369
,350
,345
,364
,367
,356
,350
,376
,349
,336
2026 06 24 16:49:38.150040,346
,374
,349
,341
,364
,360
,360
,350
,381
,359
,358
,355
,370
,345
2026 06 24 16:49:38.211641,346
,350
,364
,345
,352
,370
,358
,366
,350
,376
,351
,347
,338
,365
2026 06 24 16:49:38.272033,349
,349
,360
,356
,355
,348
,366
,339
,340
,331
,361
,339
,340
,334
2026 06 24 16:49:38.337975,348
,341
,332
,361
,337
,338
,324
,347
,331
,335
,344
,345
,339
,336
2026 06 24 16:49:38.400042,358
,355
,345
,341
,365
,338
,338
,335
,356
,343
,333
,357
,353
,347
2026 06 24 16:49:38.465443,332
,374
,335
,351
,342
,362
,334
,330
,335
,358
,335
,335
,362
,340
2026 06 24 16:49:38.526952,346
,345
,371
,336
,341
,343
,358
,350
,345
,366
,352
,348
,335
,368
2026 06 24 16:49:38.588091,337
,349
,338
,355
,329
,338
,352
,346
,343
,338
,362
,335
,334
,345
2026 06 24 16:49:38.653614,368
,340
,348
,350
,356
,339
,338
,365
,347
,343
,341
,365
,345
,347
2026 06 24 16:49:38.715082,347
,350
,338
,344
,361
,352
,346
,346
,370
,341
,350
,350
,368
,340
2026 06 24 16:49:38.780574,340
,360
,355
,343
,341
,364
,350
,343
,335
,364
,354
,352
,359
,358
2026 06 24 16:49:38.842319,342
,343
,365
,343
,343
,333
,357
,333
,334
,336
,348
,331
,325
,350
2026 06 24 16:49:38.903707,340
,331
,327
,358
,342
,345
,341
,365
,344
,333
,355
,354
,349
,343
2026 06 24 16:49:38.970109,369
,350
,356
,341
,367
,348
,354
,358
,361
,349
,352
,371
,353
,347
2026 06 24 16:49:39.031082,341
,370
,345
,345
,348
,364
,348
,350
,364
,359
,353
,353
,377
,348
2026 06 24 16:49:39.095834,351
,352
,370
,347
,350
,351
,354
,345
,341
,366
,339
,351
,345
,374
2026 06 24 16:49:39.157842,344
,351
,351
,356
,341
,341
,363
,353
,342
,346
,369
,346
,349
,345
2026 06 24 16:49:39.219253,357
,333
,343
,357
,351
,348
,345
,368
,342
,344
,347
,368
,339
,343
2026 06 24 16:49:39.284571,355
,353
,340
,337
,363
,343
,349
,343
,365
,341
,344
,349
,362
,341
2026 06 24 16:49:39.346392,343
,362
,351
,354
,343
,372
,346
,347
,349
,364
,334
,345
,355
,335
2026 06 24 16:49:39.407499,328
,331
,364
,341
,337
,339
,362
,327
,332
,362
,358
,361
,363
,385
2026 06 24 16:49:39.473158,357
,355
,352
,375
,350
,356
,356
,366
,352
,341
,363
,350
,355
,355
2026 06 24 16:49:39.534098,382
,348
,356
,357
,369
,352
,348
,367
,358
,349
,335
,364
,345
,362
2026 06 24 16:49:39.600261,361
,370
,340
,348
,363
,362
,355
,353
,376
,352
,360
,355
,365
,351
2026 06 24 16:49:39.661814,356
,340
,344
,340
,353
,376
,369
,381
,378
,385
,361
,354
,365
,384
2026 06 24 16:49:39.722414,339
,346
,365
,359
,348
,343
,368
,344
,347
,351
,372
,355
,355
,362
2026 06 24 16:49:39.788539,359
,354
,355
,382
,355
,353
,364
,379
,344
,355
,361
,368
,354
,350
2026 06 24 16:49:39.849075,365
,357
,361
,343
,380
,355
,359
,365
,369
,352
,353
,368
,359
,346
2026 06 24 16:49:39.915314,348
,384
,350
,352
,350
,373
,353
,350
,351
,359
,342
,349
,366
,355
2026 06 24 16:49:39.976842,358
,355
,377
,345
,344
,355
,362
,343
,342
,370
,352
,355
,346
,369
2026 06 24 16:49:40.037468,338
,349
,351
,360
,341
,343
,366
,360
,359
,353
,361
,336
,360
,355
2026 06 24 16:49:40.103846,371
,345
,345
,357
,363
,341
,346
,369
,347
,353
,345
,370
,342
,350
2026 06 24 16:49:40.164788,356
,361
,348
,346
,371
,359
,351
,346
,372
,339
,348
,350
,365
,335
2026 06 24 16:49:40.230801,345
,356
,357
,354
,349
,370
,349
,351
,348
,368
,350
,353
,359
,367
2026 06 24 16:49:40.292306,357
,347
,367
,350
,350
,346
,368
,332
,345
,348
,360
,355
,348
,367
2026 06 24 16:49:40.353905,355
,346
,346
,365
,344
,343
,341
,361
,341
,334
,344
,329
,336
,334
2026 06 24 16:49:40.419144,350
,334
,333
,327
,344
,321
,326
,351
,352
,337
,334
,359
,340
,344
2026 06 24 16:49:40.480684,336
,359
,336
,340
,340
,348
,347
,346
,360
,341
,347
,340
,369
,340
2026 06 24 16:49:40.546089,343
,341
,357
,338
,338
,363
,350
,351
,343
,366
,346
,346
,339
,345
2026 06 24 16:49:40.608142,340
,330
,344
,356
,337
,337
,369
,350
,351
,347
,373
,347
,351
,351
2026 06 24 16:49:40.668269,364
,352
,350
,371
,351
,353
,347
,373
,349
,346
,348
,358
,337
,342
2026 06 24 16:49:40.734998,346
,348
,345
,341
,359
,331
,342
,342
,366
,333
,341
,360
,361
,349
2026 06 24 16:49:40.795730,340
,359
,343
,348
,342
,371
,342
,341
,346
,354
,340
,343
,359
,347
2026 06 24 16:49:40.862181,347
,342
,367
,343
,347
,349
,363
,339
,341
,353
,354
,340
,329
,360
2026 06 24 16:49:40.923090,332
,333
,325
,357
,335
,335
,337
,341
,337
,325
,354
,343
,346
,345
2026 06 24 16:49:40.984250,369
,344
,349
,356
,362
,334
,335
,355
,341
,345
,342
,373
,346
,351
2026 06 24 16:49:41.049949,352
,372
,349
,356
,365
,364
,356
,354
,373
,358
,357
,351
,371
,346
2026 06 24 16:49:41.111070,346
,355
,354
,344
,346
,367
,353
,350
,342
,359
,337
,347
,352
,365
2026 06 24 16:49:41.176935,352
,351
,366
,356
,358
,342
,371
,350
,356
,353
,366
,340
,338
,353
2026 06 24 16:49:41.238252,351
,343
,341
,370
,344
,345
,343
,366
,343
,345
,353
,353
,336
,339
2026 06 24 16:49:41.299907,359
,339
,343
,340
,365
,339
,344
,344
,351
,339
,340
,358
,344
,347
2026 06 24 16:49:41.365335,341
,374
,343
,349
,345
,359
,337
,336
,356
,347
,343
,337
,361
,337
2026 06 24 16:49:41.426203,347
,346
,363
,334
,341
,350
,361
,348
,342
,357
,340
,349
,339
,357
2026 06 24 16:49:41.492233,336
,344
,355
,363
,340
,342
,362
,347
,347
,348
,377
,345
,345
,348
2026 06 24 16:49:41.553858,365
,344
,345
,357
,346
,339
,340
,365
,342
,348
,348
,360
,335
,345
2026 06 24 16:49:41.615370,359
,362
,344
,346
,367
,347
,341
,333
,364
,345
,346
,350
,357
,341
2026 06 24 16:49:41.680201,339
,364
,352
,346
,334
,368
,346
,351
,347
,370
,341
,347
,364
,354
2026 06 24 16:49:41.742072,344
,339
,362
,342
,343
,339
,368
,353
,353
,367
,361
,340
,343
,367
2026 06 24 16:49:41.807823,348
,348
,350
,371
,341
,346
,345
,357
,337
,334
,364
,352
,350
,348
2026 06 24 16:49:41.869568,373
,347
,346
,356
,374
,345
,339
,356
,350
,343
,342
,365
,347
,352
2026 06 24 16:49:41.930305,351
,369
,338
,343
,352
,352
,345
,348
,369
,351
,357
,347
,368
,338
2026 06 24 16:49:41.995650,339
,337
,351
,336
,336
,352
,338
,326
,331
,356
,331
,333
,332
,356
2026 06 24 16:49:42.056937,330
,333
,352
,344
,348
,344
,369
,343
,343
,344
,363
,335
,338
,351
2026 06 24 16:49:42.123178,361
,351
,348
,370
,358
,360
,354
,385
,354
,358
,354
,371
,352
,347
2026 06 24 16:49:42.184582,367
,353
,355
,347
,377
,346
,348
,344
,364
,343
,345
,362
,355
,348
2026 06 24 16:49:42.245994,340
,373
,352
,349
,348
,373
,342
,348
,359
,362
,343
,344
,371
,348
2026 06 24 16:49:42.311442,347
,349
,374
,343
,337
,341
,360
,348
,340
,357
,345
,345
,347
,377
2026 06 24 16:49:42.372984,347
,350
,350
,365
,343
,352
,358
,352
,336
,338
,374
,348
,349
,349
2026 06 24 16:49:42.437685,369
,337
,341
,353
,352
,339
,342
,363
,343
,340
,341
,375
,346
,346
2026 06 24 16:49:42.499144,350
,362
,343
,343
,357
,342
,344
,338
,362
,331
,333
,333
,357
,339
2026 06 24 16:49:42.560813,333
,352
,346
,346
,347
,369
,345
,348
,344
,366
,339
,343
,344
,355
2026 06 24 16:49:42.626846,341
,337
,358
,336
,333
,331
,360
,330
,329
,343
,349
,343
,346
,363
2026 06 24 16:49:42.687910,344
,338
,332
,359
,329
,335
,337
,352
,331
,329
,349
,349
,340
,331
2026 06 24 16:49:42.753861,358
,334
,338
,328
,355
,328
,338
,350
,356
,337
,332
,353
,330
,334
2026 06 24 16:49:42.815299,334
,358
,333
,335
,338
,350
,326
,327
,351
,339
,335
,323
,362
,334
2026 06 24 16:49:42.876423,342
,342
,356
,331
,330
,344
,336
,330
,328
,353
,329
,329
,324
,357
2026 06 24 16:49:42.941986,331
,338
,345
,354
,343
,338
,363
,346
,346
,339
,366
,337
,338
,339
2026 06 24 16:49:43.003680,347
,329
,328
,351
,337
,335
,333
,358
,322
,334
,339
,358
,335
,343
2026 06 24 16:49:43.068471,345
,350
,337
,325
,373
,297
,254
,338
,352
,343
,367
,377
,365
,345
2026 06 24 16:49:43.130774,343
,366
,346
,342
,334
,356
,334
,337
,342
,356
,337
,333
,359
,349
2026 06 24 16:49:43.191771,341
,335
,360
,334
,339
,339
,362
,337
,336
,350
,345
,340
,337
,366
2026 06 24 16:49:43.257011,341
,349
,340
,367
,340
,343
,352
,351
,332
,335
,352
,332
,338
,329
2026 06 24 16:49:43.318407,358
,334
,342
,336
,345
,330
,334
,348
,322
,324
,346
,387
,348
,341
2026 06 24 16:49:43.380603,343
,374
,347
,342
,353
,347
,347
,342
,360
,334
,346
,342
,367
,337
2026 06 24 16:49:43.446037,343
,353
,356
,347
,335
,292
,308
,371
,351
,384
,361
,360
,356
,365
2026 06 24 16:49:43.506975,342
,348
,363
,352
,345
,337
,369
,348
,346
,339
,359
,331
,339
,343
2026 06 24 16:49:43.572255,338
,346
,358
,390
,360
,351
,344
,371
,344
,346
,351
,353
,340
,342
2026 06 24 16:49:43.633888,361
,347
,348
,335
,375
,345
,350
,342
,366
,345
,349
,366
,358
,347
2026 06 24 16:49:43.695913,343
,369
,343
,348
,350
,366
,341
,342
,357
,351
,344
,341
,366
,350
2026 06 24 16:49:43.761476,353
,345
,377
,353
,356
,356
,368
,345
,355
,377
,353
,358
,355
,367
2026 06 24 16:49:43.822676,348
,351
,357
,369
,342
,347
,361
,347
,341
,344
,373
,342
,356
,349
2026 06 24 16:49:43.888243,374
,346
,345
,363
,357
,340
,349
,373
,350
,342
,345
,373
,346
,351
2026 06 24 16:49:43.949481,364
,368
,357
,351
,375
,357
,350
,335
,366
,347
,356
,358
,350
,331
2026 06 24 16:49:44.010862,339
,368
,346
,334
,335
,375
,348
,351
,351
,374
,346
,347
,360
,358
2026 06 24 16:49:44.076762,348
,340
,362
,345
,350
,341
,356
,338
,349
,355
,360
,343
,343
,363
2026 06 24 16:49:44.138055,346
,345
,341
,374
,346
,351
,350
,365
,347
,348
,361
,345
,351
,352
2026 06 24 16:49:44.203606,369
,345
,352
,347
,367
,350
,340
,356
,361
,351
,352
,376
,351
,345
2026 06 24 16:49:44.265208,351
,374
,327
,346
,351
,369
,356
,351
,373
,345
,356
,352
,372
,333
2026 06 24 16:49:44.326256,343
,348
,366
,356
,356
,376
,361
,350
,352
,375
,351
,352
,346
,361
2026 06 24 16:49:44.392223,339
,351
,365
,362
,347
,343
,372
,354
,355
,345
,365
,336
,342
,345
2026 06 24 16:49:44.452438,358
,346
,348
,371
,356
,350
,346
,358
,347
,333
,333
,342
,343
,338
2026 06 24 16:49:44.518675,344
,338
,327
,336
,359
,339
,339
,322
,342
,332
,329
,352
,347
,343
2026 06 24 16:49:44.579870,330
,362
,347
,354
,348
,360
,342
,352
,359
,354
,328
,346
,370
,348
2026 06 24 16:49:44.641444,356
,342
,361
,342
,348
,352
,357
,339
,348
,362
,360
,340
,342
,366
2026 06 24 16:49:44.707474,336
,336
,349
,365
,342
,334
,347
,352
,338
,311
,376
,358
,356
,336
2026 06 24 16:49:44.768730,369
,337
,346
,362
,372
,341
,343
,363
,354
,329
,345
,368
,343
,344
2026 06 24 16:49:44.834472,340
,351
,326
,328
,354
,344
,342
,340
,363
,345
,337
,335
,351
,329
2026 06 24 16:49:44.896050,333
,344
,351
,344
,337
,360
,345
,341
,348
,364
,322
,325
,349
,351
2026 06 24 16:49:44.956664,330
,339
,353
,334
,331
,326
,365
,329
,315
,341
,380
,347
,343
,356
2026 06 24 16:49:45.022142,352
,332
,333
,367
,344
,336
,333
,362
,336
,340
,349
,354
,343
,338
2026 06 24 16:49:45.084346,366
,344
,347
,336
,357
,335
,334
,349
,357
,344
,333
,349
,338
,339
2026 06 24 16:49:45.149914,340
,366
,338
,336
,332
,361
,346
,341
,354
,353
,344
,333
,363
,345
2026 06 24 16:49:45.211982,343
,354
,379
,347
,345
,349
,358
,348
,334
,365
,347
,345
,345
,370
2026 06 24 16:49:45.272199,342
,345
,352
,359
,340
,346
,367
,358
,355
,342
,366
,347
,348
,353
2026 06 24 16:49:45.338340,363
,341
,345
,360
,357
,348
,349
,373
,335
,340
,338
,364
,335
,334
2026 06 24 16:49:45.399620,343
,349
,339
,326
,362
,337
,339
,331
,368
,334
,349
,359
,363
,347
2026 06 24 16:49:45.465026,346
,372
,351
,347
,338
,362
,338
,349
,335
,360
,339
,343
,353
,344
2026 06 24 16:49:45.526617,337
,338
,362
,341
,351
,349
,370
,336
,335
,352
,364
,356
,344
,371
2026 06 24 16:49:45.587605,369
,354
,346
,370
,346
,346
,354
,359
,328
,337
,364
,356
,357
,349
2026 06 24 16:49:45.653871,374
,352
,347
,351
,368
,345
,346
,369
,353
,348
,349
,371
,340
,344
2026 06 24 16:49:45.715077,348
,375
,334
,346
,345
,354
,341
,333
,361
,338
,334
,335
,352
,318
2026 06 24 16:49:45.781128,325
,357
,374
,347
,349
,368
,348
,349
,351
,375
,346
,330
,333
,349
2026 06 24 16:49:45.842136,331
,337
,349
,350
,339
,344
,374
,341
,352
,340
,363
,344
,344
,346
2026 06 24 16:49:45.902712,357
,346
,348
,370
,347
,338
,339
,366
,344
,344
,352
,359
,346
,353
2026 06 24 16:49:45.969051,367
,356
,348
,339
,375
,351
,340
,344
,369
,353
,349
,364
,354
,342
2026 06 24 16:49:46.030666,347
,373
,348
,356
,352
,367
,337
,343
,348
,338
,327
,369
,391
,369
2026 06 24 16:49:46.095957,357
,354
,374
,332
,357
,370
,364
,348
,349
,368
,357
,356
,352
,376
2026 06 24 16:49:46.157521,351
,358
,355
,374
,353
,349
,373
,369
,352
,346
,379
,352
,348
,345
2026 06 24 16:49:46.218457,368
,342
,352
,363
,367
,357
,356
,376
,363
,357
,350
,374
,348
,362
2026 06 24 16:49:46.284453,365
,378
,359
,358
,375
,358
,352
,337
,383
,353
,339
,347
,363
,348
2026 06 24 16:49:46.345802,359
,375
,363
,351
,354
,380
,360
,350
,344
,376
,340
,346
,357
,360
2026 06 24 16:49:46.410990,355
,344
,370
,355
,350
,353
,371
,347
,355
,357
,366
,343
,347
,369
2026 06 24 16:49:46.472374,356
,359
,349
,365
,338
,349
,350
,358
,342
,348
,366
,359
,346
,342
2026 06 24 16:49:46.534337,370
,361
,358
,347
,368
,349
,351
,354
,366
,352
,346
,373
,356
,353
2026 06 24 16:49:46.599557,342
,373
,346
,355
,360
,362
,324
,341
,365
,355
,346
,334
,361
,339
2026 06 24 16:49:46.660525,348
,343
,360
,344
,345
,371
,351
,349
,351
,373
,348
,351
,342
,364
2026 06 24 16:49:46.726972,338
,346
,357
,360
,348
,341
,364
,341
,345
,347
,373
,340
,347
,350
2026 06 24 16:49:46.788182,373
,344
,335
,367
,350
,350
,343
,363
,338
,330
,350
,365
,341
,342
2026 06 24 16:49:46.849709,354
,357
,349
,345
,375
,347
,357
,351
,374
,340
,344
,350
,349
,346
2026 06 24 16:49:46.915126,346
,362
,344
,342
,334
,358
,341
,338
,343
,359
,349
,348
,361
,345
2026 06 24 16:49:46.976762,344
,349
,372
,345
,346
,349
,366
,338
,333
,344
,352
,349
,345
,368
2026 06 24 16:49:47.042113,341
,346
,348
,362
,346
,352
,362
,364
,345
,337
,364
,345
,343
,346
2026 06 24 16:49:47.103567,370
,349
,340
,343
,356
,345
,345
,359
,347
,354
,347
,370
,344
,353
2026 06 24 16:49:47.164824,354
,368
,337
,352
,349
,345
,339
,341
,374
,352
,353
,351
,375
,344
2026 06 24 16:49:47.231125,347
,356
,361
,345
,341
,365
,348
,348
,341
,377
,353
,358
,363
,362
2026 06 24 16:49:47.292210,349
,345
,367
,350
,340
,340
,365
,342
,336
,340
,358
,342
,339
,353
2026 06 24 16:49:47.357473,333
,323
,349
,370
,342
,350
,363
,386
,349
,345
,346
,353
,338
,340
2026 06 24 16:49:47.419054,358
,340
,338
,330
,362
,341
,349
,353
,363
,339
,345
,372
,357
,345
2026 06 24 16:49:47.481245,336
,361
,323
,340
,343
,364
,338
,329
,347
,345
,341
,340
,366
,340
2026 06 24 16:49:47.545925,346
,346
,365
,338
,345
,352
,357
,339
,333
,361
,337
,347
,350
,365
2026 06 24 16:49:47.606909,343
,340
,344
,358
,336
,335
,360
,345
,350
,341
,362
,347
,344
,340
2026 06 24 16:49:47.668791,359
,342
,339
,357
,356
,341
,336
,363
,345
,340
,340
,367
,331
,351
2026 06 24 16:49:47.734387,354
,350
,338
,338
,367
,349
,352
,347
,375
,346
,345
,354
,360
,343
2026 06 24 16:49:47.795860,339
,365
,359
,346
,341
,374
,343
,339
,342
,361
,341
,352
,360
,357
2026 06 24 16:49:47.861377,355
,342
,371
,344
,348
,354
,367
,341
,338
,337
,361
,341
,340
,367
2026 06 24 16:49:47.922816,346
,347
,343
,367
,337
,339
,344
,368
,348
,342
,372
,350
,352
,348
2026 06 24 16:49:47.984123,375
,342
,344
,350
,362
,343
,344
,359
,358
,337
,337
,365
,334
,352
2026 06 24 16:49:48.050780,345
,369
,336
,349
,359
,359
,349
,346
,370
,353
,344
,344
,370
,343
2026 06 24 16:49:48.111309,351
,354
,353
,348
,342
,361
,350
,349
,339
,372
,341
,347
,347
,363
2026 06 24 16:49:48.176739,332
,340
,355
,352
,341
,336
,366
,346
,346
,349
,377
,346
,352
,358
2026 06 24 16:49:48.237388,365
,348
,345
,371
,351
,354
,349
,374
,338
,338
,352
,363
,342
,344
2026 06 24 16:49:48.299621,366
,359
,351
,344
,376
,357
,354
,352
,367
,338
,345
,363
,362
,353
2026 06 24 16:49:48.365083,351
,373
,346
,347
,343
,366
,339
,350
,358
,363
,345
,342
,361
,346
2026 06 24 16:49:48.426047,344
,344
,372
,350
,353
,355
,367
,343
,342
,369
,355
,348
,343
,368
2026 06 24 16:49:48.492056,340
,341
,339
,365
,341
,338
,349
,345
,349
,345
,371
,348
,352
,351
2026 06 24 16:49:48.552474,383
,349
,350
,354
,353
,346
,342
,372
,356
,349
,342
,367
,346
,353
2026 06 24 16:49:48.614615,350
,356
,332
,334
,361
,357
,349
,346
,377
,347
,349
,350
,361
,342
2026 06 24 16:49:48.680532,342
,357
,348
,343
,350
,373
,347
,344
,349
,370
,352
,348
,357
,359
2026 06 24 16:49:48.742127,347
,349
,369
,356
,358
,349
,382
,348
,348
,350
,360
,336
,346
,362
2026 06 24 16:49:48.807412,348
,339
,342
,366
,342
,335
,339
,362
,339
,347
,368
,360
,355
,347
2026 06 24 16:49:48.869037,370
,343
,346
,345
,364
,337
,344
,359
,360
,347
,335
,357
,341
,341
2026 06 24 16:49:48.929828,345
,370
,338
,345
,347
,358
,339
,343
,361
,347
,354
,342
,374
,339
2026 06 24 16:49:48.995519,337
,336
,369
,350
,351
,357
,346
,350
,338
,365
,339
,339
,340
,372
2026 06 24 16:49:49.056838,338
,352
,349
,353
,338
,343
,362
,343
,344
,338
,371
,339
,340
,343
2026 06 24 16:49:49.122763,357
,334
,338
,357
,359
,354
,356
,375
,345
,355
,345
,362
,347
,342
2026 06 24 16:49:49.184401,355
,353
,342
,342
,372
,350
,350
,343
,361
,346
,336
,353
,355
,346
2026 06 24 16:49:49.245535,347
,369
,355
,350
,349
,368
,336
,351
,355
,359
,341
,341
,354
,350
2026 06 24 16:49:49.311294,353
,345
,366
,347
,346
,347
,366
,338
,343
,351
,347
,342
,346
,367
2026 06 24 16:49:49.372350,341
,345
,343
,369
,336
,337
,343
,355
,350
,344
,364
,346
,347
,343
2026 06 24 16:49:49.437754,368
,337
,342
,345
,361
,340
,338
,362
,346
,344
,338
,362
,342
,348
2026 06 24 16:49:49.499865,349
,371
,334
,341
,358
,354
,345
,342
,363
,340
,346
,347
,369
,344
2026 06 24 16:49:49.561006,346
,354
,369
,350
,347
,367
,349
,344
,348
,368
,346
,342
,347
,364
2026 06 24 16:49:49.626710,344
,338
,359
,353
,349
,347
,374
,341
,356
,357
,364
,345
,348
,351
2026 06 24 16:49:49.687981,358
,350
,345
,373
,349
,349
,338
,357
,341
,347
,348
,352
,345
,343
2026 06 24 16:49:49.752257,357
,341
,338
,337
,365
,347
,345
,341
,358
,329
,336
,359
,347
,337
2026 06 24 16:49:49.815097,338
,365
,335
,333
,346
,362
,337
,338
,360
,356
,339
,345
,377
,351
2026 06 24 16:49:49.876175,359
,354
,378
,342
,352
,361
,363
,346
,346
,365
,351
,354
,353
,370
2026 06 24 16:49:49.942071,346
,362
,359
,369
,348
,341
,362
,350
,347
,340
,356
,349
,345
,343
2026 06 24 16:49:50.003589,365
,342
,345
,355
,350
,339
,337
,371
,340
,349
,346
,372
,341
,349
2026 06 24 16:49:50.068991,360
,363
,347
,349
,367
,348
,346
,345
,374
,344
,346
,348
,362
,333
2026 06 24 16:49:50.130536,337
,357
,345
,340
,338
,378
,347
,354
,348
,366
,342
,348
,357
,353
2026 06 24 16:49:50.191436,346
,350
,361
,346
,347
,339
,364
,333
,337
,348
,361
,342
,345
,370
2026 06 24 16:49:50.257404,350
,354
,342
,371
,338
,350
,350
,370
,339
,334
,361
,352
,349
,343
2026 06 24 16:49:50.318974,366
,342
,344
,346
,367
,347
,343
,362
,360
,348
,334
,375
,352
,349
2026 06 24 16:49:50.384411,340
,366
,337
,349
,343
,354
,346
,338
,362
,340
,341
,337
,362
,340
2026 06 24 16:49:50.445883,343
,346
,360
,347
,347
,367
,354
,353
,343
,369
,341
,340
,341
,353
2026 06 24 16:49:50.507017,324
,334
,349
,350
,343
,333
,366
,337
,355
,349
,377
,342
,340
,359
2026 06 24 16:49:50.571951,363
,343
,347
,367
,344
,348
,339
,373
,338
,342
,336
,361
,339
,339
2026 06 24 16:49:50.633842,361
,357
,348
,345
,374
,351
,354
,353
,364
,342
,351
,363
,356
,344
2026 06 24 16:49:50.699102,345
,368
,341
,344
,344
,362
,344
,349
,350
,353
,343
,357
,378
,346
2026 06 24 16:49:50.760725,358
,354
,376
,349
,348
,338
,362
,343
,339
,360
,351
,347
,337
,355
2026 06 24 16:49:50.823714,342
,348
,347
,365
,338
,344
,359
,353
,347
,352
,373
,351
,346
,346
2026 06 24 16:49:50.888731,364
,339
,346
,352
,355
,350
,348
,367
,348
,350
,345
,368
,351
,349
2026 06 24 16:49:50.949858,349
,361
,355
,352
,362
,356
,355
,345
,365
,335
,340
,337
,363
,337
2026 06 24 16:49:51.014550,336
,355
,355
,343
,333
,365
,353
,349
,332
,352
,339
,351
,353
,351
2026 06 24 16:49:51.076072,343
,334
,356
,340
,338
,332
,354
,337
,344
,346
,359
,334
,334
,354
2026 06 24 16:49:51.138157,341
,337
,330
,361
,340
,343
,342
,362
,335
,334
,357
,351
,339
,335
2026 06 24 16:49:51.203036,356
,337
,335
,336
,360
,338
,345
,343
,355
,336
,331
,361
,343
,343
2026 06 24 16:49:51.265100,338
,362
,340
,341
,345
,368
,343
,341
,364
,350
,339
,338
,365
,331
2026 06 24 16:49:51.330514,339
,341
,367
,336
,331
,360
,362
,350
,347
,376
,348
,349
,333
,365
2026 06 24 16:49:51.392036,348
,344
,359
,368
,347
,349
,367
,349
,348
,341
,375
,346
,346
,363
2026 06 24 16:49:51.455487,368
,347
,351
,366
,351
,352
,351
,374
,348
,347
,351
,369
,348
,354
2026 06 24 16:49:51.518244,361
,351
,340
,346
,379
,355
,352
,353
,377
,358
,361
,365
,372
,354
2026 06 24 16:49:51.580574,353
,375
,358
,356
,355
,377
,347
,351
,363
,374
,346
,342
,362
,359
2026 06 24 16:49:51.645782,356
,354
,381
,358
,363
,357
,373
,348
,343
,366
,366
,347
,342
,364
2026 06 24 16:49:51.709128,351
,356
,351
,373
,346
,346
,359
,362
,346
,341
,382
,365
,358
,355
2026 06 24 16:49:51.767972,379
,353
,345
,355
,365
,333
,350
,365
,355
,348
,347
,372
,343
,353
2026 06 24 16:49:51.834031,347
,361
,347
,349
,364
,366
,353
,352
,376
,357
,354
,346
,372
,344
2026 06 24 16:49:51.895791,346
,360
,368
,349
,341
,365
,342
,343
,347
,378
,352
,355
,357
,369
2026 06 24 16:49:51.956778,349
,346
,371
,362
,356
,348
,374
,342
,347
,345
,362
,341
,344
,352
2026 06 24 16:49:52.022003,356
,344
,346
,368
,345
,348
,348
,377
,347
,345
,366
,373
,349
,342
2026 06 24 16:49:52.084117,365
,344
,345
,339
,362
,333
,340
,339
,361
,334
,332
,346
,351
,349
2026 06 24 16:49:52.150143,343
,367
,341
,353
,351
,369
,341
,341
,347
,349
,339
,344
,366
,343
2026 06 24 16:49:52.211835,346
,338
,365
,338
,336
,355
,361
,350
,352
,373
,348
,353
,341
,373
2026 06 24 16:49:52.272417,340
,348
,350
,359
,348
,352
,361
,353
,352
,343
,372
,347
,340
,343
2026 06 24 16:49:52.337325,364
,343
,344
,362
,356
,335
,329
,372
,360
,360
,350
,367
,346
,352
2026 06 24 16:49:52.399545,349
,362
,346
,345
,363
,342
,340
,346
,371
,345
,351
,354
,360
,348
2026 06 24 16:49:52.464573,345
,358
,357
,360
,346
,367
,339
,337
,341
,362
,342
,346
,352
,347
2026 06 24 16:49:52.526923,335
,350
,373
,345
,348
,342
,377
,351
,352
,348
,352
,341
,335
,361
2026 06 24 16:49:52.587469,343
,331
,336
,367
,333
,347
,343
,359
,337
,335
,364
,351
,334
,347
2026 06 24 16:49:52.654912,375
,343
,344
,340
,359
,335
,345
,347
,344
,335
,333
,357
,346
,349
2026 06 24 16:49:52.714841,335
,353
,343
,348
,351
,355
,333
,338
,374
,358
,348
,337
,357
,348
2026 06 24 16:49:52.779859,359
,354
,360
,334
,345
,361
,350
,348
,346
,373
,338
,349
,349
,366
2026 06 24 16:49:52.842041,343
,352
,364
,349
,352
,351
,370
,352
,350
,343
,367
,336
,337
,350
2026 06 24 16:49:52.902447,358
,340
,334
,359
,342
,332
,328
,369
,346
,355
,358
,365
,356
,354
2026 06 24 16:49:52.969016,376
,362
,355
,350
,366
,338
,341
,340
,362
,341
,345
,354
,352
,336
2026 06 24 16:49:53.029789,337
,373
,342
,343
,334
,358
,336
,343
,357
,356
,348
,345
,363
,344
2026 06 24 16:49:53.095217,346
,340
,369
,338
,345
,343
,357
,337
,335
,360
,348
,339
,333
,363
2026 06 24 16:49:53.157371,334
,340
,337
,344
,312
,323
,344
,339
,336
,334
,362
,339
,338
,347
2026 06 24 16:49:53.218661,368
,340
,342
,356
,357
,343
,349
,373
,343
,340
,341
,372
,337
,347
2026 06 24 16:49:53.284253,347
,361
,342
,342
,353
,349
,345
,343
,373
,345
,353
,352
,361
,343
2026 06 24 16:49:53.345566,347
,355
,361
,349
,349
,376
,349
,344
,340
,369
,350
,356
,354
,353
2026 06 24 16:49:53.411251,338
,349
,365
,341
,346
,340
,363
,330
,336
,348
,363
,341
,331
,343
2026 06 24 16:49:53.471970,356
,341
,344
,378
,336
,350
,345
,361
,328
,337
,342
,341
,334
,335
2026 06 24 16:49:53.534198,357
,328
,342
,333
,356
,341
,341
,348
,361
,345
,347
,373
,348
,352
2026 06 24 16:49:53.599321,343
,363
,339
,345
,352
,354
,321
,345
,370
,346
,340
,347
,373
,342
2026 06 24 16:49:53.660283,347
,346
,365
,331
,339
,360
,347
,350
,342
,362
,346
,349
,352
,371
2026 06 24 16:49:53.726574,340
,345
,354
,358
,343
,350
,372
,356
,355
,339
,373
,340
,350
,348
2026 06 24 16:49:53.787736,369
,353
,355
,367
,356
,345
,340
,365
,336
,344
,342
,358
,342
,339
2026 06 24 16:49:53.849306,367
,359
,349
,346
,375
,345
,341
,354
,379
,347
,361
,348
,357
,346
2026 06 24 16:49:53.914579,349
,352
,343
,353
,349
,370
,342
,349
,353
,367
,346
,347
,362
,348
2026 06 24 16:49:53.976546,348
,355
,367
,343
,345
,341
,361
,338
,343
,344
,353
,342
,347
,369
2026 06 24 16:49:54.041932,341
,348
,349
,378
,333
,349
,354
,357
,350
,339
,366
,343
,342
,344
2026 06 24 16:49:54.103139,372
,356
,357
,353
,373
,346
,343
,370
,353
,355
,353
,378
,350
,350
2026 06 24 16:49:54.164810,341
,365
,338
,339
,362
,354
,351
,335
,372
,334
,359
,357
,374
,336
2026 06 24 16:49:54.230444,355
,352
,361
,349
,347
,375
,347
,356
,341
,378
,346
,358
,349
,365
2026 06 24 16:49:54.291959,337
,344
,367
,356
,343
,346
,380
,347
,356
,351
,367
,337
,348
,362
2026 06 24 16:49:54.357295,354
,342
,346
,371
,349
,344
,341
,369
,333
,340
,356
,356
,345
,346
2026 06 24 16:49:54.418612,383
,341
,345
,349
,370
,346
,351
,356
,364
,340
,344
,369
,353
,343
2026 06 24 16:49:54.479516,334
,375
,351
,345
,345
,371
,349
,347
,358
,349
,347
,344
,373
,349
2026 06 24 16:49:54.545777,353
,344
,368
,335
,353
,356
,338
,336
,343
,372
,344
,347
,342
,366
2026 06 24 16:49:54.607332,343
,348
,347
,364
,348
,336
,374
,348
,348
,340
,386
,345
,353
,348
2026 06 24 16:49:54.672666,363
,339
,342
,354
,347
,354
,352
,373
,349
,347
,330
,371
,348
,338
2026 06 24 16:49:54.734248,353
,359
,348
,339
,368
,350
,358
,351
,367
,341
,349
,353
,366
,340
2026 06 24 16:49:54.794948,329
,364
,345
,343
,344
,372
,344
,344
,342
,360
,343
,345
,354
,365
2026 06 24 16:49:54.861128,352
,347
,374
,339
,341
,353
,375
,361
,345
,362
,365
,346
,334
,374
2026 06 24 16:49:54.922699,358
,368
,352
,382
,349
,368
,363
,368
,349
,354
,360
,359
,354
,345
2026 06 24 16:49:54.987477,377
,339
,340
,337
,359
,346
,341
,360
,345
,342
,340
,372
,341
,345
2026 06 24 16:49:55.049683,342
,375
,340
,347
,353
,364
,352
,343
,380
,355
,352
,343
,371
,335
2026 06 24 16:49:55.110258,351
,357
,364
,353
,342
,368
,359
,349
,333
,366
,347
,354
,344
,351
2026 06 24 16:49:55.176527,341
,352
,358
,349
,352
,346
,381
,353
,356
,352
,370
,342
,343
,357
2026 06 24 16:49:55.237588,359
,342
,338
,377
,352
,353
,343
,374
,346
,349
,345
,366
,342
,355
2026 06 24 16:49:55.304789,368
,365
,356
,345
,376
,344
,356
,351
,363
,342
,345
,357
,351
,350
2026 06 24 16:49:55.364571,355
,371
,347
,363
,353
,360
,332
,346
,348
,358
,356
,348
,362
,346
2026 06 24 16:49:55.425919,351
,356
,381
,338
,340
,355
,353
,343
,338
,374
,353
,346
,349
,375
2026 06 24 16:49:55.492162,340
,340
,345
,367
,332
,321
,358
,359
,347
,342
,378
,349
,341
,356
2026 06 24 16:49:55.553517,374
,345
,347
,357
,348
,349
,351
,373
,339
,344
,342
,371
,348
,341
2026 06 24 16:49:55.618563,351
,362
,333
,338
,361
,345
,355
,347
,367
,355
,357
,351
,371
,346
2026 06 24 16:49:55.680647,348
,360
,348
,347
,347
,361
,320
,356
,359
,375
,348
,347
,352
,359
2026 06 24 16:49:55.741467,353
,351
,374
,350
,336
,337
,358
,337
,353
,355
,363
,342
,336
,352
2026 06 24 16:49:55.807286,352
,350
,342
,379
,357
,360
,354
,363
,336
,339
,352
,350
,336
,337
2026 06 24 16:49:55.868841,356
,325
,340
,332
,363
,340
,337
,355
,358
,344
,342
,368
,349
,335
2026 06 24 16:49:55.929967,343
,360
,339
,342
,351
,358
,344
,351
,373
,341
,347
,345
,366
,340
2026 06 24 16:49:55.995678,352
,343
,357
,342
,324
,341
,350
,353
,343
,374
,337
,337
,331
,346
2026 06 24 16:49:56.056569,331
,334
,352
,353
,335
,338
,366
,333
,347
,330
,375
,338
,342
,350
2026 06 24 16:49:56.122627,339
,336
,338
,345
,318
,336
,344
,374
,337
,344
,356
,360
,336
,340
2026 06 24 16:49:56.184228,356
,351
,347
,329
,348
,329
,346
,333
,345
,318
,337
,353
,360
,355
2026 06 24 16:49:56.244843,337
,358
,343
,353
,340
,360
,344
,344
,343
,357
,344
,335
,365
,345
2026 06 24 16:49:56.311317,351
,333
,357
,352
,350
,347
,376
,347
,343
,360
,356
,347
,341
,363
2026 06 24 16:49:56.371779,335
,341
,324
,348
,334
,339
,354
,350
,343
,333
,382
,348
,352
,344
2026 06 24 16:49:56.438097,378
,351
,346
,354
,351
,330
,347
,365
,334
,342
,338
,377
,348
,348
2026 06 24 16:49:56.499594,339
,364
,333
,349
,367
,362
,357
,339
,373
,341
,333
,349
,365
,332
2026 06 24 16:49:56.560854,343
,358
,339
,344
,352
,379
,355
,353
,346
,366
,341
,353
,356
,354
2026 06 24 16:49:56.626344,339
,333
,360
,348
,358
,351
,361
,343
,359
,346
,360
,349
,352
,365
2026 06 24 16:49:56.687290,361
,353
,346
,378
,344
,359
,354
,374
,340
,348
,362
,344
,345
,352
2026 06 24 16:49:56.752997,372
,348
,354
,333
,369
,348
,350
,364
,358
,340
,343
,379
,361
,354
2026 06 24 16:49:56.814535,337
,364
,349
,343
,360
,373
,343
,337
,363
,356
,336
,356
,371
,333
2026 06 24 16:49:56.875542,356
,350
,361
,338
,350
,360
,352
,350
,346
,373
,349
,337
,353
,382
2026 06 24 16:49:56.941582,362
,359
,351
,345
,337
,336
,359
,335
,345
,347
,361
,339
,345
,345
2026 06 24 16:49:57.003531,377
,346
,339
,365
,357
,361
,354
,370
,342
,339
,334
,361
,333
,349
2026 06 24 16:49:57.068815,365
,360
,344
,344
,363
,341
,354
,350
,369
,329
,352
,352
,359
,340
2026 06 24 16:49:57.130405,343
,354
,338
,340
,341
,372
,332
,340
,346
,360
,348
,338
,363
,351
2026 06 24 16:49:57.191456,327
,349
,379
,338
,341
,345
,364
,343
,335
,351
,360
,347
,340
,364
2026 06 24 16:49:57.257218,351
,342
,343
,366
,335
,345
,346
,346
,322
,332
,348
,343
,354
,345
2026 06 24 16:49:57.318426,370
,337
,333
,333
,356
,346
,348
,361
,353
,349
,342
,372
,340
,335
2026 06 24 16:49:57.384227,340
,363
,339
,341
,357
,358
,357
,341
,363
,356
,355
,341
,370
,336
2026 06 24 16:49:57.445666,346
,353
,340
,338
,343
,368
,336
,349
,347
,364
,337
,343
,335
,364
2026 06 24 16:49:57.507015,339
,342
,368
,354
,350
,342
,364
,343
,356
,340
,362
,336
,351
,354
2026 06 24 16:49:57.572798,345
,337
,340
,375
,351
,351
,343
,371
,339
,338
,349
,360
,337
,337
2026 06 24 16:49:57.634170,356
,338
,350
,336
,376
,347
,350
,344
,356
,338
,354
,358
,350
,355
2026 06 24 16:49:57.698857,326
,365
,334
,352
,335
,349
,339
,354
,359
,348
,346
,341
,361
,350
2026 06 24 16:49:57.761160,347
,346
,363
,323
,338
,342
,360
,336
,340
,355
,349
,339
,345
,369
2026 06 24 16:49:57.822053,338
,350
,350
,363
,338
,350
,368
,347
,341
,334
,370
,336
,348
,349
2026 06 24 16:49:57.887183,373
,354
,343
,357
,364
,350
,335
,368
,345
,350
,348
,371
,334
,336
2026 06 24 16:49:57.949472,350
,339
,337
,359
,375
,353
,363
,358
,370
,336
,347
,343
,362
,339
2026 06 24 16:49:58.014876,342
,352
,341
,343
,332
,364
,323
,345
,339
,346
,331
,325
,338
,355
2026 06 24 16:49:58.076539,343
,342
,370
,344
,347
,336
,354
,332
,333
,336
,344
,320
,337
,364
2026 06 24 16:49:58.137727,345
,337
,328
,366
,344
,335
,348
,369
,333
,329
,356
,357
,341
,344
2026 06 24 16:49:58.203196,363
,330
,340
,336
,372
,348
,342
,358
,362
,346
,343
,359
,350
,349
2026 06 24 16:49:58.264584,348
,370
,338
,335
,352
,361
,361
,353
,363
,353
,356
,345
,361
,332
2026 06 24 16:49:58.329574,355
,349
,357
,337
,342
,370
,359
,348
,333
,373
,344
,348
,346
,374
2026 06 24 16:49:58.391745,352
,341
,343
,363
,355
,343
,370
,345
,351
,340
,351
,340
,342
,360
2026 06 24 16:49:58.452332,368
,339
,333
,362
,350
,348
,352
,372
,343
,342
,345
,364
,336
,350
2026 06 24 16:49:58.518865,364
,361
,348
,340
,383
,350
,347
,352
,366
,336
,354
,355
,361
,341
2026 06 24 16:49:58.580306,329
,369
,353
,353
,346
,372
,349
,357
,354
,360
,336
,345
,380
,354
2026 06 24 16:49:58.645102,354
,356
,375
,336
,353
,352
,361
,332
,348
,356
,360
,352
,338
,371
2026 06 24 16:49:58.708125,348
,345
,343
,368
,340
,351
,360
,355
,330
,346
,374
,351
,348
,337
2026 06 24 16:49:58.768030,364
,340
,343
,348
,366
,350
,340
,369
,349
,344
,334
,359
,346
,339
2026 06 24 16:49:58.834186,353
,357
,337
,339
,338
,354
,344
,344
,365
,340
,332
,344
,362
,345
2026 06 24 16:49:58.895680,349
,361
,348
,345
,340
,365
,339
,350
,343
,369
,333
,336
,342
,353
2026 06 24 16:49:58.960506,340
,339
,355
,339
,340
,344
,373
,335
,351
,337
,355
,344
,334
,360
2026 06 24 16:49:59.022474,357
,345
,338
,363
,337
,342
,340
,374
,347
,345
,359
,344
,345
,338
2026 06 24 16:49:59.083849,360
,340
,339
,341
,370
,331
,335
,344
,354
,332
,343
,369
,328
,352
2026 06 24 16:49:59.149576,339
,355
,348
,348
,347
,354
,333
,354
,368
,346
,344
,333
,362
,325
2026 06 24 16:49:59.210445,345
,340
,365
,328
,352
,345
,353
,345
,349
,368
,335
,331
,336
,362
2026 06 24 16:49:59.272003,329
,339
,341
,360
,337
,342
,363
,350
,349
,349
,357
,328
,348
,341
2026 06 24 16:49:59.338100,363
,338
,344
,354
,349
,341
,339
,376
,339
,333
,330
,370
,347
,340
2026 06 24 16:49:59.398561,350
,358
,355
,350
,365
,337
,348
,336
,359
,341
,337
,344
,363
,345
2026 06 24 16:49:59.464723,335
,366
,347
,357
,346
,363
,327
,336
,347
,350
,340
,356
,372
,355
2026 06 24 16:49:59.526384,342
,346
,372
,338
,331
,342
,378
,346
,348
,355
,360
,345
,345
,364
2026 06 24 16:49:59.589574,332
,347
,356
,371
,333
,338
,359
,351
,340
,349
,366
,339
,350
,335
2026 06 24 16:49:59.653030,364
,345
,360
,355
,367
,342
,342
,357
,345
,342
,344
,376
,345
,352
2026 06 24 16:49:59.713834,351
,369
,346
,353
,364
,370
,349
,341
,377
,343
,348
,346
,364
,331
2026 06 24 16:49:59.779455,348
,347
,343
,331
,346
,369
,353
,359
,342
,367
,336
,350
,348
,366
2026 06 24 16:49:59.841813,349
,347
,361
,346
,335
,334
,367
,343
,343
,346
,367
,342
,339
,351
2026 06 24 16:49:59.902849,355
,346
,336
,370
,353
,334
,345
,376
,341
,347
,342
,361
,340
,342
2026 06 24 16:49:59.968718,367
,346
,351
,347
,366
,345
,349
,354
,362
,348
,343
,363
,354
,346
2026 06 24 16:50:00.029862,351
,376
,347
,349
,341
,356
,347
,350
,352
,355
,341
,342
,373
,359
2026 06 24 16:50:00.094399,335
,349
,369
,344
,345
,349
,363
,349
,349
,359
,357
,360
,346
,365
2026 06 24 16:50:00.156650,339
,350
,353
,360
,333
,336
,370
,354
,357
,346
,372
,335
,351
,351
2026 06 24 16:50:00.218388,371
,337
,346
,355
,356
,339
,339
,375
,351
,352
,341
,365
,327
,350
2026 06 24 16:50:00.284150,351
,353
,347
,345
,370
,351
,350
,354
,379
,343
,357
,357
,372
,337
2026 06 24 16:50:00.345527,352
,359
,345
,348
,336
,366
,340
,347
,338
,377
,340
,348
,355
,350
2026 06 24 16:50:00.411046,349
,333
,360
,342
,355
,347
,365
,335
,343
,348
,352
,334
,343
,361
2026 06 24 16:50:00.472688,332
,347
,349
,374
,344
,331
,328
,370
,339
,330
,364
,341
,338
,334
2026 06 24 16:50:00.533896,368
,341
,334
,330
,361
,337
,338
,346
,342
,329
,331
,365
,337
,341
2026 06 24 16:50:00.599538,342
,360
,328
,343
,337
,356
,335
,334
,354
,335
,347
,341
,365
,328
2026 06 24 16:50:00.660214,340
,339
,343
,346
,346
,362
,347
,334
,328
,364
,344
,339
,343
,363
2026 06 24 16:50:00.726501,342
,353
,359
,354
,341
,324
,364
,342
,358
,352
,373
,340
,354
,348
2026 06 24 16:50:00.787936,361
,340
,344
,369
,353
,349
,348
,381
,337
,356
,347
,353
,340
,346
2026 06 24 16:50:00.848618,363
,347
,336
,330
,351
,337
,344
,344
,370
,347
,340
,362
,347
,359
2026 06 24 16:50:00.914549,348
,380
,351
,352
,337
,377
,338
,354
,367
,354
,339
,358
,373
,352
2026 06 24 16:50:00.975773,346
,351
,373
,347
,349
,356
,362
,343
,338
,367
,350
,352
,343
,370
2026 06 24 16:50:01.041455,350
,348
,347
,374
,344
,341
,372
,361
,352
,351
,383
,351
,344
,355
2026 06 24 16:50:01.102824,380
,349
,347
,352
,361
,345
,359
,379
,355
,350
,341
,372
,343
,345
2026 06 24 16:50:01.164679,348
,370
,344
,333
,357
,351
,341
,342
,376
,344
,353
,349
,370
,350
2026 06 24 16:50:01.230219,356
,360
,352
,340
,343
,369
,339
,352
,344
,372
,337
,345
,357
,357
2026 06 24 16:50:01.291315,338
,345
,374
,339
,350
,344
,372
,350
,345
,346
,358
,338
,337
,354
2026 06 24 16:50:01.357138,338
,336
,338
,375
,348
,348
,340
,364
,344
,342
,364
,359
,347
,340
2026 06 24 16:50:01.418744,374
,344
,345
,340
,372
,341
,341
,356
,347
,337
,342
,371
,350
,343
2026 06 24 16:50:01.479598,350
,360
,331
,352
,354
,355
,340
,330
,353
,343
,340
,339
,359
,342
2026 06 24 16:50:01.545530,347
,347
,367
,337
,336
,355
,359
,334
,340
,373
,344
,341
,327
,365
2026 06 24 16:50:01.606848,334
,339
,350
,358
,344
,343
,364
,336
,352
,338
,376
,345
,345
,355
2026 06 24 16:50:01.672462,360
,338
,340
,359
,336
,342
,342
,372
,338
,339
,331
,353
,336
,357
2026 06 24 16:50:01.733985,372
,364
,344
,350
,371
,345
,350
,347
,377
,345
,342
,366
,370
,353
2026 06 24 16:50:01.796239,357
,365
,339
,343
,356
,380
,343
,350
,356
,356
,344
,350
,371
,352
2026 06 24 16:50:01.860971,357
,354
,379
,348
,352
,356
,368
,341
,345
,359
,359
,351
,347
,370
2026 06 24 16:50:01.921947,339
,348
,341
,372
,338
,342
,353
,368
,345
,348
,378
,342
,360
,349
2026 06 24 16:50:01.987910,379
,347
,351
,349
,360
,345
,347
,360
,349
,334
,347
,369
,342
,348
2026 06 24 16:50:02.049509,351
,370
,339
,340
,351
,356
,353
,349
,383
,336
,331
,346
,364
,340
2026 06 24 16:50:02.111751,352
,353
,354
,328
,322
,359
,342
,349
,343
,364
,336
,342
,339
,360
2026 06 24 16:50:02.175516,330
,337
,352
,342
,341
,334
,346
,328
,349
,353
,360
,327
,339
,367
2026 06 24 16:50:02.237948,360
,330
,331
,368
,342
,333
,339
,365
,338
,339
,356
,357
,339
,346
2026 06 24 16:50:02.302488,372
,340
,350
,351
,364
,331
,339
,338
,363
,334
,341
,367
,347
,341
2026 06 24 16:50:02.364596,339
,370
,341
,341
,347
,364
,333
,335
,365
,350
,332
,326
,354
,344
2026 06 24 16:50:02.426027,346
,339
,363
,336
,331
,359
,358
,324
,339
,371
,343
,348
,346
,378
2026 06 24 16:50:02.491780,338
,342
,351
,353
,331
,325
,350
,343
,338
,353
,377
,340
,349
,342
2026 06 24 16:50:02.553535,343
,340
,343
,359
,360
,348
,346
,364
,343
,346
,337
,358
,335
,344
2026 06 24 16:50:02.618638,358
,356
,343
,336
,365
,337
,341
,343
,374
,348
,342
,339
,358
,330
2026 06 24 16:50:02.680947,330
,368
,345
,344
,338
,374
,351
,340
,336
,372
,344
,333
,359
,354
2026 06 24 16:50:02.741099,342
,333
,356
,337
,338
,345
,364
,334
,346
,348
,354
,346
,348
,367
2026 06 24 16:50:02.807093,354
,354
,346
,375
,344
,340
,349
,366
,342
,333
,341
,350
,340
,342
2026 06 24 16:50:02.868699,379
,348
,352
,341
,369
,342
,341
,362
,355
,338
,333
,363
,334
,334
2026 06 24 16:50:02.930307,342
,364
,313
,330
,354
,354
,340
,338
,368
,341
,350
,339
,360
,340
2026 06 24 16:50:02.994967,339
,342
,366
,341
,339
,353
,352
,344
,347
,369
,349
,350
,357
,367
2026 06 24 16:50:03.056522,360
,367
,382
,373
,362
,345
,373
,357
,360
,344
,380
,332
,333
,367
2026 06 24 16:50:03.122622,374
,353
,355
,377
,352
,360
,360
,384
,350
,352
,343
,369
,350
,352
2026 06 24 16:50:03.184329,358
,342
,351
,344
,374
,338
,346
,324
,372
,351
,337
,351
,362
,346
2026 06 24 16:50:03.244564,356
,372
,339
,336
,332
,363
,334
,340
,348
,367
,344
,336
,367
,352
2026 06 24 16:50:03.310946,346
,347
,366
,341
,347
,349
,355
,352
,347
,364
,350
,332
,332
,361
2026 06 24 16:50:03.371740,340
,344
,348
,363
,343
,349
,352
,361
,355
,346
,366
,341
,350
,343
2026 06 24 16:50:03.437939,358
,336
,338
,344
,356
,342
,335
,369
,349
,347
,344
,378
,338
,339
2026 06 24 16:50:03.499466,351
,371
,338
,350
,365
,356
,348
,348
,384
,335
,343
,355
,375
,342
2026 06 24 16:50:03.561194,349
,354
,351
,347
,350
,367
,349
,352
,333
,375
,356
,351
,356
,363
2026 06 24 16:50:03.625308,344
,347
,381
,356
,361
,353
,376
,347
,346
,357
,347
,339
,342
,357
2026 06 24 16:50:03.687434,335
,350
,350
,371
,338
,336
,352
,367
,342
,345
,367
,366
,346
,344
2026 06 24 16:50:03.752346,370
,347
,345
,336
,360
,332
,338
,347
,366
,350
,348
,365
,340
,343
2026 06 24 16:50:03.814558,337
,380
,337
,351
,363
,367
,348
,338
,365
,341
,354
,352
,367
,351
2026 06 24 16:50:03.875284,361
,354
,354
,337
,345
,370
,358
,354
,347
,367
,336
,352
,344
,366
2026 06 24 16:50:03.941485,339
,353
,366
,370
,355
,357
,377
,344
,343
,344
,374
,357
,354
,356
2026 06 24 16:50:04.002381,369
,340
,342
,360
,345
,352
,356
,380
,346
,344
,351
,369
,343
,357
2026 06 24 16:50:04.068696,380
,369
,343
,343
,375
,350
,344
,329
,360
,352
,346
,366
,370
,343
2026 06 24 16:50:04.130187,351
,374
,349
,351
,352
,383
,352
,357
,364
,365
,326
,328
,373
,352
2026 06 24 16:50:04.191246,348
,332
,382
,358
,351
,358
,374
,351
,356
,365
,350
,336
,356
,381
2026 06 24 16:50:04.257074,350
,342
,342
,368
,342
,350
,359
,360
,352
,353
,376
,347
,348
,353
2026 06 24 16:50:04.318216,370
,351
,345
,355
,356
,343
,342
,358
,359
,362
,352
,385
,347
,357
2026 06 24 16:50:04.384016,351
,357
,341
,345
,365
,361
,343
,335
,367
,351
,346
,345
,370
,344
2026 06 24 16:50:04.445534,343
,358
,365
,353
,354
,375
,347
,346
,353
,370
,357
,356
,358
,367
2026 06 24 16:50:04.506688,350
,345
,358
,350
,359
,352
,375
,350
,357
,354
,368
,349
,354
,374
2026 06 24 16:50:04.572474,362
,354
,353
,365
,351
,347
,342
,368
,346
,353
,363
,362
,353
,349
2026 06 24 16:50:04.633556,375
,360
,356
,351
,375
,343
,349
,333
,364
,342
,353
,369
,351
,342
2026 06 24 16:50:04.699379,347
,372
,343
,354
,353
,367
,350
,344
,363
,349
,350
,330
,367
,347
2026 06 24 16:50:04.760953,345
,332
,368
,346
,347
,363
,355
,349
,357
,378
,358
,350
,340
,368
2026 06 24 16:50:04.822015,339
,343
,363
,366
,343
,335
,356
,349
,342
,341
,370
,351
,345
,350
2026 06 24 16:50:04.887575,361
,365
,350
,370
,355
,356
,348
,373
,336
,347
,333
,357
,335
,338
2026 06 24 16:50:04.948537,352
,355
,330
,347
,366
,354
,349
,343
,369
,341
,344
,354
,370
,341
2026 06 24 16:50:05.014540,345
,355
,346
,332
,334
,361
,347
,352
,349
,362
,345
,335
,363
,368
2026 06 24 16:50:05.076285,357
,346
,374
,349
,349
,336
,365
,343
,343
,354
,343
,343
,342
,371
2026 06 24 16:50:05.137116,343
,356
,354
,373
,345
,344
,350
,356
,342
,341
,360
,347
,358
,347
2026 06 24 16:50:05.202553,379
,348
,359
,361
,376
,356
,350
,357
,366
,357
,352
,375
,355
,355
2026 06 24 16:50:05.263808,344
,369
,337
,339
,358
,371
,346
,347
,373
,355
,350
,344
,366
,346
2026 06 24 16:50:05.330164,341
,353
,365
,346
,345
,367
,351
,345
,348
,370
,338
,347
,350
,363
2026 06 24 16:50:05.391462,330
,321
,354
,357
,350
,336
,362
,342
,338
,339
,363
,341
,338
,345
2026 06 24 16:50:05.452024,355
,330
,330
,355
,334
,351
,338
,364
,340
,336
,339
,350
,343
,333
2026 06 24 16:50:05.518188,356
,355
,355
,345
,366
,337
,352
,353
,367
,345
,348
,354
,360
,358
2026 06 24 16:50:05.579972,350
,375
,349
,349
,338
,369
,333
,346
,360
,370
,352
,344
,374
,356
2026 06 24 16:50:05.646179,352
,345
,374
,349
,350
,349
,361
,358
,344
,354
,353
,363
,358
,377
2026 06 24 16:50:05.706482,355
,357
,350
,365
,328
,341
,362
,357
,348
,349
,379
,353
,351
,340
2026 06 24 16:50:05.767966,370
,351
,351
,359
,364
,354
,346
,365
,342
,352
,336
,369
,345
,336
2026 06 24 16:50:05.833997,344
,353
,340
,342
,360
,364
,355
,346
,370
,344
,354
,352
,362
,351
2026 06 24 16:50:05.894740,350
,357
,353
,347
,341
,359
,359
,360
,342
,376
,354
,347
,355
,362
2026 06 24 16:50:05.960604,359
,352
,368
,347
,352
,330
,374
,354
,347
,352
,365
,346
,330
,351
2026 06 24 16:50:06.022449,344
,350
,342
,364
,350
,358
,352
,361
,344
,342
,355
,345
,358
,345
2026 06 24 16:50:06.083662,358
,342
,357
,353
,372
,340
,348
,347
,360
,346
,334
,361
,365
,361
2026 06 24 16:50:06.149461,340
,362
,350
,347
,348
,374
,345
,335
,360
,346
,359
,345
,376
,353
2026 06 24 16:50:06.211034,353
,342
,350
,346
,344
,353
,349
,356
,343
,372
,347
,353
,350
,373
2026 06 24 16:50:06.276231,348
,347
,351
,354
,359
,335
,369
,342
,352
,347
,367
,352
,342
,353
2026 06 24 16:50:06.337646,374
,350
,341
,360
,353
,353
,342
,368
,345
,344
,346
,365
,340
,339
2026 06 24 16:50:06.399232,357
,362
,351
,347
,364
,340
,347
,355
,366
,340
,341
,351
,358
,352
2026 06 24 16:50:06.463742,339
,357
,347
,348
,334
,364
,328
,330
,347
,365
,331
,336
,351
,344
2026 06 24 16:50:06.526326,346
,337
,357
,333
,327
,334
,348
,327
,335
,341
,329
,341
,341
,359
2026 06 24 16:50:06.591661,333
,340
,336
,350
,344
,342
,352
,348
,328
,341
,374
,351
,347
,349
2026 06 24 16:50:06.652593,357
,347
,359
,355
,360
,349
,352
,363
,348
,357
,354
,377
,350
,345
2026 06 24 16:50:06.714691,339
,361
,333
,349
,366
,358
,337
,338
,373
,350
,352
,360
,377
,345
2026 06 24 16:50:06.780114,349
,362
,361
,352
,343
,368
,345
,343
,350
,371
,336
,339
,353
,359
2026 06 24 16:50:06.841664,341
,346
,361
,350
,352
,339
,370
,340
,343
,354
,367
,331
,341
,352
2026 06 24 16:50:06.906689,353
,349
,352
,372
,349
,353
,346
,353
,331
,334
,361
,370
,349
,348
2026 06 24 16:50:06.967932,375
,349
,347
,343
,373
,334
,349
,366
,368
,350
,347
,364
,346
,350
2026 06 24 16:50:07.030106,336
,378
,350
,347
,340
,352
,341
,352
,357
,353
,350
,346
,372
,352
2026 06 24 16:50:07.095502,358
,344
,373
,347
,349
,365
,366
,355
,345
,361
,353
,352
,351
,380
2026 06 24 16:50:07.157079,345
,350
,358
,362
,353
,355
,366
,348
,350
,349
,376
,339
,339
,358
2026 06 24 16:50:07.217995,371
,341
,358
,373
,367
,351
,346
,373
,361
,359
,347
,367
,353
,350
2026 06 24 16:50:07.283987,357
,370
,349
,346
,370
,345
,347
,347
,379
,344
,330
,357
,366
,346
2026 06 24 16:50:07.345238,349
,360
,354
,352
,352
,378
,346
,356
,354
,366
,348
,340
,361
,360
2026 06 24 16:50:07.410832,355
,352
,369
,343
,346
,345
,373
,343
,338
,359
,357
,336
,344
,368
2026 06 24 16:50:07.472199,351
,346
,339
,364
,334
,344
,350
,362
,342
,336
,361
,336
,346
,340
2026 06 24 16:50:07.533571,357
,336
,347
,342
,357
,331
,338
,357
,344
,344
,341
,366
,332
,346
2026 06 24 16:50:07.599415,335
,367
,351
,349
,355
,349
,342
,347
,362
,347
,354
,343
,364
,341
2026 06 24 16:50:07.660175,345
,334
,353
,346
,346
,352
,356
,355
,340
,353
,342
,344
,347
,361
2026 06 24 16:50:07.726244,347
,343
,358
,343
,341
,336
,353
,329
,347
,342
,365
,342
,344
,359
2026 06 24 16:50:07.787619,354
,346
,352
,361
,353
,350
,342
,368
,341
,344
,351
,359
,339
,339
2026 06 24 16:50:07.848561,365
,342
,341
,336
,361
,337
,346
,339
,365
,343
,348
,354
,355
,345
2026 06 24 16:50:07.914553,338
,348
,342
,351
,354
,373
,347
,334
,351
,360
,344
,355
,366
,350
2026 06 24 16:50:07.975973,346
,348
,364
,344
,348
,349
,362
,340
,344
,353
,353
,352
,345
,364
2026 06 24 16:50:08.041593,342
,351
,349
,361
,340
,350
,357
,349
,334
,345
,367
,344
,352
,349
2026 06 24 16:50:08.103311,371
,353
,356
,358
,358
,350
,340
,358
,337
,346
,330
,366
,344
,347
2026 06 24 16:50:08.164346,349
,361
,341
,339
,355
,352
,354
,350
,379
,353
,350
,341
,360
,344
2026 06 24 16:50:08.230085,344
,360
,357
,344
,330
,380
,350
,350
,357
,376
,352
,349
,347
,361
2026 06 24 16:50:08.290773,351
,350
,373
,349
,354
,346
,374
,342
,350
,343
,359
,346
,339
,357
2026 06 24 16:50:08.356641,345
,350
,335
,361
,350
,355
,354
,365
,342
,341
,356
,357
,344
,345
2026 06 24 16:50:08.418524,375
,354
,351
,348
,366
,341
,350
,362
,371
,344
,354
,372
,356
,356
2026 06 24 16:50:08.479141,349
,373
,349
,350
,354
,368
,356
,354
,372
,354
,345
,346
,361
,342
2026 06 24 16:50:08.544573,353
,350
,355
,349
,354
,371
,367
,354
,348
,379
,350
,341
,345
,359
2026 06 24 16:50:08.607076,344
,333
,357
,360
,334
,347
,381
,357
,355
,360
,379
,354
,354
,354
2026 06 24 16:50:08.671596,370
,350
,343
,358
,348
,352
,341
,360
,337
,339
,338
,358
,345
,336
2026 06 24 16:50:08.734160,361
,371
,363
,350
,381
,353
,358
,359
,378
,337
,344
,354
,353
,345
2026 06 24 16:50:08.794433,339
,373
,348
,343
,341
,370
,345
,345
,350
,367
,347
,332
,353
,353
2026 06 24 16:50:08.860985,356
,349
,371
,346
,345
,334
,360
,341
,341
,345
,354
,349
,338
,360
2026 06 24 16:50:08.922269,343
,345
,331
,358
,342
,343
,348
,366
,351
,346
,370
,347
,342
,339
2026 06 24 16:50:08.987557,355
,337
,346
,344
,358
,345
,343
,349
,360
,350
,343
,370
,335
,348
2026 06 24 16:50:09.049336,351
,370
,337
,349
,360
,366
,361
,345
,368
,343
,352
,347
,360
,339
2026 06 24 16:50:09.110396,349
,358
,351
,334
,339
,362
,345
,346
,339
,359
,339
,346
,347
,361
2026 06 24 16:50:09.175746,348
,350
,375
,352
,337
,345
,368
,340
,346
,346
,360
,346
,353
,359
2026 06 24 16:50:09.237490,351
,349
,349
,368
,326
,348
,341
,366
,344
,345
,358
,367
,350
,343
2026 06 24 16:50:09.302801,365
,339
,344
,337
,363
,337
,351
,354
,356
,347
,345
,352
,338
,331
2026 06 24 16:50:09.363786,343
,365
,343
,354
,340
,359
,330
,344
,363
,342
,346
,335
,362
,338
2026 06 24 16:50:09.425831,350
,348
,365
,343
,352
,365
,367
,353
,350
,366
,342
,345
,337
,373
2026 06 24 16:50:09.491592,348
,337
,361
,364
,349
,343
,360
,360
,347
,341
,363
,330
,335
,340
2026 06 24 16:50:09.552226,361
,332
,321
,353
,351
,330
,326
,355
,340
,342
,336
,366
,336
,338
2026 06 24 16:50:09.618381,350
,357
,342
,336
,356
,339
,340
,340
,360
,322
,344
,345
,359
,338
2026 06 24 16:50:09.680011,333
,348
,338
,341
,341
,352
,330
,340
,349
,363
,343
,340
,348
,351
2026 06 24 16:50:09.741108,336
,323
,369
,336
,339
,333
,366
,335
,335
,340
,351
,332
,332
,355
2026 06 24 16:50:09.806920,343
,340
,349
,377
,340
,338
,346
,371
,342
,345
,356
,346
,339
,345
2026 06 24 16:50:09.868510,369
,347
,357
,346
,370
,350
,350
,362
,353
,349
,344
,362
,342
,347
2026 06 24 16:50:09.933775,353
,372
,336
,348
,365
,362
,346
,344
,364
,352
,354
,352
,368
,348
2026 06 24 16:50:09.996282,352
,348
,365
,339
,343
,358
,350
,349
,348
,377
,350
,352
,361
,378
2026 06 24 16:50:10.056782,341
,351
,365
,362
,341
,336
,363
,336
,332
,343
,374
,336
,338
,347
2026 06 24 16:50:10.122309,352
,332
,341
,362
,351
,340
,342
,381
,356
,354
,348
,356
,335
,333
2026 06 24 16:50:10.183917,356
,339
,331
,335
,360
,337
,333
,338
,348
,329
,332
,352
,360
,342
2026 06 24 16:50:10.249207,345
,364
,335
,333
,339
,369
,338
,334
,338
,348
,329
,325
,356
,343
2026 06 24 16:50:10.311421,337
,334
,364
,332
,334
,339
,350
,329
,330
,345
,338
,334
,335
,359
2026 06 24 16:50:10.372091,340
,329
,328
,357
,342
,342
,347
,348
,340
,342
,367
,344
,351
,343
2026 06 24 16:50:10.437625,362
,340
,344
,342
,352
,348
,346
,356
,337
,339
,341
,361
,339
,336
2026 06 24 16:50:10.498762,332
,356
,341
,337
,352
,346
,336
,335
,366
,347
,340
,336
,363
,331
2026 06 24 16:50:10.564583,337
,353
,336
,352
,347
,369
,345
,349
,346
,372
,349
,340
,349
,358
2026 06 24 16:50:10.626146,342
,338
,373
,346
,342
,334
,373
,338
,340
,345
,351
,337
,340
,365
2026 06 24 16:50:10.687006,359
,347
,349
,366
,330
,335
,349
,354
,332
,345
,355
,362
,353
,351
2026 06 24 16:50:10.752121,368
,335
,334
,330
,356
,336
,343
,346
,354
,334
,331
,346
,344
,344
2026 06 24 16:50:10.814569,346
,375
,343
,348
,344
,361
,342
,335
,355
,344
,345
,340
,358
,338
2026 06 24 16:50:10.879966,339
,334
,363
,339
,336
,348
,363
,352
,340
,355
,341
,355
,344
,367
2026 06 24 16:50:10.941526,339
,340
,344
,357
,344
,339
,359
,348
,344
,333
,367
,335
,334
,352
2026 06 24 16:50:11.002937,363
,346
,347
,363
,363
,344
,346
,377
,344
,357
,344
,369
,337
,355
2026 06 24 16:50:11.068457,362
,362
,348
,336
,369
,343
,349
,344
,367
,345
,347
,357
,364
,343
2026 06 24 16:50:11.129988,343
,355
,346
,349
,349
,375
,347
,356
,344
,358
,340
,347
,361
,353
2026 06 24 16:50:11.192048,351
,354
,376
,347
,347
,347
,370
,351
,352
,352
,363
,351
,351
,366
2026 06 24 16:50:11.256901,345
,346
,345
,364
,338
,335
,346
,364
,340
,338
,359
,344
,351
,347
2026 06 24 16:50:11.318499,367
,345
,343
,340
,364
,346
,343
,355
,336
,343
,337
,360
,329
,340
2026 06 24 16:50:11.383815,331
,360
,338
,341
,352
,359
,344
,334
,358
,357
,366
,352
,370
,341
2026 06 24 16:50:11.445315,342
,338
,360
,340
,341
,365
,352
,352
,342
,355
,339
,343
,341
,350
2026 06 24 16:50:11.505992,335
,343
,358
,351
,347
,343
,362
,336
,355
,351
,375
,345
,345
,347
2026 06 24 16:50:11.572269,365
,354
,353
,371
,349
,345
,348
,366
,350
,346
,354
,357
,329
,339
2026 06 24 16:50:11.632956,365
,356
,350
,342
,358
,349
,354
,358
,369
,348
,347
,352
,359
,356
2026 06 24 16:50:11.699221,351
,366
,341
,339
,336
,368
,341
,340
,346
,347
,334
,348
,369
,352
2026 06 24 16:50:11.760897,351
,349
,376
,344
,354
,355
,365
,348
,347
,357
,336
,347
,344
,373
2026 06 24 16:50:11.821920,351
,345
,356
,367
,344
,336
,353
,344
,350
,337
,367
,341
,349
,339
2026 06 24 16:50:11.887792,366
,331
,339
,347
,348
,339
,347
,366
,352
,358
,346
,366
,336
,343
2026 06 24 16:50:11.949131,354
,361
,341
,345
,357
,356
,355
,338
,368
,337
,347
,342
,370
,331
2026 06 24 16:50:12.013684,339
,353
,339
,344
,340
,357
,337
,329
,339
,359
,334
,343
,348
,343
2026 06 24 16:50:12.075402,330
,339
,356
,340
,348
,339
,355
,336
,342
,348
,349
,325
,347
,357
2026 06 24 16:50:12.137285,349
,346
,329
,364
,340
,347
,345
,367
,346
,343
,362
,357
,345
,347
2026 06 24 16:50:12.202725,373
,354
,348
,341
,361
,355
,350
,358
,365
,356
,339
,368
,352
,353
2026 06 24 16:50:12.263624,345
,367
,351
,345
,347
,361
,339
,349
,361
,346
,337
,329
,374
,343
2026 06 24 16:50:12.329997,346
,353
,363
,337
,332
,346
,348
,335
,346
,370
,343
,349
,347
,366
2026 06 24 16:50:12.392277,342
,349
,349
,352
,344
,343
,361
,346
,345
,340
,358
,335
,341
,347
2026 06 24 16:50:12.452454,360
,334
,348
,360
,349
,346
,339
,359
,332
,342
,340
,356
,332
,332
2026 06 24 16:50:12.518476,334
,357
,350
,347
,364
,348
,338
,336
,362
,352
,356
,351
,362
,346
2026 06 24 16:50:12.579188,346
,373
,352
,340
,345
,365
,343
,335
,349
,353
,335
,339
,362
,359
2026 06 24 16:50:12.645250,352
,343
,377
,345
,347
,336
,359
,352
,347
,355
,348
,342
,347
,364
2026 06 24 16:50:12.706676,339
,347
,350
,370
,349
,349
,356
,363
,334
,345
,372
,350
,339
,336
2026 06 24 16:50:12.767363,374
,345
,343
,357
,370
,343
,343
,376
,350
,350
,343
,369
,351
,341
2026 06 24 16:50:12.833903,345
,364
,347
,345
,357
,359
,333
,344
,368
,332
,353
,340
,361
,330
2026 06 24 16:50:12.894413,338
,346
,363
,350
,329
,366
,346
,353
,343
,369
,341
,348
,351
,365
2026 06 24 16:50:12.960700,345
,335
,363
,355
,347
,345
,377
,347
,346
,336
,364
,343
,351
,352
2026 06 24 16:50:13.022251,361
,346
,341
,367
,349
,356
,344
,375
,340
,331
,351
,362
,346
,353
2026 06 24 16:50:13.083752,374
,350
,345
,338
,366
,358
,350
,353
,358
,348
,352
,362
,351
,354
2026 06 24 16:50:13.149248,345
,372
,346
,348
,345
,377
,341
,344
,357
,354
,342
,344
,369
,338
2026 06 24 16:50:13.209871,354
,348
,362
,342
,345
,346
,349
,341
,327
,369
,358
,349
,344
,368
2026 06 24 16:50:13.275051,344
,345
,346
,352
,330
,329
,353
,340
,328
,337
,368
,331
,328
,336
2026 06 24 16:50:13.337665,362
,329
,340
,350
,339
,339
,335
,366
,343
,346
,343
,370
,337
,348
2026 06 24 16:50:13.398783,360
,352
,340
,348
,366
,346
,345
,354
,375
,344
,347
,355
,371
,346
2026 06 24 16:50:13.463891,347
,358
,351
,358
,349
,374
,349
,352
,349
,372
,345
,341
,353
,363
2026 06 24 16:50:13.525431,343
,345
,376
,346
,343
,339
,369
,344
,350
,353
,363
,332
,346
,359
2026 06 24 16:50:13.590837,342
,342
,345
,367
,340
,349
,342
,363
,336
,337
,352
,357
,346
,338
2026 06 24 16:50:13.652402,378
,351
,349
,356
,373
,350
,347
,359
,353
,342
,348
,378
,349
,347
2026 06 24 16:50:13.713874,345
,375
,333
,352
,357
,368
,357
,348
,372
,351
,346
,345
,372
,336
2026 06 24 16:50:13.779399,351
,358
,367
,347
,345
,366
,360
,353
,351
,379
,351
,356
,345
,370
2026 06 24 16:50:13.841221,340
,348
,357
,356
,335
,356
,375
,345
,354
,345
,365
,345
,352
,351
2026 06 24 16:50:13.907030,357
,340
,341
,357
,342
,351
,339
,362
,340
,338
,343
,364
,337
,341
2026 06 24 16:50:13.968421,358
,348
,342
,343
,366
,338
,347
,345
,371
,334
,335
,359
,353
,341
2026 06 24 16:50:14.029193,349
,368
,352
,352
,343
,377
,349
,350
,350
,367
,346
,342
,366
,339
2026 06 24 16:50:14.095268,336
,341
,377
,345
,344
,340
,368
,354
,339
,372
,356
,345
,346
,377
2026 06 24 16:50:14.157096,339
,348
,350
,357
,333
,339
,338
,356
,347
,348
,362
,347
,348
,348
2026 06 24 16:50:14.222183,368
,345
,356
,350
,371
,343
,349
,359
,341
,350
,342
,373
,337
,346
2026 06 24 16:50:14.283742,351
,363
,336
,344
,360
,353
,343
,333
,369
,342
,345
,346
,360
,332
2026 06 24 16:50:14.345010,347
,349
,350
,343
,345
,363
,338
,359
,349
,374
,348
,347
,342
,359
2026 06 24 16:50:14.409923,338
,344
,354
,342
,341
,339
,367
,333
,346
,335
,346
,338
,348
,358
2026 06 24 16:50:14.472415,344
,330
,339
,364
,337
,346
,342
,369
,342
,340
,351
,352
,338
,346
2026 06 24 16:50:14.537211,363
,339
,339
,335
,362
,345
,347
,345
,358
,338
,343
,354
,344
,356
2026 06 24 16:50:14.599227,342
,373
,347
,352
,348
,363
,336
,344
,357
,348
,342
,338
,365
,338
2026 06 24 16:50:14.659840,352
,341
,365
,347
,346
,355
,357
,339
,339
,369
,348
,354
,346
,366
2026 06 24 16:50:14.726062,348
,348
,348
,356
,345
,344
,359
,351
,348
,348
,375
,343
,348
,344
2026 06 24 16:50:14.787541,372
,344
,342
,368
,367
,354
,347
,372
,352
,349
,344
,372
,341
,352
2026 06 24 16:50:14.852692,360
,361
,339
,330
,355
,338
,351
,349
,372
,341
,345
,347
,357
,340
2026 06 24 16:50:14.914525,340
,357
,345
,346
,346
,374
,345
,347
,333
,355
,344
,341
,346
,352
2026 06 24 16:50:14.975725,340
,342
,372
,357
,356
,348
,372
,345
,350
,362
,369
,354
,349
,367
2026 06 24 16:50:15.041411,344
,353
,352
,371
,345
,343
,341
,371
,345
,341
,360
,343
,342
,354
2026 06 24 16:50:15.102444,382
,355
,345
,346
,367
,337
,344
,357
,358
,343
,344
,374
,344
,345
2026 06 24 16:50:15.168755,340
,357
,333
,342
,353
,352
,334
,336
,351
,331
,353
,349
,366
,348
2026 06 24 16:50:15.230021,342
,341
,361
,339
,341
,356
,352
,357
,352
,378
,351
,341
,348
,370
2026 06 24 16:50:15.290556,339
,340
,352
,342
,340
,341
,372
,355
,355
,348
,370
,343
,343
,354
2026 06 24 16:50:15.356819,364
,338
,347
,372
,359
,343
,341
,376
,349
,352
,337
,362
,339
,338
2026 06 24 16:50:15.418743,363
,353
,349
,351
,378
,351
,345
,347
,370
,338
,350
,357
,355
,344
2026 06 24 16:50:15.479056,340
,367
,338
,351
,341
,353
,341
,345
,354
,354
,346
,345
,355
,348
2026 06 24 16:50:15.544521,349
,345
,369
,338
,346
,345
,365
,337
,345
,363
,349
,337
,346
,373
2026 06 24 16:50:15.606900,344
,347
,342
,353
,331
,348
,354
,359
,356
,346
,365
,354
,352
,344
2026 06 24 16:50:15.672163,368
,334
,344
,350
,363
,345
,347
,375
,358
,356
,350
,369
,342
,344
2026 06 24 16:50:15.733596,354
,360
,342
,340
,367
,358
,353
,344
,371
,349
,344
,338
,371
,344
2026 06 24 16:50:15.794629,336
,355
,355
,344
,340
,365
,345
,341
,332
,362
,334
,352
,355
,372
2026 06 24 16:50:15.860399,349
,345
,366
,352
,347
,342
,371
,334
,342
,344
,362
,338
,341
,357
2026 06 24 16:50:15.922035,346
,342
,345
,363
,340
,343
,330
,361
,341
,348
,359
,361
,342
,343
2026 06 24 16:50:15.987021,368
,345
,339
,334
,366
,331
,347
,346
,355
,338
,341
,357
,348
,345
2026 06 24 16:50:16.049100,342
,367
,336
,343
,341
,360
,338
,347
,356
,357
,347
,343
,364
,338
2026 06 24 16:50:16.110309,343
,341
,368
,345
,346
,349
,356
,333
,322
,363
,354
,349
,339
,368
2026 06 24 16:50:16.175006,340
,350
,351
,366
,345
,340
,360
,351
,347
,337
,365
,339
,346
,346
2026 06 24 16:50:16.237614,361
,332
,347
,356
,340
,343
,343
,359
,339
,351
,343
,362
,345
,343
2026 06 24 16:50:16.302907,358
,353
,339
,336
,358
,335
,352
,338
,363
,346
,346
,342
,345
,352
2026 06 24 16:50:16.364484,345
,362
,342
,346
,342
,364
,335
,338
,341
,370
,340
,339
,354
,352
2026 06 24 16:50:16.425680,345
,344
,367
,337
,340
,348
,372
,345
,347
,350
,362
,346
,341
,355
2026 06 24 16:50:16.491069,337
,338
,329
,369
,340
,340
,347
,364
,346
,343
,361
,346
,339
,338
2026 06 24 16:50:16.554264,366
,340
,349
,353
,370
,336
,340
,360
,353
,343
,335
,366
,336
,357
2026 06 24 16:50:16.618045,354
,377
,346
,347
,360
,357
,340
,334
,356
,337
,349
,339
,365
,334
2026 06 24 16:50:16.679854,339
,349
,354
,338
,328
,355
,345
,338
,345
,371
,337
,337
,347
,358
2026 06 24 16:50:16.741114,335
,339
,341
,351
,346
,343
,371
,345
,346
,339
,370
,334
,350
,353
2026 06 24 16:50:16.807095,352
,333
,333
,363
,344
,341
,340
,368
,342
,346
,362
,366
,330
,328
2026 06 24 16:50:16.868344,357
,350
,348
,344
,370
,341
,344
,344
,363
,331
,335
,357
,349
,356
2026 06 24 16:50:16.933668,352
,379
,353
,346
,332
,366
,337
,346
,355
,356
,342
,344
,370
,356
2026 06 24 16:50:16.995232,350
,352
,376
,345
,349
,357
,364
,339
,339
,359
,349
,345
,345
,377
2026 06 24 16:50:17.055994,350
,342
,351
,369
,329
,342
,355
,345
,343
,347
,375
,342
,342
,342
2026 06 24 16:50:17.122196,357
,340
,343
,348
,354
,339
,333
,358
,344
,335
,329
,366
,339
,336
2026 06 24 16:50:17.184785,338
,348
,339
,353
,381
,370
,363
,352
,367
,356
,363
,350
,371
,346
2026 06 24 16:50:17.249038,352
,365
,359
,344
,350
,377
,344
,347
,346
,370
,346
,342
,353
,371
2026 06 24 16:50:17.310597,348
,339
,365
,337
,339
,342
,375
,344
,345
,343
,360
,342
,343
,363
2026 06 24 16:50:17.372192,353
,352
,351
,378
,347
,342
,347
,366
,343
,346
,364
,357
,358
,362
2026 06 24 16:50:17.438295,381
,355
,358
,349
,366
,332
,339
,353
,373
,357
,351
,377
,349
,358
2026 06 24 16:50:17.499006,353
,380
,355
,358
,365
,376
,359
,349
,371
,352
,363
,349
,364
,345
2026 06 24 16:50:17.564445,348
,345
,373
,346
,345
,356
,362
,355
,347
,370
,346
,351
,342
,372
2026 06 24 16:50:17.625989,344
,348
,354
,366
,340
,347
,362
,354
,353
,348
,370
,343
,347
,346
2026 06 24 16:50:17.687916,369
,350
,345
,376
,366
,354
,350
,381
,348
,351
,354
,371
,349
,340
2026 06 24 16:50:17.752334,355
,345
,350
,350
,379
,347
,349
,342
,367
,343
,349
,352
,361
,351
2026 06 24 16:50:17.813930,345
,377
,359
,343
,345
,375
,343
,347
,345
,366
,346
,342
,361
,355
2026 06 24 16:50:17.879734,353
,338
,368
,348
,350
,351
,370
,345
,349
,365
,366
,360
,356
,372
2026 06 24 16:50:17.941198,351
,354
,347
,375
,343
,356
,361
,358
,352
,344
,360
,341
,345
,346
2026 06 24 16:50:18.004644,377
,339
,349
,354
,370
,353
,360
,370
,362
,350
,351
,375
,348
,355
2026 06 24 16:50:18.068250,355
,370
,345
,349
,363
,362
,356
,352
,369
,349
,344
,343
,370
,342
2026 06 24 16:50:18.129887,364
,363
,375
,350
,353
,373
,352
,351
,343
,379
,354
,359
,356
,374
2026 06 24 16:50:18.194931,344
,347
,367
,355
,345
,349
,370
,343
,349
,346
,374
,341
,354
,359
2026 06 24 16:50:18.256709,355
,351
,352
,366
,345
,345
,339
,373
,345
,358
,358
,368
,349
,350
2026 06 24 16:50:18.317991,363
,348
,351
,346
,373
,337
,351
,358
,366
,358
,355
,374
,361
,345
2026 06 24 16:50:18.382776,344
,378
,349
,355
,351
,370
,345
,344
,342
,354
,333
,339
,369
,344
2026 06 24 16:50:18.445213,355
,349
,373
,341
,349
,357
,353
,342
,354
,370
,353
,355
,343
,366
2026 06 24 16:50:18.510087,346
,355
,353
,369
,346
,343
,354
,348
,341
,336
,361
,331
,346
,346
2026 06 24 16:50:18.571298,368
,351
,350
,352
,354
,343
,353
,368
,352
,354
,351
,378
,351
,358
2026 06 24 16:50:18.632862,352
,360
,346
,347
,362
,353
,348
,344
,369
,346
,347
,347
,371
,340
2026 06 24 16:50:18.699028,333
,357
,353
,343
,342
,370
,347
,342
,343
,371
,339
,331
,340
,353
2026 06 24 16:50:18.760524,343
,342
,361
,346
,353
,351
,373
,349
,354
,355
,357
,344
,353
,371
2026 06 24 16:50:18.826005,359
,360
,354
,383
,351
,360
,338
,361
,342
,336
,362
,355
,359
,356
2026 06 24 16:50:18.886599,375
,344
,353
,355
,378
,347
,351
,358
,364
,351
,357
,380
,362
,362
2026 06 24 16:50:18.948436,349
,380
,350
,355
,356
,363
,342
,344
,362
,351
,355
,347
,380
,359
2026 06 24 16:50:19.014414,358
,361
,372
,347
,353
,370
,365
,346
,346
,375
,354
,353
,345
,363
2026 06 24 16:50:19.075952,331
,351
,352
,360
,356
,349
,372
,355
,352
,347
,374
,343
,351
,350
2026 06 24 16:50:19.141370,351
,343
,349
,368
,347
,352
,349
,366
,344
,361
,351
,362
,344
,346
2026 06 24 16:50:19.202876,357
,354
,354
,348
,369
,339
,346
,335
,358
,342
,337
,344
,350
,340
2026 06 24 16:50:19.263711,340
,368
,344
,350
,335
,360
,336
,341
,333
,355
,345
,339
,353
,342
2026 06 24 16:50:19.329903,336
,327
,353
,328
,335
,324
,354
,341
,344
,353
,357
,346
,345
,369
2026 06 24 16:50:19.391318,340
,348
,327
,360
,332
,332
,342
,351
,336
,337
,367
,342
,343
,333
2026 06 24 16:50:19.452223,350
,326
,341
,335
,351
,337
,340
,357
,344
,347
,344
,365
,339
,340
2026 06 24 16:50:19.518273,329
,350
,334
,333
,342
,347
,350
,346
,366
,345
,342
,328
,355
,339
2026 06 24 16:50:19.579537,341
,357
,359
,346
,347
,360
,349
,353
,345
,373
,346
,349
,359
,373
2026 06 24 16:50:19.644550,352
,352
,364
,350
,355
,352
,376
,345
,348
,349
,358
,336
,340
,355
2026 06 24 16:50:19.706262,346
,332
,336
,357
,331
,348
,341
,355
,344
,335
,352
,363
,344
,342
2026 06 24 16:50:19.767386,371
,350
,356
,348
,370
,343
,348
,347
,359
,347
,349
,358
,347
,352
2026 06 24 16:50:19.833552,329
,352
,343
,352
,360
,370
,351
,357
,362
,364
,348
,335
,364
,338
2026 06 24 16:50:19.894879,342
,344
,372
,349
,352
,358
,357
,338
,344
,371
,344
,341
,339
,372
2026 06 24 16:50:19.960390,343
,345
,341
,369
,351
,349
,369
,350
,346
,345
,376
,345
,353
,353
2026 06 24 16:50:20.022965,372
,342
,349
,355
,353
,345
,327
,363
,344
,347
,337
,365
,343
,343
2026 06 24 16:50:20.082213,348
,360
,357
,343
,364
,351
,357
,349
,378
,344
,352
,339
,355
,323
2026 06 24 16:50:20.149053,328
,350
,335
,337
,328
,359
,335
,353
,349
,371
,349
,354
,353
,361
2026 06 24 16:50:20.209944,352
,347
,372
,351
,352
,345
,377
,344
,352
,357
,369
,352
,353
,376
2026 06 24 16:50:20.275921,358
,365
,360
,381
,358
,348
,333
,355
,365
,361
,359
,361
,360
,349
2026 06 24 16:50:20.337567,373
,348
,358
,350
,368
,353
,356
,358
,363
,351
,344
,365
,336
,343
2026 06 24 16:50:20.398749,340
,377
,345
,350
,355
,369
,357
,355
,370
,356
,360
,349
,376
,346
2026 06 24 16:50:20.464350,349
,342
,362
,347
,344
,360
,344
,345
,337
,368
,352
,357
,352
,373
2026 06 24 16:50:20.525626,351
,362
,362
,355
,338
,345
,374
,350
,350
,346
,367
,339
,342
,363
2026 06 24 16:50:20.590705,371
,358
,354
,366
,354
,358
,355
,390
,362
,365
,359
,375
,343
,339
2026 06 24 16:50:20.652448,352
,351
,347
,334
,362
,345
,338
,344
,374
,354
,354
,354
,363
,358
2026 06 24 16:50:20.713945,348
,378
,351
,358
,343
,367
,346
,347
,343
,366
,347
,343
,363
,347
2026 06 24 16:50:20.779792,342
,346
,366
,335
,345
,336
,352
,329
,330
,351
,348
,349
,338
,373
2026 06 24 16:50:20.841423,350
,355
,349
,372
,350
,350
,351
,350
,340
,345
,366
,342
,345
,332
2026 06 24 16:50:20.906632,365
,334
,337
,343
,352
,343
,339
,349
,351
,356
,336
,363
,335
,339
2026 06 24 16:50:20.968229,335
,356
,336
,343
,355
,353
,353
,348
,372
,344
,349
,337
,365
,331
2026 06 24 16:50:21.028836,336
,348
,358
,355
,345
,364
,355
,357
,347
,369
,335
,342
,345
,353
2026 06 24 16:50:21.094485,344
,349
,365
,346
,349
,342
,368
,338
,347
,348
,366
,345
,344
,361
2026 06 24 16:50:21.156612,356
,347
,342
,378
,341
,354
,354
,373
,342
,339
,347
,358
,343
,344
2026 06 24 16:50:21.221991,372
,347
,349
,343
,363
,324
,338
,347
,359
,343
,344
,363
,349
,350
2026 06 24 16:50:21.283660,347
,370
,342
,341
,340
,361
,342
,340
,357
,347
,346
,335
,360
,344
2026 06 24 16:50:21.344923,345
,336
,364
,337
,345
,351
,351
,344
,337
,364
,346
,341
,342
,367
2026 06 24 16:50:21.410479,342
,344
,353
,365
,348
,340
,367
,354
,350
,342
,365
,339
,347
,344
2026 06 24 16:50:21.471075,365
,341
,349
,362
,360
,353
,348
,372
,348
,352
,343
,372
,346
,351
2026 06 24 16:50:21.537421,352
,351
,347
,344
,362
,331
,343
,340
,367
,336
,343
,333
,360
,356
2026 06 24 16:50:21.598975,335
,347
,350
,349
,346
,381
,343
,329
,328
,379
,331
,308
,325
,338
2026 06 24 16:50:21.659793,350
,301
,387
,370
,346
,343
,370
,343
,336
,346
,349
,335
,329
,351
2026 06 24 16:50:21.725897,336
,327
,302
,331
,317
,363
,356
,360
,321
,324
,371
,354
,349
,341
2026 06 24 16:50:21.788242,365
,338
,339
,336
,356
,335
,337
,352
,342
,341
,334
,357
,331
,336
2026 06 24 16:50:21.854189,331
,360
,330
,341
,347
,345
,331
,329
,350
,329
,328
,327
,351
,333
2026 06 24 16:50:21.914399,341
,339
,350
,335
,339
,350
,344
,343
,338
,363
,335
,344
,334
,355
2026 06 24 16:50:21.975018,339
,343
,349
,341
,334
,333
,356
,334
,347
,346
,368
,339
,342
,344
2026 06 24 16:50:22.041236,357
,345
,341
,359
,339
,341
,337
,366
,334
,346
,348
,356
,335
,336
2026 06 24 16:50:22.104017,354
,344
,339
,333
,366
,347
,358
,357
,371
,339
,350
,355
,349
,347
2026 06 24 16:50:22.168008,339
,358
,350
,365
,341
,366
,324
,331
,343
,299
,342
,382
,370
,352
2026 06 24 16:50:22.229064,348
,316
,373
,353
,349
,335
,325
,328
,343
,345
,351
,346
,335
,356
2026 06 24 16:50:22.290742,324
,334
,338
,356
,343
,336
,337
,345
,330
,327
,353
,321
,335
,339
2026 06 24 16:50:22.356607,362
,318
,344
,352
,359
,339
,340
,372
,353
,346
,346
,369
,338
,347
2026 06 24 16:50:22.417358,349
,363
,348
,343
,354
,343
,348
,344
,361
,339
,346
,336
,355
,336
2026 06 24 16:50:22.482337,338
,346
,344
,332
,332
,356
,338
,339
,329
,360
,330
,338
,337
,342
2026 06 24 16:50:22.544111,335
,338
,357
,339
,344
,332
,368
,344
,341
,339
,362
,341
,339
,344
2026 06 24 16:50:22.606144,349
,345
,338
,372
,341
,350
,339
,368
,336
,337
,349
,355
,349
,350
2026 06 24 16:50:22.672227,369
,351
,362
,342
,377
,349
,342
,357
,363
,342
,338
,373
,351
,346
2026 06 24 16:50:22.733483,331
,362
,343
,346
,321
,347
,353
,367
,375
,362
,357
,359
,379
,351
2026 06 24 16:50:22.798670,350
,349
,369
,338
,339
,349
,357
,352
,344
,369
,346
,349
,340
,363
2026 06 24 16:50:22.860521,343
,349
,347
,364
,348
,342
,360
,347
,343
,340
,375
,344
,350
,346
2026 06 24 16:50:22.921611,357
,341
,339
,362
,363
,354
,344
,366
,339
,346
,344
,360
,338
,342
2026 06 24 16:50:22.987302,352
,345
,351
,349
,374
,342
,350
,341
,366
,348
,353
,347
,357
,338
2026 06 24 16:50:23.048930,337
,352
,325
,342
,342
,369
,343
,352
,349
,367
,339
,341
,356
,348
2026 06 24 16:50:23.113790,337
,339
,372
,340
,343
,348
,371
,344
,347
,351
,354
,345
,341
,356
2026 06 24 16:50:23.175873,347
,349
,343
,370
,337
,352
,359
,363
,345
,344
,356
,352
,342
,345
2026 06 24 16:50:23.237342,374
,350
,352
,352
,368
,341
,340
,359
,343
,335
,330
,364
,344
,349
2026 06 24 16:50:23.301979,341
,363
,329
,334
,341
,344
,344
,340
,365
,349
,348
,336
,367
,335
2026 06 24 16:50:23.364402,346
,351
,365
,343
,352
,357
,338
,343
,335
,363
,338
,349
,347
,360
2026 06 24 16:50:23.425588,339
,344
,353
,353
,352
,340
,367
,342
,345
,339
,369
,344
,347
,344
2026 06 24 16:50:23.491271,345
,339
,337
,355
,343
,353
,343
,364
,345
,345
,343
,361
,332
,326
2026 06 24 16:50:23.551983,355
,343
,349
,343
,375
,345
,351
,346
,361
,333
,321
,346
,351
,353
2026 06 24 16:50:23.618078,340
,365
,345
,356
,349
,370
,350
,353
,353
,365
,350
,349
,370
,352
2026 06 24 16:50:23.679767,352
,342
,362
,340
,351
,347
,352
,338
,337
,352
,352
,353
,349
,384
2026 06 24 16:50:23.740223,347
,355
,352
,369
,347
,344
,350
,356
,356
,350
,362
,350
,352
,340
2026 06 24 16:50:23.806590,361
,339
,336
,336
,353
,344
,340
,362
,345
,343
,336
,358
,335
,356
2026 06 24 16:50:23.867710,341
,347
,338
,340
,359
,341
,342
,346
,371
,332
,345
,340
,366
,336
2026 06 24 16:50:23.933496,342
,351
,353
,335
,337
,360
,347
,347
,339
,362
,336
,344
,346
,348
2026 06 24 16:50:23.994538,342
,346
,367
,344
,344
,341
,363
,329
,341
,340
,352
,333
,344
,357
2026 06 24 16:50:24.056514,348
,347
,340
,367
,337
,352
,347
,364
,339
,341
,353
,347
,346
,338
2026 06 24 16:50:24.121212,367
,344
,339
,336
,356
,332
,340
,349
,355
,344
,342
,370
,351
,360
2026 06 24 16:50:24.182966,350
,360
,342
,353
,346
,358
,349
,352
,363
,356
,359
,355
,374
,341
2026 06 24 16:50:24.248906,348
,344
,362
,344
,351
,357
,355
,344
,355
,377
,345
,353
,342
,369
2026 06 24 16:50:24.310444,347
,352
,355
,363
,348
,341
,368
,339
,353
,346
,377
,340
,352
,352
2026 06 24 16:50:24.371933,372
,347
,349
,368
,357
,352
,338
,357
,347
,350
,341
,364
,337
,353
2026 06 24 16:50:24.437278,359
,365
,360
,355
,374
,352
,357
,347
,365
,333
,344
,349
,363
,351
2026 06 24 16:50:24.498667,349
,367
,350
,356
,356
,380
,350
,361
,352
,368
,344
,351
,359
,357
2026 06 24 16:50:24.564383,354
,346
,367
,332
,340
,345
,373
,348
,346
,354
,360
,358
,349
,372
2026 06 24 16:50:24.625762,348
,356
,348
,381
,347
,352
,352
,371
,347
,342
,363
,343
,341
,328
2026 06 24 16:50:24.687107,369
,347
,350
,342
,366
,350
,350
,359
,350
,337
,341
,366
,343
,352
2026 06 24 16:50:24.752433,349
,372
,343
,343
,341
,355
,347
,343
,364
,346
,348
,336
,364
,334
2026 06 24 16:50:24.813565,345
,349
,362
,336
,343
,363
,350
,337
,340
,362
,341
,352
,346
,367
2026 06 24 16:50:24.879613,344
,343
,355
,354
,342
,342
,372
,344
,350
,344
,371
,342
,344
,349
2026 06 24 16:50:24.940881,354
,339
,335
,362
,343
,345
,344
,371
,344
,351
,352
,365
,338
,338
2026 06 24 16:50:25.001675,360
,347
,350
,343
,370
,342
,350
,349
,364
,341
,351
,357
,348
,343
2026 06 24 16:50:25.067474,338
,374
,350
,353
,340
,368
,344
,349
,355
,357
,346
,342
,364
,344
2026 06 24 16:50:25.129476,350
,341
,374
,348
,356
,353
,357
,347
,350
,361
,349
,348
,340
,369
2026 06 24 16:50:25.194223,348
,349
,337
,360
,342
,343
,349
,347
,345
,341
,367
,339
,353
,341
2026 06 24 16:50:25.256502,375
,348
,351
,354
,357
,335
,332
,357
,351
,354
,340
,369
,346
,353
2026 06 24 16:50:25.317983,347
,359
,342
,341
,361
,348
,347
,344
,370
,343
,348
,348
,357
,331
2026 06 24 16:50:25.383514,338
,344
,344
,350
,340
,372
,348
,341
,345
,373
,339
,343
,355
,357
2026 06 24 16:50:25.444667,345
,342
,359
,345
,349
,330
,373
,344
,341
,352
,366
,351
,344
,363
2026 06 24 16:50:25.509918,346
,347
,347
,371
,339
,351
,348
,368
,342
,344
,357
,355
,353
,358
2026 06 24 16:50:25.571913,383
,359
,364
,350
,368
,348
,357
,358
,361
,350
,355
,371
,349
,356
2026 06 24 16:50:25.632843,350
,376
,341
,350
,348
,363
,343
,346
,370
,364
,355
,353
,376
,343
2026 06 24 16:50:25.698872,361
,352
,366
,350
,350
,347
,362
,358
,352
,376
,342
,357
,349
,361
2026 06 24 16:50:25.759938,342
,346
,357
,373
,357
,361
,378
,352
,362
,351
,372
,344
,360
,348
2026 06 24 16:50:25.825812,360
,340
,345
,368
,361
,360
,353
,375
,336
,352
,349
,370
,341
,340
2026 06 24 16:50:25.888163,357
,356
,345
,349
,369
,347
,354
,344
,371
,327
,334
,352
,361
,352
2026 06 24 16:50:25.948278,350
,368
,357
,354
,349
,375
,342
,345
,345
,367
,353
,351
,361
,359
2026 06 24 16:50:26.014305,354
,346
,375
,341
,341
,339
,373
,343
,336
,366
,376
,362
,359
,377
2026 06 24 16:50:26.075014,351
,357
,343
,367
,342
,345
,354
,371
,356
,352
,368
,352
,353
,349
2026 06 24 16:50:26.141162,375
,342
,339
,350
,371
,355
,359
,370
,359
,351
,343
,376
,346
,348
2026 06 24 16:50:26.203710,330
,366
,342
,350
,359
,359
,350
,351
,361
,355
,359
,342
,364
,334
2026 06 24 16:50:26.263940,340
,352
,364
,342
,340
,355
,341
,349
,344
,358
,336
,340
,338
,357
2026 06 24 16:50:26.329854,341
,349
,364
,355
,333
,341
,370
,347
,348
,341
,358
,331
,334
,343
2026 06 24 16:50:26.391334,348
,336
,336
,352
,325
,331
,333
,368
,341
,349
,349
,354
,348
,347
2026 06 24 16:50:26.456562,359
,345
,350
,343
,365
,339
,347
,338
,367
,351
,343
,363
,355
,354
2026 06 24 16:50:26.517962,345
,368
,343
,346
,341
,365
,342
,347
,356
,355
,343
,339
,371
,342
2026 06 24 16:50:26.579357,351
,345
,367
,336
,347
,351
,356
,338
,334
,362
,347
,351
,349
,374
2026 06 24 16:50:26.644707,345
,345
,335
,363
,337
,336
,355
,356
,350
,335
,355
,335
,338
,337
2026 06 24 16:50:26.706009,369
,335
,334
,342
,352
,339
,348
,378
,354
,355
,340
,362
,334
,356
2026 06 24 16:50:26.771869,352
,373
,353
,359
,366
,347
,356
,347
,366
,345
,350
,348
,357
,340
2026 06 24 16:50:26.833931,341
,346
,355
,343
,349
,370
,340
,342
,337
,361
,339
,345
,348
,351
2026 06 24 16:50:26.894762,344
,337
,366
,339
,337
,339
,364
,343
,349
,348
,355
,341
,342
,361
2026 06 24 16:50:26.960396,349
,349
,351
,368
,341
,350
,340
,367
,349
,341
,354
,353
,338
,336
2026 06 24 16:50:27.021890,358
,340
,347
,333
,358
,327
,345
,348
,340
,341
,345
,364
,349
,352
2026 06 24 16:50:27.086525,337
,360
,334
,343
,349
,353
,334
,338
,360
,347
,343
,334
,367
,334
2026 06 24 16:50:27.149526,345
,353
,375
,347
,342
,357
,349
,337
,340
,354
,337
,345
,342
,358
2026 06 24 16:50:27.209792,335
,344
,340
,348
,340
,331
,356
,344
,347
,341
,365
,336
,341
,332
2026 06 24 16:50:27.275171,359
,339
,344
,350
,349
,343
,332
,361
,336
,343
,338
,354
,333
,341
2026 06 24 16:50:27.337051,350
,349
,332
,331
,359
,329
,345
,329
,358
,339
,334
,326
,345
,334
2026 06 24 16:50:27.398123,331
,356
,347
,343
,335
,361
,337
,336
,344
,363
,334
,340
,359
,343
2026 06 24 16:50:27.463868,339
,344
,375
,348
,349
,345
,373
,324
,353
,357
,359
,351
,349
,366
2026 06 24 16:50:27.525685,339
,356
,345
,370
,333
,353
,356
,367
,351
,344
,372
,356
,352
,349
2026 06 24 16:50:27.590472,370
,342
,348
,352
,369
,352
,352
,353
,361
,355
,350
,374
,344
,351
2026 06 24 16:50:27.652222,349
,374
,349
,349
,358
,361
,345
,341
,376
,352
,353
,332
,381
,355
2026 06 24 16:50:27.713661,351
,355
,372
,357
,354
,369
,352
,355
,345
,378
,346
,348
,349
,372
2026 06 24 16:50:27.779576,346
,347
,360
,353
,341
,349
,375
,357
,350
,350
,373
,350
,350
,356
2026 06 24 16:50:27.840889,359
,347
,344
,376
,341
,356
,335
,366
,348
,358
,357
,373
,356
,347
2026 06 24 16:50:27.905680,368
,334
,348
,341
,375
,345
,357
,353
,368
,357
,348
,351
,345
,341
2026 06 24 16:50:27.967947,343
,375
,339
,355
,347
,373
,353
,352
,354
,360
,347
,349
,364
,352
2026 06 24 16:50:28.029076,360
,342
,364
,346
,353
,343
,351
,347
,342
,364
,354
,347
,345
,360
2026 06 24 16:50:28.094704,344
,350
,341
,368
,337
,341
,357
,360
,348
,337
,365
,346
,340
,339
2026 06 24 16:50:28.155971,371
,341
,358
,361
,360
,351
,350
,368
,342
,347
,346
,371
,347
,341
2026 06 24 16:50:28.221860,351
,363
,337
,336
,351
,347
,351
,344
,368
,346
,353
,339
,366
,349
2026 06 24 16:50:28.283454,346
,351
,347
,344
,336
,360
,343
,339
,338
,371
,353
,349
,354
,363
2026 06 24 16:50:28.345178,352
,335
,360
,341
,352
,344
,384
,344
,344
,351
,359
,333
,342
,345
2026 06 24 16:50:28.410449,340
,343
,340
,367
,346
,343
,346
,361
,347
,351
,356
,341
,342
,345
2026 06 24 16:50:28.471156,376
,349
,351
,340
,359
,333
,347
,354
,346
,339
,349
,360
,344
,358
2026 06 24 16:50:28.537192,351
,370
,348
,348
,346
,356
,333
,341
,361
,341
,352
,345
,362
,332
2026 06 24 16:50:28.598827,343
,350
,348
,345
,349
,347
,356
,344
,334
,366
,345
,340
,337
,357
2026 06 24 16:50:28.660035,324
,343
,348
,353
,343
,332
,363
,350
,345
,343
,351
,339
,347
,335
2026 06 24 16:50:28.725051,353
,331
,339
,352
,344
,339
,335
,363
,332
,335
,330
,350
,326
,334
2026 06 24 16:50:28.787483,344
,353
,344
,332
,357
,345
,335
,343
,359
,326
,335
,344
,365
,349
2026 06 24 16:50:28.851965,341
,357
,331
,347
,338
,354
,347
,345
,344
,346
,345
,336
,359
,343
2026 06 24 16:50:28.914175,345
,336
,362
,340
,351
,336
,357
,335
,333
,342
,332
,336
,346
,361
2026 06 24 16:50:28.975198,334
,341
,350
,368
,338
,345
,338
,356
,335
,334
,346
,345
,344
,341
2026 06 24 16:50:29.041076,363
,346
,342
,346
,369
,340
,332
,348
,337
,342
,328
,356
,336
,346
2026 06 24 16:50:29.102691,337
,357
,335
,340
,340
,342
,338
,342
,364
,337
,343
,338
,370
,332
2026 06 24 16:50:29.167383,342
,344
,362
,343
,351
,363
,353
,359
,358
,380
,337
,360
,357
,356
2026 06 24 16:50:29.229526,354
,357
,361
,359
,340
,352
,371
,355
,359
,345
,371
,348
,350
,346
2026 06 24 16:50:29.290348,353
,340
,338
,363
,342
,347
,343
,357
,341
,339
,333
,347
,340
,340
2026 06 24 16:50:29.356429,351
,330
,343
,334
,360
,335
,342
,338
,362
,344
,343
,348
,351
,336
2026 06 24 16:50:29.417047,340
,359
,344
,350
,344
,366
,336
,351
,358
,367
,352
,355
,380
,360
2026 06 24 16:50:29.483373,360
,344
,376
,350
,346
,343
,361
,343
,344
,371
,361
,353
,339
,368
2026 06 24 16:50:29.544550,337
,338
,343
,369
,340
,344
,359
,355
,332
,337
,359
,342
,350
,351
2026 06 24 16:50:29.605981,374
,350
,343
,351
,359
,341
,346
,366
,347
,347
,341
,361
,335
,340
2026 06 24 16:50:29.671506,340
,359
,335
,337
,364
,342
,352
,352
,372
,330
,341
,346
,368
,338
2026 06 24 16:50:29.733297,347
,351
,349
,337
,339
,367
,352
,353
,345
,359
,348
,352
,358
,363
2026 06 24 16:50:29.798758,342
,347
,370
,342
,347
,336
,365
,332
,348
,350
,369
,352
,352
,369
2026 06 24 16:50:29.859604,358
,354
,330
,362
,349
,360
,355
,369
,344
,338
,359
,354
,339
,341
2026 06 24 16:50:29.921376,368
,341
,353
,347
,372
,345
,350
,354
,363
,345
,353
,374
,359
,350
2026 06 24 16:50:29.987247,348
,367
,349
,356
,364
,373
,353
,351
,373
,356
,357
,345
,380
,359
2026 06 24 16:50:30.049155,361
,359
,373
,368
,359
,371
,366
,362
,350
,370
,349
,360
,355
,373
2026 06 24 16:50:30.114757,353
,358
,365
,362
,354
,348
,369
,364
,364
,365
,388
,358
,359
,358
2026 06 24 16:50:30.174983,377
,355
,355
,367
,355
,356
,348
,375
,347
,354
,353
,378
,348
,346
2026 06 24 16:50:30.236908,357
,369
,363
,356
,377
,358
,365
,355
,379
,340
,352
,359
,366
,354
2026 06 24 16:50:30.302133,346
,361
,350
,355
,346
,379
,351
,333
,352
,369
,348
,353
,367
,358
2026 06 24 16:50:30.364218,343
,341
,370
,356
,356
,351
,374
,343
,343
,357
,356
,350
,348
,364
2026 06 24 16:50:30.429496,341
,348
,352
,377
,351
,353
,359
,357
,345
,344
,361
,356
,361
,355
2026 06 24 16:50:30.491113,380
,353
,358
,356
,361
,336
,350
,365
,360
,348
,346
,359
,341
,345
2026 06 24 16:50:30.551686,343
,368
,336
,342
,357
,357
,347
,344
,372
,348
,343
,338
,370
,350
2026 06 24 16:50:30.617699,345
,351
,360
,343
,334
,362
,349
,348
,336
,370
,353
,352
,347
,362
2026 06 24 16:50:30.679532,352
,356
,365
,356
,358
,344
,365
,342
,339
,353
,374
,351
,345
,360
2026 06 24 16:50:30.744568,364
,352
,342
,365
,340
,338
,344
,374
,357
,357
,353
,358
,343
,347
2026 06 24 16:50:30.805549,368
,352
,350
,344
,365
,342
,345
,360
,367
,345
,352
,357
,354
,351
2026 06 24 16:50:30.867438,337
,367
,352
,351
,351
,382
,355
,354
,352
,345
,342
,354
,373
,353
2026 06 24 16:50:30.933395,347
,344
,366
,338
,358
,350
,353
,358
,346
,362
,348
,342
,357
,377
2026 06 24 16:50:30.994554,338
,355
,342
,367
,342
,343
,356
,362
,351
,339
,376
,346
,347
,337
2026 06 24 16:50:31.060525,360
,332
,315
,342
,360
,341
,349
,359
,338
,358
,345
,374
,339
,344
2026 06 24 16:50:31.121584,351
,367
,339
,344
,362
,360
,349
,348
,371
,343
,347
,339
,360
,347
2026 06 24 16:50:31.182640,354
,356
,355
,351
,336
,362
,339
,346
,346
,368
,333
,345
,347
,369
2026 06 24 16:50:31.248742,353
,348
,372
,355
,346
,338
,375
,345
,350
,346
,351
,345
,346
,355
2026 06 24 16:50:31.310338,346
,341
,339
,363
,347
,352
,336
,356
,358
,358
,364
,354
,349
,341
2026 06 24 16:50:31.372505,371
,352
,357
,344
,366
,334
,344
,354
,352
,350
,344
,366
,352
,348
2026 06 24 16:50:31.436648,338
,380
,349
,351
,358
,371
,344
,349
,355
,351
,347
,346
,362
,340
2026 06 24 16:50:31.498498,357
,340
,358
,343
,336
,360
,365
,343
,343
,364
,355
,350
,330
,374
2026 06 24 16:50:31.564114,344
,357
,353
,352
,345
,342
,363
,354
,355
,342
,365
,342
,339
,347
2026 06 24 16:50:31.625641,362
,337
,338
,364
,347
,339
,337
,364
,339
,346
,343
,368
,341
,342
2026 06 24 16:50:31.687283,350
,350
,341
,336
,356
,345
,352
,340
,373
,340
,341
,356
,360
,333
2026 06 24 16:50:31.754890,340
,363
,357
,357
,347
,365
,348
,363
,353
,370
,341
,339
,358
,347
2026 06 24 16:50:31.813864,341
,337
,369
,349
,351
,329
,375
,335
,354
,351
,365
,348
,349
,371
2026 06 24 16:50:31.879581,346
,356
,349
,367
,335
,341
,346
,358
,339
,347
,361
,342
,353
,351
2026 06 24 16:50:31.941271,378
,348
,349
,347
,364
,338
,335
,346
,350
,367
,349
,375
,341
,355
2026 06 24 16:50:32.001924,343
,351
,348
,346
,356
,354
,348
,349
,371
,348
,351
,355
,385
,351
2026 06 24 16:50:32.067134,364
,361
,364
,343
,336
,355
,346
,349
,334
,360
,343
,338
,349
,371
2026 06 24 16:50:32.129057,349
,348
,354
,338
,341
,343
,370
,345
,358
,349
,376
,343
,339
,352
2026 06 24 16:50:32.194549,354
,346
,340
,363
,347
,356
,342
,357
,345
,358
,359
,366
,344
,355
2026 06 24 16:50:32.256970,367
,354
,352
,341
,367
,355
,357
,349
,366
,344
,336
,352
,352
,357
2026 06 24 16:50:32.318945,351
,375
,344
,358
,354
,381
,353
,356
,360
,364
,351
,347
,365
,355
2026 06 24 16:50:32.383306,353
,349
,375
,338
,348
,345
,365
,347
,352
,368
,356
,356
,341
,377
2026 06 24 16:50:32.444788,345
,351
,347
,367
,343
,341
,358
,351
,346
,346
,376
,347
,358
,355
2026 06 24 16:50:32.509890,374
,345
,354
,348
,367
,359
,352
,371
,353
,352
,340
,363
,338
,343
2026 06 24 16:50:32.571849,338
,360
,336
,341
,360
,344
,345
,337
,364
,340
,347
,337
,370
,353
2026 06 24 16:50:32.633602,350
,356
,352
,348
,350
,368
,349
,349
,342
,366
,346
,352
,353
,357
2026 06 24 16:50:32.698547,342
,347
,362
,352
,354
,344
,372
,359
,365
,356
,368
,347
,345
,367
2026 06 24 16:50:32.760130,358
,351
,349
,377
,349
,356
,350
,371
,349
,347
,359
,359
,345
,349
2026 06 24 16:50:32.825574,369
,348
,358
,352
,378
,349
,352
,355
,369
,340
,349
,373
,353
,355
2026 06 24 16:50:32.886636,348
,376
,350
,350
,346
,363
,348
,351
,364
,357
,355
,353
,379
,346
2026 06 24 16:50:32.949328,358
,352
,375
,356
,354
,361
,357
,340
,342
,359
,349
,345
,341
,373
2026 06 24 16:50:33.013772,349
,348
,354
,377
,352
,345
,345
,351
,362
,350
,369
,346
,352
,332
2026 06 24 16:50:33.075625,361
,360
,358
,359
,352
,363
,357
,375
,349
,354
,348
,369
,350
,348
2026 06 24 16:50:33.141049,349
,353
,338
,338
,361
,339
,344
,339
,366
,338
,338
,338
,351
,342
2026 06 24 16:50:33.202474,334
,358
,345
,344
,336
,362
,336
,345
,340
,357
,333
,337
,351
,354
2026 06 24 16:50:33.263798,345
,339
,364
,329
,322
,332
,358
,323
,348
,358
,346
,335
,362
,378
2026 06 24 16:50:33.328593,364
,370
,355
,374
,345
,347
,347
,360
,342
,340
,358
,347
,345
,337
2026 06 24 16:50:33.390555,362
,338
,345
,340
,364
,342
,346
,359
,356
,349
,341
,365
,341
,344
2026 06 24 16:50:33.455527,343
,368
,340
,349
,348
,352
,337
,326
,344
,339
,347
,348
,381
,355
2026 06 24 16:50:33.517518,354
,330
,360
,362
,348
,364
,355
,344
,339
,371
,344
,351
,347
,368
2026 06 24 16:50:33.579350,340
,347
,356
,349
,344
,330
,347
,336
,357
,350
,377
,353
,351
,356
2026 06 24 16:50:33.645052,358
,348
,344
,362
,350
,347
,342
,376
,348
,350
,345
,360
,347
,341
2026 06 24 16:50:33.706341,353
,335
,337
,337
,353
,342
,344
,342
,350
,317
,343
,351
,339
,323
2026 06 24 16:50:33.770737,329
,359
,338
,335
,331
,353
,317
,324
,348
,311
,332
,340
,331
,308
2026 06 24 16:50:33.833337,346
,340
,351
,320
,347
,334
,342
,347
,347
,362
,350
,348
,339
,358
2026 06 24 16:50:33.894493,331
,331
,294
,236
,343
,366
,387
,373
,349
,330
,368
,347
,346
,338
2026 06 24 16:50:33.960227,352
,304
,329
,356
,336
,332
,345
,365
,346
,349
,339
,361
,345
,344
2026 06 24 16:50:34.021417,344
,365
,347
,344
,358
,350
,329
,302
,354
,354
,348
,343
,377
,331
2026 06 24 16:50:34.087106,344
,359
,348
,346
,328
,339
,338
,340
,295
,367
,348
,304
,349
,350
2026 06 24 16:50:34.148645,381
,367
,374
,346
,325
,338
,358
,287
,259
,291
,320
,246
,277
,407
2026 06 24 16:50:34.209207,367
,345
,343
,346
,334
,327
,318
,335
,318
,322
,344
,338
,330
,332
2026 06 24 16:50:34.275572,348
,333
,334
,313
,363
,331
,335
,359
,233
,135
,144
,196
,222
,243
2026 06 24 16:50:34.337091,267
,274
,243
,304
,275
,256
,282
,297
,302
,309
,308
,301
,322
,324
2026 06 24 16:50:34.402399,316
,305
,321
,300
,327
,325
,329
,332
,339
,349
,330
,339
,324
,353
2026 06 24 16:50:34.464039,347
,350
,346
,353
,375
,387
,399
,429
,479
,457
,480
,437
,431
,438
2026 06 24 16:50:34.524626,470
,463
,459
,488
,466
,480
,471
,507
,497
,497
,499
,524
,517
,496
2026 06 24 16:50:34.590885,506
,508
,509
,504
,548
,526
,537
,528
,569
,562
,562
,555
,553
,566
2026 06 24 16:50:34.651404,553
,579
,586
,558
,433
,562
,591
,600
,601
,600
,601
,599
,601
,600
2026 06 24 16:50:34.717090,601
,480
,492
,505
,595
,600
,601
,600
,600
,600
,601
,599
,601
,600
2026 06 24 16:50:34.782243,602
,601
,601
,600
,599
,601
,601
,600
,601
,591
,589
,602
,600
,600
2026 06 24 16:50:34.840567,600
,601
,601
,599
,601
,600
,601
,601
,600
,601
,601
,601
,600
,601
2026 06 24 16:50:34.905482,601
,600
,599
,601
,600
,601
,601
,601
,601
,600
,601
,599
,600
,600
2026 06 24 16:50:34.967510,601
,599
,601
,599
,600
,601
,601
,601
,600
,600
,601
,601
,600
,600
2026 06 24 16:50:35.033286,601
,601
,600
,601
,600
,601
,599
,601
,600
,597
,601
,600
,601
,590
2026 06 24 16:50:35.094831,599
,594
,579
,592
,564
,563
,560
,597
,570
,557
,552
,550
,568
,561
2026 06 24 16:50:35.155520,572
,576
,559
,534
,556
,539
,539
,522
,561
,528
,519
,568
,550
,517
2026 06 24 16:50:35.221695,513
,526
,508
,504
,481
,509
,481
,487
,482
,498
,494
,475
,502
,485
2026 06 24 16:50:35.283216,483
,463
,484
,467
,475
,464
,469
,460
,452
,464
,447
,453
,421
,453
2026 06 24 16:50:35.348590,420
,436
,437
,455
,444
,446
,424
,426
,431
,411
,439
,409
,418
,390
2026 06 24 16:50:35.410145,430
,388
,387
,377
,405
,392
,362
,383
,397
,406
,404
,391
,360
,371
2026 06 24 16:50:35.471626,356
,373
,360
,351
,368
,357
,365
,326
,366
,339
,328
,264
,278
,325
2026 06 24 16:50:35.536960,346
,334
,343
,330
,298
,307
,230
,332
,308
,324
,299
,302
,296
,301
2026 06 24 16:50:35.598641,301
,281
,292
,273
,285
,263
,286
,276
,267
,264
,281
,275
,247
,267
2026 06 24 16:50:35.659188,265
,263
,247
,281
,258
,267
,244
,277
,258
,225
,242
,245
,178
,181
2026 06 24 16:50:35.724701,193
,290
,144
,179
,181
,160
,213
,293
,270
,247
,216
,103
,221
,294
2026 06 24 16:50:35.786870,276
,268
,232
,202
,187
,207
,119
,178
,33
,209
,248
,280
,265
,270
2026 06 24 16:50:35.851865,268
,245
,239
,214
,234
,237
,257
,195
,154
,207
,213
,232
,207
,249
2026 06 24 16:50:35.914022,246
,244
,257
,265
,256
,253
,287
,277
,297
,262
,316
,297
,318
,286
2026 06 24 16:50:35.975093,312
,301
,297
,329
,311
,307
,305
,327
,300
,333
,295
,338
,311
,125
2026 06 24 16:50:36.040955,259
,407
,345
,223
,141
,334
,212
,328
,321
,288
,278
,374
,338
,256
2026 06 24 16:50:36.101605,262
,397
,302
,250
,176
,272
,221
,232
,229
,233
,193
,211
,216
,236
2026 06 24 16:50:36.167370,180
,146
,265
,243
,225
,221
,244
,223
,227
,243
,235
,214
,210
,259
2026 06 24 16:50:36.228367,234
,248
,238
,265
,249
,257
,275
,274
,249
,254
,296
,264
,254
,259
2026 06 24 16:50:36.289642,270
,257
,256
,245
,285
,248
,258
,245
,274
,255
,299
,333
,298
,296
2026 06 24 16:50:36.356322,306
,310
,289
,293
,288
,267
,272
,259
,295
,290
,281
,225
,356
,303
2026 06 24 16:50:36.417583,272
,341
,349
,339
,333
,342
,318
,307
,306
,327
,302
,306
,305
,328
2026 06 24 16:50:36.482591,304
,296
,315
,313
,302
,297
,322
,303
,307
,311
,323
,306
,308
,320
2026 06 24 16:50:36.544546,319
,314
,308
,336
,314
,309
,307
,332
,306
,314
,320
,323
,314
,316
2026 06 24 16:50:36.605547,331
,317
,316
,314
,339
,309
,315
,312
,310
,57
,338
,399
,249
,261
2026 06 24 16:50:36.670779,288
,254
,362
,341
,279
,346
,279
,237
,324
,342
,299
,284
,300
,290
2026 06 24 16:50:36.732132,299
,277
,303
,275
,282
,290
,289
,286
,281
,302
,284
,283
,280
,308
2026 06 24 16:50:36.798670,285
,287
,286
,304
,288
,261
,87
,158
,457
,263
,371
,311
,319
,324
2026 06 24 16:50:36.860362,315
,278
,287
,297
,307
,288
,282
,304
,293
,286
,285
,303
,275
,285
2026 06 24 16:50:36.921419,283
,296
,285
,282
,302
,290
,289
,281
,309
,277
,286
,289
,293
,286
2026 06 24 16:50:36.987006,282
,298
,294
,294
,292
,318
,291
,285
,277
,278
,267
,311
,325
,278
2026 06 24 16:50:37.047909,289
,283
,338
,308
,307
,291
,310
,284
,289
,297
,303
,291
,288
,288
2026 06 24 16:50:37.114087,274
,299
,283
,316
,292
,299
,296
,304
,288
,280
,298
,288
,294
,284
2026 06 24 16:50:37.175578,316
,290
,257
,264
,327
,283
,272
,307
,319
,289
,267
,306
,316
,300
2026 06 24 16:50:37.236274,291
,305
,273
,286
,266
,280
,266
,251
,275
,254
,260
,230
,275
,250
2026 06 24 16:50:37.302349,257
,250
,273
,229
,260
,253
,244
,255
,226
,248
,236
,254
,248
,255
2026 06 24 16:50:37.363743,243
,244
,252
,255
,229
,226
,255
,256
,258
,230
,264
,250
,245
,243
2026 06 24 16:50:37.429291,260
,248
,229
,241
,237
,252
,232
,254
,232
,242
,228
,167
,35
,251
2026 06 24 16:50:37.490593,333
,217
,175
,171
,353
,268
,256
,274
,280
,286
,299
,285
,288
,278
2026 06 24 16:50:37.552246,270
,291
,250
,246
,246
,264
,240
,245
,250
,300
,226
,250
,275
,259
2026 06 24 16:50:37.617348,289
,271
,260
,265
,310
,309
,315
,293
,286
,300
,300
,296
,275
,291
2026 06 24 16:50:37.679316,278
,296
,277
,330
,296
,264
,281
,316
,342
,315
,334
,313
,315
,302
2026 06 24 16:50:37.744535,330
,312
,310
,317
,331
,316
,289
,306
,306
,314
,314
,334
,302
,310
2026 06 24 16:50:37.806234,306
,344
,321
,317
,323
,313
,304
,304
,335
,321
,333
,319
,365
,323
2026 06 24 16:50:37.867662,342
,330
,339
,323
,323
,350
,322
,343
,337
,364
,321
,302
,327
,349
2026 06 24 16:50:37.933163,341
,326
,330
,298
,350
,323
,314
,353
,369
,369
,380
,337
,313
,337
2026 06 24 16:50:37.994555,311
,348
,337
,348
,332
,337
,334
,352
,326
,337
,376
,341
,318
,344
2026 06 24 16:50:38.060062,353
,312
,339
,316
,370
,335
,332
,306
,342
,349
,360
,369
,350
,359
2026 06 24 16:50:38.121612,341
,372
,330
,332
,318
,364
,323
,323
,354
,350
,337
,319
,358
,333
2026 06 24 16:50:38.182747,319
,350
,376
,330
,290
,267
,367
,378
,356
,298
,315
,344
,342
,384
2026 06 24 16:50:38.248499,309
,320
,381
,374
,345
,339
,358
,341
,342
,323
,342
,320
,321
,307
2026 06 24 16:50:38.310105,297
,347
,342
,353
,361
,352
,309
,370
,328
,347
,320
,360
,332
,327
2026 06 24 16:50:38.375065,355
,363
,327
,334
,354
,336
,354
,332
,367
,333
,343
,345
,344
,346
2026 06 24 16:50:38.436827,313
,322
,381
,372
,350
,380
,330
,331
,333
,351
,315
,330
,348
,339
2026 06 24 16:50:38.498462,331
,318
,351
,323
,330
,327
,354
,321
,330
,342
,349
,342
,337
,372
2026 06 24 16:50:38.563818,351
,350
,337
,369
,336
,343
,340
,357
,344
,344
,362
,342
,348
,344
2026 06 24 16:50:38.625455,358
,332
,366
,357
,374
,353
,339
,360
,345
,332
,330
,382
,343
,356
2026 06 24 16:50:38.690875,337
,368
,346
,349
,362
,365
,367
,368
,375
,358
,348
,342
,368
,338
2026 06 24 16:50:38.752306,345
,340
,367
,353
,339
,368
,382
,378
,374
,397
,356
,379
,355
,365
2026 06 24 16:50:38.813570,356
,356
,365
,365
,368
,359
,388
,371
,374
,366
,394
,376
,400
,363
2026 06 24 16:50:38.879307,377
,365
,368
,399
,389
,385
,361
,380
,367
,383
,397
,413
,394
,381
2026 06 24 16:50:38.940857,434
,368
,374
,367
,405
,359
,333
,331
,439
,392
,353
,420
,429
,408
2026 06 24 16:50:39.006235,395
,426
,398
,401
,387
,417
,398
,410
,403
,416
,387
,390
,414
,391
2026 06 24 16:50:39.067307,396
,390
,431
,404
,415
,404
,416
,401
,400
,431
,410
,410
,402
,429
2026 06 24 16:50:39.129026,403
,406
,404
,427
,401
,405
,425
,425
,412
,407
,432
,399
,413
,418
2026 06 24 16:50:39.194575,435
,409
,422
,417
,416
,412
,398
,421
,405
,413
,401
,435
,395
,403
2026 06 24 16:50:39.256376,407
,409
,392
,383
,400
,394
,400
,385
,370
,407
,441
,423
,437
,406
2026 06 24 16:50:39.322185,401
,413
,396
,400
,389
,410
,384
,395
,382
,413
,387
,398
,390
,391
2026 06 24 16:50:39.383430,383
,370
,405
,385
,386
,381
,397
,352
,387
,389
,394
,375
,369
,395
2026 06 24 16:50:39.444166,379
,378
,367
,402
,375
,379
,366
,390
,369
,367
,382
,378
,350
,339
2026 06 24 16:50:39.510014,392
,380
,351
,302
,401
,394
,378
,371
,369
,369
,359
,379
,352
,356
2026 06 24 16:50:39.571837,348
,383
,353
,351
,351
,374
,350
,352
,376
,354
,348
,332
,372
,335
2026 06 24 16:50:39.632397,334
,344
,354
,354
,361
,386
,376
,362
,356
,371
,352
,356
,334
,361
2026 06 24 16:50:39.698534,350
,345
,351
,341
,332
,329
,355
,329
,333
,320
,359
,326
,333
,331
2026 06 24 16:50:39.760370,337
,335
,332
,350
,329
,331
,312
,337
,333
,337
,327
,347
,320
,326
2026 06 24 16:50:39.825399,353
,345
,346
,328
,353
,326
,331
,318
,344
,323
,323
,319
,326
,320
2026 06 24 16:50:39.886889,303
,327
,324
,321
,304
,337
,308
,300
,309
,333
,302
,299
,331
,296
2026 06 24 16:50:39.948170,296
,253
,250
,257
,230
,223
,403
,314
,253
,316
,355
,301
,324
,358
2026 06 24 16:50:40.013778,290
,296
,286
,322
,300
,306
,285
,300
,261
,290
,325
,308
,301
,275
2026 06 24 16:50:40.074691,316
,295
,307
,284
,269
,296
,277
,292
,322
,205
,164
,323
,199
,264
2026 06 24 16:50:40.140824,356
,283
,207
,314
,338
,318
,300
,281
,280
,305
,322
,340
,370
,288
2026 06 24 16:50:40.202304,274
,266
,270
,269
,269
,316
,310
,305
,297
,332
,271
,312
,297
,204
2026 06 24 16:50:40.262931,363
,346
,246
,205
,366
,378
,332
,343
,327
,316
,320
,266
,276
,301
2026 06 24 16:50:40.328531,297
,287
,294
,301
,275
,275
,274
,304
,283
,290
,305
,295
,290
,280
2026 06 24 16:50:40.390801,296
,290
,291
,254
,261
,227
,229
,206
,326
,346
,317
,281
,184
,264
2026 06 24 16:50:40.456158,362
,386
,327
,321
,309
,318
,273
,295
,299
,280
,274
,266
,287
,242
2026 06 24 16:50:40.517217,267
,259
,259
,294
,269
,296
,294
,275
,260
,305
,287
,280
,147
,76
2026 06 24 16:50:40.578343,383
,310
,235
,291
,299
,294
,311
,318
,326
,309
,317
,295
,295
,289
2026 06 24 16:50:40.644560,312
,277
,268
,276
,273
,271
,249
,281
,282
,279
,267
,273
,274
,267
2026 06 24 16:50:40.705351,271
,296
,240
,264
,300
,271
,274
,285
,316
,304
,266
,289
,304
,279
2026 06 24 16:50:40.771540,270
,259
,240
,195
,261
,369
,258
,283
,325
,346
,322
,315
,347
,336
2026 06 24 16:50:40.833102,294
,302
,326
,246
,277
,298
,303
,286
,271
,255
,304
,299
,311
,347
2026 06 24 16:50:40.893950,312
,303
,293
,297
,285
,204
,393
,388
,268
,309
,375
,402
,380
,394
2026 06 24 16:50:40.960084,423
,395
,387
,402
,429
,432
,422
,439
,473
,438
,373
,414
,378
,396
2026 06 24 16:50:41.020941,387
,431
,396
,381
,410
,408
,411
,402
,407
,409
,408
,412
,411
,403
2026 06 24 16:50:41.086914,400
,357
,229
,302
,435
,397
,440
,429
,440
,443
,392
,360
,379
,418
2026 06 24 16:50:41.148472,419
,382
,354
,331
,325
,320
,328
,286
,275
,295
,319
,298
,276
,263
2026 06 24 16:50:41.209693,287
,279
,253
,292
,282
,260
,265
,313
,287
,268
,240
,236
,221
,259
2026 06 24 16:50:41.275330,325
,295
,284
,293
,324
,273
,254
,270
,278
,259
,268
,276
,275
,274
2026 06 24 16:50:41.336782,259
,309
,264
,265
,256
,288
,276
,295
,273
,271
,262
,261
,301
,304
2026 06 24 16:50:41.402280,266
,173
,175
,261
,217
,213
,224
,238
,350
,364
,344
,368
,331
,344
2026 06 24 16:50:41.463914,300
,289
,279
,281
,259
,247
,293
,257
,208
,223
,265
,338
,312
,288
2026 06 24 16:50:41.525758,348
,332
,320
,299
,301
,252
,182
,363
,305
,298
,281
,166
,300
,336
2026 06 24 16:50:41.590844,299
,361
,300
,290
,360
,316
,282
,268
,350
,237
,189
,249
,246
,289
2026 06 24 16:50:41.652139,272
,262
,329
,330
,328
,336
,233
,244
,272
,305
,264
,269
,270
,222
2026 06 24 16:50:41.716933,301
,265
,295
,253
,324
,334
,335
,281
,309
,314
,299
,305
,316
,329
2026 06 24 16:50:41.779224,306
,289
,292
,337
,239
,276
,338
,388
,346
,344
,352
,364
,353
,330
2026 06 24 16:50:41.841403,335
,358
,348
,346
,370
,329
,339
,358
,363
,296
,339
,317
,341
,306
2026 06 24 16:50:41.905093,359
,352
,330
,363
,443
,386
,394
,393
,432
,411
,369
,335
,371
,422
2026 06 24 16:50:41.967149,348
,307
,383
,360
,278
,440
,383
,416
,390
,462
,402
,340
,285
,411
2026 06 24 16:50:42.032862,464
,458
,482
,340
,335
,379
,424
,410
,407
,402
,440
,415
,425
,393
2026 06 24 16:50:42.095006,443
,437
,445
,428
,419
,412
,400
,416
,426
,420
,399
,442
,420
,426
2026 06 24 16:50:42.155205,435
,419
,458
,453
,462
,408
,404
,434
,355
,304
,507
,464
,306
,530
2026 06 24 16:50:42.221487,523
,516
,444
,447
,434
,466
,447
,441
,440
,447
,424
,434
,456
,432
2026 06 24 16:50:42.283189,431
,428
,436
,427
,424
,382
,398
,492
,482
,468
,459
,467
,454
,455
2026 06 24 16:50:42.348686,419
,406
,414
,435
,438
,441
,444
,422
,394
,384
,439
,418
,414
,443
2026 06 24 16:50:42.409960,440
,399
,397
,416
,442
,417
,444
,452
,440
,472
,493
,516
,450
,468
2026 06 24 16:50:42.471272,462
,421
,432
,540
,584
,403
,573
,578
,561
,511
,533
,528
,536
,484
2026 06 24 16:50:42.536307,510
,496
,488
,491
,480
,528
,511
,528
,514
,522
,475
,451
,505
,504
2026 06 24 16:50:42.598200,485
,485
,495
,474
,481
,480
,493
,455
,468
,447
,478
,469
,464
,463
2026 06 24 16:50:42.663811,459
,448
,441
,465
,426
,398
,372
,380
,281
,446
,449
,407
,386
,384
2026 06 24 16:50:42.725314,408
,367
,342
,333
,377
,361
,345
,348
,386
,380
,378
,400
,371
,364
2026 06 24 16:50:42.786667,373
,400
,374
,374
,385
,396
,377
,387
,402
,383
,371
,397
,453
,366
2026 06 24 16:50:42.852243,353
,398
,392
,273
,184
,265
,324
,432
,457
,448
,390
,381
,377
,413
2026 06 24 16:50:42.914184,389
,374
,400
,405
,410
,417
,316
,293
,447
,278
,398
,453
,435
,397
2026 06 24 16:50:42.979174,437
,406
,369
,402
,403
,371
,361
,303
,355
,398
,355
,403
,450
,382
2026 06 24 16:50:43.040924,285
,298
,369
,375
,315
,363
,329
,271
,396
,423
,360
,388
,372
,426
2026 06 24 16:50:43.101554,422
,355
,284
,371
,322
,356
,326
,331
,303
,308
,341
,321
,280
,438
2026 06 24 16:50:43.167052,405
,225
,481
,401
,363
,371
,394
,359
,355
,385
,372
,373
,373
,521
2026 06 24 16:50:43.229202,485
,400
,335
,348
,320
,359
,446
,483
,465
,399
,373
,419
,450
,464
2026 06 24 16:50:43.294554,436
,543
,585
,588
,475
,464
,477
,433
,447
,439
,440
,434
,532
,537
2026 06 24 16:50:43.356147,514
,537
,501
,587
,590
,600
,599
,505
,430
,431
,449
,493
,477
,514
2026 06 24 16:50:43.417177,504
,492
,570
,565
,567
,595
,507
,568
,600
,569
,497
,528
,571
,564
2026 06 24 16:50:43.482151,469
,525
,570
,589
,582
,459
,577
,548
,566
,546
,563
,549
,534
,544
2026 06 24 16:50:43.544556,530
,493
,521
,551
,539
,533
,518
,567
,478
,517
,592
,600
,561
,588
2026 06 24 16:50:43.606047,568
,517
,524
,496
,494
,476
,488
,495
,527
,516
,523
,544
,544
,526
2026 06 24 16:50:43.671492,535
,547
,552
,584
,585
,567
,503
,512
,494
,505
,512
,532
,553
,552
2026 06 24 16:50:43.732122,543
,537
,546
,547
,534
,580
,592
,532
,504
,517
,521
,512
,527
,550
2026 06 24 16:50:43.797741,546
,499
,522
,565
,542
,591
,600
,598
,475
,421
,476
,507
,532
,541
2026 06 24 16:50:43.860021,562
,560
,537
,586
,598
,600
,601
,601
,560
,497
,545
,592
,543
,556
2026 06 24 16:50:43.921068,580
,597
,562
,555
,580
,560
,560
,562
,570
,572
,575
,598
,600
,569
2026 06 24 16:50:43.986848,556
,593
,592
,566
,556
,591
,595
,579
,581
,569
,545
,591
,599
,590
2026 06 24 16:50:44.048036,568
,578
,598
,563
,543
,552
,592
,540
,538
,563
,489
,583
,582
,598
2026 06 24 16:50:44.113720,599
,497
,577
,584
,572
,522
,535
,538
,495
,495
,553
,555
,512
,514
2026 06 24 16:50:44.174999,555
,534
,517
,517
,523
,524
,523
,532
,521
,515
,519
,525
,518
,506
2026 06 24 16:50:44.236678,504
,530
,526
,532
,506
,486
,465
,508
,527
,495
,465
,457
,476
,445
2026 06 24 16:50:44.302374,455
,457
,480
,470
,486
,507
,540
,505
,455
,475
,457
,411
,444
,450
2026 06 24 16:50:44.363574,433
,423
,466
,493
,464
,456
,500
,482
,437
,449
,464
,462
,444
,487
2026 06 24 16:50:44.429193,494
,438
,436
,455
,442
,434
,449
,456
,428
,416
,438
,460
,425
,430
2026 06 24 16:50:44.490691,449
,440
,421
,436
,466
,449
,447
,443
,452
,410
,384
,405
,411
,408
2026 06 24 16:50:44.552051,405
,428
,415
,402
,405
,440
,412
,396
,413
,417
,411
,414
,444
,413
2026 06 24 16:50:44.616970,403
,400
,407
,377
,359
,380
,390
,379
,375
,389
,397
,381
,369
,417
2026 06 24 16:50:44.679198,415
,365
,383
,390
,377
,390
,393
,379
,353
,369
,393
,386
,372
,352
2026 06 24 16:50:44.743892,353
,326
,350
,360
,371
,353
,367
,375
,361
,344
,363
,353
,328
,326
2026 06 24 16:50:44.806061,362
,371
,366
,337
,357
,374
,339
,335
,361
,341
,327
,334
,345
,346
2026 06 24 16:50:44.868598,323
,359
,354
,331
,330
,337
,324
,326
,332
,342
,328
,296
,340
,357
2026 06 24 16:50:44.932022,346
,342
,355
,328
,312
,315
,344
,327
,343
,343
,326
,307
,311
,335
2026 06 24 16:50:44.994693,337
,322
,309
,327
,325
,305
,318
,328
,324
,296
,310
,318
,313
,319
2026 06 24 16:50:45.059033,339
,282
,308
,336
,319
,302
,298
,296
,315
,305
,290
,307
,304
,293
2026 06 24 16:50:45.120954,298
,321
,288
,273
,306
,323
,327
,327
,302
,276
,266
,280
,307
,286
2026 06 24 16:50:45.182911,258
,286
,306
,287
,271
,294
,303
,307
,322
,300
,283
,304
,287
,295
2026 06 24 16:50:45.247620,269
,269
,294
,278
,255
,279
,301
,296
,271
,282
,296
,290
,283
,291
2026 06 24 16:50:45.309374,299
,272
,295
,290
,287
,277
,293
,304
,281
,268
,278
,290
,279
,281
2026 06 24 16:50:45.374808,301
,296
,298
,295
,279
,263
,287
,306
,282
,256
,258
,274
,274
,268
2026 06 24 16:50:45.436684,272
,291
,268
,264
,273
,287
,276
,285
,305
,306
,262
,261
,292
,301
2026 06 24 16:50:45.497442,284
,273
,269
,275
,271
,271
,277
,266
,273
,280
,280
,272
,288
,305
2026 06 24 16:50:45.563762,294
,259
,277
,279
,263
,266
,291
,277
,262
,270
,292
,276
,261
,261
2026 06 24 16:50:45.624555,283
,266
,267
,299
,280
,257
,286
,299
,279
,267
,250
,269
,267
,258
2026 06 24 16:50:45.690691,280
,286
,269
,271
,286
,280
,245
,272
,290
,284
,284
,284
,291
,273
2026 06 24 16:50:45.752325,231
,259
,288
,273
,264
,287
,267
,259
,265
,286
,275
,271
,277
,283
2026 06 24 16:50:45.813518,272
,260
,275
,297
,293
,279
,265
,243
,242
,268
,278
,258
,254
,279
2026 06 24 16:50:45.879154,273
,268
,277
,301
,292
,271
,272
,271
,287
,267
,273
,285
,282
,264
2026 06 24 16:50:45.940683,266
,263
,254
,272
,278
,267
,262
,279
,274
,277
,285
,310
,285
,262
2026 06 24 16:50:46.006003,270
,294
,296
,249
,246
,259
,254
,252
,282
,280
,262
,282
,310
,290
2026 06 24 16:50:46.067390,262
,269
,292
,287
,237
,269
,254
,226
,257
,304
,257
,247
,292
,298
2026 06 24 16:50:46.128557,292
,287
,292
,295
,283
,281
,282
,271
,261
,271
,286
,271
,258
,250
2026 06 24 16:50:46.194320,275
,266
,268
,283
,276
,262
,279
,305
,274
,256
,265
,301
,277
,255
2026 06 24 16:50:46.256042,264
,294
,296
,293
,287
,265
,242
,254
,282
,267
,254
,274
,291
,286
2026 06 24 16:50:46.321373,279
,289
,287
,267
,273
,292
,290
,268
,263
,270
,266
,268
,288
,271
2026 06 24 16:50:46.382965,263
,279
,286
,273
,275
,287
,292
,299
,276
,280
,269
,272
,278
,281
2026 06 24 16:50:46.444068,263
,261
,262
,289
,279
,256
,277
,291
,290
,279
,324
,300
,267
,256
2026 06 24 16:50:46.509866,287
,277
,268
,270
,270
,265
,265
,288
,279
,275
,287
,297
,282
,284
2026 06 24 16:50:46.571289,277
,280
,285
,283
,297
,312
,274
,266
,269
,264
,263
,285
,296
,290
2026 06 24 16:50:46.636783,288
,293
,297
,282
,282
,287
,280
,278
,290
,288
,272
,258
,278
,288
2026 06 24 16:50:46.698377,283
,275
,287
,292
,292
,272
,256
,212
,289
,312
,295
,306
,307
,290
2026 06 24 16:50:46.759615,296
,289
,282
,283
,289
,275
,280
,293
,291
,277
,282
,290
,257
,269
2026 06 24 16:50:46.825064,285
,264
,248
,285
,306
,303
,281
,290
,294
,276
,277
,288
,284
,279
2026 06 24 16:50:46.886183,286
,284
,317
,294
,268
,273
,267
,264
,274
,294
,284
,281
,282
,288
2026 06 24 16:50:46.951512,288
,296
,294
,274
,249
,304
,322
,300
,266
,289
,239
,330
,321
,324
2026 06 24 16:50:47.013563,315
,280
,278
,303
,289
,279
,294
,298
,283
,289
,305
,287
,271
,286
2026 06 24 16:50:47.074236,289
,289
,273
,295
,278
,243
,313
,312
,289
,292
,294
,308
,293
,280
2026 06 24 16:50:47.140634,292
,297
,281
,285
,298
,290
,289
,293
,309
,285
,285
,279
,291
,283
2026 06 24 16:50:47.202113,258
,304
,310
,267
,263
,298
,277
,237
,309
,319
,296
,264
,301
,306
2026 06 24 16:50:47.263660,289
,285
,314
,300
,265
,261
,288
,280
,278
,298
,306
,286
,276
,296
2026 06 24 16:50:47.329063,286
,276
,279
,300
,294
,282
,290
,298
,292
,296
,307
,278
,260
,279
2026 06 24 16:50:47.389883,300
,293
,267
,278
,316
,306
,271
,288
,304
,296
,287
,305
,269
,176
2026 06 24 16:50:47.455977,318
,283
,340
,310
,299
,297
,298
,284
,294
,288
,272
,277
,296
,288
2026 06 24 16:50:47.516797,273
,281
,292
,287
,277
,292
,283
,264
,262
,297
,296
,270
,273
,297
2026 06 24 16:50:47.578172,246
,277
,297
,295
,280
,274
,284
,274
,267
,287
,294
,278
,274
,300
2026 06 24 16:50:47.644458,296
,276
,269
,292
,279
,235
,232
,291
,314
,276
,271
,307
,291
,262
2026 06 24 16:50:47.705673,280
,292
,276
,268
,270
,278
,270
,277
,282
,278
,265
,275
,271
,256
2026 06 24 16:50:47.771320,267
,279
,259
,254
,283
,281
,257
,191
,307
,302
,268
,275
,280
,268
2026 06 24 16:50:47.832983,256
,266
,271
,271
,257
,271
,283
,278
,266
,273
,283
,266
,260
,271
2026 06 24 16:50:47.893650,286
,271
,247
,210
,296
,286
,287
,279
,261
,251
,272
,266
,248
,246
2026 06 24 16:50:47.959903,231
,250
,283
,287
,275
,259
,256
,270
,262
,248
,252
,270
,256
,242
2026 06 24 16:50:48.020420,243
,243
,233
,221
,244
,226
,210
,208
,209
,216
,195
,208
,216
,192
2026 06 24 16:50:48.086790,182
,195
,193
,178
,181
,180
,171
,151
,162
,201
,210
,164
,179
,186
2026 06 24 16:50:48.147835,186
,187
,187
,190
,170
,194
,205
,163
,180
,53
,70
,213
,99
,185
2026 06 24 16:50:48.209546,164
,209
,212
,101
,220
,125
,179
,299
,225
,130
,198
,182
,140
,173
2026 06 24 16:50:48.275065,167
,175
,126
,181
,180
,195
,173
,186
,185
,166
,174
,179
,186
,161
2026 06 24 16:50:48.336781,179
,180
,199
,164
,193
,198
,179
,180
,196
,199
,184
,193
,199
,210
2026 06 24 16:50:48.402055,184
,199
,198
,167
,13
,195
,193
,238
,171
,192
,252
,202
,213
,165
2026 06 24 16:50:48.463692,321
,236
,205
,202
,186
,185
,198
,211
,167
,197
,207
,207
,180
,215
2026 06 24 16:50:48.523850,212
,210
,214
,218
,221
,197
,216
,238
,230
,196
,233
,241
,212
,157
2026 06 24 16:50:48.590613,225
,144
,287
,282
,191
,364
,300
,293
,285
,267
,234
,255
,252
,237
2026 06 24 16:50:48.651749,240
,243
,258
,219
,248
,260
,260
,227
,252
,262
,251
,262
,274
,269
2026 06 24 16:50:48.716746,252
,270
,270
,272
,246
,275
,275
,271
,262
,263
,275
,256
,276
,274
2026 06 24 16:50:48.779103,248
,266
,282
,319
,309
,303
,308
,316
,305
,293
,318
,312
,320
,301
2026 06 24 16:50:48.840471,333
,316
,312
,302
,333
,334
,331
,344
,334
,338
,315
,334
,320
,318
2026 06 24 16:50:48.905964,304
,320
,339
,338
,334
,328
,326
,331
,344
,324
,328
,323
,350
,334
2026 06 24 16:50:48.967450,329
,332
,338
,338
,327
,348
,329
,336
,320
,352
,338
,331
,335
,351
2026 06 24 16:50:49.032919,340
,338
,341
,336
,347
,330
,356
,336
,337
,333
,356
,339
,333
,336
2026 06 24 16:50:49.094426,323
,332
,348
,356
,335
,361
,338
,374
,349
,341
,346
,345
,344
,330
2026 06 24 16:50:49.155634,349
,332
,343
,333
,367
,345
,338
,339
,351
,342
,336
,356
,340
,348
2026 06 24 16:50:49.221869,337
,361
,335
,334
,351
,361
,343
,331
,335
,331
,356
,349
,374
,348
2026 06 24 16:50:49.282691,350
,339
,361
,353
,346
,343
,345
,345
,328
,352
,343
,346
,329
,364
2026 06 24 16:50:49.348323,346
,328
,334
,356
,334
,328
,372
,352
,351
,330
,364
,341
,338
,339
2026 06 24 16:50:49.408997,357
,349
,340
,348
,346
,345
,335
,362
,340
,346
,340
,360
,341
,337
2026 06 24 16:50:49.471364,344
,343
,348
,337
,363
,356
,351
,333
,352
,342
,328
,338
,351
,351
2026 06 24 16:50:49.536724,342
,357
,341
,325
,323
,363
,335
,318
,320
,375
,346
,334
,343
,348
2026 06 24 16:50:49.598222,349
,322
,363
,342
,327
,344
,341
,313
,320
,336
,354
,355
,347
,382
2026 06 24 16:50:49.663613,341
,341
,323
,352
,335
,334
,330
,345
,331
,332
,322
,348
,363
,340
2026 06 24 16:50:49.724982,379
,357
,357
,339
,337
,344
,332
,344
,363
,352
,310
,348
,344
,345
2026 06 24 16:50:49.789376,325
,328
,346
,332
,341
,358
,352
,327
,358
,338
,343
,331
,352
,339
2026 06 24 16:50:49.852073,334
,325
,334
,337
,323
,344
,332
,340
,322
,354
,339
,321
,317
,362
2026 06 24 16:50:49.912715,332
,313
,353
,347
,334
,316
,329
,322
,294
,276
,358
,333
,181
,186
2026 06 24 16:50:49.978838,446
,396
,353
,375
,348
,315
,307
,293
,269
,270
,238
,275
,240
,226
2026 06 24 16:50:50.040246,240
,200
,256
,219
,257
,163
,15
,22
,72
,100
,72
,103
,140
,120
2026 06 24 16:50:50.101489,118
,115
,108
,138
,158
,182
,196
,202
,189
,196
,209
,186
,213
,191
2026 06 24 16:50:50.167057,175
,176
,223
,209
,187
,194
,209
,232
,213
,227
,203
,223
,204
,250
2026 06 24 16:50:50.229090,196
,202
,223
,249
,250
,230
,257
,267
,273
,263
,290
,298
,328
,298
2026 06 24 16:50:50.294370,312
,297
,309
,340
,341
,343
,339
,369
,349
,355
,337
,336
,340
,326
2026 06 24 16:50:50.355763,361
,360
,334
,327
,374
,364
,367
,345
,383
,335
,347
,339
,314
,329
2026 06 24 16:50:50.417712,348
,374
,346
,357
,330
,356
,366
,371
,318
,368
,357
,331
,326
,278
2026 06 24 16:50:50.482569,360
,347
,361
,393
,406
,381
,405
,366
,359
,361
,384
,360
,347
,383
2026 06 24 16:50:50.544440,361
,371
,357
,385
,334
,362
,366
,390
,381
,388
,366
,380
,369
,360
2026 06 24 16:50:50.608856,383
,371
,374
,355
,382
,301
,355
,421
,347
,401
,361
,387
,375
,399
2026 06 24 16:50:50.671265,338
,391
,355
,314
,256
,399
,417
,386
,405
,374
,381
,369
,418
,380
2026 06 24 16:50:50.732714,343
,352
,366
,352
,350
,371
,345
,341
,354
,379
,348
,367
,367
,384
2026 06 24 16:50:50.798080,364
,356
,373
,388
,353
,323
,353
,343
,368
,357
,395
,358
,342
,357
2026 06 24 16:50:50.859127,367
,370
,339
,369
,361
,367
,358
,386
,361
,367
,366
,387
,364
,358
2026 06 24 16:50:50.920935,398
,390
,380
,361
,380
,355
,365
,347
,375
,364
,337
,388
,384
,382
2026 06 24 16:50:50.985679,370
,395
,361
,366
,349
,388
,374
,362
,382
,380
,383
,375
,426
,396
2026 06 24 16:50:51.047443,391
,375
,410
,396
,407
,392
,408
,310
,349
,418
,449
,455
,441
,458
2026 06 24 16:50:51.112762,418
,419
,417
,430
,398
,398
,437
,413
,405
,396
,427
,403
,412
,387
2026 06 24 16:50:51.174551,422
,393
,383
,408
,403
,385
,384
,416
,411
,396
,364
,414
,347
,384
2026 06 24 16:50:51.235702,400
,387
,395
,377
,395
,361
,358
,380
,424
,384
,387
,383
,398
,373
2026 06 24 16:50:51.302197,380
,405
,382
,395
,375
,398
,369
,369
,361
,375
,358
,369
,376
,397
2026 06 24 16:50:51.363573,368
,360
,425
,362
,358
,380
,401
,362
,366
,373
,366
,352
,352
,387
2026 06 24 16:50:51.428474,358
,371
,354
,403
,366
,361
,366
,388
,367
,362
,385
,353
,347
,341
2026 06 24 16:50:51.490819,382
,342
,358
,350
,383
,369
,362
,378
,371
,369
,354
,380
,353
,346
2026 06 24 16:50:51.551855,325
,342
,360
,378
,388
,387
,371
,364
,392
,366
,363
,347
,379
,352
2026 06 24 16:50:51.617523,350
,347
,367
,354
,334
,347
,365
,366
,342
,379
,342
,359
,342
,353
2026 06 24 16:50:51.678774,341
,345
,361
,357
,351
,337
,375
,337
,338
,318
,352
,331
,329
,336
2026 06 24 16:50:51.744271,345
,326
,322
,361
,334
,338
,330
,373
,336
,331
,339
,347
,340
,319
2026 06 24 16:50:51.804986,350
,320
,317
,335
,361
,325
,327
,325
,366
,335
,330
,351
,337
,337
2026 06 24 16:50:51.866840,330
,364
,324
,331
,322
,351
,322
,315
,340
,345
,336
,327
,355
,329
2026 06 24 16:50:51.932820,332
,329
,359
,330
,328
,330
,342
,327
,332
,355
,331
,331
,326
,367
2026 06 24 16:50:51.993560,333
,342
,335
,357
,339
,326
,345
,351
,355
,322
,355
,335
,345
,331
2026 06 24 16:50:52.060159,344
,329
,325
,318
,364
,357
,332
,355
,310
,354
,346
,381
,345
,344
2026 06 24 16:50:52.120826,354
,375
,343
,334
,372
,348
,350
,333
,373
,342
,345
,352
,371
,303
2026 06 24 16:50:52.182035,311
,396
,338
,350
,363
,387
,362
,370
,366
,390
,363
,369
,385
,375
2026 06 24 16:50:52.248252,356
,326
,408
,365
,362
,356
,414
,375
,365
,378
,381
,342
,380
,429
2026 06 24 16:50:52.309576,372
,375
,368
,374
,349
,358
,357
,388
,360
,384
,409
,383
,369
,361
2026 06 24 16:50:52.374462,402
,362
,362
,359
,388
,364
,366
,382
,360
,358
,356
,392
,371
,379
2026 06 24 16:50:52.436588,368
,400
,376
,384
,387
,400
,396
,382
,415
,388
,392
,382
,425
,396
2026 06 24 16:50:52.497334,398
,405
,426
,403
,411
,438
,420
,422
,413
,441
,418
,416
,405
,432
2026 06 24 16:50:52.563620,391
,393
,424
,429
,410
,415
,464
,421
,428
,415
,455
,415
,418
,424
2026 06 24 16:50:52.624900,431
,410
,391
,425
,413
,430
,405
,443
,411
,394
,410
,458
,437
,425
2026 06 24 16:50:52.690699,438
,428
,435
,406
,448
,420
,431
,404
,421
,405
,413
,431
,421
,429
2026 06 24 16:50:52.752178,422
,453
,402
,425
,409
,444
,416
,419
,417
,430
,417
,402
,429
,410
2026 06 24 16:50:52.812477,420
,398
,426
,395
,406
,403
,423
,413
,405
,428
,421
,415
,407
,444
2026 06 24 16:50:52.879098,411
,416
,409
,430
,407
,411
,403
,429
,422
,399
,439
,403
,396
,427
2026 06 24 16:50:52.939577,454
,424
,413
,422
,431
,423
,406
,435
,405
,411
,385
,431
,395
,407
2026 06 24 16:50:53.006009,402
,406
,387
,410
,412
,443
,413
,394
,418
,349
,412
,406
,414
,394
2026 06 24 16:50:53.066776,380
,413
,402
,389
,370
,407
,384
,386
,376
,395
,379
,385
,384
,392
2026 06 24 16:50:53.128323,394
,362
,396
,381
,387
,357
,388
,344
,387
,280
,420
,411
,411
,404
2026 06 24 16:50:53.194324,401
,403
,381
,411
,395
,387
,393
,411
,388
,386
,406
,389
,390
,383
2026 06 24 16:50:53.255515,410
,377
,381
,365
,398
,381
,378
,376
,401
,383
,364
,390
,372
,381
2026 06 24 16:50:53.320747,357
,395
,361
,364
,372
,370
,361
,344
,382
,370
,360
,354
,399
,352
2026 06 24 16:50:53.382773,335
,353
,364
,347
,347
,363
,365
,364
,349
,394
,372
,379
,370
,384
2026 06 24 16:50:53.443633,362
,364
,370
,376
,373
,366
,391
,360
,374
,362
,396
,343
,379
,375
2026 06 24 16:50:53.509724,371
,372
,352
,367
,356
,368
,349
,385
,352
,361
,346
,365
,350
,344
2026 06 24 16:50:53.571096,370
,346
,354
,338
,368
,343
,359
,340
,363
,346
,342
,352
,354
,359
2026 06 24 16:50:53.636444,343
,371
,350
,358
,337
,376
,343
,348
,348
,357
,343
,334
,363
,342
2026 06 24 16:50:53.697457,342
,332
,364
,343
,343
,344
,357
,324
,350
,363
,356
,352
,333
,365
2026 06 24 16:50:53.758978,334
,341
,325
,363
,329
,335
,358
,352
,355
,344
,360
,327
,348
,338
2026 06 24 16:50:53.824765,360
,333
,330
,336
,349
,343
,333
,353
,330
,336
,321
,348
,326
,312
2026 06 24 16:50:53.886448,322
,333
,331
,321
,337
,326
,326
,315
,356
,330
,341
,323
,349
,319
2026 06 24 16:50:53.951388,315
,343
,337
,336
,321
,353
,330
,333
,315
,351
,323
,318
,326
,333
2026 06 24 16:50:54.013983,321
,307
,341
,330
,325
,312
,344
,324
,328
,319
,331
,323
,321
,344
2026 06 24 16:50:54.074194,328
,329
,306
,336
,301
,322
,312
,340
,318
,302
,329
,325
,334
,310
2026 06 24 16:50:54.140431,350
,318
,324
,309
,349
,313
,317
,323
,332
,326
,316
,353
,326
,333
2026 06 24 16:50:54.202502,326
,362
,331
,328
,324
,345
,336
,326
,346
,331
,335
,326
,350
,323
2026 06 24 16:50:54.269430,332
,313
,348
,332
,318
,338
,328
,339
,327
,351
,328
,335
,325
,350
2026 06 24 16:50:54.328247,312
,327
,328
,339
,333
,315
,345
,320
,327
,312
,349
,323
,337
,331
2026 06 24 16:50:54.390354,345
,332
,326
,344
,326
,331
,314
,349
,321
,323
,314
,345
,325
,320
2026 06 24 16:50:54.455803,332
,338
,339
,316
,352
,331
,335
,324
,353
,324
,325
,332
,333
,331
2026 06 24 16:50:54.518892,319
,348
,326
,334
,323
,351
,321
,332
,326
,343
,328
,320
,346
,328
2026 06 24 16:50:54.582726,333
,308
,346
,319
,328
,315
,336
,315
,314
,326
,327
,330
,307
,339
2026 06 24 16:50:54.643556,324
,312
,317
,354
,336
,338
,338
,341
,332
,321
,351
,322
,339
,325
2026 06 24 16:50:54.705703,352
,321
,335
,333
,350
,331
,325
,356
,339
,336
,317
,354
,328
,349
2026 06 24 16:50:54.771203,341
,359
,343
,343
,356
,354
,354
,338
,378
,348
,358
,351
,376
,352
2026 06 24 16:50:54.832786,351
,358
,348
,348
,360
,394
,367
,371
,355
,392
,360
,361
,364
,362
2026 06 24 16:50:54.894014,349
,347
,362
,362
,363
,347
,386
,350
,363
,349
,373
,360
,351
,358
2026 06 24 16:50:54.959696,370
,371
,341
,376
,349
,355
,347
,375
,356
,357
,363
,361
,362
,357
2026 06 24 16:50:55.020763,384
,362
,365
,352
,391
,345
,352
,359
,368
,351
,349
,369
,347
,348
2026 06 24 16:50:55.086673,320
,352
,340
,352
,352
,373
,356
,351
,365
,365
,356
,338
,368
,335
2026 06 24 16:50:55.148068,337
,329
,361
,342
,347
,354
,353
,344
,345
,385
,368
,373
,353
,379
2026 06 24 16:50:55.208821,354
,357
,355
,360
,337
,329
,367
,340
,347
,338
,378
,345
,339
,339
2026 06 24 16:50:55.275012,383
,351
,350
,374
,365
,364
,349
,382
,343
,354
,328
,361
,339
,340
2026 06 24 16:50:55.335805,362
,358
,354
,344
,388
,355
,363
,356
,392
,362
,361
,373
,372
,358
2026 06 24 16:50:55.401923,346
,373
,353
,366
,344
,375
,332
,350
,359
,384
,368
,344
,371
,359
2026 06 24 16:50:55.463099,351
,328
,355
,354
,347
,342
,370
,365
,337
,360
,347
,330
,318
,365
2026 06 24 16:50:55.524814,356
,372
,332
,347
,342
,344
,328
,342
,358
,338
,368
,327
,341
,337
2026 06 24 16:50:55.590433,349
,326
,331
,325
,362
,352
,339
,364
,355
,342
,336
,360
,342
,335
2026 06 24 16:50:55.651586,332
,362
,343
,335
,353
,345
,338
,335
,368
,346
,342
,327
,366
,343
2026 06 24 16:50:55.718216,340
,351
,355
,337
,328
,374
,337
,348
,326
,364
,331
,342
,351
,355
2026 06 24 16:50:55.778859,339
,314
,325
,364
,358
,321
,375
,355
,352
,342
,360
,343
,344
,365
2026 06 24 16:50:55.840156,356
,347
,346
,383
,346
,363
,346
,375
,350
,365
,374
,375
,370
,356
2026 06 24 16:50:55.905834,391
,363
,376
,368
,393
,362
,371
,364
,380
,368
,368
,387
,372
,376
2026 06 24 16:50:55.969336,362
,399
,365
,362
,366
,388
,372
,373
,380
,368
,375
,357
,402
,371
2026 06 24 16:50:56.032693,379
,359
,389
,367
,373
,377
,364
,362
,358
,391
,367
,368
,361
,395
2026 06 24 16:50:56.094181,369
,365
,366
,379
,373
,366
,387
,373
,378
,349
,392
,373
,389
,378
2026 06 24 16:50:56.154826,393
,370
,366
,388
,374
,375
,364
,406
,370
,377
,368
,400
,369
,369
2026 06 24 16:50:56.220711,386
,386
,377
,369
,405
,380
,388
,369
,399
,365
,372
,374
,405
,391
2026 06 24 16:50:56.282581,367
,400
,222
,233
,303
,198
,447
,456
,390
,431
,357
,277
,320
,271
2026 06 24 16:50:56.348113,354
,403
,377
,404
,404
,364
,372
,340
,370
,303
,318
,362
,336
,311
2026 06 24 16:50:56.409651,337
,358
,367
,385
,351
,335
,343
,367
,365
,348
,381
,361
,376
,349
2026 06 24 16:50:56.471077,371
,356
,367
,349
,382
,356
,354
,374
,353
,368
,337
,377
,342
,362
2026 06 24 16:50:56.535786,373
,388
,377
,329
,318
,195
,211
,230
,359
,365
,521
,445
,425
,396
2026 06 24 16:50:56.597236,407
,400
,396
,372
,371
,392
,387
,397
,387
,418
,401
,410
,394
,431
2026 06 24 16:50:56.662911,416
,398
,410
,399
,418
,396
,432
,399
,404
,383
,427
,409
,390
,397
2026 06 24 16:50:56.724534,399
,414
,381
,411
,396
,405
,370
,393
,376
,375
,370
,385
,378
,359
2026 06 24 16:50:56.785635,375
,340
,327
,326
,409
,353
,402
,384
,388
,386
,347
,361
,259
,205
2026 06 24 16:50:56.851889,386
,432
,377
,413
,381
,384
,365
,350
,356
,352
,361
,325
,345
,325
2026 06 24 16:50:56.912424,337
,302
,331
,320
,311
,318
,327
,337
,306
,342
,325
,341
,299
,342
2026 06 24 16:50:56.979054,333
,339
,321
,340
,342
,312
,334
,321
,335
,294
,294
,317
,340
,284
2026 06 24 16:50:57.040974,404
,379
,354
,348
,351
,359
,316
,347
,313
,351
,328
,354
,330
,332
2026 06 24 16:50:57.101529,334
,331
,351
,321
,328
,347
,361
,334
,362
,340
,348
,351
,370
,359
2026 06 24 16:50:57.166374,341
,359
,354
,366
,324
,349
,341
,357
,336
,353
,324
,324
,361
,377
2026 06 24 16:50:57.229850,404
,368
,406
,376
,381
,340
,382
,359
,353
,351
,358
,379
,341
,374
2026 06 24 16:50:57.294243,351
,392
,361
,398
,382
,389
,376
,398
,405
,381
,396
,382
,404
,365
2026 06 24 16:50:57.355752,389
,373
,400
,394
,399
,378
,395
,388
,394
,422
,379
,411
,402
,408
2026 06 24 16:50:57.416967,367
,407
,416
,401
,375
,343
,306
,289
,344
,325
,311
,289
,364
,355
2026 06 24 16:50:57.482700,344
,331
,357
,341
,310
,326
,324
,349
,303
,332
,313
,333
,301
,327
2026 06 24 16:50:57.544986,332
,311
,317
,321
,340
,287
,311
,310
,312
,273
,308
,308
,285
,271
2026 06 24 16:50:57.609602,290
,287
,243
,302
,300
,313
,266
,262
,278
,271
,246
,270
,267
,244
2026 06 24 16:50:57.670841,267
,263
,268
,228
,258
,249
,255
,213
,236
,248
,222
,231
,252
,232
2026 06 24 16:50:57.731962,211
,250
,224
,247
,215
,231
,233
,220
,242
,218
,213
,215
,221
,185
2026 06 24 16:50:57.798097,159
,173
,127
,268
,276
,224
,249
,264
,225
,223
,224
,260
,230
,241
2026 06 24 16:50:57.859603,262
,279
,241
,259
,287
,276
,294
,294
,286
,266
,324
,309
,343
,322
2026 06 24 16:50:57.924507,347
,324
,314
,321
,326
,341
,317
,346
,330
,343
,327
,363
,351
,362
2026 06 24 16:50:57.985728,375
,366
,374
,367
,401
,372
,382
,368
,405
,384
,385
,383
,379
,380
2026 06 24 16:50:58.047814,383
,391
,407
,410
,401
,435
,396
,404
,395
,418
,399
,392
,407
,379
2026 06 24 16:50:58.113179,383
,390
,435
,399
,417
,403
,440
,431
,449
,468
,451
,437
,406
,450
2026 06 24 16:50:58.174506,434
,452
,448
,488
,472
,489
,470
,476
,472
,467
,482
,457
,472
,454
2026 06 24 16:50:58.240336,499
,467
,481
,474
,487
,478
,469
,487
,471
,481
,459
,445
,392
,404
2026 06 24 16:50:58.301317,380
,409
,388
,383
,386
,377
,375
,368
,399
,374
,385
,374
,419
,398
2026 06 24 16:50:58.362555,377
,380
,387
,367
,361
,388
,365
,370
,352
,376
,360
,371
,363
,383
2026 06 24 16:50:58.428817,375
,369
,385
,376
,384
,362
,399
,361
,378
,365
,383
,363
,367
,385
2026 06 24 16:50:58.490801,392
,385
,374
,402
,374
,377
,361
,396
,380
,379
,373
,383
,392
,379
2026 06 24 16:50:58.555709,412
,371
,400
,371
,403
,385
,388
,379
,394
,387
,377
,399
,396
,394
2026 06 24 16:50:58.616978,380
,411
,399
,391
,379
,414
,399
,400
,398
,406
,408
,389
,428
,414
2026 06 24 16:50:58.678572,416
,403
,433
,412
,413
,408
,412
,410
,385
,415
,401
,414
,387
,417
2026 06 24 16:50:58.744214,396
,404
,409
,421
,404
,395
,420
,399
,412
,385
,425
,400
,386
,380
2026 06 24 16:50:58.805253,389
,302
,151
,376
,326
,394
,523
,474
,468
,487
,436
,424
,424
,423
2026 06 24 16:50:58.870467,391
,388
,356
,408
,433
,422
,503
,454
,461
,436
,426
,428
,433
,415
2026 06 24 16:50:58.932648,404
,419
,420
,424
,396
,430
,414
,405
,370
,359
,351
,355
,363
,369
2026 06 24 16:50:58.993935,378
,363
,394
,376
,380
,365
,410
,390
,391
,398
,410
,402
,392
,419
2026 06 24 16:50:59.059347,402
,418
,404
,445
,406
,402
,403
,395
,279
,285
,358
,422
,369
,378
2026 06 24 16:50:59.121234,503
,498
,416
,442
,381
,446
,471
,485
,466
,441
,416
,438
,397
,402
2026 06 24 16:50:59.182119,415
,451
,424
,415
,421
,427
,415
,403
,424
,405
,415
,400
,412
,387
2026 06 24 16:50:59.248023,386
,408
,420
,410
,392
,423
,407
,392
,338
,357
,347
,354
,338
,376
2026 06 24 16:50:59.308590,358
,363
,380
,378
,398
,360
,402
,387
,355
,253
,389
,438
,375
,409
2026 06 24 16:50:59.374567,393
,422
,399
,252
,425
,389
,446
,473
,438
,444
,425
,418
,409
,413
2026 06 24 16:50:59.436398,426
,408
,401
,389
,418
,382
,382
,392
,403
,388
,377
,391
,386
,393
2026 06 24 16:50:59.497311,376
,408
,379
,383
,379
,401
,378
,386
,385
,387
,392
,373
,408
,379
2026 06 24 16:50:59.562364,392
,382
,412
,390
,408
,383
,381
,387
,360
,347
,341
,245
,394
,374
2026 06 24 16:50:59.624009,446
,501
,428
,435
,413
,397
,396
,378
,398
,386
,410
,395
,377
,367
2026 06 24 16:50:59.690135,402
,384
,373
,387
,389
,391
,376
,406
,370
,394
,371
,405
,372
,365
2026 06 24 16:50:59.751836,391
,382
,378
,373
,410
,361
,394
,381
,411
,378
,408
,388
,396
,382
2026 06 24 16:50:59.812837,380
,413
,377
,394
,371
,420
,388
,407
,380
,425
,394
,399
,405
,396
2026 06 24 16:50:59.878426,415
,397
,395
,349
,417
,395
,408
,398
,381
,390
,402
,390
,373
,367
2026 06 24 16:50:59.939549,378
,399
,369
,416
,400
,374
,384
,382
,379
,373
,383
,374
,356
,363
2026 06 24 16:51:00.005698,353
,372
,329
,316
,428
,380
,380
,388
,372
,367
,361
,397
,365
,372
2026 06 24 16:51:00.067008,348
,385
,355
,358
,373
,391
,375
,363
,388
,370
,360
,345
,392
,356
2026 06 24 16:51:00.127935,374
,353
,347
,391
,375
,409
,382
,364
,343
,424
,400
,391
,368
,393
2026 06 24 16:51:00.194124,385
,363
,367
,375
,374
,365
,401
,383
,383
,258
,320
,435
,398
,348
2026 06 24 16:51:00.254740,415
,426
,396
,410
,381
,391
,376
,401
,391
,380
,380
,395
,379
,365
2026 06 24 16:51:00.320187,404
,366
,360
,356
,393
,355
,357
,390
,416
,427
,393
,375
,418
,394
2026 06 24 16:51:00.382547,365
,401
,386
,383
,370
,409
,391
,369
,377
,397
,397
,379
,405
,372
2026 06 24 16:51:00.443627,398
,372
,397
,410
,393
,382
,389
,338
,351
,384
,417
,394
,304
,497
2026 06 24 16:51:00.509505,422
,398
,390
,400
,388
,380
,392
,390
,392
,373
,408
,382
,375
,363
2026 06 24 16:51:00.571065,378
,387
,409
,385
,373
,423
,400
,408
,397
,409
,387
,408
,385
,371
2026 06 24 16:51:00.635589,379
,389
,393
,377
,402
,391
,397
,377
,399
,382
,387
,375
,376
,412
2026 06 24 16:51:00.697977,383
,377
,425
,414
,389
,407
,384
,389
,377
,405
,385
,376
,385
,392
2026 06 24 16:51:00.758740,396
,372
,401
,376
,388
,364
,401
,355
,337
,344
,286
,349
,503
,443
2026 06 24 16:51:00.824552,416
,424
,390
,406
,382
,377
,362
,379
,381
,372
,384
,370
,365
,347
2026 06 24 16:51:00.886045,387
,370
,369
,359
,384
,374
,353
,367
,365
,372
,347
,389
,363
,376
2026 06 24 16:51:00.951321,364
,391
,369
,356
,363
,382
,382
,356
,393
,374
,388
,359
,395
,374
2026 06 24 16:51:01.013212,371
,367
,394
,380
,361
,388
,365
,328
,53
,398
,472
,334
,448
,384
2026 06 24 16:51:01.074526,298
,373
,430
,396
,322
,365
,429
,398
,382
,344
,339
,331
,370
,366
2026 06 24 16:51:01.140303,366
,362
,337
,361
,346
,352
,336
,364
,337
,353
,340
,352
,345
,337
2026 06 24 16:51:01.200863,359
,351
,351
,329
,368
,352
,355
,349
,375
,365
,347
,371
,365
,302
2026 06 24 16:51:01.266945,178
,417
,169
,444
,426
,380
,417
,401
,328
,345
,322
,300
,385
,398
2026 06 24 16:51:01.329090,360
,358
,396
,345
,351
,345
,344
,335
,319
,345
,337
,344
,328
,355
2026 06 24 16:51:01.390273,331
,332
,317
,336
,335
,329
,349
,335
,342
,314
,356
,329
,337
,317
2026 06 24 16:51:01.454879,339
,320
,306
,330
,254
,281
,430
,350
,373
,393
,384
,395
,359
,346
2026 06 24 16:51:01.516902,338
,339
,331
,325
,340
,323
,339
,303
,347
,323
,327
,322
,343
,325
2026 06 24 16:51:01.581926,328
,343
,341
,339
,323
,354
,333
,344
,332
,350
,340
,329
,329
,328
2026 06 24 16:51:01.644098,325
,306
,298
,338
,366
,322
,356
,272
,244
,397
,423
,375
,347
,359
2026 06 24 16:51:01.705033,333
,339
,314
,337
,317
,318
,304
,328
,346
,327
,335
,351
,327
,319
2026 06 24 16:51:01.771038,355
,322
,327
,311
,332
,309
,295
,312
,327
,322
,312
,335
,313
,331
2026 06 24 16:51:01.832572,321
,344
,319
,330
,340
,339
,344
,314
,359
,333
,319
,309
,341
,330
2026 06 24 16:51:01.897966,319
,309
,320
,320
,316
,326
,287
,339
,327
,350
,316
,314
,307
,328
2026 06 24 16:51:01.959462,315
,273
,322
,336
,334
,309
,345
,322
,314
,281
,308
,308
,378
,355
2026 06 24 16:51:02.020912,336
,327
,315
,349
,328
,327
,304
,346
,326
,331
,335
,357
,346
,332
2026 06 24 16:51:02.086336,349
,336
,339
,319
,350
,321
,305
,289
,367
,329
,320
,359
,343
,347
2026 06 24 16:51:02.147957,331
,353
,335
,354
,321
,358
,333
,309
,302
,321
,306
,238
,371
,363
2026 06 24 16:51:02.213368,348
,327
,356
,334
,327
,326
,346
,340
,317
,339
,331
,332
,311
,337
2026 06 24 16:51:02.274549,304
,325
,315
,334
,308
,313
,305
,327
,328
,332
,373
,347
,340
,314
2026 06 24 16:51:02.335783,337
,307
,314
,315
,325
,323
,317
,346
,336
,324
,322
,350
,327
,330
2026 06 24 16:51:02.401721,286
,382
,405
,362
,360
,313
,357
,334
,359
,339
,351
,339
,362
,350
2026 06 24 16:51:02.463388,336
,345
,332
,326
,287
,335
,297
,283
,370
,389
,352
,346
,345
,347
2026 06 24 16:51:02.528719,352
,330
,349
,332
,329
,314
,335
,318
,320
,317
,335
,284
,287
,336
2026 06 24 16:51:02.590243,328
,324
,313
,346
,336
,366
,348
,351
,337
,321
,343
,344
,341
,316
2026 06 24 16:51:02.650950,346
,324
,327
,311
,333
,320
,315
,316
,326
,341
,309
,338
,298
,336
2026 06 24 16:51:02.716994,275
,350
,365
,334
,325
,356
,347
,322
,340
,325
,331
,315
,345
,319
2026 06 24 16:51:02.778762,323
,321
,341
,327
,316
,336
,324
,323
,305
,315
,285
,328
,322
,346
2026 06 24 16:51:02.843963,305
,318
,326
,364
,349
,330
,351
,318
,335
,312
,345
,322
,323
,325
2026 06 24 16:51:02.905638,323
,324
,310
,320
,300
,286
,310
,378
,338
,312
,308
,335
,329
,315
2026 06 24 16:51:02.966870,337
,345
,343
,313
,351
,338
,330
,315
,336
,323
,313
,327
,300
,327
2026 06 24 16:51:03.032052,318
,339
,317
,295
,344
,356
,327
,315
,336
,350
,333
,317
,339
,313
2026 06 24 16:51:03.094147,325
,321
,347
,328
,327
,316
,330
,323
,312
,337
,318
,310
,301
,356
2026 06 24 16:51:03.155492,314
,307
,292
,348
,362
,345
,321
,331
,346
,321
,348
,325
,327
,306
2026 06 24 16:51:03.220817,342
,319
,307
,294
,330
,346
,311
,300
,268
,322
,351
,364
,349
,335
2026 06 24 16:51:03.281802,313
,324
,310
,290
,313
,312
,315
,298
,319
,305
,296
,287
,330
,312
2026 06 24 16:51:03.347752,299
,335
,315
,320
,307
,321
,307
,302
,294
,329
,308
,315
,315
,328
2026 06 24 16:51:03.409470,324
,318
,326
,282
,302
,351
,364
,333
,312
,320
,330
,334
,318
,334
2026 06 24 16:51:03.470213,326
,329
,309
,338
,319
,313
,292
,324
,324
,296
,246
,329
,368
,326
2026 06 24 16:51:03.536024,337
,356
,352
,327
,339
,322
,308
,325
,336
,334
,319
,347
,338
,341
2026 06 24 16:51:03.597214,312
,333
,327
,320
,314
,327
,337
,308
,334
,315
,327
,310
,351
,336
2026 06 24 16:51:03.663378,303
,333
,360
,341
,342
,342
,324
,336
,304
,337
,308
,306
,347
,366
2026 06 24 16:51:03.724554,345
,331
,335
,354
,340
,321
,357
,337
,321
,290
,358
,346
,328
,304
2026 06 24 16:51:03.786186,332
,320
,294
,283
,349
,358
,351
,389
,369
,363
,339
,354
,335
,322
2026 06 24 16:51:03.852211,335
,332
,329
,311
,350
,330
,334
,320
,333
,292
,333
,345
,268
,413
2026 06 24 16:51:03.912339,392
,387
,344
,345
,336
,353
,336
,332
,323
,340
,340
,331
,357
,352
2026 06 24 16:51:03.978649,346
,332
,349
,321
,327
,308
,323
,329
,321
,342
,314
,342
,344
,354
2026 06 24 16:51:04.040255,352
,338
,346
,363
,337
,327
,343
,357
,360
,332
,352
,331
,323
,321
2026 06 24 16:51:04.101509,350
,322
,331
,340
,342
,342
,334
,342
,321
,328
,341
,372
,348
,333
2026 06 24 16:51:04.166764,331
,357
,341
,330
,342
,343
,347
,311
,333
,366
,346
,350
,360
,339
2026 06 24 16:51:04.227915,332
,339
,330
,328
,319
,342
,344
,351
,328
,342
,337
,292
,305
,418
2026 06 24 16:51:04.294078,396
,329
,360
,378
,379
,355
,369
,349
,351
,341
,352
,347
,336
,355
2026 06 24 16:51:04.354942,349
,343
,332
,366
,356
,345
,346
,362
,339
,327
,291
,352
,404
,344
2026 06 24 16:51:04.417142,374
,346
,346
,331
,353
,342
,337
,341
,350
,353
,345
,367
,353
,355
2026 06 24 16:51:04.482580,335
,362
,347
,341
,341
,357
,352
,323
,355
,361
,359
,334
,334
,343
2026 06 24 16:51:04.543868,353
,348
,367
,357
,341
,354
,353
,330
,304
,385
,358
,331
,347
,377
2026 06 24 16:51:04.609381,355
,338
,362
,355
,357
,323
,364
,348
,356
,345
,367
,346
,350
,344
2026 06 24 16:51:04.671155,365
,351
,315
,316
,324
,372
,364
,373
,369
,361
,356
,356
,355
,341
2026 06 24 16:51:04.731722,347
,346
,347
,325
,361
,352
,335
,323
,377
,353
,345
,332
,363
,364
2026 06 24 16:51:04.797880,334
,363
,345
,353
,343
,357
,348
,343
,335
,359
,348
,325
,350
,355
2026 06 24 16:51:04.859492,359
,335
,363
,341
,345
,328
,356
,328
,330
,376
,367
,361
,350
,376
2026 06 24 16:51:04.924063,354
,355
,335
,360
,339
,328
,353
,345
,350
,332
,363
,346
,342
,326
2026 06 24 16:51:04.986335,367
,332
,324
,378
,373
,356
,335
,350
,337
,363
,353
,374
,358
,346
2026 06 24 16:51:05.047130,337
,355
,346
,340
,352
,347
,357
,322
,354
,359
,363
,341
,348
,352
2026 06 24 16:51:05.113303,347
,351
,358
,354
,318
,367
,350
,332
,343
,371
,346
,343
,354
,355
2026 06 24 16:51:05.173960,358
,347
,370
,357
,346
,332
,353
,342
,338
,332
,346
,353
,332
,332
2026 06 24 16:51:05.240164,343
,353
,346
,368
,350
,350
,339
,363
,352
,344
,352
,355
,358
,339
2026 06 24 16:51:05.301623,364
,328
,338
,286
,363
,367
,337
,323
,365
,378
,337
,368
,345
,363
2026 06 24 16:51:05.362716,345
,369
,350
,344
,346
,358
,355
,335
,351
,346
,355
,322
,363
,345
2026 06 24 16:51:05.428638,350
,339
,363
,358
,339
,350
,339
,343
,315
,349
,336
,345
,326
,354
2026 06 24 16:51:05.489991,343
,339
,347
,353
,356
,339
,359
,345
,329
,295
,370
,364
,351
,346
2026 06 24 16:51:05.555397,351
,323
,326
,344
,368
,366
,341
,371
,346
,318
,317
,380
,362
,345
2026 06 24 16:51:05.616638,357
,342
,333
,347
,367
,339
,356
,335
,365
,344
,330
,347
,352
,344
2026 06 24 16:51:05.677643,333
,353
,343
,353
,332
,376
,357
,348
,344
,357
,338
,321
,374
,366
2026 06 24 16:51:05.744203,368
,345
,370
,351
,351
,332
,356
,345
,352
,356
,351
,356
,336
,362
2026 06 24 16:51:05.805022,340
,344
,323
,358
,312
,299
,342
,320
,349
,370
,402
,361
,364
,339
2026 06 24 16:51:05.871239,368
,349
,328
,332
,345
,335
,314
,338
,336
,330
,312
,337
,331
,327
2026 06 24 16:51:05.932351,310
,337
,351
,339
,377
,367
,361
,333
,358
,323
,336
,320
,364
,359
2026 06 24 16:51:05.993654,340
,346
,338
,336
,311
,351
,340
,320
,328
,376
,342
,363
,357
,346
2026 06 24 16:51:06.059424,347
,316
,349
,337
,333
,332
,340
,318
,327
,324
,317
,308
,349
,369
2026 06 24 16:51:06.120869,328
,369
,307
,329
,335
,374
,317
,348
,355
,318
,325
,355
,354
,325
2026 06 24 16:51:06.185488,351
,355
,344
,266
,327
,378
,330
,351
,367
,370
,348
,380
,370
,347
2026 06 24 16:51:06.247865,346
,370
,342
,362
,335
,345
,370
,310
,365
,339
,326
,343
,374
,329
2026 06 24 16:51:06.308475,357
,315
,336
,353
,359
,350
,368
,363
,339
,366
,334
,371
,313
,360
2026 06 24 16:51:06.374543,364
,343
,317
,364
,351
,340
,340
,333
,347
,314
,357
,338
,363
,330
2026 06 24 16:51:06.436323,354
,307
,282
,293
,328
,351
,297
,430
,389
,341
,350
,356
,350
,336
2026 06 24 16:51:06.501676,344
,333
,332
,308
,323
,332
,350
,306
,351
,356
,345
,328
,343
,359
2026 06 24 16:51:06.562791,345
,359
,346
,339
,336
,375
,352
,303
,337
,373
,347
,338
,339
,353
2026 06 24 16:51:06.624270,366
,349
,381
,350
,352
,313
,368
,356
,340
,344
,324
,304
,312
,366
2026 06 24 16:51:06.690177,329
,346
,314
,317
,380
,380
,362
,375
,342
,346
,351
,367
,355
,341
2026 06 24 16:51:06.751617,365
,336
,333
,348
,357
,344
,337
,368
,345
,347
,344
,368
,347
,303
2026 06 24 16:51:06.816081,372
,393
,368
,341
,364
,350
,357
,338
,365
,342
,357
,339
,359
,356
2026 06 24 16:51:06.878570,348
,347
,357
,319
,337
,372
,335
,361
,361
,372
,349
,363
,352
,349
2026 06 24 16:51:06.939594,352
,340
,367
,350
,366
,340
,377
,352
,353
,336
,372
,360
,351
,358
2026 06 24 16:51:07.004952,355
,364
,325
,366
,353
,367
,358
,331
,343
,375
,378
,372
,362
,354
2026 06 24 16:51:07.066761,387
,365
,356
,349
,378
,367
,352
,337
,380
,374
,333
,370
,382
,383
2026 06 24 16:51:07.131861,360
,384
,341
,352
,362
,388
,368
,334
,351
,372
,364
,345
,389
,356
2026 06 24 16:51:07.193983,353
,331
,371
,358
,350
,384
,377
,369
,358
,379
,367
,364
,343
,384
2026 06 24 16:51:07.254801,357
,356
,364
,372
,370
,350
,369
,366
,386
,374
,406
,348
,342
,348
2026 06 24 16:51:07.320658,361
,360
,339
,384
,355
,361
,346
,381
,346
,348
,366
,378
,361
,343
2026 06 24 16:51:07.381946,355
,368
,364
,350
,384
,348
,356
,347
,347
,344
,364
,369
,396
,353
2026 06 24 16:51:07.443587,349
,404
,380
,366
,337
,392
,366
,362
,361
,366
,347
,348
,360
,358
2026 06 24 16:51:07.509429,362
,340
,390
,335
,357
,367
,377
,340
,341
,327
,400
,391
,345
,387
2026 06 24 16:51:07.569994,363
,355
,338
,368
,337
,333
,334
,337
,337
,310
,337
,311
,351
,337
2026 06 24 16:51:07.635559,371
,307
,324
,319
,357
,344
,315
,325
,356
,353
,342
,361
,336
,351
2026 06 24 16:51:07.697187,327
,350
,338
,344
,340
,345
,327
,323
,382
,365
,365
,351
,375
,348
2026 06 24 16:51:07.759013,343
,356
,354
,352
,331
,342
,348
,349
,346
,380
,354
,348
,342
,363
2026 06 24 16:51:07.824573,367
,348
,369
,356
,361
,336
,364
,326
,331
,358
,379
,366
,359
,359
2026 06 24 16:51:07.885904,346
,368
,360
,395
,367
,369
,350
,374
,356
,339
,367
,372
,360
,355
2026 06 24 16:51:07.952000,369
,354
,363
,352
,385
,365
,354
,361
,368
,356
,346
,373
,355
,361
2026 06 24 16:51:08.013786,339
,375
,356
,369
,342
,366
,357
,345
,362
,364
,361
,338
,368
,346
2026 06 24 16:51:08.074341,352
,338
,373
,356
,347
,328
,369
,367
,346
,384
,362
,389
,359
,387
2026 06 24 16:51:08.140155,369
,359
,335
,369
,380
,349
,366
,346
,371
,358
,382
,363
,361
,363
2026 06 24 16:51:08.202059,388
,340
,339
,363
,366
,369
,341
,369
,348
,356
,340
,370
,357
,355
2026 06 24 16:51:08.268762,357
,363
,366
,348
,369
,348
,368
,345
,366
,347
,355
,350
,352
,351
2026 06 24 16:51:08.328598,347
,361
,342
,352
,299
,359
,387
,397
,363
,379
,393
,374
,376
,366
2026 06 24 16:51:08.389264,368
,342
,372
,346
,359
,336
,362
,354
,332
,349
,374
,378
,337
,367
2026 06 24 16:51:08.455044,347
,360
,350
,387
,360
,356
,352
,366
,362
,334
,358
,347
,349
,327
2026 06 24 16:51:08.518893,362
,353
,352
,344
,362
,343
,327
,351
,355
,360
,335
,359
,340
,329
2026 06 24 16:51:08.581876,312
,333
,327
,372
,330
,343
,306
,358
,417
,384
,376
,296
,345
,354
2026 06 24 16:51:08.644143,345
,352
,373
,364
,339
,360
,315
,339
,341
,368
,349
,350
,333
,348
2026 06 24 16:51:08.704763,338
,331
,339
,337
,336
,315
,351
,336
,337
,321
,350
,347
,332
,344
2026 06 24 16:51:08.770970,342
,346
,329
,355
,342
,345
,326
,349
,341
,333
,337
,343
,338
,325
2026 06 24 16:51:08.831540,357
,340
,318
,166
,347
,363
,279
,413
,380
,260
,394
,267
,240
,450
2026 06 24 16:51:08.897642,324
,247
,320
,396
,342
,331
,193
,386
,398
,390
,359
,267
,281
,349
2026 06 24 16:51:08.959311,351
,342
,386
,352
,339
,323
,323
,351
,342
,360
,340
,339
,320
,355
2026 06 24 16:51:09.020611,325
,342
,353
,363
,354
,333
,365
,362
,354
,339
,361
,344
,345
,332
2026 06 24 16:51:09.086221,356
,343
,340
,361
,351
,350
,329
,368
,344
,336
,292
,266
,275
,254
2026 06 24 16:51:09.147600,433
,455
,413
,321
,353
,283
,309
,245
,339
,333
,369
,392
,375
,308
2026 06 24 16:51:09.212978,332
,387
,350
,316
,292
,376
,339
,315
,355
,366
,330
,318
,335
,323
2026 06 24 16:51:09.274661,328
,304
,334
,320
,326
,321
,350
,336
,330
,338
,343
,336
,326
,356
2026 06 24 16:51:09.335993,348
,351
,338
,366
,351
,348
,346
,354
,350
,339
,356
,345
,344
,291
2026 06 24 16:51:09.401677,230
,388
,332
,300
,495
,433
,383
,371
,280
,332
,370
,281
,330
,367
2026 06 24 16:51:09.463506,377
,350
,313
,425
,385
,354
,348
,325
,382
,351
,352
,330
,354
,336
2026 06 24 16:51:09.528697,336
,343
,351
,339
,326
,353
,346
,350
,325
,366
,346
,340
,335
,352
2026 06 24 16:51:09.590233,348
,342
,359
,352
,355
,329
,357
,365
,350
,318
,393
,364
,347
,358
2026 06 24 16:51:09.651228,354
,304
,309
,401
,367
,360
,308
,293
,327
,402
,369
,381
,377
,340
2026 06 24 16:51:09.716571,375
,357
,359
,323
,347
,326
,306
,339
,366
,329
,320
,377
,356
,357
2026 06 24 16:51:09.778585,329
,365
,354
,351
,326
,355
,341
,335
,337
,346
,349
,331
,363
,348
2026 06 24 16:51:09.843532,354
,344
,368
,349
,335
,330
,383
,373
,345
,357
,372
,369
,351
,374
2026 06 24 16:51:09.905266,342
,339
,352
,375
,370
,355
,371
,358
,370
,341
,374
,376
,362
,337
2026 06 24 16:51:09.966894,364
,362
,348
,365
,363
,367
,346
,363
,347
,370
,357
,368
,377
,373
2026 06 24 16:51:10.031806,358
,351
,384
,366
,374
,372
,378
,347
,379
,361
,355
,347
,355
,353
2026 06 24 16:51:10.093762,350
,370
,359
,367
,349
,365
,329
,370
,363
,385
,363
,345
,356
,369
2026 06 24 16:51:10.159292,379
,363
,389
,362
,361
,329
,372
,373
,368
,351
,386
,384
,362
,373
2026 06 24 16:51:10.220927,350
,368
,368
,385
,364
,371
,368
,376
,356
,367
,366
,357
,383
,366
2026 06 24 16:51:10.281441,387
,393
,382
,368
,389
,376
,366
,375
,378
,381
,360
,369
,369
,377
2026 06 24 16:51:10.347722,376
,403
,376
,359
,362
,359
,324
,375
,389
,356
,374
,371
,408
,366
2026 06 24 16:51:10.408383,354
,392
,400
,384
,362
,380
,369
,346
,348
,409
,378
,366
,322
,419
2026 06 24 16:51:10.473686,406
,398
,421
,402
,394
,367
,420
,401
,371
,359
,404
,390
,407
,374
2026 06 24 16:51:10.535982,395
,392
,375
,405
,378
,386
,374
,406
,382
,377
,384
,395
,389
,370
2026 06 24 16:51:10.597510,370
,387
,402
,358
,406
,356
,369
,412
,418
,381
,367
,389
,394
,391
2026 06 24 16:51:10.663133,367
,398
,370
,367
,361
,403
,380
,370
,382
,376
,350
,357
,410
,395
2026 06 24 16:51:10.724552,384
,373
,398
,360
,363
,356
,373
,374
,361
,390
,397
,384
,370
,394
2026 06 24 16:51:10.790066,370
,387
,372
,375
,377
,371
,380
,392
,386
,360
,405
,365
,377
,366
2026 06 24 16:51:10.851414,395
,391
,390
,401
,399
,385
,364
,392
,359
,375
,378
,393
,378
,379
2026 06 24 16:51:10.912982,381
,400
,382
,373
,391
,372
,387
,365
,407
,391
,379
,363
,394
,387
2026 06 24 16:51:10.978466,353
,379
,381
,381
,371
,395
,379
,377
,374
,388
,368
,366
,359
,396
2026 06 24 16:51:11.040303,395
,381
,390
,380
,355
,359
,391
,366
,367
,377
,384
,383
,358
,376
2026 06 24 16:51:11.101191,365
,359
,385
,420
,389
,375
,372
,399
,377
,367
,372
,371
,377
,367
2026 06 24 16:51:11.167426,402
,369
,381
,368
,378
,355
,345
,361
,383
,365
,350
,382
,373
,373
2026 06 24 16:51:11.228271,353
,389
,354
,366
,377
,393
,370
,362
,398
,377
,383
,360
,387
,368
2026 06 24 16:51:11.293904,368
,366
,377
,375
,357
,375
,373
,383
,362
,387
,370
,365
,367
,390
2026 06 24 16:51:11.354863,340
,350
,397
,399
,389
,356
,371
,382
,392
,362
,384
,376
,365
,368
2026 06 24 16:51:11.417942,391
,386
,369
,376
,367
,372
,360
,397
,387
,381
,362
,375
,378
,374
2026 06 24 16:51:11.482075,391
,367
,365
,371
,398
,378
,374
,367
,384
,372
,365
,368
,372
,371
2026 06 24 16:51:11.542932,345
,381
,369
,396
,353
,412
,377
,379
,387
,386
,379
,363
,379
,374
2026 06 24 16:51:11.609187,377
,359
,385
,373
,359
,350
,377
,378
,359
,399
,388
,387
,347
,407
2026 06 24 16:51:11.670763,377
,367
,361
,382
,364
,352
,374
,373
,372
,357
,385
,369
,378
,361
2026 06 24 16:51:11.731878,402
,379
,375
,375
,384
,361
,361
,394
,371
,377
,361
,390
,371
,372
2026 06 24 16:51:11.797122,371
,376
,370
,353
,381
,365
,367
,364
,393
,377
,350
,361
,392
,376
2026 06 24 16:51:11.859043,362
,349
,378
,391
,365
,392
,387
,382
,364
,389
,369
,369
,378
,382
2026 06 24 16:51:11.924211,376
,361
,388
,375
,374
,365
,395
,370
,369
,357
,387
,384
,367
,392
2026 06 24 16:51:11.985942,373
,372
,353
,387
,372
,374
,365
,375
,351
,382
,390
,372
,374
,353
2026 06 24 16:51:12.046746,343
,370
,403
,362
,367
,360
,380
,354
,389
,374
,355
,371
,357
,385
2026 06 24 16:51:12.112341,354
,379
,355
,339
,326
,341
,359
,333
,372
,357
,354
,329
,352
,320
2026 06 24 16:51:12.174340,332
,330
,333
,306
,301
,305
,332
,339
,337
,348
,321
,305
,272
,349
2026 06 24 16:51:12.239956,336
,318
,315
,339
,339
,312
,360
,339
,335
,309
,347
,330
,322
,319
2026 06 24 16:51:12.301554,336
,325
,312
,328
,311
,316
,258
,279
,352
,337
,334
,378
,350
,332
2026 06 24 16:51:12.362102,345
,339
,336
,318
,349
,326
,330
,315
,341
,331
,334
,323
,332
,330
2026 06 24 16:51:12.427404,305
,330
,344
,328
,332
,360
,332
,356
,347
,351
,340
,328
,347
,335
2026 06 24 16:51:12.489158,341
,309
,356
,286
,311
,361
,371
,354
,339
,360
,362
,363
,336
,360
2026 06 24 16:51:12.554917,339
,339
,324
,359
,343
,336
,346
,346
,319
,295
,356
,333
,329
,326
2026 06 24 16:51:12.618052,346
,343
,352
,335
,340
,355
,343
,380
,350
,354
,321
,360
,320
,324
2026 06 24 16:51:12.678127,331
,349
,331
,317
,318
,339
,359
,316
,348
,345
,350
,334
,363
,329
2026 06 24 16:51:12.744178,329
,336
,335
,329
,305
,341
,326
,331
,315
,332
,270
,353
,344
,340
2026 06 24 16:51:12.805214,318
,326
,350
,326
,332
,329
,347
,321
,311
,311
,351
,330
,303
,315
2026 06 24 16:51:12.870347,342
,335
,284
,323
,269
,331
,335
,361
,353
,328
,323
,321
,319
,301
2026 06 24 16:51:12.931623,331
,308
,309
,284
,305
,302
,325
,317
,334
,334
,318
,342
,327
,324
2026 06 24 16:51:12.993823,292
,337
,313
,305
,276
,310
,314
,281
,365
,346
,345
,312
,334
,323
2026 06 24 16:51:13.059195,324
,310
,335
,319
,312
,321
,322
,324
,302
,326
,309
,317
,301
,323
2026 06 24 16:51:13.120637,314
,318
,309
,306
,327
,305
,339
,330
,320
,312
,333
,318
,311
,323
2026 06 24 16:51:13.185544,334
,316
,312
,340
,324
,325
,296
,325
,305
,268
,343
,334
,325
,306
2026 06 24 16:51:13.248068,352
,345
,338
,310
,341
,324
,327
,298
,347
,335
,331
,322
,326
,336
2026 06 24 16:51:13.308260,305
,326
,311
,329
,328
,351
,328
,328
,326
,343
,339
,326
,348
,342
2026 06 24 16:51:13.374363,342
,313
,346
,306
,304
,298
,323
,335
,334
,318
,344
,358
,332
,361
2026 06 24 16:51:13.436098,344
,344
,324
,352
,337
,325
,325
,329
,331
,310
,340
,320
,323
,289
2026 06 24 16:51:13.501386,336
,334
,325
,334
,340
,351
,342
,343
,343
,353
,328
,352
,326
,320
2026 06 24 16:51:13.563325,319
,346
,327
,316
,338
,337
,345
,314
,354
,343
,353
,316
,358
,342
2026 06 24 16:51:13.623892,338
,334
,344
,339
,320
,350
,333
,347
,310
,349
,341
,344
,331
,349
2026 06 24 16:51:13.690148,350
,322
,342
,340
,342
,326
,357
,339
,340
,328
,348
,344
,302
,333
2026 06 24 16:51:13.750941,368
,359
,324
,359
,333
,342
,318
,353
,324
,334
,336
,350
,355
,335
2026 06 24 16:51:13.816946,354
,342
,346
,319
,350
,334
,319
,331
,346
,341
,323
,354
,334
,346
2026 06 24 16:51:13.878713,316
,345
,333
,333
,329
,359
,345
,330
,329
,350
,358
,321
,355
,343
2026 06 24 16:51:13.939495,348
,330
,350
,331
,336
,340
,337
,348
,330
,355
,345
,341
,318
,361
2026 06 24 16:51:14.005404,342
,346
,337
,343
,332
,317
,347
,340
,338
,330
,351
,337
,330
,328
2026 06 24 16:51:14.066224,348
,335
,323
,348
,346
,342
,314
,350
,337
,343
,329
,342
,324
,326
2026 06 24 16:51:14.131923,332
,348
,341
,320
,333
,355
,352
,325
,350
,330
,329
,334
,341
,345
2026 06 24 16:51:14.193730,325
,353
,339
,342
,319
,346
,341
,332
,322
,344
,337
,318
,336
,325
2026 06 24 16:51:14.253980,340
,328
,355
,330
,333
,284
,354
,349
,328
,340
,331
,327
,296
,331
2026 06 24 16:51:14.321855,313
,318
,297
,332
,320
,301
,310
,323
,306
,325
,349
,333
,332
,309
2026 06 24 16:51:14.381768,345
,329
,327
,319
,329
,333
,311
,323
,320
,321
,300
,340
,325
,320
2026 06 24 16:51:14.447130,315
,338
,320
,317
,331
,331
,335
,318
,347
,324
,332
,317
,342
,328
2026 06 24 16:51:14.509483,321
,319
,330
,333
,317
,338
,324
,335
,315
,346
,326
,324
,317
,333
2026 06 24 16:51:14.569833,329
,313
,309
,292
,242
,321
,387
,356
,347
,316
,347
,335
,312
,304
2026 06 24 16:51:14.635522,320
,344
,292
,322
,300
,362
,342
,337
,332
,345
,336
,365
,369
,339
2026 06 24 16:51:14.697615,355
,337
,347
,322
,353
,353
,332
,328
,370
,342
,289
,312
,394
,357
2026 06 24 16:51:14.762901,375
,388
,365
,357
,343
,353
,350
,334
,353
,343
,324
,362
,363
,350
2026 06 24 16:51:14.824285,345
,327
,369
,343
,343
,344
,360
,354
,345
,364
,344
,348
,313
,342
2026 06 24 16:51:14.885973,291
,326
,383
,396
,374
,317
,234
,230
,229
,219
,243
,231
,241
,230
2026 06 24 16:51:14.951293,261
,255
,246
,251
,255
,231
,282
,270
,192
,277
,288
,304
,277
,268
2026 06 24 16:51:15.013016,265
,270
,266
,254
,283
,266
,284
,273
,291
,275
,276
,260
,263
,284
2026 06 24 16:51:15.073551,283
,301
,263
,265
,268
,290
,328
,306
,294
,321
,308
,301
,318
,313
2026 06 24 16:51:15.139926,301
,287
,320
,296
,306
,295
,316
,298
,282
,302
,307
,305
,273
,321
2026 06 24 16:51:15.201091,307
,307
,298
,311
,277
,308
,310
,313
,291
,305
,329
,305
,300
,294
2026 06 24 16:51:15.266079,337
,323
,318
,311
,319
,301
,307
,319
,308
,319
,312
,321
,317
,305
2026 06 24 16:51:15.328388,287
,315
,283
,277
,307
,322
,289
,276
,326
,261
,314
,332
,401
,327
2026 06 24 16:51:15.389269,303
,309
,302
,334
,302
,329
,329
,329
,303
,309
,304
,317
,343
,350
2026 06 24 16:51:15.455069,279
,303
,392
,338
,357
,348
,379
,332
,326
,353
,361
,349
,335
,356
2026 06 24 16:51:15.516825,349
,329
,320
,336
,334
,348
,289
,377
,346
,344
,359
,349
,319
,335
2026 06 24 16:51:15.581817,371
,345
,337
,338
,381
,327
,332
,331
,345
,340
,346
,350
,338
,342
2026 06 24 16:51:15.643781,335
,372
,349
,336
,352
,366
,347
,338
,362
,341
,355
,346
,357
,349
2026 06 24 16:51:15.705037,349
,343
,353
,342
,345
,350
,324
,320
,356
,371
,380
,367
,347
,386
2026 06 24 16:51:15.770814,364
,366
,351
,364
,338
,361
,365
,351
,356
,337
,370
,355
,347
,319
2026 06 24 16:51:15.831483,360
,352
,344
,366
,353
,355
,343
,377
,357
,359
,335
,361
,357
,354
2026 06 24 16:51:15.897530,351
,360
,355
,335
,377
,350
,356
,318
,363
,374
,330
,359
,386
,383
2026 06 24 16:51:15.958948,363
,393
,374
,377
,355
,375
,346
,365
,362
,387
,373
,369
,379
,368
2026 06 24 16:51:16.020437,377
,379
,393
,366
,388
,363
,374
,382
,386
,380
,394
,389
,379
,398
2026 06 24 16:51:16.086066,371
,340
,362
,417
,396
,383
,385
,387
,393
,375
,395
,381
,406
,391
2026 06 24 16:51:16.147543,398
,393
,388
,397
,407
,382
,371
,401
,387
,387
,375
,393
,368
,383
2026 06 24 16:51:16.212814,360
,403
,391
,375
,378
,413
,390
,384
,428
,405
,400
,383
,417
,385
2026 06 24 16:51:16.274615,380
,393
,402
,394
,382
,389
,389
,379
,369
,402
,373
,376
,381
,404
2026 06 24 16:51:16.335043,393
,413
,423
,407
,409
,378
,411
,395
,386
,380
,411
,382
,363
,391
2026 06 24 16:51:16.401550,389
,367
,345
,365
,405
,430
,415
,411
,390
,401
,392
,388
,378
,362
2026 06 24 16:51:16.462110,392
,379
,382
,376
,399
,379
,377
,379
,394
,371
,355
,394
,388
,388
2026 06 24 16:51:16.528313,364
,404
,377
,381
,364
,388
,381
,369
,385
,391
,380
,371
,397
,353
2026 06 24 16:51:16.589741,400
,391
,368
,348
,395
,369
,404
,406
,385
,399
,381
,389
,366
,389
2026 06 24 16:51:16.651198,369
,378
,372
,378
,392
,377
,386
,341
,352
,393
,408
,370
,394
,377
2026 06 24 16:51:16.716751,384
,359
,358
,383
,395
,384
,362
,379
,371
,377
,342
,360
,382
,381
2026 06 24 16:51:16.777682,390
,394
,358
,360
,385
,374
,379
,353
,382
,397
,395
,374
,387
,378
2026 06 24 16:51:16.844163,369
,395
,375
,377
,359
,381
,370
,376
,350
,378
,370
,403
,388
,394
2026 06 24 16:51:16.904790,388
,351
,379
,374
,379
,350
,362
,349
,367
,365
,370
,368
,354
,392
2026 06 24 16:51:16.966458,383
,389
,384
,406
,382
,394
,361
,374
,393
,379
,405
,374
,390
,382
2026 06 24 16:51:17.031535,408
,388
,385
,366
,377
,373
,366
,365
,352
,358
,337
,393
,399
,381
2026 06 24 16:51:17.093718,370
,397
,383
,343
,388
,379
,356
,338
,346
,376
,370
,327
,370
,355
2026 06 24 16:51:17.159167,376
,345
,363
,363
,349
,365
,359
,382
,349
,381
,363
,360
,344
,368
2026 06 24 16:51:17.220637,356
,346
,354
,359
,366
,342
,372
,364
,366
,343
,389
,377
,363
,367
2026 06 24 16:51:17.281366,379
,378
,350
,371
,362
,379
,348
,384
,358
,309
,370
,409
,400
,368
2026 06 24 16:51:17.347431,356
,384
,390
,366
,399
,385
,382
,364
,387
,371
,351
,380
,374
,373
2026 06 24 16:51:17.408926,352
,390
,394
,372
,377
,434
,414
,408
,409
,411
,421
,387
,424
,418
2026 06 24 16:51:17.474483,425
,404
,423
,415
,414
,407
,428
,429
,407
,431
,427
,432
,408
,438
2026 06 24 16:51:17.535622,417
,433
,421
,449
,425
,404
,425
,416
,433
,443
,467
,441
,436
,417
2026 06 24 16:51:17.597318,449
,430
,423
,418
,429
,440
,419
,433
,418
,435
,416
,448
,437
,426
2026 06 24 16:51:17.662762,425
,440
,437
,424
,442
,430
,439
,410
,439
,425
,424
,411
,434
,424
2026 06 24 16:51:17.724675,406
,429
,432
,435
,408
,444
,428
,423
,397
,428
,428
,423
,417
,438
2026 06 24 16:51:17.789868,441
,402
,440
,428
,427
,399
,435
,422
,415
,401
,427
,424
,400
,425
2026 06 24 16:51:17.851474,411
,411
,395
,429
,405
,401
,389
,415
,405
,400
,416
,401
,408
,382
2026 06 24 16:51:17.912565,411
,400
,394
,376
,408
,396
,388
,402
,402
,402
,381
,406
,371
,399
2026 06 24 16:51:17.978295,378
,398
,374
,391
,384
,405
,397
,375
,402
,379
,400
,372
,405
,386
2026 06 24 16:51:18.039930,384
,377
,387
,383
,379
,390
,382
,391
,368
,400
,380
,382
,375
,393
2026 06 24 16:51:18.105084,384
,372
,378
,387
,395
,366
,392
,379
,384
,363
,391
,375
,370
,362
2026 06 24 16:51:18.167838,385
,383
,361
,390
,372
,369
,355
,399
,354
,375
,358
,385
,371
,357
2026 06 24 16:51:18.228030,369
,371
,385
,340
,378
,372
,359
,333
,372
,373
,355
,358
,358
,389
2026 06 24 16:51:18.293727,342
,370
,359
,360
,338
,362
,348
,353
,344
,358
,355
,340
,369
,351
2026 06 24 16:51:18.355041,359
,338
,363
,346
,342
,340
,358
,351
,332
,352
,345
,344
,324
,352
2026 06 24 16:51:18.420612,333
,340
,340
,357
,343
,335
,347
,347
,345
,319
,339
,336
,360
,336
2026 06 24 16:51:18.481366,367
,358
,338
,334
,343
,353
,335
,357
,338
,340
,316
,357
,337
,332
2026 06 24 16:51:18.543528,329
,339
,336
,317
,336
,326
,345
,317
,349
,331
,341
,330
,352
,342
2026 06 24 16:51:18.609002,333
,351
,342
,340
,318
,347
,332
,339
,312
,348
,334
,324
,333
,323
2026 06 24 16:51:18.670721,340
,325
,355
,329
,345
,318
,355
,338
,334
,326
,334
,330
,311
,334
2026 06 24 16:51:18.735365,332
,336
,306
,356
,336
,339
,325
,343
,340
,325
,340
,334
,335
,306
2026 06 24 16:51:18.797865,340
,319
,326
,300
,336
,324
,315
,321
,329
,335
,313
,339
,313
,316
2026 06 24 16:51:18.858761,326
,359
,329
,323
,332
,345
,336
,322
,346
,329
,339
,312
,338
,321
2026 06 24 16:51:18.924461,333
,319
,334
,325
,309
,337
,324
,332
,307
,346
,326
,329
,322
,342
2026 06 24 16:51:18.985993,322
,316
,326
,327
,332
,317
,341
,327
,329
,310
,343
,327
,327
,326
2026 06 24 16:51:19.051256,332
,321
,302
,333
,315
,324
,303
,335
,312
,324
,321
,331
,319
,307
2026 06 24 16:51:19.112140,328
,323
,344
,319
,351
,325
,329
,314
,341
,334
,325
,339
,338
,343
2026 06 24 16:51:19.173572,329
,359
,335
,339
,320
,353
,329
,322
,327
,348
,349
,322
,351
,331
2026 06 24 16:51:19.239814,343
,315
,347
,329
,337
,325
,354
,350
,332
,347
,333
,347
,321
,354
2026 06 24 16:51:19.301501,333
,333
,321
,336
,334
,325
,342
,330
,335
,316
,360
,324
,330
,315
2026 06 24 16:51:19.362344,358
,341
,308
,325
,337
,332
,314
,346
,337
,335
,304
,350
,344
,350
2026 06 24 16:51:19.428613,322
,337
,346
,291
,320
,321
,324
,293
,338
,312
,304
,296
,316
,305
2026 06 24 16:51:19.489354,298
,315
,315
,320
,294
,325
,300
,303
,291
,320
,308
,304
,304
,302
2026 06 24 16:51:19.554829,293
,306
,338
,313
,321
,310
,344
,326
,318
,324
,312
,272
,286
,324
2026 06 24 16:51:19.617881,287
,302
,309
,371
,332
,290
,318
,342
,331
,328
,315
,315
,325
,307
2026 06 24 16:51:19.677702,281
,252
,256
,228
,215
,236
,272
,231
,227
,334
,304
,327
,305
,300
2026 06 24 16:51:19.743888,274
,293
,269
,264
,267
,272
,284
,267
,272
,269
,279
,277
,322
,291
2026 06 24 16:51:19.804415,286
,266
,310
,295
,292
,314
,298
,305
,283
,316
,306
,281
,275
,305
2026 06 24 16:51:19.871130,291
,289
,307
,304
,307
,288
,316
,295
,307
,296
,319
,299
,302
,304
2026 06 24 16:51:19.932004,308
,286
,272
,340
,330
,312
,292
,307
,303
,335
,318
,338
,311
,292
2026 06 24 16:51:19.992216,315
,286
,266
,272
,312
,262
,335
,380
,368
,341
,329
,332
,329
,331
2026 06 24 16:51:20.059134,305
,319
,301
,314
,303
,334
,312
,316
,319
,321
,320
,306
,336
,317
2026 06 24 16:51:20.120407,326
,308
,343
,312
,322
,318
,339
,324
,322
,344
,328
,330
,310
,345
2026 06 24 16:51:20.185928,318
,321
,312
,344
,330
,327
,343
,331
,334
,323
,356
,332
,336
,326
2026 06 24 16:51:20.248241,359
,336
,343
,347
,353
,349
,336
,368
,286
,220
,218
,260
,247
,243
2026 06 24 16:51:20.308455,230
,282
,225
,129
,273
,311
,253
,275
,312
,299
,261
,210
,362
,282
2026 06 24 16:51:20.374856,221
,181
,347
,212
,258
,419
,340
,308
,293
,305
,277
,275
,291
,284
2026 06 24 16:51:20.436257,291
,280
,310
,290
,293
,282
,313
,304
,298
,300
,318
,304
,294
,314
2026 06 24 16:51:20.500941,295
,301
,298
,331
,307
,309
,310
,327
,315
,316
,334
,316
,325
,304
2026 06 24 16:51:20.562857,341
,327
,336
,331
,360
,340
,337
,344
,344
,344
,332
,373
,301
,290
2026 06 24 16:51:20.623935,338
,281
,378
,385
,370
,357
,312
,324
,388
,322
,305
,314
,266
,310
2026 06 24 16:51:20.690213,260
,406
,448
,357
,286
,404
,377
,361
,341
,376
,338
,361
,333
,359
2026 06 24 16:51:20.750887,326
,317
,356
,332
,337
,332
,373
,356
,369
,351
,373
,345
,346
,349
2026 06 24 16:51:20.816711,358
,349
,342
,379
,369
,373
,343
,371
,345
,349
,348
,368
,357
,353
2026 06 24 16:51:20.878206,372
,357
,368
,351
,381
,360
,366
,364
,382
,366
,362
,380
,374
,373
2026 06 24 16:51:20.940535,353
,389
,366
,349
,314
,347
,294
,425
,423
,393
,348
,390
,421
,390
2026 06 24 16:51:21.004933,385
,369
,382
,340
,356
,356
,400
,321
,358
,342
,409
,406
,378
,407
2026 06 24 16:51:21.065925,394
,384
,369
,380
,362
,358
,373
,371
,371
,352
,385
,361
,371
,363
2026 06 24 16:51:21.131584,381
,355
,351
,364
,364
,357
,354
,381
,355
,365
,350
,384
,361
,368
2026 06 24 16:51:21.193526,365
,373
,361
,365
,388
,378
,378
,357
,368
,335
,358
,382
,405
,391
2026 06 24 16:51:21.253836,368
,369
,372
,372
,303
,390
,449
,375
,392
,440
,377
,384
,418
,399
2026 06 24 16:51:21.320506,407
,386
,406
,378
,380
,373
,392
,360
,355
,359
,392
,383
,373
,397
2026 06 24 16:51:21.381988,375
,380
,369
,398
,375
,377
,372
,385
,375
,366
,382
,378
,382
,367
2026 06 24 16:51:21.446918,390
,375
,381
,373
,398
,373
,377
,389
,384
,373
,367
,361
,351
,362
2026 06 24 16:51:21.509020,351
,308
,468
,423
,306
,497
,450
,408
,419
,397
,392
,372
,398
,374
2026 06 24 16:51:21.569580,372
,371
,381
,368
,380
,393
,381
,378
,364
,394
,370
,373
,362
,389
2026 06 24 16:51:21.635879,370
,368
,381
,381
,382
,371
,399
,381
,387
,365
,392
,377
,374
,369
2026 06 24 16:51:21.696938,378
,379
,362
,396
,328
,411
,399
,404
,378
,384
,387
,396
,378
,361
2026 06 24 16:51:21.762810,395
,396
,387
,370
,395
,367
,364
,359
,386
,368
,364
,373
,372
,382
2026 06 24 16:51:21.824433,365
,388
,359
,386
,367
,375
,365
,361
,377
,380
,379
,362
,394
,369
2026 06 24 16:51:21.885447,362
,348
,399
,386
,385
,375
,387
,370
,349
,380
,387
,379
,365
,379
2026 06 24 16:51:21.951289,357
,381
,363
,395
,379
,366
,386
,371
,375
,374
,397
,361
,346
,356
2026 06 24 16:51:22.012880,399
,343
,340
,420
,382
,388
,375
,392
,372
,371
,356
,380
,357
,356
2026 06 24 16:51:22.078636,364
,379
,371
,354
,376
,376
,381
,339
,340
,377
,392
,382
,392
,363
2026 06 24 16:51:22.139776,366
,378
,363
,370
,352
,381
,356
,352
,342
,364
,353
,344
,348
,351
2026 06 24 16:51:22.201259,324
,319
,399
,356
,358
,331
,375
,339
,368
,358
,349
,366
,355
,371
2026 06 24 16:51:22.266591,353
,347
,332
,357
,333
,343
,333
,350
,345
,337
,352
,348
,358
,336
2026 06 24 16:51:22.327686,380
,355
,316
,311
,371
,344
,313
,392
,379
,346
,347
,382
,341
,356
2026 06 24 16:51:22.393967,352
,363
,353
,351
,355
,354
,332
,312
,366
,362
,363
,333
,344
,355
2026 06 24 16:51:22.454588,372
,353
,371
,364
,337
,320
,360
,366
,361
,378
,360
,369
,359
,354
2026 06 24 16:51:22.516252,328
,309
,382
,362
,365
,342
,373
,346
,352
,343
,371
,350
,358
,368
2026 06 24 16:51:22.581419,360
,351
,348
,360
,341
,358
,345
,373
,336
,337
,346
,364
,355
,345
2026 06 24 16:51:22.643557,364
,351
,351
,334
,360
,354
,363
,331
,351
,340
,338
,345
,356
,361
2026 06 24 16:51:22.708838,341
,335
,380
,350
,348
,387
,361
,351
,365
,388
,376
,361
,388
,359
2026 06 24 16:51:22.770524,344
,343
,396
,384
,376
,358
,368
,358
,346
,373
,368
,376
,350
,386
2026 06 24 16:51:22.831359,364
,363
,363
,393
,380
,374
,377
,367
,366
,339
,376
,357
,352
,358
2026 06 24 16:51:22.897447,377
,363
,351
,346
,352
,377
,368
,379
,361
,381
,367
,359
,336
,355
2026 06 24 16:51:22.958987,336
,388
,371
,347
,363
,352
,346
,335
,353
,348
,362
,333
,361
,354
2026 06 24 16:51:23.024776,339
,351
,339
,342
,319
,352
,329
,342
,333
,363
,349
,342
,351
,352
2026 06 24 16:51:23.085890,344
,321
,341
,359
,360
,330
,355
,326
,337
,320
,345
,356
,318
,376
2026 06 24 16:51:23.146974,363
,341
,321
,387
,363
,348
,336
,353
,334
,329
,341
,322
,337
,336
2026 06 24 16:51:23.212082,360
,329
,323
,323
,370
,352
,338
,334
,357
,340
,326
,353
,339
,346
2026 06 24 16:51:23.274310,321
,351
,336
,334
,336
,354
,355
,340
,361
,344
,344
,337
,350
,326
2026 06 24 16:51:23.335511,345
,329
,354
,339
,321
,333
,336
,335
,323
,333
,305
,350
,350
,370
2026 06 24 16:51:23.400649,354
,350
,355
,351
,349
,330
,360
,334
,331
,278
,343
,358
,335
,333
2026 06 24 16:51:23.462031,348
,342
,326
,342
,343
,362
,337
,376
,347
,334
,333
,353
,332
,315
2026 06 24 16:51:23.527650,347
,330
,349
,322
,355
,331
,342
,327
,354
,337
,331
,344
,343
,335
2026 06 24 16:51:23.589709,327
,365
,345
,328
,292
,347
,316
,343
,354
,359
,348
,340
,351
,349
2026 06 24 16:51:23.651205,357
,327
,348
,324
,312
,316
,338
,329
,308
,352
,298
,362
,349
,357
2026 06 24 16:51:23.715908,310
,318
,338
,357
,343
,339
,324
,320
,300
,255
,341
,352
,353
,323
2026 06 24 16:51:23.778110,344
,329
,313
,307
,316
,313
,303
,333
,321
,303
,318
,360
,320
,317
2026 06 24 16:51:23.843951,335
,364
,349
,318
,336
,328
,331
,302
,319
,288
,343
,320
,299
,320
2026 06 24 16:51:23.904552,339
,332
,338
,374
,343
,355
,334
,347
,324
,347
,325
,309
,313
,319
2026 06 24 16:51:23.968052,323
,316
,335
,327
,330
,319
,330
,311
,331
,317
,338
,333
,323
,341
2026 06 24 16:51:24.033669,327
,349
,309
,337
,327
,336
,309
,322
,333
,328
,327
,320
,326
,327
2026 06 24 16:51:24.092379,344
,334
,338
,315
,340
,335
,339
,326
,340
,342
,331
,360
,351
,363
2026 06 24 16:51:24.159202,353
,376
,364
,370
,363
,366
,364
,350
,383
,358
,381
,367
,413
,385
2026 06 24 16:51:24.220785,402
,382
,408
,401
,394
,401
,400
,414
,389
,418
,398
,415
,382
,407
2026 06 24 16:51:24.281461,401
,391
,405
,433
,422
,386
,436
,420
,422
,392
,428
,403
,410
,404
2026 06 24 16:51:24.347233,427
,415
,407
,423
,410
,416
,365
,444
,432
,425
,406
,435
,419
,404
2026 06 24 16:51:24.408821,419
,410
,418
,394
,429
,394
,414
,386
,408
,404
,363
,404
,405
,404
2026 06 24 16:51:24.474277,389
,435
,400
,422
,405
,443
,411
,402
,402
,411
,404
,383
,421
,403
2026 06 24 16:51:24.535839,412
,386
,418
,398
,397
,378
,412
,410
,398
,411
,400
,398
,388
,413
2026 06 24 16:51:24.597246,394
,403
,378
,406
,394
,382
,390
,397
,386
,369
,405
,393
,399
,369
2026 06 24 16:51:24.663619,400
,377
,376
,372
,395
,395
,381
,418
,386
,393
,375
,415
,390
,395
2026 06 24 16:51:24.723757,385
,409
,398
,386
,399
,403
,401
,378
,417
,388
,402
,383
,411
,389
2026 06 24 16:51:24.789845,389
,404
,404
,408
,388
,419
,395
,407
,384
,408
,386
,383
,382
,394
2026 06 24 16:51:24.851163,395
,371
,391
,382
,396
,370
,407
,380
,386
,374
,402
,390
,377
,391
2026 06 24 16:51:24.912104,379
,397
,365
,398
,375
,382
,365
,397
,378
,367
,382
,381
,377
,360
2026 06 24 16:51:24.978112,403
,367
,373
,358
,390
,369
,366
,370
,379
,377
,359
,391
,372
,366
2026 06 24 16:51:25.038984,353
,389
,351
,362
,380
,394
,395
,362
,377
,351
,341
,319
,363
,342
2026 06 24 16:51:25.104575,342
,330
,355
,342
,333
,370
,370
,391
,374
,390
,327
,285
,287
,345
2026 06 24 16:51:25.165576,304
,302
,362
,377
,363
,382
,398
,378
,374
,353
,347
,328
,337
,320
2026 06 24 16:51:25.228000,341
,332
,337
,357
,359
,369
,346
,374
,362
,432
,370
,344
,296
,322
2026 06 24 16:51:25.293506,353
,326
,308
,320
,379
,356
,356
,346
,376
,356
,373
,385
,381
,349
2026 06 24 16:51:25.354957,335
,363
,324
,351
,343
,364
,314
,335
,369
,390
,383
,376
,379
,357
2026 06 24 16:51:25.420371,372
,364
,403
,369
,384
,360
,388
,395
,380
,388
,386
,386
,391
,392
2026 06 24 16:51:25.481559,344
,341
,321
,352
,339
,337
,354
,359
,346
,335
,359
,346
,345
,345
2026 06 24 16:51:25.542310,380
,374
,378
,377
,360
,340
,338
,365
,319
,340
,373
,396
,373
,372
2026 06 24 16:51:25.608839,376
,390
,364
,370
,386
,368
,386
,375
,390
,371
,375
,366
,388
,350
2026 06 24 16:51:25.670433,351
,332
,373
,364
,369
,415
,380
,381
,377
,387
,348
,353
,352
,358
2026 06 24 16:51:25.735547,330
,313
,349
,315
,318
,296
,376
,354
,356
,340
,366
,349
,341
,354
2026 06 24 16:51:25.796877,339
,341
,330
,355
,332
,331
,336
,364
,349
,339
,365
,351
,341
,332
2026 06 24 16:51:25.858210,365
,341
,343
,334
,366
,335
,340
,353
,355
,349
,331
,292
,342
,384
2026 06 24 16:51:25.924224,317
,328
,384
,373
,371
,377
,364
,351
,370
,359
,366
,337
,369
,343
2026 06 24 16:51:25.985644,345
,264
,316
,424
,380
,396
,387
,384
,354
,389
,369
,366
,349
,369
2026 06 24 16:51:26.050984,350
,358
,377
,376
,366
,359
,382
,370
,373
,361
,392
,372
,368
,361
2026 06 24 16:51:26.112805,370
,366
,356
,390
,369
,362
,360
,412
,378
,364
,379
,404
,378
,376
2026 06 24 16:51:26.173986,391
,384
,377
,367
,392
,381
,386
,383
,402
,390
,379
,387
,383
,392
2026 06 24 16:51:26.239612,367
,390
,391
,390
,364
,407
,366
,325
,409
,411
,352
,401
,442
,408
2026 06 24 16:51:26.299943,400
,385
,408
,392
,380
,375
,385
,380
,367
,390
,383
,385
,374
,404
2026 06 24 16:51:26.368137,387
,389
,379
,398
,387
,379
,394
,391
,388
,371
,393
,374
,374
,361
2026 06 24 16:51:26.428151,384
,376
,383
,388
,396
,384
,372
,391
,378
,389
,369
,398
,379
,385
2026 06 24 16:51:26.488933,376
,391
,386
,377
,391
,381
,383
,368
,393
,379
,372
,323
,368
,329
2026 06 24 16:51:26.554551,412
,418
,413
,386
,346
,317
,330
,313
,447
,431
,348
,446
,424
,376
2026 06 24 16:51:26.616565,379
,343
,253
,297
,358
,450
,442
,287
,339
,429
,407
,378
,349
,368
2026 06 24 16:51:26.682161,360
,350
,348
,364
,352
,347
,345
,357
,344
,337
,355
,355
,351
,338
2026 06 24 16:51:26.743530,369
,352
,349
,345
,366
,348
,345
,358
,356
,361
,345
,375
,361
,366
2026 06 24 16:51:26.804909,348
,378
,350
,348
,356
,364
,358
,364
,396
,378
,369
,320
,362
,362
2026 06 24 16:51:26.870382,372
,352
,320
,299
,286
,162
,454
,382
,353
,467
,427
,368
,374
,402
2026 06 24 16:51:26.931312,349
,334
,363
,358
,360
,344
,376
,368
,344
,324
,324
,337
,371
,361
2026 06 24 16:51:26.999196,366
,354
,337
,358
,338
,335
,322
,359
,335
,331
,343
,343
,344
,342
2026 06 24 16:51:27.058001,359
,352
,362
,344
,375
,338
,343
,337
,365
,351
,334
,343
,355
,347
2026 06 24 16:51:27.119616,232
,351
,348
,300
,375
,420
,363
,317
,389
,380
,368
,352
,375
,338
2026 06 24 16:51:27.185784,316
,308
,306
,270
,410
,358
,365
,384
,341
,316
,323
,241
,356
,417
2026 06 24 16:51:27.250407,353
,366
,357
,371
,347
,339
,351
,349
,338
,315
,340
,323
,319
,314
2026 06 24 16:51:27.312669,349
,333
,327
,329
,335
,330
,319
,328
,315
,315
,304
,330
,316
,315
2026 06 24 16:51:27.374227,306
,322
,320
,309
,327
,318
,302
,284
,326
,291
,178
,206
,451
,397
2026 06 24 16:51:27.435191,275
,337
,392
,351
,332
,354
,309
,251
,325
,334
,214
,331
,327
,368
2026 06 24 16:51:27.501077,339
,361
,358
,326
,317
,297
,317
,302
,305
,308
,318
,303
,293
,314
2026 06 24 16:51:27.562626,305
,304
,302
,328
,309
,300
,290
,320
,308
,302
,317
,312
,301
,277
2026 06 24 16:51:27.625029,336
,331
,329
,304
,311
,281
,336
,335
,303
,242
,344
,377
,313
,321
2026 06 24 16:51:27.689100,317
,336
,322
,304
,307
,330
,318
,294
,311
,303
,298
,265
,304
,290
2026 06 24 16:51:27.750352,227
,289
,370
,334
,311
,337
,323
,320
,295
,336
,310
,316
,294
,322
2026 06 24 16:51:27.816432,302
,302
,302
,307
,265
,264
,283
,335
,386
,338
,355
,333
,332
,326
2026 06 24 16:51:27.878337,336
,320
,303
,321
,315
,301
,271
,304
,315
,271
,284
,332
,311
,280
2026 06 24 16:51:27.939397,289
,354
,357
,330
,352
,324
,329
,309
,293
,288
,325
,315
,301
,303
2026 06 24 16:51:28.004552,305
,320
,317
,311
,283
,331
,317
,296
,315
,313
,245
,307
,318
,315
2026 06 24 16:51:28.066419,263
,312
,380
,332
,312
,295
,327
,298
,247
,230
,224
,217
,201
,233
2026 06 24 16:51:28.132015,229
,230
,218
,250
,240
,234
,240
,247
,232
,231
,259
,257
,257
,245
2026 06 24 16:51:28.192348,276
,261
,258
,273
,285
,271
,258
,276
,268
,240
,233
,296
,296
,283
2026 06 24 16:51:28.253786,272
,284
,248
,224
,325
,322
,299
,279
,297
,285
,279
,264
,294
,284
2026 06 24 16:51:28.320381,271
,274
,288
,287
,269
,295
,290
,286
,271
,299
,286
,272
,280
,286
2026 06 24 16:51:28.381205,228
,221
,242
,223
,329
,289
,378
,309
,301
,295
,349
,275
,272
,348
2026 06 24 16:51:28.447258,312
,305
,287
,311
,260
,309
,308
,319
,292
,275
,286
,302
,295
,282
2026 06 24 16:51:28.508310,302
,290
,289
,267
,289
,278
,283
,286
,302
,294
,285
,307
,303
,305
2026 06 24 16:51:28.570162,290
,326
,309
,302
,303
,315
,316
,313
,329
,311
,299
,248
,236
,310
2026 06 24 16:51:28.635743,320
,336
,297
,314
,382
,296
,300
,317
,285
,403
,331
,271
,289
,356
2026 06 24 16:51:28.697189,316
,303
,342
,338
,310
,296
,333
,311
,314
,294
,321
,309
,302
,295
2026 06 24 16:51:28.762653,314
,303
,287
,323
,313
,314
,293
,319
,303
,309
,305
,326
,317
,307
2026 06 24 16:51:28.823941,326
,333
,330
,315
,348
,329
,304
,276
,344
,251
,268
,325
,390
,279
2026 06 24 16:51:28.886049,309
,413
,364
,387
,336
,315
,363
,368
,308
,314
,354
,344
,347
,336
2026 06 24 16:51:28.951116,346
,315
,357
,339
,345
,334
,351
,335
,329
,344
,351
,350
,332
,359
2026 06 24 16:51:29.012667,343
,341
,327
,362
,346
,337
,322
,330
,341
,239
,343
,432
,413
,397
2026 06 24 16:51:29.077316,398
,371
,355
,346
,358
,350
,338
,350
,356
,352
,332
,355
,316
,347
2026 06 24 16:51:29.138844,342
,371
,355
,337
,352
,352
,349
,339
,361
,347
,339
,333
,357
,346
2026 06 24 16:51:29.201041,330
,339
,349
,355
,334
,350
,350
,346
,324
,366
,335
,324
,347
,359
2026 06 24 16:51:29.265717,332
,300
,376
,364
,317
,313
,388
,364
,366
,351
,366
,351
,346
,352
2026 06 24 16:51:29.327638,348
,348
,334
,353
,327
,348
,342
,360
,340
,341
,347
,355
,353
,334
2026 06 24 16:51:29.392788,351
,348
,341
,328
,354
,346
,321
,297
,281
,394
,385
,348
,344
,376
2026 06 24 16:51:29.454541,323
,380
,355
,367
,336
,346
,350
,332
,347
,346
,340
,313
,311
,325
2026 06 24 16:51:29.517745,387
,347
,369
,356
,333
,338
,379
,370
,346
,369
,348
,356
,331
,368
2026 06 24 16:51:29.581956,350
,337
,347
,328
,271
,307
,325
,322
,304
,302
,322
,316
,325
,309
2026 06 24 16:51:29.642725,320
,324
,304
,306
,326
,316
,290
,324
,293
,297
,294
,322
,306
,309
2026 06 24 16:51:29.708741,322
,329
,318
,297
,345
,307
,345
,338
,324
,370
,364
,353
,353
,351
2026 06 24 16:51:29.769649,342
,367
,350
,359
,339
,371
,361
,374
,371
,384
,344
,342
,376
,374
2026 06 24 16:51:29.832234,371
,356
,397
,383
,384
,377
,397
,372
,376
,404
,401
,402
,378
,395
2026 06 24 16:51:29.897680,393
,386
,374
,406
,383
,391
,397
,395
,393
,388
,405
,387
,376
,365
2026 06 24 16:51:29.959008,392
,360
,363
,366
,376
,377
,362
,392
,391
,395
,362
,399
,383
,380
2026 06 24 16:51:30.024220,378
,409
,414
,404
,398
,402
,393
,378
,405
,396
,398
,383
,405
,385
2026 06 24 16:51:30.084898,373
,382
,388
,386
,372
,387
,369
,383
,374
,393
,392
,391
,385
,407
2026 06 24 16:51:30.146325,397
,394
,403
,380
,398
,373
,391
,368
,377
,364
,382
,381
,379
,384
2026 06 24 16:51:30.212597,387
,384
,370
,392
,384
,394
,375
,405
,398
,379
,384
,396
,425
,400
2026 06 24 16:51:30.274085,398
,382
,379
,383
,406
,381
,385
,383
,400
,394
,371
,393
,393
,404
2026 06 24 16:51:30.340081,373
,425
,400
,400
,400
,428
,404
,385
,388
,386
,391
,385
,399
,394
2026 06 24 16:51:30.401125,395
,390
,413
,402
,394
,403
,416
,402
,390
,429
,412
,408
,392
,426
2026 06 24 16:51:30.461990,422
,401
,410
,419
,416
,398
,412
,403
,396
,385
,423
,395
,396
,400
2026 06 24 16:51:30.528128,421
,418
,402
,417
,414
,410
,397
,416
,414
,403
,395
,427
,409
,405
2026 06 24 16:51:30.589199,420
,421
,403
,387
,421
,389
,418
,396
,423
,406
,396
,387
,407
,409
2026 06 24 16:51:30.654697,407
,427
,411
,410
,394
,420
,404
,399
,395
,402
,397
,395
,401
,401
2026 06 24 16:51:30.716617,393
,391
,429
,398
,371
,384
,413
,414
,403
,400
,410
,413
,401
,419
2026 06 24 16:51:30.778566,401
,389
,377
,390
,392
,397
,393
,399
,402
,401
,408
,396
,403
,393
2026 06 24 16:51:30.843601,417
,396
,391
,391
,413
,393
,385
,398
,391
,388
,374
,410
,383
,384
2026 06 24 16:51:30.904984,379
,404
,391
,389
,394
,400
,402
,387
,409
,397
,395
,381
,399
,396
2026 06 24 16:51:30.970318,390
,394
,393
,400
,384
,397
,378
,389
,373
,402
,375
,386
,383
,405
2026 06 24 16:51:31.032030,399
,392
,401
,397
,398
,384
,410
,389
,387
,380
,376
,390
,403
,388
2026 06 24 16:51:31.092092,386
,384
,366
,385
,379
,401
,384
,417
,399
,380
,388
,388
,365
,326
2026 06 24 16:51:31.158723,383
,418
,410
,384
,418
,388
,379
,380
,379
,375
,357
,376
,356
,359
2026 06 24 16:51:31.220323,371
,375
,336
,380
,377
,374
,366
,356
,364
,369
,361
,348
,373
,363
2026 06 24 16:51:31.281521,324
,286
,367
,356
,364
,380
,370
,375
,346
,385
,365
,370
,345
,371
2026 06 24 16:51:31.347200,358
,352
,351
,351
,342
,334
,355
,342
,342
,333
,363
,344
,337
,333
2026 06 24 16:51:31.408110,366
,350
,357
,372
,358
,352
,336
,360
,344
,351
,321
,350
,355
,313
2026 06 24 16:51:31.474201,304
,383
,386
,351
,375
,353
,347
,333
,373
,350
,349
,344
,356
,348
2026 06 24 16:51:31.535529,338
,357
,348
,350
,329
,360
,344
,344
,343
,351
,348
,322
,340
,347
2026 06 24 16:51:31.596805,359
,315
,336
,383
,377
,359
,366
,366
,355
,356
,357
,353
,332
,354
2026 06 24 16:51:31.662600,345
,348
,333
,346
,335
,344
,340
,327
,319
,312
,379
,378
,357
,341
2026 06 24 16:51:31.723687,369
,349
,343
,309
,360
,346
,335
,351
,344
,339
,331
,361
,344
,326
2026 06 24 16:51:31.789593,309
,344
,330
,279
,339
,374
,352
,328
,346
,344
,344
,330
,347
,326
2026 06 24 16:51:31.850273,320
,326
,339
,339
,318
,325
,317
,314
,306
,335
,314
,288
,349
,374
2026 06 24 16:51:31.912187,345
,325
,338
,334
,327
,317
,338
,320
,309
,304
,347
,339
,322
,336
2026 06 24 16:51:31.977943,329
,325
,288
,322
,353
,340
,321
,345
,303
,311
,339
,330
,299
,352
2026 06 24 16:51:32.038986,340
,311
,352
,337
,344
,328
,321
,309
,331
,321
,312
,322
,303
,311
2026 06 24 16:51:32.104674,267
,269
,326
,332
,315
,311
,320
,322
,324
,332
,338
,303
,325
,285
2026 06 24 16:51:32.166408,299
,293
,281
,285
,323
,315
,316
,260
,228
,370
,336
,309
,290
,316
2026 06 24 16:51:32.227317,269
,200
,193
,229
,214
,206
,235
,229
,229
,222
,246
,241
,236
,236
2026 06 24 16:51:32.293364,262
,257
,247
,272
,271
,268
,258
,279
,272
,274
,266
,286
,282
,273
2026 06 24 16:51:32.354063,282
,280
,278
,276
,282
,297
,309
,288
,309
,293
,294
,294
,309
,303
2026 06 24 16:51:32.419882,284
,301
,305
,301
,285
,309
,286
,298
,291
,302
,317
,280
,297
,336
2026 06 24 16:51:32.481908,329
,307
,330
,316
,317
,304
,326
,315
,305
,304
,297
,265
,302
,338
2026 06 24 16:51:32.542869,281
,362
,342
,356
,330
,322
,320
,336
,321
,308
,329
,325
,321
,310
2026 06 24 16:51:32.608785,342
,325
,321
,313
,334
,328
,310
,318
,301
,330
,302
,312
,350
,347
2026 06 24 16:51:32.669838,295
,287
,349
,367
,315
,350
,350
,333
,330
,317
,344
,307
,338
,334
2026 06 24 16:51:32.734495,318
,318
,333
,329
,316
,336
,331
,327
,314
,349
,329
,327
,324
,344
2026 06 24 16:51:32.797171,336
,327
,335
,335
,337
,319
,347
,335
,334
,326
,350
,335
,324
,335
2026 06 24 16:51:32.858789,338
,330
,308
,315
,306
,352
,323
,332
,329
,313
,316
,342
,296
,304
2026 06 24 16:51:32.923987,366
,343
,341
,309
,365
,333
,329
,326
,334
,325
,308
,335
,328
,335
2026 06 24 16:51:32.985091,318
,342
,339
,341
,328
,353
,339
,325
,337
,340
,343
,322
,343
,334
2026 06 24 16:51:33.050974,327
,313
,347
,336
,332
,335
,345
,346
,332
,350
,353
,353
,334
,363
2026 06 24 16:51:33.112609,347
,335
,341
,361
,354
,343
,370
,365
,356
,347
,364
,346
,341
,321
2026 06 24 16:51:33.173645,380
,356
,355
,361
,356
,355
,344
,368
,348
,350
,336
,364
,349
,343
2026 06 24 16:51:33.239503,351
,361
,344
,326
,351
,349
,348
,334
,360
,341
,335
,336
,351
,356
2026 06 24 16:51:33.300681,338
,346
,336
,355
,325
,350
,352
,341
,337
,351
,344
,330
,336
,342
2026 06 24 16:51:33.366350,346
,326
,349
,335
,343
,326
,355
,342
,329
,331
,338
,339
,320
,339
2026 06 24 16:51:33.427114,334
,337
,308
,349
,335
,333
,340
,352
,346
,324
,344
,343
,345
,322
2026 06 24 16:51:33.489490,352
,343
,335
,326
,344
,336
,330
,339
,337
,329
,318
,339
,336
,345
2026 06 24 16:51:33.554565,327
,351
,335
,339
,361
,362
,350
,327
,354
,343
,346
,323
,343
,336
2026 06 24 16:51:33.616091,333
,326
,332
,340
,329
,353
,350
,343
,327
,344
,316
,335
,336
,357
2026 06 24 16:51:33.681117,336
,321
,340
,348
,346
,324
,350
,331
,326
,322
,348
,338
,323
,330
2026 06 24 16:51:33.743011,339
,334
,321
,349
,335
,335
,318
,345
,332
,327
,323
,341
,330
,310
2026 06 24 16:51:33.803972,327
,295
,325
,338
,359
,366
,347
,332
,351
,338
,330
,338
,338
,335
2026 06 24 16:51:33.870225,315
,339
,325
,331
,316
,343
,336
,326
,328
,345
,341
,323
,350
,336
2026 06 24 16:51:33.931761,333
,321
,352
,337
,335
,332
,343
,344
,333
,356
,356
,355
,329
,355
2026 06 24 16:51:33.997094,342
,339
,337
,360
,355
,339
,351
,346
,325
,285
,315
,300
,287
,228
2026 06 24 16:51:34.058695,220
,297
,354
,375
,343
,324
,305
,252
,246
,223
,257
,211
,308
,384
2026 06 24 16:51:34.119723,312
,292
,351
,354
,354
,331
,287
,279
,354
,330
,318
,301
,290
,292
2026 06 24 16:51:34.184546,305
,316
,316
,331
,320
,359
,342
,339
,323
,342
,339
,324
,333
,344
2026 06 24 16:51:34.246181,353
,338
,357
,346
,351
,329
,353
,345
,341
,341
,358
,361
,345
,363
2026 06 24 16:51:34.312233,359
,359
,317
,336
,323
,322
,316
,338
,330
,316
,334
,338
,339
,319
2026 06 24 16:51:34.374110,342
,323
,278
,285
,358
,355
,333
,337
,306
,335
,273
,246
,267
,319
2026 06 24 16:51:34.434607,318
,376
,332
,387
,242
,177
,367
,355
,331
,407
,280
,214
,419
,413
2026 06 24 16:51:34.500385,349
,332
,335
,329
,291
,313
,347
,358
,344
,360
,353
,316
,317
,344
2026 06 24 16:51:34.562339,342
,330
,338
,332
,325
,315
,340
,335
,338
,328
,364
,363
,356
,354
2026 06 24 16:51:34.627108,377
,383
,372
,386
,345
,336
,311
,343
,325
,323
,308
,279
,273
,189
2026 06 24 16:51:34.688421,360
,400
,340
,314
,461
,379
,315
,315
,249
,406
,363
,322
,425
,422
2026 06 24 16:51:34.750900,327
,290
,349
,401
,341
,350
,379
,337
,362
,381
,355
,324
,349
,347
2026 06 24 16:51:34.815913,336
,343
,367
,348
,345
,350
,366
,360
,338
,366
,367
,370
,351
,386
2026 06 24 16:51:34.877824,373
,370
,365
,375
,366
,350
,366
,369
,350
,321
,353
,344
,351
,337
2026 06 24 16:51:34.938530,373
,353
,348
,352
,372
,346
,256
,257
,436
,442
,377
,372
,390
,377
2026 06 24 16:51:35.004594,319
,371
,357
,357
,275
,312
,395
,372
,361
,430
,423
,367
,363
,372
2026 06 24 16:51:35.065965,355
,348
,339
,333
,302
,351
,388
,376
,353
,380
,363
,357
,362
,360
2026 06 24 16:51:35.131860,356
,337
,374
,363
,352
,327
,361
,350
,350
,353
,374
,364
,353
,379
2026 06 24 16:51:35.193323,370
,366
,352
,384
,354
,350
,343
,365
,351
,346
,368
,361
,353
,336
2026 06 24 16:51:35.253973,364
,351
,353
,315
,347
,384
,386
,384
,365
,352
,324
,366
,350
,403
2026 06 24 16:51:35.319596,427
,381
,338
,384
,399
,379
,369
,355
,376
,374
,379
,332
,371
,361
2026 06 24 16:51:35.381054,327
,323
,377
,371
,366
,367
,359
,357
,341
,361
,349
,351
,344
,366
2026 06 24 16:51:35.447107,355
,338
,346
,353
,348
,336
,368
,356
,347
,353
,378
,357
,360
,368
2026 06 24 16:51:35.508655,371
,363
,352
,383
,368
,362
,340
,337
,297
,301
,361
,402
,409
,375
2026 06 24 16:51:35.569973,383
,365
,351
,334
,352
,327
,306
,309
,302
,291
,326
,344
,357
,372
2026 06 24 16:51:35.634568,331
,359
,327
,314
,292
,321
,306
,292
,287
,300
,290
,283
,327
,304
2026 06 24 16:51:35.696549,318
,293
,337
,318
,316
,305
,326
,339
,324
,343
,342
,355
,341
,365
2026 06 24 16:51:35.762520,358
,364
,359
,399
,381
,370
,381
,376
,387
,368
,389
,366
,375
,363
2026 06 24 16:51:35.824029,404
,371
,391
,392
,402
,401
,382
,403
,397
,412
,380
,422
,390
,398
2026 06 24 16:51:35.884569,386
,407
,369
,407
,424
,411
,416
,394
,427
,403
,413
,404
,427
,413
2026 06 24 16:51:35.950915,401
,415
,424
,411
,379
,413
,417
,409
,382
,454
,444
,434
,427
,430
2026 06 24 16:51:36.012110,427
,404
,437
,428
,423
,400
,429
,417
,401
,406
,428
,423
,405
,421
2026 06 24 16:51:36.077446,411
,413
,400
,443
,418
,423
,410
,436
,420
,409
,426
,427
,425
,406
2026 06 24 16:51:36.139403,430
,426
,416
,410
,437
,432
,395
,426
,443
,433
,415
,442
,430
,429
2026 06 24 16:51:36.200512,402
,438
,422
,409
,403
,448
,431
,399
,423
,416
,458
,422
,453
,426
2026 06 24 16:51:36.266277,419
,396
,438
,437
,416
,421
,416
,418
,402
,437
,412
,417
,405
,443
2026 06 24 16:51:36.327771,434
,414
,423
,431
,424
,402
,434
,420
,424
,407
,426
,411
,403
,409
2026 06 24 16:51:36.393177,421
,417
,402
,424
,418
,411
,389
,421
,414
,419
,410
,441
,427
,422
2026 06 24 16:51:36.454546,436
,408
,416
,345
,417
,444
,365
,389
,429
,375
,422
,303
,372
,406
2026 06 24 16:51:36.515639,292
,550
,368
,445
,464
,488
,398
,404
,411
,411
,391
,401
,412
,388
2026 06 24 16:51:36.580859,389
,367
,411
,383
,353
,375
,388
,374
,355
,377
,378
,376
,355
,390
2026 06 24 16:51:36.642525,381
,378
,367
,392
,389
,377
,381
,391
,393
,379
,410
,393
,396
,387
2026 06 24 16:51:36.708588,431
,396
,393
,391
,407
,325
,313
,429
,370
,420
,403
,382
,451
,415
2026 06 24 16:51:36.770213,252
,264
,346
,474
,381
,441
,380
,427
,421
,397
,379
,358
,379
,358
2026 06 24 16:51:36.831297,335
,377
,367
,356
,356
,381
,365
,372
,349
,375
,365
,348
,351
,356
2026 06 24 16:51:36.896398,346
,352
,385
,363
,347
,329
,370
,360
,365
,355
,372
,369
,356
,353
2026 06 24 16:51:36.958926,352
,358
,353
,298
,244
,452
,170
,216
,496
,144
,318
,573
,451
,378
2026 06 24 16:51:37.023911,342
,320
,343
,241
,208
,348
,457
,410
,335
,340
,367
,363
,357
,363
2026 06 24 16:51:37.084812,350
,364
,339
,307
,309
,319
,328
,313
,338
,328
,336
,321
,341
,338
2026 06 24 16:51:37.146707,337
,325
,350
,335
,320
,344
,355
,353
,335
,363
,349
,348
,336
,365
2026 06 24 16:51:37.212051,352
,361
,345
,361
,357
,339
,365
,356
,364
,346
,373
,318
,173
,257
2026 06 24 16:51:37.273506,521
,300
,257
,388
,127
,419
,485
,372
,406
,329
,338
,311
,296
,414
2026 06 24 16:51:37.339324,368
,387
,354
,316
,364
,355
,368
,350
,350
,327
,324
,335
,333
,322
2026 06 24 16:51:37.400466,312
,331
,316
,340
,329
,355
,320
,319
,323
,343
,341
,330
,359
,355
2026 06 24 16:51:37.462666,368
,347
,366
,362
,372
,369
,393
,384
,354
,314
,77
,331
,531
,467
2026 06 24 16:51:37.527819,481
,412
,418
,428
,341
,400
,395
,306
,332
,223
,326
,426
,390
,254
2026 06 24 16:51:37.588626,405
,431
,378
,371
,360
,352
,345
,352
,317
,312
,313
,347
,339
,327
2026 06 24 16:51:37.654550,316
,326
,325
,317
,335
,335
,335
,328
,347
,334
,334
,327
,364
,363
2026 06 24 16:51:37.716537,341
,352
,351
,355
,341
,364
,372
,370
,328
,319
,91
,381
,382
,247
2026 06 24 16:51:37.777080,393
,333
,404
,385
,354
,327
,366
,322
,163
,250
,478
,396
,320
,347
2026 06 24 16:51:37.842252,347
,328
,298
,337
,295
,294
,300
,320
,302
,312
,316
,323
,316
,306
2026 06 24 16:51:37.903710,334
,315
,326
,326
,347
,339
,335
,356
,378
,377
,344
,366
,353
,361
2026 06 24 16:51:37.969765,369
,390
,368
,374
,379
,410
,374
,370
,387
,377
,369
,375
,405
,380
2026 06 24 16:51:38.032085,382
,405
,404
,377
,338
,423
,438
,416
,376
,400
,383
,379
,387
,369
2026 06 24 16:51:38.092840,373
,377
,331
,313
,340
,458
,519
,445
,439
,433
,413
,384
,365
,355
2026 06 24 16:51:38.158524,359
,342
,236
,391
,436
,416
,397
,447
,415
,427
,425
,419
,376
,361
2026 06 24 16:51:38.219341,381
,364
,367
,368
,405
,388
,367
,364
,384
,377
,378
,381
,383
,374
2026 06 24 16:51:38.284708,361
,379
,368
,363
,363
,387
,360
,354
,367
,362
,340
,331
,361
,358
2026 06 24 16:51:38.346058,347
,349
,360
,336
,321
,326
,314
,339
,313
,226
,334
,436
,384
,376
2026 06 24 16:51:38.407739,358
,339
,317
,348
,336
,298
,329
,378
,312
,121
,383
,438
,378
,400
2026 06 24 16:51:38.473978,440
,363
,327
,337
,340
,329
,329
,333
,333
,347
,332
,363
,345
,344
2026 06 24 16:51:38.534566,352
,349
,340
,328
,352
,353
,344
,348
,372
,356
,346
,348
,370
,346
2026 06 24 16:51:38.600821,342
,353
,363
,348
,337
,367
,369
,355
,362
,383
,370
,361
,378
,390
2026 06 24 16:51:38.662786,380
,371
,382
,373
,361
,327
,429
,362
,423
,387
,353
,390
,406
,399
2026 06 24 16:51:38.723932,390
,367
,375
,401
,388
,384
,359
,371
,365
,383
,380
,411
,413
,377
2026 06 24 16:51:38.789333,394
,372
,367
,372
,389
,369
,365
,381
,388
,369
,375
,394
,386
,384
2026 06 24 16:51:38.850866,374
,403
,383
,383
,383
,397
,385
,366
,398
,387
,389
,384
,406
,382
2026 06 24 16:51:38.911813,393
,391
,413
,393
,365
,387
,383
,376
,362
,317
,306
,366
,304
,480
2026 06 24 16:51:38.978072,502
,421
,436
,434
,421
,395
,381
,341
,390
,399
,412
,377
,368
,373
2026 06 24 16:51:39.039010,380
,368
,365
,380
,375
,376
,368
,386
,374
,371
,360
,374
,371
,364
2026 06 24 16:51:39.104551,385
,381
,372
,368
,391
,390
,381
,377
,395
,375
,375
,377
,363
,339
2026 06 24 16:51:39.166426,338
,420
,397
,373
,424
,425
,405
,391
,395
,393
,375
,360
,391
,383
2026 06 24 16:51:39.227060,385
,375
,399
,379
,379
,372
,390
,376
,360
,375
,386
,385
,371
,397
2026 06 24 16:51:39.293144,381
,371
,369
,390
,378
,370
,371
,374
,371
,361
,387
,367
,383
,371
2026 06 24 16:51:39.354637,401
,384
,372
,360
,401
,393
,301
,256
,431
,374
,380
,322
,413
,433
2026 06 24 16:51:39.420067,397
,371
,409
,380
,297
,452
,440
,393
,406
,377
,365
,354
,374
,361
2026 06 24 16:51:39.481258,354
,362
,365
,354
,354
,383
,370
,362
,355
,374
,353
,360
,371
,383
2026 06 24 16:51:39.542117,366
,362
,371
,358
,361
,363
,382
,370
,344
,308
,246
,332
,287
,370
2026 06 24 16:51:39.608520,468
,422
,433
,460
,392
,371
,369
,393
,365
,336
,360
,360
,355
,348
2026 06 24 16:51:39.669761,366
,356
,355
,354
,376
,361
,346
,348
,366
,356
,344
,371
,365
,372
2026 06 24 16:51:39.735057,358
,388
,368
,342
,278
,317
,386
,171
,456
,489
,433
,406
,416
,374
2026 06 24 16:51:39.797006,347
,258
,394
,370
,311
,406
,400
,375
,358
,369
,342
,344
,343
,368
2026 06 24 16:51:39.858088,354
,348
,350
,358
,357
,337
,359
,360
,351
,347
,370
,353
,347
,356
2026 06 24 16:51:39.923918,371
,369
,334
,319
,335
,365
,312
,389
,415
,371
,313
,374
,374
,358
2026 06 24 16:51:39.984641,357
,368
,367
,335
,338
,371
,378
,356
,383
,350
,324
,347
,402
,302
2026 06 24 16:51:40.050509,330
,398
,332
,310
,285
,418
,400
,344
,355
,373
,345
,330
,359
,335
2026 06 24 16:51:40.117964,346
,331
,354
,305
,296
,333
,355
,328
,291
,289
,326
,338
,325
,324
2026 06 24 16:51:40.173850,342
,351
,347
,353
,324
,326
,331
,339
,328
,314
,334
,317
,327
,323
2026 06 24 16:51:40.239283,343
,331
,324
,317
,337
,317
,311
,328
,331
,319
,312
,347
,339
,328
2026 06 24 16:51:40.300408,319
,338
,338
,332
,342
,330
,309
,256
,370
,389
,322
,320
,387
,378
2026 06 24 16:51:40.365656,359
,357
,369
,346
,331
,335
,329
,325
,310
,333
,323
,315
,326
,334
2026 06 24 16:51:40.427129,320
,323
,338
,335
,326
,321
,336
,319
,329
,304
,353
,253
,321
,398
2026 06 24 16:51:40.488678,323
,322
,364
,373
,332
,308
,294
,345
,321
,304
,321
,329
,316
,303
2026 06 24 16:51:40.554536,321
,296
,312
,319
,339
,311
,308
,308
,306
,322
,296
,301
,308
,304
2026 06 24 16:51:40.615933,297
,323
,322
,328
,315
,324
,302
,315
,320
,318
,323
,316
,334
,320
2026 06 24 16:51:40.681491,316
,297
,331
,321
,309
,323
,322
,319
,301
,329
,288
,325
,289
,307
2026 06 24 16:51:40.742959,334
,350
,313
,291
,354
,349
,342
,320
,326
,311
,339
,308
,311
,319
2026 06 24 16:51:40.804867,335
,316
,311
,312
,313
,317
,318
,335
,305
,304
,311
,329
,301
,308
2026 06 24 16:51:40.870019,313
,324
,316
,308
,322
,293
,306
,347
,351
,318
,314
,327
,334
,323
2026 06 24 16:51:40.930751,306
,327
,325
,299
,303
,327
,314
,298
,317
,335
,316
,301
,298
,312
2026 06 24 16:51:40.996933,293
,346
,300
,254
,392
,351
,321
,320
,321
,330
,321
,319
,310
,329
2026 06 24 16:51:41.058502,320
,312
,306
,324
,314
,297
,279
,325
,320
,323
,326
,305
,307
,297
2026 06 24 16:51:41.119846,325
,305
,310
,299
,312
,311
,315
,315
,328
,300
,301
,331
,328
,323
2026 06 24 16:51:41.184491,310
,322
,308
,292
,324
,317
,318
,304
,324
,319
,313
,294
,339
,324
2026 06 24 16:51:41.246892,314
,310
,328
,338
,314
,321
,318
,312
,310
,345
,318
,313
,325
,330
2026 06 24 16:51:41.312695,323
,316
,332
,329
,315
,305
,336
,330
,315
,309
,310
,248
,231
,344
2026 06 24 16:51:41.374170,366
,341
,329
,383
,343
,339
,323
,349
,314
,310
,322
,320
,302
,297
2026 06 24 16:51:41.434851,314
,306
,309
,304
,331
,318
,311
,305
,311
,298
,315
,324
,328
,324
2026 06 24 16:51:41.500484,294
,318
,309
,312
,309
,325
,308
,311
,318
,318
,298
,286
,353
,322
2026 06 24 16:51:41.562085,320
,316
,326
,304
,313
,315
,311
,306
,309
,337
,327
,306
,305
,329
2026 06 24 16:51:41.627116,327
,295
,293
,330
,288
,295
,330
,253
,332
,371
,367
,336
,328
,309
2026 06 24 16:51:41.689268,336
,320
,310
,312
,319
,315
,299
,316
,302
,313
,289
,331
,321
,310
2026 06 24 16:51:41.750397,321
,327
,328
,315
,320
,332
,327
,310
,337
,320
,314
,318
,322
,318
2026 06 24 16:51:41.817053,321
,334
,322
,327
,307
,347
,333
,337
,319
,329
,321
,311
,326
,323
2026 06 24 16:51:41.877184,339
,323
,324
,322
,325
,323
,340
,328
,326
,340
,336
,324
,332
,341
2026 06 24 16:51:41.943062,311
,337
,320
,345
,331
,325
,337
,351
,335
,321
,345
,329
,346
,360
2026 06 24 16:51:42.004565,406
,424
,444
,335
,300
,259
,262
,297
,303
,312
,307
,344
,324
,325
2026 06 24 16:51:42.066125,318
,342
,329
,323
,325
,347
,338
,322
,336
,324
,333
,310
,340
,347
2026 06 24 16:51:42.131419,330
,325
,349
,346
,330
,349
,341
,341
,332
,364
,328
,327
,329
,340
2026 06 24 16:51:42.192173,338
,325
,344
,338
,354
,347
,355
,335
,336
,317
,345
,338
,322
,338
2026 06 24 16:51:42.258443,342
,336
,333
,340
,336
,356
,285
,313
,389
,375
,357
,357
,352
,339
2026 06 24 16:51:42.320056,367
,349
,348
,337
,364
,342
,331
,333
,346
,333
,335
,349
,346
,343
2026 06 24 16:51:42.381152,334
,359
,347
,340
,332
,358
,349
,341
,353
,354
,351
,338
,359
,342
2026 06 24 16:51:42.446934,337
,331
,351
,341
,335
,344
,363
,342
,343
,363
,348
,345
,333
,357
2026 06 24 16:51:42.508097,340
,346
,342
,354
,348
,338
,354
,355
,349
,342
,375
,352
,337
,329
2026 06 24 16:51:42.573861,353
,346
,341
,360
,358
,343
,338
,359
,348
,344
,338
,360
,351
,344
2026 06 24 16:51:42.634994,349
,330
,320
,315
,384
,367
,362
,341
,356
,351
,354
,341
,364
,355
2026 06 24 16:51:42.696814,341
,352
,347
,342
,334
,359
,341
,342
,333
,349
,346
,334
,347
,350
2026 06 24 16:51:42.761777,351
,339
,357
,351
,354
,350
,370
,358
,343
,344
,362
,358
,343
,365
2026 06 24 16:51:42.823927,352
,353
,354
,366
,360
,347
,352
,373
,368
,352
,368
,360
,364
,350
2026 06 24 16:51:42.884680,379
,359
,357
,363
,379
,360
,352
,359
,364
,366
,350
,373
,368
,382
2026 06 24 16:51:42.950305,365
,369
,351
,344
,341
,364
,377
,349
,374
,358
,356
,357
,384
,369
2026 06 24 16:51:43.012118,363
,365
,376
,363
,355
,373
,369
,377
,364
,383
,368
,359
,356
,377
2026 06 24 16:51:43.077159,367
,355
,369
,372
,364
,352
,377
,365
,357
,353
,379
,366
,355
,364
2026 06 24 16:51:43.139261,373
,369
,353
,374
,369
,367
,351
,375
,362
,359
,366
,379
,373
,356
2026 06 24 16:51:43.200074,383
,372
,368
,360
,380
,366
,366
,359
,378
,373
,371
,394
,390
,382
2026 06 24 16:51:43.265920,363
,370
,348
,355
,356
,375
,368
,312
,330
,380
,380
,358
,346
,354
2026 06 24 16:51:43.327091,389
,341
,347
,414
,388
,417
,428
,360
,341
,405
,368
,341
,285
,307
2026 06 24 16:51:43.392956,365
,363
,280
,371
,395
,410
,426
,395
,366
,337
,361
,358
,360
,343
2026 06 24 16:51:43.454561,342
,333
,338
,349
,357
,350
,342
,361
,349
,340
,328
,358
,351
,334
2026 06 24 16:51:43.515827,337
,334
,339
,329
,350
,333
,335
,323
,347
,347
,334
,331
,344
,347
2026 06 24 16:51:43.581472,333
,350
,347
,341
,335
,354
,371
,347
,340
,353
,345
,339
,366
,331
2026 06 24 16:51:43.642764,345
,335
,359
,340
,347
,340
,353
,342
,323
,381
,370
,247
,349
,389
2026 06 24 16:51:43.708848,337
,375
,341
,362
,338
,255
,347
,402
,370
,362
,384
,371
,352
,321
2026 06 24 16:51:43.769702,355
,334
,334
,338
,350
,322
,310
,331
,333
,336
,323
,347
,331
,323
2026 06 24 16:51:43.831341,331
,355
,349
,337
,350
,347
,345
,336
,360
,347
,345
,337
,362
,337
2026 06 24 16:51:43.896921,341
,348
,354
,331
,341
,356
,343
,350
,329
,360
,327
,331
,351
,372
2026 06 24 16:51:43.957726,359
,348
,351
,358
,347
,321
,339
,350
,336
,318
,347
,358
,267
,331
2026 06 24 16:51:44.023755,390
,339
,346
,431
,413
,378
,366
,369
,324
,337
,335
,341
,344
,336
2026 06 24 16:51:44.084612,358
,350
,340
,322
,361
,350
,339
,342
,349
,349
,330
,351
,343
,343
2026 06 24 16:51:44.146423,334
,353
,350
,343
,329
,352
,347
,345
,359
,358
,348
,349
,364
,357
2026 06 24 16:51:44.212310,360
,336
,360
,347
,341
,345
,364
,351
,341
,327
,348
,394
,342
,323
2026 06 24 16:51:44.273906,281
,363
,378
,382
,377
,363
,371
,342
,326
,331
,354
,326
,324
,388
2026 06 24 16:51:44.339185,394
,333
,331
,347
,350
,328
,334
,358
,334
,333
,336
,360
,344
,335
2026 06 24 16:51:44.400548,337
,341
,341
,329
,353
,343
,345
,343
,371
,341
,331
,329
,348
,336
2026 06 24 16:51:44.461889,339
,351
,359
,361
,308
,382
,356
,347
,343
,362
,350
,334
,360
,365
2026 06 24 16:51:44.527633,352
,338
,367
,353
,352
,336
,357
,346
,341
,350
,358
,360
,353
,373
2026 06 24 16:51:44.588611,365
,357
,352
,364
,337
,334
,330
,345
,354
,348
,347
,331
,323
,281
2026 06 24 16:51:44.654615,345
,383
,331
,334
,432
,414
,401
,387
,355
,330
,312
,332
,333
,336
2026 06 24 16:51:44.715642,332
,354
,337
,334
,352
,363
,367
,345
,344
,352
,359
,321
,344
,380
2026 06 24 16:51:44.777290,403
,384
,376
,337
,314
,328
,330
,338
,337
,367
,353
,348
,346
,369
2026 06 24 16:51:44.842837,362
,348
,359
,374
,351
,331
,360
,346
,347
,330
,359
,358
,361
,342
2026 06 24 16:51:44.903915,311
,211
,243
,477
,393
,362
,411
,425
,379
,388
,337
,319
,324
,316
2026 06 24 16:51:44.969565,336
,326
,335
,324
,364
,354
,325
,320
,339
,339
,331
,343
,341
,340
2026 06 24 16:51:45.031198,332
,359
,340
,341
,330
,349
,341
,332
,340
,348
,349
,325
,353
,347
2026 06 24 16:51:45.092677,344
,329
,352
,341
,336
,340
,352
,343
,326
,349
,341
,349
,334
,361
2026 06 24 16:51:45.158764,346
,336
,322
,346
,344
,339
,353
,341
,335
,340
,371
,346
,350
,350
2026 06 24 16:51:45.219229,370
,359
,345
,352
,359
,355
,342
,368
,353
,344
,324
,343
,338
,345
2026 06 24 16:51:45.285072,328
,349
,365
,354
,381
,364
,353
,331
,343
,334
,341
,336
,351
,338
2026 06 24 16:51:45.346549,331
,349
,355
,356
,342
,371
,355
,348
,343
,367
,363
,349
,360
,368
2026 06 24 16:51:45.407780,363
,342
,361
,352
,353
,324
,346
,335
,337
,339
,351
,353
,335
,361
2026 06 24 16:51:45.474177,353
,339
,335
,365
,377
,365
,355
,373
,361
,344
,350
,352
,365
,341
2026 06 24 16:51:45.534832,363
,342
,340
,337
,354
,352
,341
,348
,350
,361
,347
,366
,354
,348
2026 06 24 16:51:45.600310,335
,355
,349
,330
,342
,350
,359
,339
,361
,352
,347
,342
,367
,348
2026 06 24 16:51:45.662181,343
,342
,357
,327
,307
,356
,353
,342
,332
,356
,351
,340
,319
,378
2026 06 24 16:51:45.722900,359
,342
,338
,327
,331
,309
,348
,334
,336
,323
,345
,339
,332
,334
2026 06 24 16:51:45.789129,339
,341
,319
,343
,331
,336
,323
,357
,346
,338
,340
,352
,344
,327
2026 06 24 16:51:45.850709,342
,339
,346
,320
,349
,333
,338
,330
,335
,321
,309
,323
,318
,330
2026 06 24 16:51:45.915920,320
,343
,331
,330
,320
,343
,331
,331
,345
,348
,337
,318
,350
,337
2026 06 24 16:51:45.977597,356
,335
,364
,351
,344
,357
,360
,358
,331
,350
,336
,356
,334
,368
2026 06 24 16:51:46.038917,351
,353
,346
,369
,360
,356
,370
,373
,364
,344
,376
,343
,337
,331
2026 06 24 16:51:46.104526,355
,341
,330
,350
,353
,352
,331
,368
,348
,349
,334
,373
,349
,338
2026 06 24 16:51:46.166068,343
,347
,314
,338
,391
,376
,366
,337
,368
,353
,350
,343
,359
,356
2026 06 24 16:51:46.231329,334
,350
,352
,352
,337
,364
,327
,336
,350
,366
,356
,351
,352
,348
2026 06 24 16:51:46.293024,342
,320
,351
,336
,333
,312
,345
,304
,354
,351
,363
,358
,344
,362
2026 06 24 16:51:46.353719,353
,352
,336
,362
,342
,326
,332
,350
,343
,334
,345
,317
,320
,321
2026 06 24 16:51:46.420032,382
,371
,361
,369
,385
,355
,343
,347
,351
,363
,338
,361
,351
,370
2026 06 24 16:51:46.481039,358
,365
,345
,331
,312
,371
,388
,353
,384
,373
,384
,361
,390
,376
2026 06 24 16:51:46.546763,365
,347
,349
,348
,323
,366
,371
,364
,339
,387
,374
,370
,358
,379
2026 06 24 16:51:46.608417,366
,353
,363
,355
,359
,346
,376
,354
,352
,346
,370
,367
,356
,355
2026 06 24 16:51:46.669433,374
,381
,326
,351
,389
,394
,355
,406
,380
,317
,327
,412
,392
,371
2026 06 24 16:51:46.734596,384
,369
,362
,352
,380
,353
,356
,351
,352
,340
,357
,379
,374
,357
2026 06 24 16:51:46.796142,345
,374
,368
,347
,330
,384
,374
,364
,360
,368
,362
,345
,365
,359
2026 06 24 16:51:46.857848,362
,354
,378
,360
,356
,353
,367
,357
,351
,369
,358
,368
,339
,360
2026 06 24 16:51:46.923870,316
,311
,410
,399
,381
,343
,356
,373
,369
,358
,385
,359
,356
,345
2026 06 24 16:51:46.984656,371
,352
,351
,358
,362
,350
,341
,378
,355
,356
,343
,370
,351
,347
2026 06 24 16:51:47.049712,353
,363
,367
,354
,364
,338
,322
,358
,353
,350
,357
,365
,375
,360
2026 06 24 16:51:47.112183,347
,349
,357
,348
,317
,396
,365
,361
,345
,374
,355
,360
,376
,368
2026 06 24 16:51:47.173691,365
,338
,361
,354
,369
,344
,371
,348
,340
,317
,392
,411
,375
,370
2026 06 24 16:51:47.238841,373
,376
,360
,381
,360
,358
,347
,364
,353
,346
,354
,350
,345
,356
2026 06 24 16:51:47.299802,385
,359
,294
,326
,384
,334
,352
,436
,400
,376
,352
,372
,352
,344
2026 06 24 16:51:47.365880,345
,369
,350
,343
,356
,360
,362
,338
,365
,340
,351
,345
,363
,319
2026 06 24 16:51:47.427510,320
,379
,403
,366
,344
,352
,354
,351
,320
,393
,358
,321
,360
,392
2026 06 24 16:51:47.488513,362
,348
,342
,350
,355
,355
,382
,340
,348
,340
,352
,332
,366
,353
2026 06 24 16:51:47.554483,346
,294
,340
,396
,378
,367
,355
,387
,361
,341
,319
,380
,373
,351
2026 06 24 16:51:47.615345,369
,334
,349
,354
,380
,352
,355
,348
,358
,338
,324
,366
,342
,310
2026 06 24 16:51:47.681057,335
,368
,376
,336
,365
,366
,363
,356
,358
,358
,353
,340
,355
,328
2026 06 24 16:51:47.742939,336
,329
,351
,337
,322
,334
,373
,350
,311
,329
,316
,338
,323
,368
2026 06 24 16:51:47.803998,379
,369
,384
,371
,356
,360
,339
,339
,346
,325
,323
,281
,277
,367
2026 06 24 16:51:47.869889,377
,343
,333
,340
,334
,312
,319
,358
,327
,319
,299
,321
,300
,304
2026 06 24 16:51:47.931194,283
,312
,309
,294
,293
,308
,315
,297
,339
,337
,319
,315
,332
,276
2026 06 24 16:51:47.996335,275
,371
,342
,332
,304
,312
,303
,295
,245
,359
,326
,241
,320
,347
2026 06 24 16:51:48.058201,343
,309
,324
,297
,318
,321
,358
,309
,307
,323
,323
,299
,318
,356
2026 06 24 16:51:48.119311,317
,304
,294
,325
,310
,328
,310
,339
,312
,318
,337
,309
,329
,308
2026 06 24 16:51:48.185063,340
,322
,320
,302
,317
,295
,302
,326
,327
,304
,306
,348
,317
,277
2026 06 24 16:51:48.246110,339
,349
,317
,304
,303
,312
,308
,294
,314
,315
,304
,304
,334
,315
2026 06 24 16:51:48.312401,317
,316
,339
,316
,299
,316
,318
,306
,292
,306
,274
,306
,270
,304
2026 06 24 16:51:48.374168,359
,332
,329
,318
,331
,314
,341
,334
,328
,304
,345
,311
,315
,301
2026 06 24 16:51:48.434554,332
,324
,295
,326
,313
,316
,310
,327
,312
,302
,303
,321
,318
,311
2026 06 24 16:51:48.500598,319
,330
,326
,303
,334
,312
,314
,321
,341
,345
,342
,369
,362
,355
2026 06 24 16:51:48.562153,337
,378
,359
,361
,326
,373
,368
,348
,361
,368
,374
,344
,366
,368
2026 06 24 16:51:48.627514,382
,360
,382
,365
,350
,356
,387
,386
,356
,299
,338
,421
,353
,402
2026 06 24 16:51:48.689147,385
,383
,367
,394
,394
,374
,384
,386
,379
,363
,385
,383
,393
,356
2026 06 24 16:51:48.750215,377
,382
,385
,389
,382
,388
,352
,374
,348
,428
,410
,397
,392
,395
2026 06 24 16:51:48.816231,380
,394
,397
,370
,365
,332
,378
,366
,385
,351
,367
,385
,415
,377
2026 06 24 16:51:48.876794,363
,399
,406
,407
,383
,394
,380
,372
,339
,381
,385
,364
,383
,392
2026 06 24 16:51:48.942991,378
,393
,397
,391
,417
,421
,419
,408
,398
,389
,399
,364
,344
,422
2026 06 24 16:51:49.004251,422
,415
,392
,446
,429
,418
,397
,417
,432
,439
,426
,401
,388
,375
2026 06 24 16:51:49.065540,394
,384
,405
,389
,401
,401
,388
,397
,419
,404
,362
,395
,374
,373
2026 06 24 16:51:49.131058,384
,390
,367
,365
,376
,400
,386
,363
,399
,385
,384
,377
,393
,345
2026 06 24 16:51:49.192131,342
,361
,353
,356
,341
,376
,347
,369
,357
,368
,354
,355
,344
,388
2026 06 24 16:51:49.258263,389
,369
,364
,338
,328
,331
,367
,353
,357
,345
,372
,365
,357
,349
2026 06 24 16:51:49.319071,367
,380
,344
,389
,358
,346
,340
,355
,340
,339
,343
,354
,343
,335
2026 06 24 16:51:49.381331,352
,344
,348
,344
,363
,338
,344
,339
,362
,348
,336
,355
,357
,353
2026 06 24 16:51:49.446544,317
,352
,311
,307
,280
,312
,313
,417
,382
,385
,389
,375
,369
,335
2026 06 24 16:51:49.507761,340
,316
,332
,311
,327
,323
,328
,327
,311
,340
,344
,329
,318
,359
2026 06 24 16:51:49.573691,328
,335
,324
,325
,304
,325
,335
,332
,326
,315
,350
,327
,331
,320
2026 06 24 16:51:49.634536,353
,314
,325
,318
,317
,319
,319
,341
,333
,329
,314
,331
,320
,327
2026 06 24 16:51:49.695844,319
,338
,334
,321
,350
,339
,343
,324
,341
,314
,321
,316
,334
,328
2026 06 24 16:51:49.762120,329
,341
,325
,330
,306
,365
,333
,336
,320
,331
,305
,311
,315
,322
2026 06 24 16:51:49.823779,335
,317
,354
,341
,337
,324
,348
,310
,330
,335
,334
,342
,352
,365
2026 06 24 16:51:49.888793,342
,345
,317
,349
,334
,329
,329
,342
,331
,335
,340
,333
,329
,316
2026 06 24 16:51:49.950512,354
,322
,331
,335
,367
,354
,335
,342
,333
,351
,330
,351
,351
,360
2026 06 24 16:51:50.011558,345
,359
,333
,343
,344
,347
,357
,336
,353
,349
,352
,330
,359
,348
2026 06 24 16:51:50.077574,361
,349
,362
,355
,328
,335
,337
,344
,317
,350
,334
,332
,343
,365
2026 06 24 16:51:50.139102,349
,343
,348
,355
,356
,337
,364
,356
,356
,343
,367
,356
,356
,343
2026 06 24 16:51:50.204385,351
,344
,336
,361
,349
,351
,344
,379
,354
,357
,357
,371
,355
,349
2026 06 24 16:51:50.266838,367
,361
,363
,348
,384
,347
,350
,319
,357
,352
,346
,358
,358
,363
2026 06 24 16:51:50.327242,345
,371
,356
,361
,335
,372
,352
,350
,350
,367
,370
,353
,376
,361
2026 06 24 16:51:50.392851,372
,352
,381
,372
,364
,352
,360
,350
,360
,369
,368
,358
,335
,374
2026 06 24 16:51:50.453963,347
,375
,364
,380
,359
,359
,361
,376
,377
,350
,369
,345
,362
,349
2026 06 24 16:51:50.519931,372
,364
,354
,360
,372
,367
,359
,378
,365
,377
,359
,395
,370
,363
2026 06 24 16:51:50.580774,355
,377
,377
,357
,372
,359
,363
,348
,383
,364
,373
,356
,375
,371
2026 06 24 16:51:50.642823,361
,374
,368
,366
,356
,393
,375
,379
,362
,390
,369
,363
,370
,374
2026 06 24 16:51:50.708227,368
,351
,379
,379
,381
,365
,396
,377
,377
,356
,373
,362
,354
,367
2026 06 24 16:51:50.769806,360
,372
,355
,383
,363
,373
,371
,351
,343
,394
,378
,375
,370
,370
2026 06 24 16:51:50.835089,402
,375
,368
,350
,372
,364
,364
,374
,361
,360
,384
,386
,343
,226
2026 06 24 16:51:50.896570,354
,432
,423
,416
,382
,386
,382
,357
,362
,350
,370
,353
,379
,356
2026 06 24 16:51:50.958218,365
,355
,371
,336
,309
,359
,374
,363
,345
,373
,350
,359
,335
,367
2026 06 24 16:51:51.023683,351
,354
,349
,353
,357
,348
,371
,351
,364
,349
,369
,361
,365
,358
2026 06 24 16:51:51.085083,371
,369
,359
,380
,367
,368
,360
,382
,363
,369
,353
,376
,356
,351
2026 06 24 16:51:51.146397,365
,372
,377
,362
,376
,358
,366
,346
,374
,368
,370
,373
,396
,371
2026 06 24 16:51:51.212002,349
,382
,375
,367
,338
,370
,321
,368
,369
,381
,337
,343
,344
,372
2026 06 24 16:51:51.273628,381
,274
,311
,374
,376
,370
,500
,425
,405
,396
,387
,377
,338
,358
2026 06 24 16:51:51.338922,344
,351
,341
,352
,288
,334
,359
,428
,418
,371
,383
,367
,367
,332
2026 06 24 16:51:51.400097,365
,356
,358
,352
,361
,361
,345
,373
,354
,353
,342
,384
,348
,356
2026 06 24 16:51:51.461409,354
,373
,356
,343
,358
,367
,358
,349
,376
,360
,371
,350
,370
,375
2026 06 24 16:51:51.527493,374
,368
,378
,380
,367
,379
,371
,387
,350
,374
,373
,386
,383
,389
2026 06 24 16:51:51.588048,373
,365
,371
,342
,380
,343
,365
,310
,404
,394
,373
,399
,429
,415
2026 06 24 16:51:51.654352,399
,391
,375
,390
,357
,359
,335
,361
,354
,347
,359
,369
,362
,344
2026 06 24 16:51:51.716596,380
,368
,373
,345
,378
,357
,358
,329
,363
,359
,356
,375
,357
,362
2026 06 24 16:51:51.777317,337
,375
,362
,354
,352
,364
,363
,356
,338
,372
,389
,349
,386
,383
2026 06 24 16:51:51.842822,367
,340
,362
,364
,347
,352
,362
,362
,342
,369
,358
,353
,305
,350
2026 06 24 16:51:51.903613,368
,352
,339
,354
,339
,345
,397
,363
,365
,323
,360
,344
,346
,334
2026 06 24 16:51:51.969977,357
,345
,334
,352
,347
,348
,334
,372
,338
,339
,333
,338
,309
,301
2026 06 24 16:51:52.031295,351
,362
,352
,340
,352
,343
,353
,330
,354
,321
,327
,329
,346
,345
2026 06 24 16:51:52.092526,342
,363
,342
,338
,316
,357
,352
,340
,324
,335
,338
,332
,348
,344
2026 06 24 16:51:52.158672,351
,329
,350
,336
,342
,322
,360
,339
,326
,344
,342
,349
,328
,363
2026 06 24 16:51:52.219543,364
,367
,319
,357
,355
,357
,337
,351
,348
,339
,368
,352
,351
,327
2026 06 24 16:51:52.284615,361
,331
,348
,336
,360
,355
,344
,367
,353
,366
,335
,364
,350
,349
2026 06 24 16:51:52.346539,334
,345
,343
,335
,339
,355
,350
,335
,361
,348
,356
,331
,363
,354
2026 06 24 16:51:52.407489,351
,357
,365
,353
,340
,362
,340
,345
,323
,356
,350
,347
,316
,357
2026 06 24 16:51:52.473599,359
,343
,347
,346
,353
,336
,352
,345
,351
,335
,350
,334
,327
,335
2026 06 24 16:51:52.535109,349
,369
,343
,365
,337
,337
,327
,362
,334
,332
,344
,353
,350
,330
2026 06 24 16:51:52.600481,360
,360
,369
,338
,365
,357
,357
,348
,372
,361
,363
,372
,364
,365
2026 06 24 16:51:52.662066,344
,371
,348
,339
,331
,364
,348
,348
,363
,368
,352
,326
,360
,352
2026 06 24 16:51:52.723516,368
,338
,366
,344
,352
,349
,359
,346
,347
,372
,358
,368
,337
,363
2026 06 24 16:51:52.788947,334
,349
,340
,357
,360
,336
,354
,365
,363
,344
,372
,346
,335
,338
2026 06 24 16:51:52.850540,357
,341
,346
,358
,361
,362
,330
,372
,347
,367
,340
,357
,342
,335
2026 06 24 16:51:52.915795,344
,367
,359
,326
,363
,353
,355
,324
,356
,350
,350
,344
,369
,359
2026 06 24 16:51:52.977385,328
,356
,340
,346
,321
,366
,349
,352
,334
,358
,352
,340
,343
,350
2026 06 24 16:51:53.038643,347
,329
,357
,350
,353
,339
,366
,351
,342
,360
,357
,357
,352
,377
2026 06 24 16:51:53.104275,350
,354
,332
,356
,335
,344
,341
,347
,357
,328
,361
,347
,358
,344
2026 06 24 16:51:53.165904,367
,350
,352
,337
,352
,350
,341
,357
,354
,356
,335
,371
,348
,341
2026 06 24 16:51:53.230705,330
,353
,350
,351
,360
,358
,359
,337
,358
,346
,362
,344
,371
,353
2026 06 24 16:51:53.292812,353
,354
,358
,355
,344
,358
,341
,354
,334
,366
,339
,337
,335
,366
2026 06 24 16:51:53.353677,355
,342
,357
,350
,357
,331
,376
,361
,361
,346
,362
,344
,335
,349
2026 06 24 16:51:53.419735,351
,359
,352
,370
,346
,365
,341
,368
,348
,354
,346
,362
,363
,342
2026 06 24 16:51:53.481263,364
,348
,352
,333
,369
,351
,356
,341
,340
,338
,338
,356
,347
,358
2026 06 24 16:51:53.546429,332
,364
,344
,354
,336
,366
,352
,339
,354
,362
,359
,340
,364
,353
2026 06 24 16:51:53.609021,357
,338
,369
,352
,349
,341
,374
,371
,345
,349
,334
,346
,333
,359
2026 06 24 16:51:53.669560,344
,350
,340
,358
,358
,355
,359
,348
,353
,321
,362
,347
,346
,339
2026 06 24 16:51:53.734552,366
,360
,347
,356
,365
,362
,351
,375
,352
,345
,330
,358
,357
,355
2026 06 24 16:51:53.795701,355
,362
,359
,348
,353
,337
,343
,335
,374
,357
,356
,343
,365
,349
2026 06 24 16:51:53.861972,332
,345
,347
,367
,344
,356
,345
,351
,332
,353
,342
,340
,348
,351
2026 06 24 16:51:53.923624,357
,332
,356
,349
,341
,319
,362
,351
,352
,345
,359
,352
,335
,365
2026 06 24 16:51:53.984910,355
,369
,351
,369
,363
,361
,355
,376
,371
,372
,389
,369
,375
,353
2026 06 24 16:51:54.050463,371
,357
,362
,345
,370
,367
,359
,361
,361
,366
,344
,373
,358
,372
2026 06 24 16:51:54.111167,353
,372
,354
,349
,348
,363
,364
,349
,361
,354
,356
,340
,366
,350
2026 06 24 16:51:54.177364,355
,339
,359
,361
,335
,359
,352
,355
,336
,370
,354
,356
,339
,360
2026 06 24 16:51:54.238714,359
,347
,355
,359
,356
,344
,367
,345
,352
,336
,359
,348
,353
,347
2026 06 24 16:51:54.300496,358
,356
,339
,365
,357
,355
,335
,370
,355
,347
,335
,346
,343
,333
2026 06 24 16:51:54.365774,348
,348
,352
,332
,358
,345
,357
,342
,354
,346
,325
,350
,339
,355
2026 06 24 16:51:54.427299,342
,369
,343
,345
,331
,356
,325
,326
,337
,336
,353
,337
,355
,344
2026 06 24 16:51:54.492667,370
,338
,356
,338
,336
,335
,347
,357
,330
,357
,341
,356
,321
,334
2026 06 24 16:51:54.553649,347
,358
,358
,364
,340
,323
,338
,323
,333
,331
,347
,344
,342
,333
2026 06 24 16:51:54.615293,345
,343
,333
,348
,348
,368
,333
,339
,324
,346
,317
,360
,354
,340
2026 06 24 16:51:54.681148,340
,363
,347
,312
,360
,353
,350
,325
,339
,323
,318
,303
,345
,353
2026 06 24 16:51:54.742835,341
,335
,333
,348
,332
,368
,322
,340
,352
,370
,351
,334
,323
,327
2026 06 24 16:51:54.808167,340
,335
,356
,326
,333
,329
,336
,363
,359
,337
,356
,346
,329
,361
2026 06 24 16:51:54.869405,344
,353
,314
,358
,336
,354
,336
,353
,343
,323
,343
,345
,353
,332
2026 06 24 16:51:54.930790,360
,337
,351
,339
,352
,329
,353
,353
,344
,349
,328
,359
,333
,338
2026 06 24 16:51:54.996235,323
,357
,347
,319
,315
,365
,350
,327
,349
,337
,347
,325
,358
,344
2026 06 24 16:51:55.058433,344
,330
,345
,336
,331
,343
,338
,347
,331
,357
,341
,344
,326
,352
2026 06 24 16:51:55.122361,337
,333
,346
,350
,350
,338
,367
,351
,345
,319
,357
,342
,344
,351
2026 06 24 16:51:55.184524,356
,352
,333
,356
,346
,353
,332
,366
,344
,346
,336
,356
,360
,353
2026 06 24 16:51:55.245817,354
,337
,343
,328
,365
,351
,344
,329
,360
,346
,343
,346
,357
,345
2026 06 24 16:51:55.311967,333
,368
,364
,356
,324
,350
,344
,343
,339
,354
,342
,332
,359
,348
2026 06 24 16:51:55.373527,354
,338
,368
,358
,351
,343
,368
,366
,346
,357
,347
,345
,335
,371
2026 06 24 16:51:55.434701,350
,352
,335
,362
,348
,345
,351
,356
,358
,336
,360
,350
,354
,332
2026 06 24 16:51:55.500542,360
,351
,348
,348
,365
,370
,355
,367
,348
,355
,331
,364
,349
,352
2026 06 24 16:51:55.561351,346
,363
,361
,353
,361
,359
,362
,342
,368
,353
,354
,349
,372
,370
2026 06 24 16:51:55.627388,341
,349
,365
,360
,332
,365
,346
,351
,341
,371
,355
,346
,345
,359
2026 06 24 16:51:55.688924,365
,348
,367
,350
,367
,349
,380
,364
,364
,355
,370
,367
,356
,382
2026 06 24 16:51:55.750269,379
,383
,355
,372
,354
,358
,358
,370
,359
,359
,365
,360
,363
,339
2026 06 24 16:51:55.815705,370
,357
,365
,349
,370
,356
,348
,353
,361
,360
,345
,375
,363
,372
2026 06 24 16:51:55.877260,358
,383
,350
,346
,343
,370
,361
,341
,354
,351
,363
,344
,371
,356
2026 06 24 16:51:55.942240,352
,338
,370
,361
,353
,361
,358
,362
,341
,364
,351
,355
,335
,363
2026 06 24 16:51:56.003571,345
,348
,351
,361
,356
,346
,363
,351
,363
,343
,371
,365
,364
,350
2026 06 24 16:51:56.065576,378
,373
,358
,387
,378
,379
,353
,386
,369
,369
,353
,375
,368
,352
2026 06 24 16:51:56.130593,379
,375
,366
,356
,385
,364
,358
,341
,366
,353
,350
,347
,345
,362
2026 06 24 16:51:56.192698,356
,386
,359
,354
,338
,363
,348
,354
,350
,368
,355
,335
,361
,348
2026 06 24 16:51:56.257212,354
,340
,366
,348
,355
,345
,362
,353
,348
,359
,362
,359
,335
,363
2026 06 24 16:51:56.319256,340
,355
,340
,370
,350
,345
,344
,353
,355
,346
,366
,352
,351
,323
2026 06 24 16:51:56.382099,363
,354
,350
,353
,361
,356
,342
,356
,337
,350
,339
,367
,351
,349
2026 06 24 16:51:56.447930,342
,372
,347
,341
,350
,352
,360
,342
,375
,354
,353
,331
,358
,349
2026 06 24 16:51:56.507471,336
,346
,347
,346
,327
,345
,349
,370
,345
,372
,339
,335
,341
,363
2026 06 24 16:51:56.573566,362
,328
,353
,354
,349
,334
,361
,339
,338
,328
,353
,348
,348
,367
2026 06 24 16:51:56.634571,358
,364
,331
,343
,337
,333
,352
,399
,370
,361
,357
,355
,361
,351
2026 06 24 16:51:56.696272,369
,349
,353
,332
,354
,342
,346
,361
,364
,355
,340
,366
,358
,361
2026 06 24 16:51:56.761183,342
,374
,362
,359
,341
,374
,362
,347
,357
,349
,356
,342
,380
,360
2026 06 24 16:51:56.822274,356
,341
,367
,358
,349
,362
,359
,367
,352
,381
,356
,363
,345
,376
2026 06 24 16:51:56.888182,365
,352
,348
,357
,352
,333
,355
,341
,358
,340
,379
,361
,351
,347
2026 06 24 16:51:56.950064,376
,348
,343
,370
,366
,375
,351
,379
,360
,354
,353
,376
,355
,344
2026 06 24 16:51:57.013853,360
,369
,379
,353
,382
,363
,372
,340
,376
,358
,356
,354
,356
,359
2026 06 24 16:51:57.076567,341
,363
,350
,359
,345
,387
,366
,357
,360
,372
,372
,364
,380
,348
2026 06 24 16:51:57.138843,365
,343
,378
,358
,363
,347
,367
,348
,335
,368
,369
,370
,352
,385
2026 06 24 16:51:57.203587,353
,353
,331
,362
,347
,346
,349
,367
,375
,358
,382
,361
,365
,341
2026 06 24 16:51:57.265093,370
,354
,349
,355
,360
,356
,354
,371
,362
,369
,352
,389
,351
,355
2026 06 24 16:51:57.327248,351
,359
,350
,350
,363
,362
,361
,347
,377
,360
,372
,337
,357
,352
2026 06 24 16:51:57.391922,345
,343
,366
,345
,333
,379
,357
,364
,340
,372
,347
,354
,347
,358
2026 06 24 16:51:57.454534,349
,338
,358
,349
,356
,327
,363
,348
,356
,347
,359
,360
,351
,342
2026 06 24 16:51:57.519704,339
,343
,320
,352
,338
,344
,329
,356
,344
,344
,351
,348
,348
,327
2026 06 24 16:51:57.580992,361
,347
,354
,331
,362
,354
,349
,342
,345
,342
,321
,339
,347
,356
2026 06 24 16:51:57.641934,330
,364
,339
,341
,335
,361
,347
,329
,354
,346
,352
,333
,362
,342
2026 06 24 16:51:57.708086,345
,334
,359
,351
,334
,331
,334
,368
,337
,364
,330
,350
,338
,359
2026 06 24 16:51:57.769121,340
,334
,336
,356
,349
,334
,355
,337
,352
,339
,361
,347
,345
,338
2026 06 24 16:51:57.834810,351
,347
,347
,354
,345
,353
,340
,363
,343
,343
,328
,354
,347
,336
2026 06 24 16:51:57.897661,348
,355
,355
,330
,358
,339
,348
,327
,360
,335
,331
,351
,335
,363
2026 06 24 16:51:57.957863,342
,347
,352
,361
,341
,372
,337
,348
,336
,345
,342
,333
,341
,333
2026 06 24 16:51:58.023445,348
,327
,350
,328
,332
,315
,348
,342
,332
,333
,324
,332
,312
,346
2026 06 24 16:51:58.084579,328
,338
,323
,352
,332
,322
,326
,345
,338
,347
,364
,336
,344
,323
2026 06 24 16:51:58.150089,354
,329
,334
,335
,363
,342
,328
,347
,336
,348
,334
,357
,331
,332
2026 06 24 16:51:58.211859,319
,347
,347
,332
,335
,335
,341
,316
,346
,335
,339
,325
,353
,327
2026 06 24 16:51:58.272333,320
,327
,345
,354
,326
,338
,324
,360
,328
,350
,338
,330
,322
,335
2026 06 24 16:51:58.338817,331
,318
,334
,332
,339
,321
,352
,335
,329
,302
,341
,323
,322
,320
2026 06 24 16:51:58.399989,328
,349
,326
,350
,334
,340
,324
,359
,352
,340
,345
,350
,358
,343
2026 06 24 16:51:58.464827,359
,334
,337
,316
,339
,329
,326
,332
,344
,333
,331
,336
,344
,344
2026 06 24 16:51:58.527842,320
,324
,322
,338
,328
,357
,342
,335
,338
,332
,342
,313
,357
,328
2026 06 24 16:51:58.587933,324
,332
,352
,333
,326
,332
,337
,332
,322
,352
,329
,327
,311
,362
2026 06 24 16:51:58.654665,330
,337
,339
,350
,341
,317
,346
,333
,343
,330
,348
,325
,340
,337
2026 06 24 16:51:58.716006,355
,342
,331
,343
,344
,335
,318
,346
,327
,335
,314
,350
,322
,333
2026 06 24 16:51:58.782668,343
,339
,340
,319
,355
,335
,334
,322
,354
,344
,341
,335
,345
,348
2026 06 24 16:51:58.842708,331
,342
,337
,345
,317
,361
,345
,349
,330
,351
,339
,333
,344
,340
2026 06 24 16:51:58.903929,351
,325
,360
,338
,342
,335
,356
,347
,333
,336
,345
,352
,335
,369
2026 06 24 16:51:58.969622,348
,345
,316
,347
,336
,342
,339
,355
,343
,324
,348
,339
,347
,322
2026 06 24 16:51:59.030929,365
,342
,343
,335
,357
,349
,338
,351
,340
,343
,325
,360
,337
,347
2026 06 24 16:51:59.092132,325
,350
,341
,332
,340
,344
,348
,338
,363
,343
,350
,333
,355
,331
2026 06 24 16:51:59.158201,330
,331
,338
,336
,326
,354
,335
,348
,342
,369
,346
,353
,349
,367
2026 06 24 16:51:59.218898,348
,333
,356
,355
,351
,327
,359
,338
,343
,320
,356
,342
,337
,348
2026 06 24 16:51:59.284527,352
,349
,328
,362
,343
,350
,325
,363
,348
,345
,347
,348
,344
,332
2026 06 24 16:51:59.346124,354
,341
,352
,324
,359
,343
,345
,331
,361
,356
,336
,347
,338
,354
2026 06 24 16:51:59.407264,335
,366
,343
,348
,332
,360
,352
,338
,351
,351
,356
,335
,356
,326
2026 06 24 16:51:59.472404,335
,326
,362
,346
,342
,341
,359
,350
,328
,354
,337
,350
,325
,360
2026 06 24 16:51:59.534073,344
,340
,332
,354
,345
,335
,352
,343
,345
,313
,373
,362
,350
,321
2026 06 24 16:51:59.600460,343
,349
,352
,334
,328
,333
,323
,371
,349
,353
,336
,362
,350
,332
2026 06 24 16:51:59.661522,334
,356
,353
,329
,351
,342
,341
,323
,357
,335
,332
,335
,352
,337
2026 06 24 16:51:59.722838,330
,354
,334
,342
,317
,353
,338
,343
,339
,372
,365
,340
,349
,343
2026 06 24 16:51:59.788831,352
,327
,357
,345
,355
,333
,356
,330
,308
,332
,347
,352
,325
,357
2026 06 24 16:51:59.849902,348
,355
,329
,356
,346
,343
,341
,354
,349
,342
,361
,342
,346
,326
2026 06 24 16:51:59.914996,359
,344
,341
,347
,377
,360
,327
,338
,334
,340
,328
,354
,347
,350
2026 06 24 16:51:59.976814,335
,359
,346
,341
,347
,349
,355
,335
,355
,339
,353
,325
,364
,350
2026 06 24 16:52:00.038480,341
,342
,358
,357
,341
,357
,349
,359
,335
,357
,351
,350
,339
,367
2026 06 24 16:52:00.104179,360
,341
,354
,345
,358
,333
,360
,339
,351
,341
,361
,350
,338
,346
2026 06 24 16:52:00.165657,349
,364
,350
,366
,345
,355
,333
,363
,346
,354
,346
,363
,367
,337
2026 06 24 16:52:00.230520,359
,344
,359
,346
,367
,352
,347
,341
,353
,340
,337
,354
,344
,338
2026 06 24 16:52:00.292692,324
,359
,349
,346
,324
,349
,342
,331
,340
,352
,354
,330
,360
,339
2026 06 24 16:52:00.353659,340
,332
,366
,347
,343
,342
,363
,367
,337
,347
,342
,348
,345
,376
2026 06 24 16:52:00.419538,353
,357
,345
,367
,353
,338
,374
,367
,371
,341
,376
,347
,352
,337
2026 06 24 16:52:00.480606,365
,358
,347
,352
,358
,351
,327
,357
,344
,351
,337
,366
,358
,354
2026 06 24 16:52:00.546276,351
,361
,367
,344
,364
,348
,369
,342
,375
,359
,361
,346
,367
,364
2026 06 24 16:52:00.608341,352
,365
,347
,351
,340
,377
,360
,360
,345
,363
,354
,345
,358
,358
2026 06 24 16:52:00.669346,352
,331
,365
,356
,358
,346
,368
,356
,344
,345
,350
,351
,341
,360
2026 06 24 16:52:00.734669,351
,356
,338
,372
,351
,337
,333
,347
,343
,330
,355
,343
,354
,336
2026 06 24 16:52:00.796171,352
,339
,336
,330
,338
,322
,291
,312
,326
,337
,318
,343
,327
,345
2026 06 24 16:52:00.861820,339
,355
,352
,337
,350
,353
,342
,338
,361
,344
,355
,354
,367
,333
2026 06 24 16:52:00.923435,345
,350
,359
,347
,338
,364
,355
,344
,331
,359
,338
,345
,335
,357
2026 06 24 16:52:00.984530,340
,334
,357
,349
,332
,319
,352
,324
,350
,330
,353
,338
,341
,351
2026 06 24 16:52:01.050313,369
,343
,314
,342
,332
,345
,328
,349
,331
,345
,344
,353
,352
,332
2026 06 24 16:52:01.111152,343
,358
,355
,328
,367
,341
,342
,327
,350
,343
,338
,361
,349
,347
2026 06 24 16:52:01.176659,325
,348
,339
,353
,338
,369
,348
,353
,366
,358
,356
,340
,370
,345
2026 06 24 16:52:01.239597,340
,330
,354
,342
,349
,353
,351
,350
,343
,355
,345
,348
,342
,369
2026 06 24 16:52:01.300156,362
,373
,364
,379
,365
,351
,366
,346
,354
,340
,363
,343
,347
,337
2026 06 24 16:52:01.364701,375
,349
,342
,349
,346
,352
,333
,366
,346
,354
,332
,370
,347
,338
2026 06 24 16:52:01.426990,349
,365
,361
,324
,374
,356
,349
,335
,373
,349
,350
,347
,364
,358
2026 06 24 16:52:01.491605,344
,349
,334
,348
,336
,366
,349
,348
,339
,361
,347
,339
,345
,352
2026 06 24 16:52:01.553539,360
,342
,371
,354
,357
,339
,372
,350
,338
,336
,350
,350
,345
,371
2026 06 24 16:52:01.615327,359
,358
,331
,367
,355
,351
,356
,368
,359
,328
,357
,347
,346
,325
2026 06 24 16:52:01.680474,371
,355
,357
,343
,371
,352
,343
,361
,367
,366
,344
,371
,353
,365
2026 06 24 16:52:01.742345,352
,377
,364
,352
,349
,351
,352
,339
,365
,352
,361
,340
,365
,352
2026 06 24 16:52:01.807132,352
,361
,366
,354
,349
,375
,353
,364
,347
,377
,367
,362
,339
,352
2026 06 24 16:52:01.869491,346
,339
,362
,353
,368
,346
,370
,356
,360
,336
,364
,352
,354
,361
2026 06 24 16:52:01.930192,357
,354
,334
,368
,351
,360
,332
,361
,357
,357
,348
,366
,360
,334
2026 06 24 16:52:01.995885,356
,357
,364
,349
,375
,348
,350
,347
,360
,354
,343
,361
,353
,353
2026 06 24 16:52:02.058035,334
,362
,351
,362
,346
,371
,356
,341
,352
,361
,354
,336
,362
,353
2026 06 24 16:52:02.123314,369
,343
,371
,353
,352
,364
,369
,360
,343
,364
,351
,360
,337
,371
2026 06 24 16:52:02.184541,359
,356
,349
,364
,356
,346
,370
,365
,366
,337
,376
,349
,353
,337
2026 06 24 16:52:02.249144,379
,363
,352
,358
,367
,363
,341
,380
,358
,364
,342
,374
,351
,349
2026 06 24 16:52:02.312013,350
,365
,360
,345
,373
,357
,364
,345
,379
,347
,351
,355
,362
,357
2026 06 24 16:52:02.373432,343
,356
,350
,358
,332
,355
,342
,349
,336
,353
,337
,343
,357
,358
2026 06 24 16:52:02.438866,360
,348
,376
,355
,353
,336
,367
,355
,346
,354
,351
,347
,330
,354
2026 06 24 16:52:02.500179,344
,351
,331
,358
,344
,343
,338
,363
,353
,335
,359
,354
,356
,339
2026 06 24 16:52:02.561888,361
,347
,341
,323
,353
,337
,330
,341
,337
,348
,342
,365
,347
,354
2026 06 24 16:52:02.627648,346
,379
,367
,364
,364
,365
,357
,349
,374
,369
,373
,350
,381
,356
2026 06 24 16:52:02.688845,356
,357
,376
,365
,364
,380
,374
,375
,352
,381
,358
,363
,344
,371
2026 06 24 16:52:02.753693,358
,350
,356
,355
,354
,340
,374
,353
,358
,341
,377
,365
,354
,362
2026 06 24 16:52:02.815525,372
,368
,347
,372
,364
,369
,345
,377
,360
,364
,353
,363
,357
,351
2026 06 24 16:52:02.878107,370
,364
,362
,343
,377
,365
,362
,348
,366
,356
,351
,365
,367
,364
2026 06 24 16:52:02.942416,344
,373
,345
,352
,332
,358
,355
,344
,350
,356
,348
,344
,373
,349
2026 06 24 16:52:03.004170,353
,328
,361
,340
,340
,331
,351
,353
,342
,358
,355
,363
,340
,379
2026 06 24 16:52:03.065217,361
,354
,342
,371
,364
,341
,350
,350
,352
,334
,359
,347
,350
,337
2026 06 24 16:52:03.130213,367
,349
,341
,349
,342
,352
,330
,372
,357
,362
,336
,361
,348
,334
2026 06 24 16:52:03.192024,336
,355
,348
,331
,352
,350
,360
,334
,363
,348
,354
,336
,364
,354
2026 06 24 16:52:03.258123,337
,356
,357
,359
,328
,367
,357
,358
,346
,374
,363
,348
,351
,355
2026 06 24 16:52:03.319499,365
,344
,367
,350
,357
,339
,364
,351
,350
,347
,360
,357
,340
,363
2026 06 24 16:52:03.380882,357
,354
,332
,364
,356
,359
,347
,370
,362
,341
,355
,351
,349
,326
2026 06 24 16:52:03.445482,356
,351
,358
,333
,367
,358
,351
,353
,357
,360
,339
,374
,350
,352
2026 06 24 16:52:03.508495,334
,363
,355
,347
,342
,355
,361
,334
,366
,350
,364
,336
,375
,370
2026 06 24 16:52:03.573875,364
,347
,369
,368
,351
,356
,367
,360
,346
,368
,351
,350
,330
,358
2026 06 24 16:52:03.634777,352
,359
,373
,355
,371
,344
,362
,351
,359
,349
,378
,355
,346
,341
2026 06 24 16:52:03.696165,345
,371
,354
,364
,360
,369
,341
,377
,351
,352
,348
,362
,362
,343
2026 06 24 16:52:03.762047,355
,350
,350
,336
,369
,353
,356
,335
,351
,338
,332
,358
,353
,358
2026 06 24 16:52:03.822760,339
,381
,352
,351
,338
,367
,356
,348
,355
,348
,351
,324
,335
,337
2026 06 24 16:52:03.888663,388
,351
,379
,354
,353
,349
,358
,348
,337
,356
,341
,350
,331
,371
2026 06 24 16:52:03.950230,348
,340
,336
,349
,350
,337
,356
,350
,354
,338
,371
,346
,362
,329
2026 06 24 16:52:04.011671,353
,334
,328
,329
,353
,350
,321
,359
,357
,358
,339
,353
,337
,347
2026 06 24 16:52:04.076350,336
,366
,355
,344
,372
,350
,347
,331
,363
,343
,358
,339
,381
,354
2026 06 24 16:52:04.139559,345
,362
,362
,365
,334
,371
,359
,368
,335
,351
,338
,342
,350
,365
2026 06 24 16:52:04.205080,351
,336
,361
,344
,352
,323
,373
,354
,352
,337
,345
,340
,355
,369
2026 06 24 16:52:04.265544,350
,359
,342
,351
,357
,352
,353
,377
,348
,334
,347
,344
,349
,334
2026 06 24 16:52:04.326280,367
,344
,359
,339
,360
,312
,344
,366
,352
,340
,340
,369
,357
,362
2026 06 24 16:52:04.391834,327
,368
,352
,353
,340
,341
,347
,334
,342
,346
,356
,329
,351
,349
2026 06 24 16:52:04.453613,354
,333
,355
,354
,340
,348
,358
,359
,332
,369
,343
,349
,314
,349
2026 06 24 16:52:04.519419,337
,328
,337
,362
,357
,320
,375
,348
,360
,338
,358
,331
,342
,346
2026 06 24 16:52:04.580843,361
,341
,338
,362
,337
,331
,276
,378
,388
,365
,337
,375
,364
,340
2026 06 24 16:52:04.642147,336
,346
,354
,334
,352
,351
,354
,336
,353
,339
,345
,347
,348
,345
2026 06 24 16:52:04.708129,329
,369
,349
,357
,336
,363
,348
,343
,343
,367
,342
,328
,370
,361
2026 06 24 16:52:04.768855,350
,326
,347
,352
,361
,338
,356
,351
,331
,362
,345
,352
,323
,372
2026 06 24 16:52:04.834563,353
,352
,319
,359
,356
,334
,341
,336
,331
,338
,362
,361
,349
,337
2026 06 24 16:52:04.895722,368
,352
,349
,343
,354
,348
,342
,358
,345
,359
,312
,366
,356
,355
2026 06 24 16:52:04.957513,354
,361
,346
,351
,371
,359
,355
,335
,371
,350
,354
,332
,360
,362
2026 06 24 16:52:05.023272,352
,344
,356
,352
,334
,355
,364
,347
,321
,381
,360
,339
,344
,352
2026 06 24 16:52:05.084387,361
,335
,363
,346
,341
,356
,380
,358
,340
,349
,360
,349
,345
,356
2026 06 24 16:52:05.149625,345
,357
,353
,371
,355
,356
,344
,357
,347
,344
,337
,361
,365
,349
2026 06 24 16:52:05.211256,366
,345
,355
,347
,369
,366
,346
,348
,350
,352
,336
,372
,355
,362
2026 06 24 16:52:05.272207,338
,372
,343
,329
,343
,387
,368
,340
,367
,356
,360
,346
,374
,360
2026 06 24 16:52:05.337951,350
,345
,365
,353
,340
,349
,354
,363
,348
,373
,355
,360
,343
,371
2026 06 24 16:52:05.399585,355
,348
,355
,364
,369
,333
,362
,349
,367
,339
,364
,346
,344
,342
2026 06 24 16:52:05.464931,359
,356
,348
,358
,348
,366
,352
,370
,345
,347
,353
,374
,360
,358
2026 06 24 16:52:05.527093,369
,362
,365
,340
,363
,357
,356
,331
,367
,340
,346
,362
,369
,359
2026 06 24 16:52:05.587715,324
,352
,355
,356
,335
,368
,353
,342
,341
,363
,357
,327
,357
,348
2026 06 24 16:52:05.654687,353
,323
,358
,336
,348
,342
,366
,356
,338
,357
,347
,360
,336
,358
2026 06 24 16:52:05.715540,349
,350
,332
,362
,362
,357
,360
,360
,356
,338
,367
,361
,368
,352
2026 06 24 16:52:05.780130,377
,355
,339
,350
,351
,361
,345
,369
,365
,367
,343
,375
,355
,347
2026 06 24 16:52:05.842475,339
,361
,356
,334
,365
,361
,364
,332
,355
,344
,347
,343
,369
,353
2026 06 24 16:52:05.903737,349
,347
,347
,359
,332
,378
,350
,358
,328
,349
,365
,359
,360
,368
2026 06 24 16:52:05.968812,352
,323
,369
,352
,361
,329
,361
,342
,353
,348
,367
,349
,343
,345
2026 06 24 16:52:06.030943,322
,365
,350
,376
,336
,334
,337
,361
,355
,337
,354
,355
,359
,342
2026 06 24 16:52:06.095936,360
,355
,349
,328
,351
,356
,340
,340
,356
,345
,336
,351
,348
,360
2026 06 24 16:52:06.156923,341
,379
,365
,346
,344
,357
,352
,329
,342
,357
,358
,339
,356
,327
2026 06 24 16:52:06.219188,331
,320
,356
,350
,331
,346
,342
,351
,340
,364
,337
,363
,325
,356
2026 06 24 16:52:06.284549,374
,345
,348
,349
,358
,340
,351
,337
,339
,336
,370
,352
,345
,337
2026 06 24 16:52:06.346155,363
,359
,341
,355
,358
,363
,336
,352
,345
,347
,330
,354
,353
,325
2026 06 24 16:52:06.411775,333
,364
,360
,338
,359
,347
,358
,339
,362
,341
,338
,344
,363
,363
2026 06 24 16:52:06.472407,335
,361
,347
,357
,332
,363
,346
,342
,349
,359
,351
,328
,358
,358
2026 06 24 16:52:06.534706,355
,323
,369
,350
,346
,333
,360
,344
,342
,349
,341
,362
,342
,375
2026 06 24 16:52:06.600137,336
,339
,333
,361
,340
,340
,343
,355
,354
,323
,362
,359
,359
,339
2026 06 24 16:52:06.660870,357
,347
,346
,334
,333
,349
,332
,339
,344
,360
,327
,361
,339
,330
2026 06 24 16:52:06.727108,323
,356
,342
,331
,359
,341
,333
,311
,348
,341
,340
,330
,351
,341
2026 06 24 16:52:06.789155,322
,339
,344
,345
,328
,348
,324
,343
,315
,347
,333
,333
,337
,350
2026 06 24 16:52:06.849715,346
,343
,368
,339
,339
,320
,373
,360
,346
,329
,355
,353
,345
,356
2026 06 24 16:52:06.915543,346
,358
,347
,372
,350
,347
,328
,361
,341
,335
,352
,353
,367
,331
2026 06 24 16:52:06.977096,371
,340
,332
,327
,372
,351
,340
,332
,358
,358
,332
,353
,329
,351
2026 06 24 16:52:07.038017,324
,367
,354
,349
,334
,358
,356
,339
,347
,352
,358
,321
,355
,347
2026 06 24 16:52:07.104066,329
,323
,347
,346
,333
,352
,345
,331
,320
,354
,328
,338
,343
,361
2026 06 24 16:52:07.165311,346
,344
,347
,372
,351
,343
,371
,352
,356
,347
,369
,359
,346
,343
2026 06 24 16:52:07.230125,360
,356
,342
,370
,358
,351
,333
,373
,373
,365
,346
,355
,342
,334
2026 06 24 16:52:07.292455,362
,353
,355
,338
,368
,337
,349
,345
,371
,344
,339
,321
,369
,372
2026 06 24 16:52:07.353518,341
,373
,362
,354
,335
,363
,345
,355
,347
,352
,359
,338
,348
,334
2026 06 24 16:52:07.419458,355
,332
,366
,343
,352
,336
,364
,345
,345
,357
,359
,357
,329
,355
2026 06 24 16:52:07.480863,341
,354
,344
,366
,353
,333
,337
,364
,336
,359
,383
,345
,359
,327
2026 06 24 16:52:07.545753,381
,357
,349
,341
,359
,351
,335
,351
,358
,363
,334
,363
,339
,343
2026 06 24 16:52:07.607031,345
,369
,358
,333
,368
,367
,359
,339
,373
,348
,345
,339
,366
,354
2026 06 24 16:52:07.669273,344
,354
,355
,362
,327
,362
,354
,355
,334
,376
,343
,343
,345
,361
2026 06 24 16:52:07.734551,350
,329
,369
,359
,355
,326
,367
,345
,349
,347
,367
,366
,337
,344
2026 06 24 16:52:07.796064,351
,349
,329
,358
,357
,352
,339
,377
,357
,335
,358
,368
,358
,340
2026 06 24 16:52:07.861631,361
,324
,300
,291
,372
,378
,266
,342
,414
,388
,363
,375
,354
,342
2026 06 24 16:52:07.923260,320
,367
,341
,345
,334
,348
,343
,328
,356
,347
,356
,334
,364
,339
2026 06 24 16:52:07.983882,329
,319
,355
,352
,350
,353
,351
,349
,335
,355
,335
,343
,328
,359
2026 06 24 16:52:08.050150,364
,340
,339
,346
,355
,343
,370
,355
,355
,347
,375
,349
,340
,332
2026 06 24 16:52:08.111321,357
,351
,342
,362
,352
,348
,329
,355
,327
,351
,335
,374
,366
,350
2026 06 24 16:52:08.177058,354
,347
,366
,326
,353
,340
,333
,324
,361
,345
,334
,346
,358
,351
2026 06 24 16:52:08.238619,328
,364
,339
,344
,314
,354
,364
,356
,333
,352
,353
,345
,365
,355
2026 06 24 16:52:08.299575,357
,324
,367
,342
,348
,334
,361
,351
,337
,350
,349
,353
,329
,358
2026 06 24 16:52:08.364977,342
,354
,333
,362
,345
,346
,343
,357
,349
,339
,367
,351
,357
,338
2026 06 24 16:52:08.426909,368
,341
,345
,340
,359
,362
,346
,365
,353
,361
,335
,374
,353
,365
2026 06 24 16:52:08.492393,343
,372
,329
,287
,372
,378
,379
,342
,369
,311
,285
,289
,413
,321
2026 06 24 16:52:08.553954,293
,415
,377
,328
,293
,375
,382
,357
,336
,383
,292
,320
,350
,279
2026 06 24 16:52:08.614743,308
,354
,396
,353
,354
,321
,342
,324
,324
,310
,340
,329
,310
,332
2026 06 24 16:52:08.680852,336
,341
,314
,342
,325
,332
,321
,355
,338
,333
,332
,342
,346
,326
2026 06 24 16:52:08.741848,354
,334
,344
,320
,360
,341
,338
,340
,351
,355
,332
,356
,355
,363
2026 06 24 16:52:08.807684,339
,364
,350
,351
,338
,357
,351
,344
,345
,355
,350
,341
,373
,347
2026 06 24 16:52:08.868945,334
,337
,379
,362
,334
,336
,364
,364
,343
,381
,367
,369
,339
,367
2026 06 24 16:52:08.930502,358
,341
,256
,326
,341
,344
,418
,365
,394
,356
,381
,360
,367
,341
2026 06 24 16:52:08.995591,356
,341
,347
,327
,308
,314
,332
,443
,390
,372
,355
,367
,359
,343
2026 06 24 16:52:09.057827,347
,360
,353
,337
,365
,354
,355
,339
,367
,351
,343
,333
,357
,359
2026 06 24 16:52:09.122903,340
,356
,344
,362
,340
,382
,359
,357
,350
,368
,360
,344
,360
,357
2026 06 24 16:52:09.184553,359
,341
,369
,351
,357
,325
,312
,332
,382
,350
,315
,411
,373
,391
2026 06 24 16:52:09.245381,325
,331
,349
,377
,358
,346
,342
,356
,349
,325
,330
,303
,339
,322
2026 06 24 16:52:09.311649,335
,346
,351
,327
,351
,338
,316
,318
,306
,324
,324
,349
,334
,337
2026 06 24 16:52:09.373222,338
,353
,332
,326
,346
,325
,331
,324
,389
,351
,352
,336
,364
,308
2026 06 24 16:52:09.438512,348
,362
,358
,355
,332
,357
,339
,338
,321
,346
,329
,327
,328
,338
2026 06 24 16:52:09.500109,334
,324
,346
,346
,356
,325
,359
,345
,342
,328
,363
,342
,339
,335
2026 06 24 16:52:09.561547,332
,341
,329
,358
,341
,354
,328
,365
,353
,338
,344
,366
,357
,331
2026 06 24 16:52:09.627054,361
,357
,375
,344
,374
,347
,355
,355
,363
,357
,349
,375
,362
,367
2026 06 24 16:52:09.688612,334
,358
,358
,347
,349
,374
,356
,345
,354
,366
,375
,355
,384
,364
2026 06 24 16:52:09.753745,365
,339
,384
,362
,346
,341
,338
,351
,323
,337
,340
,373
,343
,364
2026 06 24 16:52:09.814729,358
,351
,358
,353
,314
,328
,393
,362
,373
,346
,374
,353
,343
,323
2026 06 24 16:52:09.876093,355
,346
,328
,349
,331
,358
,326
,349
,337
,352
,326
,368
,347
,345
2026 06 24 16:52:09.942463,353
,356
,359
,322
,356
,339
,341
,333
,362
,337
,349
,342
,352
,351
2026 06 24 16:52:10.004178,330
,355
,350
,351
,326
,362
,336
,330
,325
,351
,343
,333
,346
,341
2026 06 24 16:52:10.069321,351
,319
,363
,335
,343
,333
,350
,335
,342
,355
,358
,340
,329
,362
2026 06 24 16:52:10.130813,347
,350
,333
,346
,356
,354
,357
,356
,341
,338
,360
,351
,359
,325
2026 06 24 16:52:10.191919,358
,369
,361
,350
,380
,373
,347
,363
,353
,339
,341
,386
,342
,336
2026 06 24 16:52:10.256905,331
,352
,362
,357
,348
,349
,356
,334
,362
,346
,348
,323
,353
,349
2026 06 24 16:52:10.319335,341
,344
,355
,363
,336
,364
,343
,348
,323
,367
,349
,337
,340
,352
2026 06 24 16:52:10.384566,345
,340
,364
,347
,352
,331
,363
,345
,346
,335
,368
,363
,338
,349
2026 06 24 16:52:10.446442,346
,363
,336
,365
,351
,356
,334
,357
,324
,313
,363
,386
,374
,339
2026 06 24 16:52:10.507239,376
,350
,365
,340
,377
,360
,350
,343
,354
,356
,337
,368
,353
,345
2026 06 24 16:52:10.572587,316
,367
,349
,356
,338
,354
,344
,338
,348
,345
,361
,332
,356
,345
2026 06 24 16:52:10.634537,367
,349
,362
,360
,339
,345
,361
,364
,350
,358
,356
,357
,326
,361
2026 06 24 16:52:10.699971,354
,339
,341
,345
,348
,318
,355
,355
,357
,344
,373
,351
,349
,354
2026 06 24 16:52:10.761812,371
,371
,357
,363
,358
,346
,329
,369
,349
,356
,335
,368
,360
,346
2026 06 24 16:52:10.822582,360
,354
,369
,339
,373
,345
,372
,341
,373
,354
,351
,363
,369
,370
2026 06 24 16:52:10.888484,343
,380
,361
,355
,327
,365
,377
,358
,349
,369
,359
,344
,366
,351
2026 06 24 16:52:10.950078,358
,330
,363
,358
,351
,341
,366
,364
,350
,355
,363
,357
,337
,363
2026 06 24 16:52:11.015360,358
,357
,341
,361
,346
,351
,359
,346
,351
,353
,372
,357
,361
,340
2026 06 24 16:52:11.077133,360
,363
,347
,338
,354
,368
,353
,362
,345
,350
,341
,363
,351
,350
2026 06 24 16:52:11.138262,352
,359
,360
,344
,349
,356
,376
,344
,358
,361
,364
,342
,366
,335
2026 06 24 16:52:11.203853,344
,341
,355
,358
,339
,349
,342
,361
,328
,355
,348
,351
,364
,363
2026 06 24 16:52:11.264443,346
,352
,368
,353
,369
,329
,347
,344
,343
,345
,361
,349
,333
,340
2026 06 24 16:52:11.326796,347
,338
,335
,346
,340
,347
,322
,348
,334
,340
,346
,349
,358
,339
2026 06 24 16:52:11.391731,353
,349
,344
,323
,357
,344
,334
,339
,351
,366
,342
,348
,337
,354
2026 06 24 16:52:11.453826,332
,359
,347
,351
,334
,358
,346
,338
,354
,348
,353
,334
,358
,329
2026 06 24 16:52:11.519670,359
,338
,361
,336
,348
,356
,348
,355
,332
,351
,343
,359
,341
,361
2026 06 24 16:52:11.580713,351
,352
,339
,351
,362
,333
,352
,353
,360
,341
,363
,347
,344
,328
2026 06 24 16:52:11.641580,345
,346
,326
,350
,375
,381
,337
,367
,358
,354
,336
,370
,361
,352
2026 06 24 16:52:11.707952,348
,352
,359
,320
,354
,358
,350
,340
,360
,353
,350
,349
,359
,358
2026 06 24 16:52:11.768614,340
,354
,347
,350
,333
,368
,336
,342
,339
,354
,346
,342
,363
,357
2026 06 24 16:52:11.834598,362
,335
,367
,354
,340
,336
,356
,352
,343
,355
,356
,356
,339
,368
2026 06 24 16:52:11.896373,358
,365
,346
,373
,365
,364
,365
,371
,369
,342
,372
,357
,367
,342
2026 06 24 16:52:11.957575,384
,367
,362
,370
,377
,376
,345
,348
,346
,397
,371
,370
,368
,371
2026 06 24 16:52:12.023065,360
,387
,361
,354
,373
,353
,345
,353
,400
,365
,362
,320
,388
,389
2026 06 24 16:52:12.084652,371
,359
,358
,348
,327
,355
,346
,344
,326
,359
,344
,321
,329
,345
2026 06 24 16:52:12.149997,348
,335
,358
,345
,344
,332
,358
,349
,354
,338
,354
,336
,334
,350
2026 06 24 16:52:12.211581,348
,346
,335
,360
,351
,357
,349
,363
,337
,339
,337
,329
,352
,321
2026 06 24 16:52:12.272107,349
,365
,359
,348
,364
,318
,340
,353
,373
,350
,293
,350
,354
,358
2026 06 24 16:52:12.338472,342
,356
,335
,345
,339
,352
,348
,339
,362
,340
,344
,339
,371
,342
2026 06 24 16:52:12.400123,338
,339
,353
,338
,324
,353
,358
,372
,340
,357
,336
,345
,331
,367
2026 06 24 16:52:12.465386,340
,335
,332
,351
,352
,334
,356
,341
,345
,327
,369
,350
,354
,341
2026 06 24 16:52:12.526478,365
,363
,337
,351
,351
,346
,334
,370
,344
,350
,334
,362
,344
,348
2026 06 24 16:52:12.587450,363
,341
,359
,346
,369
,357
,342
,331
,360
,345
,326
,354
,364
,366
2026 06 24 16:52:12.653979,337
,362
,359
,359
,331
,366
,343
,334
,354
,364
,342
,346
,363
,356
2026 06 24 16:52:12.714837,345
,328
,367
,328
,363
,341
,343
,351
,356
,374
,365
,364
,349
,360
2026 06 24 16:52:12.780706,360
,350
,343
,353
,357
,341
,348
,353
,341
,324
,375
,337
,362
,337
2026 06 24 16:52:12.842291,380
,348
,332
,322
,370
,371
,365
,368
,351
,365
,335
,361
,340
,352
2026 06 24 16:52:12.903452,339
,366
,354
,329
,352
,364
,352
,337
,360
,362
,372
,319
,378
,362
2026 06 24 16:52:12.969206,370
,364
,367
,349
,349
,369
,348
,362
,334
,372
,345
,343
,348
,338
2026 06 24 16:52:13.030722,378
,345
,372
,358
,347
,343
,374
,342
,352
,358
,364
,362
,336
,349
2026 06 24 16:52:13.095909,346
,359
,352
,366
,358
,366
,345
,359
,363
,349
,352
,357
,363
,334
2026 06 24 16:52:13.156914,358
,350
,354
,339
,361
,350
,357
,357
,370
,355
,336
,359
,361
,351
2026 06 24 16:52:13.219199,338
,364
,345
,370
,354
,396
,377
,360
,342
,339
,344
,348
,372
,345
2026 06 24 16:52:13.284549,369
,338
,366
,363
,354
,358
,344
,386
,379
,407
,374
,377
,341
,372
2026 06 24 16:52:13.346213,366
,369
,363
,372
,355
,349
,380
,354
,379
,354
,384
,358
,371
,365
2026 06 24 16:52:13.410781,371
,350
,332
,369
,376
,377
,343
,363
,374
,371
,343
,381
,369
,350
2026 06 24 16:52:13.472809,370
,370
,366
,353
,382
,362
,380
,362
,388
,364
,373
,371
,374
,377
2026 06 24 16:52:13.535959,348
,394
,370
,344
,351
,408
,383
,382
,379
,386
,351
,339
,396
,390
2026 06 24 16:52:13.599871,393
,367
,394
,380
,380
,372
,401
,384
,385
,409
,395
,390
,361
,396
2026 06 24 16:52:13.661670,384
,393
,379
,395
,386
,385
,392
,395
,399
,376
,398
,386
,380
,384
2026 06 24 16:52:13.726288,415
,391
,383
,389
,395
,394
,368
,403
,403
,394
,377
,420
,391
,412
2026 06 24 16:52:13.787920,404
,411
,395
,386
,402
,377
,405
,384
,413
,410
,414
,379
,407
,402
2026 06 24 16:52:13.850011,391
,387
,396
,405
,395
,416
,396
,418
,414
,425
,401
,405
,411
,420
2026 06 24 16:52:13.915341,407
,384
,419
,389
,405
,406
,419
,398
,387
,369
,406
,418
,404
,407
2026 06 24 16:52:13.977156,399
,404
,406
,428
,403
,374
,384
,417
,393
,389
,399
,400
,410
,394
2026 06 24 16:52:14.042384,396
,390
,405
,394
,400
,414
,401
,393
,396
,391
,377
,401
,376
,380
