timestamp,event,data
2026 06 19 17:10:04.215274,PHASE_PREPARING,
2026 06 19 17:10:09.215299,PHASE_SSVEP,
2026 06 19 17:10:09.355069,SSVEP_UPDATE,"fbcca_quad=0, fbcca_conf=0.2564, fbcca_ratio=1.1129, fbcca_consec=1, fbcca_scores=[0.1019045020843597, 0.07626033617679061, 0.0915684017221857, 0.03586433253447303], fbcca_probs=[0.25637789707649217, 0.24988688377602541, 0.25374159740138785, 0.23999362174609454], cca_quad=1, cca_conf=0.2589, cca_ratio=1.0155, cca_scores=[0.15178190466260183, 0.15413669163297156, 0.08291209262408901, 0.0849466815422969], cca_probs=[0.2583208323834123, 0.2589298396734864, 0.24112911494802955, 0.24162021299507178]"
2026 06 19 17:10:10.384921,SSVEP_UPDATE,"fbcca_quad=2, fbcca_conf=0.2573, fbcca_ratio=1.1844, fbcca_consec=1, fbcca_scores=[0.09216604423403389, 0.09891037900275172, 0.11714772943387253, 0.04342511779625553], fbcca_probs=[0.25097306537303343, 0.252671432484357, 0.25732176593145967, 0.23903373621114984], cca_quad=1, cca_conf=0.2634, cca_ratio=1.2629, cca_scores=[0.14003825486848023, 0.17685465215027826, 0.0990530045395586, 0.07970356726939201], cca_probs=[0.2538847417371929, 0.26340605808975154, 0.24368956508305412, 0.23901963509000154]"
2026 06 19 17:10:11.405916,SSVEP_UPDATE,"fbcca_quad=0, fbcca_conf=0.2793, fbcca_ratio=2.3684, fbcca_consec=1, fbcca_scores=[0.2032923817919691, 0.036610569698965076, 0.08583533153956831, 0.03512971798559291], fbcca_probs=[0.2792622160245484, 0.2363867821115276, 0.24831401446273388, 0.23603698740119], cca_quad=0, cca_conf=0.2777, cca_ratio=1.9804, cca_scores=[0.2404141434435573, 0.12139493663281647, 0.09018474171400645, 0.08176866878479332], cca_probs=[0.2776543664625798, 0.2464989779564109, 0.23892451192012162, 0.23692214366088765]"
2026 06 19 17:10:12.425305,SSVEP_UPDATE,"fbcca_quad=0, fbcca_conf=0.2645, fbcca_ratio=1.0666, fbcca_consec=2, fbcca_scores=[0.15305273621687146, 0.041517058368409084, 0.14349061081745548, 0.043783902179235654], fbcca_probs=[0.26445006015232964, 0.2365398628784035, 0.26193340696760004, 0.23707667000166677], cca_quad=0, cca_conf=0.2643, cca_ratio=1.2824, cca_scores=[0.20561881363454523, 0.12349960696867031, 0.16033328231589167, 0.10815315808930973], cca_probs=[0.2642692028511783, 0.2434347853550068, 0.25256856591938776, 0.23972744587442701]"
2026 06 19 17:10:13.461205,SSVEP_UPDATE,"fbcca_quad=2, fbcca_conf=0.2619, fbcca_ratio=1.7103, fbcca_consec=1, fbcca_scores=[0.06936455295632533, 0.0771278549216383, 0.1319102157154272, 0.06178944062750829], fbcca_probs=[0.24601516391882797, 0.24793248667256562, 0.2618937373189672, 0.24415861208963918], cca_quad=2, cca_conf=0.2547, cca_ratio=1.0163, cca_scores=[0.1446767068696736, 0.15890070462250908, 0.161490101120426, 0.10539226736067528], cca_probs=[0.25045342318307423, 0.254041328799819, 0.25469999493280016, 0.24080525308430656]"
2026 06 19 17:10:14.478026,SSVEP_UPDATE,"fbcca_quad=0, fbcca_conf=0.2973, fbcca_ratio=3.1328, fbcca_consec=1, fbcca_scores=[0.3113872466041006, 0.06275270366623707, 0.09939708424906832, 0.05677174454617819], fbcca_probs=[0.29726055727738915, 0.23182308323443437, 0.24047566251890704, 0.23044069696926947], cca_quad=0, cca_conf=0.2951, cca_ratio=2.3805, cca_scores=[0.3341731232805619, 0.09813660907835231, 0.14037792552736073, 0.08012959619257365], cca_probs=[0.29505170404412334, 0.2330176250569683, 0.24307144468451752, 0.2288592262143909]"
2026 06 19 17:10:15.495578,SSVEP_UPDATE,"fbcca_quad=0, fbcca_conf=0.4001, fbcca_ratio=7.4006, fbcca_consec=2, fbcca_scores=[0.7659652663284715, 0.05133592251150581, 0.10350003243260662, 0.06203917872657983], fbcca_probs=[0.40006533860456855, 0.19578136197367352, 0.2062651849250982, 0.19788811449665966], cca_quad=0, cca_conf=0.3403, cca_ratio=3.1930, cca_scores=[0.5651906832485828, 0.10448315169257073, 0.17700968858978072, 0.10260097546648914], cca_probs=[0.3402775316185444, 0.21465970838467058, 0.23080669902498863, 0.21425606097179647]"
2026 06 19 17:10:16.548959,SSVEP_UPDATE,"fbcca_quad=0, fbcca_conf=0.4194, fbcca_ratio=8.2505, fbcca_consec=3, fbcca_scores=[0.828632184854224, 0.026117755173956016, 0.10043477203953273, 0.03751233149792449], fbcca_probs=[0.4194075168328846, 0.1879786911486865, 0.20248091360818912, 0.19013287841023985], cca_quad=0, cca_conf=0.3483, cca_ratio=3.2384, cca_scores=[0.5865860661919832, 0.07050934371369542, 0.1811323598188348, 0.088517286007189], cca_probs=[0.3482821849590373, 0.2078748685231742, 0.23219077066857288, 0.21165217584921575]"
2026 06 19 17:10:17.697194,SSVEP_UPDATE,"fbcca_quad=0, fbcca_conf=0.4274, fbcca_ratio=5.7937, fbcca_consec=4, fbcca_scores=[0.8854319239203428, 0.05638752535036888, 0.1528256872196335, 0.02354427525459992], fbcca_probs=[0.42744452256492843, 0.18656507570355213, 0.2054532001444588, 0.18053720158706077], cca_quad=0, cca_conf=0.3532, cca_ratio=3.6955, cca_scores=[0.6093438184614283, 0.12693926587790427, 0.1648880697479299, 0.05152745371485448], cca_probs=[0.3532410372155605, 0.21805473217579632, 0.22648866514799348, 0.20221556546064964]"
2026 06 19 17:10:17.697194,SSVEP_CONFIRMED,"fbcca_quad=0, fbcca_conf=0.4274, fbcca_ratio=5.7937, fbcca_consec=4, fbcca_scores=[0.8854319239203428, 0.05638752535036888, 0.1528256872196335, 0.02354427525459992], fbcca_probs=[0.42744452256492843, 0.18656507570355213, 0.2054532001444588, 0.18053720158706077], cca_quad=0, cca_conf=0.3532, cca_ratio=3.6955, cca_scores=[0.6093438184614283, 0.12693926587790427, 0.1648880697479299, 0.05152745371485448], cca_probs=[0.3532410372155605, 0.21805473217579632, 0.22648866514799348, 0.20221556546064964]"
2026 06 19 17:10:17.698180,SELECTION,"quad=0, result=navigate, output=''"
2026 06 19 17:10:20.700125,PHASE_SSVEP,
2026 06 19 17:10:20.813933,SSVEP_UPDATE,"fbcca_quad=2, fbcca_conf=0.2656, fbcca_ratio=1.1222, fbcca_consec=1, fbcca_scores=[0.13601219040946672, 0.025698239605205963, 0.1526392036610449, 0.04813108687037428], fbcca_probs=[0.2612201426246763, 0.2339364645188381, 0.2655997624987267, 0.23924363035775892], cca_quad=0, cca_conf=0.2749, cca_ratio=1.8608, cca_scores=[0.221213199034723, 0.06283669304192988, 0.1188794359352511, 0.09542992721739711], cca_probs=[0.27487158303823783, 0.23461069228399928, 0.24813433049195616, 0.24238339418580662]"
2026 06 19 17:10:21.881556,SSVEP_UPDATE,"fbcca_quad=0, fbcca_conf=0.2585, fbcca_ratio=1.2398, fbcca_consec=1, fbcca_scores=[0.09384140210679245, 0.048687799472351787, 0.07569216804501021, 0.02193979649802194], fbcca_probs=[0.258498955802894, 0.24708639476788272, 0.25384971544393575, 0.2405649339852876], cca_quad=0, cca_conf=0.2656, cca_ratio=1.5655, cca_scores=[0.18124854092351173, 0.11577563007038516, 0.11438435588424845, 0.06804248349096789], cca_probs=[0.26561036745581695, 0.24877715603823305, 0.24843127946330287, 0.23718119704264704]"
2026 06 19 17:10:22.928562,SSVEP_UPDATE,"fbcca_quad=1, fbcca_conf=0.2703, fbcca_ratio=3.6294, fbcca_consec=1, fbcca_scores=[0.03864785444264734, 0.14027003536861243, 0.03399185679940154, 0.032380858614259336], fbcca_probs=[0.24413629863178898, 0.2702503769153354, 0.24300224273023202, 0.24261108172264365], cca_quad=1, cca_conf=0.2677, cca_ratio=1.7557, cca_scores=[0.10004097827011883, 0.17563759171072782, 0.07804968140147091, 0.07151398837215289], cca_probs=[0.24822197145234653, 0.26771420318504424, 0.24282283300823296, 0.2412409923543762]"
2026 06 19 17:10:23.997054,SSVEP_UPDATE,"fbcca_quad=1, fbcca_conf=0.2777, fbcca_ratio=5.1761, fbcca_consec=2, fbcca_scores=[0.023078865940829488, 0.1660508467073837, 0.015222396930465306, 0.0320801608538803], fbcca_probs=[0.24067888487907457, 0.277670621889758, 0.2387954071089279, 0.2428550861222394], cca_quad=1, cca_conf=0.2791, cca_ratio=2.3799, cca_scores=[0.07265068432234674, 0.2253089447926698, 0.059274186539007304, 0.09467137801433403], cca_probs=[0.2395838341759689, 0.279097631523609, 0.23640038074605021, 0.24491815355437196]"
2026 06 19 17:10:25.042079,SSVEP_UPDATE,"fbcca_quad=1, fbcca_conf=0.2563, fbcca_ratio=1.7467, fbcca_consec=3, fbcca_scores=[0.03641397984740277, 0.06960968499612226, 0.03985322894211518, 0.0318098597204109], fbcca_probs=[0.2479786969450011, 0.2563486797955438, 0.24883302573662458, 0.24683959752283055], cca_quad=1, cca_conf=0.2606, cca_ratio=1.2099, cca_scores=[0.13093531818111614, 0.1584213884722539, 0.08604283977073966, 0.09059074622839741], cca_probs=[0.25352231160672334, 0.26058729318963375, 0.242392752537512, 0.24349764266613097]"
2026 06 19 17:10:26.077003,SSVEP_UPDATE,"fbcca_quad=0, fbcca_conf=0.2555, fbcca_ratio=1.7412, fbcca_consec=1, fbcca_scores=[0.04748176599934833, 0.007853310653586429, 0.027269571274374307, 0.019600634122758726], fbcca_probs=[0.2555165287986302, 0.24558881265996138, 0.25040382252829546, 0.248490836013113], cca_quad=0, cca_conf=0.2613, cca_ratio=1.4681, cca_scores=[0.12005967508808346, 0.03418574334981508, 0.08178072737426974, 0.06540748316413686], cca_probs=[0.2613034140802825, 0.2398007347144638, 0.25149001588380326, 0.24740583532145038]"
2026 06 19 17:10:27.227243,SSVEP_UPDATE,"fbcca_quad=1, fbcca_conf=0.2524, fbcca_ratio=1.0119, fbcca_consec=1, fbcca_scores=[0.033435734979586844, 0.05510626960055104, 0.03970596819297137, 0.054460063724662354], fbcca_probs=[0.2469474897788622, 0.25235737979935335, 0.248500772765475, 0.25219435765630943], cca_quad=1, cca_conf=0.2584, cca_ratio=1.3106, cca_scores=[0.10738211854705527, 0.14073716676535383, 0.07491115911191827, 0.10598399287725746], cca_probs=[0.24996431896317287, 0.25844249991699664, 0.24197809949180263, 0.24961508162802792]"
2026 06 19 17:10:28.261629,SSVEP_UPDATE,"fbcca_quad=1, fbcca_conf=0.2690, fbcca_ratio=1.5651, fbcca_consec=2, fbcca_scores=[0.042466327149011524, 0.16903924172983073, 0.10800627312543887, 0.05847031907511799], fbcca_probs=[0.23703420913484008, 0.2690177567484897, 0.25308981330591124, 0.24085822081075892], cca_quad=1, cca_conf=0.2734, cca_ratio=1.7045, cca_scores=[0.12140840308872183, 0.247006928559462, 0.11141808067901199, 0.14491561505925774], cca_probs=[0.2410991048383244, 0.2733646444315206, 0.23870243871548158, 0.24683381201467347]"
2026 06 19 17:10:29.300885,SSVEP_UPDATE,"fbcca_quad=1, fbcca_conf=0.2871, fbcca_ratio=2.1308, fbcca_consec=3, fbcca_scores=[0.03166739386262766, 0.25563627959704804, 0.11997055399545642, 0.046373247755172764], fbcca_probs=[0.22945432526724113, 0.2870547249884353, 0.2506373694816622, 0.23285358026266134], cca_quad=1, cca_conf=0.2794, cca_ratio=2.2127, cca_scores=[0.09373345185575273, 0.2444888706191984, 0.07532840308872685, 0.1104939539863518], cca_probs=[0.24030505576087122, 0.2794056310376181, 0.23592268209963627, 0.24436663110187437]"
2026 06 19 17:10:30.326462,SSVEP_UPDATE,"fbcca_quad=1, fbcca_conf=0.2608, fbcca_ratio=1.0548, fbcca_consec=4, fbcca_scores=[0.023982439714025482, 0.12156702035721137, 0.11525122369708576, 0.053474579496764534], fbcca_probs=[0.23651847843884163, 0.2607627313189547, 0.259120996819338, 0.24359779342286567], cca_quad=1, cca_conf=0.2623, cca_ratio=1.4197, cca_scores=[0.09237415537974308, 0.1705535675807782, 0.10589870897175441, 0.12013497573284682], cca_probs=[0.24253696718281278, 0.2622592590767292, 0.2458394533803339, 0.24936432036012418]"
2026 06 19 17:10:31.353914,SSVEP_UPDATE,"fbcca_quad=1, fbcca_conf=0.2852, fbcca_ratio=2.4701, fbcca_consec=5, fbcca_scores=[0.03260741698338331, 0.23618080562801844, 0.09561656829059606, 0.03898805287131608], fbcca_probs=[0.23270898184935365, 0.28524887836297536, 0.2478435794821109, 0.23419856030556013], cca_quad=1, cca_conf=0.2774, cca_ratio=2.3503, cca_scores=[0.10218942340077873, 0.24017856778363492, 0.09922182480436699, 0.09571708737385656], cca_probs=[0.241630613080721, 0.277383024834164, 0.2409146133378712, 0.24007174874724374]"
2026 06 19 17:10:32.375167,SSVEP_UPDATE,"fbcca_quad=1, fbcca_conf=0.2969, fbcca_ratio=4.0869, fbcca_consec=6, fbcca_scores=[0.01555774907539704, 0.28883189158288575, 0.07067202210065691, 0.0697751009816677], fbcca_probs=[0.22590518536023751, 0.29689825962981464, 0.23870527941482494, 0.23849127559512287], cca_quad=1, cca_conf=0.2838, cca_ratio=2.2404, cca_scores=[0.06720506532073221, 0.26682630096922033, 0.09428061816646835, 0.11909607368241144], cca_probs=[0.23246912073906614, 0.28383089986893045, 0.23884933484931814, 0.2448506445426853]"
2026 06 19 17:10:33.395456,SSVEP_UPDATE,"fbcca_quad=1, fbcca_conf=0.3225, fbcca_ratio=6.8510, fbcca_consec=7, fbcca_scores=[0.012860027509780355, 0.39080979192278587, 0.05704456551664178, 0.0335672438252984], fbcca_probs=[0.2209755302024216, 0.32246730031872906, 0.23095814654736688, 0.2255990229314825], cca_quad=1, cca_conf=0.2976, cca_ratio=2.6737, cca_scores=[0.06927746493715138, 0.33503106526608056, 0.12530483829659625, 0.0906845069963184], cca_probs=[0.2281189416043713, 0.29756145258410305, 0.24126466839133048, 0.23305493742019512]"
2026 06 19 17:10:33.395456,SSVEP_CONFIRMED,"fbcca_quad=1, fbcca_conf=0.3225, fbcca_ratio=6.8510, fbcca_consec=7, fbcca_scores=[0.012860027509780355, 0.39080979192278587, 0.05704456551664178, 0.0335672438252984], fbcca_probs=[0.2209755302024216, 0.32246730031872906, 0.23095814654736688, 0.2255990229314825], cca_quad=1, cca_conf=0.2976, cca_ratio=2.6737, cca_scores=[0.06927746493715138, 0.33503106526608056, 0.12530483829659625, 0.0906845069963184], cca_probs=[0.2281189416043713, 0.29756145258410305, 0.24126466839133048, 0.23305493742019512]"
2026 06 19 17:10:33.395456,SELECTION,"quad=1, result=phrase, output='Print '"
2026 06 19 17:10:36.411785,PHASE_SSVEP,
2026 06 19 17:10:36.527970,SSVEP_UPDATE,"fbcca_quad=1, fbcca_conf=0.2588, fbcca_ratio=1.1691, fbcca_consec=1, fbcca_scores=[0.024907969962970903, 0.08308974127472209, 0.07107245404304412, 0.012836325016446878], fbcca_probs=[0.24419098842263928, 0.25881989400487826, 0.2557281951213755, 0.24126092245110695], cca_quad=1, cca_conf=0.2651, cca_ratio=1.1733, cca_scores=[0.06799849770879741, 0.1613758075108936, 0.13754550682239344, 0.039411329682368886], cca_probs=[0.241445820239161, 0.265077546343243, 0.2588353409250042, 0.23464129249259183]"
2026 06 19 17:10:37.550445,SSVEP_UPDATE,"fbcca_quad=2, fbcca_conf=0.2727, fbcca_ratio=2.4909, fbcca_consec=1, fbcca_scores=[0.011653785115761817, 0.06253350658536388, 0.15576702992284547, 0.039334907000019], fbcca_probs=[0.236111952036184, 0.24843612917582175, 0.27271282280177167, 0.24273909598622265], cca_quad=2, cca_conf=0.2723, cca_ratio=1.4083, cca_scores=[0.06180938551258045, 0.16082592985271668, 0.22648549293074244, 0.10788931049968677], cca_probs=[0.23093334347761585, 0.2549699402526132, 0.272272994692166, 0.24182372157760493]"
2026 06 19 17:10:38.574033,SSVEP_UPDATE,"fbcca_quad=2, fbcca_conf=0.2814, fbcca_ratio=2.9371, fbcca_consec=2, fbcca_scores=[0.04484935075237221, 0.025104586478299117, 0.20810372294979715, 0.07085300320235978], fbcca_probs=[0.23899832643111424, 0.2343256431339866, 0.2813813654771642, 0.24529466495773494], cca_quad=2, cca_conf=0.2865, cca_ratio=2.2358, cca_scores=[0.12850586838620132, 0.10298170362159818, 0.30946312230202927, 0.13841001038414155], cca_probs=[0.23905623699270087, 0.23303173842668018, 0.28647637711170343, 0.2414356474689155]"
2026 06 19 17:10:39.607741,SSVEP_UPDATE,"fbcca_quad=2, fbcca_conf=0.3086, fbcca_ratio=4.1144, fbcca_consec=3, fbcca_scores=[0.08225257271093406, 0.032968185630830336, 0.3384174224842916, 0.023889295363023054], fbcca_probs=[0.23882403386549556, 0.22733907687492522, 0.308552457853769, 0.22528443140581028], cca_quad=2, cca_conf=0.2910, cca_ratio=2.1172, cca_scores=[0.15009878880991695, 0.1221952673853943, 0.3177842274532124, 0.05480831483743413], cca_probs=[0.24605357302973838, 0.2392827165660295, 0.290974236069826, 0.22368947433440609]"
2026 06 19 17:10:40.642985,SSVEP_UPDATE,"fbcca_quad=2, fbcca_conf=0.3472, fbcca_ratio=4.8225, fbcca_consec=4, fbcca_scores=[0.1102301315822762, 0.04888412746891324, 0.531588741065889, 0.03218601706043704], fbcca_probs=[0.2278188659067721, 0.21426313475139258, 0.3472029484813297, 0.21071505086050552], cca_quad=2, cca_conf=0.3016, cca_ratio=2.0311, cca_scores=[0.18521213733823422, 0.12004913964264476, 0.3761812174104987, 0.04123051222886385], cca_probs=[0.2491752039037776, 0.23345592038019045, 0.30160715497400037, 0.2157617207420316]"
2026 06 19 17:10:40.642985,SSVEP_CONFIRMED,"fbcca_quad=2, fbcca_conf=0.3472, fbcca_ratio=4.8225, fbcca_consec=4, fbcca_scores=[0.1102301315822762, 0.04888412746891324, 0.531588741065889, 0.03218601706043704], fbcca_probs=[0.2278188659067721, 0.21426313475139258, 0.3472029484813297, 0.21071505086050552], cca_quad=2, cca_conf=0.3016, cca_ratio=2.0311, cca_scores=[0.18521213733823422, 0.12004913964264476, 0.3761812174104987, 0.04123051222886385], cca_probs=[0.2491752039037776, 0.23345592038019045, 0.30160715497400037, 0.2157617207420316]"
2026 06 19 17:10:40.642985,SELECTION,"quad=2, result=navigate, output='Print '"
2026 06 19 17:10:43.652589,PHASE_SSVEP,
2026 06 19 17:10:43.714945,SSVEP_UPDATE,"fbcca_quad=2, fbcca_conf=0.2628, fbcca_ratio=1.3570, fbcca_consec=1, fbcca_scores=[0.10650275387922546, 0.05957686664460646, 0.1445287457994019, 0.06472398193424164], fbcca_probs=[0.2530365476911403, 0.2414368741732478, 0.26284379687273896, 0.24268278126287296], cca_quad=0, cca_conf=0.2627, cca_ratio=1.0168, cca_scores=[0.21965731052559606, 0.1254758568141503, 0.2160347475284549, 0.11425360374646493], cca_probs=[0.26271109765640793, 0.2390979944910367, 0.2617611318494535, 0.23642977600310186]"
2026 06 19 17:10:44.753647,SSVEP_UPDATE,"fbcca_quad=0, fbcca_conf=0.2596, fbcca_ratio=1.4171, fbcca_consec=1, fbcca_scores=[0.10156847754821115, 0.07167455381734447, 0.039416557624355794, 0.041927361061526267], fbcca_probs=[0.25957903965172097, 0.25193404243876044, 0.24393683545771722, 0.24455008245180132], cca_quad=0, cca_conf=0.2680, cca_ratio=1.5931, cca_scores=[0.21723913105770354, 0.1363639622845855, 0.13288333706303912, 0.10136922568169819], cca_probs=[0.2679525473446462, 0.24713499700717542, 0.2462763079577471, 0.2386361476904313]"
2026 06 19 17:10:45.768395,SSVEP_UPDATE,"fbcca_quad=1, fbcca_conf=0.2943, fbcca_ratio=6.7187, fbcca_consec=1, fbcca_scores=[0.028707816473590404, 0.25746881118481824, 0.0329798108310461, 0.038321057811110316], fbcca_probs=[0.2341381751174649, 0.2943214177297911, 0.2351405516293914, 0.23639985552335266], cca_quad=1, cca_conf=0.2801, cca_ratio=2.4937, cca_scores=[0.09659111810892176, 0.25436003383714034, 0.10055486135179241, 0.1020028889845329], cca_probs=[0.23921764511549568, 0.28009888521072107, 0.2401677241306246, 0.24051574554315872]"
2026 06 19 17:10:46.790217,SSVEP_UPDATE,"fbcca_quad=1, fbcca_conf=0.3794, fbcca_ratio=11.3615, fbcca_consec=2, fbcca_scores=[0.03889347434047551, 0.6576999446843954, 0.05788873044466458, 0.05690575948980911], fbcca_probs=[0.2043292055038563, 0.3793802180146023, 0.2082475886188989, 0.2080429878626425], cca_quad=1, cca_conf=0.3112, cca_ratio=3.0326, cca_scores=[0.09684594752296322, 0.42591324875005754, 0.14044332343032653, 0.127893543250311], cca_probs=[0.2239256654194472, 0.31118308826354624, 0.23390417475265352, 0.2309870715643529]"
2026 06 19 17:10:47.820318,SSVEP_UPDATE,"fbcca_quad=1, fbcca_conf=0.4036, fbcca_ratio=8.8754, fbcca_consec=3, fbcca_scores=[0.004956705266862668, 0.7566977943687666, 0.05340231201904435, 0.0852579988453473], fbcca_probs=[0.19033331743563237, 0.4036377941004703, 0.19978113537504208, 0.20624775308885518], cca_quad=1, cca_conf=0.3261, cca_ratio=2.9790, cca_scores=[0.02699171834705927, 0.4757648236874472, 0.11753580188354577, 0.15970817669844498], cca_probs=[0.2081995153405603, 0.3261214746751543, 0.2279305350864661, 0.23774847489781925]"
2026 06 19 17:10:48.836592,SSVEP_UPDATE,"fbcca_quad=1, fbcca_conf=0.3793, fbcca_ratio=7.6597, fbcca_consec=4, fbcca_scores=[0.029220461684314726, 0.6638222537309343, 0.056927232596176415, 0.08666480198044525], fbcca_probs=[0.2010659974180161, 0.37926493263573674, 0.20671478035415117, 0.21295428959209603], cca_quad=1, cca_conf=0.3198, cca_ratio=2.6386, cca_scores=[0.08041179394002129, 0.4675709385526971, 0.11147359608462556, 0.1772058964962281], cca_probs=[0.21710936235556305, 0.31975668435751303, 0.22395900074666172, 0.23917495254026228]"
2026 06 19 17:10:48.836592,SSVEP_CONFIRMED,"fbcca_quad=1, fbcca_conf=0.3793, fbcca_ratio=7.6597, fbcca_consec=4, fbcca_scores=[0.029220461684314726, 0.6638222537309343, 0.056927232596176415, 0.08666480198044525], fbcca_probs=[0.2010659974180161, 0.37926493263573674, 0.20671478035415117, 0.21295428959209603], cca_quad=1, cca_conf=0.3198, cca_ratio=2.6386, cca_scores=[0.08041179394002129, 0.4675709385526971, 0.11147359608462556, 0.1772058964962281], cca_probs=[0.21710936235556305, 0.31975668435751303, 0.22395900074666172, 0.23917495254026228]"
2026 06 19 17:10:48.836592,SELECTION,"quad=1, result=navigate, output='Print '"
2026 06 19 17:10:51.840022,PHASE_SSVEP,
2026 06 19 17:10:51.890067,SSVEP_UPDATE,"fbcca_quad=1, fbcca_conf=0.2590, fbcca_ratio=1.0273, fbcca_consec=1, fbcca_scores=[0.02766628617007845, 0.09786102950735263, 0.09525838158030342, 0.026886803678046862], fbcca_probs=[0.24143703260583146, 0.2589936250995363, 0.2583204322999789, 0.24124890999465323], cca_quad=1, cca_conf=0.2647, cca_ratio=1.2629, cca_scores=[0.0706177132275733, 0.159747858457107, 0.1264932895511739, 0.04994097730797114], cca_probs=[0.24211758429771674, 0.26468849365553493, 0.25603113802777944, 0.23716278401896887]"
2026 06 19 17:10:52.920980,SSVEP_UPDATE,"fbcca_quad=0, fbcca_conf=0.2545, fbcca_ratio=1.2426, fbcca_consec=1, fbcca_scores=[0.07008103607680388, 0.05639889302279381, 0.0464409780244841, 0.035938699829464835], fbcca_probs=[0.25448645965684347, 0.25102825130935164, 0.24854093810086983, 0.2459443509329351], cca_quad=1, cca_conf=0.2592, cca_ratio=1.2799, cca_scores=[0.11141954594384483, 0.14260734895027422, 0.08823153855661735, 0.08285881754326106], cca_probs=[0.2512183284717865, 0.25917673372874983, 0.24546009500219546, 0.24414484279726836]"
2026 06 19 17:10:53.939059,SSVEP_UPDATE,"fbcca_quad=0, fbcca_conf=0.2668, fbcca_ratio=1.2755, fbcca_consec=2, fbcca_scores=[0.1860539411758522, 0.14586899516824836, 0.07045115004662125, 0.07696999510192028], fbcca_probs=[0.2668021378865443, 0.2562932716237619, 0.23767508121428535, 0.23922950927540831], cca_quad=0, cca_conf=0.2651, cca_ratio=1.0653, cca_scores=[0.22487437352413386, 0.21109835492039586, 0.08400488990529023, 0.13831708989322042], cca_probs=[0.2651110571172657, 0.26148392335599097, 0.23027617237066217, 0.24312884715608113]"
2026 06 19 17:10:54.976663,SSVEP_UPDATE,"fbcca_quad=0, fbcca_conf=0.3299, fbcca_ratio=5.4238, fbcca_consec=3, fbcca_scores=[0.4579380271263847, 0.05770082003139354, 0.08443099463432856, 0.061703235201997685], fbcca_probs=[0.3298886466554144, 0.22107852519773777, 0.22706768177653724, 0.22196514637031056], cca_quad=0, cca_conf=0.3023, cca_ratio=2.7871, cca_scores=[0.3946818978826971, 0.1347918957175972, 0.12088813273851896, 0.14161064903037412], cca_probs=[0.30229400056543043, 0.23310990868992124, 0.22989123148518345, 0.23470485925946483]"
2026 06 19 17:10:55.998083,SSVEP_UPDATE,"fbcca_quad=0, fbcca_conf=0.3964, fbcca_ratio=4.7719, fbcca_consec=4, fbcca_scores=[0.7550563067431273, 0.031282951415914, 0.15823064184362062, 0.036112350148342034], fbcca_probs=[0.3963940661751096, 0.19221902512714925, 0.21823733607043844, 0.19314957262730267], cca_quad=0, cca_conf=0.3267, cca_ratio=2.1918, cca_scores=[0.5199557672484618, 0.0893377706557093, 0.23722845897715636, 0.09962608184657022], cca_probs=[0.3267266228506395, 0.21240733207543916, 0.24626212002646844, 0.21460392504745288]"
2026 06 19 17:10:55.998624,SSVEP_CONFIRMED,"fbcca_quad=0, fbcca_conf=0.3964, fbcca_ratio=4.7719, fbcca_consec=4, fbcca_scores=[0.7550563067431273, 0.031282951415914, 0.15823064184362062, 0.036112350148342034], fbcca_probs=[0.3963940661751096, 0.19221902512714925, 0.21823733607043844, 0.19314957262730267], cca_quad=0, cca_conf=0.3267, cca_ratio=2.1918, cca_scores=[0.5199557672484618, 0.0893377706557093, 0.23722845897715636, 0.09962608184657022], cca_probs=[0.3267266228506395, 0.21240733207543916, 0.24626212002646844, 0.21460392504745288]"
2026 06 19 17:10:55.998624,SELECTION,"quad=0, result=navigate, output='Print '"
2026 06 19 17:10:59.003495,PHASE_SSVEP,
2026 06 19 17:10:59.135072,SSVEP_UPDATE,"fbcca_quad=0, fbcca_conf=0.2746, fbcca_ratio=1.5948, fbcca_consec=1, fbcca_scores=[0.17656153312668996, 0.012886407101742261, 0.11070737273645745, 0.02209987663216559], fbcca_probs=[0.27456223098070326, 0.2331082215489043, 0.2570636659208888, 0.23526588154950356], cca_quad=0, cca_conf=0.2772, cca_ratio=1.5266, cca_scores=[0.23356631281384246, 0.04696515019820871, 0.15299450314749452, 0.07676248568805989], cca_probs=[0.277220640451195, 0.23003065034870246, 0.2557606165429387, 0.23698809265716378]"
2026 06 19 17:11:00.159052,SSVEP_UPDATE,"fbcca_quad=0, fbcca_conf=0.2751, fbcca_ratio=2.9075, fbcca_consec=2, fbcca_scores=[0.16036196865477934, 0.02500354692854054, 0.05515529280974908, 0.011471357367753796], fbcca_probs=[0.27508767693050956, 0.24026234976269994, 0.2476169996603446, 0.23703297364644582], cca_quad=0, cca_conf=0.2754, cca_ratio=2.2265, cca_scores=[0.20041624715411235, 0.09001430114214166, 0.07941036175396356, 0.037163189116975574], cca_probs=[0.2754153949311346, 0.2466273613558436, 0.24402595670904056, 0.23393128700398122]"
2026 06 19 17:11:01.175309,SSVEP_UPDATE,"fbcca_quad=0, fbcca_conf=0.3187, fbcca_ratio=4.4136, fbcca_consec=3, fbcca_scores=[0.3866377691569496, 0.03367431119542064, 0.08760051541168436, 0.020501062099783408], fbcca_probs=[0.3187207667772816, 0.22393412465331286, 0.23634157881305762, 0.22100352975634807], cca_quad=0, cca_conf=0.2968, cca_ratio=2.2136, cca_scores=[0.3521636815118101, 0.11913690681501221, 0.15909270094809566, 0.06826669469304357], cca_probs=[0.2967887447362684, 0.2350959700170457, 0.24467960204995154, 0.22343568319673443]"
2026 06 19 17:11:02.203673,SSVEP_UPDATE,"fbcca_quad=0, fbcca_conf=0.3813, fbcca_ratio=6.0848, fbcca_consec=4, fbcca_scores=[0.6778790360579334, 0.03431061092724055, 0.11140455954093947, 0.04204145234626097], fbcca_probs=[0.3813259041133538, 0.20035403481891087, 0.21641111834898039, 0.2019089427187549], cca_quad=0, cca_conf=0.3261, cca_ratio=2.8452, cca_scores=[0.5090820054806255, 0.11316838824095247, 0.17892654539336272, 0.11588959808315757], cca_probs=[0.326075363937941, 0.21946986090403153, 0.2343868773855681, 0.22006789777245947]"
2026 06 19 17:11:02.203673,SSVEP_CONFIRMED,"fbcca_quad=0, fbcca_conf=0.3813, fbcca_ratio=6.0848, fbcca_consec=4, fbcca_scores=[0.6778790360579334, 0.03431061092724055, 0.11140455954093947, 0.04204145234626097], fbcca_probs=[0.3813259041133538, 0.20035403481891087, 0.21641111834898039, 0.2019089427187549], cca_quad=0, cca_conf=0.3261, cca_ratio=2.8452, cca_scores=[0.5090820054806255, 0.11316838824095247, 0.17892654539336272, 0.11588959808315757], cca_probs=[0.326075363937941, 0.21946986090403153, 0.2343868773855681, 0.22006789777245947]"
2026 06 19 17:11:02.203673,SELECTION,"quad=0, result=navigate, output='Print '"
2026 06 19 17:11:05.219375,PHASE_SSVEP,
2026 06 19 17:11:05.336692,SSVEP_UPDATE,"fbcca_quad=0, fbcca_conf=0.2575, fbcca_ratio=1.1986, fbcca_consec=1, fbcca_scores=[0.08122370575646631, 0.04133349695262742, 0.06776823342832711, 0.014634550617750488], fbcca_probs=[0.25752560114469797, 0.2474550447851721, 0.25408368080638255, 0.24093567326374735], cca_quad=0, cca_conf=0.2646, cca_ratio=1.2250, cca_scores=[0.18953782988492898, 0.15472970123993723, 0.10769790746799297, 0.0745772452559138], cca_probs=[0.26464748191581333, 0.25559407841449505, 0.24385133603697945, 0.2359071036327122]"
2026 06 19 17:11:06.352993,SSVEP_UPDATE,"fbcca_quad=2, fbcca_conf=0.2859, fbcca_ratio=2.8633, fbcca_consec=1, fbcca_scores=[0.08522843480331722, 0.07440913102700009, 0.24403203840597806, 0.021227614031058124], fbcca_probs=[0.24394105487179493, 0.24131600868835687, 0.2859251951866359, 0.22881774125321216], cca_quad=2, cca_conf=0.2740, cca_ratio=1.4127, cca_scores=[0.19277721858435837, 0.16501487621704053, 0.27233926565603106, 0.08370559221314552], cca_probs=[0.2530301356416092, 0.2461020414270935, 0.27398425518641595, 0.22688356774488147]"
2026 06 19 17:11:07.380462,SSVEP_UPDATE,"fbcca_quad=2, fbcca_conf=0.3785, fbcca_ratio=9.3282, fbcca_consec=2, fbcca_scores=[0.03954060362480963, 0.06875145629279555, 0.6413245086739755, 0.007259494214540438], fbcca_probs=[0.20732915931589727, 0.21347474272560166, 0.37845288124373305, 0.2007432167147681], cca_quad=2, cca_conf=0.3136, cca_ratio=2.7049, cca_scores=[0.12806148584066618, 0.15850053356042987, 0.4287204009677051, 0.0514664009878859], cca_probs=[0.2321305641371165, 0.23930503555327576, 0.31355002130827175, 0.21501437900133602]"
2026 06 19 17:11:08.398055,SSVEP_UPDATE,"fbcca_quad=2, fbcca_conf=0.3640, fbcca_ratio=8.3182, fbcca_consec=3, fbcca_scores=[0.06932632986511794, 0.0334584646811221, 0.5766706400886831, 0.004093641082029729], fbcca_probs=[0.2191784773871334, 0.21145632964922836, 0.36402795836212565, 0.20533723460151257], cca_quad=2, cca_conf=0.3162, cca_ratio=2.9301, cca_scores=[0.14430557455734677, 0.10645177244200678, 0.4228261194029571, 0.03221359827002285], cca_probs=[0.2393495736639514, 0.23045862206335407, 0.3162223734222101, 0.21396943085048442]"
2026 06 19 17:11:09.424253,SSVEP_UPDATE,"fbcca_quad=2, fbcca_conf=0.3162, fbcca_ratio=5.0031, fbcca_consec=4, fbcca_scores=[0.07202697297619659, 0.015072174857095081, 0.3603599260314692, 0.010701804907724181], fbcca_probs=[0.2370030160034599, 0.22388176298691803, 0.31620976917743604, 0.22290545183218602], cca_quad=2, cca_conf=0.3123, cca_ratio=3.0316, cca_scores=[0.1268088630618575, 0.061360625873705006, 0.3844393115899958, 0.0356005717881742], cca_probs=[0.24135143277344878, 0.2260612231313938, 0.3122751053183911, 0.22031223877676628]"
2026 06 19 17:11:09.424253,SSVEP_CONFIRMED,"fbcca_quad=2, fbcca_conf=0.3162, fbcca_ratio=5.0031, fbcca_consec=4, fbcca_scores=[0.07202697297619659, 0.015072174857095081, 0.3603599260314692, 0.010701804907724181], fbcca_probs=[0.2370030160034599, 0.22388176298691803, 0.31620976917743604, 0.22290545183218602], cca_quad=2, cca_conf=0.3123, cca_ratio=3.0316, cca_scores=[0.1268088630618575, 0.061360625873705006, 0.3844393115899958, 0.0356005717881742], cca_probs=[0.24135143277344878, 0.2260612231313938, 0.3122751053183911, 0.22031223877676628]"
2026 06 19 17:11:09.424253,SELECTION,"quad=2, result=char, output='Print C'"
2026 06 19 17:11:12.428094,PHASE_SSVEP,
2026 06 19 17:11:12.460362,SSVEP_UPDATE,"fbcca_quad=2, fbcca_conf=0.2798, fbcca_ratio=3.0796, fbcca_consec=1, fbcca_scores=[0.029239915755280864, 0.04255051677257138, 0.19884681975195861, 0.06456926621535852], fbcca_probs=[0.23617215389563193, 0.23933676190158681, 0.27982597966222805, 0.24466510454055315], cca_quad=2, cca_conf=0.2786, cca_ratio=2.1012, cca_scores=[0.09234043723003689, 0.12378702449806274, 0.2601008100397527, 0.12282275744035188], cca_probs=[0.2355406817010781, 0.24306532439449555, 0.2785629364290278, 0.24283105747539852]"
2026 06 19 17:11:13.483244,SSVEP_UPDATE,"fbcca_quad=2, fbcca_conf=0.2620, fbcca_ratio=2.0604, fbcca_consec=2, fbcca_scores=[0.026350585172657134, 0.037427431668575456, 0.10032557776536101, 0.048692640863434916], fbcca_probs=[0.24327870753502898, 0.24598844841977197, 0.26195761694331154, 0.24877522710188746], cca_quad=2, cca_conf=0.2627, cca_ratio=1.6203, cca_scores=[0.09236732972279281, 0.0997777784590176, 0.1616735368120398, 0.09300710434209156], cca_probs=[0.24510751345452708, 0.24693061678178807, 0.26269749256968117, 0.2452643771940038]"
2026 06 19 17:11:14.505215,SSVEP_UPDATE,"fbcca_quad=1, fbcca_conf=0.2961, fbcca_ratio=5.7327, fbcca_consec=1, fbcca_scores=[0.03863896638875005, 0.27503646592185305, 0.039936035156444234, 0.04797695075604283], fbcca_probs=[0.23378921134457667, 0.296135583762477, 0.23409264877590152, 0.23598255611704488], cca_quad=1, cca_conf=0.2902, cca_ratio=2.6639, cca_scores=[0.10882123030710153, 0.2898889752501713, 0.0775221770549504, 0.07046545217563778], cca_probs=[0.24212766979082972, 0.29018913298463667, 0.2346666731017643, 0.23301652412276924]"
2026 06 19 17:11:15.534223,SSVEP_UPDATE,"fbcca_quad=1, fbcca_conf=0.3329, fbcca_ratio=4.0366, fbcca_consec=2, fbcca_scores=[0.016744864415754675, 0.4640643155828844, 0.11496557097620487, 0.04738961746363808], fbcca_probs=[0.21283663472073924, 0.33290073400507136, 0.23480270418357158, 0.2194599270906179], cca_quad=1, cca_conf=0.3072, cca_ratio=3.1193, cca_scores=[0.06878138249101559, 0.3883338725853978, 0.11518479534706155, 0.12449487005091106], cca_probs=[0.22314937138325427, 0.30716770357388357, 0.23374827463783374, 0.23593465040502853]"
2026 06 19 17:11:16.551581,SSVEP_UPDATE,"fbcca_quad=1, fbcca_conf=0.3776, fbcca_ratio=7.1553, fbcca_consec=3, fbcca_scores=[0.04688808877535725, 0.6662379704707997, 0.06210535369702716, 0.09311135074823833], fbcca_probs=[0.20323708891660847, 0.37755758682671164, 0.20635345267044033, 0.21285187158623955], cca_quad=1, cca_conf=0.3115, cca_ratio=2.4611, cca_scores=[0.1209942792125137, 0.43861658041723783, 0.09915341241122842, 0.1782169746989355], cca_probs=[0.22669852199674828, 0.3114514100472806, 0.2218009085236873, 0.24004915943228386]"
2026 06 19 17:11:17.572312,SSVEP_UPDATE,"fbcca_quad=1, fbcca_conf=0.4072, fbcca_ratio=10.8355, fbcca_consec=4, fbcca_scores=[0.0507300978642901, 0.7850059276308141, 0.06272126717197973, 0.0724475582175718], fbcca_probs=[0.19538918080051657, 0.4071856395756683, 0.19774622918863094, 0.19967895043518433], cca_quad=1, cca_conf=0.3209, cca_ratio=2.8637, cca_scores=[0.12968759105087185, 0.4882651259412846, 0.11627742592690658, 0.17050365562234968], cca_probs=[0.22423375632373987, 0.320943982205192, 0.2212468170617003, 0.23357544440936792]"
2026 06 19 17:11:17.572312,SSVEP_CONFIRMED,"fbcca_quad=1, fbcca_conf=0.4072, fbcca_ratio=10.8355, fbcca_consec=4, fbcca_scores=[0.0507300978642901, 0.7850059276308141, 0.06272126717197973, 0.0724475582175718], fbcca_probs=[0.19538918080051657, 0.4071856395756683, 0.19774622918863094, 0.19967895043518433], cca_quad=1, cca_conf=0.3209, cca_ratio=2.8637, cca_scores=[0.12968759105087185, 0.4882651259412846, 0.11627742592690658, 0.17050365562234968], cca_probs=[0.22423375632373987, 0.320943982205192, 0.2212468170617003, 0.23357544440936792]"
2026 06 19 17:11:17.572312,SELECTION,"quad=1, result=navigate, output='Print C'"
2026 06 19 17:11:20.576955,PHASE_SSVEP,
2026 06 19 17:11:20.610273,SSVEP_UPDATE,"fbcca_quad=1, fbcca_conf=0.2703, fbcca_ratio=1.7647, fbcca_consec=1, fbcca_scores=[0.0569725666493351, 0.18867276612847267, 0.10691683453656174, 0.08421989336303501], fbcca_probs=[0.23698924855515152, 0.27034934007944217, 0.24912606244918856, 0.2435353489162178], cca_quad=1, cca_conf=0.2636, cca_ratio=1.4392, cca_scores=[0.14190829289749482, 0.204240033148539, 0.12985006644872815, 0.12716790551448243], cca_probs=[0.24766591804312835, 0.26359464131997173, 0.24469743958065795, 0.2440420010562419]"
2026 06 19 17:11:21.636974,SSVEP_UPDATE,"fbcca_quad=2, fbcca_conf=0.2574, fbcca_ratio=1.2975, fbcca_consec=1, fbcca_scores=[0.08438846403031498, 0.06468958542272935, 0.10949394639470099, 0.06177580211805207], fbcca_probs=[0.25103185114218457, 0.2461351928613821, 0.25741390390451785, 0.2454190520919155], cca_quad=0, cca_conf=0.2596, cca_ratio=1.2416, cca_scores=[0.18023237487041718, 0.14516646190510427, 0.1427964169567851, 0.100248614349047], cca_probs=[0.25961017046271023, 0.25066446413169335, 0.25007108153422675, 0.23965428387136953]"
2026 06 19 17:11:22.657358,SSVEP_UPDATE,"fbcca_quad=0, fbcca_conf=0.2850, fbcca_ratio=2.2170, fbcca_consec=1, fbcca_scores=[0.24381260929847443, 0.1099747884908103, 0.041500902456874676, 0.04260300589662594], fbcca_probs=[0.2849560419274176, 0.24926014464949706, 0.2327635712387942, 0.23302024218429113], cca_quad=0, cca_conf=0.2772, cca_ratio=1.3777, cca_scores=[0.27367767438868157, 0.19864837168161756, 0.12992758775657337, 0.0671880731495892], cca_probs=[0.2772190894081451, 0.2571806682841391, 0.24010060990137522, 0.22549963240634058]"
2026 06 19 17:11:23.675064,SSVEP_UPDATE,"fbcca_quad=0, fbcca_conf=0.3262, fbcca_ratio=8.0380, fbcca_consec=2, fbcca_scores=[0.4143880832684188, 0.0459859455669988, 0.05155337638851534, 0.02520017133855266], fbcca_probs=[0.3262485994922439, 0.2257114758634974, 0.22697161350058598, 0.22106831114367279], cca_quad=0, cca_conf=0.3015, cca_ratio=2.9577, cca_scores=[0.3402426775220091, 0.11503529778568258, 0.07627713684283163, 0.05283891047604822], cca_probs=[0.3015172890993202, 0.2407165206770517, 0.23156527922206346, 0.22620091100156464]"
2026 06 19 17:11:24.710149,SSVEP_UPDATE,"fbcca_quad=0, fbcca_conf=0.4156, fbcca_ratio=10.7562, fbcca_consec=3, fbcca_scores=[0.7930809145971872, 0.024859582657029283, 0.07373272885062386, 0.005757935992608898], fbcca_probs=[0.41563306441511055, 0.19278613821868917, 0.20244224349977424, 0.18913855386642603], cca_quad=0, cca_conf=0.3419, cca_ratio=3.0823, cca_scores=[0.5479286596234638, 0.09273067531606136, 0.17776595841336496, 0.036781574013127295], cca_probs=[0.34190939190502867, 0.21688077567549516, 0.23613013317218642, 0.20507969924728975]"
2026 06 19 17:11:25.741570,SSVEP_UPDATE,"fbcca_quad=0, fbcca_conf=0.3639, fbcca_ratio=8.1117, fbcca_consec=4, fbcca_scores=[0.5997628720561432, 0.04636021255506901, 0.07393834187846256, 0.05804213712666877], fbcca_probs=[0.36392695569488637, 0.2092543540065192, 0.2151055087557976, 0.2117131815427969], cca_quad=0, cca_conf=0.3292, cca_ratio=3.5110, cca_scores=[0.5037908412398029, 0.09214783001896497, 0.14348969385679053, 0.11401049061771257], cca_probs=[0.32924708931882896, 0.2181462019229353, 0.22963873412773575, 0.22296797463049992]"
2026 06 19 17:11:25.741570,SSVEP_CONFIRMED,"fbcca_quad=0, fbcca_conf=0.3639, fbcca_ratio=8.1117, fbcca_consec=4, fbcca_scores=[0.5997628720561432, 0.04636021255506901, 0.07393834187846256, 0.05804213712666877], fbcca_probs=[0.36392695569488637, 0.2092543540065192, 0.2151055087557976, 0.2117131815427969], cca_quad=0, cca_conf=0.3292, cca_ratio=3.5110, cca_scores=[0.5037908412398029, 0.09214783001896497, 0.14348969385679053, 0.11401049061771257], cca_probs=[0.32924708931882896, 0.2181462019229353, 0.22963873412773575, 0.22296797463049992]"
2026 06 19 17:11:25.741570,SELECTION,"quad=0, result=navigate, output='Print C'"
2026 06 19 17:11:28.750431,PHASE_SSVEP,
2026 06 19 17:11:28.880528,SSVEP_UPDATE,"fbcca_quad=0, fbcca_conf=0.2603, fbcca_ratio=1.4448, fbcca_consec=1, fbcca_scores=[0.09552262621315466, 0.06611569437766278, 0.02744317636880026, 0.029831161849544763], fbcca_probs=[0.26030635961907145, 0.25276300529484513, 0.24317462185950325, 0.24375601322658016], cca_quad=0, cca_conf=0.2664, cca_ratio=1.2088, cca_scores=[0.19776715123075952, 0.1636015751998387, 0.0956072830787133, 0.07574238724623417], cca_probs=[0.26635250400689253, 0.25740611675012, 0.2404857331961573, 0.23575564604683016]"
2026 06 19 17:11:29.899132,SSVEP_UPDATE,"fbcca_quad=1, fbcca_conf=0.2699, fbcca_ratio=1.0171, fbcca_consec=1, fbcca_scores=[0.013936883931867004, 0.1970448706234757, 0.06455910394176258, 0.19372764981579657], fbcca_probs=[0.224727363035646, 0.26988499783772174, 0.23639642615893683, 0.2689912129676954], cca_quad=1, cca_conf=0.2616, cca_ratio=1.0678, cca_scores=[0.06394523843485449, 0.17884703109311764, 0.11908809702012037, 0.1674926930939958], cca_probs=[0.2332332547712724, 0.2616324977924965, 0.24645561214410383, 0.2586786352921273]"
2026 06 19 17:11:30.920508,SSVEP_UPDATE,"fbcca_quad=2, fbcca_conf=0.3196, fbcca_ratio=5.4760, fbcca_consec=1, fbcca_scores=[0.0305028308874191, 0.06102519220133262, 0.39796020976149854, 0.07267380322864384], fbcca_probs=[0.2213308004184399, 0.22819049355401563, 0.31961456828559676, 0.23086413774194767], cca_quad=2, cca_conf=0.2938, cca_ratio=2.8309, cca_scores=[0.08695610017013347, 0.10047510907760346, 0.32193619871640206, 0.11372277345586877], cca_probs=[0.23225445237735703, 0.23541562218381354, 0.29377484678467625, 0.23855507865415326]"
2026 06 19 17:11:31.941322,SSVEP_UPDATE,"fbcca_quad=2, fbcca_conf=0.3922, fbcca_ratio=8.9824, fbcca_consec=2, fbcca_scores=[0.08030994893513146, 0.06111895233672206, 0.7213756012952086, 0.040076217636652825], fbcca_probs=[0.20660901653926123, 0.2026817878524455, 0.3922478265386404, 0.19846136906965295], cca_quad=2, cca_conf=0.3199, cca_ratio=3.2582, cca_scores=[0.13748825331623463, 0.14201169703057323, 0.4627021457236516, 0.07408352853772114], cca_probs=[0.23108436203665397, 0.2321320268816669, 0.31989625492863133, 0.21688735615304783]"
2026 06 19 17:11:32.958364,SSVEP_UPDATE,"fbcca_quad=2, fbcca_conf=0.5124, fbcca_ratio=15.7645, fbcca_consec=3, fbcca_scores=[0.07636883866192402, 0.053769516780508494, 1.2039148601981289, 0.03607444815073457], fbcca_probs=[0.1659412296190911, 0.16223312846167498, 0.5124379901009615, 0.1593876518182725], cca_quad=2, cca_conf=0.3549, cca_ratio=4.4703, cca_scores=[0.13793893321136713, 0.13099248739279054, 0.6166329458632633, 0.07640036156679052], cca_probs=[0.21990783846071096, 0.21838555393051, 0.35492360003555656, 0.20678300757322246]"
2026 06 19 17:11:33.991221,SSVEP_UPDATE,"fbcca_quad=2, fbcca_conf=0.4884, fbcca_ratio=16.2231, fbcca_consec=4, fbcca_scores=[0.06736671515924328, 0.025563695013191258, 1.0928961363489436, 0.02890377057479012], fbcca_probs=[0.1751344942727499, 0.16796425641029908, 0.48837504164118173, 0.16852620767576934], cca_quad=2, cca_conf=0.3533, cca_ratio=4.8001, cca_scores=[0.12305272037644428, 0.0926546168666214, 0.5906631058707421, 0.07367077347590692], cca_probs=[0.2213343185708232, 0.2147074080889522, 0.35328839191923433, 0.2106698814209903]"
2026 06 19 17:11:33.991221,SSVEP_CONFIRMED,"fbcca_quad=2, fbcca_conf=0.4884, fbcca_ratio=16.2231, fbcca_consec=4, fbcca_scores=[0.06736671515924328, 0.025563695013191258, 1.0928961363489436, 0.02890377057479012], fbcca_probs=[0.1751344942727499, 0.16796425641029908, 0.48837504164118173, 0.16852620767576934], cca_quad=2, cca_conf=0.3533, cca_ratio=4.8001, cca_scores=[0.12305272037644428, 0.0926546168666214, 0.5906631058707421, 0.07367077347590692], cca_probs=[0.2213343185708232, 0.2147074080889522, 0.35328839191923433, 0.2106698814209903]"
2026 06 19 17:11:33.991221,SELECTION,"quad=2, result=navigate, output='Print C'"
2026 06 19 17:11:37.003393,PHASE_SSVEP,
2026 06 19 17:11:37.134903,SSVEP_UPDATE,"fbcca_quad=3, fbcca_conf=0.2522, fbcca_ratio=1.0841, fbcca_consec=1, fbcca_scores=[0.030100717637541956, 0.026210045039078034, 0.04042241657984015, 0.04382332482595021], fbcca_probs=[0.24873708520643636, 0.24777121081371511, 0.2513177701305518, 0.25217393384929676], cca_quad=2, cca_conf=0.2574, cca_ratio=1.3852, cca_scores=[0.08592670784451757, 0.06842185038360656, 0.11908099097311425, 0.08596554660528823], cca_probs=[0.24897941390285475, 0.2446589892818565, 0.2573725126727517, 0.248989084142537]"
2026 06 19 17:11:38.152390,SSVEP_UPDATE,"fbcca_quad=2, fbcca_conf=0.2725, fbcca_ratio=3.3356, fbcca_consec=1, fbcca_scores=[0.009941398697186335, 0.04321327597379041, 0.14414433137187874, 0.02957330258977045], fbcca_probs=[0.23824940087039878, 0.24630975366610106, 0.2724679412779815, 0.2429729041855187], cca_quad=2, cca_conf=0.2752, cca_ratio=2.2454, cca_scores=[0.07298333641019639, 0.0928968717133345, 0.20859392962747897, 0.06836557820528708], cca_probs=[0.24034175460189358, 0.24517578014321448, 0.27524799221542356, 0.23923447303946851]"
2026 06 19 17:11:39.168624,SSVEP_UPDATE,"fbcca_quad=2, fbcca_conf=0.3116, fbcca_ratio=6.1915, fbcca_consec=2, fbcca_scores=[0.01712993287791322, 0.0546711259025671, 0.33849900785485104, 0.02607012402017384], fbcca_probs=[0.22592490622451422, 0.23456761043222446, 0.3115537095548172, 0.22795377378844417], cca_quad=2, cca_conf=0.2962, cca_ratio=2.5968, cca_scores=[0.06471185506988296, 0.12482379218244481, 0.3241486072830548, 0.08291034650831625], cca_probs=[0.2284920280070271, 0.2426483457671952, 0.296171320855886, 0.2326883053698916]"
2026 06 19 17:11:40.189101,SSVEP_UPDATE,"fbcca_quad=2, fbcca_conf=0.3991, fbcca_ratio=22.3300, fbcca_consec=3, fbcca_scores=[0.02919550685893943, 0.03195570711888013, 0.7135712803399252, 0.011037578741407927], fbcca_probs=[0.20131645476763493, 0.20187289608987588, 0.3991166959965642, 0.19769395314592486], cca_quad=2, cca_conf=0.3281, cca_ratio=4.1114, cca_scores=[0.11472951796582197, 0.09685601016488342, 0.47170030129025026, 0.057608549973537544], cca_probs=[0.2295811023653198, 0.22551413648405436, 0.32807004506454135, 0.21683471608608446]"
2026 06 19 17:11:41.212627,SSVEP_UPDATE,"fbcca_quad=2, fbcca_conf=0.4418, fbcca_ratio=16.1209, fbcca_consec=4, fbcca_scores=[0.056165162727934224, 0.049518031145527545, 0.9054328853520384, 0.01649263504385155], fbcca_probs=[0.18894971992805476, 0.18769791135457917, 0.4417520139271245, 0.18160035479024156], cca_quad=2, cca_conf=0.3354, cca_ratio=2.9861, cca_scores=[0.182034261948655, 0.13016948325903652, 0.5435643719777984, 0.07176044095871467], cca_probs=[0.2336137280157302, 0.22180624659968184, 0.3353581705338575, 0.20922185485073042]"
2026 06 19 17:11:41.212627,SSVEP_CONFIRMED,"fbcca_quad=2, fbcca_conf=0.4418, fbcca_ratio=16.1209, fbcca_consec=4, fbcca_scores=[0.056165162727934224, 0.049518031145527545, 0.9054328853520384, 0.01649263504385155], fbcca_probs=[0.18894971992805476, 0.18769791135457917, 0.4417520139271245, 0.18160035479024156], cca_quad=2, cca_conf=0.3354, cca_ratio=2.9861, cca_scores=[0.182034261948655, 0.13016948325903652, 0.5435643719777984, 0.07176044095871467], cca_probs=[0.2336137280157302, 0.22180624659968184, 0.3353581705338575, 0.20922185485073042]"
2026 06 19 17:11:41.212627,SELECTION,"quad=2, result=char, output='Print CI'"
2026 06 19 17:11:44.218351,PHASE_SSVEP,
2026 06 19 17:11:44.249091,SSVEP_UPDATE,"fbcca_quad=0, fbcca_conf=0.2576, fbcca_ratio=1.2452, fbcca_consec=1, fbcca_scores=[0.12196162933511269, 0.09794165530328748, 0.07738326307183888, 0.07005681445512106], fbcca_probs=[0.25759346308453857, 0.2514797938209156, 0.24636255491462933, 0.24456418817991643], cca_quad=0, cca_conf=0.2682, cca_ratio=1.5599, cca_scores=[0.191889344868958, 0.12301199650549992, 0.07582495859446464, 0.09213844201356837], cca_probs=[0.2681740270735679, 0.2503246752200644, 0.23878695154374302, 0.24271434616262474]"
2026 06 19 17:11:45.273068,SSVEP_UPDATE,"fbcca_quad=0, fbcca_conf=0.2689, fbcca_ratio=1.1822, fbcca_consec=2, fbcca_scores=[0.19926236192882374, 0.16855684780869468, 0.03433230955540116, 0.09450524973236935], fbcca_probs=[0.26894319165807035, 0.260810648603045, 0.22805119004579275, 0.24219496969309187], cca_quad=0, cca_conf=0.2684, cca_ratio=1.2108, cca_scores=[0.22017353382451205, 0.18184040837057477, 0.07351610625692621, 0.11501869174936019], cca_probs=[0.2683722845950262, 0.25827941757538864, 0.2317635592047119, 0.24158473862487312]"
2026 06 19 17:11:46.301936,SSVEP_UPDATE,"fbcca_quad=1, fbcca_conf=0.2781, fbcca_ratio=4.1478, fbcca_consec=1, fbcca_scores=[0.0433909961068206, 0.18876127153155026, 0.04550840708550002, 0.04371441931276519], fbcca_probs=[0.2404475691614823, 0.27806984789658845, 0.24095723487969437, 0.24052534806223483], cca_quad=1, cca_conf=0.2733, cca_ratio=1.9519, cca_scores=[0.10872204547329894, 0.21221334524813573, 0.09213453038954848, 0.07318421396535306], cca_probs=[0.24644675122330376, 0.2733183547911202, 0.24239252970833922, 0.23784236427723673]"
2026 06 19 17:11:47.324164,SSVEP_UPDATE,"fbcca_quad=1, fbcca_conf=0.3295, fbcca_ratio=4.9096, fbcca_consec=2, fbcca_scores=[0.01612228144813696, 0.4346255993561093, 0.033575483955986266, 0.0885263955538969], fbcca_probs=[0.21680773890548624, 0.3294795482245303, 0.22062494259497226, 0.23308777027501124], cca_quad=1, cca_conf=0.2969, cca_ratio=2.0948, cca_scores=[0.08025391671434617, 0.3434485209123836, 0.07415005086260361, 0.16395156216167772], cca_probs=[0.22819095164786177, 0.29689465825197675, 0.22680234693016918, 0.24811204316999227]"
2026 06 19 17:11:48.344108,SSVEP_UPDATE,"fbcca_quad=1, fbcca_conf=0.3106, fbcca_ratio=2.1669, fbcca_consec=3, fbcca_scores=[0.005145274383075284, 0.36492365710245833, 0.00810823687477357, 0.16840911715853724], fbcca_probs=[0.21676332972498133, 0.31062440912741224, 0.21740654377951846, 0.25520571736808795], cca_quad=1, cca_conf=0.2895, cca_ratio=1.4244, cca_scores=[0.038423749645455814, 0.2992455682575407, 0.03694415604213074, 0.2100837357091511], cca_probs=[0.2230255134680825, 0.28948630601436426, 0.22269577034803847, 0.2647924101695147]"
2026 06 19 17:11:49.364932,SSVEP_UPDATE,"fbcca_quad=1, fbcca_conf=0.2567, fbcca_ratio=1.4098, fbcca_consec=4, fbcca_scores=[0.022701040344968944, 0.07947841467958329, 0.05637431704234765, 0.053064010013437565], fbcca_probs=[0.2425126982813911, 0.25668032714037325, 0.2508179431226645, 0.2499890314555712], cca_quad=1, cca_conf=0.2589, cca_ratio=1.3078, cca_scores=[0.06775057700657416, 0.13107839112164127, 0.08495915875950776, 0.1002291362967663], cca_probs=[0.2429693611731492, 0.2588537327606629, 0.24718670244459698, 0.2509902036215908]"
2026 06 19 17:11:50.382491,SSVEP_UPDATE,"fbcca_quad=2, fbcca_conf=0.2606, fbcca_ratio=1.8223, fbcca_consec=1, fbcca_scores=[0.012376540333723141, 0.04279594796092133, 0.0779864942235875, 0.010479232826955391], fbcca_probs=[0.244092864973141, 0.2516321137167199, 0.26064483649999143, 0.24363018481014764], cca_quad=1, cca_conf=0.2600, cca_ratio=1.2926, cca_scores=[0.06503220625358502, 0.11980695349066241, 0.09268491297952011, 0.043787544175854745], cca_probs=[0.24610413097234105, 0.259960446407355, 0.2530045441742044, 0.24093087844609948]"
2026 06 19 17:11:51.416526,SSVEP_UPDATE,"fbcca_quad=1, fbcca_conf=0.3200, fbcca_ratio=3.5268, fbcca_consec=1, fbcca_scores=[0.008980014936654325, 0.4038823814715388, 0.11451798418899693, 0.05088402204797503], fbcca_probs=[0.21559428172878461, 0.31999349985176695, 0.23959171455971487, 0.22482050385973362], cca_quad=1, cca_conf=0.3007, cca_ratio=2.4490, cca_scores=[0.05386247885336105, 0.3651615806749317, 0.1254670170729903, 0.14910451868566746], cca_probs=[0.220295712486428, 0.30074715444536465, 0.23664836080863758, 0.24230877225956987]"
2026 06 19 17:11:52.447229,SSVEP_UPDATE,"fbcca_quad=1, fbcca_conf=0.4021, fbcca_ratio=5.8423, fbcca_consec=2, fbcca_scores=[0.02817591771067678, 0.7995296646074761, 0.13685143730903232, 0.12496314082299839], fbcca_probs=[0.18590406520863056, 0.4020532365590135, 0.20724595613361313, 0.20479674209874288], cca_quad=1, cca_conf=0.3222, cca_ratio=2.5619, cca_scores=[0.09179270990423587, 0.49937168098658447, 0.14447840975947368, 0.1949238083227304], cca_probs=[0.21432050257474236, 0.32216103888596104, 0.22591487523407533, 0.2376035833052213]"
2026 06 19 17:11:53.480123,SSVEP_UPDATE,"fbcca_quad=1, fbcca_conf=0.4072, fbcca_ratio=5.6970, fbcca_consec=3, fbcca_scores=[0.04982407138360302, 0.827012547183989, 0.11498178919802285, 0.14516716805713223], fbcca_probs=[0.18717088897756318, 0.4071617473588577, 0.19977260848907807, 0.2058947551745011], cca_quad=1, cca_conf=0.3208, cca_ratio=2.2628, cca_scores=[0.11349562835181437, 0.5159501701907406, 0.1569434183376805, 0.22801569159915308], cca_probs=[0.21453557723699979, 0.3208360123684518, 0.2240621291883631, 0.24056628120618545]"
2026 06 19 17:11:54.501897,SSVEP_UPDATE,"fbcca_quad=1, fbcca_conf=0.3887, fbcca_ratio=5.4874, fbcca_consec=4, fbcca_scores=[0.05952575671938619, 0.7418719129962126, 0.09219154263963653, 0.13519673047482128], fbcca_probs=[0.19645103388404556, 0.38868115909670353, 0.20297422382466165, 0.21189358319458929], cca_quad=1, cca_conf=0.3125, cca_ratio=2.2893, cca_scores=[0.12294038581784521, 0.4593191029288519, 0.1211475514772622, 0.20064126385131528], cca_probs=[0.2232702443078877, 0.3125491112244416, 0.2228703163560676, 0.24131032811160316]"
2026 06 19 17:11:54.501897,SSVEP_CONFIRMED,"fbcca_quad=1, fbcca_conf=0.3887, fbcca_ratio=5.4874, fbcca_consec=4, fbcca_scores=[0.05952575671938619, 0.7418719129962126, 0.09219154263963653, 0.13519673047482128], fbcca_probs=[0.19645103388404556, 0.38868115909670353, 0.20297422382466165, 0.21189358319458929], cca_quad=1, cca_conf=0.3125, cca_ratio=2.2893, cca_scores=[0.12294038581784521, 0.4593191029288519, 0.1211475514772622, 0.20064126385131528], cca_probs=[0.2232702443078877, 0.3125491112244416, 0.2228703163560676, 0.24131032811160316]"
2026 06 19 17:11:54.501897,SELECTION,"quad=1, result=navigate, output='Print CI'"
2026 06 19 17:11:57.516380,PHASE_SSVEP,
2026 06 19 17:11:57.649058,SSVEP_UPDATE,"fbcca_quad=1, fbcca_conf=0.2605, fbcca_ratio=1.5865, fbcca_consec=1, fbcca_scores=[0.060222633430826684, 0.11155569986607054, 0.07031528729344909, 0.037348364997742224], fbcca_probs=[0.24751234219391344, 0.26054966996037254, 0.2500230471162579, 0.24191494072945613], cca_quad=1, cca_conf=0.2595, cca_ratio=1.3182, cca_scores=[0.1244989168267326, 0.16411304722074294, 0.11557691880476002, 0.10228349388863327], cca_probs=[0.24940414595577387, 0.2594823765562724, 0.24718885974357696, 0.2439246177443768]"
2026 06 19 17:11:58.662968,SSVEP_UPDATE,"fbcca_quad=0, fbcca_conf=0.2646, fbcca_ratio=1.5211, fbcca_consec=1, fbcca_scores=[0.11647438786989095, 0.022549603015108673, 0.07657384020616209, 0.019686029060734463], fbcca_probs=[0.26462136710621875, 0.2408983875231748, 0.25427070144758473, 0.24020954392302163], cca_quad=0, cca_conf=0.2625, cca_ratio=1.5573, cca_scores=[0.1407903147898726, 0.0700708039117261, 0.09040855716460225, 0.06441630819592264], cca_probs=[0.262532019478644, 0.24460717163719642, 0.24963286435927093, 0.2432279445248887]"
2026 06 19 17:11:59.678118,SSVEP_UPDATE,"fbcca_quad=2, fbcca_conf=0.2653, fbcca_ratio=1.2041, fbcca_consec=1, fbcca_scores=[0.12094892984409476, 0.04131750144016266, 0.14563131712130978, 0.032172871894147206], fbcca_probs=[0.2588328903478083, 0.23902095216348532, 0.2653009998068302, 0.23684515768187622], cca_quad=0, cca_conf=0.2643, cca_ratio=1.3368, cca_scores=[0.18884040763054394, 0.1099076661800951, 0.1412600215511929, 0.08991883330298532], cca_probs=[0.26430905529413073, 0.24424854673468147, 0.25202762294546355, 0.23941477502572422]"
2026 06 19 17:12:00.699110,SSVEP_UPDATE,"fbcca_quad=0, fbcca_conf=0.2890, fbcca_ratio=1.7778, fbcca_consec=1, fbcca_scores=[0.25945311956859296, 0.02568436030575056, 0.14593826763656487, 0.005081750419535802], fbcca_probs=[0.28904745228332185, 0.22879401709949584, 0.2580300413421897, 0.2241284892749925], cca_quad=0, cca_conf=0.2882, cca_ratio=1.8334, cca_scores=[0.29689421349843503, 0.10961874165859799, 0.16193657596186714, 0.030945330614866078], cca_probs=[0.2882304127554381, 0.23900506226229537, 0.25184216628542394, 0.22092235869684262]"
2026 06 19 17:12:01.733283,SSVEP_UPDATE,"fbcca_quad=0, fbcca_conf=0.2699, fbcca_ratio=1.6726, fbcca_consec=2, fbcca_scores=[0.17054182160359685, 0.04089681367505117, 0.10196138965174847, 0.05769792910742076], fbcca_probs=[0.26987525619297387, 0.23706036899768457, 0.2519874806167413, 0.24107689419260023], cca_quad=0, cca_conf=0.2747, cca_ratio=1.4797, cca_scores=[0.2649681467487144, 0.10864173798860084, 0.1790734275989118, 0.12252119403673825], cca_probs=[0.27470985076372073, 0.23495383399904532, 0.2520987140900025, 0.23823760114723136]"
2026 06 19 17:12:02.752941,SSVEP_UPDATE,"fbcca_quad=1, fbcca_conf=0.2578, fbcca_ratio=1.2679, fbcca_consec=1, fbcca_scores=[0.0814323496098549, 0.10324648530291496, 0.06338409582703676, 0.04098969063180318], fbcca_probs=[0.25223660243480567, 0.2577993788988472, 0.24772500788878019, 0.24223901077756696], cca_quad=1, cca_conf=0.2588, cca_ratio=1.0341, cca_scores=[0.1877817437426495, 0.19417841464758112, 0.14259772040479723, 0.11168130256597224], cca_probs=[0.2571380317953846, 0.25878813110657145, 0.2457780778158146, 0.23829575928222937]"
2026 06 19 17:12:03.772165,SSVEP_UPDATE,"fbcca_quad=1, fbcca_conf=0.2858, fbcca_ratio=4.6776, fbcca_consec=2, fbcca_scores=[0.007869122033036682, 0.21511043458279902, 0.04598686554459279, 0.0431397704100451], fbcca_probs=[0.23228625672055583, 0.28577700068719497, 0.24131140100315798, 0.24062534158909119], cca_quad=1, cca_conf=0.2842, cca_ratio=2.0884, cca_scores=[0.0521467147053031, 0.2761707717688613, 0.13224282069809803, 0.11723763022554107], cca_probs=[0.22718245580474708, 0.2842282241940915, 0.24612746956411213, 0.24246185043704938]"
2026 06 19 17:12:04.784266,SSVEP_UPDATE,"fbcca_quad=1, fbcca_conf=0.3803, fbcca_ratio=14.7318, fbcca_consec=3, fbcca_scores=[0.03657044960511227, 0.6460533773563513, 0.02635769955756752, 0.04385437296078869], fbcca_probs=[0.20675554099055873, 0.38032268435444805, 0.2046547440459663, 0.2082670306090268], cca_quad=1, cca_conf=0.3217, cca_ratio=4.1730, cca_scores=[0.10820983727326929, 0.45156393044279186, 0.08190178176665751, 0.10690976088681575], cca_probs=[0.22818528262905913, 0.32166545158836285, 0.22226044869551875, 0.22788881708705927]"
2026 06 19 17:12:05.821907,SSVEP_UPDATE,"fbcca_quad=1, fbcca_conf=0.3942, fbcca_ratio=9.7230, fbcca_consec=4, fbcca_scores=[0.0737147802500577, 0.716731890761138, 0.02454321002601098, 0.045110773825348366], fbcca_probs=[0.20720963525339908, 0.39415653289233604, 0.19726725648902457, 0.2013665753652403], cca_quad=1, cca_conf=0.3223, cca_ratio=2.7744, cca_scores=[0.1699440529303645, 0.47149678626788705, 0.06977945028250086, 0.10633511882816878], cca_probs=[0.23837806850166363, 0.3222767568636797, 0.21565789523717446, 0.22368727939748212]"
2026 06 19 17:12:05.821907,SSVEP_CONFIRMED,"fbcca_quad=1, fbcca_conf=0.3942, fbcca_ratio=9.7230, fbcca_consec=4, fbcca_scores=[0.0737147802500577, 0.716731890761138, 0.02454321002601098, 0.045110773825348366], fbcca_probs=[0.20720963525339908, 0.39415653289233604, 0.19726725648902457, 0.2013665753652403], cca_quad=1, cca_conf=0.3223, cca_ratio=2.7744, cca_scores=[0.1699440529303645, 0.47149678626788705, 0.06977945028250086, 0.10633511882816878], cca_probs=[0.23837806850166363, 0.3222767568636797, 0.21565789523717446, 0.22368727939748212]"
2026 06 19 17:12:05.821907,SELECTION,"quad=1, result=navigate, output='Print CI'"
2026 06 19 17:12:08.821978,PHASE_SSVEP,
2026 06 19 17:12:08.924947,SSVEP_UPDATE,"fbcca_quad=2, fbcca_conf=0.2612, fbcca_ratio=1.4083, fbcca_consec=1, fbcca_scores=[0.02931090811099924, 0.07050123621360543, 0.09928605180857546, 0.020627662885949298], fbcca_probs=[0.243552775270027, 0.25379427131210375, 0.2612058513519457, 0.24144710206592362], cca_quad=1, cca_conf=0.2657, cca_ratio=1.5676, cca_scores=[0.07971538557903195, 0.16556469009458408, 0.10561953645360833, 0.06458854098332648], cca_probs=[0.24385059505005083, 0.26570987735065527, 0.2502498636293498, 0.240189663969944]"
2026 06 19 17:12:09.944945,SSVEP_UPDATE,"fbcca_quad=0, fbcca_conf=0.2617, fbcca_ratio=1.8169, fbcca_consec=1, fbcca_scores=[0.10597843865160671, 0.05833044468909514, 0.05419535232290035, 0.021239585713243574], fbcca_probs=[0.26165979949008283, 0.24948460024468297, 0.24845508840896163, 0.2404005118562725], cca_quad=1, cca_conf=0.2591, cca_ratio=1.2196, cca_scores=[0.11319921561690699, 0.13805561645706144, 0.10435073001486961, 0.0518442188249976], cca_probs=[0.252726428278724, 0.2590870209203691, 0.25050004669585835, 0.2376865041050485]"
2026 06 19 17:12:10.964289,SSVEP_UPDATE,"fbcca_quad=2, fbcca_conf=0.2811, fbcca_ratio=1.9492, fbcca_consec=1, fbcca_scores=[0.12935571996416548, 0.08243418897287377, 0.2521465676798541, 0.06437910325887732], fbcca_probs=[0.24863873025244584, 0.23724169447694507, 0.28112286284847604, 0.23299671242213305], cca_quad=2, cca_conf=0.2686, cca_ratio=1.4235, cca_scores=[0.1799290566876597, 0.17196292473216032, 0.25612438294164075, 0.12499882315247131], cca_probs=[0.24889304561443218, 0.24691820712572848, 0.2685987404482874, 0.2355900068115519]"
2026 06 19 17:12:12.003339,SSVEP_UPDATE,"fbcca_quad=2, fbcca_conf=0.3418, fbcca_ratio=3.5431, fbcca_consec=2, fbcca_scores=[0.1435215074015059, 0.021860978204297186, 0.5085125025996401, 0.02584057667797228], fbcca_probs=[0.2372518871910486, 0.21007442290115078, 0.34176158944928886, 0.21091210045851183], cca_quad=2, cca_conf=0.3051, cca_ratio=1.9838, cca_scores=[0.19332487566481624, 0.06680583007804965, 0.38352395596719857, 0.058526820203772124], cca_probs=[0.2522360665321119, 0.22225966830452704, 0.3050770907629291, 0.220427174400432]"
2026 06 19 17:12:13.020150,SSVEP_UPDATE,"fbcca_quad=2, fbcca_conf=0.4144, fbcca_ratio=6.4461, fbcca_consec=3, fbcca_scores=[0.12496791362688307, 0.0183377112288671, 0.805559340156472, 0.010887211543493296], fbcca_probs=[0.20981561772974097, 0.188594448005531, 0.4143953876764927, 0.1871945465882354], cca_quad=2, cca_conf=0.3342, cca_ratio=2.6870, cca_scores=[0.19209691199364762, 0.08074285480273763, 0.5161562900851455, 0.04083867804531691], cca_probs=[0.2417223954723612, 0.21625015971230105, 0.33423666491639437, 0.20779077989894332]"
2026 06 19 17:12:14.051006,SSVEP_UPDATE,"fbcca_quad=2, fbcca_conf=0.4059, fbcca_ratio=5.5991, fbcca_consec=4, fbcca_scores=[0.13858052538374413, 0.01626323877852671, 0.7759301634588848, 0.014748337457611248], fbcca_probs=[0.2145988675603765, 0.1898915778901919, 0.4059054258778429, 0.1896041286715887], cca_quad=2, cca_conf=0.3251, cca_ratio=2.3330, cca_scores=[0.2066925524997975, 0.07276615818370286, 0.4822235402969446, 0.05536098555701766], cca_probs=[0.24682539271308052, 0.21588692607871524, 0.32512579284537757, 0.21216188836282668]"
2026 06 19 17:12:14.051006,SSVEP_CONFIRMED,"fbcca_quad=2, fbcca_conf=0.4059, fbcca_ratio=5.5991, fbcca_consec=4, fbcca_scores=[0.13858052538374413, 0.01626323877852671, 0.7759301634588848, 0.014748337457611248], fbcca_probs=[0.2145988675603765, 0.1898915778901919, 0.4059054258778429, 0.1896041286715887], cca_quad=2, cca_conf=0.3251, cca_ratio=2.3330, cca_scores=[0.2066925524997975, 0.07276615818370286, 0.4822235402969446, 0.05536098555701766], cca_probs=[0.24682539271308052, 0.21588692607871524, 0.32512579284537757, 0.21216188836282668]"
2026 06 19 17:12:14.051006,SELECTION,"quad=2, result=navigate, output='Print CI'"
2026 06 19 17:12:17.058014,PHASE_SSVEP,
2026 06 19 17:12:17.190014,SSVEP_UPDATE,"fbcca_quad=2, fbcca_conf=0.2596, fbcca_ratio=1.9778, fbcca_consec=1, fbcca_scores=[0.0272349362354446, 0.04384763676663898, 0.0867205233876311, 0.03715390592752019], fbcca_probs=[0.24461778201554962, 0.24871548670262886, 0.25961051953726577, 0.24705621174455575], cca_quad=2, cca_conf=0.2523, cca_ratio=1.0402, cca_scores=[0.0741762204667302, 0.09656398568957132, 0.10044982238177315, 0.09353583779652981], cca_probs=[0.24577208859100566, 0.2513364305922247, 0.25231498293227866, 0.25057649788449105]"
2026 06 19 17:12:18.212169,SSVEP_UPDATE,"fbcca_quad=1, fbcca_conf=0.2595, fbcca_ratio=1.3494, fbcca_consec=1, fbcca_scores=[0.00777300048155215, 0.0814931292657108, 0.026217499902296194, 0.06039078567798461], fbcca_probs=[0.2410133454048248, 0.2594521871861258, 0.24549996545015712, 0.25403450195889227], cca_quad=1, cca_conf=0.2632, cca_ratio=1.5890, cca_scores=[0.0518711590706661, 0.14444207685832378, 0.0826325086205417, 0.09090279911139945], cca_probs=[0.23992128549408362, 0.26319147529383696, 0.24741627500932964, 0.2494709642027497]"
2026 06 19 17:12:19.219073,SSVEP_UPDATE,"fbcca_quad=2, fbcca_conf=0.2707, fbcca_ratio=1.8247, fbcca_consec=1, fbcca_scores=[0.03655032621110615, 0.08773587576314078, 0.16009318447158538, 0.032490339016111924], fbcca_probs=[0.23923645806431837, 0.25180071890535466, 0.2706956928614116, 0.23826713016891535], cca_quad=1, cca_conf=0.2604, cca_ratio=1.0132, cca_scores=[0.09419536836967415, 0.1759447305305507, 0.17364602920438194, 0.09431571324508961], cca_probs=[0.23992343877094438, 0.26036102602471545, 0.25976322113958566, 0.23995231406475448]"
2026 06 19 17:12:20.252338,SSVEP_UPDATE,"fbcca_quad=2, fbcca_conf=0.3139, fbcca_ratio=6.8607, fbcca_consec=2, fbcca_scores=[0.02799535737979361, 0.05044538921938251, 0.346088385234166, 0.008724227252879153], fbcca_probs=[0.2284084663759606, 0.23359423626589956, 0.3139483786361211, 0.2240489187220188], cca_quad=2, cca_conf=0.2854, cca_ratio=1.9958, cca_scores=[0.08797684907991228, 0.13306355495228764, 0.2655730416977678, 0.0308119268139927], cca_probs=[0.23895434738514873, 0.24997457793540695, 0.2853934376266667, 0.2256776370527777]"
2026 06 19 17:12:21.272728,SSVEP_UPDATE,"fbcca_quad=2, fbcca_conf=0.3770, fbcca_ratio=10.4107, fbcca_consec=3, fbcca_scores=[0.06059839713164437, 0.033121768458279285, 0.6308707234721241, 0.009016227933702773], fbcca_probs=[0.21315727377145266, 0.20738016174722246, 0.37702164292879864, 0.20244092155252633], cca_quad=2, cca_conf=0.3094, cca_ratio=2.9272, cca_scores=[0.13437088090086158, 0.1107480056775127, 0.3933354949032909, 0.046281804918035005], cca_probs=[0.2387819507023133, 0.23320733790235548, 0.30936301999993787, 0.21864769139539342]"
2026 06 19 17:12:22.298658,SSVEP_UPDATE,"fbcca_quad=2, fbcca_conf=0.4090, fbcca_ratio=12.0553, fbcca_consec=4, fbcca_scores=[0.06311970143551053, 0.021515084081952508, 0.760925872812267, 0.005559436204512667], fbcca_probs=[0.20355597253619995, 0.19526085821456865, 0.4090131011814287, 0.1921700680678027], cca_quad=2, cca_conf=0.3148, cca_ratio=2.7885, cca_scores=[0.14734563313880847, 0.08303756929492945, 0.41086789021435505, 0.037332966620714274], cca_probs=[0.24183532918011172, 0.22677287654821168, 0.31475019538357124, 0.21664159888810522]"
2026 06 19 17:12:22.299316,SSVEP_CONFIRMED,"fbcca_quad=2, fbcca_conf=0.4090, fbcca_ratio=12.0553, fbcca_consec=4, fbcca_scores=[0.06311970143551053, 0.021515084081952508, 0.760925872812267, 0.005559436204512667], fbcca_probs=[0.20355597253619995, 0.19526085821456865, 0.4090131011814287, 0.1921700680678027], cca_quad=2, cca_conf=0.3148, cca_ratio=2.7885, cca_scores=[0.14734563313880847, 0.08303756929492945, 0.41086789021435505, 0.037332966620714274], cca_probs=[0.24183532918011172, 0.22677287654821168, 0.31475019538357124, 0.21664159888810522]"
2026 06 19 17:12:22.299316,SELECTION,"quad=2, result=char, output='Print CIR'"
2026 06 19 17:12:25.304564,PHASE_SSVEP,
2026 06 19 17:12:25.419289,SSVEP_UPDATE,"fbcca_quad=2, fbcca_conf=0.2731, fbcca_ratio=2.1993, fbcca_consec=1, fbcca_scores=[0.03621832543628919, 0.07406351011451806, 0.1628862936773502, 0.01866960702645302], fbcca_probs=[0.24060353665335243, 0.24988371943969914, 0.2730946588993381, 0.2364180850076103], cca_quad=2, cca_conf=0.2660, cca_ratio=1.2505, cca_scores=[0.08497639436442704, 0.14375760569590698, 0.17977500809570685, 0.057659676151199206], cca_probs=[0.24195302873232188, 0.2566016346293455, 0.2660122139682582, 0.23543312267007444]"
2026 06 19 17:12:26.471008,SSVEP_UPDATE,"fbcca_quad=2, fbcca_conf=0.2534, fbcca_ratio=1.1202, fbcca_consec=2, fbcca_scores=[0.06122521993968628, 0.061681578105249234, 0.0690966433253942, 0.02997138495963324], fbcca_probs=[0.25140861327858793, 0.2515233718356611, 0.25339536594407297, 0.24367264894167812], cca_quad=1, cca_conf=0.2574, cca_ratio=1.1423, cca_scores=[0.11195806051326013, 0.12788412930380547, 0.09920789366546537, 0.054102807022958326], cca_probs=[0.2533460114511759, 0.2574131180021127, 0.25013631311203005, 0.23910455743468134]"
2026 06 19 17:12:27.507927,SSVEP_UPDATE,"fbcca_quad=3, fbcca_conf=0.2550, fbcca_ratio=1.0242, fbcca_consec=1, fbcca_scores=[0.02263192851125979, 0.05901875147167992, 0.02007930086521898, 0.0604476219474027], fbcca_probs=[0.24551641848412725, 0.2546145023198531, 0.24489050568776755, 0.2549785735082521], cca_quad=0, cca_conf=0.2520, cca_ratio=1.0207, cca_scores=[0.09397791913789455, 0.090591603454943, 0.06737172056074352, 0.09207608407607554], cca_probs=[0.25198666210391396, 0.25113479887108503, 0.24537065856401744, 0.25150788046098355]"
2026 06 19 17:12:28.587155,SSVEP_UPDATE,"fbcca_quad=1, fbcca_conf=0.2527, fbcca_ratio=1.0506, fbcca_consec=1, fbcca_scores=[0.03255278581801877, 0.053577432771109074, 0.05099673876493579, 0.03350559956885462], fbcca_probs=[0.24747479301275266, 0.25273294486932907, 0.25208155934821525, 0.24771070276970303], cca_quad=0, cca_conf=0.2527, cca_ratio=1.0077, cca_scores=[0.10449911530110187, 0.10370279155709003, 0.0914823428277179, 0.07442808248422364], cca_probs=[0.2527391761290498, 0.25253799403572647, 0.24947064678020978, 0.2452521830550138]"
2026 06 19 17:12:29.618204,SSVEP_UPDATE,"fbcca_quad=1, fbcca_conf=0.2727, fbcca_ratio=2.8412, fbcca_consec=2, fbcca_scores=[0.032921243636150434, 0.157444628203912, 0.030356741904411427, 0.05541545233149903], fbcca_probs=[0.24080159572847726, 0.27273393551083575, 0.2401848507789822, 0.2462796179817047], cca_quad=1, cca_conf=0.2689, cca_ratio=1.6543, cca_scores=[0.11246038424623298, 0.18604830134548217, 0.06938835030358971, 0.08056338592416012], cca_probs=[0.24982437978922545, 0.2689017596842107, 0.23929238112202833, 0.24198147940453557]"
2026 06 19 17:12:30.629951,SSVEP_UPDATE,"fbcca_quad=1, fbcca_conf=0.2869, fbcca_ratio=2.7802, fbcca_consec=3, fbcca_scores=[0.048249919919980365, 0.2548157681866618, 0.059595081732454966, 0.09165421037703428], fbcca_probs=[0.23336033004254958, 0.28690455174599594, 0.2360229159223282, 0.24371220228912632], cca_quad=1, cca_conf=0.2769, cca_ratio=2.2124, cca_scores=[0.10990795689230146, 0.24315584191942619, 0.0992657165392746, 0.10417287574673302], cca_probs=[0.24235205376279226, 0.2768952626892538, 0.23978656046808572, 0.24096612307986826]"
2026 06 19 17:12:31.648598,SSVEP_UPDATE,"fbcca_quad=1, fbcca_conf=0.3235, fbcca_ratio=4.3812, fbcca_consec=4, fbcca_scores=[0.06885379654584668, 0.44808428006794515, 0.09011859822467652, 0.10227495061576425], fbcca_probs=[0.22140360973697937, 0.32350604752169143, 0.22616212875839936, 0.22892821398292976], cca_quad=1, cca_conf=0.2947, cca_ratio=2.3970, cca_scores=[0.1282741383576003, 0.360603330548654, 0.1255616673351243, 0.15044002820654742], cca_probs=[0.23357721351944907, 0.29466581789599927, 0.2329445005919396, 0.238812467992612]"
2026 06 19 17:12:31.648598,SSVEP_CONFIRMED,"fbcca_quad=1, fbcca_conf=0.3235, fbcca_ratio=4.3812, fbcca_consec=4, fbcca_scores=[0.06885379654584668, 0.44808428006794515, 0.09011859822467652, 0.10227495061576425], fbcca_probs=[0.22140360973697937, 0.32350604752169143, 0.22616212875839936, 0.22892821398292976], cca_quad=1, cca_conf=0.2947, cca_ratio=2.3970, cca_scores=[0.1282741383576003, 0.360603330548654, 0.1255616673351243, 0.15044002820654742], cca_probs=[0.23357721351944907, 0.29466581789599927, 0.2329445005919396, 0.238812467992612]"
2026 06 19 17:12:31.648598,SELECTION,"quad=1, result=navigate, output='Print CIR'"
2026 06 19 17:12:34.656382,PHASE_SSVEP,
2026 06 19 17:12:34.690101,SSVEP_UPDATE,"fbcca_quad=1, fbcca_conf=0.2630, fbcca_ratio=1.5281, fbcca_consec=1, fbcca_scores=[0.02794301075544365, 0.12319706370996546, 0.08062227312856066, 0.055387047945488765], fbcca_probs=[0.23912839460961482, 0.26302647080905117, 0.25206320914406377, 0.2457819254372702], cca_quad=1, cca_conf=0.2646, cca_ratio=1.5864, cca_scores=[0.08220346274650255, 0.16389354543918092, 0.0766296452279711, 0.1033127875639166], cca_probs=[0.24384921741919627, 0.2646055312274886, 0.24249382723707605, 0.24905142411623907]"
2026 06 19 17:12:35.727942,SSVEP_UPDATE,"fbcca_quad=0, fbcca_conf=0.2597, fbcca_ratio=1.5710, fbcca_consec=1, fbcca_scores=[0.1042060079688173, 0.049923971565476226, 0.06633231929505783, 0.043317154260218656], fbcca_probs=[0.2596777146051732, 0.2459576253727057, 0.25002667551798435, 0.2443379845041367], cca_quad=0, cca_conf=0.2641, cca_ratio=1.6585, cca_scores=[0.17016700281297223, 0.1026052042009864, 0.08923393045440403, 0.0965959136153161], cca_probs=[0.26413132516504184, 0.2468756144730756, 0.24359654457673552, 0.245396515785147]"
2026 06 19 17:12:36.752823,SSVEP_UPDATE,"fbcca_quad=0, fbcca_conf=0.2866, fbcca_ratio=2.5649, fbcca_consec=2, fbcca_scores=[0.23885652737231733, 0.038839248112456135, 0.09312376693359348, 0.02264722348075482], fbcca_probs=[0.2866420269338165, 0.2346785874679915, 0.24777012076297822, 0.2309092648352137], cca_quad=0, cca_conf=0.2911, cca_ratio=2.3678, cca_scores=[0.3014252135930126, 0.10166551757900634, 0.12730136292066035, 0.04725791308150709], cca_probs=[0.2911477352413824, 0.23842889306089773, 0.24462024042617317, 0.2258031312715467]"
2026 06 19 17:12:37.768013,SSVEP_UPDATE,"fbcca_quad=0, fbcca_conf=0.3152, fbcca_ratio=3.9028, fbcca_consec=3, fbcca_scores=[0.38712375064568516, 0.05765113862957868, 0.09919221445998463, 0.035356670551552886], fbcca_probs=[0.31520287850311, 0.2267263714407981, 0.23634319246736854, 0.22172755758872326], cca_quad=0, cca_conf=0.2993, cca_ratio=2.3156, cca_scores=[0.3692139722139879, 0.12988103276668433, 0.15944883960204634, 0.07227120588239082], cca_probs=[0.29931033331601814, 0.2356029563233139, 0.2426732301770432, 0.22241348018362472]"
2026 06 19 17:12:38.787997,SSVEP_UPDATE,"fbcca_quad=0, fbcca_conf=0.3489, fbcca_ratio=6.5256, fbcca_consec=4, fbcca_scores=[0.5363107352888838, 0.05945947910251479, 0.08218571371083924, 0.04220139989551888], fbcca_probs=[0.3489363399529182, 0.2165969476508334, 0.22157574102559988, 0.2128909713706486], cca_quad=0, cca_conf=0.3125, cca_ratio=2.5221, cca_scores=[0.44278491414737514, 0.14006474810392314, 0.17556448074926612, 0.07974248482630807], cca_probs=[0.3125129847764406, 0.2308864089780861, 0.2392300368240156, 0.21737056942145763]"
2026 06 19 17:12:38.787997,SSVEP_CONFIRMED,"fbcca_quad=0, fbcca_conf=0.3489, fbcca_ratio=6.5256, fbcca_consec=4, fbcca_scores=[0.5363107352888838, 0.05945947910251479, 0.08218571371083924, 0.04220139989551888], fbcca_probs=[0.3489363399529182, 0.2165969476508334, 0.22157574102559988, 0.2128909713706486], cca_quad=0, cca_conf=0.3125, cca_ratio=2.5221, cca_scores=[0.44278491414737514, 0.14006474810392314, 0.17556448074926612, 0.07974248482630807], cca_probs=[0.3125129847764406, 0.2308864089780861, 0.2392300368240156, 0.21737056942145763]"
2026 06 19 17:12:38.787997,SELECTION,"quad=0, result=navigate, output='Print CIR'"
2026 06 19 17:12:41.796218,PHASE_SSVEP,
2026 06 19 17:12:41.828365,SSVEP_UPDATE,"fbcca_quad=0, fbcca_conf=0.2567, fbcca_ratio=1.0507, fbcca_consec=1, fbcca_scores=[0.10249401603427401, 0.09755004021916806, 0.07203860528230849, 0.03001222559916256], fbcca_probs=[0.25672922000150233, 0.25546308938534706, 0.24902828889352077, 0.23877940171962989], cca_quad=1, cca_conf=0.2681, cca_ratio=1.6167, cca_scores=[0.13058828659371158, 0.21112212286323426, 0.12607046783937964, 0.0929959809772973], cca_probs=[0.2473739153244756, 0.26812005736454697, 0.24625884554867394, 0.2382471817623035]"
2026 06 19 17:12:42.845162,SSVEP_UPDATE,"fbcca_quad=0, fbcca_conf=0.2700, fbcca_ratio=2.1306, fbcca_consec=2, fbcca_scores=[0.15340233432291195, 0.058626889117858495, 0.07200106295718384, 0.016168734409927353], fbcca_probs=[0.27003909965270484, 0.2456213977426957, 0.24892844624176483, 0.23541105636283466], cca_quad=1, cca_conf=0.2589, cca_ratio=1.0143, cca_scores=[0.16898988031889212, 0.17140863903767486, 0.13970541789890048, 0.06183778202472027], cca_probs=[0.25826773933347025, 0.2588931827732257, 0.250814176872619, 0.23202490102068504]"
2026 06 19 17:12:43.862227,SSVEP_UPDATE,"fbcca_quad=0, fbcca_conf=0.3046, fbcca_ratio=4.8794, fbcca_consec=3, fbcca_scores=[0.30824211885436464, 0.024096371694537825, 0.06317183753383177, 0.01698645818646443], fbcca_probs=[0.3046336859539951, 0.22928465761705286, 0.2384214113370571, 0.22766024509189484], cca_quad=0, cca_conf=0.2869, cca_ratio=2.4190, cca_scores=[0.2690463451855312, 0.094876650666967, 0.11122297314938298, 0.03571969940002243], cca_probs=[0.2868576357344486, 0.24100468073381134, 0.24497659562403346, 0.22716108790770656]"
2026 06 19 17:12:44.883956,SSVEP_UPDATE,"fbcca_quad=0, fbcca_conf=0.3357, fbcca_ratio=5.4567, fbcca_consec=4, fbcca_scores=[0.4938229665892521, 0.06416672451595534, 0.09049889635668246, 0.07827017566488088], fbcca_probs=[0.33570524118649303, 0.2184543950621782, 0.22428317921066698, 0.2215571845406618], cca_quad=0, cca_conf=0.3068, cca_ratio=2.8263, cca_scores=[0.40397198178939814, 0.11164554866341407, 0.1429346506409395, 0.10603595459102241], cca_probs=[0.3068307459516985, 0.22905676302547037, 0.23633704625981142, 0.22777544476301972]"
2026 06 19 17:12:44.883956,SSVEP_CONFIRMED,"fbcca_quad=0, fbcca_conf=0.3357, fbcca_ratio=5.4567, fbcca_consec=4, fbcca_scores=[0.4938229665892521, 0.06416672451595534, 0.09049889635668246, 0.07827017566488088], fbcca_probs=[0.33570524118649303, 0.2184543950621782, 0.22428317921066698, 0.2215571845406618], cca_quad=0, cca_conf=0.3068, cca_ratio=2.8263, cca_scores=[0.40397198178939814, 0.11164554866341407, 0.1429346506409395, 0.10603595459102241], cca_probs=[0.3068307459516985, 0.22905676302547037, 0.23633704625981142, 0.22777544476301972]"
2026 06 19 17:12:44.883956,SELECTION,"quad=0, result=navigate, output='Print CIR'"
2026 06 19 17:12:47.895475,PHASE_SSVEP,
2026 06 19 17:12:47.928273,SSVEP_UPDATE,"fbcca_quad=0, fbcca_conf=0.2697, fbcca_ratio=2.0207, fbcca_consec=1, fbcca_scores=[0.16611895848017777, 0.08220973009870172, 0.04434826982674296, 0.0647435865398255], fbcca_probs=[0.2696537201608728, 0.24795056449082553, 0.2387382895833308, 0.24365742576497074], cca_quad=0, cca_conf=0.2666, cca_ratio=1.4515, cca_scores=[0.21657756107101026, 0.14920559133914593, 0.13753503783738252, 0.10312323036038287], cca_probs=[0.26655343474332693, 0.24918678588879972, 0.24629554219523792, 0.2379642371726354]"
2026 06 19 17:12:48.951723,SSVEP_UPDATE,"fbcca_quad=0, fbcca_conf=0.2703, fbcca_ratio=3.2006, fbcca_consec=2, fbcca_scores=[0.1433140448730919, 0.04255294732162718, 0.026256580026424378, 0.044777148735493044], fbcca_probs=[0.2702815677940623, 0.24437481207698344, 0.2404246643311459, 0.2449189557978084], cca_quad=0, cca_conf=0.2646, cca_ratio=1.5875, cca_scores=[0.17156439281106467, 0.10807014590696823, 0.07331079721467476, 0.10341260492887695], cca_probs=[0.26461906521992995, 0.24833957289970848, 0.23985575131843284, 0.24718561056192878]"
2026 06 19 17:12:49.973787,SSVEP_UPDATE,"fbcca_quad=2, fbcca_conf=0.2707, fbcca_ratio=1.6613, fbcca_consec=1, fbcca_scores=[0.10487484323198999, 0.06301679919189412, 0.17422735853363291, 0.03039164453194678], fbcca_probs=[0.25258629739131716, 0.24223175135546116, 0.27072552303003006, 0.23445642822319165], cca_quad=2, cca_conf=0.2743, cca_ratio=1.6660, cca_scores=[0.15501576686144383, 0.15571461265841824, 0.2594156582940404, 0.08824576479852604], cca_probs=[0.24714829958357398, 0.2473210784998452, 0.2743455521526151, 0.23118506976396574]"
2026 06 19 17:12:50.996402,SSVEP_UPDATE,"fbcca_quad=2, fbcca_conf=0.2729, fbcca_ratio=2.1047, fbcca_consec=2, fbcca_scores=[0.017777654053094658, 0.07385736681024344, 0.15544621983180398, 0.01780605986859045], fbcca_probs=[0.23779485041553178, 0.2515113308665521, 0.2728922134497994, 0.23780160526811664], cca_quad=2, cca_conf=0.2883, cca_ratio=1.7825, cca_scores=[0.0863221753668012, 0.16345059795912, 0.29135068080578574, 0.03539174491214568], cca_probs=[0.2348473205096934, 0.25367756351706616, 0.2882891900578817, 0.22318592591535877]"
2026 06 19 17:12:52.016502,SSVEP_UPDATE,"fbcca_quad=2, fbcca_conf=0.2883, fbcca_ratio=2.7089, fbcca_consec=3, fbcca_scores=[0.02087509047441057, 0.08709582813617985, 0.23593486096327948, 0.013302962631584085], fbcca_probs=[0.2325119066572234, 0.24843026261378243, 0.2882998849653191, 0.23075794576367506], cca_quad=2, cca_conf=0.2941, cca_ratio=2.0266, cca_scores=[0.09609849235802012, 0.15822878717145422, 0.32066884335112467, 0.03493162913607547], cca_probs=[0.23493193446196267, 0.24999130228980823, 0.29408421814573754, 0.2209925451024915]"
2026 06 19 17:12:53.048959,SSVEP_UPDATE,"fbcca_quad=2, fbcca_conf=0.3267, fbcca_ratio=6.0818, fbcca_consec=4, fbcca_scores=[0.06918484481744512, 0.05514244067728134, 0.4207707147345215, 0.011108060175268435], fbcca_probs=[0.22983470446715334, 0.2266298274147179, 0.3266686140116669, 0.2168668541064619], cca_quad=2, cca_conf=0.3094, cca_ratio=2.9564, cca_scores=[0.13115554488471096, 0.1348146330280801, 0.3985644104307292, 0.04027107583784801], cca_probs=[0.23677810127444182, 0.23764608025478043, 0.30936824122948725, 0.21620757724129047]"
2026 06 19 17:12:53.048959,SSVEP_CONFIRMED,"fbcca_quad=2, fbcca_conf=0.3267, fbcca_ratio=6.0818, fbcca_consec=4, fbcca_scores=[0.06918484481744512, 0.05514244067728134, 0.4207707147345215, 0.011108060175268435], fbcca_probs=[0.22983470446715334, 0.2266298274147179, 0.3266686140116669, 0.2168668541064619], cca_quad=2, cca_conf=0.3094, cca_ratio=2.9564, cca_scores=[0.13115554488471096, 0.1348146330280801, 0.3985644104307292, 0.04027107583784801], cca_probs=[0.23677810127444182, 0.23764608025478043, 0.30936824122948725, 0.21620757724129047]"
2026 06 19 17:12:53.048959,SELECTION,"quad=2, result=char, output='Print CIRC'"
2026 06 19 17:12:56.065429,PHASE_SSVEP,
2026 06 19 17:12:56.181393,SSVEP_UPDATE,"fbcca_quad=2, fbcca_conf=0.2544, fbcca_ratio=1.2526, fbcca_consec=1, fbcca_scores=[0.07267339505284598, 0.07251032254836212, 0.09102781901771517, 0.05808709874874881], fbcca_probs=[0.24975770936788153, 0.2497169840733789, 0.25438419662634837, 0.2461411099323913], cca_quad=2, cca_conf=0.2597, cca_ratio=1.1372, cca_scores=[0.11878083343921587, 0.1633261625780413, 0.18574080465824858, 0.12102276794274007], cca_probs=[0.24289239200882207, 0.2539567160286645, 0.25971334024156245, 0.2434375517209511]"
2026 06 19 17:12:57.198530,SSVEP_UPDATE,"fbcca_quad=2, fbcca_conf=0.2617, fbcca_ratio=1.1913, fbcca_consec=2, fbcca_scores=[0.0282067227007435, 0.10541771173429883, 0.12558328649565353, 0.0568346322415021], fbcca_probs=[0.23744018716823387, 0.2564995056422176, 0.26172447075178584, 0.24433583643776266], cca_quad=2, cca_conf=0.2616, cca_ratio=1.1650, cca_scores=[0.09159329422931496, 0.15398680194364558, 0.17939447491753577, 0.10898799513694904], cca_probs=[0.23959561954882005, 0.255021050170086, 0.2615835576039765, 0.24379977267711747]"
2026 06 19 17:12:58.231954,SSVEP_UPDATE,"fbcca_quad=1, fbcca_conf=0.3002, fbcca_ratio=3.6127, fbcca_consec=1, fbcca_scores=[0.09065673503236008, 0.3275176272763103, 0.07395859064769711, 0.06051054423942927], fbcca_probs=[0.23691018010899698, 0.30022793655014873, 0.23298706524037166, 0.2298748181004828], cca_quad=1, cca_conf=0.2775, cca_ratio=1.8588, cca_scores=[0.15586746705341978, 0.2897239440258718, 0.15159081740026076, 0.13678245675855097], cca_probs=[0.2427150788799809, 0.277478850948075, 0.24167928795820995, 0.2381267822137341]"
2026 06 19 17:12:59.238093,SSVEP_UPDATE,"fbcca_quad=1, fbcca_conf=0.3678, fbcca_ratio=9.8070, fbcca_consec=2, fbcca_scores=[0.025941521894404462, 0.6000180586408485, 0.061182934018715586, 0.04129595238121835], fbcca_probs=[0.20717518798266824, 0.3678375096683637, 0.21460651020952826, 0.21038079213943975], cca_quad=1, cca_conf=0.3166, cca_ratio=3.1416, cca_scores=[0.09942005622736647, 0.4476359501509317, 0.14248690725401697, 0.11279458452595588], cca_probs=[0.22351313017509195, 0.31661485103854736, 0.23334942571371903, 0.22652259307264166]"
2026 06 19 17:13:00.267634,SSVEP_UPDATE,"fbcca_quad=1, fbcca_conf=0.3855, fbcca_ratio=14.4700, fbcca_consec=3, fbcca_scores=[0.04410999350992847, 0.6716498801836455, 0.0464166931081376, 0.02787525101952341], fbcca_probs=[0.20579507343221556, 0.38545358017755765, 0.2062703287703331, 0.2024810176198938], cca_quad=1, cca_conf=0.3195, cca_ratio=3.5302, cca_scores=[0.12413614626652823, 0.43822384916365476, 0.09743419910370123, 0.06406155844546356], cca_probs=[0.23340733582136347, 0.3195369295263186, 0.22725737878922886, 0.21979835586308902]"
2026 06 19 17:13:01.286542,SSVEP_UPDATE,"fbcca_quad=1, fbcca_conf=0.3716, fbcca_ratio=16.3917, fbcca_consec=4, fbcca_scores=[0.03689772837294798, 0.604816812843831, 0.029889986345575367, 0.028105337778231217], fbcca_probs=[0.21057711287318848, 0.3715825335418757, 0.20910660129008912, 0.2087337522948466], cca_quad=1, cca_conf=0.3109, cca_ratio=3.1643, cca_scores=[0.1296708733803803, 0.41031722554369215, 0.10223356332118277, 0.09058510301918579], cca_probs=[0.2348195504575314, 0.3108976321591131, 0.22846431757433355, 0.22581849980902202]"
2026 06 19 17:13:01.286542,SSVEP_CONFIRMED,"fbcca_quad=1, fbcca_conf=0.3716, fbcca_ratio=16.3917, fbcca_consec=4, fbcca_scores=[0.03689772837294798, 0.604816812843831, 0.029889986345575367, 0.028105337778231217], fbcca_probs=[0.21057711287318848, 0.3715825335418757, 0.20910660129008912, 0.2087337522948466], cca_quad=1, cca_conf=0.3109, cca_ratio=3.1643, cca_scores=[0.1296708733803803, 0.41031722554369215, 0.10223356332118277, 0.09058510301918579], cca_probs=[0.2348195504575314, 0.3108976321591131, 0.22846431757433355, 0.22581849980902202]"
2026 06 19 17:13:01.286542,SELECTION,"quad=1, result=navigate, output='Print CIRC'"
2026 06 19 17:13:04.292409,PHASE_SSVEP,
2026 06 19 17:13:04.321764,SSVEP_UPDATE,"fbcca_quad=2, fbcca_conf=0.2790, fbcca_ratio=6.1516, fbcca_consec=1, fbcca_scores=[0.028396169022503446, 0.02265088662999222, 0.17468059533301816, 0.02501843666551648], fbcca_probs=[0.2410553677153179, 0.23967440735776685, 0.2790277041644086, 0.2402425207625066], cca_quad=2, cca_conf=0.2707, cca_ratio=1.9470, cca_scores=[0.09626437011874057, 0.07243551723569383, 0.18742751194708313, 0.07143101092865366], cca_probs=[0.24707384463102589, 0.2412559504954387, 0.27065647582512736, 0.24101372904840812]"
2026 06 19 17:13:05.345247,SSVEP_UPDATE,"fbcca_quad=2, fbcca_conf=0.2781, fbcca_ratio=3.2512, fbcca_consec=2, fbcca_scores=[0.02289389145198901, 0.05877240816439384, 0.1910798302630178, 0.05668990293068026], fbcca_probs=[0.23506955224288084, 0.24365662365886157, 0.27812408865152666, 0.2431497354467309], cca_quad=2, cca_conf=0.2643, cca_ratio=1.4463, cca_scores=[0.08236704522937838, 0.12670458126757506, 0.18324935514113438, 0.11565140763193352], cca_probs=[0.23893001010322332, 0.24976193403873376, 0.26429158286336796, 0.24701647299467502]"
2026 06 19 17:13:06.379144,SSVEP_UPDATE,"fbcca_quad=1, fbcca_conf=0.2839, fbcca_ratio=1.7793, fbcca_consec=1, fbcca_scores=[0.03997441261013602, 0.26747202477633847, 0.15032564022519795, 0.08906112547564904], fbcca_probs=[0.22611971860998928, 0.2838830051377776, 0.25250115298787246, 0.23749612326436068], cca_quad=1, cca_conf=0.2740, cca_ratio=1.6974, cca_scores=[0.12417911822055809, 0.2539369699233027, 0.14959929909063735, 0.11578653777725256], cca_probs=[0.24061938012809594, 0.27395783321250355, 0.24681437363008213, 0.23860841302931846]"
2026 06 19 17:13:07.395269,SSVEP_UPDATE,"fbcca_quad=1, fbcca_conf=0.3537, fbcca_ratio=3.5717, fbcca_consec=2, fbcca_scores=[0.03594826696421776, 0.5737248734070846, 0.16062948209676206, 0.03207238667270392], fbcca_probs=[0.20656399893199096, 0.35367799941432215, 0.2339930705082206, 0.20576493114546615], cca_quad=1, cca_conf=0.3119, cca_ratio=2.9952, cca_scores=[0.11454582064906549, 0.4150457195946444, 0.13856929757568864, 0.0685935546486415], cca_probs=[0.23095031255590973, 0.3119061961285667, 0.23656572283575472, 0.2205777684797689]"
2026 06 19 17:13:08.418037,SSVEP_UPDATE,"fbcca_quad=1, fbcca_conf=0.3464, fbcca_ratio=5.8774, fbcca_consec=3, fbcca_scores=[0.041366732321615994, 0.5302936207949562, 0.06764362631875914, 0.09022654169021634], fbcca_probs=[0.2124376369950353, 0.3463934822381918, 0.21809382635638702, 0.2230750544103859], cca_quad=1, cca_conf=0.3059, cca_ratio=2.4559, cca_scores=[0.11349566446881663, 0.4041864736825983, 0.09597597267794009, 0.1645782670073534], cca_probs=[0.2287076740198223, 0.3058624419108489, 0.22473568169771788, 0.240694202371611]"
2026 06 19 17:13:09.440243,SSVEP_UPDATE,"fbcca_quad=1, fbcca_conf=0.2693, fbcca_ratio=2.5771, fbcca_consec=4, fbcca_scores=[0.056886934620372316, 0.1466005006274182, 0.0392730667896245, 0.042751645452732315], fbcca_probs=[0.24616200119615977, 0.26926699306727075, 0.24186409870288944, 0.24270690703368006], cca_quad=1, cca_conf=0.2711, cca_ratio=1.7798, cca_scores=[0.12485705110450243, 0.22222041579812749, 0.10615584226846447, 0.10640967296378467], cca_probs=[0.24597491987669604, 0.2711285177506098, 0.2414176376939629, 0.24147892467873125]"
2026 06 19 17:13:10.462364,SSVEP_UPDATE,"fbcca_quad=1, fbcca_conf=0.2620, fbcca_ratio=2.6662, fbcca_consec=5, fbcca_scores=[0.02520190752084855, 0.08841330248517862, 0.033161394604394406, 0.01780711493588334], fbcca_probs=[0.24594947446221857, 0.2619981706373813, 0.24791491771102758, 0.2441374371893726], cca_quad=1, cca_conf=0.2729, cca_ratio=2.0064, cca_scores=[0.09460312715599031, 0.20431265988446537, 0.10183132050150635, 0.05979421637966509], cca_probs=[0.2445586790890199, 0.27291620566759267, 0.24633280062821328, 0.23619231461517415]"
2026 06 19 17:13:11.498032,SSVEP_UPDATE,"fbcca_quad=1, fbcca_conf=0.3542, fbcca_ratio=7.7736, fbcca_consec=6, fbcca_scores=[0.02467958848051542, 0.5337324700419362, 0.01353476992103353, 0.0686597709615325], fbcca_probs=[0.2128749578214456, 0.3541631994897679, 0.21051567634255994, 0.22244616634622674], cca_quad=1, cca_conf=0.3250, cca_ratio=4.0862, cca_scores=[0.09443111307395087, 0.448557909413716, 0.0368840046243745, 0.10977406123969081], cca_probs=[0.22807750275987476, 0.3249958106433221, 0.2153228192971653, 0.2316038672996378]"
2026 06 19 17:13:11.498032,SSVEP_CONFIRMED,"fbcca_quad=1, fbcca_conf=0.3542, fbcca_ratio=7.7736, fbcca_consec=6, fbcca_scores=[0.02467958848051542, 0.5337324700419362, 0.01353476992103353, 0.0686597709615325], fbcca_probs=[0.2128749578214456, 0.3541631994897679, 0.21051567634255994, 0.22244616634622674], cca_quad=1, cca_conf=0.3250, cca_ratio=4.0862, cca_scores=[0.09443111307395087, 0.448557909413716, 0.0368840046243745, 0.10977406123969081], cca_probs=[0.22807750275987476, 0.3249958106433221, 0.2153228192971653, 0.2316038672996378]"
2026 06 19 17:13:11.498032,SELECTION,"quad=1, result=navigate, output='Print CIRC'"
2026 06 19 17:13:14.513052,PHASE_SSVEP,
2026 06 19 17:13:14.627156,SSVEP_UPDATE,"fbcca_quad=1, fbcca_conf=0.2637, fbcca_ratio=2.5461, fbcca_consec=1, fbcca_scores=[0.02391577409562142, 0.10025129820253582, 0.03937509197472574, 0.022723370330457522], fbcca_probs=[0.24427705331624777, 0.2636542457700342, 0.2480827508847682, 0.24398595002894977], cca_quad=1, cca_conf=0.2657, cca_ratio=1.5546, cca_scores=[0.08812047461739222, 0.1812813847614016, 0.11660614115467681, 0.09268377131626451], cca_probs=[0.24206584825635766, 0.26570075638394824, 0.24906040462850892, 0.24317299073118515]"
2026 06 19 17:13:15.648450,SSVEP_UPDATE,"fbcca_quad=0, fbcca_conf=0.2593, fbcca_ratio=1.1446, fbcca_consec=1, fbcca_scores=[0.10660963969664378, 0.06411804879662296, 0.09314236343244983, 0.014028675749433986], fbcca_probs=[0.25929595916047415, 0.24850886473461015, 0.25582735757631303, 0.23636781852860267], cca_quad=2, cca_conf=0.2636, cca_ratio=1.0783, cca_scores=[0.1835361607968994, 0.1482928440423237, 0.19791362981779628, 0.04312691085824005], cca_probs=[0.2598175745537973, 0.25082022104062274, 0.26358007649808696, 0.22578212790749308]"
2026 06 19 17:13:16.666332,SSVEP_UPDATE,"fbcca_quad=0, fbcca_conf=0.2839, fbcca_ratio=2.0179, fbcca_consec=2, fbcca_scores=[0.2729257940898838, 0.09229418863814516, 0.1352543358336363, 0.07047055005907854], fbcca_probs=[0.28386101531083013, 0.23695094348956022, 0.24735221125360732, 0.2318358299460023], cca_quad=0, cca_conf=0.2769, cca_ratio=1.5716, cca_scores=[0.28425688927224824, 0.14106662646580231, 0.18087210979227253, 0.11294144522124401], cca_probs=[0.27693736164538785, 0.23999091934538183, 0.24973655191475824, 0.23333516709447205]"
2026 06 19 17:13:17.684933,SSVEP_UPDATE,"fbcca_quad=0, fbcca_conf=0.3783, fbcca_ratio=6.7039, fbcca_consec=3, fbcca_scores=[0.686778363301435, 0.10244482550493164, 0.08543909398279818, 0.06609372943431949], fbcca_probs=[0.37833922211171495, 0.21091551878232792, 0.20735907179582588, 0.20338618731013128], cca_quad=0, cca_conf=0.3314, cca_ratio=3.4596, cca_scores=[0.521681207985957, 0.15079125638336066, 0.11563056562638922, 0.1073871107895632], cca_probs=[0.3314327993313724, 0.22872836501752056, 0.22082586058677667, 0.21901297506433032]"
2026 06 19 17:13:18.713979,SSVEP_UPDATE,"fbcca_quad=0, fbcca_conf=0.3910, fbcca_ratio=4.3866, fbcca_consec=4, fbcca_scores=[0.7363639556947541, 0.044211365678692105, 0.16786504542614106, 0.02398452709353744], fbcca_probs=[0.3910300400501265, 0.19570957414997586, 0.2214696313427892, 0.19179075445710855], cca_quad=0, cca_conf=0.3316, cca_ratio=4.2029, cca_scores=[0.4897862109685568, 0.10670049203488155, 0.11653616813801956, 0.05244465726873532], cca_probs=[0.3315651679949912, 0.2260460312376653, 0.22828031662689136, 0.214108484140452]"
2026 06 19 17:13:18.713979,SSVEP_CONFIRMED,"fbcca_quad=0, fbcca_conf=0.3910, fbcca_ratio=4.3866, fbcca_consec=4, fbcca_scores=[0.7363639556947541, 0.044211365678692105, 0.16786504542614106, 0.02398452709353744], fbcca_probs=[0.3910300400501265, 0.19570957414997586, 0.2214696313427892, 0.19179075445710855], cca_quad=0, cca_conf=0.3316, cca_ratio=4.2029, cca_scores=[0.4897862109685568, 0.10670049203488155, 0.11653616813801956, 0.05244465726873532], cca_probs=[0.3315651679949912, 0.2260460312376653, 0.22828031662689136, 0.214108484140452]"
2026 06 19 17:13:18.713979,SELECTION,"quad=0, result=navigate, output='Print CIRC'"
2026 06 19 17:13:21.725673,PHASE_SSVEP,
2026 06 19 17:13:21.757344,SSVEP_UPDATE,"fbcca_quad=2, fbcca_conf=0.2681, fbcca_ratio=1.7907, fbcca_consec=1, fbcca_scores=[0.06962633777605616, 0.0851338698444732, 0.15245023746137482, 0.018900258989521204], fbcca_probs=[0.2467601691130993, 0.25061663520017496, 0.268068029404666, 0.23455516628205964], cca_quad=1, cca_conf=0.2569, cca_ratio=1.0141, cca_scores=[0.14308522889057437, 0.14510001225255442, 0.13405845934145602, 0.045523276351048775], cca_probs=[0.25640520655385846, 0.25692232826712863, 0.2541011107592635, 0.23257135441974952]"
2026 06 19 17:13:22.780140,SSVEP_UPDATE,"fbcca_quad=2, fbcca_conf=0.2818, fbcca_ratio=2.2550, fbcca_consec=2, fbcca_scores=[0.09047323065326134, 0.10557712339731105, 0.23807301243685444, 0.026667292384984095], fbcca_probs=[0.2431637838336828, 0.2468643798965554, 0.2818387237175362, 0.22813311255222563], cca_quad=2, cca_conf=0.2614, cca_ratio=1.1136, cca_scores=[0.12759827758724182, 0.15249151547179787, 0.16980998580843423, 0.04701794230177085], cca_probs=[0.2505699377463174, 0.2568857187933353, 0.261373333643078, 0.2311710098172692]"
2026 06 19 17:13:23.811706,SSVEP_UPDATE,"fbcca_quad=2, fbcca_conf=0.3285, fbcca_ratio=4.9311, fbcca_consec=3, fbcca_scores=[0.09115430981867348, 0.06814759759976634, 0.4494908845300742, 0.03728495220480107], fbcca_probs=[0.2295811145776961, 0.22435950430447563, 0.3285184439096855, 0.21754093720814277], cca_quad=2, cca_conf=0.2822, cca_ratio=1.8813, cca_scores=[0.15093529299347033, 0.14241277756561957, 0.28395029784143466, 0.061173544028827465], cca_probs=[0.24703985773428366, 0.24494340295888106, 0.282185511203577, 0.22583122810325826]"
2026 06 19 17:13:24.828189,SSVEP_UPDATE,"fbcca_quad=2, fbcca_conf=0.3883, fbcca_ratio=10.2476, fbcca_consec=4, fbcca_scores=[0.06848611792533077, 0.04228581847646213, 0.7018186072025968, 0.06210288944350496], fbcca_probs=[0.20611522497194013, 0.20078507502488985, 0.3882959653814109, 0.2048037346217591], cca_quad=2, cca_conf=0.3134, cca_ratio=2.9442, cca_scores=[0.15420920230660742, 0.12524459616842268, 0.4540206882600772, 0.13893537517412505], cca_probs=[0.23223962355961503, 0.22560937907321196, 0.3134316094994195, 0.22871938786775345]"
2026 06 19 17:13:24.828189,SSVEP_CONFIRMED,"fbcca_quad=2, fbcca_conf=0.3883, fbcca_ratio=10.2476, fbcca_consec=4, fbcca_scores=[0.06848611792533077, 0.04228581847646213, 0.7018186072025968, 0.06210288944350496], fbcca_probs=[0.20611522497194013, 0.20078507502488985, 0.3882959653814109, 0.2048037346217591], cca_quad=2, cca_conf=0.3134, cca_ratio=2.9442, cca_scores=[0.15420920230660742, 0.12524459616842268, 0.4540206882600772, 0.13893537517412505], cca_probs=[0.23223962355961503, 0.22560937907321196, 0.3134316094994195, 0.22871938786775345]"
2026 06 19 17:13:24.828189,SELECTION,"quad=2, result=char, output='Print CIRCL'"
2026 06 19 17:13:27.832297,PHASE_SSVEP,
2026 06 19 17:13:27.865070,SSVEP_UPDATE,"fbcca_quad=2, fbcca_conf=0.2633, fbcca_ratio=1.0293, fbcca_consec=1, fbcca_scores=[0.02702487695407377, 0.1308412263819918, 0.13467590423897963, 0.033752244845424384], fbcca_probs=[0.23641747428543344, 0.2622807645813362, 0.2632884576759654, 0.23801330345726493], cca_quad=1, cca_conf=0.2619, cca_ratio=1.2286, cca_scores=[0.09877407978825707, 0.15631983895932022, 0.12722999102082064, 0.054282662067818774], cca_probs=[0.24724432621421108, 0.26188953215276617, 0.2543809467741969, 0.23648519485882577]"
2026 06 19 17:13:28.880292,SSVEP_UPDATE,"fbcca_quad=1, fbcca_conf=0.2896, fbcca_ratio=2.9974, fbcca_consec=1, fbcca_scores=[0.019158327263186028, 0.25239815537193944, 0.08420612200535486, 0.048379689854881704], fbcca_probs=[0.2293816414300052, 0.28963659050572854, 0.24479838847635302, 0.23618337958791316], cca_quad=1, cca_conf=0.2813, cca_ratio=2.2728, cca_scores=[0.06718914553543823, 0.2392770841535285, 0.10527921570916904, 0.0628747413352246], cca_probs=[0.23683763219570916, 0.2813115428903591, 0.24603280490219684, 0.23581802001173494]"
2026 06 19 17:13:29.900239,SSVEP_UPDATE,"fbcca_quad=1, fbcca_conf=0.3251, fbcca_ratio=3.6592, fbcca_consec=2, fbcca_scores=[0.04459790873472751, 0.4392009694857336, 0.04589027444684217, 0.12002758597148315], fbcca_probs=[0.2191331417014147, 0.3251486813562961, 0.2194165249380844, 0.23630165200420475], cca_quad=1, cca_conf=0.2879, cca_ratio=2.5758, cca_scores=[0.08251461052578213, 0.28961941926943224, 0.0947444521145358, 0.11244067574277722], cca_probs=[0.23403885582193834, 0.2878938859958047, 0.2369186880055729, 0.24114857017668406]"
2026 06 19 17:13:30.934181,SSVEP_UPDATE,"fbcca_quad=1, fbcca_conf=0.3441, fbcca_ratio=3.3953, fbcca_consec=3, fbcca_scores=[0.0395286715442467, 0.531727923985623, 0.03391170451688262, 0.1566059379199278], fbcca_probs=[0.21032638996769834, 0.3440750542458105, 0.20914830529904546, 0.23645025048744578], cca_quad=1, cca_conf=0.2979, cca_ratio=1.9286, cca_scores=[0.10467824928958291, 0.3666429721531442, 0.07804429231147425, 0.19010855815978642], cca_probs=[0.22923245897671604, 0.2978831561764972, 0.22320767952908266, 0.24967670531770403]"
2026 06 19 17:13:31.950722,SSVEP_UPDATE,"fbcca_quad=1, fbcca_conf=0.3664, fbcca_ratio=4.5316, fbcca_consec=4, fbcca_scores=[0.01856753451057601, 0.6041547569024135, 0.0022128242423034698, 0.13332002319286523], fbcca_probs=[0.20402253059290798, 0.3664337181998319, 0.2007129386946845, 0.22883081251257573], cca_quad=1, cca_conf=0.3088, cca_ratio=2.0019, cca_scores=[0.0631580773532501, 0.39232539032350733, 0.031109312396565916, 0.19597315273242838], cca_probs=[0.22220698814571754, 0.30882557628623425, 0.21519843620482426, 0.25376899936322395]"
2026 06 19 17:13:31.950722,SSVEP_CONFIRMED,"fbcca_quad=1, fbcca_conf=0.3664, fbcca_ratio=4.5316, fbcca_consec=4, fbcca_scores=[0.01856753451057601, 0.6041547569024135, 0.0022128242423034698, 0.13332002319286523], fbcca_probs=[0.20402253059290798, 0.3664337181998319, 0.2007129386946845, 0.22883081251257573], cca_quad=1, cca_conf=0.3088, cca_ratio=2.0019, cca_scores=[0.0631580773532501, 0.39232539032350733, 0.031109312396565916, 0.19597315273242838], cca_probs=[0.22220698814571754, 0.30882557628623425, 0.21519843620482426, 0.25376899936322395]"
2026 06 19 17:13:31.950722,SELECTION,"quad=1, result=navigate, output='Print CIRCL'"
2026 06 19 17:13:34.965289,PHASE_SSVEP,
2026 06 19 17:13:34.998879,SSVEP_UPDATE,"fbcca_quad=2, fbcca_conf=0.2673, fbcca_ratio=3.3227, fbcca_consec=1, fbcca_scores=[0.03785484178806046, 0.03476974877406057, 0.12577934414835665, 0.033800310447341164], fbcca_probs=[0.24481128475051847, 0.24405718300132107, 0.26731083298723035, 0.24382069926093006], cca_quad=2, cca_conf=0.2585, cca_ratio=1.3133, cca_scores=[0.09742895572242384, 0.08452269360204208, 0.12794957804463228, 0.06756495707038673], cca_probs=[0.25070540087281695, 0.24749052191491921, 0.2584750498732832, 0.24332902733898062]"
2026 06 19 17:13:36.021359,SSVEP_UPDATE,"fbcca_quad=1, fbcca_conf=0.2557, fbcca_ratio=1.3860, fbcca_consec=1, fbcca_scores=[0.03257484561014942, 0.06747343064187225, 0.04868295670570369, 0.030751350904123613], fbcca_probs=[0.24691776262133666, 0.25568696962253584, 0.25092734809997286, 0.24646791965615464], cca_quad=1, cca_conf=0.2636, cca_ratio=1.5378, cca_scores=[0.09389012294332998, 0.14438154597078642, 0.06476361517970147, 0.059839499135782216], cca_probs=[0.25065144328769845, 0.26363214067007656, 0.2434561378122072, 0.24226027823001783]"
2026 06 19 17:13:37.060758,SSVEP_UPDATE,"fbcca_quad=1, fbcca_conf=0.2696, fbcca_ratio=3.2030, fbcca_consec=2, fbcca_scores=[0.037071084219515965, 0.13914089886725764, 0.0303135251145501, 0.04344140651716283], fbcca_probs=[0.243479813663044, 0.2696443458177513, 0.24184003113502314, 0.2450358093841815], cca_quad=1, cca_conf=0.2817, cca_ratio=2.2967, cca_scores=[0.10824996680892682, 0.24861351906161797, 0.07985309267981196, 0.0696062483377517], cca_probs=[0.24481074592667434, 0.2817017814213297, 0.23795666382066663, 0.23553080883132943]"
2026 06 19 17:13:38.085093,SSVEP_UPDATE,"fbcca_quad=0, fbcca_conf=0.2758, fbcca_ratio=2.0272, fbcca_consec=1, fbcca_scores=[0.20248346486515004, 0.09988336679778521, 0.03744642663274026, 0.06900307238571127], fbcca_probs=[0.2758320329955704, 0.24893504681948456, 0.2338675819604453, 0.24136533822449965], cca_quad=0, cca_conf=0.2790, cca_ratio=1.5435, cca_scores=[0.2731680277443532, 0.17697798597986394, 0.09901703125120458, 0.09365575950056172], cca_probs=[0.2790070276919073, 0.2534196799887151, 0.23441334152945187, 0.23315995078992563]"
2026 06 19 17:13:39.102219,SSVEP_UPDATE,"fbcca_quad=0, fbcca_conf=0.2780, fbcca_ratio=1.7530, fbcca_consec=2, fbcca_scores=[0.24787966353039564, 0.1414033105019439, 0.07599026312743565, 0.09196390758887012], fbcca_probs=[0.278032650578013, 0.24995032594212713, 0.23412359379077383, 0.23789342968908606], cca_quad=0, cca_conf=0.2829, cca_ratio=1.6922, cca_scores=[0.3123517041443198, 0.1845792943811357, 0.12920378146308958, 0.11694145100862276], cca_probs=[0.2828697647912672, 0.24894056840562598, 0.235530089519698, 0.2326595772834088]"
2026 06 19 17:13:40.119094,SSVEP_UPDATE,"fbcca_quad=0, fbcca_conf=0.3141, fbcca_ratio=5.2960, fbcca_consec=3, fbcca_scores=[0.3778597881339021, 0.07134802308381842, 0.05681928560365356, 0.05302373429118873], fbcca_probs=[0.31406546441294364, 0.23115527815910475, 0.22782116269776495, 0.22695809473018666], cca_quad=0, cca_conf=0.3079, cca_ratio=3.1119, cca_scores=[0.40603120938962206, 0.12716557348183402, 0.13047689112867147, 0.09385704061526678], cca_probs=[0.3079152565242155, 0.23298148061141527, 0.23375423501109743, 0.22534902785327182]"
2026 06 19 17:13:41.135202,SSVEP_UPDATE,"fbcca_quad=0, fbcca_conf=0.3009, fbcca_ratio=2.1602, fbcca_consec=4, fbcca_scores=[0.37442794826095394, 0.173327029104458, 0.028198472086173414, 0.14957729716069443], fbcca_probs=[0.30085905552639197, 0.24605152909479835, 0.2128126975964875, 0.24027671778232204], cca_quad=0, cca_conf=0.2997, cca_ratio=2.3042, cca_scores=[0.3907266641474833, 0.16957433385850965, 0.10203385247020474, 0.1499992715764994], cca_probs=[0.2996799920311157, 0.24022185250911024, 0.22453293504909086, 0.23556522041068315]"
2026 06 19 17:13:42.158478,SSVEP_UPDATE,"fbcca_quad=0, fbcca_conf=0.2899, fbcca_ratio=2.8533, fbcca_consec=5, fbcca_scores=[0.2623599273834735, 0.09195105860894522, 0.014166790101789433, 0.07128122070451069], fbcca_probs=[0.2898889559707586, 0.2444691366388924, 0.22617404237989228, 0.2394678650104568], cca_quad=0, cca_conf=0.2960, cca_ratio=2.1762, cca_scores=[0.3388704354535769, 0.15571328521540853, 0.04322842018250993, 0.11823142896052104], cca_probs=[0.2959720701988698, 0.24643738431237075, 0.2202191258338985, 0.23737141965486097]"
2026 06 19 17:13:43.198058,SSVEP_UPDATE,"fbcca_quad=0, fbcca_conf=0.3128, fbcca_ratio=9.6203, fbcca_consec=6, fbcca_scores=[0.33139028465737586, 0.009016997092730341, 0.034446853569560495, 0.01618589155456441], fbcca_probs=[0.31277822674653094, 0.22658521766515496, 0.23242113602015665, 0.22821541956815747], cca_quad=0, cca_conf=0.3137, cca_ratio=4.2912, cca_scores=[0.39073229243051183, 0.06461117337710166, 0.09105460192016834, 0.06959062707038552], cca_probs=[0.3136669103842747, 0.2263789825724304, 0.2324450696170758, 0.22750903742621914]"
2026 06 19 17:13:43.198058,SSVEP_CONFIRMED,"fbcca_quad=0, fbcca_conf=0.3128, fbcca_ratio=9.6203, fbcca_consec=6, fbcca_scores=[0.33139028465737586, 0.009016997092730341, 0.034446853569560495, 0.01618589155456441], fbcca_probs=[0.31277822674653094, 0.22658521766515496, 0.23242113602015665, 0.22821541956815747], cca_quad=0, cca_conf=0.3137, cca_ratio=4.2912, cca_scores=[0.39073229243051183, 0.06461117337710166, 0.09105460192016834, 0.06959062707038552], cca_probs=[0.3136669103842747, 0.2263789825724304, 0.2324450696170758, 0.22750903742621914]"
2026 06 19 17:13:43.198058,SELECTION,"quad=0, result=navigate, output='Print CIRCL'"
2026 06 19 17:13:46.215257,PHASE_SSVEP,
2026 06 19 17:13:46.331403,SSVEP_UPDATE,"fbcca_quad=0, fbcca_conf=0.2623, fbcca_ratio=2.5876, fbcca_consec=1, fbcca_scores=[0.09044054264439753, 0.0195279399259339, 0.03495187835326036, 0.023325558569655867], fbcca_probs=[0.2622845062889427, 0.24432937529374854, 0.2481271092525331, 0.2452590091647757], cca_quad=0, cca_conf=0.2725, cca_ratio=2.2934, cca_scores=[0.1835043891549904, 0.07520819511978424, 0.08001524909596851, 0.045157393435049424], cca_probs=[0.2724911426439357, 0.244523132399595, 0.24570139801975951, 0.2372843269367097]"
2026 06 19 17:13:47.352748,SSVEP_UPDATE,"fbcca_quad=3, fbcca_conf=0.2548, fbcca_ratio=1.3334, fbcca_consec=1, fbcca_scores=[0.022989755593567602, 0.023883943279579423, 0.041138992895917846, 0.05485278622403386], fbcca_probs=[0.24681694897772902, 0.2470377483575351, 0.2513373855092803, 0.2548079171554556], cca_quad=3, cca_conf=0.2587, cca_ratio=1.4621, cca_scores=[0.0835884586582155, 0.06824484004067637, 0.07765387572117388, 0.12221131109264886], cca_probs=[0.2488654908177415, 0.2450761391654144, 0.2473929516968972, 0.2586654183199469]"
2026 06 19 17:13:48.387620,SSVEP_UPDATE,"fbcca_quad=2, fbcca_conf=0.2644, fbcca_ratio=1.8158, fbcca_consec=1, fbcca_scores=[0.03827267740168703, 0.06669763210418778, 0.12110799791319188, 0.0311744070462289], fbcca_probs=[0.2434201966682844, 0.2504386822406649, 0.2644426688557307, 0.24169845223532002], cca_quad=1, cca_conf=0.2608, cca_ratio=1.1279, cca_scores=[0.08299782463530005, 0.1631197867928095, 0.14462442894655114, 0.08989953503214732], cca_probs=[0.24073704528801307, 0.260819135995598, 0.25603952925986523, 0.24240428945652379]"
2026 06 19 17:13:49.401138,SSVEP_UPDATE,"fbcca_quad=1, fbcca_conf=0.2644, fbcca_ratio=1.2370, fbcca_consec=1, fbcca_scores=[0.05161612782851333, 0.13262185632175813, 0.10721582157012854, 0.011179231686786754], fbcca_probs=[0.24378819871357293, 0.2643583419820713, 0.2577266440407618, 0.2341268152635939], cca_quad=1, cca_conf=0.2788, cca_ratio=2.1004, cca_scores=[0.10251757587599139, 0.23544115160073412, 0.11209506527327191, 0.04518629175993724], cca_probs=[0.24413660779987365, 0.2788437286077092, 0.24648605652346686, 0.23053360706895035]"
2026 06 19 17:13:50.414954,SSVEP_UPDATE,"fbcca_quad=1, fbcca_conf=0.3161, fbcca_ratio=5.1547, fbcca_consec=2, fbcca_scores=[0.03335356898116567, 0.3663384123701571, 0.07106862346770919, 0.013574639989745597], fbcca_probs=[0.22655306924865148, 0.31607011193425594, 0.23526070289949602, 0.22211611591759653], cca_quad=1, cca_conf=0.3029, cca_ratio=3.7834, cca_scores=[0.07973554472865223, 0.33581835283070277, 0.08876023309153992, 0.04308469238198689], cca_probs=[0.23447000286947564, 0.30290234755668366, 0.2365955985686277, 0.2260320510052129]"
2026 06 19 17:13:51.446553,SSVEP_UPDATE,"fbcca_quad=1, fbcca_conf=0.3730, fbcca_ratio=14.5767, fbcca_consec=3, fbcca_scores=[0.00756680841480115, 0.6062612775484666, 0.031669329629434945, 0.04159111086938064], fbcca_probs=[0.2049706781220593, 0.37299365340194546, 0.2099710064310947, 0.21206466204490046], cca_quad=1, cca_conf=0.3296, cca_ratio=4.3855, cca_scores=[0.04723414570652952, 0.4678081406470228, 0.08254755553740059, 0.10667040772370372], cca_probs=[0.21644937991873647, 0.32961677904822023, 0.22422950852224083, 0.22970433251080247]"
2026 06 19 17:13:52.463068,SSVEP_UPDATE,"fbcca_quad=1, fbcca_conf=0.4645, fbcca_ratio=16.0607, fbcca_consec=4, fbcca_scores=[0.047224562025203976, 1.0010103426830397, 0.02364918703450159, 0.06232686160378868], fbcca_probs=[0.17897301812458036, 0.46452753644519257, 0.17480301000019743, 0.18169643543002953], cca_quad=1, cca_conf=0.3605, cca_ratio=4.4208, cca_scores=[0.11912461708880948, 0.6292957708154726, 0.04834755129404533, 0.14234842450846796], cca_probs=[0.21641548738821922, 0.3604564937905035, 0.20162772407472346, 0.22150029474655378]"
2026 06 19 17:13:52.463068,SSVEP_CONFIRMED,"fbcca_quad=1, fbcca_conf=0.4645, fbcca_ratio=16.0607, fbcca_consec=4, fbcca_scores=[0.047224562025203976, 1.0010103426830397, 0.02364918703450159, 0.06232686160378868], fbcca_probs=[0.17897301812458036, 0.46452753644519257, 0.17480301000019743, 0.18169643543002953], cca_quad=1, cca_conf=0.3605, cca_ratio=4.4208, cca_scores=[0.11912461708880948, 0.6292957708154726, 0.04834755129404533, 0.14234842450846796], cca_probs=[0.21641548738821922, 0.3604564937905035, 0.20162772407472346, 0.22150029474655378]"
2026 06 19 17:13:52.463068,SELECTION,"quad=1, result=navigate, output='Print CIRCL'"
2026 06 19 17:13:55.480007,PHASE_SSVEP,
2026 06 19 17:13:55.596544,SSVEP_UPDATE,"fbcca_quad=1, fbcca_conf=0.2745, fbcca_ratio=3.4115, fbcca_consec=1, fbcca_scores=[0.04504648127295195, 0.1536761588352746, 0.011804534679064081, 0.023931219814415264], fbcca_probs=[0.246235062370731, 0.2744904021110355, 0.23818428271857475, 0.24109025279965876], cca_quad=1, cca_conf=0.2776, cca_ratio=2.0814, cca_scores=[0.09808605843959167, 0.2041567956067486, 0.038715344493988904, 0.0478005247620891], cca_probs=[0.24967444069346012, 0.2776131420402183, 0.23528254663674203, 0.23742987062957957]"
2026 06 19 17:13:56.629060,SSVEP_UPDATE,"fbcca_quad=1, fbcca_conf=0.2847, fbcca_ratio=4.0708, fbcca_consec=2, fbcca_scores=[0.05154783173901006, 0.2098418374425162, 0.02225230292058086, 0.02342548734855299], fbcca_probs=[0.2430187158077749, 0.2846989954603913, 0.23600262582511772, 0.23627966290671606], cca_quad=1, cca_conf=0.2820, cca_ratio=2.1967, cca_scores=[0.10537741257113604, 0.23147902735868087, 0.04663148181977858, 0.04914594259489673], cca_probs=[0.24859147797213654, 0.28200153472109163, 0.23440841744456717, 0.23499856986220463]"
2026 06 19 17:13:57.649163,SSVEP_UPDATE,"fbcca_quad=1, fbcca_conf=0.3717, fbcca_ratio=9.2881, fbcca_consec=3, fbcca_scores=[0.06622316343313697, 0.6150880798036256, 0.022967957909749866, 0.03455544076992935], fbcca_probs=[0.2146944548544355, 0.3716976643209283, 0.20560578526114914, 0.2080020955634872], cca_quad=1, cca_conf=0.3177, cca_ratio=2.7210, cca_scores=[0.15520043730135152, 0.422294786218674, 0.04351666097025213, 0.06210282882700303], cca_probs=[0.2432146008317124, 0.3176780769931071, 0.21751338922156735, 0.22159393295361318]"
2026 06 19 17:13:58.663540,SSVEP_UPDATE,"fbcca_quad=1, fbcca_conf=0.4055, fbcca_ratio=16.9108, fbcca_consec=4, fbcca_scores=[0.03594737492808523, 0.7489544524393641, 0.018256222387695427, 0.04428842399105334], fbcca_probs=[0.198769332276378, 0.40551266074906256, 0.1952837961813063, 0.20043421079325324], cca_quad=1, cca_conf=0.3367, cca_ratio=3.6249, cca_scores=[0.14062507953049572, 0.5097526954920577, 0.05491407448646887, 0.0703600503442509], cca_probs=[0.23274875667697778, 0.33666460258828923, 0.21363064570935686, 0.21695599502537624]"
2026 06 19 17:13:58.663540,SSVEP_CONFIRMED,"fbcca_quad=1, fbcca_conf=0.4055, fbcca_ratio=16.9108, fbcca_consec=4, fbcca_scores=[0.03594737492808523, 0.7489544524393641, 0.018256222387695427, 0.04428842399105334], fbcca_probs=[0.198769332276378, 0.40551266074906256, 0.1952837961813063, 0.20043421079325324], cca_quad=1, cca_conf=0.3367, cca_ratio=3.6249, cca_scores=[0.14062507953049572, 0.5097526954920577, 0.05491407448646887, 0.0703600503442509], cca_probs=[0.23274875667697778, 0.33666460258828923, 0.21363064570935686, 0.21695599502537624]"
2026 06 19 17:13:58.663540,SELECTION,"quad=1, result=char, output='Print CIRCLE'"
2026 06 19 17:14:01.665676,PHASE_SSVEP,
2026 06 19 17:14:01.699059,SSVEP_UPDATE,"fbcca_quad=0, fbcca_conf=0.2527, fbcca_ratio=1.1939, fbcca_consec=1, fbcca_scores=[0.054085082047453686, 0.04360464858105952, 0.030721411772151198, 0.04530220804071742], fbcca_probs=[0.2526696427139615, 0.2500353835356413, 0.24683477981574495, 0.2504601939346522], cca_quad=0, cca_conf=0.2554, cca_ratio=1.1109, cca_scores=[0.11269540846046161, 0.09207805882436831, 0.0583139501343632, 0.1014473431145804], cca_probs=[0.2553965637464039, 0.2501848737254652, 0.2418786201698354, 0.2525399423582955]"
2026 06 19 17:14:02.742150,SSVEP_UPDATE,"fbcca_quad=0, fbcca_conf=0.2576, fbcca_ratio=1.3931, fbcca_consec=2, fbcca_scores=[0.08916806323026817, 0.06398706609934683, 0.06400842886923984, 0.01880347450386476], fbcca_probs=[0.25757651181734725, 0.2511714596531433, 0.25117682542855324, 0.24007520310095617], cca_quad=0, cca_conf=0.2593, cca_ratio=1.0115, cca_scores=[0.1376635536203042, 0.13610110999078123, 0.08411223392512068, 0.043727377258419485], cca_probs=[0.25929326952747206, 0.25888845474281524, 0.24577301732740447, 0.2360452584023082]"
2026 06 19 17:14:03.763335,SSVEP_UPDATE,"fbcca_quad=3, fbcca_conf=0.2602, fbcca_ratio=1.2023, fbcca_consec=1, fbcca_scores=[0.07207627798285172, 0.0823581373643873, 0.12120127235552916, 0.14571594442898053], fbcca_probs=[0.24171489588965547, 0.24421299500400956, 0.25388563503278583, 0.2601864740735491], cca_quad=3, cca_conf=0.2595, cca_ratio=1.1703, cca_scores=[0.14173642320918978, 0.1433190406512719, 0.17338406999162992, 0.20291508255208768], cca_probs=[0.24409137426492172, 0.24447798337776352, 0.251939829371651, 0.2594908129856638]"
2026 06 19 17:14:04.789824,SSVEP_UPDATE,"fbcca_quad=3, fbcca_conf=0.3668, fbcca_ratio=1.8999, fbcca_consec=2, fbcca_scores=[0.026398251389383554, 0.3893001849920431, 0.10844107028527669, 0.7396442967214423], fbcca_probs=[0.17973968564897944, 0.2583748782818005, 0.1951078401680592, 0.36677759590116077], cca_quad=3, cca_conf=0.3033, cca_ratio=1.7046, cca_scores=[0.11940295420601198, 0.269727656663974, 0.18360998648425755, 0.45977968076647513], cca_probs=[0.21579621086532721, 0.25080084966694877, 0.23010633459263927, 0.30329660487508475]"
2026 06 19 17:14:05.822959,SSVEP_UPDATE,"fbcca_quad=3, fbcca_conf=0.4452, fbcca_ratio=2.0467, fbcca_consec=3, fbcca_scores=[0.054644486215463854, 0.5591356292858887, 0.10272760970248661, 1.1443572666612083], fbcca_probs=[0.1497270394854135, 0.24796932343078942, 0.15710227448284322, 0.44520136260095394], cca_quad=3, cca_conf=0.3248, cca_ratio=1.9740, cca_scores=[0.11819532181589716, 0.28943623399356383, 0.1989955961834948, 0.5713530628568992], cca_probs=[0.2064322939680926, 0.24498902082213453, 0.2238044677375462, 0.3247742174722267]"
2026 06 19 17:14:06.866019,SSVEP_UPDATE,"fbcca_quad=3, fbcca_conf=0.4958, fbcca_ratio=1.8315, fbcca_consec=4, fbcca_scores=[0.1105242614309191, 0.7999402928265135, 0.057707855935832844, 1.4651057207185856], fbcca_probs=[0.12793868006697232, 0.2549244224174114, 0.12135676538898589, 0.49578013212663025], cca_quad=3, cca_conf=0.3323, cca_ratio=1.8072, cca_scores=[0.1628247489541622, 0.34237699039436087, 0.13644551669794036, 0.6187472401159687], cca_probs=[0.2106027916897759, 0.2520244475615749, 0.20511988708359707, 0.33225287366505213]"
2026 06 19 17:14:07.895194,SSVEP_UPDATE,"fbcca_quad=3, fbcca_conf=0.3744, fbcca_ratio=1.7377, fbcca_consec=5, fbcca_scores=[0.05881175625162815, 0.4599145447379333, 0.0682841755864997, 0.799214559960297], fbcca_probs=[0.17857882262599478, 0.2667022521277103, 0.18027843312154068, 0.37444049212475417], cca_quad=3, cca_conf=0.3027, cca_ratio=1.7263, cca_scores=[0.1342496014125719, 0.25323925585677604, 0.1265223342292055, 0.4371795273930981], cca_probs=[0.22358957830821166, 0.2518419695905221, 0.22186850007676115, 0.30269995202450517]"
2026 06 19 17:14:08.904907,SSVEP_UPDATE,"fbcca_quad=3, fbcca_conf=0.3221, fbcca_ratio=4.7699, fbcca_consec=6, fbcca_scores=[0.042134469471110485, 0.08673832599731039, 0.047778544193603265, 0.41373409631851715], fbcca_probs=[0.2221567649444307, 0.232290126952235, 0.22341417945865147, 0.32213892864468285], cca_quad=3, cca_conf=0.3019, cca_ratio=3.2978, cca_scores=[0.09751971258060639, 0.11069298130227545, 0.10540267783080967, 0.3650397473381411], cca_probs=[0.2310592450205064, 0.23412318730500875, 0.2328878750638649, 0.30192969261061997]"
2026 06 19 17:14:08.904907,SSVEP_CONFIRMED,"fbcca_quad=3, fbcca_conf=0.3221, fbcca_ratio=4.7699, fbcca_consec=6, fbcca_scores=[0.042134469471110485, 0.08673832599731039, 0.047778544193603265, 0.41373409631851715], fbcca_probs=[0.2221567649444307, 0.232290126952235, 0.22341417945865147, 0.32213892864468285], cca_quad=3, cca_conf=0.3019, cca_ratio=3.2978, cca_scores=[0.09751971258060639, 0.11069298130227545, 0.10540267783080967, 0.3650397473381411], cca_probs=[0.2310592450205064, 0.23412318730500875, 0.2328878750638649, 0.30192969261061997]"
2026 06 19 17:14:08.904907,SELECTION,"quad=3, result=back, output='Print CIRCLE'"
2026 06 19 17:14:11.923811,PHASE_SSVEP,
2026 06 19 17:14:11.968943,SSVEP_UPDATE,"fbcca_quad=1, fbcca_conf=0.2584, fbcca_ratio=1.1055, fbcca_consec=1, fbcca_scores=[0.028191864027873766, 0.10383862244807403, 0.0939252272979182, 0.05540277652205259], fbcca_probs=[0.23957214653193112, 0.2583980868467583, 0.25584913974060836, 0.24618062688070225], cca_quad=1, cca_conf=0.2596, cca_ratio=1.1597, cca_scores=[0.07492827886662888, 0.14212299956311758, 0.12254696164521661, 0.07611486533093505], cca_probs=[0.24275016509879246, 0.2596222027608043, 0.2545892520192913, 0.243038380121112]"
2026 06 19 17:14:12.990101,SSVEP_UPDATE,"fbcca_quad=1, fbcca_conf=0.2565, fbcca_ratio=1.0070, fbcca_consec=2, fbcca_scores=[0.021899601392842746, 0.0744066576747361, 0.07388638150551048, 0.02413898470370371], fbcca_probs=[0.2433377939455054, 0.2564561341100983, 0.2563227407987586, 0.24388333114563773], cca_quad=1, cca_conf=0.2615, cca_ratio=1.2288, cca_scores=[0.06177437456836341, 0.138778192173292, 0.11294123745751707, 0.06018928745261098], cca_probs=[0.24207443051680286, 0.261451568693816, 0.2547829753879139, 0.24169102540146728]"
2026 06 19 17:14:14.007061,SSVEP_UPDATE,"fbcca_quad=3, fbcca_conf=0.2697, fbcca_ratio=1.7407, fbcca_consec=1, fbcca_scores=[0.06783277608037434, 0.10639387555776965, 0.07349814794303274, 0.18520468021762215], fbcca_probs=[0.2398349982883921, 0.24926392608730494, 0.2411976089428295, 0.2697034666814735], cca_quad=3, cca_conf=0.2657, cca_ratio=1.5400, cca_scores=[0.12410359598330743, 0.11949767392921129, 0.08382332146837089, 0.1911252010294028], cca_probs=[0.24843217919623142, 0.24729055108642536, 0.23862412448330292, 0.2656531452340403]"
2026 06 19 17:14:15.040154,SSVEP_UPDATE,"fbcca_quad=3, fbcca_conf=0.3192, fbcca_ratio=2.1758, fbcca_consec=2, fbcca_scores=[0.019172855550161256, 0.20117092926643032, 0.05952898374966376, 0.4377020544326386], fbcca_probs=[0.2100611703259741, 0.2519918760977364, 0.2187118048883541, 0.31923514868793545], cca_quad=3, cca_conf=0.2944, cca_ratio=1.9745, cca_scores=[0.06521466989152805, 0.17133658265349677, 0.10170765216383151, 0.3383026464986364], cca_probs=[0.2240574871634099, 0.24914238760856544, 0.23238503748803938, 0.2944150877399852]"
2026 06 19 17:14:16.061995,SSVEP_UPDATE,"fbcca_quad=3, fbcca_conf=0.4072, fbcca_ratio=2.0533, fbcca_consec=3, fbcca_scores=[0.007091308037073252, 0.4480820889986092, 0.07794212079519242, 0.9200584481797055], fbcca_probs=[0.16341545464267823, 0.2539878777717084, 0.17541359269886567, 0.4071830748867479], cca_quad=3, cca_conf=0.3163, cca_ratio=2.0053, cca_scores=[0.04720978894381492, 0.22355437538710402, 0.08213716753348795, 0.4482846981931316], cca_probs=[0.21178262517913352, 0.25262469847429997, 0.21931033341280126, 0.3162823429337653]"
2026 06 19 17:14:17.081296,SSVEP_UPDATE,"fbcca_quad=3, fbcca_conf=0.4536, fbcca_ratio=2.3906, fbcca_consec=4, fbcca_scores=[0.005042596703135088, 0.46443127099443393, 0.057813110941154135, 1.1102531621461347], fbcca_probs=[0.15021434372767128, 0.23780521318630501, 0.15835411296425203, 0.4536263301217717], cca_quad=3, cca_conf=0.3359, cca_ratio=2.1810, cca_scores=[0.05019129707616151, 0.2521459006613051, 0.08476357035521057, 0.5499215103149016], cca_probs=[0.2037802948343238, 0.24938478649313167, 0.21094864192522997, 0.3358862767473145]"
2026 06 19 17:14:18.113121,SSVEP_UPDATE,"fbcca_quad=3, fbcca_conf=0.4720, fbcca_ratio=1.8764, fbcca_consec=5, fbcca_scores=[0.040697296254816356, 0.6861480449125918, 0.02503092368942144, 1.2874723234060854], fbcca_probs=[0.13567771990803662, 0.2587165641716146, 0.13356870563615555, 0.4720370102841932], cca_quad=3, cca_conf=0.3337, cca_ratio=1.9036, cca_scores=[0.12171004386603392, 0.305380618139553, 0.08093548088810501, 0.5813110858270745], cca_probs=[0.21074337788695913, 0.25323343948099664, 0.20232323904717234, 0.33369994358487204]"
2026 06 19 17:14:19.146397,SSVEP_UPDATE,"fbcca_quad=3, fbcca_conf=0.4760, fbcca_ratio=2.3127, fbcca_consec=6, fbcca_scores=[0.042165426119304565, 0.5343762523561457, 0.03893544037503141, 1.2358713284910616], fbcca_probs=[0.14425872739264697, 0.23599703270208722, 0.14379352546193075, 0.47595071444333487], cca_quad=3, cca_conf=0.3335, cca_ratio=2.3285, cca_scores=[0.11391490820090976, 0.24074728708172344, 0.10313076214783608, 0.5605773950378276], cca_probs=[0.21332936683286607, 0.24217719607954027, 0.21104115218019068, 0.33345228490740303]"
2026 06 19 17:14:20.161075,SSVEP_UPDATE,"fbcca_quad=3, fbcca_conf=0.4522, fbcca_ratio=2.1414, fbcca_consec=7, fbcca_scores=[0.07340900990578621, 0.5425455881701776, 0.07182193748764383, 1.1618325068454816], fbcca_probs=[0.15228543152071744, 0.24344551922192922, 0.15204393519943135, 0.45222511405792193], cca_quad=3, cca_conf=0.3225, cca_ratio=2.1172, cca_scores=[0.187917103906108, 0.2565203108542098, 0.11090775092288296, 0.5431088070552123], cca_probs=[0.22607318129436715, 0.24212689902161114, 0.20931690698632116, 0.3224830126977005]"
2026 06 19 17:14:21.181829,SSVEP_UPDATE,"fbcca_quad=3, fbcca_conf=0.4615, fbcca_ratio=2.3266, fbcca_consec=8, fbcca_scores=[0.07914402007829473, 0.5104700840472844, 0.07537116693905917, 1.1876443053054966], fbcca_probs=[0.1523149720729327, 0.2344580370735963, 0.15174139274805362, 0.46148559810541745], cca_quad=3, cca_conf=0.3252, cca_ratio=2.2478, cca_scores=[0.17763414344920522, 0.24126875266125317, 0.09756321167351657, 0.5423141673273094], cca_probs=[0.22579444326255022, 0.2406297996674351, 0.2084197573911242, 0.3251559996788905]"
2026 06 19 17:14:22.211596,SSVEP_UPDATE,"fbcca_quad=3, fbcca_conf=0.4607, fbcca_ratio=1.8645, fbcca_consec=9, fbcca_scores=[0.041366010713915165, 0.660693047738992, 0.0331272812639917, 1.2318383814158604], fbcca_probs=[0.1400931670361939, 0.26024792051618423, 0.1389437188332983, 0.4607151936143236], cca_quad=3, cca_conf=0.3285, cca_ratio=1.9198, cca_scores=[0.11907970830041649, 0.2866870633096614, 0.08301522271661547, 0.5503803640619923], cca_probs=[0.21338756973691678, 0.25232487494775047, 0.20582897446712028, 0.32845858084821256]"
2026 06 19 17:14:23.223133,SSVEP_UPDATE,"fbcca_quad=3, fbcca_conf=0.4404, fbcca_ratio=1.6036, fbcca_consec=10, fbcca_scores=[0.03762284485372359, 0.7373646618985185, 0.016387147426319863, 1.1824318704841092], fbcca_probs=[0.14017259066734175, 0.2822000653163705, 0.1372273111580707, 0.44040003285821705], cca_quad=3, cca_conf=0.3201, cca_ratio=1.6715, cca_scores=[0.10974655271838961, 0.3040358851810097, 0.058340051244951875, 0.508181866541022], cca_probs=[0.2148766701306927, 0.2609564587528278, 0.20410972864860794, 0.32005714246787154]"
2026 06 19 17:14:24.245020,SSVEP_UPDATE,"fbcca_quad=3, fbcca_conf=0.4518, fbcca_ratio=1.5654, fbcca_consec=11, fbcca_scores=[0.05067514660291474, 0.8098455961530872, 0.011618563629485627, 1.2677583626018205], fbcca_probs=[0.13376992495987508, 0.28579986578776917, 0.12864604081116454, 0.4517841684411913], cca_quad=3, cca_conf=0.3241, cca_ratio=1.6342, cca_scores=[0.10272225515408885, 0.32493620379419424, 0.05323549285780657, 0.5310063135150553], cca_probs=[0.21118529239801173, 0.2637363315078239, 0.200988792710223, 0.3240895833839414]"
2026 06 19 17:14:25.277941,SSVEP_UPDATE,"fbcca_quad=3, fbcca_conf=0.4546, fbcca_ratio=1.6392, fbcca_consec=12, fbcca_scores=[0.031881000001737186, 0.7644380783622686, 0.020110634643959645, 1.2530680542893882], fbcca_probs=[0.13404999908054324, 0.2788767522972542, 0.1324814310339266, 0.4545918175882761], cca_quad=3, cca_conf=0.3233, cca_ratio=1.7245, cca_scores=[0.09935579050809734, 0.3025070311289746, 0.06596147316021672, 0.521673500726563], cca_probs=[0.21195835134680355, 0.259703615416094, 0.20499702813129966, 0.32334100510580277]"
2026 06 19 17:14:26.296140,SSVEP_UPDATE,"fbcca_quad=3, fbcca_conf=0.4606, fbcca_ratio=1.9436, fbcca_consec=13, fbcca_scores=[0.029733132418262406, 0.6209854845426562, 0.02413904763009349, 1.206942650343272], fbcca_probs=[0.14192497594224704, 0.25635185429934126, 0.14113325214296674, 0.46058991761544504], cca_quad=3, cca_conf=0.3278, cca_ratio=1.9876, cca_scores=[0.10534969475444765, 0.26870334308389543, 0.07644119960140662, 0.5340847929967899], cca_probs=[0.21348031475623686, 0.2513630413972324, 0.2073972695808779, 0.3277593742656528]"
2026 06 19 17:14:27.315257,SSVEP_UPDATE,"fbcca_quad=3, fbcca_conf=0.3725, fbcca_ratio=1.5596, fbcca_consec=14, fbcca_scores=[0.021475393203302967, 0.5098506749286037, 0.04303510841096496, 0.7951638451231363], fbcca_probs=[0.171844712105272, 0.28004953945345584, 0.17558986227607057, 0.37251588616520165], cca_quad=3, cca_conf=0.3062, cca_ratio=1.5972, cca_scores=[0.08673980165115636, 0.27513055475057213, 0.10280968702217583, 0.4394401301883129], cca_probs=[0.21521994297600117, 0.25983615230257584, 0.21870644157612776, 0.3062374631452952]"
2026 06 19 17:14:28.335384,SSVEP_UPDATE,"fbcca_quad=3, fbcca_conf=0.3052, fbcca_ratio=1.5354, fbcca_consec=15, fbcca_scores=[0.030765427870685477, 0.2645218921667088, 0.07949769265045409, 0.40614151464181775], fbcca_probs=[0.20969571261341285, 0.2649163078473146, 0.22016775029667215, 0.3052202292426004], cca_quad=3, cca_conf=0.2802, cca_ratio=1.4684, cca_scores=[0.11641973115958654, 0.20546052323555244, 0.11503080225800229, 0.3016903600609195], cca_probs=[0.2328136177555834, 0.25449444324290643, 0.2324904806523788, 0.28020145834913135]"
2026 06 19 17:14:29.375287,SSVEP_UPDATE,"fbcca_quad=3, fbcca_conf=0.2853, fbcca_ratio=3.1796, fbcca_consec=16, fbcca_scores=[0.05908099600010228, 0.07693034641473559, 0.07932190122219306, 0.25220871738137424], fbcca_probs=[0.23521140856848163, 0.23944747244917727, 0.24002080951328425, 0.2853203094690568], cca_quad=3, cca_conf=0.2784, cca_ratio=1.7239, cca_scores=[0.1561047105640852, 0.17907120561640685, 0.15268745662490452, 0.3087092912505248], cca_probs=[0.23896660639032424, 0.24451833967694442, 0.23815139050646475, 0.2783636634262665]"
2026 06 19 17:14:30.395310,SSVEP_UPDATE,"fbcca_quad=3, fbcca_conf=0.3136, fbcca_ratio=4.0367, fbcca_consec=17, fbcca_scores=[0.037998276214163886, 0.09623380904582522, 0.08375315351671332, 0.3884688876633403], fbcca_probs=[0.22092036606188165, 0.23416777247731513, 0.23126336731390496, 0.3136484941468983], cca_quad=3, cca_conf=0.2936, cca_ratio=2.2284, cca_scores=[0.13216809078046798, 0.16484984116308052, 0.1688311903545003, 0.376216868966025], cca_probs=[0.2300452041126916, 0.23768768870644347, 0.23863589270679103, 0.29363121447407386]"
2026 06 19 17:14:30.395310,SSVEP_CONFIRMED,"fbcca_quad=3, fbcca_conf=0.3136, fbcca_ratio=4.0367, fbcca_consec=17, fbcca_scores=[0.037998276214163886, 0.09623380904582522, 0.08375315351671332, 0.3884688876633403], fbcca_probs=[0.22092036606188165, 0.23416777247731513, 0.23126336731390496, 0.3136484941468983], cca_quad=3, cca_conf=0.2936, cca_ratio=2.2284, cca_scores=[0.13216809078046798, 0.16484984116308052, 0.1688311903545003, 0.376216868966025], cca_probs=[0.2300452041126916, 0.23768768870644347, 0.23863589270679103, 0.29363121447407386]"
2026 06 19 17:14:30.395310,SELECTION,"quad=3, result=navigate, output='Print CIRCLE'"
2026 06 19 17:14:33.409097,PHASE_SSVEP,
2026 06 19 17:14:33.541484,SSVEP_UPDATE,"fbcca_quad=3, fbcca_conf=0.2564, fbcca_ratio=1.1494, fbcca_consec=1, fbcca_scores=[0.01338478627055285, 0.07299416401026233, 0.06247483547720108, 0.08389843593116975], fbcca_probs=[0.23896027467154587, 0.25363765695064605, 0.2509835433298784, 0.25641852504792967], cca_quad=2, cca_conf=0.2570, cca_ratio=1.1232, cca_scores=[0.05630078916239765, 0.10815508462217589, 0.13078903609393466, 0.11644086876961034], cca_probs=[0.2385188787358671, 0.2512133953928397, 0.2569641832128501, 0.2533035426584431]"
2026 06 19 17:14:34.560229,SSVEP_UPDATE,"fbcca_quad=3, fbcca_conf=0.2528, fbcca_ratio=1.0421, fbcca_consec=2, fbcca_scores=[0.0494582184991437, 0.04979805281623635, 0.06749250178235537, 0.07033275737596725], fbcca_probs=[0.24754731904608182, 0.24763145841611087, 0.25205215618460486, 0.2527690663532025], cca_quad=2, cca_conf=0.2534, cca_ratio=1.1215, cca_scores=[0.10193547596344445, 0.08980024858470405, 0.11699294959080928, 0.10431851978260667], cca_probs=[0.24965700861914453, 0.24664567263127854, 0.2534446570873684, 0.25025266166220855]"
2026 06 19 17:14:35.576809,SSVEP_UPDATE,"fbcca_quad=2, fbcca_conf=0.2915, fbcca_ratio=6.0008, fbcca_consec=1, fbcca_scores=[0.02685702853558527, 0.03619173790298969, 0.2450572884714746, 0.040837533903501096], fbcca_probs=[0.23434058654322462, 0.23653832949880269, 0.2914812890232737, 0.237639794934699], cca_quad=2, cca_conf=0.2784, cca_ratio=2.5031, cca_scores=[0.08096519676404473, 0.09259603576775398, 0.23177873592449713, 0.08308290632619338], cca_probs=[0.2394292857049875, 0.24223030671607254, 0.2784035429234527, 0.23993686465548725]"
2026 06 19 17:14:36.599931,SSVEP_UPDATE,"fbcca_quad=2, fbcca_conf=0.3449, fbcca_ratio=6.9017, fbcca_consec=2, fbcca_scores=[0.02364865379878682, 0.073003163177174, 0.5146473405383658, 0.07456807835999149], fbcca_probs=[0.21111396632239907, 0.22179479815765835, 0.3449490755902113, 0.2221421599297312], cca_quad=2, cca_conf=0.2967, cca_ratio=2.5783, cca_scores=[0.0819109363158565, 0.13532926313043564, 0.3489236266180336, 0.12230771175016575], cca_probs=[0.22716164118517293, 0.239626189796232, 0.2966860562545032, 0.23652611276409186]"
2026 06 19 17:14:37.615280,SSVEP_UPDATE,"fbcca_quad=2, fbcca_conf=0.3436, fbcca_ratio=10.7975, fbcca_consec=3, fbcca_scores=[0.044020187678342426, 0.015763210757133987, 0.47530849261033337, 0.012446484918816284], fbcca_probs=[0.22319947306251153, 0.21698080485795135, 0.3435573909147052, 0.21626233116483196], cca_quad=2, cca_conf=0.2964, cca_ratio=2.6929, cca_scores=[0.118973921660778, 0.08497399467323836, 0.3203826856518359, 0.05312303550513987], cca_probs=[0.2423674444836638, 0.23426548259402089, 0.29644559303010437, 0.22692147989221095]"
2026 06 19 17:14:38.631245,SSVEP_UPDATE,"fbcca_quad=2, fbcca_conf=0.3668, fbcca_ratio=10.6416, fbcca_consec=4, fbcca_scores=[0.05481019933170678, 0.01732580975122333, 0.5832660104316137, 0.019360689615112687], fbcca_probs=[0.21623062632916926, 0.2082753834612669, 0.36679435986501896, 0.20869963034454495], cca_quad=2, cca_conf=0.3102, cca_ratio=2.6390, cca_scores=[0.14627895483493883, 0.05751225312764854, 0.38602352485005725, 0.052515023750644915], cca_probs=[0.24411194756200108, 0.22337684204109942, 0.3102478491962263, 0.22226336120067322]"
2026 06 19 17:14:38.631245,SSVEP_CONFIRMED,"fbcca_quad=2, fbcca_conf=0.3668, fbcca_ratio=10.6416, fbcca_consec=4, fbcca_scores=[0.05481019933170678, 0.01732580975122333, 0.5832660104316137, 0.019360689615112687], fbcca_probs=[0.21623062632916926, 0.2082753834612669, 0.36679435986501896, 0.20869963034454495], cca_quad=2, cca_conf=0.3102, cca_ratio=2.6390, cca_scores=[0.14627895483493883, 0.05751225312764854, 0.38602352485005725, 0.052515023750644915], cca_probs=[0.24411194756200108, 0.22337684204109942, 0.3102478491962263, 0.22226336120067322]"
2026 06 19 17:14:38.631245,SELECTION,"quad=2, result=run, output='Print CIRCLE'"
2026 06 19 17:14:38.637261,AI_REQUEST,"raw='Print CIRCLE', refined=""Python으로 다음 입력을 해석한 코드 후보 2개를 작성해줘.\n두 후보는 코드 구조만 다르게 만들지 말고, 입력 문장에 대한 해석/보정 문장 자체가 서로 달라야 해.\n1번과 2번의 '# 의도:' 문장은 반드시 서로 달라야 해.\n1번은 입력을 가장 단순하고 직접적인 의미로 해석한 코드로 작성해줘.\n2번은 입력을 다르게 해석할 수 있는 합리적인 대안 의도로 작성해줘.\n두 후보는 모두 기본적으로 콘솔에서 실행 가능한 Python 코드로 작성해줘.\n명령에 GUI, 웹, 파일 저장이 명시되지 않았다면 GUI, 웹 서버, 파일 입출력은 사용하지 마.\n단순히 print를 함수로 감싸거나, def/main/while만 추가하거나, 변수명만 다른 중복 후보는 만들지 마.\n반드시 아래 형식으로만 출력해줘.\n### CODE 1\n# 의도: [첫 번째 보정 문장]\n[첫 번째 Python 코드]\n### CODE 2\n# 의도: [두 번째 보정 문장]\n[두 번째 Python 코드]\n입력: Print CIRCLE"""
2026 06 19 17:14:44.781638,AI_RESULT,"status=ok, code_files=['ai_001.py', 'ai_002.py']"
2026 06 19 17:15:14.795331,PHASE_AI_CHOICE,
2026 06 19 17:15:14.926587,SSVEP_UPDATE,"fbcca_quad=2, fbcca_conf=0.2611, fbcca_ratio=1.3290, fbcca_consec=1, fbcca_scores=[0.09844590061522156, 0.062457457463767185, 0.13083792411368014, 0.05528138985048659], fbcca_probs=[0.2528235579033445, 0.24388660963965272, 0.26114710502621213, 0.24214272743079063], cca_quad=0, cca_conf=0.2611, cca_ratio=1.0886, cca_scores=[0.18904169334012513, 0.12090610306629959, 0.17365104514315954, 0.09656270090744838], cca_probs=[0.2610605241269519, 0.24386546087674413, 0.2570733944004559, 0.23800062059584812]"
2026 06 19 17:15:15.949954,SSVEP_UPDATE,"fbcca_quad=2, fbcca_conf=0.2550, fbcca_ratio=1.1406, fbcca_consec=2, fbcca_scores=[0.08020542161776038, 0.06645184893514312, 0.09148594972243618, 0.04746885543264949], fbcca_probs=[0.2521763802393618, 0.24873179603270068, 0.25503716824746736, 0.24405465548047015], cca_quad=0, cca_conf=0.2612, cca_ratio=1.2604, cca_scores=[0.18105568941206504, 0.14365355629000362, 0.11961011744980551, 0.10224838735842443], cca_probs=[0.2612391060110407, 0.2516486754653207, 0.24567033387013892, 0.24144188465349964]"
2026 06 19 17:15:16.969256,SSVEP_UPDATE,"fbcca_quad=1, fbcca_conf=0.2541, fbcca_ratio=1.0152, fbcca_consec=1, fbcca_scores=[0.057091288597259995, 0.09166395554638687, 0.09029244249228151, 0.0616539425293732], fbcca_probs=[0.24548860735582112, 0.2541242211781568, 0.253775925392152, 0.24661124607387006], cca_quad=2, cca_conf=0.2580, cca_ratio=1.1695, cca_scores=[0.10618031788772003, 0.12809691727302058, 0.14980785948297717, 0.0874227094116614], cca_probs=[0.24702526202710737, 0.25249897926613685, 0.25804091262272855, 0.2424348460840273]"
2026 06 19 17:15:17.991498,SSVEP_UPDATE,"fbcca_quad=0, fbcca_conf=0.2621, fbcca_ratio=1.7052, fbcca_consec=1, fbcca_scores=[0.1265940056528878, 0.07424202777652679, 0.06448345796492701, 0.04971841452634081], fbcca_probs=[0.26213839552440366, 0.24876796974595336, 0.24635215675754246, 0.24274147797210058], cca_quad=0, cca_conf=0.2681, cca_ratio=1.4899, cca_scores=[0.2006197682180263, 0.1346493007101881, 0.10130549184757581, 0.08297457959300622], cca_probs=[0.26805138163170494, 0.250938582293736, 0.24270929450499226, 0.23830074156956682]"
2026 06 19 17:15:19.026465,SSVEP_UPDATE,"fbcca_quad=0, fbcca_conf=0.3157, fbcca_ratio=4.2819, fbcca_consec=2, fbcca_scores=[0.36891010801910085, 0.029942241502187904, 0.08615657849486433, 0.013846175482088764], fbcca_probs=[0.31572239178467915, 0.2249538913669711, 0.23796171298954893, 0.2213620038588008], cca_quad=0, cca_conf=0.3024, cca_ratio=2.1112, cca_scores=[0.3847000154209955, 0.11792057318905942, 0.18222031933693855, 0.06207595697978541], cca_probs=[0.30240797423942534, 0.2315967172938983, 0.24697751935110135, 0.21901778911557496]"
2026 06 19 17:15:20.045968,SSVEP_UPDATE,"fbcca_quad=0, fbcca_conf=0.3482, fbcca_ratio=4.5643, fbcca_consec=3, fbcca_scores=[0.5299720186819092, 0.03234669203084519, 0.11611215804901259, 0.024087813038477672], fbcca_probs=[0.3481847521732145, 0.2116868180961568, 0.23018270780159183, 0.20994572192903682], cca_quad=0, cca_conf=0.3078, cca_ratio=2.0192, cca_scores=[0.4064683152795401, 0.08325638295224111, 0.20129920910987426, 0.06487228455029807], cca_probs=[0.3077903057715139, 0.22278491367765899, 0.2506981484257933, 0.21872663212503382]"
2026 06 19 17:15:21.078146,SSVEP_UPDATE,"fbcca_quad=0, fbcca_conf=0.3362, fbcca_ratio=4.0954, fbcca_consec=4, fbcca_scores=[0.5164696040810826, 0.12610973305597806, 0.06255802871827705, 0.10528067838792574], fbcca_probs=[0.33615548795821354, 0.22751449341427762, 0.21350542439314604, 0.22282459423436282], cca_quad=0, cca_conf=0.3019, cca_ratio=2.7244, cca_scores=[0.39448611919232734, 0.14479957354975115, 0.14002817374347898, 0.11670056073425526], cca_probs=[0.30194687796725667, 0.23523018737919402, 0.2341104835104028, 0.22871245114314653]"
2026 06 19 17:15:21.078146,SSVEP_CONFIRMED,"fbcca_quad=0, fbcca_conf=0.3362, fbcca_ratio=4.0954, fbcca_consec=4, fbcca_scores=[0.5164696040810826, 0.12610973305597806, 0.06255802871827705, 0.10528067838792574], fbcca_probs=[0.33615548795821354, 0.22751449341427762, 0.21350542439314604, 0.22282459423436282], cca_quad=0, cca_conf=0.3019, cca_ratio=2.7244, cca_scores=[0.39448611919232734, 0.14479957354975115, 0.14002817374347898, 0.11670056073425526], cca_probs=[0.30194687796725667, 0.23523018737919402, 0.2341104835104028, 0.22871245114314653]"
2026 06 19 17:15:21.078146,AI_CHOICE,"quad=0, label='1번 코드', files=['ai_001.py', 'ai_002.py']"
2026 06 19 17:15:21.078146,AI_CODE_SELECTED,"option=1, file='ai_001.py'"
