timestamp,event,data
2026 05 21 20:46:07.560566,PHASE_PREPARING,
2026 05 21 20:46:12.563108,PHASE_SSVEP,
2026 05 21 20:46:12.645612,SSVEP_UPDATE,"fbcca_quad=1, fbcca_conf=0.2608, fbcca_ratio=1.1768, fbcca_consec=1, fbcca_scores=[0.03999286811080184, 0.10580275203084796, 0.015408488435477622, 0.08990680393311937], fbcca_probs=[0.24420503719189407, 0.26081675502205, 0.23827460453204247, 0.2567036032540135], cca_quad=1, cca_conf=0.2590, cca_ratio=1.1483, cca_scores=[0.11211268192916386, 0.15927284768987376, 0.08325850468331815, 0.13870190565090693], cca_probs=[0.24710919943612006, 0.25904207692392284, 0.2400809515665366, 0.2537677720734204]"
2026 05 21 20:46:13.663747,SSVEP_UPDATE,"fbcca_quad=3, fbcca_conf=0.2680, fbcca_ratio=1.2441, fbcca_consec=1, fbcca_scores=[0.07395681456813022, 0.1351206596993141, 0.009476248794006627, 0.1680969758055229], fbcca_probs=[0.24394163948220757, 0.259327789845763, 0.22870854151712836, 0.2680220291549011], cca_quad=3, cca_conf=0.2658, cca_ratio=1.1345, cca_scores=[0.15192166575893196, 0.1849453794728622, 0.038774974242711535, 0.20981905248250932], cca_probs=[0.25086542542120993, 0.2592882443354392, 0.22402775493371466, 0.2658185753096363]"
2026 05 21 20:46:14.675920,SSVEP_UPDATE,"fbcca_quad=1, fbcca_conf=0.2646, fbcca_ratio=1.2594, fbcca_consec=1, fbcca_scores=[0.07101571736417232, 0.15188477231618855, 0.03218987828359606, 0.12060453213839542], fbcca_probs=[0.24408186574250296, 0.2646406159437892, 0.23478679459106216, 0.2564907237226456], cca_quad=1, cca_conf=0.2615, cca_ratio=1.3395, cca_scores=[0.14045357259977193, 0.1936698893238884, 0.11468270520624553, 0.14457887173124784], cca_probs=[0.2479328630041717, 0.26148431806463923, 0.241625046126347, 0.24895777280484196]"
2026 05 21 20:46:15.692771,SSVEP_UPDATE,"fbcca_quad=0, fbcca_conf=0.2537, fbcca_ratio=1.0048, fbcca_consec=1, fbcca_scores=[0.11249615639361275, 0.11196249012748294, 0.06986922839153774, 0.0959100935120778], fbcca_probs=[0.2537242900054248, 0.2535889220348236, 0.24313607767706766, 0.2495507102826839], cca_quad=0, cca_conf=0.2564, cca_ratio=1.0037, cca_scores=[0.1788030305787163, 0.17813763288208426, 0.11767166860585948, 0.13826167529364874], cca_probs=[0.25639027541640586, 0.25621973066404, 0.24118624478234366, 0.24620374913721044]"
2026 05 21 20:46:16.720819,SSVEP_UPDATE,"fbcca_quad=0, fbcca_conf=0.2732, fbcca_ratio=2.1295, fbcca_consec=2, fbcca_scores=[0.20663252287550524, 0.07158134798332555, 0.09023151639559451, 0.09703221331295128], fbcca_probs=[0.27322541191345007, 0.23870917363749614, 0.243202914182771, 0.24486250026628273], cca_quad=0, cca_conf=0.2781, cca_ratio=1.8126, cca_scores=[0.2784770490395987, 0.1194282400118537, 0.12865029924936683, 0.15363420232412264], cca_probs=[0.27805216629687857, 0.2371659093347607, 0.2393631835236347, 0.24541874084472606]"
2026 05 21 20:46:17.737430,SSVEP_UPDATE,"fbcca_quad=0, fbcca_conf=0.2575, fbcca_ratio=1.2619, fbcca_consec=3, fbcca_scores=[0.09867364306107239, 0.07819518522591376, 0.026307629394924432, 0.0713871834535314], fbcca_probs=[0.25753266129624525, 0.2523124231954257, 0.23955440178376933, 0.25060051372455966], cca_quad=0, cca_conf=0.2705, cca_ratio=1.6962, cca_scores=[0.20582485427158553, 0.1213456151342673, 0.062287529433305164, 0.11342579358093025], cca_probs=[0.2704880909249027, 0.24857604927663238, 0.23432071322523182, 0.24661514657323313]"
2026 05 21 20:46:18.747105,SSVEP_UPDATE,"fbcca_quad=0, fbcca_conf=0.2594, fbcca_ratio=1.0128, fbcca_consec=4, fbcca_scores=[0.15226421427567252, 0.12902919748632438, 0.024433021986146036, 0.1503437642207773], fbcca_probs=[0.25939555685328264, 0.25343797699093557, 0.22826858747789971, 0.25889787867788217], cca_quad=0, cca_conf=0.2675, cca_ratio=1.2752, cca_scores=[0.22810063965020755, 0.15844476843909228, 0.06958545097745086, 0.17887018811294814], cca_probs=[0.2675165515144846, 0.24951663043773395, 0.228301300636542, 0.2546655174112395]"
2026 05 21 20:46:19.770166,SSVEP_UPDATE,"fbcca_quad=0, fbcca_conf=0.2676, fbcca_ratio=1.4866, fbcca_consec=5, fbcca_scores=[0.17118166256942732, 0.11089708435659201, 0.008994651514571359, 0.1151479054786864], fbcca_probs=[0.26757385181310317, 0.25191986264601607, 0.2275132773627377, 0.2529930081781431], cca_quad=0, cca_conf=0.2770, cca_ratio=1.8351, cca_scores=[0.24080226689714507, 0.13122308310545552, 0.043988796758367435, 0.126510886683503], cca_probs=[0.2770426122866033, 0.24828869094237235, 0.22754723863474932, 0.24712145813627498]"
2026 05 21 20:46:20.798259,SSVEP_UPDATE,"fbcca_quad=0, fbcca_conf=0.2971, fbcca_ratio=5.3548, fbcca_consec=6, fbcca_scores=[0.28714838423452016, 0.050085968758825754, 0.04594600250907975, 0.053624964838642146], fbcca_probs=[0.2970564350856229, 0.23436031116531256, 0.2333920730063697, 0.23519118074269488], cca_quad=0, cca_conf=0.3004, cca_ratio=3.2001, cca_scores=[0.34508946180422406, 0.10002892539299302, 0.06785738092558664, 0.10783804654480032], cca_probs=[0.30036085109738775, 0.2350795699598446, 0.22763705759106354, 0.23692252135170416]"
2026 05 21 20:46:21.822826,SSVEP_UPDATE,"fbcca_quad=0, fbcca_conf=0.2962, fbcca_ratio=2.6112, fbcca_consec=7, fbcca_scores=[0.2936718449702609, 0.04330649305795202, 0.11246530277432014, 0.02430470614567255], fbcca_probs=[0.29615220490603655, 0.23055931841162622, 0.24706883591909692, 0.22621964076324033], cca_quad=0, cca_conf=0.2988, cca_ratio=2.7348, cca_scores=[0.34219035718440655, 0.09900658582079933, 0.12512286437265197, 0.06466468894526232], cca_probs=[0.2988054510005633, 0.23430154150897792, 0.24050122985003006, 0.22639177764042873]"
2026 05 21 20:46:22.843760,SSVEP_UPDATE,"fbcca_quad=0, fbcca_conf=0.2957, fbcca_ratio=2.0770, fbcca_consec=8, fbcca_scores=[0.30182919629282223, 0.049851414645483934, 0.14531882765926854, 0.013431045045973455], fbcca_probs=[0.2956963357286132, 0.22983352747697128, 0.25285663455942065, 0.22161350223499485], cca_quad=0, cca_conf=0.3025, cca_ratio=2.1532, cca_scores=[0.3796889561226774, 0.12428416556899634, 0.17633710483126236, 0.04393493032005939], cca_probs=[0.3025358977444196, 0.2343451784711201, 0.24686659496593494, 0.21625232881852535]"
2026 05 21 20:46:23.870288,SSVEP_UPDATE,"fbcca_quad=0, fbcca_conf=0.2699, fbcca_ratio=1.0399, fbcca_consec=9, fbcca_scores=[0.17234142717111428, 0.02404802113904216, 0.1657293459288516, 0.009721795875073012], fbcca_probs=[0.26986894977302406, 0.23267510094671537, 0.26809044065538895, 0.22936550862487173], cca_quad=0, cca_conf=0.2859, cca_ratio=1.6655, cca_scores=[0.2855372820137513, 0.08671124806215988, 0.1714473853388493, 0.04401197913190859], cca_probs=[0.2859349328806541, 0.23437871413479158, 0.25510478462474234, 0.22458156835981202]"
2026 05 21 20:46:24.880612,SSVEP_UPDATE,"fbcca_quad=0, fbcca_conf=0.2732, fbcca_ratio=1.7867, fbcca_consec=10, fbcca_scores=[0.17046859230086084, 0.021652819178926124, 0.09540967552811187, 0.03151317046291529], fbcca_probs=[0.2732476725855309, 0.23546513042804415, 0.25348881321289884, 0.2377983837735261], cca_quad=0, cca_conf=0.2810, cca_ratio=1.8812, cca_scores=[0.27441708226038064, 0.09720715151444484, 0.145872682731038, 0.10209885860061686], cca_probs=[0.2810023007942046, 0.2353686307108004, 0.24710626274387312, 0.2365228057511219]"
2026 05 21 20:46:25.895093,SSVEP_UPDATE,"fbcca_quad=0, fbcca_conf=0.2869, fbcca_ratio=2.1111, fbcca_consec=11, fbcca_scores=[0.2552394800999596, 0.036567592537595964, 0.12090545183111392, 0.04114071832536281], fbcca_probs=[0.2869315336681493, 0.23057397439736502, 0.2508636590172223, 0.2316308329172634], cca_quad=0, cca_conf=0.2806, cca_ratio=1.9275, cca_scores=[0.2793767185316572, 0.10988412639180324, 0.1449402131867405, 0.11111681182451746], cca_probs=[0.28062805912143546, 0.2368761823790673, 0.2453274022588196, 0.23716835624067759]"
2026 05 21 20:46:26.922116,SSVEP_UPDATE,"fbcca_quad=0, fbcca_conf=0.3224, fbcca_ratio=6.2526, fbcca_consec=12, fbcca_scores=[0.397122320558621, 0.02850592941197534, 0.06351311543078217, 0.030957334838562268], fbcca_probs=[0.3224337029816474, 0.2230243931512621, 0.2309701168401627, 0.22357178702692784], cca_quad=0, cca_conf=0.3077, cca_ratio=3.1934, cca_scores=[0.398417642593237, 0.12476286156270038, 0.12286818221013071, 0.08445480844289949], cca_probs=[0.3076643184064727, 0.23400781969360965, 0.233564869665941, 0.22476299223397664]"
2026 05 21 20:46:26.922116,SSVEP_CONFIRMED,"fbcca_quad=0, fbcca_conf=0.3224, fbcca_ratio=6.2526, fbcca_consec=12, fbcca_scores=[0.397122320558621, 0.02850592941197534, 0.06351311543078217, 0.030957334838562268], fbcca_probs=[0.3224337029816474, 0.2230243931512621, 0.2309701168401627, 0.22357178702692784], cca_quad=0, cca_conf=0.3077, cca_ratio=3.1934, cca_scores=[0.398417642593237, 0.12476286156270038, 0.12286818221013071, 0.08445480844289949], cca_probs=[0.3076643184064727, 0.23400781969360965, 0.233564869665941, 0.22476299223397664]"
2026 05 21 20:46:26.922116,SELECTION,"quad=0, result=navigate, output=''"
2026 05 21 20:46:29.937928,PHASE_SSVEP,
2026 05 21 20:46:29.986425,SSVEP_UPDATE,"fbcca_quad=0, fbcca_conf=0.2534, fbcca_ratio=1.1569, fbcca_consec=1, fbcca_scores=[0.08514472789515798, 0.0735993648767063, 0.06612998140800086, 0.062049185595868105], fbcca_probs=[0.2533662852315263, 0.25045790097403364, 0.24859410424050274, 0.2475817095539372], cca_quad=0, cca_conf=0.2580, cca_ratio=1.1631, cca_scores=[0.14777136332775878, 0.1270447218897789, 0.09764898477558623, 0.09160779185502796], cca_probs=[0.25799898865367954, 0.25270657259384427, 0.24538619765362443, 0.24390824109885173]"
2026 05 21 20:46:30.991331,SSVEP_UPDATE,"fbcca_quad=3, fbcca_conf=0.2540, fbcca_ratio=1.0601, fbcca_consec=1, fbcca_scores=[0.09326058770111155, 0.0588912603503874, 0.08109938182487926, 0.0988631470057295], fbcca_probs=[0.2525414945795677, 0.24400927645574194, 0.24948888480171097, 0.25396034416297936], cca_quad=3, cca_conf=0.2548, cca_ratio=1.0649, cca_scores=[0.14461129958998234, 0.12152673903315046, 0.1193911955016501, 0.15400274297125455], cca_probs=[0.25241620383475155, 0.2466560280512128, 0.24612984540894484, 0.2547979227050908]"
2026 05 21 20:46:32.021385,SSVEP_UPDATE,"fbcca_quad=2, fbcca_conf=0.2852, fbcca_ratio=2.3615, fbcca_consec=1, fbcca_scores=[0.11648291454156735, 0.08886190041446353, 0.2750702707230239, 0.0794343516401466], fbcca_probs=[0.2434132031750883, 0.2367818870810678, 0.2852448060109282, 0.2345601037329157], cca_quad=2, cca_conf=0.2724, cca_ratio=1.5370, cca_scores=[0.15862906213066258, 0.12201769915124076, 0.24381411815062365, 0.10219867798745913], cca_probs=[0.2501187084810751, 0.2411271230868271, 0.2723589036153348, 0.23639526481676307]"
2026 05 21 20:46:33.032081,SSVEP_UPDATE,"fbcca_quad=2, fbcca_conf=0.3364, fbcca_ratio=5.8267, fbcca_consec=2, fbcca_scores=[0.021595332522898945, 0.08214984291788319, 0.4786629685985946, 0.07370757523540311], fbcca_probs=[0.21297643255745916, 0.22627159481300949, 0.3363825824308092, 0.22436939019872215], cca_quad=2, cca_conf=0.2988, cca_ratio=2.5494, cca_scores=[0.09183793825787097, 0.14479800002118373, 0.36915501536027917, 0.1326943980476065], cca_probs=[0.2264659517225376, 0.23878287634894066, 0.2988410083169616, 0.23591016361156014]"
2026 05 21 20:46:34.068063,SSVEP_UPDATE,"fbcca_quad=2, fbcca_conf=0.3316, fbcca_ratio=10.7418, fbcca_consec=3, fbcca_scores=[0.03990238414648573, 0.028445767416945378, 0.4286240358097178, 0.02507752711702718], fbcca_probs=[0.2247702601080168, 0.22220984821990755, 0.3315572405418911, 0.22146265113018446], cca_quad=2, cca_conf=0.2912, cca_ratio=2.5643, cca_scores=[0.11657506645419737, 0.07225197060707056, 0.2989360440989389, 0.08005235413514654], cca_probs=[0.24266965813818037, 0.23214867132392972, 0.2912150694853459, 0.233966601052544]"
2026 05 21 20:46:35.078552,SSVEP_UPDATE,"fbcca_quad=2, fbcca_conf=0.3277, fbcca_ratio=17.2381, fbcca_consec=4, fbcca_scores=[0.02158426504442956, 0.010984852601972017, 0.39873073081653426, 0.023130802230375527], fbcca_probs=[0.22476343987068714, 0.22239366078898457, 0.32773158552117787, 0.22511131381915053], cca_quad=2, cca_conf=0.3065, cca_ratio=3.6831, cca_scores=[0.09954640105830015, 0.06298361861078854, 0.36664037975804076, 0.09137369092165074], cca_probs=[0.23462494789978405, 0.22620134062797412, 0.3064584708906817, 0.23271524058156012]"
2026 05 21 20:46:35.078552,SSVEP_CONFIRMED,"fbcca_quad=2, fbcca_conf=0.3277, fbcca_ratio=17.2381, fbcca_consec=4, fbcca_scores=[0.02158426504442956, 0.010984852601972017, 0.39873073081653426, 0.023130802230375527], fbcca_probs=[0.22476343987068714, 0.22239366078898457, 0.32773158552117787, 0.22511131381915053], cca_quad=2, cca_conf=0.3065, cca_ratio=3.6831, cca_scores=[0.09954640105830015, 0.06298361861078854, 0.36664037975804076, 0.09137369092165074], cca_probs=[0.23462494789978405, 0.22620134062797412, 0.3064584708906817, 0.23271524058156012]"
2026 05 21 20:46:35.078552,SELECTION,"quad=2, result=phrase, output='Search '"
2026 05 21 20:46:38.087637,PHASE_SSVEP,
2026 05 21 20:46:38.117048,SSVEP_UPDATE,"fbcca_quad=2, fbcca_conf=0.2620, fbcca_ratio=1.2414, fbcca_consec=1, fbcca_scores=[0.09144976353758784, 0.024808927517926883, 0.11352682763727376, 0.03342872736882178], fbcca_probs=[0.25631273843264074, 0.23978855096973803, 0.26203429640242876, 0.24186441419519245], cca_quad=2, cca_conf=0.2606, cca_ratio=1.1098, cca_scores=[0.1267373817858499, 0.06415328506186975, 0.14065399615163188, 0.0619211081755758], cca_probs=[0.2570305826512974, 0.24143758192172374, 0.26063258384730575, 0.24089925157967304]"
2026 05 21 20:46:39.140933,SSVEP_UPDATE,"fbcca_quad=2, fbcca_conf=0.2653, fbcca_ratio=2.3827, fbcca_consec=2, fbcca_scores=[0.05186287433550367, 0.04039566723876554, 0.1235760366971487, 0.03778925523305394], fbcca_probs=[0.24697636842636855, 0.24416041567564606, 0.2653383542434636, 0.2435248616545218], cca_quad=2, cca_conf=0.2544, cca_ratio=1.0824, cca_scores=[0.1041955914080355, 0.08256607432877772, 0.11277927022672128, 0.08148412930229114], cca_probs=[0.25222157714545795, 0.24682472231860358, 0.2543958845830172, 0.24655781595292128]"
2026 05 21 20:46:40.151181,SSVEP_UPDATE,"fbcca_quad=2, fbcca_conf=0.2853, fbcca_ratio=3.1329, fbcca_consec=3, fbcca_scores=[0.06981925630429, 0.024189800275464395, 0.21873921865791315, 0.02131733960431809], fbcca_probs=[0.24578288663010514, 0.23481996532384325, 0.28525072601097873, 0.23414642203507302], cca_quad=2, cca_conf=0.2774, cca_ratio=1.5857, cca_scores=[0.1501202044536666, 0.08785631991531041, 0.23804270528953925, 0.04980918176392466], cca_probs=[0.25405894524183736, 0.2387226513398903, 0.2774078507894461, 0.22981055262882621]"
2026 05 21 20:46:41.183583,SSVEP_UPDATE,"fbcca_quad=2, fbcca_conf=0.3064, fbcca_ratio=7.0339, fbcca_consec=4, fbcca_scores=[0.04479172154985142, 0.027994393017525845, 0.31505971958750856, 0.026836575906935146], fbcca_probs=[0.2338708832773478, 0.2299752866200991, 0.3064446587182009, 0.2297091713843522], cca_quad=2, cca_conf=0.2903, cca_ratio=2.3351, cca_scores=[0.12543195451200592, 0.08393431431943502, 0.29289250756840896, 0.05401231311389026], cca_probs=[0.24553607168106661, 0.23555542303436874, 0.29029696636869484, 0.2286115389158698]"
2026 05 21 20:46:41.184594,SSVEP_CONFIRMED,"fbcca_quad=2, fbcca_conf=0.3064, fbcca_ratio=7.0339, fbcca_consec=4, fbcca_scores=[0.04479172154985142, 0.027994393017525845, 0.31505971958750856, 0.026836575906935146], fbcca_probs=[0.2338708832773478, 0.2299752866200991, 0.3064446587182009, 0.2297091713843522], cca_quad=2, cca_conf=0.2903, cca_ratio=2.3351, cca_scores=[0.12543195451200592, 0.08393431431943502, 0.29289250756840896, 0.05401231311389026], cca_probs=[0.24553607168106661, 0.23555542303436874, 0.29029696636869484, 0.2286115389158698]"
2026 05 21 20:46:41.184594,SELECTION,"quad=2, result=navigate, output='Search '"
2026 05 21 20:46:44.188619,PHASE_SSVEP,
2026 05 21 20:46:44.319905,SSVEP_UPDATE,"fbcca_quad=1, fbcca_conf=0.2741, fbcca_ratio=1.3175, fbcca_consec=1, fbcca_scores=[0.017929370539394075, 0.22317261400123198, 0.10214101194662094, 0.16939094047766962], fbcca_probs=[0.2232533360870743, 0.2741157346350712, 0.24286817449083228, 0.25976275478702215], cca_quad=1, cca_conf=0.2664, cca_ratio=1.3970, cca_scores=[0.06343939438918077, 0.19043767483513438, 0.11397885598093438, 0.13632002955212824], cca_probs=[0.23458453666450954, 0.2663508170322502, 0.24674501661431553, 0.25231962968892474]"
2026 05 21 20:46:45.341143,SSVEP_UPDATE,"fbcca_quad=3, fbcca_conf=0.2691, fbcca_ratio=1.0109, fbcca_consec=1, fbcca_scores=[0.03895217253338873, 0.19294048827744276, 0.04695335677815582, 0.19503795683756006], fbcca_probs=[0.23023241674651929, 0.2685608780234223, 0.23208193804534075, 0.2691247671847176], cca_quad=1, cca_conf=0.2607, cca_ratio=1.0194, cca_scores=[0.12912194759392392, 0.1877764109876651, 0.07830123936987453, 0.1842026655862117], cca_probs=[0.24585224337889866, 0.2607038743595412, 0.23367003434545833, 0.25977384791610175]"
2026 05 21 20:46:46.354055,SSVEP_UPDATE,"fbcca_quad=1, fbcca_conf=0.2579, fbcca_ratio=1.4541, fbcca_consec=1, fbcca_scores=[0.04622658798802163, 0.08472002051768093, 0.023998191619296082, 0.05826169019970739], fbcca_probs=[0.24817784398098414, 0.2579173112496977, 0.2427221092508287, 0.2511827355184894], cca_quad=1, cca_conf=0.2587, cca_ratio=1.2385, cca_scores=[0.11172427206279181, 0.1383704162308809, 0.06381459285329219, 0.10172375771080934], cca_probs=[0.25187181497118144, 0.2586734438216659, 0.24008922093051593, 0.24936552027663672]"
2026 05 21 20:46:47.386168,SSVEP_UPDATE,"fbcca_quad=1, fbcca_conf=0.2608, fbcca_ratio=1.3845, fbcca_consec=2, fbcca_scores=[0.026610566087955343, 0.09907442208920543, 0.02755328959024244, 0.0715612158244029], fbcca_probs=[0.24259636219296385, 0.260828435860483, 0.24282517132009762, 0.25375003062645546], cca_quad=1, cca_conf=0.2654, cca_ratio=1.2822, cca_scores=[0.10617133527425097, 0.20004389656154153, 0.09549100366092653, 0.15602105204606298], cca_probs=[0.24160954229591627, 0.2653886944470477, 0.2390428034729838, 0.25395895978405225]"
2026 05 21 20:46:48.406860,SSVEP_UPDATE,"fbcca_quad=1, fbcca_conf=0.2532, fbcca_ratio=1.0285, fbcca_consec=3, fbcca_scores=[0.05474402495968676, 0.0915499848732925, 0.07890035260096706, 0.0890122877659955], fbcca_probs=[0.24409269283769486, 0.25324413951273184, 0.25006087031215674, 0.25260229733741657], cca_quad=1, cca_conf=0.2572, cca_ratio=1.0476, cca_scores=[0.13584350717541094, 0.1803621590340109, 0.11745233400295234, 0.17216612603220913], cca_probs=[0.2460453297088214, 0.25724641478594495, 0.2415616241230408, 0.25514663138219285]"
2026 05 21 20:46:49.428406,SSVEP_UPDATE,"fbcca_quad=1, fbcca_conf=0.2719, fbcca_ratio=2.2169, fbcca_consec=4, fbcca_scores=[0.08175200047859417, 0.18123651180327882, 0.05064778394108387, 0.07087207340503837], fbcca_probs=[0.24611416800532068, 0.2718580451358708, 0.2385768091244637, 0.24345097773434474], cca_quad=1, cca_conf=0.2688, cca_ratio=1.3790, cca_scores=[0.15875847528889264, 0.21893505712453035, 0.08968753835148602, 0.11360134807171803], cca_probs=[0.25309203682534237, 0.26878983355262126, 0.23620079452914883, 0.2419173350928876]"
2026 05 21 20:46:50.456482,SSVEP_UPDATE,"fbcca_quad=1, fbcca_conf=0.2743, fbcca_ratio=1.3323, fbcca_consec=5, fbcca_scores=[0.1433014422724974, 0.1909140779863965, 0.03275507749739547, 0.014964588837144702], fbcca_probs=[0.2615291061248528, 0.2742823958741234, 0.23415872960234396, 0.23002976839867978], cca_quad=1, cca_conf=0.2712, cca_ratio=1.1119, cca_scores=[0.2068576278655425, 0.23000955616480076, 0.10051804491752125, 0.046138689507113764], cca_probs=[0.2649657521983981, 0.27117178388905017, 0.23823581386539558, 0.22562665004715632]"
2026 05 21 20:46:51.481007,SSVEP_UPDATE,"fbcca_quad=1, fbcca_conf=0.2817, fbcca_ratio=1.3741, fbcca_consec=6, fbcca_scores=[0.18754605491152143, 0.25771344002183016, 0.06252742387431753, 0.027708794541995256], fbcca_probs=[0.26264293095628205, 0.2817338463035825, 0.23177725476377514, 0.2238459679763603], cca_quad=1, cca_conf=0.2755, cca_ratio=1.2910, cca_scores=[0.20151348701072147, 0.2601516777329501, 0.11706552711020193, 0.06235830043345512], cca_probs=[0.259773727835992, 0.2754618559960484, 0.23873711627286764, 0.226027299895092]"
2026 05 21 20:46:52.494858,SSVEP_UPDATE,"fbcca_quad=1, fbcca_conf=0.2981, fbcca_ratio=2.2531, fbcca_consec=7, fbcca_scores=[0.038079582501970334, 0.31417672868991575, 0.13944417305323845, 0.03404946596491908], fbcca_probs=[0.2262118993250635, 0.2981418302785794, 0.25034419680433834, 0.22530207359201868], cca_quad=1, cca_conf=0.2896, cca_ratio=2.0420, cca_scores=[0.09843185131107965, 0.30830007668260667, 0.15098199253689093, 0.06997494211098537], cca_probs=[0.23477401941067214, 0.2895973926915011, 0.2474413472678058, 0.22818724063002097]"
2026 05 21 20:46:53.530300,SSVEP_UPDATE,"fbcca_quad=2, fbcca_conf=0.2826, fbcca_ratio=1.2493, fbcca_consec=1, fbcca_scores=[0.020705522854148485, 0.20256881662021356, 0.2530615431953371, 0.023618940627449906], fbcca_probs=[0.22401751505126907, 0.26869785555039366, 0.28261350608253877, 0.22467112331579855], cca_quad=1, cca_conf=0.2806, cca_ratio=1.4613, cca_scores=[0.0902066851839955, 0.2791347163130365, 0.19101957485018312, 0.0806164314429647], cca_probs=[0.23231613820760824, 0.2806272117271058, 0.25695783323944404, 0.23009881682584193]"
2026 05 21 20:46:54.543015,SSVEP_UPDATE,"fbcca_quad=1, fbcca_conf=0.2569, fbcca_ratio=1.0116, fbcca_consec=1, fbcca_scores=[0.06397693679258505, 0.1059068436508464, 0.1046961728298681, 0.03904516908138564], fbcca_probs=[0.24632013267247405, 0.2568679010600646, 0.25655710676016186, 0.24025485950729955], cca_quad=1, cca_conf=0.2664, cca_ratio=1.5133, cca_scores=[0.15032971468910086, 0.22748653959858947, 0.14470704667694695, 0.13085790306375505], cca_probs=[0.24658959705081532, 0.2663689104204703, 0.24520699620662348, 0.24183449632209103]"
2026 05 21 20:46:55.557866,SSVEP_UPDATE,"fbcca_quad=3, fbcca_conf=0.2519, fbcca_ratio=1.1673, fbcca_consec=1, fbcca_scores=[0.04946065698972324, 0.045008487850303605, 0.04919004043779332, 0.057734988061587264], fbcca_probs=[0.2497754640283801, 0.24866589324685234, 0.2497078797986661, 0.2518507629261014], cca_quad=1, cca_conf=0.2574, cca_ratio=1.0500, cca_scores=[0.1121361651689957, 0.16405447145939636, 0.10507825494439806, 0.15623768567655377], cca_probs=[0.24441839567023338, 0.25744337665951217, 0.2426993860201489, 0.2554388416501056]"
2026 05 21 20:46:56.585965,SSVEP_UPDATE,"fbcca_quad=1, fbcca_conf=0.2971, fbcca_ratio=2.9254, fbcca_consec=1, fbcca_scores=[0.047078407407283966, 0.29865151665048045, 0.03355611156772445, 0.10208986574153628], fbcca_probs=[0.23099124751749073, 0.29706558208049877, 0.2278887393239958, 0.24405443107801467], cca_quad=1, cca_conf=0.2974, cca_ratio=1.9030, cca_scores=[0.14179745604248845, 0.38782566593704254, 0.0976266036412569, 0.2037937822244339], cca_probs=[0.23257520075608404, 0.29744871594189853, 0.22252573646920282, 0.2474503468328146]"
2026 05 21 20:46:57.598358,SSVEP_UPDATE,"fbcca_quad=1, fbcca_conf=0.2993, fbcca_ratio=2.9212, fbcca_consec=2, fbcca_scores=[0.05246306882446709, 0.31474324790134184, 0.03886745131527376, 0.1077439565948005], fbcca_probs=[0.23024368160174738, 0.29929161897150386, 0.227134559679906, 0.24333013974684276], cca_quad=1, cca_conf=0.2977, cca_ratio=2.1737, cca_scores=[0.11843684841168048, 0.3681536957916746, 0.09361959351246377, 0.16937051370470477], cca_probs=[0.231943051133793, 0.2977364560855855, 0.22625770050536942, 0.2440627922752521]"
2026 05 21 20:46:58.612011,SSVEP_UPDATE,"fbcca_quad=1, fbcca_conf=0.2962, fbcca_ratio=2.8325, fbcca_consec=3, fbcca_scores=[0.08942350143606839, 0.3279219944564548, 0.07893276366851344, 0.11577007802880003], fbcca_probs=[0.2333394137702562, 0.29618746989068434, 0.2309043065383142, 0.23956880980074532], cca_quad=1, cca_conf=0.2857, cca_ratio=2.0305, cca_scores=[0.16321834205214217, 0.33141645734583486, 0.14095824335059798, 0.14263393588649684], cca_probs=[0.2415002287489012, 0.2857360651442081, 0.23618380144639675, 0.23657990466049403]"
2026 05 21 20:46:59.640256,SSVEP_UPDATE,"fbcca_quad=1, fbcca_conf=0.2869, fbcca_ratio=3.2043, fbcca_consec=4, fbcca_scores=[0.036411445052621075, 0.25304079783982947, 0.07896864901403493, 0.07889334259378461], fbcca_probs=[0.23101321823112556, 0.2868915539215451, 0.24105669014011769, 0.24103853770721176], cca_quad=1, cca_conf=0.2838, cca_ratio=1.7997, cca_scores=[0.10792596775353812, 0.2983733408546685, 0.1657896048246, 0.10182479468239726], cca_probs=[0.2345612596661069, 0.28377003156323144, 0.24853419111979294, 0.23313451765086876]"
2026 05 21 20:47:00.651077,SSVEP_UPDATE,"fbcca_quad=1, fbcca_conf=0.2826, fbcca_ratio=2.4685, fbcca_consec=5, fbcca_scores=[0.029507765605947516, 0.23527807255868285, 0.07868536807227569, 0.09531091323950378], fbcca_probs=[0.230049299752959, 0.28260889339478096, 0.24164536927677044, 0.24569643757548962], cca_quad=1, cca_conf=0.2788, cca_ratio=1.8506, cca_scores=[0.1206350799143176, 0.29400756038257847, 0.15887561296499914, 0.1570723036755971], cca_probs=[0.23444463782789307, 0.2788271217490837, 0.2435835505413897, 0.2431446898816336]"
2026 05 21 20:47:01.702772,SSVEP_UPDATE,"fbcca_quad=1, fbcca_conf=0.2769, fbcca_ratio=1.3413, fbcca_consec=6, fbcca_scores=[0.019260079242867868, 0.23702682905394856, 0.09335305812421567, 0.1767104750997279], fbcca_probs=[0.22268111065155713, 0.27685876451827174, 0.23980683133942943, 0.2606532934907417], cca_quad=1, cca_conf=0.2720, cca_ratio=1.2049, cca_scores=[0.07277213156664115, 0.2702168243068352, 0.16541497699146662, 0.2242697575344541], cca_probs=[0.2232675577383089, 0.27200366908513757, 0.24494010424161233, 0.2597886689349412]"
2026 05 21 20:47:02.724849,SSVEP_UPDATE,"fbcca_quad=1, fbcca_conf=0.3020, fbcca_ratio=2.3636, fbcca_consec=7, fbcca_scores=[0.029273979970098576, 0.33361782248638544, 0.044551402747235444, 0.1411461238337837], fbcca_probs=[0.22274196755919454, 0.3019791115339833, 0.22617101759671845, 0.24910790331010374], cca_quad=1, cca_conf=0.2886, cca_ratio=1.4925, cca_scores=[0.09709157691946886, 0.33337995402411513, 0.08475673886540183, 0.22337110035859725], cca_probs=[0.22784857862814978, 0.2885792245100607, 0.22505536563996326, 0.2585168312218262]"
2026 05 21 20:47:03.740269,SSVEP_UPDATE,"fbcca_quad=1, fbcca_conf=0.2848, fbcca_ratio=1.4438, fbcca_consec=8, fbcca_scores=[0.0260656130999224, 0.2905843637560678, 0.10323787619404945, 0.20126572974465276], fbcca_probs=[0.21860233161770803, 0.28479595955443193, 0.2361403909155591, 0.26046131791230087], cca_quad=1, cca_conf=0.2877, cca_ratio=1.3614, cca_scores=[0.11367702039251266, 0.36225261506849327, 0.1228358587027998, 0.2660911474747756], cca_probs=[0.22441444709451241, 0.2877436982409195, 0.2264792639580474, 0.26136259070652057]"
2026 05 21 20:47:04.766152,SSVEP_UPDATE,"fbcca_quad=3, fbcca_conf=0.2685, fbcca_ratio=1.0063, fbcca_consec=1, fbcca_scores=[0.021550446206452346, 0.1752377374324898, 0.03635443990820945, 0.17634084331455974], fbcca_probs=[0.229966813068213, 0.2681703193806423, 0.23339656469325348, 0.26846630285789125], cca_quad=1, cca_conf=0.2741, cca_ratio=1.0851, cca_scores=[0.10160527864714324, 0.2745537017733492, 0.08605504035141982, 0.2530275302637443], cca_probs=[0.23058143088220986, 0.2741163092107459, 0.22702356917765007, 0.2682786907293942]"
2026 05 21 20:47:05.796469,SSVEP_UPDATE,"fbcca_quad=1, fbcca_conf=0.2672, fbcca_ratio=1.0466, fbcca_consec=1, fbcca_scores=[0.020624168112327975, 0.15366339562130088, 0.018127208967693303, 0.14681493209432903], fbcca_probs=[0.23395646294938138, 0.2672472526518172, 0.23337301194957016, 0.2654232724492313], cca_quad=1, cca_conf=0.2725, cca_ratio=1.1842, cca_scores=[0.08116943111852766, 0.23740588888092187, 0.07578574661973624, 0.2004846856355982], cca_probs=[0.23307532485493943, 0.27248897149947593, 0.23182389252252267, 0.2626118111230619]"
2026 05 21 20:47:06.825544,SSVEP_UPDATE,"fbcca_quad=3, fbcca_conf=0.2639, fbcca_ratio=1.1874, fbcca_consec=1, fbcca_scores=[0.011773268995273846, 0.09903725587773946, 0.02181754599123539, 0.11759583369205942], fbcca_probs=[0.23736594773673772, 0.2590100905062167, 0.23976213088346704, 0.26386183087357856], cca_quad=1, cca_conf=0.2634, cca_ratio=1.0028, cca_scores=[0.05963756957650939, 0.17512864597768618, 0.07712168788225535, 0.17463928360014433], cca_probs=[0.2346350570796891, 0.26336013625856086, 0.23877351741660674, 0.26323128924514333]"
2026 05 21 20:47:07.843051,SSVEP_UPDATE,"fbcca_quad=1, fbcca_conf=0.2646, fbcca_ratio=1.8699, fbcca_consec=1, fbcca_scores=[0.050070496278406124, 0.12517787520925236, 0.02915728434432912, 0.06694196422588958], fbcca_probs=[0.24543982338126474, 0.2645841048515825, 0.2403601892062687, 0.2496158825608839], cca_quad=1, cca_conf=0.2667, cca_ratio=1.5149, cca_scores=[0.1274554476222422, 0.19307751390223554, 0.0646904009915543, 0.12425200561241989], cca_probs=[0.24976341999090487, 0.2667031430445229, 0.23456883943194343, 0.24896459753262867]"
2026 05 21 20:47:08.872890,SSVEP_UPDATE,"fbcca_quad=1, fbcca_conf=0.2662, fbcca_ratio=1.7476, fbcca_consec=2, fbcca_scores=[0.028274613977929082, 0.13809229643877177, 0.07901946840291793, 0.052329475739002075], fbcca_probs=[0.23852256161480778, 0.2662089658521091, 0.25093871807964113, 0.244329754453442], cca_quad=1, cca_conf=0.2713, cca_ratio=1.4945, cca_scores=[0.11200709463186348, 0.23538560673516784, 0.15750271397114057, 0.1043603511639219], cca_probs=[0.23979427220971838, 0.27128227086630147, 0.2509558371269646, 0.23796761979701547]"
2026 05 21 20:47:09.881522,SSVEP_UPDATE,"fbcca_quad=1, fbcca_conf=0.2936, fbcca_ratio=3.8421, fbcca_consec=3, fbcca_scores=[0.04237621503172851, 0.2788313106972102, 0.07257174765507313, 0.05934716917441883], fbcca_probs=[0.23177535912868738, 0.2936015918706813, 0.23888067407146252, 0.23574237492916875], cca_quad=1, cca_conf=0.2928, cca_ratio=2.5152, cca_scores=[0.10258278006939739, 0.33551938786718294, 0.1333960427518777, 0.11927060838728301], cca_probs=[0.23199583506147956, 0.29284868055146906, 0.23925565869627763, 0.23589982569077375]"
2026 05 21 20:47:10.909427,SSVEP_UPDATE,"fbcca_quad=1, fbcca_conf=0.2700, fbcca_ratio=1.9160, fbcca_consec=4, fbcca_scores=[0.054417847956870255, 0.1807765329854572, 0.09435204003400231, 0.08107906665708406], fbcca_probs=[0.23795636320058405, 0.27000648952655676, 0.24765124865627403, 0.2443858986165851], cca_quad=1, cca_conf=0.2701, cca_ratio=1.6124, cca_scores=[0.11477808980887579, 0.2289547209864028, 0.14199417382294247, 0.11615932471962456], cca_probs=[0.2409683777362157, 0.2701135276348729, 0.24761665299018704, 0.2413014416387244]"
2026 05 21 20:47:11.937122,SSVEP_UPDATE,"fbcca_quad=2, fbcca_conf=0.2596, fbcca_ratio=1.1820, fbcca_consec=1, fbcca_scores=[0.05567931326089628, 0.10445872057048926, 0.12347485680023988, 0.05743796483435658], fbcca_probs=[0.24260683615062037, 0.2547344378007701, 0.25962485360990417, 0.24303387243870544], cca_quad=1, cca_conf=0.2635, cca_ratio=1.3766, cca_scores=[0.11913235977992642, 0.19947282596571642, 0.14490443424595417, 0.12174483179418769], cca_probs=[0.24316825555820845, 0.263510727736691, 0.24951666034850534, 0.2438043563565952]"
2026 05 21 20:47:12.953774,SSVEP_UPDATE,"fbcca_quad=1, fbcca_conf=0.2619, fbcca_ratio=1.7052, fbcca_consec=1, fbcca_scores=[0.031104667702486072, 0.1137174179641869, 0.06668750248782557, 0.05629847493602642], fbcca_probs=[0.2410882650897968, 0.26185105818023524, 0.24982132101985385, 0.24723935571011402], cca_quad=1, cca_conf=0.2679, cca_ratio=1.6723, cca_scores=[0.09842428932618599, 0.20711410738911096, 0.12384977578710667, 0.1191452594052387], cca_probs=[0.24029767431731514, 0.267887812424249, 0.24648569292098235, 0.24532882033745362]"
2026 05 21 20:47:13.969122,SSVEP_UPDATE,"fbcca_quad=2, fbcca_conf=0.2623, fbcca_ratio=1.1116, fbcca_consec=1, fbcca_scores=[0.0541645052929319, 0.1266035750838653, 0.14073801381438758, 0.04528667860569262], fbcca_probs=[0.2405742826454798, 0.2586479780752169, 0.26232978088581677, 0.23844795839348643], cca_quad=1, cca_conf=0.2672, cca_ratio=1.2545, cca_scores=[0.14679071890083006, 0.2573564614325751, 0.20514417698305312, 0.1497047454001921], cca_probs=[0.2392391613836746, 0.2672085579397007, 0.25361495329392447, 0.23993732738270024]"
2026 05 21 20:47:14.980963,SSVEP_UPDATE,"fbcca_quad=1, fbcca_conf=0.2791, fbcca_ratio=1.4694, fbcca_consec=1, fbcca_scores=[0.06207975791239483, 0.2510570015890665, 0.06683740171125935, 0.17086108345402273], fbcca_probs=[0.23106956996284753, 0.27913515122570365, 0.23217153597176338, 0.25762374283968553], cca_quad=1, cca_conf=0.2777, cca_ratio=1.4317, cca_scores=[0.15585060741184237, 0.31675038474789385, 0.14267433717646374, 0.2212411272158477], cca_probs=[0.23645954305817654, 0.2777376339625561, 0.23336432471675847, 0.2524384982625089]"
2026 05 21 20:47:14.980963,PHASE_TIMEOUT,
2026 05 21 20:47:17.990331,PHASE_SSVEP,
2026 05 21 20:47:18.022666,SSVEP_UPDATE,"fbcca_quad=2, fbcca_conf=0.2575, fbcca_ratio=1.2492, fbcca_consec=1, fbcca_scores=[0.0975892473307547, 0.07073543566038677, 0.12191037311350503, 0.07851255263820431], fbcca_probs=[0.2513050929004714, 0.24464639906137586, 0.25749204755478244, 0.24655646048337015], cca_quad=0, cca_conf=0.2611, cca_ratio=1.3985, cca_scores=[0.1817645968260144, 0.1227089591566302, 0.12996863615206602, 0.11720961302823589], cca_probs=[0.2611196855868456, 0.24614559981440498, 0.24793903938227538, 0.2447956752164741]"
2026 05 21 20:47:19.053570,SSVEP_UPDATE,"fbcca_quad=2, fbcca_conf=0.2674, fbcca_ratio=2.4722, fbcca_consec=2, fbcca_scores=[0.019421639106950432, 0.0366804198175904, 0.12636725250956565, 0.05111474674347148], fbcca_probs=[0.24024122235335493, 0.24442347944461743, 0.2673581445998483, 0.24797715360217928], cca_quad=2, cca_conf=0.2554, cca_ratio=1.1049, cca_scores=[0.0736841122341986, 0.10832616174831691, 0.11969441040306242, 0.09033890157575396], cca_probs=[0.24395429287547563, 0.25255345593427053, 0.2554409280732718, 0.2480513231169821]"
2026 05 21 20:47:20.066154,SSVEP_UPDATE,"fbcca_quad=2, fbcca_conf=0.2619, fbcca_ratio=2.0388, fbcca_consec=3, fbcca_scores=[0.009328739493623459, 0.04294394415649415, 0.08755518083671936, 0.022644140773349572], fbcca_probs=[0.24219182497663438, 0.25047153517167914, 0.2618983676310175, 0.24543827222066908], cca_quad=1, cca_conf=0.2615, cca_ratio=1.0176, cca_scores=[0.05112642586537514, 0.14443676573167258, 0.1419328564965542, 0.05566349564701201], cca_probs=[0.23824233757267635, 0.26154300383426504, 0.2608889430876785, 0.23932571550538]"
2026 05 21 20:47:21.086483,SSVEP_UPDATE,"fbcca_quad=2, fbcca_conf=0.2668, fbcca_ratio=2.6334, fbcca_consec=4, fbcca_scores=[0.003151820372112972, 0.04455636525383844, 0.11733381854869189, 0.04124103350121133], fbcca_probs=[0.23797887263026246, 0.24803911218460306, 0.2667638732986326, 0.2472181418865019], cca_quad=2, cca_conf=0.2703, cca_ratio=1.5716, cca_scores=[0.04275584716635298, 0.12851658312982067, 0.201982092260701, 0.11627226816564526], cca_probs=[0.23049786223241853, 0.25113793345695307, 0.27028253370425387, 0.2480816706063745]"
2026 05 21 20:47:22.101108,SSVEP_UPDATE,"fbcca_quad=2, fbcca_conf=0.2527, fbcca_ratio=1.0058, fbcca_consec=5, fbcca_scores=[0.05569834844478387, 0.04255903385337147, 0.0705690050249431, 0.0701592795199576], fbcca_probs=[0.24897333353311157, 0.24572339233496662, 0.25270339597502794, 0.2525998781568939], cca_quad=3, cca_conf=0.2566, cca_ratio=1.2152, cca_scores=[0.10825990341211485, 0.11720399893381143, 0.12493058963054665, 0.15181456871304388], cca_probs=[0.24568142888392563, 0.24788868328444047, 0.24981143627549912, 0.25661845155613483]"
2026 05 21 20:47:23.136204,SSVEP_UPDATE,"fbcca_quad=1, fbcca_conf=0.2709, fbcca_ratio=2.1031, fbcca_consec=1, fbcca_scores=[0.03367743882850603, 0.15956818339196469, 0.042436251045357254, 0.0758718445396615], fbcca_probs=[0.2388885314798352, 0.2709373984640356, 0.2409901014607799, 0.24918396859534925], cca_quad=1, cca_conf=0.2704, cca_ratio=1.4498, cca_scores=[0.09683988035489888, 0.22156425570583255, 0.0966338895955677, 0.15282528196656942], cca_probs=[0.23865138403336442, 0.27035292044068654, 0.23860222911645507, 0.25239346640949395]"
2026 05 21 20:47:24.149846,SSVEP_UPDATE,"fbcca_quad=1, fbcca_conf=0.2742, fbcca_ratio=2.2508, fbcca_consec=2, fbcca_scores=[0.07922364352848026, 0.1783185967777106, 0.03109632849246776, 0.04775132090217317], fbcca_probs=[0.24837307182664098, 0.27424637767008136, 0.236702628836033, 0.2406779216672446], cca_quad=1, cca_conf=0.2718, cca_ratio=1.4495, cca_scores=[0.1644879252810787, 0.23842564886821205, 0.08893144440824774, 0.1208997710983606], cca_probs=[0.2524414073954173, 0.2718136973632838, 0.23407057934126071, 0.2416743159000381]"
2026 05 21 20:47:25.174986,SSVEP_UPDATE,"fbcca_quad=1, fbcca_conf=0.2796, fbcca_ratio=2.7527, fbcca_consec=3, fbcca_scores=[0.07890760002421027, 0.21720537814872873, 0.04682585518808641, 0.06921621508838585], fbcca_probs=[0.243480784745136, 0.2795932322025108, 0.23579346694932446, 0.2411325161030288], cca_quad=1, cca_conf=0.2755, cca_ratio=1.4318, cca_scores=[0.19126004272791497, 0.27385330592572593, 0.09754131229310738, 0.1346908938310659], cca_probs=[0.25370150937213004, 0.2755451996557688, 0.23100507629643569, 0.23974821467566546]"
2026 05 21 20:47:26.184055,SSVEP_UPDATE,"fbcca_quad=1, fbcca_conf=0.2778, fbcca_ratio=1.3781, fbcca_consec=4, fbcca_scores=[0.04763278675190736, 0.23609377601209244, 0.05449664870364179, 0.17132131029946499], fbcca_probs=[0.23009977585729793, 0.2778201639754762, 0.2316845816760655, 0.2603954784911604], cca_quad=1, cca_conf=0.2658, cca_ratio=1.3252, cca_scores=[0.14818807865240496, 0.22785069796452437, 0.11479119530816796, 0.17193689860909941], cca_probs=[0.2454524199339376, 0.265805739391292, 0.23739044581758165, 0.25135139485718877]"
2026 05 21 20:47:27.216275,SSVEP_UPDATE,"fbcca_quad=1, fbcca_conf=0.2572, fbcca_ratio=1.0698, fbcca_consec=5, fbcca_scores=[0.03883893384956006, 0.08752345467265543, 0.08180995287615966, 0.02656503787243886], fbcca_probs=[0.24500208953067662, 0.25722501846006623, 0.2557595533104376, 0.2420133386988195], cca_quad=1, cca_conf=0.2627, cca_ratio=1.1941, cca_scores=[0.09894935179923348, 0.17567399589642052, 0.14711825899081327, 0.08002189019772762], cca_probs=[0.24328869036469433, 0.26268967919095304, 0.25529447213374795, 0.2387271583106048]"
2026 05 21 20:47:28.232049,SSVEP_UPDATE,"fbcca_quad=1, fbcca_conf=0.2798, fbcca_ratio=3.4986, fbcca_consec=6, fbcca_scores=[0.036211159912416545, 0.18678525648696026, 0.05338839135681007, 0.011173537721179839], fbcca_probs=[0.2406680791573752, 0.27977698841077214, 0.24483780005980066, 0.23471713237205197], cca_quad=1, cca_conf=0.2787, cca_ratio=1.6497, cca_scores=[0.1088330863065663, 0.2491301570508289, 0.15101179957829436, 0.04076036295201537], cca_probs=[0.2422545778717125, 0.2787418873405671, 0.25269111693571117, 0.22631241785200917]"
2026 05 21 20:47:29.260386,SSVEP_UPDATE,"fbcca_quad=1, fbcca_conf=0.2716, fbcca_ratio=3.3263, fbcca_consec=7, fbcca_scores=[0.036935738392210225, 0.13987699155708355, 0.04205242877098486, 0.0035427188840128224], fbcca_probs=[0.24505512655561068, 0.27162554492709917, 0.2463122110774736, 0.2370071174398165], cca_quad=1, cca_conf=0.2772, cca_ratio=1.8661, cca_scores=[0.10995144071545832, 0.2262708858345556, 0.12125405487255542, 0.023463399678872673], cca_probs=[0.24679975304054388, 0.2772436538958915, 0.2496050592052694, 0.22635153385829526]"
2026 05 21 20:47:30.280386,SSVEP_UPDATE,"fbcca_quad=1, fbcca_conf=0.2633, fbcca_ratio=1.8343, fbcca_consec=8, fbcca_scores=[0.0653713029900783, 0.11991113845460175, 0.04206624899164316, 0.04318405553922364], fbcca_probs=[0.2493096593953736, 0.26328459866736487, 0.24356666465039667, 0.2438390772868648], cca_quad=1, cca_conf=0.2694, cca_ratio=1.5696, cca_scores=[0.1447649160024655, 0.22722341550864208, 0.10595049363750562, 0.12815459814658223], cca_probs=[0.24805218984646665, 0.26937316976537506, 0.2386086458098636, 0.24396599457829476]"
2026 05 21 20:47:31.304090,SSVEP_UPDATE,"fbcca_quad=1, fbcca_conf=0.2970, fbcca_ratio=3.2388, fbcca_consec=9, fbcca_scores=[0.02400028446193601, 0.2915161858637381, 0.04903007003686801, 0.09000819140876423], fbcca_probs=[0.22725747868572765, 0.29696062178387356, 0.23301746960467282, 0.24276442992572603], cca_quad=1, cca_conf=0.2879, cca_ratio=2.0503, cca_scores=[0.07408192677036371, 0.30416836731261315, 0.10958148805448874, 0.14835274090697517], cca_probs=[0.2287311764248619, 0.2879059465900715, 0.23699687922010584, 0.2463659977649608]"
2026 05 21 20:47:32.324821,SSVEP_UPDATE,"fbcca_quad=1, fbcca_conf=0.2794, fbcca_ratio=2.7913, fbcca_consec=10, fbcca_scores=[0.036910399210742975, 0.20048808024702655, 0.03922053807993525, 0.07182535116443806], fbcca_probs=[0.23721633562704741, 0.2793736726925691, 0.2377649717732359, 0.24564501990714763], cca_quad=1, cca_conf=0.2822, cca_ratio=1.7494, cca_scores=[0.10024969773891218, 0.29148178211229203, 0.11061890648172606, 0.16662199019203006], cca_probs=[0.23311174998115486, 0.28223781654217606, 0.23554150995056142, 0.2491089235261076]"
2026 05 21 20:47:33.346370,SSVEP_UPDATE,"fbcca_quad=1, fbcca_conf=0.2806, fbcca_ratio=3.9324, fbcca_consec=11, fbcca_scores=[0.0414455143577893, 0.2032604364990363, 0.045460477318068404, 0.051688925563444316], fbcca_probs=[0.2386656647163784, 0.28058553113327955, 0.2396258247337491, 0.24112297941659297], cca_quad=1, cca_conf=0.2850, cca_ratio=2.1165, cca_scores=[0.11285705984457872, 0.2857711182742853, 0.07210583891446376, 0.13501894553206736], cca_probs=[0.23973679780225535, 0.28499045946838686, 0.23016361481908573, 0.24510912791027206]"
2026 05 21 20:47:34.373668,SSVEP_UPDATE,"fbcca_quad=1, fbcca_conf=0.2728, fbcca_ratio=3.2173, fbcca_consec=12, fbcca_scores=[0.04988521008427163, 0.16049413948642324, 0.037124537278601134, 0.04069594316571299], fbcca_probs=[0.2441924183117379, 0.2727526781015195, 0.24109615597018355, 0.241958747616559], cca_quad=1, cca_conf=0.2800, cca_ratio=1.9617, cca_scores=[0.12955776670877234, 0.25415328492684486, 0.0875689524319787, 0.08217427844369758], cca_probs=[0.24720092534858257, 0.2800020675121943, 0.23703614845222803, 0.23576085868699512]"
2026 05 21 20:47:35.384811,SSVEP_UPDATE,"fbcca_quad=1, fbcca_conf=0.2612, fbcca_ratio=2.0616, fbcca_consec=13, fbcca_scores=[0.039790805851485665, 0.10354848019453908, 0.04446632323799868, 0.05022724130964035], fbcca_probs=[0.24503728208989248, 0.2611690882095696, 0.24618564065589826, 0.24760798904463963], cca_quad=1, cca_conf=0.2678, cca_ratio=1.6134, cca_scores=[0.1209777680243321, 0.19518706388425222, 0.09716724892563545, 0.0883935688744374], cca_probs=[0.24866690532040517, 0.2678222641762476, 0.24281595078060264, 0.24069487972274461]"
2026 05 21 20:47:36.398641,SSVEP_UPDATE,"fbcca_quad=1, fbcca_conf=0.2674, fbcca_ratio=2.2535, fbcca_consec=14, fbcca_scores=[0.05306452224247347, 0.11957966700829384, 0.019794266294972586, 0.013805367825332817], fbcca_probs=[0.25015285829947714, 0.26735765904078496, 0.24196713430178313, 0.24052234835795477], cca_quad=1, cca_conf=0.2766, cca_ratio=1.4754, cca_scores=[0.15369682346771427, 0.22675766988964421, 0.07388897989643216, 0.03823113327333736], cca_probs=[0.25706670725976605, 0.276551333670651, 0.23734808316165076, 0.22903387590793217]"
2026 05 21 20:47:37.432481,SSVEP_UPDATE,"fbcca_quad=1, fbcca_conf=0.2879, fbcca_ratio=5.6752, fbcca_consec=15, fbcca_scores=[0.03799933755204936, 0.21565429861042695, 0.021709966256579512, 0.007920315363613527], fbcca_probs=[0.24104374463760986, 0.2879058137611702, 0.23714910035402623, 0.23390134124719378], cca_quad=1, cca_conf=0.2919, cca_ratio=2.2415, cca_scores=[0.1324710947519479, 0.2969405819445648, 0.07382662314342754, 0.04509693839190274], cca_probs=[0.24763853327979535, 0.29190827991173945, 0.23353353467131557, 0.22691965213714965]"
2026 05 21 20:47:38.448378,SSVEP_UPDATE,"fbcca_quad=1, fbcca_conf=0.2843, fbcca_ratio=5.1028, fbcca_consec=16, fbcca_scores=[0.040957470022400314, 0.2089988796891084, 0.025131932735342716, 0.03487814318206762], fbcca_probs=[0.24031392264783677, 0.2842879091723407, 0.23654076061059187, 0.2388574075692305], cca_quad=1, cca_conf=0.2844, cca_ratio=2.6035, cca_scores=[0.1020424400994842, 0.2656668457880556, 0.09365570983285401, 0.07387070388225354], cca_probs=[0.24145015379524443, 0.2843731985662625, 0.23943364426292102, 0.23474300337557213]"
2026 05 21 20:47:39.468213,SSVEP_UPDATE,"fbcca_quad=1, fbcca_conf=0.2820, fbcca_ratio=3.3952, fbcca_consec=17, fbcca_scores=[0.06243404257006504, 0.21197330026466082, 0.044573135223156604, 0.035849121066390134], fbcca_probs=[0.24287395314726326, 0.2820492934497735, 0.2385745142104835, 0.23650223919247979], cca_quad=1, cca_conf=0.2801, cca_ratio=1.8621, cca_scores=[0.1505770558634193, 0.2803847611556665, 0.12562247637207724, 0.10114665580966047], cca_probs=[0.24595798641073938, 0.2800500787038077, 0.2398961580469958, 0.23409577683845711]"
2026 05 21 20:47:40.486153,SSVEP_UPDATE,"fbcca_quad=1, fbcca_conf=0.3084, fbcca_ratio=4.6573, fbcca_consec=18, fbcca_scores=[0.03524790293994267, 0.3511995932322917, 0.07540807509095276, 0.06954801669574817], fbcca_probs=[0.2248486221654342, 0.30839427430082994, 0.23406235578080484, 0.23269474775293122], cca_quad=1, cca_conf=0.2838, cca_ratio=2.0615, cca_scores=[0.09582317634745735, 0.2993322397182964, 0.1369371207215595, 0.14520093851299287], cca_probs=[0.23157345413664815, 0.2838387181628997, 0.24129278316952876, 0.24329504453092332]"
2026 05 21 20:47:40.486153,SSVEP_CONFIRMED,"fbcca_quad=1, fbcca_conf=0.3084, fbcca_ratio=4.6573, fbcca_consec=18, fbcca_scores=[0.03524790293994267, 0.3511995932322917, 0.07540807509095276, 0.06954801669574817], fbcca_probs=[0.2248486221654342, 0.30839427430082994, 0.23406235578080484, 0.23269474775293122], cca_quad=1, cca_conf=0.2838, cca_ratio=2.0615, cca_scores=[0.09582317634745735, 0.2993322397182964, 0.1369371207215595, 0.14520093851299287], cca_probs=[0.23157345413664815, 0.2838387181628997, 0.24129278316952876, 0.24329504453092332]"
2026 05 21 20:47:40.486153,SELECTION,"quad=1, result=navigate, output='Search '"
2026 05 21 20:47:43.499646,PHASE_SSVEP,
2026 05 21 20:47:43.614058,SSVEP_UPDATE,"fbcca_quad=0, fbcca_conf=0.2547, fbcca_ratio=1.2194, fbcca_consec=1, fbcca_scores=[0.09591590180071961, 0.07865886036685031, 0.07599302460239123, 0.05789310888151743], fbcca_probs=[0.25472149999264876, 0.25036347200116876, 0.2496969329399677, 0.24521809506621478], cca_quad=0, cca_conf=0.2609, cca_ratio=1.2575, cca_scores=[0.18171861007635354, 0.1445034110519938, 0.13178809767124416, 0.0968041879642776], cca_probs=[0.2608680776083765, 0.2513382472997415, 0.24816263495955268, 0.23963104013232925]"
2026 05 21 20:47:44.632116,SSVEP_UPDATE,"fbcca_quad=0, fbcca_conf=0.2557, fbcca_ratio=1.0779, fbcca_consec=2, fbcca_scores=[0.08787305817140813, 0.08151981280246941, 0.04980339040502296, 0.04095375697863557], fbcca_probs=[0.2557232682166167, 0.25410374560684346, 0.24617094882155352, 0.24400203735498635], cca_quad=0, cca_conf=0.2626, cca_ratio=1.1663, cca_scores=[0.1977902855495702, 0.16958987126698047, 0.1588641670202345, 0.06304743975202708], cca_probs=[0.2626080837027188, 0.2553058735493679, 0.2525821711815894, 0.22950387156632387]"
2026 05 21 20:47:45.645148,SSVEP_UPDATE,"fbcca_quad=0, fbcca_conf=0.2592, fbcca_ratio=1.5958, fbcca_consec=3, fbcca_scores=[0.11498694108399482, 0.06257163584867906, 0.06493644583153454, 0.0720557675545707], fbcca_probs=[0.2591953837426965, 0.24595949046100682, 0.24654182620473286, 0.2483032995915639], cca_quad=0, cca_conf=0.2691, cca_ratio=1.3449, cca_scores=[0.23410287978583175, 0.11878257647440466, 0.17406085448099864, 0.10933722801709983], cca_probs=[0.26914210099843466, 0.239827326939207, 0.25345783334814437, 0.23757273871421397]"
2026 05 21 20:47:46.665578,SSVEP_UPDATE,"fbcca_quad=0, fbcca_conf=0.2915, fbcca_ratio=3.7144, fbcca_consec=4, fbcca_scores=[0.2708669754167043, 0.06007711260305466, 0.04867192722626903, 0.07292423930007469], fbcca_probs=[0.2914500015151439, 0.23605825242492928, 0.23338125911692295, 0.23911048694300382], cca_quad=0, cca_conf=0.2978, cca_ratio=2.7155, cca_scores=[0.3676265857996087, 0.11134816343998528, 0.1353802947533643, 0.13333544822823623], cca_probs=[0.29781326738705216, 0.23048556787746155, 0.2360917214056204, 0.23560944332986597]"
2026 05 21 20:47:47.688798,SSVEP_UPDATE,"fbcca_quad=0, fbcca_conf=0.3147, fbcca_ratio=4.5076, fbcca_consec=5, fbcca_scores=[0.37628412224854757, 0.04862315228550007, 0.08347844361814002, 0.034502168646167695], fbcca_probs=[0.31473486152462987, 0.22680023431334084, 0.23484480607733052, 0.22362009808469868], cca_quad=0, cca_conf=0.3048, cca_ratio=2.4736, cca_scores=[0.41276946881029275, 0.14893297839272124, 0.16686770435163578, 0.09883814019051912], cca_probs=[0.30481603007095465, 0.23412892475082372, 0.23836584327357976, 0.2226892019046419]"
2026 05 21 20:47:47.688798,SSVEP_CONFIRMED,"fbcca_quad=0, fbcca_conf=0.3147, fbcca_ratio=4.5076, fbcca_consec=5, fbcca_scores=[0.37628412224854757, 0.04862315228550007, 0.08347844361814002, 0.034502168646167695], fbcca_probs=[0.31473486152462987, 0.22680023431334084, 0.23484480607733052, 0.22362009808469868], cca_quad=0, cca_conf=0.3048, cca_ratio=2.4736, cca_scores=[0.41276946881029275, 0.14893297839272124, 0.16686770435163578, 0.09883814019051912], cca_probs=[0.30481603007095465, 0.23412892475082372, 0.23836584327357976, 0.2226892019046419]"
2026 05 21 20:47:47.688798,SELECTION,"quad=0, result=navigate, output='Search '"
2026 05 21 20:47:50.694809,PHASE_SSVEP,
2026 05 21 20:47:50.761612,SSVEP_UPDATE,"fbcca_quad=1, fbcca_conf=0.2576, fbcca_ratio=1.3181, fbcca_consec=1, fbcca_scores=[0.03784161108902813, 0.08234992734752918, 0.06247768422789665, 0.025703931175099105], fbcca_probs=[0.2464030450176286, 0.2576177522494549, 0.25254884176640785, 0.24343036096650864], cca_quad=1, cca_conf=0.2606, cca_ratio=1.2655, cca_scores=[0.12002697886367278, 0.1518969493269875, 0.09547711908622801, 0.07180098444336369], cca_probs=[0.25245826808955674, 0.26063368888021915, 0.24633591199018434, 0.2405721310400397]"
2026 05 21 20:47:51.779083,SSVEP_UPDATE,"fbcca_quad=2, fbcca_conf=0.2634, fbcca_ratio=1.5079, fbcca_consec=1, fbcca_scores=[0.013835964553895692, 0.07081373926681757, 0.10678087936098349, 0.0247693698724438], fbcca_probs=[0.23997924900263706, 0.25404977993895284, 0.2633535357588793, 0.24261743529953092], cca_quad=2, cca_conf=0.2662, cca_ratio=1.2540, cca_scores=[0.08162810969866716, 0.14478357524754915, 0.18155524311869062, 0.06287766299513273], cca_probs=[0.24086477773191217, 0.2565673371914748, 0.26617735139814397, 0.23639053367846916]"
2026 05 21 20:47:52.798259,SSVEP_UPDATE,"fbcca_quad=2, fbcca_conf=0.2892, fbcca_ratio=3.4320, fbcca_consec=2, fbcca_scores=[0.0692872697006175, 0.023238912441159304, 0.2377932705715137, 0.02219339581589176], fbcca_probs=[0.2443476913503746, 0.23335101411565717, 0.28919412528894645, 0.23310716924502167], cca_quad=2, cca_conf=0.2789, cca_ratio=1.4002, cca_scores=[0.19141116992359097, 0.07867301248996383, 0.2680232611286928, 0.08311521958645304], cca_probs=[0.25837324795894206, 0.2308266693061023, 0.2789457527094519, 0.2318543300255038]"
2026 05 21 20:47:53.828573,SSVEP_UPDATE,"fbcca_quad=2, fbcca_conf=0.2933, fbcca_ratio=3.1002, fbcca_consec=3, fbcca_scores=[0.08747621915836769, 0.04880165746563663, 0.271190960663187, 0.018379229292876453], fbcca_probs=[0.24408264949421127, 0.23482306922982205, 0.29330752643698904, 0.2277867548389776], cca_quad=2, cca_conf=0.2802, cca_ratio=1.3171, cca_scores=[0.23104010028277258, 0.14886157895110588, 0.30430237903012786, 0.06042624241235432], cca_probs=[0.2603985400065168, 0.23985504992825143, 0.280192140060143, 0.2195542700050888]"
2026 05 21 20:47:54.846423,SSVEP_UPDATE,"fbcca_quad=2, fbcca_conf=0.3386, fbcca_ratio=5.3730, fbcca_consec=4, fbcca_scores=[0.057638099471337925, 0.09192800535307621, 0.4939278513480943, 0.04409280813216372], fbcca_probs=[0.21889561309463845, 0.2265316951402922, 0.3386220929565299, 0.21595059880853945], cca_quad=2, cca_conf=0.2967, cca_ratio=2.0234, cca_scores=[0.16995010678556197, 0.19143190913797867, 0.38734169094735604, 0.0914426691393709], cca_probs=[0.23871817539716006, 0.2439017489743313, 0.2966862721792631, 0.2206938034492454]"
2026 05 21 20:47:54.846423,SSVEP_CONFIRMED,"fbcca_quad=2, fbcca_conf=0.3386, fbcca_ratio=5.3730, fbcca_consec=4, fbcca_scores=[0.057638099471337925, 0.09192800535307621, 0.4939278513480943, 0.04409280813216372], fbcca_probs=[0.21889561309463845, 0.2265316951402922, 0.3386220929565299, 0.21595059880853945], cca_quad=2, cca_conf=0.2967, cca_ratio=2.0234, cca_scores=[0.16995010678556197, 0.19143190913797867, 0.38734169094735604, 0.0914426691393709], cca_probs=[0.23871817539716006, 0.2439017489743313, 0.2966862721792631, 0.2206938034492454]"
2026 05 21 20:47:54.846423,SELECTION,"quad=2, result=navigate, output='Search '"
2026 05 21 20:47:57.848922,PHASE_SSVEP,
2026 05 21 20:47:57.882468,SSVEP_UPDATE,"fbcca_quad=0, fbcca_conf=0.2515, fbcca_ratio=1.0396, fbcca_consec=1, fbcca_scores=[0.0645660478152788, 0.062104846002531106, 0.05735013094994857, 0.05071836339233465], fbcca_probs=[0.2514711291444028, 0.2508529689660175, 0.2496630656458127, 0.24801283624376713], cca_quad=1, cca_conf=0.2555, cca_ratio=1.1717, cca_scores=[0.14034780831142363, 0.16812775253442366, 0.14349495766477197, 0.1335765375776211], cca_probs=[0.24847355771034066, 0.2554729099664137, 0.24925677290796497, 0.24679675941528068]"
2026 05 21 20:47:58.898819,SSVEP_UPDATE,"fbcca_quad=3, fbcca_conf=0.2716, fbcca_ratio=1.1177, fbcca_consec=1, fbcca_scores=[0.06428235913460954, 0.21385730063226177, 0.09586443195721202, 0.23902753785752684], fbcca_probs=[0.22808297759392476, 0.26488199927400663, 0.23540126588041257, 0.271633757251656], cca_quad=3, cca_conf=0.2634, cca_ratio=1.0549, cca_scores=[0.12991947879930799, 0.232103477112169, 0.15848120652601577, 0.24485133582378055], cca_probs=[0.23483231219058312, 0.2600972742045633, 0.24163623207526014, 0.2634341815295934]"
2026 05 21 20:47:59.909638,SSVEP_UPDATE,"fbcca_quad=3, fbcca_conf=0.2646, fbcca_ratio=1.2139, fbcca_consec=2, fbcca_scores=[0.0348967541788714, 0.1471491703567733, 0.12172916596077953, 0.17862514246237676], fbcca_probs=[0.22914339291297023, 0.25636453429458567, 0.24992987769535138, 0.2645621950970927], cca_quad=3, cca_conf=0.2601, cca_ratio=1.1620, cca_scores=[0.12001214417420157, 0.18307263885947772, 0.1864539025803851, 0.21665737561508655], cca_probs=[0.2361130395173501, 0.2514819370389403, 0.2523337030002695, 0.26007132044344017]"
2026 05 21 20:48:00.940226,SSVEP_UPDATE,"fbcca_quad=2, fbcca_conf=0.2705, fbcca_ratio=1.6411, fbcca_consec=1, fbcca_scores=[0.03673858355375802, 0.07146388885053771, 0.17933566386606392, 0.10928096933615424], fbcca_probs=[0.23453044879235446, 0.24281764519999194, 0.2704757662005521, 0.25217613980710146], cca_quad=2, cca_conf=0.2655, cca_ratio=1.3049, cca_scores=[0.12451816129956103, 0.11731970596287067, 0.21747510683366167, 0.16665829344246483], cca_probs=[0.24193845878691245, 0.24020312893771634, 0.2655067693101382, 0.252351642965233]"
2026 05 21 20:48:01.951770,SSVEP_UPDATE,"fbcca_quad=2, fbcca_conf=0.2881, fbcca_ratio=12.6866, fbcca_consec=2, fbcca_scores=[0.016234824384538847, 0.011120201820635408, 0.20596393104155628, 0.00817079051058682], fbcca_probs=[0.23833420261077248, 0.23711832514804965, 0.288127476226985, 0.23641999601419292], cca_quad=2, cca_conf=0.2863, cca_ratio=2.9996, cca_scores=[0.08413463706038218, 0.06413593278511022, 0.2523693321281829, 0.05341630359934835], cca_probs=[0.24194546043199958, 0.23715492661534174, 0.28627332197816024, 0.23462629097449847]"
2026 05 21 20:48:02.973657,SSVEP_UPDATE,"fbcca_quad=2, fbcca_conf=0.2825, fbcca_ratio=9.5020, fbcca_consec=3, fbcca_scores=[0.01878470758382905, 0.009981576802711428, 0.17849216894376527, 0.0077584438868400505], fbcca_probs=[0.2407644311143236, 0.23865425205824647, 0.2824570355764, 0.23812428125102983], cca_quad=2, cca_conf=0.2807, cca_ratio=2.2734, cca_scores=[0.10048054949672956, 0.06339931394357134, 0.22843553385339843, 0.0476005544060879], cca_probs=[0.24699935766436956, 0.2380080509266707, 0.28071522475682303, 0.23427736665213666]"
2026 05 21 20:48:03.993170,SSVEP_UPDATE,"fbcca_quad=2, fbcca_conf=0.2620, fbcca_ratio=1.9749, fbcca_consec=4, fbcca_scores=[0.00764415155876471, 0.04656748461136345, 0.09196539814111017, 0.03249689777696788], fbcca_probs=[0.24079945798844055, 0.2503569740545798, 0.26198459626103376, 0.24685897169594595], cca_quad=2, cca_conf=0.2681, cca_ratio=1.6210, cca_scores=[0.05705884426958657, 0.1086738097350823, 0.1761561881930412, 0.07979902886921102], cca_probs=[0.23795640089689146, 0.25056100726435576, 0.26805302389748975, 0.24342956794126305]"
2026 05 21 20:48:05.018983,SSVEP_UPDATE,"fbcca_quad=3, fbcca_conf=0.2587, fbcca_ratio=1.1711, fbcca_consec=1, fbcca_scores=[0.026976658129882362, 0.07823027823809209, 0.03139675530283826, 0.09161931566103665], fbcca_probs=[0.24249493637882896, 0.2552477007977171, 0.243569159898797, 0.258688202924657], cca_quad=3, cca_conf=0.2561, cca_ratio=1.1786, cca_scores=[0.10005289503195239, 0.12448793521539651, 0.11851163914874746, 0.1467182896573503], cca_probs=[0.2444307945138709, 0.2504770400931401, 0.2489845792795629, 0.25610758611342616]"
2026 05 21 20:48:06.029502,SSVEP_UPDATE,"fbcca_quad=3, fbcca_conf=0.2527, fbcca_ratio=1.0079, fbcca_consec=2, fbcca_scores=[0.03313467842790638, 0.07383083064330045, 0.07230366392535692, 0.07441078588168791], fbcca_probs=[0.24250527727025334, 0.2525778768409704, 0.2521924426997766, 0.25272440318899964], cca_quad=2, cca_conf=0.2551, cca_ratio=1.1820, cca_scores=[0.12511231258336525, 0.12678942441635524, 0.1546956873561726, 0.13088021004988873], cca_probs=[0.24767873061433945, 0.2480944640625308, 0.25511536128594064, 0.2491114440371891]"
2026 05 21 20:48:07.053852,SSVEP_UPDATE,"fbcca_quad=2, fbcca_conf=0.2648, fbcca_ratio=1.7382, fbcca_consec=1, fbcca_scores=[0.011496102068617635, 0.039322829907800595, 0.1172475006946421, 0.06745409164924382], fbcca_probs=[0.23824747411984465, 0.24497022401149057, 0.2648229102254685, 0.2519593916431963], cca_quad=2, cca_conf=0.2713, cca_ratio=1.4189, cca_scores=[0.07388734523558416, 0.10592662116975396, 0.22392704810897707, 0.15781643471465512], cca_probs=[0.23353626527486765, 0.24113975282294978, 0.27134120272677825, 0.2539827791754044]"
2026 05 21 20:48:08.063873,SSVEP_UPDATE,"fbcca_quad=2, fbcca_conf=0.2596, fbcca_ratio=2.1743, fbcca_consec=2, fbcca_scores=[0.02303008338861313, 0.03810858159705127, 0.0828583940858137, 0.03542688435892315], fbcca_probs=[0.24453937652309896, 0.24825460269827998, 0.259616269898667, 0.247589750879954], cca_quad=2, cca_conf=0.2569, cca_ratio=1.1606, cca_scores=[0.09990716870206263, 0.12761363220060795, 0.14810566608710074, 0.10674554116066592], cca_probs=[0.24483792303456076, 0.2517163646449455, 0.25692775858537764, 0.24651795373511623]"
2026 05 21 20:48:09.098581,SSVEP_UPDATE,"fbcca_quad=1, fbcca_conf=0.2556, fbcca_ratio=1.1931, fbcca_consec=1, fbcca_scores=[0.019006953665371414, 0.060298673788944504, 0.05053748802952434, 0.022772322647244832], fbcca_probs=[0.24522056333489786, 0.25555810080123736, 0.2530756860731346, 0.24614564979073011], cca_quad=1, cca_conf=0.2634, cca_ratio=1.3305, cca_scores=[0.08055359060915948, 0.15816766287651163, 0.11887869818442023, 0.06337459740557991], cca_probs=[0.2437394180480071, 0.26341053061519015, 0.25326207024484804, 0.2395879810919547]"
2026 05 21 20:48:10.113764,SSVEP_UPDATE,"fbcca_quad=1, fbcca_conf=0.2556, fbcca_ratio=1.4212, fbcca_consec=2, fbcca_scores=[0.038146894977595686, 0.07377274304383376, 0.05190924664997152, 0.042098701477273695], fbcca_probs=[0.24666477367961717, 0.25561082458035944, 0.2500829280108105, 0.24764147372921297], cca_quad=1, cca_conf=0.2579, cca_ratio=1.1231, cca_scores=[0.1160382353038324, 0.16047693446015324, 0.1428859484094629, 0.09625321568493343], cca_probs=[0.24672706264091607, 0.25793855954426276, 0.25344084157005836, 0.24189353624476284]"
2026 05 21 20:48:11.128546,SSVEP_UPDATE,"fbcca_quad=1, fbcca_conf=0.2567, fbcca_ratio=1.2094, fbcca_consec=3, fbcca_scores=[0.04825363703266788, 0.09508667679465341, 0.0786236051820857, 0.05185394772352945], fbcca_probs=[0.24495456857899467, 0.25669941237922744, 0.25250794842418206, 0.24583807061759583], cca_quad=1, cca_conf=0.2577, cca_ratio=1.0328, cca_scores=[0.12549866639224777, 0.18360474924614065, 0.1777672871147626, 0.1243387205030007], cca_probs=[0.24317133048578332, 0.25771964362782507, 0.25621959745861367, 0.24288942842777794]"
2026 05 21 20:48:12.157460,SSVEP_UPDATE,"fbcca_quad=2, fbcca_conf=0.2785, fbcca_ratio=2.0095, fbcca_consec=1, fbcca_scores=[0.04485690714527925, 0.11004923910929026, 0.221138639250295, 0.06739632331741868], fbcca_probs=[0.23348481933343254, 0.2492133590940947, 0.27849463451854256, 0.2388071870539302], cca_quad=2, cca_conf=0.2723, cca_ratio=1.4524, cca_scores=[0.12829201418848368, 0.17924918477244128, 0.2603358669332964, 0.12586094668725645], cca_probs=[0.23860607836323824, 0.25107988490302274, 0.27228732133263006, 0.23802671540110895]"
2026 05 21 20:48:13.168329,SSVEP_UPDATE,"fbcca_quad=2, fbcca_conf=0.2717, fbcca_ratio=3.5347, fbcca_consec=2, fbcca_scores=[0.014121753222748737, 0.0395868581547029, 0.13992620789173618, 0.027415330263304095], fbcca_probs=[0.23962226943663475, 0.24580263350267897, 0.27174612346397153, 0.24282897359671465], cca_quad=2, cca_conf=0.2658, cca_ratio=1.5580, cca_scores=[0.08172316835967901, 0.11105450033991768, 0.17302391383130325, 0.0777770361210947], cca_probs=[0.24263447694744542, 0.24985666982927177, 0.2658299573428621, 0.24167889588042082]"
2026 05 21 20:48:14.200178,SSVEP_UPDATE,"fbcca_quad=2, fbcca_conf=0.2708, fbcca_ratio=2.7476, fbcca_consec=3, fbcca_scores=[0.049355849499760795, 0.010958726334462883, 0.1356100821751223, 0.022376701324985863], fbcca_probs=[0.24839810131232679, 0.23904111900866176, 0.27077465376388143, 0.24178612591513005], cca_quad=2, cca_conf=0.2669, cca_ratio=1.4564, cca_scores=[0.11611721428977483, 0.05486695002632611, 0.16910967096675972, 0.070022250153341], cca_probs=[0.25316707082713913, 0.2381258619289522, 0.26694485098933407, 0.24176221625457467]"
2026 05 21 20:48:15.214116,SSVEP_UPDATE,"fbcca_quad=2, fbcca_conf=0.2680, fbcca_ratio=1.6230, fbcca_consec=4, fbcca_scores=[0.0813649516158524, 0.013165474547969905, 0.13205560137493158, 0.018765892324153485], fbcca_probs=[0.25475165683392587, 0.23795693187259218, 0.26799808249207624, 0.23929332880140572], cca_quad=2, cca_conf=0.2688, cca_ratio=1.3685, cca_scores=[0.14251337488335042, 0.06653014460167496, 0.1950307814783787, 0.08096951502902681], cca_probs=[0.2550327942645086, 0.23637249079532496, 0.2687843938697889, 0.2398103210703775]"
2026 05 21 20:48:16.248404,SSVEP_UPDATE,"fbcca_quad=2, fbcca_conf=0.2597, fbcca_ratio=2.5541, fbcca_consec=5, fbcca_scores=[0.017541128125333552, 0.01732528471582081, 0.07222505031395843, 0.028278541207714475], fbcca_probs=[0.24589441382166083, 0.24584134486050022, 0.25971533189590085, 0.24854890942193802], cca_quad=2, cca_conf=0.2652, cca_ratio=1.7887, cca_scores=[0.07338694135970586, 0.08984245055362823, 0.16069831887636588, 0.08101151668369964], cca_probs=[0.24298491751449297, 0.24701643744315546, 0.2651539898762847, 0.2448446551660669]"
2026 05 21 20:48:17.261190,SSVEP_UPDATE,"fbcca_quad=2, fbcca_conf=0.2629, fbcca_ratio=1.7698, fbcca_consec=6, fbcca_scores=[0.025956166203507228, 0.05962999106513428, 0.10553319997023651, 0.027241805995049787], fbcca_probs=[0.24281494531177594, 0.25113067875882256, 0.2629270573051972, 0.24312731862420411], cca_quad=2, cca_conf=0.2661, cca_ratio=1.2224, cca_scores=[0.09098413449588436, 0.1545019238793744, 0.18885927901703828, 0.06709909377477462], cca_probs=[0.24126607905079248, 0.25708793252984186, 0.2660742835959967, 0.23557170482336895]"
2026 05 21 20:48:18.278660,SSVEP_UPDATE,"fbcca_quad=2, fbcca_conf=0.3152, fbcca_ratio=12.6968, fbcca_consec=7, fbcca_scores=[0.02596451725281611, 0.02742371172680182, 0.3481925974793909, 0.023770541821371033], fbcca_probs=[0.22833822476059432, 0.22867165784906127, 0.31515231193037735, 0.22783780545996712], cca_quad=2, cca_conf=0.2990, cca_ratio=3.3819, cca_scores=[0.10202003760358402, 0.10203941691793156, 0.34508470830827365, 0.09116080990036318], cca_probs=[0.23450122834330273, 0.23450577286035634, 0.2990244960773729, 0.2319685027189681]"
2026 05 21 20:48:18.278660,SSVEP_CONFIRMED,"fbcca_quad=2, fbcca_conf=0.3152, fbcca_ratio=12.6968, fbcca_consec=7, fbcca_scores=[0.02596451725281611, 0.02742371172680182, 0.3481925974793909, 0.023770541821371033], fbcca_probs=[0.22833822476059432, 0.22867165784906127, 0.31515231193037735, 0.22783780545996712], cca_quad=2, cca_conf=0.2990, cca_ratio=3.3819, cca_scores=[0.10202003760358402, 0.10203941691793156, 0.34508470830827365, 0.09116080990036318], cca_probs=[0.23450122834330273, 0.23450577286035634, 0.2990244960773729, 0.2319685027189681]"
2026 05 21 20:48:18.279652,SELECTION,"quad=2, result=char, output='Search I'"
2026 05 21 20:48:21.281806,PHASE_SSVEP,
2026 05 21 20:48:21.331258,SSVEP_UPDATE,"fbcca_quad=2, fbcca_conf=0.2591, fbcca_ratio=1.1933, fbcca_consec=1, fbcca_scores=[0.013313582703439183, 0.0777474610413756, 0.09277571865716415, 0.04200799504854811], fbcca_probs=[0.23932779448351058, 0.25525626865424345, 0.25912129518253196, 0.24629464167971407], cca_quad=2, cca_conf=0.2619, cca_ratio=1.0941, cca_scores=[0.06642680187716081, 0.14750333195895543, 0.1613779269208998, 0.08064049110043019], cca_probs=[0.23818744037387596, 0.25830329548509, 0.26191212673038733, 0.24159713741064673]"
2026 05 21 20:48:22.346297,SSVEP_UPDATE,"fbcca_quad=2, fbcca_conf=0.2699, fbcca_ratio=3.8447, fbcca_consec=2, fbcca_scores=[0.03389768555710697, 0.0354441458451724, 0.13627119253680298, 0.029742210246394597], fbcca_probs=[0.24359361176575087, 0.24397061104484585, 0.2698523123892055, 0.24258346480019777], cca_quad=2, cca_conf=0.2665, cca_ratio=1.6881, cca_scores=[0.10818393658752064, 0.10556630496128322, 0.18262335982596892, 0.07590244044340452], cca_probs=[0.2473472095643219, 0.24670059235794764, 0.26646222254992036, 0.23948997552781018]"
2026 05 21 20:48:23.360692,SSVEP_UPDATE,"fbcca_quad=2, fbcca_conf=0.2604, fbcca_ratio=2.1624, fbcca_consec=3, fbcca_scores=[0.045460772663117655, 0.04082100499287913, 0.09830574794556807, 0.04488921356409924], fbcca_probs=[0.24697054941523358, 0.2458273176603278, 0.26037270144145214, 0.24682943148298653], cca_quad=2, cca_conf=0.2609, cca_ratio=1.2418, cca_scores=[0.13513932459869057, 0.09870038649446139, 0.16781848284634998, 0.09705022539201591], cca_probs=[0.2525212272964601, 0.24348525239570398, 0.2609097264779011, 0.2430837938299349]"
2026 05 21 20:48:24.390032,SSVEP_UPDATE,"fbcca_quad=1, fbcca_conf=0.2542, fbcca_ratio=1.3582, fbcca_consec=1, fbcca_scores=[0.052483379222695456, 0.07302367588311814, 0.046213072526130716, 0.053763705051582275], fbcca_probs=[0.2490174297159571, 0.2541852138141365, 0.24746089912076155, 0.24933645734914484], cca_quad=2, cca_conf=0.2561, cca_ratio=1.0247, cca_scores=[0.12869052129932465, 0.1569903743186372, 0.1608643182390035, 0.09926129596565832], cca_probs=[0.24799122981775776, 0.25510959443355097, 0.25609979144141326, 0.2407993843072781]"
2026 05 21 20:48:25.395006,SSVEP_UPDATE,"fbcca_quad=2, fbcca_conf=0.2578, fbcca_ratio=1.4760, fbcca_consec=1, fbcca_scores=[0.047560506127438826, 0.05481695767804231, 0.0809097424031285, 0.016909144021840707], fbcca_probs=[0.24931388650541236, 0.25112960049667576, 0.25776850823415626, 0.24178800476375567], cca_quad=2, cca_conf=0.2565, cca_ratio=1.0708, cca_scores=[0.11430519326068223, 0.12164494081254446, 0.13026155790963692, 0.04954190251577377], cca_probs=[0.25247804684918884, 0.25433798937988916, 0.2565389914255827, 0.23664497234533935]"
2026 05 21 20:48:26.418497,SSVEP_UPDATE,"fbcca_quad=1, fbcca_conf=0.2600, fbcca_ratio=1.4769, fbcca_consec=1, fbcca_scores=[0.050683861679970965, 0.10780184619942733, 0.07299371472496957, 0.04212547513833334], fbcca_probs=[0.24553015822117896, 0.2599625983811106, 0.25106946072734815, 0.24343778267036234], cca_quad=1, cca_conf=0.2597, cca_ratio=1.1978, cca_scores=[0.1504707479539727, 0.18022754859662643, 0.1489098452635445, 0.0865614553964519], cca_probs=[0.25209653811679644, 0.25971085150321477, 0.2517033468986489, 0.23648926348133983]"
2026 05 21 20:48:27.443684,SSVEP_UPDATE,"fbcca_quad=1, fbcca_conf=0.2654, fbcca_ratio=1.4035, fbcca_consec=2, fbcca_scores=[0.058653141600232786, 0.16069769563126093, 0.0661910139855382, 0.11449749239042857], fbcca_probs=[0.2396683614630858, 0.26541660729666383, 0.2414817770477771, 0.25343325419247326], cca_quad=1, cca_conf=0.2632, cca_ratio=1.3807, cca_scores=[0.14721660037998546, 0.20325903503508433, 0.11134228998803383, 0.14253392112179072], cca_probs=[0.2488966178199907, 0.2632436569130787, 0.24012588589265244, 0.24773383937427815]"
2026 05 21 20:48:28.473916,SSVEP_UPDATE,"fbcca_quad=1, fbcca_conf=0.2531, fbcca_ratio=1.2340, fbcca_consec=3, fbcca_scores=[0.020999820027252116, 0.044004137349888034, 0.03566113876320007, 0.02632791554722306], fbcca_probs=[0.24731767929319817, 0.25307299845462566, 0.25097039399528354, 0.24863892825689257], cca_quad=1, cca_conf=0.2577, cca_ratio=1.3783, cca_scores=[0.08115111849510433, 0.11726170178901758, 0.08507549948952174, 0.06371070853362767], cca_probs=[0.24854517963843467, 0.25768430759333416, 0.2495224820168348, 0.24424803075139634]"
2026 05 21 20:48:29.491681,SSVEP_UPDATE,"fbcca_quad=1, fbcca_conf=0.2555, fbcca_ratio=1.0048, fbcca_consec=4, fbcca_scores=[0.02403763152552577, 0.0695366057819427, 0.027853005945832895, 0.06920634059213436], fbcca_probs=[0.24410624138865247, 0.2554693701116279, 0.2450393770969627, 0.25538501140275705], cca_quad=1, cca_conf=0.2567, cca_ratio=1.1142, cca_scores=[0.09570836715593702, 0.14499680167151477, 0.10218452337482548, 0.13013676530846394], cca_probs=[0.24437638605040293, 0.2567230909928788, 0.24596414142932793, 0.25293638152739023]"
2026 05 21 20:48:30.520316,SSVEP_UPDATE,"fbcca_quad=1, fbcca_conf=0.2553, fbcca_ratio=1.1709, fbcca_consec=5, fbcca_scores=[0.03748481747650049, 0.09341154042697716, 0.07784740871744392, 0.07978059665797399], fbcca_probs=[0.24143442500417545, 0.25532177874657574, 0.25137868199085645, 0.2518651142583924], cca_quad=1, cca_conf=0.2573, cca_ratio=1.2204, cca_scores=[0.13294622681574145, 0.17128827465453342, 0.12526641121836768, 0.14035535743828562], cca_probs=[0.2475938314970588, 0.25727142993240076, 0.24569963936114603, 0.2494350992093945]"
2026 05 21 20:48:31.532126,SSVEP_UPDATE,"fbcca_quad=1, fbcca_conf=0.2664, fbcca_ratio=1.1976, fbcca_consec=6, fbcca_scores=[0.01371683717052496, 0.16364527257749456, 0.13663979818740085, 0.08029958398460839], fbcca_probs=[0.22928429015153529, 0.26637127618360057, 0.2592740567212787, 0.24507037694358538], cca_quad=1, cca_conf=0.2684, cca_ratio=1.3127, cca_scores=[0.07144211475995627, 0.22211275524180465, 0.1692027247110732, 0.13604564389058146], cca_probs=[0.2308376759347956, 0.2683750392399828, 0.25454442326084353, 0.2462428615643781]"
2026 05 21 20:48:32.547996,SSVEP_UPDATE,"fbcca_quad=1, fbcca_conf=0.2966, fbcca_ratio=3.4615, fbcca_consec=7, fbcca_scores=[0.0164573861868274, 0.2903326379425769, 0.06461882492319859, 0.08387384636187196], fbcca_probs=[0.2255232980773763, 0.29657458041510404, 0.23665062792942768, 0.24125149357809203], cca_quad=1, cca_conf=0.2817, cca_ratio=1.9454, cca_scores=[0.08030087703892985, 0.28275623407280964, 0.14534625453253766, 0.13397938813548094], cca_probs=[0.23005650491831287, 0.2816824321751514, 0.24551801608129797, 0.2427430468252378]"
2026 05 21 20:48:33.565254,SSVEP_UPDATE,"fbcca_quad=1, fbcca_conf=0.2961, fbcca_ratio=5.2592, fbcca_consec=8, fbcca_scores=[0.036819856722971105, 0.2717201973456341, 0.051666120554467745, 0.02842537954934288], fbcca_probs=[0.23411635318705368, 0.2961063168084006, 0.23761803546585386, 0.23215929453869186], cca_quad=1, cca_conf=0.2884, cca_ratio=1.9926, cca_scores=[0.1281543474315361, 0.3265359414864938, 0.16387529951552293, 0.10032806600837078], cca_probs=[0.23649878430470966, 0.28839315237003915, 0.24509944340501755, 0.2300086199202336]"
2026 05 21 20:48:34.592768,SSVEP_UPDATE,"fbcca_quad=1, fbcca_conf=0.2928, fbcca_ratio=3.5062, fbcca_consec=9, fbcca_scores=[0.07327370656344287, 0.2726927644500291, 0.07777551392693194, 0.014893563313458435], fbcca_probs=[0.2398946392856551, 0.2928378028542275, 0.24097703327586373, 0.22629052458425367], cca_quad=1, cca_conf=0.2878, cca_ratio=1.9342, cca_scores=[0.1665805727566661, 0.322202179477579, 0.1511418669505878, 0.06892222089507119], cca_probs=[0.24630404873357656, 0.28777771232989435, 0.24253063623927668, 0.22338760269725247]"
2026 05 21 20:48:35.602955,SSVEP_UPDATE,"fbcca_quad=1, fbcca_conf=0.2887, fbcca_ratio=2.4751, fbcca_consec=10, fbcca_scores=[0.10279794069191017, 0.254440196759619, 0.03855783498748314, 0.0295103606330984], fbcca_probs=[0.24808618996539963, 0.2887087752763254, 0.23265021915055442, 0.23055481560772056], cca_quad=1, cca_conf=0.2853, cca_ratio=1.4518, cca_scores=[0.2118712987217351, 0.30759658291296954, 0.09857112392643047, 0.0660618618306609], cca_probs=[0.2592243894630387, 0.2852652186791888, 0.2314569465967707, 0.22405344526100185]"
2026 05 21 20:48:36.613911,SSVEP_UPDATE,"fbcca_quad=1, fbcca_conf=0.2570, fbcca_ratio=1.1785, fbcca_consec=11, fbcca_scores=[0.020011544501051737, 0.09163625443970497, 0.077753577153472, 0.06589012297558523], fbcca_probs=[0.2391977659411914, 0.2569587053109131, 0.2534160780020195, 0.250427450745876], cca_quad=1, cca_conf=0.2632, cca_ratio=1.4486, cca_scores=[0.07779741392867624, 0.16270944043270633, 0.11232539587747206, 0.09068741782207068], cca_probs=[0.24173708067400426, 0.2631601332483421, 0.2502295443517168, 0.24487324172593677]"
2026 05 21 20:48:37.631315,SSVEP_UPDATE,"fbcca_quad=1, fbcca_conf=0.2656, fbcca_ratio=1.4559, fbcca_consec=12, fbcca_scores=[0.0224624755240151, 0.1510524836007255, 0.10375463227527285, 0.07994208139623442], fbcca_probs=[0.23358617975275664, 0.26563975736209605, 0.2533680675434525, 0.2474059953416948], cca_quad=1, cca_conf=0.2697, cca_ratio=1.6274, cca_scores=[0.07382047761195283, 0.215530358497344, 0.13244017256330384, 0.13224763427852326], cca_probs=[0.23403955721811995, 0.2696702806304424, 0.24816896978978853, 0.24812119236164906]"
2026 05 21 20:48:38.664360,SSVEP_UPDATE,"fbcca_quad=1, fbcca_conf=0.2714, fbcca_ratio=2.3804, fbcca_consec=13, fbcca_scores=[0.02949658901021217, 0.1588975697050648, 0.06675274983285187, 0.04610469067855953], fbcca_probs=[0.23850114083189036, 0.27144921660255755, 0.24755437491415366, 0.2424952676513984], cca_quad=1, cca_conf=0.2713, cca_ratio=1.7165, cca_scores=[0.10695767984139516, 0.22545808079483995, 0.13134891535177867, 0.10656140958891647], cca_probs=[0.24095791747609047, 0.27127218863137825, 0.2469074419549101, 0.24086245193762124]"
2026 05 21 20:48:39.684016,SSVEP_UPDATE,"fbcca_quad=1, fbcca_conf=0.2770, fbcca_ratio=2.2852, fbcca_consec=14, fbcca_scores=[0.09391478754335357, 0.21461625864099398, 0.07046885118665304, 0.061553290510106315], fbcca_probs=[0.2455029172925412, 0.2769980042608629, 0.23981382517526756, 0.23768525327132833], cca_quad=1, cca_conf=0.2784, cca_ratio=1.4736, cca_scores=[0.20456372150257934, 0.30145272994110345, 0.12351568455657927, 0.1357123430287132], cca_probs=[0.25269416969725034, 0.27840279015916125, 0.23302177523634487, 0.2358812649072435]"
2026 05 21 20:48:40.714325,SSVEP_UPDATE,"fbcca_quad=1, fbcca_conf=0.2691, fbcca_ratio=1.4778, fbcca_consec=15, fbcca_scores=[0.12299492432157975, 0.1817661731658795, 0.04455153862491172, 0.07774734292696536], fbcca_probs=[0.25375250213111106, 0.26911280462999215, 0.23460799272508898, 0.24252670051380792], cca_quad=1, cca_conf=0.2733, cca_ratio=1.3788, cca_scores=[0.1851654052129155, 0.2553032749597897, 0.0892904711253286, 0.12745775069680518], cca_probs=[0.2547667133261828, 0.2732770583953312, 0.23147533941322035, 0.24048088886526559]"
2026 05 21 20:48:41.727640,SSVEP_UPDATE,"fbcca_quad=1, fbcca_conf=0.2718, fbcca_ratio=2.0746, fbcca_consec=16, fbcca_scores=[0.06592747183926642, 0.1775957770572483, 0.08560283481558432, 0.04144589541250278], fbcca_probs=[0.24308261133432132, 0.2718008570969597, 0.24791271111073518, 0.23720382045798377], cca_quad=1, cca_conf=0.2828, cca_ratio=1.9776, cca_scores=[0.14577731300742539, 0.28828485119800024, 0.11339279408276387, 0.10150012618332932], cca_probs=[0.24521916080613027, 0.28277736241498364, 0.23740506699861338, 0.23459840978027272]"
2026 05 21 20:48:42.755050,SSVEP_UPDATE,"fbcca_quad=1, fbcca_conf=0.2791, fbcca_ratio=2.1630, fbcca_consec=17, fbcca_scores=[0.10965789740142139, 0.2391125377993875, 0.11054486656547721, 0.04734540567060351], fbcca_probs=[0.24517711656742103, 0.27906242840725626, 0.2453946775802401, 0.23036577744508258], cca_quad=1, cca_conf=0.2812, cca_ratio=1.7685, cca_scores=[0.17283166660448862, 0.30565782138804176, 0.15662107728647978, 0.10597650369915051], cca_probs=[0.24622644442730474, 0.2812032656439982, 0.24226714663540716, 0.2303031432932898]"
2026 05 21 20:48:43.760707,SSVEP_UPDATE,"fbcca_quad=1, fbcca_conf=0.2863, fbcca_ratio=2.1421, fbcca_consec=18, fbcca_scores=[0.05460420617860346, 0.24819132780374223, 0.11586253897917065, 0.0156915880892273], fbcca_probs=[0.2359267679839597, 0.28631957249182116, 0.2508310950481075, 0.22692256447611164], cca_quad=1, cca_conf=0.2880, cca_ratio=2.1496, cca_scores=[0.14642881547856573, 0.31476409205216693, 0.14535624891271717, 0.07029983720889998], cca_probs=[0.24337070539696262, 0.28798865703876936, 0.24310981405192467, 0.22553082351234327]"
2026 05 21 20:48:44.780321,SSVEP_UPDATE,"fbcca_quad=1, fbcca_conf=0.3156, fbcca_ratio=4.4501, fbcca_consec=19, fbcca_scores=[0.03104476597235183, 0.36557258464506537, 0.08214998647443231, 0.008949591442546919], fbcca_probs=[0.2258426698948775, 0.3155655496084269, 0.23768441976886776, 0.2209073607278278], cca_quad=1, cca_conf=0.3042, cca_ratio=2.7852, cca_scores=[0.11491804288802113, 0.3714486748978492, 0.1333642379143904, 0.05024534846330883], cca_probs=[0.23538107277797118, 0.3042155265411291, 0.23976325095183904, 0.22064014972906074]"
2026 05 21 20:48:44.780321,SSVEP_CONFIRMED,"fbcca_quad=1, fbcca_conf=0.3156, fbcca_ratio=4.4501, fbcca_consec=19, fbcca_scores=[0.03104476597235183, 0.36557258464506537, 0.08214998647443231, 0.008949591442546919], fbcca_probs=[0.2258426698948775, 0.3155655496084269, 0.23768441976886776, 0.2209073607278278], cca_quad=1, cca_conf=0.3042, cca_ratio=2.7852, cca_scores=[0.11491804288802113, 0.3714486748978492, 0.1333642379143904, 0.05024534846330883], cca_probs=[0.23538107277797118, 0.3042155265411291, 0.23976325095183904, 0.22064014972906074]"
2026 05 21 20:48:44.780321,SELECTION,"quad=1, result=navigate, output='Search I'"
2026 05 21 20:48:47.781340,PHASE_SSVEP,
2026 05 21 20:48:47.813936,SSVEP_UPDATE,"fbcca_quad=0, fbcca_conf=0.2541, fbcca_ratio=1.2884, fbcca_consec=1, fbcca_scores=[0.0673686381130954, 0.041150964876642326, 0.052289627471866246, 0.044139333014307475], fbcca_probs=[0.2540524185463514, 0.24747831072144286, 0.25025029757742895, 0.2482189731547768], cca_quad=0, cca_conf=0.2539, cca_ratio=1.0085, cca_scores=[0.13741589518610584, 0.10450792828608876, 0.13625978314435136, 0.10974075944143587], cca_probs=[0.25386016739456946, 0.24564210686227952, 0.2535668461868839, 0.246930879556267]"
2026 05 21 20:48:48.841933,SSVEP_UPDATE,"fbcca_quad=1, fbcca_conf=0.2576, fbcca_ratio=1.4877, fbcca_consec=1, fbcca_scores=[0.02708596366947907, 0.0809896934211901, 0.05443960084979767, 0.04157397561592483], fbcca_probs=[0.24403888356745035, 0.257554487904521, 0.25080637037619186, 0.24760025815183684], cca_quad=1, cca_conf=0.2587, cca_ratio=1.2229, cca_scores=[0.07963481966987514, 0.13123192269066997, 0.10731502737590343, 0.06937668379087718], cca_probs=[0.24565120059749104, 0.2586587819904335, 0.2525458594327361, 0.24314415797933928]"
2026 05 21 20:48:49.856869,SSVEP_UPDATE,"fbcca_quad=1, fbcca_conf=0.2613, fbcca_ratio=1.3905, fbcca_consec=2, fbcca_scores=[0.04494110291591236, 0.1222541079183434, 0.05454087605946756, 0.08792151232551496], fbcca_probs=[0.2418997667655598, 0.26134371546579077, 0.24423313161723909, 0.25252338615141035], cca_quad=1, cca_conf=0.2595, cca_ratio=1.3503, cca_scores=[0.13071653265210634, 0.17909049509092131, 0.12347094365816108, 0.13263268181759996], cca_probs=[0.24726392194886615, 0.2595190832741526, 0.24547882404982116, 0.24773817072716015]"
2026 05 21 20:48:50.892564,SSVEP_UPDATE,"fbcca_quad=2, fbcca_conf=0.2528, fbcca_ratio=1.1558, fbcca_consec=1, fbcca_scores=[0.06290394844588926, 0.05958745551070346, 0.07270651479833878, 0.05093246741158762], fbcca_probs=[0.2503354707166571, 0.2495066101114979, 0.2528014675811721, 0.24735645159067282], cca_quad=2, cca_conf=0.2589, cca_ratio=1.1443, cca_scores=[0.16524826294053652, 0.14023240735466028, 0.18910072787853974, 0.1203907913472821], cca_probs=[0.25280823133238356, 0.2465624644375036, 0.2589108223946373, 0.24171848183547556]"
2026 05 21 20:48:51.908943,SSVEP_UPDATE,"fbcca_quad=0, fbcca_conf=0.2634, fbcca_ratio=2.0179, fbcca_consec=1, fbcca_scores=[0.10922666323663331, 0.026686627915298154, 0.05412997351689912, 0.035178086592445014], fbcca_probs=[0.26344943663344916, 0.2425775426847339, 0.24932687049953756, 0.24464615018227942], cca_quad=0, cca_conf=0.2651, cca_ratio=1.1650, cca_scores=[0.2068981112134246, 0.09378867321209505, 0.17760017862603653, 0.11075993763383858], cca_probs=[0.26507490874706646, 0.2367259214982768, 0.2574214250166888, 0.24077774473796798]"
2026 05 21 20:48:52.935150,SSVEP_UPDATE,"fbcca_quad=2, fbcca_conf=0.2649, fbcca_ratio=1.2687, fbcca_consec=1, fbcca_scores=[0.10174382364338759, 0.03507503316759934, 0.12908604450990918, 0.01389303613916043], fbcca_probs=[0.25779029526428443, 0.24116410970602134, 0.264936100369018, 0.23610949466067632], cca_quad=2, cca_conf=0.2744, cca_ratio=1.1323, cca_scores=[0.22396286673909024, 0.10058065045483228, 0.25359380307207874, 0.049350049211373766], cca_probs=[0.26639798442895807, 0.23547603743145717, 0.2744097175435806, 0.2237162605960042]"
2026 05 21 20:48:53.962806,SSVEP_UPDATE,"fbcca_quad=2, fbcca_conf=0.2684, fbcca_ratio=1.2427, fbcca_consec=2, fbcca_scores=[0.12993526075589787, 0.039215875138980165, 0.16146878577096643, 0.025048745458413787], fbcca_probs=[0.26002820699119855, 0.23747698842582718, 0.2683584638793257, 0.23413634070364853], cca_quad=0, cca_conf=0.2762, cca_ratio=1.0882, cca_scores=[0.2788141691864592, 0.10306943040927705, 0.2562042149363334, 0.06067851437486415], cca_probs=[0.27620554079666243, 0.23169006755175867, 0.2700306165872469, 0.22207377506433204]"
2026 05 21 20:48:54.976355,SSVEP_UPDATE,"fbcca_quad=0, fbcca_conf=0.2605, fbcca_ratio=1.2899, fbcca_consec=1, fbcca_scores=[0.1536493925788087, 0.09949694893850546, 0.1191172386715591, 0.076473097254413], fbcca_probs=[0.2604796429029453, 0.2467491585691442, 0.25163825445106003, 0.24113294407685051], cca_quad=0, cca_conf=0.2726, cca_ratio=1.3715, cca_scores=[0.29370376117489727, 0.18139819958148456, 0.2141413009192978, 0.13189311902196482], cca_probs=[0.2726360358709705, 0.2436742134003504, 0.25178492313999307, 0.23190482758868605]"
2026 05 21 20:48:56.003718,SSVEP_UPDATE,"fbcca_quad=0, fbcca_conf=0.2681, fbcca_ratio=1.1955, fbcca_consec=2, fbcca_scores=[0.167113823333678, 0.03512822128251341, 0.13978783048372212, 0.039869705688716194], fbcca_probs=[0.2681025313596571, 0.23495262192649718, 0.260875555350977, 0.23606929136286875], cca_quad=0, cca_conf=0.2761, cca_ratio=1.1938, cca_scores=[0.2785302017249662, 0.0956226517020211, 0.23331878918300855, 0.09642538973957188], cca_probs=[0.2760787800987872, 0.2299308726623357, 0.26387482621683267, 0.23011552102204452]"
2026 05 21 20:48:57.018439,SSVEP_UPDATE,"fbcca_quad=0, fbcca_conf=0.2743, fbcca_ratio=2.1347, fbcca_consec=3, fbcca_scores=[0.19608877989150128, 0.06600530756186923, 0.09185872964622077, 0.05227138129752098], fbcca_probs=[0.27434194920891786, 0.24087830459775011, 0.24718703279194054, 0.23759271340139146], cca_quad=0, cca_conf=0.2844, cca_ratio=2.1695, cca_scores=[0.2957615560274257, 0.13550584667369656, 0.13632959352215884, 0.08680035747415411], cca_probs=[0.2844156753236045, 0.24230108463550118, 0.24250076162070125, 0.23078247842019303]"
2026 05 21 20:48:58.031428,SSVEP_UPDATE,"fbcca_quad=0, fbcca_conf=0.2724, fbcca_ratio=1.8771, fbcca_consec=4, fbcca_scores=[0.19948567720329238, 0.10627138006728898, 0.05813965035819695, 0.08535879742790303], fbcca_probs=[0.2723807164247125, 0.24813835737481776, 0.23647789906714348, 0.24300302713332622], cca_quad=0, cca_conf=0.2882, cca_ratio=1.9582, cca_scores=[0.3320980652112422, 0.16959029572499323, 0.12444241173805279, 0.11861023164384131], cca_probs=[0.28816299279442936, 0.2449412774074909, 0.23412861796477813, 0.23276711183330154]"
2026 05 21 20:48:59.060161,SSVEP_UPDATE,"fbcca_quad=0, fbcca_conf=0.2956, fbcca_ratio=3.2423, fbcca_consec=5, fbcca_scores=[0.2793143947670432, 0.08614700162780761, 0.017339214841126223, 0.042440005084861336], fbcca_probs=[0.29559872744073645, 0.243675029411086, 0.22747212516451124, 0.23325411798366621], cca_quad=0, cca_conf=0.3025, cca_ratio=1.9792, cca_scores=[0.38546337376715833, 0.1947534104618001, 0.07411413683263958, 0.09359887411289868], cca_probs=[0.302507790335959, 0.24998403779670758, 0.22157426010847478, 0.22593391175885869]"
2026 05 21 20:49:00.078069,SSVEP_UPDATE,"fbcca_quad=0, fbcca_conf=0.3175, fbcca_ratio=4.0056, fbcca_consec=6, fbcca_scores=[0.40391806612281955, 0.10083890697201484, 0.01413427160520741, 0.09493333041215354], fbcca_probs=[0.3174667794312386, 0.23446211585896357, 0.21498954233196027, 0.2330815623778375], cca_quad=0, cca_conf=0.3127, cca_ratio=2.7131, cca_scores=[0.4386236434478968, 0.16166696879587394, 0.07451064863367875, 0.14473404831526676], cca_probs=[0.31267013173195596, 0.23703126871128186, 0.2172471722088395, 0.23305142734792272]"
2026 05 21 20:49:00.078069,SSVEP_CONFIRMED,"fbcca_quad=0, fbcca_conf=0.3175, fbcca_ratio=4.0056, fbcca_consec=6, fbcca_scores=[0.40391806612281955, 0.10083890697201484, 0.01413427160520741, 0.09493333041215354], fbcca_probs=[0.3174667794312386, 0.23446211585896357, 0.21498954233196027, 0.2330815623778375], cca_quad=0, cca_conf=0.3127, cca_ratio=2.7131, cca_scores=[0.4386236434478968, 0.16166696879587394, 0.07451064863367875, 0.14473404831526676], cca_probs=[0.31267013173195596, 0.23703126871128186, 0.2172471722088395, 0.23305142734792272]"
2026 05 21 20:49:00.078069,SELECTION,"quad=0, result=navigate, output='Search I'"
2026 05 21 20:49:03.080235,PHASE_SSVEP,
2026 05 21 20:49:03.146348,SSVEP_UPDATE,"fbcca_quad=2, fbcca_conf=0.2564, fbcca_ratio=1.3091, fbcca_consec=1, fbcca_scores=[0.01471430809161569, 0.046078320176177794, 0.060322796403668166, 0.018807799637983968], fbcca_probs=[0.24494030029939845, 0.25274435433283504, 0.2563703290243858, 0.24594501634338076], cca_quad=2, cca_conf=0.2621, cca_ratio=1.1887, cca_scores=[0.06379568088824951, 0.12260920671367764, 0.14574002991778562, 0.0584432392121081], cca_probs=[0.2415088673797354, 0.25613885919969076, 0.2621326148823555, 0.24021965853821833]"
2026 05 21 20:49:04.167221,SSVEP_UPDATE,"fbcca_quad=2, fbcca_conf=0.2556, fbcca_ratio=1.6740, fbcca_consec=2, fbcca_scores=[0.03858596241676208, 0.03301383144356362, 0.06459424305247971, 0.032698570890277515], fbcca_probs=[0.249070796745524, 0.24768680112781352, 0.25563367456940905, 0.24760872755725347], cca_quad=2, cca_conf=0.2572, cca_ratio=1.1609, cca_scores=[0.13118476356277511, 0.11468977916461133, 0.15229796147761546, 0.09706194588023018], cca_probs=[0.2517984216820872, 0.24767907829775693, 0.2571712103864415, 0.24335128963371444]"
2026 05 21 20:49:05.196313,SSVEP_UPDATE,"fbcca_quad=0, fbcca_conf=0.2626, fbcca_ratio=1.6478, fbcca_consec=1, fbcca_scores=[0.108438104365423, 0.04247234082164974, 0.06580770807803958, 0.017671367746547095], fbcca_probs=[0.26262855119691625, 0.24586310995713598, 0.25166788074373014, 0.23984045810221763], cca_quad=0, cca_conf=0.2658, cca_ratio=1.3161, cca_scores=[0.19605200314596122, 0.11634398725564273, 0.14896557860164475, 0.07413712344264906], cca_probs=[0.2657726371803119, 0.24541071137130385, 0.25354841000536743, 0.23526824144301686]"
2026 05 21 20:49:06.214947,SSVEP_UPDATE,"fbcca_quad=1, fbcca_conf=0.2677, fbcca_ratio=2.4465, fbcca_consec=1, fbcca_scores=[0.05237178947610413, 0.1281286492103661, 0.03143781038794113, 0.023201824230504244], fbcca_probs=[0.2481860544216376, 0.2677183631207378, 0.24304453672359214, 0.24105104573403244], cca_quad=1, cca_conf=0.2721, cca_ratio=1.2991, cca_scores=[0.1735698310552256, 0.22549045609009358, 0.07793450968556737, 0.07790211894670442], cca_probs=[0.2583409612323327, 0.27210850239961787, 0.23477907045622595, 0.2347714659118234]"
2026 05 21 20:49:07.229494,SSVEP_UPDATE,"fbcca_quad=1, fbcca_conf=0.2923, fbcca_ratio=3.7665, fbcca_consec=2, fbcca_scores=[0.06988756967494705, 0.27226699606124233, 0.03095143712207946, 0.07228590108378415], fbcca_probs=[0.23874748475110563, 0.2923015195256567, 0.22963022819441972, 0.2393207675288178], cca_quad=1, cca_conf=0.2876, cca_ratio=2.2224, cca_scores=[0.14640963522362002, 0.32537899909038803, 0.11233454633957488, 0.14226882327836363], cca_probs=[0.2404799528953817, 0.2876102008199879, 0.23242361681997492, 0.23948622946465548]"
2026 05 21 20:49:08.247841,SSVEP_UPDATE,"fbcca_quad=1, fbcca_conf=0.3007, fbcca_ratio=4.2433, fbcca_consec=3, fbcca_scores=[0.03244282481780618, 0.29401898480805644, 0.015682548561681515, 0.06929003578832568], fbcca_probs=[0.23148738931798918, 0.30069653242274497, 0.22763992903622463, 0.2401761492230412], cca_quad=1, cca_conf=0.2948, cca_ratio=2.0536, cca_scores=[0.11738789958924388, 0.3532464274767067, 0.0896099155083289, 0.17201429722680492], cca_probs=[0.2328426714773576, 0.29477770316082924, 0.2264637780224164, 0.2459158473393967]"
2026 05 21 20:49:09.280100,SSVEP_UPDATE,"fbcca_quad=1, fbcca_conf=0.2983, fbcca_ratio=7.9470, fbcca_consec=4, fbcca_scores=[0.033283662439807106, 0.2645054666349437, 0.011443034243356553, 0.019513251576044412], fbcca_probs=[0.23669429912324702, 0.29826764935487393, 0.23158079131713913, 0.23345726020473992], cca_quad=1, cca_conf=0.2989, cca_ratio=2.9924, cca_scores=[0.11122611711389396, 0.33283100060299775, 0.06237570964331847, 0.08650444349832492], cca_probs=[0.23946456902601732, 0.298870494898873, 0.22804775554705012, 0.23361718052805958]"
2026 05 21 20:49:10.295773,SSVEP_UPDATE,"fbcca_quad=1, fbcca_conf=0.2783, fbcca_ratio=3.7679, fbcca_consec=5, fbcca_scores=[0.037747353997435985, 0.18862443043771035, 0.05006151136884977, 0.04056003209363507], fbcca_probs=[0.23934549729075164, 0.2783237988211175, 0.24231105712143525, 0.24001964676669563], cca_quad=1, cca_conf=0.2791, cca_ratio=2.0683, cca_scores=[0.12711473106595625, 0.2629149401295095, 0.10837918150653159, 0.10413197028115416], cca_probs=[0.24365455197730954, 0.2790948423018665, 0.2391320481311396, 0.23811855758968434]"
2026 05 21 20:49:11.320833,SSVEP_UPDATE,"fbcca_quad=1, fbcca_conf=0.2933, fbcca_ratio=6.3229, fbcca_consec=6, fbcca_scores=[0.012784770872489306, 0.24390043735625086, 0.022117557314550257, 0.0385742198315256], fbcca_probs=[0.23280142687268204, 0.2933309552005566, 0.23498428309452868, 0.23888333483223267], cca_quad=1, cca_conf=0.2977, cca_ratio=3.1268, cca_scores=[0.06653934063875887, 0.32490196144153005, 0.08218941202577311, 0.10390831392469195], cca_probs=[0.22995603165532813, 0.29774896874463314, 0.23358316841019056, 0.23871183118984807]"
2026 05 21 20:49:12.339647,SSVEP_UPDATE,"fbcca_quad=1, fbcca_conf=0.2581, fbcca_ratio=1.6668, fbcca_consec=7, fbcca_scores=[0.03487149204865183, 0.08246493325423691, 0.04947387952007822, 0.03431468122398035], fbcca_probs=[0.24612978997007848, 0.2581271878236746, 0.24975024181974845, 0.2459927803864985], cca_quad=1, cca_conf=0.2631, cca_ratio=1.3446, cca_scores=[0.14528464371737917, 0.1953476818145633, 0.12330531968394345, 0.11056712341827457], cca_probs=[0.25028306710591913, 0.2631319411748675, 0.2448420286882967, 0.24174296303091666]"
2026 05 21 20:49:13.355024,SSVEP_UPDATE,"fbcca_quad=1, fbcca_conf=0.2556, fbcca_ratio=1.1753, fbcca_consec=8, fbcca_scores=[0.0646432449162973, 0.07597597340965467, 0.04985297392146108, 0.024714759872261367], fbcca_probs=[0.25268005687472705, 0.25555989876648777, 0.24897035175580962, 0.24278969260297556], cca_quad=1, cca_conf=0.2632, cca_ratio=1.0599, cca_scores=[0.1832460335395344, 0.19422106627091223, 0.1189350289201752, 0.0697332120740973], cca_probs=[0.26031894191590343, 0.2631916862199765, 0.24410453954367017, 0.23238483232044987]"
2026 05 21 20:49:14.383875,SSVEP_UPDATE,"fbcca_quad=0, fbcca_conf=0.2589, fbcca_ratio=1.4893, fbcca_consec=1, fbcca_scores=[0.09502202431521972, 0.06380322622123022, 0.044248098518599614, 0.035450000035627566], fbcca_probs=[0.25893824544434646, 0.2509793840746355, 0.24611912652727458, 0.24396324395374347], cca_quad=0, cca_conf=0.2665, cca_ratio=1.3496, cca_scores=[0.2128427113771465, 0.1577109107769489, 0.1223848911155332, 0.09893212339165404], cca_probs=[0.2665095318140759, 0.25221406949357, 0.2434598859098427, 0.23781651278251134]"
2026 05 21 20:49:15.404865,SSVEP_UPDATE,"fbcca_quad=1, fbcca_conf=0.2563, fbcca_ratio=1.1950, fbcca_consec=1, fbcca_scores=[0.06974512723001966, 0.08334560535547517, 0.03213684105613148, 0.0476188669875825], fbcca_probs=[0.25285087860704836, 0.25631326312250335, 0.24351818370994205, 0.24731767456050624], cca_quad=1, cca_conf=0.2598, cca_ratio=1.0703, cca_scores=[0.17449027190902752, 0.1867560196973244, 0.1108692708197418, 0.11898631425040047], cca_probs=[0.256626735535169, 0.2597938380824387, 0.24080840977753912, 0.24277101660485312]"
2026 05 21 20:49:16.421057,SSVEP_UPDATE,"fbcca_quad=1, fbcca_conf=0.2635, fbcca_ratio=1.5170, fbcca_consec=2, fbcca_scores=[0.05597107549816096, 0.12533809372896662, 0.024345851781216968, 0.08262083134910345], fbcca_probs=[0.24583873822548255, 0.2634972162835859, 0.23818568572203155, 0.2524783597689], cca_quad=1, cca_conf=0.2699, cca_ratio=1.5663, cca_scores=[0.1261186699054363, 0.22243316112671568, 0.08825098989839451, 0.1420125711042909], cca_probs=[0.24510005083374303, 0.2698809643898659, 0.23599221517313193, 0.2490267696032591]"
2026 05 21 20:49:17.430315,SSVEP_UPDATE,"fbcca_quad=1, fbcca_conf=0.2524, fbcca_ratio=1.0640, fbcca_consec=3, fbcca_scores=[0.03581874569862161, 0.03811261919617735, 0.02401372978647877, 0.016444652958873915], fbcca_probs=[0.251802067122423, 0.25238033219072, 0.2488470162421809, 0.24697058444467618], cca_quad=1, cca_conf=0.2612, cca_ratio=1.3557, cca_scores=[0.10302955824084609, 0.13967693752436983, 0.07005086479222677, 0.0684378995460835], cca_probs=[0.25183295728008953, 0.2612331697161558, 0.24366328831288867, 0.24327058469086615]"
2026 05 21 20:49:18.451791,SSVEP_UPDATE,"fbcca_quad=1, fbcca_conf=0.2575, fbcca_ratio=1.6161, fbcca_consec=4, fbcca_scores=[0.01850598617978325, 0.07770084657020847, 0.04709134469729599, 0.048080635885333345], fbcca_probs=[0.24271867472264433, 0.2575201361965511, 0.24975699221536282, 0.2500041968654416], cca_quad=1, cca_conf=0.2640, cca_ratio=1.3184, cca_scores=[0.07845346460286705, 0.1687915328585168, 0.07842530509438002, 0.1280286746131291], cca_probs=[0.24123469429281477, 0.26404204798026304, 0.24122790133803707, 0.2534953563888851]"
2026 05 21 20:49:19.474297,SSVEP_UPDATE,"fbcca_quad=1, fbcca_conf=0.2576, fbcca_ratio=1.4945, fbcca_consec=5, fbcca_scores=[0.05180345199770528, 0.10337584072503885, 0.06914974111517704, 0.06917289636465937], fbcca_probs=[0.2446217353057948, 0.2575684393427715, 0.2489020309480418, 0.24890779440339192], cca_quad=1, cca_conf=0.2642, cca_ratio=1.2547, cca_scores=[0.1297803218206622, 0.20805304316631973, 0.1052096495937818, 0.16581800197378294], cca_probs=[0.2442693684204349, 0.26415718049738557, 0.23834064051918002, 0.2532328105629995]"
2026 05 21 20:49:20.493897,SSVEP_UPDATE,"fbcca_quad=1, fbcca_conf=0.2580, fbcca_ratio=1.2269, fbcca_consec=6, fbcca_scores=[0.09961789330964521, 0.12221893605443872, 0.055972176632695964, 0.08449268922531622], fbcca_probs=[0.25219790225848004, 0.2579627380868756, 0.24142729914868416, 0.2484120605059602], cca_quad=1, cca_conf=0.2614, cca_ratio=1.2193, cca_scores=[0.16840720374768287, 0.20670298606576026, 0.10045980475646739, 0.169530585326], cca_probs=[0.25160573855343826, 0.26142805336787944, 0.23507766145260645, 0.25188854662607596]"
2026 05 21 20:49:21.510365,SSVEP_UPDATE,"fbcca_quad=1, fbcca_conf=0.2748, fbcca_ratio=1.8214, fbcca_consec=7, fbcca_scores=[0.06249829085150008, 0.2167890986353935, 0.0839363992693324, 0.11902149722714497], fbcca_probs=[0.23547968191170757, 0.2747647950954575, 0.24058242197987686, 0.24917310101295803], cca_quad=1, cca_conf=0.2708, cca_ratio=1.5402, cca_scores=[0.15326116060203485, 0.25579770151651005, 0.12344774649201563, 0.16607842691670824], cca_probs=[0.24440889185633727, 0.2707996232911613, 0.23722977706136894, 0.24756170779113246]"
2026 05 21 20:49:22.525974,SSVEP_UPDATE,"fbcca_quad=1, fbcca_conf=0.2710, fbcca_ratio=1.9488, fbcca_consec=8, fbcca_scores=[0.06287049969039403, 0.18364198340445295, 0.06569278172742551, 0.09423387065015415], fbcca_probs=[0.24020828835669866, 0.2710431135534164, 0.2408871814573445, 0.24786141663254038], cca_quad=1, cca_conf=0.2680, cca_ratio=1.3818, cca_scores=[0.17834603427976264, 0.24644663184406213, 0.12054431588188855, 0.15804311064896837], cca_probs=[0.25036228315016934, 0.2680060618364717, 0.23630120487144626, 0.24533045014191268]"
2026 05 21 20:49:23.554411,SSVEP_UPDATE,"fbcca_quad=1, fbcca_conf=0.2658, fbcca_ratio=1.6868, fbcca_consec=9, fbcca_scores=[0.087485582221885, 0.15561834748305267, 0.09225454623849154, 0.038881072354339956], fbcca_probs=[0.248271683902816, 0.26577668109539243, 0.24945851034665947, 0.2364931246551321], cca_quad=1, cca_conf=0.2675, cca_ratio=1.1911, cca_scores=[0.18981591446689544, 0.22609809149705815, 0.11678265243405615, 0.09556334261755095], cca_probs=[0.2579599210144712, 0.2674911294841624, 0.23979178059370979, 0.23475716890765658]"
2026 05 21 20:49:24.573838,SSVEP_UPDATE,"fbcca_quad=1, fbcca_conf=0.2782, fbcca_ratio=2.4522, fbcca_consec=10, fbcca_scores=[0.08445162152853053, 0.20772822930454923, 0.08471259215099174, 0.016940719968593334], fbcca_probs=[0.24593132379939878, 0.27819684347620394, 0.24599551302544026, 0.2298763196989571], cca_quad=1, cca_conf=0.2786, cca_ratio=1.6090, cca_scores=[0.16498217565553677, 0.2654517682287838, 0.13249372261841588, 0.054306564107807466], cca_probs=[0.2519556322856835, 0.27858482810223173, 0.24390152471957524, 0.22555801489250943]"
2026 05 21 20:49:25.603833,SSVEP_UPDATE,"fbcca_quad=1, fbcca_conf=0.2770, fbcca_ratio=3.5785, fbcca_consec=11, fbcca_scores=[0.02942767907224319, 0.17777852149436676, 0.04967981785345869, 0.03579944230988158], fbcca_probs=[0.23884758039611, 0.2770440314846856, 0.24373406864634944, 0.240374319472855], cca_quad=1, cca_conf=0.2789, cca_ratio=2.1171, cca_scores=[0.10453163582101081, 0.24962926896882662, 0.11791034666473856, 0.07953038304063112], cca_probs=[0.24125861298773382, 0.27893173493572854, 0.2445080302488333, 0.23530162182770442]"
2026 05 21 20:49:26.615497,SSVEP_UPDATE,"fbcca_quad=1, fbcca_conf=0.2636, fbcca_ratio=1.3935, fbcca_consec=12, fbcca_scores=[0.057760859626752606, 0.14097031229378376, 0.10116335691524427, 0.04997588978958395], fbcca_probs=[0.24251990829027573, 0.2635632180006997, 0.25327764557224036, 0.24063922813678434], cca_quad=1, cca_conf=0.2709, cca_ratio=1.5796, cca_scores=[0.14528079656301224, 0.22948741508939594, 0.11339522644060007, 0.10319426002632985], cca_probs=[0.24905000729528332, 0.270929957303414, 0.2412341741500484, 0.2387858612512542]"
2026 05 21 20:49:27.644883,SSVEP_UPDATE,"fbcca_quad=1, fbcca_conf=0.2649, fbcca_ratio=1.3074, fbcca_consec=13, fbcca_scores=[0.05074086327744762, 0.14488265784250276, 0.11082130299861837, 0.03822853284186007], fbcca_probs=[0.241068234256195, 0.26486541198655184, 0.2559956527351188, 0.2380707010221344], cca_quad=1, cca_conf=0.2701, cca_ratio=1.6752, cca_scores=[0.13527222562670393, 0.22660952361068726, 0.12648167585401918, 0.10495630346516162], cca_probs=[0.2464860049019362, 0.2700595565824662, 0.24432875301418472, 0.23912568550141283]"
2026 05 21 20:49:28.666178,SSVEP_UPDATE,"fbcca_quad=2, fbcca_conf=0.2658, fbcca_ratio=1.1928, fbcca_consec=1, fbcca_scores=[0.017093626394449946, 0.12374628407907655, 0.14760249813798948, 0.050516099003876276], fbcca_probs=[0.23332087746871813, 0.25958061782670433, 0.2658476856440408, 0.24125081906053678], cca_quad=1, cca_conf=0.2676, cca_ratio=1.4384, cca_scores=[0.08132867039466979, 0.22003486328084182, 0.1529671904370281, 0.14866997158904247], cca_probs=[0.23295286087879916, 0.26761310841394587, 0.2502535588604929, 0.24918047184676212]"
2026 05 21 20:49:29.680245,SSVEP_UPDATE,"fbcca_quad=1, fbcca_conf=0.2573, fbcca_ratio=1.1134, fbcca_consec=1, fbcca_scores=[0.025761273672644348, 0.11017212513460371, 0.08919294730096841, 0.09895291794032397], fbcca_probs=[0.23643460942692163, 0.25725878614798553, 0.2519179276206149, 0.2543886768044779], cca_quad=1, cca_conf=0.2582, cca_ratio=1.0923, cca_scores=[0.12728612730617905, 0.191729966688518, 0.14272138577779103, 0.17552721376681144], cca_probs=[0.24204024621438347, 0.25815181920416214, 0.24580518160217413, 0.25400275297928016]"
2026 05 21 20:49:30.696274,SSVEP_UPDATE,"fbcca_quad=1, fbcca_conf=0.2801, fbcca_ratio=2.0584, fbcca_consec=2, fbcca_scores=[0.12235007900411936, 0.2583089757446564, 0.06242456460446944, 0.12548955101615533], fbcca_probs=[0.24446208472076436, 0.28006427234399595, 0.2302428703358171, 0.24523077259942258], cca_quad=1, cca_conf=0.2736, cca_ratio=1.4041, cca_scores=[0.20184344400539275, 0.2834118974522288, 0.12363722183789448, 0.15736106520985008], cca_probs=[0.25212709299272157, 0.2735547408228346, 0.2331605041633417, 0.24115766202110211]"
2026 05 21 20:49:31.728665,SSVEP_UPDATE,"fbcca_quad=1, fbcca_conf=0.3084, fbcca_ratio=2.5180, fbcca_consec=3, fbcca_scores=[0.15496365594111036, 0.3901911589942839, 0.04600430824067727, 0.09382272428183355], fbcca_probs=[0.24374465289660713, 0.3083848993067863, 0.21858213004055435, 0.22928831775605213], cca_quad=1, cca_conf=0.2928, cca_ratio=1.8361, cca_scores=[0.1948844362147971, 0.35783695792506715, 0.09551965868881493, 0.13066932535375872], cca_probs=[0.24874406465254623, 0.2927669900323298, 0.2252159540189259, 0.2332729912961981]"
2026 05 21 20:49:32.746211,SSVEP_UPDATE,"fbcca_quad=1, fbcca_conf=0.3263, fbcca_ratio=4.8348, fbcca_consec=4, fbcca_scores=[0.07347501384175664, 0.4372796240216199, 0.02598002844528678, 0.09044446115758718], fbcca_probs=[0.22678192158188254, 0.32629225517178423, 0.21626270000660497, 0.23066312323972823], cca_quad=1, cca_conf=0.3036, cca_ratio=2.4446, cca_scores=[0.15694331083267102, 0.40416152416105056, 0.08262495607806203, 0.1653307834845972], cca_probs=[0.23712093441135973, 0.30362351490534734, 0.22013740685826613, 0.23911814382502675]"
2026 05 21 20:49:32.746211,SSVEP_CONFIRMED,"fbcca_quad=1, fbcca_conf=0.3263, fbcca_ratio=4.8348, fbcca_consec=4, fbcca_scores=[0.07347501384175664, 0.4372796240216199, 0.02598002844528678, 0.09044446115758718], fbcca_probs=[0.22678192158188254, 0.32629225517178423, 0.21626270000660497, 0.23066312323972823], cca_quad=1, cca_conf=0.3036, cca_ratio=2.4446, cca_scores=[0.15694331083267102, 0.40416152416105056, 0.08262495607806203, 0.1653307834845972], cca_probs=[0.23712093441135973, 0.30362351490534734, 0.22013740685826613, 0.23911814382502675]"
2026 05 21 20:49:32.746211,SELECTION,"quad=1, result=navigate, output='Search I'"
2026 05 21 20:49:35.762655,PHASE_SSVEP,
2026 05 21 20:49:35.811908,SSVEP_UPDATE,"fbcca_quad=1, fbcca_conf=0.2552, fbcca_ratio=1.0776, fbcca_consec=1, fbcca_scores=[0.015823206818142314, 0.05584722959736795, 0.05182437616401909, 0.017504279935126016], fbcca_probs=[0.24514759007649078, 0.2551583825587778, 0.2541339796763021, 0.2455600476884294], cca_quad=1, cca_conf=0.2609, cca_ratio=1.1944, cca_scores=[0.07195276380594896, 0.13986576181166477, 0.1171004252766664, 0.05706001188688753], cca_probs=[0.2438030081554448, 0.2609355791290073, 0.25506239896856187, 0.240199013746986]"
2026 05 21 20:49:36.822470,SSVEP_UPDATE,"fbcca_quad=0, fbcca_conf=0.2593, fbcca_ratio=2.0982, fbcca_consec=1, fbcca_scores=[0.07676351232734759, 0.021156181057131566, 0.025565004558059806, 0.03658595631441326], fbcca_probs=[0.2592944481040472, 0.245269339094906, 0.2463530755671315, 0.24908313723391526], cca_quad=0, cca_conf=0.2676, cca_ratio=1.8441, cca_scores=[0.17384342461227867, 0.09426940177582566, 0.07958807130512116, 0.07150421244306206], cca_probs=[0.2676456581114648, 0.24717334982213668, 0.243571024359116, 0.24160996770728246]"
2026 05 21 20:49:37.843913,SSVEP_UPDATE,"fbcca_quad=0, fbcca_conf=0.2643, fbcca_ratio=2.2175, fbcca_consec=2, fbcca_scores=[0.10720259896644423, 0.017122968974136787, 0.04834299265451787, 0.03083948255536139], fbcca_probs=[0.2643280844988829, 0.2415584435036658, 0.24921886083445155, 0.24489461116299985], cca_quad=0, cca_conf=0.2740, cca_ratio=2.1709, cca_scores=[0.20442604215844887, 0.07639129592589239, 0.09416822059032275, 0.06984427449041578], cca_probs=[0.27400958186061997, 0.24107987975498107, 0.24540385826457092, 0.23950668011982806]"
2026 05 21 20:49:38.861186,SSVEP_UPDATE,"fbcca_quad=0, fbcca_conf=0.2718, fbcca_ratio=2.1703, fbcca_consec=3, fbcca_scores=[0.15258081904019996, 0.02783979998327343, 0.07030277891633328, 0.019498747789793207], fbcca_probs=[0.27180305065820826, 0.2399274789182633, 0.2503349160313377, 0.23793455439219072], cca_quad=0, cca_conf=0.2786, cca_ratio=1.7692, cca_scores=[0.24060995806843935, 0.09034457611105928, 0.13600121395097867, 0.05174071129032855], cca_probs=[0.2786251706745375, 0.23975127272702862, 0.2509512407117794, 0.23067231588665446]"
2026 05 21 20:49:39.880253,SSVEP_UPDATE,"fbcca_quad=0, fbcca_conf=0.2902, fbcca_ratio=5.1936, fbcca_consec=4, fbcca_scores=[0.23772155985697513, 0.03891527984493468, 0.04577190479549265, 0.01634536716491603], fbcca_probs=[0.2901517649622714, 0.2378399179087505, 0.23947630064449443, 0.23253201648448354], cca_quad=0, cca_conf=0.2971, cca_ratio=2.8985, cca_scores=[0.32430550753826803, 0.11188708905704291, 0.09901994703488937, 0.048860317163768444], cca_probs=[0.29707542139240706, 0.24022299364965438, 0.23715181131582783, 0.2255497736421107]"
2026 05 21 20:49:40.908957,SSVEP_UPDATE,"fbcca_quad=0, fbcca_conf=0.3060, fbcca_ratio=4.5057, fbcca_consec=5, fbcca_scores=[0.3210611974828807, 0.036673936763263346, 0.07125652886499333, 0.015627713266481737], fbcca_probs=[0.3059758286116288, 0.23023921799311364, 0.23834076580828525, 0.22544418758697243], cca_quad=0, cca_conf=0.3068, cca_ratio=2.7531, cca_scores=[0.3872387574952481, 0.11911895565942934, 0.140654621735399, 0.048470595140644564], cca_probs=[0.30684923636624534, 0.23468325135345433, 0.23979212554246632, 0.21867538673783413]"
2026 05 21 20:49:40.908957,SSVEP_CONFIRMED,"fbcca_quad=0, fbcca_conf=0.3060, fbcca_ratio=4.5057, fbcca_consec=5, fbcca_scores=[0.3210611974828807, 0.036673936763263346, 0.07125652886499333, 0.015627713266481737], fbcca_probs=[0.3059758286116288, 0.23023921799311364, 0.23834076580828525, 0.22544418758697243], cca_quad=0, cca_conf=0.3068, cca_ratio=2.7531, cca_scores=[0.3872387574952481, 0.11911895565942934, 0.140654621735399, 0.048470595140644564], cca_probs=[0.30684923636624534, 0.23468325135345433, 0.23979212554246632, 0.21867538673783413]"
2026 05 21 20:49:40.908957,SELECTION,"quad=0, result=char, output='Search ID'"
2026 05 21 20:49:43.911667,PHASE_SSVEP,
2026 05 21 20:49:44.042173,SSVEP_UPDATE,"fbcca_quad=0, fbcca_conf=0.2548, fbcca_ratio=1.1082, fbcca_consec=1, fbcca_scores=[0.062356656081658295, 0.056267909412237554, 0.029708037833539556, 0.02395192313150969], fbcca_probs=[0.2548334434423647, 0.25328654128901623, 0.246647835126829, 0.2452321801417901], cca_quad=1, cca_conf=0.2610, cca_ratio=1.0210, cca_scores=[0.15220803739671848, 0.1554105681992985, 0.06815684131859262, 0.07042606850881636], cca_probs=[0.26014130323884516, 0.2609757492318014, 0.2391698003298891, 0.23971314719946435]"
2026 05 21 20:49:45.057508,SSVEP_UPDATE,"fbcca_quad=1, fbcca_conf=0.2549, fbcca_ratio=1.3471, fbcca_consec=1, fbcca_scores=[0.044543082641918696, 0.06000230355475469, 0.033240945485776004, 0.024589198532915704], fbcca_probs=[0.2509671834832261, 0.2548770847605411, 0.24814668679772656, 0.24600904495850617], cca_quad=1, cca_conf=0.2642, cca_ratio=1.3532, cca_scores=[0.13640135015699703, 0.18458176954860075, 0.09909675246457358, 0.09529895075670994], cca_probs=[0.25173233009475304, 0.26415782862753345, 0.24251455838189873, 0.24159528289581478]"
2026 05 21 20:49:46.071283,SSVEP_UPDATE,"fbcca_quad=1, fbcca_conf=0.2572, fbcca_ratio=1.4063, fbcca_consec=2, fbcca_scores=[0.06812182553706515, 0.09580268712710688, 0.0571036385198988, 0.04781783040095262], fbcca_probs=[0.25018697911084226, 0.2572091112095646, 0.24744550296880305, 0.2451584067107902], cca_quad=1, cca_conf=0.2659, cca_ratio=1.2722, cca_scores=[0.15779139287660524, 0.20073573936913666, 0.0921341388517602, 0.10138151162913535], cca_probs=[0.25474570690306286, 0.2659238969771957, 0.23855706924244957, 0.24077332687729175]"
2026 05 21 20:49:47.092066,SSVEP_UPDATE,"fbcca_quad=3, fbcca_conf=0.2620, fbcca_ratio=1.4909, fbcca_consec=1, fbcca_scores=[0.05284997705246507, 0.08928047650153122, 0.0683041933853703, 0.13310665560651638], fbcca_probs=[0.24176537273188095, 0.25073540534438943, 0.24553068715596918, 0.2619685347677604], cca_quad=3, cca_conf=0.2586, cca_ratio=1.1259, cca_scores=[0.15374286302643253, 0.12900750919499196, 0.10001653260808725, 0.1730959481788905], cca_probs=[0.2536267963822023, 0.24743020125835877, 0.24035994016590176, 0.25858306219353716]"
2026 05 21 20:49:48.130669,SSVEP_UPDATE,"fbcca_quad=3, fbcca_conf=0.2567, fbcca_ratio=1.0503, fbcca_consec=2, fbcca_scores=[0.08720211201789377, 0.03960476345433144, 0.04169672648791132, 0.0915874162410185], fbcca_probs=[0.25553050841556824, 0.24365284862061434, 0.24416309489504423, 0.25665354806877316], cca_quad=0, cca_conf=0.2628, cca_ratio=1.1167, cca_scores=[0.193849313029826, 0.10247081052410108, 0.10272374040370691, 0.17359240882266558], cca_probs=[0.2627760290709644, 0.23982837571884585, 0.23988904315302245, 0.25750655205716727]"
2026 05 21 20:49:49.136421,SSVEP_UPDATE,"fbcca_quad=0, fbcca_conf=0.2513, fbcca_ratio=1.0828, fbcca_consec=1, fbcca_scores=[0.06898483308015652, 0.06371147393871894, 0.062232800497242544, 0.060612458255195234], fbcca_probs=[0.2512768755245641, 0.24995528997618885, 0.24958596085322124, 0.24918187364602568], cca_quad=1, cca_conf=0.2568, cca_ratio=1.1064, cca_scores=[0.16893031031619177, 0.18689716219144456, 0.12523833901267273, 0.15889356233317936], cca_probs=[0.25218191251936833, 0.25675377559514606, 0.2414008261192482, 0.24966348576623748]"
2026 05 21 20:49:50.171486,SSVEP_UPDATE,"fbcca_quad=3, fbcca_conf=0.2562, fbcca_ratio=1.1775, fbcca_consec=1, fbcca_scores=[0.052611185363986554, 0.07613254998075636, 0.04146410098714313, 0.08964835163286863], fbcca_probs=[0.24688635712446313, 0.2527622952862951, 0.2441495759740453, 0.2562017716151965], cca_quad=3, cca_conf=0.2575, cca_ratio=1.0085, cca_scores=[0.1351945192719509, 0.18024619842478407, 0.10956181918005257, 0.18177591260045872], cca_probs=[0.24579335139429376, 0.25711998073820164, 0.23957306606281287, 0.25751360180469174]"
2026 05 21 20:49:51.197973,SSVEP_UPDATE,"fbcca_quad=2, fbcca_conf=0.2592, fbcca_ratio=1.4738, fbcca_consec=1, fbcca_scores=[0.014937369882697532, 0.046925993149678595, 0.08970100121560666, 0.06086346656975241], fbcca_probs=[0.24055044524116412, 0.2483697199683749, 0.2592242326853162, 0.25185560210514474], cca_quad=2, cca_conf=0.2618, cca_ratio=1.4877, cca_scores=[0.08479665999114955, 0.10719340991215606, 0.16273655677739685, 0.1093891256786228], cca_probs=[0.24221259404622197, 0.24769857368115317, 0.2618457853924645, 0.24824304688016022]"
2026 05 21 20:49:52.204916,SSVEP_UPDATE,"fbcca_quad=2, fbcca_conf=0.2537, fbcca_ratio=1.0018, fbcca_consec=2, fbcca_scores=[0.038499470033861206, 0.030582059563495745, 0.06383244394604852, 0.06371476090124122], fbcca_probs=[0.24732234512321638, 0.24537192392953794, 0.2536677907943721, 0.25363794015287355], cca_quad=3, cca_conf=0.2582, cca_ratio=1.1698, cca_scores=[0.1078798840978964, 0.12114666907913887, 0.1428273734819589, 0.16708305857717037], cca_probs=[0.24331425390447267, 0.24656375937777214, 0.25196780544329767, 0.25815418127445744]"
2026 05 21 20:49:53.237462,SSVEP_UPDATE,"fbcca_quad=1, fbcca_conf=0.2760, fbcca_ratio=1.0102, fbcca_consec=1, fbcca_scores=[0.04287717626221447, 0.25579584381020803, 0.053616726332059945, 0.25322187615182623], fbcca_probs=[0.22310548076711728, 0.2760448451923934, 0.22551444569469178, 0.27533522834579754], cca_quad=1, cca_conf=0.2690, cca_ratio=1.0750, cca_scores=[0.12897342598746478, 0.2703601870643844, 0.12897080546655648, 0.25149669432345056], cca_probs=[0.2335241223388661, 0.2689894448916788, 0.23352351038482275, 0.2639629223846324]"
2026 05 21 20:49:54.258048,SSVEP_UPDATE,"fbcca_quad=3, fbcca_conf=0.2726, fbcca_ratio=1.1020, fbcca_consec=1, fbcca_scores=[0.04866349917138327, 0.18363694813138134, 0.016116337294630627, 0.20236560298486345], fbcca_probs=[0.23371985556674785, 0.2674938695947006, 0.22623539722241623, 0.2725508776161353], cca_quad=1, cca_conf=0.2684, cca_ratio=1.0106, cca_scores=[0.12362381359081953, 0.24742300358247366, 0.07820169820367368, 0.24482387892262647], cca_probs=[0.2371785242870345, 0.26843594371633206, 0.22664638084357455, 0.2677391511530588]"
2026 05 21 20:49:55.275842,SSVEP_UPDATE,"fbcca_quad=0, fbcca_conf=0.2552, fbcca_ratio=1.1975, fbcca_consec=1, fbcca_scores=[0.08424513566424063, 0.03172157123377551, 0.06720132774008535, 0.07034998872261153], fbcca_probs=[0.25522356348282166, 0.24216427451549172, 0.25091044250174926, 0.25170171949993725], cca_quad=3, cca_conf=0.2584, cca_ratio=1.1690, cca_scores=[0.1462667477521592, 0.11916966101478611, 0.11375266840318958, 0.17098959231844768], cca_probs=[0.25212372927092147, 0.24538364148722297, 0.2440579938675882, 0.2584346353742674]"
2026 05 21 20:49:56.284884,SSVEP_UPDATE,"fbcca_quad=3, fbcca_conf=0.2618, fbcca_ratio=1.4455, fbcca_consec=1, fbcca_scores=[0.10431055909064649, 0.08819661577466763, 0.07361611869993225, 0.15078368447188728], fbcca_probs=[0.24991521824419344, 0.24592037139264408, 0.24236074376882566, 0.2618036665943369], cca_quad=3, cca_conf=0.2663, cca_ratio=1.3668, cca_scores=[0.17797547691055643, 0.15982200239273717, 0.13621950302914837, 0.24325139266287074], cca_probs=[0.24946566844800727, 0.24497785771695466, 0.2392634701777168, 0.26629300365732134]"
2026 05 21 20:49:57.315155,SSVEP_UPDATE,"fbcca_quad=3, fbcca_conf=0.2728, fbcca_ratio=1.7276, fbcca_consec=2, fbcca_scores=[0.020382483320575535, 0.09804469297274043, 0.03328149720623809, 0.16938280770191405], fbcca_probs=[0.23505002741448944, 0.2540320864775191, 0.2381015796786341, 0.2728163064293573], cca_quad=3, cca_conf=0.2703, cca_ratio=1.4469, cca_scores=[0.09299597184821128, 0.1522137888945418, 0.09834101294561859, 0.2202322173926787], cca_probs=[0.23797902733628773, 0.2524972522301083, 0.23925444054925304, 0.2702692798843509]"
2026 05 21 20:49:58.330293,SSVEP_UPDATE,"fbcca_quad=3, fbcca_conf=0.2631, fbcca_ratio=1.9223, fbcca_consec=3, fbcca_scores=[0.06248114604265492, 0.0533521437933085, 0.03835405431989555, 0.12010625877389361], fbcca_probs=[0.2483613134880688, 0.24610434013042526, 0.242440787039742, 0.2630935593417639], cca_quad=3, cca_conf=0.2651, cca_ratio=1.3776, cca_scores=[0.1532319040668124, 0.14387213008786554, 0.09841662350685544, 0.2110885728790669], cca_probs=[0.250193461652735, 0.2478626324340615, 0.23684814198501478, 0.26509576392818873]"
2026 05 21 20:49:59.346406,SSVEP_UPDATE,"fbcca_quad=3, fbcca_conf=0.2722, fbcca_ratio=1.6901, fbcca_consec=4, fbcca_scores=[0.07177281361922572, 0.1192134512435408, 0.06760630329167627, 0.20147996215744676], fbcca_probs=[0.23906738655587617, 0.2506822251896869, 0.23807338202386194, 0.27217700623057495], cca_quad=3, cca_conf=0.2709, cca_ratio=1.3516, cca_scores=[0.16183090636148675, 0.19276939395349474, 0.0989135333765074, 0.260556656578589], cca_probs=[0.24544655727650663, 0.2531589929113526, 0.23047948613945932, 0.27091496367268153]"
2026 05 21 20:50:00.374384,SSVEP_UPDATE,"fbcca_quad=3, fbcca_conf=0.2653, fbcca_ratio=1.2496, fbcca_consec=5, fbcca_scores=[0.08634209074115097, 0.14819047936218013, 0.07923271927938765, 0.18517251940233723], fbcca_probs=[0.24035018141217968, 0.2556847749110699, 0.23864750235213664, 0.2653175413246138], cca_quad=3, cca_conf=0.2601, cca_ratio=1.1794, cca_scores=[0.1854417640435324, 0.1715953492291642, 0.13930862240455158, 0.2187097602767105], cca_probs=[0.25157287229687214, 0.24811349520616763, 0.2402306627588432, 0.26008296973811706]"
2026 05 21 20:50:01.389790,SSVEP_UPDATE,"fbcca_quad=1, fbcca_conf=0.2588, fbcca_ratio=1.0683, fbcca_consec=1, fbcca_scores=[0.02882189753324423, 0.10828752099759908, 0.05389066832203509, 0.1013635401272887], fbcca_probs=[0.23904392633887328, 0.25881485246496755, 0.24511220812506337, 0.25702901307109577], cca_quad=1, cca_conf=0.2572, cca_ratio=1.1704, cca_scores=[0.11991550557052598, 0.16483576536912303, 0.11979612250192671, 0.14083112118789795], cca_probs=[0.24588384560302642, 0.2571808443322712, 0.24585449298715692, 0.2510808170775454]"
2026 05 21 20:50:02.399701,SSVEP_UPDATE,"fbcca_quad=1, fbcca_conf=0.2737, fbcca_ratio=1.0883, fbcca_consec=2, fbcca_scores=[0.025282856265848596, 0.20420766954180547, 0.0227540466833184, 0.1876350669410274], fbcca_probs=[0.22884972696402917, 0.2736884422351493, 0.22827174069813957, 0.2691900901026819], cca_quad=1, cca_conf=0.2741, cca_ratio=1.2142, cca_scores=[0.10763162727591448, 0.2577506174212576, 0.07467061331497425, 0.21228149085465295], cca_probs=[0.2358562570731807, 0.27405848414813466, 0.22820892002708926, 0.26187633875159533]"
2026 05 21 20:50:03.426337,SSVEP_UPDATE,"fbcca_quad=1, fbcca_conf=0.2690, fbcca_ratio=1.2262, fbcca_consec=3, fbcca_scores=[0.02053963966043133, 0.183403391692129, 0.07917313669604269, 0.14957155687798782], fbcca_probs=[0.2285719874307756, 0.2690009621095609, 0.24237465768239744, 0.26005239277726605], cca_quad=1, cca_conf=0.2800, cca_ratio=1.3280, cca_scores=[0.08493714441728573, 0.2912000766243407, 0.10182948121110906, 0.21927102720865008], cca_probs=[0.22779630740770238, 0.2799790484175489, 0.23167700409087458, 0.2605476400838741]"
2026 05 21 20:50:04.451521,SSVEP_UPDATE,"fbcca_quad=1, fbcca_conf=0.2721, fbcca_ratio=1.3828, fbcca_consec=4, fbcca_scores=[0.047491121920098286, 0.2122752274333731, 0.08949135075448904, 0.1535114426428753], fbcca_probs=[0.23074024399672816, 0.27207471020840124, 0.24063778155598559, 0.256547264238885], cca_quad=1, cca_conf=0.2819, cca_ratio=1.4426, cca_scores=[0.12197057825648816, 0.3248301852404277, 0.1341424543194846, 0.2251658047199833], cca_probs=[0.2301043400000802, 0.2818549185184195, 0.23292225638208508, 0.25511848509941526]"
2026 05 21 20:50:05.474726,SSVEP_UPDATE,"fbcca_quad=1, fbcca_conf=0.2627, fbcca_ratio=1.3792, fbcca_consec=5, fbcca_scores=[0.0990112791839701, 0.15996991119472576, 0.06459440703656366, 0.11598617084297148], fbcca_probs=[0.24714892822306236, 0.2626834605394822, 0.2387875467932885, 0.251380064444167], cca_quad=1, cca_conf=0.2690, cca_ratio=1.5024, cca_scores=[0.16537422806903945, 0.25089202708336417, 0.12286555082200783, 0.1669903642880994], cca_probs=[0.24695745077239892, 0.2690060464137561, 0.23667961247325056, 0.2473568903405944]"
2026 05 21 20:50:06.507750,SSVEP_UPDATE,"fbcca_quad=3, fbcca_conf=0.2800, fbcca_ratio=1.2482, fbcca_consec=1, fbcca_scores=[0.06426827823408017, 0.20972926298194072, 0.03996297560127602, 0.26177554117713475], fbcca_probs=[0.2298363313122384, 0.2658224055165484, 0.22431743068580648, 0.28002383248540674], cca_quad=3, cca_conf=0.2702, cca_ratio=1.0606, cca_scores=[0.1539504744908517, 0.263170529999523, 0.09877324447858382, 0.27912568536122445], cca_probs=[0.23837491983615927, 0.265885238941251, 0.22557833847486086, 0.2701615027477288]"
2026 05 21 20:50:07.517771,SSVEP_UPDATE,"fbcca_quad=3, fbcca_conf=0.2952, fbcca_ratio=1.5368, fbcca_consec=2, fbcca_scores=[0.06540535314598507, 0.22370055212048937, 0.04781189305852072, 0.3437890894224824], fbcca_probs=[0.22346042203726946, 0.2617865598639328, 0.21956336192762432, 0.29518965617117343], cca_quad=3, cca_conf=0.2801, cca_ratio=1.4913, cca_scores=[0.1592612290288762, 0.20964775078967432, 0.10217484747516156, 0.31265405962912285], cca_probs=[0.2402706695818187, 0.25268726048994644, 0.2269386453702178, 0.28010342455801707]"
2026 05 21 20:50:08.545157,SSVEP_UPDATE,"fbcca_quad=3, fbcca_conf=0.2928, fbcca_ratio=1.7192, fbcca_consec=3, fbcca_scores=[0.03210574661739827, 0.18248238703598563, 0.0694186354685782, 0.3137182313954067], fbcca_probs=[0.2209673860903888, 0.25682418784159033, 0.229368069864393, 0.2928403562036279], cca_quad=3, cca_conf=0.2847, cca_ratio=1.4537, cca_scores=[0.09218010967437315, 0.22305544031360716, 0.12134187209744157, 0.3242548917144428], cca_probs=[0.22570149387170366, 0.25726035672419345, 0.23238025615442595, 0.28465789324967694]"
2026 05 21 20:50:09.556665,SSVEP_UPDATE,"fbcca_quad=3, fbcca_conf=0.2805, fbcca_ratio=3.7421, fbcca_consec=4, fbcca_scores=[0.029489213941505735, 0.053185790520937255, 0.04441509126842485, 0.19902503923009426], fbcca_probs=[0.23675519319823154, 0.24243248124955885, 0.240315476245478, 0.28049684930673163], cca_quad=3, cca_conf=0.2882, cca_ratio=2.4823, cca_scores=[0.08729977602982787, 0.11631368219889221, 0.07848786462174859, 0.288729843325664], cca_probs=[0.23563696080589291, 0.24257385607055718, 0.23356967054913694, 0.288219512574413]"
2026 05 21 20:50:10.577496,SSVEP_UPDATE,"fbcca_quad=3, fbcca_conf=0.2629, fbcca_ratio=1.5988, fbcca_consec=5, fbcca_scores=[0.05616630650959974, 0.07428254323477954, 0.08786015654961798, 0.14046665948350737], fbcca_probs=[0.24163703902775016, 0.24605448576799857, 0.249418101694498, 0.2628903735097533], cca_quad=3, cca_conf=0.2665, cca_ratio=1.2268, cca_scores=[0.10625712820714708, 0.18342257167830509, 0.1260430121995368, 0.22503125588002207], cca_probs=[0.23661250973065853, 0.25559374912922234, 0.241340719050467, 0.2664530220896521]"
2026 05 21 20:50:11.593871,SSVEP_UPDATE,"fbcca_quad=3, fbcca_conf=0.2583, fbcca_ratio=1.2170, fbcca_consec=6, fbcca_scores=[0.030391466698352163, 0.05368838312130534, 0.08163577586951608, 0.09935379315442656], fbcca_probs=[0.24110641198537103, 0.24678938880014073, 0.2537837911840806, 0.2583204080304076], cca_quad=3, cca_conf=0.2638, cca_ratio=1.3276, cca_scores=[0.09309320114607521, 0.13330351924434275, 0.14882858847511404, 0.19758453833751985], cca_probs=[0.2376147277987174, 0.2473639884527989, 0.2512342971667468, 0.26378698658173694]"
2026 05 21 20:50:12.610747,SSVEP_UPDATE,"fbcca_quad=3, fbcca_conf=0.2703, fbcca_ratio=1.1108, fbcca_consec=7, fbcca_scores=[0.02835091548888931, 0.20435132820099525, 0.1236839750885394, 0.22698528955878783], fbcca_probs=[0.2216213999028262, 0.26426990092293456, 0.24378911767441425, 0.27031958149982493], cca_quad=3, cca_conf=0.2667, cca_ratio=1.0767, cca_scores=[0.1119710631811003, 0.23401973777573554, 0.14357709384843872, 0.25197538136826864], cca_probs=[0.23190026197298913, 0.2620030247485719, 0.23934676610907052, 0.26674994716936845]"
2026 05 21 20:50:13.637786,SSVEP_UPDATE,"fbcca_quad=3, fbcca_conf=0.2983, fbcca_ratio=1.1953, fbcca_consec=8, fbcca_scores=[0.024280678520769886, 0.322777457859174, 0.052763040031071934, 0.38580498763843085], fbcca_probs=[0.20780347877036548, 0.28008401138254496, 0.21380730832180367, 0.29830520152528595], cca_quad=3, cca_conf=0.2847, cca_ratio=1.1924, cca_scores=[0.10260795825323459, 0.2917454408000697, 0.10532633265035425, 0.34788086596940565], cca_probs=[0.22277176777360191, 0.26915442001909007, 0.2233781686824517, 0.2846956435248564]"
2026 05 21 20:50:14.654928,SSVEP_UPDATE,"fbcca_quad=3, fbcca_conf=0.2837, fbcca_ratio=1.9525, fbcca_consec=9, fbcca_scores=[0.08585724596542633, 0.14154754974011372, 0.08390223882279374, 0.27636759374262987], fbcca_probs=[0.23445647383986368, 0.2478838430908579, 0.23399855751955712, 0.2836611255497213], cca_quad=3, cca_conf=0.2785, cca_ratio=1.6985, cca_scores=[0.1805951679763049, 0.17822799893331515, 0.12018894985804429, 0.3067324125725484], cca_probs=[0.2454918169340425, 0.2449113835676748, 0.23110158975073888, 0.2784952097475438]"
2026 05 21 20:50:14.654928,PHASE_TIMEOUT,
2026 05 21 20:50:17.668133,PHASE_SSVEP,
2026 05 21 20:50:17.784077,SSVEP_UPDATE,"fbcca_quad=1, fbcca_conf=0.2838, fbcca_ratio=2.1690, fbcca_consec=1, fbcca_scores=[0.06369881308715654, 0.2504745506404201, 0.05220476130851902, 0.11547686564525832], fbcca_probs=[0.23545640720455047, 0.28380901412428994, 0.23276555310144387, 0.24796902556971567], cca_quad=1, cca_conf=0.2787, cca_ratio=1.9739, cca_scores=[0.13172231887253294, 0.28121429086667177, 0.1256882065997009, 0.14246460325495203], cca_probs=[0.24003677010371663, 0.27874129465971287, 0.23859272243771495, 0.24262921279885555]"
2026 05 21 20:50:18.810465,SSVEP_UPDATE,"fbcca_quad=1, fbcca_conf=0.2859, fbcca_ratio=1.4681, fbcca_consec=2, fbcca_scores=[0.06953782428767431, 0.2903757013302944, 0.047984381697307274, 0.19779058008406125], fbcca_probs=[0.22921907280634507, 0.2858639713740706, 0.22433147417827223, 0.260585481641312], cca_quad=1, cca_conf=0.2735, cca_ratio=1.3405, cca_scores=[0.150294994536075, 0.2730606200138672, 0.09665692993697, 0.20369820363071486], cca_probs=[0.24194039882613805, 0.2735425089218439, 0.22930508031655095, 0.25521201193546705]"
2026 05 21 20:50:19.844000,SSVEP_UPDATE,"fbcca_quad=1, fbcca_conf=0.2836, fbcca_ratio=1.3227, fbcca_consec=3, fbcca_scores=[0.04286572604622998, 0.27239493092852457, 0.04363343193043572, 0.20593475365561031], fbcca_probs=[0.22543372360498687, 0.28359733909070706, 0.22560685685029908, 0.265362080454007], cca_quad=1, cca_conf=0.2704, cca_ratio=1.2460, cca_scores=[0.11750454951047423, 0.23963458249975345, 0.08878707257901094, 0.19231645127643382], cca_probs=[0.23927604319086004, 0.27035824445775425, 0.23250236591167087, 0.257863346439715]"
2026 05 21 20:50:20.859711,SSVEP_UPDATE,"fbcca_quad=3, fbcca_conf=0.2774, fbcca_ratio=1.1029, fbcca_consec=1, fbcca_scores=[0.09293076607533622, 0.2413469035649321, 0.029343816743276054, 0.2661856057683152], fbcca_probs=[0.2332330426995377, 0.2705492831452741, 0.2188641434208296, 0.27735353073435864], cca_quad=3, cca_conf=0.2688, cca_ratio=1.1210, cca_scores=[0.22834221989758632, 0.26519477909596184, 0.09763325507381455, 0.297294533905128], cca_probs=[0.2508530090716729, 0.2602700395175436, 0.22011677071910304, 0.2687601806916804]"
2026 05 21 20:50:21.877225,SSVEP_UPDATE,"fbcca_quad=3, fbcca_conf=0.3023, fbcca_ratio=1.6733, fbcca_consec=2, fbcca_scores=[0.06228171662952087, 0.2189779425603891, 0.020533724919883378, 0.3664049884330032], fbcca_probs=[0.2230058230290852, 0.2608365873908155, 0.21388743921094047, 0.3022701503691588], cca_quad=3, cca_conf=0.2862, cca_ratio=1.4829, cca_scores=[0.1953899079485506, 0.2442650872298919, 0.08716935169930644, 0.3622220944584229], cca_probs=[0.2421850001516638, 0.2543158699323729, 0.21734399771396648, 0.2861551322019968]"
2026 05 21 20:50:22.889504,SSVEP_UPDATE,"fbcca_quad=3, fbcca_conf=0.2719, fbcca_ratio=1.3133, fbcca_consec=3, fbcca_scores=[0.07227895533809801, 0.1565918705414873, 0.044011285921964516, 0.20564642821137535], fbcca_probs=[0.2379384691036142, 0.2588697455523969, 0.23130667736063099, 0.27188510798335797], cca_quad=3, cca_conf=0.2652, cca_ratio=1.1212, cca_scores=[0.20469844952817573, 0.24116413801439343, 0.12359003918965987, 0.2703997488007478], cca_probs=[0.24831517385632623, 0.25753728097591755, 0.22896986277437453, 0.26517768239338163]"
2026 05 21 20:50:23.912014,SSVEP_UPDATE,"fbcca_quad=3, fbcca_conf=0.2661, fbcca_ratio=1.2663, fbcca_consec=4, fbcca_scores=[0.1250376601046403, 0.06702845306923304, 0.027565805500047398, 0.1583337160685697], fbcca_probs=[0.25742505864684523, 0.242916906506155, 0.23351744582204886, 0.26614058902495097], cca_quad=3, cca_conf=0.2652, cca_ratio=1.0094, cca_scores=[0.2477100302413142, 0.1634330632476422, 0.09512492861268146, 0.25003768208488886], cca_probs=[0.2645507660433753, 0.2431688840417297, 0.22711308457370377, 0.2651672653411913]"
2026 05 21 20:50:24.923870,SSVEP_UPDATE,"fbcca_quad=3, fbcca_conf=0.2654, fbcca_ratio=2.1060, fbcca_consec=5, fbcca_scores=[0.06809458680608714, 0.056198432628265516, 0.06484887213197148, 0.14340521683678514], fbcca_probs=[0.24611429227913373, 0.2432038247218765, 0.24531677047342282, 0.26536511252556694], cca_quad=3, cca_conf=0.2679, cca_ratio=1.3806, cca_scores=[0.17694109988761275, 0.15376279979513507, 0.12155260218012581, 0.24428974195193912], cca_probs=[0.25044616295653754, 0.24470800391268727, 0.23695150060161504, 0.2678943325291602]"
2026 05 21 20:50:25.953950,SSVEP_UPDATE,"fbcca_quad=3, fbcca_conf=0.2713, fbcca_ratio=2.8457, fbcca_consec=6, fbcca_scores=[0.053366741277332444, 0.02928032883549823, 0.041799241600946155, 0.15186362296417755], fbcca_probs=[0.245808264838271, 0.2399583600182403, 0.2429812600256229, 0.2712521151178658], cca_quad=3, cca_conf=0.2739, cca_ratio=1.6293, cca_scores=[0.14389530986519997, 0.09837335207372612, 0.08929780125402789, 0.23445313832792028], cca_probs=[0.2501782761648097, 0.23904499805528798, 0.23688534785819154, 0.27389137792171075]"
2026 05 21 20:50:26.973210,SSVEP_UPDATE,"fbcca_quad=3, fbcca_conf=0.2978, fbcca_ratio=3.4069, fbcca_consec=7, fbcca_scores=[0.04788696765866141, 0.0878084073094899, 0.03929102028414168, 0.2991504819542049], fbcca_probs=[0.23159842101199066, 0.24103119563652523, 0.22961614514835255, 0.2977542382031316], cca_quad=3, cca_conf=0.2920, cca_ratio=2.0801, cca_scores=[0.11930767901942, 0.16030181766540672, 0.08055561578024063, 0.33345042239868045], cca_probs=[0.2357025950381348, 0.24556580557067598, 0.22674334896836598, 0.2919882504228233]"
2026 05 21 20:50:27.988664,SSVEP_UPDATE,"fbcca_quad=3, fbcca_conf=0.3095, fbcca_ratio=1.4582, fbcca_consec=8, fbcca_scores=[0.02329844225940423, 0.29843488834809373, 0.07315992622928442, 0.4351714058576407], fbcca_probs=[0.20502397070077882, 0.269957178599015, 0.21550592136975996, 0.3095129293304462], cca_quad=3, cca_conf=0.2858, cca_ratio=1.3815, cca_scores=[0.07377010327773537, 0.23632851674999195, 0.11457727883641314, 0.3264830772189504], cca_probs=[0.2219419861835722, 0.2611185288332887, 0.2311861429772665, 0.28575334200587266]"
2026 05 21 20:50:29.010547,SSVEP_UPDATE,"fbcca_quad=3, fbcca_conf=0.2788, fbcca_ratio=1.3431, fbcca_consec=9, fbcca_scores=[0.030610297880051755, 0.19784688827413988, 0.11756835683368795, 0.2657194961204091], fbcca_probs=[0.22036470837606048, 0.2604785534808918, 0.2403850464827235, 0.27877169166032423], cca_quad=3, cca_conf=0.2741, cca_ratio=1.2720, cca_scores=[0.12257396480952691, 0.2387548953273332, 0.17201926042294746, 0.30369703178791957], cca_probs=[0.2287047379840432, 0.256880950092358, 0.24029734967670907, 0.27411696224688975]"
2026 05 21 20:50:30.036619,SSVEP_UPDATE,"fbcca_quad=3, fbcca_conf=0.2725, fbcca_ratio=1.6719, fbcca_consec=10, fbcca_scores=[0.06109539298100616, 0.04045053676730997, 0.11289673159126293, 0.1887552121427531], fbcca_probs=[0.2398714448539912, 0.23497010121482337, 0.2526245695973324, 0.27253388433385295], cca_quad=3, cca_conf=0.2783, cca_ratio=1.7918, cca_scores=[0.16270697568037643, 0.11272053719406713, 0.1612845475456974, 0.29153991843277843], cca_probs=[0.2446590328577582, 0.23273002717423522, 0.2443112703582354, 0.2782996696097712]"
2026 05 21 20:50:31.064687,SSVEP_UPDATE,"fbcca_quad=2, fbcca_conf=0.2578, fbcca_ratio=1.1071, fbcca_consec=1, fbcca_scores=[0.05583359701452914, 0.053397360080649374, 0.11170514769407075, 0.10090219512431306], fbcca_probs=[0.24383534321316402, 0.2432420255688795, 0.25784657185120136, 0.2550760593667551], cca_quad=3, cca_conf=0.2597, cca_ratio=1.1909, cca_scores=[0.13077663028084355, 0.14783265370021573, 0.16815760563877016, 0.20025784694187315], cca_probs=[0.24229251367129603, 0.2464605040885963, 0.2515210555113423, 0.25972592672876543]"
2026 05 21 20:50:32.077482,SSVEP_UPDATE,"fbcca_quad=3, fbcca_conf=0.2746, fbcca_ratio=3.2540, fbcca_consec=1, fbcca_scores=[0.02166900127848124, 0.05080888846577807, 0.04125677857321038, 0.16533198103589392], fbcca_probs=[0.2378774986723965, 0.24491120514906445, 0.24258292410497026, 0.27462837207356877], cca_quad=3, cca_conf=0.2803, cca_ratio=1.8769, cca_scores=[0.11549014537890996, 0.1553647196590214, 0.13673492610579396, 0.2916083933659079], cca_probs=[0.23503246479495218, 0.24459364138602194, 0.2400790954429232, 0.28029479837610266]"
2026 05 21 20:50:33.093867,SSVEP_UPDATE,"fbcca_quad=3, fbcca_conf=0.2986, fbcca_ratio=3.1543, fbcca_consec=2, fbcca_scores=[0.011203018666021042, 0.09496700474638889, 0.05614289952219569, 0.29955348212487465], fbcca_probs=[0.22383572847766897, 0.24339275490163115, 0.23412433225309337, 0.29864718436760657], cca_quad=3, cca_conf=0.2896, cca_ratio=1.9195, cca_scores=[0.05088553803685186, 0.16722492014114232, 0.13794536912320343, 0.3209825166735142], cca_probs=[0.2210222917982545, 0.24829137268990314, 0.24112691071987766, 0.2895594247919647]"
2026 05 21 20:50:34.107817,SSVEP_UPDATE,"fbcca_quad=3, fbcca_conf=0.3011, fbcca_ratio=2.3890, fbcca_consec=3, fbcca_scores=[0.01924282756410779, 0.137513225416416, 0.05475833150704108, 0.3285152496611448], fbcca_probs=[0.22103669898461084, 0.24878750644170272, 0.22902799624536377, 0.30114779832832267], cca_quad=3, cca_conf=0.2909, cca_ratio=1.9698, cca_scores=[0.09506568717720616, 0.1809115565339611, 0.1680416721525761, 0.35635894091845804], cca_probs=[0.22401677061037342, 0.24409726848908922, 0.2409758938150812, 0.29091006708545625]"
2026 05 21 20:50:35.124308,SSVEP_UPDATE,"fbcca_quad=3, fbcca_conf=0.2892, fbcca_ratio=2.8467, fbcca_consec=4, fbcca_scores=[0.0644282250205403, 0.09534331030997789, 0.0559824491042832, 0.27141819921074267], fbcca_probs=[0.23513046965972542, 0.2425130771739348, 0.2331529729038753, 0.28920348026246445], cca_quad=3, cca_conf=0.2781, cca_ratio=1.9255, cca_scores=[0.1466162457594976, 0.13245786839135143, 0.1339229735646935, 0.2823167519148935], cca_probs=[0.2427969932560687, 0.23938360285678345, 0.2397345820596828, 0.278084821827465]"
2026 05 21 20:50:36.154963,SSVEP_UPDATE,"fbcca_quad=3, fbcca_conf=0.2741, fbcca_ratio=3.1851, fbcca_consec=5, fbcca_scores=[0.05046556355247285, 0.007723833191177874, 0.0499996486370385, 0.16073857711135398], fbcca_probs=[0.24544238729527296, 0.23517278854380158, 0.2453280586619282, 0.2740567654989972], cca_quad=3, cca_conf=0.2824, cca_ratio=2.0089, cca_scores=[0.13850599598075616, 0.06060984710259841, 0.13550804975608505, 0.2782504912282894], cca_probs=[0.24557673513000208, 0.22717333496264938, 0.24484161176479852, 0.28240831814255013]"
2026 05 21 20:50:37.163820,SSVEP_UPDATE,"fbcca_quad=3, fbcca_conf=0.2732, fbcca_ratio=2.8703, fbcca_consec=6, fbcca_scores=[0.01697568353787434, 0.02938545083406957, 0.0535969732710009, 0.15384026591334696], fbcca_probs=[0.23829608444623104, 0.24127170861590136, 0.24718455466622596, 0.2732476522716416], cca_quad=3, cca_conf=0.2819, cca_ratio=2.1728, cca_scores=[0.0882580824768227, 0.08217811615371542, 0.11982575018744925, 0.2603618766705509], cca_probs=[0.23731487873949514, 0.23587638968255956, 0.24492585431957276, 0.2818828772583726]"
2026 05 21 20:50:38.190899,SSVEP_UPDATE,"fbcca_quad=3, fbcca_conf=0.2762, fbcca_ratio=2.2773, fbcca_consec=7, fbcca_scores=[0.02529123652068185, 0.08010611250320955, 0.03494020302540098, 0.18242920701257803], fbcca_probs=[0.23606074521776718, 0.24936159775916744, 0.23834951180002337, 0.2762281452230419], cca_quad=3, cca_conf=0.2786, cca_ratio=1.9106, cca_scores=[0.1058438812523729, 0.13860882943570205, 0.10867979438983816, 0.26482048806801844], cca_probs=[0.2376167181772139, 0.24553116787449952, 0.23829153495859956, 0.278560578989687]"
2026 05 21 20:50:39.205220,SSVEP_UPDATE,"fbcca_quad=3, fbcca_conf=0.2805, fbcca_ratio=1.5649, fbcca_consec=8, fbcca_scores=[0.07345085239365406, 0.15379942096815327, 0.02095469309162737, 0.2406844047290949], fbcca_probs=[0.23727308698122462, 0.2571244765278246, 0.22513845853954492, 0.2804639779514058], cca_quad=3, cca_conf=0.2736, cca_ratio=1.4490, cca_scores=[0.14428319554847133, 0.1753929449446456, 0.0729925205694995, 0.2541508608773981], cca_probs=[0.24516292015479269, 0.2529097533997955, 0.2282935486190474, 0.27363377782636444]"
2026 05 21 20:50:40.224136,SSVEP_UPDATE,"fbcca_quad=3, fbcca_conf=0.2823, fbcca_ratio=1.4150, fbcca_consec=9, fbcca_scores=[0.04738034038688597, 0.17974259012821786, 0.032672064545622694, 0.2543401814664234], fbcca_probs=[0.22952339714740275, 0.2620059523510719, 0.22617220922259781, 0.2822984412789276], cca_quad=3, cca_conf=0.2736, cca_ratio=1.3895, cca_scores=[0.11243367499628341, 0.18666928818374157, 0.10990159695566643, 0.2593843247016388], cca_probs=[0.2362486472555544, 0.25445409683259984, 0.235651203949456, 0.2736460519623898]"
2026 05 21 20:50:41.240179,SSVEP_UPDATE,"fbcca_quad=3, fbcca_conf=0.2732, fbcca_ratio=1.6829, fbcca_consec=10, fbcca_scores=[0.11338131633883526, 0.06939041549571207, 0.027214041876874925, 0.19080766024088436], fbcca_probs=[0.25285050620682614, 0.24196849426295716, 0.23197535905750152, 0.2732056404727151], cca_quad=3, cca_conf=0.2764, cca_ratio=1.4334, cca_scores=[0.19161349834724092, 0.13098341728879895, 0.089704157077118, 0.2746652487334812], cca_probs=[0.25439591081937935, 0.23943013836642585, 0.2297478529980436, 0.2764260978161513]"
2026 05 21 20:50:42.272405,SSVEP_UPDATE,"fbcca_quad=3, fbcca_conf=0.2783, fbcca_ratio=2.5117, fbcca_consec=11, fbcca_scores=[0.0724035047230023, 0.02669864537766868, 0.008686885230117057, 0.1818543336290787], fbcca_probs=[0.24942259068472578, 0.23827935597034766, 0.2340259460536681, 0.27827210729125845], cca_quad=3, cca_conf=0.2865, cca_ratio=1.6808, cca_scores=[0.1769075663289995, 0.11596106582946746, 0.03550885048870175, 0.29734806119015095], cca_probs=[0.25399984396760467, 0.2389817411659759, 0.22050821201179374, 0.2865102028546257]"
2026 05 21 20:50:43.290068,SSVEP_UPDATE,"fbcca_quad=3, fbcca_conf=0.2835, fbcca_ratio=3.9616, fbcca_consec=12, fbcca_scores=[0.030590773354686095, 0.05474735905987677, 0.051508453595847804, 0.2168873232099704], fbcca_probs=[0.23527373504723573, 0.24102634718867272, 0.24024694851645467, 0.2834529692476369], cca_quad=3, cca_conf=0.2863, cca_ratio=2.2714, cca_scores=[0.11081101796216791, 0.13149210658428603, 0.09750102146932513, 0.29866630268477073], cca_probs=[0.2372854453106656, 0.24224386263991352, 0.2341481021951714, 0.2863225898542495]"
2026 05 21 20:50:44.324337,SSVEP_UPDATE,"fbcca_quad=3, fbcca_conf=0.2869, fbcca_ratio=5.0783, fbcca_consec=13, fbcca_scores=[0.04340078333005306, 0.042141280221154646, 0.010690637038865814, 0.22040198584582968], fbcca_probs=[0.24037347135283782, 0.24007091079635018, 0.23263802345843274, 0.2869175943923792], cca_quad=3, cca_conf=0.2856, cca_ratio=2.4266, cca_scores=[0.11395442618944522, 0.1093081662459602, 0.06067781986627876, 0.2765199850064915], cca_probs=[0.24271799382606918, 0.24159287874641142, 0.23012523111602481, 0.28556389631149454]"
2026 05 21 20:50:45.366683,SSVEP_UPDATE,"fbcca_quad=3, fbcca_conf=0.2933, fbcca_ratio=2.0313, fbcca_consec=14, fbcca_scores=[0.01576433787084597, 0.14461762709441656, 0.058804953339297986, 0.2937686658150606], fbcca_probs=[0.22212372599920224, 0.2526708971493017, 0.2318927931591418, 0.29331258369235425], cca_quad=3, cca_conf=0.2822, cca_ratio=1.8035, cca_scores=[0.07540052049459531, 0.16112359301357265, 0.13860950614202183, 0.2905837291241013], cca_probs=[0.2275394095755397, 0.24790522721747169, 0.24238622813086708, 0.2821691350761215]"
2026 05 21 20:50:46.390519,SSVEP_UPDATE,"fbcca_quad=3, fbcca_conf=0.2679, fbcca_ratio=1.9488, fbcca_consec=15, fbcca_scores=[0.040989842292935924, 0.07717170516131022, 0.0533163001688387, 0.1503906056317205], fbcca_probs=[0.24010431145256014, 0.248950809026525, 0.2430822632259229, 0.2678626162949919], cca_quad=3, cca_conf=0.2687, cca_ratio=1.6674, cca_scores=[0.1318918236328485, 0.1309396811505129, 0.10513846495570972, 0.21992059146539295], cca_probs=[0.24602248138196503, 0.24578834440939934, 0.23952781809389198, 0.2686613561147436]"
2026 05 21 20:50:47.398217,SSVEP_UPDATE,"fbcca_quad=3, fbcca_conf=0.2716, fbcca_ratio=1.3868, fbcca_consec=16, fbcca_scores=[0.07678090221296978, 0.1437104597828609, 0.03845133246736896, 0.19930217519300825], fbcca_probs=[0.24027146630957621, 0.25690309494349134, 0.23123622891861256, 0.2715892098283199], cca_quad=3, cca_conf=0.2695, cca_ratio=1.2661, cca_scores=[0.1632334822250404, 0.19845146507026273, 0.08355612615326595, 0.25126571904315215], cca_probs=[0.24683538292690096, 0.255683315890725, 0.22793130563579633, 0.2695499955465777]"
2026 05 21 20:50:48.427753,SSVEP_UPDATE,"fbcca_quad=0, fbcca_conf=0.2674, fbcca_ratio=1.2321, fbcca_consec=1, fbcca_scores=[0.1702023572758285, 0.03713214972661898, 0.06053061400743093, 0.13814275574167745], fbcca_probs=[0.26738105633695863, 0.23406634731269707, 0.23960771733670058, 0.25894487901364377], cca_quad=3, cca_conf=0.2664, cca_ratio=1.0362, cca_scores=[0.23051520775717171, 0.12317625864981745, 0.1014834236068313, 0.23886404129246203], cca_probs=[0.26416233859813015, 0.23727620487828183, 0.23218443840301528, 0.2663770181205728]"
2026 05 21 20:50:48.427753,PHASE_TIMEOUT,
2026 05 21 20:50:51.432261,PHASE_SSVEP,
2026 05 21 20:50:51.547110,SSVEP_UPDATE,"fbcca_quad=1, fbcca_conf=0.2607, fbcca_ratio=1.7776, fbcca_consec=1, fbcca_scores=[0.058679414707684084, 0.1043104358183097, 0.0514994132609882, 0.03329459174122261], fbcca_probs=[0.24909897726172986, 0.26072894365953303, 0.24731685173262596, 0.2428552273461112], cca_quad=1, cca_conf=0.2656, cca_ratio=1.4726, cca_scores=[0.13092930961146557, 0.19280209918733668, 0.1285380533460631, 0.07281480490927672], cca_probs=[0.2496891053525553, 0.26562601343678427, 0.24909274802075088, 0.23559213318990946]"
2026 05 21 20:50:52.576306,SSVEP_UPDATE,"fbcca_quad=0, fbcca_conf=0.2604, fbcca_ratio=1.3482, fbcca_consec=1, fbcca_scores=[0.12699139883302507, 0.09419385018752688, 0.07671501502919242, 0.04607645752157454], fbcca_probs=[0.26035068738192396, 0.25195033158047764, 0.24758479664168004, 0.24011418439591836], cca_quad=0, cca_conf=0.2592, cca_ratio=1.0607, cca_scores=[0.19072947234901075, 0.17981297086492778, 0.16338188993130412, 0.08129810356927974], cca_probs=[0.2591674308024082, 0.2563536156117554, 0.2521758650767399, 0.23230308850909656]"
2026 05 21 20:50:53.592690,SSVEP_UPDATE,"fbcca_quad=1, fbcca_conf=0.2591, fbcca_ratio=1.6755, fbcca_consec=1, fbcca_scores=[0.06281991600990279, 0.11010621670662726, 0.065716856513143, 0.05833236833355397], fbcca_probs=[0.24710603148150814, 0.2590714318867677, 0.24782292084425717, 0.24599961578746704], cca_quad=1, cca_conf=0.2615, cca_ratio=1.1692, cca_scores=[0.13836284215693068, 0.18993107788316058, 0.1624420635663881, 0.08686148675098225], cca_probs=[0.2483179648707934, 0.2614592075061589, 0.2543698379143447, 0.23585298970870297]"
2026 05 21 20:50:54.605476,SSVEP_UPDATE,"fbcca_quad=3, fbcca_conf=0.2719, fbcca_ratio=1.1301, fbcca_consec=1, fbcca_scores=[0.031039349247378674, 0.18320709325538476, 0.05955020277893173, 0.2070344052548893], fbcca_probs=[0.22801331060974814, 0.26548855996928544, 0.23460772419841056, 0.2718904052225559], cca_quad=3, cca_conf=0.2611, cca_ratio=1.0708, cca_scores=[0.10150051996230429, 0.19149477414009164, 0.14564217477298566, 0.20505647410989736], cca_probs=[0.2353823866093613, 0.2575478744365716, 0.2460052860224656, 0.2610644529316015]"
2026 05 21 20:50:55.622701,SSVEP_UPDATE,"fbcca_quad=3, fbcca_conf=0.3041, fbcca_ratio=1.4608, fbcca_consec=2, fbcca_scores=[0.032155832838643525, 0.2730629753282883, 0.06177629344287529, 0.39889437954952534], fbcca_probs=[0.21072652928126723, 0.26812904225658074, 0.21706170841664926, 0.3040827200455027], cca_quad=3, cca_conf=0.2786, cca_ratio=1.4294, cca_scores=[0.08705242158722219, 0.2009809444422238, 0.1285558325019617, 0.2872750946356599], cca_probs=[0.22806455190893868, 0.2555855619835153, 0.2377291789521375, 0.2786207071554086]"
2026 05 21 20:50:56.655451,SSVEP_UPDATE,"fbcca_quad=3, fbcca_conf=0.2930, fbcca_ratio=1.4757, fbcca_consec=3, fbcca_scores=[0.013251340838334607, 0.21821656015387886, 0.069732283306726, 0.32202475998589025], fbcca_probs=[0.2151767330351703, 0.26412564656703413, 0.2276798890522487, 0.2930177313455469], cca_quad=3, cca_conf=0.2827, cca_ratio=1.3607, cca_scores=[0.07125219569580356, 0.22704370328147333, 0.11992323628144586, 0.3089315661698123], cca_probs=[0.22287798188443322, 0.26045131753312284, 0.23399400511387694, 0.28267669546856694]"
2026 05 21 20:50:57.663779,SSVEP_UPDATE,"fbcca_quad=3, fbcca_conf=0.2650, fbcca_ratio=1.0505, fbcca_consec=4, fbcca_scores=[0.0386590922701106, 0.1731116063288442, 0.09314855015818302, 0.18185214163074329], fbcca_probs=[0.2296810251167889, 0.26273449908582913, 0.24254347118492492, 0.26504100461245705], cca_quad=3, cca_conf=0.2612, cca_ratio=1.0713, cca_scores=[0.1099386642599122, 0.19812610357953592, 0.15070101672381517, 0.21225333647711722], cca_probs=[0.23576401733055832, 0.2574997675847079, 0.24557287114486404, 0.2611633439398698]"
2026 05 21 20:50:58.688137,SSVEP_UPDATE,"fbcca_quad=3, fbcca_conf=0.2669, fbcca_ratio=1.0803, fbcca_consec=5, fbcca_scores=[0.028269131775785543, 0.1488602196826266, 0.03638630806509311, 0.16080989540622448], fbcca_probs=[0.2337519452798869, 0.263710412330119, 0.23565707269473668, 0.2668805696952574], cca_quad=3, cca_conf=0.2644, cca_ratio=1.0824, cca_scores=[0.09360712119248438, 0.18784783613075534, 0.10000989582709206, 0.20333143295769374], cca_probs=[0.236898455197587, 0.26030975965671144, 0.23842012888587008, 0.2643716562598315]"
2026 05 21 20:50:59.705542,SSVEP_UPDATE,"fbcca_quad=1, fbcca_conf=0.2571, fbcca_ratio=1.0826, fbcca_consec=1, fbcca_scores=[0.01852554358846002, 0.10193897755559966, 0.07837138765594395, 0.09416333823854979], fbcca_probs=[0.23656120489732949, 0.2571399278088258, 0.25115061351343, 0.2551482537804147], cca_quad=1, cca_conf=0.2572, cca_ratio=1.0500, cca_scores=[0.08033479986134286, 0.15874323909299057, 0.1293693838372827, 0.1511772096194227], cca_probs=[0.2377989492555208, 0.25719485926874647, 0.249749933089065, 0.25525625838666777]"
2026 05 21 20:51:00.727141,SSVEP_UPDATE,"fbcca_quad=2, fbcca_conf=0.2669, fbcca_ratio=1.6589, fbcca_consec=1, fbcca_scores=[0.027150457047122645, 0.09291327275151647, 0.1614087966451811, 0.09729877280746532], fbcca_probs=[0.2334087850976883, 0.2492743692847225, 0.26694688296596225, 0.250369962651627], cca_quad=2, cca_conf=0.2569, cca_ratio=1.1200, cca_scores=[0.08738159770619858, 0.134146732523883, 0.15745999259475493, 0.14059200104495412], cca_probs=[0.23951409344891308, 0.25098103919823156, 0.25690096368265913, 0.2526039036701962]"
2026 05 21 20:51:01.753808,SSVEP_UPDATE,"fbcca_quad=3, fbcca_conf=0.2620, fbcca_ratio=1.1275, fbcca_consec=1, fbcca_scores=[0.054848718193438104, 0.1652694938910581, 0.14708668333380367, 0.18633693246856833], fbcca_probs=[0.22967923913592914, 0.2564938015421858, 0.25187216781582045, 0.2619547915060645], cca_quad=3, cca_conf=0.2605, cca_ratio=1.1144, cca_scores=[0.11401437247153162, 0.18941729679233252, 0.1619607021842355, 0.21108067158869315], cca_probs=[0.23644203985120688, 0.2549598361839428, 0.2480547363707119, 0.26054338759413836]"
2026 05 21 20:51:02.771271,SSVEP_UPDATE,"fbcca_quad=3, fbcca_conf=0.2673, fbcca_ratio=1.2650, fbcca_consec=2, fbcca_scores=[0.10447757528537757, 0.1859000795016339, 0.14329422466180625, 0.23517034581850352], fbcca_probs=[0.2345201126204694, 0.25441425317531563, 0.24380238550740613, 0.2672632486968089], cca_quad=3, cca_conf=0.2651, cca_ratio=1.2361, cca_scores=[0.1712438759801278, 0.21010917040850452, 0.16011103525686365, 0.259725673520928], cca_probs=[0.24265520922873968, 0.2522717395622021, 0.23996874914645835, 0.26510430206259994]"
2026 05 21 20:51:03.786366,SSVEP_UPDATE,"fbcca_quad=3, fbcca_conf=0.2943, fbcca_ratio=1.1620, fbcca_consec=3, fbcca_scores=[0.027892771277171814, 0.31293802862626363, 0.05161214309402373, 0.36362547242799703], fbcca_probs=[0.21040272489390516, 0.2797982168162366, 0.2154530032972718, 0.2943460549925863], cca_quad=3, cca_conf=0.2780, cca_ratio=1.1644, cca_scores=[0.09471772328417384, 0.26760383891886, 0.13101338967104229, 0.31160302623043834], cca_probs=[0.22381906016604672, 0.26606059243605035, 0.23209194892161675, 0.2780283984762862]"
2026 05 21 20:51:04.808858,SSVEP_UPDATE,"fbcca_quad=3, fbcca_conf=0.2932, fbcca_ratio=1.0710, fbcca_consec=4, fbcca_scores=[0.006508798909256333, 0.35415203179008237, 0.08772476664542672, 0.3792952706650406], fbcca_probs=[0.20193426786612761, 0.2858838103400104, 0.21901893901060182, 0.29316298278326014], cca_quad=3, cca_conf=0.2792, cca_ratio=1.0756, cca_scores=[0.061555772186426855, 0.3042852530181909, 0.14962250502598004, 0.327297937960677], cca_probs=[0.21407851230132025, 0.2728909619112704, 0.23378679335053285, 0.27924373243687656]"
2026 05 21 20:51:05.818106,SSVEP_UPDATE,"fbcca_quad=3, fbcca_conf=0.3041, fbcca_ratio=1.4609, fbcca_consec=5, fbcca_scores=[0.07848426993333077, 0.3061730252756402, 0.1299823023523751, 0.4472838116758105], fbcca_probs=[0.21032532166866333, 0.26410433625746416, 0.22144040807312504, 0.30412993400074745], cca_quad=3, cca_conf=0.2846, cca_ratio=1.4323, cca_scores=[0.13538497915597558, 0.2428377079320975, 0.1313269795458556, 0.3478221111567942], cca_probs=[0.2300925738983079, 0.25619386727751065, 0.2291607502718162, 0.28455280855236526]"
2026 05 21 20:51:06.842777,SSVEP_UPDATE,"fbcca_quad=3, fbcca_conf=0.2861, fbcca_ratio=2.0709, fbcca_consec=6, fbcca_scores=[0.051537227250216464, 0.13989202350315474, 0.12286287099914431, 0.2896994057665681], fbcca_probs=[0.22546788357454214, 0.24629562002527652, 0.24213692438053766, 0.28609957201964364], cca_quad=3, cca_conf=0.2803, cca_ratio=1.8311, cca_scores=[0.12558567874393664, 0.16787700369387096, 0.16091039801089024, 0.3074027291956007], cca_probs=[0.23372408909292755, 0.24382058273957583, 0.24212788391093193, 0.2803274442565647]"
2026 05 21 20:51:07.875095,SSVEP_UPDATE,"fbcca_quad=0, fbcca_conf=0.2670, fbcca_ratio=1.2689, fbcca_consec=1, fbcca_scores=[0.15134817190864405, 0.017454232956388083, 0.04852010049958626, 0.11927557092233021], fbcca_probs=[0.2669940948539187, 0.23353515033626143, 0.24090398945117175, 0.25856676535864814], cca_quad=3, cca_conf=0.2693, cca_ratio=1.0676, cca_scores=[0.22210869955622983, 0.06906750802059487, 0.11298830793510889, 0.23712668513311497], cca_probs=[0.26526267291792854, 0.22762040749077309, 0.23784047170871872, 0.26927644788257965]"
2026 05 21 20:51:08.900596,SSVEP_UPDATE,"fbcca_quad=3, fbcca_conf=0.2632, fbcca_ratio=1.3220, fbcca_consec=1, fbcca_scores=[0.07402222845261908, 0.1030557698476183, 0.022461985049015632, 0.13623537832897403], fbcca_probs=[0.24731693841763505, 0.25460267862320085, 0.234888379904829, 0.2631920030543351], cca_quad=3, cca_conf=0.2626, cca_ratio=1.2797, cca_scores=[0.157537136215855, 0.1542491514550709, 0.09293945792038376, 0.2016053067800713], cca_probs=[0.25130581322086315, 0.25048088046304945, 0.23558526292772963, 0.26262804338835777]"
2026 05 21 20:51:09.924178,SSVEP_UPDATE,"fbcca_quad=3, fbcca_conf=0.2655, fbcca_ratio=1.0271, fbcca_consec=2, fbcca_scores=[0.041561739170070125, 0.14781331356473193, 0.018409652337423883, 0.1518124433142949], fbcca_probs=[0.2377683945831381, 0.26442261623207414, 0.23232679531962053, 0.2654821938651672], cca_quad=3, cca_conf=0.2614, cca_ratio=1.0301, cca_scores=[0.13405754193169794, 0.19910720491827763, 0.1003952821793398, 0.20509272381204677], cca_probs=[0.24344351646609905, 0.25980584793857003, 0.2353850515870015, 0.2613655840083295]"
2026 05 21 20:51:10.935310,SSVEP_UPDATE,"fbcca_quad=1, fbcca_conf=0.2624, fbcca_ratio=1.5121, fbcca_consec=1, fbcca_scores=[0.013279970574928865, 0.10215998610773398, 0.030075841936243193, 0.067561864479604], fbcca_probs=[0.2400574560069316, 0.26237067927327035, 0.24412348078646776, 0.25344838393333036], cca_quad=1, cca_conf=0.2643, cca_ratio=1.2513, cca_scores=[0.0743646285042072, 0.18438492572309426, 0.10602067468114493, 0.1473503751700166], cca_probs=[0.23673242810710782, 0.2642645818440725, 0.24434631778856064, 0.2546566722602591]"
2026 05 21 20:51:11.960273,SSVEP_UPDATE,"fbcca_quad=1, fbcca_conf=0.2555, fbcca_ratio=1.0251, fbcca_consec=2, fbcca_scores=[0.03989391656665821, 0.0803506527738089, 0.0346922711053564, 0.0783805386391893], fbcca_probs=[0.24537860415932988, 0.2555093686986831, 0.24410554552697233, 0.25500648161501466], cca_quad=1, cca_conf=0.2585, cca_ratio=1.1657, cca_scores=[0.11062733487339144, 0.15768859902844545, 0.09172546282818983, 0.1352761525085171], cca_probs=[0.24664458645754161, 0.2585294575901162, 0.2420263264242615, 0.25279962952808066]"
2026 05 21 20:51:12.970967,SSVEP_UPDATE,"fbcca_quad=3, fbcca_conf=0.2683, fbcca_ratio=1.3256, fbcca_consec=1, fbcca_scores=[0.021794987897015825, 0.1329401793199185, 0.08471412665352852, 0.17622847640329495], fbcca_probs=[0.22991177296067064, 0.2569395468424556, 0.24484240979617644, 0.26830627040069727], cca_quad=3, cca_conf=0.2675, cca_ratio=1.2742, cca_scores=[0.10073558634947044, 0.1818162880417043, 0.1377426912372467, 0.23166732310752072], cca_probs=[0.2346289434720226, 0.2544453311335235, 0.24347454698073576, 0.2674511784137181]"
2026 05 21 20:51:13.997512,SSVEP_UPDATE,"fbcca_quad=3, fbcca_conf=0.2565, fbcca_ratio=1.4973, fbcca_consec=2, fbcca_scores=[0.02425031611060412, 0.014926147763819312, 0.0409464478909843, 0.06131074076152188], fbcca_probs=[0.24719977147735459, 0.24490555166033273, 0.2513616988001354, 0.2565329780621772], cca_quad=3, cca_conf=0.2623, cca_ratio=1.3593, cca_scores=[0.1220352722739874, 0.07014897532517887, 0.11125811216211307, 0.16588773512518767], cca_probs=[0.2510326408091423, 0.2383396308425531, 0.24834174798217298, 0.26228598036613154]"
2026 05 21 20:51:15.019827,SSVEP_UPDATE,"fbcca_quad=3, fbcca_conf=0.2535, fbcca_ratio=1.7618, fbcca_consec=3, fbcca_scores=[0.019693089816859577, 0.01842090524386962, 0.010941512071799773, 0.03469464521010236], fbcca_probs=[0.24967979355034056, 0.24936235673072396, 0.24750423509569627, 0.25345361462323923], cca_quad=0, cca_conf=0.2559, cca_ratio=1.0526, cca_scores=[0.1084560405873363, 0.07278589938102205, 0.05473826077518679, 0.10303203127082963], cca_probs=[0.25593456305597945, 0.24696624257132152, 0.24254906478697733, 0.25455012958572165]"
2026 05 21 20:51:16.045271,SSVEP_UPDATE,"fbcca_quad=3, fbcca_conf=0.2573, fbcca_ratio=1.6909, fbcca_consec=4, fbcca_scores=[0.0175615052037064, 0.018640907306784193, 0.03727605364049978, 0.06303029954627196], fbcca_probs=[0.24585074651484567, 0.24611626160066857, 0.25074567507942885, 0.25728731680505695], cca_quad=3, cca_conf=0.2632, cca_ratio=1.5311, cca_scores=[0.09657181314587758, 0.07597716050335963, 0.10582477602104455, 0.1620306746342765], cca_probs=[0.24651424618008894, 0.24148929210605544, 0.24880581891708692, 0.26319064279676874]"
2026 05 21 20:51:17.054618,SSVEP_UPDATE,"fbcca_quad=2, fbcca_conf=0.2572, fbcca_ratio=1.4682, fbcca_consec=1, fbcca_scores=[0.019226732604887047, 0.02527869661686412, 0.0682060955975928, 0.046456611388772474], fbcca_probs=[0.24486559744591044, 0.24635200854586145, 0.25715752661729774, 0.2516248673909303], cca_quad=3, cca_conf=0.2541, cca_ratio=1.0093, cca_scores=[0.08523100231981522, 0.1196767417381116, 0.13378936550583947, 0.13502973227620035], cca_probs=[0.2417875627175809, 0.2502612169174596, 0.25381809874899786, 0.2541331216159615]"
2026 05 21 20:51:18.070976,SSVEP_UPDATE,"fbcca_quad=2, fbcca_conf=0.2683, fbcca_ratio=1.8425, fbcca_consec=2, fbcca_scores=[0.08058738930016938, 0.020469083159150973, 0.14848471114314418, 0.05811316502107034], fbcca_probs=[0.2506463558949187, 0.23602192395916333, 0.2682556186398801, 0.24507610150603787], cca_quad=2, cca_conf=0.2576, cca_ratio=1.0249, cca_scores=[0.17972810160697364, 0.09509428568138159, 0.18419455520485323, 0.15495505893401015], cca_probs=[0.2564854642283014, 0.23567133295428017, 0.25763360680687253, 0.25020959601054593]"
2026 05 21 20:51:19.095780,SSVEP_UPDATE,"fbcca_quad=3, fbcca_conf=0.2523, fbcca_ratio=1.0490, fbcca_consec=1, fbcca_scores=[0.08543138080829803, 0.06678093584815988, 0.08768950007590767, 0.0919820699653575], fbcca_probs=[0.2506042531552105, 0.24597368760248411, 0.2511707868574051, 0.2522512723849002], cca_quad=0, cca_conf=0.2542, cca_ratio=1.0027, cca_scores=[0.15243771671643175, 0.13486831664342994, 0.10363506556346908, 0.1520311895437236], cca_probs=[0.2541588871772314, 0.24973246664602144, 0.24205306049448358, 0.2540555856822636]"
2026 05 21 20:51:20.110918,SSVEP_UPDATE,"fbcca_quad=3, fbcca_conf=0.2597, fbcca_ratio=1.7691, fbcca_consec=2, fbcca_scores=[0.0608673750657315, 0.06409465289127321, 0.06167895031445603, 0.11338902135267453], fbcca_probs=[0.2464286469324479, 0.24722522533879987, 0.24662872350048842, 0.2597174042282638], cca_quad=3, cca_conf=0.2609, cca_ratio=1.3444, cca_scores=[0.13998472814073576, 0.12883830668394977, 0.12445502870217491, 0.1881980590321891], cca_probs=[0.24857688280537032, 0.24582152482357536, 0.24474637879972574, 0.26085521357132857]"
2026 05 21 20:51:21.138259,SSVEP_UPDATE,"fbcca_quad=1, fbcca_conf=0.2535, fbcca_ratio=1.0588, fbcca_consec=1, fbcca_scores=[0.06745541469607998, 0.09047404099947773, 0.062106013382447506, 0.0854521399826611], fbcca_probs=[0.24776330911717134, 0.2535326262787338, 0.24644146244225223, 0.2522626021618427], cca_quad=1, cca_conf=0.2520, cca_ratio=1.0247, cca_scores=[0.1676167218650497, 0.178321491371793, 0.16150562276085215, 0.17402625642414077], cca_probs=[0.24930817443982126, 0.2519912964627557, 0.24778927328309347, 0.25091125581432955]"
2026 05 21 20:51:22.151484,SSVEP_UPDATE,"fbcca_quad=1, fbcca_conf=0.2634, fbcca_ratio=1.2466, fbcca_consec=2, fbcca_scores=[0.04216838369906527, 0.16968061363781098, 0.11777397856485804, 0.1361201350122711], fbcca_probs=[0.23185488516039418, 0.26338686235549563, 0.25006409770761473, 0.25469415477649543], cca_quad=1, cca_conf=0.2629, cca_ratio=1.2214, cca_scores=[0.11945730144739951, 0.23328006772938742, 0.19098850994776242, 0.18500859509598588], cca_probs=[0.23460670978422274, 0.26288937151285147, 0.2520031897744681, 0.2505007289284576]"
2026 05 21 20:51:22.151484,PHASE_TIMEOUT,
2026 05 21 20:51:25.164665,PHASE_SSVEP,
2026 05 21 20:51:25.297892,SSVEP_UPDATE,"fbcca_quad=1, fbcca_conf=0.2712, fbcca_ratio=1.3207, fbcca_consec=1, fbcca_scores=[0.09011255743080755, 0.198622690705322, 0.020972110732298814, 0.15039180416677495], fbcca_probs=[0.24331226363649283, 0.2711997914848215, 0.22705793546525882, 0.258430009413427], cca_quad=1, cca_conf=0.2628, cca_ratio=1.2350, cca_scores=[0.1569106214437947, 0.19377941781519992, 0.0751313732474498, 0.14623692082620396], cca_probs=[0.2532661650735628, 0.2627780522154339, 0.2333785290140402, 0.25057725369696315]"
2026 05 21 20:51:26.318746,SSVEP_UPDATE,"fbcca_quad=1, fbcca_conf=0.2547, fbcca_ratio=1.0197, fbcca_consec=2, fbcca_scores=[0.04073216823963236, 0.08747265796080635, 0.08578537428222782, 0.0603333582751105], fbcca_probs=[0.24308850063864457, 0.2547202965604686, 0.254290873542582, 0.2479003292583048], cca_quad=1, cca_conf=0.2559, cca_ratio=1.0622, cca_scores=[0.10282452243883847, 0.14054538609607028, 0.13232013193271, 0.09238051383306888], cca_probs=[0.24642762619043465, 0.25590063083146447, 0.2538044158709651, 0.2438673271071357]"
2026 05 21 20:51:27.332938,SSVEP_UPDATE,"fbcca_quad=1, fbcca_conf=0.2567, fbcca_ratio=1.0469, fbcca_consec=3, fbcca_scores=[0.0157611250871685, 0.0795196004462065, 0.07595450309602307, 0.03921125458209095], fbcca_probs=[0.24087075219042742, 0.2567284642554053, 0.2558148318496887, 0.24658595170447864], cca_quad=1, cca_conf=0.2588, cca_ratio=1.0527, cca_scores=[0.07064130090877326, 0.1401360145203062, 0.13311875836398532, 0.07570303270577296], cca_probs=[0.2414577429139505, 0.25883458606153187, 0.2570246353400535, 0.24268303568446417]"
2026 05 21 20:51:28.353096,SSVEP_UPDATE,"fbcca_quad=2, fbcca_conf=0.2581, fbcca_ratio=1.6114, fbcca_consec=1, fbcca_scores=[0.029580623038323775, 0.046000309500380906, 0.07412448078715503, 0.01881236740761919], fbcca_probs=[0.24682852642422487, 0.25091482953869065, 0.25807177096934975, 0.24418487306773481], cca_quad=2, cca_conf=0.2555, cca_ratio=1.0422, cca_scores=[0.130742907074203, 0.12095693521860108, 0.1362615673498807, 0.06823230601525984], cca_probs=[0.2541167694772908, 0.2516421181062523, 0.25552303036740165, 0.23871808204905523]"
2026 05 21 20:51:29.378403,SSVEP_UPDATE,"fbcca_quad=0, fbcca_conf=0.2643, fbcca_ratio=1.8862, fbcca_consec=1, fbcca_scores=[0.1083120550808449, 0.018335263556550924, 0.057424136170561725, 0.02362143632330208], fbcca_probs=[0.26433110189436376, 0.241586044037137, 0.2512163631144276, 0.24286649095407165], cca_quad=0, cca_conf=0.2661, cca_ratio=1.5007, cca_scores=[0.1692796515596379, 0.07889599178320837, 0.11279994081255036, 0.0639400128259275], cca_probs=[0.2660504892849899, 0.24305856932708414, 0.2514405020949657, 0.23945043929296017]"
2026 05 21 20:51:30.403911,SSVEP_UPDATE,"fbcca_quad=0, fbcca_conf=0.2611, fbcca_ratio=1.9853, fbcca_consec=2, fbcca_scores=[0.08420927786971286, 0.012938380980422484, 0.022053875899134854, 0.042416116851318575], fbcca_probs=[0.2610956126677068, 0.24313474003487895, 0.24536116559111446, 0.2504084817062998], cca_quad=0, cca_conf=0.2636, cca_ratio=1.4059, cca_scores=[0.16134891321693393, 0.06769853323864201, 0.08774532599647258, 0.11476818860466076], cca_probs=[0.26356513880912646, 0.24000269766735655, 0.24486253129533547, 0.25156963222818157]"
2026 05 21 20:51:31.413217,SSVEP_UPDATE,"fbcca_quad=3, fbcca_conf=0.2549, fbcca_ratio=1.2679, fbcca_consec=1, fbcca_scores=[0.03212958572736295, 0.05468777062078091, 0.04284090928403217, 0.06933938461796864], fbcca_probs=[0.24561007660082784, 0.25121355869391837, 0.24825502576481048, 0.25492133894044333], cca_quad=3, cca_conf=0.2617, cca_ratio=1.2237, cca_scores=[0.1143996264454193, 0.14140212994644247, 0.07731603901497833, 0.17303763812154443], cca_probs=[0.24683085934767687, 0.25358671247604614, 0.23784512692713403, 0.261737301249143]"
2026 05 21 20:51:32.440125,SSVEP_UPDATE,"fbcca_quad=0, fbcca_conf=0.2664, fbcca_ratio=2.9450, fbcca_consec=1, fbcca_scores=[0.11667276959330652, 0.022455777995896053, 0.030446449433606602, 0.03961706645038305], fbcca_probs=[0.26643148761581703, 0.2424753696681135, 0.24442067246586513, 0.24667247025020428], cca_quad=0, cca_conf=0.2642, cca_ratio=1.3683, cca_scores=[0.18877882255388406, 0.10993001751071858, 0.09554999580599055, 0.13796900612917692], cca_probs=[0.2641572377845271, 0.24412874228844908, 0.24064328620413467, 0.25107073372288913]"
2026 05 21 20:51:33.454021,SSVEP_UPDATE,"fbcca_quad=3, fbcca_conf=0.2567, fbcca_ratio=1.1754, fbcca_consec=1, fbcca_scores=[0.0650313150209431, 0.04744802629306273, 0.01042061569630718, 0.07643569983155539], fbcca_probs=[0.25374954635242347, 0.2493267920460555, 0.2402636935364406, 0.2566599680650804], cca_quad=3, cca_conf=0.2637, cca_ratio=1.1802, cca_scores=[0.1555376767810794, 0.16137876953194674, 0.034355145624965264, 0.19045773409380282], cca_probs=[0.2546299781016506, 0.2561216476699366, 0.22556963048506543, 0.26367874374334743]"
2026 05 21 20:51:34.473158,SSVEP_UPDATE,"fbcca_quad=3, fbcca_conf=0.2635, fbcca_ratio=2.0382, fbcca_consec=2, fbcca_scores=[0.05505575236616829, 0.01682167027261081, 0.05235365487214687, 0.1122150391575673], fbcca_probs=[0.24884203740535527, 0.23950737869689284, 0.24817054958102158, 0.26348003431673034], cca_quad=3, cca_conf=0.2731, cca_ratio=1.9421, cca_scores=[0.11544575853770127, 0.10017144398651272, 0.09868415496995495, 0.22421225939399175], cca_probs=[0.24491064487945957, 0.2411982271474849, 0.24083976230992094, 0.27305136566313454]"
2026 05 21 20:51:35.506756,SSVEP_UPDATE,"fbcca_quad=2, fbcca_conf=0.2551, fbcca_ratio=1.4571, fbcca_consec=1, fbcca_scores=[0.04457733409307277, 0.042375677554055184, 0.07283579210303745, 0.04998698845450674], fbcca_probs=[0.2480228490173415, 0.2474773885685924, 0.2551315598418473, 0.2493682025722187], cca_quad=1, cca_conf=0.2548, cca_ratio=1.0135, cca_scores=[0.1179371819462081, 0.14433644752891495, 0.09507041649911996, 0.1424174128665508], cca_probs=[0.24820511449454033, 0.2548448030750005, 0.24259386640839484, 0.2543562160220643]"
2026 05 21 20:51:36.519456,SSVEP_UPDATE,"fbcca_quad=3, fbcca_conf=0.2777, fbcca_ratio=2.2823, fbcca_consec=1, fbcca_scores=[0.025982580721896072, 0.09383606344611743, 0.09311845002813236, 0.2141661350675728], fbcca_probs=[0.23005935675174896, 0.24621147748018993, 0.24603485620076776, 0.2776943095672933], cca_quad=3, cca_conf=0.2784, cca_ratio=1.7578, cca_scores=[0.10030386762589724, 0.16019926494818737, 0.1451767670891722, 0.2815948037281289], cca_probs=[0.23221336795585507, 0.24654684988236303, 0.2428707813565765, 0.27836900080520544]"
2026 05 21 20:51:37.536939,SSVEP_UPDATE,"fbcca_quad=3, fbcca_conf=0.2913, fbcca_ratio=1.8035, fbcca_consec=2, fbcca_scores=[0.01753937759359467, 0.173233969555325, 0.11237595463964298, 0.3124271795450022], fbcca_probs=[0.21687626470984486, 0.25341325475646853, 0.2384509334146071, 0.2912595471190796], cca_quad=3, cca_conf=0.2812, cca_ratio=1.5884, cca_scores=[0.0905605072030368, 0.1948508474939597, 0.16044402327577598, 0.30949477623189986], cca_probs=[0.22588377934222753, 0.25071352598802327, 0.24223398334802446, 0.28116871132172466]"
2026 05 21 20:51:38.563722,SSVEP_UPDATE,"fbcca_quad=3, fbcca_conf=0.2996, fbcca_ratio=2.0650, fbcca_consec=3, fbcca_scores=[0.054967380850240846, 0.17169930481379095, 0.08477429430590239, 0.35455620709235686], fbcca_probs=[0.2220555521605406, 0.24955005329741145, 0.2287739730725881, 0.29962042146945983], cca_quad=3, cca_conf=0.2861, cca_ratio=1.8086, cca_scores=[0.14540831712959554, 0.19430854751153318, 0.16097185316432963, 0.35142806366921775], cca_probs=[0.23285173186669386, 0.24452123050466684, 0.2365040761589694, 0.28612296146966987]"
2026 05 21 20:51:39.578020,SSVEP_UPDATE,"fbcca_quad=3, fbcca_conf=0.2708, fbcca_ratio=2.6906, fbcca_consec=4, fbcca_scores=[0.029617107435783177, 0.05603956425129442, 0.04220277116983355, 0.1507826054523105], fbcca_probs=[0.23990874633336193, 0.24633221300278962, 0.24294723774947194, 0.2708118029143765], cca_quad=3, cca_conf=0.2756, cca_ratio=1.7304, cca_scores=[0.08652492007670728, 0.14283104643092825, 0.11474540137850647, 0.2471531877014733], cca_probs=[0.23469813212476073, 0.24829219806487213, 0.24141576801425904, 0.27559390179610815]"
2026 05 21 20:51:40.601657,SSVEP_UPDATE,"fbcca_quad=3, fbcca_conf=0.2562, fbcca_ratio=1.4056, fbcca_consec=5, fbcca_scores=[0.029915044094562054, 0.03652646210343809, 0.051364658692797736, 0.07219967553919038], fbcca_probs=[0.24560936453524884, 0.24723857045727893, 0.250934497605585, 0.2562175674018872], cca_quad=3, cca_conf=0.2589, cca_ratio=1.2249, cca_scores=[0.09901446410969879, 0.10963726968134412, 0.13074662672217374, 0.16014827155194486], cca_probs=[0.2435483096290471, 0.24614926623924197, 0.2514005495948875, 0.2589018745368234]"
2026 05 21 20:51:41.616161,SSVEP_UPDATE,"fbcca_quad=3, fbcca_conf=0.2697, fbcca_ratio=1.3099, fbcca_consec=6, fbcca_scores=[0.08981129516088437, 0.14984835412710565, 0.038661847150033325, 0.19628636201594601], fbcca_probs=[0.24246169888100405, 0.25746423419089004, 0.23037174969515492, 0.26970231723295096], cca_quad=3, cca_conf=0.2642, cca_ratio=1.1649, cca_scores=[0.17039922588092207, 0.21478270073729294, 0.14095645122155437, 0.25019957809212523], cca_probs=[0.24393573264241325, 0.2550063060973909, 0.23685828889099217, 0.2641996723692037]"
2026 05 21 20:51:42.632884,SSVEP_UPDATE,"fbcca_quad=3, fbcca_conf=0.2867, fbcca_ratio=1.5042, fbcca_consec=7, fbcca_scores=[0.044304288326789676, 0.18806846385967524, 0.04825962233492657, 0.2829004267510126], fbcca_probs=[0.2258335158376797, 0.26075004012284425, 0.22672853169953588, 0.2866879123399402], cca_quad=3, cca_conf=0.2776, cca_ratio=1.2846, cca_scores=[0.1145201887564311, 0.24377961902720294, 0.15051535617571163, 0.31315025845135297], cca_probs=[0.2275640704363728, 0.25896457008502316, 0.23590448403892242, 0.27756687543968167]"
2026 05 21 20:51:43.662562,SSVEP_UPDATE,"fbcca_quad=3, fbcca_conf=0.2938, fbcca_ratio=2.2139, fbcca_consec=8, fbcca_scores=[0.05264740236911113, 0.13359937521624834, 0.03267997833334553, 0.29577822566158346], fbcca_probs=[0.23042616872542493, 0.24985543104008867, 0.22587078271851452, 0.29384761751597194], cca_quad=3, cca_conf=0.2867, cca_ratio=1.7226, cca_scores=[0.11114798655877543, 0.1882535704703874, 0.10998650303091614, 0.32427658431619744], cca_probs=[0.23166707820523336, 0.25023661174211836, 0.23139815691400797, 0.28669815313864033]"
2026 05 21 20:51:44.682531,SSVEP_UPDATE,"fbcca_quad=3, fbcca_conf=0.2664, fbcca_ratio=2.1179, fbcca_consec=9, fbcca_scores=[0.06360076041361869, 0.027478876209151754, 0.05496357162396375, 0.13470007558665506], fbcca_probs=[0.24816293756900043, 0.2393587930941155, 0.24602873743911752, 0.26644953189776655], cca_quad=3, cca_conf=0.2677, cca_ratio=1.6409, cca_scores=[0.1308855571320098, 0.11495423977931907, 0.12169356307506568, 0.21476795729870257], cca_probs=[0.2461510568837729, 0.24226061846902303, 0.24389880503282566, 0.26768951961437837]"
2026 05 21 20:51:45.704444,SSVEP_UPDATE,"fbcca_quad=3, fbcca_conf=0.2604, fbcca_ratio=1.3356, fbcca_consec=10, fbcca_scores=[0.08201728554628493, 0.061380899014915405, 0.020073855989986664, 0.10954296947888462], fbcca_probs=[0.2533300770693254, 0.24815583216207648, 0.2381140739847426, 0.26040001678385544], cca_quad=3, cca_conf=0.2634, cca_ratio=1.2586, cca_scores=[0.1488685754688341, 0.14191150680634396, 0.05805917618037727, 0.18737278227412282], cca_probs=[0.253452406689774, 0.25169524034456703, 0.23145064663186685, 0.2634017063337921]"
2026 05 21 20:51:46.727877,SSVEP_UPDATE,"fbcca_quad=3, fbcca_conf=0.2585, fbcca_ratio=1.2950, fbcca_consec=11, fbcca_scores=[0.08301353457923864, 0.055122218352295124, 0.0492282075997639, 0.10750341245293499], fbcca_probs=[0.2522662784421917, 0.24532745615812956, 0.2438857463937399, 0.2585205190059389], cca_quad=3, cca_conf=0.2590, cca_ratio=1.2585, cca_scores=[0.120554851393239, 0.09612786590536963, 0.09645679947411075, 0.15171364389715236], cca_probs=[0.251022399439369, 0.24496496258396896, 0.24504555303705428, 0.2589670849396078]"
2026 05 21 20:51:47.739611,SSVEP_UPDATE,"fbcca_quad=0, fbcca_conf=0.2653, fbcca_ratio=2.1328, fbcca_consec=1, fbcca_scores=[0.14575635703128212, 0.06169845245422975, 0.06767957287766078, 0.06834119869841276], fbcca_probs=[0.26526768257557254, 0.24388127634087645, 0.24534433061400623, 0.2455067104695447], cca_quad=0, cca_conf=0.2641, cca_ratio=1.2127, cca_scores=[0.20703905988275745, 0.11186349382791794, 0.17071883909541138, 0.11552489431242782], cca_probs=[0.26412451206040477, 0.24014551749499405, 0.25470357239132607, 0.24102639805327508]"
2026 05 21 20:51:48.768425,SSVEP_UPDATE,"fbcca_quad=0, fbcca_conf=0.2601, fbcca_ratio=2.1070, fbcca_consec=2, fbcca_scores=[0.0818465047797849, 0.010502925006746301, 0.035783098653651736, 0.03884525153145844], fbcca_probs=[0.2601434135290321, 0.24223043641298403, 0.24843212348979882, 0.24919402656818507], cca_quad=0, cca_conf=0.2647, cca_ratio=1.3591, cca_scores=[0.1863910674620481, 0.0550876485906249, 0.13434303188559174, 0.137143230322679], cca_probs=[0.26467769567074206, 0.23210954202651765, 0.2512541074839241, 0.25195865481881596]"
2026 05 21 20:51:49.787289,SSVEP_UPDATE,"fbcca_quad=3, fbcca_conf=0.2622, fbcca_ratio=1.6137, fbcca_consec=1, fbcca_scores=[0.07097099579918265, 0.039711724606605193, 0.040645619024101846, 0.11452479186606741], fbcca_probs=[0.2510121905491466, 0.24328710176691376, 0.24351441235862822, 0.2621862953253115], cca_quad=3, cca_conf=0.2651, cca_ratio=1.3110, cca_scores=[0.16370921615835096, 0.13237668325710758, 0.11022674456884718, 0.21462856155484847], cca_probs=[0.25193271298081554, 0.2441614060919823, 0.23881270133809493, 0.26509317958910716]"
2026 05 21 20:51:50.805129,SSVEP_UPDATE,"fbcca_quad=3, fbcca_conf=0.2798, fbcca_ratio=2.9998, fbcca_consec=2, fbcca_scores=[0.061956821904222394, 0.06649232202164537, 0.07343578425969169, 0.22029062881517986], fbcca_probs=[0.23879752439493881, 0.2398830504357744, 0.24155446532597344, 0.27976495984331334], cca_quad=3, cca_conf=0.2814, cca_ratio=1.8614, cca_scores=[0.16356087190664734, 0.15296476593764413, 0.11212331018587043, 0.3044458772543076], cca_probs=[0.24446201622609223, 0.24188534623932986, 0.23220541334247477, 0.2814472241921031]"
2026 05 21 20:51:51.824457,SSVEP_UPDATE,"fbcca_quad=3, fbcca_conf=0.3107, fbcca_ratio=1.7260, fbcca_consec=3, fbcca_scores=[0.06729460699670756, 0.24375375861002127, 0.03343328182771836, 0.42072778291773694], fbcca_probs=[0.21816726474029263, 0.2602704257830037, 0.21090350632295463, 0.31065880315374905], cca_quad=3, cca_conf=0.2873, cca_ratio=1.5340, cca_scores=[0.18472955607524297, 0.23435545220336007, 0.08342086545660536, 0.35948989217882465], cca_probs=[0.24122585123968843, 0.2534989124410561, 0.21798471509806927, 0.28729052122118626]"
2026 05 21 20:51:52.837052,SSVEP_UPDATE,"fbcca_quad=3, fbcca_conf=0.3202, fbcca_ratio=2.1977, fbcca_consec=4, fbcca_scores=[0.05977845713578518, 0.20587445550725794, 0.04674619954668503, 0.4524562248903368], fbcca_probs=[0.21620216039396964, 0.25021233467999776, 0.21340283850989197, 0.3201826664161406], cca_quad=3, cca_conf=0.2955, cca_ratio=1.6684, cca_scores=[0.14732780039397303, 0.24564042424454868, 0.1430633940401677, 0.4098175096018347], cca_probs=[0.22731326067850555, 0.25079645979067877, 0.22634596849469452, 0.29554431103612117]"
2026 05 21 20:51:53.854847,SSVEP_UPDATE,"fbcca_quad=3, fbcca_conf=0.3085, fbcca_ratio=2.1575, fbcca_consec=5, fbcca_scores=[0.027376009074478916, 0.1854029962830419, 0.1070125076653732, 0.4000161103632229], fbcca_probs=[0.2125103574456601, 0.24889166346619768, 0.23012605561688076, 0.30847192347126146], cca_quad=3, cca_conf=0.2895, cca_ratio=1.6817, cca_scores=[0.0943541480928104, 0.2141210616898677, 0.16544201776415637, 0.3600805906660753], cca_probs=[0.22196140125919042, 0.25020245550433606, 0.23831453295899233, 0.28952161027748124]"
2026 05 21 20:51:54.876744,SSVEP_UPDATE,"fbcca_quad=3, fbcca_conf=0.2703, fbcca_ratio=1.5731, fbcca_consec=6, fbcca_scores=[0.03143880194340481, 0.05300305837773867, 0.10836991977386073, 0.17047255919397125], fbcca_probs=[0.23524269522150795, 0.24037062025791278, 0.25405450857476913, 0.2703321759458102], cca_quad=3, cca_conf=0.2766, cca_ratio=1.7393, cca_scores=[0.11903679746052151, 0.12925200514395987, 0.15667929055295168, 0.2725198746488033], cca_probs=[0.23727519448501316, 0.23971143202585496, 0.2463770580520339, 0.27663631543709793]"
2026 05 21 20:51:55.893982,SSVEP_UPDATE,"fbcca_quad=2, fbcca_conf=0.2838, fbcca_ratio=2.1018, fbcca_consec=1, fbcca_scores=[0.022411613394553345, 0.09414642927705444, 0.2528773650221025, 0.12031717484265622], fbcca_probs=[0.22540720755144397, 0.24217083181154658, 0.28382967701640266, 0.24859228362060673], cca_quad=3, cca_conf=0.2605, cca_ratio=1.0691, cca_scores=[0.0842122155419342, 0.1664511238802951, 0.19023741774158953, 0.2033796568290189], cca_probs=[0.2312607346853906, 0.2510832867755467, 0.2571272240901717, 0.26052875444889095]"
2026 05 21 20:51:55.893982,PHASE_TIMEOUT,
2026 05 21 20:51:58.896232,PHASE_SSVEP,
2026 05 21 20:51:58.927805,SSVEP_UPDATE,"fbcca_quad=2, fbcca_conf=0.2575, fbcca_ratio=1.3258, fbcca_consec=1, fbcca_scores=[0.07129343850219191, 0.06594952080483131, 0.09452013577383997, 0.02641753604384095], fbcca_probs=[0.25161758660153594, 0.250276549315355, 0.2575302319149659, 0.24057563216814323], cca_quad=0, cca_conf=0.2560, cca_ratio=1.0377, cca_scores=[0.14546581689726812, 0.14018120854838023, 0.12144580502736628, 0.07933892949360095], cca_probs=[0.2559503600850888, 0.25460133036168947, 0.24987567842886024, 0.23957263112436142]"
2026 05 21 20:51:59.941523,SSVEP_UPDATE,"fbcca_quad=0, fbcca_conf=0.2711, fbcca_ratio=2.0172, fbcca_consec=1, fbcca_scores=[0.18782534999349965, 0.09311359577358841, 0.07117073236207368, 0.07067466524464178], fbcca_probs=[0.271077734296373, 0.24658182063261744, 0.24123004084282987, 0.24111040422817964], cca_quad=0, cca_conf=0.2683, cca_ratio=1.5360, cca_scores=[0.21450971475691136, 0.13965757922006986, 0.11366299689347006, 0.10396755710729515], cca_probs=[0.26829065787394774, 0.24894171719744426, 0.24255396440752924, 0.24021366052107876]"
2026 05 21 20:52:00.955401,SSVEP_UPDATE,"fbcca_quad=0, fbcca_conf=0.2593, fbcca_ratio=1.2234, fbcca_consec=2, fbcca_scores=[0.15223239800576072, 0.11434859164549825, 0.06950980044329289, 0.12442929421011671], fbcca_probs=[0.25933535009330655, 0.2496945087936824, 0.2387458064566213, 0.2522243346563898], cca_quad=0, cca_conf=0.2650, cca_ratio=1.4903, cca_scores=[0.21566384487464527, 0.1420404013784272, 0.12405613380684441, 0.1447084449916725], cca_probs=[0.2650419298171108, 0.24622963981966747, 0.24184096195819071, 0.24688746840503092]"
2026 05 21 20:52:01.986517,SSVEP_UPDATE,"fbcca_quad=3, fbcca_conf=0.2809, fbcca_ratio=1.0708, fbcca_consec=1, fbcca_scores=[0.09868201747886318, 0.2893729296596688, 0.04972311485338947, 0.30986851516456043], fbcca_probs=[0.22740460545157842, 0.27517898649685213, 0.2165392731302699, 0.2808771349212995], cca_quad=3, cca_conf=0.2618, cca_ratio=1.0175, cca_scores=[0.16102905847330193, 0.23118080814098288, 0.12494883324184343, 0.23523090253153597], cca_probs=[0.2430571911056219, 0.2607203872037872, 0.23444395108659957, 0.2617784706039913]"
2026 05 21 20:52:03.007283,SSVEP_UPDATE,"fbcca_quad=3, fbcca_conf=0.2831, fbcca_ratio=1.0540, fbcca_consec=2, fbcca_scores=[0.04084235577264967, 0.29149529730656204, 0.06118694493974738, 0.3072230048047128], fbcca_probs=[0.2168892136320571, 0.278673160799245, 0.22134692699794262, 0.28309069857075536], cca_quad=3, cca_conf=0.2683, cca_ratio=1.0387, cca_scores=[0.11588853228325928, 0.26061546930689317, 0.14432844701467598, 0.2707028496082868], cca_probs=[0.22977870957246374, 0.26556075595900713, 0.23640740952629788, 0.26825312494223136]"
2026 05 21 20:52:04.023883,SSVEP_UPDATE,"fbcca_quad=3, fbcca_conf=0.2582, fbcca_ratio=1.1984, fbcca_consec=3, fbcca_scores=[0.043366433129729584, 0.07957511297884781, 0.03270190748142138, 0.0953631608667321], fbcca_probs=[0.24511986974510075, 0.25415797817733127, 0.2425196721878464, 0.25820247988972156], cca_quad=3, cca_conf=0.2579, cca_ratio=1.1406, cca_scores=[0.11538270290416307, 0.14946179410966234, 0.12146582850497918, 0.17047167055324952], cca_probs=[0.24405704507401035, 0.2525176331313548, 0.24554619949755355, 0.2578791222970813]"
2026 05 21 20:52:05.050085,SSVEP_UPDATE,"fbcca_quad=1, fbcca_conf=0.2650, fbcca_ratio=1.1756, fbcca_consec=1, fbcca_scores=[0.033126628572529244, 0.1515575369009291, 0.05388851876816807, 0.12892155803261274], fbcca_probs=[0.23544694407602054, 0.2650494747831777, 0.2403863661154462, 0.25911721502535556], cca_quad=1, cca_conf=0.2598, cca_ratio=1.0368, cca_scores=[0.10159137062811019, 0.1911152377449263, 0.13115619961530264, 0.18433060113577346], cca_probs=[0.23753430922514426, 0.25978021329879325, 0.24466181301197215, 0.25802366446409036]"
2026 05 21 20:52:06.061214,SSVEP_UPDATE,"fbcca_quad=3, fbcca_conf=0.3031, fbcca_ratio=1.1345, fbcca_consec=1, fbcca_scores=[0.028752951715936264, 0.38597847376732153, 0.06029533016619529, 0.43789242341824347], fbcca_probs=[0.20133181073516618, 0.28777527163517824, 0.2077835109864587, 0.30310940664319697], cca_quad=3, cca_conf=0.2805, cca_ratio=1.1791, cca_scores=[0.09647384650491733, 0.2705053696432775, 0.10989008808487263, 0.3189550967698847], cca_probs=[0.2245791998059376, 0.26727015175771984, 0.22761251092333376, 0.2805381375130088]"
2026 05 21 20:52:07.090789,SSVEP_UPDATE,"fbcca_quad=3, fbcca_conf=0.2974, fbcca_ratio=1.4530, fbcca_consec=2, fbcca_scores=[0.05359922557895198, 0.2558260099845934, 0.07595610506826263, 0.37171202675439735], fbcca_probs=[0.21639094042022303, 0.26488968744568353, 0.2212832512240059, 0.2974361209100876], cca_quad=3, cca_conf=0.2853, cca_ratio=1.4236, cca_scores=[0.13024347852238172, 0.23891822948772107, 0.10503039807838829, 0.3401260328369043], cca_probs=[0.2312975679594767, 0.25785046026058056, 0.2255387476419766, 0.28531322413796606]"
2026 05 21 20:52:08.100516,SSVEP_UPDATE,"fbcca_quad=3, fbcca_conf=0.2921, fbcca_ratio=1.6819, fbcca_consec=3, fbcca_scores=[0.023146745840219897, 0.17346671899032587, 0.03148961384113286, 0.2917452140297888], fbcca_probs=[0.22327839828515705, 0.2594955071015413, 0.2251489726170179, 0.29207712199628383], cca_quad=3, cca_conf=0.2861, cca_ratio=1.4813, cca_scores=[0.09660114097035692, 0.2159397951361706, 0.09003281098286164, 0.3198629965785621], cca_probs=[0.22881449409216226, 0.25781705905242763, 0.22731649006711266, 0.2860519567882974]"
2026 05 21 20:52:09.122141,SSVEP_UPDATE,"fbcca_quad=3, fbcca_conf=0.2798, fbcca_ratio=2.9190, fbcca_consec=4, fbcca_scores=[0.04865575145227402, 0.0719630468384856, 0.05059543370047331, 0.21005856989639052], fbcca_probs=[0.23805664761046585, 0.24367026926230528, 0.23851884998185457, 0.27975423314537434], cca_quad=3, cca_conf=0.2798, cca_ratio=1.9289, cca_scores=[0.10764449803328374, 0.13759800835212407, 0.09036411472460673, 0.26541273922667086], cca_probs=[0.23899605440751626, 0.24626311890122024, 0.2349015898242087, 0.2798392368670548]"
2026 05 21 20:52:10.153816,SSVEP_UPDATE,"fbcca_quad=2, fbcca_conf=0.2612, fbcca_ratio=1.1765, fbcca_consec=1, fbcca_scores=[0.02745548989727965, 0.029028795988303602, 0.10893812790794356, 0.09259790651335167], fbcca_probs=[0.24074457816713524, 0.241123641191238, 0.2611824402291019, 0.2569493404125247], cca_quad=3, cca_conf=0.2620, cca_ratio=1.2987, cca_scores=[0.08187649405968722, 0.07495287884188095, 0.11985353509044312, 0.15565604351818882], cca_probs=[0.2434051129995663, 0.2417256902025196, 0.2528266884081715, 0.26204250838974263]"
2026 05 21 20:52:11.162937,SSVEP_UPDATE,"fbcca_quad=3, fbcca_conf=0.2605, fbcca_ratio=2.1441, fbcca_consec=1, fbcca_scores=[0.043263192161662085, 0.04589319285980456, 0.04082868062119019, 0.09840171916775253], fbcca_probs=[0.24649430281770446, 0.24714343624271756, 0.24589493946735871, 0.26046732147221924], cca_quad=3, cca_conf=0.2660, cca_ratio=1.5182, cca_scores=[0.10892683938083127, 0.13191021810354903, 0.10959562724503906, 0.20027110509070384], cca_probs=[0.242744095168289, 0.24838778170187148, 0.24290649377230034, 0.2659616293575392]"
2026 05 21 20:52:12.177657,SSVEP_UPDATE,"fbcca_quad=3, fbcca_conf=0.2696, fbcca_ratio=2.8549, fbcca_consec=2, fbcca_scores=[0.039929472084630796, 0.04984288243685486, 0.03129523313127533, 0.14229414496712187], fbcca_probs=[0.24335915347806186, 0.24578367038908908, 0.24126697756646362, 0.26959019856638544], cca_quad=3, cca_conf=0.2745, cca_ratio=1.9311, cca_scores=[0.12093087036383135, 0.11825848526357814, 0.08103557309763912, 0.233530367282411], cca_probs=[0.2452540381600082, 0.24459949990133728, 0.23566216295461587, 0.27448429898403864]"
2026 05 21 20:52:13.209814,SSVEP_UPDATE,"fbcca_quad=3, fbcca_conf=0.2753, fbcca_ratio=1.8573, fbcca_consec=3, fbcca_scores=[0.04123320843947671, 0.09965440078807172, 0.020854312438296822, 0.18508346269373321], fbcca_probs=[0.23839607314458486, 0.25273832266234475, 0.23358699267116476, 0.27527861152190564], cca_quad=3, cca_conf=0.2709, cca_ratio=1.6033, cca_scores=[0.11723122740057194, 0.13220398721827975, 0.05917126682687456, 0.21196275679647636], cca_probs=[0.2464242334899843, 0.25014164485678586, 0.2325242722732108, 0.27090984938001916]"
2026 05 21 20:52:14.223825,SSVEP_UPDATE,"fbcca_quad=3, fbcca_conf=0.2604, fbcca_ratio=2.3934, fbcca_consec=4, fbcca_scores=[0.03502302107803467, 0.024276564109337564, 0.02748530936562808, 0.08382316522256192], fbcca_probs=[0.24802742643554623, 0.24537628109417073, 0.24616489562707441, 0.26043139684320865], cca_quad=3, cca_conf=0.2671, cca_ratio=1.6842, cca_scores=[0.10312803373045407, 0.09849387161353629, 0.1159489540465529, 0.19527558475138176], cca_probs=[0.2436168355108789, 0.24249048745618978, 0.2467603357702455, 0.26713234126268587]"
2026 05 21 20:52:15.249831,SSVEP_UPDATE,"fbcca_quad=3, fbcca_conf=0.2747, fbcca_ratio=3.0625, fbcca_consec=5, fbcca_scores=[0.0280871420094352, 0.05399886124534888, 0.05688810765916286, 0.17421839398651945], fbcca_probs=[0.237370796405492, 0.2436018620149148, 0.24430670556416717, 0.274720636015426], cca_quad=3, cca_conf=0.2751, cca_ratio=1.8208, cca_scores=[0.10131665927958558, 0.11781381220134, 0.13644897127312935, 0.24844537689403012], cca_probs=[0.23747927349838013, 0.2414294995411602, 0.245970758794844, 0.27512046816561564]"
2026 05 21 20:52:16.259809,SSVEP_UPDATE,"fbcca_quad=3, fbcca_conf=0.2764, fbcca_ratio=2.7682, fbcca_consec=6, fbcca_scores=[0.026173853360157026, 0.06504549392076933, 0.040216360311706396, 0.18006139000544769], fbcca_probs=[0.2369590588659169, 0.24635141168365685, 0.2403100310571909, 0.27637949839323533], cca_quad=3, cca_conf=0.2776, cca_ratio=1.6248, cca_scores=[0.10709888407209403, 0.1686287719390492, 0.11845302144038262, 0.27398142151371563], cca_probs=[0.2349349942188821, 0.24984450476190426, 0.23761767938367773, 0.2776028216355359]"
2026 05 21 20:52:17.288148,SSVEP_UPDATE,"fbcca_quad=3, fbcca_conf=0.2657, fbcca_ratio=1.4137, fbcca_consec=7, fbcca_scores=[0.021797364930809335, 0.1083577731810356, 0.08146816147993047, 0.1531878532077218], fbcca_probs=[0.23297438934795164, 0.25403928967422623, 0.2472992958351638, 0.26568702514265835], cca_quad=3, cca_conf=0.2672, cca_ratio=1.1647, cca_scores=[0.11568454770139512, 0.20295752230306313, 0.11848547804221353, 0.23637536082888272], cca_probs=[0.236839123774675, 0.25843755101284477, 0.23750342355675827, 0.267219901655722]"
2026 05 21 20:52:18.308741,SSVEP_UPDATE,"fbcca_quad=3, fbcca_conf=0.2574, fbcca_ratio=1.2149, fbcca_consec=8, fbcca_scores=[0.03232968399510581, 0.0721814671893842, 0.04007900947008191, 0.0876903763369641], fbcca_probs=[0.2435841328622696, 0.253487416025795, 0.2454790783802104, 0.2574493727317249], cca_quad=1, cca_conf=0.2613, cca_ratio=1.0429, cca_scores=[0.10383538980764324, 0.16828882694576486, 0.05853027359054476, 0.16137209200397853], cca_probs=[0.24500760882599004, 0.26131921438458733, 0.23415520161771022, 0.25951797517171243]"
2026 05 21 20:52:19.323840,SSVEP_UPDATE,"fbcca_quad=3, fbcca_conf=0.2537, fbcca_ratio=1.1755, fbcca_consec=9, fbcca_scores=[0.023055855110072174, 0.015252985372605523, 0.0382511660681236, 0.04496344626384992], fbcca_probs=[0.24815815991452536, 0.24622934903470295, 0.2519577955333408, 0.2536546955174308], cca_quad=2, cca_conf=0.2571, cca_ratio=1.1396, cca_scores=[0.09427671817767323, 0.07258363066876056, 0.13212147881352207, 0.11593608204136417], cca_probs=[0.24758565981663483, 0.2422725991319555, 0.25713503708616875, 0.2530067039652409]"
2026 05 21 20:52:20.337206,SSVEP_UPDATE,"fbcca_quad=2, fbcca_conf=0.2590, fbcca_ratio=2.3303, fbcca_consec=1, fbcca_scores=[0.031190383252613776, 0.028756765013552725, 0.07866478868646548, 0.0337574777608691], fbcca_probs=[0.24698925685593145, 0.24638891009929903, 0.25899771690071133, 0.24762411614405824], cca_quad=0, cca_conf=0.2537, cca_ratio=1.0081, cca_scores=[0.10498158338026278, 0.07188901094462147, 0.10414310681485524, 0.07947148491735263], cca_probs=[0.2537154466779431, 0.2454567542429076, 0.2535028013831282, 0.2473249976960211]"
2026 05 21 20:52:21.366795,SSVEP_UPDATE,"fbcca_quad=2, fbcca_conf=0.2733, fbcca_ratio=2.6264, fbcca_consec=2, fbcca_scores=[0.056866451377371646, 0.016987104922302338, 0.1493542753070249, 0.01119162176681275], fbcca_probs=[0.24918033881765114, 0.2394387253686884, 0.2733258602123679, 0.23805507560129258], cca_quad=2, cca_conf=0.2629, cca_ratio=1.1883, cca_scores=[0.12614102026407256, 0.06628242611724255, 0.14989442970667893, 0.05233189904608844], cca_probs=[0.25675361781547973, 0.24183564568615654, 0.2629254018958816, 0.23848533460248209]"
2026 05 21 20:52:22.373819,SSVEP_UPDATE,"fbcca_quad=3, fbcca_conf=0.2615, fbcca_ratio=2.5654, fbcca_consec=1, fbcca_scores=[0.019806267196070114, 0.03499265859076517, 0.03338006495035816, 0.08977045328561796], fbcca_probs=[0.2438169008118648, 0.24754785787886668, 0.24714898547354452, 0.261486255835724], cca_quad=3, cca_conf=0.2669, cca_ratio=1.6621, cca_scores=[0.10368511866280591, 0.11752169350982065, 0.10012358484214859, 0.19532746637107792], cca_probs=[0.24352525291666768, 0.24691822774875602, 0.24265947216110975, 0.2668970471734666]"
2026 05 21 20:52:23.399765,SSVEP_UPDATE,"fbcca_quad=3, fbcca_conf=0.2653, fbcca_ratio=1.5975, fbcca_consec=2, fbcca_scores=[0.08107266733056617, 0.05382010475630899, 0.012727989439810464, 0.1295106418561966], fbcca_probs=[0.25273687408366563, 0.2459421539088257, 0.23604069963858135, 0.26528027236892726], cca_quad=3, cca_conf=0.2654, cca_ratio=1.1132, cca_scores=[0.20535803411268422, 0.16415672076386728, 0.06923703844856854, 0.2286101910125366], cca_probs=[0.25934299023396734, 0.2488748498014576, 0.22633823071191544, 0.26544392925265964]"
2026 05 21 20:52:24.422159,SSVEP_UPDATE,"fbcca_quad=3, fbcca_conf=0.2588, fbcca_ratio=1.1604, fbcca_consec=3, fbcca_scores=[0.040340548341142986, 0.09030860890610805, 0.04439487491179645, 0.10479528514910658], fbcca_probs=[0.24260789649382755, 0.2550385234201096, 0.24359350477366853, 0.2587600753123943], cca_quad=1, cca_conf=0.2579, cca_ratio=1.0456, cca_scores=[0.1366138652706065, 0.1812342595507617, 0.10681657590625239, 0.17333330390149349], cca_probs=[0.24668972878965653, 0.2579463925538252, 0.2394474791076009, 0.25591639954891743]"
2026 05 21 20:52:25.449937,SSVEP_UPDATE,"fbcca_quad=3, fbcca_conf=0.2629, fbcca_ratio=1.1799, fbcca_consec=4, fbcca_scores=[0.02911995509905819, 0.10952901830895516, 0.044843368164001446, 0.12922957066270357], fbcca_probs=[0.237819478697166, 0.25773217290321027, 0.24158836482549445, 0.2628599835741294], cca_quad=1, cca_conf=0.2591, cca_ratio=1.0113, cca_scores=[0.09176702350645073, 0.15735626818857892, 0.07969815880952504, 0.15560308240815232], cca_probs=[0.2426177875358933, 0.2590643687807421, 0.23970726496480885, 0.2586105787185557]"
2026 05 21 20:52:26.480962,SSVEP_UPDATE,"fbcca_quad=3, fbcca_conf=0.2648, fbcca_ratio=1.2358, fbcca_consec=5, fbcca_scores=[0.055802079916156114, 0.11695976821329121, 0.025831205785527046, 0.14453941556045835], fbcca_probs=[0.24234587429823765, 0.25762978864911545, 0.23519032130945178, 0.2648340157431951], cca_quad=3, cca_conf=0.2620, cca_ratio=1.1301, cca_scores=[0.13508349687158688, 0.1659299885677752, 0.0700516127275906, 0.18750935495592877], cca_probs=[0.24862082647684122, 0.2564094144795774, 0.23296705913576907, 0.26200269990781233]"
2026 05 21 20:52:27.496265,SSVEP_UPDATE,"fbcca_quad=3, fbcca_conf=0.2628, fbcca_ratio=1.2292, fbcca_consec=6, fbcca_scores=[0.027746112010973732, 0.0921264169028221, 0.0160824486839097, 0.11324129581456169], fbcca_probs=[0.24130352212141767, 0.2573497034710501, 0.2385053890425201, 0.26284138536501217], cca_quad=1, cca_conf=0.2610, cca_ratio=1.0314, cca_scores=[0.1014340978949067, 0.17963791743274587, 0.08706385901700478, 0.1741666888587818], cca_probs=[0.24139904435186754, 0.2610351752772471, 0.23795488836085685, 0.2596108920100285]"
2026 05 21 20:52:28.520062,SSVEP_UPDATE,"fbcca_quad=3, fbcca_conf=0.2669, fbcca_ratio=1.9224, fbcca_consec=7, fbcca_scores=[0.0714354721461689, 0.07390986755337597, 0.014833950738227072, 0.14208094828804896], fbcca_probs=[0.24871608483413296, 0.2493322687991426, 0.23502937420739609, 0.26692227215932834], cca_quad=3, cca_conf=0.2698, cca_ratio=1.4425, cca_scores=[0.16098558921569747, 0.16751656329422956, 0.08595850613981108, 0.24164879754278512], cca_probs=[0.2488629167832666, 0.25049355306749665, 0.23087469715278378, 0.26976883299645293]"
2026 05 21 20:52:29.535350,SSVEP_UPDATE,"fbcca_quad=3, fbcca_conf=0.2658, fbcca_ratio=2.6141, fbcca_consec=8, fbcca_scores=[0.036382539378958606, 0.02086980074953572, 0.044587186434456985, 0.11655617211796485], fbcca_probs=[0.2453192751339844, 0.24154306673190162, 0.2473403128154262, 0.2657973453186877], cca_quad=3, cca_conf=0.2726, cca_ratio=1.7658, cca_scores=[0.12512926052818849, 0.08235736738153557, 0.10309369361924972, 0.22095376173982523], cca_probs=[0.2477147531924048, 0.23734291694226456, 0.24231591980706912, 0.27262641005826155]"
2026 05 21 20:52:29.535350,PHASE_TIMEOUT,
2026 05 21 20:52:32.544450,PHASE_SSVEP,
2026 05 21 20:52:32.577605,SSVEP_UPDATE,"fbcca_quad=0, fbcca_conf=0.2602, fbcca_ratio=1.8930, fbcca_consec=1, fbcca_scores=[0.07997685645064402, 0.017159215305993188, 0.04224861154398724, 0.019383602727708685], fbcca_probs=[0.2601933810045957, 0.24435143257624659, 0.25055961662818366, 0.24489556979097407], cca_quad=0, cca_conf=0.2632, cca_ratio=1.3821, cca_scores=[0.14961579680436685, 0.07066774689289317, 0.10825553133712547, 0.06105670328210045], cca_probs=[0.2632396131495597, 0.24325654911668815, 0.2525740387601369, 0.24092979897361527]"
2026 05 21 20:52:33.595317,SSVEP_UPDATE,"fbcca_quad=2, fbcca_conf=0.2623, fbcca_ratio=1.1960, fbcca_consec=1, fbcca_scores=[0.09363559675584446, 0.013105397626963652, 0.1119925624276633, 0.03413433816177787], fbcca_probs=[0.25750711265592724, 0.237583025290948, 0.26227781573167624, 0.24263204632144855], cca_quad=2, cca_conf=0.2647, cca_ratio=1.0734, cca_scores=[0.18232059675722107, 0.06648164041356715, 0.19570965393865355, 0.10342518047761096], cca_probs=[0.26121703148466574, 0.232644757386104, 0.2647379998803167, 0.24140021124891356]"
2026 05 21 20:52:34.612718,SSVEP_UPDATE,"fbcca_quad=2, fbcca_conf=0.2585, fbcca_ratio=1.7427, fbcca_consec=2, fbcca_scores=[0.055122195306308734, 0.05461377947589859, 0.0960610207479714, 0.04377375137635214], fbcca_probs=[0.2481392168660912, 0.24801309102499486, 0.2585085509301923, 0.2453391411787216], cca_quad=2, cca_conf=0.2629, cca_ratio=1.3138, cca_scores=[0.14296414015128628, 0.12453715308628484, 0.18782265230164505, 0.09230877676085172], cca_probs=[0.2513682065898574, 0.2467786634898278, 0.26290094726697694, 0.23895218265333792]"
2026 05 21 20:52:35.632867,SSVEP_UPDATE,"fbcca_quad=2, fbcca_conf=0.2641, fbcca_ratio=1.6862, fbcca_consec=3, fbcca_scores=[0.047713083558155685, 0.08667954590137245, 0.14615886620560398, 0.0825709434264734], fbcca_probs=[0.23931101180595832, 0.2488201815025071, 0.2640688311570295, 0.24779997553450514], cca_quad=2, cca_conf=0.2642, cca_ratio=1.3204, cca_scores=[0.1397004138202597, 0.17487994437764054, 0.24008446352860174, 0.18182913884004512], cca_probs=[0.23898118544536626, 0.247538062336835, 0.26421650891194454, 0.24926424330585414]"
2026 05 21 20:52:36.652960,SSVEP_UPDATE,"fbcca_quad=1, fbcca_conf=0.2637, fbcca_ratio=1.3781, fbcca_consec=1, fbcca_scores=[0.046218273385223885, 0.15612691507585796, 0.1132887210953206, 0.09175905722394605], fbcca_probs=[0.23628704630112454, 0.26373795236534464, 0.2526784701536462, 0.24729653117988468], cca_quad=1, cca_conf=0.2618, cca_ratio=1.2093, cca_scores=[0.13375578743965189, 0.23742897666396537, 0.1953316286972049, 0.19633161326141532], cca_probs=[0.23599799057088416, 0.26177791187302457, 0.25098649470217543, 0.2512376028539157]"
2026 05 21 20:52:37.679261,SSVEP_UPDATE,"fbcca_quad=3, fbcca_conf=0.2608, fbcca_ratio=1.1368, fbcca_consec=1, fbcca_scores=[0.029803972465933554, 0.13137197558794197, 0.1134765061423983, 0.1493456375118468], fbcca_probs=[0.23141943868558223, 0.25615937747978945, 0.25161605882533805, 0.2608051250092904], cca_quad=1, cca_conf=0.2610, cca_ratio=1.0253, cca_scores=[0.08458477325833125, 0.23447687692035776, 0.21100808528422024, 0.228681303758424], cca_probs=[0.22464504839862154, 0.26097215023042414, 0.254918759931722, 0.2594640414392324]"
2026 05 21 20:52:38.706389,SSVEP_UPDATE,"fbcca_quad=3, fbcca_conf=0.2647, fbcca_ratio=1.0536, fbcca_consec=2, fbcca_scores=[0.08717353263150955, 0.17781506821975732, 0.06214670843086646, 0.1873370767970402], fbcca_probs=[0.23949159450748084, 0.26221370935208016, 0.23357226049740323, 0.26472243564303577], cca_quad=3, cca_conf=0.2639, cca_ratio=1.0036, cca_scores=[0.16659651686336988, 0.26862025028816755, 0.1512527329091499, 0.2695964763979323], cca_probs=[0.23805701008464988, 0.2636266549858554, 0.23443219505852728, 0.2638841398709674]"
2026 05 21 20:52:39.732493,SSVEP_UPDATE,"fbcca_quad=3, fbcca_conf=0.2603, fbcca_ratio=1.4418, fbcca_consec=3, fbcca_scores=[0.08495894720016843, 0.06082865236097963, 0.05820608155166544, 0.12249310050219918], fbcca_probs=[0.2507517668762752, 0.2447734718998766, 0.24413237716319625, 0.2603423840606519], cca_quad=3, cca_conf=0.2642, cca_ratio=1.2748, cca_scores=[0.1457793597892582, 0.18129204020122255, 0.14212121492607974, 0.23111807412163143], cca_probs=[0.24262509376490488, 0.2513961818173602, 0.24173915745412097, 0.264239566963614]"
2026 05 21 20:52:40.749732,SSVEP_UPDATE,"fbcca_quad=3, fbcca_conf=0.2656, fbcca_ratio=1.8284, fbcca_consec=4, fbcca_scores=[0.08945379231876074, 0.07091846568503954, 0.0861149490686395, 0.16355423278679893], fbcca_probs=[0.24659592289860685, 0.2420672864524944, 0.24577395074761685, 0.26556283990128193], cca_quad=3, cca_conf=0.2734, cca_ratio=1.5349, cca_scores=[0.16180621683291566, 0.18124241593759036, 0.1267887333417841, 0.2781912250114852], cca_probs=[0.24338935266454734, 0.24816618796776357, 0.2350139682917606, 0.2734304910759285]"
2026 05 21 20:52:41.758115,SSVEP_UPDATE,"fbcca_quad=3, fbcca_conf=0.2857, fbcca_ratio=1.9825, fbcca_consec=5, fbcca_scores=[0.028392803793490264, 0.13054120209754919, 0.06862878951245768, 0.25879990113035917], fbcca_probs=[0.2268748339644036, 0.25127472725992167, 0.23618950235669467, 0.2856609364189801], cca_quad=3, cca_conf=0.2857, cca_ratio=1.5406, cca_scores=[0.08860036390157237, 0.2112385045755995, 0.12614969810188392, 0.32543751065614424], cca_probs=[0.2254296747445143, 0.25484267330300114, 0.234055339466185, 0.2856723124862995]"
2026 05 21 20:52:42.782536,SSVEP_UPDATE,"fbcca_quad=3, fbcca_conf=0.2612, fbcca_ratio=1.7198, fbcca_consec=6, fbcca_scores=[0.041957286598609624, 0.06406669527197419, 0.04794622983599518, 0.11017905784678746], fbcca_probs=[0.2439640097810646, 0.24941797963069884, 0.24542948031731665, 0.2611885302709199], cca_quad=3, cca_conf=0.2674, cca_ratio=1.3198, cca_scores=[0.12426005530681561, 0.1717086908559882, 0.11055196892402087, 0.22662300328158327], cca_probs=[0.24138478114360332, 0.2531142323472891, 0.2380984339396173, 0.26740255256949036]"
2026 05 21 20:52:43.806145,SSVEP_UPDATE,"fbcca_quad=3, fbcca_conf=0.2633, fbcca_ratio=2.4989, fbcca_consec=7, fbcca_scores=[0.031031294346118024, 0.038664380170210476, 0.042910264057746055, 0.10722837651882107], fbcca_probs=[0.24397459978651212, 0.2458440044320571, 0.24689004864899994, 0.2632913471324309], cca_quad=3, cca_conf=0.2677, cca_ratio=1.5353, cca_scores=[0.1399280900734144, 0.14470475972371225, 0.10390965784265757, 0.2221626318336888], cca_probs=[0.24660176396444017, 0.24778251691440886, 0.23787761330864363, 0.2677381058125074]"
2026 05 21 20:52:44.830157,SSVEP_UPDATE,"fbcca_quad=3, fbcca_conf=0.2604, fbcca_ratio=1.2259, fbcca_consec=8, fbcca_scores=[0.04358609735385765, 0.08347892544015052, 0.10900029446065918, 0.13362317615607475], fbcca_probs=[0.2379527372808206, 0.24763723153223138, 0.25403861123561067, 0.26037141995133734], cca_quad=3, cca_conf=0.2614, cca_ratio=1.2728, cca_scores=[0.14612774373597603, 0.17540615042419183, 0.16887296962067355, 0.22326182272204798], cca_probs=[0.24196061649341039, 0.24914956476294695, 0.24752713120590034, 0.2613626875377424]"
2026 05 21 20:52:45.849310,SSVEP_UPDATE,"fbcca_quad=3, fbcca_conf=0.2685, fbcca_ratio=1.4863, fbcca_consec=9, fbcca_scores=[0.040119070610625474, 0.1212756980759107, 0.08855187659737142, 0.18025779695956426], fbcca_probs=[0.23339407154180336, 0.25312538189342276, 0.2449762152196299, 0.26850433134514395], cca_quad=3, cca_conf=0.2652, cca_ratio=1.3053, cca_scores=[0.13439049875195996, 0.19168038822287378, 0.18542949819447702, 0.25019465010267855], cca_probs=[0.23617755292139497, 0.25010323047057015, 0.2485447387360302, 0.26517447787200465]"
2026 05 21 20:52:46.861475,SSVEP_UPDATE,"fbcca_quad=3, fbcca_conf=0.2661, fbcca_ratio=1.2535, fbcca_consec=10, fbcca_scores=[0.011177219233240695, 0.035345738525516646, 0.10905043763769759, 0.13669892316009297], fbcca_probs=[0.23468527892881064, 0.24042637202658634, 0.258816313645952, 0.26607203539865104], cca_quad=3, cca_conf=0.2721, cca_ratio=1.2347, cca_scores=[0.059816650293898495, 0.12115688761938956, 0.196092950047426, 0.2421119488590216], cca_probs=[0.226797092889086, 0.2411444161477999, 0.2599091257503426, 0.2721493652127715]"
2026 05 21 20:52:47.886511,SSVEP_UPDATE,"fbcca_quad=3, fbcca_conf=0.2651, fbcca_ratio=1.6490, fbcca_consec=11, fbcca_scores=[0.04740478456281767, 0.07328592202525873, 0.09090978606948014, 0.14990676836642228], fbcca_probs=[0.23931324678040772, 0.24558779175980242, 0.2499543625163403, 0.26514459894344955], cca_quad=3, cca_conf=0.2691, cca_ratio=1.6264, cca_scores=[0.14417865847546366, 0.13058263192622913, 0.13066002184551453, 0.23449791471773887], cca_probs=[0.24584570099360442, 0.2425257962133917, 0.24254456599147173, 0.2690839368015322]"
2026 05 21 20:52:48.903357,SSVEP_UPDATE,"fbcca_quad=3, fbcca_conf=0.2612, fbcca_ratio=1.3324, fbcca_consec=12, fbcca_scores=[0.08551848237156312, 0.048524496663489985, 0.10408729235508991, 0.1386897283478431], fbcca_probs=[0.24770658130679327, 0.23871035664371018, 0.2523491680053701, 0.2612338940441265], cca_quad=3, cca_conf=0.2652, cca_ratio=1.1168, cca_scores=[0.18829733238651253, 0.09011696977544317, 0.11052881112711703, 0.210282735465034], cca_probs=[0.2594778961243774, 0.23521292262661114, 0.24006338652869683, 0.2652457947203146]"
2026 05 21 20:52:49.932321,SSVEP_UPDATE,"fbcca_quad=3, fbcca_conf=0.2597, fbcca_ratio=1.1417, fbcca_consec=13, fbcca_scores=[0.018642503093922437, 0.03114691042795516, 0.08432750210284823, 0.09627256728678055], fbcca_probs=[0.24031552590367447, 0.24333939557635215, 0.25663061368894596, 0.2597144648310274], cca_quad=3, cca_conf=0.2687, cca_ratio=1.8066, cca_scores=[0.09344757060733101, 0.10240720648336163, 0.11026575695424379, 0.19920307789041825], cca_probs=[0.24169123660332986, 0.24386643200596161, 0.24579041864147755, 0.26865191274923095]"
2026 05 21 20:52:50.953403,SSVEP_UPDATE,"fbcca_quad=3, fbcca_conf=0.2687, fbcca_ratio=1.6079, fbcca_consec=14, fbcca_scores=[0.009584352980185373, 0.10797773150030024, 0.10754979513422323, 0.17362115061396324], fbcca_probs=[0.22807206317481976, 0.2516539738037856, 0.25154630495607805, 0.26872765806531657], cca_quad=3, cca_conf=0.2729, cca_ratio=1.3943, cca_scores=[0.05464914929852217, 0.1823958710767468, 0.16571725546851554, 0.25432235483125837], cca_probs=[0.22347667817884506, 0.25392876684497206, 0.24972870948457077, 0.27286584549161214]"
2026 05 21 20:52:51.968736,SSVEP_UPDATE,"fbcca_quad=1, fbcca_conf=0.2716, fbcca_ratio=1.0173, fbcca_consec=1, fbcca_scores=[0.010836319467020208, 0.20004370230549737, 0.04634139052347765, 0.1966426609087062], fbcca_probs=[0.22478863687881748, 0.2716102004564965, 0.23291315065427343, 0.2706880120104126], cca_quad=3, cca_conf=0.2679, cca_ratio=1.0148, cca_scores=[0.057909737889784395, 0.2186588686498624, 0.10272081295725724, 0.22190552517792622], cca_probs=[0.22735385524541518, 0.2670021653257578, 0.2377735410505094, 0.2678704383783176]"
2026 05 21 20:52:52.989872,SSVEP_UPDATE,"fbcca_quad=1, fbcca_conf=0.2680, fbcca_ratio=1.1382, fbcca_consec=2, fbcca_scores=[0.03496186170294145, 0.16877113119135997, 0.03680692877253628, 0.14827631247010126], fbcca_probs=[0.2344662813012023, 0.26803593498194256, 0.23489928665488202, 0.2625984970619731], cca_quad=1, cca_conf=0.2677, cca_ratio=1.2155, cca_scores=[0.1094124580815119, 0.22517910151656645, 0.10127013877711241, 0.18525524467009175], cca_probs=[0.23846897894640873, 0.26773719346645375, 0.2365351718967161, 0.2572586556904215]"
2026 05 21 20:52:54.002688,SSVEP_UPDATE,"fbcca_quad=3, fbcca_conf=0.2603, fbcca_ratio=1.0695, fbcca_consec=1, fbcca_scores=[0.04075086865317601, 0.10673094934006272, 0.030446528899515417, 0.11414364286783418], fbcca_probs=[0.2418901989302523, 0.25838842614666535, 0.23941047802199888, 0.2603108969010835], cca_quad=1, cca_conf=0.2633, cca_ratio=1.1713, cca_scores=[0.12243061705736176, 0.20270196675113875, 0.10192037736392077, 0.17305253205767276], cca_probs=[0.2430012704268843, 0.2633115735038421, 0.23806802013554942, 0.25561913593372415]"
2026 05 21 20:52:55.033033,SSVEP_UPDATE,"fbcca_quad=3, fbcca_conf=0.2565, fbcca_ratio=1.2819, fbcca_consec=2, fbcca_scores=[0.03387325425298098, 0.06590469831442967, 0.0497966759267855, 0.08448493110121554], fbcca_probs=[0.24387179572528409, 0.2518098159353909, 0.24778615142266897, 0.25653223691665594], cca_quad=3, cca_conf=0.2574, cca_ratio=1.0018, cca_scores=[0.11601761220751274, 0.1753974161700306, 0.11801880313215136, 0.1757109207494992], cca_probs=[0.24244232487062287, 0.2572745108552063, 0.24292798403718133, 0.25735518023698956]"
2026 05 21 20:52:56.046374,SSVEP_UPDATE,"fbcca_quad=2, fbcca_conf=0.2557, fbcca_ratio=1.5050, fbcca_consec=1, fbcca_scores=[0.031845777884639784, 0.014578381248794207, 0.04792697264973986, 0.00695541919708187], fbcca_probs=[0.2516034134717198, 0.24729617198111695, 0.25568220498849786, 0.24541820955866547], cca_quad=0, cca_conf=0.2573, cca_ratio=1.2190, cca_scores=[0.11684241388500238, 0.09584996019007842, 0.09023388069547475, 0.04730960285308881], cca_probs=[0.25734738131671864, 0.2520013379394195, 0.2505900450686685, 0.24006123567519336]"
2026 05 21 20:52:57.061601,SSVEP_UPDATE,"fbcca_quad=0, fbcca_conf=0.2545, fbcca_ratio=1.3076, fbcca_consec=1, fbcca_scores=[0.06890432987958885, 0.03183469656759242, 0.052696824401201936, 0.05083729412582439], fbcca_probs=[0.2544770556961812, 0.24521638974441182, 0.2503858610089767, 0.24992069355043023], cca_quad=3, cca_conf=0.2536, cca_ratio=1.0668, cca_scores=[0.12284858663924889, 0.11698554462603997, 0.09572232772649125, 0.1310513134032802], cca_probs=[0.25153252940086473, 0.2500620984247956, 0.24480110482873726, 0.2536042673456024]"
2026 05 21 20:52:58.083289,SSVEP_UPDATE,"fbcca_quad=0, fbcca_conf=0.2550, fbcca_ratio=1.2056, fbcca_consec=2, fbcca_scores=[0.10558652065381303, 0.0678376413802424, 0.08170139378377966, 0.0875810392435543], fbcca_probs=[0.2550039266008575, 0.24555723688645165, 0.24898528954937657, 0.25045354696331434], cca_quad=3, cca_conf=0.2520, cca_ratio=1.0352, cca_scores=[0.18343126867680812, 0.18048561660024282, 0.1878024545888528, 0.19440376029751633], cca_probs=[0.24922290145008527, 0.2484898576689128, 0.250314685543069, 0.25197255533793295]"
2026 05 21 20:52:59.100402,SSVEP_UPDATE,"fbcca_quad=1, fbcca_conf=0.2577, fbcca_ratio=1.0255, fbcca_consec=1, fbcca_scores=[0.04942782459398011, 0.12881785193157338, 0.08750085986226677, 0.12561139705195185], fbcca_probs=[0.23806155502213291, 0.2577317465899691, 0.2473000335138557, 0.2569066648740423], cca_quad=1, cca_conf=0.2631, cca_ratio=1.1809, cca_scores=[0.13884950200854604, 0.2429030886438624, 0.1773976407318003, 0.20570072658734248], cca_probs=[0.23707372808998475, 0.26307121326064603, 0.24639090525017873, 0.25346415339919054]"
2026 05 21 20:53:00.123970,SSVEP_UPDATE,"fbcca_quad=2, fbcca_conf=0.2581, fbcca_ratio=1.0571, fbcca_consec=1, fbcca_scores=[0.04771334712950113, 0.15294894204706677, 0.16168163747493458, 0.1518182916089498], fbcca_probs=[0.23034013474552933, 0.2559015136472903, 0.2581460096115771, 0.2556123419956033], cca_quad=1, cca_conf=0.2661, cca_ratio=1.1983, cca_scores=[0.15284608328886082, 0.2811524773111825, 0.20237613411704888, 0.23462267876997445], cca_probs=[0.23403354147514766, 0.26607303499499624, 0.24591710203698158, 0.25397632149287447]"
2026 05 21 20:53:01.136400,SSVEP_UPDATE,"fbcca_quad=3, fbcca_conf=0.2634, fbcca_ratio=1.5722, fbcca_consec=1, fbcca_scores=[0.07943557159233373, 0.05946100988413526, 0.0940834306394124, 0.14791797533427614], fbcca_probs=[0.24595036246536264, 0.2410863517348252, 0.24957952353816013, 0.26338376226165205], cca_quad=3, cca_conf=0.2590, cca_ratio=1.1625, cca_scores=[0.184425830989782, 0.14375743954637632, 0.17177578951284864, 0.21438917999319798], cca_probs=[0.2513829915902507, 0.24136474344665435, 0.24822301537424282, 0.2590292495888522]"
2026 05 21 20:53:02.163972,SSVEP_UPDATE,"fbcca_quad=3, fbcca_conf=0.2567, fbcca_ratio=1.4255, fbcca_consec=2, fbcca_scores=[0.07256218537757943, 0.06166464888877822, 0.07353795062011277, 0.10482884058460071], fbcca_probs=[0.24857499807338668, 0.24588084941553892, 0.2488176672915096, 0.2567264852195648], cca_quad=3, cca_conf=0.2577, cca_ratio=1.1147, cca_scores=[0.18818778904040984, 0.1388781665267014, 0.1796408487371881, 0.20977507438922838], cca_probs=[0.25219422747034037, 0.24006024485169045, 0.25004792369410034, 0.2576976039838688]"
2026 05 21 20:53:03.195490,SSVEP_UPDATE,"fbcca_quad=3, fbcca_conf=0.2795, fbcca_ratio=1.5449, fbcca_consec=3, fbcca_scores=[0.050656776155885104, 0.15216350882167584, 0.043291458572988266, 0.23507429150450249], fbcca_probs=[0.23244911018979766, 0.2572833618587096, 0.23074333815895962, 0.27952418979253313], cca_quad=3, cca_conf=0.2743, cca_ratio=1.3941, cca_scores=[0.12255130172563672, 0.18803739975724407, 0.0971973386534631, 0.2621401298830413], cca_probs=[0.23852437868065895, 0.2546672063894911, 0.23255286109251483, 0.2742555538373352]"
2026 05 21 20:53:03.195490,PHASE_TIMEOUT,
2026 05 21 20:53:06.198067,PHASE_SSVEP,
2026 05 21 20:53:06.230329,SSVEP_UPDATE,"fbcca_quad=0, fbcca_conf=0.2537, fbcca_ratio=1.0573, fbcca_consec=1, fbcca_scores=[0.06400505307344063, 0.03771980944209743, 0.03396183522836036, 0.06053573360096682], fbcca_probs=[0.25374286638119026, 0.24716006756199027, 0.24623298946027178, 0.2528640765965477], cca_quad=0, cca_conf=0.2564, cca_ratio=1.1350, cca_scores=[0.13056214633566765, 0.08212958051709453, 0.09295253627941925, 0.11503144935871398], cca_probs=[0.2563839794698974, 0.24426255081223802, 0.24692055135958058, 0.2524329183582841]"
2026 05 21 20:53:07.246522,SSVEP_UPDATE,"fbcca_quad=3, fbcca_conf=0.2574, fbcca_ratio=1.0062, fbcca_consec=1, fbcca_scores=[0.05039303984865241, 0.09421672489624443, 0.021575115335007247, 0.09480550350636033], fbcca_probs=[0.24619596836929838, 0.25722508616335693, 0.23920236608166154, 0.2573765793856832], cca_quad=3, cca_conf=0.2552, cca_ratio=1.0108, cca_scores=[0.12454624463673433, 0.14193434472460356, 0.07963256387193203, 0.143472846017345], cca_probs=[0.25045539024223873, 0.2548484161383671, 0.23945539109726344, 0.2552408025221307]"
2026 05 21 20:53:08.269184,SSVEP_UPDATE,"fbcca_quad=1, fbcca_conf=0.2643, fbcca_ratio=1.3842, fbcca_consec=1, fbcca_scores=[0.0793110710492372, 0.16300466496411747, 0.06655530281977279, 0.11776015808292845], fbcca_probs=[0.24308314513646664, 0.264303255714196, 0.2400021250415918, 0.2526114741077456], cca_quad=1, cca_conf=0.2655, cca_ratio=1.1971, cca_scores=[0.16768622085916676, 0.23550400144833591, 0.09676613281447681, 0.19673542777692796], cca_probs=[0.24806620821584527, 0.26547308472338293, 0.23108268520904363, 0.2553780218517282]"
2026 05 21 20:53:09.291560,SSVEP_UPDATE,"fbcca_quad=3, fbcca_conf=0.2570, fbcca_ratio=1.0814, fbcca_consec=1, fbcca_scores=[0.0797086740118651, 0.113118930755294, 0.06187257659915781, 0.12232757489261724], fbcca_probs=[0.24631531996206812, 0.2546837960849161, 0.241960963717738, 0.2570399202352777], cca_quad=1, cca_conf=0.2618, cca_ratio=1.0218, cca_scores=[0.1433093593916722, 0.2258646632072306, 0.1239408906356216, 0.2210520576813934], cca_probs=[0.24109624633085192, 0.2618446842961463, 0.23647151279513, 0.26058755657787175]"
2026 05 21 20:53:10.300169,SSVEP_UPDATE,"fbcca_quad=1, fbcca_conf=0.2611, fbcca_ratio=1.2356, fbcca_consec=1, fbcca_scores=[0.04682905546815894, 0.15881600846548227, 0.12386660144155659, 0.12853289061051856], fbcca_probs=[0.2334422189069085, 0.2611047174087229, 0.2521368853729877, 0.2533161783113809], cca_quad=1, cca_conf=0.2675, cca_ratio=1.2054, cca_scores=[0.12784219283376755, 0.2702197896897604, 0.1822920786540266, 0.22417163336772647], cca_probs=[0.23201354143530778, 0.2675143835242421, 0.24499691632546547, 0.25547515871498466]"
2026 05 21 20:53:11.325504,SSVEP_UPDATE,"fbcca_quad=3, fbcca_conf=0.2690, fbcca_ratio=1.1146, fbcca_consec=1, fbcca_scores=[0.03521584950401841, 0.16212188033759226, 0.043150125600256134, 0.18070673527144684], fbcca_probs=[0.23256444811983434, 0.26403282001644507, 0.23441701834452444, 0.26898571351919615], cca_quad=3, cca_conf=0.2611, cca_ratio=1.0277, cca_scores=[0.10542621239542674, 0.19101037062860365, 0.11581087299443583, 0.19630207596112997], cca_probs=[0.23838328145227966, 0.25968359894631154, 0.24087170929907145, 0.2610614103023373]"
2026 05 21 20:53:12.336602,SSVEP_UPDATE,"fbcca_quad=3, fbcca_conf=0.2607, fbcca_ratio=1.7698, fbcca_consec=2, fbcca_scores=[0.05202526922742881, 0.056517657749097526, 0.022593524491995254, 0.1000264464937981], fbcca_probs=[0.24846748139994013, 0.24958620485011818, 0.24126121656712857, 0.26068509718281313], cca_quad=3, cca_conf=0.2584, cca_ratio=1.0310, cca_scores=[0.1538077686025895, 0.11606739352004142, 0.07100631353444911, 0.15857000011304676], cca_probs=[0.2571837594507712, 0.24765842336203056, 0.23674636818246786, 0.25841144900473034]"
2026 05 21 20:53:13.365789,SSVEP_UPDATE,"fbcca_quad=3, fbcca_conf=0.2691, fbcca_ratio=2.5873, fbcca_consec=3, fbcca_scores=[0.057534234474344914, 0.057537785306570284, 0.03256342300456915, 0.14886926923482624], fbcca_probs=[0.24564122233505808, 0.24564209456737482, 0.23958331192882115, 0.26913337116874597], cca_quad=3, cca_conf=0.2704, cca_ratio=1.6011, cca_scores=[0.1502069579435148, 0.12769994218522274, 0.12467790483980545, 0.24048923192286847], cca_probs=[0.24709529476472966, 0.24159603517553369, 0.2408670250374794, 0.27044164502225726]"
2026 05 21 20:53:14.379021,SSVEP_UPDATE,"fbcca_quad=3, fbcca_conf=0.2624, fbcca_ratio=1.4191, fbcca_consec=4, fbcca_scores=[0.03360022101276231, 0.08758281675784678, 0.056326436715741106, 0.1242929513888914], fbcca_probs=[0.23961363719291667, 0.25290410287771814, 0.2451214977540433, 0.2623607621753219], cca_quad=3, cca_conf=0.2680, cca_ratio=1.3092, cca_scores=[0.10646323686967814, 0.17062456368723408, 0.10958808885220918, 0.22338960885956197], cca_probs=[0.23846822468906576, 0.2542701789772541, 0.23921456809277022, 0.2680470282409099]"
2026 05 21 20:53:15.414034,SSVEP_UPDATE,"fbcca_quad=3, fbcca_conf=0.2736, fbcca_ratio=3.0847, fbcca_consec=5, fbcca_scores=[0.04971112112547171, 0.03745605594133455, 0.05490843081228217, 0.1693762936259922], fbcca_probs=[0.24270961248699008, 0.23975334200811954, 0.24397433323285445, 0.27356271227203593], cca_quad=3, cca_conf=0.2786, cca_ratio=1.7876, cca_scores=[0.1188621516401076, 0.11816563056533937, 0.15557802891394953, 0.27811798610667904], cca_probs=[0.2375669423009739, 0.23740152953242005, 0.24645152557983718, 0.27858000258676885]"
2026 05 21 20:53:16.428864,SSVEP_UPDATE,"fbcca_quad=3, fbcca_conf=0.2774, fbcca_ratio=1.6194, fbcca_consec=6, fbcca_scores=[0.018130171224550778, 0.12806942876921446, 0.04979267403503697, 0.20740148040331619], fbcca_probs=[0.22952899157696915, 0.2562026169832325, 0.23691273090319814, 0.27735566053660027], cca_quad=3, cca_conf=0.2748, cca_ratio=1.4319, cca_scores=[0.06311739806108278, 0.1694243559346499, 0.10841270749993966, 0.24259207312021397], cca_probs=[0.22961645272850295, 0.25537097145004833, 0.24025614608005028, 0.2747564297413985]"
2026 05 21 20:53:17.469404,SSVEP_UPDATE,"fbcca_quad=3, fbcca_conf=0.2806, fbcca_ratio=1.7182, fbcca_consec=7, fbcca_scores=[0.03705581398325816, 0.13477890389957284, 0.04885344171576746, 0.23157672066393659], fbcca_probs=[0.23098668988345505, 0.2546991842584576, 0.23372792309174323, 0.2805862027663441], cca_quad=3, cca_conf=0.2771, cca_ratio=1.5118, cca_scores=[0.10199780807626607, 0.18080865122760498, 0.1164983276372797, 0.27334594623490693], cca_probs=[0.2334534235980509, 0.2525965191391033, 0.23686328214617328, 0.27708677511667246]"
2026 05 21 20:53:18.479397,SSVEP_UPDATE,"fbcca_quad=3, fbcca_conf=0.2888, fbcca_ratio=2.1237, fbcca_consec=8, fbcca_scores=[0.03867083292569687, 0.1419640024197567, 0.12901107173214169, 0.3014878051693294], fbcca_probs=[0.22202724709450913, 0.24618746005949932, 0.24301917454191185, 0.2887661183040797], cca_quad=3, cca_conf=0.2827, cca_ratio=1.6844, cca_scores=[0.1404848359833349, 0.20367731570236022, 0.18223771464650682, 0.3430716868513252], cca_probs=[0.23081707670057539, 0.24587370278592494, 0.2406583757239106, 0.2826508447895891]"
2026 05 21 20:53:19.511012,SSVEP_UPDATE,"fbcca_quad=3, fbcca_conf=0.2754, fbcca_ratio=2.3478, fbcca_consec=9, fbcca_scores=[0.032397291670625314, 0.026852404676918705, 0.07495795142968437, 0.1759897327338741], fbcca_probs=[0.23852894446926437, 0.23720998853760764, 0.24890002832692618, 0.2753610386662018], cca_quad=3, cca_conf=0.2836, cca_ratio=1.9530, cca_scores=[0.12426391314424123, 0.0937512085303883, 0.15121409046609152, 0.29532301896722646], cca_probs=[0.23901569855634616, 0.23183282487733137, 0.24554479904755672, 0.2836066775187657]"
2026 05 21 20:53:20.528481,SSVEP_UPDATE,"fbcca_quad=3, fbcca_conf=0.2924, fbcca_ratio=4.0477, fbcca_consec=10, fbcca_scores=[0.058141384438888666, 0.049672302443420316, 0.0674846201382096, 0.27315993052602716], fbcca_probs=[0.23580241936767926, 0.2338138220263502, 0.23801590139009712, 0.29236785721587333], cca_quad=3, cca_conf=0.2905, cca_ratio=2.1507, cca_scores=[0.16282216366196853, 0.11130067647775714, 0.15845696157622616, 0.3501738932467024], cca_probs=[0.2408780118639984, 0.2287818989324425, 0.23982882229247732, 0.2905112669110818]"
2026 05 21 20:53:21.546291,SSVEP_UPDATE,"fbcca_quad=3, fbcca_conf=0.3004, fbcca_ratio=2.2489, fbcca_consec=11, fbcca_scores=[0.06205900559475759, 0.160296890551309, 0.09759388309406432, 0.3604941330536178], fbcca_probs=[0.22285875219560394, 0.2458633902533169, 0.230920397150251, 0.30035746040082806], cca_quad=3, cca_conf=0.2860, cca_ratio=1.9554, cca_scores=[0.15203756309924757, 0.17442984253671265, 0.1805177560702836, 0.35297759232625786], cca_probs=[0.23396815394663112, 0.23926633199096176, 0.24072740767020442, 0.2860381063922027]"
2026 05 21 20:53:22.578219,SSVEP_UPDATE,"fbcca_quad=3, fbcca_conf=0.2726, fbcca_ratio=1.3914, fbcca_consec=12, fbcca_scores=[0.16175532904057333, 0.10171066799418622, 0.05686063781371704, 0.22506770660764927], fbcca_probs=[0.2559180147975544, 0.24100374612178294, 0.23043352988845484, 0.27264470919220785], cca_quad=3, cca_conf=0.2715, cca_ratio=1.4011, cca_scores=[0.20708757433600936, 0.15749893209510704, 0.17039592890405594, 0.2901567745755171], cca_probs=[0.24986188036236437, 0.23777376262921557, 0.24086019012891524, 0.2715041668795049]"
2026 05 21 20:53:23.604052,SSVEP_UPDATE,"fbcca_quad=0, fbcca_conf=0.2708, fbcca_ratio=1.6287, fbcca_consec=1, fbcca_scores=[0.21168026770195947, 0.10243382135839273, 0.07832518902912845, 0.1299658196468522], fbcca_probs=[0.27076798541643476, 0.24274605735709112, 0.23696376357396032, 0.24952219365251382], cca_quad=0, cca_conf=0.2616, cca_ratio=1.1825, cca_scores=[0.2598744822339235, 0.21366929254237366, 0.16187998715438318, 0.21976104074921274], cca_probs=[0.2616307721491611, 0.24981710084957873, 0.23720855856798181, 0.2513435684332785]"
2026 05 21 20:53:24.629517,SSVEP_UPDATE,"fbcca_quad=0, fbcca_conf=0.2726, fbcca_ratio=2.2420, fbcca_consec=2, fbcca_scores=[0.1931134004052907, 0.061373388370650435, 0.08002348933456481, 0.08613283947604039], fbcca_probs=[0.2726145816359384, 0.23896545381052797, 0.243464002452135, 0.2449559621013986], cca_quad=0, cca_conf=0.2678, cca_ratio=1.3691, cca_scores=[0.24451055474870803, 0.16462952159173636, 0.11076383175357182, 0.17859846039115201], cca_probs=[0.26779132320772225, 0.24723195852967614, 0.23426695758442023, 0.2507097606781815]"
2026 05 21 20:53:25.642875,SSVEP_UPDATE,"fbcca_quad=0, fbcca_conf=0.2720, fbcca_ratio=1.7695, fbcca_consec=3, fbcca_scores=[0.18268365593491706, 0.05739851153952856, 0.04368809785490706, 0.10324175892281753], fbcca_probs=[0.27202676343776866, 0.2399943333572853, 0.23672636555156853, 0.2512525376533774], cca_quad=0, cca_conf=0.2698, cca_ratio=1.2640, cca_scores=[0.256609585578376, 0.15021129324560462, 0.1053186427710911, 0.20301615790628288], cca_probs=[0.26979765488940866, 0.24256602936842592, 0.23191740814193396, 0.2557189076002315]"
2026 05 21 20:53:26.668274,SSVEP_UPDATE,"fbcca_quad=0, fbcca_conf=0.2598, fbcca_ratio=1.1049, fbcca_consec=4, fbcca_scores=[0.13608339915221632, 0.08975015742180803, 0.03857706299812595, 0.12316348636659315], fbcca_probs=[0.2598088532984321, 0.24804568410139094, 0.23567172592683458, 0.2564737366733422], cca_quad=0, cca_conf=0.2622, cca_ratio=1.1216, cca_scores=[0.20924927455540643, 0.14246389913337182, 0.10524650785828493, 0.18656169585094334], cca_probs=[0.26217909793360444, 0.2452412634330186, 0.236281781791806, 0.25629785684157097]"
2026 05 21 20:53:27.699273,SSVEP_UPDATE,"fbcca_quad=3, fbcca_conf=0.2564, fbcca_ratio=1.0469, fbcca_consec=1, fbcca_scores=[0.11957536147812504, 0.09129453379534147, 0.061669719062998334, 0.1251842229135772], fbcca_probs=[0.2550058317812068, 0.24789507871405536, 0.24065894668209772, 0.25644014282264016], cca_quad=3, cca_conf=0.2551, cca_ratio=1.0207, cca_scores=[0.17652049618466645, 0.1274960343173513, 0.1543027653499826, 0.18017491007113387], cca_probs=[0.2542041423436782, 0.2420424665477241, 0.2486185821323424, 0.2551348089762553]"
2026 05 21 20:53:28.715211,SSVEP_UPDATE,"fbcca_quad=3, fbcca_conf=0.2584, fbcca_ratio=1.2431, fbcca_consec=2, fbcca_scores=[0.1046955001421446, 0.08567277906171594, 0.06701878574503763, 0.1301500877301559], fbcca_probs=[0.25189154089322957, 0.24714516597898842, 0.24257765530751757, 0.2583856378202644], cca_quad=3, cca_conf=0.2575, cca_ratio=1.1778, cca_scores=[0.18069210962412569, 0.1582199773047066, 0.18091653586475306, 0.21308687419976352], cca_probs=[0.24931885317906105, 0.24377861060124414, 0.24937481315120574, 0.2575277230684891]"
2026 05 21 20:53:29.734522,SSVEP_UPDATE,"fbcca_quad=3, fbcca_conf=0.2678, fbcca_ratio=1.5031, fbcca_consec=3, fbcca_scores=[0.02277233198757042, 0.10999953845512966, 0.08215307397980495, 0.16534181141676707], fbcca_probs=[0.2322579882084364, 0.2534270418967948, 0.246467345961715, 0.2678476239330538], cca_quad=3, cca_conf=0.2678, cca_ratio=1.2819, cca_scores=[0.07785946949450405, 0.1947565978059911, 0.1928392708476103, 0.24966532918700987], cca_probs=[0.2255655115013265, 0.25353649107820686, 0.2530508444493917, 0.26784715297107486]"
2026 05 21 20:53:30.761037,SSVEP_UPDATE,"fbcca_quad=3, fbcca_conf=0.2661, fbcca_ratio=2.5502, fbcca_consec=4, fbcca_scores=[0.04420786800605898, 0.05101453840902139, 0.042174216151673716, 0.13009543146541117], fbcca_probs=[0.2442311321808527, 0.24589920356556577, 0.243734955782026, 0.2661347084715555], cca_quad=3, cca_conf=0.2692, cca_ratio=1.4234, cca_scores=[0.11381449481512376, 0.16599702364337543, 0.12927487470218132, 0.2362831298598918], cca_probs=[0.23812743011331636, 0.2508834477911078, 0.24183757688296445, 0.2691515452126114]"
2026 05 21 20:53:31.789596,SSVEP_UPDATE,"fbcca_quad=3, fbcca_conf=0.2654, fbcca_ratio=1.3288, fbcca_consec=5, fbcca_scores=[0.024338578319346247, 0.10005617875524483, 0.030818699288241026, 0.13295151694364235], fbcca_probs=[0.23810148096943376, 0.25683004788187197, 0.239649417359782, 0.2654190537889123], cca_quad=3, cca_conf=0.2653, cca_ratio=1.0594, cca_scores=[0.1069804595983606, 0.2153713360954019, 0.11777891761406345, 0.22816607266592978], cca_probs=[0.23506322048144812, 0.26197403028174177, 0.2376152952358617, 0.2653474540009484]"
2026 05 21 20:53:32.818704,SSVEP_UPDATE,"fbcca_quad=3, fbcca_conf=0.2743, fbcca_ratio=3.1502, fbcca_consec=6, fbcca_scores=[0.022739809613547036, 0.029531776474244754, 0.050774137836589475, 0.15995091091156072], fbcca_probs=[0.23910195160953973, 0.24073145163210088, 0.2458998563322195, 0.2742667404261399], cca_quad=3, cca_conf=0.2808, cca_ratio=2.0142, cca_scores=[0.08744771874364395, 0.12505758582986343, 0.1363583076111133, 0.27465071522400275], cca_probs=[0.2328654911035789, 0.2417903099076673, 0.2445382123260472, 0.28080598666270656]"
2026 05 21 20:53:33.829108,SSVEP_UPDATE,"fbcca_quad=3, fbcca_conf=0.2646, fbcca_ratio=2.2358, fbcca_consec=7, fbcca_scores=[0.05144740340304468, 0.025630909327572064, 0.037898399905485776, 0.11502463189449594], fbcca_probs=[0.24834243506986758, 0.24201315550072477, 0.2450003347401956, 0.26464407468921197], cca_quad=3, cca_conf=0.2689, cca_ratio=1.6208, cca_scores=[0.13205324658357465, 0.0846654485781819, 0.12937490694830628, 0.21403560944622177], cca_probs=[0.2477406433782852, 0.23627458113821778, 0.24707799758522836, 0.26890677789826867]"
2026 05 21 20:53:34.843736,SSVEP_UPDATE,"fbcca_quad=3, fbcca_conf=0.2690, fbcca_ratio=1.3455, fbcca_consec=8, fbcca_scores=[0.11413288919979836, 0.018423697789671383, 0.02879015213921811, 0.1535646457835113], fbcca_probs=[0.2585886815861353, 0.23498683843936502, 0.23743548875533713, 0.26898899121916264], cca_quad=3, cca_conf=0.2739, cca_ratio=1.3408, cca_scores=[0.18783119877352364, 0.07676619872892672, 0.11722849827973382, 0.25183716671630846], cca_probs=[0.25688375403582436, 0.22988028274275002, 0.2393725112819781, 0.2738634519394475]"
2026 05 21 20:53:35.873318,SSVEP_UPDATE,"fbcca_quad=0, fbcca_conf=0.2775, fbcca_ratio=1.3242, fbcca_consec=1, fbcca_scores=[0.24172533325213522, 0.07222736229374253, 0.038996852645274055, 0.18254539251404933], fbcca_probs=[0.27753681976152195, 0.2342656287755301, 0.22660878749389285, 0.26158876396905506], cca_quad=3, cca_conf=0.2677, cca_ratio=1.0536, cca_scores=[0.2652953936099816, 0.16067027575736118, 0.13033585873578785, 0.27951886690116706], cca_probs=[0.26394009669840834, 0.23772084214899378, 0.23061799401521135, 0.2677210671373866]"
2026 05 21 20:53:36.901507,SSVEP_UPDATE,"fbcca_quad=0, fbcca_conf=0.2649, fbcca_ratio=1.4263, fbcca_consec=2, fbcca_scores=[0.1400140970693533, 0.04630733802908788, 0.040937398266092564, 0.09816321737527617], fbcca_probs=[0.264884119935371, 0.24119016483490985, 0.23989845947230756, 0.25402725575741153], cca_quad=0, cca_conf=0.2589, cca_ratio=1.0389, cca_scores=[0.1996243499085567, 0.16149011172927005, 0.10233914826712069, 0.19214380394271444], cca_probs=[0.25890448331894267, 0.24921723983183997, 0.23490331448564472, 0.25697496236357276]"
2026 05 21 20:53:36.901507,PHASE_TIMEOUT,
2026 05 21 20:53:39.902897,PHASE_SSVEP,
2026 05 21 20:53:39.936108,SSVEP_UPDATE,"fbcca_quad=1, fbcca_conf=0.2678, fbcca_ratio=1.7983, fbcca_consec=1, fbcca_scores=[0.08897080839029102, 0.15999576745033722, 0.04707082514810272, 0.06554820583825983], fbcca_probs=[0.24941242873801786, 0.2677711842250273, 0.23917796142406453, 0.24363842561289034], cca_quad=1, cca_conf=0.2751, cca_ratio=1.4053, cca_scores=[0.19278953953385297, 0.270919397773488, 0.10427398038615211, 0.12399961134198312], cca_probs=[0.2544480899935276, 0.2751253205174875, 0.2328935046392812, 0.2375330848497037]"
2026 05 21 20:53:40.950381,SSVEP_UPDATE,"fbcca_quad=1, fbcca_conf=0.2628, fbcca_ratio=1.1793, fbcca_consec=2, fbcca_scores=[0.05987735499150085, 0.14812730734352747, 0.05654728385747872, 0.12560601448274247], fbcca_probs=[0.2405654169585832, 0.26276024722390207, 0.239765649388252, 0.2569086864292628], cca_quad=1, cca_conf=0.2588, cca_ratio=1.2335, cca_scores=[0.11832850718973849, 0.18605137661651958, 0.14978274634121527, 0.15083474549630166], cca_probs=[0.24183427188355575, 0.25877928943434575, 0.24956188082527317, 0.2498245578568253]"
2026 05 21 20:53:41.978878,SSVEP_UPDATE,"fbcca_quad=0, fbcca_conf=0.2627, fbcca_ratio=2.3703, fbcca_consec=1, fbcca_scores=[0.10205044772003523, 0.03197792862025147, 0.043053598187993036, 0.0315933674132404], fbcca_probs=[0.262673767382339, 0.2448976369585578, 0.24762511872510157, 0.24480347693400162], cca_quad=0, cca_conf=0.2614, cca_ratio=1.1889, cca_scores=[0.17334790727499058, 0.09461838863205475, 0.14580969906290217, 0.09873074387571996], cca_probs=[0.2614224532169881, 0.24163013152670462, 0.25432156882774176, 0.24262584642856544]"
2026 05 21 20:53:42.991951,SSVEP_UPDATE,"fbcca_quad=0, fbcca_conf=0.2539, fbcca_ratio=1.0294, fbcca_consec=2, fbcca_scores=[0.057601974032555514, 0.05595863517103897, 0.02925102533549519, 0.024642874225078465], fbcca_probs=[0.25393708424153866, 0.2535201222613732, 0.24683882364962792, 0.24570396984746024], cca_quad=1, cca_conf=0.2645, cca_ratio=1.5022, cca_scores=[0.10959088618194908, 0.1646224581347289, 0.07735608729043732, 0.07929332943474911], cca_probs=[0.2503122651362127, 0.2644734242784817, 0.24237216096327327, 0.24284214962203246]"
2026 05 21 20:53:44.004198,SSVEP_UPDATE,"fbcca_quad=2, fbcca_conf=0.2544, fbcca_ratio=1.2922, fbcca_consec=1, fbcca_scores=[0.05023413340552128, 0.061748143644596305, 0.07979182418180866, 0.05718861987123444], fbcca_probs=[0.24700151694326453, 0.24986193075443985, 0.25441127968210697, 0.2487252726201887], cca_quad=1, cca_conf=0.2581, cca_ratio=1.1859, cca_scores=[0.11969395003737875, 0.1636563436340845, 0.10471738114086006, 0.13800278997095258], cca_probs=[0.24700167421304106, 0.2581026846843682, 0.24332999979282233, 0.25156564130976844]"
2026 05 21 20:53:45.032248,SSVEP_UPDATE,"fbcca_quad=1, fbcca_conf=0.2620, fbcca_ratio=1.8992, fbcca_consec=1, fbcca_scores=[0.05343940817935777, 0.12012892232733087, 0.054763884535886584, 0.06325313874706351], fbcca_probs=[0.24508897299074917, 0.26199117338729866, 0.24541380260780948, 0.24750605101414264], cca_quad=1, cca_conf=0.2718, cca_ratio=1.7230, cca_scores=[0.12386211587662495, 0.23822309803316144, 0.11282671477462047, 0.13825931132350483], cca_probs=[0.24244285208844493, 0.2718164448197184, 0.23978210617263956, 0.24595859691919714]"
2026 05 21 20:53:46.064748,SSVEP_UPDATE,"fbcca_quad=1, fbcca_conf=0.2623, fbcca_ratio=1.1616, fbcca_consec=2, fbcca_scores=[0.09672708566524585, 0.15330120387890372, 0.03574402406277641, 0.13197869044671068], fbcca_probs=[0.24783611017282764, 0.2622614219101833, 0.233173921665413, 0.25672854625157604], cca_quad=1, cca_conf=0.2758, cca_ratio=1.2296, cca_scores=[0.15263666397393824, 0.29925656134278306, 0.09714102620975801, 0.24336778215107172], cca_probs=[0.23815736027250567, 0.27576568291116627, 0.2253007091560819, 0.26077624766024626]"
2026 05 21 20:53:47.083158,SSVEP_UPDATE,"fbcca_quad=1, fbcca_conf=0.2774, fbcca_ratio=1.1658, fbcca_consec=3, fbcca_scores=[0.056566376935151395, 0.23869779354977017, 0.020826203530364625, 0.20474531931708062], fbcca_probs=[0.23124685052314722, 0.27744346246250395, 0.22312799681238754, 0.2681816902019615], cca_quad=1, cca_conf=0.2829, cca_ratio=1.2806, cca_scores=[0.13341190933674132, 0.3284783100299231, 0.0818515519914671, 0.25649502699466303], cca_probs=[0.23276836552682792, 0.2829047363789544, 0.22107089951781456, 0.2632559985764031]"
2026 05 21 20:53:48.107602,SSVEP_UPDATE,"fbcca_quad=3, fbcca_conf=0.2638, fbcca_ratio=1.1514, fbcca_consec=1, fbcca_scores=[0.059248309632582145, 0.15122572282733138, 0.09219968404691697, 0.17412099734327316], fbcca_probs=[0.23520717617381678, 0.2578670493993349, 0.2430866832481452, 0.2638390911787032], cca_quad=1, cca_conf=0.2648, cca_ratio=1.0205, cca_scores=[0.13158303275771452, 0.2645901606330653, 0.1661825501396587, 0.2592843150752221], cca_probs=[0.2318208022453016, 0.2647991984267149, 0.23998206382227802, 0.2633979355057054]"
2026 05 21 20:53:49.130575,SSVEP_UPDATE,"fbcca_quad=2, fbcca_conf=0.2655, fbcca_ratio=1.2813, fbcca_consec=1, fbcca_scores=[0.02044816021022137, 0.03550999494991388, 0.13533677834231556, 0.10562441364662334], fbcca_probs=[0.2366397180269409, 0.24023092353349412, 0.26545024593807126, 0.2576791125014937], cca_quad=3, cca_conf=0.2663, cca_ratio=1.5675, cca_scores=[0.07736360337041255, 0.12333931555593641, 0.12319439360991681, 0.1933333286201198], cca_probs=[0.23714057197384975, 0.24829779402951788, 0.24826181283730994, 0.2662998211593225]"
2026 05 21 20:53:50.146640,SSVEP_UPDATE,"fbcca_quad=3, fbcca_conf=0.2577, fbcca_ratio=1.1536, fbcca_consec=1, fbcca_scores=[0.08250770529582337, 0.03513253101462341, 0.09777451536918572, 0.11278969515170652], fbcca_probs=[0.25000883709550276, 0.23844080711756915, 0.2538549588303558, 0.25769539695657234], cca_quad=3, cca_conf=0.2628, cca_ratio=1.2680, cca_scores=[0.15709386544758414, 0.09445100304019974, 0.14356844341378877, 0.19920282692493954], cca_probs=[0.2519619888683646, 0.23666257107554645, 0.24857703966825137, 0.26279840038783764]"
2026 05 21 20:53:51.175263,SSVEP_UPDATE,"fbcca_quad=3, fbcca_conf=0.2778, fbcca_ratio=2.1285, fbcca_consec=2, fbcca_scores=[0.06343066656011974, 0.08680923258794147, 0.10779874935416978, 0.2294447475613156], fbcca_probs=[0.23531566824174294, 0.2408818219590043, 0.2459912496258676, 0.27781126017338525], cca_quad=3, cca_conf=0.2762, cca_ratio=1.6375, cca_scores=[0.18297224359260308, 0.1427506193956846, 0.16699604771893867, 0.29962364947371045], cca_probs=[0.24579355595494412, 0.23610352072122615, 0.2418979116087126, 0.27620501171511713]"
2026 05 21 20:53:52.187892,SSVEP_UPDATE,"fbcca_quad=3, fbcca_conf=0.2929, fbcca_ratio=2.7769, fbcca_consec=3, fbcca_scores=[0.05362661821358761, 0.10080131157932011, 0.03168421619014661, 0.2799200471012401], fbcca_probs=[0.23361509785382187, 0.2448999043657672, 0.22854485157794344, 0.2929401462024675], cca_quad=3, cca_conf=0.2895, cca_ratio=1.9293, cca_scores=[0.1785724978043506, 0.15934926921989542, 0.09069000319583612, 0.34451233365746786], cca_probs=[0.2452584836500416, 0.2405888502690665, 0.2246245170523163, 0.28952814902857554]"
2026 05 21 20:53:53.219513,SSVEP_UPDATE,"fbcca_quad=3, fbcca_conf=0.2583, fbcca_ratio=1.6026, fbcca_consec=4, fbcca_scores=[0.061563184879585224, 0.0673809013865442, 0.06349660381140157, 0.10798535423942396], fbcca_probs=[0.2465917014511245, 0.24803048321729054, 0.24706892770561623, 0.25830888762596876], cca_quad=3, cca_conf=0.2590, cca_ratio=1.0442, cca_scores=[0.19882799355265623, 0.14799439683626395, 0.13239882072415723, 0.20761210013376938], cca_probs=[0.25674014763221337, 0.24401528773115697, 0.2402392500149392, 0.25900531462169046]"
2026 05 21 20:53:54.240904,SSVEP_UPDATE,"fbcca_quad=3, fbcca_conf=0.2525, fbcca_ratio=1.1461, fbcca_consec=5, fbcca_scores=[0.045788441864319844, 0.04318306078138942, 0.02882601237591821, 0.0524768264892223], fbcca_probs=[0.25079694275226594, 0.2501443716093562, 0.2465786943063015, 0.2524799913320763], cca_quad=3, cca_conf=0.2546, cca_ratio=1.0427, cca_scores=[0.13379424479462582, 0.12240616900285169, 0.08881279661632051, 0.1395095232151805], cca_probs=[0.2531374243363153, 0.25027102850680943, 0.24200322978235786, 0.25458831737451737]"
2026 05 21 20:53:55.250015,SSVEP_UPDATE,"fbcca_quad=3, fbcca_conf=0.2587, fbcca_ratio=1.2558, fbcca_consec=6, fbcca_scores=[0.08428277568283235, 0.05929030327435597, 0.035167270359462335, 0.10583950999173217], fbcca_probs=[0.25321717695705437, 0.2469670816423607, 0.24108076989350039, 0.25873497150708463], cca_quad=3, cca_conf=0.2606, cca_ratio=1.1993, cca_scores=[0.1666004745036947, 0.13862734901744125, 0.12722954808631828, 0.1998110651450678], cca_probs=[0.2520430131288514, 0.24509028049363518, 0.24231264977746828, 0.260554056600045]"
2026 05 21 20:53:56.281518,SSVEP_UPDATE,"fbcca_quad=3, fbcca_conf=0.2642, fbcca_ratio=1.3627, fbcca_consec=7, fbcca_scores=[0.09606556617873963, 0.03686809587813763, 0.035229198649331744, 0.1309079648833089], fbcca_probs=[0.25517010749437585, 0.24050309071441392, 0.24010925368288594, 0.2642175481083243], cca_quad=3, cca_conf=0.2709, cca_ratio=1.4163, cca_scores=[0.16644651528880702, 0.10220579714526175, 0.11242988202924077, 0.23573086250273484], cca_probs=[0.25272076062425164, 0.23699628077906815, 0.23943178003090437, 0.27085117856577584]"
2026 05 21 20:53:57.297307,SSVEP_UPDATE,"fbcca_quad=3, fbcca_conf=0.2567, fbcca_ratio=1.0146, fbcca_consec=8, fbcca_scores=[0.08565376480678473, 0.02748235982044997, 0.039813476613106226, 0.08690180228435856], fbcca_probs=[0.256414757643714, 0.241924301986803, 0.24492596771982625, 0.25673497264965667], cca_quad=3, cca_conf=0.2657, cca_ratio=1.3860, cca_scores=[0.14334094517192672, 0.10648252319969387, 0.09972468697030609, 0.19867546041572148], cca_probs=[0.25138083907890385, 0.2422840151692908, 0.24065221938821613, 0.2656829263635893]"
2026 05 21 20:53:58.309530,SSVEP_UPDATE,"fbcca_quad=3, fbcca_conf=0.2745, fbcca_ratio=2.5688, fbcca_consec=9, fbcca_scores=[0.07009084246591889, 0.05559076026808545, 0.03407205402768982, 0.18004825864043655], fbcca_probs=[0.24591430332413602, 0.24237425324598516, 0.23721438880053203, 0.2744970546293468], cca_quad=3, cca_conf=0.2769, cca_ratio=1.7859, cca_scores=[0.14968162860860423, 0.12613327820283995, 0.11009540176467779, 0.2673223229710456], cca_probs=[0.24613847523031018, 0.24041003256599927, 0.23658511989220943, 0.27686637231148115]"
2026 05 21 20:53:59.336625,SSVEP_UPDATE,"fbcca_quad=3, fbcca_conf=0.2731, fbcca_ratio=1.4781, fbcca_consec=10, fbcca_scores=[0.041578074580373, 0.13514785930998577, 0.061001342646969936, 0.19976843998217367], fbcca_probs=[0.23314971503416126, 0.2560187248476214, 0.2377225099987033, 0.27310905011951403], cca_quad=3, cca_conf=0.2693, cca_ratio=1.3063, cca_scores=[0.09721184964347664, 0.18340820817112324, 0.13499966554792456, 0.2395822924586582], cca_probs=[0.23356110046614442, 0.2545863506272023, 0.24255573790921825, 0.269296810997435]"
2026 05 21 20:54:00.359289,SSVEP_UPDATE,"fbcca_quad=3, fbcca_conf=0.2755, fbcca_ratio=2.4130, fbcca_consec=11, fbcca_scores=[0.051896645267825885, 0.07452545076616059, 0.08368643102073015, 0.20193321720034113], fbcca_probs=[0.2371318059305877, 0.24255898919544952, 0.24479127666498224, 0.2755179282089805], cca_quad=3, cca_conf=0.2752, cca_ratio=1.6779, cca_scores=[0.11249384581495205, 0.16135124516396898, 0.1476813529150965, 0.27073106553061727], cca_probs=[0.23488908244403695, 0.246650119573836, 0.24330137962021933, 0.27515941836190777]"
2026 05 21 20:54:01.372143,SSVEP_UPDATE,"fbcca_quad=2, fbcca_conf=0.2646, fbcca_ratio=1.2356, fbcca_consec=1, fbcca_scores=[0.019866522587059718, 0.028441135830016277, 0.12786285824807425, 0.10348381871703158], fbcca_probs=[0.23753714585242824, 0.23958269236099253, 0.26462675209853326, 0.25825340968804594], cca_quad=3, cca_conf=0.2632, cca_ratio=1.1460, cca_scores=[0.09873228902921992, 0.10339393244310821, 0.1687873280597565, 0.19343046206264813], cca_probs=[0.23943110764778763, 0.24054985567005766, 0.256805955760889, 0.2632130809212657]"
2026 05 21 20:54:02.394501,SSVEP_UPDATE,"fbcca_quad=2, fbcca_conf=0.2627, fbcca_ratio=1.6029, fbcca_consec=2, fbcca_scores=[0.03776063820938898, 0.04430975172004766, 0.1188310988020129, 0.07413359936833329], fbcca_probs=[0.24224451393807672, 0.24383620715788631, 0.2627014102123571, 0.25121786869167995], cca_quad=2, cca_conf=0.2563, cca_ratio=1.0312, cca_scores=[0.11838205019130696, 0.10661342788792265, 0.16064689682141128, 0.15578381996580332], cca_probs=[0.24572553684837606, 0.24285063580834676, 0.25633368579079474, 0.2550901415524824]"
2026 05 21 20:54:03.411797,SSVEP_UPDATE,"fbcca_quad=2, fbcca_conf=0.2754, fbcca_ratio=3.2963, fbcca_consec=3, fbcca_scores=[0.017811209515917092, 0.03688166578307302, 0.16662258588456774, 0.05054790107982411], fbcca_probs=[0.23736134108051055, 0.24193136790109396, 0.275446936572819, 0.24526035444557656], cca_quad=2, cca_conf=0.2627, cca_ratio=1.2853, cca_scores=[0.07603285081758589, 0.12877207831624443, 0.18243245849347775, 0.14194002707845874], cca_probs=[0.2361526833705554, 0.24894146456696406, 0.2626646614128096, 0.25224119064967093]"
2026 05 21 20:54:04.437466,SSVEP_UPDATE,"fbcca_quad=2, fbcca_conf=0.2648, fbcca_ratio=1.1193, fbcca_consec=4, fbcca_scores=[0.050377613649336316, 0.09237165290696829, 0.17943975455912176, 0.16031847882259953], fbcca_probs=[0.23272802301907278, 0.2427093235251119, 0.2647888271128025, 0.2597738263430127], cca_quad=3, cca_conf=0.2623, cca_ratio=1.1237, cca_scores=[0.13048917752793293, 0.1564541210605148, 0.2035147586290847, 0.22869855969883707], cca_probs=[0.2377976075022148, 0.24405286624721767, 0.2558126918820361, 0.2623368343685315]"
2026 05 21 20:54:05.463167,SSVEP_UPDATE,"fbcca_quad=2, fbcca_conf=0.2564, fbcca_ratio=1.0935, fbcca_consec=5, fbcca_scores=[0.10640817462787192, 0.04718381003057273, 0.12308016040660424, 0.11255301362256451], fbcca_probs=[0.25217686769809583, 0.2376755082514553, 0.2564163993563387, 0.2537312246941102], cca_quad=3, cca_conf=0.2612, cca_ratio=1.1381, cca_scores=[0.18136012417711936, 0.1325444453447323, 0.20390523053303225, 0.23206574897488838], cca_probs=[0.24831327113996446, 0.2364827958013039, 0.25397510374129917, 0.2612288293174326]"
2026 05 21 20:54:06.481295,SSVEP_UPDATE,"fbcca_quad=3, fbcca_conf=0.2634, fbcca_ratio=1.7378, fbcca_consec=1, fbcca_scores=[0.07133060706282265, 0.02426792067472665, 0.07281001143618931, 0.126526169548183], fbcca_probs=[0.24923638054292688, 0.23777838376180446, 0.24960537481287298, 0.26337986088239573], cca_quad=3, cca_conf=0.2724, cca_ratio=1.4306, cca_scores=[0.13888941083995127, 0.08652980126795504, 0.174730296652665, 0.2499611194947698], cca_probs=[0.2437268671035093, 0.2312937601593089, 0.252620682997093, 0.27235868974008876]"
2026 05 21 20:54:07.512716,SSVEP_UPDATE,"fbcca_quad=0, fbcca_conf=0.2575, fbcca_ratio=1.0344, fbcca_consec=1, fbcca_scores=[0.10782477250201031, 0.02895132724995145, 0.070726543991819, 0.10423620098320235], fbcca_probs=[0.2574561745804687, 0.23792989335966455, 0.24808000161560897, 0.2565339304442579], cca_quad=3, cca_conf=0.2652, cca_ratio=1.2799, cca_scores=[0.17430175592907593, 0.11342125170077315, 0.14171768823655215, 0.22309563533890694], cca_probs=[0.2525966528129536, 0.23767720097974765, 0.24449867537171327, 0.26522747083558545]"
2026 05 21 20:54:08.527024,SSVEP_UPDATE,"fbcca_quad=3, fbcca_conf=0.2806, fbcca_ratio=1.8921, fbcca_consec=1, fbcca_scores=[0.15434515647074648, 0.13546142327887067, 0.11443575864469174, 0.2920320934725196], fbcca_probs=[0.24451156157301565, 0.23993759320164282, 0.2349454117107805, 0.28060543351456096], cca_quad=3, cca_conf=0.2740, cca_ratio=1.3142, cca_scores=[0.23939765463907212, 0.17478760002505017, 0.15556089346388957, 0.3146048729182319], cca_probs=[0.2541217385730766, 0.2382220884485949, 0.2336856127487918, 0.27397056022953664]"
2026 05 21 20:54:09.541886,SSVEP_UPDATE,"fbcca_quad=3, fbcca_conf=0.2942, fbcca_ratio=1.6622, fbcca_consec=2, fbcca_scores=[0.022294237088505076, 0.1872432236812489, 0.04494730753542963, 0.31123278231311274], fbcca_probs=[0.220397612181215, 0.2599221673333574, 0.22544727405011425, 0.29423294643531334], cca_quad=3, cca_conf=0.2799, cca_ratio=1.3996, cca_scores=[0.10615155153634613, 0.21269875849859504, 0.10974681962034681, 0.2976957829263071], cca_probs=[0.23109896028307475, 0.25708151799450696, 0.23193131837788772, 0.2798882033445305]"
2026 05 21 20:54:10.557278,SSVEP_UPDATE,"fbcca_quad=3, fbcca_conf=0.2950, fbcca_ratio=1.3632, fbcca_consec=3, fbcca_scores=[0.05792978451707084, 0.2595271610479978, 0.047153778308160234, 0.35377831992395287], fbcca_probs=[0.21944725140735924, 0.26846197066794175, 0.21709518218055965, 0.29499559574413925], cca_quad=3, cca_conf=0.2746, cca_ratio=1.3125, cca_scores=[0.16430235676852456, 0.23145263838512467, 0.13113571972643198, 0.30378472525916206], cca_probs=[0.2388623236362926, 0.25545278954424283, 0.23107000052140156, 0.2746148862980631]"
2026 05 21 20:54:10.557278,PHASE_TIMEOUT,
2026 05 21 20:54:13.566186,PHASE_SSVEP,
2026 05 21 20:54:13.598774,SSVEP_UPDATE,"fbcca_quad=2, fbcca_conf=0.2736, fbcca_ratio=1.9792, fbcca_consec=1, fbcca_scores=[0.10001429360677654, 0.06454414750318652, 0.1979446138956959, 0.0623245624971016], fbcca_probs=[0.24807437426289367, 0.23942936617380042, 0.2735977378755142, 0.2388985216877918], cca_quad=0, cca_conf=0.2599, cca_ratio=1.2069, cca_scores=[0.213445726882992, 0.1633877541997227, 0.1768514966691028, 0.1431395173612665], cca_probs=[0.2599191731196728, 0.24722843255225763, 0.25057956124399544, 0.24227283308407416]"
2026 05 21 20:54:14.614104,SSVEP_UPDATE,"fbcca_quad=2, fbcca_conf=0.2608, fbcca_ratio=1.4414, fbcca_consec=2, fbcca_scores=[0.09300136662460147, 0.1116381987676149, 0.16091551953589867, 0.10789320979529694], fbcca_probs=[0.243659475723958, 0.24824309588396926, 0.2607822615381384, 0.24731516685393437], cca_quad=0, cca_conf=0.2549, cca_ratio=1.1446, cca_scores=[0.18462922306644897, 0.15644710413674584, 0.1613107207560262, 0.15788065765075782], cca_probs=[0.25492199730774173, 0.24783804451407074, 0.24904636977979452, 0.24819358839839298]"
2026 05 21 20:54:15.640984,SSVEP_UPDATE,"fbcca_quad=3, fbcca_conf=0.2588, fbcca_ratio=1.1827, fbcca_consec=1, fbcca_scores=[0.08141978773963089, 0.09472760366641152, 0.12363655117332069, 0.1462219903071314], fbcca_probs=[0.24251447029434425, 0.2457633782110882, 0.2529718311872059, 0.25875032030736167], cca_quad=3, cca_conf=0.2588, cca_ratio=1.2150, cca_scores=[0.18268918942256637, 0.1627151306078934, 0.18348378057162879, 0.22294076653826864], cca_probs=[0.2486268550515588, 0.2437100355151652, 0.24882449025919684, 0.25883861917407924]"
2026 05 21 20:54:16.653089,SSVEP_UPDATE,"fbcca_quad=0, fbcca_conf=0.2587, fbcca_ratio=1.0055, fbcca_consec=1, fbcca_scores=[0.14747441661041008, 0.034555288813779214, 0.12087305060972851, 0.14666184521005843], fbcca_probs=[0.25865458322761853, 0.2310361954024564, 0.25186472809110544, 0.2584444932788195], cca_quad=0, cca_conf=0.2767, cca_ratio=1.2420, cca_scores=[0.30446098476987604, 0.09850941403815844, 0.1504374594015976, 0.2451472984137423], cca_probs=[0.276737288201823, 0.22522886598453756, 0.23723355327365, 0.2608002925399895]"
2026 05 21 20:54:17.678736,SSVEP_UPDATE,"fbcca_quad=3, fbcca_conf=0.2718, fbcca_ratio=1.1662, fbcca_consec=1, fbcca_scores=[0.19151218779389848, 0.041695493838560554, 0.0910680527925043, 0.22333871147538698], fbcca_probs=[0.26332144474894964, 0.22668441667480743, 0.23815729869550611, 0.2718368398807368], cca_quad=0, cca_conf=0.2827, cca_ratio=1.1466, cca_scores=[0.3513689413809133, 0.09262669089597036, 0.14002359341144696, 0.3064409187614408], cca_probs=[0.2826789005553309, 0.21823432612045682, 0.22882700433578929, 0.2702597689884229]"
2026 05 21 20:54:18.717481,SSVEP_UPDATE,"fbcca_quad=0, fbcca_conf=0.2715, fbcca_ratio=1.3464, fbcca_consec=1, fbcca_scores=[0.2057097876656782, 0.05515253703360849, 0.07098428582989884, 0.15277959087192025], fbcca_probs=[0.27154502940184017, 0.23359076788668423, 0.23731834743882993, 0.2575458552726457], cca_quad=0, cca_conf=0.2863, cca_ratio=1.4488, cca_scores=[0.3539938108904789, 0.11455934870158083, 0.14210639710683262, 0.24433750453623537], cca_probs=[0.28634664412296923, 0.22537567061897743, 0.23167040778854187, 0.2566072774695115]"
2026 05 21 20:54:19.740698,SSVEP_UPDATE,"fbcca_quad=0, fbcca_conf=0.2789, fbcca_ratio=2.0408, fbcca_consec=2, fbcca_scores=[0.19899232608176867, 0.007683673102774477, 0.09750533519295554, 0.04430332974601748], fbcca_probs=[0.2788581875442834, 0.23030274160462763, 0.25194640172917726, 0.23889266912191173], cca_quad=0, cca_conf=0.2939, cca_ratio=1.9246, cca_scores=[0.3443861268570554, 0.05278136276900753, 0.17893746919584014, 0.13111153927702177], cca_probs=[0.29390056021931615, 0.21956245289620624, 0.24908465582540706, 0.23745233105907051]"
2026 05 21 20:54:20.758050,SSVEP_UPDATE,"fbcca_quad=0, fbcca_conf=0.2643, fbcca_ratio=1.4437, fbcca_consec=3, fbcca_scores=[0.13985399080498867, 0.0483543092391834, 0.048724322433660365, 0.09687458626080826], fbcca_probs=[0.2643130781967041, 0.24120196732231572, 0.2412912317462477, 0.2531937227347324], cca_quad=0, cca_conf=0.2727, cca_ratio=1.3666, cca_scores=[0.2778438825975427, 0.11570498314792892, 0.15972963866840734, 0.20330841977886407], cca_probs=[0.27269562701931666, 0.2318793873589461, 0.24231584260201, 0.25310914301972737]"
2026 05 21 20:54:21.775316,SSVEP_UPDATE,"fbcca_quad=3, fbcca_conf=0.2624, fbcca_ratio=1.5621, fbcca_consec=1, fbcca_scores=[0.09800031705840762, 0.09770537031489385, 0.06733515104530255, 0.1530870761486683], fbcca_probs=[0.24837700401941415, 0.2483037568334554, 0.2408760783070159, 0.26244316084011454], cca_quad=3, cca_conf=0.2597, cca_ratio=1.0245, cca_scores=[0.2069783882213697, 0.14253999102049944, 0.13122414140447872, 0.21205575327156068], cca_probs=[0.25841608536575533, 0.2422893377783038, 0.23956308210902966, 0.2597314947469112]"
2026 05 21 20:54:22.806328,SSVEP_UPDATE,"fbcca_quad=3, fbcca_conf=0.2863, fbcca_ratio=2.0952, fbcca_consec=2, fbcca_scores=[0.07523355524800304, 0.12495618025022774, 0.027743278524865543, 0.26181250167482434], fbcca_probs=[0.2375455438995739, 0.2496555065742163, 0.22652812109355006, 0.28627082843265966], cca_quad=3, cca_conf=0.2813, cca_ratio=1.8094, cca_scores=[0.15272390722087179, 0.16356085874698464, 0.08803069262476709, 0.29594009954838213], cca_probs=[0.24376984450589995, 0.2464259324483895, 0.22849887920824782, 0.2813053438374627]"
2026 05 21 20:54:23.819142,SSVEP_UPDATE,"fbcca_quad=3, fbcca_conf=0.2649, fbcca_ratio=1.6094, fbcca_consec=3, fbcca_scores=[0.05612852864677339, 0.09255776316784059, 0.06432022593613974, 0.1489597740449402], fbcca_probs=[0.24139413023887932, 0.2503500722548553, 0.24337967928643944, 0.26487611821982604], cca_quad=3, cca_conf=0.2669, cca_ratio=1.5060, cca_scores=[0.1309528803684385, 0.14669214890099755, 0.12030851701300585, 0.22091376975623456], cca_probs=[0.24393769924645917, 0.24780747402612677, 0.24135490820906608, 0.266899918518348]"
2026 05 21 20:54:24.843897,SSVEP_UPDATE,"fbcca_quad=2, fbcca_conf=0.2586, fbcca_ratio=1.6855, fbcca_consec=1, fbcca_scores=[0.06166690186369314, 0.05315080905682505, 0.1039414889143927, 0.06135106745124657], fbcca_probs=[0.24786924377365732, 0.24576732904339818, 0.2585724566849103, 0.24779097049803414], cca_quad=2, cca_conf=0.2534, cca_ratio=1.0691, cca_scores=[0.14306827092459487, 0.13098189780349206, 0.15885727788911624, 0.14858332620473433], cca_probs=[0.24941195041736577, 0.24641560845273539, 0.2533811699995608, 0.25079127113033806]"
2026 05 21 20:54:25.851255,SSVEP_UPDATE,"fbcca_quad=2, fbcca_conf=0.2545, fbcca_ratio=1.2112, fbcca_consec=2, fbcca_scores=[0.051720608008395896, 0.03188190226624362, 0.06264221417228526, 0.03215266488674312], fbcca_probs=[0.251764838949878, 0.24681936846038388, 0.25452958562208344, 0.24688620696765462], cca_quad=1, cca_conf=0.2531, cca_ratio=1.1229, cca_scores=[0.11784229005512512, 0.13232031507051026, 0.11586254802668675, 0.11308623402091943], cca_probs=[0.2495096641250089, 0.2531483482038847, 0.2490161879953327, 0.2483257996757737]"
2026 05 21 20:54:26.875407,SSVEP_UPDATE,"fbcca_quad=1, fbcca_conf=0.2537, fbcca_ratio=1.1685, fbcca_consec=1, fbcca_scores=[0.0540846407084717, 0.06319757635384587, 0.04374255185658328, 0.03325622019703293], fbcca_probs=[0.25136663108031854, 0.2536677882362252, 0.24878037176101525, 0.24618520892244106], cca_quad=1, cca_conf=0.2617, cca_ratio=1.3606, cca_scores=[0.12906157888955183, 0.17560228372167086, 0.10382042962350445, 0.10870791567250747], cca_probs=[0.2498396315794404, 0.26174217207214945, 0.2436123150819939, 0.2448058812664162]"
2026 05 21 20:54:27.884256,SSVEP_UPDATE,"fbcca_quad=3, fbcca_conf=0.2539, fbcca_ratio=1.0164, fbcca_consec=1, fbcca_scores=[0.08980740345092937, 0.03970941711548113, 0.08099596361890386, 0.09128418150153883], fbcca_probs=[0.25355989485678915, 0.2411700003387186, 0.2513354816332918, 0.2539346231712004], cca_quad=3, cca_conf=0.2614, cca_ratio=1.1826, cca_scores=[0.1531304891965707, 0.1119277578738485, 0.09755631392179225, 0.1810876677961351], cca_probs=[0.25419885246123836, 0.24393800450402053, 0.2404573341812119, 0.2614058088535292]"
2026 05 21 20:54:28.908361,SSVEP_UPDATE,"fbcca_quad=3, fbcca_conf=0.2674, fbcca_ratio=2.2326, fbcca_consec=2, fbcca_scores=[0.06757445523298229, 0.06364222862294859, 0.04886862108431323, 0.15086421628810975], fbcca_probs=[0.24603876237526248, 0.2450731818915696, 0.24147918043606026, 0.2674088752971076], cca_quad=3, cca_conf=0.2720, cca_ratio=1.5617, cca_scores=[0.16311342156119074, 0.16977737742567298, 0.12000782835059043, 0.2651439896620264], cca_probs=[0.24558476783561425, 0.2472267990244976, 0.23522360700942008, 0.2719648261304681]"
2026 05 21 20:54:29.937969,SSVEP_UPDATE,"fbcca_quad=3, fbcca_conf=0.2657, fbcca_ratio=1.8051, fbcca_consec=3, fbcca_scores=[0.02864833268119021, 0.07693894878978581, 0.06355127586521454, 0.13887910104181936], fbcca_probs=[0.23800850625997494, 0.2497841212277992, 0.24646237793025036, 0.2657449945819756], cca_quad=3, cca_conf=0.2685, cca_ratio=1.3441, cca_scores=[0.11340616633875342, 0.16693924697183124, 0.10231658065768924, 0.2243749731756682], cca_probs=[0.24030815462052477, 0.2535231544634223, 0.23765795869717876, 0.26851073221887417]"
2026 05 21 20:54:30.953897,SSVEP_UPDATE,"fbcca_quad=3, fbcca_conf=0.2583, fbcca_ratio=1.2125, fbcca_consec=4, fbcca_scores=[0.009749195983052263, 0.08456109904086336, 0.07946862211965915, 0.10253409884603895], fbcca_probs=[0.2354539809990771, 0.2537443813502889, 0.2524554785836333, 0.2583461590670007], cca_quad=1, cca_conf=0.2671, cca_ratio=1.0959, cca_scores=[0.06865379959620208, 0.2261743622204568, 0.13040158286916784, 0.20638201279048687], cca_probs=[0.22820825425371705, 0.26714168431959634, 0.24274375752453303, 0.2619063039021535]"
2026 05 21 20:54:31.971485,SSVEP_UPDATE,"fbcca_quad=3, fbcca_conf=0.2602, fbcca_ratio=1.3280, fbcca_consec=5, fbcca_scores=[0.010698805073792304, 0.04703602311467831, 0.0735402056770884, 0.09766281253873088], fbcca_probs=[0.23850860526431084, 0.2473347317579518, 0.2539777820766844, 0.2601788809010529], cca_quad=3, cca_conf=0.2658, cca_ratio=1.2669, cca_scores=[0.066788591694153, 0.16406000230874127, 0.14279148198854782, 0.20785478862166154], cca_probs=[0.23080690370558687, 0.25438601484731627, 0.24903273073231796, 0.2657743507147789]"
2026 05 21 20:54:32.994209,SSVEP_UPDATE,"fbcca_quad=3, fbcca_conf=0.2567, fbcca_ratio=1.4142, fbcca_consec=6, fbcca_scores=[0.014811915008318138, 0.04240457966185298, 0.050685505630759756, 0.07167842502130051], fbcca_probs=[0.24254088669009946, 0.2493264210165679, 0.25139964691881517, 0.25673304537451747], cca_quad=3, cca_conf=0.2579, cca_ratio=1.0279, cca_scores=[0.07238300224671894, 0.15572741975077847, 0.12593304342162898, 0.16007166023345087], cca_probs=[0.23620703981743243, 0.25673723380654956, 0.24920073814584245, 0.25785498823017555]"
2026 05 21 20:54:34.012099,SSVEP_UPDATE,"fbcca_quad=0, fbcca_conf=0.2665, fbcca_ratio=2.1972, fbcca_consec=1, fbcca_scores=[0.12128326072156409, 0.02505893847872723, 0.024573845435039585, 0.055198014791413966], fbcca_probs=[0.2665152090625247, 0.24206517047550644, 0.24194777482139937, 0.2494718456405695], cca_quad=0, cca_conf=0.2628, cca_ratio=1.2039, cca_scores=[0.17901503996737986, 0.11174635238499452, 0.07417729574308872, 0.14869898402419102], cca_probs=[0.26277386843217376, 0.24567884107167692, 0.2366201475153531, 0.2549271429807962]"
2026 05 21 20:54:35.039437,SSVEP_UPDATE,"fbcca_quad=3, fbcca_conf=0.2620, fbcca_ratio=1.6315, fbcca_consec=1, fbcca_scores=[0.07608143838881597, 0.04575165880545067, 0.06167033489586783, 0.12412603170688205], fbcca_probs=[0.24968569346478997, 0.24222647149595106, 0.24611325034615267, 0.26197458469310625], cca_quad=3, cca_conf=0.2683, cca_ratio=1.4487, cca_scores=[0.15579294913353897, 0.1154108811385431, 0.11925411183541827, 0.22570228759840588], cca_probs=[0.25019051869601816, 0.24028858402124745, 0.2412138453409451, 0.26830705194178933]"
2026 05 21 20:54:36.055415,SSVEP_UPDATE,"fbcca_quad=3, fbcca_conf=0.2854, fbcca_ratio=1.7085, fbcca_consec=2, fbcca_scores=[0.12968376326160422, 0.1814309926803279, 0.07370878907927449, 0.30997335657081687], fbcca_probs=[0.23830878362836538, 0.25096524725242536, 0.22533592049215442, 0.28539004862705486], cca_quad=3, cca_conf=0.2722, cca_ratio=1.4304, cca_scores=[0.20177804442867395, 0.1801200512817912, 0.1371730843955851, 0.28861803676074804], cca_probs=[0.24957978784054866, 0.2442325052295624, 0.23396550617430675, 0.2722222007555821]"
2026 05 21 20:54:37.081455,SSVEP_UPDATE,"fbcca_quad=3, fbcca_conf=0.2879, fbcca_ratio=2.1471, fbcca_consec=3, fbcca_scores=[0.07140517028874306, 0.1341858147684731, 0.07883110338982201, 0.2881152186135949], fbcca_probs=[0.23179103230680798, 0.246809525529719, 0.2335187038535228, 0.28788073830995026], cca_quad=3, cca_conf=0.2824, cca_ratio=1.8799, cca_scores=[0.16995280191855439, 0.1819410196146226, 0.17615959327179598, 0.34202291011727115], cca_probs=[0.23775289883538323, 0.24062028543083439, 0.23923317058884808, 0.28239364514493437]"
2026 05 21 20:54:38.101117,SSVEP_UPDATE,"fbcca_quad=3, fbcca_conf=0.2664, fbcca_ratio=1.3412, fbcca_consec=4, fbcca_scores=[0.03309801656130464, 0.041736763273736974, 0.1105174660037075, 0.14822199457707333], fbcca_probs=[0.23746291412061088, 0.23952318234418382, 0.25657753757043655, 0.2664363659647687], cca_quad=3, cca_conf=0.2725, cca_ratio=1.3167, cca_scores=[0.11859937286813997, 0.11854186911701668, 0.1997072259271723, 0.26295365169793267], cca_probs=[0.23586442753832979, 0.23585086483894654, 0.2557921072315161, 0.2724926003912076]"
2026 05 21 20:54:39.120508,SSVEP_UPDATE,"fbcca_quad=3, fbcca_conf=0.2639, fbcca_ratio=2.0690, fbcca_consec=5, fbcca_scores=[0.060776415064165625, 0.04529518701159452, 0.052536709651230765, 0.1257485664007957], fbcca_probs=[0.24730674032557273, 0.2435076117449265, 0.24527737779494085, 0.2639082701345598], cca_quad=3, cca_conf=0.2691, cca_ratio=1.6188, cca_scores=[0.13902009353082304, 0.12185135213071713, 0.11612364625080206, 0.22504487680590157], cca_probs=[0.2469029221853981, 0.24270009165573253, 0.24131395040793582, 0.26908303575093345]"
2026 05 21 20:54:40.146913,SSVEP_UPDATE,"fbcca_quad=3, fbcca_conf=0.2767, fbcca_ratio=1.4154, fbcca_consec=6, fbcca_scores=[0.05687171483846273, 0.16675393930832472, 0.0671076183718353, 0.23601623611323097], fbcca_probs=[0.2313407125506601, 0.25821015159624344, 0.2337208544377223, 0.2767282814153741], cca_quad=3, cca_conf=0.2712, cca_ratio=1.3483, cca_scores=[0.13738872542132152, 0.1865252796644815, 0.09909380156342043, 0.25149205387383045], cca_probs=[0.2419163199174693, 0.25410013843654994, 0.23282729534649077, 0.2711562462994901]"
2026 05 21 20:54:41.170353,SSVEP_UPDATE,"fbcca_quad=3, fbcca_conf=0.2859, fbcca_ratio=1.5827, fbcca_consec=7, fbcca_scores=[0.08302159271295231, 0.19105640168935803, 0.07958726614222542, 0.302378399013772], fbcca_probs=[0.22957191038258562, 0.2557629718580889, 0.22878483777664832, 0.2858802799826772], cca_quad=3, cca_conf=0.2782, cca_ratio=1.5486, cca_scores=[0.16295479298874455, 0.19373132148594516, 0.10616054497035038, 0.30001819588118683], cca_probs=[0.2425451135888183, 0.25012586645606305, 0.2291538198522024, 0.2781752001029163]"
2026 05 21 20:54:42.184065,SSVEP_UPDATE,"fbcca_quad=3, fbcca_conf=0.2643, fbcca_ratio=1.2949, fbcca_consec=8, fbcca_scores=[0.06219833554526424, 0.08172230415861063, 0.12794688398508605, 0.1656784118693864], fbcca_probs=[0.2382825935305692, 0.24298052733280417, 0.25447583625324605, 0.2642610428833806], cca_quad=3, cca_conf=0.2691, cca_ratio=1.5890, cca_scores=[0.11926340047082092, 0.14814356162309816, 0.13962947590212874, 0.23540237005528014], cca_probs=[0.23963414224853105, 0.24665571899821567, 0.2445645857391207, 0.2691455530141325]"
2026 05 21 20:54:43.214373,SSVEP_UPDATE,"fbcca_quad=3, fbcca_conf=0.2576, fbcca_ratio=1.0465, fbcca_consec=9, fbcca_scores=[0.005469092980578872, 0.02836108034783654, 0.07248768542775402, 0.07586197976511402], fbcca_probs=[0.24007292355365542, 0.24563205692566528, 0.25671366447895616, 0.2575813550417231], cca_quad=3, cca_conf=0.2650, cca_ratio=1.3843, cca_scores=[0.04448766451105051, 0.07915470427942121, 0.11435505297222681, 0.1583067089533714], cca_probs=[0.2365078063343867, 0.24485060643633802, 0.25362292166801204, 0.2650186655612632]"
2026 05 21 20:54:44.225311,SSVEP_UPDATE,"fbcca_quad=3, fbcca_conf=0.2574, fbcca_ratio=1.2077, fbcca_consec=10, fbcca_scores=[0.05263193112032536, 0.01966305215141968, 0.07232811710393422, 0.08735352451243664], fbcca_probs=[0.24858359972956703, 0.24052170318673186, 0.2535282844045352, 0.257366412679166], cca_quad=3, cca_conf=0.2651, cca_ratio=1.3586, cca_scores=[0.14902053308823018, 0.07980169978446228, 0.14057409906860913, 0.202465889139572], cca_probs=[0.251280844887785, 0.23447579999769502, 0.24916735609792484, 0.26507599901659507]"
2026 05 21 20:54:44.225311,PHASE_TIMEOUT,
2026 05 21 20:54:47.232452,PHASE_SSVEP,
2026 05 21 20:54:47.265550,SSVEP_UPDATE,"fbcca_quad=1, fbcca_conf=0.2531, fbcca_ratio=1.0220, fbcca_consec=1, fbcca_scores=[0.02858975930461801, 0.05728561395663651, 0.0560521702211282, 0.03689539380225733], fbcca_probs=[0.24598462398764573, 0.25314561702409205, 0.25283356863522966, 0.2480361903530325], cca_quad=1, cca_conf=0.2561, cca_ratio=1.0370, cca_scores=[0.09297591757221907, 0.13764639265917647, 0.13273395637714766, 0.09055169224625356], cca_probs=[0.24486872061736506, 0.2560551133433963, 0.25480034342638663, 0.24427582261285205]"
2026 05 21 20:54:48.285293,SSVEP_UPDATE,"fbcca_quad=2, fbcca_conf=0.2556, fbcca_ratio=1.5022, fbcca_consec=1, fbcca_scores=[0.04851994821169727, 0.04083815003011515, 0.07288649585682358, 0.04060983452986037], fbcca_probs=[0.24943039088947472, 0.24752165760443812, 0.2555828004818194, 0.24746515102426775], cca_quad=2, cca_conf=0.2576, cca_ratio=1.2647, cca_scores=[0.11979537054520804, 0.10902744161694151, 0.15150861090750303, 0.10595057982042111], cca_probs=[0.24951582024450547, 0.24684346531083254, 0.2575555851161898, 0.24608512932847224]"
2026 05 21 20:54:49.298978,SSVEP_UPDATE,"fbcca_quad=0, fbcca_conf=0.2592, fbcca_ratio=2.5862, fbcca_consec=1, fbcca_scores=[0.07789356648029842, 0.029843573296568112, 0.0301193997650981, 0.028490385413630005], fbcca_probs=[0.2591860389028976, 0.247026620861189, 0.24709476673944047, 0.24669257349647297], cca_quad=0, cca_conf=0.2600, cca_ratio=1.2784, cca_scores=[0.1697840918365207, 0.10090402161098802, 0.13280496172286846, 0.1182295747052923], cca_probs=[0.25995046590793747, 0.2426478042821294, 0.25051328849765114, 0.2468884413122821]"
2026 05 21 20:54:50.326177,SSVEP_UPDATE,"fbcca_quad=3, fbcca_conf=0.2527, fbcca_ratio=1.0150, fbcca_consec=1, fbcca_scores=[0.0776531609528555, 0.07853997738915261, 0.038925904625810664, 0.07971668376706202], fbcca_probs=[0.2522089774068922, 0.252432739676803, 0.24262832919219293, 0.2527299537241119], cca_quad=3, cca_conf=0.2580, cca_ratio=1.1297, cca_scores=[0.1399835926302851, 0.1630675251365102, 0.12289114615819759, 0.18422274878572403], cca_probs=[0.24681378655360378, 0.252577487851186, 0.2426309841156669, 0.25797774147954333]"
2026 05 21 20:54:51.332063,SSVEP_UPDATE,"fbcca_quad=3, fbcca_conf=0.2679, fbcca_ratio=1.3965, fbcca_consec=2, fbcca_scores=[0.043607983150759796, 0.1250828396176555, 0.07341325176879071, 0.17467887051024333], fbcca_probs=[0.2350072194781056, 0.25495602806353707, 0.24211710243419188, 0.26791965002416535], cca_quad=3, cca_conf=0.2640, cca_ratio=1.1567, cca_scores=[0.12824001892028672, 0.18477650645369711, 0.1072667547554633, 0.2137370077599491], cca_probs=[0.24232621630018902, 0.2564211749365642, 0.23729677085604983, 0.263955837907197]"
2026 05 21 20:54:52.353952,SSVEP_UPDATE,"fbcca_quad=3, fbcca_conf=0.2854, fbcca_ratio=2.5715, fbcca_consec=3, fbcca_scores=[0.034167218694809744, 0.08772635634029113, 0.011017259930006917, 0.22558793539747746], fbcca_probs=[0.23567651545315954, 0.2486432915167818, 0.2302832812729792, 0.2853969117570795], cca_quad=3, cca_conf=0.2865, cca_ratio=1.6872, cca_scores=[0.10464292968168398, 0.17516632718325448, 0.04403699696691135, 0.2955469290760724], cca_probs=[0.23670840919917466, 0.25400461603363395, 0.222788548807565, 0.2864984259596265]"
2026 05 21 20:54:53.376618,SSVEP_UPDATE,"fbcca_quad=3, fbcca_conf=0.2839, fbcca_ratio=2.4033, fbcca_consec=4, fbcca_scores=[0.03751418536542861, 0.09550246330607465, 0.03389150714115029, 0.2295224216472208], fbcca_probs=[0.2343145754242017, 0.24830375864205978, 0.23346726480770208, 0.2839144011260364], cca_quad=3, cca_conf=0.2777, cca_ratio=1.6302, cca_scores=[0.12136958804438464, 0.1666691145413365, 0.09829902038084076, 0.27170488409148225], cca_probs=[0.2389053199922252, 0.24997648396049466, 0.23345673132488637, 0.2776614647223938]"
2026 05 21 20:54:54.387336,SSVEP_UPDATE,"fbcca_quad=3, fbcca_conf=0.2673, fbcca_ratio=1.4529, fbcca_consec=5, fbcca_scores=[0.029801841971218344, 0.1120743281477444, 0.07382479396014667, 0.16283680502941655], fbcca_probs=[0.23402499202066387, 0.25409301463600026, 0.24455760028342144, 0.2673243930599144], cca_quad=3, cca_conf=0.2698, cca_ratio=1.2458, cca_scores=[0.11205889416279474, 0.1887731495375614, 0.09310813113692694, 0.23518107346764655], cca_probs=[0.23855054144867538, 0.2575710120621567, 0.23407239285391557, 0.26980605363525223]"
2026 05 21 20:54:55.416616,SSVEP_UPDATE,"fbcca_quad=3, fbcca_conf=0.2600, fbcca_ratio=1.9245, fbcca_consec=6, fbcca_scores=[0.014590955114277222, 0.023025830458662345, 0.04103246358951458, 0.07896783252913041], fbcca_probs=[0.24379784401030186, 0.24586294562729313, 0.2503302089713721, 0.2600090013910329], cca_quad=3, cca_conf=0.2625, cca_ratio=1.7743, cca_scores=[0.06466254797085406, 0.07342659323226451, 0.07737288966643938, 0.13728401112658348], cca_probs=[0.24408595393628746, 0.2462345356655959, 0.24720816999695439, 0.26247134040116227]"
2026 05 21 20:54:56.440487,SSVEP_UPDATE,"fbcca_quad=3, fbcca_conf=0.2667, fbcca_ratio=2.7539, fbcca_consec=7, fbcca_scores=[0.04710225090281993, 0.03719908013310869, 0.04252751537787704, 0.1297162478528911], fbcca_probs=[0.24559742680063218, 0.24317723709791536, 0.24447644956959624, 0.2667488865318562], cca_quad=3, cca_conf=0.2683, cca_ratio=1.6871, cca_scores=[0.12605190110721007, 0.10693986825837236, 0.11901982184898793, 0.2126575443013344], cca_probs=[0.2460309915068719, 0.2413734880643368, 0.24430695097395033, 0.2682885694548409]"
2026 05 21 20:54:57.462263,SSVEP_UPDATE,"fbcca_quad=1, fbcca_conf=0.2521, fbcca_ratio=1.0680, fbcca_consec=1, fbcca_scores=[0.053229277790539285, 0.06508102273333133, 0.047397254906647056, 0.060934932251406115], fbcca_probs=[0.24913781965215193, 0.25210810430628117, 0.2476890708610429, 0.25106500518052405], cca_quad=1, cca_conf=0.2525, cca_ratio=1.0685, cca_scores=[0.15208242726749227, 0.16249346914191523, 0.14382765554082405, 0.15202591824894396], cca_probs=[0.24986331706597847, 0.2524782429550692, 0.24780924204485955, 0.24984919793409274]"
2026 05 21 20:54:58.476544,SSVEP_UPDATE,"fbcca_quad=0, fbcca_conf=0.2537, fbcca_ratio=1.0091, fbcca_consec=1, fbcca_scores=[0.0742504706537021, 0.07358450396750284, 0.025987912460502534, 0.06441271818063354], fbcca_probs=[0.25365077648925644, 0.25348190975823587, 0.24169965663348184, 0.2511676571190259], cca_quad=0, cca_conf=0.2672, cca_ratio=1.2981, cca_scores=[0.1971219933925329, 0.15185640793924382, 0.05527611518955197, 0.11221736984858664], cca_probs=[0.2672297378470845, 0.25540311609206573, 0.2318899374612004, 0.24547720859964944]"
2026 05 21 20:54:59.498038,SSVEP_UPDATE,"fbcca_quad=3, fbcca_conf=0.2531, fbcca_ratio=1.2852, fbcca_consec=1, fbcca_scores=[0.034008894115589286, 0.017899908441010737, 0.02994519384658864, 0.04370768261042019], fbcca_probs=[0.25064474666096814, 0.24663946118450975, 0.24962826826711412, 0.253087523887408], cca_quad=0, cca_conf=0.2559, cca_ratio=1.0619, cca_scores=[0.1172416493780479, 0.08037482181276301, 0.06704106828118853, 0.11040936774538995], cca_probs=[0.25588312868006874, 0.24662130552033726, 0.2433547439765654, 0.2541408218230287]"
2026 05 21 20:55:00.526949,SSVEP_UPDATE,"fbcca_quad=3, fbcca_conf=0.2605, fbcca_ratio=1.6788, fbcca_consec=2, fbcca_scores=[0.058924517270518985, 0.04162224797666776, 0.02997933836074315, 0.09891988840466753], fbcca_probs=[0.25030523272220717, 0.24601163577871196, 0.24316395435618826, 0.26051917714289263], cca_quad=0, cca_conf=0.2605, cca_ratio=1.0543, cca_scores=[0.1839596157130326, 0.13561470675665288, 0.0728599184729138, 0.17448135950451651], cca_probs=[0.2605373585138056, 0.24824132377215727, 0.23314173293159057, 0.2580795847824464]"
2026 05 21 20:55:01.542573,SSVEP_UPDATE,"fbcca_quad=3, fbcca_conf=0.2535, fbcca_ratio=1.0537, fbcca_consec=3, fbcca_scores=[0.07896115888567798, 0.06753344269450538, 0.046948401235427206, 0.0831989288161503], fbcca_probs=[0.2524373889890273, 0.24956902678176762, 0.24448415373553856, 0.2535094304936666], cca_quad=0, cca_conf=0.2567, cca_ratio=1.0334, cca_scores=[0.1896567856338267, 0.1822527773349665, 0.09356169218899495, 0.1835304091273214], cca_probs=[0.2567464417464683, 0.2548525089601125, 0.23322272457353163, 0.25517832471988766]"
2026 05 21 20:55:02.555138,SSVEP_UPDATE,"fbcca_quad=3, fbcca_conf=0.2604, fbcca_ratio=1.0255, fbcca_consec=4, fbcca_scores=[0.07242822193271385, 0.13124733842004851, 0.03337511800683155, 0.13459720743258985], fbcca_probs=[0.24471266635444036, 0.2595381871391863, 0.23534008258933978, 0.26040906391703356], cca_quad=1, cca_conf=0.2676, cca_ratio=1.1735, cca_scores=[0.1554549247550886, 0.2637008183158739, 0.13280744003604922, 0.22471183303692324], cca_probs=[0.24017444738345178, 0.2676316024043414, 0.23479623166139865, 0.2573977185508082]"
2026 05 21 20:55:03.575106,SSVEP_UPDATE,"fbcca_quad=3, fbcca_conf=0.2731, fbcca_ratio=1.4775, fbcca_consec=5, fbcca_scores=[0.043334894876817326, 0.13526374452231646, 0.06020801576348151, 0.1998545948304023], fbcca_probs=[0.2334955484654728, 0.25597809187008624, 0.23746877316653417, 0.2730575864979068], cca_quad=3, cca_conf=0.2695, cca_ratio=1.1205, cca_scores=[0.13706996192992552, 0.2555430306672135, 0.15728536259030673, 0.2863444831561686], cca_probs=[0.23216996575917895, 0.2613715042522735, 0.2369111355008779, 0.2695473944876696]"
2026 05 21 20:55:04.586953,SSVEP_UPDATE,"fbcca_quad=1, fbcca_conf=0.2636, fbcca_ratio=1.0645, fbcca_consec=1, fbcca_scores=[0.011065257160287268, 0.14454333310184325, 0.06845298178650677, 0.13578829681330737], fbcca_probs=[0.23069662021267737, 0.2636392234994368, 0.24432302911968273, 0.2613411271682031], cca_quad=1, cca_conf=0.2722, cca_ratio=1.1910, cca_scores=[0.05799856338044455, 0.25868009212114657, 0.14868755242219914, 0.21719399869002998], cca_probs=[0.22273049490286964, 0.2722291095546398, 0.2438739483267115, 0.2611664472157791]"
2026 05 21 20:55:05.614069,SSVEP_UPDATE,"fbcca_quad=3, fbcca_conf=0.2558, fbcca_ratio=1.0565, fbcca_consec=1, fbcca_scores=[0.03172889971185006, 0.09856269035355751, 0.10292863883188082, 0.1087490859217014], fbcca_probs=[0.2367997557925116, 0.2531668259089767, 0.2542745556131416, 0.25575886268537007], cca_quad=1, cca_conf=0.2621, cca_ratio=1.0931, cca_scores=[0.09192106594576449, 0.2155001590166861, 0.16409939607592378, 0.19713836800603296], cca_probs=[0.23162418241641458, 0.2620919110814543, 0.24896055865860053, 0.25732334784353056]"
2026 05 21 20:55:06.643085,SSVEP_UPDATE,"fbcca_quad=0, fbcca_conf=0.2561, fbcca_ratio=1.0752, fbcca_consec=1, fbcca_scores=[0.08955942395655928, 0.05831979898564941, 0.030194273467306236, 0.08329688374662905], fbcca_probs=[0.2560581488056803, 0.2481826426697346, 0.2412996234126187, 0.2544595851119664], cca_quad=0, cca_conf=0.2562, cca_ratio=1.0138, cca_scores=[0.18452424333455142, 0.16980258420769986, 0.10204242798295607, 0.1820193258442548], cca_probs=[0.25616640080684894, 0.25242282977366154, 0.23588524130873292, 0.2555255281107565]"
2026 05 21 20:55:07.659214,SSVEP_UPDATE,"fbcca_quad=1, fbcca_conf=0.2624, fbcca_ratio=1.4793, fbcca_consec=1, fbcca_scores=[0.05936528007608218, 0.12990918345711047, 0.0472643317242415, 0.0878172141224386], fbcca_probs=[0.24450330823509028, 0.2623744659827989, 0.24156241600962067, 0.2515598097724901], cca_quad=1, cca_conf=0.2654, cca_ratio=1.1939, cca_scores=[0.1337287817548407, 0.22888325497166254, 0.11823145672478633, 0.19170988931357028], cca_probs=[0.2413042483834104, 0.2653933465120831, 0.23759350557500786, 0.2557088995294986]"
2026 05 21 20:55:08.687446,SSVEP_UPDATE,"fbcca_quad=3, fbcca_conf=0.2626, fbcca_ratio=1.4287, fbcca_consec=1, fbcca_scores=[0.06891540507817495, 0.10918293416029937, 0.0916964838497087, 0.15599108459928349], fbcca_probs=[0.24066745464604913, 0.2505563019249559, 0.24621304633423582, 0.2625631970947591], cca_quad=3, cca_conf=0.2667, cca_ratio=1.3356, cca_scores=[0.17257988905158644, 0.1878569943499147, 0.12926965046442174, 0.25090904004497655], cca_probs=[0.24664031363617334, 0.2504371924916203, 0.23618628021651136, 0.26673621365569505]"
2026 05 21 20:55:09.695941,SSVEP_UPDATE,"fbcca_quad=3, fbcca_conf=0.2689, fbcca_ratio=2.2281, fbcca_consec=2, fbcca_scores=[0.07175101023737135, 0.0700830180397107, 0.04242395437560839, 0.1598691346864886], fbcca_probs=[0.24621146253082296, 0.2458011260465105, 0.23909565801747543, 0.26889175340519117], cca_quad=3, cca_conf=0.2751, cca_ratio=1.5560, cca_scores=[0.17718976295766597, 0.15211074186413756, 0.10750523545387104, 0.2757123934598521], cca_probs=[0.24928578167139026, 0.24311168208181497, 0.23250585985620723, 0.27509667639058755]"
2026 05 21 20:55:10.724207,SSVEP_UPDATE,"fbcca_quad=0, fbcca_conf=0.2633, fbcca_ratio=1.4861, fbcca_consec=1, fbcca_scores=[0.13999500299152268, 0.03057147783740679, 0.08461374267869952, 0.09420521274416324], fbcca_probs=[0.26331603597562886, 0.23602351580732137, 0.2491297158865279, 0.25153073233052187], cca_quad=0, cca_conf=0.2656, cca_ratio=1.1606, cca_scores=[0.24869709724060346, 0.11370192315370338, 0.17078841464979053, 0.2142819695828155], cca_probs=[0.26560852753306174, 0.23206751672063208, 0.24570087509763866, 0.2566230806486675]"
2026 05 21 20:55:11.748456,SSVEP_UPDATE,"fbcca_quad=3, fbcca_conf=0.2576, fbcca_ratio=1.0893, fbcca_consec=1, fbcca_scores=[0.08975128064827395, 0.04004938249369594, 0.04260984134641917, 0.09777020715249064], fbcca_probs=[0.25552465670270463, 0.2431350403432803, 0.2437583752809181, 0.2575819276730969], cca_quad=3, cca_conf=0.2618, cca_ratio=1.1514, cca_scores=[0.18284358965671924, 0.1337255742000412, 0.12750047189842137, 0.21053316793481078], cca_probs=[0.2546923428666712, 0.24248462413400468, 0.24097982117786804, 0.2618432118214561]"
2026 05 21 20:55:12.763014,SSVEP_UPDATE,"fbcca_quad=3, fbcca_conf=0.2610, fbcca_ratio=1.4259, fbcca_consec=2, fbcca_scores=[0.031970374475340874, 0.06936186636723685, 0.02063297092770208, 0.0989032486891898], fbcca_probs=[0.24413766419437213, 0.2534391502113707, 0.24138540817324505, 0.26103777742101214], cca_quad=3, cca_conf=0.2615, cca_ratio=1.2184, cca_scores=[0.13190869784147835, 0.1468399112867647, 0.07513466709082724, 0.1789051527564368], cca_probs=[0.249502922999406, 0.25325625557206016, 0.23573224357494063, 0.2615085778535932]"
2026 05 21 20:55:13.776019,SSVEP_UPDATE,"fbcca_quad=3, fbcca_conf=0.2593, fbcca_ratio=1.2661, fbcca_consec=3, fbcca_scores=[0.06880384768618336, 0.09968028825408219, 0.06296801201412586, 0.12620634090869504], fbcca_probs=[0.2448207425405574, 0.2524978465632781, 0.2433961697473929, 0.25928524114877155], cca_quad=3, cca_conf=0.2583, cca_ratio=1.1634, cca_scores=[0.13061899179870282, 0.15874854231690816, 0.13257908427506426, 0.18469438276808467], cca_probs=[0.24473482896856516, 0.2517168498749972, 0.24521500230386697, 0.2583333188525707]"
2026 05 21 20:55:14.795782,SSVEP_UPDATE,"fbcca_quad=2, fbcca_conf=0.2547, fbcca_ratio=1.0327, fbcca_consec=1, fbcca_scores=[0.10148841413358536, 0.04935362164184731, 0.10480596985439897, 0.08830250843920029], fbcca_probs=[0.2538441765156884, 0.24094912412447952, 0.25468771718859623, 0.25051898217123586], cca_quad=3, cca_conf=0.2550, cca_ratio=1.0653, cca_scores=[0.15440890743817157, 0.1242694023701574, 0.16309837302143781, 0.17375162320696177], cca_probs=[0.25008950155559845, 0.24266438449910285, 0.252272114809983, 0.2549739991353157]"
2026 05 21 20:55:15.804060,SSVEP_UPDATE,"fbcca_quad=2, fbcca_conf=0.2613, fbcca_ratio=1.8378, fbcca_consec=2, fbcca_scores=[0.056177428594518165, 0.02419695167752442, 0.10569481656405766, 0.05751166795996185], fbcca_probs=[0.24871758211007694, 0.24088931820868023, 0.26134344730088577, 0.2490496523803571], cca_quad=2, cca_conf=0.2564, cca_ratio=1.0533, cca_scores=[0.13584603801975412, 0.07838259598193249, 0.15438399053820553, 0.14657635359442214], cca_probs=[0.2516574572129023, 0.23760400039297014, 0.2563661814108845, 0.25437236098324295]"
2026 05 21 20:55:16.824345,SSVEP_UPDATE,"fbcca_quad=2, fbcca_conf=0.2557, fbcca_ratio=1.2122, fbcca_consec=3, fbcca_scores=[0.06902529634286843, 0.05106439096634302, 0.09703653564603762, 0.08004923579735097], fbcca_probs=[0.2486515872924482, 0.2442254473879562, 0.2557150933393988, 0.2514078719801967], cca_quad=3, cca_conf=0.2551, cca_ratio=1.0494, cca_scores=[0.15601478124082233, 0.11496600310739272, 0.13895203767497483, 0.16371903914829955], cca_probs=[0.2531262147416754, 0.24294606371794353, 0.24884382560003201, 0.255083895940349]"
2026 05 21 20:55:17.857524,SSVEP_UPDATE,"fbcca_quad=3, fbcca_conf=0.2770, fbcca_ratio=1.4032, fbcca_consec=1, fbcca_scores=[0.03579533192081107, 0.15398324457274493, 0.036424274468285604, 0.21607172391572793], fbcca_probs=[0.23128697398886586, 0.26030321518889904, 0.23143248596202295, 0.2769773248602122], cca_quad=3, cca_conf=0.2731, cca_ratio=1.3970, cca_scores=[0.14395249137706206, 0.18521379807157284, 0.08541932863538726, 0.25874087217094055], cca_probs=[0.24349222000160597, 0.2537491797896287, 0.22964894769711322, 0.2731096525116521]"
2026 05 21 20:55:17.857524,PHASE_TIMEOUT,
2026 05 21 20:55:20.867436,PHASE_SSVEP,
2026 05 21 20:55:20.981583,SSVEP_UPDATE,"fbcca_quad=1, fbcca_conf=0.2601, fbcca_ratio=1.3762, fbcca_consec=1, fbcca_scores=[0.01307830457613717, 0.08743801369484461, 0.0635345462603976, 0.02611022384504973], fbcca_probs=[0.24142563245681445, 0.26006229400651554, 0.2539196116139329, 0.24459246192273706], cca_quad=1, cca_conf=0.2689, cca_ratio=1.7527, cca_scores=[0.06355980974921616, 0.18678984941496957, 0.10657130372812129, 0.09497498102004354], cca_probs=[0.23769860237844506, 0.26887149030497715, 0.2481454307378417, 0.24528447657873598]"
2026 05 21 20:55:22.000178,SSVEP_UPDATE,"fbcca_quad=2, fbcca_conf=0.2586, fbcca_ratio=1.8709, fbcca_consec=1, fbcca_scores=[0.045478055711764075, 0.028906382903928576, 0.08508401206637795, 0.044797045305947934], fbcca_probs=[0.24855312049023845, 0.24446812062758927, 0.258594848030084, 0.24838391085208833], cca_quad=2, cca_conf=0.2518, cca_ratio=1.0467, cca_scores=[0.1211714343933447, 0.11030036017852807, 0.12682722424200074, 0.12087749912658623], cca_probs=[0.2503401042850892, 0.2476333776025352, 0.2517599867992446, 0.2502665313131311]"
2026 05 21 20:55:23.023196,SSVEP_UPDATE,"fbcca_quad=3, fbcca_conf=0.2674, fbcca_ratio=1.5243, fbcca_consec=1, fbcca_scores=[0.03128049923968601, 0.09724388017853197, 0.04326844868191323, 0.1482257324168816], fbcca_probs=[0.23785140867347437, 0.25406992548808344, 0.24071991875941773, 0.26735874707902446], cca_quad=3, cca_conf=0.2648, cca_ratio=1.4257, cca_scores=[0.11825477035677395, 0.14593672495985371, 0.12820510959045855, 0.20806057916668172], cca_probs=[0.24201176673861838, 0.2488047127145987, 0.24443188645447003, 0.2647516340923129]"
2026 05 21 20:55:24.050612,SSVEP_UPDATE,"fbcca_quad=3, fbcca_conf=0.2644, fbcca_ratio=1.2468, fbcca_consec=2, fbcca_scores=[0.03205368716803184, 0.1027827471449381, 0.13278597631467817, 0.1655531132682594], fbcca_probs=[0.23136946446100343, 0.24832662254823623, 0.2558901204174931, 0.2644137925732672], cca_quad=3, cca_conf=0.2665, cca_ratio=1.2186, cca_scores=[0.13302890944312284, 0.17278393304291603, 0.21279050719515408, 0.25930399566440604], cca_probs=[0.23484217585222367, 0.24436639552863737, 0.2543408493867324, 0.26645057923240656]"
2026 05 21 20:55:25.067607,SSVEP_UPDATE,"fbcca_quad=3, fbcca_conf=0.2760, fbcca_ratio=1.3383, fbcca_consec=3, fbcca_scores=[0.04044061603709806, 0.1865310413337691, 0.11355594166480082, 0.24962930674939798], fbcca_probs=[0.22392238992211722, 0.2591455682925416, 0.24090793399487304, 0.27602410779046815], cca_quad=3, cca_conf=0.2710, cca_ratio=1.2428, cca_scores=[0.15962304523953327, 0.2564982189935728, 0.2105812790445347, 0.3187837420204069], cca_probs=[0.23113220772889337, 0.2546436325713368, 0.2432155551677624, 0.2710086045320074]"
2026 05 21 20:55:26.092336,SSVEP_UPDATE,"fbcca_quad=2, fbcca_conf=0.2616, fbcca_ratio=1.0355, fbcca_consec=1, fbcca_scores=[0.04354946890496115, 0.07688862937180786, 0.15071964822536263, 0.14555477084376756], fbcca_probs=[0.23504998918718978, 0.24301845134889025, 0.26163970636037803, 0.2602918531035419], cca_quad=3, cca_conf=0.2649, cca_ratio=1.0780, cca_scores=[0.12659496259585945, 0.17293525060583492, 0.24052001081528995, 0.259279330626321], cca_probs=[0.23201918439853622, 0.24302403493102803, 0.26001650449818337, 0.2649402761722524]"
2026 05 21 20:55:27.120382,SSVEP_UPDATE,"fbcca_quad=1, fbcca_conf=0.2551, fbcca_ratio=1.0907, fbcca_consec=1, fbcca_scores=[0.07852335634764498, 0.08564686269261264, 0.06627959894602976, 0.031113750701940914], fbcca_probs=[0.2532494109454394, 0.25505987550315434, 0.25016759161924207, 0.2415231219321642], cca_quad=1, cca_conf=0.2554, cca_ratio=1.0216, cca_scores=[0.16783508042071169, 0.18392451446699332, 0.1800394313941717, 0.1168284957501925], cca_probs=[0.25133388502507453, 0.25541041155369015, 0.254420045959148, 0.23883565746208732]"
2026 05 21 20:55:28.143390,SSVEP_UPDATE,"fbcca_quad=2, fbcca_conf=0.2554, fbcca_ratio=1.1571, fbcca_consec=1, fbcca_scores=[0.03314501812695728, 0.06260471624312615, 0.07244233215995395, 0.0359527773921999], fbcca_probs=[0.24553197482623632, 0.25287287208435166, 0.25537281485235314, 0.2462223382370589], cca_quad=2, cca_conf=0.2618, cca_ratio=1.2417, cca_scores=[0.10993710729094427, 0.14655775549956615, 0.18198756210537537, 0.10307002365719341], cca_probs=[0.2435955411618172, 0.25268151960008556, 0.2617944585572712, 0.24192848068082617]"
2026 05 21 20:55:29.155156,SSVEP_UPDATE,"fbcca_quad=1, fbcca_conf=0.2580, fbcca_ratio=1.3225, fbcca_consec=1, fbcca_scores=[0.09663196198946723, 0.12779834962139291, 0.0638166893429667, 0.09602870227539673], fbcca_probs=[0.2500768127346467, 0.25799353055547664, 0.24200365974666255, 0.2499259969632141], cca_quad=0, cca_conf=0.2563, cca_ratio=1.0519, cca_scores=[0.19347578153836908, 0.18392454822600562, 0.14876303312361044, 0.14708683298773914], cca_probs=[0.25631581782335094, 0.2538793398529439, 0.24510767384960863, 0.24469716847409653]"
2026 05 21 20:55:30.171785,SSVEP_UPDATE,"fbcca_quad=3, fbcca_conf=0.2692, fbcca_ratio=1.0077, fbcca_consec=1, fbcca_scores=[0.09149246602993973, 0.22203421363718542, 0.050483169544224465, 0.2237487525178579], fbcca_probs=[0.23581198727276276, 0.2686949096362029, 0.22633711042578283, 0.2691559926652516], cca_quad=3, cca_conf=0.2598, cca_ratio=1.0338, cca_scores=[0.2148314549768802, 0.24319472526106672, 0.138960143654558, 0.25141336660746144], cca_probs=[0.250440519426566, 0.25764552734840357, 0.2321422043348552, 0.25977174889017535]"
2026 05 21 20:55:31.185056,SSVEP_UPDATE,"fbcca_quad=3, fbcca_conf=0.2801, fbcca_ratio=1.3159, fbcca_consec=2, fbcca_scores=[0.09072996720887326, 0.20360446304949895, 0.038787756782629614, 0.26791508987692625], fbcca_probs=[0.23459159944308505, 0.2626232835551122, 0.22271744764464216, 0.28006766935716054], cca_quad=3, cca_conf=0.2694, cca_ratio=1.2124, cca_scores=[0.20745809925159875, 0.23881836751557378, 0.11586780838824755, 0.28954979313175166], cca_probs=[0.24814564172104212, 0.2560508626728202, 0.22642766813370047, 0.2693758274724372]"
2026 05 21 20:55:32.208149,SSVEP_UPDATE,"fbcca_quad=3, fbcca_conf=0.2541, fbcca_ratio=1.1043, fbcca_consec=3, fbcca_scores=[0.10475876908563428, 0.11107807817760862, 0.08715668453493346, 0.12266348964238079], fbcca_probs=[0.24956592896689242, 0.25114800676532395, 0.2452114844631803, 0.25407457980460335], cca_quad=3, cca_conf=0.2535, cca_ratio=1.0052, cca_scores=[0.2113104531724378, 0.1928087432212175, 0.17720000150794882, 0.21241257260310167], cca_probs=[0.25321354102061056, 0.24857173065545685, 0.24472196189804754, 0.2534927664258851]"
2026 05 21 20:55:33.236533,SSVEP_UPDATE,"fbcca_quad=1, fbcca_conf=0.2540, fbcca_ratio=1.0037, fbcca_consec=1, fbcca_scores=[0.028522035461747492, 0.0831194898231615, 0.07365614409157357, 0.08281637793503492], fbcca_probs=[0.24049567889302031, 0.2539911887776427, 0.25159891963372005, 0.253914212695617], cca_quad=3, cca_conf=0.2570, cca_ratio=1.0025, cca_scores=[0.11815856898287655, 0.17836632771169647, 0.1277236646371128, 0.17880680555189712], cca_probs=[0.2418851608163162, 0.256895870637386, 0.24420991604543552, 0.25700905250086226]"
2026 05 21 20:55:34.260238,SSVEP_UPDATE,"fbcca_quad=3, fbcca_conf=0.2667, fbcca_ratio=2.5115, fbcca_consec=1, fbcca_scores=[0.05056247342742339, 0.027734664504763126, 0.04092163235773553, 0.1269871102673966], fbcca_probs=[0.24708091834898185, 0.24150449329752108, 0.2447102962409058, 0.2667042921125913], cca_quad=3, cca_conf=0.2721, cca_ratio=1.5252, cca_scores=[0.15736650311091066, 0.1095250453198396, 0.10888468636202082, 0.24002242126823886], cca_probs=[0.25049299611631576, 0.23879119350710093, 0.2386383303761516, 0.27207748000043175]"
2026 05 21 20:55:35.285686,SSVEP_UPDATE,"fbcca_quad=3, fbcca_conf=0.2686, fbcca_ratio=1.4057, fbcca_consec=2, fbcca_scores=[0.13181002569018466, 0.0380366620733531, 0.09253032073248256, 0.18528387937317775], fbcca_probs=[0.25465378272587197, 0.2318594905969476, 0.24484496219501875, 0.2686417644821617], cca_quad=3, cca_conf=0.2722, cca_ratio=1.3838, cca_scores=[0.20740547415394717, 0.15022820619205937, 0.15769616420085675, 0.28701007428896474], cca_probs=[0.2513326008659081, 0.23736520324090454, 0.23914447209479775, 0.27215772379838965]"
2026 05 21 20:55:36.297240,SSVEP_UPDATE,"fbcca_quad=0, fbcca_conf=0.2789, fbcca_ratio=2.7939, fbcca_consec=1, fbcca_scores=[0.19929009413502238, 0.02005001911934167, 0.07133158697356011, 0.05965589590555616], fbcca_probs=[0.2789033550807496, 0.2331367635134102, 0.24540424172990669, 0.24255563967593355], cca_quad=0, cca_conf=0.2709, cca_ratio=1.5300, cca_scores=[0.23570460020186515, 0.10297068421393854, 0.1244817738366112, 0.15405270925734588], cca_probs=[0.27085369328372993, 0.23718605656045402, 0.24234345888124736, 0.24961679127456873]"
2026 05 21 20:55:37.322571,SSVEP_UPDATE,"fbcca_quad=2, fbcca_conf=0.2555, fbcca_ratio=1.0928, fbcca_consec=1, fbcca_scores=[0.06959762142760731, 0.032302121085453245, 0.09073190327427777, 0.08302503219589985], fbcca_probs=[0.25010826145505266, 0.240952150853794, 0.25545037193931275, 0.2534892157518407], cca_quad=3, cca_conf=0.2643, cca_ratio=1.4125, cca_scores=[0.14922842604626718, 0.11369616013713416, 0.14403217512045027, 0.21078223611218042], cca_probs=[0.24854621950054334, 0.23986986720269105, 0.2472580606740686, 0.26432585262269703]"
2026 05 21 20:55:38.345323,SSVEP_UPDATE,"fbcca_quad=3, fbcca_conf=0.2668, fbcca_ratio=2.1621, fbcca_consec=1, fbcca_scores=[0.06545184597712231, 0.05498319581378355, 0.04060174444151102, 0.14151195296497246], fbcca_probs=[0.24727567088521032, 0.24470053102992897, 0.24120656660196946, 0.26681723148289116], cca_quad=3, cca_conf=0.2750, cca_ratio=1.7470, cca_scores=[0.14607023595592947, 0.1341630498379282, 0.09778754040033412, 0.25518533560667717], cca_probs=[0.24652896372152316, 0.2436109048789307, 0.234908667792376, 0.2749514636071701]"
2026 05 21 20:55:39.358466,SSVEP_UPDATE,"fbcca_quad=3, fbcca_conf=0.2703, fbcca_ratio=2.3246, fbcca_consec=2, fbcca_scores=[0.050307804747342894, 0.04205819346332872, 0.06856247355701152, 0.159377373570131], fbcca_probs=[0.2423980011092201, 0.240406537518557, 0.24686353071718237, 0.2703319306550406], cca_quad=3, cca_conf=0.2785, cca_ratio=1.9593, cca_scores=[0.13933173174275762, 0.1253092840318576, 0.11461523309051734, 0.27298906110173915], cca_probs=[0.24362536322160697, 0.24023297965197138, 0.23767760394205578, 0.27846405318436585]"
2026 05 21 20:55:40.374405,SSVEP_UPDATE,"fbcca_quad=3, fbcca_conf=0.2896, fbcca_ratio=2.2195, fbcca_consec=3, fbcca_scores=[0.07313432259066228, 0.12986830665408697, 0.05565690297950225, 0.2882424522237541], fbcca_probs=[0.23358784783361036, 0.24722335824555286, 0.22954080395998022, 0.28964798996085656], cca_quad=3, cca_conf=0.2810, cca_ratio=1.8737, cca_scores=[0.16436433757740168, 0.17238987986465762, 0.1760656755138571, 0.3298966715842376], cca_probs=[0.23810379755299738, 0.24002239825658375, 0.24090629506059016, 0.2809675091298287]"
2026 05 21 20:55:41.392069,SSVEP_UPDATE,"fbcca_quad=3, fbcca_conf=0.3303, fbcca_ratio=1.6190, fbcca_consec=4, fbcca_scores=[0.12387582772798826, 0.35716533753479124, 0.052293407856827796, 0.5782350283786077], fbcca_probs=[0.20969502960141995, 0.264791770394291, 0.19520920220872123, 0.3303039977955678], cca_quad=3, cca_conf=0.2963, cca_ratio=1.5137, cca_scores=[0.19299806699099034, 0.3006396084531629, 0.16590531866229527, 0.4550853641166875], cca_probs=[0.22796909839387391, 0.2538774392351999, 0.221875705086675, 0.2962777572842512]"
2026 05 21 20:55:42.423936,SSVEP_UPDATE,"fbcca_quad=3, fbcca_conf=0.3115, fbcca_ratio=1.4273, fbcca_consec=5, fbcca_scores=[0.06531476568745255, 0.3447019805584043, 0.12784254903900738, 0.4919860410594696], fbcca_probs=[0.20329367364133002, 0.2688191414003281, 0.2164110016636664, 0.3114761832946755], cca_quad=3, cca_conf=0.2876, cca_ratio=1.3444, cca_scores=[0.1366700388207885, 0.302616968921548, 0.198858196320313, 0.40682373298984265], cca_probs=[0.21954673753541404, 0.25917721803158167, 0.23363341738975957, 0.2876426270432447]"
2026 05 21 20:55:43.434114,SSVEP_UPDATE,"fbcca_quad=3, fbcca_conf=0.3016, fbcca_ratio=1.9384, fbcca_consec=6, fbcca_scores=[0.07026861443465426, 0.21782950750917518, 0.195980690992844, 0.42224762274322], fbcca_probs=[0.2120963573950743, 0.24582049648637178, 0.2405078583306667, 0.3015752877878872], cca_quad=3, cca_conf=0.2927, cca_ratio=1.7169, cca_scores=[0.13942529196053127, 0.23289904808718567, 0.17608415959266588, 0.3998550818500229], cca_probs=[0.22559061637349562, 0.24769438824694462, 0.2340139648216191, 0.2927010305579407]"
2026 05 21 20:55:44.464128,SSVEP_UPDATE,"fbcca_quad=3, fbcca_conf=0.2884, fbcca_ratio=2.0765, fbcca_consec=7, fbcca_scores=[0.06957400543414446, 0.14466510093118684, 0.0994760705946756, 0.3003981761585905], fbcca_probs=[0.22893910707825596, 0.24679231568203666, 0.23588823808006315, 0.2883803391596442], cca_quad=3, cca_conf=0.2820, cca_ratio=1.7062, cca_scores=[0.1805330608083424, 0.19488200745189813, 0.12823943222326142, 0.33250154802154047], cca_probs=[0.24227000625002346, 0.245771386124154, 0.22992638763064416, 0.28203221999517836]"
2026 05 21 20:55:45.472779,SSVEP_UPDATE,"fbcca_quad=3, fbcca_conf=0.2763, fbcca_ratio=2.2606, fbcca_consec=8, fbcca_scores=[0.02550325380430724, 0.07831007744195108, 0.019590962660334665, 0.17703016421304113], fbcca_probs=[0.23742024439455314, 0.25029458837256446, 0.23602068815500976, 0.2762644790778726], cca_quad=3, cca_conf=0.2773, cca_ratio=1.4870, cca_scores=[0.1264369828128123, 0.18696902581002964, 0.09576919495376879, 0.27801778933382376], cca_probs=[0.23832950078587653, 0.253201652389883, 0.2311314012599802, 0.27733744556426027]"
2026 05 21 20:55:46.499579,SSVEP_UPDATE,"fbcca_quad=3, fbcca_conf=0.2892, fbcca_ratio=3.1578, fbcca_consec=9, fbcca_scores=[0.030094636006045655, 0.0785545423841386, 0.03720790297631321, 0.24805893988943278], fbcca_probs=[0.23254004520976335, 0.24408642271464587, 0.23420006170333332, 0.2891734703722575], cca_quad=3, cca_conf=0.2885, cca_ratio=1.8036, cca_scores=[0.12773142283708827, 0.18214340367404905, 0.08619323450946036, 0.32851243129271085], cca_probs=[0.23598322821227294, 0.24917929969787062, 0.22638170783327755, 0.288455764256579]"
2026 05 21 20:55:47.516178,SSVEP_UPDATE,"fbcca_quad=3, fbcca_conf=0.2850, fbcca_ratio=2.2970, fbcca_consec=10, fbcca_scores=[0.06880373761747945, 0.10877479811906973, 0.03482615658205519, 0.24985784091768182], fbcca_probs=[0.23776384919603524, 0.24746001448436786, 0.22982091375498656, 0.28495522256461026], cca_quad=3, cca_conf=0.2831, cca_ratio=1.4289, cca_scores=[0.1764549927417474, 0.24027476433845812, 0.09922044152778771, 0.34332775459709214], cca_probs=[0.239625595718032, 0.25541698859915124, 0.2218148746896361, 0.28314254099318065]"
2026 05 21 20:55:48.539147,SSVEP_UPDATE,"fbcca_quad=3, fbcca_conf=0.2823, fbcca_ratio=3.0969, fbcca_consec=11, fbcca_scores=[0.017341528320936155, 0.037865358072493326, 0.06671361065068668, 0.20660396485388527], fbcca_probs=[0.23366095884102797, 0.2385061272098721, 0.2454868184644772, 0.2823460954846228], cca_quad=3, cca_conf=0.2851, cca_ratio=2.1494, cca_scores=[0.07814849655791892, 0.13010005966405538, 0.13722688239184475, 0.2949577843928314], cca_probs=[0.22955311259667446, 0.24179396839534703, 0.24352334630984565, 0.2851295726981328]"
2026 05 21 20:55:49.566557,SSVEP_UPDATE,"fbcca_quad=3, fbcca_conf=0.2831, fbcca_ratio=4.8169, fbcca_consec=12, fbcca_scores=[0.025893618678095136, 0.02667376696834315, 0.041758866903692966, 0.20114958483822248], fbcca_probs=[0.23762432345952633, 0.23780977800081013, 0.24142435686497454, 0.28314154167468897], cca_quad=3, cca_conf=0.2852, cca_ratio=2.4328, cca_scores=[0.10357797351361055, 0.1098475845846105, 0.11944077506411134, 0.2905741701781306], cca_probs=[0.23652397052608087, 0.2380115422053942, 0.24030581939007906, 0.2851586678784459]"
2026 05 21 20:55:50.579876,SSVEP_UPDATE,"fbcca_quad=3, fbcca_conf=0.2681, fbcca_ratio=1.4785, fbcca_consec=13, fbcca_scores=[0.02955732329800345, 0.029056630745079793, 0.09997563116908259, 0.14781547808767986], fbcca_probs=[0.23820918247942013, 0.23808994276942308, 0.2555881892518941, 0.26811268549926265], cca_quad=3, cca_conf=0.2712, cca_ratio=1.2567, cca_scores=[0.13632774519193822, 0.09070582427702902, 0.20236584180355, 0.2543204919340933], cca_probs=[0.24102736611406805, 0.23027829562621324, 0.2574816810439509, 0.27121265721576776]"
2026 05 21 20:55:51.598442,SSVEP_UPDATE,"fbcca_quad=3, fbcca_conf=0.2721, fbcca_ratio=2.5992, fbcca_consec=14, fbcca_scores=[0.014253989515701834, 0.032310980111088614, 0.05748303584587475, 0.1494085407612822], fbcca_probs=[0.23769276065479814, 0.24202376133982223, 0.24819332143876, 0.2720901565666196], cca_quad=3, cca_conf=0.2764, cca_ratio=1.6794, cca_scores=[0.08852338906727727, 0.13168767444753504, 0.15604680109460245, 0.2620659454647303], cca_probs=[0.23237029644167212, 0.24262001374040776, 0.24860259478764596, 0.2764070950302742]"
2026 05 21 20:55:51.598442,PHASE_TIMEOUT,
2026 05 21 20:55:54.610451,PHASE_SSVEP,
2026 05 21 20:55:54.726419,SSVEP_UPDATE,"fbcca_quad=0, fbcca_conf=0.2555, fbcca_ratio=1.1612, fbcca_consec=1, fbcca_scores=[0.08092931900734564, 0.06575296678207149, 0.06969635129247669, 0.018707522960813794], fbcca_probs=[0.255529494574399, 0.2516807676486634, 0.2526752011175018, 0.24011453665943586], cca_quad=1, cca_conf=0.2629, cca_ratio=1.2035, cca_scores=[0.16458966868375527, 0.1980762348943498, 0.15357690140065772, 0.0703576870624188], cca_probs=[0.2542476634992277, 0.2629056996245002, 0.25146305441803324, 0.23138358245823884]"
2026 05 21 20:55:55.758257,SSVEP_UPDATE,"fbcca_quad=1, fbcca_conf=0.2561, fbcca_ratio=1.2302, fbcca_consec=1, fbcca_scores=[0.05963248205662185, 0.0873535494957751, 0.03365609750492851, 0.07100778665617759], fbcca_probs=[0.24913381032126508, 0.2561366805525462, 0.24274554588114164, 0.2519839632450471], cca_quad=1, cca_conf=0.2601, cca_ratio=1.3610, cca_scores=[0.11311311820607453, 0.17585252799760756, 0.12639172625788384, 0.12920692425949054], cca_probs=[0.24423957846211258, 0.2600539299263365, 0.24750436805504789, 0.24820212355650298]"
2026 05 21 20:55:56.770778,SSVEP_UPDATE,"fbcca_quad=1, fbcca_conf=0.2559, fbcca_ratio=1.2039, fbcca_consec=2, fbcca_scores=[0.04567012176839388, 0.08178300309654896, 0.037268783107861504, 0.06792977642862394], fbcca_probs=[0.24685774922570328, 0.25593541768575784, 0.2447925012448486, 0.25241433184369017], cca_quad=1, cca_conf=0.2560, cca_ratio=1.1069, cca_scores=[0.13223255539594883, 0.16922038789412633, 0.1272856424987747, 0.15287195251220598], cca_probs=[0.24669432319826298, 0.2559898626871599, 0.24547696144305756, 0.25183885267151945]"
2026 05 21 20:55:57.789596,SSVEP_UPDATE,"fbcca_quad=1, fbcca_conf=0.2546, fbcca_ratio=1.0289, fbcca_consec=3, fbcca_scores=[0.07108984894514869, 0.07314308126781534, 0.03261491459803426, 0.04274396893384943], fbcca_probs=[0.25404159466913234, 0.25456373693886575, 0.24445300401065362, 0.2469416643813484], cca_quad=0, cca_conf=0.2560, cca_ratio=1.0497, cca_scores=[0.1627553959617526, 0.155042844340345, 0.12192509456166177, 0.11485506721712485], cca_probs=[0.2560466746575629, 0.2540794971918524, 0.24580276580874083, 0.24407106234184384]"
2026 05 21 20:55:58.811719,SSVEP_UPDATE,"fbcca_quad=0, fbcca_conf=0.2550, fbcca_ratio=1.1687, fbcca_consec=1, fbcca_scores=[0.08587089449091487, 0.0469990004068134, 0.07347676152900934, 0.05722213191814467], fbcca_probs=[0.2550165580187766, 0.24529377708991473, 0.25187535534410477, 0.24781430954720396], cca_quad=0, cca_conf=0.2568, cca_ratio=1.1842, cca_scores=[0.16019686036840725, 0.10680840208232609, 0.13527960729344574, 0.13031002963857055], cca_probs=[0.25680813375633105, 0.24345710979458168, 0.25048824461651825, 0.249246511832569]"
2026 05 21 20:55:59.834610,SSVEP_UPDATE,"fbcca_quad=0, fbcca_conf=0.2671, fbcca_ratio=1.7496, fbcca_consec=2, fbcca_scores=[0.14356027478444908, 0.054757023806029426, 0.08205340786090873, 0.02544899408674195], fbcca_probs=[0.26709621164295483, 0.2443998676448248, 0.2511629846913606, 0.23734093602085984], cca_quad=0, cca_conf=0.2746, cca_ratio=1.6290, cca_scores=[0.2356551509964735, 0.1446645943963357, 0.11886569035496641, 0.059997933256931604], cca_probs=[0.2745967020248788, 0.2507140198848044, 0.24432859558383818, 0.2303606825064787]"
2026 05 21 20:56:00.851395,SSVEP_UPDATE,"fbcca_quad=0, fbcca_conf=0.2704, fbcca_ratio=2.5672, fbcca_consec=3, fbcca_scores=[0.13786541990544596, 0.053702885888798756, 0.01889715044845394, 0.02332515863994706], fbcca_probs=[0.2703510953923982, 0.2485288495482465, 0.24002742751368922, 0.24109262754566615], cca_quad=0, cca_conf=0.2885, cca_ratio=1.8316, cca_scores=[0.3073321216152209, 0.16779888516318273, 0.08010903613044326, 0.08361754389969143], cca_probs=[0.2885128234363253, 0.25093810049917403, 0.2298705784437598, 0.23067849762074086]"
2026 05 21 20:56:01.867614,SSVEP_UPDATE,"fbcca_quad=0, fbcca_conf=0.2683, fbcca_ratio=2.0753, fbcca_consec=4, fbcca_scores=[0.15296442104405064, 0.07370815562792786, 0.05064934292522345, 0.04864377176689578], fbcca_probs=[0.2682774334620007, 0.24783553953026277, 0.24218613088885854, 0.24170089611887802], cca_quad=0, cca_conf=0.2801, cca_ratio=1.6112, cca_scores=[0.2832071324024483, 0.17577918958631963, 0.08286348604698437, 0.12529740192890396], cca_probs=[0.2800714425167755, 0.25154371201173203, 0.22922431740971147, 0.23916052806178104]"
2026 05 21 20:56:02.890223,SSVEP_UPDATE,"fbcca_quad=0, fbcca_conf=0.2571, fbcca_ratio=1.0987, fbcca_consec=5, fbcca_scores=[0.13289727985342104, 0.08483562777848193, 0.1209633892473817, 0.07946016214287742], fbcca_probs=[0.2571237675186209, 0.24505824146785152, 0.2540735174807029, 0.2437444735328246], cca_quad=0, cca_conf=0.2635, cca_ratio=1.2401, cca_scores=[0.24120193636015297, 0.19450969336187107, 0.15424574217789874, 0.16250315156937584], cca_probs=[0.26347568639325053, 0.2514562074607078, 0.2415327072789297, 0.243535398867112]"
2026 05 21 20:56:03.911890,SSVEP_UPDATE,"fbcca_quad=2, fbcca_conf=0.2594, fbcca_ratio=1.3467, fbcca_consec=1, fbcca_scores=[0.12307151347663356, 0.10481513996916426, 0.16573470610354918, 0.12046128153950603], fbcca_probs=[0.24857759028258455, 0.24408063886151626, 0.25941217965645524, 0.24792959119944397], cca_quad=2, cca_conf=0.2528, cca_ratio=1.0087, cca_scores=[0.18921254379774646, 0.1803097681176044, 0.20591548655753938, 0.20412964920451293], cca_probs=[0.24857017005565374, 0.2463670271858859, 0.25275689132399976, 0.25230591143446063]"
2026 05 21 20:56:04.938633,SSVEP_UPDATE,"fbcca_quad=0, fbcca_conf=0.2609, fbcca_ratio=1.3249, fbcca_consec=1, fbcca_scores=[0.1383055131699908, 0.04591200897865943, 0.1043915127708963, 0.09184456976659237], fbcca_probs=[0.2608920623298438, 0.23786737329934712, 0.25219252075770326, 0.2490480436131058], cca_quad=0, cca_conf=0.2701, cca_ratio=1.3220, cca_scores=[0.2647482069220465, 0.13540512057692666, 0.14381700028240285, 0.20025653776948443], cca_probs=[0.27010154491521565, 0.23733078711228858, 0.23933560546761642, 0.25323206250487934]"
2026 05 21 20:56:05.961969,SSVEP_UPDATE,"fbcca_quad=2, fbcca_conf=0.2689, fbcca_ratio=1.4258, fbcca_consec=1, fbcca_scores=[0.1288830755876464, 0.057033947133685356, 0.1837588631954533, 0.06824614333882356], fbcca_probs=[0.25456656985590104, 0.2369177997500776, 0.26892651411106233, 0.23958911628295895], cca_quad=0, cca_conf=0.2706, cca_ratio=1.4605, cca_scores=[0.28623665157048767, 0.1549953847315077, 0.1959809029675267, 0.18588224078040083], cca_probs=[0.2706198507321449, 0.2373352751255189, 0.2472646752551412, 0.24478019888719502]"
2026 05 21 20:56:06.977442,SSVEP_UPDATE,"fbcca_quad=3, fbcca_conf=0.2602, fbcca_ratio=1.3011, fbcca_consec=1, fbcca_scores=[0.06142575038549108, 0.04953116287842414, 0.09407184802088255, 0.12239667297590258], fbcca_probs=[0.2448442707480158, 0.24194920110667648, 0.2529693857542813, 0.2602371423910264], cca_quad=3, cca_conf=0.2641, cca_ratio=1.1269, cca_scores=[0.19220743843082064, 0.1155180671987602, 0.11866472043529483, 0.21659869675028898], cca_probs=[0.25773427567971646, 0.23870768873843165, 0.23946000207363383, 0.2640980335082181]"
2026 05 21 20:56:08.008711,SSVEP_UPDATE,"fbcca_quad=3, fbcca_conf=0.2856, fbcca_ratio=3.2751, fbcca_consec=2, fbcca_scores=[0.041294837324085315, 0.07068983802358365, 0.03677892826975978, 0.23151753948286963], fbcca_probs=[0.23613617922313573, 0.24318042800816816, 0.23507221390678923, 0.28561117886190684], cca_quad=3, cca_conf=0.2870, cca_ratio=2.2376, cca_scores=[0.13767765782552063, 0.12884940955857244, 0.0905223628082374, 0.3080660977138711], cca_probs=[0.24207710615402941, 0.2399493951607065, 0.23092685165256463, 0.28704664703269944]"
2026 05 21 20:56:09.023078,SSVEP_UPDATE,"fbcca_quad=3, fbcca_conf=0.2787, fbcca_ratio=2.7758, fbcca_consec=3, fbcca_scores=[0.07282441114691468, 0.04389841663377955, 0.046091502502561006, 0.20214925356488736], fbcca_probs=[0.2449077936348218, 0.23792507012218783, 0.23844743281505762, 0.27871970342793273], cca_quad=3, cca_conf=0.2867, cca_ratio=1.8735, cca_scores=[0.1684706893908386, 0.12996717876219852, 0.08544318203932763, 0.3156232626283491], cca_probs=[0.24745830206981353, 0.2381113879305321, 0.22774226752632842, 0.2866880424733259]"
2026 05 21 20:56:10.047691,SSVEP_UPDATE,"fbcca_quad=3, fbcca_conf=0.2795, fbcca_ratio=1.5459, fbcca_consec=4, fbcca_scores=[0.043059342736674645, 0.08760148194003418, 0.1618012395046988, 0.2501274558244524], fbcca_probs=[0.22718522879139666, 0.2375332965895059, 0.2558285688875899, 0.2794529057315075], cca_quad=3, cca_conf=0.2808, cca_ratio=1.6742, cca_scores=[0.12439172013854924, 0.15085935600064107, 0.18642397266638003, 0.3121086419325645], cca_probs=[0.2327037357284466, 0.238945086009558, 0.24759599776064287, 0.28075518050135256]"
2026 05 21 20:56:11.056256,SSVEP_UPDATE,"fbcca_quad=2, fbcca_conf=0.2732, fbcca_ratio=1.4547, fbcca_consec=1, fbcca_scores=[0.01620345527508201, 0.03756213021602372, 0.18042065391085974, 0.12402851047818818], fbcca_probs=[0.2318081851175797, 0.2368125538900518, 0.27317904973494345, 0.258200211257425], cca_quad=3, cca_conf=0.2687, cca_ratio=1.1757, cca_scores=[0.07747540600707681, 0.14860804830988195, 0.20660065341086517, 0.24290933025580963], cca_probs=[0.22771463544592574, 0.24450258670555372, 0.2591011415879685, 0.268681636260552]"
2026 05 21 20:56:12.081309,SSVEP_UPDATE,"fbcca_quad=3, fbcca_conf=0.2681, fbcca_ratio=2.5004, fbcca_consec=1, fbcca_scores=[0.05789747135279236, 0.04056210665903171, 0.05279281748197269, 0.1447651315556279], fbcca_probs=[0.24579236039159258, 0.24156817982581014, 0.24454087239178493, 0.26809858739081227], cca_quad=3, cca_conf=0.2747, cca_ratio=1.7337, cca_scores=[0.15619322696587495, 0.14937530776682653, 0.12356159607229261, 0.27079731014148234], cca_probs=[0.24494616877535555, 0.2432818257138933, 0.2370821809813621, 0.27468982452938906]"
2026 05 21 20:56:13.105916,SSVEP_UPDATE,"fbcca_quad=3, fbcca_conf=0.2837, fbcca_ratio=1.8160, fbcca_consec=2, fbcca_scores=[0.031230262138969577, 0.13091435912483176, 0.030007933300514825, 0.23773755620963374], fbcca_probs=[0.23078821049145024, 0.25497985684039076, 0.23050628374488946, 0.28372564892326957], cca_quad=3, cca_conf=0.2873, cca_ratio=1.6302, cca_scores=[0.09192392158096195, 0.18978454664367336, 0.07258997882865871, 0.30938030238405323], cca_probs=[0.23112986216703665, 0.25489210845006754, 0.22670413191237543, 0.28727389747052035]"
2026 05 21 20:56:14.136633,SSVEP_UPDATE,"fbcca_quad=3, fbcca_conf=0.3176, fbcca_ratio=2.0364, fbcca_consec=3, fbcca_scores=[0.031995017759890026, 0.21518787260179553, 0.05628381713397281, 0.438217049230404], fbcca_probs=[0.21156104960798675, 0.2540945551982813, 0.2167625265995672, 0.31758186859416476], cca_quad=3, cca_conf=0.3016, cca_ratio=1.7991, cca_scores=[0.10738595212529088, 0.22692944549431318, 0.10870550229338032, 0.40827038012750766], cca_probs=[0.2232463839093054, 0.25159471410896717, 0.22354116315794906, 0.3016177388237783]"
2026 05 21 20:56:15.159607,SSVEP_UPDATE,"fbcca_quad=3, fbcca_conf=0.2683, fbcca_ratio=1.6696, fbcca_consec=4, fbcca_scores=[0.03073452404589762, 0.09404969999581153, 0.05986563093582879, 0.15702634211553174], fbcca_probs=[0.23643259055089913, 0.2518864306413755, 0.24342143578395609, 0.26825954302376925], cca_quad=3, cca_conf=0.2699, cca_ratio=1.4680, cca_scores=[0.09932794802120273, 0.1478834603198605, 0.09273239988207631, 0.21708760428960333], cca_probs=[0.2399143890827058, 0.2518510042933378, 0.238337229015182, 0.26989737760877436]"
2026 05 21 20:56:16.170131,SSVEP_UPDATE,"fbcca_quad=3, fbcca_conf=0.2589, fbcca_ratio=1.6992, fbcca_consec=5, fbcca_scores=[0.03427389286141833, 0.04993042815109498, 0.029175848777108666, 0.08484348666223576], fbcca_probs=[0.24614992385275344, 0.250034105895855, 0.24489823398561994, 0.2589177362657716], cca_quad=3, cca_conf=0.2613, cca_ratio=1.0358, cca_scores=[0.08165365319211834, 0.15713456854653432, 0.0683419925021576, 0.16275486227448815], cca_probs=[0.24098360768518418, 0.25987736031235303, 0.23779697242740755, 0.26134205957505524]"
2026 05 21 20:56:17.201202,SSVEP_UPDATE,"fbcca_quad=3, fbcca_conf=0.2600, fbcca_ratio=1.8819, fbcca_consec=6, fbcca_scores=[0.04815459941168916, 0.04470035211160801, 0.020731281075869565, 0.09062031507296434], fbcca_probs=[0.2491975041085582, 0.2483381992829139, 0.2424565339604287, 0.26000776264809916], cca_quad=3, cca_conf=0.2606, cca_ratio=1.3870, cca_scores=[0.1175550023645451, 0.1263393966542695, 0.11439111824566577, 0.17523335688038186], cca_probs=[0.2460001359453175, 0.24817061735987156, 0.24522304997516756, 0.2606061967196434]"
2026 05 21 20:56:18.216109,SSVEP_UPDATE,"fbcca_quad=3, fbcca_conf=0.2681, fbcca_ratio=2.0394, fbcca_consec=7, fbcca_scores=[0.07169145968371998, 0.0742516249056668, 0.023893241139110732, 0.1514279871192982], fbcca_probs=[0.24759270163865443, 0.24822739197198637, 0.23603659236785396, 0.2681433140215052], cca_quad=3, cca_conf=0.2693, cca_ratio=1.3132, cca_scores=[0.16658126459219982, 0.13083849607120354, 0.053624898320400426, 0.21875338203947253], cca_probs=[0.2556475642731454, 0.24667138491368124, 0.228341753972274, 0.2693392968408994]"
2026 05 21 20:56:19.242180,SSVEP_UPDATE,"fbcca_quad=0, fbcca_conf=0.2702, fbcca_ratio=2.7547, fbcca_consec=1, fbcca_scores=[0.13430512407340373, 0.020177598889567046, 0.01890866667549084, 0.0487542517336982], fbcca_probs=[0.27018531205022794, 0.24104425306660673, 0.24073857823021225, 0.248031856652953], cca_quad=0, cca_conf=0.2770, cca_ratio=1.6737, cca_scores=[0.23038346846605062, 0.07568606877810223, 0.05864382698290662, 0.1376523020363264], cca_probs=[0.27698442675058577, 0.2372854587870171, 0.2332758460635114, 0.25245426839888574]"
2026 05 21 20:56:20.248445,SSVEP_UPDATE,"fbcca_quad=3, fbcca_conf=0.2575, fbcca_ratio=1.4077, fbcca_consec=1, fbcca_scores=[0.05753870058334126, 0.030698110519904502, 0.03597729277749609, 0.08099904245055321], fbcca_probs=[0.25151389385264045, 0.2448529048561789, 0.24614894597582862, 0.2574842553153521], cca_quad=3, cca_conf=0.2625, cca_ratio=1.4061, cca_scores=[0.11852429941197323, 0.08615477857368277, 0.09866238940981624, 0.1666551087374417], cca_probs=[0.25013815701214925, 0.24217094774807346, 0.24521894959301213, 0.2624719456467651]"
2026 05 21 20:56:21.271885,SSVEP_UPDATE,"fbcca_quad=3, fbcca_conf=0.2566, fbcca_ratio=1.2934, fbcca_consec=2, fbcca_scores=[0.030542519712736582, 0.05348247925071724, 0.0656630900991301, 0.08493000778814627], fbcca_probs=[0.243022616865379, 0.24866198196305747, 0.25170935857496507, 0.2566060425965984], cca_quad=3, cca_conf=0.2556, cca_ratio=1.0793, cca_scores=[0.09570851472473438, 0.12268998281098115, 0.1374455744715316, 0.14834210350514368], cca_probs=[0.24248229587487666, 0.24911388692217412, 0.25281696306609314, 0.2555868541368561]"
2026 05 21 20:56:22.287377,SSVEP_UPDATE,"fbcca_quad=2, fbcca_conf=0.2643, fbcca_ratio=1.6901, fbcca_consec=1, fbcca_scores=[0.03841093595127697, 0.061542938324922275, 0.1350777390630614, 0.07992480222522227], fbcca_probs=[0.23996453115811303, 0.24558009042761267, 0.2643193229077636, 0.25013605550651075], cca_quad=3, cca_conf=0.2576, cca_ratio=1.1293, cca_scores=[0.11003907501235628, 0.13987215546052048, 0.15497657417639193, 0.17501464368304845], cca_probs=[0.24134896798944208, 0.2486576290454628, 0.2524419661501825, 0.25755143681491266]"
2026 05 21 20:56:23.304084,SSVEP_UPDATE,"fbcca_quad=3, fbcca_conf=0.2619, fbcca_ratio=1.0114, fbcca_consec=1, fbcca_scores=[0.04948384546612093, 0.056401136677498354, 0.14566671899586192, 0.14733097726136263], fbcca_probs=[0.23749043798620506, 0.23913892345952967, 0.2614675633496099, 0.2619030752046553], cca_quad=3, cca_conf=0.2689, cca_ratio=1.3947, cca_scores=[0.14060453345083018, 0.15443351423119647, 0.1855410285910742, 0.2587739543528196], cca_probs=[0.23893028550572804, 0.24225740011065286, 0.2499118640931135, 0.2689004502905056]"
2026 05 21 20:56:24.337789,SSVEP_UPDATE,"fbcca_quad=3, fbcca_conf=0.2794, fbcca_ratio=1.3956, fbcca_consec=2, fbcca_scores=[0.017063231454914472, 0.18015265786981613, 0.096240775085733, 0.2514177681416025], fbcca_probs=[0.2210613548623455, 0.26022059489963617, 0.2392760318392351, 0.2794420183987832], cca_quad=3, cca_conf=0.2743, cca_ratio=1.2744, cca_scores=[0.08454370639074803, 0.21670909157893134, 0.14502709014663054, 0.2761694534297576], cca_probs=[0.22650753678471353, 0.2585123851859834, 0.24063026928103254, 0.27434980874827053]"
2026 05 21 20:56:25.361689,SSVEP_UPDATE,"fbcca_quad=1, fbcca_conf=0.2741, fbcca_ratio=1.1468, fbcca_consec=1, fbcca_scores=[0.028108696110525706, 0.21537389144156557, 0.04826284644100446, 0.18779785660903958], fbcca_probs=[0.22730104563327994, 0.2741130263925011, 0.23192858045644027, 0.2666573475177787], cca_quad=1, cca_conf=0.2727, cca_ratio=1.2518, cca_scores=[0.07857093293675654, 0.23898215701108752, 0.09061410317655674, 0.1909035771548704], cca_probs=[0.2322883330310677, 0.27270500382452495, 0.23510273410997387, 0.2599039290344335]"
2026 05 21 20:56:25.361689,PHASE_TIMEOUT,
2026 05 21 20:56:28.377069,PHASE_SSVEP,
2026 05 21 20:56:28.492459,SSVEP_UPDATE,"fbcca_quad=1, fbcca_conf=0.2765, fbcca_ratio=1.1980, fbcca_consec=1, fbcca_scores=[0.07312970597896593, 0.2567624633159455, 0.06549866831862074, 0.21431860939669795], fbcca_probs=[0.23011704433465904, 0.2765027661943676, 0.22836769566494874, 0.2650124938060246], cca_quad=1, cca_conf=0.2649, cca_ratio=1.2520, cca_scores=[0.1641695550361373, 0.24436275137695784, 0.13939439581988836, 0.195178866686966], cca_probs=[0.24446765361291614, 0.2648798164920387, 0.2384853409422887, 0.2521671889527564]"
2026 05 21 20:56:29.523277,SSVEP_UPDATE,"fbcca_quad=1, fbcca_conf=0.2571, fbcca_ratio=1.2876, fbcca_consec=2, fbcca_scores=[0.07745638497901432, 0.13142427597168738, 0.10206800491362557, 0.10146594456922609], fbcca_probs=[0.24362507438718486, 0.2571342582562246, 0.2496954769280572, 0.24954519042853332], cca_quad=1, cca_conf=0.2587, cca_ratio=1.3081, cca_scores=[0.11961000664738106, 0.1743390923159811, 0.13327854882223517, 0.13180379372484505], cca_probs=[0.24496083475363756, 0.2587409647905993, 0.24833207976995492, 0.24796612068580817]"
2026 05 21 20:56:30.535777,SSVEP_UPDATE,"fbcca_quad=0, fbcca_conf=0.2647, fbcca_ratio=1.1197, fbcca_consec=1, fbcca_scores=[0.15259044329449545, 0.028932642987445426, 0.1362812055569781, 0.05837009182744922], fbcca_probs=[0.26471922089849503, 0.23392765951420064, 0.26043686806830213, 0.24091625151900223], cca_quad=0, cca_conf=0.2602, cca_ratio=1.1864, cca_scores=[0.18996697653004663, 0.09924019960422767, 0.14774669846451718, 0.1601166996135818], cca_probs=[0.2602461084924393, 0.23767423546099142, 0.2494871663413064, 0.2525924897052628]"
2026 05 21 20:56:31.551375,SSVEP_UPDATE,"fbcca_quad=2, fbcca_conf=0.2626, fbcca_ratio=1.6879, fbcca_consec=1, fbcca_scores=[0.07536526282998679, 0.053142480113844925, 0.1272090290495813, 0.055301569275800794], fbcca_probs=[0.24929140477754477, 0.2438125591307604, 0.26255649521139224, 0.24433954088030263], cca_quad=2, cca_conf=0.2541, cca_ratio=1.1229, cca_scores=[0.1481019410110867, 0.14201294556762784, 0.16630127078201704, 0.14295612811335587], cca_probs=[0.24955312174059577, 0.24803821074304713, 0.2541364011010023, 0.24827226641535483]"
2026 05 21 20:56:32.565125,SSVEP_UPDATE,"fbcca_quad=2, fbcca_conf=0.2581, fbcca_ratio=1.2026, fbcca_consec=2, fbcca_scores=[0.04878361533016222, 0.08780380257102799, 0.10559036931231568, 0.05069317896360688], fbcca_probs=[0.24389327154552748, 0.25359814430906125, 0.25814913792465144, 0.24435944622075978], cca_quad=1, cca_conf=0.2601, cca_ratio=1.2548, cca_scores=[0.13630155986239853, 0.1914774565895134, 0.15259016568623915, 0.12633974747215748], cca_probs=[0.246109252456769, 0.260070162335371, 0.2501508557420336, 0.24366972946582635]"
2026 05 21 20:56:33.596398,SSVEP_UPDATE,"fbcca_quad=1, fbcca_conf=0.2545, fbcca_ratio=1.1968, fbcca_consec=1, fbcca_scores=[0.05074897671677104, 0.08142836041730774, 0.053915699947947045, 0.06803862573854251], fbcca_probs=[0.2468059260265983, 0.2544951266022156, 0.2475887308951473, 0.25111021647603876], cca_quad=1, cca_conf=0.2553, cca_ratio=1.0315, cca_scores=[0.1624531440504768, 0.16757298777098995, 0.12428699468355037, 0.1320819740617384], cca_probs=[0.25395075167085307, 0.2552542738997511, 0.24444105788140044, 0.2463539165479954]"
2026 05 21 20:56:34.609235,SSVEP_UPDATE,"fbcca_quad=3, fbcca_conf=0.2758, fbcca_ratio=1.3121, fbcca_consec=1, fbcca_scores=[0.04954114092139601, 0.18086154335695476, 0.07689286273470537, 0.23731459978481986], fbcca_probs=[0.22859115527500826, 0.26067005804940396, 0.2349298083345684, 0.2758089783410193], cca_quad=3, cca_conf=0.2729, cca_ratio=1.2729, cca_scores=[0.13077176680527414, 0.22460371289213263, 0.14392531089583094, 0.28590673505882847], cca_probs=[0.2336759176815512, 0.2566638197713649, 0.2367698878958287, 0.27289037465125526]"
2026 05 21 20:56:35.641217,SSVEP_UPDATE,"fbcca_quad=3, fbcca_conf=0.2822, fbcca_ratio=3.1520, fbcca_consec=2, fbcca_scores=[0.059420018852285414, 0.06898692949156748, 0.02891543914408019, 0.21744612293827098], fbcca_probs=[0.2409194114744318, 0.24323532636688897, 0.2336812262528381, 0.2821640359058411], cca_quad=3, cca_conf=0.2861, cca_ratio=2.2449, cca_scores=[0.13093544685953468, 0.13190634857411287, 0.07118684636217544, 0.2961216314378265], cca_probs=[0.24256622924926854, 0.2428018515816996, 0.22849770874244185, 0.28613421042659]"
2026 05 21 20:56:36.652140,SSVEP_UPDATE,"fbcca_quad=3, fbcca_conf=0.2926, fbcca_ratio=4.7168, fbcca_consec=3, fbcca_scores=[0.0513972200579939, 0.021994252678045924, 0.006435746989920649, 0.24242980914184095], fbcca_probs=[0.24168843683932378, 0.2346855371439053, 0.23106243896194484, 0.2925635870548261], cca_quad=3, cca_conf=0.2931, cca_ratio=2.6855, cca_scores=[0.11165470414649326, 0.08142219565871853, 0.050440554353739245, 0.2998456151990943], cca_probs=[0.2428418926610115, 0.2356100423876285, 0.22842237436442608, 0.2931256905869339]"
2026 05 21 20:56:37.677446,SSVEP_UPDATE,"fbcca_quad=3, fbcca_conf=0.2716, fbcca_ratio=1.4171, fbcca_consec=4, fbcca_scores=[0.08310747907485641, 0.14072187654749369, 0.03589150765554591, 0.19941633033285092], fbcca_probs=[0.2417484851212612, 0.2560857285280515, 0.23059937478810766, 0.27156641156257966], cca_quad=3, cca_conf=0.2671, cca_ratio=1.3593, cca_scores=[0.16469138506377673, 0.15670703666429509, 0.08111314748781115, 0.22386955175744544], cca_probs=[0.2517096868452127, 0.24970795092260176, 0.23152738250792057, 0.26705497972426495]"
2026 05 21 20:56:38.689128,SSVEP_UPDATE,"fbcca_quad=1, fbcca_conf=0.2589, fbcca_ratio=1.0676, fbcca_consec=1, fbcca_scores=[0.022989167752885734, 0.13250854984049304, 0.10722172382281554, 0.124114214800651], fbcca_probs=[0.23201648673573458, 0.2588704684403918, 0.2524065266588247, 0.25670651816504897], cca_quad=2, cca_conf=0.2581, cca_ratio=1.0415, cca_scores=[0.09724116436020645, 0.19676240642913959, 0.204925447253934, 0.1891526290700067], cca_probs=[0.23177088543036845, 0.25602383944442264, 0.25812232586032124, 0.25408294926488767]"
2026 05 21 20:56:39.725359,SSVEP_UPDATE,"fbcca_quad=3, fbcca_conf=0.2563, fbcca_ratio=1.3137, fbcca_consec=1, fbcca_scores=[0.05051895342041932, 0.07635436734922234, 0.07370950346701864, 0.10030892760643566], fbcca_probs=[0.24386176121398315, 0.2502441212144484, 0.2495831340723411, 0.2563109834992274], cca_quad=3, cca_conf=0.2617, cca_ratio=1.1460, cca_scores=[0.13727799947361097, 0.19459257823274165, 0.15164108189459666, 0.22301226068478044], cca_probs=[0.24021297954426665, 0.25438287739134813, 0.2436880751685471, 0.2617160678958381]"
2026 05 21 20:56:40.750274,SSVEP_UPDATE,"fbcca_quad=3, fbcca_conf=0.2627, fbcca_ratio=1.9930, fbcca_consec=2, fbcca_scores=[0.03612736354583265, 0.05625608947106071, 0.043737505971731365, 0.11211888727120081], fbcca_probs=[0.2434911600888678, 0.2484419866736336, 0.24535123122267052, 0.2627156220148281], cca_quad=3, cca_conf=0.2663, cca_ratio=1.4002, cca_scores=[0.11116494161486681, 0.15275771319953674, 0.12231750517332501, 0.2138864720313659], cca_probs=[0.24027674353966202, 0.2504812653488711, 0.2429714436704113, 0.2662705474410556]"
2026 05 21 20:56:41.764340,SSVEP_UPDATE,"fbcca_quad=2, fbcca_conf=0.2562, fbcca_ratio=1.0662, fbcca_consec=1, fbcca_scores=[0.019766973724098014, 0.06428948261546115, 0.08900991425987972, 0.0834824844443334], fbcca_probs=[0.23906206220897222, 0.2499462017307292, 0.2562019839717001, 0.25478975208859844], cca_quad=3, cca_conf=0.2597, cca_ratio=1.2089, cca_scores=[0.09149303564454384, 0.14767459866276667, 0.14959040800523596, 0.1808379864347327], cca_probs=[0.23746957982676176, 0.2511928807802277, 0.2516745797223224, 0.2596629596706882]"
2026 05 21 20:56:42.796751,SSVEP_UPDATE,"fbcca_quad=3, fbcca_conf=0.2648, fbcca_ratio=1.4179, fbcca_consec=1, fbcca_scores=[0.04585415879623473, 0.03978532404496435, 0.0979856015342846, 0.13893628783364118], fbcca_probs=[0.24125361402935966, 0.2397939195152005, 0.25416411064330136, 0.2647883558121385], cca_quad=3, cca_conf=0.2687, cca_ratio=1.4442, cca_scores=[0.14271786048306456, 0.1128673567979769, 0.16448283555287754, 0.23754934388343069], cca_probs=[0.24437523104961584, 0.23718830760956605, 0.24975235609065216, 0.268684105250166]"
2026 05 21 20:56:43.810729,SSVEP_UPDATE,"fbcca_quad=3, fbcca_conf=0.2582, fbcca_ratio=1.1718, fbcca_consec=2, fbcca_scores=[0.04541987581266509, 0.02656670960759549, 0.08031609264362996, 0.0941125946125522], fbcca_probs=[0.24589760632492066, 0.24130508569122505, 0.2546299797791556, 0.2581673282046987], cca_quad=3, cca_conf=0.2638, cca_ratio=1.2704, cca_scores=[0.12382372622528917, 0.10266537181557005, 0.15805586196504665, 0.2007968770009236], cca_probs=[0.24426575213744073, 0.23915178314969343, 0.25277225777726875, 0.2638102069355971]"
2026 05 21 20:56:44.825641,SSVEP_UPDATE,"fbcca_quad=2, fbcca_conf=0.2646, fbcca_ratio=1.1692, fbcca_consec=1, fbcca_scores=[0.11695390534615477, 0.025117430534258876, 0.13674655941678449, 0.0369377926634586], fbcca_probs=[0.2593801179319303, 0.23662063152510288, 0.2645650817101788, 0.2394341688327882], cca_quad=2, cca_conf=0.2654, cca_ratio=1.2333, cca_scores=[0.1717639833602172, 0.10635276627565005, 0.2118432009672863, 0.11430321586375058], cca_probs=[0.25498922344801017, 0.23884386792900775, 0.2654165558992948, 0.2407503527236873]"
2026 05 21 20:56:45.852989,SSVEP_UPDATE,"fbcca_quad=3, fbcca_conf=0.2537, fbcca_ratio=1.5206, fbcca_consec=1, fbcca_scores=[0.03289171986669484, 0.03201944052583635, 0.02696074666862994, 0.050014587917656825], fbcca_probs=[0.24934640162033642, 0.24912899673816402, 0.24787191169767173, 0.25365268994382784], cca_quad=3, cca_conf=0.2564, cca_ratio=1.1272, cca_scores=[0.09280174869660218, 0.11861153921796788, 0.08857637023819454, 0.13370139999871752], cca_probs=[0.24608255971957518, 0.2525165721315599, 0.245044961439215, 0.2563559067096499]"
2026 05 21 20:56:46.867043,SSVEP_UPDATE,"fbcca_quad=3, fbcca_conf=0.2658, fbcca_ratio=2.7863, fbcca_consec=2, fbcca_scores=[0.029395844570922012, 0.017011188706274757, 0.03991375518112632, 0.11121105931636119], fbcca_probs=[0.2448867410456483, 0.2418726060696814, 0.24747603098738208, 0.2657646218972883], cca_quad=3, cca_conf=0.2685, cca_ratio=1.7531, cca_scores=[0.10114323445760753, 0.09253137793537324, 0.11339106095601241, 0.19878030587526413], cca_probs=[0.24352759549324046, 0.24143937541339805, 0.2465286197274611, 0.2685044093659004]"
2026 05 21 20:56:47.880251,SSVEP_UPDATE,"fbcca_quad=3, fbcca_conf=0.2710, fbcca_ratio=1.9526, fbcca_consec=3, fbcca_scores=[0.005812523618042729, 0.07876681916516513, 0.04815307406309927, 0.1537996607114867], fbcca_probs=[0.23373064925388548, 0.25141970555262055, 0.24383942910982814, 0.2710102160836659], cca_quad=3, cca_conf=0.2755, cca_ratio=1.3089, cca_scores=[0.04700479990530825, 0.2001877410949115, 0.1384716090921327, 0.26202445349517306], cca_probs=[0.2221627391080239, 0.25893915557731895, 0.24344157651256276, 0.27545652880209437]"
2026 05 21 20:56:48.894411,SSVEP_UPDATE,"fbcca_quad=3, fbcca_conf=0.2616, fbcca_ratio=1.3244, fbcca_consec=4, fbcca_scores=[0.04112824754211055, 0.10006334293047073, 0.07283938010679712, 0.13252097380157318], fbcca_probs=[0.23874183556316797, 0.25323499144209227, 0.24643392744829565, 0.261589245546444], cca_quad=1, cca_conf=0.2642, cca_ratio=1.0469, cca_scores=[0.12864113865224452, 0.2504662381490746, 0.15641542760183197, 0.23924377400514435], cca_probs=[0.23393612687038587, 0.2642440784222703, 0.2405246081145386, 0.26129518659280515]"
2026 05 21 20:56:49.923669,SSVEP_UPDATE,"fbcca_quad=3, fbcca_conf=0.2637, fbcca_ratio=1.1658, fbcca_consec=5, fbcca_scores=[0.05117243862147086, 0.15236082243943525, 0.11142267967287302, 0.1776179382063748], fbcca_probs=[0.23237575353449108, 0.2571203009892426, 0.24680682110539723, 0.26369712437086906], cca_quad=1, cca_conf=0.2706, cca_ratio=1.1305, cca_scores=[0.147695479726231, 0.3067178370036568, 0.17617470749230085, 0.27131624065324084], cca_probs=[0.23079553560344115, 0.2705764135967353, 0.23746290435206618, 0.26116514644775735]"
2026 05 21 20:56:50.957073,SSVEP_UPDATE,"fbcca_quad=3, fbcca_conf=0.2627, fbcca_ratio=1.2043, fbcca_consec=6, fbcca_scores=[0.04392021662665535, 0.15103711368687256, 0.147604001882373, 0.1818876650413707], fbcca_probs=[0.22881974733628144, 0.25469110581328575, 0.2538182219826445, 0.26267092486778826], cca_quad=1, cca_conf=0.2698, cca_ratio=1.1208, cca_scores=[0.1292435456846836, 0.3105876898037811, 0.2104638147748204, 0.2771179783394829], cca_probs=[0.22508303952811365, 0.26983577759073174, 0.2441272651437368, 0.26095391773741783]"
2026 05 21 20:56:51.977844,SSVEP_UPDATE,"fbcca_quad=3, fbcca_conf=0.2785, fbcca_ratio=3.9515, fbcca_consec=7, fbcca_scores=[0.04901948405523578, 0.047478966196626116, 0.04503398855433526, 0.19370040144312992], fbcca_probs=[0.24095492202306168, 0.2405840124323429, 0.23999650841062287, 0.2784645571339725], cca_quad=3, cca_conf=0.2797, cca_ratio=1.9817, cca_scores=[0.1440568375282059, 0.1470176204038461, 0.12554398457969326, 0.29133897065531866], cca_probs=[0.24135330970551508, 0.24206896337663847, 0.2369262763207879, 0.27965145059705854]"
2026 05 21 20:56:52.986531,SSVEP_UPDATE,"fbcca_quad=3, fbcca_conf=0.2811, fbcca_ratio=2.8276, fbcca_consec=8, fbcca_scores=[0.034963362630711085, 0.07296539195075179, 0.03139282069688585, 0.20631793890213987], fbcca_probs=[0.23685004462147607, 0.2460240381179975, 0.23600586958316283, 0.28112004767736365], cca_quad=3, cca_conf=0.2778, cca_ratio=1.6795, cca_scores=[0.1277684767617161, 0.1696457512897546, 0.12645174435033435, 0.28491295071522044], cca_probs=[0.23743859087485564, 0.24759300763238978, 0.23712615352986882, 0.27784224796288576]"
2026 05 21 20:56:54.002661,SSVEP_UPDATE,"fbcca_quad=3, fbcca_conf=0.2744, fbcca_ratio=1.2397, fbcca_consec=9, fbcca_scores=[0.03698018205016205, 0.061826542403005676, 0.1776379430359963, 0.22022381647521103], fbcca_probs=[0.2284515758256658, 0.23419887000564588, 0.26295476649519206, 0.27439478767349623], cca_quad=3, cca_conf=0.2760, cca_ratio=1.3994, cca_scores=[0.10798408720086379, 0.13183983534425306, 0.2014855274963991, 0.28195225581754135], cca_probs=[0.23190167212623553, 0.23750037512034788, 0.2546308616706132, 0.2759670910828033]"
2026 05 21 20:56:55.034274,SSVEP_UPDATE,"fbcca_quad=2, fbcca_conf=0.2692, fbcca_ratio=1.2447, fbcca_consec=1, fbcca_scores=[0.053262873486052846, 0.048937025013292036, 0.18435891133199706, 0.14811223775426513], fbcca_probs=[0.2361133486975069, 0.23509416413696263, 0.26918746119541537, 0.2596050259701152], cca_quad=3, cca_conf=0.2670, cca_ratio=1.2886, cca_scores=[0.1653443760595733, 0.15173343297259395, 0.2039263281198628, 0.262781875508312], cca_probs=[0.24223868993969716, 0.23896392976074812, 0.25176736696532126, 0.2670300133342334]"
2026 05 21 20:56:56.050560,SSVEP_UPDATE,"fbcca_quad=3, fbcca_conf=0.2668, fbcca_ratio=1.4628, fbcca_consec=1, fbcca_scores=[0.02842668013345892, 0.11391462459163512, 0.09256209067666138, 0.1666292750450318], fbcca_probs=[0.2323585626417881, 0.25309619950464635, 0.24774924300786866, 0.2667959948456969], cca_quad=3, cca_conf=0.2691, cca_ratio=1.2475, cca_scores=[0.09202416235864488, 0.18335293581879922, 0.11082723648746706, 0.22873353444030065], cca_probs=[0.23468090904068256, 0.25712324720285107, 0.23913537919512204, 0.26906046456134436]"
2026 05 21 20:56:57.072072,SSVEP_UPDATE,"fbcca_quad=3, fbcca_conf=0.2578, fbcca_ratio=1.6211, fbcca_consec=2, fbcca_scores=[0.04531432252061877, 0.05446141228999132, 0.04199655489154677, 0.08828694159499167], fbcca_probs=[0.24692662202224125, 0.24919564365200497, 0.2461087343997258, 0.257768999926028], cca_quad=3, cca_conf=0.2613, cca_ratio=1.2371, cca_scores=[0.12971028650988273, 0.1531363161333055, 0.1062827007078505, 0.18944999507645136], cca_probs=[0.24617763195051293, 0.25201267555813656, 0.24047731737643932, 0.26133237511491114]"
2026 05 21 20:56:58.087123,SSVEP_UPDATE,"fbcca_quad=0, fbcca_conf=0.2582, fbcca_ratio=1.0103, fbcca_consec=1, fbcca_scores=[0.09070277291580521, 0.08978039844531856, 0.01663123261589543, 0.034544940906352226], fbcca_probs=[0.2581928982415332, 0.25795485750196134, 0.23975928308317743, 0.24409296117332807], cca_quad=1, cca_conf=0.2676, cca_ratio=1.3556, cca_scores=[0.15607700376332426, 0.2115855306109509, 0.08895591940943287, 0.11391599827120585], cca_probs=[0.2531084622981139, 0.2675553948485367, 0.23667715972287892, 0.24265898313047046]"
2026 05 21 20:56:59.114453,SSVEP_UPDATE,"fbcca_quad=1, fbcca_conf=0.2625, fbcca_ratio=2.3621, fbcca_consec=1, fbcca_scores=[0.03880098419370493, 0.10170033948757672, 0.043055943077615684, 0.027117271525383874], fbcca_probs=[0.2464530503948497, 0.26245269747704714, 0.24750393213490318, 0.2435903199932], cca_quad=1, cca_conf=0.2745, cca_ratio=1.9059, cca_scores=[0.12374431139996256, 0.23584148237675107, 0.11160979989262308, 0.09161159297032366], cca_probs=[0.24540248146618046, 0.27451250490641377, 0.2424426366849557, 0.23764237694245002]"
2026 05 21 20:56:59.114453,PHASE_TIMEOUT,
2026 05 21 20:57:02.120266,PHASE_SSVEP,
2026 05 21 20:57:02.252819,SSVEP_UPDATE,"fbcca_quad=2, fbcca_conf=0.2554, fbcca_ratio=1.0124, fbcca_consec=1, fbcca_scores=[0.05748449433190358, 0.08184329116068367, 0.08285667555976388, 0.02175532435764198], fbcca_probs=[0.24905010590132562, 0.25519115749833143, 0.2554498953144141, 0.24030884128592891], cca_quad=1, cca_conf=0.2616, cca_ratio=1.2192, cca_scores=[0.14333314650530685, 0.1747456081492767, 0.13398344436990156, 0.06257211358213605], cca_probs=[0.2534842036243099, 0.2615731481464422, 0.2511252467806833, 0.23381740144856455]"
2026 05 21 20:57:03.268111,SSVEP_UPDATE,"fbcca_quad=1, fbcca_conf=0.2663, fbcca_ratio=1.7071, fbcca_consec=1, fbcca_scores=[0.08480939038632386, 0.15796462667134525, 0.04052962166582335, 0.09253434849178178], fbcca_probs=[0.24750400355303165, 0.2662889491294565, 0.23678368175535935, 0.24942336556215253], cca_quad=1, cca_conf=0.2648, cca_ratio=1.3142, cca_scores=[0.1591478415021123, 0.20915676163350963, 0.08858409463514912, 0.14622975092503238], cca_probs=[0.2518692604570802, 0.26478523549269145, 0.23470898811426216, 0.2486365159359662]"
2026 05 21 20:57:04.277691,SSVEP_UPDATE,"fbcca_quad=1, fbcca_conf=0.2690, fbcca_ratio=1.5696, fbcca_consec=2, fbcca_scores=[0.05032287739139179, 0.18110064219417146, 0.07945349271011204, 0.1153811146731961], fbcca_probs=[0.23604419918611194, 0.26902298901692573, 0.24302144427584363, 0.2519113675211187], cca_quad=1, cca_conf=0.2646, cca_ratio=1.3255, cca_scores=[0.1377926483178925, 0.22077476079690989, 0.12794301352244233, 0.1665535079261734], cca_probs=[0.24355198944841253, 0.26462468556884855, 0.24116486674100235, 0.25065845824173655]"
2026 05 21 20:57:05.306464,SSVEP_UPDATE,"fbcca_quad=1, fbcca_conf=0.2667, fbcca_ratio=1.4325, fbcca_consec=3, fbcca_scores=[0.04765292289830215, 0.1687378520179234, 0.07829748977914085, 0.11778911743421991], fbcca_probs=[0.2362673179934315, 0.26667982898695297, 0.24361970764940163, 0.25343314537021383], cca_quad=1, cca_conf=0.2632, cca_ratio=1.2271, cca_scores=[0.14481775651064788, 0.2176096907770989, 0.12248994697113796, 0.1773406329213413], cca_probs=[0.24470915114042674, 0.2631863407879354, 0.23930587792194802, 0.25279863014968984]"
2026 05 21 20:57:06.322333,SSVEP_UPDATE,"fbcca_quad=3, fbcca_conf=0.2635, fbcca_ratio=1.4285, fbcca_consec=1, fbcca_scores=[0.08198321048016309, 0.10327710595768731, 0.04362154365763326, 0.14753498887035793], fbcca_probs=[0.24681393610046548, 0.25212592197792205, 0.23752504980982128, 0.26353509211179127], cca_quad=3, cca_conf=0.2645, cca_ratio=1.3106, cca_scores=[0.16024689666178948, 0.1664551449141173, 0.09931152787210162, 0.21816234813277877], cca_probs=[0.24957964487121428, 0.2511339169265838, 0.23482550663614266, 0.2644609315660592]"
2026 05 21 20:57:07.353384,SSVEP_UPDATE,"fbcca_quad=3, fbcca_conf=0.2690, fbcca_ratio=2.4187, fbcca_consec=2, fbcca_scores=[0.051463037505342826, 0.06119661865141509, 0.034851570273699874, 0.14801682191151252], fbcca_probs=[0.2442195870519531, 0.24660832484699283, 0.24019625066110112, 0.26897583743995296], cca_quad=3, cca_conf=0.2715, cca_ratio=1.8313, cca_scores=[0.12079811532685036, 0.10793987544255375, 0.09992968877202422, 0.22122049919245557], cca_probs=[0.24556692099919578, 0.2424295762130515, 0.24049542684361558, 0.2715080759441371]"
2026 05 21 20:57:08.368876,SSVEP_UPDATE,"fbcca_quad=3, fbcca_conf=0.2892, fbcca_ratio=1.9508, fbcca_consec=3, fbcca_scores=[0.07237849307763866, 0.1469671779526058, 0.040066654114960715, 0.2867053894179197], fbcca_probs=[0.23339003250982127, 0.2514639648103879, 0.22596930565539752, 0.2891766970243933], cca_quad=3, cca_conf=0.2809, cca_ratio=1.6946, cca_scores=[0.14869511868113053, 0.17982101952098403, 0.10786133100582901, 0.30473237343958387], cca_probs=[0.24035723986038526, 0.24795622460199032, 0.23074022909462713, 0.2809463064429973]"
2026 05 21 20:57:09.381732,SSVEP_UPDATE,"fbcca_quad=3, fbcca_conf=0.2849, fbcca_ratio=2.0437, fbcca_consec=4, fbcca_scores=[0.10021343294319028, 0.12870065541147938, 0.022793035251849645, 0.2630235605375587], fbcca_probs=[0.24205978655540045, 0.24905455528451065, 0.22402650031491902, 0.2848591578451699], cca_quad=3, cca_conf=0.2822, cca_ratio=1.7292, cca_scores=[0.15743467107790388, 0.17497453376904748, 0.07822394828674128, 0.30256753889410676], cca_probs=[0.24403737389525926, 0.24835551502148898, 0.22545276349448937, 0.2821543475887624]"
2026 05 21 20:57:10.411257,SSVEP_UPDATE,"fbcca_quad=3, fbcca_conf=0.2679, fbcca_ratio=1.6045, fbcca_consec=5, fbcca_scores=[0.10441864980136416, 0.12144790796720971, 0.07769119453373514, 0.19486850513998538], fbcca_probs=[0.24476998388686586, 0.24897392857007866, 0.23831455793114928, 0.26794152961190626], cca_quad=3, cca_conf=0.2655, cca_ratio=1.3248, cca_scores=[0.18062644442179704, 0.1617673109050841, 0.13122272230187543, 0.239302099346091], cca_probs=[0.25040405089527906, 0.245725899065799, 0.2383337720210499, 0.265536278017872]"
2026 05 21 20:57:11.442194,SSVEP_UPDATE,"fbcca_quad=2, fbcca_conf=0.2607, fbcca_ratio=1.6442, fbcca_consec=1, fbcca_scores=[0.07264583187266883, 0.04944831517282849, 0.11944768889256188, 0.06693269231642926], fbcca_probs=[0.24880034827668565, 0.24309522621147134, 0.2607214556508936, 0.2473829698609494], cca_quad=2, cca_conf=0.2598, cca_ratio=1.2608, cca_scores=[0.14518262055057454, 0.11654225277334872, 0.18305103291479896, 0.13254662118463395], cca_probs=[0.25013732931397786, 0.24307492193057367, 0.25979126889909215, 0.24699647985635623]"
2026 05 21 20:57:12.464034,SSVEP_UPDATE,"fbcca_quad=3, fbcca_conf=0.2550, fbcca_ratio=1.4436, fbcca_consec=1, fbcca_scores=[0.04030904446961522, 0.04030428125814946, 0.01505493710954439, 0.05818937923288385], fbcca_probs=[0.2504320897769961, 0.2504308969188356, 0.24418684189140932, 0.254950171412759], cca_quad=0, cca_conf=0.2578, cca_ratio=1.1513, cca_scores=[0.13375501404124704, 0.09822729671540567, 0.062484184045336975, 0.11617659099379254], cca_probs=[0.257806322694465, 0.24880784667693145, 0.24007173770640958, 0.2533140929221939]"
2026 05 21 20:57:13.487489,SSVEP_UPDATE,"fbcca_quad=0, fbcca_conf=0.2532, fbcca_ratio=1.1620, fbcca_consec=1, fbcca_scores=[0.03971729199747876, 0.020607510919132887, 0.03418152362387506, 0.01395230225163006], fbcca_probs=[0.2531571689873867, 0.24836532230464212, 0.25175962135669677, 0.2467178873512743], cca_quad=0, cca_conf=0.2594, cca_ratio=1.3878, cca_scores=[0.1349271814854322, 0.09722116008649619, 0.0899110574491669, 0.0688925739202827], cca_probs=[0.2593982223270912, 0.24979945037822845, 0.24798004886514516, 0.24282227842953508]"
2026 05 21 20:57:14.504205,SSVEP_UPDATE,"fbcca_quad=3, fbcca_conf=0.2553, fbcca_ratio=1.1598, fbcca_consec=1, fbcca_scores=[0.02571970456370998, 0.028799521454591866, 0.05602247753307775, 0.06497659267915118], fbcca_probs=[0.24546571063140957, 0.24622286542371885, 0.2530178498198621, 0.25529357412500947], cca_quad=3, cca_conf=0.2605, cca_ratio=1.3969, cca_scores=[0.11060689811870145, 0.08766790608826588, 0.09865077811739069, 0.15451015324955206], cca_probs=[0.24935675682351885, 0.2437018708218024, 0.24639316932305116, 0.2605482030316275]"
2026 05 21 20:57:15.514125,SSVEP_UPDATE,"fbcca_quad=3, fbcca_conf=0.2810, fbcca_ratio=2.2442, fbcca_consec=2, fbcca_scores=[0.035919392686373536, 0.0998044300761876, 0.057398236128574504, 0.22397707070197076], fbcca_probs=[0.23285141619802904, 0.2482125880422666, 0.2379068938618286, 0.28102910189787567], cca_quad=3, cca_conf=0.2807, cca_ratio=1.7396, cca_scores=[0.13473086669789378, 0.1671374268432731, 0.09599604341492747, 0.29074684623756314], cca_probs=[0.24016592418981278, 0.24807635836445022, 0.23104100647540968, 0.2807167109703273]"
2026 05 21 20:57:16.543992,SSVEP_UPDATE,"fbcca_quad=3, fbcca_conf=0.3000, fbcca_ratio=1.7694, fbcca_consec=3, fbcca_scores=[0.05426729710186071, 0.19847220530681092, 0.03835178843558674, 0.351183169121665], fbcca_probs=[0.22296378315235105, 0.2575500986610898, 0.21944329065615847, 0.30004282753040074], cca_quad=3, cca_conf=0.2837, cca_ratio=1.5507, cca_scores=[0.11430644113759199, 0.19905165653878057, 0.09277533032620329, 0.30867486039840863], cca_probs=[0.233553053579156, 0.2542084187694671, 0.22857814672862117, 0.2836603809227557]"
2026 05 21 20:57:17.569712,SSVEP_UPDATE,"fbcca_quad=3, fbcca_conf=0.2855, fbcca_ratio=2.0742, fbcca_consec=4, fbcca_scores=[0.015708182879981204, 0.11178365125650029, 0.020744703163154493, 0.23186636937910793], fbcca_probs=[0.23003364944323554, 0.2532307348395815, 0.23119514106727976, 0.28554047464990323], cca_quad=3, cca_conf=0.2857, cca_ratio=1.7677, cca_scores=[0.07328449459326764, 0.1608056462554641, 0.0689478429673255, 0.2842602060747018], cca_probs=[0.23137326896365307, 0.2525359061069451, 0.2303720562251399, 0.28571876870426194]"
2026 05 21 20:57:18.581451,SSVEP_UPDATE,"fbcca_quad=3, fbcca_conf=0.2675, fbcca_ratio=1.2042, fbcca_consec=5, fbcca_scores=[0.00360331991702817, 0.11452383219295768, 0.01841231982088415, 0.13791493392566478], fbcca_probs=[0.23386482060358738, 0.261298588579268, 0.23735389580206082, 0.2674826950150838], cca_quad=3, cca_conf=0.2767, cca_ratio=1.2699, cca_scores=[0.03445058749721295, 0.17828177963356562, 0.04727243625319434, 0.2263975583773801], cca_probs=[0.2283522189274418, 0.2636758344743143, 0.23129896755392979, 0.27667297904431415]"
2026 05 21 20:57:19.606064,SSVEP_UPDATE,"fbcca_quad=3, fbcca_conf=0.2864, fbcca_ratio=1.3589, fbcca_consec=6, fbcca_scores=[0.013219547102612523, 0.19690141900657568, 0.024869032774885006, 0.26757048139252804], fbcca_probs=[0.2220753863540335, 0.2668532213056205, 0.2246775780543287, 0.28639381428601723], cca_quad=3, cca_conf=0.2790, cca_ratio=1.2380, cca_scores=[0.072211375952378, 0.22703339412974052, 0.08917722067611639, 0.28106268699417125], cca_probs=[0.2264071059654706, 0.2643190115651823, 0.23028106332631526, 0.2789928191430319]"
2026 05 21 20:57:20.618454,SSVEP_UPDATE,"fbcca_quad=3, fbcca_conf=0.2711, fbcca_ratio=3.8800, fbcca_consec=7, fbcca_scores=[0.03682022854724852, 0.032312943633572504, 0.03059924251174404, 0.1428633339927117], fbcca_probs=[0.2438327988901285, 0.24273624808410907, 0.2423206269303929, 0.27111032609536956], cca_quad=3, cca_conf=0.2747, cca_ratio=1.8790, cca_scores=[0.13096967220178132, 0.11100160729798844, 0.11354525346626103, 0.24609153623247457], cca_probs=[0.24480004034431938, 0.2399603378050552, 0.2405714889454595, 0.2746681329051659]"
2026 05 21 20:57:21.647315,SSVEP_UPDATE,"fbcca_quad=3, fbcca_conf=0.2777, fbcca_ratio=3.7943, fbcca_consec=8, fbcca_scores=[0.023700787759993246, 0.04204931368762596, 0.04753135660406069, 0.18034991650424095], fbcca_probs=[0.23740451258188128, 0.24180074428333898, 0.24312994638335308, 0.2776647967514267], cca_quad=3, cca_conf=0.2835, cca_ratio=2.1627, cca_scores=[0.11892486125230618, 0.13312125927134927, 0.09729557059206491, 0.28790578350369517], cca_probs=[0.23940637909176693, 0.24282932661279577, 0.2342837876474399, 0.2834805066479974]"
2026 05 21 20:57:22.656161,SSVEP_UPDATE,"fbcca_quad=3, fbcca_conf=0.2983, fbcca_ratio=2.2582, fbcca_consec=9, fbcca_scores=[0.08424738257516978, 0.16161267154340042, 0.11721700380861656, 0.36495885394176614], fbcca_probs=[0.225325335956872, 0.24344975698075677, 0.23287804782764396, 0.29834685923472715], cca_quad=3, cca_conf=0.2893, cca_ratio=2.0896, cca_scores=[0.16537089900669774, 0.16910667582485014, 0.12606122677232057, 0.3533727201088641], cca_probs=[0.2396913884545722, 0.24058849664171733, 0.23045198718971693, 0.2892681277139936]"
2026 05 21 20:57:23.682420,SSVEP_UPDATE,"fbcca_quad=3, fbcca_conf=0.3216, fbcca_ratio=1.5406, fbcca_consec=10, fbcca_scores=[0.049143014610476585, 0.3407889159013964, 0.10370540316243766, 0.5250341671843805], fbcca_probs=[0.1998339335784292, 0.26750348407065927, 0.21104029315723755, 0.32162228919367397], cca_quad=3, cca_conf=0.2943, cca_ratio=1.5358, cca_scores=[0.1288990219500013, 0.25322020963179165, 0.10617890047299923, 0.3889055993552334], cca_probs=[0.22691924006633657, 0.25695869990659675, 0.22182173461556742, 0.29430032541149914]"
2026 05 21 20:57:24.697199,SSVEP_UPDATE,"fbcca_quad=3, fbcca_conf=0.3090, fbcca_ratio=1.5100, fbcca_consec=11, fbcca_scores=[0.030263452342984137, 0.2819401391269049, 0.06415124625891067, 0.4257436406192612], fbcca_probs=[0.20808424766512237, 0.2676338249250941, 0.21525660508109676, 0.30902532232868674], cca_quad=3, cca_conf=0.2892, cca_ratio=1.4618, cca_scores=[0.10503427242910264, 0.24627506918377923, 0.12454746402301181, 0.36000548469818094], cca_probs=[0.22412322390553488, 0.25812315192514024, 0.22853953131025653, 0.28921409285906835]"
2026 05 21 20:57:25.721468,SSVEP_UPDATE,"fbcca_quad=3, fbcca_conf=0.3018, fbcca_ratio=1.5928, fbcca_consec=12, fbcca_scores=[0.034499850545503266, 0.2263864883459257, 0.028785419910150836, 0.36059493187091957], fbcca_probs=[0.21779934028289755, 0.2638711245285448, 0.21655829038438143, 0.3017712448041762], cca_quad=3, cca_conf=0.2914, cca_ratio=1.5020, cca_scores=[0.11981663103216136, 0.23318181121218515, 0.06051847871426308, 0.3502311275310229], cca_probs=[0.23139639942457121, 0.2591734256841891, 0.2180739231566782, 0.2913562517345615]"
2026 05 21 20:57:26.730088,SSVEP_UPDATE,"fbcca_quad=3, fbcca_conf=0.2766, fbcca_ratio=1.1195, fbcca_consec=13, fbcca_scores=[0.04889266185129377, 0.20827719271241005, 0.020033338496656387, 0.23316207602549677], fbcca_probs=[0.23006055559629887, 0.2698124506287551, 0.22351605280749456, 0.2766109409674515], cca_quad=3, cca_conf=0.2744, cca_ratio=1.0549, cca_scores=[0.12033053097760298, 0.2608880102144283, 0.05390535125409536, 0.2752025053471256], cca_probs=[0.2350642172677747, 0.2705389880089089, 0.21995732759466596, 0.2744394671286504]"
2026 05 21 20:57:27.771292,SSVEP_UPDATE,"fbcca_quad=3, fbcca_conf=0.2669, fbcca_ratio=1.7260, fbcca_consec=14, fbcca_scores=[0.0930810680344582, 0.04206865734525645, 0.08086943256105093, 0.16065457086986643], fbcca_probs=[0.24949860766035087, 0.23709026271534747, 0.24647034923854735, 0.2669407803857543], cca_quad=3, cca_conf=0.2762, cca_ratio=1.6220, cca_scores=[0.17249498938150948, 0.15235069874557916, 0.1074077861736562, 0.27977845448303784], cca_probs=[0.2481209318682306, 0.2431727181592074, 0.23248577784700877, 0.2762205721255533]"
2026 05 21 20:57:28.787303,SSVEP_UPDATE,"fbcca_quad=3, fbcca_conf=0.2703, fbcca_ratio=1.7615, fbcca_consec=15, fbcca_scores=[0.09554633756454464, 0.03981094439518086, 0.10580028746046011, 0.1863668549367443], fbcca_probs=[0.24684236116454225, 0.23346088004784527, 0.24938649177046898, 0.27031026701714356], cca_quad=3, cca_conf=0.2792, cca_ratio=1.7204, cca_scores=[0.17354894947169713, 0.1424860122905979, 0.12934987314860155, 0.2985737078959409], cca_probs=[0.2463445828431194, 0.23881002512322444, 0.23569349778811316, 0.27915189424554304]"
2026 05 21 20:57:29.817689,SSVEP_UPDATE,"fbcca_quad=3, fbcca_conf=0.2691, fbcca_ratio=1.6445, fbcca_consec=16, fbcca_scores=[0.09057794521394451, 0.0343681700365345, 0.022245474376941247, 0.1489563575875732], fbcca_probs=[0.25384532528322745, 0.23997034441615467, 0.23707881891668287, 0.2691055113839351], cca_quad=3, cca_conf=0.2731, cca_ratio=1.4205, cca_scores=[0.16074482986084895, 0.09904560109025547, 0.06429940479888813, 0.2283302805571988], cca_probs=[0.25522270165739747, 0.2399516092965787, 0.23175738699697085, 0.27306830204905297]"
2026 05 21 20:57:30.834311,SSVEP_UPDATE,"fbcca_quad=3, fbcca_conf=0.2853, fbcca_ratio=2.0723, fbcca_consec=17, fbcca_scores=[0.05414397201421971, 0.11926294962002498, 0.02527536078696739, 0.24715239583578444], fbcca_probs=[0.23519875884475172, 0.25102434252377204, 0.2285059679103276, 0.2852709307211487], cca_quad=3, cca_conf=0.2828, cca_ratio=1.8178, cca_scores=[0.13892195227016882, 0.16342407922469873, 0.08270173264085516, 0.2970690027121897], cca_probs=[0.24145991700352637, 0.24744927490653942, 0.22825952851160344, 0.28283127957833076]"
2026 05 21 20:57:31.861930,SSVEP_UPDATE,"fbcca_quad=3, fbcca_conf=0.3007, fbcca_ratio=1.4779, fbcca_consec=18, fbcca_scores=[0.03619923475612407, 0.2556377420325948, 0.062965303040265, 0.37780283668660836], fbcca_probs=[0.21368858585226036, 0.266122906388444, 0.21948542231519202, 0.3007030854441036], cca_quad=3, cca_conf=0.2890, cca_ratio=1.3976, cca_scores=[0.10699202985591255, 0.25413046073736156, 0.10179081272403052, 0.35516285688468047], cca_probs=[0.22547886504194486, 0.26122049538145603, 0.22430914512684405, 0.288991494449755]"
2026 05 21 20:57:32.877905,SSVEP_UPDATE,"fbcca_quad=3, fbcca_conf=0.3111, fbcca_ratio=1.9967, fbcca_consec=19, fbcca_scores=[0.023792004254838267, 0.19939706684436945, 0.05133039415240491, 0.39813197219806185], fbcca_probs=[0.21395318458442314, 0.2550251811918475, 0.2199269877404481, 0.3110946464832813], cca_quad=3, cca_conf=0.2984, cca_ratio=1.6793, cca_scores=[0.07383970556021263, 0.22384639204437792, 0.09235183874999343, 0.3759002020023077], cca_probs=[0.2205962021914304, 0.25629793524817196, 0.22471794185534869, 0.2983879207050489]"
2026 05 21 20:57:32.877905,PHASE_TIMEOUT,
2026 05 21 20:57:35.879614,PHASE_SSVEP,
2026 05 21 20:57:35.913179,SSVEP_UPDATE,"fbcca_quad=2, fbcca_conf=0.2579, fbcca_ratio=1.4410, fbcca_consec=1, fbcca_scores=[0.04602899837769919, 0.05069489057559294, 0.0963571561321576, 0.06686842442244538], fbcca_probs=[0.2452572753083246, 0.2464042931655645, 0.257916508124048, 0.25042192340206293], cca_quad=2, cca_conf=0.2643, cca_ratio=1.5523, cca_scores=[0.12333778035028671, 0.11590081356707187, 0.1914561570428113, 0.11111392138143103], cca_probs=[0.246856700183524, 0.24502764484612027, 0.26425812819372135, 0.2438575267766344]"
2026 05 21 20:57:36.934064,SSVEP_UPDATE,"fbcca_quad=1, fbcca_conf=0.2525, fbcca_ratio=1.0377, fbcca_consec=1, fbcca_scores=[0.046486826465464454, 0.07919519406609213, 0.0743374244517658, 0.07631665401815477], fbcca_probs=[0.2443929886977624, 0.25251885183737904, 0.2512951480737637, 0.25179301139109483], cca_quad=2, cca_conf=0.2584, cca_ratio=1.1929, cca_scores=[0.12595275809407452, 0.14290842370537274, 0.17047434753925378, 0.10873815898382547], cca_probs=[0.24718453703069188, 0.2514114491719038, 0.2584382431095109, 0.24296577068789346]"
2026 05 21 20:57:37.949846,SSVEP_UPDATE,"fbcca_quad=3, fbcca_conf=0.2706, fbcca_ratio=1.1179, fbcca_consec=1, fbcca_scores=[0.0225162569919299, 0.16675578451769563, 0.04203219982518924, 0.1864203195309467], fbcca_probs=[0.22972822557245642, 0.2653730335273088, 0.23425562300901875, 0.2706431178912161], cca_quad=1, cca_conf=0.2665, cca_ratio=1.0850, cca_scores=[0.09853152846114606, 0.23056903594894929, 0.11774336326269676, 0.2125074273626438], cca_probs=[0.23357534366191643, 0.2665447650653542, 0.2381061376541394, 0.2617737536185899]"
2026 05 21 20:57:38.963454,SSVEP_UPDATE,"fbcca_quad=3, fbcca_conf=0.2911, fbcca_ratio=1.6911, fbcca_consec=2, fbcca_scores=[0.022874758444968384, 0.17043044311382965, 0.03851396798216752, 0.2882159078432174], fbcca_probs=[0.2232822831555637, 0.2587836797440688, 0.22680169020742444, 0.291132346892943], cca_quad=3, cca_conf=0.2801, cca_ratio=1.4038, cca_scores=[0.0741394098066314, 0.19591303452096726, 0.08610139214284668, 0.2750146949982546], cca_probs=[0.22914733489381833, 0.25882154407508845, 0.2319048510652974, 0.2801262699657958]"
2026 05 21 20:57:39.990610,SSVEP_UPDATE,"fbcca_quad=3, fbcca_conf=0.3076, fbcca_ratio=1.4526, fbcca_consec=3, fbcca_scores=[0.039584309462030225, 0.28107928740524113, 0.020656627583672277, 0.4082904144284007], fbcca_probs=[0.21275400735716993, 0.27086799021251423, 0.20876493819560643, 0.30761306423470935], cca_quad=3, cca_conf=0.2890, cca_ratio=1.3902, cca_scores=[0.09244275696151873, 0.2401449017455508, 0.06509239803852401, 0.3338441347995914], cca_probs=[0.22700343125223676, 0.26313501824439667, 0.22087894120782758, 0.28898260929553893]"
2026 05 21 20:57:40.998225,SSVEP_UPDATE,"fbcca_quad=3, fbcca_conf=0.2839, fbcca_ratio=2.0005, fbcca_consec=4, fbcca_scores=[0.04336189937585902, 0.11742368599354656, 0.021614756482697024, 0.2349036178119391], fbcca_probs=[0.2343854565734232, 0.2524034494212572, 0.22934326787504852, 0.28386782613027106], cca_quad=3, cca_conf=0.2784, cca_ratio=1.8269, cca_scores=[0.1272374193291374, 0.1428709525149868, 0.07228488280279795, 0.2610055389455841], cca_probs=[0.2435807835479856, 0.24741873400564784, 0.23055653670945545, 0.2784439457369111]"
2026 05 21 20:57:42.038707,SSVEP_UPDATE,"fbcca_quad=3, fbcca_conf=0.2620, fbcca_ratio=1.1935, fbcca_consec=5, fbcca_scores=[0.029889807331981037, 0.11023281567956532, 0.06317234444579653, 0.13156742022760462], fbcca_probs=[0.23671284478027327, 0.2565159355217613, 0.24472382216349942, 0.262047397534466], cca_quad=1, cca_conf=0.2605, cca_ratio=1.0460, cca_scores=[0.08415792974272326, 0.1816591147463522, 0.11936974297887354, 0.17366294057266837], cca_probs=[0.23630133673659073, 0.2605016059702915, 0.24477016160975312, 0.25842689568336474]"
2026 05 21 20:57:43.049646,SSVEP_UPDATE,"fbcca_quad=3, fbcca_conf=0.2586, fbcca_ratio=1.0442, fbcca_consec=6, fbcca_scores=[0.03404434317962298, 0.06334296525919217, 0.10984242138976176, 0.11470080735972775], fbcca_probs=[0.23852257857199716, 0.24561434363545165, 0.25730497464382984, 0.2585581031487214], cca_quad=3, cca_conf=0.2573, cca_ratio=1.2299, cca_scores=[0.14695480386786278, 0.1394707943814255, 0.14947535336531628, 0.18384256054377157], cca_probs=[0.24797625290571298, 0.24612732360868556, 0.24860207770521592, 0.2572943457803856]"
2026 05 21 20:57:44.063049,SSVEP_UPDATE,"fbcca_quad=3, fbcca_conf=0.2698, fbcca_ratio=1.4823, fbcca_consec=7, fbcca_scores=[0.061563982458922806, 0.12574434040760454, 0.14449738132548454, 0.21419500212711906], fbcca_probs=[0.23160751367777838, 0.2469595469287915, 0.2516344870846608, 0.2697984523087693], cca_quad=3, cca_conf=0.2629, cca_ratio=1.2270, cca_scores=[0.16353560574975054, 0.19962412989257958, 0.16758965396353845, 0.24493374266482124], cca_probs=[0.2423882451425413, 0.25129543617616273, 0.24337289333183854, 0.2629434253494574]"
2026 05 21 20:57:45.094495,SSVEP_UPDATE,"fbcca_quad=3, fbcca_conf=0.2852, fbcca_ratio=1.6763, fbcca_consec=8, fbcca_scores=[0.039924580860182676, 0.1675605462314101, 0.09159368835531945, 0.28088967384248564], fbcca_probs=[0.22413266955033104, 0.2546459417640163, 0.23601780776327705, 0.28520358092237563], cca_quad=3, cca_conf=0.2769, cca_ratio=1.5057, cca_scores=[0.14147516535553434, 0.20031717831410356, 0.14549426421161823, 0.30161155370436415], cca_probs=[0.23594333451762742, 0.25024330915073245, 0.23689352227370572, 0.27691983405793436]"
2026 05 21 20:57:46.118984,SSVEP_UPDATE,"fbcca_quad=3, fbcca_conf=0.2856, fbcca_ratio=1.6505, fbcca_consec=9, fbcca_scores=[0.0210109792232919, 0.15985750269201715, 0.060296002783955034, 0.26384358226576815], fbcca_probs=[0.22402086913806107, 0.25738827353933486, 0.2329966875336706, 0.28559416978893354], cca_quad=3, cca_conf=0.2781, cca_ratio=1.4589, cca_scores=[0.0822145682895815, 0.1891186694175728, 0.11922390787063963, 0.27590970972828477], cca_probs=[0.22913410574837959, 0.25498674104347435, 0.23777308306169825, 0.2781060701464478]"
2026 05 21 20:57:47.127561,SSVEP_UPDATE,"fbcca_quad=3, fbcca_conf=0.2712, fbcca_ratio=2.0684, fbcca_consec=10, fbcca_scores=[0.04773229523558838, 0.07978498906908764, 0.03635652560526488, 0.16502523066864783], fbcca_probs=[0.24121324223783802, 0.24907001923031188, 0.2384848044257977, 0.2712319341060524], cca_quad=3, cca_conf=0.2711, cca_ratio=1.4069, cca_scores=[0.1783304641609223, 0.18877052194395685, 0.09855547758476904, 0.26557309788498484], cca_probs=[0.24844842537121353, 0.25105582832420065, 0.22939841460997906, 0.27109733169460665]"
2026 05 21 20:57:48.161676,SSVEP_UPDATE,"fbcca_quad=3, fbcca_conf=0.2767, fbcca_ratio=2.5504, fbcca_consec=11, fbcca_scores=[0.04157748418113273, 0.07135200539856337, 0.01908770041861287, 0.18197607839601637], fbcca_probs=[0.24045884413832327, 0.24772604290723807, 0.23511133429128117, 0.27670377866315754], cca_quad=3, cca_conf=0.2804, cca_ratio=1.7026, cca_scores=[0.13705130412703398, 0.16425324579333644, 0.06669081860863899, 0.2796565951812263], cca_probs=[0.24313699855651316, 0.24984157230695664, 0.22661772770928887, 0.28040370142724136]"
2026 05 21 20:57:49.170575,SSVEP_UPDATE,"fbcca_quad=3, fbcca_conf=0.2665, fbcca_ratio=1.6287, fbcca_consec=12, fbcca_scores=[0.02704621754559026, 0.0795756388785068, 0.022611855571907775, 0.12960739571203847], fbcca_probs=[0.24052834780524482, 0.25350090022912936, 0.23946411937705783, 0.26650663258856805], cca_quad=3, cca_conf=0.2676, cca_ratio=1.2802, cca_scores=[0.09341627584154978, 0.15441031189735507, 0.06744318882548708, 0.19767052507804536], cca_probs=[0.2411302356786321, 0.2562955371436816, 0.23494797285325167, 0.2676262543244346]"
2026 05 21 20:57:50.197928,SSVEP_UPDATE,"fbcca_quad=3, fbcca_conf=0.2692, fbcca_ratio=2.1792, fbcca_consec=13, fbcca_scores=[0.067151063910696, 0.06508157840293828, 0.005788528162419218, 0.14633292597924213], fbcca_probs=[0.24870573375590294, 0.24819157305176445, 0.23390332049471027, 0.26919937269762234], cca_quad=3, cca_conf=0.2723, cca_ratio=1.3941, cca_scores=[0.16099798222165687, 0.12611607562889235, 0.035207951827057306, 0.2244419644214279], cca_probs=[0.2555571391641636, 0.24679650105905812, 0.22535027983076744, 0.27229607994601085]"
2026 05 21 20:57:51.212081,SSVEP_UPDATE,"fbcca_quad=3, fbcca_conf=0.2681, fbcca_ratio=2.4840, fbcca_consec=14, fbcca_scores=[0.05050978860381706, 0.0586289764617419, 0.044772750085760135, 0.14563375524168745], fbcca_probs=[0.24377004161091717, 0.24575731297070513, 0.24237552750808047, 0.26809711791029717], cca_quad=3, cca_conf=0.2722, cca_ratio=1.7928, cca_scores=[0.12334672491856725, 0.12022517274581447, 0.07376353261705265, 0.2211330705298795], cca_probs=[0.24683822089557844, 0.24606890386713523, 0.23489766556124994, 0.27219520967603633]"
2026 05 21 20:57:52.246089,SSVEP_UPDATE,"fbcca_quad=3, fbcca_conf=0.2927, fbcca_ratio=2.5752, fbcca_consec=15, fbcca_scores=[0.007840748737161878, 0.10468701214637126, 0.04530912802401091, 0.2695939664928735], fbcca_probs=[0.22527210410136086, 0.2481802474733557, 0.23387280574407202, 0.29267484268121147], cca_quad=3, cca_conf=0.2906, cca_ratio=1.9605, cca_scores=[0.03751573033149363, 0.15524434653275831, 0.09883786348511282, 0.3043577810773351], cca_probs=[0.222518205128927, 0.2503193581563021, 0.23659056000747597, 0.2905718767072949]"
2026 05 21 20:57:53.273080,SSVEP_UPDATE,"fbcca_quad=3, fbcca_conf=0.2880, fbcca_ratio=2.7089, fbcca_consec=16, fbcca_scores=[0.034585211580907674, 0.0850308114166017, 0.098355363511767, 0.26643842781697163], fbcca_probs=[0.2283875875186258, 0.24020428067353722, 0.24342631352632776, 0.28798181828150915], cca_quad=3, cca_conf=0.2874, cca_ratio=2.0957, cca_scores=[0.11075096967995261, 0.15450677738198623, 0.13370255642814943, 0.32379256423362696], cca_probs=[0.2322675171665961, 0.24265619504358954, 0.23766007236483636, 0.28741621542497797]"
2026 05 21 20:57:54.296863,SSVEP_UPDATE,"fbcca_quad=3, fbcca_conf=0.2709, fbcca_ratio=2.1678, fbcca_consec=17, fbcca_scores=[0.07722418153086681, 0.03573696018805118, 0.06250674427112064, 0.16740636029804784], fbcca_probs=[0.24757833929532264, 0.2375171503787609, 0.24396130266289115, 0.27094320766302527], cca_quad=3, cca_conf=0.2749, cca_ratio=1.6483, cca_scores=[0.16167000213212251, 0.1273698216506461, 0.12380963405326403, 0.26647860335819074], cca_probs=[0.24754761876339307, 0.23920066019015593, 0.23835057509556423, 0.27490114595088677]"
2026 05 21 20:57:55.320573,SSVEP_UPDATE,"fbcca_quad=2, fbcca_conf=0.2600, fbcca_ratio=1.5253, fbcca_consec=1, fbcca_scores=[0.02402556818754485, 0.062372871692087155, 0.10448581485788733, 0.0685003546201135], fbcca_probs=[0.23990270918236026, 0.24928099801174775, 0.2600031404034686, 0.25081315240242336], cca_quad=1, cca_conf=0.2565, cca_ratio=1.0209, cca_scores=[0.08806697250194298, 0.17396502672015818, 0.15774742089319124, 0.1704075645586797], cca_probs=[0.23542228056589717, 0.2565385368299048, 0.25241165051880193, 0.2556275320853961]"
2026 05 21 20:57:56.329651,SSVEP_UPDATE,"fbcca_quad=2, fbcca_conf=0.2534, fbcca_ratio=1.0297, fbcca_consec=2, fbcca_scores=[0.08574009732428556, 0.07044232265225205, 0.10413647311064608, 0.10112808544507886], fbcca_probs=[0.24882478398197377, 0.24504728582940485, 0.253444622062814, 0.25268330812580736], cca_quad=3, cca_conf=0.2587, cca_ratio=1.1706, cca_scores=[0.14473652871093823, 0.16863665205925293, 0.1416791703537258, 0.19739806549428987], cca_probs=[0.24538623869062126, 0.2513216460163484, 0.24463715072170109, 0.2586549645713293]"
2026 05 21 20:57:57.356060,SSVEP_UPDATE,"fbcca_quad=3, fbcca_conf=0.2692, fbcca_ratio=1.2177, fbcca_consec=1, fbcca_scores=[0.0962120831738088, 0.1786810177651287, 0.07505607837516652, 0.21757565591215686], fbcca_probs=[0.2384320816096348, 0.25892888047694296, 0.23344079534882411, 0.26919824256459807], cca_quad=3, cca_conf=0.2672, cca_ratio=1.1210, cca_scores=[0.15942190335223827, 0.22716244946477226, 0.10509277864026886, 0.2546447640916714], cca_probs=[0.2428887091242338, 0.2599122040870984, 0.23004483542992535, 0.2671542513587424]"
2026 05 21 20:57:58.380262,SSVEP_UPDATE,"fbcca_quad=1, fbcca_conf=0.2569, fbcca_ratio=1.1912, fbcca_consec=1, fbcca_scores=[0.1389266108139388, 0.16549040676700902, 0.13635454275235775, 0.11112289384937632], fbcca_probs=[0.25019200708856526, 0.2569271154971951, 0.24954932308567676, 0.24333155432856293], cca_quad=1, cca_conf=0.2664, cca_ratio=1.2779, cca_scores=[0.19765304389277089, 0.25258108808046414, 0.12870859766277243, 0.17312000749630557], cca_probs=[0.25216810498395076, 0.2664066744429391, 0.23536829547924235, 0.24605692509386784]"
2026 05 21 20:57:59.390328,SSVEP_UPDATE,"fbcca_quad=1, fbcca_conf=0.2589, fbcca_ratio=1.4110, fbcca_consec=2, fbcca_scores=[0.06147780713416044, 0.11178509121670836, 0.05428166482903396, 0.07922186629838487], fbcca_probs=[0.24616437180488615, 0.25886502191658134, 0.24439929643863378, 0.2505713098398987], cca_quad=1, cca_conf=0.2633, cca_ratio=1.4590, cca_scores=[0.12500028632797242, 0.1823733869499787, 0.09443995493926059, 0.11848860650471392], cca_probs=[0.24860394841665123, 0.26328422766481746, 0.24112144558933396, 0.24699037832919746]"
2026 05 21 20:58:00.415867,SSVEP_UPDATE,"fbcca_quad=3, fbcca_conf=0.2595, fbcca_ratio=1.2579, fbcca_consec=1, fbcca_scores=[0.03773293991354375, 0.09189426007035026, 0.06567681282056523, 0.11559561222616832], fbcca_probs=[0.24009793770811463, 0.2534605612597153, 0.24690182470692873, 0.25953967632524133], cca_quad=3, cca_conf=0.2614, cca_ratio=1.1814, cca_scores=[0.11242205760565724, 0.16755307199040562, 0.13376028848991292, 0.1979510432796093], cca_probs=[0.23994972384651866, 0.2535498452250239, 0.24512484404957965, 0.2613755868788778]"
2026 05 21 20:58:01.442232,SSVEP_UPDATE,"fbcca_quad=3, fbcca_conf=0.2669, fbcca_ratio=2.7310, fbcca_consec=2, fbcca_scores=[0.04864044972825106, 0.04577413546093498, 0.03924487511274028, 0.13283555705365263], fbcca_probs=[0.24536100039062353, 0.2446587256054889, 0.24306648881042045, 0.26691378519346715], cca_quad=3, cca_conf=0.2669, cca_ratio=1.4861, cca_scores=[0.11054037430413474, 0.1327869468158986, 0.08268459570878753, 0.1973380680922815], cca_probs=[0.24475607084689452, 0.2502620722753124, 0.23803228287029576, 0.26694957400749725]"
2026 05 21 20:58:02.470916,SSVEP_UPDATE,"fbcca_quad=3, fbcca_conf=0.2589, fbcca_ratio=1.6043, fbcca_consec=3, fbcca_scores=[0.04293537600032998, 0.05808436163184926, 0.03720762056809357, 0.09318624568126158], fbcca_probs=[0.24623944404376444, 0.24999812002589608, 0.244833076240835, 0.2589293596895044], cca_quad=3, cca_conf=0.2627, cca_ratio=1.1317, cca_scores=[0.17435645070982378, 0.19079508434581452, 0.07844634820102236, 0.2159192746887334], cca_probs=[0.25204415181268347, 0.25622165543720876, 0.22899362740970067, 0.262740565340407]"
2026 05 21 20:58:03.481238,SSVEP_UPDATE,"fbcca_quad=3, fbcca_conf=0.2635, fbcca_ratio=1.2916, fbcca_consec=4, fbcca_scores=[0.05907716212963908, 0.11786697225242695, 0.06686260184144117, 0.15223614909222083], fbcca_probs=[0.24003815514487714, 0.2545730175154531, 0.24191425137100084, 0.26347457596866897], cca_quad=3, cca_conf=0.2585, cca_ratio=1.0555, cca_scores=[0.155372144553075, 0.186598385253864, 0.11276318940202816, 0.1969498561941958], cca_probs=[0.24798763530290455, 0.2558535288923006, 0.23764309139186315, 0.25851574441293174]"
2026 05 21 20:58:04.496936,SSVEP_UPDATE,"fbcca_quad=3, fbcca_conf=0.2763, fbcca_ratio=1.4580, fbcca_consec=5, fbcca_scores=[0.05548621156603723, 0.15683627033360972, 0.06348458452376968, 0.22866483062105278], fbcca_probs=[0.2323542678488371, 0.2571380968273222, 0.2342201761090453, 0.2762874592147954], cca_quad=3, cca_conf=0.2718, cca_ratio=1.2846, cca_scores=[0.12484668199595249, 0.20339799422062993, 0.11326268286114001, 0.26128036518577114], cca_probs=[0.23717024249710064, 0.2565515241357753, 0.2344387141691327, 0.27183951919799143]"
2026 05 21 20:58:05.511972,SSVEP_UPDATE,"fbcca_quad=3, fbcca_conf=0.2676, fbcca_ratio=1.5587, fbcca_consec=6, fbcca_scores=[0.04829435690540564, 0.09446834568812376, 0.022631040622642543, 0.14724511035047608], fbcca_probs=[0.24236949787975345, 0.2538230577495599, 0.2362286273800264, 0.2675788169906602], cca_quad=3, cca_conf=0.2647, cca_ratio=1.3081, cca_scores=[0.12582662213774187, 0.14194532776171198, 0.05607529407345922, 0.1856759878438293], cca_probs=[0.24934225810864302, 0.25339389844372834, 0.23254300023052754, 0.2647208432171011]"
2026 05 21 20:58:06.540139,SSVEP_UPDATE,"fbcca_quad=2, fbcca_conf=0.2602, fbcca_ratio=1.4828, fbcca_consec=1, fbcca_scores=[0.0684525466536428, 0.030354554110717143, 0.10150127976161087, 0.044211978747650996], fbcca_probs=[0.251745199020633, 0.24233461275589938, 0.2602040664430724, 0.24571612178039515], cca_quad=0, cca_conf=0.2593, cca_ratio=1.0648, cca_scores=[0.17083164790378283, 0.0935977244872066, 0.16042801166225318, 0.11028065064982935], cca_probs=[0.25929781329062435, 0.24002506033834478, 0.2566141572590598, 0.24406296911197112]"
2026 05 21 20:58:06.540139,PHASE_TIMEOUT,
2026 05 21 20:58:09.546677,PHASE_SSVEP,
2026 05 21 20:58:09.679559,SSVEP_UPDATE,"fbcca_quad=0, fbcca_conf=0.2597, fbcca_ratio=1.5354, fbcca_consec=1, fbcca_scores=[0.09648370999174058, 0.03832732685865189, 0.03465126135992807, 0.06284144279130366], fbcca_probs=[0.2597092222951278, 0.24503627143138132, 0.2441371556647743, 0.2511173506087166], cca_quad=0, cca_conf=0.2627, cca_ratio=1.2517, cca_scores=[0.19205842433951087, 0.11919834084451171, 0.1031409143668408, 0.15343709218777593], cca_probs=[0.2626901051755204, 0.24423110938346462, 0.24034070483525316, 0.25273808060576175]"
2026 05 21 20:58:10.696271,SSVEP_UPDATE,"fbcca_quad=3, fbcca_conf=0.2567, fbcca_ratio=1.4176, fbcca_consec=1, fbcca_scores=[0.061170505803793664, 0.03937452934764149, 0.05339619591385831, 0.08671568005736494], fbcca_probs=[0.25021456401324854, 0.24481989784167654, 0.24827686036748342, 0.2566886777775916], cca_quad=3, cca_conf=0.2577, cca_ratio=1.0756, cca_scores=[0.1520936353050633, 0.11522337536725527, 0.1011770924410562, 0.16359871933905154], cca_probs=[0.25472964983218677, 0.24550873476144444, 0.24208435581167914, 0.2576772595946897]"
2026 05 21 20:58:11.720523,SSVEP_UPDATE,"fbcca_quad=0, fbcca_conf=0.2524, fbcca_ratio=1.0032, fbcca_consec=1, fbcca_scores=[0.07092056959498531, 0.0452045700298704, 0.05812949756062971, 0.07069338260196742], fbcca_probs=[0.252418480441698, 0.24601003979817077, 0.24921033900032535, 0.25236114075980587], cca_quad=0, cca_conf=0.2559, cca_ratio=1.0754, cca_scores=[0.16534617721888248, 0.1212397832066185, 0.12748819747108017, 0.15375988469734161], cca_probs=[0.25587342123527385, 0.24483303290879163, 0.24636764056327987, 0.25292590529265474]"
2026 05 21 20:58:12.736669,SSVEP_UPDATE,"fbcca_quad=3, fbcca_conf=0.2634, fbcca_ratio=1.8625, fbcca_consec=1, fbcca_scores=[0.0648120960339334, 0.04896904500766911, 0.038176835899237635, 0.12071121518849237], fbcca_probs=[0.24903566432435054, 0.24512126944251467, 0.2424900930865834, 0.2633529731465515], cca_quad=3, cca_conf=0.2667, cca_ratio=1.3756, cca_scores=[0.15688521205860056, 0.11850147570283685, 0.1097710298964349, 0.21580454438667968], cca_probs=[0.25144507232000884, 0.24197655202730367, 0.23987318388419768, 0.2667051917684898]"
2026 05 21 20:58:13.748799,SSVEP_UPDATE,"fbcca_quad=3, fbcca_conf=0.2692, fbcca_ratio=2.1269, fbcca_consec=2, fbcca_scores=[0.03470674429662956, 0.07123371785928644, 0.048650266668905255, 0.1515046101854451], fbcca_probs=[0.23951317335303055, 0.24842360965494018, 0.24287622253253582, 0.26918699445949346], cca_quad=3, cca_conf=0.2748, cca_ratio=1.8040, cca_scores=[0.11145311079637081, 0.13292359844923277, 0.08964605493646838, 0.23979905263842977], cca_probs=[0.2417165030671249, 0.2469623886020749, 0.23650243613340438, 0.2748186721973958]"
2026 05 21 20:58:14.779066,SSVEP_UPDATE,"fbcca_quad=3, fbcca_conf=0.2948, fbcca_ratio=1.7517, fbcca_consec=3, fbcca_scores=[0.00943881214142148, 0.17232732685660856, 0.03642511985083521, 0.3018639803080643], fbcca_probs=[0.22007373074908632, 0.2590059785633587, 0.22609356944560605, 0.29482672124194886], cca_quad=3, cca_conf=0.2856, cca_ratio=1.5377, cca_scores=[0.05922692459873734, 0.19865959401142166, 0.10886566668614706, 0.3054724962960755], cca_probs=[0.223227915719846, 0.256627588638063, 0.2345882935137208, 0.28555620212837013]"
2026 05 21 20:58:15.796595,SSVEP_UPDATE,"fbcca_quad=3, fbcca_conf=0.2862, fbcca_ratio=1.3026, fbcca_consec=4, fbcca_scores=[0.019775881898850965, 0.21741527409796957, 0.047079849541313785, 0.2832148271075347], fbcca_probs=[0.21989616651190858, 0.2679485157746987, 0.22598292248269947, 0.28617239523069327], cca_quad=3, cca_conf=0.2775, cca_ratio=1.3094, cca_scores=[0.10225841547787169, 0.2202613675398393, 0.11304843029601538, 0.28841548772258124], cca_probs=[0.2303772000143048, 0.25923135297528127, 0.23287643254665621, 0.2775150144637577]"
2026 05 21 20:58:16.810588,SSVEP_UPDATE,"fbcca_quad=3, fbcca_conf=0.2948, fbcca_ratio=1.4755, fbcca_consec=5, fbcca_scores=[0.04850934362108003, 0.23687524487756617, 0.07343293871346192, 0.3495116854267786], fbcca_probs=[0.21816320045471646, 0.2633830166722235, 0.22366893811079552, 0.2947848447622645], cca_quad=3, cca_conf=0.2783, cca_ratio=1.3427, cca_scores=[0.16239420773494195, 0.24747444173688787, 0.14688268201259846, 0.332276629032502], cca_probs=[0.23482016361248378, 0.25567323259353725, 0.23120584884171005, 0.27830075495226886]"
2026 05 21 20:58:17.841379,SSVEP_UPDATE,"fbcca_quad=3, fbcca_conf=0.3123, fbcca_ratio=1.2286, fbcca_consec=6, fbcca_scores=[0.04006762924237773, 0.3921783827140971, 0.04292003635430054, 0.4818229229756683], fbcca_probs=[0.20078879629680055, 0.2855349231544819, 0.20136234529609728, 0.31231393525262025], cca_quad=3, cca_conf=0.2867, cca_ratio=1.1610, cca_scores=[0.1270349724900422, 0.33037737281087215, 0.11653414170431099, 0.3835538809658157], cca_probs=[0.22185397818957034, 0.27188027660963393, 0.21953651603941968, 0.28672922916137605]"
2026 05 21 20:58:18.852651,SSVEP_UPDATE,"fbcca_quad=3, fbcca_conf=0.2762, fbcca_ratio=1.1658, fbcca_consec=7, fbcca_scores=[0.059003198798700404, 0.22071694417745993, 0.07795051832253938, 0.257301290051762], fbcca_probs=[0.22655303710819463, 0.2663184630829319, 0.23088653432625558, 0.27624196548261787], cca_quad=3, cca_conf=0.2658, cca_ratio=1.0687, cca_scores=[0.15535657317155405, 0.24708462368189812, 0.13841498500503424, 0.2640715426636037], cca_probs=[0.23842947303529347, 0.26133460730550057, 0.23442412338842436, 0.26581179627078166]"
2026 05 21 20:58:19.880295,SSVEP_UPDATE,"fbcca_quad=3, fbcca_conf=0.2595, fbcca_ratio=1.2725, fbcca_consec=8, fbcca_scores=[0.08092113965554207, 0.11811295843080535, 0.10092435875373316, 0.15030209098320774], fbcca_probs=[0.24213419998905522, 0.25130917062910085, 0.24702643049619627, 0.25953019888564766], cca_quad=3, cca_conf=0.2565, cca_ratio=1.0912, cca_scores=[0.17276123317846806, 0.19779137940586622, 0.1738980687465582, 0.21582237529387588], cca_probs=[0.24567095606298361, 0.25189773957714756, 0.24595040235602914, 0.2564809020038397]"
2026 05 21 20:58:20.906096,SSVEP_UPDATE,"fbcca_quad=0, fbcca_conf=0.2602, fbcca_ratio=1.2255, fbcca_consec=1, fbcca_scores=[0.13470360875979498, 0.0596250727618634, 0.07248033672668, 0.1099137154495124], fbcca_probs=[0.2602229536317575, 0.2414011907971299, 0.24452449929134096, 0.25385135627977157], cca_quad=0, cca_conf=0.2616, cca_ratio=1.0983, cca_scores=[0.2202702088004966, 0.13960096165132746, 0.13704772759099673, 0.20055969213343974], cca_probs=[0.2615659469215942, 0.24129426171574778, 0.24067896681837644, 0.2564608245442816]"
2026 05 21 20:58:21.928899,SSVEP_UPDATE,"fbcca_quad=0, fbcca_conf=0.2661, fbcca_ratio=1.7650, fbcca_consec=2, fbcca_scores=[0.14180393871250888, 0.026852199327776043, 0.08034023232085427, 0.06507261043773523], fbcca_probs=[0.26610359957960056, 0.23720718692554923, 0.25024038569828394, 0.2464488277965663], cca_quad=0, cca_conf=0.2668, cca_ratio=1.4681, cca_scores=[0.2027782422615549, 0.09789405079237437, 0.1092760577159592, 0.13812157141374568], cca_probs=[0.2667695285184352, 0.24020696480889092, 0.24295662076220606, 0.2500668859104678]"
2026 05 21 20:58:22.942015,SSVEP_UPDATE,"fbcca_quad=0, fbcca_conf=0.2706, fbcca_ratio=2.3340, fbcca_consec=3, fbcca_scores=[0.16835847364974865, 0.049270186519417294, 0.06316477974696477, 0.07213265453720832], fbcca_probs=[0.27055263472009006, 0.24017753409986511, 0.2435379952952941, 0.24573183588475064], cca_quad=0, cca_conf=0.2648, cca_ratio=1.5127, cca_scores=[0.18848390730103007, 0.10654913648857091, 0.10246434949116913, 0.12460451494408535], cca_probs=[0.2647585358953886, 0.2439305258170054, 0.24293615385833353, 0.24837478442927252]"
2026 05 21 20:58:23.964462,SSVEP_UPDATE,"fbcca_quad=0, fbcca_conf=0.2533, fbcca_ratio=1.0909, fbcca_consec=4, fbcca_scores=[0.07410247943700086, 0.059179732439188205, 0.06792512843810918, 0.043070306150431656], fbcca_probs=[0.25326239207233836, 0.24951108101845507, 0.2517027236510277, 0.2455238032581789], cca_quad=2, cca_conf=0.2550, cca_ratio=1.0953, cca_scores=[0.12429575124841773, 0.12045597286422435, 0.13613757599762852, 0.08311441890546423], cca_probs=[0.25203296731551933, 0.25106707217391483, 0.2550352386473101, 0.24186472186325575]"
2026 05 21 20:58:24.983223,SSVEP_UPDATE,"fbcca_quad=3, fbcca_conf=0.2583, fbcca_ratio=1.1446, fbcca_consec=1, fbcca_scores=[0.0143035324625516, 0.07342555750583683, 0.03191540604132461, 0.08404115536919499], fbcca_probs=[0.2409116453118486, 0.25558429433460134, 0.24519213382174, 0.25831192653181007], cca_quad=3, cca_conf=0.2610, cca_ratio=1.1223, cca_scores=[0.06913084493835674, 0.14649683052462542, 0.10232391828430969, 0.16441493448992262], cca_probs=[0.23729527959189955, 0.2563827016934327, 0.24530402127794435, 0.2610179974367233]"
2026 05 21 20:58:25.998514,SSVEP_UPDATE,"fbcca_quad=3, fbcca_conf=0.2811, fbcca_ratio=4.0247, fbcca_consec=2, fbcca_scores=[0.03301968059218376, 0.050399947700720676, 0.046177772720970484, 0.2028465386658051], fbcca_probs=[0.23719857852244364, 0.24135718735777717, 0.24034028336410668, 0.2811039507556725], cca_quad=3, cca_conf=0.2813, cca_ratio=2.3016, cca_scores=[0.09624913724111674, 0.11528566942179977, 0.10189121390959857, 0.2653370645561685], cca_probs=[0.2375804146078553, 0.24214644461532536, 0.23892465009592256, 0.2813484906808967]"
2026 05 21 20:58:27.025981,SSVEP_UPDATE,"fbcca_quad=3, fbcca_conf=0.3031, fbcca_ratio=3.6943, fbcca_consec=3, fbcca_scores=[0.04146004993693725, 0.029544179164405635, 0.08634406921163565, 0.31897929258550095], fbcca_probs=[0.22967845740723133, 0.22695787980579454, 0.24022220250780082, 0.3031414602791733], cca_quad=3, cca_conf=0.3008, cca_ratio=3.0086, cca_scores=[0.10225249539519429, 0.10357449881511037, 0.12100616146470072, 0.3640571888582776], cca_probs=[0.23150686903108458, 0.2318131242943271, 0.23588943771547974, 0.3007905689591085]"
2026 05 21 20:58:28.038581,SSVEP_UPDATE,"fbcca_quad=3, fbcca_conf=0.2892, fbcca_ratio=2.4197, fbcca_consec=4, fbcca_scores=[0.031122189538486732, 0.02950051475896254, 0.10552721824286355, 0.2553445407396117], fbcca_probs=[0.2311085034696964, 0.23073402436201626, 0.248960024882564, 0.28919744728572333], cca_quad=3, cca_conf=0.2930, cca_ratio=2.3541, cca_scores=[0.0950017232354869, 0.07718735091917135, 0.13623493654930685, 0.3207052085541619], cca_probs=[0.23377362702351537, 0.22964597154904237, 0.24361435302162684, 0.29296604840581536]"
2026 05 21 20:58:29.070726,SSVEP_UPDATE,"fbcca_quad=3, fbcca_conf=0.2729, fbcca_ratio=2.9968, fbcca_consec=5, fbcca_scores=[0.02738306943652248, 0.009524301858526898, 0.04923267589165771, 0.14754073302164297], fbcca_probs=[0.24200977835002188, 0.23772614601363407, 0.247355788188036, 0.27290828744830803], cca_quad=3, cca_conf=0.2844, cca_ratio=2.6448, cca_scores=[0.09227681982997232, 0.05974939071297424, 0.09806353043077619, 0.25935396606303257], cca_probs=[0.2406365421269215, 0.23293518573454844, 0.24203307291893816, 0.28439519921959183]"
2026 05 21 20:58:30.080792,SSVEP_UPDATE,"fbcca_quad=3, fbcca_conf=0.2736, fbcca_ratio=5.9862, fbcca_consec=6, fbcca_scores=[0.020128220258851737, 0.023144881772066726, 0.006384877829924412, 0.13854972929864545], fbcca_probs=[0.24300802757408022, 0.24374220736746044, 0.23969112987623944, 0.2735586351822199], cca_quad=3, cca_conf=0.2857, cca_ratio=2.4996, cca_scores=[0.09124639688480392, 0.10384074040079382, 0.035105205708907995, 0.2595608773303449], cca_probs=[0.2414649207699308, 0.24452524385766375, 0.22828229881093307, 0.2857275365614724]"
2026 05 21 20:58:31.120846,SSVEP_UPDATE,"fbcca_quad=3, fbcca_conf=0.2610, fbcca_ratio=1.6494, fbcca_consec=7, fbcca_scores=[0.016264748419937667, 0.056675073610519336, 0.03362089209024002, 0.09348192914012264], fbcca_probs=[0.24160295429215642, 0.2515661606620114, 0.24583285104341585, 0.2609980340024164], cca_quad=3, cca_conf=0.2640, cca_ratio=1.3624, cca_scores=[0.08079491476991459, 0.13710966394413376, 0.1212696148146824, 0.18679868678724054], cca_probs=[0.2374698077081186, 0.2512265795050942, 0.24727848966164112, 0.2640251231251461]"
2026 05 21 20:58:32.150444,SSVEP_UPDATE,"fbcca_quad=1, fbcca_conf=0.2606, fbcca_ratio=1.3090, fbcca_consec=1, fbcca_scores=[0.027457472527729072, 0.10155134559134357, 0.03223049577488216, 0.07757800103422595], fbcca_probs=[0.2419497196182699, 0.2605575628615285, 0.24310731166385857, 0.2543854058563431], cca_quad=1, cca_conf=0.2608, cca_ratio=1.2570, cca_scores=[0.10109324269669845, 0.17288705044681366, 0.10943220757200735, 0.13753837046100176], cca_probs=[0.24272286476483293, 0.260789645398126, 0.2447553849877558, 0.2517321048492854]"
2026 05 21 20:58:33.168149,SSVEP_UPDATE,"fbcca_quad=1, fbcca_conf=0.2538, fbcca_ratio=1.1245, fbcca_consec=2, fbcca_scores=[0.07398582221560451, 0.09377928549645148, 0.08339505736886692, 0.06302688187023922], fbcca_probs=[0.24884627501040585, 0.2538208744815706, 0.2511987784015003, 0.2461340721065233], cca_quad=2, cca_conf=0.2543, cca_ratio=1.0287, cca_scores=[0.17106967761202682, 0.1577751340391483, 0.17598429127069481, 0.1309020858007714], cca_probs=[0.2530141204713761, 0.24967267394062032, 0.2542606477145972, 0.2430525578734064]"
2026 05 21 20:58:34.186279,SSVEP_UPDATE,"fbcca_quad=3, fbcca_conf=0.2569, fbcca_ratio=1.6021, fbcca_consec=1, fbcca_scores=[0.04852303406184869, 0.042843090692122915, 0.03173768726600475, 0.0777410046142665], fbcca_probs=[0.24954209634089544, 0.24812872908810193, 0.24538840382239743, 0.2569407707486053], cca_quad=3, cca_conf=0.2597, cca_ratio=1.2140, cca_scores=[0.15102697967715217, 0.1314798274850863, 0.11457884057173906, 0.18335358674195013], cca_probs=[0.25140121358541445, 0.24653475347205514, 0.24240308580864428, 0.25966094713388616]"
2026 05 21 20:58:35.204048,SSVEP_UPDATE,"fbcca_quad=3, fbcca_conf=0.2673, fbcca_ratio=1.8436, fbcca_consec=2, fbcca_scores=[0.034019671251051105, 0.06313438843533908, 0.08123559372215776, 0.14976336306713664], fbcca_probs=[0.23806127941704625, 0.24509425093381348, 0.2495711486684068, 0.2672733209807334], cca_quad=3, cca_conf=0.2739, cca_ratio=1.7973, cca_scores=[0.12190712630947008, 0.14308865505133517, 0.13569133556386076, 0.25716873291851733], cca_probs=[0.23922739077794672, 0.24434863909345048, 0.24254778310922592, 0.2738761870193769]"
2026 05 21 20:58:36.217676,SSVEP_UPDATE,"fbcca_quad=3, fbcca_conf=0.2623, fbcca_ratio=1.0154, fbcca_consec=3, fbcca_scores=[0.043986769597293904, 0.11978486933068813, 0.003398363205784418, 0.12163539360893644], fbcca_probs=[0.24273542223466035, 0.26184956317950775, 0.23308044381165383, 0.2623345707741781], cca_quad=1, cca_conf=0.2695, cca_ratio=1.0701, cca_scores=[0.12421928754175379, 0.2302321843001041, 0.03866138992517094, 0.21514153986752357], cca_probs=[0.24242306345759723, 0.26953474142389944, 0.2225443701944403, 0.2654978249240631]"
2026 05 21 20:58:37.237415,SSVEP_UPDATE,"fbcca_quad=3, fbcca_conf=0.2587, fbcca_ratio=1.0412, fbcca_consec=4, fbcca_scores=[0.033169034767214445, 0.10143102824399737, 0.04303608070502898, 0.10561201261473724], fbcca_probs=[0.24063374316838793, 0.2576335001920002, 0.24301983987041695, 0.258712916769195], cca_quad=1, cca_conf=0.2710, cca_ratio=1.1533, cca_scores=[0.11587497932360775, 0.25379621926688756, 0.09365330712629077, 0.22006483018212503], cca_probs=[0.2360873888747131, 0.2710012052453942, 0.23089899322479776, 0.2620124126550949]"
2026 05 21 20:58:38.246754,SSVEP_UPDATE,"fbcca_quad=3, fbcca_conf=0.2756, fbcca_ratio=2.1175, fbcca_consec=5, fbcca_scores=[0.09347297928486303, 0.10045358339957157, 0.04600594188250174, 0.2127080585645779], fbcca_probs=[0.24466138651658395, 0.24637524572480798, 0.233319351238507, 0.2756440165201011], cca_quad=3, cca_conf=0.2749, cca_ratio=1.3467, cca_scores=[0.17023264774467375, 0.22108589873235202, 0.11262343292143943, 0.2977397437408862], cca_probs=[0.242002999366936, 0.25462792733830597, 0.2284553771653182, 0.2749136961294399]"
2026 05 21 20:58:39.276248,SSVEP_UPDATE,"fbcca_quad=3, fbcca_conf=0.2771, fbcca_ratio=1.3060, fbcca_consec=6, fbcca_scores=[0.07017314027271386, 0.20851991029409087, 0.11407960779112436, 0.27233462230314187], fbcca_probs=[0.2263824281579161, 0.2599716272748202, 0.23654351734492984, 0.2771024272223338], cca_quad=3, cca_conf=0.2684, cca_ratio=1.0537, cca_scores=[0.11422117611822327, 0.2522711361658317, 0.13749882265006627, 0.26581683243777166], cca_probs=[0.23066597044512402, 0.2648121240471125, 0.23609831214694083, 0.26842359336082267]"
2026 05 21 20:58:40.297761,SSVEP_UPDATE,"fbcca_quad=3, fbcca_conf=0.2638, fbcca_ratio=1.5622, fbcca_consec=7, fbcca_scores=[0.06450597440324782, 0.09361465156197346, 0.06285330358771049, 0.14624759941092072], fbcca_probs=[0.2431279542732538, 0.25030909713668004, 0.24272647564617067, 0.26383647294389556], cca_quad=3, cca_conf=0.2644, cca_ratio=1.0916, cca_scores=[0.12432967325095912, 0.22544930033586355, 0.15913194397982766, 0.2461079438312081], cca_probs=[0.2341192479394611, 0.2590316407293435, 0.2424105709708799, 0.26443854036031555]"
2026 05 21 20:58:40.297761,PHASE_TIMEOUT,
2026 05 21 20:58:43.313034,PHASE_SSVEP,
2026 05 21 20:58:43.429364,SSVEP_UPDATE,"fbcca_quad=0, fbcca_conf=0.2584, fbcca_ratio=1.5696, fbcca_consec=1, fbcca_scores=[0.09795317830452564, 0.04597366614883486, 0.053111347015196805, 0.06240713991264787], fbcca_probs=[0.2583595245702662, 0.24527317976560217, 0.2470301242431643, 0.24933717142096742], cca_quad=0, cca_conf=0.2590, cca_ratio=1.3174, cca_scores=[0.15211379596044736, 0.10014362863658291, 0.09781768215964451, 0.11546170048545412], cca_probs=[0.25903244520299434, 0.2459143138527544, 0.24534299500691903, 0.2497102459373323]"
2026 05 21 20:58:44.465208,SSVEP_UPDATE,"fbcca_quad=0, fbcca_conf=0.2670, fbcca_ratio=2.1818, fbcca_consec=2, fbcca_scores=[0.13107902524542145, 0.02769468064116761, 0.06007957715970555, 0.039187205286319284], fbcca_probs=[0.2669908615563376, 0.24076710256086037, 0.2486919503426441, 0.24355008554015792], cca_quad=0, cca_conf=0.2685, cca_ratio=1.5699, cca_scores=[0.1850451729457809, 0.0777351461589191, 0.117867600896614, 0.07018681557277616], cca_probs=[0.2684730457459788, 0.2411551479622995, 0.2510301241784011, 0.23934168211332055]"
2026 05 21 20:58:45.478874,SSVEP_UPDATE,"fbcca_quad=0, fbcca_conf=0.2713, fbcca_ratio=2.7920, fbcca_consec=3, fbcca_scores=[0.15332070308535262, 0.03313741343501447, 0.04000161294020526, 0.0549147434780759], fbcca_probs=[0.27130382684292326, 0.2405808085728656, 0.24223788398173482, 0.24587748060247627], cca_quad=0, cca_conf=0.2713, cca_ratio=2.2806, cca_scores=[0.18629547296760166, 0.06927914217292597, 0.0758824393331438, 0.08168535985069697], cca_probs=[0.271318109353916, 0.2413566311405637, 0.24295565429986662, 0.2443696052056536]"
2026 05 21 20:58:46.494412,SSVEP_UPDATE,"fbcca_quad=0, fbcca_conf=0.2566, fbcca_ratio=1.0238, fbcca_consec=4, fbcca_scores=[0.14667240588370054, 0.10689840783709732, 0.08379451362859791, 0.14326836672585927], fbcca_probs=[0.25662960991421224, 0.24662274990469985, 0.24099012234817563, 0.25575751783291223], cca_quad=0, cca_conf=0.2665, cca_ratio=1.2913, cca_scores=[0.25514568163892737, 0.15463443901301474, 0.154637861770014, 0.1975874521762429], cca_probs=[0.26646629102562475, 0.24098543723907243, 0.2409862620750761, 0.2515620096602268]"
2026 05 21 20:58:47.521230,SSVEP_UPDATE,"fbcca_quad=3, fbcca_conf=0.2630, fbcca_ratio=1.2008, fbcca_consec=1, fbcca_scores=[0.0824815611998819, 0.14549619230821648, 0.09096909319099047, 0.17470932048897206], fbcca_probs=[0.2397977661009049, 0.25539479356673145, 0.24184171910010752, 0.26296572123225614], cca_quad=0, cca_conf=0.2569, cca_ratio=1.0110, cca_scores=[0.22592522898961054, 0.19767721460688192, 0.14555638055792075, 0.22346435985700236], cca_probs=[0.256906592972864, 0.24975103283124275, 0.23706721746799914, 0.2562751567278941]"
2026 05 21 20:58:48.543320,SSVEP_UPDATE,"fbcca_quad=3, fbcca_conf=0.2677, fbcca_ratio=1.6903, fbcca_consec=2, fbcca_scores=[0.09550142067190101, 0.04321035058565191, 0.06787642248528886, 0.16142925001620734], fbcca_probs=[0.25062937461290924, 0.23786045605839498, 0.2438004967404016, 0.2677096725882942], cca_quad=3, cca_conf=0.2718, cca_ratio=1.2598, cca_scores=[0.2133068480628388, 0.12812022868694264, 0.12354963089617514, 0.26873313742599236], cca_probs=[0.25710344091276566, 0.2361086022885484, 0.23503190727684667, 0.2717560495218393]"
2026 05 21 20:58:49.555807,SSVEP_UPDATE,"fbcca_quad=3, fbcca_conf=0.2631, fbcca_ratio=1.4559, fbcca_consec=3, fbcca_scores=[0.0601543257971298, 0.09425303101517679, 0.05021294181813885, 0.13722768545013164], fbcca_probs=[0.24361034963823244, 0.25206039622390375, 0.24120052395953367, 0.26312873017833005], cca_quad=3, cca_conf=0.2692, cca_ratio=1.3017, cca_scores=[0.1327404754105713, 0.18643263199085092, 0.10760928461692325, 0.2426799412701175], cca_probs=[0.2411642136925315, 0.25446676616496683, 0.2351789926982193, 0.26919002744428233]"
2026 05 21 20:58:50.580861,SSVEP_UPDATE,"fbcca_quad=3, fbcca_conf=0.2793, fbcca_ratio=4.4473, fbcca_consec=4, fbcca_scores=[0.022484425769028326, 0.04014891927361434, 0.04170233603065036, 0.1854630951100402], fbcca_probs=[0.2372908909395568, 0.24151975474790774, 0.24189522713913603, 0.2792941271733994], cca_quad=3, cca_conf=0.2866, cca_ratio=2.0353, cca_scores=[0.11673187595053362, 0.14761278595980137, 0.07557290620589138, 0.3004298428034767], cca_probs=[0.23851024255653702, 0.24599056096745978, 0.22889268869203727, 0.28660650778396596]"
2026 05 21 20:58:51.594234,SSVEP_UPDATE,"fbcca_quad=3, fbcca_conf=0.2758, fbcca_ratio=2.6444, fbcca_consec=5, fbcca_scores=[0.06611153661658432, 0.04287336778074469, 0.01588618921480636, 0.17482356635106266], fbcca_probs=[0.24734805091118403, 0.24166640632855144, 0.23523172928745525, 0.27575381347280925], cca_quad=3, cca_conf=0.2798, cca_ratio=1.4400, cca_scores=[0.19154887037232898, 0.12189493097246692, 0.05002643647043893, 0.2758276547790315], cca_probs=[0.25715637965590854, 0.23985400880223415, 0.22322091852262713, 0.2797686930192302]"
2026 05 21 20:58:52.612513,SSVEP_UPDATE,"fbcca_quad=3, fbcca_conf=0.2736, fbcca_ratio=1.3075, fbcca_consec=6, fbcca_scores=[0.04373518965053235, 0.15132380439066775, 0.027046209134029706, 0.1978533878327209], fbcca_probs=[0.23453984754760104, 0.2611811201967926, 0.23065809791915562, 0.2736209343364507], cca_quad=3, cca_conf=0.2717, cca_ratio=1.3103, cca_scores=[0.16503123203321185, 0.1966857294722334, 0.06908476085272623, 0.25771160127079534], cca_probs=[0.24766056826496288, 0.25562553757047973, 0.22500275827753588, 0.27171113588702156]"
2026 05 21 20:58:53.636292,SSVEP_UPDATE,"fbcca_quad=3, fbcca_conf=0.2586, fbcca_ratio=1.2603, fbcca_consec=7, fbcca_scores=[0.020720477750310353, 0.0706086868389461, 0.03910726478805181, 0.08899055290029496], fbcca_probs=[0.24152460736375037, 0.2538794557828887, 0.24600654684893752, 0.25858939000442344], cca_quad=3, cca_conf=0.2646, cca_ratio=1.1843, cca_scores=[0.09657150243070037, 0.17226036981092951, 0.11199184615283125, 0.2040087709603139], cca_probs=[0.23766586705491327, 0.25635280357831697, 0.24135915914824363, 0.26462217021852613]"
2026 05 21 20:58:54.641418,SSVEP_UPDATE,"fbcca_quad=3, fbcca_conf=0.2705, fbcca_ratio=1.4537, fbcca_consec=8, fbcca_scores=[0.023337917717915692, 0.12292235248814048, 0.06836276331870962, 0.17869524776316587], fbcca_probs=[0.23154360874596358, 0.25578894357148935, 0.24220708323782408, 0.270460364444723], cca_quad=3, cca_conf=0.2700, cca_ratio=1.2649, cca_scores=[0.09461684840030572, 0.19641277475321567, 0.13965409220406877, 0.24843533362005918], cca_probs=[0.23150808903042414, 0.25631591870163756, 0.24217293019318303, 0.27000306207475533]"
2026 05 21 20:58:55.671302,SSVEP_UPDATE,"fbcca_quad=3, fbcca_conf=0.2821, fbcca_ratio=2.2458, fbcca_consec=9, fbcca_scores=[0.06857916862075956, 0.10606501615522701, 0.04488066138633316, 0.2381978712488152], fbcca_probs=[0.2381161931713631, 0.24721158977170163, 0.2325395350750764, 0.28213268198185887], cca_quad=3, cca_conf=0.2817, cca_ratio=1.6850, cca_scores=[0.15706655407000272, 0.18859730409884207, 0.11880061232433449, 0.3177950388588959], cca_probs=[0.23987395333014572, 0.24755786210063543, 0.2308683533559446, 0.2816998312132743]"
2026 05 21 20:58:56.704203,SSVEP_UPDATE,"fbcca_quad=3, fbcca_conf=0.2746, fbcca_ratio=1.7222, fbcca_consec=10, fbcca_scores=[0.11550156044069389, 0.06463286168686085, 0.032771077066629635, 0.198912429374223], fbcca_probs=[0.25265342892887527, 0.24012269088676796, 0.2325925522767851, 0.27463132790757167], cca_quad=3, cca_conf=0.2796, cca_ratio=1.6670, cca_scores=[0.16993065232037682, 0.14571595517207953, 0.07531907293733929, 0.2832809605958184], cca_probs=[0.2496363692573225, 0.24366410033805372, 0.2271007511462065, 0.27959877925841736]"
2026 05 21 20:58:57.712080,SSVEP_UPDATE,"fbcca_quad=3, fbcca_conf=0.2849, fbcca_ratio=1.7788, fbcca_consec=11, fbcca_scores=[0.16814948799878562, 0.18414988876108343, 0.09233575465397888, 0.3275627941034381], fbcca_probs=[0.24295783487432507, 0.24687652429874232, 0.22521920579347351, 0.2849464350334591], cca_quad=3, cca_conf=0.2749, cca_ratio=1.4292, cca_scores=[0.21593428946408308, 0.20941758456729737, 0.11128019225834646, 0.3086067731506158], cca_probs=[0.2505485232827357, 0.24892108103405075, 0.22565302012142308, 0.2748773755617905]"
2026 05 21 20:58:58.736965,SSVEP_UPDATE,"fbcca_quad=3, fbcca_conf=0.2721, fbcca_ratio=1.3364, fbcca_consec=12, fbcca_scores=[0.08602956151000352, 0.17589134101418277, 0.09699285311995655, 0.23505370995668845], fbcca_probs=[0.23442549212527133, 0.2564668934972286, 0.23700970702317747, 0.2720979073543225], cca_quad=3, cca_conf=0.2657, cca_ratio=1.1908, cca_scores=[0.1897094521687155, 0.2304502397224386, 0.15481936884727085, 0.2744277961828807], cca_probs=[0.24415826305361996, 0.2543108713612098, 0.23578645666848483, 0.2657444089166854]"
2026 05 21 20:58:59.768104,SSVEP_UPDATE,"fbcca_quad=1, fbcca_conf=0.2606, fbcca_ratio=1.2392, fbcca_consec=1, fbcca_scores=[0.03224997803944617, 0.14098668427093655, 0.1137699044996095, 0.10794899137850737], fbcca_probs=[0.23372997030692372, 0.26057824537158547, 0.25358178706853174, 0.25210999725295896], cca_quad=1, cca_conf=0.2615, cca_ratio=1.2130, cca_scores=[0.1313937848426973, 0.22342253993827782, 0.18419679948495254, 0.17249169779200044], cca_probs=[0.23851704820680505, 0.26150922073501875, 0.2514499096663524, 0.24852382139182375]"
2026 05 21 20:59:00.778397,SSVEP_UPDATE,"fbcca_quad=2, fbcca_conf=0.2550, fbcca_ratio=1.0202, fbcca_consec=1, fbcca_scores=[0.02363092762566195, 0.080465485311021, 0.08209025765032668, 0.06222224301673096], fbcca_probs=[0.2404986107359526, 0.2545631326497378, 0.25497707597704466, 0.24996118063726497], cca_quad=1, cca_conf=0.2557, cca_ratio=1.0520, cca_scores=[0.11210296004037225, 0.17908181914466487, 0.17023034231434686, 0.16321541870226947], cca_probs=[0.23914496443115635, 0.255711223073019, 0.25345778892956355, 0.25168602356626113]"
2026 05 21 20:59:01.801570,SSVEP_UPDATE,"fbcca_quad=2, fbcca_conf=0.2594, fbcca_ratio=1.0753, fbcca_consec=2, fbcca_scores=[0.026906687900096284, 0.10723289872575582, 0.1380152015526777, 0.12834686277912735], fbcca_probs=[0.23213056715155134, 0.25154608508094, 0.2594096614230095, 0.2569136863444992], cca_quad=3, cca_conf=0.2579, cca_ratio=1.0315, cca_scores=[0.10614403581093623, 0.16078522627403496, 0.1879068085093435, 0.1938220534840577], cca_probs=[0.23623926903984835, 0.2495068410245582, 0.25636646275070046, 0.25788742718489305]"
2026 05 21 20:59:02.828085,SSVEP_UPDATE,"fbcca_quad=2, fbcca_conf=0.2670, fbcca_ratio=1.8181, fbcca_consec=3, fbcca_scores=[0.014509658661495116, 0.039092236753445316, 0.13084311736217702, 0.07196658707888415], fbcca_probs=[0.23767662849132845, 0.2435917392340568, 0.266998890958792, 0.25173274131582274], cca_quad=2, cca_conf=0.2623, cca_ratio=1.0557, cca_scores=[0.09222686550172544, 0.12711737231774792, 0.20238850705672917, 0.19170680950643249], cca_probs=[0.23493142992991858, 0.24327298086032767, 0.262291197022877, 0.25950439218687665]"
2026 05 21 20:59:03.845231,SSVEP_UPDATE,"fbcca_quad=3, fbcca_conf=0.2688, fbcca_ratio=1.7229, fbcca_consec=1, fbcca_scores=[0.025211933687929563, 0.09607072488513566, 0.10014159785549526, 0.17253471329859096], fbcca_probs=[0.23202039753910952, 0.2490575712118316, 0.2500735194416105, 0.26884851180744834], cca_quad=3, cca_conf=0.2697, cca_ratio=1.4611, cca_scores=[0.11252494170568281, 0.1758061995543396, 0.17356549926850515, 0.25687717302476915], cca_probs=[0.2334507128896848, 0.24870121419770544, 0.2481445731817028, 0.26970349973090696]"
2026 05 21 20:59:04.868893,SSVEP_UPDATE,"fbcca_quad=3, fbcca_conf=0.2889, fbcca_ratio=2.2341, fbcca_consec=2, fbcca_scores=[0.04509827772109327, 0.12600136784830102, 0.07846043312907267, 0.2814970919641185], fbcca_probs=[0.22805692653722007, 0.24727432941243815, 0.2357937379165339, 0.28887500613380795], cca_quad=3, cca_conf=0.2828, cca_ratio=1.6276, cca_scores=[0.1327620596120258, 0.21250332219004067, 0.18608038788967085, 0.3458803645361885], cca_probs=[0.22855558802610643, 0.24752725990235108, 0.2410725155580866, 0.2828446365134558]"
2026 05 21 20:59:05.899020,SSVEP_UPDATE,"fbcca_quad=3, fbcca_conf=0.3018, fbcca_ratio=2.6496, fbcca_consec=3, fbcca_scores=[0.046047432193265674, 0.13061381620321055, 0.07966916704342777, 0.3460693645150314], fbcca_probs=[0.22359725436832686, 0.24332861284136098, 0.23124278984187557, 0.3018313429484365], cca_quad=3, cca_conf=0.2905, cca_ratio=1.8041, cca_scores=[0.13183788396224555, 0.2105652239688425, 0.17894817633423926, 0.3798703997138977], cca_probs=[0.2266726370033845, 0.24523923141612164, 0.23760678447011213, 0.29048134711038176]"
2026 05 21 20:59:06.927725,SSVEP_UPDATE,"fbcca_quad=3, fbcca_conf=0.2803, fbcca_ratio=3.5418, fbcca_consec=4, fbcca_scores=[0.0518010800399476, 0.03269309897617094, 0.05730961153627288, 0.20297635336834016], fbcca_probs=[0.2409756040701783, 0.23641475982205734, 0.24230668856963128, 0.28030294753813306], cca_quad=3, cca_conf=0.2815, cca_ratio=1.6640, cca_scores=[0.1363488109185345, 0.09774263784993538, 0.1805235245478646, 0.300396890599947], cca_probs=[0.2389163449252871, 0.22986847473066152, 0.24970698814462153, 0.28150819219942985]"
2026 05 21 20:59:07.936166,SSVEP_UPDATE,"fbcca_quad=3, fbcca_conf=0.2561, fbcca_ratio=1.0048, fbcca_consec=5, fbcca_scores=[0.050882202000375625, 0.07080242708356993, 0.10901876291087471, 0.10953868775521548], fbcca_probs=[0.24152310712622044, 0.24638254160682202, 0.25598061299101066, 0.2561137382759469], cca_quad=2, cca_conf=0.2583, cca_ratio=1.0966, cca_scores=[0.16937983695792203, 0.1492554364329553, 0.21560346310605893, 0.19661839091009176], cca_probs=[0.24660923104681112, 0.2416959721212097, 0.25827596613681114, 0.253418830695168]"
2026 05 21 20:59:08.957307,SSVEP_UPDATE,"fbcca_quad=1, fbcca_conf=0.2594, fbcca_ratio=1.0384, fbcca_consec=1, fbcca_scores=[0.042641710131554, 0.13695310424101464, 0.08537721696653286, 0.13189275296961975], fbcca_probs=[0.23607629105898428, 0.25942468106393934, 0.2463838108594614, 0.2581152170176149], cca_quad=2, cca_conf=0.2516, cca_ratio=1.0073, cca_scores=[0.1606702382504528, 0.18066485455231374, 0.1819891414760263, 0.17907956599771038], cca_probs=[0.24628579797781433, 0.2512597484162438, 0.2515927088344303, 0.2508617447715116]"
2026 05 21 20:59:09.975505,SSVEP_UPDATE,"fbcca_quad=1, fbcca_conf=0.2613, fbcca_ratio=1.2087, fbcca_consec=2, fbcca_scores=[0.046361557228303645, 0.13132256735671927, 0.05946683811299925, 0.10864875884466485], fbcca_probs=[0.24003067916501167, 0.2613153080892208, 0.24319705141714068, 0.2554569613286269], cca_quad=1, cca_conf=0.2560, cca_ratio=1.1585, cca_scores=[0.16262324818123114, 0.19100095895083172, 0.14961437133559052, 0.16486564863714867], cca_probs=[0.24887356816059586, 0.25603719320668233, 0.2456569700885316, 0.24943226854419023]"
2026 05 21 20:59:11.005391,SSVEP_UPDATE,"fbcca_quad=3, fbcca_conf=0.2571, fbcca_ratio=1.2565, fbcca_consec=1, fbcca_scores=[0.052070701848632134, 0.08528891442860403, 0.0719882933515622, 0.10716621004225393], fbcca_probs=[0.24327734112473967, 0.251494300337558, 0.24817141713739452, 0.2570569414003078], cca_quad=3, cca_conf=0.2600, cca_ratio=1.2238, cca_scores=[0.14735312330469164, 0.16467930006985174, 0.13364378640611643, 0.20152904906370706], cca_probs=[0.24633383453310365, 0.2506390468278481, 0.24297980430236513, 0.26004731433668316]"
2026 05 21 20:59:12.016872,SSVEP_UPDATE,"fbcca_quad=3, fbcca_conf=0.2642, fbcca_ratio=1.3003, fbcca_consec=2, fbcca_scores=[0.10577314095579139, 0.14339869504011926, 0.08694692834677066, 0.18646839135946153], fbcca_probs=[0.24368058651235192, 0.2530238745597138, 0.23913591766137302, 0.2641596212665613], cca_quad=3, cca_conf=0.2680, cca_ratio=1.2417, cca_scores=[0.15826441106743827, 0.21245419727268622, 0.137816735897027, 0.26381488901526184], cca_probs=[0.24115171557983017, 0.25458023380975026, 0.23627079542898088, 0.2679972551814387]"
2026 05 21 20:59:13.048898,SSVEP_UPDATE,"fbcca_quad=3, fbcca_conf=0.2707, fbcca_ratio=1.7922, fbcca_consec=3, fbcca_scores=[0.042768642168776246, 0.10151118123850232, 0.0775628890240275, 0.18192661957040748], fbcca_probs=[0.23555935934772815, 0.24981121121363214, 0.24389972683389752, 0.27072970260474216], cca_quad=3, cca_conf=0.2740, cca_ratio=1.4349, cca_scores=[0.11680689573329443, 0.19126874501849359, 0.14086303412971998, 0.2744463336202932], cca_probs=[0.23406069724300363, 0.2521545822152655, 0.2397595653244653, 0.27402515521726556]"
2026 05 21 20:59:14.062097,SSVEP_UPDATE,"fbcca_quad=3, fbcca_conf=0.2842, fbcca_ratio=2.1053, fbcca_consec=4, fbcca_scores=[0.028315700955065682, 0.11444785666308904, 0.05283177597898431, 0.2409500409826498], fbcca_probs=[0.22979516272169295, 0.2504653207827026, 0.23549846379410255, 0.284241052701502], cca_quad=3, cca_conf=0.2793, cca_ratio=1.5730, cca_scores=[0.09028239438020609, 0.18115262109167818, 0.12883122524077156, 0.2849525620438989], cca_probs=[0.22992001807052626, 0.2517915915379399, 0.23895621439657644, 0.2793321759949574]"
2026 05 21 20:59:14.062097,PHASE_TIMEOUT,
2026 05 21 20:59:17.071251,PHASE_SSVEP,
2026 05 21 20:59:17.186685,SSVEP_UPDATE,"fbcca_quad=1, fbcca_conf=0.2568, fbcca_ratio=1.2654, fbcca_consec=1, fbcca_scores=[0.0688603109891937, 0.08713523902134239, 0.023754993752236067, 0.059610371012888255], fbcca_probs=[0.252198384971289, 0.2568496637495236, 0.24107563019863795, 0.24987632108054944], cca_quad=1, cca_conf=0.2570, cca_ratio=1.0159, cca_scores=[0.14961280911713584, 0.15198970555290886, 0.09418876650881351, 0.10012546560657866], cca_probs=[0.2563983693901636, 0.2570085266135059, 0.24257436490888287, 0.24401873908744762]"
2026 05 21 20:59:18.215564,SSVEP_UPDATE,"fbcca_quad=1, fbcca_conf=0.2594, fbcca_ratio=1.9414, fbcca_consec=2, fbcca_scores=[0.03785312317058065, 0.080798857953305, 0.014338964794338722, 0.041619339017991634], fbcca_probs=[0.24848333790006752, 0.25938709659377746, 0.2427086212153272, 0.24942094429082776], cca_quad=1, cca_conf=0.2628, cca_ratio=1.4033, cca_scores=[0.10975177042753607, 0.15401442896177225, 0.06707085987212348, 0.0825503777802745], cca_probs=[0.2514686273168585, 0.2628493089022083, 0.24096153836896989, 0.24472052541196326]"
2026 05 21 20:59:19.228156,SSVEP_UPDATE,"fbcca_quad=0, fbcca_conf=0.2550, fbcca_ratio=1.4408, fbcca_consec=1, fbcca_scores=[0.0675220705787067, 0.046847979675966406, 0.02903785204906756, 0.046865093134378435], fbcca_probs=[0.2550148699929884, 0.24979679472735797, 0.24538726562865837, 0.24980106965099524], cca_quad=0, cca_conf=0.2566, cca_ratio=1.1902, cca_scores=[0.14055728065882483, 0.11809789962263167, 0.09293185880773186, 0.10622946110953294], cca_probs=[0.25657232289574267, 0.25087409617975753, 0.24463936918256557, 0.24791421174193431]"
2026 05 21 20:59:20.243459,SSVEP_UPDATE,"fbcca_quad=0, fbcca_conf=0.2548, fbcca_ratio=1.4048, fbcca_consec=2, fbcca_scores=[0.08204680906496635, 0.054704245039701185, 0.0584050665648247, 0.0564698848726343], fbcca_probs=[0.25481532231625686, 0.24794240779023333, 0.24886169840600078, 0.24838057148750903], cca_quad=0, cca_conf=0.2569, cca_ratio=1.0678, cca_scores=[0.15318052040950525, 0.14345249319369704, 0.09121163450546417, 0.11528740054753008], cca_probs=[0.25686819911813435, 0.2543814932679837, 0.24143353638133588, 0.2473167712325461]"
2026 05 21 20:59:21.276990,SSVEP_UPDATE,"fbcca_quad=3, fbcca_conf=0.2565, fbcca_ratio=1.4992, fbcca_consec=1, fbcca_scores=[0.032120549753100296, 0.05119289624411954, 0.043968583431104956, 0.07674993411057004], fbcca_probs=[0.24528957294140868, 0.25001271822768945, 0.24821305663027493, 0.25648465220062694], cca_quad=3, cca_conf=0.2543, cca_ratio=1.0249, cca_scores=[0.10628556532922988, 0.12477860071008914, 0.083256807825383, 0.12788807928576051], cca_probs=[0.2488963309061062, 0.2535420034551734, 0.24323005175363197, 0.25433161388508846]"
2026 05 21 20:59:22.304551,SSVEP_UPDATE,"fbcca_quad=3, fbcca_conf=0.2655, fbcca_ratio=1.2621, fbcca_consec=2, fbcca_scores=[0.01565668907238334, 0.09942272999824403, 0.01648624296689876, 0.1254786417213851], fbcca_probs=[0.23785264545478316, 0.2586348926064929, 0.23805003890607426, 0.26546242303264966], cca_quad=1, cca_conf=0.2670, cca_ratio=1.1894, cca_scores=[0.08823149781260321, 0.1935027707537552, 0.06044179374578763, 0.16268478221906604], cca_probs=[0.24033262898421384, 0.26701242444945045, 0.23374580321055452, 0.2589091433557813]"
2026 05 21 20:59:23.330946,SSVEP_UPDATE,"fbcca_quad=3, fbcca_conf=0.2641, fbcca_ratio=1.8785, fbcca_consec=3, fbcca_scores=[0.04127889775528059, 0.05829810702352898, 0.007473383354862515, 0.109513326451082], fbcca_probs=[0.2466370647445623, 0.2508705557104745, 0.23843872715920664, 0.26405365238575657], cca_quad=3, cca_conf=0.2657, cca_ratio=1.2291, cca_scores=[0.14388586296597541, 0.1664292725138157, 0.05402785254338652, 0.20456228028479323], cca_probs=[0.2500365409779696, 0.2557372322069485, 0.22854864147835505, 0.2656775853367268]"
2026 05 21 20:59:24.354560,SSVEP_UPDATE,"fbcca_quad=3, fbcca_conf=0.2667, fbcca_ratio=3.8524, fbcca_consec=4, fbcca_scores=[0.02789887164622441, 0.029361084342602133, 0.02114970179369567, 0.11311170679564059], fbcca_probs=[0.24487683108010197, 0.2452351550006057, 0.2432296804563417, 0.26665833346295065], cca_quad=3, cca_conf=0.2745, cca_ratio=1.9374, cca_scores=[0.11926631157875701, 0.12094725334826832, 0.08162810637169485, 0.2343193139164951], cca_probs=[0.24469761287278935, 0.24510928120948514, 0.23565880322426047, 0.274534302693465]"
2026 05 21 20:59:25.376565,SSVEP_UPDATE,"fbcca_quad=3, fbcca_conf=0.2576, fbcca_ratio=1.4163, fbcca_consec=5, fbcca_scores=[0.07460798565265882, 0.06845700067166406, 0.053528111177663026, 0.10566833316505682], fbcca_probs=[0.24971554901553247, 0.24818426669923518, 0.24450667072193824, 0.25759351356329413], cca_quad=3, cca_conf=0.2608, cca_ratio=1.2930, cca_scores=[0.14750671765153062, 0.13220793725411273, 0.1226576422363976, 0.19072218896838458], cca_probs=[0.24972295544461037, 0.24593157448967023, 0.24359403526060502, 0.26075143480511437]"
2026 05 21 20:59:26.395177,SSVEP_UPDATE,"fbcca_quad=3, fbcca_conf=0.2545, fbcca_ratio=1.0669, fbcca_consec=6, fbcca_scores=[0.0777801522696247, 0.02211922001438982, 0.07699408589497447, 0.08298513304595381], fbcca_probs=[0.2531458059210332, 0.23944043935231715, 0.2529468947040668, 0.25446686002258284], cca_quad=3, cca_conf=0.2618, cca_ratio=1.3833, cca_scores=[0.138382079857468, 0.1176860968724551, 0.13288786333704497, 0.19142690957921624], cca_probs=[0.24823045974598043, 0.24314588301721712, 0.24687036759491185, 0.26175328964189065]"
2026 05 21 20:59:27.412588,SSVEP_UPDATE,"fbcca_quad=0, fbcca_conf=0.2685, fbcca_ratio=1.3536, fbcca_consec=1, fbcca_scores=[0.15630200267630912, 0.028372752751245043, 0.034175640882677084, 0.1154718373519448], fbcca_probs=[0.2684603891427972, 0.23622249272163723, 0.23759725034563806, 0.25771986778992756], cca_quad=3, cca_conf=0.2665, cca_ratio=1.1335, cca_scores=[0.19852524252946624, 0.10878306157964825, 0.107188520340583, 0.22502704485106545], cca_probs=[0.25948863853877285, 0.2372159098814598, 0.2368379607384188, 0.26645749084134857]"
2026 05 21 20:59:28.422866,SSVEP_UPDATE,"fbcca_quad=3, fbcca_conf=0.2720, fbcca_ratio=1.8914, fbcca_consec=1, fbcca_scores=[0.08782537642677446, 0.09883713860543994, 0.029955948163829065, 0.18693643303698806], fbcca_probs=[0.24636399360860897, 0.24909188720833722, 0.23251172709721885, 0.272032392085835], cca_quad=3, cca_conf=0.2737, cca_ratio=1.3172, cca_scores=[0.15080518482794994, 0.21510270875640325, 0.1141478945100569, 0.28333273989707275], cca_probs=[0.23968592155441942, 0.2556033758678812, 0.23105877509313139, 0.27365192748456796]"
2026 05 21 20:59:29.455347,SSVEP_UPDATE,"fbcca_quad=3, fbcca_conf=0.2713, fbcca_ratio=2.0720, fbcca_consec=2, fbcca_scores=[0.08657966012765289, 0.07639939134062736, 0.04334482168899733, 0.17939333521199574], fbcca_probs=[0.24723008929418822, 0.24472598836977694, 0.236768909531849, 0.27127501280418576], cca_quad=3, cca_conf=0.2740, cca_ratio=1.4218, cca_scores=[0.17096939766451777, 0.2086259719884648, 0.13660613817366482, 0.29662670049860473], cca_probs=[0.24163411124760062, 0.2509067156754503, 0.23347182021975912, 0.27398735285718995]"
2026 05 21 20:59:30.462499,SSVEP_UPDATE,"fbcca_quad=0, fbcca_conf=0.2733, fbcca_ratio=2.4199, fbcca_consec=1, fbcca_scores=[0.1902523445237665, 0.0575322579874113, 0.07861970102251821, 0.07290142248059697], fbcca_probs=[0.27327212732382705, 0.23930718404690635, 0.2444071442320988, 0.24301354439716782], cca_quad=0, cca_conf=0.2587, cca_ratio=1.1421, cca_scores=[0.22315345691476385, 0.18849736332580286, 0.14672308049884403, 0.19538619044968972], cca_probs=[0.2587342429180815, 0.2499211210311833, 0.23969590786072875, 0.25164872819000644]"
2026 05 21 20:59:31.491268,SSVEP_UPDATE,"fbcca_quad=2, fbcca_conf=0.2579, fbcca_ratio=1.1383, fbcca_consec=1, fbcca_scores=[0.10319219253134443, 0.03763385324828002, 0.11746400410130409, 0.08462023167329842], fbcca_probs=[0.25429000051879647, 0.23815387795462828, 0.257945200611692, 0.24961092091488318], cca_quad=3, cca_conf=0.2582, cca_ratio=1.1198, cca_scores=[0.17635762555513435, 0.14346731113697897, 0.14255593341678766, 0.19747830422726706], cca_probs=[0.2527963580037499, 0.24461705358472186, 0.24439421661185626, 0.25819237179967197]"
2026 05 21 20:59:32.505593,SSVEP_UPDATE,"fbcca_quad=0, fbcca_conf=0.2619, fbcca_ratio=1.0561, fbcca_consec=1, fbcca_scores=[0.14734899535206047, 0.018007986649828354, 0.13952111418636232, 0.09280596547658226], fbcca_probs=[0.261931317386476, 0.23015231141936207, 0.2598889542771874, 0.24802741691697452], cca_quad=3, cca_conf=0.2596, cca_ratio=1.0062, cca_scores=[0.2067279846340516, 0.0926627520510639, 0.16912793588782907, 0.2080134891991291], cca_probs=[0.25929681902080043, 0.23134455801100118, 0.24972826236415469, 0.2596303606040436]"
2026 05 21 20:59:33.540340,SSVEP_UPDATE,"fbcca_quad=2, fbcca_conf=0.2733, fbcca_ratio=1.5502, fbcca_consec=1, fbcca_scores=[0.03742534070645516, 0.01708710640403907, 0.177757016367781, 0.11466622392046952], fbcca_probs=[0.23748316232293198, 0.23270195954433617, 0.2732612783761432, 0.25655359975658854], cca_quad=3, cca_conf=0.2685, cca_ratio=1.1527, cca_scores=[0.12024155120005464, 0.09406064451136176, 0.20627598591813426, 0.2377798064626902], cca_probs=[0.23873599677400903, 0.2325667821173226, 0.2601849593200152, 0.2685122617886532]"
2026 05 21 20:59:34.567861,SSVEP_UPDATE,"fbcca_quad=3, fbcca_conf=0.2720, fbcca_ratio=2.5384, fbcca_consec=1, fbcca_scores=[0.010417723793780594, 0.0594674682569785, 0.0406294393991673, 0.15095223948308034], fbcca_probs=[0.23630415848088682, 0.24818378166305569, 0.24355224985267443, 0.27195981000338315], cca_quad=3, cca_conf=0.2778, cca_ratio=1.8246, cca_scores=[0.07946811297879211, 0.1409383509978738, 0.1204453747445407, 0.25715846884895643], cca_probs=[0.23257530299724058, 0.24732030909483538, 0.2423035595078177, 0.27780082840010634]"
2026 05 21 20:59:35.582168,SSVEP_UPDATE,"fbcca_quad=3, fbcca_conf=0.2756, fbcca_ratio=1.6175, fbcca_consec=2, fbcca_scores=[0.020852019225079007, 0.12917190685144858, 0.07692310096058834, 0.208930964401682], fbcca_probs=[0.22836233596803154, 0.25448794004020714, 0.24153264552192677, 0.2756170784698345], cca_quad=3, cca_conf=0.2749, cca_ratio=1.3999, cca_scores=[0.09935366759994821, 0.1981383581411754, 0.14551435332448562, 0.27736593695122747], cca_probs=[0.2301013387293043, 0.25399244071173177, 0.24097194135060873, 0.2749342792083552]"
2026 05 21 20:59:36.593454,SSVEP_UPDATE,"fbcca_quad=3, fbcca_conf=0.2969, fbcca_ratio=1.7700, fbcca_consec=3, fbcca_scores=[0.04168246857763188, 0.18214099326890595, 0.02639014286686223, 0.32238300476723686], fbcca_probs=[0.22423121460059184, 0.2580455841905811, 0.22082828351351846, 0.2968949176953086], cca_quad=3, cca_conf=0.2871, cca_ratio=1.5119, cca_scores=[0.12367847663352158, 0.22634886519628275, 0.1048375302573108, 0.342226052610668], cca_probs=[0.23074812201334516, 0.2556980160301372, 0.22644130864238385, 0.2871125533141338]"
2026 05 21 20:59:37.624208,SSVEP_UPDATE,"fbcca_quad=3, fbcca_conf=0.3240, fbcca_ratio=1.7059, fbcca_consec=4, fbcca_scores=[0.04583818453852462, 0.2887477613505507, 0.03153050425303434, 0.49256997471344144], fbcca_probs=[0.20729931998384687, 0.26429695905836087, 0.20435446484952613, 0.3240492561082661], cca_quad=3, cca_conf=0.3005, cca_ratio=1.5336, cca_scores=[0.15278730429526588, 0.2816823134266323, 0.0911911420715602, 0.4319972165469765], cca_probs=[0.22727696063839373, 0.2585436074257573, 0.21370000857889468, 0.30047942335695427]"
2026 05 21 20:59:38.638191,SSVEP_UPDATE,"fbcca_quad=3, fbcca_conf=0.3091, fbcca_ratio=1.4276, fbcca_consec=5, fbcca_scores=[0.03824835881767934, 0.2904625098378359, 0.008357020022122914, 0.41466648901263314], fbcca_probs=[0.2121125232767272, 0.2729615806486329, 0.20586601925789794, 0.3090598768167419], cca_quad=3, cca_conf=0.2902, cca_ratio=1.3446, cca_scores=[0.11897794098378986, 0.26238739425371477, 0.05339312222628592, 0.3528181782350686], cca_probs=[0.22966518442843686, 0.2650800833695678, 0.21508594871291184, 0.2901687834890835]"
2026 05 21 20:59:39.664337,SSVEP_UPDATE,"fbcca_quad=1, fbcca_conf=0.2655, fbcca_ratio=1.0964, fbcca_consec=1, fbcca_scores=[0.015310077621378678, 0.1380395502386938, 0.025900497039867656, 0.12589793750417955], fbcca_probs=[0.23484323510247437, 0.26550871884699456, 0.23734353972829342, 0.2623045063222377], cca_quad=1, cca_conf=0.2654, cca_ratio=1.0550, cca_scores=[0.07925832575410707, 0.20421696994486105, 0.09489722466944314, 0.19357958412048812], cca_probs=[0.2341933728686209, 0.2653648835781441, 0.2378846881736525, 0.2625570553795826]"
2026 05 21 20:59:40.675297,SSVEP_UPDATE,"fbcca_quad=2, fbcca_conf=0.2557, fbcca_ratio=1.6146, fbcca_consec=1, fbcca_scores=[0.019051595190489073, 0.03543494663357884, 0.057212669804964596, 0.026877451293872073], fbcca_probs=[0.24610699270029546, 0.2501722604787743, 0.2556802002206396, 0.2480405466002907], cca_quad=2, cca_conf=0.2569, cca_ratio=1.2139, cca_scores=[0.08896950423309592, 0.1137807560405843, 0.1381220230632699, 0.10230828458813253], cca_probs=[0.24456274097751463, 0.250706551366622, 0.25688394425835237, 0.2478467633975109]"
2026 05 21 20:59:41.702928,SSVEP_UPDATE,"fbcca_quad=3, fbcca_conf=0.2701, fbcca_ratio=2.3366, fbcca_consec=1, fbcca_scores=[0.022368206413956686, 0.027820327500197275, 0.06058681467049014, 0.141570060905319], fbcca_probs=[0.23974935750950901, 0.24106006987144213, 0.2490895927977736, 0.27010097982127523], cca_quad=3, cca_conf=0.2781, cca_ratio=1.7149, cca_scores=[0.07406478262014661, 0.10792572247030921, 0.14882770325491587, 0.25521876624064543], cca_probs=[0.23198254691390227, 0.2399721991763667, 0.24999103585811966, 0.27805421805161146]"
2026 05 21 20:59:42.725660,SSVEP_UPDATE,"fbcca_quad=3, fbcca_conf=0.2962, fbcca_ratio=3.0369, fbcca_consec=2, fbcca_scores=[0.022047724523589045, 0.0803647910891018, 0.09902701188104311, 0.30073895274446255], fbcca_probs=[0.22414136917187866, 0.23760129355467388, 0.24207709565759775, 0.29618024161584977], cca_quad=3, cca_conf=0.2917, cca_ratio=1.6812, cca_scores=[0.07882055022106496, 0.15224642459658877, 0.2152916282388367, 0.3619406105226548], cca_probs=[0.21979591992975422, 0.23654189864342856, 0.2519348587738143, 0.291727322653003]"
2026 05 21 20:59:43.747345,SSVEP_UPDATE,"fbcca_quad=3, fbcca_conf=0.2815, fbcca_ratio=1.3725, fbcca_consec=3, fbcca_scores=[0.025474159754875082, 0.05499878905955244, 0.1837748360723204, 0.2522355021137795], fbcca_probs=[0.22441583106614424, 0.23114040711662556, 0.2629072730095344, 0.2815364888076958], cca_quad=3, cca_conf=0.2842, cca_ratio=1.2967, cca_scores=[0.09337464150788174, 0.13808400437504106, 0.26429980859284957, 0.34272306928735663], cca_probs=[0.22146849567438318, 0.23159489670836658, 0.2627506581840165, 0.2841859494332337]"
2026 05 21 20:59:44.773106,SSVEP_UPDATE,"fbcca_quad=3, fbcca_conf=0.2654, fbcca_ratio=1.5736, fbcca_consec=4, fbcca_scores=[0.01943155149208297, 0.043233768366286604, 0.08185185589323113, 0.12880001923494863], fbcca_probs=[0.23786469596401136, 0.24359432143281848, 0.2531854722539785, 0.2653555103491916], cca_quad=3, cca_conf=0.2684, cca_ratio=1.2322, cca_scores=[0.07905244512765397, 0.1461332785587151, 0.191035046388559, 0.235399232313376], cca_probs=[0.2295100894838828, 0.24543393934616353, 0.25670552034429067, 0.26835045082566295]"
2026 05 21 20:59:45.780092,SSVEP_UPDATE,"fbcca_quad=3, fbcca_conf=0.2582, fbcca_ratio=1.9580, fbcca_consec=5, fbcca_scores=[0.03807581103212437, 0.03368422956346069, 0.021866273174773264, 0.0745510663130166], fbcca_probs=[0.24896134466616157, 0.2478704078607567, 0.24495832750262478, 0.25820991997045695], cca_quad=3, cca_conf=0.2661, cca_ratio=1.4002, cca_scores=[0.10510715577485455, 0.13280102978616506, 0.06706551155919101, 0.18594339392260717], cca_probs=[0.2454019589090154, 0.2522930702022483, 0.23624180325230323, 0.266063167636433]"
2026 05 21 20:59:46.802568,SSVEP_UPDATE,"fbcca_quad=3, fbcca_conf=0.2604, fbcca_ratio=1.7913, fbcca_consec=6, fbcca_scores=[0.03672442185733057, 0.048346571294574016, 0.010576473236406633, 0.0866055638464693], fbcca_probs=[0.24770703483561252, 0.2506027174448331, 0.24131395127580715, 0.26037629644374727], cca_quad=3, cca_conf=0.2666, cca_ratio=1.4111, cca_scores=[0.12434712507855435, 0.1325295017721662, 0.04245021346441324, 0.18701428340665457], cca_probs=[0.2503595605948391, 0.2524165006815665, 0.23067302125132277, 0.2665509174722716]"
2026 05 21 20:59:47.830800,SSVEP_UPDATE,"fbcca_quad=3, fbcca_conf=0.2835, fbcca_ratio=1.4515, fbcca_consec=7, fbcca_scores=[0.0481298377581438, 0.18281879762568728, 0.04499552363617374, 0.26535440536071864], fbcca_probs=[0.22811912391837685, 0.261009531472218, 0.22740524626960928, 0.2834660983397958], cca_quad=3, cca_conf=0.2768, cca_ratio=1.3415, cca_scores=[0.1211143171391811, 0.20906846367296844, 0.09238910231687213, 0.2804570262154533], cca_probs=[0.23605163399414078, 0.2577537613325898, 0.22936746184629406, 0.2768271428269753]"
2026 05 21 20:59:47.830800,PHASE_TIMEOUT,
2026 05 21 20:59:50.842815,PHASE_SSVEP,
2026 05 21 20:59:50.959096,SSVEP_UPDATE,"fbcca_quad=2, fbcca_conf=0.2524, fbcca_ratio=1.1163, fbcca_consec=1, fbcca_scores=[0.0669979369507952, 0.07552223302632925, 0.08430451863331215, 0.07260670883404885], fbcca_probs=[0.24803786730062258, 0.25016125284524443, 0.2523679160055473, 0.2494329638485857], cca_quad=0, cca_conf=0.2548, cca_ratio=1.0084, cca_scores=[0.17090875384036489, 0.14513240842174555, 0.16947766584157772, 0.12143749134561316], cca_probs=[0.2547864519067126, 0.24830290832287558, 0.25442209085168654, 0.24248854891872532]"
2026 05 21 20:59:51.979485,SSVEP_UPDATE,"fbcca_quad=2, fbcca_conf=0.2666, fbcca_ratio=3.5398, fbcca_consec=2, fbcca_scores=[0.030200216263395037, 0.014657012828995213, 0.10690324116472279, 0.016013231076955882], fbcca_probs=[0.246900685141944, 0.24309272815351793, 0.2665839480924276, 0.24342263861211055], cca_quad=2, cca_conf=0.2757, cca_ratio=1.9065, cca_scores=[0.11354452347953867, 0.07509795842825175, 0.21647098669137285, 0.06181866290310982], cca_probs=[0.2487387594816654, 0.2393571102641101, 0.2757045028205528, 0.23619962743367162]"
2026 05 21 20:59:52.994963,SSVEP_UPDATE,"fbcca_quad=3, fbcca_conf=0.2635, fbcca_ratio=1.3494, fbcca_consec=1, fbcca_scores=[0.03348755657900296, 0.054435613294691716, 0.09888136150697818, 0.13342795102788094], fbcca_probs=[0.23844419477424675, 0.24349182169500405, 0.25455810076375657, 0.26350588276699255], cca_quad=3, cca_conf=0.2648, cca_ratio=1.3126, cca_scores=[0.11496381935811358, 0.10144651620460526, 0.15302008089859478, 0.20085042330839847], cca_probs=[0.24301064472126727, 0.23974789761782297, 0.25243694868600847, 0.2648045089749014]"
2026 05 21 20:59:54.014149,SSVEP_UPDATE,"fbcca_quad=3, fbcca_conf=0.3022, fbcca_ratio=2.4995, fbcca_consec=2, fbcca_scores=[0.026063659788323146, 0.1355266448770842, 0.06609304594353317, 0.3387484078399203], fbcca_probs=[0.2210623513615625, 0.2466345730164249, 0.23009083845116268, 0.30221223717084994], cca_quad=3, cca_conf=0.2919, cca_ratio=1.9137, cca_scores=[0.09170212886039165, 0.18508506274140382, 0.14597360666571227, 0.35418964290585303], cca_probs=[0.2245266899721482, 0.24650382738698667, 0.23704880879433343, 0.2919206738465317]"
2026 05 21 20:59:55.039318,SSVEP_UPDATE,"fbcca_quad=3, fbcca_conf=0.3127, fbcca_ratio=1.8736, fbcca_consec=3, fbcca_scores=[0.02526634240736875, 0.2208743017994435, 0.051215199815565896, 0.4138215677431406], fbcca_probs=[0.21199074962140182, 0.25779136609922326, 0.21756365998004126, 0.3126542242993337], cca_quad=3, cca_conf=0.2941, cca_ratio=1.4951, cca_scores=[0.12497739207975006, 0.2565553317463037, 0.09224967699794208, 0.38358196361292834], cca_probs=[0.22708948558922504, 0.2590243542447702, 0.2197776677827884, 0.29410849238321646]"
2026 05 21 20:59:56.051492,SSVEP_UPDATE,"fbcca_quad=3, fbcca_conf=0.3305, fbcca_ratio=1.7514, fbcca_consec=4, fbcca_scores=[0.07248745988316771, 0.3110388978005913, 0.05111415210199193, 0.544761553979658], fbcca_probs=[0.20610485236662934, 0.26163135456104125, 0.20174645254732054, 0.33051734052500886], cca_quad=3, cca_conf=0.3002, cca_ratio=1.4938, cca_scores=[0.1891077296281301, 0.29846849659203223, 0.08192508783168592, 0.4458509220302194], cca_probs=[0.23219961135398606, 0.259033698291809, 0.20859920964610035, 0.3001674807081046]"
2026 05 21 20:59:57.063497,SSVEP_UPDATE,"fbcca_quad=3, fbcca_conf=0.2787, fbcca_ratio=2.1271, fbcca_consec=5, fbcca_scores=[0.05201689118712696, 0.10119227591531875, 0.048160217768117554, 0.2152415677393234], fbcca_probs=[0.2367504680725957, 0.248683771128164, 0.23583915727906313, 0.27872660352017714], cca_quad=3, cca_conf=0.2793, cca_ratio=1.4866, cca_scores=[0.15538130677328324, 0.2014205031129908, 0.08549743515331505, 0.2994238509005052], cca_probs=[0.2418642431523923, 0.2532597865924205, 0.22553891551968602, 0.2793370547355012]"
2026 05 21 20:59:58.084303,SSVEP_UPDATE,"fbcca_quad=3, fbcca_conf=0.2605, fbcca_ratio=1.5667, fbcca_consec=6, fbcca_scores=[0.06945308524406921, 0.04610784494856801, 0.044349054556983444, 0.10880901420937099], fbcca_probs=[0.2504837943749712, 0.2447039187976893, 0.24427391415139094, 0.2605383726759486], cca_quad=3, cca_conf=0.2671, cca_ratio=1.2974, cca_scores=[0.1810393909257802, 0.15105122209498312, 0.10414725514480164, 0.23488649560637728], cca_probs=[0.25305116567406993, 0.24557527891313424, 0.23432278042153928, 0.2670507749912566]"
2026 05 21 20:59:59.124859,SSVEP_UPDATE,"fbcca_quad=0, fbcca_conf=0.2567, fbcca_ratio=1.2825, fbcca_consec=1, fbcca_scores=[0.08956986699721446, 0.05242779320425756, 0.069837417276557, 0.04017607487853268], fbcca_probs=[0.2566862642482941, 0.24732728590610734, 0.25167086127458804, 0.24431558857101052], cca_quad=0, cca_conf=0.2571, cca_ratio=1.1438, cca_scores=[0.1818015690552476, 0.15893869024200677, 0.14675995433825914, 0.12709828983279708], cca_probs=[0.2570874007950739, 0.25127632479350165, 0.24823465622938998, 0.2434016181820345]"
2026 05 21 21:00:00.141701,SSVEP_UPDATE,"fbcca_quad=2, fbcca_conf=0.2568, fbcca_ratio=1.0399, fbcca_consec=1, fbcca_scores=[0.11731241911276234, 0.07966167238148196, 0.1219930745613674, 0.06031652806146999], fbcca_probs=[0.25560158491908314, 0.24615690960810363, 0.2568007721720125, 0.24144073330080065], cca_quad=0, cca_conf=0.2580, cca_ratio=1.1490, cca_scores=[0.22336076585399184, 0.1926745859325922, 0.19438759421423307, 0.15559293189495113], cca_probs=[0.25801792039909344, 0.25022058316591883, 0.25064958043014823, 0.24111191600483944]"
2026 05 21 21:00:01.155724,SSVEP_UPDATE,"fbcca_quad=1, fbcca_conf=0.2581, fbcca_ratio=1.2872, fbcca_consec=1, fbcca_scores=[0.1284034269762238, 0.16527509834453746, 0.1219446792904297, 0.11711440377950601], fbcca_probs=[0.248762630572454, 0.2581061210596634, 0.24716111297430046, 0.24597013539358217], cca_quad=0, cca_conf=0.2568, cca_ratio=1.0155, cca_scores=[0.22672061230845678, 0.22325008912360478, 0.16641142950516824, 0.18218142467077209], cca_probs=[0.2567758649397518, 0.2558862629322672, 0.24174764690951353, 0.2455902252184675]"
2026 05 21 21:00:02.185348,SSVEP_UPDATE,"fbcca_quad=3, fbcca_conf=0.2638, fbcca_ratio=1.0850, fbcca_consec=1, fbcca_scores=[0.2154431656041581, 0.24288063240265706, 0.11108841688574646, 0.2635267731735199], fbcca_probs=[0.25138378202381373, 0.2583766102565862, 0.22647306843837145, 0.2637665392812286], cca_quad=3, cca_conf=0.2603, cca_ratio=1.0352, cca_scores=[0.28243185392669173, 0.2647157026601785, 0.16341721765863398, 0.292381271695355], cca_probs=[0.2577164332379663, 0.25319089584097154, 0.2287993110206584, 0.2602933599004038]"
2026 05 21 21:00:03.212765,SSVEP_UPDATE,"fbcca_quad=0, fbcca_conf=0.2528, fbcca_ratio=1.0055, fbcca_consec=1, fbcca_scores=[0.08986981006610678, 0.07706153231399084, 0.05891134177852163, 0.08937387862738691], fbcca_probs=[0.2527618383361491, 0.24954503931003752, 0.2450566054818082, 0.25263651687200517], cca_quad=3, cca_conf=0.2546, cca_ratio=1.0141, cca_scores=[0.15353131696838063, 0.13518572180798413, 0.10532292853235992, 0.15569057697549393], cca_probs=[0.25400577008799274, 0.2493883670671784, 0.24205103569075395, 0.25455482715407485]"
2026 05 21 21:00:04.226661,SSVEP_UPDATE,"fbcca_quad=3, fbcca_conf=0.2561, fbcca_ratio=1.1939, fbcca_consec=1, fbcca_scores=[0.0576091642383573, 0.057426108316645776, 0.08197014996907813, 0.09786195797113068], fbcca_probs=[0.2459691184991406, 0.24592409651633718, 0.2520347511081201, 0.25607203387640215], cca_quad=3, cca_conf=0.2568, cca_ratio=1.0924, cca_scores=[0.17156446635107522, 0.15251061696173454, 0.12932933309282052, 0.1874090082985674], cca_probs=[0.25279709846250903, 0.248025939441283, 0.24234250884858874, 0.2568344532476193]"
2026 05 21 21:00:05.250139,SSVEP_UPDATE,"fbcca_quad=3, fbcca_conf=0.2679, fbcca_ratio=1.4943, fbcca_consec=2, fbcca_scores=[0.062162925252957885, 0.11644336452035507, 0.06303166531077098, 0.1739980103970572], fbcca_probs=[0.2395222100832782, 0.2528829129726974, 0.23973038303291114, 0.2678644939111133], cca_quad=3, cca_conf=0.2615, cca_ratio=1.2349, cca_scores=[0.18102203137521808, 0.16423084781016226, 0.14432900568894394, 0.22354570398798823], cca_probs=[0.2505787263363451, 0.24640634062321906, 0.2415508771313393, 0.2614640559090965]"
2026 05 21 21:00:06.262912,SSVEP_UPDATE,"fbcca_quad=3, fbcca_conf=0.2775, fbcca_ratio=1.0565, fbcca_consec=3, fbcca_scores=[0.040476287680066454, 0.25555805257991293, 0.07554517868021096, 0.2699956846160564], fbcca_probs=[0.22057284696443272, 0.2735022304247804, 0.2284453248272305, 0.2774795977835564], cca_quad=3, cca_conf=0.2658, cca_ratio=1.0687, cca_scores=[0.10301155586297979, 0.23699244070907727, 0.16808286399601308, 0.253267709156589], cca_probs=[0.2286896688949824, 0.26147712711813703, 0.24406564718984833, 0.2657675567970322]"
2026 05 21 21:00:07.286944,SSVEP_UPDATE,"fbcca_quad=3, fbcca_conf=0.2539, fbcca_ratio=1.0333, fbcca_consec=4, fbcca_scores=[0.06579265885757045, 0.10866542260640549, 0.10026636723743625, 0.11228186419730005], fbcca_probs=[0.242338078081024, 0.2529537161438585, 0.25083804114924746, 0.2538701646258701], cca_quad=2, cca_conf=0.2531, cca_ratio=1.0013, cca_scores=[0.15700623702856797, 0.18746510733500565, 0.19737213422230515, 0.19711054360515037], cca_probs=[0.24312925807743946, 0.25064863515417574, 0.2531441591223354, 0.25307794764604946]"
2026 05 21 21:00:08.312976,SSVEP_UPDATE,"fbcca_quad=2, fbcca_conf=0.2581, fbcca_ratio=1.0035, fbcca_consec=1, fbcca_scores=[0.10856752713540715, 0.06894152701607144, 0.15322314981687887, 0.15268698199738617], fbcca_probs=[0.24679635345866302, 0.2372080292112284, 0.2580669737246502, 0.25792864360545825], cca_quad=3, cca_conf=0.2629, cca_ratio=1.2180, cca_scores=[0.2114449476574386, 0.15071477034726669, 0.20634179693551977, 0.2575482071960505], cca_probs=[0.25105635005385335, 0.23626338924748103, 0.2497784351293713, 0.26290182556929426]"
2026 05 21 21:00:09.327891,SSVEP_UPDATE,"fbcca_quad=3, fbcca_conf=0.2673, fbcca_ratio=1.2336, fbcca_consec=1, fbcca_scores=[0.13775688907406694, 0.021222530929236892, 0.07711527781350538, 0.1699429392598541], fbcca_probs=[0.258807904491001, 0.23033891017886335, 0.24357977178910042, 0.2672734135410351], cca_quad=3, cca_conf=0.2698, cca_ratio=1.0647, cca_scores=[0.24806309887029743, 0.08161745260257008, 0.14600143102022606, 0.26410406617739923], cca_probs=[0.2655469073978846, 0.2248302908030193, 0.23978191744328822, 0.2698408843558079]"
2026 05 21 21:00:10.350179,SSVEP_UPDATE,"fbcca_quad=3, fbcca_conf=0.2587, fbcca_ratio=1.4391, fbcca_consec=2, fbcca_scores=[0.07498799137436235, 0.05179682822179454, 0.059388303245909047, 0.10791392518338819], fbcca_probs=[0.2503084405268293, 0.2445702910018187, 0.24643400547799166, 0.2586872629933603], cca_quad=3, cca_conf=0.2600, cca_ratio=1.1796, cca_scores=[0.18336135188969505, 0.17271577155312282, 0.13438409258147677, 0.21629517644939814], cca_probs=[0.2515662633567587, 0.2489023988396578, 0.2395420961281091, 0.2599892416754743]"
2026 05 21 21:00:11.384258,SSVEP_UPDATE,"fbcca_quad=0, fbcca_conf=0.2574, fbcca_ratio=1.4516, fbcca_consec=1, fbcca_scores=[0.08761507988418749, 0.06035630818248871, 0.029877883357765186, 0.054592488017702924], fbcca_probs=[0.25743179384787296, 0.2505092973623082, 0.24298934878763429, 0.24906956000218458], cca_quad=1, cca_conf=0.2588, cca_ratio=1.0190, cca_scores=[0.19243266497253042, 0.1960829125615754, 0.1072943277935049, 0.14804200322679856], cca_probs=[0.25782350392641157, 0.2587663433017064, 0.23678129764130762, 0.24662885513057436]"
2026 05 21 21:00:12.394349,SSVEP_UPDATE,"fbcca_quad=0, fbcca_conf=0.2657, fbcca_ratio=3.9061, fbcca_consec=2, fbcca_scores=[0.10351582890821404, 0.0216809514946701, 0.0163544012536105, 0.026501178127569844], fbcca_probs=[0.26568684805333126, 0.24481026327256464, 0.24350973584295696, 0.2459931528311472], cca_quad=0, cca_conf=0.2726, cca_ratio=1.8315, cca_scores=[0.2060936546231503, 0.11252705962289275, 0.05533660342070392, 0.0974524909664504], cca_probs=[0.27264402360970935, 0.2482907420527938, 0.23448929822733655, 0.24457593611016026]"
2026 05 21 21:00:13.424241,SSVEP_UPDATE,"fbcca_quad=3, fbcca_conf=0.2669, fbcca_ratio=3.1227, fbcca_consec=1, fbcca_scores=[0.03449973744265532, 0.014719678494271507, 0.008959248086241751, 0.10773091185813571], fbcca_probs=[0.2480665420949398, 0.2432079809903066, 0.24181102573577493, 0.2669144511789786], cca_quad=3, cca_conf=0.2760, cca_ratio=2.2054, cca_scores=[0.09085153693465785, 0.06928817218633836, 0.037584005928842555, 0.20036628864358366], cca_probs=[0.2473698207348651, 0.242092794754439, 0.23453783913825077, 0.2759995453724451]"
2026 05 21 21:00:14.437779,SSVEP_UPDATE,"fbcca_quad=3, fbcca_conf=0.2709, fbcca_ratio=2.4756, fbcca_consec=2, fbcca_scores=[0.06299451245291861, 0.06691965898959751, 0.04054592513180231, 0.1656659324548937], fbcca_probs=[0.24450705080494503, 0.24546866280800603, 0.23907936282156797, 0.27094492356548106], cca_quad=3, cca_conf=0.2737, cca_ratio=1.7186, cca_scores=[0.14518134748960906, 0.13434074445755562, 0.10090774564134652, 0.24950649823396373], cca_probs=[0.2465561399297433, 0.2438977579575596, 0.2358783282689748, 0.27366777384372226]"
2026 05 21 21:00:15.457650,SSVEP_UPDATE,"fbcca_quad=3, fbcca_conf=0.2718, fbcca_ratio=2.0084, fbcca_consec=3, fbcca_scores=[0.10109348795486013, 0.10082030787980403, 0.10776264028636788, 0.2164295884250071], fbcca_probs=[0.24220881685179693, 0.2421426592659087, 0.243829542774287, 0.27181898110800734], cca_quad=3, cca_conf=0.2721, cca_ratio=1.4871, cca_scores=[0.1950258292012782, 0.18635837805760722, 0.14472453759323498, 0.2900302546702993], cca_probs=[0.24740370869244138, 0.2452686154094505, 0.23526679284908045, 0.27206088304902765]"
2026 05 21 21:00:16.480341,SSVEP_UPDATE,"fbcca_quad=3, fbcca_conf=0.2634, fbcca_ratio=1.7208, fbcca_consec=4, fbcca_scores=[0.06697609283305063, 0.08446401912856008, 0.07411372885044298, 0.1453497485325948], fbcca_probs=[0.2435263626393014, 0.24782259028484577, 0.2452707832903851, 0.26338026378546764], cca_quad=3, cca_conf=0.2648, cca_ratio=1.3006, cca_scores=[0.1783672439156034, 0.19151846182564092, 0.14383173763099946, 0.24909339568792502], cca_probs=[0.24675642495412853, 0.250023005142657, 0.2383800407510734, 0.2648405291521411]"
2026 05 21 21:00:17.499075,SSVEP_UPDATE,"fbcca_quad=3, fbcca_conf=0.2791, fbcca_ratio=1.3627, fbcca_consec=5, fbcca_scores=[0.039260253336822454, 0.1661138034500266, 0.01829179651033061, 0.22635934702344992], fbcca_probs=[0.23146822767424113, 0.262774478666325, 0.22666522786174748, 0.27909206579768636], cca_quad=3, cca_conf=0.2762, cca_ratio=1.2213, cca_scores=[0.12231076104867385, 0.23127297164909244, 0.081943427301059, 0.2824630930016615], cca_probs=[0.2353358451169835, 0.2624277569854954, 0.2260251527248633, 0.2762112451726578]"
2026 05 21 21:00:18.507962,SSVEP_UPDATE,"fbcca_quad=3, fbcca_conf=0.2855, fbcca_ratio=2.3064, fbcca_consec=6, fbcca_scores=[0.08446185822334716, 0.10926089326198458, 0.016058647370084982, 0.25199689203694936], fbcca_probs=[0.24146542581348235, 0.24752840263577217, 0.22550066042602696, 0.28550551112471856], cca_quad=3, cca_conf=0.2846, cca_ratio=1.8393, cca_scores=[0.17167339966671963, 0.17165182253746172, 0.0700541627541727, 0.31575591360745153], cca_probs=[0.246406695084061, 0.24640137839231083, 0.2225972680789346, 0.2845946584446936]"
2026 05 21 21:00:19.535488,SSVEP_UPDATE,"fbcca_quad=3, fbcca_conf=0.2995, fbcca_ratio=2.6452, fbcca_consec=7, fbcca_scores=[0.03396214722333812, 0.11839390697946865, 0.03742428840379294, 0.313179990267456], fbcca_probs=[0.22656922711041613, 0.2465296564622862, 0.2273550012073639, 0.2995461152199337], cca_quad=3, cca_conf=0.2902, cca_ratio=2.0846, cca_scores=[0.1006530126458955, 0.15552956239927818, 0.10249271398841242, 0.3242211299652561], cca_probs=[0.23208412620150382, 0.2451760364428845, 0.23251148466549063, 0.290228352690121]"
2026 05 21 21:00:20.557361,SSVEP_UPDATE,"fbcca_quad=3, fbcca_conf=0.3120, fbcca_ratio=8.1682, fbcca_consec=8, fbcca_scores=[0.023047180392825904, 0.03400337825795983, 0.04171695700140449, 0.34075300475593073], fbcca_probs=[0.22707488332444017, 0.22957643942465816, 0.23135414278087732, 0.31199453447002423], cca_quad=3, cca_conf=0.3063, cca_ratio=3.7565, cca_scores=[0.07917290024644526, 0.0966357979207524, 0.06927330489934082, 0.3630162992022378], cca_probs=[0.23062781566869456, 0.23469061650586334, 0.22835595741036477, 0.3063256104150773]"
2026 05 21 21:00:20.557361,SSVEP_CONFIRMED,"fbcca_quad=3, fbcca_conf=0.3120, fbcca_ratio=8.1682, fbcca_consec=8, fbcca_scores=[0.023047180392825904, 0.03400337825795983, 0.04171695700140449, 0.34075300475593073], fbcca_probs=[0.22707488332444017, 0.22957643942465816, 0.23135414278087732, 0.31199453447002423], cca_quad=3, cca_conf=0.3063, cca_ratio=3.7565, cca_scores=[0.07917290024644526, 0.0966357979207524, 0.06927330489934082, 0.3630162992022378], cca_probs=[0.23062781566869456, 0.23469061650586334, 0.22835595741036477, 0.3063256104150773]"
2026 05 21 21:00:20.557361,SELECTION,"quad=3, result=back, output='Search ID'"
2026 05 21 21:00:23.558595,PHASE_SSVEP,
2026 05 21 21:00:23.673338,SSVEP_UPDATE,"fbcca_quad=3, fbcca_conf=0.2654, fbcca_ratio=1.8532, fbcca_consec=1, fbcca_scores=[0.05775464804659013, 0.072638261323405, 0.031951310921434356, 0.13461042042211335], fbcca_probs=[0.24573599119887252, 0.24942078415513055, 0.23947629046986593, 0.265366934176131], cca_quad=3, cca_conf=0.2651, cca_ratio=1.4638, cca_scores=[0.13524342214171245, 0.14685116799496759, 0.12532019810125486, 0.21495953803673903], cca_probs=[0.24481117756620147, 0.24766944039829494, 0.24239387495731, 0.2651255070781936]"
2026 05 21 21:00:24.700933,SSVEP_UPDATE,"fbcca_quad=0, fbcca_conf=0.2580, fbcca_ratio=1.4967, fbcca_consec=1, fbcca_scores=[0.11302195435081669, 0.07389557850300538, 0.07551612340430908, 0.06275252277702312], fbcca_probs=[0.25801183883733164, 0.2481117116606872, 0.24851411379727345, 0.2453623357047077], cca_quad=0, cca_conf=0.2589, cca_ratio=1.1260, cca_scores=[0.18774078406652472, 0.1667251685957514, 0.09935475222280228, 0.15497865752680742], cca_probs=[0.2589077305325839, 0.25352340089297837, 0.23700606075469566, 0.250562807819742]"
2026 05 21 21:00:25.718979,SSVEP_UPDATE,"fbcca_quad=2, fbcca_conf=0.2733, fbcca_ratio=2.6084, fbcca_consec=1, fbcca_scores=[0.05045765501173828, 0.04288351660332278, 0.1738133201728181, 0.06663502664303304], fbcca_probs=[0.2415429697918079, 0.23972040081489154, 0.2732543512988404, 0.24548227809446008], cca_quad=3, cca_conf=0.2536, cca_ratio=1.0912, cca_scores=[0.1366877272230683, 0.1502052591523211, 0.1479656119760443, 0.16390366008237253], cca_probs=[0.2467587804915002, 0.2501169964460066, 0.24955744944899494, 0.2535667736134982]"
2026 05 21 21:00:26.757791,SSVEP_UPDATE,"fbcca_quad=2, fbcca_conf=0.2705, fbcca_ratio=2.7367, fbcca_consec=2, fbcca_scores=[0.046419154565512856, 0.0580525744974208, 0.15887266704233624, 0.05273796554129506], fbcca_probs=[0.24171752464490334, 0.24454594632358917, 0.27048680128602126, 0.24324972774548614], cca_quad=1, cca_conf=0.2562, cca_ratio=1.1137, cca_scores=[0.1414135043040182, 0.1838576468970521, 0.165086854369257, 0.14656778603581572], cca_probs=[0.24555055328389613, 0.2561970790436687, 0.25143291032219733, 0.2468194573502379]"
2026 05 21 21:00:27.780326,SSVEP_UPDATE,"fbcca_quad=3, fbcca_conf=0.2566, fbcca_ratio=1.0241, fbcca_consec=1, fbcca_scores=[0.044212154525828364, 0.10815153495957068, 0.07464179759712336, 0.11075933118651038], fbcca_probs=[0.24005358857074732, 0.25590379282357245, 0.24747060993002307, 0.25657200867565716], cca_quad=1, cca_conf=0.2635, cca_ratio=1.1264, cca_scores=[0.14184817457522744, 0.2267117237140824, 0.12295143731502703, 0.20127519728055507], cca_probs=[0.24206759500698377, 0.26350716374611816, 0.2375362558667808, 0.25688898538011734]"
2026 05 21 21:00:28.790464,SSVEP_UPDATE,"fbcca_quad=1, fbcca_conf=0.2634, fbcca_ratio=1.5245, fbcca_consec=1, fbcca_scores=[0.06401336800857463, 0.14170971893224088, 0.05710858275749527, 0.09295489024283492], fbcca_probs=[0.24370760238081118, 0.26339781837556375, 0.24203064988328737, 0.25086392936033763], cca_quad=1, cca_conf=0.2723, cca_ratio=1.6127, cca_scores=[0.16113914530691678, 0.262754945225119, 0.11655054322456365, 0.1629252349237387], cca_probs=[0.24599419120852237, 0.2723052616815631, 0.23526659562194874, 0.24643395148796574]"
2026 05 21 21:00:29.823492,SSVEP_UPDATE,"fbcca_quad=3, fbcca_conf=0.2754, fbcca_ratio=1.5175, fbcca_consec=1, fbcca_scores=[0.04680102475795209, 0.1338980587988654, 0.032393206937539706, 0.2031836935095447], fbcca_probs=[0.23551735601407367, 0.2569500333822015, 0.23214839283763294, 0.27538421776609184], cca_quad=3, cca_conf=0.2739, cca_ratio=1.1971, cca_scores=[0.12413709717926874, 0.24041297444409426, 0.12256092927300168, 0.2877895633682301], cca_probs=[0.23258325233720425, 0.2612620986339929, 0.23221695083150753, 0.2739376981972953]"
2026 05 21 21:00:30.832683,SSVEP_UPDATE,"fbcca_quad=3, fbcca_conf=0.2591, fbcca_ratio=1.3472, fbcca_consec=2, fbcca_scores=[0.10283937279062388, 0.08246539648925726, 0.08584398552958375, 0.13854501200631758], fbcca_probs=[0.2500418113059804, 0.2449990107547542, 0.24582816161867163, 0.25913101632059377], cca_quad=3, cca_conf=0.2610, cca_ratio=1.1825, cca_scores=[0.2055042401806011, 0.1990830076167972, 0.14959558872335696, 0.2430046666966284], cca_probs=[0.25141816862789, 0.2498089262854144, 0.2377474348013559, 0.2610254702853396]"
2026 05 21 21:00:31.856339,SSVEP_UPDATE,"fbcca_quad=3, fbcca_conf=0.2707, fbcca_ratio=1.6282, fbcca_consec=3, fbcca_scores=[0.1116957412968051, 0.06456462608680327, 0.045038139743261416, 0.18186399152128202], fbcca_probs=[0.2523871774821655, 0.2407678549516403, 0.23611210784024633, 0.27073285972594796], cca_quad=3, cca_conf=0.2789, cca_ratio=1.5521, cca_scores=[0.1865549154736942, 0.1424325529177844, 0.09204662958679116, 0.2895532878233379], cca_probs=[0.2515630448376814, 0.2407047962552379, 0.22887713874235083, 0.2788550201647299]"
2026 05 21 21:00:32.874233,SSVEP_UPDATE,"fbcca_quad=3, fbcca_conf=0.2648, fbcca_ratio=1.3982, fbcca_consec=4, fbcca_scores=[0.09936157661605324, 0.10797934804426763, 0.010248561667118676, 0.15097386034324123], fbcca_probs=[0.25148599236030067, 0.25366260647062205, 0.2300448469510034, 0.26480655421807386], cca_quad=3, cca_conf=0.2683, cca_ratio=1.2553, cca_scores=[0.18055670672341362, 0.16096293571618722, 0.047931623273338546, 0.22666048911316072], cca_probs=[0.25617553368625623, 0.25120494426004075, 0.2243568365196524, 0.26826268553405064]"
2026 05 21 21:00:33.904421,SSVEP_UPDATE,"fbcca_quad=0, fbcca_conf=0.2572, fbcca_ratio=1.5005, fbcca_consec=1, fbcca_scores=[0.07663367835816111, 0.041664967247982715, 0.022986515744716596, 0.05107366880337265], fbcca_probs=[0.2571906674314275, 0.2483524720342527, 0.24375668711823395, 0.25070017341608575], cca_quad=0, cca_conf=0.2583, cca_ratio=1.1409, cca_scores=[0.14595497344631259, 0.10246247124604771, 0.0752971044337902, 0.127934968269667], cca_probs=[0.258307041734965, 0.24731342500757042, 0.2406854977263929, 0.2536940355310717]"
2026 05 21 21:00:34.911619,SSVEP_UPDATE,"fbcca_quad=1, fbcca_conf=0.2660, fbcca_ratio=1.5383, fbcca_consec=1, fbcca_scores=[0.040198172148477554, 0.13275775261131154, 0.019624332434400753, 0.08630111233483899], fbcca_probs=[0.24249495934070903, 0.26601175629437557, 0.23755687873769227, 0.2539364056272231], cca_quad=1, cca_conf=0.2765, cca_ratio=1.4609, cca_scores=[0.10783836088589126, 0.24893587812425305, 0.05551377343914697, 0.17039957630364974], cca_probs=[0.2400892745147959, 0.2764716678321173, 0.22784970975665036, 0.25558934789643645]"
2026 05 21 21:00:35.940151,SSVEP_UPDATE,"fbcca_quad=1, fbcca_conf=0.2577, fbcca_ratio=1.0654, fbcca_consec=2, fbcca_scores=[0.04583987445059658, 0.09057389240666164, 0.01703088082110917, 0.08501506264902965], fbcca_probs=[0.24646906225834886, 0.25774494108348783, 0.2394698409565102, 0.2563161557016532], cca_quad=1, cca_conf=0.2649, cca_ratio=1.1226, cca_scores=[0.12908645437973862, 0.20673788526847747, 0.06949990749933009, 0.18416569885742107], cca_probs=[0.24512662464784954, 0.26491958926852816, 0.2309470273627624, 0.25900675872085993]"
2026 05 21 21:00:36.951736,SSVEP_UPDATE,"fbcca_quad=3, fbcca_conf=0.2624, fbcca_ratio=1.1338, fbcca_consec=1, fbcca_scores=[0.06862272626779466, 0.11281557055840143, 0.004771267714401468, 0.1279089015446666], fbcca_probs=[0.24725503104850338, 0.2584269759649327, 0.23196090853260046, 0.2623570844539635], cca_quad=1, cca_conf=0.2682, cca_ratio=1.0249, cca_scores=[0.1510202255547319, 0.2406730786243303, 0.042294031331864775, 0.23481545882499466], cca_probs=[0.24520761950396508, 0.2682067481176879, 0.21994534507381852, 0.2666402873045285]"
2026 05 21 21:00:37.984655,SSVEP_UPDATE,"fbcca_quad=3, fbcca_conf=0.2733, fbcca_ratio=1.9063, fbcca_consec=2, fbcca_scores=[0.10075984078602389, 0.09141391646404942, 0.019543855418760976, 0.19207939144725203], fbcca_probs=[0.24948162702420446, 0.24716085240286823, 0.23002069610295, 0.2733368244699773], cca_quad=3, cca_conf=0.2765, cca_ratio=1.5691, cca_scores=[0.16306297260266356, 0.17573905280265228, 0.07492120565774675, 0.2757491849740309], cca_probs=[0.24705580600597304, 0.25020743818688845, 0.22621196985445144, 0.27652478595268704]"
2026 05 21 21:00:38.996647,SSVEP_UPDATE,"fbcca_quad=0, fbcca_conf=0.2622, fbcca_ratio=1.0980, fbcca_consec=1, fbcca_scores=[0.1337123119269083, 0.05483695789394043, 0.030544164766838234, 0.12178082493736123], fbcca_probs=[0.26217337736739205, 0.24228886626201804, 0.2364739096923714, 0.2590638466782186], cca_quad=0, cca_conf=0.2727, cca_ratio=1.3627, cca_scores=[0.25888493796666856, 0.13771017310241515, 0.09400106119012712, 0.1899724985156495], cca_probs=[0.27268168270049337, 0.2415630106155922, 0.23123193182016152, 0.2545233748637529]"
2026 05 21 21:00:40.040042,SSVEP_UPDATE,"fbcca_quad=3, fbcca_conf=0.2589, fbcca_ratio=1.0853, fbcca_consec=1, fbcca_scores=[0.10132291753859538, 0.05658635901097177, 0.030649509955047248, 0.10996504799898695], fbcca_probs=[0.25662772563558284, 0.24540009952490435, 0.23911702794985892, 0.25885514688965394], cca_quad=0, cca_conf=0.2706, cca_ratio=1.2522, cca_scores=[0.24555127602383114, 0.14154188768659656, 0.07385680571127032, 0.19609371294596242], cca_probs=[0.2706214312000712, 0.24388859010275643, 0.22792723678368854, 0.2575627419134839]"
2026 05 21 21:00:41.072775,SSVEP_UPDATE,"fbcca_quad=0, fbcca_conf=0.2589, fbcca_ratio=1.1980, fbcca_consec=1, fbcca_scores=[0.09617679795407238, 0.08027919224892752, 0.017310359494748608, 0.04887782485027134], fbcca_probs=[0.25892021323111264, 0.2548365480280335, 0.23928457135322703, 0.2469586673876268], cca_quad=0, cca_conf=0.2684, cca_ratio=1.0843, cca_scores=[0.23897909266488668, 0.22039174873137823, 0.05958421738051709, 0.14297512819929015], cca_probs=[0.26839725228840594, 0.26345453851352524, 0.22431993013307774, 0.24382827906499105]"
2026 05 21 21:00:42.087586,SSVEP_UPDATE,"fbcca_quad=1, fbcca_conf=0.2581, fbcca_ratio=1.4435, fbcca_consec=1, fbcca_scores=[0.08151709749478074, 0.11767174049138017, 0.07032693000117787, 0.07288160105213976], fbcca_probs=[0.24893641528488142, 0.25810130078212695, 0.24616630301872988, 0.24679598091426183], cca_quad=1, cca_conf=0.2689, cca_ratio=1.2899, cca_scores=[0.20749056395326, 0.2676446047125584, 0.12346498736921109, 0.1747485495277175], cca_probs=[0.25321609326308286, 0.2689155227611682, 0.2328088361614631, 0.24505954781428577]"
2026 05 21 21:00:43.112586,SSVEP_UPDATE,"fbcca_quad=2, fbcca_conf=0.2627, fbcca_ratio=1.9210, fbcca_consec=1, fbcca_scores=[0.06632166972425758, 0.050903073186849584, 0.12740515110288544, 0.06508337660903038], fbcca_probs=[0.2471302136853305, 0.2433490377503346, 0.2626963651283503, 0.24682438343598467], cca_quad=3, cca_conf=0.2528, cca_ratio=1.0100, cca_scores=[0.15103655651619544, 0.16464043861791433, 0.13802394777731347, 0.16628134321522606], cca_probs=[0.24899591734259593, 0.25240637357181084, 0.24577682073840648, 0.25282088834718675]"
2026 05 21 21:00:44.129256,SSVEP_UPDATE,"fbcca_quad=0, fbcca_conf=0.2585, fbcca_ratio=1.0848, fbcca_consec=1, fbcca_scores=[0.1085821358772537, 0.05711763983316266, 0.10009431470978154, 0.032712228660452335], fbcca_probs=[0.25851000341334496, 0.2455424623677383, 0.25632510237624506, 0.23962243184267165], cca_quad=0, cca_conf=0.2640, cca_ratio=1.1595, cca_scores=[0.21495021522687663, 0.18537436032900378, 0.1172414156972081, 0.12116683089771843], cca_probs=[0.26397411977155444, 0.25628118286406903, 0.2394015500048787, 0.24034314735949777]"
2026 05 21 21:00:45.139072,SSVEP_UPDATE,"fbcca_quad=0, fbcca_conf=0.2533, fbcca_ratio=1.0442, fbcca_consec=2, fbcca_scores=[0.08971120865778753, 0.08328160666078667, 0.04629590144560499, 0.08590989368007822], fbcca_probs=[0.2533370461592426, 0.251713415025708, 0.24257367852123993, 0.2523758602938095], cca_quad=1, cca_conf=0.2607, cca_ratio=1.0794, cca_scores=[0.1893458746120671, 0.22468547363812194, 0.10460698616176344, 0.20816673688840145], cca_probs=[0.25165319129012337, 0.2607055249931919, 0.23120691052244524, 0.25643437319423945]"
2026 05 21 21:00:46.164697,SSVEP_UPDATE,"fbcca_quad=3, fbcca_conf=0.2736, fbcca_ratio=1.8249, fbcca_consec=1, fbcca_scores=[0.11354250078750594, 0.09843205100048008, 0.04193858599310712, 0.20719891054843287], fbcca_probs=[0.24912277425810697, 0.24538671494148498, 0.23190827554548082, 0.27358223525492725], cca_quad=3, cca_conf=0.2715, cca_ratio=1.2645, cca_scores=[0.23855073651897926, 0.20419937997861867, 0.12412443811062839, 0.3016590975475407], cca_probs=[0.2548905938038962, 0.2462834362710628, 0.2273312286007712, 0.27149474132426976]"
2026 05 21 21:00:47.197332,SSVEP_UPDATE,"fbcca_quad=3, fbcca_conf=0.2829, fbcca_ratio=2.1825, fbcca_consec=2, fbcca_scores=[0.05916362551142203, 0.0813231041195213, 0.11654262923645634, 0.25435092802571285], fbcca_probs=[0.23272036278224045, 0.23793488687283867, 0.24646415739121538, 0.2828805929537055], cca_quad=3, cca_conf=0.2835, cca_ratio=1.7585, cca_scores=[0.17552174541951526, 0.1986694511805789, 0.15951819297879785, 0.349362467446684], cca_probs=[0.23824229324390614, 0.24382137814411406, 0.2344599166675167, 0.283476411944463]"
2026 05 21 21:00:48.212630,SSVEP_UPDATE,"fbcca_quad=3, fbcca_conf=0.2802, fbcca_ratio=1.7641, fbcca_consec=3, fbcca_scores=[0.03197076463673964, 0.09646965130134323, 0.13896333046142764, 0.2451443816140437], fbcca_probs=[0.22639032609121215, 0.24147344363495205, 0.2519556757000282, 0.2801805545738075], cca_quad=3, cca_conf=0.2815, cca_ratio=1.6723, cca_scores=[0.11929017256870098, 0.19190128678178922, 0.1648809204034628, 0.32091819661311766], cca_probs=[0.23013100064973446, 0.2474626914515764, 0.240865686970599, 0.2815406209280901]"
2026 05 21 21:00:49.229324,SSVEP_UPDATE,"fbcca_quad=3, fbcca_conf=0.2964, fbcca_ratio=2.1676, fbcca_consec=4, fbcca_scores=[0.05171954282823197, 0.14911859499947114, 0.06373285266743538, 0.3232256857836017], fbcca_probs=[0.2259210594613757, 0.2490328202489121, 0.22865148704639704, 0.2963946332433151], cca_quad=3, cca_conf=0.2911, cca_ratio=1.8774, cca_scores=[0.13323952754507667, 0.19041776996462406, 0.12151209540975885, 0.3574873560499327], cca_probs=[0.2326356829773563, 0.24632501914402624, 0.2299233989420303, 0.2911158989365872]"
2026 05 21 21:00:50.247571,SSVEP_UPDATE,"fbcca_quad=3, fbcca_conf=0.3196, fbcca_ratio=3.5375, fbcca_consec=5, fbcca_scores=[0.061783034090619506, 0.12057133848253108, 0.06658464531781348, 0.4265156870304524], fbcca_probs=[0.2219513033849045, 0.2353906108473216, 0.22301958995102603, 0.31963849581674786], cca_quad=3, cca_conf=0.3049, cca_ratio=2.3605, cca_scores=[0.14623369976307793, 0.1787124541300038, 0.11652889784805238, 0.4218570974527927], cca_probs=[0.2314227875017814, 0.23906250404699875, 0.2246495168123719, 0.30486519163884784]"
2026 05 21 21:00:50.247571,SSVEP_CONFIRMED,"fbcca_quad=3, fbcca_conf=0.3196, fbcca_ratio=3.5375, fbcca_consec=5, fbcca_scores=[0.061783034090619506, 0.12057133848253108, 0.06658464531781348, 0.4265156870304524], fbcca_probs=[0.2219513033849045, 0.2353906108473216, 0.22301958995102603, 0.31963849581674786], cca_quad=3, cca_conf=0.3049, cca_ratio=2.3605, cca_scores=[0.14623369976307793, 0.1787124541300038, 0.11652889784805238, 0.4218570974527927], cca_probs=[0.2314227875017814, 0.23906250404699875, 0.2246495168123719, 0.30486519163884784]"
2026 05 21 21:00:50.247571,SELECTION,"quad=3, result=navigate, output='Search ID'"
2026 05 21 21:00:53.260087,PHASE_SSVEP,
2026 05 21 21:00:53.292110,SSVEP_UPDATE,"fbcca_quad=0, fbcca_conf=0.2667, fbcca_ratio=1.3657, fbcca_consec=1, fbcca_scores=[0.14069478015051295, 0.04088622913798271, 0.10302345406280511, 0.014205166730524528], fbcca_probs=[0.26672190453634503, 0.24138616814833444, 0.25686103876642846, 0.23503088854889204], cca_quad=0, cca_conf=0.2652, cca_ratio=1.4022, cca_scores=[0.191765586633413, 0.1357067082995163, 0.13675707410591442, 0.06332418984972814], cca_probs=[0.26515172004034276, 0.2506965672160585, 0.2509600286592668, 0.233191684084332]"
2026 05 21 21:00:54.305732,SSVEP_UPDATE,"fbcca_quad=0, fbcca_conf=0.2651, fbcca_ratio=2.0509, fbcca_consec=2, fbcca_scores=[0.12849996132406355, 0.06265628125611623, 0.04487886528554882, 0.040887713316148634], fbcca_probs=[0.2650991921524011, 0.24820633243724163, 0.24383285496405807, 0.2428616204462993], cca_quad=0, cca_conf=0.2634, cca_ratio=1.2961, cca_scores=[0.17890442421275576, 0.13803388811413755, 0.08443334923434224, 0.10274056534627343], cca_probs=[0.2634024566425678, 0.2528540841426223, 0.2396577924286032, 0.24408566678620675]"
2026 05 21 21:00:55.329258,SSVEP_UPDATE,"fbcca_quad=2, fbcca_conf=0.2586, fbcca_ratio=1.0513, fbcca_consec=1, fbcca_scores=[0.11734512811579524, 0.05515860782213008, 0.12336507548643372, 0.059720781622698], fbcca_probs=[0.25708591781889045, 0.2415855897751844, 0.2586382292424815, 0.24269026316344372], cca_quad=0, cca_conf=0.2582, cca_ratio=1.0443, cca_scores=[0.16616649916101264, 0.09870184787176939, 0.1591217598159081, 0.10908261812375637], cca_probs=[0.25824741404910934, 0.2413995497011503, 0.2564345215058663, 0.24391851474387413]"
2026 05 21 21:00:56.348023,SSVEP_UPDATE,"fbcca_quad=2, fbcca_conf=0.2607, fbcca_ratio=1.5544, fbcca_consec=2, fbcca_scores=[0.08643787118413666, 0.07205683621949113, 0.13436082829487533, 0.07576304119857843], fbcca_probs=[0.24849698775587756, 0.2449489174966342, 0.26069566196926164, 0.24585843277822667], cca_quad=2, cca_conf=0.2608, cca_ratio=1.1295, cca_scores=[0.16047247997825062, 0.10724141545227191, 0.18126007945841094, 0.10498591214192017], cca_probs=[0.25541539392534207, 0.24217488998747272, 0.2607804368210623, 0.24162927926612288]"
2026 05 21 21:00:57.378696,SSVEP_UPDATE,"fbcca_quad=2, fbcca_conf=0.2769, fbcca_ratio=2.0727, fbcca_consec=3, fbcca_scores=[0.10365743339502477, 0.08838508919141222, 0.21485314262337432, 0.034396042144466045], fbcca_probs=[0.24779830905731937, 0.2440426002269006, 0.2769427634189223, 0.2312163272968577], cca_quad=2, cca_conf=0.2675, cca_ratio=1.2554, cca_scores=[0.18692626475811938, 0.19469185274363207, 0.24440819433200653, 0.07278021571480722], cca_probs=[0.2525833210964748, 0.25455241478988566, 0.2675276989352445, 0.22533656517839515]"
2026 05 21 21:00:58.387410,SSVEP_UPDATE,"fbcca_quad=2, fbcca_conf=0.3075, fbcca_ratio=4.7340, fbcca_consec=4, fbcca_scores=[0.07190718763124443, 0.05774737634716308, 0.3404074826646666, 0.030076783712160785], fbcca_probs=[0.2351295963512443, 0.23182366654714368, 0.30754983249369866, 0.22549690460791344], cca_quad=2, cca_conf=0.2847, cca_ratio=1.8682, cca_scores=[0.1636055013885061, 0.16892086451088595, 0.31557697066916574, 0.0803971547552384], cca_probs=[0.24452173789189877, 0.24582492009518045, 0.2846543626874373, 0.22499897932548357]"
2026 05 21 21:00:58.388433,SSVEP_CONFIRMED,"fbcca_quad=2, fbcca_conf=0.3075, fbcca_ratio=4.7340, fbcca_consec=4, fbcca_scores=[0.07190718763124443, 0.05774737634716308, 0.3404074826646666, 0.030076783712160785], fbcca_probs=[0.2351295963512443, 0.23182366654714368, 0.30754983249369866, 0.22549690460791344], cca_quad=2, cca_conf=0.2847, cca_ratio=1.8682, cca_scores=[0.1636055013885061, 0.16892086451088595, 0.31557697066916574, 0.0803971547552384], cca_probs=[0.24452173789189877, 0.24582492009518045, 0.2846543626874373, 0.22499897932548357]"
2026 05 21 21:00:58.388433,SELECTION,"quad=2, result=run, output='Search ID'"
2026 05 21 21:00:58.393195,AI_REQUEST,"raw='Search ID', refined=""Python으로 다음 입력을 해석한 코드 후보 2개를 작성해줘.\n두 후보는 코드 구조만 다르게 만들지 말고, 입력 문장에 대한 해석/보정 문장 자체가 서로 달라야 해.\n1번과 2번의 '# 의도:' 문장은 반드시 서로 달라야 해.\n1번은 입력을 가장 단순하고 직접적인 의미로 해석한 코드로 작성해줘.\n2번은 입력을 다르게 해석할 수 있는 합리적인 대안 의도로 작성해줘.\n두 후보는 모두 기본적으로 콘솔에서 실행 가능한 Python 코드로 작성해줘.\n명령에 GUI, 웹, 파일 저장이 명시되지 않았다면 GUI, 웹 서버, 파일 입출력은 사용하지 마.\n단순히 print를 함수로 감싸거나, def/main/while만 추가하거나, 변수명만 다른 중복 후보는 만들지 마.\n반드시 아래 형식으로만 출력해줘.\n### CODE 1\n# 의도: [첫 번째 보정 문장]\n[첫 번째 Python 코드]\n### CODE 2\n# 의도: [두 번째 보정 문장]\n[두 번째 Python 코드]\n입력: Search ID"""
2026 05 21 21:01:04.606700,AI_RESULT,"status=ok, code_files=['ai_001.py', 'ai_002.py']"
2026 05 21 21:01:34.620174,PHASE_AI_CHOICE,
2026 05 21 21:01:34.701621,SSVEP_UPDATE,"fbcca_quad=0, fbcca_conf=0.2761, fbcca_ratio=4.1115, fbcca_consec=1, fbcca_scores=[0.16366521192550326, 0.039806247227163034, 0.013444293372563108, 0.03346731284608839], fbcca_probs=[0.27609482929742213, 0.24393100683054308, 0.2375845291975304, 0.2423896346745044], cca_quad=0, cca_conf=0.2725, cca_ratio=2.1545, cca_scores=[0.20665054727895124, 0.09591671396094785, 0.0900719583832546, 0.08382821184706744], cca_probs=[0.2725123905937088, 0.2439468197807945, 0.24252516889329953, 0.24101562073219707]"
2026 05 21 21:01:35.712091,SSVEP_UPDATE,"fbcca_quad=3, fbcca_conf=0.2522, fbcca_ratio=1.0048, fbcca_consec=1, fbcca_scores=[0.08083950091301602, 0.10465862018937888, 0.09549282094291646, 0.1051650627765414], fbcca_probs=[0.24609386839496325, 0.25202597592518805, 0.249726510741597, 0.2521536449382517], cca_quad=2, cca_conf=0.2584, cca_ratio=1.2469, cca_scores=[0.15024613535550727, 0.1454078199248768, 0.1949507306307249, 0.1563445836282606], cca_probs=[0.24709604353067116, 0.24590340244386888, 0.2583930038168134, 0.2486075502086466]"
2026 05 21 21:01:36.740355,SSVEP_UPDATE,"fbcca_quad=2, fbcca_conf=0.2542, fbcca_ratio=1.0946, fbcca_consec=1, fbcca_scores=[0.020450902251156904, 0.05094588008105153, 0.0665341537383802, 0.06078140667168818], fbcca_probs=[0.2427608047652043, 0.2502778232559779, 0.25420978911505343, 0.25275158286376437], cca_quad=2, cca_conf=0.2582, cca_ratio=1.1013, cca_scores=[0.09231200161269446, 0.13371441841409362, 0.17078257644948364, 0.1550699376748644], cca_probs=[0.2387391492958161, 0.24883099899963462, 0.25822779072921925, 0.2542020609753301]"
2026 05 21 21:01:37.760589,SSVEP_UPDATE,"fbcca_quad=3, fbcca_conf=0.2584, fbcca_ratio=1.7858, fbcca_consec=1, fbcca_scores=[0.01993043219232606, 0.0393768797204068, 0.04406943302960095, 0.07869797245899264], fbcca_probs=[0.2436292089736725, 0.24841329760318628, 0.24958172956546015, 0.2583757638576811], cca_quad=3, cca_conf=0.2631, cca_ratio=1.4263, cca_scores=[0.0900137436543867, 0.11462998031132988, 0.12526278821108214, 0.1786635691536035], cca_probs=[0.24076095900305367, 0.24676113564632907, 0.24939889795742687, 0.2630790073931904]"
2026 05 21 21:01:38.770794,SSVEP_UPDATE,"fbcca_quad=3, fbcca_conf=0.2737, fbcca_ratio=1.9796, fbcca_consec=2, fbcca_scores=[0.009484586876861061, 0.08710314036673554, 0.05054097525459167, 0.17242883201486192], fbcca_probs=[0.23258019309174138, 0.25135182114600363, 0.24232782796865157, 0.27374015779360344], cca_quad=3, cca_conf=0.2792, cca_ratio=1.7676, cca_scores=[0.05382289270142488, 0.14130296778426954, 0.1019023138479131, 0.24976929274828089], cca_probs=[0.2295085471680281, 0.25049033738114107, 0.24081275770068333, 0.27918835775014744]"
2026 05 21 21:01:39.804671,SSVEP_UPDATE,"fbcca_quad=3, fbcca_conf=0.2823, fbcca_ratio=1.8125, fbcca_consec=3, fbcca_scores=[0.00997693731074905, 0.1214169466037251, 0.0279422647728157, 0.2200629957646113], fbcca_probs=[0.22884349933459847, 0.25582109952346493, 0.2329918998494336, 0.2823435012925029], cca_quad=3, cca_conf=0.2863, cca_ratio=1.7162, cca_scores=[0.061360902217347, 0.1630912141764958, 0.05581698093608459, 0.2799034785295597], cca_probs=[0.23010626240915555, 0.25474716020551913, 0.22883410104359586, 0.2863124763417295]"
2026 05 21 21:01:40.818726,SSVEP_UPDATE,"fbcca_quad=2, fbcca_conf=0.2558, fbcca_ratio=1.0234, fbcca_consec=1, fbcca_scores=[0.01103186677444996, 0.09073489283152035, 0.09286020458297857, 0.08226121612958368], fbcca_probs=[0.2357343929056956, 0.2552921928531634, 0.25583534533041175, 0.2531380689107293], cca_quad=1, cca_conf=0.2547, cca_ratio=1.0171, cca_scores=[0.059918743200680226, 0.11593633222761103, 0.11398392275881347, 0.0983036968373826], cca_probs=[0.24083033330207643, 0.2547060826665401, 0.254209277240605, 0.2502543067907785]"
2026 05 21 21:01:41.850205,SSVEP_UPDATE,"fbcca_quad=0, fbcca_conf=0.2540, fbcca_ratio=1.1452, fbcca_consec=1, fbcca_scores=[0.06216635751586821, 0.03849505983278452, 0.05428297555494525, 0.030418494011854192], fbcca_probs=[0.25396792572864735, 0.24802677020217456, 0.25197367062982934, 0.24603163343934864], cca_quad=1, cca_conf=0.2555, cca_ratio=1.0618, cca_scores=[0.13953848796892487, 0.14816440014477125, 0.12300639321497474, 0.09370007320535223], cca_probs=[0.25332724254609656, 0.2555218728282304, 0.2491736410367877, 0.24197724358888528]"
2026 05 21 21:01:42.867607,SSVEP_UPDATE,"fbcca_quad=0, fbcca_conf=0.2739, fbcca_ratio=2.6381, fbcca_consec=2, fbcca_scores=[0.16229138035676632, 0.06151807807314057, 0.030150386736475805, 0.02391705330221648], fbcca_probs=[0.2738879527582448, 0.24763249916705582, 0.23998540226425938, 0.23849414581043984], cca_quad=0, cca_conf=0.2793, cca_ratio=1.5518, cca_scores=[0.2690520821388571, 0.17337903102862914, 0.10905607510993476, 0.06961862954729969], cca_probs=[0.27932157167293736, 0.2538365747974081, 0.23802309284280207, 0.22881876068685236]"
2026 05 21 21:01:43.888793,SSVEP_UPDATE,"fbcca_quad=0, fbcca_conf=0.2637, fbcca_ratio=1.2875, fbcca_consec=3, fbcca_scores=[0.14663529811199535, 0.1138870833753503, 0.06911907910500542, 0.040182899195184044], fbcca_probs=[0.2636983334661542, 0.2552025538814004, 0.2440296061279507, 0.23706950652449474], cca_quad=0, cca_conf=0.2783, cca_ratio=1.5066, cca_scores=[0.2888642476569282, 0.19173673203378053, 0.15122543518646897, 0.08281245750978163], cca_probs=[0.27834648655593325, 0.2525828153512204, 0.242554852259263, 0.22651584583358322]"
2026 05 21 21:01:44.907546,SSVEP_UPDATE,"fbcca_quad=0, fbcca_conf=0.2756, fbcca_ratio=3.1318, fbcca_consec=4, fbcca_scores=[0.17183715951447673, 0.05486818677977469, 0.03844916887342064, 0.02602992330482328], fbcca_probs=[0.2755532533349823, 0.24513569986720668, 0.24114367467002135, 0.23816737212778966], cca_quad=0, cca_conf=0.2880, cca_ratio=2.0380, cca_scores=[0.3012980809047897, 0.1478398321029197, 0.11625043677151807, 0.05719974830831952], cca_probs=[0.2880008596351691, 0.24702887093503534, 0.23934734442744846, 0.2256229250023471]"
2026 05 21 21:01:45.924262,SSVEP_UPDATE,"fbcca_quad=0, fbcca_conf=0.2905, fbcca_ratio=4.8855, fbcca_consec=5, fbcca_scores=[0.24208848167954472, 0.034109770471033744, 0.04955239761023465, 0.025390061782112693], fbcca_probs=[0.2905066799763661, 0.235956592865865, 0.2396286627794132, 0.23390806437835568], cca_quad=0, cca_conf=0.2979, cca_ratio=3.0262, cca_scores=[0.3450768379248464, 0.11292124429288794, 0.11402858466412263, 0.08373953269516003], cca_probs=[0.2979253906765202, 0.23620202918067926, 0.23646373009260957, 0.2294088500501909]"
2026 05 21 21:01:46.935520,SSVEP_UPDATE,"fbcca_quad=0, fbcca_conf=0.2898, fbcca_ratio=2.9575, fbcca_consec=6, fbcca_scores=[0.2514042481090946, 0.04762280463763404, 0.08500654170022984, 0.013400744438794045], fbcca_probs=[0.28980887354910856, 0.236379887938036, 0.24538390481406094, 0.22842733369879464], cca_quad=0, cca_conf=0.2956, cca_ratio=2.2306, cca_scores=[0.35215864313341316, 0.13822623209141324, 0.15787897953500238, 0.06720907442858239], cca_probs=[0.2956058727058586, 0.23867305505023997, 0.24341003115754137, 0.22231104108636018]"
2026 05 21 21:01:47.968831,SSVEP_UPDATE,"fbcca_quad=0, fbcca_conf=0.2815, fbcca_ratio=3.0326, fbcca_consec=7, fbcca_scores=[0.2064678913408005, 0.05107224741124722, 0.06808220921140803, 0.015520879222599229], fbcca_probs=[0.2814510610368175, 0.24094361365225586, 0.24507711096757515, 0.2325282143433514], cca_quad=0, cca_conf=0.2836, cca_ratio=2.1160, cca_scores=[0.2838696816621932, 0.13187194846716005, 0.13415400289025411, 0.06869577484875793], cca_probs=[0.2835798091735312, 0.24359228491044294, 0.24414881053100984, 0.22867909538501605]"
2026 05 21 21:01:48.993614,SSVEP_UPDATE,"fbcca_quad=0, fbcca_conf=0.2650, fbcca_ratio=1.4501, fbcca_consec=8, fbcca_scores=[0.15098548385090446, 0.10411894459482735, 0.05635759161538449, 0.05649629565858454], fbcca_probs=[0.26498744525201684, 0.25285492598934806, 0.24106209507620222, 0.24109553368243292], cca_quad=0, cca_conf=0.2672, cca_ratio=1.1976, cca_scores=[0.24494631036135536, 0.2045275647034829, 0.14441124014737372, 0.11385529455782012], cca_probs=[0.26724544687951096, 0.2566591056318784, 0.24168432744822008, 0.23441112004039058]"
2026 05 21 21:01:50.009201,SSVEP_UPDATE,"fbcca_quad=1, fbcca_conf=0.2556, fbcca_ratio=1.0157, fbcca_consec=1, fbcca_scores=[0.06093809690068838, 0.12081969219361867, 0.09310917654448274, 0.11894901374602271], fbcca_probs=[0.24072420112627682, 0.25557949078743525, 0.24859447743036442, 0.25510183065592346], cca_quad=2, cca_conf=0.2545, cca_ratio=1.0204, cca_scores=[0.17073364637457134, 0.2019960019757562, 0.20610988021602603, 0.17386052113974962], cca_probs=[0.24564608639876634, 0.2534468616888811, 0.25449165882884617, 0.24641539308350635]"
2026 05 21 21:01:51.034958,SSVEP_UPDATE,"fbcca_quad=1, fbcca_conf=0.2616, fbcca_ratio=1.0247, fbcca_consec=2, fbcca_scores=[0.0643609477936923, 0.17728946399928186, 0.1084601320510046, 0.17300986469462365], fbcca_probs=[0.23367713725910166, 0.26161368306813454, 0.2442127060312965, 0.2604964736414674], cca_quad=1, cca_conf=0.2541, cca_ratio=1.0825, cca_scores=[0.1787147153913553, 0.2094770857636031, 0.1935211209847833, 0.1913615800491858], cca_probs=[0.24637313131800642, 0.254069931784383, 0.25004817175771227, 0.24950876513989834]"
2026 05 21 21:01:52.060116,SSVEP_UPDATE,"fbcca_quad=0, fbcca_conf=0.2697, fbcca_ratio=1.9396, fbcca_consec=1, fbcca_scores=[0.19968786073506642, 0.10295188123133953, 0.0915389252272506, 0.09646767352491595], fbcca_probs=[0.26974405593931206, 0.24487248090651448, 0.24209364955839746, 0.24328981359577595], cca_quad=0, cca_conf=0.2786, cca_ratio=1.7221, cca_scores=[0.30690440315436385, 0.1577130652344406, 0.17821520403288804, 0.1427187908727959], cca_probs=[0.2786108262170705, 0.23999655810945034, 0.24496778713702833, 0.23642482853645086]"
2026 05 21 21:01:53.068448,SSVEP_UPDATE,"fbcca_quad=0, fbcca_conf=0.2619, fbcca_ratio=1.2250, fbcca_consec=2, fbcca_scores=[0.1187929639085131, 0.02361509506606452, 0.09697399450251575, 0.04751682344228889], fbcca_probs=[0.2618600847645126, 0.2380861218330838, 0.256208448240152, 0.2438453451622516], cca_quad=0, cca_conf=0.2723, cca_ratio=1.4330, cca_scores=[0.24524347395787474, 0.08367948801532944, 0.17113777162886368, 0.13235630084853764], cca_probs=[0.2722839155609505, 0.23166244719287415, 0.2528356383413824, 0.24321799890479298]"
2026 05 21 21:01:54.096714,SSVEP_UPDATE,"fbcca_quad=2, fbcca_conf=0.2640, fbcca_ratio=1.1246, fbcca_consec=1, fbcca_scores=[0.12820099818761307, 0.014543088277357166, 0.14416846354943222, 0.066328572529919], fbcca_probs=[0.2598305818009899, 0.23191522612554102, 0.26401271781576074, 0.2442414742577083], cca_quad=0, cca_conf=0.2721, cca_ratio=1.4203, cca_scores=[0.2587036759445364, 0.07850251909927439, 0.1821472427579454, 0.16799357357300657], cca_probs=[0.2721321485907999, 0.22725815815288303, 0.25207618305509116, 0.24853351020122583]"
2026 05 21 21:01:55.112163,SSVEP_UPDATE,"fbcca_quad=2, fbcca_conf=0.2638, fbcca_ratio=1.3081, fbcca_consec=2, fbcca_scores=[0.11189800630159195, 0.031135708814388884, 0.14636931083913493, 0.07727087478481674], fbcca_probs=[0.2548776718362832, 0.23510245886133518, 0.2638168246511127, 0.24620304465126894], cca_quad=0, cca_conf=0.2664, cca_ratio=1.3324, cca_scores=[0.23596659327737457, 0.10105457354978357, 0.17165077157523312, 0.17709514832710055], cca_probs=[0.26635914221860324, 0.23274269664507252, 0.2497673126763124, 0.2511308484600118]"
2026 05 21 21:01:56.137177,SSVEP_UPDATE,"fbcca_quad=0, fbcca_conf=0.2558, fbcca_ratio=1.0288, fbcca_consec=1, fbcca_scores=[0.10177778434864257, 0.06187761595943232, 0.052085826465865404, 0.0989325539184855], fbcca_probs=[0.2557828235797421, 0.24577797079798547, 0.24338310877292899, 0.25505609684934344], cca_quad=0, cca_conf=0.2692, cca_ratio=1.3415, cca_scores=[0.23950836327950192, 0.13177904592687842, 0.10769289804498051, 0.17853804494346465], cca_probs=[0.26916273890630327, 0.24167331029173408, 0.23592187422248415, 0.25324207657947856]"
2026 05 21 21:01:57.158276,SSVEP_UPDATE,"fbcca_quad=2, fbcca_conf=0.2824, fbcca_ratio=3.1079, fbcca_consec=1, fbcca_scores=[0.06969012778828826, 0.04113415755748488, 0.21659133364749977, 0.04051109940920803], fbcca_probs=[0.24382334528306254, 0.23695920561440081, 0.28240583686759957, 0.23681161223493707], cca_quad=2, cca_conf=0.2728, cca_ratio=1.3480, cca_scores=[0.1875030329813071, 0.12033616692972221, 0.2527474035767804, 0.09392680686972463], cca_probs=[0.25555006188747675, 0.2389493157227702, 0.27277920579800047, 0.23272141659175255]"
2026 05 21 21:01:58.186072,SSVEP_UPDATE,"fbcca_quad=2, fbcca_conf=0.2807, fbcca_ratio=2.3008, fbcca_consec=2, fbcca_scores=[0.0871633004563564, 0.027454478081011528, 0.2005419974340973, 0.013308036691159975], fbcca_probs=[0.25056998879544423, 0.23604665012547657, 0.2806524229964947, 0.23273093808258444], cca_quad=2, cca_conf=0.2712, cca_ratio=1.2917, cca_scores=[0.17927123432043915, 0.12355126637046934, 0.2315588803276859, 0.057540516595705186], cca_probs=[0.25740890428435437, 0.2434583595261756, 0.2712263016232187, 0.22790643456625134]"
2026 05 21 21:01:59.210086,SSVEP_UPDATE,"fbcca_quad=2, fbcca_conf=0.2620, fbcca_ratio=1.2587, fbcca_consec=3, fbcca_scores=[0.08468978651063387, 0.026847369356724583, 0.10659902421124316, 0.018474633381428025], fbcca_probs=[0.25628676928601035, 0.2418831099912786, 0.2619637794306205, 0.23986634129209056], cca_quad=0, cca_conf=0.2654, cca_ratio=1.0676, cca_scores=[0.20930301975233662, 0.11348633795914896, 0.19605153898922553, 0.07271317984724757], cca_probs=[0.26540725969322826, 0.24115714947903913, 0.26191342089270614, 0.2315221699350264]"
2026 05 21 21:02:00.221459,SSVEP_UPDATE,"fbcca_quad=0, fbcca_conf=0.2625, fbcca_ratio=1.8026, fbcca_consec=1, fbcca_scores=[0.10500225623787388, 0.058250670136850265, 0.02583847432148923, 0.034317035349778376], fbcca_probs=[0.26246938405145454, 0.25048094679753047, 0.24249247067394952, 0.24455719847706542], cca_quad=0, cca_conf=0.2770, cca_ratio=1.7284, cca_scores=[0.24812530736947966, 0.1435551212823733, 0.09711504688010701, 0.08576882528200248], cca_probs=[0.27695548574481965, 0.24945701253646585, 0.23813709363307184, 0.23545040808564263]"
2026 05 21 21:02:01.239377,SSVEP_UPDATE,"fbcca_quad=0, fbcca_conf=0.2665, fbcca_ratio=1.7261, fbcca_consec=2, fbcca_scores=[0.13187432478964564, 0.07639895814416248, 0.014780532943768965, 0.04517337389320585], fbcca_probs=[0.26648983419359534, 0.25210879754197896, 0.23704317686742774, 0.244358191396998], cca_quad=0, cca_conf=0.2810, cca_ratio=1.7037, cca_scores=[0.26725039064190403, 0.1568634842708096, 0.07185301729819102, 0.09443274545921874], cca_probs=[0.28095519662124957, 0.2515918942818029, 0.23108782675105494, 0.23636508234589257]"
2026 05 21 21:02:02.264320,SSVEP_UPDATE,"fbcca_quad=0, fbcca_conf=0.2791, fbcca_ratio=4.5232, fbcca_consec=3, fbcca_scores=[0.18206009519874766, 0.017532175160100607, 0.03943335963541079, 0.04025071948667085], fbcca_probs=[0.27908339253465775, 0.23674478753952438, 0.24198697431673724, 0.24218484560908057], cca_quad=0, cca_conf=0.2835, cca_ratio=1.9949, cca_scores=[0.2619593932444858, 0.06588304503651064, 0.1313156165088585, 0.0728403894620006], cca_probs=[0.2835135887449728, 0.23303384625012857, 0.24879176896122776, 0.2346607960436709]"
2026 05 21 21:02:03.279046,SSVEP_UPDATE,"fbcca_quad=0, fbcca_conf=0.2642, fbcca_ratio=1.2143, fbcca_consec=4, fbcca_scores=[0.12011466933071356, 0.0037000602349145945, 0.09891551972002673, 0.0319064403930056], fbcca_probs=[0.2642217151739053, 0.23518536061275744, 0.25867939331885975, 0.24191353089447745], cca_quad=0, cca_conf=0.2809, cca_ratio=1.3907, cca_scores=[0.25276299264655677, 0.03666907947157223, 0.18174834606396598, 0.057267701681580706], cca_probs=[0.28093556357821525, 0.22633844396664737, 0.26167693891553, 0.23104905353960734]"
2026 05 21 21:02:04.300722,SSVEP_UPDATE,"fbcca_quad=0, fbcca_conf=0.2720, fbcca_ratio=3.3226, fbcca_consec=5, fbcca_scores=[0.1507507790243117, 0.029747262965617405, 0.035029234741799746, 0.045370989976777694], fbcca_probs=[0.2719803123685546, 0.24098294578754623, 0.2422591784510343, 0.24477756339286488], cca_quad=0, cca_conf=0.2858, cca_ratio=2.3611, cca_scores=[0.28052035911103085, 0.10484963870537939, 0.11880923335424948, 0.06859276290520883], cca_probs=[0.2858282616950371, 0.23977966195562084, 0.2431503608997928, 0.2312417154495492]"
2026 05 21 21:02:05.330166,SSVEP_UPDATE,"fbcca_quad=0, fbcca_conf=0.2772, fbcca_ratio=2.2557, fbcca_consec=6, fbcca_scores=[0.18202052729481005, 0.019898416484709535, 0.08069219170879126, 0.024302179534412636], fbcca_probs=[0.27715694963037363, 0.23567690963482754, 0.25044907721902576, 0.23671706351577307], cca_quad=0, cca_conf=0.2851, cca_ratio=2.0163, cca_scores=[0.29002956602002916, 0.09823186962577941, 0.14383897596534356, 0.08942386038968807], cca_probs=[0.28508694290721776, 0.2353318157581402, 0.24631312848411174, 0.23326811285053037]"
2026 05 21 21:02:05.330166,PHASE_TIMEOUT,
2026 05 21 21:02:08.339676,PHASE_AI_CHOICE,
2026 05 21 21:02:08.457856,SSVEP_UPDATE,"fbcca_quad=2, fbcca_conf=0.2645, fbcca_ratio=1.5203, fbcca_consec=1, fbcca_scores=[0.022645830358475484, 0.07836279320204421, 0.11913144052547969, 0.026996146072900733], fbcca_probs=[0.24021416078320262, 0.25397804464744156, 0.26454634999177135, 0.2412614445775845], cca_quad=1, cca_conf=0.2604, cca_ratio=1.0069, cca_scores=[0.07332721562590117, 0.16236588285749382, 0.16125097047991463, 0.08548029470965393], cca_probs=[0.23825095110121589, 0.2604375762054693, 0.26014737293384177, 0.24116409975947295]"
2026 05 21 21:02:09.471261,SSVEP_UPDATE,"fbcca_quad=2, fbcca_conf=0.2820, fbcca_ratio=2.2546, fbcca_consec=2, fbcca_scores=[0.02583431661899393, 0.0991859429712627, 0.22362544317125507, 0.052690201749973235], fbcca_probs=[0.23137241377796672, 0.24898190410895257, 0.2819753680443256, 0.23767031406875516], cca_quad=2, cca_conf=0.2632, cca_ratio=1.1411, cca_scores=[0.08329092617464248, 0.16584461453268728, 0.1892490488376183, 0.10852792077237035], cca_probs=[0.2367765930949173, 0.25715287174734286, 0.2632423719272572, 0.2428281632304826]"
2026 05 21 21:02:10.500382,SSVEP_UPDATE,"fbcca_quad=2, fbcca_conf=0.2593, fbcca_ratio=1.0753, fbcca_consec=3, fbcca_scores=[0.041237688844051296, 0.156090519368907, 0.16849470188109603, 0.1566999324029782], fbcca_probs=[0.22832044033830523, 0.25610894307789145, 0.25930554981078247, 0.25626506677302086], cca_quad=3, cca_conf=0.2557, cca_ratio=1.0349, cca_scores=[0.13676303412172766, 0.18964822535973969, 0.1710047220026907, 0.1962686189016665], cca_probs=[0.24093744136465584, 0.25402241512089707, 0.24933042087992724, 0.25570972263451985]"
2026 05 21 21:02:11.514196,SSVEP_UPDATE,"fbcca_quad=2, fbcca_conf=0.2676, fbcca_ratio=1.2586, fbcca_consec=4, fbcca_scores=[0.048298231931848075, 0.15786743085442945, 0.19868520294747424, 0.11134044782327979], fbcca_probs=[0.23024747189455896, 0.25690950292054854, 0.2676129355637115, 0.245230089621181], cca_quad=1, cca_conf=0.2602, cca_ratio=1.1893, cca_scores=[0.13761044168239825, 0.206112220618645, 0.17331182296485312, 0.1458365042304579], cca_probs=[0.24298331921207095, 0.2602114512960409, 0.25181487059856794, 0.24499035889332021]"
2026 05 21 21:02:12.541096,SSVEP_UPDATE,"fbcca_quad=0, fbcca_conf=0.2552, fbcca_ratio=1.2448, fbcca_consec=1, fbcca_scores=[0.08957478837029584, 0.07195653206199415, 0.06589801654559643, 0.04883364769841982], fbcca_probs=[0.2551531375523307, 0.25069715277995314, 0.24918289190823226, 0.24496681775948384], cca_quad=0, cca_conf=0.2600, cca_ratio=1.1025, cca_scores=[0.2036398741390652, 0.18470128617234835, 0.13710249562737545, 0.13054362142297715], cca_probs=[0.2599847858400182, 0.25510737254474414, 0.24324903034070083, 0.24165881127453684]"
2026 05 21 21:02:13.551250,SSVEP_UPDATE,"fbcca_quad=0, fbcca_conf=0.2726, fbcca_ratio=2.8307, fbcca_consec=2, fbcca_scores=[0.15258662581107357, 0.022619420277301683, 0.02966441275835492, 0.05390432730029662], fbcca_probs=[0.2725919293214873, 0.2393695775118275, 0.24106188854546376, 0.24697660462122142], cca_quad=0, cca_conf=0.2823, cca_ratio=2.1419, cca_scores=[0.27445279165570774, 0.08538676636418147, 0.11335665021529369, 0.128134683875631], cca_probs=[0.28226063045823363, 0.23363611486261873, 0.2402631363403609, 0.2438401183387868]"
2026 05 21 21:02:14.584410,SSVEP_UPDATE,"fbcca_quad=0, fbcca_conf=0.2798, fbcca_ratio=4.2639, fbcca_consec=3, fbcca_scores=[0.18788627573665953, 0.04113661704345594, 0.0440640645893024, 0.01852635418762217], fbcca_probs=[0.2798175833948451, 0.24162531574646703, 0.24233369755345502, 0.23622340330523275], cca_quad=0, cca_conf=0.2867, cca_ratio=2.2708, cca_scores=[0.2967877962506287, 0.13069496098181244, 0.1124196708004609, 0.08595321219129541], cca_probs=[0.28665572593500793, 0.24278811281610507, 0.23839138768540383, 0.23216477356348317]"
2026 05 21 21:02:15.608828,SSVEP_UPDATE,"fbcca_quad=0, fbcca_conf=0.2721, fbcca_ratio=1.9930, fbcca_consec=4, fbcca_scores=[0.16251200355398007, 0.029129575057241452, 0.0815411726270924, 0.03265907186060295], fbcca_probs=[0.2720662364754146, 0.2380934216533231, 0.250905085494749, 0.23893525637651333], cca_quad=0, cca_conf=0.2791, cca_ratio=1.8756, cca_scores=[0.2748814809900676, 0.11077761281836297, 0.14655444163575393, 0.11746729619354795], cca_probs=[0.279129253751075, 0.23688412119615826, 0.24551251174689376, 0.23847411330587295]"
2026 05 21 21:02:16.634029,SSVEP_UPDATE,"fbcca_quad=0, fbcca_conf=0.2547, fbcca_ratio=1.2064, fbcca_consec=5, fbcca_scores=[0.07391343136225387, 0.036433038788425985, 0.06126817398828388, 0.049089475327676636], fbcca_probs=[0.2547037876509401, 0.24533407676037353, 0.25150327102763087, 0.24845886456105554], cca_quad=0, cca_conf=0.2629, cca_ratio=1.3590, cca_scores=[0.18403445974614005, 0.09889927200088046, 0.13542038814829685, 0.11381574768504664], cca_probs=[0.2629415414559223, 0.24148238824040108, 0.2504646167477122, 0.24511145355596442]"
2026 05 21 21:02:17.654290,SSVEP_UPDATE,"fbcca_quad=0, fbcca_conf=0.2633, fbcca_ratio=5.1429, fbcca_consec=6, fbcca_scores=[0.0842141941455789, 0.016374859124907437, 0.014253270523348613, 0.012960214156873155], fbcca_probs=[0.26329188305785084, 0.2460227234152847, 0.24550131770934022, 0.24518407581752424], cca_quad=0, cca_conf=0.2746, cca_ratio=2.4815, cca_scores=[0.18668245874111802, 0.07522924157337631, 0.057019467978358045, 0.0455678807722604], cca_probs=[0.27462610347132643, 0.2456621779133581, 0.24122920944427162, 0.23848250917104372]"
2026 05 21 21:02:18.683052,SSVEP_UPDATE,"fbcca_quad=0, fbcca_conf=0.2608, fbcca_ratio=1.5112, fbcca_consec=7, fbcca_scores=[0.08764890422338227, 0.058000641281580244, 0.0031771974848808352, 0.030752682025962118], fbcca_probs=[0.26079177937194575, 0.25317325223329823, 0.23966703406424697, 0.246367934330509], cca_quad=0, cca_conf=0.2781, cca_ratio=1.5184, cca_scores=[0.24275683773616996, 0.15987391156724404, 0.04143866076002483, 0.08879329322169341], cca_probs=[0.27813205555598786, 0.2560091266244906, 0.22741529602905616, 0.23844352179046538]"
2026 05 21 21:02:19.711839,SSVEP_UPDATE,"fbcca_quad=1, fbcca_conf=0.2620, fbcca_ratio=1.1004, fbcca_consec=1, fbcca_scores=[0.1255528260224755, 0.17818119621209963, 0.05555521233505491, 0.16191926612170077], fbcca_probs=[0.24854170060398406, 0.261972362333308, 0.23173929863381287, 0.25774663842889506], cca_quad=0, cca_conf=0.2651, cca_ratio=1.0557, cca_scores=[0.2868269413001912, 0.27169877482066407, 0.12302365654858029, 0.22337591795458395], cca_probs=[0.2650821981307733, 0.26110217166410227, 0.22503066341510317, 0.24878496679002127]"
2026 05 21 21:02:20.732264,SSVEP_UPDATE,"fbcca_quad=3, fbcca_conf=0.2582, fbcca_ratio=1.0384, fbcca_consec=1, fbcca_scores=[0.1058356045158049, 0.14386108005064271, 0.06732469138603946, 0.14938424805265096], fbcca_probs=[0.24718886312756227, 0.2567693338031143, 0.23785036545386512, 0.2581914376154584], cca_quad=0, cca_conf=0.2565, cca_ratio=1.0146, cca_scores=[0.21591797425556566, 0.2128019233468669, 0.1363811177557862, 0.19439459448183796], cca_probs=[0.2564668517431835, 0.25566893180197203, 0.23685841718747433, 0.25100579926737]"
2026 05 21 21:02:21.745016,SSVEP_UPDATE,"fbcca_quad=0, fbcca_conf=0.2581, fbcca_ratio=1.0743, fbcca_consec=1, fbcca_scores=[0.1434311227675436, 0.08455691291309204, 0.13350877372313977, 0.08387572982443581], fbcca_probs=[0.25805549805669104, 0.24330126781332298, 0.2555076425914015, 0.24313559153858447], cca_quad=0, cca_conf=0.2753, cca_ratio=1.7684, cca_scores=[0.28098821610027136, 0.15889155722341936, 0.15637806853657493, 0.135349356758101], cca_probs=[0.27530207261933526, 0.24365962742019062, 0.24304796073390067, 0.23799033922657353]"
2026 05 21 21:02:22.776601,SSVEP_UPDATE,"fbcca_quad=0, fbcca_conf=0.2624, fbcca_ratio=1.2469, fbcca_consec=2, fbcca_scores=[0.12200448272700842, 0.04510008152894314, 0.09784567794807615, 0.026850897158421986], fbcca_probs=[0.26237475210965355, 0.24295334575947244, 0.2561120460394651, 0.23855985609140892], cca_quad=0, cca_conf=0.2767, cca_ratio=1.7300, cca_scores=[0.26002813418334647, 0.13916007316251003, 0.15030361646592422, 0.07655772196002766], cca_probs=[0.2766551473861919, 0.24515819946915957, 0.24790540887597587, 0.23028124426867255]"
2026 05 21 21:02:23.804384,SSVEP_UPDATE,"fbcca_quad=0, fbcca_conf=0.2651, fbcca_ratio=1.8016, fbcca_consec=3, fbcca_scores=[0.14057775412126072, 0.04854365746813936, 0.0780275207244724, 0.05796531726784247], fbcca_probs=[0.2651009567360681, 0.24179170335990796, 0.24902679194636007, 0.24408054795766387], cca_quad=0, cca_conf=0.2785, cca_ratio=1.8630, cca_scores=[0.2664255583079083, 0.11579900182442138, 0.1430062253737129, 0.10014351723219485], cca_probs=[0.2784841087318045, 0.23954335921933972, 0.24615013744822367, 0.23582239460063212]"
2026 05 21 21:02:24.818359,SSVEP_UPDATE,"fbcca_quad=2, fbcca_conf=0.2536, fbcca_ratio=1.0007, fbcca_consec=1, fbcca_scores=[0.07688727745333215, 0.049791124594218486, 0.07694205210623571, 0.04708464598998657], fbcca_probs=[0.25355229821448616, 0.2467742505908547, 0.2535661868339824, 0.2461072643606768], cca_quad=0, cca_conf=0.2602, cca_ratio=1.1920, cca_scores=[0.17906549919860956, 0.11966718756213197, 0.15022256176293053, 0.1064237105961698], cca_probs=[0.26015689690565813, 0.24515400061500758, 0.25276038907609905, 0.24192871340323524]"
2026 05 21 21:02:25.843052,SSVEP_UPDATE,"fbcca_quad=1, fbcca_conf=0.2585, fbcca_ratio=1.1704, fbcca_consec=1, fbcca_scores=[0.05581882515384742, 0.10189954345970119, 0.08706605375914689, 0.027215663055351585], fbcca_probs=[0.24687081878240497, 0.2585129830469353, 0.25470663388905845, 0.2399095642816011], cca_quad=1, cca_conf=0.2578, cca_ratio=1.0982, cca_scores=[0.16928669433022786, 0.1908648356072495, 0.17379675436034922, 0.10414671325347377], cca_probs=[0.25231695217205546, 0.25782064923983855, 0.25345748677947516, 0.23640491180863074]"
2026 05 21 21:02:26.861018,SSVEP_UPDATE,"fbcca_quad=1, fbcca_conf=0.2684, fbcca_ratio=2.3904, fbcca_consec=2, fbcca_scores=[0.06112337648566107, 0.1461101011231781, 0.04063784856654186, 0.04897140694836114], fbcca_probs=[0.2465272290948482, 0.2683948386590051, 0.24152836565473845, 0.24354956659140828], cca_quad=1, cca_conf=0.2665, cca_ratio=1.3190, cca_scores=[0.17862918212768394, 0.2356196576640562, 0.12743839832248377, 0.14234488325672878], cca_probs=[0.2516920499125978, 0.2664527132390644, 0.23913195971701057, 0.24272327713132721]"
2026 05 21 21:02:27.878901,SSVEP_UPDATE,"fbcca_quad=3, fbcca_conf=0.2573, fbcca_ratio=1.0793, fbcca_consec=1, fbcca_scores=[0.051269312425672044, 0.10849626550820601, 0.07499526578610005, 0.11710211179007578], fbcca_probs=[0.24090848247331365, 0.25509705323727905, 0.2466926115495889, 0.25730185273981837], cca_quad=3, cca_conf=0.2552, cca_ratio=1.1206, cca_scores=[0.15373746095519358, 0.17003778542494372, 0.16526715278729073, 0.19055015772831416], cca_probs=[0.24597045117597155, 0.2500127048614096, 0.24882282658453717, 0.25519401737808173]"
2026 05 21 21:02:28.898535,SSVEP_UPDATE,"fbcca_quad=1, fbcca_conf=0.2542, fbcca_ratio=1.1402, fbcca_consec=1, fbcca_scores=[0.05322114349878449, 0.08613950192364853, 0.062115320291836675, 0.07554626031071433], fbcca_probs=[0.2460039005457796, 0.2542367069320327, 0.24820166187988177, 0.251557730642306], cca_quad=0, cca_conf=0.2530, cca_ratio=1.0628, cca_scores=[0.14867014946126644, 0.13988090185119878, 0.13854624727190815, 0.11890194758684566], cca_probs=[0.2530462374104166, 0.25083189682184387, 0.2504973461865485, 0.24562451958119097]"
2026 05 21 21:02:29.928014,SSVEP_UPDATE,"fbcca_quad=2, fbcca_conf=0.2571, fbcca_ratio=1.4840, fbcca_consec=1, fbcca_scores=[0.05055621515636904, 0.02154092428245675, 0.0750250737817455, 0.03947931479893989], fbcca_probs=[0.25093117351421196, 0.24375494614498855, 0.25714690877402513, 0.24816697156677434], cca_quad=0, cca_conf=0.2587, cca_ratio=1.2243, cca_scores=[0.1517413937622248, 0.07806778308161189, 0.12393674198648925, 0.11464146262755132], cca_probs=[0.2587233070954816, 0.24034744587514345, 0.2516286844557957, 0.24930056257357924]"
2026 05 21 21:02:30.944669,SSVEP_UPDATE,"fbcca_quad=2, fbcca_conf=0.2549, fbcca_ratio=1.1722, fbcca_consec=2, fbcca_scores=[0.051920999182392985, 0.0272994604074442, 0.06086235400267995, 0.0256836726840045], fbcca_probs=[0.25260406827837245, 0.24646050970860933, 0.2548728186176706, 0.24606260339534763], cca_quad=0, cca_conf=0.2593, cca_ratio=1.2835, cca_scores=[0.15867366244135048, 0.09972392565763104, 0.12362187347383723, 0.10519497564541988], cca_probs=[0.2593202479759137, 0.24447524094948775, 0.25038806831547344, 0.24581644275912518]"
2026 05 21 21:02:31.961702,SSVEP_UPDATE,"fbcca_quad=0, fbcca_conf=0.2519, fbcca_ratio=1.0539, fbcca_consec=1, fbcca_scores=[0.062344262203455625, 0.0447393088919408, 0.052240513912895394, 0.05915697387326857], fbcca_probs=[0.2519327006263159, 0.24753625039501193, 0.24940005219970054, 0.25113099677897166], cca_quad=0, cca_conf=0.2580, cca_ratio=1.2311, cca_scores=[0.17197679591065243, 0.11197102097421129, 0.13671925311729394, 0.13969793470171687], cca_probs=[0.25804104941995704, 0.24301250516675196, 0.2491016723342204, 0.24984477307907058]"
2026 05 21 21:02:32.977190,SSVEP_UPDATE,"fbcca_quad=0, fbcca_conf=0.2656, fbcca_ratio=1.6933, fbcca_consec=2, fbcca_scores=[0.13376286751302235, 0.07899676782221833, 0.03589929497776299, 0.04179523847902627], fbcca_probs=[0.2655609532332808, 0.25140829571311507, 0.24080339708489645, 0.24222735396870773], cca_quad=0, cca_conf=0.2744, cca_ratio=1.5464, cca_scores=[0.2745352682622953, 0.1775270933478175, 0.13766137119625277, 0.12973619872250583], cca_probs=[0.2743616025463491, 0.248996484710001, 0.2392653187706866, 0.2373765939729633]"
2026 05 21 21:02:33.994492,SSVEP_UPDATE,"fbcca_quad=0, fbcca_conf=0.2759, fbcca_ratio=3.3039, fbcca_consec=3, fbcca_scores=[0.17734875046149626, 0.029668217136028543, 0.053678562795459954, 0.047717040525175294], fbcca_probs=[0.2758775333466065, 0.23800139004039192, 0.24378504156685094, 0.24233603504615067], cca_quad=0, cca_conf=0.2821, cca_ratio=1.8544, cca_scores=[0.2977935217201552, 0.09625430752199846, 0.160586140123191, 0.14152763564744497], cca_probs=[0.28211986311205817, 0.23062495344492415, 0.2459491102257827, 0.24130607321723505]"
2026 05 21 21:02:35.014325,SSVEP_UPDATE,"fbcca_quad=0, fbcca_conf=0.2772, fbcca_ratio=2.1729, fbcca_consec=4, fbcca_scores=[0.19655186459170962, 0.03706907388640695, 0.09045638724934169, 0.04110179144348859], fbcca_probs=[0.277165455239876, 0.23630700977925412, 0.24926564168073811, 0.2372618933001317], cca_quad=0, cca_conf=0.2828, cca_ratio=1.6325, cca_scores=[0.3172137400852492, 0.12189861609644019, 0.19430927193590777, 0.1296624390449124], cca_probs=[0.28281261734198054, 0.23263470295709465, 0.2501048126636103, 0.23444786703731454]"
2026 05 21 21:02:36.044152,SSVEP_UPDATE,"fbcca_quad=0, fbcca_conf=0.2724, fbcca_ratio=1.9656, fbcca_consec=5, fbcca_scores=[0.21351752966316864, 0.08064275680575748, 0.10862916420463319, 0.10206473526452003], fbcca_probs=[0.27243996864091224, 0.23854155224699672, 0.24531176843831798, 0.24370671067377303], cca_quad=0, cca_conf=0.2799, cca_ratio=1.6389, cca_scores=[0.3078007269268214, 0.1255720364153379, 0.18781449600286562, 0.14863404461517177], cca_probs=[0.27986137950376755, 0.23323947533042452, 0.24821819464141584, 0.2386809505243921]"
2026 05 21 21:02:37.065494,SSVEP_UPDATE,"fbcca_quad=0, fbcca_conf=0.2667, fbcca_ratio=1.9168, fbcca_consec=6, fbcca_scores=[0.16396224323614877, 0.08534234097966636, 0.0855403567030775, 0.05850660689366574], fbcca_probs=[0.26674634266378827, 0.24657797624358846, 0.24662680739443985, 0.2400488736981833], cca_quad=0, cca_conf=0.2760, cca_ratio=1.5225, cca_scores=[0.28462840402163847, 0.1474458585834449, 0.1869532533260459, 0.11544872491895534], cca_probs=[0.27600584183608123, 0.24062494732374454, 0.2503216975532617, 0.2330475132869124]"
2026 05 21 21:02:38.074564,SSVEP_UPDATE,"fbcca_quad=0, fbcca_conf=0.2793, fbcca_ratio=5.2522, fbcca_consec=7, fbcca_scores=[0.17498147993252544, 0.03331576205860496, 0.028168923251617517, 0.010654866980268261], fbcca_probs=[0.27934271748374134, 0.2424447109224302, 0.2412000927477546, 0.23701247884607382], cca_quad=0, cca_conf=0.2985, cca_ratio=2.8246, cca_scores=[0.3291425095501616, 0.11652579926016451, 0.09995006317603997, 0.035999823346764326], cca_probs=[0.298546929175166, 0.24136502806433427, 0.23739720073646886, 0.22269084202403083]"
2026 05 21 21:02:39.103067,SSVEP_UPDATE,"fbcca_quad=0, fbcca_conf=0.2801, fbcca_ratio=4.4474, fbcca_consec=8, fbcca_scores=[0.19276974643388284, 0.042868802726382986, 0.04334477365776785, 0.02803377739275551], fbcca_probs=[0.28010310879975225, 0.24111086233063775, 0.24122565140831329, 0.23756037746129666], cca_quad=0, cca_conf=0.2986, cca_ratio=2.9063, cca_scores=[0.34367234800704394, 0.10289724881114558, 0.11824913373207213, 0.07541318242352449], cca_probs=[0.2986049506520998, 0.23470898037108434, 0.2383400058571804, 0.22834606311963543]"
2026 05 21 21:02:39.103067,PHASE_TIMEOUT,
2026 05 21 21:02:42.112985,PHASE_AI_CHOICE,
2026 05 21 21:02:42.228828,SSVEP_UPDATE,"fbcca_quad=1, fbcca_conf=0.2655, fbcca_ratio=1.5565, fbcca_consec=1, fbcca_scores=[0.05050477702455316, 0.15054688585743561, 0.06019910331309901, 0.09672382080382322], fbcca_probs=[0.24025393594335726, 0.26553284400054883, 0.2425943620884506, 0.2516188579676434], cca_quad=1, cca_conf=0.2646, cca_ratio=1.3879, cca_scores=[0.15472456847131258, 0.21473455709275333, 0.11901637746201991, 0.14108315726227627], cca_probs=[0.2491764600045632, 0.26458731462096785, 0.2404358046015005, 0.2458004207729684]"
2026 05 21 21:02:43.263200,SSVEP_UPDATE,"fbcca_quad=2, fbcca_conf=0.2578, fbcca_ratio=1.0331, fbcca_consec=1, fbcca_scores=[0.04835993775415507, 0.12171520092967403, 0.12574028776475535, 0.08236474461713197], fbcca_probs=[0.23859769640294468, 0.25675802852966273, 0.2577935845935242, 0.24685069047386843], cca_quad=1, cca_conf=0.2592, cca_ratio=1.0170, cca_scores=[0.14763757395183288, 0.2076535022227655, 0.20417382734813969, 0.12459963679674488], cca_probs=[0.2440665085083682, 0.2591628665053868, 0.2582626311618726, 0.2385079938243723]"
2026 05 21 21:02:44.272013,SSVEP_UPDATE,"fbcca_quad=2, fbcca_conf=0.2604, fbcca_ratio=1.5226, fbcca_consec=2, fbcca_scores=[0.05925757650111461, 0.08193235799380967, 0.12475075513317746, 0.06816950723189136], fbcca_probs=[0.2439279608577722, 0.24952215798493702, 0.26043833568376273, 0.24611154547352815], cca_quad=1, cca_conf=0.2539, cca_ratio=1.0150, cca_scores=[0.14320694990308372, 0.15795656159902777, 0.15562046593464415, 0.11187341522795721], cca_probs=[0.2502188112964146, 0.25393679359566035, 0.25334426532394644, 0.24250012978397864]"
2026 05 21 21:02:45.298980,SSVEP_UPDATE,"fbcca_quad=2, fbcca_conf=0.2626, fbcca_ratio=1.2549, fbcca_consec=3, fbcca_scores=[0.10088967469801571, 0.04969028532248348, 0.12660674172470282, 0.02992801553001207], fbcca_probs=[0.2559091060880992, 0.2431364814459329, 0.2625756928332339, 0.23837871963273405], cca_quad=0, cca_conf=0.2623, cca_ratio=1.0578, cca_scores=[0.1980348155299628, 0.1449998956143835, 0.1872193244694533, 0.06468875950471709], cca_probs=[0.2622777550326721, 0.24873029479916559, 0.25945637711404157, 0.22953557305412065]"
2026 05 21 21:02:46.311284,SSVEP_UPDATE,"fbcca_quad=0, fbcca_conf=0.2547, fbcca_ratio=1.4533, fbcca_consec=1, fbcca_scores=[0.0702323609193439, 0.048324745739438256, 0.044726922701936164, 0.04325575512145809], fbcca_probs=[0.2546776838489427, 0.24915897475449744, 0.2482641555209878, 0.247899185875572], cca_quad=0, cca_conf=0.2654, cca_ratio=1.6414, cca_scores=[0.18714686098275668, 0.1140156422102251, 0.1130429514995012, 0.09299972437782471], cca_probs=[0.26537849157297133, 0.24666369700601196, 0.24642388616905572, 0.24153392525196096]"
2026 05 21 21:02:47.337645,SSVEP_UPDATE,"fbcca_quad=0, fbcca_conf=0.2605, fbcca_ratio=2.1058, fbcca_consec=2, fbcca_scores=[0.08502282820583541, 0.04037479853613425, 0.01253529553874344, 0.03658444402300732], fbcca_probs=[0.2604758566948546, 0.24910192413716623, 0.2422626924946863, 0.24815952667329286], cca_quad=0, cca_conf=0.2707, cca_ratio=1.7564, cca_scores=[0.20613692420526056, 0.11736267099852045, 0.0731574131912722, 0.10474918551334234], cca_probs=[0.27070062859020233, 0.2477051841693153, 0.2369938064556646, 0.24460038078481783]"
2026 05 21 21:02:48.353433,SSVEP_UPDATE,"fbcca_quad=1, fbcca_conf=0.2596, fbcca_ratio=1.2269, fbcca_consec=1, fbcca_scores=[0.02364664778726172, 0.10038198935354467, 0.04339246270685383, 0.08181547495394177], fbcca_probs=[0.24040817975022416, 0.2595822399182576, 0.2452024124177134, 0.2548071679138049], cca_quad=1, cca_conf=0.2568, cca_ratio=1.2269, cca_scores=[0.10183253304917594, 0.15222366440642687, 0.12406739066919437, 0.1235517961835064], cca_probs=[0.24413328791661487, 0.2567506728523524, 0.24962235498347757, 0.24949368424755508]"
2026 05 21 21:02:49.378928,SSVEP_UPDATE,"fbcca_quad=2, fbcca_conf=0.2618, fbcca_ratio=1.7951, fbcca_consec=1, fbcca_scores=[0.009734608256733314, 0.056578500510018434, 0.10156438190845826, 0.052491982345819685], fbcca_probs=[0.23878765128090068, 0.2502395254262157, 0.2617538196221828, 0.24921900367070077], cca_quad=2, cca_conf=0.2701, cca_ratio=1.6283, cca_scores=[0.06682515557562445, 0.12504727322216233, 0.20361320050382226, 0.10495263558200849], cca_probs=[0.23554911146103158, 0.2496703756793013, 0.270077101104094, 0.2447034117555731]"
2026 05 21 21:02:50.398061,SSVEP_UPDATE,"fbcca_quad=0, fbcca_conf=0.2696, fbcca_ratio=2.0335, fbcca_consec=1, fbcca_scores=[0.16877634134148967, 0.058307826138180835, 0.08299904585666984, 0.058845950501430204], fbcca_probs=[0.26960648280397276, 0.2414095598444025, 0.2474444541818498, 0.24153950316977496], cca_quad=0, cca_conf=0.2808, cca_ratio=1.6085, cca_scores=[0.29698026542016664, 0.13098522820525021, 0.184633253691453, 0.09863908540481864], cca_probs=[0.28082989066266006, 0.2378770818635313, 0.2509872404518792, 0.23030578702192947]"
2026 05 21 21:02:51.415805,SSVEP_UPDATE,"fbcca_quad=0, fbcca_conf=0.2732, fbcca_ratio=1.6560, fbcca_consec=2, fbcca_scores=[0.18444122009999087, 0.04103393045325345, 0.11137681435705205, 0.038662876870718114], fbcca_probs=[0.27320229562174, 0.23670277513669558, 0.25395272423432386, 0.23614220500724067], cca_quad=0, cca_conf=0.2835, cca_ratio=1.5591, cca_scores=[0.3052635617740729, 0.1160259514564317, 0.19580037283792648, 0.08666342023851448], cca_probs=[0.283483031683654, 0.23460767667672577, 0.25409013835351435, 0.22781915328610577]"
2026 05 21 21:02:52.443594,SSVEP_UPDATE,"fbcca_quad=0, fbcca_conf=0.2649, fbcca_ratio=1.5171, fbcca_consec=3, fbcca_scores=[0.13545738831419604, 0.05012247050802157, 0.08928413944094823, 0.03159802362843713], fbcca_probs=[0.2649404365271913, 0.24326955663340435, 0.25298540113197954, 0.23880460570742482], cca_quad=0, cca_conf=0.2713, cca_ratio=1.6519, cca_scores=[0.2184817464843757, 0.1125842882578871, 0.13225756728775195, 0.07819876283973165], cca_probs=[0.2712954969663279, 0.24403487936990462, 0.24888338224117476, 0.23578624142259277]"
2026 05 21 21:02:53.471067,SSVEP_UPDATE,"fbcca_quad=0, fbcca_conf=0.2640, fbcca_ratio=1.1438, fbcca_consec=4, fbcca_scores=[0.13977476849781073, 0.03942202018443306, 0.12220333083675489, 0.035015177185715764], fbcca_probs=[0.2640165509932156, 0.2388078004113056, 0.25941792121457297, 0.23775772738090586], cca_quad=0, cca_conf=0.2789, cca_ratio=1.6195, cca_scores=[0.27046709926741913, 0.10443197493490837, 0.16700378978986188, 0.09186829155440003], cca_probs=[0.27892703502742094, 0.23625579616071143, 0.251511047481146, 0.23330612133072154]"
2026 05 21 21:02:54.482892,SSVEP_UPDATE,"fbcca_quad=0, fbcca_conf=0.2733, fbcca_ratio=1.6515, fbcca_consec=5, fbcca_scores=[0.20590436789214892, 0.12467508183939258, 0.04888795455279133, 0.08002561775143387], fbcca_probs=[0.27334398280914407, 0.2520183056333437, 0.2336243769727164, 0.24101333458479587], cca_quad=0, cca_conf=0.2787, cca_ratio=1.4677, cca_scores=[0.27760220996285034, 0.18914571399204644, 0.08085185220063565, 0.11645716417575724], cca_probs=[0.27871400929837736, 0.25511889817508565, 0.22893447839118883, 0.23723261413534824]"
2026 05 21 21:02:55.512305,SSVEP_UPDATE,"fbcca_quad=0, fbcca_conf=0.2789, fbcca_ratio=2.2721, fbcca_consec=6, fbcca_scores=[0.23618442470885834, 0.1039503851421935, 0.06951961865727944, 0.08871630725921142], fbcca_probs=[0.2789004162945152, 0.2443546729890811, 0.2360845447197488, 0.24066036599665497], cca_quad=0, cca_conf=0.2850, cca_ratio=1.7916, cca_scores=[0.3291484255733467, 0.18371669350256503, 0.1279297225718426, 0.13871933695738028], cca_probs=[0.2849825434981504, 0.24640984727188905, 0.23303979302710093, 0.23556781620285966]"
2026 05 21 21:02:56.532112,SSVEP_UPDATE,"fbcca_quad=0, fbcca_conf=0.2771, fbcca_ratio=1.7663, fbcca_consec=7, fbcca_scores=[0.22072374829764785, 0.06414894044043006, 0.12496249346856929, 0.05237339201800266], fbcca_probs=[0.27709994555596984, 0.23693917142396714, 0.2517954371613732, 0.23416544585868984], cca_quad=0, cca_conf=0.2863, cca_ratio=1.6319, cca_scores=[0.333426021651586, 0.13213952122978018, 0.20431372112061974, 0.10593401831466374], cca_probs=[0.2862801236338148, 0.23408499696844562, 0.2516045186196564, 0.22803036077808328]"
2026 05 21 21:02:57.548283,SSVEP_UPDATE,"fbcca_quad=0, fbcca_conf=0.2821, fbcca_ratio=1.6661, fbcca_consec=8, fbcca_scores=[0.2374861725200027, 0.047817164745372884, 0.1425363791340498, 0.023872809559371617], fbcca_probs=[0.2821421974501787, 0.23339730716276003, 0.2565853599913409, 0.22787513539572044], cca_quad=0, cca_conf=0.2856, cca_ratio=1.4238, cca_scores=[0.33916957362358197, 0.14013833793641392, 0.23821652923079714, 0.08779844088773732], cca_probs=[0.28561363149654256, 0.23406730985996674, 0.25818771922872175, 0.22213133941476892]"
2026 05 21 21:02:58.565583,SSVEP_UPDATE,"fbcca_quad=0, fbcca_conf=0.2809, fbcca_ratio=1.6808, fbcca_consec=9, fbcca_scores=[0.23787450231797014, 0.05833450553894033, 0.14152258459722614, 0.035372410790475206], fbcca_probs=[0.28086071808399776, 0.234702530463057, 0.25506207924488067, 0.22937467220806448], cca_quad=0, cca_conf=0.2834, cca_ratio=1.3134, cca_scores=[0.33061391707048654, 0.13360555198353138, 0.2517279916264897, 0.08697051014933958], cca_probs=[0.2833586704984238, 0.23268953960485983, 0.2618645948618578, 0.22208719503485855]"
2026 05 21 21:02:59.579076,SSVEP_UPDATE,"fbcca_quad=0, fbcca_conf=0.2722, fbcca_ratio=2.5073, fbcca_consec=10, fbcca_scores=[0.16469094048317487, 0.047761643469440895, 0.06568488149259132, 0.035433484278570807], fbcca_probs=[0.27217305347527904, 0.24213823764097234, 0.24651726485542585, 0.23917144402832277], cca_quad=0, cca_conf=0.2802, cca_ratio=1.9099, cca_scores=[0.2718237646427138, 0.12697698550930395, 0.14232296851482304, 0.07973061186144603], cca_probs=[0.2801969104058079, 0.24241371395571884, 0.24616248138197525, 0.23122689425649795]"
2026 05 21 21:03:00.598680,SSVEP_UPDATE,"fbcca_quad=0, fbcca_conf=0.2721, fbcca_ratio=1.5091, fbcca_consec=11, fbcca_scores=[0.16325044013153106, 0.02718920920347035, 0.10817574755789532, 0.008282632231750079], fbcca_probs=[0.27206099100190806, 0.23745189173875472, 0.2574824545753514, 0.23300466268398579], cca_quad=0, cca_conf=0.2816, cca_ratio=1.8066, cca_scores=[0.2727402260209667, 0.12520309216391, 0.15097107759520406, 0.05395839824440603], cca_probs=[0.28155688693013264, 0.24293584067043159, 0.2492771584895602, 0.2262301139098756]"
2026 05 21 21:03:01.628837,SSVEP_UPDATE,"fbcca_quad=0, fbcca_conf=0.2699, fbcca_ratio=1.7259, fbcca_consec=12, fbcca_scores=[0.14910724352517288, 0.026940097835721318, 0.08639298537742654, 0.021902767223458023], fbcca_probs=[0.2699225923572186, 0.23888161087835905, 0.25351448584528014, 0.23768131091914213], cca_quad=0, cca_conf=0.2766, cca_ratio=1.7074, cca_scores=[0.25034884427488385, 0.10849077663220502, 0.1466286379668577, 0.0838302237159071], cca_probs=[0.27656175486271006, 0.2399849164577392, 0.24931419656318432, 0.23413913211636653]"
2026 05 21 21:03:02.650387,SSVEP_UPDATE,"fbcca_quad=0, fbcca_conf=0.2645, fbcca_ratio=2.0890, fbcca_consec=13, fbcca_scores=[0.13171111737332267, 0.05774138453348564, 0.06304930318113314, 0.04680492954966244], fbcca_probs=[0.26448444921172737, 0.24562665575295645, 0.24693388833231641, 0.24295500670299977], cca_quad=0, cca_conf=0.2740, cca_ratio=1.9896, cca_scores=[0.2358857753099029, 0.11855665850583672, 0.11307979134206353, 0.10329906211869412], cca_probs=[0.2740060322643607, 0.2436714995562184, 0.24234059105292557, 0.23998187712649535]"
2026 05 21 21:03:03.681304,SSVEP_UPDATE,"fbcca_quad=0, fbcca_conf=0.2733, fbcca_ratio=2.2273, fbcca_consec=14, fbcca_scores=[0.18837787583246055, 0.05970818081701871, 0.08457833167942505, 0.058687827004064094], fbcca_probs=[0.27329588064299554, 0.24029932293314585, 0.24635053877320837, 0.24005425765065022], cca_quad=0, cca_conf=0.2819, cca_ratio=2.1729, cca_scores=[0.2855718311337332, 0.1314223520057579, 0.12059227029949064, 0.11406008619072411], cca_probs=[0.2818930009780159, 0.24162286238309422, 0.23902018607898487, 0.2374639505599051]"
2026 05 21 21:03:04.697925,SSVEP_UPDATE,"fbcca_quad=2, fbcca_conf=0.2611, fbcca_ratio=1.8685, fbcca_consec=1, fbcca_scores=[0.06096741476778078, 0.04924805017831387, 0.11391541028553237, 0.05595782188919681], fbcca_probs=[0.247664107344791, 0.24477858265860475, 0.26113079649138354, 0.24642651350522063], cca_quad=0, cca_conf=0.2602, cca_ratio=1.2717, cca_scores=[0.18043518707951595, 0.11681611749256106, 0.1418849296313939, 0.12087866037589987], cca_probs=[0.2602317934939425, 0.24419172567425518, 0.250390697967438, 0.2451857828643643]"
2026 05 21 21:03:05.711999,SSVEP_UPDATE,"fbcca_quad=0, fbcca_conf=0.2654, fbcca_ratio=1.5098, fbcca_consec=1, fbcca_scores=[0.13012610378244208, 0.04108823887618085, 0.08618636352798455, 0.019687866914470956], fbcca_probs=[0.2654446168125998, 0.2428316377488906, 0.2540335840866513, 0.23769016135185847], cca_quad=0, cca_conf=0.2813, cca_ratio=1.7324, cca_scores=[0.2830685205439243, 0.12436334800046904, 0.16339616978416918, 0.07767570260695904], cca_probs=[0.281310859547732, 0.24002789531559307, 0.24958211239750008, 0.22907913273917485]"
2026 05 21 21:03:06.747131,SSVEP_UPDATE,"fbcca_quad=0, fbcca_conf=0.2731, fbcca_ratio=2.7412, fbcca_consec=2, fbcca_scores=[0.16411533205703666, 0.03651894359703065, 0.05987012126721273, 0.03708807658795653], fbcca_probs=[0.2730805963992133, 0.24036788119577338, 0.24604680098164217, 0.24050472142337115], cca_quad=0, cca_conf=0.2876, cca_ratio=2.2622, cca_scores=[0.3136831057883647, 0.13055666605869984, 0.13866546820206066, 0.09648160472105649], cca_probs=[0.2876147723318126, 0.2394861410401615, 0.24143598152536247, 0.23146310510266338]"
2026 05 21 21:03:07.769459,SSVEP_UPDATE,"fbcca_quad=2, fbcca_conf=0.2630, fbcca_ratio=1.1573, fbcca_consec=1, fbcca_scores=[0.11736702482496557, 0.037506892337363935, 0.13582385565329136, 0.04597522659689083], fbcca_probs=[0.2581997329117663, 0.2383817336119836, 0.2630095319867185, 0.24040900148953162], cca_quad=0, cca_conf=0.2689, cca_ratio=1.1839, cca_scores=[0.25619531617531754, 0.13604183034587175, 0.21639088759730649, 0.11782850703907861], cca_probs=[0.26892268406868486, 0.23847641883725415, 0.2584286111107567, 0.23417228598330428]"
2026 05 21 21:03:08.795978,SSVEP_UPDATE,"fbcca_quad=0, fbcca_conf=0.2614, fbcca_ratio=1.5902, fbcca_consec=1, fbcca_scores=[0.10142863813948562, 0.02927681940803622, 0.06378552989255405, 0.03053214500928439], fbcca_probs=[0.26143759881412404, 0.2432388320089837, 0.251779201501621, 0.24354436767527127], cca_quad=0, cca_conf=0.2743, cca_ratio=1.5636, cca_scores=[0.23246186076903927, 0.08829524527190336, 0.14867484166377337, 0.08259798306301082], cca_probs=[0.27425845263608656, 0.2374374698812791, 0.25221550496586553, 0.2360885725167688]"
2026 05 21 21:03:09.807931,SSVEP_UPDATE,"fbcca_quad=0, fbcca_conf=0.2592, fbcca_ratio=1.2410, fbcca_consec=2, fbcca_scores=[0.1165697702590783, 0.06577986487818369, 0.09393470837785625, 0.044082686805842645], fbcca_probs=[0.2591898825394028, 0.24635436928575033, 0.2533890028142669, 0.24106674536057993], cca_quad=0, cca_conf=0.2683, cca_ratio=1.4936, cca_scores=[0.228172003447486, 0.14550571276831425, 0.15276528462751146, 0.09971567555432742], cca_probs=[0.26827801383781447, 0.24699238772028245, 0.24879197090596908, 0.23593762753593406]"
2026 05 21 21:03:10.829955,SSVEP_UPDATE,"fbcca_quad=0, fbcca_conf=0.2596, fbcca_ratio=1.7591, fbcca_consec=3, fbcca_scores=[0.0839528901756495, 0.04772405736976283, 0.020616435841762936, 0.03181415616206381], fbcca_probs=[0.25958893190755994, 0.25035264800608487, 0.2436573400957404, 0.24640107999061486], cca_quad=0, cca_conf=0.2684, cca_ratio=1.5206, cca_scores=[0.18993565511099827, 0.12491012454321057, 0.07226974427230903, 0.08370557862516663], cca_probs=[0.2684380513444209, 0.2515381418537297, 0.23863955017205796, 0.24138425662979146]"
2026 05 21 21:03:11.855064,SSVEP_UPDATE,"fbcca_quad=0, fbcca_conf=0.2560, fbcca_ratio=1.1314, fbcca_consec=4, fbcca_scores=[0.0728118781967647, 0.029894662930838468, 0.06435280315274022, 0.029047753250754337], fbcca_probs=[0.25596743263934746, 0.24521441838162086, 0.2538113171460979, 0.24500683183293376], cca_quad=0, cca_conf=0.2607, cca_ratio=1.2133, cca_scores=[0.17584923897178417, 0.10759897798940202, 0.14493854905392484, 0.10551480354069455], cca_probs=[0.26071058381585777, 0.2435106446630011, 0.2527751170102534, 0.24300365451088785]"
2026 05 21 21:03:12.870598,SSVEP_UPDATE,"fbcca_quad=0, fbcca_conf=0.2660, fbcca_ratio=1.8761, fbcca_consec=5, fbcca_scores=[0.1277640092789092, 0.04303374181146597, 0.0681020159333506, 0.020214702660517787], fbcca_probs=[0.2660370298787507, 0.24442420031705972, 0.25062893929380037, 0.23890983051038908], cca_quad=0, cca_conf=0.2696, cca_ratio=1.3027, cca_scores=[0.22220362712365835, 0.12312404475403745, 0.1705675186088636, 0.06427944959578333], cca_probs=[0.26959558636269043, 0.2441648044764099, 0.25602802197553115, 0.23021158718536852]"
2026 05 21 21:03:12.870598,PHASE_TIMEOUT,
2026 05 21 21:03:15.881719,PHASE_AI_CHOICE,
2026 05 21 21:03:16.015664,SSVEP_UPDATE,"fbcca_quad=2, fbcca_conf=0.2602, fbcca_ratio=1.6773, fbcca_consec=1, fbcca_scores=[0.03399648457631911, 0.05025880985918732, 0.10200627362706106, 0.060817187611727656], fbcca_probs=[0.24307511340889884, 0.24706039713175265, 0.2601817156669799, 0.2496827737923686], cca_quad=2, cca_conf=0.2588, cca_ratio=1.2689, cca_scores=[0.10881479713664187, 0.10287948943811678, 0.1585924894066341, 0.1249829566899236], cca_probs=[0.24621934749298655, 0.2447622882292412, 0.2587857469208212, 0.2502326173569511]"
2026 05 21 21:03:17.041007,SSVEP_UPDATE,"fbcca_quad=0, fbcca_conf=0.2530, fbcca_ratio=1.0809, fbcca_consec=1, fbcca_scores=[0.06663357464943004, 0.037490322430391354, 0.06164382082491633, 0.05278902129863711], fbcca_probs=[0.2530011737408723, 0.2457343011958176, 0.25174190450108025, 0.24952262056222982], cca_quad=2, cca_conf=0.2590, cca_ratio=1.2692, cca_scores=[0.12439368930119948, 0.08238408775378578, 0.15787426709291585, 0.12353837652026634], cca_probs=[0.2504976770786975, 0.24019234642509346, 0.2590264616813942, 0.2502835148148148]"
2026 05 21 21:03:18.050304,SSVEP_UPDATE,"fbcca_quad=2, fbcca_conf=0.2572, fbcca_ratio=1.2577, fbcca_consec=1, fbcca_scores=[0.06835858062788128, 0.018057517828459792, 0.08597702319035608, 0.05713406723659102], fbcca_probs=[0.25268120678702427, 0.2402854470141424, 0.2571725047753682, 0.24986084142346526], cca_quad=2, cca_conf=0.2613, cca_ratio=1.2560, cca_scores=[0.14197888298351008, 0.08332995897898995, 0.17832977705090325, 0.13021179770260854], cca_probs=[0.2519933091714659, 0.23763921311822908, 0.2613220174888408, 0.24904546022146426]"
2026 05 21 21:03:19.077195,SSVEP_UPDATE,"fbcca_quad=2, fbcca_conf=0.2723, fbcca_ratio=2.9285, fbcca_consec=2, fbcca_scores=[0.054532495180920106, 0.030870976505479177, 0.1596976109775805, 0.04602898565244999], fbcca_probs=[0.24515555555832164, 0.2394228920232264, 0.2723418409740575, 0.2430797114443945], cca_quad=2, cca_conf=0.2679, cca_ratio=1.6295, cca_scores=[0.13135019748697668, 0.10868221850595036, 0.21819989651300403, 0.13390217275574096], cca_probs=[0.2456474361569371, 0.24014174246239361, 0.2679356984619328, 0.24627512291873643]"
2026 05 21 21:03:20.086112,SSVEP_UPDATE,"fbcca_quad=2, fbcca_conf=0.2614, fbcca_ratio=1.5039, fbcca_consec=3, fbcca_scores=[0.04871642769188872, 0.07284140297496132, 0.10954639289504832, 0.02703448652081522], fbcca_probs=[0.24596083370427832, 0.25196678819664714, 0.2613870544033591, 0.24068532369571546], cca_quad=2, cca_conf=0.2627, cca_ratio=1.0338, cca_scores=[0.1431147929268266, 0.1940925935947238, 0.20065106468923638, 0.059551620344425446], cca_probs=[0.24805548073605366, 0.2610286664565457, 0.26274624159721827, 0.22816961121018237]"
2026 05 21 21:03:21.112017,SSVEP_UPDATE,"fbcca_quad=2, fbcca_conf=0.2556, fbcca_ratio=1.0710, fbcca_consec=4, fbcca_scores=[0.057888100028702295, 0.0827787631303777, 0.08865250414031756, 0.03536370648912286], fbcca_probs=[0.2478822841799732, 0.25412966681125937, 0.2556267510955101, 0.24236129791325736], cca_quad=1, cca_conf=0.2608, cca_ratio=1.0957, cca_scores=[0.1536437372393439, 0.19786076470963954, 0.18058379248506373, 0.08662680076793296], cca_probs=[0.24952000141492964, 0.2608005934218529, 0.2563334492930072, 0.2333459558702103]"
2026 05 21 21:03:22.128881,SSVEP_UPDATE,"fbcca_quad=1, fbcca_conf=0.2567, fbcca_ratio=1.2340, fbcca_consec=1, fbcca_scores=[0.0729533894914653, 0.099301523339986, 0.037729893431777295, 0.08047103695624847], fbcca_probs=[0.250022881970035, 0.25669807155501173, 0.24136949785818063, 0.2519095486167726], cca_quad=1, cca_conf=0.2579, cca_ratio=1.1042, cca_scores=[0.16488698038647395, 0.18207560986041538, 0.1316083968120221, 0.12380452128231605], cca_probs=[0.25352679557581365, 0.2579222413524632, 0.24522862442506113, 0.24332233864666195]"
2026 05 21 21:03:23.154604,SSVEP_UPDATE,"fbcca_quad=0, fbcca_conf=0.2606, fbcca_ratio=1.0798, fbcca_consec=1, fbcca_scores=[0.16683601934884035, 0.15450073497049388, 0.02771908224464093, 0.1463052290267096], fbcca_probs=[0.2605832440142393, 0.2573886194041506, 0.22674032678023157, 0.2552878098013785], cca_quad=0, cca_conf=0.2693, cca_ratio=1.3177, cca_scores=[0.2502821702692962, 0.18993971611399962, 0.08471564758771113, 0.17154996191226207], cca_probs=[0.2693136264537961, 0.25354318002078036, 0.22821999985865984, 0.24892319366676371]"
2026 05 21 21:03:24.169763,SSVEP_UPDATE,"fbcca_quad=0, fbcca_conf=0.2729, fbcca_ratio=1.8464, fbcca_consec=2, fbcca_scores=[0.17932415583187514, 0.09712184557505615, 0.02284431844362132, 0.06096837553978368], fbcca_probs=[0.27288001488530295, 0.25134585081477373, 0.233353006238294, 0.24242112806162944], cca_quad=0, cca_conf=0.2707, cca_ratio=1.4860, cca_scores=[0.21757576413976923, 0.14641344491125066, 0.0716837795582595, 0.1102675304166628], cca_probs=[0.270723144685933, 0.252127364151007, 0.23397276221167554, 0.24317672895138454]"
2026 05 21 21:03:25.181192,SSVEP_UPDATE,"fbcca_quad=0, fbcca_conf=0.2635, fbcca_ratio=1.4946, fbcca_consec=3, fbcca_scores=[0.11170747602963632, 0.031534327321653816, 0.07474093335189363, 0.015587015839664585], fbcca_probs=[0.26350325801101576, 0.24320205102932252, 0.25394029735217494, 0.23935439360748678], cca_quad=0, cca_conf=0.2638, cca_ratio=1.2255, cca_scores=[0.16408077471396545, 0.09126625160187349, 0.13389257573198868, 0.048939812456520466], cca_probs=[0.2637633925395332, 0.24524015079705366, 0.25591983781816846, 0.2350766188452446]"
2026 05 21 21:03:26.208224,SSVEP_UPDATE,"fbcca_quad=0, fbcca_conf=0.2662, fbcca_ratio=2.0568, fbcca_consec=4, fbcca_scores=[0.1316963435956299, 0.050031804471495654, 0.06402906619612128, 0.026839102222346117], fbcca_probs=[0.26619776838659764, 0.24532282188878268, 0.2487808143885464, 0.23969859533607327], cca_quad=0, cca_conf=0.2748, cca_ratio=1.6732, cca_scores=[0.25010530061261693, 0.14947743777868913, 0.14429210325788047, 0.07048265870460156], cca_probs=[0.2747669707566632, 0.2484633864712211, 0.24717835523390502, 0.2295912875382108]"
2026 05 21 21:03:27.235233,SSVEP_UPDATE,"fbcca_quad=0, fbcca_conf=0.2624, fbcca_ratio=2.6582, fbcca_consec=5, fbcca_scores=[0.09650725279091273, 0.03630611775262491, 0.02652353171058936, 0.0307532941769202], fbcca_probs=[0.2624434030184088, 0.24711018152127934, 0.24470459054340085, 0.24574182491691102], cca_quad=0, cca_conf=0.2745, cca_ratio=1.7697, cca_scores=[0.22926000801576132, 0.12954979585878867, 0.0918404457113526, 0.08585239430897457], cca_probs=[0.27449113047299534, 0.24844183076251974, 0.23924769273587404, 0.23781934602861088]"
2026 05 21 21:03:28.264666,SSVEP_UPDATE,"fbcca_quad=0, fbcca_conf=0.2768, fbcca_ratio=4.0214, fbcca_consec=6, fbcca_scores=[0.1621267934573501, 0.04031637058001889, 0.014419757721652575, 0.016972025690523352], fbcca_probs=[0.27678684798240466, 0.2450438772246848, 0.23877953353113965, 0.23938974126177098], cca_quad=0, cca_conf=0.2768, cca_ratio=1.7261, cca_scores=[0.21817240797506127, 0.1263951280171333, 0.0517520018564284, 0.0599374298086461], cca_probs=[0.2768052922489229, 0.25253177010518324, 0.23436832980909597, 0.2362946078367979]"
2026 05 21 21:03:29.280142,SSVEP_UPDATE,"fbcca_quad=0, fbcca_conf=0.2665, fbcca_ratio=2.0979, fbcca_consec=7, fbcca_scores=[0.14027107219852683, 0.06686391628191841, 0.03223321598787896, 0.0632030964983463], fbcca_probs=[0.2664788560201472, 0.24761812602823094, 0.23918972004107728, 0.24671329791054464], cca_quad=0, cca_conf=0.2731, cca_ratio=1.7933, cca_scores=[0.2164463346756049, 0.12070047267667469, 0.06653843380813802, 0.1018684934254256], cca_probs=[0.27313264931241293, 0.24819425109041593, 0.23510910223257164, 0.2435639973645995]"
2026 05 21 21:03:30.305816,SSVEP_UPDATE,"fbcca_quad=3, fbcca_conf=0.2553, fbcca_ratio=1.0018, fbcca_consec=1, fbcca_scores=[0.10261303359052482, 0.09383397339174203, 0.026166146923053652, 0.10279685640184856], fbcca_probs=[0.2552423381389563, 0.2530113575723119, 0.23645704247292096, 0.25528926181581085], cca_quad=0, cca_conf=0.2684, cca_ratio=1.5933, cca_scores=[0.204614602386856, 0.1284236646645562, 0.07289377415029874, 0.12352982022681552], cca_probs=[0.2684318424399705, 0.24873948364504317, 0.23530350884178425, 0.24752516507320213]"
2026 05 21 21:03:31.330550,SSVEP_UPDATE,"fbcca_quad=3, fbcca_conf=0.2570, fbcca_ratio=1.1650, fbcca_consec=2, fbcca_scores=[0.10624950335565536, 0.10844793529796842, 0.05173651835762496, 0.1263394120860657], fbcca_probs=[0.25192469635996684, 0.252479144894878, 0.23855913709945734, 0.25703702164569786], cca_quad=0, cca_conf=0.2658, cca_ratio=1.5426, cca_scores=[0.20027871312663284, 0.12892209340009678, 0.09321428025528845, 0.1298291377733323], cca_probs=[0.26584628016247264, 0.24753738667759398, 0.23885431722963907, 0.2477620159302944]"
2026 05 21 21:03:32.359686,SSVEP_UPDATE,"fbcca_quad=1, fbcca_conf=0.2663, fbcca_ratio=1.5400, fbcca_consec=1, fbcca_scores=[0.10891302460746122, 0.16772971540695758, 0.03766611751427144, 0.09964848946568648], fbcca_probs=[0.25109281915479226, 0.2663042251979525, 0.23382565208954706, 0.24877730355770822], cca_quad=0, cca_conf=0.2716, cca_ratio=1.1512, cca_scores=[0.2677199002549443, 0.23255781222378066, 0.08476228995401479, 0.1446705360568403], cca_probs=[0.2715566867123514, 0.26217410878111663, 0.22615334754068284, 0.24011585696584922]"
2026 05 21 21:03:33.368014,SSVEP_UPDATE,"fbcca_quad=1, fbcca_conf=0.2654, fbcca_ratio=1.5990, fbcca_consec=2, fbcca_scores=[0.10941240352324394, 0.1931467586604285, 0.12079510805498335, 0.10705368598119247], fbcca_probs=[0.244114890116562, 0.2654358868536279, 0.24690945244793228, 0.24353977058187784], cca_quad=1, cca_conf=0.2624, cca_ratio=1.0031, cca_scores=[0.25566842465269773, 0.2564589964689239, 0.16553645346455187, 0.14942622947615516], cca_probs=[0.26220510327281704, 0.262412477198725, 0.239605797669859, 0.23577662185859893]"
2026 05 21 21:03:34.397739,SSVEP_UPDATE,"fbcca_quad=1, fbcca_conf=0.2776, fbcca_ratio=1.6097, fbcca_consec=3, fbcca_scores=[0.10996161983379486, 0.24952683361921107, 0.05421502762776478, 0.15501139453813162], fbcca_probs=[0.2414506849006276, 0.2776136677179048, 0.2283589325629445, 0.252576714818523], cca_quad=1, cca_conf=0.2688, cca_ratio=1.1286, cca_scores=[0.24923903863187896, 0.28129181441650547, 0.1224090531283637, 0.1746411677375758], cca_probs=[0.26031009845836783, 0.2687889186377237, 0.22930285052423674, 0.2415981323796717]"
2026 05 21 21:03:35.409541,SSVEP_UPDATE,"fbcca_quad=1, fbcca_conf=0.2591, fbcca_ratio=1.0741, fbcca_consec=4, fbcca_scores=[0.12214948000765873, 0.13119999247023464, 0.08127059335026643, 0.04419690671172065], fbcca_probs=[0.2568023558848947, 0.2591370981774722, 0.24651623641501125, 0.23754430952262176], cca_quad=0, cca_conf=0.2715, cca_ratio=1.0949, cca_scores=[0.27657907236868373, 0.25261134941114666, 0.1374826200766937, 0.09866485953116749], cca_probs=[0.2714827309019638, 0.2650532656230829, 0.2362290957366992, 0.22723490773825414]"
2026 05 21 21:03:36.425792,SSVEP_UPDATE,"fbcca_quad=0, fbcca_conf=0.2540, fbcca_ratio=1.3186, fbcca_consec=1, fbcca_scores=[0.0692464185433384, 0.05251402388212259, 0.0464463802195685, 0.04545935854288432], fbcca_probs=[0.2539773903900623, 0.24976309639777522, 0.24825221132034012, 0.24800730189182238], cca_quad=0, cca_conf=0.2679, cca_ratio=1.5926, cca_scores=[0.19857084331440644, 0.12468506183880097, 0.09374973788816054, 0.09777616085704999], cca_probs=[0.2678536499864154, 0.24877651609833704, 0.24119835476453627, 0.24217147915071124]"
2026 05 21 21:03:37.456420,SSVEP_UPDATE,"fbcca_quad=0, fbcca_conf=0.2574, fbcca_ratio=1.4773, fbcca_consec=2, fbcca_scores=[0.09477597165397128, 0.060889572119896845, 0.06415436920050695, 0.04216306599736132], fbcca_probs=[0.25738230360318165, 0.248806663408311, 0.2496202941235341, 0.24419073886497322], cca_quad=0, cca_conf=0.2658, cca_ratio=1.5083, cca_scores=[0.20665028926701792, 0.13429189008353515, 0.13701194534148312, 0.10071404999639727], cca_probs=[0.26578705053896573, 0.2472344377319043, 0.24790784450081946, 0.2390706672283105]"
2026 05 21 21:03:38.482219,SSVEP_UPDATE,"fbcca_quad=0, fbcca_conf=0.2667, fbcca_ratio=1.7294, fbcca_consec=3, fbcca_scores=[0.12920204888307787, 0.07470838302624377, 0.03788822614380112, 0.013170452809581523], fbcca_probs=[0.266656510580334, 0.2525142510927362, 0.2433857249254052, 0.23744351340152456], cca_quad=0, cca_conf=0.2710, cca_ratio=1.2386, cca_scores=[0.21342773584929087, 0.17230722805094675, 0.0931366894608413, 0.04306316413754132], cca_probs=[0.2710223128256778, 0.26010376429522813, 0.2403052778893119, 0.2285686449897821]"
2026 05 21 21:03:39.496611,SSVEP_UPDATE,"fbcca_quad=0, fbcca_conf=0.2684, fbcca_ratio=1.7453, fbcca_consec=4, fbcca_scores=[0.15216200696651622, 0.08718182333849712, 0.04771940724219584, 0.03313246660126009], fbcca_probs=[0.2684063613625855, 0.2515198523579675, 0.241787564053622, 0.238286222225825], cca_quad=0, cca_conf=0.2719, cca_ratio=1.3041, cca_scores=[0.2430012880414069, 0.18634271019500517, 0.10450599833163461, 0.09410847143497543], cca_probs=[0.27194268486429696, 0.2569631652724306, 0.23677161742321062, 0.23432253244006185]"
2026 05 21 21:03:40.515376,SSVEP_UPDATE,"fbcca_quad=0, fbcca_conf=0.2593, fbcca_ratio=1.2355, fbcca_consec=5, fbcca_scores=[0.11516398990181209, 0.05607005942589953, 0.09321216041085198, 0.049398432122304936], fbcca_probs=[0.25925165847223336, 0.24437533798709302, 0.2536226201577626, 0.24275038338291105], cca_quad=0, cca_conf=0.2666, cca_ratio=1.3915, cca_scores=[0.23366430945156316, 0.14640437186558342, 0.1679238251006198, 0.12683849750483436], cca_probs=[0.2665604062166315, 0.24428631153371835, 0.24960019020851068, 0.2395530920411394]"
2026 05 21 21:03:41.536377,SSVEP_UPDATE,"fbcca_quad=0, fbcca_conf=0.2532, fbcca_ratio=1.0788, fbcca_consec=6, fbcca_scores=[0.06111547326080092, 0.05665107736003932, 0.03060205376287821, 0.04461914308868631], fbcca_probs=[0.25322020388759714, 0.25209224834085453, 0.24561028238217145, 0.24907726538937697], cca_quad=0, cca_conf=0.2599, cca_ratio=1.1457, cca_scores=[0.17684068954042143, 0.1543451299780472, 0.09436290239630744, 0.12414934472990061], cca_probs=[0.2599252285512363, 0.25414334229888597, 0.23934743996866528, 0.2465839891812124]"
2026 05 21 21:03:42.546606,SSVEP_UPDATE,"fbcca_quad=0, fbcca_conf=0.2577, fbcca_ratio=1.2078, fbcca_consec=7, fbcca_scores=[0.11234943652215942, 0.09301773393114957, 0.036450915435705285, 0.08474054144054735], fbcca_probs=[0.25769656087487686, 0.2527626913049112, 0.23886158717795383, 0.250679160642258], cca_quad=0, cca_conf=0.2668, cca_ratio=1.4203, cca_scores=[0.2271893508090303, 0.15995762181030357, 0.11836572412188073, 0.13998945391127063], cca_probs=[0.2667832702782571, 0.24943662576394196, 0.2392748713184942, 0.2445052326393067]"
2026 05 21 21:03:43.566187,SSVEP_UPDATE,"fbcca_quad=0, fbcca_conf=0.2731, fbcca_ratio=1.7518, fbcca_consec=8, fbcca_scores=[0.2019962094811498, 0.11530919756069105, 0.03645786394588211, 0.09392649458984917], fbcca_probs=[0.2730773252912239, 0.250402090036895, 0.23141592957109394, 0.2451046551007872], cca_quad=0, cca_conf=0.2784, cca_ratio=1.7179, cca_scores=[0.30101165216086984, 0.17522189492828905, 0.15066601559549925, 0.13803564379836117], cca_probs=[0.2784102076896992, 0.24550218222802617, 0.23954707593775865, 0.23654053414451595]"
2026 05 21 21:03:44.594880,SSVEP_UPDATE,"fbcca_quad=0, fbcca_conf=0.2868, fbcca_ratio=1.8776, fbcca_consec=9, fbcca_scores=[0.3159484008459959, 0.16827263182209445, 0.053446322660238056, 0.1587832345922086], fbcca_probs=[0.28682894763937505, 0.2474504271985291, 0.22060724723022, 0.24511337793187574], cca_quad=0, cca_conf=0.2873, cca_ratio=1.7986, cca_scores=[0.36676852113469083, 0.20392069073230587, 0.14122148400628629, 0.18348626394710107], cca_probs=[0.287328816338113, 0.24414917979433698, 0.2293112438816451, 0.23921075998590494]"
2026 05 21 21:03:45.603637,SSVEP_UPDATE,"fbcca_quad=0, fbcca_conf=0.2773, fbcca_ratio=1.4437, fbcca_consec=10, fbcca_scores=[0.283293488599251, 0.1962321431148357, 0.040571126225493116, 0.18418663762830745], fbcca_probs=[0.27725745146452646, 0.25413996453370996, 0.21750550049320497, 0.2510970835085587], cca_quad=0, cca_conf=0.2800, cca_ratio=1.6532, cca_scores=[0.3294911870080728, 0.19930680744422055, 0.13848888950186541, 0.1876672075541896], cca_probs=[0.2799678870632248, 0.24579319901364155, 0.23129006374779543, 0.24294885017533832]"
2026 05 21 21:03:46.632599,SSVEP_UPDATE,"fbcca_quad=1, fbcca_conf=0.2572, fbcca_ratio=1.0032, fbcca_consec=1, fbcca_scores=[0.09896689198651712, 0.12527725747659432, 0.035694626893597335, 0.12487450314487969], fbcca_probs=[0.2505265105179638, 0.25720543172601834, 0.2351661957737862, 0.25710186198223167], cca_quad=0, cca_conf=0.2662, cca_ratio=1.3646, cca_scores=[0.2130583514937753, 0.15613545179646526, 0.07765779572124826, 0.15016162944791403], cca_probs=[0.26616461905966093, 0.25143690575318794, 0.23245913130295567, 0.24993934388419545]"
2026 05 21 21:03:46.632599,PHASE_TIMEOUT,
2026 05 21 21:03:49.642131,PHASE_AI_CHOICE,
2026 05 21 21:03:49.761030,SSVEP_UPDATE,"fbcca_quad=3, fbcca_conf=0.2546, fbcca_ratio=1.1250, fbcca_consec=1, fbcca_scores=[0.0711950274517771, 0.09270288221195726, 0.07610446018173013, 0.10428845408555458], fbcca_probs=[0.2462866484933437, 0.2516411211608415, 0.24749874915518125, 0.2545734811906336], cca_quad=0, cca_conf=0.2538, cca_ratio=1.0479, cca_scores=[0.15510439067164797, 0.13423114668177846, 0.122581571798512, 0.14800825308124665], cca_probs=[0.25378955803192715, 0.2485470510704588, 0.24566838376802747, 0.2519950071295866]"
2026 05 21 21:03:50.778041,SSVEP_UPDATE,"fbcca_quad=3, fbcca_conf=0.2610, fbcca_ratio=1.4788, fbcca_consec=2, fbcca_scores=[0.0734512460785384, 0.09725247893986494, 0.0869356450948093, 0.14381491069755717], fbcca_probs=[0.24327581085937014, 0.24913553276145786, 0.24657845601363085, 0.2610102003655411], cca_quad=3, cca_conf=0.2612, cca_ratio=1.3330, cca_scores=[0.13735664943347178, 0.12747888537328697, 0.10692757911719816, 0.18309520025702938], cca_probs=[0.24956321543925847, 0.2471102238599582, 0.2420836145808137, 0.2612429461199696]"
2026 05 21 21:03:51.803368,SSVEP_UPDATE,"fbcca_quad=0, fbcca_conf=0.2642, fbcca_ratio=1.1533, fbcca_consec=1, fbcca_scores=[0.16210315101332795, 0.04191001801169154, 0.14055442588147088, 0.07883324899358439], fbcca_probs=[0.2641635427047333, 0.23424679950389582, 0.25853204880273484, 0.24305760898863604], cca_quad=0, cca_conf=0.2646, cca_ratio=1.4035, cca_scores=[0.21147148620323516, 0.10581533622476977, 0.14794450188348648, 0.15067418809632369], cca_probs=[0.2646064948478566, 0.23807545168377048, 0.24831964638643172, 0.2489984070819412]"
2026 05 21 21:03:52.821819,SSVEP_UPDATE,"fbcca_quad=2, fbcca_conf=0.2610, fbcca_ratio=1.2574, fbcca_consec=1, fbcca_scores=[0.09398985544151107, 0.023561014880498096, 0.11818697646303702, 0.06204894494415075], fbcca_probs=[0.2547738169669308, 0.23744768337912625, 0.26101380020745996, 0.246764699446483], cca_quad=0, cca_conf=0.2558, cca_ratio=1.0640, cca_scores=[0.16516859796836622, 0.10068416912615293, 0.14637386753272286, 0.15523147844006324], cca_probs=[0.25581704995509197, 0.23984145755698105, 0.25105393836954076, 0.2532875541183862]"
2026 05 21 21:03:53.834947,SSVEP_UPDATE,"fbcca_quad=2, fbcca_conf=0.2579, fbcca_ratio=1.0671, fbcca_consec=2, fbcca_scores=[0.07303892804220885, 0.01772248570001149, 0.07793733815107587, 0.017629235019200443], fbcca_probs=[0.2565949012256757, 0.2427864229892655, 0.2578548917394639, 0.24276378404559493], cca_quad=2, cca_conf=0.2627, cca_ratio=1.1187, cca_scores=[0.14055988014615572, 0.08009573867549517, 0.15724028523376474, 0.0494973252762636], cca_probs=[0.25832394524672064, 0.24316743951941971, 0.26266903145015347, 0.2358395837837062]"
2026 05 21 21:03:54.864133,SSVEP_UPDATE,"fbcca_quad=2, fbcca_conf=0.2607, fbcca_ratio=1.2740, fbcca_consec=3, fbcca_scores=[0.07208889514228511, 0.020910228847837036, 0.09184369924085746, 0.012166281731365719], fbcca_probs=[0.2556304170992082, 0.2428767351456659, 0.26073055617412444, 0.2407622915810014], cca_quad=0, cca_conf=0.2674, cca_ratio=1.2566, cca_scores=[0.19329989816949827, 0.10059075455151448, 0.1538291118343752, 0.050878827956057124], cca_probs=[0.2673787779329013, 0.24370467732291548, 0.25703069426050884, 0.23188585048367424]"
2026 05 21 21:03:55.887863,SSVEP_UPDATE,"fbcca_quad=0, fbcca_conf=0.2769, fbcca_ratio=3.1518, fbcca_consec=1, fbcca_scores=[0.1879305480066255, 0.05962612590497853, 0.05811866604043802, 0.02996408197288857], fbcca_probs=[0.2768760370898675, 0.24353616775994474, 0.24316932333257718, 0.23641847181761055], cca_quad=0, cca_conf=0.2793, cca_ratio=1.7223, cca_scores=[0.26701658035751374, 0.1550331692989176, 0.11633482299591184, 0.07613804921500282], cca_probs=[0.2792973559525518, 0.24970833958706684, 0.24022962790426525, 0.23076467655611604]"
2026 05 21 21:03:56.898014,SSVEP_UPDATE,"fbcca_quad=0, fbcca_conf=0.2751, fbcca_ratio=2.1505, fbcca_consec=2, fbcca_scores=[0.1747209352692753, 0.024348216206786233, 0.08124665821410688, 0.02887375250729778], fbcca_probs=[0.27506998502535374, 0.2366667035537197, 0.250523136925394, 0.23774017449553253], cca_quad=0, cca_conf=0.2858, cca_ratio=1.7556, cca_scores=[0.29231299275682593, 0.07463608189195972, 0.16650192003154501, 0.0854934727742043], cca_probs=[0.28576873621392507, 0.22986816713354605, 0.25198556304158193, 0.232377533610947]"
2026 05 21 21:03:57.926165,SSVEP_UPDATE,"fbcca_quad=0, fbcca_conf=0.2894, fbcca_ratio=8.4116, fbcca_consec=3, fbcca_scores=[0.2150959031151958, 0.014179134115509043, 0.025571283929109796, 0.003892641243034488], fbcca_probs=[0.28944043055825636, 0.23675663101909886, 0.23946921980109767, 0.23433371862154703], cca_quad=0, cca_conf=0.2972, cca_ratio=3.7154, cca_scores=[0.29542460693332234, 0.07138955489817954, 0.07951293042668166, 0.020769753802310793], cca_probs=[0.29718318601988875, 0.23753469204550556, 0.2394721341808723, 0.22580998775373337]"
2026 05 21 21:03:58.940616,SSVEP_UPDATE,"fbcca_quad=0, fbcca_conf=0.3031, fbcca_ratio=8.4615, fbcca_consec=4, fbcca_scores=[0.2910472348352829, 0.034396834982324535, 0.03429523388372712, 0.005794127012626477], fbcca_probs=[0.3031200816395384, 0.23450540488905192, 0.23448158009262143, 0.22789293337878821], cca_quad=0, cca_conf=0.3106, cca_ratio=2.6957, cca_scores=[0.3914344560884019, 0.14520704766931014, 0.0859396294206314, 0.0363993152627105], cca_probs=[0.3105925782217683, 0.24280401785192562, 0.2288317892283358, 0.21777161469797027]"
2026 05 21 21:03:58.940616,SSVEP_CONFIRMED,"fbcca_quad=0, fbcca_conf=0.3031, fbcca_ratio=8.4615, fbcca_consec=4, fbcca_scores=[0.2910472348352829, 0.034396834982324535, 0.03429523388372712, 0.005794127012626477], fbcca_probs=[0.3031200816395384, 0.23450540488905192, 0.23448158009262143, 0.22789293337878821], cca_quad=0, cca_conf=0.3106, cca_ratio=2.6957, cca_scores=[0.3914344560884019, 0.14520704766931014, 0.0859396294206314, 0.0363993152627105], cca_probs=[0.3105925782217683, 0.24280401785192562, 0.2288317892283358, 0.21777161469797027]"
2026 05 21 21:03:58.940616,AI_CHOICE,"quad=0, label='1번 코드', files=['ai_001.py', 'ai_002.py']"
2026 05 21 21:03:58.940616,AI_CODE_SELECTED,"option=1, file='ai_001.py'"
