time,mV

2026 06 24 15:51:21.022825,347
,374
,343
,379
,337
,392
,336
,371
,335
,361
,322
,342
,361
,360
2026 06 24 15:51:21.084426,352
,330
,388
,328
,377
,349
,377
,332
,357
,357
,347
,343
,340
,370
2026 06 24 15:51:21.149093,340
,373
,335
,382
,337
,359
,332
,366
,355
,338
,363
,336
,369
,338
2026 06 24 15:51:21.211138,381
,330
,353
,333
,371
,333
,360
,355
,329
,356
,332
,376
,345
,369
2026 06 24 15:51:21.276909,340
,372
,328
,362
,352
,359
,352
,335
,377
,322
,353
,335
,389
,325
2026 06 24 15:51:21.337977,365
,351
,355
,347
,343
,380
,328
,370
,334
,395
,339
,359
,351
,342
2026 06 24 15:51:21.399831,336
,345
,367
,339
,356
,334
,371
,328
,373
,330
,373
,324
,353
,352
2026 06 24 15:51:21.465404,348
,352
,339
,366
,335
,357
,337
,371
,315
,349
,340
,343
,342
,340
2026 06 24 15:51:21.526232,359
,348
,371
,320
,388
,314
,368
,327
,365
,343
,335
,359
,331
,353
2026 06 24 15:51:21.592291,346
,368
,316
,339
,340
,369
,336
,339
,356
,347
,360
,329
,378
,323
2026 06 24 15:51:21.653256,357
,329
,364
,318
,343
,362
,361
,332
,329
,365
,333
,360
,320
,377
2026 06 24 15:51:21.715419,333
,364
,346
,358
,336
,344
,365
,338
,357
,329
,385
,335
,361
,332
2026 06 24 15:51:21.779849,371
,339
,347
,366
,341
,335
,332
,368
,313
,370
,322
,364
,294
,340
2026 06 24 15:51:21.842194,333
,348
,336
,329
,380
,319
,354
,310
,369
,308
,355
,352
,362
,329
2026 06 24 15:51:21.907433,348
,362
,330
,363
,346
,386
,320
,361
,345
,361
,339
,363
,360
,352
2026 06 24 15:51:21.968863,349
,344
,392
,348
,368
,345
,378
,334
,357
,371
,345
,345
,354
,384
2026 06 24 15:51:22.029268,333
,363
,332
,385
,322
,371
,346
,360
,355
,344
,377
,341
,362
,326
2026 06 24 15:51:22.096029,381
,339
,357
,342
,366
,336
,343
,344
,344
,353
,345
,387
,327
,373
2026 06 24 15:51:22.156967,339
,374
,319
,352
,355
,344
,353
,344
,375
,337
,356
,319
,369
,329
2026 06 24 15:51:22.219052,362
,338
,342
,345
,339
,370
,328
,355
,334
,389
,330
,366
,342
,371
2026 06 24 15:51:22.284110,339
,350
,370
,347
,358
,324
,371
,319
,367
,338
,374
,328
,353
,350
2026 06 24 15:51:22.345937,350
,349
,340
,373
,331
,363
,324
,391
,341
,361
,350
,364
,341
,332
2026 06 24 15:51:22.411649,379
,342
,357
,328
,381
,331
,365
,348
,379
,346
,355
,368
,350
,354
2026 06 24 15:51:22.472902,339
,386
,328
,354
,342
,375
,333
,352
,356
,350
,348
,338
,378
,333
2026 06 24 15:51:22.534244,368
,334
,383
,329
,338
,353
,337
,319
,333
,400
,362
,381
,350
,395
2026 06 24 15:51:22.599156,330
,366
,337
,358
,335
,337
,363
,342
,356
,335
,378
,321
,368
,338
2026 06 24 15:51:22.661053,368
,330
,350
,357
,347
,353
,337
,381
,340
,375
,340
,372
,328
,352
2026 06 24 15:51:22.726156,344
,365
,351
,336
,370
,319
,376
,344
,381
,325
,362
,351
,369
,347
2026 06 24 15:51:22.788312,358
,378
,346
,356
,341
,387
,331
,357
,336
,377
,347
,357
,365
,345
2026 06 24 15:51:22.849666,361
,344
,378
,330
,361
,329
,378
,334
,358
,353
,358
,353
,343
,375
2026 06 24 15:51:22.915524,342
,361
,337
,380
,319
,362
,346
,366
,342
,343
,366
,351
,366
,341
2026 06 24 15:51:22.975994,385
,332
,362
,351
,372
,338
,362
,372
,354
,356
,336
,381
,337
,371
2026 06 24 15:51:23.042159,330
,383
,339
,365
,355
,367
,351
,346
,377
,348
,365
,346
,392
,332
2026 06 24 15:51:23.103351,352
,347
,353
,334
,342
,370
,346
,360
,339
,388
,335
,372
,346
,373
2026 06 24 15:51:23.164968,342
,353
,360
,351
,357
,329
,384
,331
,371
,335
,379
,338
,363
,354
2026 06 24 15:51:23.230106,356
,364
,362
,383
,345
,374
,338
,388
,333
,358
,344
,364
,345
,346
2026 06 24 15:51:23.292263,387
,358
,370
,333
,390
,337
,363
,339
,379
,341
,357
,369
,358
,362
2026 06 24 15:51:23.356829,342
,393
,350
,386
,349
,377
,336
,357
,359
,359
,362
,342
,380
,334
2026 06 24 15:51:23.419402,369
,335
,375
,332
,361
,333
,360
,337
,352
,377
,350
,366
,330
,372
2026 06 24 15:51:23.480592,321
,366
,335
,352
,333
,355
,359
,353
,374
,348
,386
,341
,376
,342
2026 06 24 15:51:23.545634,385
,337
,357
,355
,343
,347
,333
,362
,342
,383
,342
,376
,334
,371
2026 06 24 15:51:23.606846,358
,368
,342
,342
,370
,342
,368
,337
,379
,326
,362
,330
,370
,336
2026 06 24 15:51:23.672183,362
,360
,355
,372
,333
,384
,337
,368
,336
,377
,338
,354
,351
,349
2026 06 24 15:51:23.734279,350
,334
,365
,336
,366
,332
,375
,330
,347
,332
,351
,342
,335
,367
2026 06 24 15:51:23.795184,340
,367
,330
,377
,325
,361
,335
,368
,346
,349
,366
,341
,352
,329
2026 06 24 15:51:23.861513,369
,326
,352
,314
,368
,338
,354
,356
,351
,345
,336
,381
,340
,366
2026 06 24 15:51:23.922363,335
,362
,315
,352
,333
,335
,339
,342
,362
,335
,364
,339
,378
,327
2026 06 24 15:51:23.987460,358
,348
,356
,343
,344
,352
,349
,369
,325
,370
,329
,370
,335
,364
2026 06 24 15:51:24.049012,341
,353
,364
,355
,351
,339
,373
,339
,372
,336
,374
,323
,359
,349
2026 06 24 15:51:24.111235,358
,343
,334
,379
,339
,362
,335
,382
,333
,363
,353
,367
,334
,350
2026 06 24 15:51:24.176473,362
,329
,364
,332
,379
,332
,363
,340
,359
,332
,352
,360
,348
,359
2026 06 24 15:51:24.238029,332
,382
,339
,363
,328
,372
,324
,351
,352
,350
,340
,328
,376
,339
2026 06 24 15:51:24.303462,349
,335
,370
,348
,364
,349
,372
,353
,349
,366
,339
,353
,339
,379
2026 06 24 15:51:24.364385,326
,358
,322
,345
,329
,348
,356
,336
,348
,305
,362
,316
,358
,325
2026 06 24 15:51:24.426638,356
,327
,340
,327
,336
,339
,330
,362
,321
,360
,329
,367
,318
,357
2026 06 24 15:51:24.492224,330
,350
,332
,344
,361
,337
,362
,330
,379
,329
,361
,330
,368
,330
2026 06 24 15:51:24.553507,344
,357
,360
,361
,326
,371
,322
,371
,344
,362
,339
,376
,358
,364
2026 06 24 15:51:24.619257,334
,341
,371
,341
,362
,331
,372
,320
,337
,338
,351
,341
,348
,353
2026 06 24 15:51:24.680137,340
,353
,332
,386
,313
,350
,348
,380
,337
,328
,369
,358
,365
,340
2026 06 24 15:51:24.741630,380
,324
,368
,336
,367
,334
,358
,348
,340
,342
,339
,375
,320
,358
2026 06 24 15:51:24.807289,330
,367
,323
,366
,358
,367
,344
,339
,372
,356
,380
,340
,379
,327
2026 06 24 15:51:24.869028,349
,339
,359
,329
,359
,360
,339
,360
,332
,403
,340
,380
,351
,378
2026 06 24 15:51:24.934349,332
,372
,371
,361
,358
,339
,363
,319
,360
,334
,384
,328
,355
,344
2026 06 24 15:51:24.995577,358
,357
,351
,371
,344
,376
,337
,389
,322
,353
,337
,363
,319
,329
2026 06 24 15:51:25.056786,361
,332
,341
,343
,389
,329
,367
,340
,367
,340
,368
,353
,357
,348
2026 06 24 15:51:25.122963,326
,372
,329
,353
,325
,375
,308
,340
,343
,350
,363
,349
,373
,347
2026 06 24 15:51:25.184657,379
,350
,401
,333
,366
,349
,351
,332
,345
,349
,318
,357
,331
,368
2026 06 24 15:51:25.249833,324
,362
,336
,378
,339
,356
,349
,352
,325
,324
,377
,331
,354
,325
2026 06 24 15:51:25.310996,372
,325
,338
,337
,352
,355
,325
,365
,337
,361
,337
,376
,332
,362
2026 06 24 15:51:25.372068,339
,365
,339
,339
,352
,335
,366
,320
,371
,327
,347
,317
,362
,341
2026 06 24 15:51:25.437500,352
,347
,346
,354
,343
,362
,336
,354
,336
,381
,325
,350
,352
,357
2026 06 24 15:51:25.498977,335
,327
,366
,342
,368
,334
,366
,303
,351
,333
,346
,327
,322
,352
2026 06 24 15:51:25.565252,336
,357
,323
,360
,311
,344
,318
,359
,331
,354
,361
,341
,335
,333
2026 06 24 15:51:25.626436,380
,322
,378
,328
,347
,320
,345
,343
,333
,330
,329
,359
,332
,362
2026 06 24 15:51:25.688097,324
,370
,311
,347
,345
,351
,326
,333
,346
,332
,342
,316
,393
,326
2026 06 24 15:51:25.753685,357
,336
,361
,322
,345
,366
,343
,357
,335
,375
,315
,357
,317
,364
2026 06 24 15:51:25.815233,330
,353
,359
,360
,348
,332
,366
,348
,358
,330
,375
,311
,370
,339
2026 06 24 15:51:25.876030,362
,333
,346
,372
,338
,362
,327
,367
,329
,356
,340
,372
,338
,349
2026 06 24 15:51:25.941852,356
,353
,359
,336
,372
,330
,356
,338
,378
,333
,351
,345
,353
,346
2026 06 24 15:51:26.003238,325
,364
,320
,376
,340
,394
,327
,351
,358
,365
,347
,348
,357
,328
2026 06 24 15:51:26.068664,383
,346
,386
,331
,365
,345
,372
,344
,358
,367
,350
,364
,341
,383
2026 06 24 15:51:26.147261,338
,369
,340
,369
,335
,364
,367
,353
,351
,343
,385
,329
,359
,331
2026 06 24 15:51:26.191226,372
,325
,356
,352
,360
,339
,344
,388
,344
,376
,335
,382
,330
,369
2026 06 24 15:51:26.257081,353
,365
,342
,360
,375
,348
,369
,349
,386
,341
,376
,350
,377
,337
2026 06 24 15:51:26.318822,348
,370
,356
,368
,336
,390
,345
,372
,344
,398
,344
,373
,360
,362
2026 06 24 15:51:26.384323,372
,355
,377
,344
,381
,349
,385
,335
,362
,353
,369
,342
,359
,390
2026 06 24 15:51:26.445739,340
,378
,344
,394
,346
,373
,358
,389
,345
,363
,369
,367
,371
,341
2026 06 24 15:51:26.506756,375
,340
,378
,334
,365
,344
,372
,357
,366
,351
,348
,394
,338
,369
2026 06 24 15:51:26.572710,339
,395
,335
,375
,364
,376
,336
,357
,389
,354
,359
,336
,391
,326
2026 06 24 15:51:26.633911,384
,351
,370
,332
,358
,378
,356
,359
,339
,383
,346
,363
,340
,386
2026 06 24 15:51:26.699578,342
,366
,352
,352
,356
,342
,382
,325
,375
,348
,387
,341
,370
,353
2026 06 24 15:51:26.761317,377
,354
,340
,380
,350
,370
,350
,393
,328
,370
,346
,365
,341
,362
2026 06 24 15:51:26.823972,369
,354
,361
,334
,386
,333
,373
,339
,378
,329
,369
,351
,367
,365
2026 06 24 15:51:26.888412,344
,374
,346
,371
,343
,394
,333
,362
,348
,357
,348
,346
,378
,337
2026 06 24 15:51:26.949773,364
,322
,391
,339
,364
,345
,376
,350
,328
,377
,352
,371
,333
,377
2026 06 24 15:51:27.015378,330
,374
,332
,380
,335
,343
,337
,350
,348
,345
,389
,338
,377
,343
2026 06 24 15:51:27.076979,383
,334
,366
,356
,355
,340
,344
,375
,336
,373
,332
,385
,325
,363
2026 06 24 15:51:27.137899,350
,366
,350
,354
,361
,356
,377
,344
,390
,337
,379
,351
,375
,342
2026 06 24 15:51:27.203009,351
,359
,355
,365
,335
,388
,325
,378
,346
,385
,322
,344
,345
,361
2026 06 24 15:51:27.264891,345
,345
,380
,344
,375
,338
,381
,343
,370
,342
,371
,347
,348
,371
2026 06 24 15:51:27.330464,343
,350
,331
,391
,333
,370
,344
,375
,319
,331
,380
,359
,354
,339
2026 06 24 15:51:27.391815,392
,341
,375
,337
,388
,336
,359
,360
,351
,345
,341
,380
,325
,378
2026 06 24 15:51:27.452950,340
,392
,335
,359
,335
,363
,344
,339
,367
,332
,371
,342
,392
,326
2026 06 24 15:51:27.518791,367
,342
,382
,336
,349
,352
,341
,362
,342
,384
,328
,369
,335
,376
2026 06 24 15:51:27.580174,325
,353
,347
,362
,348
,340
,380
,328
,375
,344
,405
,340
,358
,344
2026 06 24 15:51:27.645494,349
,346
,357
,374
,352
,372
,329
,370
,317
,360
,333
,369
,340
,341
2026 06 24 15:51:27.707581,363
,360
,353
,326
,376
,348
,383
,338
,372
,321
,355
,355
,355
,341
2026 06 24 15:51:27.770029,339
,376
,339
,370
,326
,375
,332
,365
,346
,352
,339
,338
,379
,348
2026 06 24 15:51:27.834846,369
,328
,383
,327
,360
,327
,362
,336
,352
,357
,347
,339
,323
,380
2026 06 24 15:51:27.895622,327
,354
,327
,367
,329
,355
,348
,347
,360
,340
,380
,324
,369
,338
2026 06 24 15:51:27.961314,382
,326
,353
,336
,354
,340
,339
,366
,332
,363
,333
,381
,321
,348
2026 06 24 15:51:28.023034,320
,354
,334
,355
,365
,351
,369
,335
,387
,337
,363
,332
,373
,336
2026 06 24 15:51:28.085066,348
,355
,361
,354
,333
,377
,336
,356
,327
,376
,321
,344
,342
,358
2026 06 24 15:51:28.149170,347
,341
,378
,336
,371
,321
,389
,337
,368
,349
,364
,339
,350
,370
2026 06 24 15:51:28.210812,344
,359
,329
,374
,324
,357
,337
,354
,330
,355
,363
,344
,358
,326
2026 06 24 15:51:28.276575,387
,339
,380
,345
,369
,315
,348
,352
,355
,355
,339
,380
,339
,354
2026 06 24 15:51:28.337852,339
,388
,313
,349
,336
,360
,339
,344
,371
,346
,362
,332
,370
,326
2026 06 24 15:51:28.399751,356
,336
,359
,331
,343
,353
,341
,357
,337
,379
,334
,358
,329
,372
2026 06 24 15:51:28.464741,323
,339
,357
,362
,352
,332
,372
,331
,374
,336
,379
,318
,365
,347
2026 06 24 15:51:28.526197,361
,342
,348
,371
,345
,365
,322
,372
,330
,367
,334
,363
,340
,358
2026 06 24 15:51:28.592029,370
,339
,351
,333
,374
,325
,353
,340
,379
,327
,347
,356
,361
,349
2026 06 24 15:51:28.652847,335
,372
,329
,358
,325
,366
,309
,345
,327
,340
,346
,338
,361
,332
2026 06 24 15:51:28.714895,350
,341
,380
,327
,361
,340
,359
,313
,339
,357
,337
,348
,301
,362
2026 06 24 15:51:28.780215,321
,346
,314
,362
,319
,346
,341
,318
,342
,338
,374
,310
,363
,342
2026 06 24 15:51:28.841325,371
,318
,361
,346
,356
,344
,348
,368
,339
,360
,335
,373
,318
,363
2026 06 24 15:51:28.906782,332
,348
,351
,355
,363
,350
,372
,332
,390
,339
,371
,341
,372
,335
2026 06 24 15:51:28.968945,348
,360
,347
,342
,338
,382
,329
,362
,330
,369
,328
,356
,353
,352
2026 06 24 15:51:29.029644,345
,339
,355
,337
,358
,316
,376
,318
,355
,327
,358
,337
,346
,366
2026 06 24 15:51:29.095981,349
,358
,321
,388
,338
,373
,342
,361
,341
,352
,350
,344
,355
,342
2026 06 24 15:51:29.156719,383
,336
,366
,333
,378
,320
,355
,348
,361
,343
,346
,371
,342
,373
2026 06 24 15:51:29.222920,334
,381
,335
,353
,346
,364
,334
,321
,357
,351
,362
,338
,386
,319
2026 06 24 15:51:29.284577,346
,339
,366
,331
,344
,343
,339
,343
,332
,374
,330
,366
,346
,379
2026 06 24 15:51:29.345187,336
,345
,339
,356
,341
,334
,370
,338
,359
,335
,374
,327
,353
,331
2026 06 24 15:51:29.411261,344
,336
,334
,357
,350
,364
,316
,385
,332
,360
,330
,360
,318
,347
2026 06 24 15:51:29.472515,351
,344
,352
,330
,381
,338
,358
,320
,369
,331
,352
,338
,347
,343
2026 06 24 15:51:29.537784,335
,357
,329
,354
,338
,387
,334
,361
,343
,352
,329
,337
,365
,346
2026 06 24 15:51:29.598933,362
,330
,364
,321
,368
,333
,351
,326
,344
,357
,347
,357
,336
,374
2026 06 24 15:51:29.660903,329
,360
,336
,357
,318
,345
,340
,360
,342
,324
,367
,332
,355
,327
2026 06 24 15:51:29.726123,369
,318
,353
,340
,352
,347
,343
,370
,329
,364
,341
,383
,334
,358
2026 06 24 15:51:29.787391,327
,362
,333
,339
,350
,331
,347
,321
,376
,332
,367
,334
,366
,320
2026 06 24 15:51:29.848877,355
,351
,354
,348
,342
,370
,331
,361
,334
,375
,320
,351
,347
,360
2026 06 24 15:51:29.914486,346
,349
,373
,335
,366
,337
,378
,323
,348
,332
,343
,336
,332
,364
2026 06 24 15:51:29.976650,344
,355
,344
,379
,328
,364
,332
,354
,330
,350
,361
,353
,345
,338
2026 06 24 15:51:30.041838,376
,327
,370
,330
,374
,318
,349
,341
,351
,346
,340
,357
,326
,366
2026 06 24 15:51:30.103685,332
,373
,329
,360
,323
,347
,322
,341
,353
,339
,356
,316
,357
,323
2026 06 24 15:51:30.165078,359
,329
,362
,327
,329
,343
,359
,355
,330
,364
,340
,364
,323
,370
2026 06 24 15:51:30.230586,307
,347
,334
,350
,334
,341
,369
,329
,353
,330
,367
,314
,353
,333
2026 06 24 15:51:30.291834,356
,331
,346
,356
,354
,360
,330
,366
,326
,369
,335
,355
,304
,342
2026 06 24 15:51:30.356968,358
,356
,342
,335
,364
,330
,365
,325
,364
,321
,343
,336
,351
,337
2026 06 24 15:51:30.418947,342
,383
,345
,374
,333
,363
,304
,358
,347
,364
,334
,332
,363
,335
2026 06 24 15:51:30.479752,357
,342
,366
,308
,344
,350
,365
,338
,341
,374
,357
,362
,341
,380
2026 06 24 15:51:30.545350,322
,365
,322
,363
,338
,360
,350
,357
,356
,331
,371
,336
,355
,322
2026 06 24 15:51:30.606917,381
,330
,349
,337
,373
,326
,340
,380
,350
,368
,323
,386
,327
,350
2026 06 24 15:51:30.672791,336
,374
,333
,348
,355
,339
,346
,333
,382
,335
,361
,330
,367
,326
2026 06 24 15:51:30.734428,356
,348
,357
,362
,350
,380
,323
,348
,335
,386
,329
,362
,344
,347
2026 06 24 15:51:30.796150,342
,339
,376
,341
,360
,322
,377
,334
,369
,334
,363
,338
,355
,372
2026 06 24 15:51:30.860669,343
,358
,339
,383
,327
,377
,338
,369
,315
,345
,354
,347
,344
,330
2026 06 24 15:51:30.922420,359
,336
,358
,334
,383
,330
,355
,325
,359
,355
,344
,374
,338
,368
2026 06 24 15:51:30.987841,326
,370
,324
,350
,336
,357
,342
,349
,356
,334
,366
,333
,375
,344
2026 06 24 15:51:31.049775,371
,339
,386
,341
,348
,351
,358
,357
,326
,366
,318
,375
,329
,379
2026 06 24 15:51:31.111113,338
,362
,349
,357
,348
,341
,374
,338
,378
,326
,385
,343
,365
,339
2026 06 24 15:51:31.176358,370
,341
,347
,368
,344
,357
,331
,392
,331
,369
,335
,375
,333
,346
2026 06 24 15:51:31.237587,354
,355
,355
,325
,382
,349
,360
,333
,379
,330
,356
,341
,352
,343
2026 06 24 15:51:31.303487,306
,371
,337
,364
,330
,378
,321
,363
,339
,357
,327
,342
,371
,342
2026 06 24 15:51:31.365164,358
,325
,380
,313
,379
,338
,368
,305
,335
,365
,354
,358
,332
,379
2026 06 24 15:51:31.426239,334
,370
,342
,376
,321
,353
,351
,352
,352
,343
,376
,340
,372
,345
2026 06 24 15:51:31.492224,385
,318
,362
,334
,361
,325
,349
,380
,345
,361
,313
,375
,333
,369
2026 06 24 15:51:31.552807,334
,353
,333
,353
,364
,352
,351
,330
,385
,332
,372
,333
,367
,322
2026 06 24 15:51:31.619272,353
,343
,353
,350
,340
,381
,324
,355
,323
,377
,312
,356
,343
,371
2026 06 24 15:51:31.680285,345
,353
,375
,352
,376
,332
,378
,329
,368
,340
,372
,340
,350
,362
2026 06 24 15:51:31.741393,345
,352
,328
,382
,327
,365
,314
,359
,313
,343
,354
,359
,345
,337
2026 06 24 15:51:31.807039,373
,334
,363
,327
,372
,314
,344
,344
,352
,341
,326
,375
,340
,349
2026 06 24 15:51:31.869242,327
,368
,318
,364
,339
,368
,342
,355
,370
,345
,360
,325
,385
,329
2026 06 24 15:51:31.933552,372
,326
,367
,321
,357
,352
,351
,358
,339
,380
,333
,364
,324
,376
2026 06 24 15:51:31.995015,323
,366
,354
,352
,341
,349
,377
,345
,372
,332
,380
,325
,364
,340
2026 06 24 15:51:32.057057,383
,337
,335
,364
,337
,355
,342
,382
,333
,374
,328
,376
,326
,360
2026 06 24 15:51:32.122237,359
,359
,360
,346
,383
,338
,373
,332
,371
,310
,362
,348
,365
,344
2026 06 24 15:51:32.183725,337
,369
,334
,361
,332
,377
,321
,357
,328
,366
,338
,358
,372
,338
2026 06 24 15:51:32.249638,365
,327
,381
,336
,363
,324
,373
,327
,345
,343
,338
,347
,333
,371
2026 06 24 15:51:32.310864,325
,345
,330
,379
,314
,352
,346
,363
,337
,332
,363
,335
,356
,327
2026 06 24 15:51:32.372479,383
,319
,354
,342
,368
,333
,338
,355
,339
,355
,310
,396
,333
,365
2026 06 24 15:51:32.438191,338
,369
,325
,354
,350
,344
,358
,340
,379
,328
,366
,315
,367
,316
2026 06 24 15:51:32.499499,370
,348
,360
,346
,324
,377
,327
,366
,318
,393
,323
,363
,334
,354
2026 06 24 15:51:32.564736,351
,355
,360
,348
,368
,330
,384
,322
,358
,323
,375
,338
,344
,357
2026 06 24 15:51:32.625848,343
,352
,321
,369
,325
,366
,322
,356
,316
,346
,349
,366
,344
,356
2026 06 24 15:51:32.689316,383
,333
,363
,334
,377
,326
,362
,323
,358
,336
,335
,349
,326
,353
2026 06 24 15:51:32.753746,335
,379
,326
,352
,334
,381
,317
,356
,372
,352
,349
,327
,366
,314
2026 06 24 15:51:32.815178,367
,329
,367
,314
,336
,335
,348
,346
,349
,380
,334
,363
,324
,387
2026 06 24 15:51:32.879984,331
,360
,346
,349
,339
,339
,366
,341
,360
,322
,381
,322
,361
,335
2026 06 24 15:51:32.940861,372
,335
,357
,351
,333
,358
,340
,379
,327
,367
,332
,380
,333
,351
2026 06 24 15:51:33.003491,342
,346
,350
,328
,380
,344
,369
,329
,386
,325
,352
,332
,368
,335
2026 06 24 15:51:33.069018,342
,356
,347
,367
,326
,376
,332
,371
,342
,366
,337
,350
,368
,351
2026 06 24 15:51:33.130387,360
,328
,373
,321
,367
,337
,353
,322
,356
,350
,354
,349
,334
,374
2026 06 24 15:51:33.195122,327
,369
,331
,379
,333
,364
,345
,357
,351
,337
,356
,342
,369
,335
2026 06 24 15:51:33.257334,385
,315
,363
,326
,361
,332
,345
,356
,339
,355
,327
,368
,323
,361
2026 06 24 15:51:33.319167,332
,364
,313
,367
,355
,345
,357
,338
,379
,329
,360
,328
,377
,321
2026 06 24 15:51:33.384216,343
,336
,367
,354
,347
,365
,343
,358
,324
,370
,315
,361
,338
,359
2026 06 24 15:51:33.445412,333
,340
,364
,338
,354
,325
,370
,336
,368
,325
,360
,333
,360
,365
2026 06 24 15:51:33.510989,352
,357
,334
,378
,338
,371
,333
,376
,319
,351
,344
,342
,347
,343
2026 06 24 15:51:33.572014,376
,338
,362
,334
,369
,332
,366
,345
,361
,329
,362
,379
,354
,374
2026 06 24 15:51:33.633461,345
,381
,336
,362
,342
,364
,336
,348
,351
,347
,356
,340
,382
,329
2026 06 24 15:51:33.698927,365
,330
,377
,330
,355
,335
,347
,350
,344
,368
,347
,377
,328
,375
2026 06 24 15:51:33.761111,320
,354
,340
,363
,337
,351
,367
,346
,351
,329
,377
,325
,367
,338
2026 06 24 15:51:33.822207,359
,335
,344
,361
,353
,356
,323
,374
,341
,361
,332
,368
,327
,351
2026 06 24 15:51:33.887856,345
,351
,352
,334
,372
,337
,363
,330
,371
,317
,360
,329
,350
,334
2026 06 24 15:51:33.949024,348
,359
,356
,368
,330
,380
,332
,354
,330
,362
,338
,353
,363
,343
2026 06 24 15:51:34.014757,345
,335
,376
,334
,371
,336
,371
,327
,346
,345
,358
,353
,336
,372
2026 06 24 15:51:34.076211,323
,374
,340
,378
,326
,360
,341
,363
,344
,343
,357
,340
,362
,331
2026 06 24 15:51:34.137939,382
,323
,355
,335
,362
,331
,331
,351
,353
,365
,335
,385
,324
,376
2026 06 24 15:51:34.203439,352
,374
,316
,357
,339
,343
,360
,339
,366
,307
,378
,339
,370
,329
2026 06 24 15:51:34.264763,359
,344
,356
,344
,339
,375
,343
,367
,330
,386
,331
,356
,343
,349
2026 06 24 15:51:34.329968,345
,353
,367
,350
,369
,342
,380
,318
,361
,331
,379
,342
,356
,359
2026 06 24 15:51:34.392065,342
,357
,339
,382
,342
,370
,333
,366
,317
,353
,354
,354
,357
,356
2026 06 24 15:51:34.453332,377
,336
,367
,341
,385
,324
,345
,333
,370
,343
,340
,362
,346
,367
2026 06 24 15:51:34.518769,342
,372
,334
,373
,333
,365
,319
,345
,371
,360
,364
,341
,371
,329
2026 06 24 15:51:34.580060,351
,337
,374
,313
,346
,340
,360
,353
,337
,384
,350
,374
,341
,383
2026 06 24 15:51:34.645890,331
,362
,330
,357
,338
,330
,363
,341
,365
,337
,376
,315
,349
,333
2026 06 24 15:51:34.707377,362
,337
,361
,373
,345
,358
,314
,385
,348
,375
,333
,370
,337
,359
2026 06 24 15:51:34.769017,349
,355
,353
,342
,374
,338
,362
,326
,379
,322
,361
,347
,357
,331
2026 06 24 15:51:34.834296,332
,376
,344
,361
,328
,383
,342
,366
,329
,366
,341
,357
,361
,347
2026 06 24 15:51:34.894841,356
,329
,378
,335
,360
,331
,372
,314
,367
,349
,363
,357
,346
,373
2026 06 24 15:51:34.961038,325
,362
,331
,363
,338
,362
,347
,353
,338
,358
,376
,344
,352
,324
2026 06 24 15:51:35.022929,372
,340
,373
,340
,371
,328
,348
,368
,352
,351
,334
,372
,332
,370
2026 06 24 15:51:35.083693,333
,361
,313
,349
,353
,350
,360
,340
,370
,328
,355
,332
,370
,320
2026 06 24 15:51:35.149302,356
,352
,361
,341
,337
,366
,342
,365
,330
,375
,330
,365
,341
,363
2026 06 24 15:51:35.210301,336
,351
,367
,340
,351
,331
,374
,337
,364
,339
,379
,335
,354
,365
2026 06 24 15:51:35.276651,351
,330
,347
,388
,336
,374
,336
,373
,327
,353
,343
,337
,335
,345
2026 06 24 15:51:35.338252,368
,341
,362
,320
,369
,319
,359
,350
,366
,332
,338
,380
,350
,360
2026 06 24 15:51:35.398935,320
,384
,339
,371
,332
,363
,318
,341
,360
,348
,350
,328
,367
,330
2026 06 24 15:51:35.465353,369
,336
,368
,329
,356
,353
,352
,342
,339
,367
,325
,350
,326
,375
2026 06 24 15:51:35.526552,313
,356
,340
,358
,327
,340
,366
,323
,358
,332
,377
,331
,361
,330
2026 06 24 15:51:35.591826,365
,335
,349
,353
,348
,348
,333
,381
,335
,367
,321
,370
,325
,356
2026 06 24 15:51:35.653301,348
,359
,341
,335
,376
,334
,355
,330
,385
,327
,366
,351
,372
,341
2026 06 24 15:51:35.715014,346
,367
,354
,369
,335
,385
,338
,367
,334
,375
,334
,355
,364
,358
2026 06 24 15:51:35.780205,361
,333
,380
,336
,368
,337
,376
,335
,358
,355
,355
,339
,351
,384
2026 06 24 15:51:35.841302,341
,371
,341
,369
,317
,364
,351
,365
,335
,346
,369
,334
,364
,345
2026 06 24 15:51:35.907344,394
,341
,372
,346
,376
,326
,355
,365
,349
,360
,340
,380
,338
,373
2026 06 24 15:51:35.968930,327
,378
,335
,345
,340
,353
,350
,340
,377
,331
,365
,341
,383
,328
2026 06 24 15:51:36.029502,367
,343
,366
,333
,344
,372
,339
,373
,345
,382
,326
,360
,326
,355
2026 06 24 15:51:36.095930,327
,352
,362
,348
,353
,328
,385
,331
,368
,340
,381
,333
,355
,359
2026 06 24 15:51:36.156492,358
,343
,341
,379
,341
,360
,327
,360
,328
,351
,336
,361
,343
,342
2026 06 24 15:51:36.222852,366
,343
,364
,334
,379
,335
,374
,352
,377
,337
,349
,366
,352
,359
2026 06 24 15:51:36.284175,335
,379
,331
,356
,335
,372
,338
,366
,363
,359
,364
,349
,384
,344
2026 06 24 15:51:36.345321,365
,334
,377
,329
,363
,346
,360
,339
,343
,366
,337
,361
,334
,376
2026 06 24 15:51:36.410405,325
,369
,342
,362
,335
,360
,371
,354
,368
,344
,385
,334
,374
,333
2026 06 24 15:51:36.472431,378
,333
,360
,356
,351
,349
,340
,376
,335
,369
,325
,367
,332
,365
2026 06 24 15:51:36.537614,352
,369
,343
,340
,379
,337
,371
,334
,384
,317
,362
,337
,344
,329
2026 06 24 15:51:36.599799,354
,369
,348
,355
,335
,380
,324
,356
,327
,370
,327
,351
,341
,359
2026 06 24 15:51:36.660165,357
,341
,384
,329
,369
,331
,372
,317
,359
,344
,357
,342
,349
,370
2026 06 24 15:51:36.726133,335
,375
,334
,380
,331
,367
,340
,365
,343
,350
,381
,349
,362
,331
2026 06 24 15:51:36.788180,382
,331
,369
,343
,376
,335
,355
,354
,348
,361
,341
,380
,336
,366
2026 06 24 15:51:36.853415,331
,386
,337
,361
,359
,376
,357
,356
,387
,351
,373
,340
,385
,331
2026 06 24 15:51:36.915031,370
,353
,374
,352
,357
,372
,345
,365
,339
,388
,334
,375
,351
,380
2026 06 24 15:51:36.976406,340
,367
,370
,355
,358
,336
,386
,342
,375
,334
,382
,342
,366
,346
2026 06 24 15:51:37.041774,366
,359
,345
,373
,327
,370
,338
,384
,325
,366
,347
,375
,350
,362
2026 06 24 15:51:37.105285,383
,355
,371
,340
,385
,330
,369
,335
,372
,334
,357
,362
,352
,354
2026 06 24 15:51:37.169071,330
,383
,339
,372
,326
,376
,329
,371
,357
,361
,355
,353
,387
,339
2026 06 24 15:51:37.230308,372
,337
,390
,337
,367
,343
,362
,332
,342
,363
,333
,360
,335
,378
2026 06 24 15:51:37.291476,332
,361
,344
,372
,338
,347
,362
,355
,365
,347
,392
,342
,370
,335
2026 06 24 15:51:37.356859,380
,340
,365
,366
,366
,365
,348
,378
,340
,377
,345
,382
,333
,367
2026 06 24 15:51:37.419019,362
,363
,360
,351
,383
,348
,371
,341
,387
,333
,382
,350
,372
,343
2026 06 24 15:51:37.484191,350
,365
,343
,367
,327
,387
,333
,372
,345
,384
,328
,356
,350
,349
2026 06 24 15:51:37.545673,354
,342
,383
,343
,375
,337
,385
,322
,353
,343
,348
,345
,337
,370
2026 06 24 15:51:37.606786,345
,375
,337
,384
,335
,370
,341
,364
,344
,347
,369
,354
,359
,333
2026 06 24 15:51:37.672255,375
,329
,363
,330
,358
,327
,357
,351
,348
,355
,333
,381
,339
,376
2026 06 24 15:51:37.734210,334
,381
,326
,357
,342
,364
,346
,338
,365
,348
,373
,329
,375
,333
2026 06 24 15:51:37.799274,363
,342
,369
,333
,344
,372
,352
,374
,342
,389
,330
,373
,334
,371
2026 06 24 15:51:37.861808,327
,340
,363
,352
,349
,307
,349
,347
,380
,332
,369
,328
,355
,345
2026 06 24 15:51:37.922591,354
,344
,342
,377
,340
,368
,332
,375
,315
,355
,328
,355
,336
,343
2026 06 24 15:51:37.987883,360
,333
,349
,323
,372
,321
,361
,320
,365
,317
,328
,327
,335
,355
2026 06 24 15:51:38.048886,344
,382
,344
,388
,331
,372
,323
,364
,349
,357
,352
,339
,384
,339
2026 06 24 15:51:38.110890,358
,326
,376
,316
,353
,328
,351
,329
,349
,362
,343
,344
,326
,369
2026 06 24 15:51:38.176633,315
,359
,328
,374
,337
,341
,345
,357
,354
,339
,365
,331
,374
,334
2026 06 24 15:51:38.237868,380
,331
,362
,341
,352
,344
,351
,378
,319
,358
,328
,374
,332
,353
2026 06 24 15:51:38.303341,350
,367
,342
,339
,365
,339
,365
,329
,374
,323
,368
,327
,357
,326
2026 06 24 15:51:38.364727,349
,361
,338
,347
,350
,390
,328
,358
,339
,383
,332
,361
,349
,360
2026 06 24 15:51:38.425920,355
,336
,377
,333
,362
,326
,364
,316
,364
,341
,352
,341
,350
,364
2026 06 24 15:51:38.492946,343
,370
,332
,384
,335
,362
,344
,382
,338
,348
,357
,341
,345
,324
2026 06 24 15:51:38.552755,377
,331
,362
,320
,364
,315
,359
,356
,358
,362
,344
,377
,342
,371
2026 06 24 15:51:38.619109,329
,372
,320
,361
,333
,355
,324
,340
,365
,337
,358
,325
,387
,333
2026 06 24 15:51:38.680307,358
,336
,363
,331
,344
,361
,345
,346
,326
,373
,326
,367
,330
,359
2026 06 24 15:51:38.741257,318
,351
,349
,345
,341
,331
,370
,326
,362
,312
,365
,328
,358
,342
2026 06 24 15:51:38.806588,353
,342
,347
,370
,324
,347
,327
,382
,328
,357
,340
,364
,329
,344
2026 06 24 15:51:38.868898,352
,342
,360
,332
,374
,324
,348
,332
,389
,338
,354
,352
,349
,345
2026 06 24 15:51:38.934348,335
,382
,337
,374
,322
,374
,318
,367
,355
,365
,339
,342
,370
,334
2026 06 24 15:51:38.995602,358
,335
,377
,333
,375
,334
,364
,351
,354
,366
,348
,359
,333
,384
2026 06 24 15:51:39.057049,326
,375
,335
,374
,333
,357
,349
,345
,350
,328
,375
,346
,374
,328
2026 06 24 15:51:39.122297,377
,348
,372
,357
,359
,355
,346
,375
,336
,370
,321
,378
,334
,357
2026 06 24 15:51:39.184008,346
,358
,329
,339
,363
,337
,372
,345
,377
,334
,379
,344
,369
,342
2026 06 24 15:51:39.248818,358
,355
,352
,354
,338
,382
,340
,368
,325
,378
,327
,362
,356
,354
2026 06 24 15:51:39.311042,345
,336
,373
,343
,377
,345
,385
,342
,371
,349
,362
,337
,339
,368
2026 06 24 15:51:39.372484,341
,371
,333
,373
,331
,359
,344
,369
,335
,345
,345
,341
,365
,331
2026 06 24 15:51:39.438295,372
,339
,364
,339
,377
,331
,360
,351
,341
,346
,340
,372
,343
,367
2026 06 24 15:51:39.498838,339
,379
,327
,356
,339
,351
,338
,334
,365
,344
,366
,316
,384
,339
2026 06 24 15:51:39.564988,358
,332
,371
,339
,350
,360
,339
,360
,333
,378
,321
,362
,329
,363
2026 06 24 15:51:39.625915,321
,349
,348
,348
,345
,326
,380
,338
,365
,336
,376
,319
,361
,350
2026 06 24 15:51:39.687872,349
,346
,336
,356
,335
,358
,325
,369
,324
,354
,333
,353
,323
,334
2026 06 24 15:51:39.752664,347
,333
,356
,335
,367
,327
,373
,334
,375
,329
,346
,343
,330
,347
2026 06 24 15:51:39.814841,339
,375
,326
,356
,315
,349
,314
,345
,346
,349
,341
,330
,359
,326
2026 06 24 15:51:39.879939,354
,333
,379
,331
,360
,331
,355
,327
,347
,367
,342
,357
,331
,375
2026 06 24 15:51:39.941579,329
,366
,333
,370
,333
,347
,346
,346
,357
,335
,375
,334
,368
,343
2026 06 24 15:51:40.002731,377
,331
,357
,351
,351
,360
,339
,374
,336
,368
,328
,369
,331
,356
2026 06 24 15:51:40.068942,339
,354
,346
,344
,364
,344
,360
,336
,375
,323
,355
,340
,368
,323
2026 06 24 15:51:40.130250,345
,356
,340
,342
,327
,369
,321
,362
,334
,368
,321
,354
,352
,355
2026 06 24 15:51:40.195687,349
,349
,378
,332
,368
,325
,384
,331
,360
,336
,365
,340
,336
,364
2026 06 24 15:51:40.257234,346
,363
,330
,365
,330
,348
,332
,361
,330
,348
,355
,347
,355
,336
2026 06 24 15:51:40.318073,366
,329
,353
,331
,371
,331
,343
,334
,345
,345
,336
,375
,336
,362
2026 06 24 15:51:40.383901,327
,365
,322
,353
,338
,352
,346
,340
,365
,335
,366
,336
,370
,326
2026 06 24 15:51:40.445651,366
,338
,372
,332
,345
,361
,342
,355
,340
,374
,333
,368
,331
,373
2026 06 24 15:51:40.510893,322
,350
,349
,359
,362
,341
,380
,346
,364
,335
,378
,332
,361
,350
2026 06 24 15:51:40.572710,357
,344
,344
,375
,343
,363
,328
,370
,324
,347
,317
,366
,352
,360
2026 06 24 15:51:40.633682,369
,360
,365
,343
,386
,332
,373
,336
,369
,322
,340
,363
,356
,350
2026 06 24 15:51:40.699209,329
,380
,328
,353
,323
,364
,335
,362
,346
,362
,359
,341
,373
,344
2026 06 24 15:51:40.760948,374
,331
,378
,331
,360
,336
,355
,321
,337
,354
,335
,349
,322
,367
2026 06 24 15:51:40.826423,316
,345
,328
,357
,327
,347
,349
,337
,344
,338
,379
,339
,375
,342
2026 06 24 15:51:40.888035,381
,336
,365
,353
,366
,353
,344
,374
,342
,374
,321
,386
,326
,359
2026 06 24 15:51:40.949343,339
,369
,338
,342
,368
,355
,362
,334
,383
,326
,369
,336
,369
,331
2026 06 24 15:51:41.014514,356
,361
,347
,358
,341
,373
,331
,367
,328
,369
,323
,348
,331
,343
2026 06 24 15:51:41.076654,346
,337
,362
,330
,364
,325
,373
,320
,353
,339
,348
,318
,337
,366
2026 06 24 15:51:41.142118,343
,355
,327
,377
,325
,354
,333
,374
,335
,344
,358
,346
,340
,337
2026 06 24 15:51:41.203480,381
,337
,375
,328
,378
,330
,353
,352
,356
,356
,327
,370
,344
,374
2026 06 24 15:51:41.265075,333
,378
,338
,364
,338
,366
,345
,348
,368
,339
,360
,337
,383
,328
2026 06 24 15:51:41.331194,369
,336
,351
,335
,349
,351
,344
,352
,334
,374
,322
,360
,332
,367
2026 06 24 15:51:41.391734,330
,357
,359
,353
,346
,331
,362
,325
,371
,340
,378
,332
,359
,337
2026 06 24 15:51:41.457338,370
,344
,349
,380
,335
,364
,338
,383
,327
,362
,333
,356
,330
,343
2026 06 24 15:51:41.518030,351
,341
,361
,326
,381
,335
,369
,335
,368
,329
,353
,350
,347
,354
2026 06 24 15:51:41.579810,334
,379
,338
,373
,342
,378
,322
,361
,347
,360
,356
,343
,368
,337
2026 06 24 15:51:41.645149,367
,328
,383
,328
,356
,332
,367
,334
,351
,364
,347
,360
,324
,365
2026 06 24 15:51:41.707544,320
,365
,330
,371
,326
,350
,358
,352
,351
,332
,373
,324
,357
,322
2026 06 24 15:51:41.772028,374
,321
,348
,345
,351
,336
,333
,360
,338
,364
,331
,379
,326
,369
2026 06 24 15:51:41.834144,337
,354
,320
,329
,362
,335
,343
,328
,381
,334
,369
,343
,365
,336
2026 06 24 15:51:41.896017,350
,351
,340
,354
,336
,374
,321
,354
,310
,373
,316
,362
,344
,356
2026 06 24 15:51:41.960513,356
,343
,374
,333
,361
,330
,377
,326
,359
,336
,353
,344
,345
,360
2026 06 24 15:51:42.022939,333
,359
,331
,372
,329
,365
,334
,356
,316
,346
,352
,350
,372
,341
2026 06 24 15:51:42.083182,378
,331
,372
,331
,375
,327
,358
,342
,353
,354
,338
,372
,334
,357
2026 06 24 15:51:42.149667,328
,380
,319
,362
,333
,368
,336
,333
,369
,337
,365
,328
,382
,328
2026 06 24 15:51:42.210101,367
,343
,374
,335
,348
,352
,348
,367
,335
,377
,318
,363
,335
,380
2026 06 24 15:51:42.276711,333
,360
,346
,354
,351
,332
,367
,330
,359
,335
,378
,328
,359
,329
2026 06 24 15:51:42.337716,367
,349
,345
,368
,338
,367
,330
,373
,333
,371
,340
,371
,343
,351
2026 06 24 15:51:42.398959,351
,343
,358
,327
,378
,326
,356
,323
,373
,325
,348
,350
,357
,354
2026 06 24 15:51:42.465024,339
,384
,339
,368
,325
,372
,328
,348
,339
,350
,341
,345
,367
,339
2026 06 24 15:51:42.526702,366
,323
,366
,325
,363
,334
,367
,332
,335
,342
,338
,346
,319
,358
2026 06 24 15:51:42.590837,318
,355
,318
,350
,314
,351
,341
,340
,343
,333
,367
,330
,365
,324
2026 06 24 15:51:42.653345,372
,316
,344
,346
,352
,340
,334
,376
,342
,365
,323
,390
,343
,376
2026 06 24 15:51:42.714492,344
,365
,347
,348
,356
,353
,369
,331
,381
,334
,367
,328
,375
,333
2026 06 24 15:51:42.780200,355
,351
,347
,359
,336
,374
,335
,369
,326
,375
,331
,358
,346
,356
2026 06 24 15:51:42.841856,349
,344
,368
,334
,368
,320
,369
,319
,365
,339
,367
,343
,348
,370
2026 06 24 15:51:42.907204,347
,368
,331
,384
,330
,370
,336
,373
,333
,354
,361
,354
,355
,333
2026 06 24 15:51:42.967746,397
,338
,376
,335
,375
,334
,364
,347
,355
,350
,340
,375
,334
,368
2026 06 24 15:51:43.029902,326
,379
,331
,373
,343
,349
,344
,339
,366
,345
,365
,312
,373
,332
2026 06 24 15:51:43.095710,373
,331
,363
,333
,349
,360
,345
,359
,323
,369
,319
,354
,312
,365
2026 06 24 15:51:43.156494,323
,342
,345
,347
,346
,331
,369
,325
,369
,324
,372
,321
,352
,338
2026 06 24 15:51:43.222462,354
,331
,337
,367
,332
,367
,324
,373
,326
,366
,335
,367
,335
,339
2026 06 24 15:51:43.284233,347
,345
,360
,325
,375
,326
,370
,340
,374
,328
,340
,362
,359
,362
2026 06 24 15:51:43.344953,338
,381
,341
,379
,330
,387
,332
,365
,351
,358
,347
,342
,374
,338
2026 06 24 15:51:43.410987,369
,326
,379
,330
,367
,336
,365
,342
,342
,368
,346
,359
,324
,374
2026 06 24 15:51:43.471692,328
,369
,328
,362
,327
,348
,340
,335
,350
,334
,378
,331
,366
,330
2026 06 24 15:51:43.537814,372
,320
,352
,342
,349
,343
,334
,370
,328
,359
,322
,364
,312
,355
2026 06 24 15:51:43.598407,340
,361
,346
,346
,367
,340
,359
,325
,368
,318
,358
,322
,363
,326
2026 06 24 15:51:43.660864,341
,350
,347
,357
,325
,363
,325
,359
,330
,373
,322
,346
,337
,343
2026 06 24 15:51:43.725647,344
,333
,363
,322
,358
,323
,366
,312
,362
,332
,353
,337
,341
,365
2026 06 24 15:51:43.787555,346
,371
,335
,380
,325
,369
,330
,356
,325
,348
,361
,335
,355
,325
2026 06 24 15:51:43.853200,376
,323
,358
,324
,367
,320
,351
,360
,352
,353
,340
,385
,331
,367
2026 06 24 15:51:43.914902,328
,377
,322
,354
,338
,353
,331
,337
,370
,335
,357
,318
,373
,321
2026 06 24 15:51:43.975447,359
,336
,352
,338
,345
,364
,334
,359
,324
,376
,344
,368
,327
,371
2026 06 24 15:51:44.041908,332
,346
,353
,342
,342
,324
,375
,330
,368
,322
,372
,326
,353
,341
2026 06 24 15:51:44.103345,358
,345
,329
,369
,331
,363
,325
,366
,317
,352
,341
,362
,332
,339
2026 06 24 15:51:44.167903,363
,339
,355
,325
,375
,319
,352
,322
,357
,319
,341
,344
,328
,343
2026 06 24 15:51:44.229951,316
,374
,325
,369
,330
,370
,321
,351
,336
,337
,321
,327
,369
,326
2026 06 24 15:51:44.290796,361
,328
,375
,317
,347
,342
,357
,334
,339
,360
,340
,348
,325
,371
2026 06 24 15:51:44.357173,316
,356
,323
,352
,311
,360
,365
,349
,343
,329
,366
,325
,362
,326
2026 06 24 15:51:44.419201,377
,327
,356
,350
,342
,340
,330
,372
,330
,366
,327
,373
,313
,349
2026 06 24 15:51:44.484106,331
,349
,324
,334
,357
,329
,352
,317
,368
,322
,358
,330
,361
,320
2026 06 24 15:51:44.545290,335
,350
,343
,352
,325
,370
,328
,365
,328
,360
,327
,349
,343
,348
2026 06 24 15:51:44.606801,343
,333
,371
,324
,365
,324
,379
,321
,351
,346
,368
,342
,343
,373
2026 06 24 15:51:44.672650,341
,363
,329
,371
,324
,357
,316
,353
,328
,335
,340
,326
,350
,314
2026 06 24 15:51:44.734109,379
,324
,367
,332
,363
,324
,357
,355
,355
,355
,331
,376
,332
,366
2026 06 24 15:51:44.799593,326
,370
,324
,356
,343
,355
,342
,343
,364
,339
,370
,332
,379
,330
2026 06 24 15:51:44.860403,368
,337
,365
,336
,347
,359
,340
,352
,323
,369
,328
,370
,329
,364
2026 06 24 15:51:44.922556,323
,331
,331
,352
,360
,336
,371
,319
,365
,317
,365
,328
,350
,330
2026 06 24 15:51:44.987296,361
,352
,340
,367
,342
,371
,332
,375
,327
,363
,332
,352
,341
,344
2026 06 24 15:51:45.049446,353
,347
,368
,341
,377
,335
,368
,317
,355
,340
,355
,349
,356
,367
2026 06 24 15:51:45.114871,343
,378
,321
,369
,326
,373
,336
,363
,345
,353
,356
,346
,370
,346
2026 06 24 15:51:45.176015,368
,333
,368
,330
,373
,335
,359
,339
,347
,367
,344
,363
,327
,375
2026 06 24 15:51:45.237328,331
,369
,328
,364
,341
,364
,353
,350
,371
,338
,374
,341
,367
,334
2026 06 24 15:51:45.303398,377
,341
,365
,336
,353
,360
,344
,365
,333
,374
,334
,380
,338
,372
2026 06 24 15:51:45.364926,337
,369
,343
,349
,367
,348
,364
,328
,372
,326
,363
,334
,363
,338
2026 06 24 15:51:45.430193,356
,350
,340
,370
,334
,375
,339
,373
,322
,366
,331
,354
,345
,363
2026 06 24 15:51:45.492382,357
,339
,362
,334
,372
,328
,368
,332
,374
,335
,356
,347
,353
,364
2026 06 24 15:51:45.553185,344
,368
,328
,374
,333
,369
,328
,370
,337
,346
,347
,338
,367
,329
2026 06 24 15:51:45.618794,366
,348
,374
,327
,371
,342
,356
,345
,356
,357
,340
,367
,338
,371
2026 06 24 15:51:45.680170,324
,362
,335
,371
,341
,369
,352
,348
,367
,344
,374
,337
,384
,337
2026 06 24 15:51:45.744763,378
,338
,380
,347
,358
,364
,334
,362
,338
,381
,337
,369
,330
,372
2026 06 24 15:51:45.807134,340
,372
,348
,361
,366
,341
,377
,344
,375
,334
,381
,339
,367
,336
2026 06 24 15:51:45.867633,367
,352
,338
,363
,335
,362
,337
,385
,327
,368
,340
,374
,347
,356
2026 06 24 15:51:45.933755,359
,351
,359
,332
,379
,334
,373
,328
,364
,336
,348
,347
,350
,359
2026 06 24 15:51:45.995883,345
,377
,336
,378
,334
,373
,336
,369
,339
,357
,336
,342
,368
,342
2026 06 24 15:51:46.057058,372
,337
,381
,331
,380
,346
,364
,347
,351
,357
,343
,366
,333
,380
2026 06 24 15:51:46.122674,337
,373
,334
,374
,337
,354
,353
,354
,358
,340
,378
,331
,376
,335
2026 06 24 15:51:46.184032,381
,325
,361
,339
,360
,345
,330
,366
,335
,374
,325
,372
,334
,365
2026 06 24 15:51:46.249500,331
,367
,339
,344
,356
,338
,377
,332
,384
,338
,374
,321
,367
,330
2026 06 24 15:51:46.310888,350
,342
,343
,353
,335
,375
,333
,372
,325
,374
,334
,365
,344
,354
2026 06 24 15:51:46.371783,344
,334
,363
,336
,361
,313
,372
,321
,355
,325
,357
,335
,342
,351
2026 06 24 15:51:46.438014,342
,368
,325
,376
,332
,373
,331
,359
,329
,356
,355
,352
,352
,335
2026 06 24 15:51:46.499095,376
,340
,376
,325
,380
,339
,361
,351
,354
,346
,335
,376
,341
,375
2026 06 24 15:51:46.564776,323
,374
,321
,371
,335
,364
,339
,342
,361
,341
,363
,327
,375
,325
2026 06 24 15:51:46.626460,366
,329
,374
,334
,342
,339
,343
,362
,332
,377
,337
,386
,329
,368
2026 06 24 15:51:46.687361,324
,350
,330
,351
,352
,340
,370
,338
,374
,327
,372
,324
,369
,334
2026 06 24 15:51:46.753464,356
,328
,335
,357
,336
,369
,324
,381
,339
,372
,331
,375
,338
,353
2026 06 24 15:51:46.814640,357
,351
,364
,331
,380
,320
,373
,331
,372
,329
,360
,342
,357
,353
2026 06 24 15:51:46.881043,339
,369
,330
,370
,327
,371
,326
,365
,333
,365
,351
,357
,371
,347
2026 06 24 15:51:46.942003,367
,321
,369
,329
,364
,333
,367
,333
,345
,351
,349
,350
,339
,377
2026 06 24 15:51:47.003243,332
,370
,320
,367
,329
,360
,335
,346
,353
,336
,372
,332
,363
,324
2026 06 24 15:51:47.067344,381
,336
,374
,341
,362
,352
,355
,368
,352
,376
,327
,380
,329
,372
2026 06 24 15:51:47.129500,330
,371
,329
,352
,356
,355
,364
,331
,386
,329
,378
,331
,367
,324
2026 06 24 15:51:47.195507,366
,350
,360
,356
,336
,375
,329
,371
,330
,377
,321
,360
,334
,355
2026 06 24 15:51:47.257225,339
,339
,370
,330
,366
,323
,371
,322
,369
,332
,362
,331
,357
,360
2026 06 24 15:51:47.317961,350
,376
,342
,375
,328
,377
,332
,374
,335
,360
,350
,354
,357
,341
2026 06 24 15:51:47.384174,371
,329
,374
,330
,375
,336
,362
,340
,357
,356
,349
,372
,342
,366
2026 06 24 15:51:47.445227,325
,370
,327
,373
,330
,371
,338
,349
,360
,340
,359
,328
,372
,326
2026 06 24 15:51:47.510412,363
,332
,372
,342
,366
,358
,355
,361
,333
,378
,334
,381
,333
,379
2026 06 24 15:51:47.572612,332
,361
,339
,355
,345
,335
,366
,337
,382
,333
,381
,335
,382
,338
2026 06 24 15:51:47.633512,364
,350
,360
,367
,344
,370
,318
,373
,321
,369
,323
,358
,326
,359
2026 06 24 15:51:47.698994,352
,350
,360
,329
,358
,336
,373
,331
,381
,334
,371
,340
,366
,365
2026 06 24 15:51:47.760947,344
,367
,333
,370
,322
,381
,329
,363
,336
,358
,335
,348
,355
,348
2026 06 24 15:51:47.826059,371
,327
,382
,329
,376
,328
,367
,334
,350
,352
,351
,359
,326
,377
2026 06 24 15:51:47.887727,327
,374
,325
,374
,325
,362
,345
,354
,349
,332
,369
,334
,372
,328
2026 06 24 15:51:47.948798,378
,332
,370
,343
,371
,346
,349
,367
,339
,358
,332
,388
,331
,367
2026 06 24 15:51:48.014877,329
,365
,332
,347
,354
,343
,361
,327
,381
,341
,379
,329
,376
,333
2026 06 24 15:51:48.075352,358
,344
,358
,358
,330
,359
,329
,372
,321
,370
,326
,362
,333
,355
2026 06 24 15:51:48.141661,336
,343
,353
,333
,373
,332
,377
,335
,373
,327
,375
,338
,346
,349
2026 06 24 15:51:48.203212,340
,363
,336
,375
,338
,379
,327
,371
,325
,347
,339
,353
,354
,329
2026 06 24 15:51:48.263787,384
,340
,383
,330
,376
,336
,358
,329
,348
,350
,341
,368
,343
,369
2026 06 24 15:51:48.329232,323
,375
,317
,366
,326
,357
,330
,339
,343
,336
,357
,325
,370
,328
2026 06 24 15:51:48.391112,374
,326
,371
,333
,349
,336
,337
,339
,328
,370
,329
,365
,314
,368
2026 06 24 15:51:48.457103,323
,347
,331
,356
,346
,342
,366
,342
,372
,320
,372
,330
,360
,330
2026 06 24 15:51:48.518811,349
,333
,343
,352
,342
,366
,328
,366
,325
,369
,315
,369
,323
,357
2026 06 24 15:51:48.579911,350
,346
,352
,329
,371
,334
,374
,320
,372
,337
,365
,337
,364
,347
2026 06 24 15:51:48.645660,336
,367
,335
,367
,316
,374
,322
,361
,329
,365
,331
,321
,364
,348
2026 06 24 15:51:48.707087,366
,328
,379
,330
,367
,331
,365
,336
,356
,350
,348
,362
,336
,374
2026 06 24 15:51:48.772128,336
,378
,323
,373
,324
,357
,343
,355
,351
,340
,374
,337
,374
,332
2026 06 24 15:51:48.833723,376
,332
,363
,332
,353
,342
,348
,367
,337
,357
,322
,371
,334
,369
2026 06 24 15:51:48.894843,328
,370
,338
,358
,357
,349
,371
,345
,383
,329
,376
,331
,375
,332
2026 06 24 15:51:48.960340,358
,342
,359
,363
,345
,382
,348
,385
,328
,374
,331
,364
,337
,359
2026 06 24 15:51:49.022781,346
,347
,365
,343
,370
,325
,376
,327
,368
,332
,366
,333
,356
,356
2026 06 24 15:51:49.087749,347
,364
,338
,377
,331
,357
,316
,374
,327
,364
,341
,357
,356
,343
2026 06 24 15:51:49.150237,380
,341
,372
,320
,369
,315
,358
,342
,356
,341
,342
,366
,345
,368
2026 06 24 15:51:49.210421,322
,376
,326
,365
,321
,362
,335
,350
,353
,343
,363
,330
,371
,334
2026 06 24 15:51:49.276567,369
,326
,364
,324
,357
,350
,354
,349
,338
,376
,331
,366
,318
,371
2026 06 24 15:51:49.338083,327
,362
,340
,356
,342
,338
,359
,331
,369
,323
,366
,327
,366
,329
2026 06 24 15:51:49.403146,363
,334
,348
,355
,338
,357
,330
,368
,322
,359
,319
,366
,330
,351
2026 06 24 15:51:49.464788,343
,352
,354
,332
,373
,329
,371
,323
,374
,325
,357
,340
,358
,341
2026 06 24 15:51:49.525647,344
,359
,335
,364
,330
,374
,330
,379
,343
,373
,344
,353
,364
,352
2026 06 24 15:51:49.591189,373
,332
,379
,334
,371
,332
,372
,331
,352
,347
,350
,353
,333
,375
2026 06 24 15:51:49.652963,333
,369
,323
,381
,343
,368
,345
,364
,351
,343
,366
,341
,370
,326
2026 06 24 15:51:49.713839,375
,317
,371
,336
,365
,342
,349
,360
,344
,366
,335
,382
,336
,373
2026 06 24 15:51:49.779988,333
,369
,329
,359
,347
,352
,361
,332
,375
,341
,369
,328
,372
,327
2026 06 24 15:51:49.841258,353
,338
,346
,337
,339
,363
,337
,371
,325
,380
,337
,374
,336
,362
2026 06 24 15:51:49.907228,343
,350
,358
,348
,363
,328
,371
,334
,375
,331
,367
,336
,355
,344
2026 06 24 15:51:49.967289,350
,357
,334
,377
,336
,371
,324
,369
,326
,357
,337
,357
,358
,343
2026 06 24 15:51:50.030036,367
,342
,376
,329
,374
,337
,367
,335
,356
,336
,343
,358
,336
,367
2026 06 24 15:51:50.094801,330
,371
,327
,367
,323
,361
,331
,349
,339
,347
,359
,334
,372
,331
2026 06 24 15:51:50.156547,365
,325
,369
,327
,349
,332
,342
,344
,330
,367
,327
,366
,326
,373
2026 06 24 15:51:50.222316,321
,352
,331
,349
,337
,338
,363
,338
,361
,334
,379
,333
,366
,320
2026 06 24 15:51:50.284001,356
,330
,357
,359
,349
,367
,335
,374
,336
,369
,330
,375
,331
,359
2026 06 24 15:51:50.345258,337
,357
,357
,348
,370
,339
,368
,328
,376
,328
,359
,329
,349
,337
2026 06 24 15:51:50.410899,342
,366
,343
,373
,330
,372
,324
,364
,332
,362
,336
,361
,360
,344
2026 06 24 15:51:50.472208,365
,335
,371
,330
,360
,325
,365
,323
,348
,339
,345
,354
,336
,361
2026 06 24 15:51:50.537767,341
,375
,332
,373
,329
,358
,332
,346
,341
,340
,367
,340
,370
,329
2026 06 24 15:51:50.599605,372
,327
,355
,336
,365
,338
,354
,360
,354
,375
,336
,372
,335
,369
2026 06 24 15:51:50.660537,326
,365
,329
,354
,343
,348
,359
,334
,373
,335
,360
,320
,370
,319
2026 06 24 15:51:50.726160,361
,335
,353
,346
,337
,368
,344
,367
,325
,371
,325
,362
,329
,360
2026 06 24 15:51:50.787680,323
,344
,359
,347
,364
,335
,374
,329
,365
,324
,368
,335
,351
,347
2026 06 24 15:51:50.852888,346
,365
,341
,371
,339
,369
,327
,362
,322
,361
,339
,355
,349
,340
2026 06 24 15:51:50.914888,364
,340
,363
,326
,370
,321
,351
,325
,354
,333
,341
,351
,332
,359
2026 06 24 15:51:50.976072,324
,374
,331
,363
,326
,350
,324
,343
,352
,355
,359
,332
,366
,333
2026 06 24 15:51:51.041381,369
,328
,367
,326
,361
,336
,343
,348
,337
,363
,336
,360
,315
,370
2026 06 24 15:51:51.102705,331
,365
,334
,371
,341
,350
,359
,340
,362
,317
,364
,336
,365
,328
2026 06 24 15:51:51.167417,363
,324
,351
,352
,354
,359
,347
,386
,337
,380
,337
,382
,337
,367
2026 06 24 15:51:51.230145,346
,359
,355
,343
,368
,340
,372
,330
,372
,329
,361
,348
,380
,361
2026 06 24 15:51:51.290596,362
,370
,354
,376
,337
,376
,329
,369
,330
,362
,330
,355
,340
,349
2026 06 24 15:51:51.356856,356
,332
,379
,339
,373
,333
,370
,337
,369
,352
,363
,348
,347
,374
2026 06 24 15:51:51.419053,343
,371
,326
,375
,341
,372
,338
,361
,336
,351
,367
,349
,368
,333
2026 06 24 15:51:51.483746,377
,333
,370
,314
,371
,342
,359
,352
,348
,363
,340
,380
,337
,378
2026 06 24 15:51:51.545452,326
,372
,336
,368
,354
,363
,354
,334
,372
,337
,361
,332
,367
,326
2026 06 24 15:51:51.606085,364
,327
,354
,349
,349
,367
,346
,372
,335
,383
,331
,365
,334
,366
2026 06 24 15:51:51.672350,331
,359
,357
,343
,359
,331
,371
,329
,368
,323
,369
,335
,362
,349
2026 06 24 15:51:51.733029,362
,361
,335
,370
,339
,372
,324
,372
,329
,368
,344
,363
,348
,342
2026 06 24 15:51:51.799264,362
,344
,365
,325
,372
,330
,365
,323
,367
,337
,347
,354
,347
,364
2026 06 24 15:51:51.860479,334
,378
,331
,365
,318
,361
,332
,356
,348
,346
,350
,341
,367
,328
2026 06 24 15:51:51.922113,372
,326
,377
,334
,365
,343
,367
,356
,354
,369
,329
,383
,332
,377
2026 06 24 15:51:51.988046,326
,366
,327
,356
,327
,350
,350
,337
,358
,322
,367
,328
,369
,331
2026 06 24 15:51:52.048936,368
,331
,357
,346
,350
,358
,331
,368
,325
,375
,319
,368
,321
,357
2026 06 24 15:51:52.114708,327
,355
,339
,336
,362
,334
,367
,328
,377
,328
,367
,333
,368
,338
2026 06 24 15:51:52.176554,346
,355
,336
,364
,323
,369
,325
,363
,332
,367
,333
,354
,344
,344
2026 06 24 15:51:52.237765,358
,327
,374
,335
,375
,331
,374
,335
,356
,325
,353
,342
,331
,361
2026 06 24 15:51:52.303183,334
,357
,322
,371
,325
,360
,323
,353
,337
,346
,353
,337
,355
,323
2026 06 24 15:51:52.364127,374
,326
,373
,331
,374
,339
,357
,352
,347
,360
,337
,383
,340
,378
2026 06 24 15:51:52.429057,331
,371
,325
,358
,338
,342
,336
,324
,371
,338
,366
,322
,379
,327
2026 06 24 15:51:52.491522,361
,333
,358
,333
,335
,354
,334
,367
,328
,379
,333
,369
,328
,361
2026 06 24 15:51:52.552396,334
,353
,355
,344
,353
,329
,369
,326
,369
,320
,357
,323
,358
,344
2026 06 24 15:51:52.617632,353
,345
,341
,377
,337
,372
,325
,376
,326
,360
,324
,349
,336
,332
2026 06 24 15:51:52.679778,355
,341
,369
,333
,377
,327
,367
,337
,365
,339
,352
,356
,351
,360
2026 06 24 15:51:52.744853,335
,379
,334
,370
,332
,370
,327
,356
,347
,349
,345
,330
,367
,331
2026 06 24 15:51:52.807252,369
,326
,364
,326
,361
,330
,359
,343
,345
,367
,335
,373
,330
,375
2026 06 24 15:51:52.867990,325
,372
,332
,360
,332
,346
,352
,343
,358
,332
,373
,332
,377
,327
2026 06 24 15:51:52.933843,360
,331
,358
,352
,351
,356
,337
,379
,339
,372
,330
,376
,325
,350
2026 06 24 15:51:52.994452,337
,358
,346
,340
,370
,339
,377
,330
,382
,328
,361
,331
,365
,339
2026 06 24 15:51:53.060746,347
,359
,339
,367
,335
,382
,331
,366
,326
,375
,334
,360
,353
,345
2026 06 24 15:51:53.122315,361
,337
,376
,333
,378
,326
,372
,326
,361
,343
,360
,354
,338
,366
2026 06 24 15:51:53.184194,335
,373
,324
,374
,325
,361
,329
,357
,336
,348
,361
,339
,365
,330
2026 06 24 15:51:53.249254,382
,330
,365
,322
,366
,333
,347
,349
,354
,358
,335
,377
,336
,374
2026 06 24 15:51:53.310341,322
,375
,336
,371
,349
,366
,356
,342
,376
,349
,373
,332
,378
,318
2026 06 24 15:51:53.376292,360
,328
,348
,338
,350
,359
,345
,364
,322
,378
,331
,372
,330
,370
2026 06 24 15:51:53.437716,334
,358
,359
,349
,367
,332
,370
,324
,370
,319
,376
,327
,363
,339
2026 06 24 15:51:53.499186,353
,349
,336
,372
,335
,377
,324
,390
,336
,372
,336
,367
,344
,347
2026 06 24 15:51:53.564738,364
,342
,370
,324
,373
,327
,375
,336
,377
,337
,359
,360
,354
,363
2026 06 24 15:51:53.626224,334
,374
,336
,379
,327
,370
,331
,359
,345
,356
,360
,348
,378
,342
2026 06 24 15:51:53.691588,377
,333
,384
,326
,363
,337
,365
,351
,345
,365
,345
,368
,329
,375
2026 06 24 15:51:53.752220,326
,370
,336
,376
,349
,364
,354
,347
,356
,337
,384
,330
,364
,331
2026 06 24 15:51:53.814511,374
,335
,361
,345
,350
,346
,334
,366
,328
,370
,324
,384
,332
,372
2026 06 24 15:51:53.879993,340
,357
,344
,345
,361
,337
,371
,332
,373
,322
,368
,321
,365
,335
2026 06 24 15:51:53.940904,347
,348
,338
,358
,333
,378
,332
,369
,309
,353
,331
,355
,343
,351
2026 06 24 15:51:54.003501,347
,324
,361
,324
,368
,315
,365
,317
,362
,334
,357
,338
,330
,359
2026 06 24 15:51:54.069664,335
,363
,320
,375
,325
,376
,333
,364
,341
,355
,358
,352
,370
,334
2026 06 24 15:51:54.128900,376
,335
,385
,335
,379
,326
,356
,350
,357
,355
,337
,378
,338
,376
2026 06 24 15:51:54.195676,324
,380
,333
,371
,347
,362
,357
,354
,373
,350
,377
,334
,394
,331
2026 06 24 15:51:54.257134,380
,342
,373
,341
,354
,364
,354
,372
,335
,389
,339
,372
,324
,378
2026 06 24 15:51:54.319580,338
,360
,344
,353
,360
,334
,373
,334
,373
,325
,370
,320
,366
,338
2026 06 24 15:51:54.385158,348
,346
,340
,373
,343
,370
,320
,370
,323
,365
,324
,353
,329
,332
2026 06 24 15:51:54.445279,349
,340
,363
,321
,365
,315
,362
,327
,374
,334
,356
,349
,349
,351
2026 06 24 15:51:54.510647,324
,364
,327
,376
,328
,374
,325
,360
,340
,360
,346
,343
,369
,343
2026 06 24 15:51:54.572257,379
,322
,382
,325
,364
,335
,359
,339
,340
,347
,335
,361
,322
,357
2026 06 24 15:51:54.633751,328
,366
,317
,357
,327
,350
,359
,356
,367
,336
,376
,332
,374
,324
2026 06 24 15:51:54.700010,372
,335
,358
,342
,354
,355
,344
,366
,324
,359
,330
,373
,323
,364
2026 06 24 15:51:54.760639,332
,367
,348
,355
,368
,342
,368
,326
,378
,333
,367
,333
,370
,337
2026 06 24 15:51:54.826090,349
,349
,342
,356
,331
,371
,332
,366
,327
,374
,323
,359
,335
,346
2026 06 24 15:51:54.887629,351
,324
,373
,340
,364
,320
,378
,328
,364
,333
,353
,344
,339
,348
2026 06 24 15:51:54.948178,342
,364
,329
,377
,322
,354
,316
,359
,335
,347
,357
,338
,358
,328
2026 06 24 15:51:55.014552,366
,321
,373
,326
,364
,325
,351
,346
,347
,342
,322
,358
,323
,371
2026 06 24 15:51:55.075354,328
,376
,322
,352
,335
,350
,332
,330
,350
,317
,343
,317
,376
,314
2026 06 24 15:51:55.141377,354
,317
,351
,331
,341
,346
,333
,338
,317
,363
,313
,350
,319
,358
2026 06 24 15:51:55.203065,323
,344
,350
,349
,347
,330
,367
,322
,353
,329
,364
,323
,355
,334
2026 06 24 15:51:55.264396,358
,344
,336
,365
,340
,370
,321
,370
,310
,366
,343
,354
,341
,354
2026 06 24 15:51:55.329943,347
,334
,365
,323
,378
,330
,367
,321
,352
,331
,354
,340
,343
,343
2026 06 24 15:51:55.390681,326
,381
,334
,372
,322
,377
,321
,364
,339
,356
,338
,340
,359
,333
2026 06 24 15:51:55.456925,366
,337
,390
,337
,350
,319
,359
,338
,341
,362
,348
,358
,321
,395
2026 06 24 15:51:55.519323,333
,369
,316
,365
,330
,350
,353
,340
,347
,336
,371
,333
,369
,335
2026 06 24 15:51:55.579296,377
,330
,358
,345
,357
,338
,332
,389
,343
,379
,342
,378
,329
,360
2026 06 24 15:51:55.644616,333
,363
,317
,351
,368
,351
,352
,321
,378
,329
,366
,321
,365
,323
2026 06 24 15:51:55.706500,347
,353
,340
,347
,331
,374
,323
,359
,321
,359
,317
,344
,342
,359
2026 06 24 15:51:55.771432,350
,341
,358
,332
,362
,333
,374
,308
,349
,335
,367
,334
,345
,368
2026 06 24 15:51:55.833666,353
,367
,344
,391
,345
,363
,349
,385
,343
,359
,353
,343
,364
,341
2026 06 24 15:51:55.895219,370
,336
,380
,338
,387
,327
,351
,352
,347
,341
,332
,377
,351
,374
2026 06 24 15:51:55.960653,338
,386
,334
,364
,348
,370
,355
,348
,365
,353
,374
,341
,393
,327
2026 06 24 15:51:56.022019,361
,343
,374
,341
,360
,362
,350
,354
,318
,386
,342
,371
,320
,368
2026 06 24 15:51:56.087148,329
,348
,353
,350
,357
,320
,367
,331
,370
,340
,374
,328
,358
,336
2026 06 24 15:51:56.148946,361
,347
,346
,361
,322
,354
,324
,359
,332
,361
,331
,360
,326
,350
2026 06 24 15:51:56.210210,341
,340
,362
,317
,379
,332
,365
,323
,363
,324
,340
,325
,332
,336
2026 06 24 15:51:56.276109,325
,369
,315
,351
,320
,352
,326
,350
,333
,359
,345
,320
,377
,344
2026 06 24 15:51:56.337680,360
,327
,377
,320
,337
,322
,365
,330
,326
,346
,338
,349
,336
,385
2026 06 24 15:51:56.403020,319
,346
,317
,383
,342
,356
,360
,348
,348
,330
,383
,327
,365
,334
2026 06 24 15:51:56.464536,373
,326
,348
,329
,361
,338
,335
,362
,330
,364
,318
,377
,316
,350
2026 06 24 15:51:56.525259,327
,355
,334
,360
,370
,343
,349
,326
,373
,322
,364
,331
,368
,321
2026 06 24 15:51:56.591510,345
,344
,351
,354
,328
,375
,337
,363
,326
,356
,328
,356
,350
,361
2026 06 24 15:51:56.652956,350
,334
,378
,342
,368
,331
,370
,332
,368
,336
,370
,343
,352
,366
2026 06 24 15:51:56.718157,349
,368
,337
,374
,323
,378
,340
,373
,321
,356
,360
,344
,343
,333
2026 06 24 15:51:56.779316,371
,335
,366
,321
,376
,334
,360
,357
,362
,342
,339
,366
,333
,359
2026 06 24 15:51:56.840761,323
,387
,335
,377
,337
,346
,345
,336
,366
,331
,357
,337
,370
,327
2026 06 24 15:51:56.906857,354
,309
,336
,327
,327
,353
,365
,371
,345
,374
,321
,355
,306
,383
2026 06 24 15:51:56.967972,320
,363
,370
,353
,355
,337
,374
,328
,361
,347
,377
,313
,348
,339
2026 06 24 15:51:57.033517,363
,343
,352
,367
,342
,360
,333
,386
,328
,358
,333
,360
,317
,355
2026 06 24 15:51:57.095599,359
,348
,351
,333
,379
,337
,364
,349
,353
,314
,323
,356
,347
,352
2026 06 24 15:51:57.155997,340
,374
,334
,371
,330
,391
,327
,368
,334
,346
,333
,350
,368
,323
2026 06 24 15:51:57.221781,344
,319
,383
,330
,345
,350
,365
,334
,324
,363
,336
,347
,344
,383
2026 06 24 15:51:57.283088,334
,367
,329
,351
,332
,369
,352
,357
,338
,344
,385
,317
,371
,344
2026 06 24 15:51:57.350117,342
,319
,362
,333
,381
,340
,313
,376
,350
,383
,337
,390
,310
,367
2026 06 24 15:51:57.410657,345
,373
,339
,345
,371
,367
,369
,329
,364
,354
,389
,338
,353
,319
2026 06 24 15:51:57.471353,354
,359
,350
,355
,346
,376
,334
,360
,322
,377
,327
,362
,338
,355
2026 06 24 15:51:57.538228,358
,338
,380
,349
,368
,320
,388
,332
,374
,332
,358
,341
,349
,358
2026 06 24 15:51:57.599083,336
,358
,332
,377
,328
,370
,335
,381
,334
,355
,351
,347
,357
,333
2026 06 24 15:51:57.663671,384
,339
,364
,330
,386
,331
,363
,348
,358
,348
,338
,374
,351
,378
2026 06 24 15:51:57.726250,334
,384
,330
,371
,339
,365
,340
,343
,357
,343
,375
,337
,386
,329
2026 06 24 15:51:57.786805,371
,341
,370
,340
,361
,363
,357
,368
,333
,376
,336
,375
,338
,393
2026 06 24 15:51:57.852824,349
,375
,356
,356
,364
,352
,380
,349
,376
,338
,388
,334
,359
,326
2026 06 24 15:51:57.914146,357
,340
,346
,371
,335
,361
,331
,392
,345
,388
,338
,372
,352
,366
2026 06 24 15:51:57.975447,366
,369
,378
,347
,379
,341
,393
,347
,384
,350
,387
,371
,369
,362
2026 06 24 15:51:58.041293,361
,390
,355
,389
,341
,388
,337
,385
,347
,384
,361
,364
,375
,358
2026 06 24 15:51:58.102913,382
,344
,391
,348
,382
,346
,380
,340
,355
,362
,368
,371
,343
,386
2026 06 24 15:51:58.168220,337
,361
,345
,390
,342
,372
,343
,354
,364
,352
,389
,345
,377
,335
2026 06 24 15:51:58.230041,390
,337
,366
,337
,361
,352
,353
,359
,348
,386
,335
,388
,338
,380
2026 06 24 15:51:58.290989,345
,377
,345
,350
,355
,323
,356
,337
,383
,335
,371
,333
,375
,342
2026 06 24 15:51:58.356776,368
,358
,363
,359
,346
,381
,337
,374
,324
,392
,339
,371
,335
,356
2026 06 24 15:51:58.417429,356
,362
,368
,334
,379
,339
,394
,343
,371
,339
,372
,347
,356
,358
2026 06 24 15:51:58.483610,346
,364
,336
,381
,343
,368
,334
,380
,344
,374
,366
,377
,363
,347
2026 06 24 15:51:58.545416,381
,347
,389
,324
,384
,338
,370
,342
,357
,353
,348
,376
,346
,368
2026 06 24 15:51:58.606239,342
,390
,339
,380
,335
,369
,338
,371
,376
,360
,371
,337
,380
,330
2026 06 24 15:51:58.671514,351
,336
,400
,351
,373
,364
,342
,359
,345
,388
,343
,389
,344
,387
2026 06 24 15:51:58.733435,324
,356
,350
,363
,349
,340
,375
,350
,379
,340
,389
,334
,374
,340
2026 06 24 15:51:58.799257,368
,340
,358
,362
,351
,370
,330
,375
,315
,378
,338
,382
,334
,367
2026 06 24 15:51:58.859870,364
,360
,358
,330
,376
,342
,376
,337
,375
,323
,337
,337
,351
,341
2026 06 24 15:51:58.922323,338
,369
,346
,368
,335
,382
,329
,368
,334
,360
,337
,344
,360
,341
2026 06 24 15:51:58.987353,360
,322
,369
,317
,369
,328
,371
,334
,368
,355
,363
,370
,336
,384
2026 06 24 15:51:59.049015,341
,379
,328
,372
,327
,363
,333
,365
,348
,333
,380
,355
,375
,339
2026 06 24 15:51:59.114557,388
,337
,368
,336
,371
,351
,354
,373
,352
,377
,332
,375
,332
,372
2026 06 24 15:51:59.176066,336
,377
,342
,358
,359
,352
,361
,337
,388
,339
,374
,326
,378
,324
2026 06 24 15:51:59.236672,363
,342
,352
,347
,347
,378
,346
,377
,332
,375
,330
,362
,331
,354
2026 06 24 15:51:59.303324,337
,337
,360
,333
,354
,328
,384
,322
,375
,332
,363
,333
,356
,357
2026 06 24 15:51:59.363604,353
,365
,335
,376
,338
,376
,326
,366
,325
,355
,353
,358
,361
,341
2026 06 24 15:51:59.430067,384
,356
,395
,340
,386
,338
,381
,347
,368
,351
,339
,364
,343
,374
2026 06 24 15:51:59.491443,332
,375
,335
,372
,340
,369
,346
,354
,349
,349
,384
,332
,381
,342
2026 06 24 15:51:59.553717,370
,332
,376
,325
,355
,328
,345
,345
,340
,375
,332
,374
,327
,384
2026 06 24 15:51:59.620168,328
,368
,338
,369
,337
,342
,363
,333
,356
,325
,370
,316
,357
,337
2026 06 24 15:51:59.679582,369
,338
,360
,365
,347
,369
,341
,387
,339
,377
,334
,377
,330
,356
2026 06 24 15:51:59.745227,338
,343
,351
,338
,362
,328
,368
,315
,369
,334
,362
,342
,368
,345
2026 06 24 15:51:59.806789,348
,374
,344
,364
,320
,377
,327
,363
,332
,365
,336
,345
,358
,351
2026 06 24 15:51:59.867954,366
,334
,371
,320
,377
,328
,378
,337
,351
,339
,354
,356
,336
,372
2026 06 24 15:51:59.933303,337
,368
,325
,374
,326
,363
,340
,366
,350
,350
,363
,342
,371
,319
2026 06 24 15:51:59.995197,365
,329
,359
,325
,345
,333
,358
,359
,354
,368
,337
,385
,337
,374
2026 06 24 15:52:00.060512,336
,376
,327
,356
,343
,354
,353
,328
,368
,324
,357
,324
,371
,316
2026 06 24 15:52:00.122311,360
,334
,353
,353
,352
,373
,345
,367
,328
,368
,318
,377
,336
,371
2026 06 24 15:52:00.182928,340
,346
,359
,332
,354
,337
,386
,338
,379
,340
,379
,337
,354
,347
2026 06 24 15:52:00.248951,346
,355
,328
,370
,343
,374
,324
,379
,333
,359
,340
,353
,352
,341
2026 06 24 15:52:00.310403,355
,335
,371
,323
,376
,310
,361
,338
,369
,340
,344
,359
,339
,346
2026 06 24 15:52:00.375975,326
,384
,330
,372
,330
,370
,330
,356
,353
,347
,360
,329
,379
,339
2026 06 24 15:52:00.437706,377
,331
,371
,329
,353
,338
,352
,350
,338
,369
,330
,369
,329
,372
2026 06 24 15:52:00.499022,328
,368
,332
,367
,346
,353
,360
,347
,367
,323
,383
,332
,378
,339
2026 06 24 15:52:00.564509,366
,332
,349
,350
,353
,356
,329
,378
,334
,372
,327
,369
,321
,352
2026 06 24 15:52:00.626138,340
,358
,353
,340
,371
,336
,366
,319
,383
,319
,350
,326
,352
,343
2026 06 24 15:52:00.691363,347
,358
,338
,365
,334
,376
,326
,374
,333
,365
,330
,350
,351
,337
2026 06 24 15:52:00.753210,350
,325
,373
,334
,375
,331
,365
,327
,355
,341
,351
,359
,346
,373
2026 06 24 15:52:00.813573,329
,373
,326
,377
,321
,348
,338
,353
,342
,339
,361
,342
,369
,328
2026 06 24 15:52:00.879847,371
,330
,370
,336
,367
,338
,347
,351
,334
,351
,331
,374
,331
,363
2026 06 24 15:52:00.941516,324
,365
,328
,348
,350
,352
,349
,336
,374
,328
,364
,317
,371
,303
2026 06 24 15:52:01.006534,346
,335
,356
,349
,339
,363
,325
,359
,326
,377
,324
,371
,330
,366
2026 06 24 15:52:01.067772,323
,337
,345
,334
,351
,309
,375
,330
,355
,312
,363
,326
,336
,353
2026 06 24 15:52:01.129031,350
,353
,348
,368
,324
,354
,319
,362
,309
,345
,324
,349
,338
,326
2026 06 24 15:52:01.195492,359
,332
,365
,337
,383
,336
,363
,332
,354
,321
,331
,346
,337
,350
2026 06 24 15:52:01.257392,317
,364
,328
,369
,327
,364
,343
,362
,351
,351
,345
,329
,376
,327
2026 06 24 15:52:01.321324,364
,324
,373
,330
,356
,344
,350
,345
,337
,371
,341
,379
,326
,381
2026 06 24 15:52:01.383336,329
,366
,331
,360
,336
,336
,355
,343
,361
,323
,376
,338
,372
,333
2026 06 24 15:52:01.444441,370
,342
,354
,348
,342
,348
,332
,377
,329
,362
,328
,373
,324
,349
2026 06 24 15:52:01.510058,343
,358
,358
,340
,366
,337
,367
,327
,366
,325
,360
,330
,361
,338
2026 06 24 15:52:01.571468,336
,358
,341
,357
,314
,381
,339
,365
,341
,373
,328
,349
,365
,357
2026 06 24 15:52:01.637190,358
,333
,369
,324
,364
,326
,366
,329
,356
,348
,348
,349
,341
,371
2026 06 24 15:52:01.698304,327
,357
,333
,383
,328
,356
,345
,368
,339
,342
,359
,338
,358
,333
2026 06 24 15:52:01.760309,381
,330
,374
,336
,377
,339
,356
,361
,342
,358
,331
,366
,308
,361
2026 06 24 15:52:01.826292,330
,364
,333
,360
,347
,351
,350
,340
,371
,337
,373
,330
,368
,322
2026 06 24 15:52:01.887671,348
,337
,351
,334
,335
,368
,339
,361
,310
,370
,330
,361
,335
,367
2026 06 24 15:52:01.952166,345
,348
,358
,346
,358
,325
,362
,321
,370
,330
,362
,320
,352
,355
2026 06 24 15:52:02.014441,345
,354
,341
,356
,329
,364
,325
,366
,317
,346
,331
,349
,332
,345
2026 06 24 15:52:02.076324,360
,347
,364
,333
,379
,336
,360
,330
,360
,341
,340
,346
,333
,350
2026 06 24 15:52:02.141453,322
,364
,320
,351
,313
,361
,337
,358
,345
,351
,351
,333
,374
,332
2026 06 24 15:52:02.202018,360
,324
,377
,325
,345
,331
,352
,335
,332
,360
,340
,367
,334
,374
2026 06 24 15:52:02.263771,328
,356
,333
,361
,329
,349
,356
,337
,352
,325
,369
,325
,350
,328
2026 06 24 15:52:02.330060,365
,327
,350
,345
,339
,343
,333
,366
,333
,369
,328
,371
,324
,358
2026 06 24 15:52:02.391100,337
,352
,331
,336
,362
,329
,357
,328
,365
,325
,359
,334
,364
,332
2026 06 24 15:52:02.457298,338
,351
,333
,354
,329
,366
,323
,366
,326
,362
,327
,356
,341
,346
2026 06 24 15:52:02.517719,342
,321
,366
,324
,358
,312
,351
,314
,348
,331
,338
,329
,336
,356
2026 06 24 15:52:02.578915,326
,349
,314
,363
,319
,355
,323
,354
,330
,342
,355
,336
,350
,321
2026 06 24 15:52:02.645220,367
,319
,367
,332
,368
,331
,344
,341
,347
,362
,337
,377
,340
,376
2026 06 24 15:52:02.706492,330
,377
,330
,357
,335
,344
,342
,337
,361
,329
,362
,330
,376
,328
2026 06 24 15:52:02.771860,363
,334
,362
,341
,348
,363
,345
,359
,334
,390
,337
,369
,328
,368
2026 06 24 15:52:02.833063,337
,355
,356
,344
,355
,326
,375
,330
,363
,321
,379
,330
,358
,339
2026 06 24 15:52:02.894486,358
,343
,338
,367
,331
,360
,325
,373
,320
,358
,330
,349
,325
,336
2026 06 24 15:52:02.960590,364
,338
,353
,322
,370
,317
,352
,319
,365
,326
,339
,336
,350
,345
2026 06 24 15:52:03.022457,326
,361
,317
,365
,325
,369
,319
,346
,329
,343
,344
,331
,357
,323
2026 06 24 15:52:03.088065,360
,320
,370
,322
,366
,332
,351
,327
,342
,363
,336
,370
,325
,379
2026 06 24 15:52:03.149094,332
,368
,330
,358
,317
,345
,349
,335
,351
,329
,377
,330
,359
,325
2026 06 24 15:52:03.210251,369
,315
,339
,333
,350
,340
,337
,378
,335
,365
,327
,372
,317
,353
2026 06 24 15:52:03.275984,310
,352
,303
,340
,347
,331
,373
,331
,358
,305
,342
,319
,359
,314
2026 06 24 15:52:03.336985,317
,338
,336
,355
,301
,361
,323
,338
,297
,368
,331
,349
,329
,347
2026 06 24 15:52:03.403362,343
,328
,365
,321
,345
,317
,381
,340
,350
,311
,365
,357
,342
,372
2026 06 24 15:52:03.465006,353
,374
,322
,366
,321
,364
,321
,370
,318
,342
,364
,351
,334
,321
2026 06 24 15:52:03.525524,380
,358
,387
,335
,360
,322
,345
,349
,348
,353
,325
,370
,322
,359
2026 06 24 15:52:03.591353,316
,356
,319
,349
,329
,318
,298
,349
,365
,318
,355
,323
,374
,323
2026 06 24 15:52:03.653605,365
,332
,362
,329
,340
,350
,332
,353
,338
,370
,317
,375
,331
,376
2026 06 24 15:52:03.719161,326
,358
,353
,353
,355
,341
,381
,332
,352
,332
,381
,326
,354
,342
2026 06 24 15:52:03.780025,368
,352
,345
,369
,353
,375
,334
,384
,331
,373
,338
,374
,351
,361
2026 06 24 15:52:03.841131,379
,366
,379
,346
,389
,337
,378
,344
,373
,337
,370
,351
,349
,348
2026 06 24 15:52:03.906286,359
,404
,351
,384
,343
,396
,343
,371
,355
,375
,358
,354
,386
,355
2026 06 24 15:52:03.967987,384
,338
,392
,343
,386
,350
,376
,347
,363
,376
,363
,384
,354
,387
2026 06 24 15:52:04.032968,338
,388
,346
,392
,350
,376
,364
,364
,362
,347
,388
,358
,389
,355
2026 06 24 15:52:04.095189,401
,341
,378
,349
,369
,353
,355
,380
,348
,379
,345
,391
,337
,378
2026 06 24 15:52:04.156376,346
,379
,340
,350
,369
,355
,369
,339
,384
,326
,377
,344
,384
,341
2026 06 24 15:52:04.222066,370
,364
,358
,358
,344
,383
,335
,373
,330
,378
,326
,374
,355
,354
2026 06 24 15:52:04.283305,343
,355
,377
,340
,376
,337
,375
,327
,365
,319
,328
,324
,357
,362
2026 06 24 15:52:04.349117,324
,376
,351
,388
,341
,382
,330
,367
,330
,347
,340
,343
,344
,325
2026 06 24 15:52:04.410439,374
,328
,369
,332
,369
,323
,360
,331
,349
,339
,327
,356
,317
,356
2026 06 24 15:52:04.471749,323
,377
,309
,355
,327
,355
,336
,347
,366
,346
,358
,301
,373
,323
2026 06 24 15:52:04.536848,378
,336
,360
,329
,366
,348
,334
,324
,295
,390
,352
,355
,294
,372
2026 06 24 15:52:04.599081,335
,354
,342
,360
,357
,338
,352
,326
,368
,318
,367
,323
,348
,312
2026 06 24 15:52:04.664567,345
,335
,343
,343
,339
,358
,309
,359
,318
,336
,300
,354
,326
,332
2026 06 24 15:52:04.726107,320
,337
,338
,290
,357
,334
,361
,292
,338
,326
,341
,327
,327
,337
2026 06 24 15:52:04.787097,331
,352
,322
,363
,323
,376
,345
,363
,309
,342
,332
,334
,341
,330
2026 06 24 15:52:04.853772,336
,310
,353
,320
,367
,311
,349
,326
,327
,321
,341
,353
,302
,333
2026 06 24 15:52:04.914643,330
,370
,302
,339
,323
,355
,321
,339
,353
,324
,356
,322
,361
,311
2026 06 24 15:52:04.980077,360
,321
,361
,311
,335
,318
,311
,328
,307
,357
,297
,349
,307
,363
2026 06 24 15:52:05.041402,296
,345
,336
,337
,331
,331
,352
,310
,362
,325
,367
,294
,350
,328
2026 06 24 15:52:05.102829,340
,294
,347
,349
,333
,357
,318
,382
,315
,365
,325
,361
,314
,362
2026 06 24 15:52:05.170182,354
,336
,350
,335
,366
,318
,371
,309
,357
,321
,358
,342
,351
,345
2026 06 24 15:52:05.229931,348
,372
,304
,350
,331
,376
,324
,350
,339
,344
,318
,353
,361
,338
2026 06 24 15:52:05.295155,360
,329
,376
,328
,371
,332
,360
,319
,352
,344
,337
,341
,331
,371
2026 06 24 15:52:05.356668,302
,377
,340
,374
,312
,361
,335
,349
,359
,352
,364
,317
,357
,337
2026 06 24 15:52:05.417655,374
,312
,357
,326
,319
,335
,313
,363
,349
,383
,340
,384
,334
,376
2026 06 24 15:52:05.483093,339
,352
,328
,344
,350
,338
,354
,335
,364
,310
,371
,327
,363
,326
2026 06 24 15:52:05.545066,368
,344
,364
,359
,349
,368
,323
,373
,335
,378
,308
,371
,338
,355
2026 06 24 15:52:05.610182,338
,356
,370
,329
,362
,323
,375
,319
,386
,346
,373
,335
,367
,371
2026 06 24 15:52:05.671966,325
,368
,340
,375
,329
,375
,330
,366
,313
,367
,354
,335
,362
,345
2026 06 24 15:52:05.733520,376
,335
,377
,342
,363
,334
,382
,345
,352
,341
,339
,356
,314
,378
2026 06 24 15:52:05.799187,329
,361
,324
,378
,323
,349
,315
,341
,355
,335
,366
,336
,393
,310
2026 06 24 15:52:05.860351,382
,314
,381
,344
,364
,349
,353
,353
,343
,368
,323
,377
,317
,354
2026 06 24 15:52:05.925889,317
,372
,345
,358
,353
,343
,375
,315
,387
,348
,388
,320
,370
,323
2026 06 24 15:52:05.988053,344
,341
,379
,365
,313
,380
,339
,368
,316
,373
,343
,370
,344
,366
2026 06 24 15:52:06.047643,344
,335
,346
,357
,385
,332
,379
,336
,383
,314
,370
,341
,357
,332
2026 06 24 15:52:06.114630,335
,357
,325
,377
,329
,373
,331
,368
,322
,346
,349
,365
,366
,324
2026 06 24 15:52:06.175959,351
,337
,370
,318
,375
,316
,373
,345
,358
,338
,333
,357
,316
,371
2026 06 24 15:52:06.237552,324
,386
,329
,372
,330
,368
,335
,337
,344
,343
,370
,319
,379
,328
2026 06 24 15:52:06.302871,376
,328
,365
,331
,350
,343
,348
,352
,342
,380
,336
,385
,332
,383
2026 06 24 15:52:06.363937,335
,378
,347
,353
,350
,339
,366
,345
,379
,330
,386
,330
,376
,325
2026 06 24 15:52:06.429705,361
,343
,364
,362
,349
,376
,346
,383
,329
,379
,337
,380
,336
,359
2026 06 24 15:52:06.490862,350
,358
,365
,334
,372
,333
,368
,328
,384
,326
,371
,348
,364
,363
2026 06 24 15:52:06.553174,352
,372
,339
,384
,327
,376
,321
,375
,333
,381
,348
,351
,352
,342
2026 06 24 15:52:06.619214,361
,341
,389
,338
,387
,331
,366
,348
,370
,356
,356
,365
,335
,375
2026 06 24 15:52:06.679588,334
,384
,327
,395
,347
,380
,356
,364
,353
,352
,367
,340
,380
,331
2026 06 24 15:52:06.745106,388
,332
,379
,338
,373
,346
,354
,350
,353
,377
,331
,387
,338
,386
2026 06 24 15:52:06.806770,328
,365
,343
,367
,349
,356
,372
,342
,383
,339
,394
,337
,387
,335
2026 06 24 15:52:06.868072,387
,344
,366
,362
,345
,371
,348
,378
,335
,386
,335
,380
,329
,352
2026 06 24 15:52:06.932871,349
,360
,373
,356
,391
,322
,383
,344
,386
,338
,368
,344
,361
,345
2026 06 24 15:52:06.994716,347
,372
,329
,388
,337
,378
,328
,392
,342
,370
,344
,365
,358
,355
2026 06 24 15:52:07.060450,373
,346
,381
,334
,380
,335
,369
,333
,362
,350
,363
,366
,351
,374
2026 06 24 15:52:07.122050,325
,380
,333
,375
,331
,371
,329
,371
,363
,359
,370
,339
,369
,322
2026 06 24 15:52:07.183456,368
,317
,377
,326
,375
,356
,357
,354
,338
,372
,336
,377
,325
,385
2026 06 24 15:52:07.247976,337
,376
,341
,361
,354
,349
,362
,340
,377
,327
,380
,331
,369
,328
2026 06 24 15:52:07.310412,365
,343
,353
,349
,351
,377
,331
,380
,338
,387
,328
,384
,347
,368
2026 06 24 15:52:07.375037,346
,352
,365
,344
,370
,333
,384
,331
,375
,328
,366
,336
,359
,349
2026 06 24 15:52:07.436796,348
,368
,342
,374
,333
,372
,337
,378
,331
,369
,346
,350
,353
,339
2026 06 24 15:52:07.498838,368
,326
,376
,333
,370
,333
,376
,332
,355
,349
,352
,362
,340
,373
2026 06 24 15:52:07.564323,335
,377
,328
,381
,333
,367
,336
,359
,354
,345
,361
,341
,372
,328
2026 06 24 15:52:07.625712,374
,323
,375
,332
,373
,355
,346
,338
,349
,372
,332
,386
,331
,377
2026 06 24 15:52:07.691138,327
,372
,340
,352
,344
,349
,354
,320
,368
,327
,383
,323
,376
,343
2026 06 24 15:52:07.752204,372
,342
,356
,349
,332
,358
,340
,376
,323
,379
,343
,376
,335
,357
2026 06 24 15:52:07.814135,336
,345
,355
,350
,369
,323
,372
,330
,382
,333
,375
,344
,356
,348
2026 06 24 15:52:07.879224,354
,364
,336
,382
,342
,395
,329
,366
,324
,363
,338
,355
,353
,346
2026 06 24 15:52:07.941077,374
,346
,378
,331
,378
,326
,372
,332
,362
,341
,344
,363
,341
,378
2026 06 24 15:52:08.006635,333
,381
,335
,377
,324
,365
,337
,357
,354
,357
,368
,346
,382
,335
2026 06 24 15:52:08.068142,383
,334
,373
,333
,364
,347
,354
,354
,348
,370
,333
,377
,320
,384
2026 06 24 15:52:08.130592,333
,374
,336
,370
,352
,347
,364
,342
,381
,339
,389
,338
,385
,328
2026 06 24 15:52:08.195908,370
,333
,348
,350
,351
,365
,328
,377
,342
,380
,330
,377
,331
,366
2026 06 24 15:52:08.256575,345
,345
,353
,341
,376
,344
,381
,321
,374
,336
,371
,329
,360
,347
2026 06 24 15:52:08.322273,344
,358
,348
,381
,338
,389
,342
,380
,329
,369
,337
,346
,348
,352
2026 06 24 15:52:08.383013,368
,335
,376
,325
,369
,331
,383
,339
,363
,347
,358
,370
,349
,379
2026 06 24 15:52:08.445016,350
,376
,332
,380
,332
,361
,330
,359
,340
,346
,366
,344
,374
,323
2026 06 24 15:52:08.510297,384
,334
,377
,329
,368
,340
,363
,360
,351
,373
,336
,368
,325
,376
2026 06 24 15:52:08.572092,320
,381
,336
,359
,338
,347
,351
,337
,372
,342
,376
,332
,385
,339
2026 06 24 15:52:08.637459,369
,337
,370
,346
,357
,368
,343
,371
,324
,367
,331
,372
,322
,372
2026 06 24 15:52:08.698815,345
,358
,352
,337
,367
,336
,373
,339
,371
,331
,372
,338
,362
,334
2026 06 24 15:52:08.761010,355
,359
,339
,367
,343
,374
,327
,374
,326
,362
,337
,357
,343
,343
2026 06 24 15:52:08.825781,363
,342
,371
,326
,383
,341
,375
,330
,372
,336
,342
,352
,347
,369
2026 06 24 15:52:08.887260,337
,376
,331
,381
,322
,371
,330
,356
,345
,357
,358
,326
,374
,348
2026 06 24 15:52:08.952698,373
,326
,373
,322
,354
,336
,357
,345
,354
,372
,342
,367
,328
,377
2026 06 24 15:52:09.014328,326
,380
,335
,374
,345
,359
,358
,353
,365
,327
,377
,336
,370
,330
2026 06 24 15:52:09.075925,375
,335
,355
,345
,352
,359
,347
,376
,340
,384
,328
,382
,344
,376
2026 06 24 15:52:09.143046,347
,365
,357
,353
,374
,347
,379
,331
,381
,336
,381
,344
,372
,349
2026 06 24 15:52:09.202610,355
,356
,343
,376
,349
,397
,343
,378
,333
,383
,345
,365
,341
,357
2026 06 24 15:52:09.267369,366
,336
,383
,345
,389
,342
,389
,342
,374
,350
,362
,357
,345
,376
2026 06 24 15:52:09.329620,349
,380
,324
,382
,331
,376
,336
,370
,353
,353
,365
,347
,379
,339
2026 06 24 15:52:09.390403,388
,334
,374
,329
,371
,340
,366
,360
,361
,373
,337
,372
,332
,373
2026 06 24 15:52:09.456826,329
,378
,338
,370
,351
,366
,360
,344
,366
,342
,373
,326
,373
,330
2026 06 24 15:52:09.517575,377
,334
,365
,352
,352
,358
,340
,367
,332
,380
,333
,383
,339
,379
2026 06 24 15:52:09.582852,346
,358
,354
,346
,359
,335
,377
,337
,377
,325
,372
,326
,368
,344
2026 06 24 15:52:09.645445,356
,356
,340
,373
,328
,375
,327
,376
,328
,362
,320
,359
,342
,344
2026 06 24 15:52:09.706321,356
,336
,367
,321
,375
,324
,377
,320
,360
,337
,348
,355
,357
,373
2026 06 24 15:52:09.771760,337
,382
,335
,368
,327
,369
,323
,359
,337
,352
,350
,333
,372
,334
2026 06 24 15:52:09.833469,366
,316
,370
,318
,365
,335
,358
,339
,344
,368
,342
,370
,325
,385
2026 06 24 15:52:09.898872,333
,365
,316
,365
,338
,349
,352
,344
,370
,330
,374
,329
,382
,335
2026 06 24 15:52:09.960299,383
,338
,364
,349
,350
,349
,331
,370
,330
,374
,321
,366
,316
,360
2026 06 24 15:52:10.021640,337
,356
,345
,332
,356
,332
,367
,322
,371
,320
,367
,323
,363
,334
2026 06 24 15:52:10.087453,345
,349
,341
,365
,326
,369
,330
,373
,322
,366
,332
,357
,336
,350
2026 06 24 15:52:10.147621,354
,333
,363
,340
,388
,332
,388
,335
,369
,334
,355
,347
,341
,364
2026 06 24 15:52:10.210124,339
,369
,324
,378
,330
,377
,330
,369
,346
,356
,358
,351
,370
,336
2026 06 24 15:52:10.275306,379
,343
,390
,330
,373
,338
,360
,345
,352
,366
,335
,362
,335
,383
2026 06 24 15:52:10.337738,322
,382
,328
,368
,340
,364
,358
,343
,371
,344
,381
,325
,380
,330
2026 06 24 15:52:10.402672,373
,324
,363
,341
,343
,352
,340
,373
,329
,378
,334
,378
,323
,365
2026 06 24 15:52:10.464474,337
,358
,357
,357
,367
,332
,374
,335
,379
,319
,366
,326
,356
,328
2026 06 24 15:52:10.525279,351
,347
,340
,361
,334
,372
,322
,372
,327
,366
,329
,362
,342
,352
2026 06 24 15:52:10.591151,360
,341
,368
,323
,375
,331
,376
,325
,372
,340
,359
,347
,350
,356
2026 06 24 15:52:10.653248,330
,370
,334
,379
,327
,368
,325
,362
,333
,348
,339
,330
,364
,336
2026 06 24 15:52:10.717471,371
,325
,381
,327
,369
,318
,359
,342
,347
,359
,344
,365
,332
,380
2026 06 24 15:52:10.780017,332
,372
,320
,365
,328
,350
,345
,336
,348
,325
,374
,325
,373
,317
2026 06 24 15:52:10.840867,369
,325
,362
,338
,353
,347
,343
,365
,342
,370
,329
,378
,329
,356
2026 06 24 15:52:10.906537,330
,360
,339
,343
,351
,342
,370
,327
,380
,332
,373
,333
,373
,336
2026 06 24 15:52:10.969656,363
,355
,352
,361
,334
,367
,322
,370
,318
,372
,328
,359
,339
,350
2026 06 24 15:52:11.032720,354
,342
,370
,336
,371
,330
,388
,335
,374
,333
,372
,348
,350
,357
2026 06 24 15:52:11.095122,344
,376
,329
,380
,331
,372
,327
,370
,333
,363
,353
,350
,368
,336
2026 06 24 15:52:11.155958,373
,328
,387
,338
,384
,337
,363
,337
,355
,353
,342
,363
,333
,377
2026 06 24 15:52:11.222036,332
,384
,336
,371
,332
,355
,339
,352
,365
,346
,386
,339
,382
,329
2026 06 24 15:52:11.284073,373
,335
,376
,337
,355
,355
,347
,366
,331
,377
,333
,378
,321
,368
2026 06 24 15:52:11.348778,321
,362
,340
,352
,353
,343
,372
,336
,380
,321
,378
,320
,353
,326
2026 06 24 15:52:11.409861,357
,339
,339
,357
,338
,365
,321
,374
,321
,369
,320
,356
,329
,345
2026 06 24 15:52:11.471132,350
,346
,361
,330
,365
,325
,368
,322
,366
,321
,351
,338
,349
,351
2026 06 24 15:52:11.536539,332
,366
,333
,369
,315
,376
,330
,372
,330
,364
,344
,344
,362
,340
2026 06 24 15:52:11.597814,366
,321
,368
,322
,373
,323
,355
,337
,348
,349
,339
,358
,325
,378
2026 06 24 15:52:11.664234,329
,371
,323
,373
,327
,363
,347
,344
,348
,324
,357
,330
,367
,321
2026 06 24 15:52:11.725786,367
,319
,363
,323
,349
,342
,344
,360
,337
,379
,325
,378
,325
,378
2026 06 24 15:52:11.787147,332
,364
,327
,343
,353
,338
,360
,330
,382
,328
,374
,329
,370
,328
2026 06 24 15:52:11.852603,354
,349
,355
,362
,339
,381
,336
,378
,328
,369
,315
,354
,333
,354
2026 06 24 15:52:11.913590,347
,340
,360
,334
,366
,320
,364
,317
,363
,332
,367
,339
,353
,358
2026 06 24 15:52:11.979678,342
,367
,332
,386
,327
,366
,319
,371
,324
,349
,344
,354
,360
,323
2026 06 24 15:52:12.041237,373
,336
,378
,325
,381
,331
,357
,324
,366
,346
,341
,368
,334
,370
2026 06 24 15:52:12.102438,326
,378
,327
,360
,337
,368
,337
,345
,346
,336
,367
,319
,381
,317
2026 06 24 15:52:12.168042,367
,320
,369
,329
,348
,336
,358
,359
,330
,376
,332
,366
,316
,377
2026 06 24 15:52:12.228969,320
,361
,338
,357
,336
,342
,366
,338
,377
,323
,376
,325
,368
,325
2026 06 24 15:52:12.294976,360
,341
,340
,352
,340
,365
,327
,382
,331
,374
,322
,367
,332
,349
2026 06 24 15:52:12.356503,355
,356
,372
,331
,368
,328
,370
,325
,373
,323
,358
,334
,357
,345
2026 06 24 15:52:12.417800,344
,368
,329
,363
,328
,378
,332
,371
,335
,371
,343
,351
,363
,336
2026 06 24 15:52:12.483406,369
,331
,375
,325
,362
,310
,366
,336
,351
,345
,351
,362
,331
,374
2026 06 24 15:52:12.544172,321
,380
,333
,382
,332
,363
,346
,363
,344
,339
,375
,337
,380
,317
2026 06 24 15:52:12.610148,377
,325
,366
,332
,353
,327
,333
,345
,345
,371
,335
,391
,328
,380
2026 06 24 15:52:12.671793,327
,376
,339
,354
,355
,343
,361
,328
,373
,336
,377
,317
,373
,335
2026 06 24 15:52:12.733433,365
,343
,362
,341
,348
,380
,332
,384
,326
,385
,329
,364
,331
,349
2026 06 24 15:52:12.797881,341
,335
,364
,342
,366
,321
,378
,329
,370
,329
,376
,339
,354
,352
2026 06 24 15:52:12.860282,355
,363
,328
,384
,330
,372
,331
,380
,328
,359
,340
,350
,353
,338
2026 06 24 15:52:12.925716,367
,338
,380
,329
,379
,328
,369
,343
,365
,339
,339
,366
,334
,367
2026 06 24 15:52:12.987340,326
,379
,325
,370
,327
,367
,331
,352
,353
,341
,351
,331
,383
,324
2026 06 24 15:52:13.048189,368
,311
,374
,321
,356
,336
,341
,325
,327
,371
,326
,370
,318
,377
2026 06 24 15:52:13.114192,314
,351
,316
,351
,332
,337
,359
,328
,363
,321
,379
,322
,375
,321
2026 06 24 15:52:13.176170,360
,327
,345
,353
,346
,359
,323
,380
,332
,373
,328
,386
,335
,349
2026 06 24 15:52:13.241126,341
,354
,353
,333
,369
,335
,378
,324
,370
,317
,357
,333
,362
,342
2026 06 24 15:52:13.302468,343
,372
,345
,365
,324
,372
,316
,371
,323
,372
,343
,360
,357
,351
2026 06 24 15:52:13.363723,370
,328
,382
,334
,377
,320
,374
,327
,352
,344
,347
,353
,328
,361
2026 06 24 15:52:13.429722,326
,369
,314
,380
,315
,367
,331
,359
,349
,348
,364
,344
,366
,331
2026 06 24 15:52:13.490533,384
,324
,367
,333
,372
,340
,352
,357
,347
,364
,328
,373
,327
,381
2026 06 24 15:52:13.552310,328
,377
,328
,361
,343
,345
,346
,317
,367
,329
,367
,318
,356
,323
2026 06 24 15:52:13.617969,357
,329
,359
,346
,332
,357
,340
,364
,329
,381
,319
,360
,328
,355
2026 06 24 15:52:13.679268,333
,342
,355
,336
,349
,318
,372
,326
,362
,322
,364
,323
,349
,351
2026 06 24 15:52:13.744927,351
,356
,328
,373
,327
,371
,323
,376
,327
,366
,344
,356
,336
,335
2026 06 24 15:52:13.806604,368
,335
,378
,323
,376
,317
,366
,334
,366
,336
,343
,358
,345
,362
2026 06 24 15:52:13.867738,320
,378
,329
,366
,319
,363
,330
,348
,348
,344
,352
,331
,371
,328
2026 06 24 15:52:13.932804,373
,328
,381
,328
,361
,344
,355
,347
,336
,366
,340
,376
,328
,375
2026 06 24 15:52:13.994639,328
,370
,332
,346
,348
,352
,367
,350
,370
,335
,381
,336
,378
,335
2026 06 24 15:52:14.060307,377
,337
,352
,355
,351
,368
,342
,374
,325
,376
,330
,383
,330
,364
2026 06 24 15:52:14.121953,343
,355
,348
,342
,377
,324
,368
,328
,377
,330
,367
,342
,365
,347
2026 06 24 15:52:14.182983,348
,371
,354
,365
,327
,383
,332
,377
,344
,380
,346
,363
,368
,361
2026 06 24 15:52:14.249211,379
,344
,384
,346
,388
,329
,392
,339
,368
,355
,364
,359
,345
,382
2026 06 24 15:52:14.309485,343
,381
,331
,386
,335
,372
,347
,365
,348
,351
,372
,337
,363
,329
2026 06 24 15:52:14.375353,377
,336
,378
,337
,379
,342
,353
,364
,349
,365
,334
,380
,335
,371
2026 06 24 15:52:14.437242,331
,376
,332
,364
,352
,358
,354
,340
,378
,342
,379
,326
,378
,338
2026 06 24 15:52:14.498248,376
,344
,357
,347
,347
,368
,344
,378
,335
,396
,335
,379
,333
,357
2026 06 24 15:52:14.564169,340
,355
,360
,351
,374
,342
,383
,332
,375
,336
,369
,335
,364
,354
2026 06 24 15:52:14.625305,352
,356
,344
,383
,343
,372
,320
,378
,333
,370
,347
,364
,351
,349
2026 06 24 15:52:14.691126,375
,334
,366
,329
,381
,329
,370
,334
,358
,344
,352
,356
,343
,365
2026 06 24 15:52:14.752300,328
,384
,333
,374
,329
,369
,336
,361
,348
,347
,361
,330
,370
,335
2026 06 24 15:52:14.813504,371
,326
,372
,333
,363
,342
,351
,350
,345
,374
,337
,374
,328
,373
2026 06 24 15:52:14.879586,336
,372
,332
,361
,338
,343
,356
,338
,367
,325
,376
,332
,376
,334
2026 06 24 15:52:14.940346,375
,338
,359
,355
,348
,358
,337
,376
,336
,370
,326
,371
,333
,359
2026 06 24 15:52:15.006334,339
,353
,342
,336
,371
,345
,371
,329
,378
,330
,368
,340
,361
,333
2026 06 24 15:52:15.068038,344
,360
,340
,364
,328
,380
,328
,369
,326
,363
,321
,343
,354
,354
2026 06 24 15:52:15.129336,358
,339
,384
,337
,375
,330
,377
,330
,359
,339
,351
,346
,338
,369
2026 06 24 15:52:15.194803,336
,366
,321
,375
,322
,363
,328
,364
,343
,346
,364
,353
,372
,332
2026 06 24 15:52:15.256026,384
,342
,374
,323
,366
,333
,352
,355
,342
,356
,331
,371
,327
,368
2026 06 24 15:52:15.321456,325
,370
,326
,354
,336
,356
,348
,333
,373
,337
,366
,324
,370
,322
2026 06 24 15:52:15.383497,363
,333
,365
,345
,341
,354
,345
,370
,339
,378
,333
,377
,340
,380
2026 06 24 15:52:15.444434,339
,363
,358
,347
,352
,326
,363
,335
,376
,330
,375
,328
,354
,337
2026 06 24 15:52:15.509808,348
,341
,337
,358
,334
,368
,325
,379
,332
,368
,332
,359
,338
,341
2026 06 24 15:52:15.571467,356
,339
,365
,328
,370
,326
,363
,328
,360
,316
,346
,349
,342
,356
2026 06 24 15:52:15.637284,332
,373
,334
,374
,324
,366
,326
,352
,339
,348
,346
,344
,370
,335
2026 06 24 15:52:15.697909,365
,322
,368
,320
,361
,331
,353
,340
,345
,365
,346
,364
,321
,381
2026 06 24 15:52:15.760148,325
,362
,322
,365
,330
,348
,352
,341
,357
,333
,375
,332
,378
,328
2026 06 24 15:52:15.825634,367
,327
,366
,343
,359
,351
,342
,370
,335
,372
,325
,373
,323
,362
2026 06 24 15:52:15.886992,340
,356
,333
,341
,365
,345
,373
,333
,376
,334
,369
,327
,363
,330
2026 06 24 15:52:15.952317,348
,355
,353
,362
,337
,379
,339
,376
,321
,367
,329
,358
,346
,355
2026 06 24 15:52:16.014088,355
,343
,369
,328
,371
,324
,366
,324
,360
,330
,351
,336
,346
,368
2026 06 24 15:52:16.075638,346
,370
,333
,377
,328
,365
,336
,374
,337
,350
,353
,343
,359
,333
2026 06 24 15:52:16.140429,373
,327
,372
,330
,372
,329
,359
,349
,355
,355
,339
,376
,335
,364
2026 06 24 15:52:16.202409,333
,383
,336
,371
,347
,368
,352
,341
,369
,344
,366
,331
,379
,325
2026 06 24 15:52:16.268147,370
,338
,370
,343
,354
,359
,343
,362
,328
,376
,326
,377
,334
,371
2026 06 24 15:52:16.329619,333
,354
,342
,341
,349
,332
,374
,337
,377
,325
,375
,331
,361
,335
2026 06 24 15:52:16.390843,356
,342
,343
,367
,345
,377
,333
,379
,331
,370
,336
,364
,332
,345
2026 06 24 15:52:16.456076,358
,352
,381
,338
,386
,335
,366
,326
,369
,334
,360
,354
,357
,361
2026 06 24 15:52:16.517555,340
,379
,341
,376
,331
,374
,318
,360
,343
,354
,346
,341
,370
,339
2026 06 24 15:52:16.583228,373
,327
,372
,326
,364
,328
,360
,335
,354
,359
,343
,368
,331
,377
2026 06 24 15:52:16.645048,328
,379
,335
,372
,331
,350
,352
,348
,345
,341
,381
,330
,371
,328
2026 06 24 15:52:16.707169,375
,330
,368
,348
,358
,353
,344
,372
,339
,371
,330
,381
,327
,370
2026 06 24 15:52:16.772399,338
,362
,332
,343
,355
,343
,367
,330
,380
,333
,376
,332
,374
,335
2026 06 24 15:52:16.833541,355
,354
,345
,351
,327
,375
,332
,371
,329
,372
,324
,358
,333
,345
2026 06 24 15:52:16.898881,343
,340
,374
,334
,378
,334
,381
,327
,359
,330
,362
,336
,346
,362
2026 06 24 15:52:16.959990,349
,370
,332
,382
,330
,370
,329
,366
,326
,354
,340
,353
,369
,349
2026 06 24 15:52:17.021116,388
,336
,379
,336
,382
,332
,363
,345
,359
,349
,341
,377
,343
,376
2026 06 24 15:52:17.087073,330
,380
,325
,366
,329
,365
,339
,350
,366
,350
,373
,330
,374
,323
2026 06 24 15:52:17.148553,372
,329
,366
,330
,358
,351
,354
,357
,332
,373
,331
,370
,322
,369
2026 06 24 15:52:17.214109,320
,360
,347
,356
,350
,343
,371
,339
,374
,328
,381
,326
,374
,342
2026 06 24 15:52:17.275587,370
,338
,347
,363
,349
,367
,335
,385
,331
,373
,326
,360
,337
,362
2026 06 24 15:52:17.336447,353
,354
,362
,337
,383
,335
,379
,332
,384
,333
,368
,346
,358
,345
2026 06 24 15:52:17.401976,337
,371
,342
,382
,333
,389
,334
,375
,341
,368
,339
,345
,365
,345
2026 06 24 15:52:17.464065,369
,328
,381
,327
,373
,332
,367
,333
,359
,357
,350
,354
,337
,384
2026 06 24 15:52:17.525219,330
,374
,325
,374
,324
,348
,337
,351
,344
,338
,374
,336
,369
,319
2026 06 24 15:52:17.591036,373
,318
,361
,329
,357
,338
,342
,366
,344
,373
,323
,380
,322
,361
2026 06 24 15:52:17.651784,319
,359
,318
,347
,358
,352
,360
,333
,374
,321
,361
,326
,382
,327
2026 06 24 15:52:17.717293,360
,345
,354
,349
,338
,373
,337
,379
,328
,380
,324
,366
,338
,368
2026 06 24 15:52:17.779898,341
,345
,361
,339
,366
,325
,384
,326
,371
,327
,364
,332
,354
,358
2026 06 24 15:52:17.840272,348
,360
,325
,376
,329
,381
,325
,369
,323
,358
,345
,351
,348
,338
2026 06 24 15:52:17.906525,379
,339
,369
,332
,386
,332
,375
,337
,357
,338
,346
,363
,337
,369
2026 06 24 15:52:17.967678,328
,390
,336
,376
,333
,362
,333
,350
,354
,350
,363
,337
,386
,331
2026 06 24 15:52:18.033439,378
,336
,379
,330
,364
,351
,361
,352
,334
,371
,328
,369
,326
,376
2026 06 24 15:52:18.094819,319
,362
,338
,359
,340
,340
,356
,325
,368
,327
,381
,328
,372
,334
2026 06 24 15:52:18.156060,371
,336
,348
,357
,346
,358
,328
,386
,331
,379
,330
,375
,326
,349
2026 06 24 15:52:18.221177,343
,354
,356
,337
,376
,337
,375
,327
,375
,326
,363
,337
,356
,339
2026 06 24 15:52:18.282819,340
,367
,340
,368
,326
,382
,326
,364
,328
,367
,341
,350
,352
,338
2026 06 24 15:52:18.348886,361
,331
,382
,329
,375
,331
,373
,331
,356
,337
,347
,359
,331
,380
2026 06 24 15:52:18.409862,343
,382
,337
,388
,335
,367
,343
,364
,348
,344
,371
,337
,374
,329
2026 06 24 15:52:18.471715,378
,323
,363
,335
,361
,334
,343
,354
,338
,367
,332
,377
,331
,375
2026 06 24 15:52:18.537455,326
,378
,332
,349
,341
,338
,352
,329
,366
,325
,367
,318
,368
,316
2026 06 24 15:52:18.597638,351
,345
,357
,349
,339
,371
,341
,370
,321
,379
,321
,364
,330
,362
2026 06 24 15:52:18.664045,336
,339
,356
,351
,367
,332
,375
,322
,359
,330
,369
,328
,353
,350
2026 06 24 15:52:18.725777,352
,359
,335
,383
,333
,370
,324
,376
,325
,354
,341
,356
,350
,339
2026 06 24 15:52:18.787121,370
,334
,369
,322
,368
,321
,366
,331
,354
,329
,349
,360
,336
,364
2026 06 24 15:52:18.852659,323
,382
,324
,362
,328
,362
,325
,352
,351
,344
,352
,323
,372
,323
2026 06 24 15:52:18.913347,363
,322
,360
,300
,339
,338
,345
,338
,328
,357
,322
,362
,320
,374
2026 06 24 15:52:18.979415,317
,352
,328
,361
,338
,342
,366
,335
,365
,329
,377
,323
,367
,328
2026 06 24 15:52:19.040929,367
,330
,353
,354
,343
,359
,338
,385
,335
,378
,324
,384
,333
,361
2026 06 24 15:52:19.101707,345
,352
,335
,334
,373
,330
,367
,318
,374
,322
,360
,330
,356
,332
2026 06 24 15:52:19.167842,331
,354
,339
,368
,326
,374
,328
,373
,336
,367
,330
,346
,349
,341
2026 06 24 15:52:19.229122,354
,330
,378
,330
,378
,324
,375
,323
,355
,337
,344
,352
,334
,368
2026 06 24 15:52:19.294884,336
,370
,325
,378
,328
,367
,338
,368
,339
,344
,365
,349
,372
,330
2026 06 24 15:52:19.356457,391
,332
,373
,324
,369
,332
,350
,357
,351
,362
,328
,377
,334
,371
2026 06 24 15:52:19.417411,328
,375
,330
,354
,339
,348
,347
,340
,369
,338
,372
,325
,380
,323
2026 06 24 15:52:19.483160,367
,343
,352
,340
,346
,369
,343
,374
,331
,384
,316
,362
,326
,367
2026 06 24 15:52:19.544390,335
,352
,355
,339
,362
,328
,378
,327
,364
,320
,376
,326
,352
,343
2026 06 24 15:52:19.610245,357
,357
,333
,371
,330
,375
,319
,380
,323
,364
,337
,359
,346
,339
2026 06 24 15:52:19.671273,359
,324
,360
,326
,375
,321
,373
,325
,364
,324
,336
,344
,336
,362
2026 06 24 15:52:19.732608,327
,372
,318
,370
,324
,372
,326
,361
,344
,347
,346
,334
,370
,328
2026 06 24 15:52:19.799059,373
,330
,380
,326
,358
,334
,358
,337
,342
,358
,342
,377
,329
,377
2026 06 24 15:52:19.859315,326
,371
,322
,361
,331
,346
,355
,342
,362
,329
,377
,327
,364
,317
2026 06 24 15:52:19.925527,375
,323
,344
,340
,345
,349
,330
,373
,326
,368
,317
,372
,317
,357
2026 06 24 15:52:19.988324,331
,355
,345
,336
,368
,328
,365
,323
,375
,323
,365
,313
,364
,336
2026 06 24 15:52:20.047496,350
,352
,340
,361
,324
,373
,322
,372
,319
,374
,329
,361
,350
,351
2026 06 24 15:52:20.114114,344
,330
,378
,331
,369
,315
,367
,316
,348
,328
,348
,339
,340
,371
2026 06 24 15:52:20.174739,336
,367
,324
,381
,321
,367
,329
,367
,333
,347
,357
,353
,360
,329
2026 06 24 15:52:20.240889,373
,319
,368
,328
,371
,326
,358
,349
,344
,357
,333
,383
,339
,373
2026 06 24 15:52:20.302275,331
,387
,328
,361
,330
,358
,346
,335
,372
,340
,378
,329
,381
,314
2026 06 24 15:52:20.363954,367
,330
,360
,328
,348
,364
,345
,362
,323
,388
,333
,374
,324
,379
2026 06 24 15:52:20.429137,323
,351
,340
,351
,353
,334
,375
,325
,375
,323
,376
,324
,352
,336
2026 06 24 15:52:20.490096,358
,348
,337
,372
,341
,362
,319
,375
,318
,366
,326
,360
,325
,349
2026 06 24 15:52:20.556318,354
,340
,369
,325
,381
,327
,365
,325
,370
,330
,354
,340
,344
,342
2026 06 24 15:52:20.617545,325
,379
,326
,360
,322
,377
,322
,361
,340
,360
,337
,339
,371
,334
2026 06 24 15:52:20.678839,366
,317
,378
,320
,372
,333
,357
,334
,345
,349
,334
,356
,320
,373
2026 06 24 15:52:20.744754,320
,370
,332
,373
,333
,357
,357
,347
,363
,335
,378
,331
,369
,324
2026 06 24 15:52:20.806295,379
,321
,361
,339
,356
,346
,341
,367
,337
,367
,320
,378
,320
,361
2026 06 24 15:52:20.871706,330
,349
,341
,351
,361
,339
,369
,335
,389
,325
,369
,323
,369
,321
2026 06 24 15:52:20.935195,351
,347
,348
,353
,331
,371
,321
,375
,337
,377
,315
,350
,348
,368
2026 06 24 15:52:20.994174,354
,337
,379
,347
,382
,331
,373
,332
,373
,341
,368
,340
,348
,369
2026 06 24 15:52:21.059911,342
,361
,329
,380
,327
,368
,331
,367
,329
,362
,351
,344
,361
,328
2026 06 24 15:52:21.121261,374
,333
,381
,333
,375
,323
,360
,343
,360
,341
,333
,374
,337
,369
2026 06 24 15:52:21.187314,323
,381
,321
,365
,338
,359
,339
,349
,366
,338
,363
,330
,379
,323
2026 06 24 15:52:21.247610,373
,339
,376
,329
,340
,348
,351
,360
,334
,371
,336
,374
,333
,386
2026 06 24 15:52:21.309291,327
,364
,350
,371
,350
,339
,378
,334
,371
,326
,383
,333
,369
,331
2026 06 24 15:52:21.375748,352
,349
,355
,371
,353
,369
,327
,379
,340
,380
,342
,373
,319
,340
2026 06 24 15:52:21.437475,349
,363
,370
,347
,395
,346
,373
,329
,378
,337
,365
,347
,365
,359
2026 06 24 15:52:21.502356,338
,373
,345
,373
,334
,331
,273
,364
,352
,384
,351
,360
,380
,350
2026 06 24 15:52:21.564449,368
,332
,379
,328
,370
,333
,364
,330
,361
,374
,372
,369
,331
,373
2026 06 24 15:52:21.625347,329
,378
,336
,382
,329
,358
,350
,370
,355
,335
,368
,344
,385
,338
2026 06 24 15:52:21.690880,382
,320
,372
,361
,391
,349
,352
,383
,351
,349
,329
,396
,343
,361
2026 06 24 15:52:21.752539,323
,391
,352
,354
,365
,359
,370
,347
,399
,353
,378
,352
,382
,333
2026 06 24 15:52:21.813103,368
,355
,367
,349
,343
,377
,350
,384
,338
,392
,334
,370
,330
,371
2026 06 24 15:52:21.879210,356
,363
,382
,357
,376
,356
,396
,333
,380
,348
,382
,345
,365
,369
2026 06 24 15:52:21.939938,370
,357
,324
,393
,352
,380
,347
,389
,343
,369
,376
,378
,360
,357
2026 06 24 15:52:22.006582,382
,351
,376
,347
,399
,341
,370
,348
,358
,349
,355
,370
,342
,363
2026 06 24 15:52:22.067777,357
,414
,358
,390
,358
,388
,337
,362
,374
,366
,377
,358
,404
,353
2026 06 24 15:52:22.129209,381
,343
,389
,324
,361
,351
,348
,343
,335
,375
,334
,381
,350
,387
2026 06 24 15:52:22.195315,328
,377
,348
,364
,346
,358
,376
,351
,371
,349
,386
,329
,366
,342
2026 06 24 15:52:22.255944,367
,330
,347
,360
,347
,367
,346
,392
,344
,375
,340
,381
,329
,358
2026 06 24 15:52:22.321589,365
,363
,351
,348
,384
,333
,369
,335
,380
,319
,359
,347
,368
,339
2026 06 24 15:52:22.383215,345
,375
,332
,368
,339
,391
,335
,360
,333
,367
,326
,343
,367
,340
2026 06 24 15:52:22.443851,355
,335
,392
,331
,361
,327
,387
,339
,359
,350
,357
,352
,337
,372
2026 06 24 15:52:22.509592,327
,357
,328
,368
,312
,343
,340
,352
,331
,338
,366
,334
,360
,322
2026 06 24 15:52:22.572258,377
,318
,350
,336
,356
,323
,337
,355
,334
,339
,321
,377
,320
,358
2026 06 24 15:52:22.637108,312
,368
,319
,342
,341
,333
,340
,324
,366
,312
,342
,326
,358
,317
2026 06 24 15:52:22.698667,351
,335
,342
,317
,323
,347
,329
,353
,322
,374
,313
,348
,316
,338
2026 06 24 15:52:22.759305,305
,314
,345
,342
,341
,330
,365
,307
,358
,322
,357
,303
,334
,336
2026 06 24 15:52:22.825743,332
,334
,322
,360
,316
,345
,314
,355
,295
,335
,322
,340
,328
,334
2026 06 24 15:52:22.886319,362
,330
,353
,318
,363
,312
,351
,325
,346
,321
,336
,350
,333
,348
2026 06 24 15:52:22.951734,323
,371
,314
,347
,316
,350
,315
,342
,350
,344
,340
,327
,368
,315
2026 06 24 15:52:23.013203,343
,320
,363
,303
,326
,328
,338
,337
,332
,355
,325
,350
,319
,369
2026 06 24 15:52:23.075137,317
,354
,329
,359
,327
,336
,349
,332
,345
,317
,371
,322
,350
,327
2026 06 24 15:52:23.140342,364
,315
,343
,337
,341
,339
,330
,382
,330
,360
,331
,370
,321
,354
2026 06 24 15:52:23.202241,341
,352
,328
,328
,366
,329
,362
,329
,375
,320
,349
,329
,352
,315
2026 06 24 15:52:23.267676,340
,367
,339
,355
,327
,379
,323
,354
,324
,365
,330
,349
,347
,346
2026 06 24 15:52:23.329773,352
,340
,377
,328
,363
,328
,369
,319
,355
,344
,356
,347
,339
,382
2026 06 24 15:52:23.389896,341
,372
,340
,387
,332
,359
,341
,381
,337
,346
,369
,345
,359
,333
2026 06 24 15:52:23.455263,379
,322
,353
,318
,364
,313
,346
,361
,351
,355
,336
,384
,340
,372
2026 06 24 15:52:23.517088,339
,385
,337
,364
,354
,358
,345
,345
,367
,328
,357
,322
,381
,322
2026 06 24 15:52:23.582952,365
,343
,375
,345
,350
,363
,333
,357
,334
,380
,328
,377
,335
,373
2026 06 24 15:52:23.644694,324
,342
,354
,346
,352
,334
,387
,339
,364
,331
,377
,324
,353
,345
2026 06 24 15:52:23.705735,352
,345
,340
,367
,330
,362
,328
,374
,323
,355
,338
,359
,328
,338
2026 06 24 15:52:23.771571,369
,346
,353
,328
,383
,325
,360
,336
,371
,319
,343
,346
,338
,338
2026 06 24 15:52:23.833286,323
,375
,323
,359
,325
,370
,315
,348
,340
,349
,338
,343
,378
,337
2026 06 24 15:52:23.898162,365
,327
,367
,314
,366
,339
,351
,326
,347
,365
,352
,357
,334
,384
2026 06 24 15:52:23.959844,329
,357
,326
,374
,330
,349
,355
,349
,353
,338
,378
,327
,359
,328
2026 06 24 15:52:24.021083,369
,318
,344
,336
,357
,345
,340
,373
,329
,361
,327
,375
,325
,365
2026 06 24 15:52:24.087034,341
,359
,329
,346
,353
,334
,354
,325
,366
,322
,354
,333
,369
,325
2026 06 24 15:52:24.147801,344
,351
,342
,343
,333
,373
,329
,365
,333
,371
,313
,349
,342
,345
2026 06 24 15:52:24.213957,330
,326
,357
,325
,357
,330
,377
,317
,353
,335
,360
,330
,348
,368
2026 06 24 15:52:24.276039,347
,363
,335
,386
,321
,363
,337
,373
,327
,346
,351
,347
,352
,331
2026 06 24 15:52:24.336005,381
,333
,369
,332
,380
,323
,351
,343
,354
,346
,344
,381
,335
,364
2026 06 24 15:52:24.402443,331
,369
,311
,359
,336
,362
,331
,341
,363
,343
,357
,329
,376
,315
2026 06 24 15:52:24.463596,350
,331
,374
,327
,351
,361
,350
,358
,337
,386
,331
,367
,327
,372
2026 06 24 15:52:24.529529,327
,360
,345
,347
,337
,337
,369
,329
,364
,337
,377
,317
,367
,346
2026 06 24 15:52:24.590155,361
,338
,352
,371
,342
,361
,332
,378
,319
,356
,337
,368
,339
,351
2026 06 24 15:52:24.652441,359
,345
,351
,330
,377
,330
,364
,329
,376
,324
,352
,341
,346
,337
2026 06 24 15:52:24.717515,336
,368
,326
,353
,329
,377
,322
,354
,333
,354
,329
,342
,358
,338
2026 06 24 15:52:24.779401,358
,333
,379
,320
,357
,333
,364
,321
,341
,343
,337
,353
,340
,385
2026 06 24 15:52:24.844727,332
,363
,325
,368
,323
,357
,352
,355
,345
,341
,373
,330
,357
,326
2026 06 24 15:52:24.906478,383
,327
,363
,344
,362
,340
,348
,373
,343
,359
,328
,363
,320
,363
2026 06 24 15:52:24.967489,337
,365
,324
,349
,364
,346
,350
,334
,372
,326
,360
,331
,366
,319
2026 06 24 15:52:25.032876,354
,346
,354
,354
,342
,375
,330
,354
,336
,381
,324
,359
,339
,356
2026 06 24 15:52:25.094702,353
,354
,361
,323
,362
,329
,373
,324
,370
,347
,369
,326
,347
,360
2026 06 24 15:52:25.160071,358
,354
,329
,376
,337
,372
,323
,369
,340
,360
,360
,363
,352
,338
2026 06 24 15:52:25.221693,382
,354
,375
,346
,377
,329
,347
,342
,361
,336
,344
,379
,352
,381
2026 06 24 15:52:25.282730,362
,400
,326
,375
,352
,373
,340
,354
,365
,349
,361
,344
,394
,333
2026 06 24 15:52:25.348764,376
,355
,393
,346
,362
,373
,351
,349
,349
,388
,364
,388
,336
,397
2026 06 24 15:52:25.410212,345
,370
,342
,373
,364
,343
,361
,354
,376
,353
,382
,326
,378
,346
2026 06 24 15:52:25.474531,379
,343
,371
,380
,359
,372
,346
,387
,347
,379
,348
,390
,335
,376
2026 06 24 15:52:25.537239,372
,368
,348
,346
,381
,348
,378
,335
,385
,325
,364
,350
,374
,359
2026 06 24 15:52:25.597868,351
,396
,369
,364
,320
,398
,332
,384
,350
,372
,342
,362
,369
,361
2026 06 24 15:52:25.663823,367
,342
,396
,339
,385
,352
,382
,336
,376
,367
,362
,360
,348
,366
2026 06 24 15:52:25.725393,339
,375
,339
,389
,330
,370
,350
,373
,354
,344
,363
,348
,381
,347
2026 06 24 15:52:25.787349,395
,337
,364
,332
,377
,344
,364
,375
,361
,382
,350
,385
,344
,383
2026 06 24 15:52:25.851984,336
,379
,345
,369
,360
,364
,369
,349
,374
,349
,377
,336
,395
,334
2026 06 24 15:52:25.912688,376
,364
,370
,358
,359
,383
,359
,378
,342
,376
,331
,379
,337
,376
2026 06 24 15:52:25.979244,336
,356
,374
,353
,360
,338
,374
,334
,371
,322
,352
,328
,369
,361
2026 06 24 15:52:26.040756,375
,362
,344
,383
,349
,374
,336
,391
,322
,367
,364
,370
,348
,345
2026 06 24 15:52:26.101700,351
,357
,383
,338
,380
,347
,375
,335
,363
,343
,360
,365
,367
,366
2026 06 24 15:52:26.167318,322
,381
,347
,363
,321
,345
,325
,381
,385
,395
,386
,346
,378
,356
2026 06 24 15:52:26.229103,384
,333
,293
,287
,414
,369
,361
,353
,364
,373
,369
,375
,353
,398
2026 06 24 15:52:26.294626,333
,346
,335
,383
,357
,378
,367
,342
,374
,351
,388
,337
,371
,339
2026 06 24 15:52:26.356113,387
,349
,367
,347
,365
,365
,350
,386
,356
,385
,336
,376
,348
,395
2026 06 24 15:52:26.416854,360
,361
,353
,361
,379
,359
,378
,358
,411
,366
,398
,365
,383
,329
2026 06 24 15:52:26.482860,374
,381
,373
,329
,334
,450
,414
,442
,375
,408
,370
,389
,381
,390
2026 06 24 15:52:26.544152,392
,369
,409
,353
,385
,361
,412
,360
,407
,378
,383
,347
,369
,405
2026 06 24 15:52:26.609860,384
,411
,366
,415
,356
,388
,376
,402
,377
,390
,396
,383
,405
,377
2026 06 24 15:52:26.670821,422
,381
,413
,373
,408
,378
,402
,393
,397
,398
,377
,406
,386
,393
2026 06 24 15:52:26.732857,348
,372
,309
,406
,421
,418
,405
,416
,424
,416
,429
,390
,429
,365
2026 06 24 15:52:26.798431,382
,379
,400
,330
,336
,394
,402
,390
,377
,447
,405
,436
,378
,426
2026 06 24 15:52:26.859169,387
,401
,403
,390
,385
,366
,412
,374
,395
,364
,410
,355
,382
,350
2026 06 24 15:52:26.924867,333
,371
,381
,402
,410
,421
,382
,431
,370
,399
,375
,396
,359
,390
2026 06 24 15:52:26.986899,394
,387
,370
,341
,418
,374
,407
,374
,401
,352
,375
,383
,378
,368
2026 06 24 15:52:27.047382,344
,398
,352
,378
,337
,380
,336
,360
,355
,377
,350
,347
,365
,344
2026 06 24 15:52:27.113823,373
,333
,384
,324
,369
,345
,367
,324
,341
,350
,352
,352
,326
,371
2026 06 24 15:52:27.175315,322
,363
,326
,366
,330
,351
,332
,348
,346
,337
,362
,331
,365
,331
2026 06 24 15:52:27.240705,372
,324
,351
,327
,342
,336
,340
,362
,323
,356
,320
,376
,313
,353
2026 06 24 15:52:27.301856,328
,351
,318
,322
,352
,342
,336
,298
,377
,335
,364
,337
,370
,326
2026 06 24 15:52:27.363000,345
,339
,333
,321
,313
,379
,342
,340
,299
,359
,310
,339
,334
,341
2026 06 24 15:52:27.429247,323
,329
,357
,328
,342
,307
,333
,317
,353
,314
,329
,302
,329
,335
2026 06 24 15:52:27.490607,316
,341
,315
,363
,297
,335
,318
,346
,295
,328
,336
,330
,326
,310
2026 06 24 15:52:27.556176,356
,306
,337
,304
,353
,298
,336
,316
,333
,306
,320
,350
,306
,343
2026 06 24 15:52:27.617860,306
,361
,311
,335
,322
,346
,302
,322
,336
,326
,348
,320
,360
,311
2026 06 24 15:52:27.677793,342
,308
,337
,308
,337
,337
,318
,332
,312
,357
,311
,340
,305
,359
2026 06 24 15:52:27.744548,305
,337
,323
,341
,326
,316
,366
,328
,339
,317
,367
,311
,345
,317
2026 06 24 15:52:27.805546,346
,308
,327
,351
,327
,339
,333
,368
,327
,360
,337
,357
,316
,336
2026 06 24 15:52:27.871511,336
,334
,327
,322
,365
,297
,345
,299
,358
,298
,345
,333
,356
,331
2026 06 24 15:52:27.932204,326
,374
,339
,338
,322
,391
,309
,341
,321
,336
,319
,338
,354
,345
2026 06 24 15:52:27.994166,356
,355
,388
,340
,367
,339
,379
,344
,361
,366
,337
,355
,339
,391
2026 06 24 15:52:28.060125,344
,365
,352
,405
,344
,367
,378
,391
,348
,371
,408
,361
,382
,359
2026 06 24 15:52:28.121367,394
,342
,380
,381
,401
,355
,385
,413
,372
,390
,369
,435
,365
,403
2026 06 24 15:52:28.187008,375
,403
,358
,400
,411
,396
,387
,383
,418
,384
,410
,382
,421
,392
2026 06 24 15:52:28.248852,431
,404
,409
,392
,387
,425
,370
,430
,380
,400
,342
,413
,387
,428
2026 06 24 15:52:28.309985,374
,413
,439
,401
,399
,377
,429
,368
,416
,395
,438
,373
,412
,410
2026 06 24 15:52:28.375263,397
,400
,391
,433
,384
,411
,388
,441
,374
,390
,412
,424
,394
,383
2026 06 24 15:52:28.436127,424
,375
,398
,384
,432
,374
,419
,404
,422
,376
,392
,414
,403
,398
2026 06 24 15:52:28.502329,378
,452
,386
,404
,393
,411
,373
,397
,401
,398
,404
,389
,436
,384
2026 06 24 15:52:28.563612,405
,372
,423
,369
,425
,403
,421
,395
,376
,430
,399
,416
,388
,465
2026 06 24 15:52:28.624832,379
,406
,389
,416
,368
,398
,420
,386
,388
,367
,442
,372
,409
,397
2026 06 24 15:52:28.690744,429
,377
,395
,407
,396
,389
,397
,449
,384
,415
,381
,436
,364
,411
2026 06 24 15:52:28.752120,411
,423
,392
,399
,433
,393
,417
,394
,452
,401
,421
,412
,441
,396
2026 06 24 15:52:28.817585,410
,435
,417
,417
,390
,455
,407
,430
,401
,419
,396
,422
,435
,412
2026 06 24 15:52:28.879151,410
,405
,440
,383
,412
,389
,431
,381
,407
,391
,407
,363
,391
,415
2026 06 24 15:52:28.940286,387
,399
,350
,413
,368
,428
,379
,384
,379
,407
,418
,383
,394
,375
2026 06 24 15:52:29.006063,440
,387
,398
,366
,424
,356
,372
,394
,360
,349
,387
,435
,363
,388
2026 06 24 15:52:29.067160,365
,409
,346
,383
,366
,373
,353
,362
,384
,356
,369
,347
,404
,335
2026 06 24 15:52:29.131995,359
,357
,380
,332
,353
,382
,364
,365
,338
,369
,328
,350
,339
,373
2026 06 24 15:52:29.194603,302
,346
,368
,354
,319
,281
,376
,327
,382
,334
,381
,322
,352
,332
2026 06 24 15:52:29.255208,327
,319
,314
,351
,310
,322
,280
,343
,299
,338
,314
,334
,309
,319
2026 06 24 15:52:29.321430,352
,317
,330
,303
,344
,287
,323
,300
,329
,277
,295
,313
,301
,302
2026 06 24 15:52:29.383005,297
,357
,297
,319
,294
,332
,282
,316
,308
,318
,298
,295
,336
,288
2026 06 24 15:52:29.448364,305
,284
,327
,265
,310
,286
,305
,270
,288
,319
,298
,310
,286
,340
2026 06 24 15:52:29.510072,267
,297
,279
,319
,260
,305
,306
,303
,298
,292
,337
,269
,301
,269
2026 06 24 15:52:29.570724,317
,254
,294
,303
,303
,290
,288
,317
,256
,294
,285
,322
,258
,304
2026 06 24 15:52:29.636581,299
,311
,279
,283
,313
,276
,296
,276
,329
,262
,297
,273
,314
,259
2026 06 24 15:52:29.697931,278
,295
,285
,293
,281
,331
,263
,296
,258
,316
,277
,311
,297
,296
2026 06 24 15:52:29.763744,279
,285
,314
,270
,305
,282
,329
,268
,300
,285
,306
,274
,279
,318
2026 06 24 15:52:29.825344,280
,299
,276
,317
,272
,321
,288
,314
,279
,296
,306
,294
,296
,272
2026 06 24 15:52:29.886939,323
,278
,306
,283
,319
,268
,302
,295
,310
,294
,291
,329
,282
,305
2026 06 24 15:52:29.951797,275
,320
,259
,303
,282
,308
,280
,288
,315
,297
,307
,273
,337
,278
2026 06 24 15:52:30.013401,321
,294
,320
,265
,299
,314
,302
,296
,285
,333
,281
,318
,281
,321
2026 06 24 15:52:30.074724,279
,311
,307
,312
,286
,297
,325
,284
,308
,289
,334
,278
,331
,294
2026 06 24 15:52:30.140642,310
,287
,309
,324
,294
,314
,295
,336
,276
,304
,289
,326
,291
,305
2026 06 24 15:52:30.202729,307
,296
,299
,299
,367
,302
,331
,301
,343
,285
,322
,303
,309
,297
2026 06 24 15:52:30.267132,297
,339
,297
,319
,284
,338
,280
,305
,294
,318
,297
,311
,326
,296
2026 06 24 15:52:30.329213,316
,290
,339
,289
,326
,295
,321
,277
,314
,323
,297
,291
,291
,335
2026 06 24 15:52:30.390363,294
,336
,293
,335
,283
,317
,309
,308
,288
,284
,321
,286
,313
,283
2026 06 24 15:52:30.456657,330
,282
,322
,317
,336
,290
,302
,331
,306
,317
,294
,345
,283
,314
2026 06 24 15:52:30.517324,289
,314
,287
,310
,311
,309
,303
,285
,340
,292
,321
,279
,333
,275
2026 06 24 15:52:30.582144,317
,301
,303
,288
,300
,340
,297
,324
,298
,356
,293
,335
,321
,339
2026 06 24 15:52:30.643971,301
,315
,326
,302
,323
,310
,354
,295
,339
,307
,345
,297
,331
,352
2026 06 24 15:52:30.705320,334
,343
,331
,380
,318
,358
,326
,370
,317
,355
,344
,351
,334
,333
2026 06 24 15:52:30.771394,360
,324
,363
,326
,382
,322
,366
,345
,362
,343
,351
,376
,333
,347
2026 06 24 15:52:30.832751,333
,387
,327
,374
,350
,381
,334
,368
,384
,366
,365
,345
,399
,310
2026 06 24 15:52:30.898125,333
,364
,385
,344
,387
,389
,385
,380
,384
,413
,365
,404
,367
,413
2026 06 24 15:52:30.960213,344
,366
,332
,380
,334
,318
,301
,353
,395
,361
,420
,381
,401
,381
2026 06 24 15:52:31.020516,413
,368
,350
,380
,378
,356
,311
,343
,335
,347
,307
,420
,362
,373
2026 06 24 15:52:31.087380,372
,367
,330
,286
,377
,366
,376
,363
,389
,276
,355
,382
,367
,327
2026 06 24 15:52:31.148072,387
,407
,351
,364
,273
,315
,296
,310
,337
,372
,332
,311
,362
,411
2026 06 24 15:52:31.213980,391
,380
,426
,361
,388
,350
,380
,202
,279
,415
,338
,326
,404
,459
2026 06 24 15:52:31.276083,365
,441
,381
,402
,381
,421
,385
,357
,379
,372
,374
,188
,371
,414
2026 06 24 15:52:31.336321,405
,401
,421
,382
,420
,358
,359
,383
,377
,365
,313
,401
,363
,341
2026 06 24 15:52:31.401664,303
,376
,312
,383
,350
,370
,378
,360
,375
,347
,378
,374
,389
,280
2026 06 24 15:52:31.462666,375
,336
,228
,310
,412
,395
,366
,396
,358
,391
,325
,386
,361
,395
2026 06 24 15:52:31.528951,335
,315
,404
,417
,410
,338
,357
,329
,368
,343
,376
,338
,363
,363
2026 06 24 15:52:31.590736,355
,356
,344
,375
,324
,355
,339
,372
,300
,334
,319
,324
,318
,330
2026 06 24 15:52:31.652320,361
,335
,319
,307
,366
,328
,361
,324
,357
,306
,320
,336
,332
,339
2026 06 24 15:52:31.717439,327
,369
,288
,339
,308
,341
,309
,337
,305
,331
,308
,314
,363
,312
2026 06 24 15:52:31.778973,352
,306
,341
,289
,335
,310
,373
,307
,311
,332
,302
,342
,275
,287
2026 06 24 15:52:31.843933,208
,296
,334
,428
,335
,347
,321
,253
,261
,265
,286
,220
,363
,360
2026 06 24 15:52:31.906129,355
,333
,323
,308
,318
,320
,289
,274
,310
,359
,314
,369
,292
,353
2026 06 24 15:52:31.967350,316
,301
,318
,316
,320
,348
,276
,250
,370
,262
,350
,322
,355
,289
2026 06 24 15:52:32.032627,304
,303
,303
,305
,306
,360
,282
,353
,308
,282
,300
,338
,284
,258
2026 06 24 15:52:32.093686,300
,304
,354
,292
,302
,316
,320
,273
,340
,268
,298
,316
,287
,311
2026 06 24 15:52:32.159843,296
,323
,284
,348
,283
,329
,294
,312
,288
,282
,303
,299
,318
,257
2026 06 24 15:52:32.221604,333
,298
,351
,290
,342
,252
,321
,302
,298
,300
,296
,314
,269
,343
2026 06 24 15:52:32.282530,280
,325
,262
,283
,279
,344
,301
,306
,333
,249
,304
,297
,373
,265
2026 06 24 15:52:32.347562,307
,308
,311
,263
,279
,337
,318
,303
,265
,335
,296
,295
,285
,303
2026 06 24 15:52:32.409189,308
,288
,309
,322
,295
,284
,312
,292
,309
,306
,311
,300
,315
,298
2026 06 24 15:52:32.475311,296
,279
,261
,337
,293
,297
,281
,362
,291
,322
,303
,349
,254
,282
2026 06 24 15:52:32.537299,349
,337
,307
,277
,319
,253
,354
,248
,370
,304
,303
,302
,303
,324
2026 06 24 15:52:32.597928,309
,336
,271
,330
,304
,315
,309
,302
,319
,352
,307
,264
,366
,312
2026 06 24 15:52:32.663700,346
,308
,348
,270
,292
,323
,356
,264
,325
,341
,295
,350
,245
,341
2026 06 24 15:52:32.725605,330
,358
,283
,318
,311
,328
,346
,302
,333
,303
,322
,278
,327
,278
2026 06 24 15:52:32.790251,340
,300
,319
,335
,299
,297
,305
,351
,275
,347
,255
,324
,303
,330
2026 06 24 15:52:32.852457,288
,300
,279
,318
,315
,321
,327
,292
,330
,319
,321
,315
,347
,289
2026 06 24 15:52:32.913575,300
,320
,293
,339
,323
,344
,295
,332
,295
,374
,302
,341
,345
,351
2026 06 24 15:52:32.978843,297
,311
,361
,305
,304
,306
,341
,327
,328
,330
,298
,320
,303
,344
2026 06 24 15:52:33.040631,308
,346
,291
,369
,322
,361
,293
,341
,295
,317
,337
,350
,344
,312
2026 06 24 15:52:33.105223,336
,294
,359
,310
,338
,325
,341
,351
,353
,294
,342
,363
,311
,329
2026 06 24 15:52:33.167179,328
,376
,291
,325
,307
,344
,337
,324
,354
,347
,354
,326
,347
,325
2026 06 24 15:52:33.229040,361
,311
,348
,313
,330
,343
,295
,312
,311
,333
,288
,396
,343
,339
2026 06 24 15:52:33.294357,334
,380
,342
,346
,327
,327
,372
,359
,348
,336
,384
,299
,337
,356
2026 06 24 15:52:33.355631,351
,346
,357
,358
,348
,359
,307
,391
,340
,367
,341
,400
,315
,321
2026 06 24 15:52:33.421318,378
,363
,378
,344
,400
,359
,376
,314
,387
,325
,355
,379
,389
,329
2026 06 24 15:52:33.482484,350
,384
,324
,342
,358
,382
,349
,354
,360
,361
,371
,329
,369
,377
2026 06 24 15:52:33.543627,383
,318
,375
,327
,386
,347
,389
,338
,393
,366
,371
,397
,367
,368
2026 06 24 15:52:33.609928,345
,388
,350
,359
,323
,386
,347
,367
,353
,367
,384
,325
,382
,377
2026 06 24 15:52:33.671178,395
,334
,352
,373
,391
,356
,361
,378
,377
,369
,350
,404
,313
,371
2026 06 24 15:52:33.736389,365
,376
,355
,340
,345
,371
,364
,380
,382
,361
,353
,349
,398
,356
2026 06 24 15:52:33.797873,380
,367
,360
,357
,368
,401
,367
,380
,377
,392
,348
,396
,370
,381
2026 06 24 15:52:33.859925,364
,391
,384
,395
,387
,362
,407
,334
,435
,372
,367
,364
,384
,402
2026 06 24 15:52:33.925575,375
,402
,340
,408
,347
,397
,361
,378
,355
,386
,381
,374
,389
,373
2026 06 24 15:52:33.987340,390
,367
,377
,375
,380
,357
,367
,376
,401
,374
,357
,399
,394
,381
2026 06 24 15:52:34.047917,349
,409
,352
,391
,371
,409
,315
,393
,380
,379
,392
,335
,400
,354
2026 06 24 15:52:34.113663,404
,369
,396
,321
,374
,379
,387
,367
,349
,383
,358
,374
,362
,380
2026 06 24 15:52:34.175345,355
,397
,354
,395
,353
,321
,402
,397
,379
,341
,418
,381
,393
,364
2026 06 24 15:52:34.240172,399
,333
,352
,380
,400
,360
,331
,415
,370
,378
,307
,429
,331
,390
2026 06 24 15:52:34.301887,376
,362
,362
,368
,398
,361
,377
,372
,408
,359
,371
,361
,374
,330
2026 06 24 15:52:34.363557,380
,393
,348
,360
,365
,417
,332
,361
,381
,385
,315
,394
,378
,381
2026 06 24 15:52:34.427566,373
,352
,409
,362
,384
,347
,393
,352
,369
,374
,370
,355
,364
,390
2026 06 24 15:52:34.490219,336
,400
,368
,414
,339
,383
,376
,378
,334
,362
,382
,355
,388
,356
2026 06 24 15:52:34.557289,414
,339
,394
,377
,369
,349
,352
,368
,366
,361
,340
,411
,363
,383
2026 06 24 15:52:34.617034,354
,398
,348
,381
,366
,358
,368
,365
,415
,361
,367
,351
,393
,354
2026 06 24 15:52:34.678058,375
,354
,374
,349
,362
,386
,375
,377
,342
,411
,359
,390
,355
,373
2026 06 24 15:52:34.744360,351
,380
,374
,356
,356
,345
,395
,350
,363
,365
,396
,330
,372
,364
2026 06 24 15:52:34.805837,365
,347
,355
,391
,342
,361
,367
,420
,345
,375
,365
,356
,330
,359
2026 06 24 15:52:34.870852,370
,355
,388
,346
,394
,334
,362
,333
,393
,334
,341
,370
,367
,359
2026 06 24 15:52:34.932351,338
,392
,352
,370
,348
,382
,331
,370
,370
,372
,357
,345
,392
,365
2026 06 24 15:52:34.993449,373
,349
,378
,337
,381
,363
,381
,347
,353
,381
,356
,370
,350
,393
2026 06 24 15:52:35.059221,342
,372
,364
,384
,356
,368
,367
,350
,352
,337
,382
,342
,379
,354
2026 06 24 15:52:35.121403,386
,318
,345
,331
,355
,334
,337
,370
,341
,364
,345
,388
,334
,354
2026 06 24 15:52:35.185964,348
,347
,325
,345
,370
,344
,365
,348
,386
,320
,344
,341
,374
,344
2026 06 24 15:52:35.247967,348
,361
,351
,351
,326
,376
,337
,366
,355
,381
,331
,355
,354
,355
2026 06 24 15:52:35.308914,350
,352
,386
,337
,363
,328
,393
,346
,368
,353
,361
,345
,354
,372
2026 06 24 15:52:35.374865,358
,357
,333
,366
,324
,352
,341
,376
,336
,353
,378
,356
,344
,332
2026 06 24 15:52:35.437572,375
,331
,368
,342
,379
,335
,354
,359
,352
,335
,340
,386
,343
,359
2026 06 24 15:52:35.501853,338
,385
,334
,356
,354
,370
,347
,356
,383
,354
,360
,338
,381
,338
2026 06 24 15:52:35.563211,364
,353
,378
,347
,360
,372
,355
,356
,340
,376
,334
,381
,361
,397
2026 06 24 15:52:35.624968,337
,360
,364
,363
,360
,357
,384
,348
,361
,353
,385
,339
,368
,371
2026 06 24 15:52:35.689540,368
,352
,366
,391
,354
,359
,346
,405
,352
,372
,361
,389
,356
,369
2026 06 24 15:52:35.752449,367
,354
,370
,354
,400
,359
,378
,359
,387
,345
,370
,383
,377
,366
2026 06 24 15:52:35.820988,366
,401
,354
,363
,338
,391
,345
,377
,380
,398
,378
,379
,384
,350
2026 06 24 15:52:35.878932,375
,370
,420
,361
,389
,379
,398
,364
,374
,390
,369
,364
,365
,413
2026 06 24 15:52:35.939618,356
,380
,363
,404
,355
,384
,383
,378
,364
,358
,396
,356
,385
,363
2026 06 24 15:52:36.005893,399
,352
,378
,371
,380
,356
,361
,390
,359
,377
,353
,400
,351
,364
2026 06 24 15:52:36.066697,355
,385
,345
,365
,387
,359
,360
,345
,390
,349
,367
,357
,388
,336
2026 06 24 15:52:36.132384,363
,376
,360
,351
,337
,385
,342
,359
,342
,383
,340
,359
,359
,361
2026 06 24 15:52:36.194719,349
,356
,386
,351
,362
,345
,404
,345
,386
,374
,380
,348
,370
,383
2026 06 24 15:52:36.255536,368
,375
,346
,403
,362
,385
,361
,396
,359
,390
,395
,378
,369
,372
2026 06 24 15:52:36.321403,422
,368
,386
,366
,405
,354
,377
,361
,364
,346
,356
,392
,358
,380
2026 06 24 15:52:36.382621,357
,387
,337
,365
,354
,381
,348
,364
,379
,357
,364
,342
,387
,338
2026 06 24 15:52:36.448208,377
,355
,382
,322
,346
,364
,365
,363
,352
,396
,342
,364
,346
,388
2026 06 24 15:52:36.509749,329
,367
,360
,359
,342
,341
,381
,348
,361
,341
,394
,334
,361
,350
2026 06 24 15:52:36.571070,376
,337
,355
,378
,361
,375
,358
,396
,329
,360
,337
,375
,329
,346
2026 06 24 15:52:36.636504,355
,349
,345
,346
,390
,337
,357
,332
,386
,333
,358
,366
,360
,338
2026 06 24 15:52:36.697519,339
,372
,329
,346
,343
,398
,331
,365
,365
,378
,345
,354
,378
,346
2026 06 24 15:52:36.763505,353
,339
,394
,341
,370
,350
,381
,336
,359
,362
,351
,339
,330
,379
2026 06 24 15:52:36.825005,335
,358
,339
,386
,332
,353
,347
,361
,342
,341
,380
,340
,357
,337
2026 06 24 15:52:36.886574,394
,336
,365
,343
,373
,324
,330
,370
,351
,366
,345
,397
,338
,360
2026 06 24 15:52:36.952253,344
,385
,327
,343
,359
,356
,343
,341
,401
,342
,363
,339
,383
,320
2026 06 24 15:52:37.013533,363
,360
,354
,349
,336
,392
,347
,361
,338
,383
,319
,355
,365
,367
2026 06 24 15:52:37.078822,319
,317
,394
,382
,377
,334
,397
,345
,368
,359
,378
,315
,351
,369
2026 06 24 15:52:37.140023,346
,319
,302
,390
,343
,355
,339
,379
,311
,343
,345
,351
,323
,324
2026 06 24 15:52:37.201522,355
,312
,338
,314
,366
,302
,335
,339
,356
,312
,329
,356
,330
,329
2026 06 24 15:52:37.267176,327
,386
,319
,334
,362
,396
,340
,362
,389
,373
,359
,351
,393
,340
2026 06 24 15:52:37.329203,376
,358
,393
,321
,378
,360
,390
,356
,384
,427
,371
,384
,356
,404
2026 06 24 15:52:37.393892,348
,376
,376
,400
,357
,377
,401
,373
,376
,380
,428
,366
,397
,376
2026 06 24 15:52:37.456139,418
,375
,416
,418
,408
,399
,396
,443
,408
,412
,397
,446
,389
,419
2026 06 24 15:52:37.516459,419
,434
,402
,406
,438
,381
,424
,401
,461
,401
,432
,422
,443
,395
2026 06 24 15:52:37.582300,406
,446
,421
,417
,398
,456
,394
,426
,416
,434
,385
,408
,422
,407
2026 06 24 15:52:37.644389,413
,410
,451
,379
,414
,393
,431
,370
,401
,396
,395
,390
,390
,423
2026 06 24 15:52:37.705240,385
,411
,386
,435
,361
,403
,401
,409
,367
,390
,425
,392
,396
,391
2026 06 24 15:52:37.771231,437
,365
,414
,401
,427
,368
,397
,416
,409
,399
,390
,436
,371
,398
2026 06 24 15:52:37.832680,399
,427
,378
,398
,411
,406
,380
,391
,424
,374
,409
,388
,425
,368
2026 06 24 15:52:37.897865,400
,388
,394
,364
,397
,426
,388
,385
,377
,425
,365
,397
,389
,416
2026 06 24 15:52:37.959225,357
,386
,401
,399
,386
,383
,422
,368
,391
,372
,426
,361
,395
,391
2026 06 24 15:52:38.020475,391
,374
,398
,425
,385
,401
,390
,427
,366
,399
,395
,418
,368
,380
2026 06 24 15:52:38.086931,421
,387
,379
,382
,426
,368
,397
,380
,403
,366
,381
,410
,393
,387
2026 06 24 15:52:38.148042,378
,423
,372
,396
,374
,408
,365
,371
,387
,379
,377
,366
,402
,364
2026 06 24 15:52:38.214150,380
,361
,402
,345
,386
,379
,401
,361
,373
,396
,373
,382
,363
,418
2026 06 24 15:52:38.274911,361
,379
,370
,382
,348
,390
,393
,360
,364
,375
,412
,345
,379
,361
2026 06 24 15:52:38.335860,383
,335
,359
,382
,387
,345
,357
,392
,364
,366
,337
,389
,320
,357
2026 06 24 15:52:38.402214,357
,371
,342
,356
,397
,360
,348
,346
,386
,342
,365
,330
,369
,333
2026 06 24 15:52:38.463582,364
,376
,350
,348
,346
,389
,335
,352
,338
,387
,322
,350
,360
,364
2026 06 24 15:52:38.529042,334
,315
,368
,340
,353
,333
,383
,326
,337
,339
,336
,343
,356
,374
2026 06 24 15:52:38.590584,346
,370
,352
,386
,326
,340
,344
,374
,334
,345
,351
,342
,334
,339
2026 06 24 15:52:38.650933,369
,323
,354
,337
,380
,323
,342
,346
,328
,328
,331
,365
,317
,354
2026 06 24 15:52:38.716937,343
,379
,318
,343
,333
,334
,327
,344
,374
,342
,343
,324
,372
,313
2026 06 24 15:52:38.778316,332
,336
,357
,310
,344
,356
,339
,339
,340
,371
,330
,355
,330
,368
2026 06 24 15:52:38.844392,309
,340
,343
,351
,320
,324
,357
,332
,343
,318
,368
,313
,340
,337
2026 06 24 15:52:38.906388,354
,307
,338
,359
,331
,342
,327
,357
,298
,337
,324
,356
,311
,333
2026 06 24 15:52:38.966473,337
,332
,319
,313
,364
,302
,312
,310
,347
,299
,328
,327
,333
,314
2026 06 24 15:52:39.032429,313
,357
,318
,326
,303
,347
,292
,321
,322
,335
,308
,331
,349
,308
2026 06 24 15:52:39.093292,317
,312
,363
,295
,316
,295
,324
,288
,305
,319
,305
,290
,307
,356
2026 06 24 15:52:39.159206,316
,329
,310
,349
,295
,328
,321
,320
,305
,323
,342
,299
,301
,296
2026 06 24 15:52:39.221346,346
,290
,329
,301
,316
,293
,323
,336
,311
,320
,305
,340
,289
,308
2026 06 24 15:52:39.284140,299
,328
,275
,304
,311
,314
,298
,294
,339
,305
,325
,305
,350
,290
2026 06 24 15:52:39.347607,320
,318
,326
,302
,316
,351
,316
,338
,303
,353
,297
,333
,310
,336
2026 06 24 15:52:39.408879,305
,318
,351
,326
,337
,320
,354
,310
,331
,315
,333
,292
,313
,317
2026 06 24 15:52:39.475260,311
,332
,323
,352
,313
,335
,305
,349
,301
,328
,307
,309
,269
,289
2026 06 24 15:52:39.536620,350
,318
,351
,328
,379
,299
,341
,303
,320
,295
,311
,329
,312
,304
2026 06 24 15:52:39.597501,289
,327
,276
,321
,297
,329
,272
,294
,310
,310
,300
,281
,329
,280
2026 06 24 15:52:39.663317,307
,300
,323
,272
,303
,290
,301
,297
,292
,320
,270
,309
,281
,325
2026 06 24 15:52:39.725130,276
,314
,281
,291
,262
,288
,295
,292
,272
,272
,327
,283
,318
,283
2026 06 24 15:52:39.789983,308
,274
,323
,325
,297
,289
,284
,324
,270
,310
,288
,325
,272
,268
2026 06 24 15:52:39.851966,282
,307
,303
,309
,334
,287
,313
,306
,334
,271
,279
,287
,307
,279
2026 06 24 15:52:39.913002,296
,309
,289
,316
,292
,305
,279
,335
,287
,320
,283
,326
,314
,302
2026 06 24 15:52:39.978974,302
,284
,329
,290
,314
,284
,335
,295
,322
,317
,310
,303
,305
,345
2026 06 24 15:52:40.040203,297
,328
,310
,331
,305
,316
,253
,329
,302
,327
,353
,336
,328
,315
2026 06 24 15:52:40.106382,357
,299
,332
,301
,343
,293
,322
,329
,313
,310
,312
,346
,307
,337
2026 06 24 15:52:40.167006,305
,335
,288
,307
,320
,326
,304
,311
,345
,298
,325
,302
,358
,297
2026 06 24 15:52:40.228874,336
,309
,332
,292
,314
,356
,313
,327
,313
,345
,297
,312
,309
,335
2026 06 24 15:52:40.294388,300
,314
,339
,306
,298
,314
,267
,283
,385
,342
,361
,304
,335
,334
2026 06 24 15:52:40.355287,307
,300
,326
,346
,294
,314
,302
,343
,281
,320
,297
,324
,296
,316
2026 06 24 15:52:40.421291,326
,302
,319
,309
,355
,287
,326
,307
,330
,298
,333
,333
,323
,310
2026 06 24 15:52:40.482090,299
,336
,307
,320
,286
,339
,292
,334
,329
,321
,297
,326
,344
,314
2026 06 24 15:52:40.543523,333
,314
,349
,288
,328
,334
,335
,301
,314
,344
,324
,330
,324
,349
2026 06 24 15:52:40.609920,311
,350
,322
,343
,292
,325
,336
,323
,316
,319
,365
,314
,349
,319
2026 06 24 15:52:40.671138,352
,307
,347
,339
,341
,331
,328
,355
,321
,336
,311
,351
,309
,351
2026 06 24 15:52:40.736684,322
,326
,315
,329
,346
,308
,340
,328
,358
,299
,352
,329
,346
,312
2026 06 24 15:52:40.797909,322
,341
,330
,337
,324
,359
,305
,339
,315
,366
,317
,340
,321
,318
2026 06 24 15:52:40.859135,306
,334
,353
,315
,351
,317
,363
,313
,341
,311
,331
,319
,329
,344
2026 06 24 15:52:40.925186,326
,341
,331
,367
,316
,350
,334
,361
,323
,332
,335
,332
,360
,329
2026 06 24 15:52:40.986805,373
,313
,344
,316
,359
,322
,347
,340
,339
,335
,341
,369
,321
,331
2026 06 24 15:52:41.051540,317
,363
,311
,344
,348
,343
,314
,337
,372
,335
,351
,314
,359
,325
2026 06 24 15:52:41.114105,355
,339
,364
,329
,351
,348
,334
,335
,330
,374
,311
,351
,314
,356
2026 06 24 15:52:41.174320,322
,355
,341
,333
,330
,334
,357
,326
,357
,324
,366
,317
,350
,326
2026 06 24 15:52:41.240143,348
,305
,328
,366
,323
,335
,316
,364
,326
,363
,343
,363
,333
,326
2026 06 24 15:52:41.302067,346
,330
,356
,332
,374
,338
,360
,316
,359
,329
,362
,344
,367
,347
2026 06 24 15:52:41.367480,335
,370
,334
,363
,343
,380
,329
,358
,340
,345
,336
,339
,375
,344
2026 06 24 15:52:41.429096,358
,325
,375
,331
,378
,358
,359
,334
,356
,347
,337
,361
,343
,371
2026 06 24 15:52:41.489751,328
,364
,337
,366
,335
,354
,342
,347
,335
,336
,362
,333
,358
,335
2026 06 24 15:52:41.555459,370
,335
,353
,337
,365
,333
,341
,376
,349
,345
,331
,358
,321
,372
2026 06 24 15:52:41.617846,343
,363
,324
,340
,346
,338
,355
,331
,365
,326
,365
,336
,364
,324
2026 06 24 15:52:41.678012,353
,353
,345
,342
,336
,360
,331
,363
,356
,367
,321
,368
,353
,374
2026 06 24 15:52:41.744515,322
,344
,355
,329
,352
,308
,324
,314
,327
,347
,368
,314
,316
,322
2026 06 24 15:52:41.805645,331
,335
,322
,352
,314
,347
,331
,333
,267
,145
,150
,52
,135
,209
2026 06 24 15:52:41.870215,282
,287
,237
,280
,398
,260
,201
,308
,396
,375
,231
,256
,385
,297
2026 06 24 15:52:41.932176,141
,423
,374
,347
,245
,272
,255
,307
,311
,311
,322
,335
,384
,333
2026 06 24 15:52:41.994164,311
,235
,258
,234
,253
,273
,301
,314
,310
,346
,309
,341
,321
,372
2026 06 24 15:52:42.059119,322
,357
,322
,343
,315
,354
,352
,342
,359
,341
,381
,346
,326
,48
2026 06 24 15:52:42.120338,184
,316
,445
,490
,495
,440
,357
,372
,322
,279
,403
,376
,356
,381
2026 06 24 15:52:42.186538,336
,320
,213
,403
,468
,297
,380
,380
,431
,350
,337
,308
,324
,346
2026 06 24 15:52:42.247812,359
,370
,360
,394
,359
,390
,314
,363
,305
,341
,315
,321
,352
,379
2026 06 24 15:52:42.309051,404
,347
,335
,341
,392
,328
,399
,355
,418
,394
,423
,438
,386
,416
2026 06 24 15:52:42.375432,340
,390
,396
,445
,362
,388
,319
,351
,294
,403
,521
,448
,443
,348
2026 06 24 15:52:42.436061,449
,471
,441
,449
,418
,230
,405
,522
,398
,412
,362
,439
,393
,431
2026 06 24 15:52:42.501685,337
,389
,351
,352
,401
,423
,394
,362
,408
,398
,427
,353
,395
,376
2026 06 24 15:52:42.563391,392
,374
,401
,385
,361
,369
,366
,413
,364
,405
,384
,411
,368
,413
2026 06 24 15:52:42.624359,397
,429
,389
,360
,419
,392
,430
,347
,309
,55
,361
,466
,466
,374
2026 06 24 15:52:42.690078,365
,443
,389
,440
,457
,348
,277
,357
,362
,389
,355
,396
,383
,334
2026 06 24 15:52:42.751322,344
,304
,347
,326
,439
,368
,397
,361
,400
,371
,391
,389
,401
,392
2026 06 24 15:52:42.817367,353
,371
,315
,347
,360
,404
,366
,362
,371
,369
,377
,362
,368
,380
2026 06 24 15:52:42.878937,427
,376
,424
,383
,431
,414
,394
,386
,421
,404
,343
,367
,281
,377
2026 06 24 15:52:42.939934,402
,431
,384
,411
,395
,458
,451
,408
,422
,415
,427
,399
,407
,385
2026 06 24 15:52:43.005735,384
,345
,370
,352
,343
,415
,385
,357
,383
,488
,435
,425
,395
,375
2026 06 24 15:52:43.066951,369
,415
,381
,366
,424
,373
,396
,438
,452
,395
,431
,368
,383
,362
2026 06 24 15:52:43.132123,409
,411
,403
,394
,394
,415
,350
,418
,385
,419
,387
,392
,363
,381
2026 06 24 15:52:43.194329,380
,327
,306
,388
,401
,376
,359
,412
,443
,396
,421
,391
,393
,399
2026 06 24 15:52:43.255415,406
,415
,391
,407
,368
,381
,341
,373
,343
,371
,372
,370
,413
,347
2026 06 24 15:52:43.321317,381
,355
,415
,385
,402
,384
,386
,402
,372
,383
,294
,408
,418
,424
2026 06 24 15:52:43.382099,394
,391
,380
,363
,349
,393
,375
,340
,387
,373
,322
,306
,353
,304
2026 06 24 15:52:43.447561,349
,324
,378
,339
,356
,360
,361
,342
,334
,367
,324
,349
,325
,382
2026 06 24 15:52:43.510030,309
,320
,296
,315
,325
,323
,343
,338
,351
,341
,386
,343
,344
,370
2026 06 24 15:52:43.570117,376
,361
,382
,387
,362
,410
,366
,422
,364
,408
,359
,391
,337
,353
2026 06 24 15:52:43.636581,362
,356
,370
,356
,386
,333
,403
,380
,405
,375
,405
,418
,398
,367
2026 06 24 15:52:43.697674,377
,390
,367
,389
,391
,431
,369
,398
,397
,406
,382
,417
,411
,421
2026 06 24 15:52:43.763382,436
,430
,420
,384
,442
,409
,416
,405
,409
,424
,417
,402
,408
,452
2026 06 24 15:52:43.825755,431
,443
,383
,449
,407
,430
,404
,426
,400
,402
,422
,397
,400
,389
2026 06 24 15:52:43.885836,442
,395
,412
,409
,420
,397
,394
,440
,405
,398
,386
,431
,380
,412
2026 06 24 15:52:43.951837,386
,411
,373
,382
,388
,383
,385
,358
,404
,363
,387
,380
,408
,345
2026 06 24 15:52:44.013281,387
,374
,376
,363
,345
,401
,340
,359
,359
,395
,348
,372
,353
,372
2026 06 24 15:52:44.077595,356
,363
,382
,364
,372
,345
,388
,335
,367
,351
,362
,320
,348
,365
2026 06 24 15:52:44.139846,350
,343
,328
,369
,327
,373
,345
,373
,317
,358
,304
,330
,328
,332
2026 06 24 15:52:44.201685,379
,317
,294
,323
,368
,303
,293
,356
,428
,328
,347
,405
,355
,358
2026 06 24 15:52:44.266519,367
,390
,297
,349
,319
,338
,282
,305
,264
,254
,278
,278
,329
,292
2026 06 24 15:52:44.329350,322
,295
,358
,278
,310
,320
,319
,287
,277
,311
,324
,336
,221
,216
2026 06 24 15:52:44.394141,290
,274
,253
,264
,266
,287
,260
,328
,364
,301
,370
,315
,307
,325
2026 06 24 15:52:44.455688,281
,300
,371
,348
,389
,339
,293
,318
,303
,327
,285
,381
,291
,293
2026 06 24 15:52:44.517703,287
,261
,295
,311
,321
,251
,284
,292
,316
,272
,326
,327
,339
,296
2026 06 24 15:52:44.583341,326
,301
,294
,301
,297
,316
,239
,173
,93
,295
,373
,411
,394
,304
2026 06 24 15:52:44.644111,357
,358
,404
,300
,392
,360
,404
,357
,312
,306
,312
,284
,291
,338
2026 06 24 15:52:44.709752,317
,345
,333
,379
,308
,303
,285
,325
,274
,293
,300
,267
,314
,309
2026 06 24 15:52:44.771084,349
,291
,311
,337
,343
,343
,349
,339
,344
,353
,337
,377
,341
,337
2026 06 24 15:52:44.832121,327
,361
,331
,364
,352
,364
,382
,339
,363
,330
,378
,351
,350
,302
2026 06 24 15:52:44.900001,352
,348
,368
,329
,330
,372
,333
,337
,354
,373
,345
,382
,339
,360
2026 06 24 15:52:44.959281,335
,330
,360
,349
,355
,359
,410
,342
,372
,359
,389
,318
,333
,360
2026 06 24 15:52:45.024531,340
,334
,323
,367
,357
,375
,339
,376
,323
,361
,358
,368
,353
,325
2026 06 24 15:52:45.086287,384
,365
,355
,350
,411
,339
,350
,321
,387
,364
,352
,339
,376
,392
2026 06 24 15:52:45.147270,383
,418
,382
,398
,409
,394
,335
,348
,395
,377
,338
,359
,403
,357
2026 06 24 15:52:45.213370,389
,367
,371
,328
,388
,359
,367
,377
,373
,383
,338
,323
,324
,407
2026 06 24 15:52:45.275121,329
,343
,369
,369
,319
,324
,359
,308
,379
,375
,392
,332
,365
,344
2026 06 24 15:52:45.340013,375
,326
,331
,334
,321
,296
,312
,348
,301
,339
,276
,293
,292
,316
2026 06 24 15:52:45.401870,414
,390
,359
,311
,367
,338
,315
,340
,304
,232
,382
,344
,320
,307
2026 06 24 15:52:45.462653,343
,349
,308
,281
,271
,365
,314
,332
,301
,323
,300
,342
,316
,315
2026 06 24 15:52:45.528326,316
,306
,341
,312
,321
,296
,342
,300
,324
,318
,333
,293
,303
,329
2026 06 24 15:52:45.590306,293
,334
,311
,333
,253
,294
,313
,324
,328
,350
,333
,346
,382
,345
2026 06 24 15:52:45.656192,355
,321
,331
,311
,343
,300
,336
,318
,317
,296
,315
,328
,295
,335
2026 06 24 15:52:45.717366,351
,364
,309
,353
,347
,335
,289
,298
,342
,330
,352
,316
,343
,309
2026 06 24 15:52:45.777901,347
,304
,331
,316
,330
,310
,305
,338
,322
,334
,286
,275
,264
,380
2026 06 24 15:52:45.843500,373
,361
,343
,323
,249
,344
,390
,344
,356
,319
,345
,296
,325
,321
2026 06 24 15:52:45.905961,323
,305
,299
,307
,302
,329
,287
,322
,285
,348
,344
,351
,323
,332
2026 06 24 15:52:45.966633,331
,304
,340
,312
,338
,316
,334
,310
,338
,296
,340
,328
,331
,312
2026 06 24 15:52:46.031748,335
,351
,306
,344
,309
,341
,308
,341
,346
,343
,231
,277
,392
,364
2026 06 24 15:52:46.094047,373
,354
,385
,314
,331
,328
,320
,293
,328
,318
,354
,336
,255
,388
2026 06 24 15:52:46.159755,354
,375
,349
,371
,282
,317
,354
,345
,322
,305
,344
,303
,354
,360
2026 06 24 15:52:46.221084,384
,343
,386
,355
,367
,331
,345
,366
,342
,349
,323
,346
,310
,366
2026 06 24 15:52:46.282498,337
,343
,294
,350
,369
,343
,333
,320
,344
,308
,349
,335
,363
,319
2026 06 24 15:52:46.347794,357
,356
,368
,354
,356
,386
,355
,370
,349
,392
,342
,364
,370
,419
2026 06 24 15:52:46.409427,466
,534
,584
,594
,599
,599
,601
,600
,600
,600
,600
,599
,601
,602
2026 06 24 15:52:46.475496,600
,599
,600
,599
,601
,600
,601
,600
,600
,599
,601
,599
,601
,601
2026 06 24 15:52:46.537311,601
,600
,600
,601
,601
,600
,599
,600
,599
,601
,600
,600
,601
,598
2026 06 24 15:52:46.597245,601
,601
,600
,601
,599
,601
,601
,600
,601
,600
,599
,601
,601
,599
2026 06 24 15:52:46.662891,600
,600
,601
,601
,601
,600
,600
,600
,601
,599
,601
,601
,600
,601
2026 06 24 15:52:46.724310,600
,600
,600
,601
,601
,599
,601
,601
,600
,601
,600
,600
,600
,601
2026 06 24 15:52:46.790244,601
,601
,599
,601
,601
,601
,601
,600
,600
,601
,600
,601
,601
,600
2026 06 24 15:52:46.851330,599
,599
,599
,600
,600
,600
,601
,599
,601
,600
,600
,600
,600
,599
2026 06 24 15:52:46.912416,601
,600
,600
,600
,600
,601
,600
,599
,600
,599
,598
,593
,588
,563
2026 06 24 15:52:46.977450,581
,560
,572
,526
,561
,539
,571
,532
,526
,517
,522
,522
,500
,518
2026 06 24 15:52:47.039463,470
,521
,480
,523
,467
,490
,440
,491
,502
,488
,500
,471
,495
,428
2026 06 24 15:52:47.105662,429
,377
,468
,468
,470
,423
,460
,457
,433
,457
,429
,449
,416
,449
2026 06 24 15:52:47.167076,416
,442
,391
,407
,350
,305
,408
,430
,461
,339
,410
,409
,439
,365
2026 06 24 15:52:47.227752,420
,358
,333
,294
,375
,368
,381
,444
,369
,374
,350
,377
,334
,347
2026 06 24 15:52:47.294268,332
,339
,334
,326
,349
,298
,356
,318
,350
,321
,355
,314
,333
,320
2026 06 24 15:52:47.355427,317
,324
,299
,336
,304
,319
,244
,303
,279
,331
,269
,310
,283
,298
2026 06 24 15:52:47.421140,301
,282
,309
,278
,319
,264
,313
,293
,298
,269
,297
,311
,282
,296
2026 06 24 15:52:47.481711,261
,301
,272
,293
,258
,303
,252
,298
,272
,261
,270
,250
,288
,223
2026 06 24 15:52:47.543274,262
,245
,286
,251
,284
,271
,288
,288
,238
,251
,250
,277
,246
,281
2026 06 24 15:52:47.609941,246
,285
,256
,284
,257
,245
,261
,265
,291
,254
,284
,245
,275
,232
2026 06 24 15:52:47.671062,265
,228
,256
,258
,255
,263
,237
,281
,238
,293
,245
,289
,242
,268
2026 06 24 15:52:47.736374,248
,260
,250
,238
,270
,249
,269
,238
,264
,230
,264
,253
,300
,240
2026 06 24 15:52:47.797403,224
,258
,232
,280
,236
,274
,213
,245
,232
,258
,274
,233
,247
,268
2026 06 24 15:52:47.860275,254
,229
,256
,215
,282
,237
,251
,209
,262
,223
,263
,271
,221
,218
2026 06 24 15:52:47.924723,238
,238
,238
,260
,231
,298
,248
,268
,94
,233
,294
,275
,262
,234
2026 06 24 15:52:47.986071,260
,211
,242
,234
,257
,225
,238
,241
,241
,252
,228
,256
,225
,268
2026 06 24 15:52:48.051671,230
,267
,229
,256
,232
,245
,226
,238
,226
,197
,258
,239
,270
,234
2026 06 24 15:52:48.113507,262
,228
,264
,250
,250
,239
,228
,249
,237
,246
,239
,289
,239
,262
2026 06 24 15:52:48.174038,241
,258
,251
,245
,240
,190
,228
,244
,284
,261
,285
,247
,277
,235
2026 06 24 15:52:48.240052,264
,261
,231
,263
,240
,275
,226
,253
,209
,256
,220
,241
,219
,240
2026 06 24 15:52:48.301946,244
,238
,262
,226
,263
,233
,285
,244
,272
,238
,273
,258
,258
,255
2026 06 24 15:52:48.367161,243
,267
,233
,273
,257
,271
,246
,269
,258
,267
,262
,256
,279
,265
2026 06 24 15:52:48.429246,295
,236
,282
,241
,277
,247
,279
,251
,271
,279
,265
,284
,257
,291
2026 06 24 15:52:48.490158,252
,290
,271
,291
,257
,275
,264
,262
,273
,251
,287
,253
,296
,258
2026 06 24 15:52:48.554935,294
,251
,286
,272
,292
,282
,282
,292
,269
,298
,269
,301
,259
,303
2026 06 24 15:52:48.617158,274
,293
,273
,284
,290
,266
,293
,266
,302
,266
,304
,268
,303
,267
2026 06 24 15:52:48.682184,297
,292
,283
,284
,265
,302
,252
,300
,268
,312
,277
,303
,284
,281
2026 06 24 15:52:48.744065,287
,277
,305
,291
,326
,282
,330
,285
,317
,290
,317
,302
,301
,321
2026 06 24 15:52:48.805023,304
,316
,294
,334
,286
,322
,290
,324
,289
,314
,294
,302
,313
,295
2026 06 24 15:52:48.871521,329
,293
,333
,290
,319
,286
,321
,301
,313
,308
,296
,321
,297
,335
2026 06 24 15:52:48.932538,294
,324
,289
,326
,297
,318
,294
,302
,317
,295
,312
,280
,316
,275
2026 06 24 15:52:48.997377,317
,286
,310
,286
,305
,302
,301
,316
,284
,316
,283
,322
,292
,322
2026 06 24 15:52:49.059477,276
,306
,289
,308
,302
,292
,323
,290
,317
,280
,316
,274
,307
,282
2026 06 24 15:52:49.120272,307
,293
,299
,307
,284
,316
,282
,318
,267
,314
,283
,303
,274
,297
2026 06 24 15:52:49.186055,305
,301
,304
,293
,328
,286
,321
,277
,319
,274
,306
,289
,289
,306
2026 06 24 15:52:49.247865,307
,326
,287
,325
,292
,323
,272
,318
,293
,299
,294
,304
,299
,277
2026 06 24 15:52:49.313361,302
,271
,313
,275
,319
,277
,308
,278
,309
,300
,287
,305
,284
,330
2026 06 24 15:52:49.374873,296
,317
,275
,321
,291
,293
,290
,276
,290
,280
,317
,267
,269
,276
2026 06 24 15:52:49.435951,324
,256
,281
,301
,300
,282
,283
,311
,275
,302
,267
,317
,232
,288
2026 06 24 15:52:49.501512,300
,281
,281
,309
,288
,262
,290
,273
,302
,250
,296
,272
,314
,266
2026 06 24 15:52:49.563133,291
,292
,273
,272
,271
,297
,264
,304
,273
,310
,263
,303
,279
,285
2026 06 24 15:52:49.627981,331
,283
,300
,283
,262
,243
,333
,226
,299
,276
,278
,275
,292
,301
2026 06 24 15:52:49.689883,284
,305
,280
,332
,280
,304
,275
,326
,281
,297
,287
,323
,321
,297
2026 06 24 15:52:49.750800,320
,286
,311
,261
,295
,246
,285
,273
,278
,271
,281
,298
,277
,310
2026 06 24 15:52:49.816772,250
,301
,262
,308
,263
,299
,275
,281
,293
,278
,299
,276
,314
,271
2026 06 24 15:52:49.878985,314
,283
,306
,283
,308
,300
,306
,284
,301
,291
,273
,336
,282
,343
2026 06 24 15:52:49.939896,272
,333
,315
,321
,313
,320
,339
,319
,337
,310
,340
,285
,340
,311
2026 06 24 15:52:50.005580,326
,313
,308
,327
,319
,342
,312
,352
,301
,347
,305
,341
,307
,331
2026 06 24 15:52:50.066842,329
,313
,322
,301
,334
,291
,333
,292
,344
,289
,331
,307
,313
,308
2026 06 24 15:52:50.133170,320
,336
,303
,349
,295
,352
,299
,337
,317
,340
,310
,319
,330
,320
2026 06 24 15:52:50.194138,325
,295
,348
,294
,336
,301
,329
,287
,316
,312
,312
,315
,298
,334
2026 06 24 15:52:50.254722,306
,315
,294
,346
,301
,326
,317
,325
,314
,319
,343
,304
,329
,303
2026 06 24 15:52:50.321106,359
,293
,341
,310
,335
,303
,320
,331
,315
,334
,298
,345
,310
,349
2026 06 24 15:52:50.381658,317
,345
,308
,337
,337
,332
,340
,335
,366
,310
,338
,311
,354
,309
2026 06 24 15:52:50.447267,333
,324
,328
,318
,321
,324
,286
,302
,308
,336
,286
,346
,277
,351
2026 06 24 15:52:50.508927,367
,375
,374
,340
,338
,311
,347
,302
,333
,304
,336
,303
,322
,322
2026 06 24 15:52:50.570535,319
,328
,308
,355
,315
,341
,312
,352
,296
,326
,326
,316
,305
,338
2026 06 24 15:52:50.636415,374
,332
,358
,323
,360
,313
,340
,317
,342
,323
,332
,351
,324
,342
2026 06 24 15:52:50.697485,321
,360
,315
,344
,318
,350
,314
,331
,339
,333
,338
,332
,363
,312
2026 06 24 15:52:50.762486,353
,316
,349
,312
,329
,333
,319
,325
,330
,361
,324
,368
,324
,360
2026 06 24 15:52:50.824862,313
,347
,329
,353
,330
,325
,352
,330
,346
,315
,365
,317
,359
,329
2026 06 24 15:52:50.885957,354
,320
,338
,342
,328
,345
,322
,367
,324
,354
,333
,360
,320
,347
2026 06 24 15:52:50.950832,345
,342
,339
,333
,364
,328
,357
,323
,351
,320
,349
,337
,350
,342
2026 06 24 15:52:51.012998,339
,351
,327
,354
,330
,376
,334
,362
,333
,352
,323
,339
,351
,336
2026 06 24 15:52:51.078592,353
,332
,382
,332
,370
,335
,347
,319
,345
,339
,336
,341
,336
,348
2026 06 24 15:52:51.140027,321
,349
,318
,355
,312
,343
,326
,347
,335
,335
,350
,330
,354
,324
2026 06 24 15:52:51.201304,358
,309
,345
,331
,351
,314
,339
,348
,334
,350
,327
,359
,316
,346
2026 06 24 15:52:51.266590,323
,350
,315
,335
,329
,316
,326
,321
,359
,314
,344
,316
,355
,316
2026 06 24 15:52:51.327987,344
,333
,340
,331
,332
,357
,319
,349
,313
,362
,320
,352
,337
,346
2026 06 24 15:52:51.394071,327
,343
,360
,335
,349
,325
,364
,312
,339
,335
,356
,324
,331
,344
2026 06 24 15:52:51.455717,337
,341
,337
,377
,331
,360
,335
,363
,328
,343
,340
,346
,331
,329
2026 06 24 15:52:51.516449,369
,325
,356
,332
,377
,328
,352
,337
,351
,336
,336
,350
,329
,340
2026 06 24 15:52:51.582608,337
,367
,327
,364
,335
,364
,331
,351
,350
,348
,347
,336
,367
,319
2026 06 24 15:52:51.643385,362
,330
,364
,330
,354
,338
,340
,332
,344
,355
,320
,359
,333
,369
2026 06 24 15:52:51.709496,320
,353
,335
,354
,332
,330
,345
,335
,362
,336
,371
,314
,356
,334
2026 06 24 15:52:51.770940,366
,328
,348
,353
,337
,351
,332
,373
,322
,352
,329
,355
,311
,341
2026 06 24 15:52:51.832132,347
,330
,338
,336
,355
,324
,350
,328
,364
,311
,344
,331
,352
,329
2026 06 24 15:52:51.897551,331
,351
,335
,347
,325
,375
,322
,349
,329
,350
,319
,337
,346
,335
2026 06 24 15:52:51.959191,339
,334
,378
,324
,360
,332
,361
,322
,352
,349
,341
,343
,347
,380
2026 06 24 15:52:52.024784,339
,369
,340
,374
,333
,361
,349
,359
,346
,352
,372
,340
,366
,333
2026 06 24 15:52:52.086196,380
,335
,373
,343
,369
,324
,347
,357
,346
,347
,330
,366
,324
,358
2026 06 24 15:52:52.147488,329
,348
,318
,331
,319
,253
,318
,397
,392
,337
,371
,344
,378
,328
2026 06 24 15:52:52.213125,360
,345
,343
,326
,338
,364
,332
,353
,320
,354
,322
,346
,327
,352
2026 06 24 15:52:52.275160,325
,335
,352
,336
,346
,328
,367
,316
,342
,313
,355
,318
,336
,342
2026 06 24 15:52:52.340107,330
,327
,312
,354
,322
,347
,306
,355
,303
,342
,321
,337
,328
,329
2026 06 24 15:52:52.400887,344
,319
,350
,320
,359
,316
,345
,320
,338
,311
,342
,353
,343
,354
2026 06 24 15:52:52.462418,317
,352
,330
,355
,330
,349
,314
,340
,343
,322
,336
,337
,371
,331
2026 06 24 15:52:52.528326,353
,330
,362
,312
,349
,336
,348
,327
,329
,355
,324
,349
,331
,361
2026 06 24 15:52:52.590259,318
,342
,339
,337
,320
,333
,355
,330
,352
,331
,362
,321
,353
,325
2026 06 24 15:52:52.656053,353
,322
,340
,349
,339
,345
,324
,350
,311
,351
,325
,355
,317
,343
2026 06 24 15:52:52.716993,336
,341
,327
,333
,364
,328
,349
,328
,362
,315
,344
,321
,343
,324
2026 06 24 15:52:52.777408,340
,356
,327
,346
,319
,360
,314
,355
,330
,342
,319
,338
,339
,330
2026 06 24 15:52:52.844219,337
,323
,359
,315
,355
,330
,347
,307
,342
,338
,343
,333
,328
,355
2026 06 24 15:52:52.905659,324
,345
,315
,359
,314
,342
,330
,342
,323
,319
,344
,315
,337
,318
2026 06 24 15:52:52.970812,349
,310
,347
,320
,333
,310
,330
,346
,335
,351
,331
,364
,316
,350
2026 06 24 15:52:53.031986,320
,344
,315
,345
,337
,336
,336
,332
,352
,320
,346
,320
,353
,313
2026 06 24 15:52:53.093687,352
,332
,346
,316
,329
,356
,318
,347
,322
,357
,307
,340
,328
,343
2026 06 24 15:52:53.159592,322
,340
,342
,315
,341
,316
,355
,305
,332
,315
,332
,287
,312
,310
2026 06 24 15:52:53.220915,336
,315
,321
,356
,314
,343
,320
,353
,306
,345
,322
,340
,325
,327
2026 06 24 15:52:53.286822,340
,313
,350
,333
,372
,330
,375
,339
,362
,348
,340
,363
,350
,362
2026 06 24 15:52:53.348180,316
,349
,332
,368
,327
,353
,330
,349
,342
,338
,354
,345
,371
,326
2026 06 24 15:52:53.409200,355
,334
,359
,315
,350
,330
,332
,314
,314
,353
,321
,343
,320
,348
2026 06 24 15:52:53.474799,302
,339
,327
,345
,316
,332
,348
,325
,339
,306
,356
,300
,344
,327
2026 06 24 15:52:53.536532,349
,312
,334
,339
,331
,342
,326
,373
,323
,355
,326
,349
,313
,350
2026 06 24 15:52:53.601522,336
,345
,341
,330
,351
,322
,345
,323
,366
,311
,349
,338
,354
,334
2026 06 24 15:52:53.662463,341
,362
,335
,349
,331
,364
,326
,354
,340
,356
,327
,344
,353
,340
2026 06 24 15:52:53.724546,342
,334
,356
,321
,364
,337
,361
,317
,346
,344
,340
,352
,347
,368
2026 06 24 15:52:53.790262,333
,366
,313
,366
,317
,357
,349
,351
,334
,340
,354
,319
,332
,338
2026 06 24 15:52:53.850951,347
,309
,384
,356
,373
,328
,338
,334
,335
,347
,308
,363
,328
,354
2026 06 24 15:52:53.917187,313
,345
,329
,337
,339
,359
,341
,333
,367
,331
,356
,315
,360
,315
2026 06 24 15:52:53.979168,336
,350
,373
,338
,346
,357
,328
,373
,337
,370
,325
,372
,327
,334
2026 06 24 15:52:54.038913,323
,351
,351
,332
,344
,333
,361
,310
,343
,313
,332
,286
,329
,347
2026 06 24 15:52:54.105490,337
,335
,325
,363
,326
,363
,330
,379
,324
,356
,345
,353
,354
,339
2026 06 24 15:52:54.166994,359
,328
,360
,318
,360
,322
,364
,337
,340
,334
,338
,358
,339
,363
2026 06 24 15:52:54.227714,336
,378
,328
,370
,324
,349
,333
,352
,357
,345
,331
,335
,368
,344
2026 06 24 15:52:54.293976,371
,335
,381
,316
,353
,344
,353
,345
,352
,362
,327
,368
,327
,371
2026 06 24 15:52:54.354601,320
,352
,337
,349
,321
,343
,347
,335
,354
,334
,358
,318
,350
,333
2026 06 24 15:52:54.420835,369
,350
,354
,342
,351
,354
,333
,378
,336
,367
,334
,368
,309
,341
2026 06 24 15:52:54.482404,340
,352
,341
,334
,339
,334
,362
,314
,339
,248
,350
,362
,344
,230
2026 06 24 15:52:54.543371,325
,372
,356
,398
,363
,370
,284
,336
,341
,364
,323
,317
,342
,353
2026 06 24 15:52:54.609732,347
,334
,356
,308
,353
,334
,366
,316
,343
,322
,315
,332
,316
,341
2026 06 24 15:52:54.670029,318
,351
,313
,350
,313
,334
,328
,337
,314
,322
,327
,313
,331
,303
2026 06 24 15:52:54.736704,339
,296
,338
,320
,343
,306
,337
,349
,341
,345
,325
,361
,335
,363
2026 06 24 15:52:54.796973,321
,348
,311
,339
,335
,335
,345
,345
,374
,336
,374
,337
,367
,317
2026 06 24 15:52:54.858898,340
,319
,370
,350
,329
,351
,333
,352
,334
,369
,311
,355
,333
,363
2026 06 24 15:52:54.924822,330
,359
,356
,344
,353
,318
,362
,328
,347
,320
,359
,341
,384
,353
2026 06 24 15:52:54.985952,336
,355
,339
,376
,337
,357
,305
,353
,338
,387
,358
,352
,324
,338
2026 06 24 15:52:55.050898,359
,332
,368
,337
,364
,325
,362
,333
,369
,347
,352
,360
,347
,371
2026 06 24 15:52:55.113767,343
,369
,331
,369
,333
,357
,317
,343
,334
,346
,341
,338
,355
,324
2026 06 24 15:52:55.175407,354
,340
,357
,297
,344
,336
,371
,356
,345
,376
,349
,380
,333
,378
2026 06 24 15:52:55.240071,319
,371
,343
,362
,327
,358
,367
,335
,365
,334
,366
,310
,368
,343
2026 06 24 15:52:55.301419,360
,322
,393
,375
,366
,356
,353
,385
,335
,373
,334
,394
,322
,387
2026 06 24 15:52:55.366989,355
,353
,326
,340
,380
,358
,390
,321
,362
,289
,374
,340
,307
,335
2026 06 24 15:52:55.428413,397
,409
,380
,392
,340
,373
,325
,375
,334
,371
,312
,358
,365
,343
2026 06 24 15:52:55.489473,359
,333
,398
,336
,379
,352
,366
,316
,381
,350
,349
,325
,331
,384
2026 06 24 15:52:55.555444,323
,369
,320
,386
,320
,372
,332
,362
,328
,352
,409
,322
,335
,373
2026 06 24 15:52:55.616386,365
,303
,309
,332
,363
,328
,309
,352
,321
,355
,317
,369
,334
,349
2026 06 24 15:52:55.682020,295
,347
,316
,332
,319
,323
,333
,336
,370
,318
,354
,301
,358
,300
2026 06 24 15:52:55.743935,368
,327
,338
,336
,336
,354
,315
,362
,322
,372
,301
,335
,312
,329
2026 06 24 15:52:55.805337,305
,323
,343
,363
,392
,353
,379
,313
,363
,331
,363
,336
,353
,335
2026 06 24 15:52:55.869925,340
,333
,320
,354
,285
,361
,323
,364
,298
,363
,345
,332
,319
,351
2026 06 24 15:52:55.932227,360
,321
,342
,315
,351
,254
,343
,288
,378
,345
,342
,345
,300
,317
2026 06 24 15:52:55.997948,303
,276
,224
,331
,314
,326
,272
,315
,311
,317
,371
,346
,343
,285
2026 06 24 15:52:56.059275,347
,294
,326
,278
,356
,297
,278
,267
,309
,334
,293
,315
,297
,343
2026 06 24 15:52:56.120257,325
,334
,307
,320
,235
,289
,357
,263
,286
,298
,394
,311
,350
,306
2026 06 24 15:52:56.185970,348
,320
,311
,325
,310
,304
,321
,386
,272
,330
,304
,351
,277
,338
2026 06 24 15:52:56.247042,332
,335
,280
,334
,336
,290
,341
,308
,336
,298
,307
,335
,361
,320
2026 06 24 15:52:56.312318,300
,379
,334
,348
,288
,353
,295
,314
,314
,343
,275
,360
,340
,307
2026 06 24 15:52:56.374773,312
,278
,387
,334
,358
,278
,365
,310
,365
,344
,337
,312
,334
,334
2026 06 24 15:52:56.436016,326
,370
,319
,353
,290
,347
,340
,340
,301
,312
,347
,321
,346
,329
2026 06 24 15:52:56.501642,339
,294
,326
,333
,346
,336
,354
,352
,329
,346
,327
,351
,291
,350
2026 06 24 15:52:56.562186,325
,356
,312
,339
,326
,360
,300
,297
,384
,303
,357
,316
,361
,313
2026 06 24 15:52:56.629084,381
,326
,352
,294
,337
,372
,321
,368
,347
,377
,319
,348
,343
,351
2026 06 24 15:52:56.689274,301
,339
,379
,339
,315
,315
,362
,337
,355
,306
,361
,320
,359
,346
2026 06 24 15:52:56.751107,344
,340
,345
,361
,287
,351
,346
,361
,312
,318
,334
,370
,317
,375
2026 06 24 15:52:56.817035,398
,351
,373
,332
,379
,307
,333
,343
,365
,314
,334
,373
,335
,349
2026 06 24 15:52:56.878942,325
,352
,326
,381
,284
,365
,332
,368
,352
,351
,352
,352
,390
,321
2026 06 24 15:52:56.942895,358
,337
,357
,323
,340
,354
,370
,349
,360
,371
,329
,363
,319
,360
2026 06 24 15:52:57.005479,304
,350
,317
,363
,326
,339
,394
,334
,361
,317
,381
,335
,366
,323
2026 06 24 15:52:57.066265,378
,350
,366
,342
,343
,366
,346
,368
,310
,350
,338
,363
,336
,384
2026 06 24 15:52:57.132435,340
,360
,344
,354
,383
,314
,363
,346
,374
,316
,368
,339
,354
,325
2026 06 24 15:52:57.193837,384
,377
,330
,353
,369
,398
,331
,402
,341
,365
,330
,363
,340
,315
2026 06 24 15:52:57.260105,366
,350
,388
,347
,384
,352
,391
,345
,386
,380
,348
,324
,361
,397
2026 06 24 15:52:57.320700,340
,390
,341
,393
,343
,394
,366
,386
,392
,398
,409
,363
,391
,363
2026 06 24 15:52:57.381915,385
,365
,394
,379
,382
,337
,378
,373
,377
,394
,350
,415
,372
,426
2026 06 24 15:52:57.447491,385
,398
,349
,390
,366
,376
,412
,390
,419
,378
,397
,352
,324
,353
2026 06 24 15:52:57.509403,433
,378
,429
,449
,399
,446
,373
,405
,396
,434
,380
,410
,372
,362
2026 06 24 15:52:57.574794,351
,386
,385
,361
,380
,382
,399
,343
,395
,369
,418
,353
,360
,379
2026 06 24 15:52:57.636397,345
,383
,350
,397
,359
,418
,339
,439
,388
,399
,408
,393
,380
,354
2026 06 24 15:52:57.697509,379
,385
,380
,342
,438
,373
,428
,386
,401
,367
,391
,386
,340
,389
2026 06 24 15:52:57.762647,363
,399
,360
,428
,391
,422
,360
,383
,378
,395
,397
,370
,403
,373
2026 06 24 15:52:57.824654,414
,381
,414
,367
,403
,376
,380
,384
,384
,410
,372
,387
,367
,401
2026 06 24 15:52:57.885276,353
,374
,372
,376
,375
,366
,333
,342
,398
,348
,362
,321
,436
,390
2026 06 24 15:52:57.950824,411
,356
,383
,383
,338
,328
,409
,420
,263
,322
,425
,446
,395
,426
2026 06 24 15:52:58.013155,408
,346
,319
,324
,352
,389
,432
,341
,386
,338
,370
,348
,380
,367
2026 06 24 15:52:58.078482,376
,392
,366
,387
,367
,418
,348
,402
,373
,386
,346
,368
,372
,371
2026 06 24 15:52:58.139899,384
,370
,386
,353
,379
,363
,400
,324
,304
,302
,312
,341
,432
,449
2026 06 24 15:52:58.200970,416
,432
,387
,381
,333
,373
,370
,363
,308
,353
,356
,366
,380
,350
2026 06 24 15:52:58.266545,367
,304
,379
,352
,377
,328
,343
,378
,360
,367
,345
,402
,352
,361
2026 06 24 15:52:58.327693,340
,388
,307
,344
,354
,304
,292
,393
,379
,324
,379
,264
,375
,329
2026 06 24 15:52:58.394255,355
,352
,365
,353
,376
,400
,378
,397
,364
,401
,336
,383
,354
,377
2026 06 24 15:52:58.455815,356
,367
,384
,351
,365
,359
,403
,340
,375
,350
,375
,318
,384
,365
2026 06 24 15:52:58.516897,353
,350
,318
,381
,313
,278
,401
,441
,334
,371
,414
,386
,316
,359
2026 06 24 15:52:58.583761,415
,400
,396
,359
,398
,343
,381
,368
,379
,349
,372
,394
,344
,339
2026 06 24 15:52:58.643602,345
,386
,334
,339
,372
,407
,338
,353
,330
,404
,382
,364
,378
,339
2026 06 24 15:52:58.709178,385
,340
,363
,329
,371
,384
,363
,350
,336
,386
,368
,382
,345
,363
2026 06 24 15:52:58.769830,332
,345
,348
,392
,334
,368
,372
,337
,346
,328
,439
,346
,369
,333
2026 06 24 15:52:58.831902,372
,332
,367
,402
,382
,382
,361
,400
,338
,381
,353
,386
,356
,398
2026 06 24 15:52:58.898870,374
,392
,388
,384
,399
,368
,400
,368
,407
,386
,409
,377
,396
,375
2026 06 24 15:52:58.959164,408
,413
,383
,382
,403
,442
,373
,396
,408
,420
,381
,401
,403
,381
2026 06 24 15:52:59.024836,402
,396
,428
,367
,401
,370
,408
,367
,405
,342
,374
,417
,415
,407
2026 06 24 15:52:59.086066,372
,434
,385
,426
,356
,426
,395
,396
,379
,388
,399
,342
,363
,326
2026 06 24 15:52:59.147572,410
,376
,367
,298
,416
,386
,400
,401
,370
,367
,358
,407
,351
,357
2026 06 24 15:52:59.212228,336
,371
,332
,361
,342
,359
,345
,342
,381
,364
,403
,368
,408
,335
2026 06 24 15:52:59.274076,384
,357
,359
,365
,380
,413
,369
,364
,320
,474
,366
,381
,359
,391
2026 06 24 15:52:59.339859,349
,384
,383
,363
,390
,373
,390
,334
,381
,363
,402
,322
,365
,382
2026 06 24 15:52:59.401477,366
,376
,361
,364
,338
,385
,336
,348
,310
,412
,336
,265
,392
,344
2026 06 24 15:52:59.462294,423
,413
,417
,344
,400
,358
,387
,345
,344
,309
,318
,373
,337
,364
2026 06 24 15:52:59.528474,253
,361
,362
,411
,345
,402
,374
,380
,404
,378
,372
,366
,404
,357
2026 06 24 15:52:59.589584,401
,370
,407
,350
,362
,354
,352
,361
,349
,382
,337
,377
,341
,374
2026 06 24 15:52:59.655250,321
,413
,365
,360
,340
,300
,342
,392
,464
,407
,437
,367
,396
,407
2026 06 24 15:52:59.716945,406
,360
,385
,362
,374
,386
,374
,415
,346
,402
,368
,402
,343
,390
2026 06 24 15:52:59.778148,379
,379
,392
,407
,397
,357
,391
,355
,411
,341
,383
,364
,425
,408
2026 06 24 15:52:59.842966,465
,460
,439
,407
,383
,387
,299
,355
,368
,378
,342
,410
,403
,395
2026 06 24 15:52:59.904365,467
,450
,516
,468
,481
,381
,438
,437
,475
,344
,440
,510
,481
,493
2026 06 24 15:52:59.970080,453
,491
,388
,371
,367
,391
,333
,369
,330
,381
,483
,441
,448
,397
2026 06 24 15:53:00.031501,434
,378
,422
,343
,372
,323
,299
,302
,242
,321
,330
,361
,269
,304
2026 06 24 15:53:00.093680,331
,346
,310
,336
,294
,301
,286
,262
,291
,251
,270
,212
,290
,248
2026 06 24 15:53:00.159223,257
,216
,330
,296
,267
,308
,255
,281
,244
,278
,219
,252
,222
,276
2026 06 24 15:53:00.220548,188
,107
,275
,226
,262
,286
,305
,248
,310
,259
,278
,228
,293
,275
2026 06 24 15:53:00.286043,255
,270
,223
,237
,165
,221
,160
,203
,194
,206
,194
,208
,177
,173
2026 06 24 15:53:00.347836,196
,150
,177
,143
,169
,121
,156
,141
,175
,154
,180
,188
,152
,168
2026 06 24 15:53:00.409123,157
,204
,161
,198
,167
,221
,151
,165
,182
,169
,204
,173
,228
,208
2026 06 24 15:53:00.474556,241
,203
,247
,193
,234
,208
,216
,193
,204
,244
,214
,236
,198
,231
2026 06 24 15:53:00.536076,190
,220
,202
,229
,189
,191
,265
,226
,226
,232
,273
,208
,261
,226
2026 06 24 15:53:00.601468,251
,216
,257
,238
,214
,233
,246
,263
,222
,263
,222
,261
,208
,248
2026 06 24 15:53:00.663133,246
,257
,237
,228
,269
,230
,258
,237
,267
,203
,242
,226
,242
,217
2026 06 24 15:53:00.724105,255
,264
,247
,268
,240
,287
,234
,275
,228
,265
,247
,288
,287
,265
2026 06 24 15:53:00.790181,261
,234
,289
,245
,302
,259
,285
,257
,301
,274
,289
,285
,272
,316
2026 06 24 15:53:00.851329,286
,314
,288
,322
,271
,306
,277
,295
,275
,278
,316
,299
,291
,256
2026 06 24 15:53:00.916826,325
,274
,303
,259
,300
,283
,301
,305
,296
,304
,288
,305
,266
,300
2026 06 24 15:53:00.977597,281
,316
,272
,286
,293
,293
,294
,291
,302
,269
,303
,267
,331
,296
2026 06 24 15:53:01.039298,305
,301
,326
,316
,295
,319
,292
,310
,307
,301
,254
,316
,295
,350
2026 06 24 15:53:01.105851,296
,312
,323
,258
,337
,344
,344
,268
,355
,329
,366
,311
,318
,305
2026 06 24 15:53:01.166600,331
,302
,264
,315
,379
,341
,272
,377
,290
,290
,209
,226
,366
,357
2026 06 24 15:53:01.231493,327
,234
,262
,197
,338
,245
,314
,259
,341
,331
,243
,392
,381
,386
2026 06 24 15:53:01.293420,319
,387
,312
,338
,325
,361
,307
,337
,324
,349
,308
,292
,393
,330
2026 06 24 15:53:01.355189,309
,284
,331
,367
,313
,346
,417
,359
,308
,284
,376
,450
,374
,398
2026 06 24 15:53:01.420424,327
,352
,316
,313
,345
,371
,371
,355
,376
,340
,368
,354
,395
,296
2026 06 24 15:53:01.481977,273
,407
,425
,401
,365
,364
,273
,338
,399
,408
,418
,429
,389
,391
2026 06 24 15:53:01.543266,346
,378
,362
,357
,389
,359
,387
,269
,186
,329
,429
,416
,338
,367
2026 06 24 15:53:01.609243,413
,374
,355
,472
,376
,378
,358
,358
,294
,341
,343
,362
,341
,341
2026 06 24 15:53:01.669314,370
,353
,361
,345
,394
,347
,371
,346
,335
,397
,415
,405
,338
,340
2026 06 24 15:53:01.736189,327
,404
,364
,364
,227
,292
,456
,401
,408
,421
,346
,374
,436
,385
2026 06 24 15:53:01.797581,420
,387
,400
,367
,382
,340
,383
,374
,364
,369
,325
,388
,384
,402
2026 06 24 15:53:01.858080,372
,365
,360
,342
,314
,351
,373
,247
,506
,424
,409
,387
,435
,367
2026 06 24 15:53:01.924531,437
,408
,394
,382
,387
,372
,352
,389
,355
,365
,293
,382
,445
,449
2026 06 24 15:53:01.985655,414
,415
,419
,426
,450
,412
,435
,395
,420
,398
,428
,397
,384
,404
2026 06 24 15:53:02.050878,417
,437
,389
,417
,354
,411
,360
,426
,361
,414
,409
,456
,430
,392
2026 06 24 15:53:02.112198,474
,451
,477
,425
,447
,350
,376
,395
,441
,424
,385
,470
,456
,461
2026 06 24 15:53:02.173794,441
,456
,391
,416
,393
,411
,405
,429
,462
,421
,397
,366
,391
,384
2026 06 24 15:53:02.240063,416
,402
,416
,375
,404
,421
,412
,436
,422
,433
,411
,414
,405
,419
2026 06 24 15:53:02.301246,397
,437
,403
,382
,376
,359
,333
,366
,436
,242
,467
,523
,504
,480
2026 06 24 15:53:02.366965,485
,430
,449
,430
,384
,387
,400
,428
,369
,350
,298
,446
,423
,470
2026 06 24 15:53:02.428400,491
,492
,464
,403
,382
,389
,417
,404
,451
,391
,424
,417
,422
,420
2026 06 24 15:53:02.489877,445
,454
,439
,462
,446
,483
,459
,451
,409
,449
,425
,426
,418
,419
2026 06 24 15:53:02.554742,427
,405
,443
,402
,442
,420
,449
,405
,434
,410
,435
,405
,420
,432
2026 06 24 15:53:02.616922,398
,423
,412
,409
,400
,426
,408
,426
,416
,400
,414
,368
,436
,403
2026 06 24 15:53:02.682117,422
,398
,430
,426
,434
,410
,408
,412
,391
,432
,404
,414
,372
,378
2026 06 24 15:53:02.742868,380
,390
,416
,445
,417
,393
,391
,410
,421
,398
,424
,403
,398
,345
2026 06 24 15:53:02.805109,413
,387
,388
,392
,385
,390
,366
,358
,334
,419
,433
,380
,390
,459
2026 06 24 15:53:02.870512,412
,397
,372
,385
,389
,369
,404
,355
,403
,387
,427
,386
,415
,421
2026 06 24 15:53:02.931748,411
,412
,427
,457
,427
,443
,417
,460
,409
,444
,412
,436
,420
,415
2026 06 24 15:53:02.997509,456
,421
,441
,424
,464
,418
,452
,442
,457
,433
,442
,455
,456
,456
2026 06 24 15:53:03.059143,456
,488
,428
,471
,436
,463
,423
,433
,431
,433
,456
,434
,462
,419
2026 06 24 15:53:03.119742,450
,399
,453
,422
,450
,424
,425
,434
,419
,449
,424
,427
,397
,443
2026 06 24 15:53:03.186052,404
,440
,401
,424
,399
,392
,404
,401
,408
,403
,435
,399
,422
,360
2026 06 24 15:53:03.246651,407
,390
,407
,403
,383
,379
,365
,401
,417
,429
,373
,409
,389
,409
2026 06 24 15:53:03.315215,385
,392
,380
,375
,397
,378
,386
,368
,413
,375
,390
,382
,396
,375
2026 06 24 15:53:03.375166,394
,387
,378
,382
,363
,410
,371
,389
,351
,372
,364
,390
,378
,390
2026 06 24 15:53:03.435315,396
,349
,392
,382
,398
,355
,384
,374
,359
,347
,368
,360
,360
,386
2026 06 24 15:53:03.501413,361
,388
,329
,364
,356
,385
,317
,355
,372
,376
,390
,356
,361
,339
2026 06 24 15:53:03.562297,387
,360
,387
,350
,365
,361
,357
,358
,345
,370
,316
,363
,337
,396
2026 06 24 15:53:03.628297,335
,398
,385
,398
,370
,377
,394
,375
,377
,355
,377
,353
,375
,332
2026 06 24 15:53:03.690175,374
,365
,370
,356
,351
,355
,350
,372
,334
,375
,363
,383
,355
,363
2026 06 24 15:53:03.751347,340
,344
,348
,363
,372
,341
,388
,364
,381
,358
,365
,349
,383
,371
2026 06 24 15:53:03.816461,368
,371
,364
,393
,360
,371
,355
,378
,360
,371
,352
,380
,350
,292
2026 06 24 15:53:03.877491,362
,393
,427
,392
,410
,375
,403
,388
,397
,373
,364
,363
,357
,385
2026 06 24 15:53:03.943704,333
,371
,321
,399
,370
,354
,345
,388
,396
,386
,378
,376
,395
,343
2026 06 24 15:53:04.005335,342
,321
,357
,323
,349
,333
,343
,336
,330
,355
,334
,374
,339
,363
2026 06 24 15:53:04.066228,327
,357
,353
,361
,327
,348
,371
,309
,334
,328
,382
,319
,337
,320
2026 06 24 15:53:04.132075,386
,324
,312
,330
,317
,304
,340
,375
,303
,292
,300
,361
,309
,366
2026 06 24 15:53:04.193590,403
,357
,360
,362
,386
,348
,348
,293
,319
,281
,290
,307
,332
,368
2026 06 24 15:53:04.259294,398
,398
,399
,419
,401
,414
,362
,336
,282
,282
,276
,297
,329
,327
2026 06 24 15:53:04.319732,356
,361
,380
,353
,400
,374
,394
,371
,374
,385
,384
,378
,371
,423
2026 06 24 15:53:04.381851,392
,410
,374
,406
,415
,437
,424
,440
,446
,426
,421
,379
,388
,356
2026 06 24 15:53:04.447282,417
,395
,439
,401
,422
,411
,433
,465
,466
,471
,444
,469
,421
,457
2026 06 24 15:53:04.508975,414
,443
,436
,445
,443
,432
,442
,439
,457
,426
,479
,448
,478
,468
2026 06 24 15:53:04.574454,477
,438
,411
,416
,417
,423
,448
,471
,431
,467
,433
,478
,511
,543
2026 06 24 15:53:04.635840,505
,474
,446
,399
,396
,392
,402
,396
,511
,467
,495
,482
,492
,461
2026 06 24 15:53:04.696923,476
,499
,471
,486
,453
,505
,479
,487
,457
,494
,484
,479
,476
,487
2026 06 24 15:53:04.762820,483
,447
,488
,451
,477
,449
,489
,444
,477
,471
,463
,471
,453
,489
2026 06 24 15:53:04.824492,447
,474
,445
,467
,455
,465
,441
,455
,449
,446
,477
,456
,475
,450
2026 06 24 15:53:04.890224,489
,449
,464
,448
,468
,427
,443
,463
,409
,458
,457
,474
,489
,534
2026 06 24 15:53:04.951426,474
,505
,466
,501
,464
,453
,454
,461
,481
,431
,444
,434
,441
,401
2026 06 24 15:53:05.012212,435
,415
,377
,351
,392
,413
,400
,447
,374
,386
,360
,391
,352
,367
2026 06 24 15:53:05.078506,376
,353
,311
,325
,356
,321
,367
,292
,315
,330
,311
,369
,434
,379
2026 06 24 15:53:05.139253,350
,375
,378
,411
,361
,389
,324
,371
,310
,364
,373
,384
,383
,368
2026 06 24 15:53:05.205152,390
,382
,404
,363
,415
,393
,438
,387
,380
,373
,402
,409
,412
,444
2026 06 24 15:53:05.267050,408
,457
,418
,457
,415
,452
,439
,445
,448
,443
,486
,471
,492
,495
2026 06 24 15:53:05.327872,564
,563
,598
,600
,600
,600
,600
,601
,601
,599
,601
,600
,601
,600
2026 06 24 15:53:05.392701,601
,600
,600
,601
,600
,599
,601
,600
,600
,600
,601
,600
,600
,600
2026 06 24 15:53:05.454945,601
,600
,600
,598
,600
,601
,600
,601
,601
,601
,600
,599
,601
,600
2026 06 24 15:53:05.517065,601
,601
,600
,601
,600
,599
,601
,600
,601
,600
,601
,600
,601
,601
2026 06 24 15:53:05.581213,600
,600
,601
,601
,600
,601
,599
,601
,600
,601
,601
,601
,600
,600
2026 06 24 15:53:05.643497,601
,600
,601
,601
,600
,599
,601
,600
,601
,600
,601
,600
,600
,599
2026 06 24 15:53:05.709054,600
,599
,599
,602
,600
,600
,601
,600
,601
,599
,601
,600
,599
,600
2026 06 24 15:53:05.770515,601
,600
,600
,600
,601
,600
,601
,600
,599
,600
,601
,600
,601
,601
2026 06 24 15:53:05.832586,600
,601
,601
,600
,600
,600
,601
,600
,599
,601
,600
,601
,600
,601
2026 06 24 15:53:05.898216,601
,600
,601
,600
,601
,600
,601
,600
,600
,601
,600
,600
,599
,601
2026 06 24 15:53:05.958916,600
,599
,600
,601
,601
,600
,601
,599
,600
,600
,601
,600
,601
,600
2026 06 24 15:53:06.024442,600
,600
,600
,599
,601
,600
,599
,601
,601
,600
,600
,601
,600
,600
2026 06 24 15:53:06.085946,601
,601
,603
,601
,600
,601
,600
,601
,600
,601
,600
,600
,600
,600
2026 06 24 15:53:06.147251,601
,601
,600
,599
,601
,600
,601
,600
,601
,600
,601
,600
,600
,601
2026 06 24 15:53:06.212857,601
,600
,602
,600
,601
,600
,601
,600
,599
,600
,600
,601
,600
,601
2026 06 24 15:53:06.273973,600
,600
,599
,601
,600
,601
,601
,601
,600
,599
,601
,600
,601
,600
2026 06 24 15:53:06.340255,601
,599
,599
,600
,600
,601
,601
,599
,600
,600
,601
,600
,601
,599
2026 06 24 15:53:06.401302,600
,600
,599
,600
,600
,600
,602
,601
,600
,600
,599
,601
,594
,571
2026 06 24 15:53:06.461921,575
,544
,524
,532
,511
,536
,478
,470
,414
,428
,444
,320
,363
,468
2026 06 24 15:53:06.528286,430
,388
,410
,373
,396
,345
,349
,300
,313
,273
,285
,278
,250
,270
2026 06 24 15:53:06.589205,227
,246
,206
,204
,169
,202
,155
,162
,142
,144
,151
,124
,137
,92
2026 06 24 15:53:06.655360,118
,72
,92
,68
,71
,49
,69
,51
,26
,42
,17
,25
,0
,10
2026 06 24 15:53:06.717324,0
,0
,0
,0
,0
,0
,0
,0
,0
,0
,0
,0
,0
,0
2026 06 24 15:53:06.777921,0
,0
,0
,0
,0
,0
,0
,0
,0
,0
,0
,0
,0
,0
2026 06 24 15:53:06.843788,0
,0
,0
,0
,0
,0
,0
,0
,0
,0
,0
,0
,0
,0
2026 06 24 15:53:06.904337,0
,0
,0
,0
,0
,0
,0
,0
,0
,0
,0
,0
,0
,0
2026 06 24 15:53:06.970116,3
,0
,0
,0
,0
,0
,0
,0
,0
,0
,0
,0
,0
,0
2026 06 24 15:53:07.031369,0
,0
,0
,0
,0
,0
,0
,0
,0
,0
,0
,0
,0
,0
2026 06 24 15:53:07.092767,0
,0
,0
,0
,0
,0
,0
,0
,0
,0
,0
,0
,0
,0
2026 06 24 15:53:07.158213,0
,0
,0
,0
,0
,0
,0
,0
,0
,0
,0
,0
,0
,0
2026 06 24 15:53:07.219735,0
,0
,0
,0
,0
,0
,0
,0
,0
,0
,0
,0
,0
,0
2026 06 24 15:53:07.285975,0
,0
,0
,0
,0
,0
,0
,0
,0
,0
,0
,0
,0
,0
2026 06 24 15:53:07.347294,0
,0
,0
,0
,0
,0
,0
,0
,0
,0
,0
,0
,0
,0
2026 06 24 15:53:07.407414,0
,0
,0
,0
,0
,0
,0
,0
,0
,0
,0
,0
,0
,0
2026 06 24 15:53:07.473395,0
,0
,0
,0
,0
,0
,0
,0
,0
,0
,0
,0
,0
,0
2026 06 24 15:53:07.535848,0
,0
,0
,0
,0
,0
,0
,0
,0
,0
,0
,0
,0
,0
2026 06 24 15:53:07.601843,0
,0
,0
,0
,0
,0
,0
,0
,0
,0
,0
,0
,0
,0
2026 06 24 15:53:07.663062,0
,0
,0
,0
,0
,0
,0
,0
,0
,0
,0
,0
,0
,0
2026 06 24 15:53:07.723875,0
,0
,0
,0
,0
,0
,0
,0
,0
,0
,0
,0
,0
,0
2026 06 24 15:53:07.789987,0
,0
,0
,0
,0
,0
,0
,0
,0
,0
,0
,0
,0
,0
2026 06 24 15:53:07.851115,0
,0
,0
,0
,0
,0
,0
,0
,0
,0
,0
,0
,0
,0
2026 06 24 15:53:07.916622,0
,0
,0
,0
,0
,0
,0
,0
,0
,0
,0
,0
,0
,0
2026 06 24 15:53:07.978252,0
,0
,0
,0
,0
,0
,0
,0
,0
,0
,0
,0
,0
,0
2026 06 24 15:53:08.039405,0
,0
,0
,0
,0
,0
,0
,0
,0
,0
,0
,0
,0
,0
2026 06 24 15:53:08.104819,0
,0
,0
,0
,0
,0
,0
,0
,0
,0
,0
,0
,0
,0
2026 06 24 15:53:08.166244,0
,0
,0
,0
,0
,0
,0
,0
,0
,0
,0
,0
,1
,0
2026 06 24 15:53:08.233202,0
,0
,0
,0
,0
,0
,0
,0
,0
,0
,0
,0
,2
,9
2026 06 24 15:53:08.294107,38
,5
,32
,7
,56
,4
,23
,8
,27
,16
,36
,36
,15
,44
2026 06 24 15:53:08.354568,29
,58
,20
,54
,53
,88
,54
,87
,75
,50
,79
,69
,95
,82
2026 06 24 15:53:08.420421,114
,80
,106
,80
,105
,98
,85
,92
,88
,130
,110
,143
,99
,144
2026 06 24 15:53:08.482135,108
,136
,150
,148
,119
,129
,140
,123
,155
,152
,195
,140
,148
,134
2026 06 24 15:53:08.549236,170
,159
,187
,186
,177
,171
,178
,255
,233
,247
,192
,255
,194
,155
2026 06 24 15:53:08.609463,153
,155
,125
,139
,187
,157
,175
,150
,180
,138
,178
,158
,193
,190
2026 06 24 15:53:08.669688,136
,161
,170
,197
,167
,213
,174
,194
,171
,179
,155
,152
,173
,166
2026 06 24 15:53:08.736233,185
,137
,168
,130
,179
,166
,184
,160
,191
,188
,179
,170
,164
,199
2026 06 24 15:53:08.797262,158
,175
,156
,201
,172
,205
,197
,196
,188
,190
,216
,205
,245
,212
2026 06 24 15:53:08.862523,232
,188
,238
,227
,239
,230
,236
,245
,227
,256
,217
,256
,232
,249
2026 06 24 15:53:08.924932,229
,272
,251
,273
,230
,256
,287
,242
,294
,281
,295
,278
,305
,267
2026 06 24 15:53:08.985021,278
,270
,291
,272
,283
,291
,269
,307
,263
,298
,262
,321
,313
,315
2026 06 24 15:53:09.051253,294
,305
,334
,315
,341
,285
,333
,315
,333
,281
,321
,308
,345
,336
2026 06 24 15:53:09.113170,336
,330
,322
,372
,324
,342
,324
,361
,326
,350
,337
,346
,341
,326
2026 06 24 15:53:09.178184,363
,340
,366
,327
,357
,338
,367
,348
,336
,341
,363
,375
,342
,367
2026 06 24 15:53:09.239726,330
,354
,327
,370
,335
,357
,340
,352
,352
,351
,370
,341
,376
,333
2026 06 24 15:53:09.301049,362
,350
,373
,346
,368
,350
,361
,365
,362
,393
,374
,391
,358
,401
2026 06 24 15:53:09.367088,365
,390
,364
,369
,381
,375
,394
,392
,420
,384
,428
,400
,427
,392
2026 06 24 15:53:09.427589,401
,387
,386
,391
,377
,384
,353
,401
,373
,409
,367
,389
,352
,386
2026 06 24 15:53:09.489056,385
,385
,390
,370
,402
,371
,402
,375
,393
,363
,403
,378
,394
,389
2026 06 24 15:53:09.555086,379
,386
,380
,420
,392
,427
,378
,388
,384
,418
,387
,390
,409
,412
2026 06 24 15:53:09.615824,418
,402
,436
,388
,411
,395
,415
,392
,409
,408
,403
,410
,395
,422
2026 06 24 15:53:09.681977,389
,421
,385
,433
,404
,420
,409
,416
,417
,416
,428
,426
,438
,419
2026 06 24 15:53:09.743359,443
,412
,439
,425
,455
,457
,463
,464
,449
,461
,422
,475
,453
,481
2026 06 24 15:53:09.804189,440
,463
,452
,455
,462
,449
,466
,443
,469
,433
,461
,418
,463
,445
2026 06 24 15:53:09.870512,475
,450
,448
,446
,446
,477
,451
,479
,433
,485
,449
,474
,452
,467
2026 06 24 15:53:09.931809,455
,452
,486
,459
,488
,462
,494
,463
,497
,455
,464
,466
,489
,488
2026 06 24 15:53:09.997565,471
,508
,467
,507
,482
,487
,471
,497
,475
,499
,475
,481
,492
,462
2026 06 24 15:53:10.059309,478
,454
,508
,459
,483
,449
,475
,460
,472
,463
,470
,474
,457
,468
2026 06 24 15:53:10.120125,452
,485
,440
,461
,429
,468
,441
,451
,455
,446
,453
,436
,464
,423
2026 06 24 15:53:10.185740,471
,421
,462
,427
,455
,459
,447
,449
,426
,457
,426
,450
,424
,456
2026 06 24 15:53:10.247382,428
,448
,433
,433
,425
,428
,463
,430
,453
,420
,456
,412
,444
,403
2026 06 24 15:53:10.312700,421
,419
,417
,420
,408
,435
,416
,446
,393
,441
,421
,445
,419
,428
2026 06 24 15:53:10.375213,420
,419
,417
,422
,452
,414
,439
,401
,424
,396
,424
,408
,417
,419
2026 06 24 15:53:10.435109,405
,430
,409
,442
,414
,446
,409
,436
,428
,448
,430
,428
,448
,444
2026 06 24 15:53:10.500976,448
,437
,463
,429
,435
,415
,474
,427
,432
,449
,463
,456
,440
,482
2026 06 24 15:53:10.562227,428
,464
,413
,463
,439
,454
,448
,453
,435
,439
,476
,448
,478
,449
2026 06 24 15:53:10.628330,461
,429
,454
,442
,462
,446
,457
,472
,442
,464
,435
,469
,427
,467
2026 06 24 15:53:10.690253,448
,470
,461
,455
,460
,461
,463
,440
,480
,446
,476
,440
,470
,452
2026 06 24 15:53:10.751005,467
,460
,451
,466
,451
,492
,451
,491
,467
,495
,456
,485
,467
,482
2026 06 24 15:53:10.816711,455
,462
,485
,457
,487
,462
,486
,448
,480
,453
,476
,447
,474
,473
2026 06 24 15:53:10.878078,452
,475
,451
,493
,458
,478
,452
,476
,449
,470
,466
,465
,468
,458
2026 06 24 15:53:10.944104,486
,455
,485
,449
,493
,457
,479
,455
,475
,466
,464
,484
,460
,483
2026 06 24 15:53:11.005216,448
,487
,449
,480
,452
,479
,446
,461
,467
,459
,477
,458
,491
,446
2026 06 24 15:53:11.066562,473
,453
,481
,449
,468
,458
,465
,477
,449
,480
,452
,485
,445
,475
2026 06 24 15:53:11.131941,452
,467
,452
,462
,458
,456
,475
,455
,473
,435
,475
,440
,475
,441
2026 06 24 15:53:11.192800,458
,437
,450
,468
,456
,465
,438
,481
,446
,473
,440
,460
,433
,449
2026 06 24 15:53:11.259134,452
,447
,450
,430
,464
,436
,462
,425
,467
,430
,453
,439
,441
,444
2026 06 24 15:53:11.320244,437
,461
,433
,465
,424
,451
,414
,452
,431
,444
,428
,437
,452
,434
2026 06 24 15:53:11.381715,447
,420
,460
,423
,454
,426
,448
,428
,439
,443
,433
,453
,426
,455
2026 06 24 15:53:11.447063,423
,460
,428
,449
,426
,449
,433
,432
,441
,430
,445
,414
,442
,409
2026 06 24 15:53:11.508841,442
,407
,430
,414
,423
,414
,420
,434
,414
,441
,401
,445
,405
,441
2026 06 24 15:53:11.574842,414
,436
,413
,425
,426
,407
,420
,399
,429
,397
,431
,402
,431
,396
2026 06 24 15:53:11.636398,411
,407
,413
,408
,394
,420
,383
,414
,386
,427
,385
,404
,391
,405
2026 06 24 15:53:11.696561,394
,399
,415
,385
,407
,375
,427
,388
,405
,370
,383
,353
,428
,433
2026 06 24 15:53:11.762988,422
,431
,383
,432
,423
,438
,393
,401
,414
,440
,421
,421
,419
,387
2026 06 24 15:53:11.824013,395
,394
,472
,405
,421
,352
,382
,457
,472
,444
,428
,444
,414
,433
2026 06 24 15:53:11.889873,395
,428
,387
,414
,395
,410
,386
,389
,392
,391
,424
,388
,406
,371
2026 06 24 15:53:11.952113,414
,384
,410
,386
,401
,381
,380
,399
,392
,404
,376
,419
,362
,397
2026 06 24 15:53:12.012602,396
,406
,381
,421
,420
,416
,431
,409
,432
,389
,431
,385
,430
,420
2026 06 24 15:53:12.078333,448
,424
,438
,454
,451
,475
,440
,483
,456
,519
,505
,553
,548
,583
2026 06 24 15:53:12.139268,588
,599
,600
,601
,600
,600
,600
,599
,601
,600
,600
,600
,600
,601
2026 06 24 15:53:12.205030,601
,601
,601
,601
,601
,601
,601
,599
,601
,600
,601
,600
,600
,601
2026 06 24 15:53:12.266665,600
,600
,600
,600
,599
,601
,600
,601
,600
,599
,601
,601
,600
,599
2026 06 24 15:53:12.327204,599
,601
,600
,599
,601
,600
,601
,600
,599
,601
,600
,601
,600
,600
2026 06 24 15:53:12.392866,602
,601
,601
,600
,599
,601
,600
,601
,601
,600
,600
,600
,602
,601
2026 06 24 15:53:12.454528,600
,600
,600
,602
,601
,600
,599
,600
,601
,601
,600
,600
,600
,601
2026 06 24 15:53:12.520066,600
,599
,599
,601
,600
,601
,599
,601
,600
,601
,599
,601
,600
,601
2026 06 24 15:53:12.581563,601
,600
,600
,602
,600
,600
,600
,601
,600
,599
,601
,601
,601
,599
2026 06 24 15:53:12.642649,601
,600
,600
,601
,600
,599
,601
,601
,601
,599
,601
,600
,601
,599
2026 06 24 15:53:12.708833,600
,601
,600
,602
,600
,601
,600
,600
,600
,601
,600
,601
,600
,601
2026 06 24 15:53:12.769859,601
,600
,600
,601
,601
,600
,599
,601
,600
,600
,599
,601
,600
,600
2026 06 24 15:53:12.835275,600
,599
,599
,601
,600
,600
,599
,601
,601
,600
,599
,600
,600
,601
2026 06 24 15:53:12.896747,599
,600
,600
,600
,599
,601
,601
,601
,599
,601
,600
,600
,599
,601
2026 06 24 15:53:12.958834,600
,599
,598
,601
,599
,601
,600
,600
,599
,601
,599
,600
,602
,600
2026 06 24 15:53:13.023566,600
,600
,599
,601
,600
,601
,600
,599
,599
,601
,600
,600
,600
,601
2026 06 24 15:53:13.085403,601
,600
,602
,601
,601
,600
,599
,601
,600
,600
,601
,600
,599
,600
2026 06 24 15:53:13.151120,599
,601
,601
,600
,600
,599
,600
,600
,599
,601
,601
,600
,599
,601
2026 06 24 15:53:13.212697,601
,600
,602
,600
,601
,600
,600
,600
,600
,600
,601
,600
,599
,601
2026 06 24 15:53:13.273883,601
,600
,600
,601
,600
,599
,601
,600
,601
,600
,599
,601
,600
,599
2026 06 24 15:53:13.339687,600
,600
,602
,600
,599
,600
,600
,600
,601
,599
,601
,600
,600
,600
2026 06 24 15:53:13.401129,600
,599
,600
,600
,600
,600
,599
,601
,600
,601
,601
,599
,601
,600
2026 06 24 15:53:13.466415,601
,597
,600
,600
,601
,600
,601
,601
,600
,601
,600
,601
,600
,600
2026 06 24 15:53:13.528122,600
,601
,600
,601
,600
,600
,600
,599
,601
,600
,601
,601
,600
,601
2026 06 24 15:53:13.589472,600
,597
,600
,599
,600
,595
,598
,567
,571
,582
,562
,558
,538
,563
2026 06 24 15:53:13.655045,509
,555
,521
,535
,468
,523
,526
,514
,508
,498
,518
,471
,493
,463
2026 06 24 15:53:13.716519,489
,426
,466
,452
,449
,425
,422
,446
,411
,427
,407
,442
,380
,419
2026 06 24 15:53:13.777569,391
,404
,371
,388
,395
,365
,372
,352
,388
,338
,371
,341
,361
,316
2026 06 24 15:53:13.843670,333
,339
,330
,329
,323
,359
,300
,326
,293
,320
,268
,305
,284
,279
2026 06 24 15:53:13.904240,264
,280
,313
,264
,285
,259
,298
,250
,276
,232
,275
,250
,264
,268
2026 06 24 15:53:13.970051,234
,251
,226
,272
,217
,258
,230
,245
,203
,232
,243
,223
,227
,210
2026 06 24 15:53:14.031842,223
,168
,213
,211
,227
,181
,211
,196
,200
,184
,192
,214
,177
,203
2026 06 24 15:53:14.093024,184
,216
,157
,195
,175
,184
,173
,193
,199
,171
,189
,164
,202
,154
2026 06 24 15:53:14.158901,189
,163
,193
,156
,177
,176
,156
,167
,164
,193
,139
,176
,147
,165
2026 06 24 15:53:14.219727,115
,148
,146
,151
,139
,143
,164
,114
,150
,124
,153
,96
,106
,84
2026 06 24 15:53:14.285768,114
,97
,132
,125
,96
,96
,57
,80
,16
,30
,0
,4
,0
,0
2026 06 24 15:53:14.347064,0
,0
,0
,0
,0
,0
,0
,0
,0
,0
,0
,0
,0
,0
2026 06 24 15:53:14.408143,0
,0
,0
,0
,0
,0
,0
,0
,0
,0
,0
,0
,0
,0
2026 06 24 15:53:14.474286,0
,0
,0
,0
,0
,0
,0
,0
,0
,0
,0
,0
,0
,0
2026 06 24 15:53:14.534843,0
,0
,0
,0
,0
,0
,0
,0
,0
,0
,0
,0
,0
,0
2026 06 24 15:53:14.601065,0
,0
,0
,0
,0
,0
,0
,0
,0
,0
,0
,0
,0
,0
2026 06 24 15:53:14.662295,0
,0
,0
,0
,0
,0
,0
,0
,0
,0
,0
,0
,0
,0
2026 06 24 15:53:14.723746,0
,0
,0
,0
,0
,0
,0
,0
,0
,0
,0
,0
,0
,0
2026 06 24 15:53:14.798202,0
,0
,0
,0
,0
,0
,0
,0
,0
,0
,0
,0
,0
,0
2026 06 24 15:53:14.853395,0
,0
,0
,0
,0
,0
,0
,0
,0
,0
,0
,0
,0
,0
2026 06 24 15:53:14.916415,0
,0
,0
,0
,0
,0
,0
,0
,0
,0
,0
,0
,1
,0
2026 06 24 15:53:14.978118,0
,0
,0
,0
,0
,0
,0
,0
,0
,0
,0
,0
,0
,0
2026 06 24 15:53:15.039201,0
,0
,0
,0
,0
,0
,0
,0
,0
,0
,0
,0
,0
,0
2026 06 24 15:53:15.105158,0
,0
,0
,0
,0
,0
,0
,0
,0
,0
,0
,0
,0
,0
2026 06 24 15:53:15.167187,0
,0
,0
,0
,0
,0
,0
,0
,0
,0
,0
,0
,0
,0
