timestamp,event,data
2026 05 21 20:00:51.591405,PHASE_PREPARING,
2026 05 21 20:00:56.591524,PHASE_SSVEP,
2026 05 21 20:00:56.674857,SSVEP_UPDATE,"fbcca_quad=1, fbcca_conf=0.2553, fbcca_ratio=1.2548, fbcca_consec=1, fbcca_scores=[0.0549751329844258, 0.07984407699470342, 0.03712145350594643, 0.063632124351267], fbcca_probs=[0.24899281904777, 0.2552626463806714, 0.24458682966009726, 0.2511577049114614], cca_quad=2, cca_conf=0.2543, cca_ratio=1.5641, cca_scores=[0.02224415772284998, 0.03098219833623632, 0.048459772987037235, 0.023872561930724935], cca_probs=[0.24771063805656626, 0.24988462804608186, 0.2542903941899132, 0.2481143397074385]"
2026 05 21 20:00:57.681332,SSVEP_UPDATE,"fbcca_quad=1, fbcca_conf=0.2598, fbcca_ratio=2.4315, fbcca_consec=2, fbcca_scores=[0.03496701569088935, 0.08640307746236074, 0.03335145350154923, 0.03553475709494252], fbcca_probs=[0.24680781756001677, 0.2598347959809096, 0.24640940609783618, 0.2469479803612375], cca_quad=1, cca_conf=0.2558, cca_ratio=1.3589, cca_scores=[0.046413737952557606, 0.06306951049201784, 0.03062383059301588, 0.019404892503821033], cca_probs=[0.2516051158013032, 0.25583088743492094, 0.24766349513795827, 0.24490050162581753]"
2026 05 21 20:00:58.703756,SSVEP_UPDATE,"fbcca_quad=1, fbcca_conf=0.2594, fbcca_ratio=1.4092, fbcca_consec=3, fbcca_scores=[0.07902783215353418, 0.11546047018439275, 0.036730423745395625, 0.0819361290872165], fbcca_probs=[0.2500874294749947, 0.25936678356357584, 0.23972997031245094, 0.2508158166489785], cca_quad=1, cca_conf=0.2577, cca_ratio=1.2689, cca_scores=[0.10331376899902005, 0.13627433810138537, 0.07592784026659433, 0.10739699008067208], cca_probs=[0.2493400578966128, 0.25769538993262664, 0.2426043022759522, 0.2503602498948084]"
2026 05 21 20:00:59.736541,SSVEP_UPDATE,"fbcca_quad=0, fbcca_conf=0.2560, fbcca_ratio=1.1695, fbcca_consec=1, fbcca_scores=[0.10090785933423169, 0.07708269038944002, 0.08627994640615559, 0.0435197453297293], fbcca_probs=[0.2560057348380429, 0.24997844071283787, 0.25228816169684926, 0.24172766275227], cca_quad=2, cca_conf=0.2590, cca_ratio=1.2432, cca_scores=[0.11572480135855985, 0.10177062465887432, 0.14386864375474692, 0.07129852323413527], cca_probs=[0.25181099512879573, 0.24832158256863981, 0.25899859297924704, 0.24086882932331738]"
2026 05 21 20:01:00.747373,SSVEP_UPDATE,"fbcca_quad=1, fbcca_conf=0.2536, fbcca_ratio=1.0896, fbcca_consec=1, fbcca_scores=[0.06607745991228423, 0.0719957015039259, 0.06219593606098773, 0.03072999834027254], fbcca_probs=[0.2520585780171838, 0.2535547445476231, 0.251082102966269, 0.2433045744689241], cca_quad=0, cca_conf=0.2529, cca_ratio=1.0207, cca_scores=[0.08393990683227892, 0.08223615771225777, 0.07225741220058464, 0.05020570278438084], cca_probs=[0.25293968834372943, 0.25250910947563476, 0.2500019154628274, 0.24454928671780843]"
2026 05 21 20:01:01.762900,SSVEP_UPDATE,"fbcca_quad=0, fbcca_conf=0.2640, fbcca_ratio=1.3568, fbcca_consec=1, fbcca_scores=[0.11883147501959539, 0.014708751508652316, 0.0321580946125927, 0.08758010179001008], fbcca_probs=[0.2640387310421231, 0.23792918261770207, 0.24211732445515205, 0.2559147618850228], cca_quad=0, cca_conf=0.2625, cca_ratio=1.4491, cca_scores=[0.13244103961274428, 0.031054249778961863, 0.07781914624661333, 0.09139428376239352], cca_probs=[0.26245266993027616, 0.23714789378294324, 0.24850149643284875, 0.25189793985393183]"
2026 05 21 20:01:02.786313,SSVEP_UPDATE,"fbcca_quad=0, fbcca_conf=0.2641, fbcca_ratio=1.7656, fbcca_consec=2, fbcca_scores=[0.11765575710968637, 0.06663630155872148, 0.049668717607389896, 0.014930269495047364], fbcca_probs=[0.2640677180196031, 0.25093303792220045, 0.2467112287730419, 0.2382880152851545], cca_quad=0, cca_conf=0.2653, cca_ratio=1.5004, cca_scores=[0.13918233505704672, 0.0927632528797263, 0.05772310227375371, 0.025694255949767535], cca_probs=[0.2653134315904401, 0.2532792932192012, 0.24455803800780238, 0.2368492371825562]"
2026 05 21 20:01:03.813000,SSVEP_UPDATE,"fbcca_quad=2, fbcca_conf=0.2597, fbcca_ratio=1.8857, fbcca_consec=1, fbcca_scores=[0.04446774681613781, 0.028050133558757028, 0.08385424642225671, 0.02592059309944446], fbcca_probs=[0.24965593419405777, 0.24559064212766782, 0.2596852202847993, 0.24506820339347518], cca_quad=2, cca_conf=0.2602, cca_ratio=1.3559, cca_scores=[0.08836891968179335, 0.05407340877914053, 0.11982120256018526, 0.05553828958948322], cca_probs=[0.2521470006689742, 0.24364609510949922, 0.2602036350779631, 0.24400326914356335]"
2026 05 21 20:01:04.836939,SSVEP_UPDATE,"fbcca_quad=0, fbcca_conf=0.2535, fbcca_ratio=1.0717, fbcca_consec=1, fbcca_scores=[0.054833546599192054, 0.036106012720847284, 0.05116584368261827, 0.02181930789367121], fbcca_probs=[0.2534654727830553, 0.24876286115487659, 0.25253753946136975, 0.2452341266006984], cca_quad=0, cca_conf=0.2565, cca_ratio=1.2461, cca_scores=[0.08943888310343927, 0.051985548648898844, 0.07177668056495318, 0.041224293415438956], cca_probs=[0.2564982877403063, 0.24706924825863455, 0.25200773628243345, 0.2444247277186257]"
2026 05 21 20:01:05.867329,SSVEP_UPDATE,"fbcca_quad=2, fbcca_conf=0.2619, fbcca_ratio=1.2229, fbcca_consec=1, fbcca_scores=[0.08757598865218746, 0.011599576048591525, 0.1070964484488213, 0.03230167109084606], fbcca_probs=[0.25688609879475005, 0.23809181550258926, 0.2619498965943072, 0.24307218910835357], cca_quad=0, cca_conf=0.2583, cca_ratio=1.0511, cca_scores=[0.10267980796767492, 0.026583607180909692, 0.09768906096630332, 0.05046606072522777], cca_probs=[0.25833954216661453, 0.23941024191365998, 0.25705344682889236, 0.2451967690908331]"
2026 05 21 20:01:06.890809,SSVEP_UPDATE,"fbcca_quad=0, fbcca_conf=0.2527, fbcca_ratio=1.1905, fbcca_consec=1, fbcca_scores=[0.04220242410824549, 0.03545043105922929, 0.03184388459750684, 0.0156550255497293], fbcca_probs=[0.25273155028413496, 0.25103085661041136, 0.25012713280324395, 0.24611046030220982], cca_quad=0, cca_conf=0.2531, cca_ratio=1.0259, cca_scores=[0.0674537495623075, 0.06575377636714377, 0.06133797406539949, 0.024708509086375577], cca_probs=[0.2531414975700195, 0.2527115293803129, 0.25159806545479485, 0.24254890759487277]"
2026 05 21 20:01:07.899689,SSVEP_UPDATE,"fbcca_quad=2, fbcca_conf=0.2516, fbcca_ratio=1.1892, fbcca_consec=1, fbcca_scores=[0.02759460936812068, 0.020971895621491415, 0.032814945311253604, 0.024408667170987264], fbcca_probs=[0.2502845559413784, 0.24863246965786406, 0.25159454171270756, 0.24948843268805], cca_quad=3, cca_conf=0.2548, cca_ratio=1.2907, cca_scores=[0.03514784594512365, 0.02988933896713921, 0.049377391034442907, 0.06373142170911754], cca_probs=[0.24764228643968206, 0.24634347564409115, 0.2511913141618839, 0.2548229237543429]"
2026 05 21 20:01:08.933062,SSVEP_UPDATE,"fbcca_quad=2, fbcca_conf=0.2657, fbcca_ratio=3.6551, fbcca_consec=2, fbcca_scores=[0.019566904408092178, 0.025295514453859295, 0.10656591614632113, 0.02915509043217078], fbcca_probs=[0.243529722635621, 0.24492881304668893, 0.26566550328872157, 0.24587596102896858], cca_quad=2, cca_conf=0.2638, cca_ratio=2.3333, cca_scores=[0.04085733415106145, 0.05136897020777777, 0.11985805508517218, 0.05081259177673787], cca_probs=[0.2437373423041993, 0.24631293366375556, 0.26377379545499435, 0.2461759285770507]"
2026 05 21 20:01:09.955172,SSVEP_UPDATE,"fbcca_quad=0, fbcca_conf=0.2593, fbcca_ratio=1.0490, fbcca_consec=1, fbcca_scores=[0.11077905235889154, 0.04061817651640543, 0.10560325202548052, 0.03795298216823356], fbcca_probs=[0.25927935312794914, 0.24171157780395308, 0.25794084188714944, 0.24106822718094834], cca_quad=0, cca_conf=0.2541, cca_ratio=1.2526, cca_scores=[0.08261196683785428, 0.06595150754444436, 0.06165143210205458, 0.05509778438559301], cca_probs=[0.2540911176561226, 0.2498929120581915, 0.2488206607168713, 0.24719530956881458]"
2026 05 21 20:01:10.968782,SSVEP_UPDATE,"fbcca_quad=2, fbcca_conf=0.2663, fbcca_ratio=1.9777, fbcca_consec=1, fbcca_scores=[0.06314167681714422, 0.03610424619875188, 0.12487659419672115, 0.019306256139753758], fbcca_probs=[0.2503682530094512, 0.24368963196322552, 0.2663117895328471, 0.2396303254944761], cca_quad=2, cca_conf=0.2593, cca_ratio=1.3976, cca_scores=[0.07726733773306187, 0.06389315137302216, 0.10799189195104601, 0.03576835294068827], cca_probs=[0.2514289597427323, 0.2480886884731099, 0.2592739014928358, 0.24120845029132204]"
2026 05 21 20:01:11.978430,SSVEP_UPDATE,"fbcca_quad=2, fbcca_conf=0.2631, fbcca_ratio=1.6921, fbcca_consec=2, fbcca_scores=[0.03441011017403998, 0.07105297511268777, 0.12022887522813644, 0.0488034323105866], fbcca_probs=[0.2414625640312649, 0.25047454827042, 0.26309974314117734, 0.24496314455713783], cca_quad=2, cca_conf=0.2590, cca_ratio=1.5004, cca_scores=[0.04464736992588638, 0.06630150395893959, 0.09947970391805692, 0.044271517207640686], cca_probs=[0.2452255812956972, 0.25059363947110713, 0.2590473493200532, 0.24513342991314246]"
2026 05 21 20:01:13.009123,SSVEP_UPDATE,"fbcca_quad=0, fbcca_conf=0.2567, fbcca_ratio=1.5124, fbcca_consec=1, fbcca_scores=[0.06602944612049269, 0.04365830292717229, 0.024542830130865143, 0.02382139266541533], fbcca_probs=[0.2566794594754346, 0.25100100016784765, 0.24624856461485423, 0.24607097574186354], cca_quad=0, cca_conf=0.2606, cca_ratio=1.3777, cca_scores=[0.09866191802077295, 0.07161409855238342, 0.0346747212729479, 0.021569198627600296], cca_probs=[0.2606110583701117, 0.25365657331759073, 0.24445760551649304, 0.24127476279580443]"
2026 05 21 20:01:14.024677,SSVEP_UPDATE,"fbcca_quad=0, fbcca_conf=0.2622, fbcca_ratio=2.0522, fbcca_consec=2, fbcca_scores=[0.10145231833677498, 0.04943549700573846, 0.032613243883662414, 0.02943446662575957], fbcca_probs=[0.2622397746073367, 0.24894760040389965, 0.24479476878120393, 0.24401785620755964], cca_quad=0, cca_conf=0.2661, cca_ratio=1.9259, cca_scores=[0.14172282183173782, 0.0735883350317194, 0.05241448710872288, 0.04628888194265509], cca_probs=[0.2661218774573848, 0.24859371644094402, 0.24338536589328344, 0.24189904020838762]"
2026 05 21 20:01:15.049041,SSVEP_UPDATE,"fbcca_quad=0, fbcca_conf=0.2589, fbcca_ratio=1.6478, fbcca_consec=3, fbcca_scores=[0.11462918023349584, 0.06508972955059704, 0.06832397696424995, 0.06956397203601401], fbcca_probs=[0.2589095110363031, 0.24639579646966245, 0.24719399152148677, 0.24750070097254762], cca_quad=0, cca_conf=0.2613, cca_ratio=1.7923, cca_scores=[0.13205284476261514, 0.0736794434613473, 0.0733421006272659, 0.07102124400954603], cca_probs=[0.2612964562797759, 0.246480333971056, 0.2463971996198261, 0.245826010129342]"
2026 05 21 20:01:16.068602,SSVEP_UPDATE,"fbcca_quad=0, fbcca_conf=0.2576, fbcca_ratio=1.7314, fbcca_consec=4, fbcca_scores=[0.07111593613732343, 0.02800860273702451, 0.04107360727678868, 0.024312675050711163], fbcca_probs=[0.25756678686247053, 0.24669967830210535, 0.2499439578342729, 0.2457895770011512], cca_quad=0, cca_conf=0.2595, cca_ratio=1.4057, cca_scores=[0.11134267324182988, 0.06633449854495091, 0.07920837501442535, 0.03761666171279281], cca_probs=[0.25951833024648374, 0.24809684208039895, 0.251311458064148, 0.24107336960896936]"
2026 05 21 20:01:17.091726,SSVEP_UPDATE,"fbcca_quad=0, fbcca_conf=0.2557, fbcca_ratio=1.1315, fbcca_consec=5, fbcca_scores=[0.07705122938383067, 0.06809372945704127, 0.03463422948757371, 0.03717955490963271], fbcca_probs=[0.25572404682035454, 0.2534436273660078, 0.24510383107622827, 0.24572849473740946], cca_quad=0, cca_conf=0.2617, cca_ratio=1.3539, cca_scores=[0.1180954039207384, 0.08722873849009308, 0.0364351380196822, 0.04540158519661792], cca_probs=[0.2617064332794724, 0.25375182601623075, 0.24118472314830783, 0.24335701755598899]"
2026 05 21 20:01:18.116914,SSVEP_UPDATE,"fbcca_quad=2, fbcca_conf=0.2534, fbcca_ratio=1.0745, fbcca_consec=1, fbcca_scores=[0.042406015038124065, 0.05809758612949498, 0.062424851521674055, 0.032223826935336146], fbcca_probs=[0.24839133312688474, 0.2523197240967413, 0.2534139442897161, 0.24587499848665784], cca_quad=0, cca_conf=0.2561, cca_ratio=1.3550, cca_scores=[0.08345835079086933, 0.061590659836653835, 0.05334736383287296, 0.038577693761657386], cca_probs=[0.2560938107050956, 0.2505544180023094, 0.24849751325454558, 0.24485425803804942]"
2026 05 21 20:01:19.134735,SSVEP_UPDATE,"fbcca_quad=1, fbcca_conf=0.2551, fbcca_ratio=1.1745, fbcca_consec=1, fbcca_scores=[0.02664092478776958, 0.0698405835246726, 0.059466281703854054, 0.04214378500817202], fbcca_probs=[0.24431121026297398, 0.25509665772260487, 0.2524638881876578, 0.24812824382676332], cca_quad=1, cca_conf=0.2554, cca_ratio=1.2284, cca_scores=[0.04575052936936033, 0.07950934639252132, 0.06472599638269498, 0.042611240059599875], cca_probs=[0.24689179335181885, 0.255368850881742, 0.25162141187795084, 0.24611794388848832]"
2026 05 21 20:01:20.150463,SSVEP_UPDATE,"fbcca_quad=0, fbcca_conf=0.2593, fbcca_ratio=1.6408, fbcca_consec=1, fbcca_scores=[0.09292438957380282, 0.023993346320316303, 0.056632399240147596, 0.05111970536066228], fbcca_probs=[0.2592818499886326, 0.24201135599478077, 0.2500406997404701, 0.24866609427611655], cca_quad=0, cca_conf=0.2640, cca_ratio=1.5493, cca_scores=[0.13969315375337277, 0.03875582479399288, 0.09016529565360691, 0.06999560578873498], cca_probs=[0.2639675667710573, 0.2386239575579937, 0.2512122964820479, 0.24619617918890113]"
2026 05 21 20:01:21.182128,SSVEP_UPDATE,"fbcca_quad=2, fbcca_conf=0.2573, fbcca_ratio=1.1264, fbcca_consec=1, fbcca_scores=[0.08889315173638096, 0.06800845170682729, 0.10013241953353196, 0.026347232719679183], fbcca_probs=[0.2544526369525877, 0.24919357804452907, 0.2573286300343734, 0.23902515496850985], cca_quad=0, cca_conf=0.2606, cca_ratio=1.3999, cca_scores=[0.11771077384439195, 0.08408621561817757, 0.07727425413578672, 0.0237368463403059], cca_probs=[0.2605787760392267, 0.25196259916232827, 0.2502520722778911, 0.23720655252055398]"
2026 05 21 20:01:22.189582,SSVEP_UPDATE,"fbcca_quad=0, fbcca_conf=0.2553, fbcca_ratio=1.0991, fbcca_consec=1, fbcca_scores=[0.07704176967386561, 0.03431373027045551, 0.07009366240828546, 0.042804084898225826], fbcca_probs=[0.2552589920639113, 0.2445820035385115, 0.253491572427508, 0.24666743197006918], cca_quad=0, cca_conf=0.2592, cca_ratio=1.4299, cca_scores=[0.09975462276481896, 0.039295805126729526, 0.06976523043792335, 0.043730349825508184], cca_probs=[0.2592483916424417, 0.24403894557431002, 0.25158911250994936, 0.24512355027329896]"
2026 05 21 20:01:23.218221,SSVEP_UPDATE,"fbcca_quad=1, fbcca_conf=0.2585, fbcca_ratio=2.1750, fbcca_consec=1, fbcca_scores=[0.035454545573649014, 0.077114376190194, 0.025975905511304666, 0.03530218359417482], fbcca_probs=[0.2479572310946562, 0.25850527673614465, 0.24561803745118266, 0.2479194547180165], cca_quad=1, cca_conf=0.2587, cca_ratio=1.4151, cca_scores=[0.07005163029003468, 0.0991270372600864, 0.03311263929915896, 0.055756603404231574], cca_probs=[0.251316659593793, 0.2587310597768797, 0.24220264335871672, 0.24774963727061056]"
2026 05 21 20:01:24.233031,SSVEP_UPDATE,"fbcca_quad=0, fbcca_conf=0.2603, fbcca_ratio=1.8625, fbcca_consec=1, fbcca_scores=[0.08580678094164546, 0.036959030842474025, 0.046070241508087806, 0.011541609105631812], fbcca_probs=[0.26029504775354545, 0.24788577033599338, 0.25015463014477435, 0.2416645517656869], cca_quad=0, cca_conf=0.2551, cca_ratio=1.0528, cca_scores=[0.08220806090775372, 0.07808843545241535, 0.060371168880380716, 0.026276254660080246], cca_probs=[0.25510905154120783, 0.25406025959686807, 0.24959864675259766, 0.2412320421093265]"
2026 05 21 20:01:25.257857,SSVEP_UPDATE,"fbcca_quad=0, fbcca_conf=0.2734, fbcca_ratio=2.5300, fbcca_consec=2, fbcca_scores=[0.16170858883044797, 0.06391635477963115, 0.03954731164606698, 0.01821910276409214], fbcca_probs=[0.27336051271193385, 0.24789350765979934, 0.24192559161531305, 0.2368203880129538], cca_quad=0, cca_conf=0.2638, cca_ratio=1.5961, cca_scores=[0.13999454764588745, 0.0877098577702611, 0.08406877927746201, 0.03078828331657686], cca_probs=[0.26376779240652126, 0.25033110259904795, 0.249421284769517, 0.2364798202249138]"
2026 05 21 20:01:26.284747,SSVEP_UPDATE,"fbcca_quad=0, fbcca_conf=0.2520, fbcca_ratio=1.0960, fbcca_consec=3, fbcca_scores=[0.05686806013765447, 0.047123714273746176, 0.051885030810532085, 0.04035620815344508], fbcca_probs=[0.25195542204726706, 0.24951220438391045, 0.25070304370053237, 0.24782932986829], cca_quad=0, cca_conf=0.2590, cca_ratio=1.6288, cca_scores=[0.09199396902164961, 0.044066496963280424, 0.056478409569106415, 0.032851967567520124], cca_probs=[0.25900807090701433, 0.24688724908189716, 0.24997068814409745, 0.2441339918669911]"
2026 05 21 20:01:27.298615,SSVEP_UPDATE,"fbcca_quad=1, fbcca_conf=0.2535, fbcca_ratio=1.1474, fbcca_consec=1, fbcca_scores=[0.04710131845374311, 0.05927729012612832, 0.023839061881245627, 0.05166050202531929], fbcca_probs=[0.2503864579193358, 0.2534537923312023, 0.24462912775951504, 0.2515306219899468], cca_quad=0, cca_conf=0.2548, cca_ratio=1.1704, cca_scores=[0.07727087595972336, 0.06602296096726885, 0.040195451694103504, 0.04888418923346569], cca_probs=[0.25481401065285497, 0.25196394302942343, 0.2455396606717161, 0.24768238564600548]"
2026 05 21 20:01:27.298615,PHASE_TIMEOUT,
2026 05 21 20:01:30.311232,PHASE_SSVEP,
2026 05 21 20:01:30.442964,SSVEP_UPDATE,"fbcca_quad=1, fbcca_conf=0.2665, fbcca_ratio=1.4138, fbcca_consec=1, fbcca_scores=[0.057519004329954306, 0.15905988837366428, 0.04708878791047866, 0.11250868816005308], fbcca_probs=[0.2407881163053583, 0.2665223874102005, 0.23828969632171978, 0.25439979996272133], cca_quad=1, cca_conf=0.2619, cca_ratio=1.3541, cca_scores=[0.12872283541420745, 0.17430598840827727, 0.08632122744541883, 0.12035376255391278], cca_probs=[0.2502008706062022, 0.26186974683639763, 0.23981372345260799, 0.24811565910479216]"
2026 05 21 20:01:31.468016,SSVEP_UPDATE,"fbcca_quad=1, fbcca_conf=0.2655, fbcca_ratio=1.1727, fbcca_consec=2, fbcca_scores=[0.08162184449853932, 0.16147310889268088, 0.018511367663547884, 0.13769110312239227], fbcca_probs=[0.2451198694081694, 0.2654956929604686, 0.23012827640428948, 0.2592561612270725], cca_quad=0, cca_conf=0.2593, cca_ratio=1.0910, cca_scores=[0.14662023709148939, 0.13439450493497257, 0.0472376676326842, 0.10857079963971686], cca_probs=[0.25934213176012816, 0.25619078731900025, 0.23480739740074605, 0.2496596835201255]"
2026 05 21 20:01:32.480006,SSVEP_UPDATE,"fbcca_quad=0, fbcca_conf=0.2587, fbcca_ratio=1.1054, fbcca_consec=1, fbcca_scores=[0.12777742919920193, 0.11559903840141528, 0.031036739202380217, 0.09677609465317992], fbcca_probs=[0.25872142686081834, 0.255589724470504, 0.23486507983182506, 0.2508237688368527], cca_quad=0, cca_conf=0.2689, cca_ratio=1.5158, cca_scores=[0.19126645699583983, 0.1261821961304982, 0.060119249689300464, 0.09096794144773596], cca_probs=[0.2689151913634833, 0.25197044409246183, 0.2358624624343136, 0.24325190210974118]"
2026 05 21 20:01:33.505929,SSVEP_UPDATE,"fbcca_quad=0, fbcca_conf=0.2580, fbcca_ratio=1.3858, fbcca_consec=2, fbcca_scores=[0.0792311267181291, 0.04583378784972434, 0.05717390882763012, 0.007890206600535903], fbcca_probs=[0.25796580002395, 0.24949270573169874, 0.2523380861845472, 0.24020340805980414], cca_quad=0, cca_conf=0.2660, cca_ratio=2.0688, cca_scores=[0.13119508641507452, 0.06341709091221452, 0.0592819750527625, 0.019646968281944364], cca_probs=[0.2659908364615531, 0.24855990013059942, 0.2475341983050434, 0.2379150651028041]"
2026 05 21 20:01:34.522107,SSVEP_UPDATE,"fbcca_quad=1, fbcca_conf=0.2538, fbcca_ratio=1.3353, fbcca_consec=1, fbcca_scores=[0.026594014212260157, 0.05337323323763308, 0.033723813719336616, 0.039970911182576], fbcca_probs=[0.24705003424519792, 0.25375522034526155, 0.24881774568333273, 0.2503769997262077], cca_quad=1, cca_conf=0.2531, cca_ratio=1.1573, cca_scores=[0.05622165953642226, 0.0768833394678608, 0.06643349292181484, 0.05831241115056663], cca_probs=[0.24794000896809032, 0.25311615587867886, 0.2504849029303915, 0.2484589322228393]"
2026 05 21 20:01:35.535314,SSVEP_UPDATE,"fbcca_quad=1, fbcca_conf=0.2567, fbcca_ratio=1.0862, fbcca_consec=2, fbcca_scores=[0.09111257071071423, 0.09896793358779654, 0.03372911672531542, 0.06476906520599317], fbcca_probs=[0.2547044753785049, 0.25671315056621724, 0.24050009847893508, 0.24808227557634277], cca_quad=0, cca_conf=0.2642, cca_ratio=1.4763, cca_scores=[0.14610810614619935, 0.09896778240732747, 0.06269023160939027, 0.053770178641138575], cca_probs=[0.26415074435319147, 0.25198753393755663, 0.24300987174687175, 0.24085184996238007]"
2026 05 21 20:01:36.561266,SSVEP_UPDATE,"fbcca_quad=1, fbcca_conf=0.2530, fbcca_ratio=1.2387, fbcca_consec=3, fbcca_scores=[0.037149909685267456, 0.05709692556952433, 0.03960033900183158, 0.04609515362967251], fbcca_probs=[0.24804133580825494, 0.25303869578687704, 0.24864988887286432, 0.25027007953200375], cca_quad=0, cca_conf=0.2557, cca_ratio=1.3916, cca_scores=[0.08677170892203132, 0.061509893894817584, 0.06235177833675926, 0.046464114152383], cca_probs=[0.25566134115037226, 0.24928376536601554, 0.24949372185685648, 0.2455611716267557]"
2026 05 21 20:01:37.575089,SSVEP_UPDATE,"fbcca_quad=1, fbcca_conf=0.2529, fbcca_ratio=1.1236, fbcca_consec=4, fbcca_scores=[0.033412943649605356, 0.06306225696101157, 0.056126805905591604, 0.05312112086984452], fbcca_probs=[0.24552104053539323, 0.2529095618305562, 0.25116158844150016, 0.25040780919255046], cca_quad=1, cca_conf=0.2540, cca_ratio=1.2113, cca_scores=[0.05709357814514219, 0.08027859590148599, 0.05396698999629102, 0.06627647483352621], cca_probs=[0.24816609210480226, 0.25398704606752126, 0.247391390659554, 0.25045547116812245]"
2026 05 21 20:01:38.603512,SSVEP_UPDATE,"fbcca_quad=0, fbcca_conf=0.2530, fbcca_ratio=1.1444, fbcca_consec=1, fbcca_scores=[0.052171750859149164, 0.04558866657373987, 0.03376566975228813, 0.028992508065962454], fbcca_probs=[0.2530179893900014, 0.2513578211494049, 0.24840351720541617, 0.2472206722551774], cca_quad=0, cca_conf=0.2556, cca_ratio=1.1909, cca_scores=[0.08001897152517687, 0.06719011104586697, 0.03896242218382154, 0.04543122452526689], cca_probs=[0.25555633755378554, 0.2522987810011369, 0.24527654650755756, 0.24686833493752008]"
2026 05 21 20:01:39.625350,SSVEP_UPDATE,"fbcca_quad=1, fbcca_conf=0.2577, fbcca_ratio=1.6809, fbcca_consec=1, fbcca_scores=[0.0374558378953111, 0.0848938706191265, 0.0452561438780955, 0.050504804182410705], fbcca_probs=[0.24572762563890443, 0.25766537382068727, 0.2476518714035044, 0.24895512913690393], cca_quad=1, cca_conf=0.2571, cca_ratio=1.2798, cca_scores=[0.06849744718092653, 0.08766565986095776, 0.041679361705904985, 0.04028836955925332], cca_probs=[0.25220194288789344, 0.257082832892367, 0.2455282573381383, 0.24518696688160133]"
2026 05 21 20:01:40.641897,SSVEP_UPDATE,"fbcca_quad=1, fbcca_conf=0.2527, fbcca_ratio=1.0469, fbcca_consec=2, fbcca_scores=[0.05157250730293063, 0.06434696169462509, 0.036447325804165535, 0.06146563765368978], fbcca_probs=[0.24951424224484, 0.2527220962214989, 0.24576869151752093, 0.25199497001614024], cca_quad=1, cca_conf=0.2532, cca_ratio=1.0341, cca_scores=[0.07614218862804661, 0.07873554514717822, 0.04383886241995727, 0.06442518173656475], cca_probs=[0.25257876954682235, 0.2532346464391365, 0.24455001112073263, 0.24963657289330846]"
2026 05 21 20:01:41.657629,SSVEP_UPDATE,"fbcca_quad=0, fbcca_conf=0.2550, fbcca_ratio=1.2471, fbcca_consec=1, fbcca_scores=[0.06813757645138911, 0.05463463362703552, 0.05434612853977107, 0.014969014914095554], fbcca_probs=[0.25502974788944055, 0.2516092412096818, 0.25153666113395406, 0.2418243497669236], cca_quad=0, cca_conf=0.2581, cca_ratio=1.1504, cca_scores=[0.10286761214265565, 0.08941657144629343, 0.06245297668295258, 0.027811274208769485], cca_probs=[0.2580830724481265, 0.2546348297548485, 0.24786069728861282, 0.23942140050841215]"
2026 05 21 20:01:42.687800,SSVEP_UPDATE,"fbcca_quad=1, fbcca_conf=0.2588, fbcca_ratio=1.7559, fbcca_consec=1, fbcca_scores=[0.04407526667946567, 0.09406743776820942, 0.04465572394780393, 0.053572270368185265], fbcca_probs=[0.24622137989363205, 0.25884339352210645, 0.24636434237100208, 0.24857088421325937], cca_quad=1, cca_conf=0.2587, cca_ratio=1.3546, cca_scores=[0.08019779003825325, 0.10863436033631056, 0.05178475373740537, 0.05604552629004887], cca_probs=[0.2514477964542815, 0.25870074514250535, 0.24440394357877973, 0.24544751482443336]"
2026 05 21 20:01:43.703172,SSVEP_UPDATE,"fbcca_quad=3, fbcca_conf=0.2575, fbcca_ratio=1.4200, fbcca_consec=1, fbcca_scores=[0.05664407616954616, 0.034240108537172534, 0.031985868396215505, 0.08043233098164126], fbcca_probs=[0.2514102915536958, 0.24584033110525758, 0.2452867721244651, 0.2574626052165816], cca_quad=0, cca_conf=0.2548, cca_ratio=1.0530, cca_scores=[0.08427144880836161, 0.03743816249307441, 0.059175441069517894, 0.08002665731686126], cca_probs=[0.2547623389976739, 0.2431060627476326, 0.24844838032366798, 0.25368321793102555]"
2026 05 21 20:01:44.729488,SSVEP_UPDATE,"fbcca_quad=1, fbcca_conf=0.2644, fbcca_ratio=1.5131, fbcca_consec=1, fbcca_scores=[0.08053693332835556, 0.12185679151047261, 0.049526734030353986, 0.007739154188132931], fbcca_probs=[0.2537143834812044, 0.2644174271899139, 0.24596738861558257, 0.2359008007132991], cca_quad=1, cca_conf=0.2638, cca_ratio=1.1839, cca_scores=[0.11016920541642901, 0.1304338543594604, 0.04593880866120601, 0.016250829381423436], cca_probs=[0.2584902847666332, 0.26378193527647364, 0.24240932268548085, 0.23531845727141223]"
2026 05 21 20:01:45.741916,SSVEP_UPDATE,"fbcca_quad=0, fbcca_conf=0.2579, fbcca_ratio=1.5319, fbcca_consec=1, fbcca_scores=[0.10024336023611337, 0.06130170881673155, 0.06543800847911335, 0.04812578163147698], fbcca_probs=[0.2579435344099357, 0.24809185252362043, 0.2491201599972748, 0.24484445306916902], cca_quad=0, cca_conf=0.2637, cca_ratio=1.8282, cca_scores=[0.13655583049382575, 0.07469256866703564, 0.06548851230378282, 0.05377388801991121], cca_probs=[0.2637156907626228, 0.24789575922195398, 0.24562458074271623, 0.24276396927270702]"
2026 05 21 20:01:46.760859,SSVEP_UPDATE,"fbcca_quad=1, fbcca_conf=0.2581, fbcca_ratio=1.0155, fbcca_consec=1, fbcca_scores=[0.03478815499834021, 0.11523422454142027, 0.11347476542166988, 0.06701726982300496], fbcca_probs=[0.23818655893752347, 0.2581395415001149, 0.2576857548562443, 0.2459881447061173], cca_quad=1, cca_conf=0.2603, cca_ratio=1.0088, cca_scores=[0.12233302779594442, 0.19910327487650983, 0.1973577733916571, 0.11337124218411143], cca_probs=[0.24103453733761981, 0.2602676380689495, 0.25981373677817415, 0.23888408781525647]"
2026 05 21 20:01:47.781526,SSVEP_UPDATE,"fbcca_quad=2, fbcca_conf=0.2643, fbcca_ratio=3.1618, fbcca_consec=1, fbcca_scores=[0.03263824535589159, 0.03279841169938476, 0.10370269837929635, 0.02059636003598884], fbcca_probs=[0.2461937867640175, 0.24623322188063915, 0.26432606346022275, 0.24324692789512067], cca_quad=2, cca_conf=0.2606, cca_ratio=1.5407, cca_scores=[0.08497204363789168, 0.07949453172203298, 0.13091427453379362, 0.06054640240716961], cca_probs=[0.24891586950799732, 0.24755615718657684, 0.26061838131763465, 0.24290959198779122]"
2026 05 21 20:01:48.798906,SSVEP_UPDATE,"fbcca_quad=1, fbcca_conf=0.2581, fbcca_ratio=1.3863, fbcca_consec=1, fbcca_scores=[0.06391060856577176, 0.09307480870481738, 0.06713714076820677, 0.019614346587729797], fbcca_probs=[0.25065823645799296, 0.2580761260745134, 0.25146829947417015, 0.23979733799332345], cca_quad=0, cca_conf=0.2555, cca_ratio=1.0579, cca_scores=[0.12070640702224093, 0.11410386802340296, 0.10723261660158653, 0.051676123798360875], cca_probs=[0.2555365702575489, 0.2538549377180253, 0.2521166156796208, 0.238491876344805]"
2026 05 21 20:01:49.828198,SSVEP_UPDATE,"fbcca_quad=0, fbcca_conf=0.2591, fbcca_ratio=1.6823, fbcca_consec=1, fbcca_scores=[0.09335734724650475, 0.04963831359864859, 0.030699407508113254, 0.05549368184271298], fbcca_probs=[0.259112214005404, 0.24802813639377289, 0.24337495695851508, 0.249484692642308], cca_quad=0, cca_conf=0.2658, cca_ratio=2.1263, cca_scores=[0.13339629984443035, 0.05260415867581131, 0.03771985207784838, 0.0627369548157657], cca_probs=[0.26575087851198576, 0.24512472970449858, 0.2415032366387311, 0.24762115514478464]"
2026 05 21 20:01:50.848926,SSVEP_UPDATE,"fbcca_quad=0, fbcca_conf=0.2595, fbcca_ratio=1.3026, fbcca_consec=2, fbcca_scores=[0.10687157406702476, 0.08204522275668255, 0.041790068726166044, 0.04574971165508257], fbcca_probs=[0.25952596717533166, 0.2531622056834396, 0.24317351899326448, 0.2441383081479643], cca_quad=0, cca_conf=0.2652, cca_ratio=1.4770, cca_scores=[0.1420924603038597, 0.09620290535413041, 0.046470318577852346, 0.0439377683038678], cca_probs=[0.26521938481592977, 0.2533236184804199, 0.24103332670112762, 0.24042367000252268]"
2026 05 21 20:01:51.873841,SSVEP_UPDATE,"fbcca_quad=0, fbcca_conf=0.2554, fbcca_ratio=1.5589, fbcca_consec=3, fbcca_scores=[0.06551738293197695, 0.04202914650241403, 0.04194620856217059, 0.0269458212148785], fbcca_probs=[0.25538525986370103, 0.24945660983204354, 0.24943592127258907, 0.24572220903166633], cca_quad=0, cca_conf=0.2611, cca_ratio=2.0349, cca_scores=[0.1064050648392353, 0.052290103043528206, 0.048578111179190905, 0.04313476617855556], cca_probs=[0.2611084569439763, 0.24735409748203843, 0.24643762310961434, 0.24509982246437093]"
2026 05 21 20:01:52.904249,SSVEP_UPDATE,"fbcca_quad=0, fbcca_conf=0.2517, fbcca_ratio=1.1893, fbcca_consec=4, fbcca_scores=[0.035014294236862836, 0.029439956425848113, 0.026051586402475936, 0.022765961159167982], fbcca_probs=[0.251677120970075, 0.25027809063503065, 0.24943149096168132, 0.24861329743321306], cca_quad=0, cca_conf=0.2553, cca_ratio=1.2291, cca_scores=[0.07975875509371212, 0.050943665270714394, 0.06489086484843351, 0.038503784114695044], cca_probs=[0.2553350581878115, 0.24808254822615258, 0.25156684665926426, 0.2450155469267716]"
2026 05 21 20:01:53.923026,SSVEP_UPDATE,"fbcca_quad=1, fbcca_conf=0.2588, fbcca_ratio=1.5561, fbcca_consec=1, fbcca_scores=[0.06048597356629774, 0.0941227882986014, 0.0554230522677073, 0.026590348297804326], fbcca_probs=[0.25026082193534926, 0.2588219766407329, 0.24899697317288216, 0.24192022825103554], cca_quad=1, cca_conf=0.2641, cca_ratio=1.3158, cca_scores=[0.11615093506991356, 0.1528298694292927, 0.07604915444351192, 0.04278627031277677], cca_probs=[0.254626988681213, 0.26413982923240575, 0.2446180230053787, 0.2366151590810025]"
2026 05 21 20:01:54.951331,SSVEP_UPDATE,"fbcca_quad=2, fbcca_conf=0.2666, fbcca_ratio=1.7340, fbcca_consec=1, fbcca_scores=[0.04673527675171202, 0.08005113761685298, 0.13880614154664414, 0.029235828374770678], fbcca_probs=[0.2431331689280112, 0.25136980319848, 0.26658154407081114, 0.23891548380269767], cca_quad=2, cca_conf=0.2666, cca_ratio=1.4205, cca_scores=[0.12228869715355174, 0.14149055325148654, 0.200982822469274, 0.0786434330682283], cca_probs=[0.24639315927309266, 0.2511700813718166, 0.2665661935724545, 0.2358705657826363]"
2026 05 21 20:01:55.979347,SSVEP_UPDATE,"fbcca_quad=2, fbcca_conf=0.2554, fbcca_ratio=1.2623, fbcca_consec=2, fbcca_scores=[0.04255464554522651, 0.06430267979200213, 0.08116856010497482, 0.05129110578041993], fbcca_probs=[0.2456923918824204, 0.2510942453715669, 0.25536508536028146, 0.24784827738573123], cca_quad=2, cca_conf=0.2543, cca_ratio=1.0496, cca_scores=[0.11086039691994506, 0.12209961123060119, 0.1281519176333488, 0.08258040057937524], cca_probs=[0.24994622183465748, 0.25277126689319057, 0.2543057549621464, 0.24297675631000554]"
2026 05 21 20:01:56.997066,SSVEP_UPDATE,"fbcca_quad=2, fbcca_conf=0.2546, fbcca_ratio=1.4253, fbcca_consec=3, fbcca_scores=[0.03358522938565342, 0.045445308578888594, 0.0647739318175552, 0.042310703491359763], fbcca_probs=[0.24676890013482755, 0.24971302308823545, 0.25458657987339556, 0.2489314969035414], cca_quad=1, cca_conf=0.2513, cca_ratio=1.0106, cca_scores=[0.06771836053598744, 0.06843638435501245, 0.06274075608840252, 0.05326362120781999], cca_probs=[0.25116778743364887, 0.25134819664890395, 0.24992067991670755, 0.24756333600073963]"
2026 05 21 20:01:58.014222,SSVEP_UPDATE,"fbcca_quad=0, fbcca_conf=0.2599, fbcca_ratio=2.0644, fbcca_consec=1, fbcca_scores=[0.09627866205623678, 0.04663800010732472, 0.042314738720179094, 0.04335300946297127], fbcca_probs=[0.25990983498524983, 0.24732273926049247, 0.24625580638832875, 0.2465116193659289], cca_quad=0, cca_conf=0.2657, cca_ratio=2.4845, cca_scores=[0.1266703973470545, 0.04023110523799532, 0.05098416134029413, 0.04324177570969561], cca_probs=[0.2656568143729933, 0.24365809975873337, 0.2462923064792074, 0.2443927793890659]"
2026 05 21 20:01:59.039829,SSVEP_UPDATE,"fbcca_quad=0, fbcca_conf=0.2683, fbcca_ratio=2.0410, fbcca_consec=2, fbcca_scores=[0.1421378725472973, 0.0696405036742022, 0.04078637510396595, 0.028913657481751204], fbcca_probs=[0.2683386686615486, 0.24957326088458587, 0.24247494230079836, 0.23961312815306718], cca_quad=0, cca_conf=0.2710, cca_ratio=1.7133, cca_scores=[0.17781734284340034, 0.10378353118642186, 0.050458231468317995, 0.05132251915701736], cca_probs=[0.2709853454379835, 0.25164791097736605, 0.23858022624887723, 0.23878651733577308]"
2026 05 21 20:02:00.062714,SSVEP_UPDATE,"fbcca_quad=0, fbcca_conf=0.2614, fbcca_ratio=1.8719, fbcca_consec=3, fbcca_scores=[0.09583296021347472, 0.05119529205720319, 0.030970886793870108, 0.026018786062023413], fbcca_probs=[0.2613622159077927, 0.24995216947915563, 0.24494781116757738, 0.2437378034454743], cca_quad=0, cca_conf=0.2630, cca_ratio=1.6959, cca_scores=[0.11975685030619682, 0.07061472523854548, 0.05218044609523742, 0.031210112660429574], cca_probs=[0.26302206119194754, 0.25040905142881004, 0.24583522816548187, 0.24073365921376058]"
2026 05 21 20:02:01.112962,SSVEP_UPDATE,"fbcca_quad=1, fbcca_conf=0.2550, fbcca_ratio=1.2942, fbcca_consec=1, fbcca_scores=[0.06912385926437924, 0.08946043944867665, 0.05143993008551038, 0.06758339851673631], fbcca_probs=[0.24990772054985122, 0.2550420190330074, 0.2455272165356058, 0.2495230438815357], cca_quad=0, cca_conf=0.2605, cca_ratio=1.4859, cca_scores=[0.11779872838376394, 0.07927702443688903, 0.055049281343215004, 0.052657013614740164], cca_probs=[0.26053035998147034, 0.25068513150562755, 0.24468457996851092, 0.2440999285443913]"
2026 05 21 20:02:01.112962,PHASE_TIMEOUT,
2026 05 21 20:02:04.127490,PHASE_SSVEP,
2026 05 21 20:02:04.210317,SSVEP_UPDATE,"fbcca_quad=0, fbcca_conf=0.2605, fbcca_ratio=1.9550, fbcca_consec=1, fbcca_scores=[0.09675463787357581, 0.049491990726778665, 0.038853923777785467, 0.03557708500023193], fbcca_probs=[0.2605363034360977, 0.24850912493827557, 0.24587948019750752, 0.24507509142811928], cca_quad=0, cca_conf=0.2676, cca_ratio=2.6425, cca_scores=[0.142244917781651, 0.05383049539759528, 0.053272563000699234, 0.044022911814895295], cca_probs=[0.26761581409348434, 0.24497055022057831, 0.24483391133549964, 0.24257972435043765]"
2026 05 21 20:02:05.226767,SSVEP_UPDATE,"fbcca_quad=1, fbcca_conf=0.2548, fbcca_ratio=1.3902, fbcca_consec=1, fbcca_scores=[0.05044702787871494, 0.07292935799546961, 0.05245857953270701, 0.03943027608004277], fbcca_probs=[0.24914082237009683, 0.25480552787118027, 0.24964248639580408, 0.24641116336291888], cca_quad=0, cca_conf=0.2594, cca_ratio=1.1230, cca_scores=[0.12080510961236665, 0.10757203610193163, 0.06306209585000762, 0.04213061327714656], cca_probs=[0.2593974956559276, 0.2559874817713786, 0.24484334642709238, 0.23977167614560144]"
2026 05 21 20:02:06.236081,SSVEP_UPDATE,"fbcca_quad=1, fbcca_conf=0.2538, fbcca_ratio=1.2362, fbcca_consec=2, fbcca_scores=[0.04858672341940593, 0.06006415597703999, 0.024963942073272356, 0.04578438687900083], fbcca_probs=[0.25091589383877383, 0.2538123542563196, 0.24505802453111983, 0.25021372737378683], cca_quad=0, cca_conf=0.2548, cca_ratio=1.0523, cca_scores=[0.08661327495496485, 0.08230776141190509, 0.03339610617572857, 0.06644867249118763], cca_probs=[0.2548475078581904, 0.2537526171863724, 0.24163980036461877, 0.24976007459081848]"
2026 05 21 20:02:07.261511,SSVEP_UPDATE,"fbcca_quad=1, fbcca_conf=0.2534, fbcca_ratio=1.2154, fbcca_consec=3, fbcca_scores=[0.045849304634473405, 0.055727214335643975, 0.03353291143069516, 0.033395772938381495], fbcca_probs=[0.2509215285689, 0.25341239077275113, 0.2478500340538959, 0.24781604660445294], cca_quad=0, cca_conf=0.2551, cca_ratio=1.1937, cca_scores=[0.091003390798551, 0.07623647486250011, 0.05826409306875071, 0.056754582267619175], cca_probs=[0.2551369623270278, 0.25139705764183, 0.24691921303692208, 0.2465467669942201]"
2026 05 21 20:02:08.292286,SSVEP_UPDATE,"fbcca_quad=2, fbcca_conf=0.2592, fbcca_ratio=1.2349, fbcca_consec=1, fbcca_scores=[0.06675783641377053, 0.012689330534860118, 0.08243800746547399, 0.02094677673690536], fbcca_probs=[0.2552066378275916, 0.24177439893519626, 0.25923985973065744, 0.24377910350655468], cca_quad=0, cca_conf=0.2667, cca_ratio=1.7548, cca_scores=[0.1631933881411293, 0.06488908346486517, 0.09300024150546808, 0.0698626427384443], cca_probs=[0.26670372256278085, 0.24173306599270805, 0.24862487696706806, 0.2429383344774431]"
2026 05 21 20:02:09.324744,SSVEP_UPDATE,"fbcca_quad=0, fbcca_conf=0.2564, fbcca_ratio=1.9024, fbcca_consec=1, fbcca_scores=[0.053296065989364025, 0.013996593321756456, 0.028015292736548965, 0.016293355679877688], fbcca_probs=[0.2563989244165342, 0.24651801092017464, 0.24999820975124515, 0.24708485491204604], cca_quad=0, cca_conf=0.2642, cca_ratio=2.3004, cca_scores=[0.1221234154706449, 0.04275732826150859, 0.04735999702812015, 0.053087194018837915], cca_probs=[0.2642037535902996, 0.24404545822952015, 0.24517130760607603, 0.24657948057410414]"
2026 05 21 20:02:10.335938,SSVEP_UPDATE,"fbcca_quad=0, fbcca_conf=0.2583, fbcca_ratio=1.7918, fbcca_consec=2, fbcca_scores=[0.061437742345036586, 0.005467200266686431, 0.03428917975917685, 0.013453367540844086], fbcca_probs=[0.25826897736654364, 0.24421061951779563, 0.25135166822901867, 0.24616873488664193], cca_quad=0, cca_conf=0.2623, cca_ratio=1.6634, cca_scores=[0.11300085210973088, 0.0336217304099741, 0.06793473448255238, 0.04298720653670342], cca_probs=[0.2623291390092188, 0.24231071512338057, 0.25076941547740167, 0.24459073038999893]"
2026 05 21 20:02:11.349173,SSVEP_UPDATE,"fbcca_quad=0, fbcca_conf=0.2594, fbcca_ratio=2.1178, fbcca_consec=3, fbcca_scores=[0.07622511450991237, 0.018389517442300038, 0.03599279111995725, 0.025653121557432334], fbcca_probs=[0.2593995479488009, 0.24482261603461494, 0.24917045134125893, 0.24660738467532534], cca_quad=0, cca_conf=0.2669, cca_ratio=1.8678, cca_scores=[0.14104374717788642, 0.03497005433467056, 0.0755115133916732, 0.047328172911477825], cca_probs=[0.2669180013988151, 0.24005493849047152, 0.24998708751290852, 0.24303997259780485]"
2026 05 21 20:02:12.384113,SSVEP_UPDATE,"fbcca_quad=0, fbcca_conf=0.2579, fbcca_ratio=1.5738, fbcca_consec=4, fbcca_scores=[0.09599346974168284, 0.06099592483640056, 0.054513904920534116, 0.04741174186712582], fbcca_probs=[0.2578943916339744, 0.2490248327630167, 0.24741586913822353, 0.24566490646478537], cca_quad=0, cca_conf=0.2614, cca_ratio=1.5515, cca_scores=[0.12476081040352859, 0.08041438572594214, 0.061558696322995314, 0.052456688185990176], cca_probs=[0.2613952538954327, 0.250056581902757, 0.24538576676744994, 0.24316239743436047]"
2026 05 21 20:02:13.393202,SSVEP_UPDATE,"fbcca_quad=1, fbcca_conf=0.2594, fbcca_ratio=1.8089, fbcca_consec=1, fbcca_scores=[0.052441656459226875, 0.09526880126370625, 0.031212257019336803, 0.05266716724059412], fbcca_probs=[0.24857211757655925, 0.2594490021571855, 0.2433507006761785, 0.2486281795900767], cca_quad=1, cca_conf=0.2551, cca_ratio=1.0141, cca_scores=[0.09618557498454058, 0.09754642716769925, 0.05507373945135249, 0.05914278571631706], cca_probs=[0.25479534569027545, 0.2551423205299033, 0.24453264600053368, 0.24552968777928755]"
2026 05 21 20:02:14.405173,SSVEP_UPDATE,"fbcca_quad=0, fbcca_conf=0.2545, fbcca_ratio=1.5791, fbcca_consec=1, fbcca_scores=[0.05056860654257765, 0.02828386055808565, 0.0320235873967917, 0.019519916614541333], fbcca_probs=[0.25451665401229884, 0.2489075459295215, 0.24984013488646875, 0.24673566517171086], cca_quad=0, cca_conf=0.2530, cca_ratio=1.2423, cca_scores=[0.058459650526826876, 0.04342723548975138, 0.04705713436811922, 0.03774431247216302], cca_probs=[0.2529570678418288, 0.2491829503324799, 0.25008910287047303, 0.24777087895521832]"
2026 05 21 20:02:15.437851,SSVEP_UPDATE,"fbcca_quad=0, fbcca_conf=0.2620, fbcca_ratio=1.6713, fbcca_consec=2, fbcca_scores=[0.10043220060077922, 0.030425891201290918, 0.06009181224236346, 0.021437115638721537], fbcca_probs=[0.2619930696541809, 0.24427917774396563, 0.2516345064189014, 0.24209324618295205], cca_quad=0, cca_conf=0.2572, cca_ratio=1.0716, cca_scores=[0.11208518157101538, 0.06606957694292334, 0.1045978004525279, 0.051072609523204936], cca_probs=[0.25717657332594623, 0.24561058652693385, 0.25525818512072296, 0.24195465502639696]"
2026 05 21 20:02:16.452007,SSVEP_UPDATE,"fbcca_quad=1, fbcca_conf=0.2629, fbcca_ratio=2.0073, fbcca_consec=1, fbcca_scores=[0.05515615451874122, 0.11071279833674189, 0.03844396838629453, 0.03608458389647532], fbcca_probs=[0.24865324899244484, 0.26285853439360446, 0.2445322410537477, 0.24395597556020301], cca_quad=1, cca_conf=0.2640, cca_ratio=1.2817, cca_scores=[0.11116483879140336, 0.14248470472741015, 0.046659246103664904, 0.04773933291703918], cca_probs=[0.2558925400442388, 0.26403388754914203, 0.23990715593216028, 0.24016641647445902]"
2026 05 21 20:02:17.466434,SSVEP_UPDATE,"fbcca_quad=2, fbcca_conf=0.2579, fbcca_ratio=2.6472, fbcca_consec=1, fbcca_scores=[0.020409981928273944, 0.02403723361413625, 0.06363161460760001, 0.020820009784669045], fbcca_probs=[0.2470225604220455, 0.24792020041969595, 0.257933371837376, 0.24712386732088254], cca_quad=2, cca_conf=0.2595, cca_ratio=1.6634, cca_scores=[0.05535172888923449, 0.0394081335189809, 0.09207366093174175, 0.03157711263241579], cca_probs=[0.25011923707932965, 0.24616305882576914, 0.25947482502750985, 0.2442428790673914]"
2026 05 21 20:02:18.484306,SSVEP_UPDATE,"fbcca_quad=2, fbcca_conf=0.2546, fbcca_ratio=1.1776, fbcca_consec=2, fbcca_scores=[0.06480989243266991, 0.06873278103642368, 0.08094022670442826, 0.03598832070369254], fbcca_probs=[0.2505147118029712, 0.25149938322636517, 0.25458836420603165, 0.24339754076463205], cca_quad=1, cca_conf=0.2550, cca_ratio=1.1683, cca_scores=[0.08946394633975549, 0.10452318631372126, 0.0829282622264778, 0.06087560462864452], cca_probs=[0.2512262815101984, 0.25503818854397503, 0.249589699809373, 0.24414583013645352]"
2026 05 21 20:02:19.506975,SSVEP_UPDATE,"fbcca_quad=2, fbcca_conf=0.2663, fbcca_ratio=1.3257, fbcca_consec=3, fbcca_scores=[0.11088160237226016, 0.03416200035327561, 0.1470004319803647, 0.039037291292726095], fbcca_probs=[0.25683143841439043, 0.2378643102374596, 0.2662774519603073, 0.23902679938784263], cca_quad=2, cca_conf=0.2630, cca_ratio=1.1778, cca_scores=[0.129348439588991, 0.06759305537150025, 0.15234117469329045, 0.05386326182498368], cca_probs=[0.2570254431345546, 0.24163291546807072, 0.2630036250710403, 0.23833801632633436]"
2026 05 21 20:02:20.531996,SSVEP_UPDATE,"fbcca_quad=0, fbcca_conf=0.2592, fbcca_ratio=1.5396, fbcca_consec=1, fbcca_scores=[0.07822852373618372, 0.019796669275197725, 0.05081005941938426, 0.019028110678165903], fbcca_probs=[0.25915367158996805, 0.24444476121578615, 0.25214460392508414, 0.24425696326916163], cca_quad=0, cca_conf=0.2656, cca_ratio=1.5801, cca_scores=[0.1333474661387803, 0.04927665610838203, 0.08439132863598921, 0.020617936906900284], cca_probs=[0.26560556795805307, 0.2441887693471483, 0.2529157030235389, 0.2372899596712596]"
2026 05 21 20:02:21.548100,SSVEP_UPDATE,"fbcca_quad=2, fbcca_conf=0.2575, fbcca_ratio=2.0149, fbcca_consec=1, fbcca_scores=[0.02775820078810918, 0.030420787817767955, 0.061294763155388336, 0.007035977869668761], fbcca_probs=[0.24898771590504112, 0.24965155073477718, 0.2574795047932938, 0.2438812285668879], cca_quad=2, cca_conf=0.2584, cca_ratio=1.2653, cca_scores=[0.08339678692971628, 0.07575121487138972, 0.10551891447347385, 0.02350079543512774], cca_probs=[0.2527413139646278, 0.2508163302146124, 0.25839479247363845, 0.23804756334712127]"
2026 05 21 20:02:22.561406,SSVEP_UPDATE,"fbcca_quad=1, fbcca_conf=0.2576, fbcca_ratio=2.1357, fbcca_consec=1, fbcca_scores=[0.03475488233012024, 0.07423682465062625, 0.03475935388730958, 0.03354414599810473], fbcca_probs=[0.2475819793520702, 0.25755252997205974, 0.2475830864315251, 0.24728240424434503], cca_quad=0, cca_conf=0.2530, cca_ratio=1.0514, cca_scores=[0.08570267081790889, 0.08151105814028874, 0.07528830171602911, 0.05206981078664886], cca_probs=[0.253011899870994, 0.25195359154271435, 0.25039061377086835, 0.24464389481542326]"
2026 05 21 20:02:23.595132,SSVEP_UPDATE,"fbcca_quad=0, fbcca_conf=0.2599, fbcca_ratio=1.7473, fbcca_consec=1, fbcca_scores=[0.09348106914193581, 0.01814907108153115, 0.052000657823210276, 0.053499014691839916], fbcca_probs=[0.2599015784540177, 0.24104195774915604, 0.24934129076329686, 0.24971517303352941], cca_quad=0, cca_conf=0.2677, cca_ratio=1.9927, cca_scores=[0.14107494774185797, 0.02959092367398705, 0.044807817966484746, 0.07079619216919016], cca_probs=[0.26774758159646356, 0.23950173303994865, 0.2431740755566079, 0.24957660980697996]"
2026 05 21 20:02:24.615419,SSVEP_UPDATE,"fbcca_quad=0, fbcca_conf=0.2598, fbcca_ratio=1.9377, fbcca_consec=2, fbcca_scores=[0.08960308935723842, 0.038459261190701734, 0.04624101903373483, 0.029714045013883902], fbcca_probs=[0.2597688910918111, 0.2468173346346782, 0.24874549989170847, 0.2446682743818022], cca_quad=0, cca_conf=0.2624, cca_ratio=1.5533, cca_scores=[0.127895733966535, 0.05404445690223375, 0.08233927060051714, 0.05145016689405406], cca_probs=[0.262420437309064, 0.24373867885080702, 0.250733714295141, 0.2431071695449879]"
2026 05 21 20:02:25.630180,SSVEP_UPDATE,"fbcca_quad=3, fbcca_conf=0.2533, fbcca_ratio=1.0331, fbcca_consec=1, fbcca_scores=[0.024074711103616704, 0.04818580214171942, 0.024153562864186354, 0.04978074600826161], fbcca_probs=[0.24688174451338638, 0.2529066746735098, 0.2469012123411199, 0.2533103684719839], cca_quad=0, cca_conf=0.2537, cca_ratio=1.1400, cca_scores=[0.06961020685311299, 0.061062864183286714, 0.036371494707495226, 0.05307177263986263], cca_probs=[0.2536529653727936, 0.25149414578698537, 0.245360447242165, 0.2494924415980561]"
2026 05 21 20:02:26.652161,SSVEP_UPDATE,"fbcca_quad=1, fbcca_conf=0.2625, fbcca_ratio=1.9795, fbcca_consec=1, fbcca_scores=[0.05132450286564877, 0.11412155249138849, 0.03595541789157718, 0.05765084540576163], fbcca_probs=[0.2465540662871822, 0.26253341125630214, 0.2427937264018076, 0.24811879605470805], cca_quad=1, cca_conf=0.2641, cca_ratio=1.3399, cca_scores=[0.10877260247857536, 0.1457458876899221, 0.040443402920664624, 0.06562576986246778], cca_probs=[0.25449249148433806, 0.2640780273860877, 0.23768401726199653, 0.24374546386757776]"
2026 05 21 20:02:27.662279,SSVEP_UPDATE,"fbcca_quad=1, fbcca_conf=0.2586, fbcca_ratio=1.2697, fbcca_consec=2, fbcca_scores=[0.07204235047147511, 0.09146922065469408, 0.03532260208047225, 0.030196315160773687], fbcca_probs=[0.2536409866393713, 0.25861661108124784, 0.24449627664508405, 0.24324612563429682], cca_quad=0, cca_conf=0.2610, cca_ratio=1.1383, cca_scores=[0.11740446764169508, 0.10314441713989808, 0.03703840377926908, 0.03757916254399053], cca_probs=[0.26096733115933013, 0.2572723318901046, 0.2408150394456944, 0.24094529750487084]"
2026 05 21 20:02:28.693423,SSVEP_UPDATE,"fbcca_quad=0, fbcca_conf=0.2611, fbcca_ratio=1.9306, fbcca_consec=1, fbcca_scores=[0.09728562323423061, 0.050391515415333994, 0.04530987262351098, 0.020119961065790167], fbcca_probs=[0.26114591646890445, 0.2491824129073538, 0.24791936878246496, 0.24175230184127683], cca_quad=0, cca_conf=0.2651, cca_ratio=1.7621, cca_scores=[0.1383582839085617, 0.0785173144844409, 0.061546657285247455, 0.03801019750417756], cca_probs=[0.265076131477039, 0.249679002763271, 0.2454775376454646, 0.23976732811422527]"
2026 05 21 20:02:29.712212,SSVEP_UPDATE,"fbcca_quad=1, fbcca_conf=0.2563, fbcca_ratio=1.6152, fbcca_consec=1, fbcca_scores=[0.03957098526215773, 0.06391380719288095, 0.03777072798191194, 0.01434658832508148], fbcca_probs=[0.2501291936352136, 0.25629275898187953, 0.24967930181538728, 0.2438987455675196], cca_quad=1, cca_conf=0.2585, cca_ratio=1.4012, cca_scores=[0.06777578713543525, 0.09497024665746875, 0.05806490829814037, 0.02384096605377859], cca_probs=[0.25157738670115826, 0.2585127723828572, 0.24914617289753235, 0.24076366801845223]"
2026 05 21 20:02:30.740408,SSVEP_UPDATE,"fbcca_quad=1, fbcca_conf=0.2568, fbcca_ratio=1.1065, fbcca_consec=2, fbcca_scores=[0.052795791422959974, 0.09599772773299611, 0.04073846511544494, 0.08675778728368269], fbcca_probs=[0.24589907437119218, 0.25675520500879406, 0.24295199166530665, 0.254393728954707], cca_quad=0, cca_conf=0.2557, cca_ratio=1.0305, cca_scores=[0.10420554652676803, 0.10112185860930382, 0.042507625501804557, 0.07699957657499698], cca_probs=[0.255738209883022, 0.254950807730383, 0.2404365868363329, 0.24887439555026214]"
2026 05 21 20:02:31.756764,SSVEP_UPDATE,"fbcca_quad=1, fbcca_conf=0.2688, fbcca_ratio=2.7250, fbcca_consec=3, fbcca_scores=[0.021685359205424342, 0.1315934385002105, 0.030546631826521696, 0.04829136953363048], fbcca_probs=[0.24084550880099817, 0.26882584804578574, 0.24298919036021607, 0.247339452793], cca_quad=1, cca_conf=0.2656, cca_ratio=1.8924, cca_scores=[0.07087203553887485, 0.13411756527109547, 0.04767482024371215, 0.039043174667549835], cca_probs=[0.24931249061573663, 0.2655896960234454, 0.24359569827979852, 0.24150211508101938]"
2026 05 21 20:02:32.776391,SSVEP_UPDATE,"fbcca_quad=1, fbcca_conf=0.2523, fbcca_ratio=1.0042, fbcca_consec=4, fbcca_scores=[0.05034086511323723, 0.050553130762525725, 0.03418980431727927, 0.029865405470713258], fbcca_probs=[0.25227529004044963, 0.2523288451024384, 0.2482335039205838, 0.2471623609365282], cca_quad=0, cca_conf=0.2579, cca_ratio=1.3950, cca_scores=[0.08872175506589428, 0.06360168185844943, 0.030898842371269962, 0.04683826474582601], cca_probs=[0.257865451598479, 0.25146853446729805, 0.24337781515221615, 0.24728819878200684]"
2026 05 21 20:02:33.792891,SSVEP_UPDATE,"fbcca_quad=1, fbcca_conf=0.2745, fbcca_ratio=2.3144, fbcca_consec=5, fbcca_scores=[0.011556326063432048, 0.16543843385999213, 0.07148264398928729, 0.03211239320461394], fbcca_probs=[0.23535611410028823, 0.27450839793796483, 0.24989131021618555, 0.24024417774556134], cca_quad=1, cca_conf=0.2718, cca_ratio=2.6440, cca_scores=[0.037403733783216715, 0.1616246090729556, 0.06112938516153024, 0.04724119111563546], cca_probs=[0.2400291137500872, 0.2717767884149018, 0.2457920552636162, 0.24240204257139478]"
2026 05 21 20:02:34.806996,SSVEP_UPDATE,"fbcca_quad=0, fbcca_conf=0.2564, fbcca_ratio=1.2812, fbcca_consec=1, fbcca_scores=[0.0830441749274971, 0.06481681231151015, 0.05212668388089294, 0.03070014281920703], fbcca_probs=[0.2563776740134781, 0.25174691663779875, 0.24857240104068493, 0.24330300830803822], cca_quad=1, cca_conf=0.2553, cca_ratio=1.0188, cca_scores=[0.08765150725023506, 0.08930241827579946, 0.05753477546491034, 0.03731869062294492], cca_probs=[0.2549136242034606, 0.25533481149193143, 0.24735091264997025, 0.24240065165463773]"
2026 05 21 20:02:34.806996,PHASE_TIMEOUT,
2026 05 21 20:02:37.814799,PHASE_SSVEP,
2026 05 21 20:02:37.831385,SSVEP_UPDATE,"fbcca_quad=1, fbcca_conf=0.2550, fbcca_ratio=1.7935, fbcca_consec=1, fbcca_scores=[0.030952232942639102, 0.055511502156462195, 0.027310305938055654, 0.028924227038892195], fbcca_probs=[0.24880560384516937, 0.25499174021463095, 0.2479011200293791, 0.24830153591082063], cca_quad=1, cca_conf=0.2550, cca_ratio=1.1747, cca_scores=[0.060325556113476925, 0.08739322475178445, 0.07439925567992559, 0.04859760168873477], cca_probs=[0.24814197024935666, 0.25495032230592996, 0.2516589360988754, 0.245248771345838]"
2026 05 21 20:02:38.852090,SSVEP_UPDATE,"fbcca_quad=0, fbcca_conf=0.2540, fbcca_ratio=1.2218, fbcca_consec=1, fbcca_scores=[0.05700044847540975, 0.04665447836440209, 0.04556050547106007, 0.015024388900801716], fbcca_probs=[0.2539859703351199, 0.25137178553461303, 0.251096941978198, 0.243545302152069], cca_quad=0, cca_conf=0.2554, cca_ratio=1.2824, cca_scores=[0.0771430225195364, 0.05963820573560124, 0.060152942522963375, 0.025560107295194576], cca_probs=[0.25539353866397785, 0.25096182291078384, 0.2510910354456291, 0.2425536029796092]"
2026 05 21 20:02:39.878991,SSVEP_UPDATE,"fbcca_quad=2, fbcca_conf=0.2561, fbcca_ratio=1.0531, fbcca_consec=1, fbcca_scores=[0.09818759362207179, 0.08449905447114435, 0.10339808686812885, 0.028611097357377564], fbcca_probs=[0.25481488068714697, 0.25135060176884516, 0.25614605693267994, 0.23768846061132798], cca_quad=2, cca_conf=0.2610, cca_ratio=1.2053, cca_scores=[0.08903761040225876, 0.11779374178041606, 0.14197920778798287, 0.043988360842330335], cca_probs=[0.24755587792496758, 0.25477796931391083, 0.2610150121034099, 0.2366511406577117]"
2026 05 21 20:02:40.887008,SSVEP_UPDATE,"fbcca_quad=0, fbcca_conf=0.2592, fbcca_ratio=1.2354, fbcca_consec=1, fbcca_scores=[0.11875721796259864, 0.08658120952176399, 0.09612732126386875, 0.026024180232256312], fbcca_probs=[0.25924216748950096, 0.25103355765237106, 0.25344142665262764, 0.23628284820550025], cca_quad=1, cca_conf=0.2575, cca_ratio=1.1010, cca_scores=[0.12663288589008823, 0.1394256135380289, 0.11567579047072188, 0.05618858728238841], cca_probs=[0.25419696537613645, 0.2574697270643693, 0.25142690857343625, 0.23690639898605792]"
2026 05 21 20:02:41.905497,SSVEP_UPDATE,"fbcca_quad=2, fbcca_conf=0.2682, fbcca_ratio=2.5380, fbcca_consec=1, fbcca_scores=[0.02822851199791195, 0.05270447819330054, 0.1337656033838579, 0.03595789763954448], fbcca_probs=[0.24132178973612453, 0.24730125175081819, 0.2681826722990715, 0.24319428621398576], cca_quad=2, cca_conf=0.2639, cca_ratio=1.8604, cca_scores=[0.06964499024304152, 0.055093077402993636, 0.12956411609789723, 0.04596540995605886], cca_probs=[0.24851495474621715, 0.24492477215138533, 0.2638609209232517, 0.24269935217914593]"
2026 05 21 20:02:42.937885,SSVEP_UPDATE,"fbcca_quad=0, fbcca_conf=0.2523, fbcca_ratio=1.0397, fbcca_consec=1, fbcca_scores=[0.061173313501001296, 0.04519963061830044, 0.058836455568172887, 0.04346514665607628], fbcca_probs=[0.252253456336068, 0.24825605125634945, 0.25166466407542304, 0.24782582833215944], cca_quad=0, cca_conf=0.2592, cca_ratio=1.3053, cca_scores=[0.12382754799157704, 0.09486165806018734, 0.061863168657662004, 0.06897840311384555], cca_probs=[0.2592020682113783, 0.25180174551266093, 0.24362826617928965, 0.24536792009667102]"
2026 05 21 20:02:43.947592,SSVEP_UPDATE,"fbcca_quad=0, fbcca_conf=0.2640, fbcca_ratio=2.0223, fbcca_consec=2, fbcca_scores=[0.12041261411800888, 0.0586476194935372, 0.059543672117668256, 0.022608904955578824], fbcca_probs=[0.2640001086727464, 0.2481875027969442, 0.24840999152602017, 0.23940239700428922], cca_quad=0, cca_conf=0.2671, cca_ratio=1.9037, cca_scores=[0.1384060281791492, 0.07270558634022829, 0.04519150995663591, 0.028567178727406644], cca_probs=[0.2671376912040034, 0.2501507612311681, 0.24336191674347513, 0.23934963082135335]"
2026 05 21 20:02:44.980562,SSVEP_UPDATE,"fbcca_quad=0, fbcca_conf=0.2545, fbcca_ratio=1.2657, fbcca_consec=3, fbcca_scores=[0.08008721540440698, 0.06327584025890141, 0.04941036401086243, 0.055994307467156744], fbcca_probs=[0.25449741047020513, 0.2502547216685133, 0.24680876588560624, 0.24843910197567529], cca_quad=0, cca_conf=0.2580, cca_ratio=1.3583, cca_scores=[0.11081076348625915, 0.08158197426567049, 0.05570342141472588, 0.06893544323772836], cca_probs=[0.25796019132429077, 0.2505294520338857, 0.24412928310219204, 0.24738107353963149]"
2026 05 21 20:02:46.009442,SSVEP_UPDATE,"fbcca_quad=3, fbcca_conf=0.2568, fbcca_ratio=1.3575, fbcca_consec=1, fbcca_scores=[0.056789287666370536, 0.04624393914818589, 0.020614643640503572, 0.07709133521471205], fbcca_probs=[0.2516045176015163, 0.248965200990002, 0.2426654719249215, 0.2567648094835603], cca_quad=0, cca_conf=0.2590, cca_ratio=1.2294, cca_scores=[0.137428035915479, 0.08959369469752193, 0.06883990091113044, 0.111789095794828], cca_probs=[0.25895399433637933, 0.24685869222390666, 0.24178823543270803, 0.252399078007006]"
2026 05 21 20:02:47.023321,SSVEP_UPDATE,"fbcca_quad=1, fbcca_conf=0.2530, fbcca_ratio=1.0236, fbcca_consec=1, fbcca_scores=[0.04524762462327237, 0.06173906488591507, 0.032379554299235974, 0.06031449128629676], fbcca_probs=[0.24881665980900283, 0.25295402669126427, 0.2456353818849421, 0.25259393161479077], cca_quad=0, cca_conf=0.2555, cca_ratio=1.1533, cca_scores=[0.12113919006562027, 0.10503952100674714, 0.09491480725784902, 0.076062309518541], cca_probs=[0.2554885509978237, 0.2514082041304215, 0.2488756105565726, 0.24422763431518227]"
2026 05 21 20:02:48.050817,SSVEP_UPDATE,"fbcca_quad=1, fbcca_conf=0.2517, fbcca_ratio=1.0470, fbcca_consec=2, fbcca_scores=[0.05239117759939064, 0.0548533864240482, 0.03409842065977124, 0.05009133152635576], fbcca_probs=[0.25112746317193607, 0.2517465532796671, 0.24657541125208185, 0.250550572296315], cca_quad=0, cca_conf=0.2592, cca_ratio=1.5358, cca_scores=[0.12103390595211781, 0.07880946290801405, 0.0670167072499079, 0.07245324375103239], cca_probs=[0.2591579349517448, 0.24844294467192435, 0.24553032538872413, 0.2468687949876068]"
2026 05 21 20:02:49.071095,SSVEP_UPDATE,"fbcca_quad=0, fbcca_conf=0.2591, fbcca_ratio=1.5469, fbcca_consec=1, fbcca_scores=[0.07396071877351287, 0.013295124103933537, 0.04781076515320734, 0.017216458390436472], fbcca_probs=[0.25905644663489746, 0.24380784241938738, 0.2523699395221012, 0.24476577142361408], cca_quad=0, cca_conf=0.2686, cca_ratio=2.5652, cca_scores=[0.14132594403952073, 0.04486529689487382, 0.055093124896703184, 0.033849828087784084], cca_probs=[0.26856277528582534, 0.24386725477035953, 0.24637428599482256, 0.24119568394899252]"
2026 05 21 20:02:50.095755,SSVEP_UPDATE,"fbcca_quad=2, fbcca_conf=0.2530, fbcca_ratio=1.2485, fbcca_consec=1, fbcca_scores=[0.03379159142215251, 0.02553125653503813, 0.042190316296295646, 0.019138355942492857], fbcca_probs=[0.25089938763447994, 0.24883541097480397, 0.25301549643117877, 0.2472497049595373], cca_quad=0, cca_conf=0.2580, cca_ratio=1.2534, cca_scores=[0.11511421339144472, 0.07868335512082125, 0.09184499168791534, 0.04773084697230711], cca_probs=[0.2579938806475927, 0.2487640875867168, 0.25205987147647196, 0.2411821602892185]"
2026 05 21 20:02:51.119331,SSVEP_UPDATE,"fbcca_quad=0, fbcca_conf=0.2521, fbcca_ratio=1.0216, fbcca_consec=1, fbcca_scores=[0.041993139319647196, 0.04110641253364444, 0.023882470174634008, 0.02751960192631498], fbcca_probs=[0.25209257569696275, 0.25186913753648127, 0.24756810472978813, 0.24847018203676785], cca_quad=0, cca_conf=0.2555, cca_ratio=1.1706, cca_scores=[0.11808982316959651, 0.10087854068791902, 0.09916844417404581, 0.06670378261415402], cca_probs=[0.25548628780374993, 0.25112666609426787, 0.2506975822500014, 0.24268946385198076]"
2026 05 21 20:02:52.144299,SSVEP_UPDATE,"fbcca_quad=1, fbcca_conf=0.2552, fbcca_ratio=1.3764, fbcca_consec=1, fbcca_scores=[0.024019940136270523, 0.05880620136995795, 0.027634875837434538, 0.04272365770504682], fbcca_probs=[0.24643290917226718, 0.2551562350280083, 0.24732536039861422, 0.25108549540111025], cca_quad=1, cca_conf=0.2604, cca_ratio=1.4621, cca_scores=[0.0964997649466794, 0.15085784936964805, 0.0885958079112021, 0.1031813683135034], cca_probs=[0.24662774814981914, 0.2604050209248179, 0.24468609649861575, 0.2482811344267473]"
2026 05 21 20:02:53.158307,SSVEP_UPDATE,"fbcca_quad=2, fbcca_conf=0.2569, fbcca_ratio=1.5120, fbcca_consec=1, fbcca_scores=[0.042796275846619915, 0.02635793434107444, 0.06470681516458371, 0.015921209200400847], fbcca_probs=[0.2512985082017689, 0.2472013450482281, 0.25686535767795754, 0.24463478907204544], cca_quad=0, cca_conf=0.2617, cca_ratio=1.1940, cca_scores=[0.15102165949658578, 0.08721078385774757, 0.1264840837792882, 0.05285542966614729], cca_probs=[0.2617498429083181, 0.24556909998205673, 0.25540529456723793, 0.23727576254238714]"
2026 05 21 20:02:54.190347,SSVEP_UPDATE,"fbcca_quad=2, fbcca_conf=0.2615, fbcca_ratio=3.2290, fbcca_consec=2, fbcca_scores=[0.020509752727113098, 0.025245892882991915, 0.08151878903087244, 0.01775121169931572], fbcca_probs=[0.24600844214179823, 0.2471763360749012, 0.2614844688758142, 0.2453307529074864], cca_quad=2, cca_conf=0.2639, cca_ratio=1.6661, cca_scores=[0.08602218799577523, 0.09026691577031844, 0.15039496689433715, 0.05621533686540525], cca_probs=[0.24744043707916188, 0.24849298668787836, 0.2638927244219373, 0.24017385181102255]"
2026 05 21 20:02:55.205587,SSVEP_UPDATE,"fbcca_quad=2, fbcca_conf=0.2549, fbcca_ratio=1.9658, fbcca_consec=3, fbcca_scores=[0.010367579953696549, 0.016955432213293563, 0.0421162124365103, 0.021424220893379482], fbcca_probs=[0.24691445889990873, 0.24854646467999358, 0.25487942466590374, 0.24965965175419402], cca_quad=2, cca_conf=0.2639, cca_ratio=1.8420, cca_scores=[0.05280695899345969, 0.07681666125214245, 0.14149580323512162, 0.07601999648297457], cca_probs=[0.2415152432380205, 0.24738412544483832, 0.2639135096061097, 0.2471871217110315]"
2026 05 21 20:02:56.238469,SSVEP_UPDATE,"fbcca_quad=2, fbcca_conf=0.2608, fbcca_ratio=6.2266, fbcca_consec=4, fbcca_scores=[0.007172315960425258, 0.010515957992314575, 0.06547853558478398, 0.007952463147396106], fbcca_probs=[0.24605274553380826, 0.2468768347978151, 0.260825641880322, 0.2462447777880547], cca_quad=2, cca_conf=0.2698, cca_ratio=2.4549, cca_scores=[0.03692985819645851, 0.05929737966224558, 0.14556846687578393, 0.031304446549584926], cca_probs=[0.24202706313106834, 0.24750160639931315, 0.269801946864895, 0.2406693836047235]"
2026 05 21 20:02:57.251863,SSVEP_UPDATE,"fbcca_quad=0, fbcca_conf=0.2563, fbcca_ratio=1.2742, fbcca_consec=1, fbcca_scores=[0.07492128956817828, 0.0215820845321539, 0.05879847513255698, 0.04474142986258755], fbcca_probs=[0.2562567757253274, 0.24294638154666232, 0.25215832335662597, 0.24863851937138437], cca_quad=0, cca_conf=0.2567, cca_ratio=1.1285, cca_scores=[0.1424422290077445, 0.08387007630957229, 0.12622664912725068, 0.11111684080354757], cca_probs=[0.2566612880402836, 0.2420598761292663, 0.2525329386716662, 0.24874589715878387]"
2026 05 21 20:02:58.266283,SSVEP_UPDATE,"fbcca_quad=0, fbcca_conf=0.2590, fbcca_ratio=1.4741, fbcca_consec=2, fbcca_scores=[0.08641379142045051, 0.027633393840688452, 0.058619835505508686, 0.02988033199524325], fbcca_probs=[0.2590312932076911, 0.24424418425546537, 0.25193091968109405, 0.24479360285574944], cca_quad=0, cca_conf=0.2584, cca_ratio=1.0102, cca_scores=[0.14110340197717183, 0.08137637824703567, 0.1396840461503055, 0.0674737838696244], cca_probs=[0.25842337317831077, 0.24344041189483032, 0.2580568386407916, 0.2400793762860674]"
2026 05 21 20:02:59.298995,SSVEP_UPDATE,"fbcca_quad=2, fbcca_conf=0.2575, fbcca_ratio=1.5567, fbcca_consec=1, fbcca_scores=[0.04453434244010347, 0.011542090526420327, 0.06932461465985915, 0.03317988931114673], fbcca_probs=[0.25117071123203805, 0.24301923108308332, 0.25747512271011647, 0.24833493497476214], cca_quad=2, cca_conf=0.2546, cca_ratio=1.0726, cca_scores=[0.07467965910408988, 0.031378506332876664, 0.08009929588117423, 0.06119295549671912], cca_probs=[0.25318627714553565, 0.24245699109592928, 0.25456217988334373, 0.24979455187519137]"
2026 05 21 20:03:00.316758,SSVEP_UPDATE,"fbcca_quad=1, fbcca_conf=0.2584, fbcca_ratio=1.0794, fbcca_consec=1, fbcca_scores=[0.02384133211416061, 0.10976988498952045, 0.06957025332093893, 0.10169917089745532], fbcca_probs=[0.23710796269879042, 0.2583832968375649, 0.24820238885175022, 0.2563063516118945], cca_quad=1, cca_conf=0.2615, cca_ratio=1.3495, cca_scores=[0.04407124579847786, 0.13133367517056627, 0.07032221533701306, 0.0973237822060251], cca_probs=[0.23966576084439986, 0.26151920406330376, 0.24604052523085831, 0.252774509861438]"
2026 05 21 20:03:01.341221,SSVEP_UPDATE,"fbcca_quad=3, fbcca_conf=0.2574, fbcca_ratio=1.0775, fbcca_consec=1, fbcca_scores=[0.04007667289203854, 0.11936794405367972, 0.10690426265109121, 0.12862161958046106], fbcca_probs=[0.23561488214114348, 0.25505772393841375, 0.2518984944399522, 0.25742889948049064], cca_quad=2, cca_conf=0.2583, cca_ratio=1.2602, cca_scores=[0.08106572709650728, 0.10679670094820061, 0.14490019366166865, 0.11497756152292765], cca_probs=[0.24233763486075321, 0.24865413455073046, 0.25831154772190357, 0.2506966828666128]"
2026 05 21 20:03:02.343303,SSVEP_UPDATE,"fbcca_quad=2, fbcca_conf=0.2556, fbcca_ratio=1.2377, fbcca_consec=1, fbcca_scores=[0.04217091374904555, 0.040879628545006555, 0.07870679172450565, 0.06359245799209759], fbcca_probs=[0.24645270169415023, 0.24613466634831685, 0.2556235804449495, 0.25178905151258335], cca_quad=2, cca_conf=0.2615, cca_ratio=1.4853, cca_scores=[0.10845253164120747, 0.08782528568538965, 0.16204584084671791, 0.10910062765082344], cca_probs=[0.24781380027970093, 0.24275444375383112, 0.26145729649601124, 0.24797445947045674]"
2026 05 21 20:03:03.375290,SSVEP_UPDATE,"fbcca_quad=2, fbcca_conf=0.2551, fbcca_ratio=1.2307, fbcca_consec=2, fbcca_scores=[0.03312988792776003, 0.04923869238925578, 0.07498783148430377, 0.060932647311786235], fbcca_probs=[0.2446675650346036, 0.24864078297491696, 0.25512620780791817, 0.2515654441825612], cca_quad=2, cca_conf=0.2645, cca_ratio=1.5601, cca_scores=[0.1039042384134462, 0.09525818473489543, 0.18126327104776777, 0.11618757900622777], cca_probs=[0.24484717750073104, 0.2427393410254673, 0.2645402155090525, 0.24787326596474918]"
2026 05 21 20:03:04.375532,SSVEP_UPDATE,"fbcca_quad=2, fbcca_conf=0.2580, fbcca_ratio=1.7137, fbcca_consec=3, fbcca_scores=[0.022362058398343293, 0.04460447379700823, 0.07644075970457823, 0.03551607566607318], fbcca_probs=[0.2444210762537006, 0.24991850274473182, 0.2580029868010266, 0.24765743420054098], cca_quad=2, cca_conf=0.2624, cca_ratio=1.4943, cca_scores=[0.10047644167324071, 0.10600203397339827, 0.15840104106447944, 0.07326833847335196], cca_probs=[0.24762682590048832, 0.24899889804761566, 0.2623940753279661, 0.2409802007239299]"
2026 05 21 20:03:05.404024,SSVEP_UPDATE,"fbcca_quad=2, fbcca_conf=0.2685, fbcca_ratio=3.2954, fbcca_consec=4, fbcca_scores=[0.039767375399738694, 0.03467575832497495, 0.13104846304221515, 0.030213229585065893], fbcca_probs=[0.24503860603993743, 0.24379413416510312, 0.2684586400890281, 0.2427086197059313], cca_quad=2, cca_conf=0.2700, cca_ratio=1.7727, cca_scores=[0.11894428860247816, 0.12052204391335115, 0.21364796406013722, 0.08990336722578444], cca_probs=[0.24556215399210193, 0.24594989678590407, 0.2699545910973061, 0.23853335812468798]"
2026 05 21 20:03:06.438320,SSVEP_UPDATE,"fbcca_quad=2, fbcca_conf=0.2766, fbcca_ratio=2.9969, fbcca_consec=5, fbcca_scores=[0.0501509093354418, 0.06175454160728905, 0.18507364713030353, 0.03133722647403676], fbcca_probs=[0.24169290817745273, 0.24451375820901447, 0.27660505198405955, 0.23718828162947322], cca_quad=2, cca_conf=0.2720, cca_ratio=1.6065, cca_scores=[0.14180867256610252, 0.14904916151668918, 0.23944123512010532, 0.08389612656898492], cca_probs=[0.2466969236134284, 0.248489612101838, 0.2719975654921035, 0.23281589879263007]"
2026 05 21 20:03:07.453428,SSVEP_UPDATE,"fbcca_quad=2, fbcca_conf=0.2806, fbcca_ratio=5.1185, fbcca_consec=6, fbcca_scores=[0.03655800643055523, 0.030762715256583185, 0.18712268434135887, 0.023038812617867232], fbcca_probs=[0.2413544576996114, 0.23995978351598812, 0.28057226182578315, 0.23811349695861733], cca_quad=2, cca_conf=0.2816, cca_ratio=1.9488, cca_scores=[0.13773656960622865, 0.09442551783009603, 0.2684242877061737, 0.08653004147697625], cca_probs=[0.24707782578242052, 0.23660505567983098, 0.2815728170433485, 0.23474430149439995]"
2026 05 21 20:03:08.471806,SSVEP_UPDATE,"fbcca_quad=2, fbcca_conf=0.3119, fbcca_ratio=8.5058, fbcca_consec=7, fbcca_scores=[0.03976930435982516, 0.0276935569447041, 0.33827118251689114, 0.025311094257957883], fbcca_probs=[0.23140216472705114, 0.22862461488230268, 0.3118926467862126, 0.2280805736044335], cca_quad=2, cca_conf=0.3080, cca_ratio=2.8634, cca_scores=[0.13635580160117822, 0.08736316127862316, 0.39043598476522245, 0.07870142435542697], cca_probs=[0.23892353670731672, 0.22750015741515103, 0.3080381853851525, 0.22553812049237984]"
2026 05 21 20:03:08.471806,SSVEP_CONFIRMED,"fbcca_quad=2, fbcca_conf=0.3119, fbcca_ratio=8.5058, fbcca_consec=7, fbcca_scores=[0.03976930435982516, 0.0276935569447041, 0.33827118251689114, 0.025311094257957883], fbcca_probs=[0.23140216472705114, 0.22862461488230268, 0.3118926467862126, 0.2280805736044335], cca_quad=2, cca_conf=0.3080, cca_ratio=2.8634, cca_scores=[0.13635580160117822, 0.08736316127862316, 0.39043598476522245, 0.07870142435542697], cca_probs=[0.23892353670731672, 0.22750015741515103, 0.3080381853851525, 0.22553812049237984]"
2026 05 21 20:03:08.471806,SELECTION,"quad=2, result=navigate, output=''"
2026 05 21 20:03:11.480929,PHASE_SSVEP,
2026 05 21 20:03:11.613180,SSVEP_UPDATE,"fbcca_quad=2, fbcca_conf=0.2634, fbcca_ratio=1.3126, fbcca_consec=1, fbcca_scores=[0.0006223134725497913, 0.08736475865493147, 0.11467823679461385, 0.04279251254801567], fbcca_probs=[0.23504510552240734, 0.2563438940905864, 0.2634420335996092, 0.2451689667873971], cca_quad=1, cca_conf=0.2638, cca_ratio=1.0283, cca_scores=[0.016517515681454646, 0.17094071786564952, 0.16624240563711976, 0.10790771529839496], cca_probs=[0.22602978080792285, 0.2637732852658494, 0.26253690274402514, 0.24766003118220262]"
2026 05 21 20:03:12.620539,SSVEP_UPDATE,"fbcca_quad=2, fbcca_conf=0.2659, fbcca_ratio=1.7356, fbcca_consec=2, fbcca_scores=[0.014208919085681752, 0.072589699088977, 0.1259887498285316, 0.0418080187508516], fbcca_probs=[0.23773474735197822, 0.2520270253530221, 0.2658508337108511, 0.2443873935841486], cca_quad=1, cca_conf=0.2580, cca_ratio=1.1511, cca_scores=[0.0766330660439569, 0.1463455355311482, 0.12713877864043793, 0.10791214405738943], cca_probs=[0.24062893892615822, 0.25800231144187374, 0.253094209015934, 0.24827454061603405]"
2026 05 21 20:03:13.657788,SSVEP_UPDATE,"fbcca_quad=2, fbcca_conf=0.2662, fbcca_ratio=1.5437, fbcca_consec=3, fbcca_scores=[0.011286835954441372, 0.09210164068185223, 0.14218043330534683, 0.06703766578917335], fbcca_probs=[0.23357114400990645, 0.25323084934314016, 0.2662352491725343, 0.24696275747441912], cca_quad=2, cca_conf=0.2605, cca_ratio=1.0854, cca_scores=[0.07343819872487267, 0.16111281562545676, 0.17487316898202607, 0.12292194398704735], cca_probs=[0.23534288501341502, 0.2569080279066758, 0.26046760752123044, 0.24728147955867869]"
2026 05 21 20:03:14.665732,SSVEP_UPDATE,"fbcca_quad=0, fbcca_conf=0.2586, fbcca_ratio=1.6969, fbcca_consec=1, fbcca_scores=[0.08783188139675559, 0.03846928612944022, 0.05175919847804572, 0.037750497658159146], fbcca_probs=[0.2585610780341839, 0.24610772570156075, 0.24940030639722893, 0.24593088986702646], cca_quad=0, cca_conf=0.2550, cca_ratio=1.1234, cca_scores=[0.1328114537463501, 0.10872958025924952, 0.11822573420919148, 0.09194450527955939], cca_probs=[0.2549925785468902, 0.2489252293187695, 0.25130032088781695, 0.2447818712465234]"
2026 05 21 20:03:15.694280,SSVEP_UPDATE,"fbcca_quad=2, fbcca_conf=0.2647, fbcca_ratio=2.3513, fbcca_consec=1, fbcca_scores=[0.05413626097374024, 0.04535543457223937, 0.12728969923020442, 0.0516146489198832], fbcca_probs=[0.24602456381558324, 0.24387372173534005, 0.2646967476192316, 0.24540496682984514], cca_quad=2, cca_conf=0.2626, cca_ratio=1.4829, cca_scores=[0.12532632310685232, 0.11615401757322112, 0.18585095368460916, 0.11796372787491137], cca_probs=[0.247162094798118, 0.24490541385327172, 0.26258346836401125, 0.24534902298459893]"
2026 05 21 20:03:16.722940,SSVEP_UPDATE,"fbcca_quad=1, fbcca_conf=0.2579, fbcca_ratio=1.2681, fbcca_consec=1, fbcca_scores=[0.06689480883715279, 0.11345736615313916, 0.05944255935724565, 0.08947063992710455], fbcca_probs=[0.24611921319974167, 0.25785014487837143, 0.24429188871699511, 0.25173875320489175], cca_quad=1, cca_conf=0.2554, cca_ratio=1.0126, cca_scores=[0.17376744790294146, 0.17595664458773308, 0.13545330537482927, 0.13161921442445845], cca_probs=[0.25488553060794816, 0.2554441363924252, 0.2453045260729428, 0.24436580692668386]"
2026 05 21 20:03:17.737093,SSVEP_UPDATE,"fbcca_quad=3, fbcca_conf=0.2589, fbcca_ratio=1.0576, fbcca_consec=1, fbcca_scores=[0.05722551089846728, 0.11437022503020224, 0.04879425784665422, 0.12095731239894215], fbcca_probs=[0.2429413555004463, 0.2572284994915348, 0.24090166610695385, 0.25892847890106513], cca_quad=0, cca_conf=0.2563, cca_ratio=1.0933, cca_scores=[0.15360999747098988, 0.1355243981281262, 0.08461090465877444, 0.14049726248599415], cca_probs=[0.25625404967272575, 0.2516611990172812, 0.23916895840869887, 0.25291579290129423]"
2026 05 21 20:03:18.753071,SSVEP_UPDATE,"fbcca_quad=0, fbcca_conf=0.2573, fbcca_ratio=1.2658, fbcca_consec=1, fbcca_scores=[0.09545820733702341, 0.07541155856869629, 0.05522130113967947, 0.0392056980695126], fbcca_probs=[0.2573330125357265, 0.25222571119234277, 0.24718427436599472, 0.24325700190593605], cca_quad=0, cca_conf=0.2589, cca_ratio=1.1412, cca_scores=[0.16669185492098035, 0.14606122027424, 0.1219715236203725, 0.09037211803159399], cca_probs=[0.2589086907999239, 0.2536219619899316, 0.24758528860359708, 0.23988405860654735]"
2026 05 21 20:03:19.775316,SSVEP_UPDATE,"fbcca_quad=0, fbcca_conf=0.2563, fbcca_ratio=1.3586, fbcca_consec=2, fbcca_scores=[0.09288402205076546, 0.06836684703531372, 0.04294960327531784, 0.06755464623177994], fbcca_probs=[0.25627479477877424, 0.25006805751353234, 0.24379211321252175, 0.24986503449517172], cca_quad=0, cca_conf=0.2588, cca_ratio=1.2912, cca_scores=[0.1518899351760628, 0.11763850739051308, 0.08509180369607046, 0.11312041733880183], cca_probs=[0.2588202766672977, 0.2501054128929021, 0.24209634744678193, 0.2489779629930183]"
2026 05 21 20:03:20.790478,SSVEP_UPDATE,"fbcca_quad=0, fbcca_conf=0.2588, fbcca_ratio=1.3272, fbcca_consec=3, fbcca_scores=[0.10385924892622496, 0.07825474297193627, 0.04069260738650305, 0.05351023644971256], fbcca_probs=[0.2587720476046557, 0.25223042209743, 0.24293183936258292, 0.24606569093533123], cca_quad=0, cca_conf=0.2644, cca_ratio=1.2014, cca_scores=[0.20442787102752435, 0.17016130428354026, 0.09147309731596245, 0.12323860143308045], cca_probs=[0.26444364039795676, 0.25553556102908925, 0.2361986941336281, 0.24382210443932587]"
2026 05 21 20:03:21.820731,SSVEP_UPDATE,"fbcca_quad=0, fbcca_conf=0.2559, fbcca_ratio=1.1683, fbcca_consec=4, fbcca_scores=[0.09600705873569523, 0.08217366777517873, 0.05244271247007825, 0.05989729300215896], fbcca_probs=[0.25587441507352415, 0.2523591741609395, 0.2449667315488547, 0.24679967921668164], cca_quad=0, cca_conf=0.2611, cca_ratio=1.2190, cca_scores=[0.17372647397375257, 0.14251594817306937, 0.10473755827031042, 0.0979265059615386], cca_probs=[0.26112318587999556, 0.25309926074071254, 0.24371593757357582, 0.24206161580571608]"
2026 05 21 20:03:22.831796,SSVEP_UPDATE,"fbcca_quad=0, fbcca_conf=0.2554, fbcca_ratio=1.1783, fbcca_consec=5, fbcca_scores=[0.09473382627366546, 0.058662099900036346, 0.05977335714567429, 0.08039655145665085], fbcca_probs=[0.2553639381284597, 0.24631667618567177, 0.24659054952048473, 0.25172883616538366], cca_quad=0, cca_conf=0.2621, cca_ratio=1.4045, cca_scores=[0.1619933805164419, 0.09141873611459077, 0.0886043949004128, 0.11533644703981931], cca_probs=[0.2620880068608983, 0.2442288527936553, 0.24354247577015792, 0.25014066457528844]"
2026 05 21 20:03:23.864701,SSVEP_UPDATE,"fbcca_quad=1, fbcca_conf=0.2592, fbcca_ratio=1.8617, fbcca_consec=1, fbcca_scores=[0.046515057967751065, 0.08659538044447111, 0.04362899059958702, 0.024356608441839508], fbcca_probs=[0.24899792546563868, 0.2591805407630865, 0.24828033668108854, 0.24354119709018632], cca_quad=1, cca_conf=0.2562, cca_ratio=1.1973, cca_scores=[0.0724552242946866, 0.09636303934991441, 0.0804855615910119, 0.03670256211712247], cca_probs=[0.2501790356198723, 0.2562323420715725, 0.2521961458585034, 0.2413924764500517]"
2026 05 21 20:03:24.883054,SSVEP_UPDATE,"fbcca_quad=3, fbcca_conf=0.2548, fbcca_ratio=1.4064, fbcca_consec=1, fbcca_scores=[0.04414618453120314, 0.05402517605044334, 0.05309021462751205, 0.07598316541393318], fbcca_probs=[0.24683670760324394, 0.24928729005568306, 0.2490543249799039, 0.25482167736116906], cca_quad=3, cca_conf=0.2532, cca_ratio=1.0642, cca_scores=[0.0581937678284458, 0.07447535643620726, 0.05432846188551784, 0.07925551500130079], cca_probs=[0.24790261239593375, 0.2519718980698309, 0.24694624247686553, 0.2531792470573698]"
2026 05 21 20:03:25.903993,SSVEP_UPDATE,"fbcca_quad=0, fbcca_conf=0.2570, fbcca_ratio=1.1097, fbcca_consec=1, fbcca_scores=[0.07207387901109305, 0.02446319120696492, 0.06495104602031615, 0.014476513533779179], fbcca_probs=[0.2570405085216283, 0.24508939103760455, 0.2552161568966969, 0.24265394354407033], cca_quad=2, cca_conf=0.2557, cca_ratio=1.0854, cca_scores=[0.0783243369868951, 0.06018393638923204, 0.08501372622288504, 0.024548895106693853], cca_probs=[0.2540405245019145, 0.2494736750935917, 0.25574559704076627, 0.24074020336372745]"
2026 05 21 20:03:26.920678,SSVEP_UPDATE,"fbcca_quad=2, fbcca_conf=0.2557, fbcca_ratio=1.3893, fbcca_consec=1, fbcca_scores=[0.047430513266937514, 0.05724969492906119, 0.07953763156989252, 0.04362219235465412], fbcca_probs=[0.24760475931571319, 0.2500480111639632, 0.25568363532059646, 0.2466635941997272], cca_quad=2, cca_conf=0.2522, cca_ratio=1.0240, cca_scores=[0.08903305567327144, 0.09245360768623674, 0.09466876216337457, 0.06752989531254452], cca_probs=[0.25076455542163045, 0.2516237772952592, 0.25218178063571545, 0.24542988664739487]"
2026 05 21 20:03:27.929681,SSVEP_UPDATE,"fbcca_quad=1, fbcca_conf=0.2539, fbcca_ratio=1.2713, fbcca_consec=1, fbcca_scores=[0.06153539406363089, 0.08076535351527177, 0.06352850024809921, 0.055323769020256756], fbcca_probs=[0.24905243226704038, 0.2538880457534205, 0.24954931521579996, 0.2475102067637392], cca_quad=0, cca_conf=0.2558, cca_ratio=1.1710, cca_scores=[0.10371768830116732, 0.07666725598220876, 0.08857326366753028, 0.05303130422100607], cca_probs=[0.25582915889996877, 0.24900162967872824, 0.2519839636112143, 0.24318524781008874]"
2026 05 21 20:03:28.960679,SSVEP_UPDATE,"fbcca_quad=1, fbcca_conf=0.2546, fbcca_ratio=1.1674, fbcca_consec=2, fbcca_scores=[0.07616670830904604, 0.11639308161968033, 0.09970224771195181, 0.09935129169335027], fbcca_probs=[0.24459945598857216, 0.25463938619138327, 0.250424515195126, 0.2503366426249185], cca_quad=0, cca_conf=0.2551, cca_ratio=1.1065, cca_scores=[0.11987167926853383, 0.09354808486063386, 0.10833343049795845, 0.07604295075335903], cca_probs=[0.255123792514274, 0.24849563842992795, 0.252197028067322, 0.24418354098847594]"
2026 05 21 20:03:29.981193,SSVEP_UPDATE,"fbcca_quad=2, fbcca_conf=0.2574, fbcca_ratio=1.4717, fbcca_consec=1, fbcca_scores=[0.028153018755307947, 0.05060610160715221, 0.07447733997765699, 0.027071340676296334], fbcca_probs=[0.24575821252993663, 0.25133865668262567, 0.2574106058086266, 0.24549252497881105], cca_quad=1, cca_conf=0.2537, cca_ratio=1.0684, cca_scores=[0.07973362540918573, 0.09854781708288567, 0.09224295686421476, 0.06450709753188216], cca_probs=[0.24897490782742665, 0.25370351241911043, 0.25210897917299313, 0.24521260058046984]"
2026 05 21 20:03:30.999016,SSVEP_UPDATE,"fbcca_quad=1, fbcca_conf=0.2623, fbcca_ratio=1.5153, fbcca_consec=1, fbcca_scores=[0.012118272681185264, 0.11065368690254504, 0.05144709107300838, 0.07302645389600985], fbcca_probs=[0.23772917787921816, 0.2623468627799138, 0.24726507419940671, 0.25265888514146123], cca_quad=1, cca_conf=0.2601, cca_ratio=1.3740, cca_scores=[0.05231518401581653, 0.12721469621730316, 0.07635455855838753, 0.09258483591741368], cca_probs=[0.24135945459419392, 0.26013138942917147, 0.24723188692300446, 0.2512772690536301]"
2026 05 21 20:03:32.013154,SSVEP_UPDATE,"fbcca_quad=1, fbcca_conf=0.2540, fbcca_ratio=1.1402, fbcca_consec=2, fbcca_scores=[0.06247464965365073, 0.07557627061152523, 0.03343786862330846, 0.06628504373619369], fbcca_probs=[0.25072797478858916, 0.2540345310028252, 0.2435523245418182, 0.2516851696667674], cca_quad=0, cca_conf=0.2572, cca_ratio=1.3128, cca_scores=[0.09663989985426115, 0.073615030062168, 0.046812790255363945, 0.054851934034848886], cca_probs=[0.2572211498966294, 0.2513663283209374, 0.24471863223082377, 0.24669388955160937]"
2026 05 21 20:03:33.045247,SSVEP_UPDATE,"fbcca_quad=3, fbcca_conf=0.2652, fbcca_ratio=1.9669, fbcca_consec=1, fbcca_scores=[0.05399949530676566, 0.06801957632736506, 0.04024768652206553, 0.13378990428685572], fbcca_probs=[0.24488669342312583, 0.24834420536996699, 0.24154210819783026, 0.265226993009077], cca_quad=3, cca_conf=0.2605, cca_ratio=1.0338, cca_scores=[0.16924457945366086, 0.1951910596243849, 0.07024634369800964, 0.20178999070950998], cca_probs=[0.2521997408733595, 0.25882906839447, 0.22842847926477197, 0.2605427114673985]"
2026 05 21 20:03:34.057669,SSVEP_UPDATE,"fbcca_quad=2, fbcca_conf=0.2599, fbcca_ratio=2.0260, fbcca_consec=1, fbcca_scores=[0.0478304734324528, 0.04308545265321512, 0.09690471932551341, 0.04387637329223628], fbcca_probs=[0.24742564415836507, 0.24625438535678823, 0.2598707404090327, 0.246449230075814], cca_quad=0, cca_conf=0.2522, cca_ratio=1.1275, cca_scores=[0.07932049888697486, 0.06397968163662333, 0.07034799035710979, 0.06838160632169356], cca_probs=[0.25220906149398215, 0.24836949471905168, 0.24995623540287498, 0.24946520838409117]"
2026 05 21 20:03:35.088970,SSVEP_UPDATE,"fbcca_quad=2, fbcca_conf=0.2585, fbcca_ratio=1.2577, fbcca_consec=2, fbcca_scores=[0.014558004094317074, 0.06870735204692667, 0.09921587128569814, 0.07888464478694751], fbcca_probs=[0.23750556957176688, 0.2507209134681728, 0.25848791470209675, 0.2532856022579634], cca_quad=1, cca_conf=0.2536, cca_ratio=1.0312, cca_scores=[0.04058060048998057, 0.08070778952000945, 0.06522902618636672, 0.07826480766428642], cca_probs=[0.24364683966980008, 0.2536225117761747, 0.24972697575834474, 0.25300367279568053]"
2026 05 21 20:03:36.098690,SSVEP_UPDATE,"fbcca_quad=3, fbcca_conf=0.2542, fbcca_ratio=1.1106, fbcca_consec=1, fbcca_scores=[0.03364114076033026, 0.03679575060753134, 0.059071132890954295, 0.0656030164445324], fbcca_probs=[0.24622088941070117, 0.24699884668370234, 0.25256257747736105, 0.25421768642823545], cca_quad=3, cca_conf=0.2537, cca_ratio=1.1548, cca_scores=[0.057701155192515674, 0.032665076644542476, 0.0508660626642738, 0.06663193517929321], cca_probs=[0.25141839466953336, 0.24520200569553466, 0.24970578626465573, 0.2536738133702763]"
2026 05 21 20:03:37.123251,SSVEP_UPDATE,"fbcca_quad=2, fbcca_conf=0.2769, fbcca_ratio=2.8263, fbcca_consec=1, fbcca_scores=[0.031313349756061135, 0.03261313896682131, 0.1815621201532933, 0.06423987920459798], fbcca_probs=[0.23827118721516719, 0.23858109089464333, 0.2769005004420714, 0.24624722144811811], cca_quad=2, cca_conf=0.2600, cca_ratio=1.2078, cca_scores=[0.07510756507007826, 0.06009005279671632, 0.13518067079822904, 0.11192689266634194], cca_probs=[0.24482714402933697, 0.24117791911158776, 0.2599854148450131, 0.25400952201406224]"
2026 05 21 20:03:38.133270,SSVEP_UPDATE,"fbcca_quad=2, fbcca_conf=0.2605, fbcca_ratio=1.7270, fbcca_consec=2, fbcca_scores=[0.06368095092690164, 0.038788724824897765, 0.10997411599817723, 0.06224543168498414], fbcca_probs=[0.24867196965447252, 0.242558376900753, 0.2604544010891356, 0.24831525235563895], cca_quad=2, cca_conf=0.2606, cca_ratio=1.3075, cca_scores=[0.12920895914450597, 0.11971814873125945, 0.18593825324104973, 0.14220576310258864], cca_probs=[0.24618384395116757, 0.243858412332074, 0.260553413929328, 0.24940432978743038]"
2026 05 21 20:03:39.160499,SSVEP_UPDATE,"fbcca_quad=2, fbcca_conf=0.2552, fbcca_ratio=1.1292, fbcca_consec=3, fbcca_scores=[0.07523909847640191, 0.044197728807620865, 0.096154055435592, 0.08515481530255613], fbcca_probs=[0.24996652229851724, 0.24232641228439553, 0.2552496166157778, 0.25245744880130944], cca_quad=3, cca_conf=0.2579, cca_ratio=1.0454, cca_scores=[0.13374012531012253, 0.1389230757176283, 0.18662140827741514, 0.1951017274170699], cca_probs=[0.2425545333646955, 0.24381494498617143, 0.25572632966464315, 0.25790419198448994]"
2026 05 21 20:03:40.174753,SSVEP_UPDATE,"fbcca_quad=2, fbcca_conf=0.2566, fbcca_ratio=1.3419, fbcca_consec=4, fbcca_scores=[0.06057717526455437, 0.04538159607681363, 0.09360013032171273, 0.06975300627411542], fbcca_probs=[0.24827994054463484, 0.24453570302308822, 0.2566157569944668, 0.2505685994378102], cca_quad=3, cca_conf=0.2569, cca_ratio=1.1070, cca_scores=[0.13139836688573606, 0.1415118560569886, 0.165004262616304, 0.1826548052587082], cca_probs=[0.24408493477824442, 0.24656601013984447, 0.2524270140860099, 0.2569220409959012]"
2026 05 21 20:03:41.203326,SSVEP_UPDATE,"fbcca_quad=2, fbcca_conf=0.2609, fbcca_ratio=1.5687, fbcca_consec=5, fbcca_scores=[0.041807563220980934, 0.06325427135059394, 0.09922969492876905, 0.02078049665055634], fbcca_probs=[0.24630702035284416, 0.2516465481122251, 0.2608644541561514, 0.24118197737877933], cca_quad=2, cca_conf=0.2574, cca_ratio=1.0098, cca_scores=[0.11469891837004814, 0.15307152896075696, 0.1545747611735624, 0.07717925661907897], cca_probs=[0.24734258924156088, 0.25701822253815326, 0.257404871148064, 0.2382343170722219]"
2026 05 21 20:03:42.214331,SSVEP_UPDATE,"fbcca_quad=1, fbcca_conf=0.2577, fbcca_ratio=1.7134, fbcca_consec=1, fbcca_scores=[0.05384653321842783, 0.09226129653110764, 0.05103051120016183, 0.050356557476715164], fbcca_probs=[0.24796260310644117, 0.2576733517249362, 0.2472653172034034, 0.24709872796521923], cca_quad=1, cca_conf=0.2577, cca_ratio=1.1486, cca_scores=[0.10549949368145962, 0.14953334063463997, 0.13018369793363807, 0.09033922457833182], cca_probs=[0.24661136406724016, 0.25771324662580986, 0.2527745227463117, 0.2429008665606383]"
2026 05 21 20:03:42.214331,PHASE_TIMEOUT,
2026 05 21 20:03:45.217267,PHASE_SSVEP,
2026 05 21 20:03:45.251065,SSVEP_UPDATE,"fbcca_quad=2, fbcca_conf=0.2581, fbcca_ratio=1.1478, fbcca_consec=1, fbcca_scores=[0.07922501015164132, 0.03917698936294432, 0.09093318669283022, 0.024731671818598484], fbcca_probs=[0.2551355530589934, 0.24511977380387762, 0.2581402807731317, 0.24160439236399728], cca_quad=0, cca_conf=0.2549, cca_ratio=1.0029, cca_scores=[0.12089382089896886, 0.10146282029739898, 0.12054339466674685, 0.06125074082758296], cca_probs=[0.25493900161890887, 0.2500330993764142, 0.25484967995636604, 0.240178219048311]"
2026 05 21 20:03:46.269285,SSVEP_UPDATE,"fbcca_quad=2, fbcca_conf=0.2576, fbcca_ratio=1.5866, fbcca_consec=2, fbcca_scores=[0.04042306902144806, 0.04751045816568114, 0.07537906687890693, 0.017803105856455604], fbcca_probs=[0.24873637849537872, 0.25050553193801944, 0.2575849613257021, 0.24317312824089982], cca_quad=2, cca_conf=0.2561, cca_ratio=1.1555, cca_scores=[0.0966749119209141, 0.08289664446189206, 0.11171119043207488, 0.05860421508654963], cca_probs=[0.25226337046498765, 0.2488114536028334, 0.256085133301852, 0.24284004263032682]"
2026 05 21 20:03:47.297698,SSVEP_UPDATE,"fbcca_quad=3, fbcca_conf=0.2523, fbcca_ratio=1.0162, fbcca_consec=1, fbcca_scores=[0.05785338948315984, 0.042178057274960226, 0.04025017324026887, 0.05878964694735276], fbcca_probs=[0.2520202956562254, 0.24810059536151757, 0.24762274695088668, 0.2522563620313703], cca_quad=0, cca_conf=0.2559, cca_ratio=1.3376, cca_scores=[0.10240550165098093, 0.06147905877397275, 0.07655768116345871, 0.07585320109728509], cca_probs=[0.25587356345321904, 0.24561296570462623, 0.24934453361817802, 0.24916893722397662]"
2026 05 21 20:03:48.307438,SSVEP_UPDATE,"fbcca_quad=1, fbcca_conf=0.2535, fbcca_ratio=1.2573, fbcca_consec=1, fbcca_scores=[0.014490481043575533, 0.043186017919684634, 0.0343474440208923, 0.02414852150228609], fbcca_probs=[0.24637390131267145, 0.25354614624354, 0.25131503434151553, 0.24876491810227291], cca_quad=1, cca_conf=0.2533, cca_ratio=1.1338, cca_scores=[0.059000107301842526, 0.06689689789598618, 0.04697974510528263, 0.04165415088161993], cca_probs=[0.2513331170459992, 0.2533256991879848, 0.24833008686104655, 0.24701109690496947]"
2026 05 21 20:03:49.325916,SSVEP_UPDATE,"fbcca_quad=1, fbcca_conf=0.2531, fbcca_ratio=1.2602, fbcca_consec=2, fbcca_scores=[0.02605602698193373, 0.045882890714713055, 0.026195927111419548, 0.03640865006277867], fbcca_probs=[0.24810380290682896, 0.25307201245442323, 0.24813851508904433, 0.2506856695497034], cca_quad=0, cca_conf=0.2533, cca_ratio=1.0921, cca_scores=[0.06109869543677942, 0.05594707605112553, 0.03734401815022063, 0.037917191499710824], cca_probs=[0.25326252823524137, 0.2519611710117535, 0.24731725223105586, 0.24745904852194933]"
2026 05 21 20:03:50.356837,SSVEP_UPDATE,"fbcca_quad=1, fbcca_conf=0.2605, fbcca_ratio=1.3035, fbcca_consec=3, fbcca_scores=[0.026000625429536614, 0.09858249860385973, 0.02680348841963349, 0.07563056728502254], fbcca_probs=[0.2423087471241388, 0.2605499529390719, 0.2425033659650597, 0.2546379339717296], cca_quad=1, cca_conf=0.2573, cca_ratio=1.3858, cca_scores=[0.07013433638265298, 0.09719073743635268, 0.03824935086606203, 0.06711219508553114], cca_probs=[0.25043662683190127, 0.25730503890586076, 0.24257741979264655, 0.24968091446959143]"
2026 05 21 20:03:51.374578,SSVEP_UPDATE,"fbcca_quad=1, fbcca_conf=0.2569, fbcca_ratio=1.7491, fbcca_consec=4, fbcca_scores=[0.04210497835750827, 0.07364701434359557, 0.030308335020183166, 0.039724377347287676], fbcca_probs=[0.24888377788817367, 0.2568591982467853, 0.24596503426455285, 0.2482919896004882], cca_quad=1, cca_conf=0.2553, cca_ratio=1.0346, cca_scores=[0.0796977785150369, 0.08245868139077119, 0.03707125698057746, 0.04583704054006306], cca_probs=[0.2545993334871577, 0.2553032287652661, 0.24397470373537483, 0.24612273401220136]"
2026 05 21 20:03:52.390527,SSVEP_UPDATE,"fbcca_quad=0, fbcca_conf=0.2567, fbcca_ratio=1.0451, fbcca_consec=1, fbcca_scores=[0.08539082790600824, 0.02786074726694162, 0.03916576985771987, 0.08170585075868426], fbcca_probs=[0.2567234365185452, 0.24237092541040486, 0.24512648065726247, 0.25577915741378743], cca_quad=3, cca_conf=0.2567, cca_ratio=1.0527, cca_scores=[0.10248972404260864, 0.0579346048607302, 0.05568698938385887, 0.10789079995109863], cca_probs=[0.2553551685361048, 0.24422752607014575, 0.2436792129320497, 0.2567380924616997]"
2026 05 21 20:03:53.401759,SSVEP_UPDATE,"fbcca_quad=1, fbcca_conf=0.2550, fbcca_ratio=1.2801, fbcca_consec=1, fbcca_scores=[0.05133571766215883, 0.06571451206508282, 0.04095830514817782, 0.0245321989069691], fbcca_probs=[0.25140084187369877, 0.25504179642990543, 0.2488054416920366, 0.24475192000435927], cca_quad=2, cca_conf=0.2548, cca_ratio=1.1717, cca_scores=[0.07963596382260456, 0.08022744656657478, 0.09400305904249477, 0.04613427160201112], cca_probs=[0.25112278690341233, 0.25127136563502966, 0.2547567340191147, 0.24284911344244334]"
2026 05 21 20:03:54.416334,SSVEP_UPDATE,"fbcca_quad=1, fbcca_conf=0.2544, fbcca_ratio=1.0634, fbcca_consec=2, fbcca_scores=[0.04934600436857202, 0.08414132739341797, 0.05437876874742346, 0.07912571739458435], fbcca_probs=[0.24565915505790015, 0.25435739619434494, 0.24689861604420274, 0.25308483270355214], cca_quad=0, cca_conf=0.2537, cca_ratio=1.1181, cca_scores=[0.09030366833809374, 0.08076231044172529, 0.05521512069286359, 0.07573752384918474], cca_probs=[0.25370643775411655, 0.25129724559043953, 0.2449586189655498, 0.2500376976898941]"
2026 05 21 20:03:55.448078,SSVEP_UPDATE,"fbcca_quad=1, fbcca_conf=0.2512, fbcca_ratio=1.0990, fbcca_consec=3, fbcca_scores=[0.031043031533683565, 0.03825663389845177, 0.034810006343963217, 0.02996833913794791], fbcca_probs=[0.2493803119497562, 0.2511857463718042, 0.25032149289254835, 0.24911244878589128], cca_quad=0, cca_conf=0.2556, cca_ratio=1.4613, cca_scores=[0.07647561797119799, 0.05233481554272872, 0.043429152898963284, 0.04518148275736775], cca_probs=[0.25556934688802907, 0.24947357226106828, 0.24726170846308518, 0.24769537238781753]"
2026 05 21 20:03:56.456163,SSVEP_UPDATE,"fbcca_quad=1, fbcca_conf=0.2563, fbcca_ratio=1.4409, fbcca_consec=4, fbcca_scores=[0.03558541576926194, 0.07068081214213918, 0.049053619085633944, 0.027581287040145258], fbcca_probs=[0.24744478401696132, 0.2562831424837425, 0.25079996408444494, 0.24547210941485134], cca_quad=1, cca_conf=0.2561, cca_ratio=1.0667, cca_scores=[0.08593711321785227, 0.09167065564717372, 0.04927725904055435, 0.04261587481691044], cca_probs=[0.2546241195463499, 0.2560882109435544, 0.24545866503256533, 0.24382900447753036]"
2026 05 21 20:03:57.477575,SSVEP_UPDATE,"fbcca_quad=3, fbcca_conf=0.2568, fbcca_ratio=1.4489, fbcca_consec=1, fbcca_scores=[0.06042754234193433, 0.06476631809118574, 0.04899425171488382, 0.09384103367262944], fbcca_probs=[0.24832640329127295, 0.24940617662104927, 0.24550338430239793, 0.2567640357852798], cca_quad=0, cca_conf=0.2555, cca_ratio=1.2042, cca_scores=[0.08870760354893269, 0.05265449965249453, 0.0524225887078953, 0.07366499166781791], cca_probs=[0.25549150714446256, 0.2464443149334062, 0.24638716842624525, 0.25167700949588595]"
2026 05 21 20:03:58.508797,SSVEP_UPDATE,"fbcca_quad=1, fbcca_conf=0.2579, fbcca_ratio=2.1950, fbcca_consec=1, fbcca_scores=[0.026451384317352323, 0.06899691292163455, 0.02324862985767509, 0.03143377460293722], fbcca_probs=[0.24720285307944076, 0.25794716979175164, 0.24641238954529074, 0.24843758758351683], cca_quad=1, cca_conf=0.2558, cca_ratio=1.3677, cca_scores=[0.06301306140229869, 0.0861816374853008, 0.058008249512542305, 0.04500406621342757], cca_probs=[0.24996257177054268, 0.25582145757648284, 0.2487146814522791, 0.24550128920069536]"
2026 05 21 20:03:59.534751,SSVEP_UPDATE,"fbcca_quad=2, fbcca_conf=0.2568, fbcca_ratio=1.1557, fbcca_consec=1, fbcca_scores=[0.06651568866530636, 0.035602228933606386, 0.07687421647569524, 0.019947408532455666], fbcca_probs=[0.2541637600589562, 0.24642688186404127, 0.25681020541141997, 0.24259915266558255], cca_quad=0, cca_conf=0.2605, cca_ratio=1.2927, cca_scores=[0.1051896808845726, 0.04382901938833773, 0.08136967785958255, 0.023515917622558793], cca_probs=[0.2605172102462546, 0.24501226333468792, 0.2543850139217575, 0.24008551249729995]"
2026 05 21 20:04:00.559841,SSVEP_UPDATE,"fbcca_quad=2, fbcca_conf=0.2554, fbcca_ratio=1.3156, fbcca_consec=2, fbcca_scores=[0.044495550883057164, 0.024679369374369414, 0.05853893982731147, 0.021174727927777456], fbcca_probs=[0.2517959132706052, 0.24685539254746816, 0.2553569270418393, 0.24599176714008736], cca_quad=0, cca_conf=0.2586, cca_ratio=1.6170, cca_scores=[0.09884235566017018, 0.05559578295575603, 0.061127944282061655, 0.043078294640491906], cca_probs=[0.25863682795898496, 0.24769008224912012, 0.2490641409959792, 0.2446089487959157]"
2026 05 21 20:04:01.571407,SSVEP_UPDATE,"fbcca_quad=1, fbcca_conf=0.2547, fbcca_ratio=1.1820, fbcca_consec=1, fbcca_scores=[0.043178730805196644, 0.06681141933304245, 0.02546135882845413, 0.05652466941792532], fbcca_probs=[0.24876932543650382, 0.2547184332449731, 0.24440060218860477, 0.2521116391299183], cca_quad=1, cca_conf=0.2554, cca_ratio=1.1981, cca_scores=[0.0743921961819834, 0.08913045960367802, 0.03804814415919205, 0.06815407490739815], cca_probs=[0.251702948735872, 0.25544008489994324, 0.24271928391133268, 0.25013768245285206]"
2026 05 21 20:04:02.598256,SSVEP_UPDATE,"fbcca_quad=1, fbcca_conf=0.2563, fbcca_ratio=1.3027, fbcca_consec=2, fbcca_scores=[0.015829787210788454, 0.07207807324356656, 0.04513143337157918, 0.0553281387954352], fbcca_probs=[0.24225485486881776, 0.2562717941918975, 0.24945834253625077, 0.25201500840303404], cca_quad=1, cca_conf=0.2552, cca_ratio=1.2047, cca_scores=[0.040370574296024704, 0.08702835047522633, 0.0650993001881236, 0.07223881854194494], cca_probs=[0.24359456703552076, 0.25522946645139144, 0.24969344830342724, 0.2514825182096606]"
2026 05 21 20:04:03.620523,SSVEP_UPDATE,"fbcca_quad=1, fbcca_conf=0.2552, fbcca_ratio=1.3093, fbcca_consec=3, fbcca_scores=[0.024037329372381712, 0.06034370190359413, 0.027621932305378138, 0.04608799413270492], fbcca_probs=[0.2461320283535877, 0.25523239041755647, 0.24701589715725114, 0.2516196840716047], cca_quad=1, cca_conf=0.2571, cca_ratio=1.4323, cca_scores=[0.06358357782706342, 0.09107173984132004, 0.039758218280875605, 0.057664554339152505], cca_probs=[0.2500985306817414, 0.2570686384602094, 0.24421026680395155, 0.24862256405409763]"
2026 05 21 20:04:04.637842,SSVEP_UPDATE,"fbcca_quad=0, fbcca_conf=0.2509, fbcca_ratio=1.0755, fbcca_consec=1, fbcca_scores=[0.03455167275048771, 0.030113823853027827, 0.026323559504064502, 0.032126423985629926], fbcca_probs=[0.2509438425398827, 0.24983265914063746, 0.24888751961531125, 0.25033597870416857], cca_quad=0, cca_conf=0.2519, cca_ratio=1.1593, cca_scores=[0.053063685256115184, 0.045660895024241525, 0.0373230527145854, 0.04577312417066873], cca_probs=[0.2519054698237537, 0.2500475518456032, 0.247971362286949, 0.25007561604369405]"
2026 05 21 20:04:05.647542,SSVEP_UPDATE,"fbcca_quad=1, fbcca_conf=0.2629, fbcca_ratio=2.1596, fbcca_consec=1, fbcca_scores=[0.01669046349930003, 0.09751603457533642, 0.04515523681049959, 0.026939738554753668], fbcca_probs=[0.24252080906173856, 0.26293663940307654, 0.24952329824491423, 0.2450192532902706], cca_quad=1, cca_conf=0.2645, cca_ratio=1.8611, cca_scores=[0.041710327756143195, 0.12382485173210671, 0.06653226797884965, 0.035229843776003335], cca_probs=[0.24364968717154645, 0.2645012585047798, 0.24977322984255323, 0.24207582448112044]"
2026 05 21 20:04:06.682285,SSVEP_UPDATE,"fbcca_quad=2, fbcca_conf=0.2528, fbcca_ratio=1.0057, fbcca_consec=1, fbcca_scores=[0.008097887193916013, 0.04486449420619041, 0.04511977170303335, 0.03754575984634977], fbcca_probs=[0.24360225342338412, 0.25272536702560977, 0.25278989036002003, 0.25088248919098616], cca_quad=1, cca_conf=0.2534, cca_ratio=1.0073, cca_scores=[0.05031265033968439, 0.08365777064166552, 0.0830546160974613, 0.06358529903860874], cca_probs=[0.24506486514649312, 0.2533743530667771, 0.2532215752532879, 0.2483392065334419]"
2026 05 21 20:04:07.696565,SSVEP_UPDATE,"fbcca_quad=3, fbcca_conf=0.2570, fbcca_ratio=1.1932, fbcca_consec=1, fbcca_scores=[0.008467326657493945, 0.06158251633572184, 0.038740028227786986, 0.07348205670654478], fbcca_probs=[0.24082102046038156, 0.25395807480546423, 0.24822279392155036, 0.2569981108126039], cca_quad=3, cca_conf=0.2550, cca_ratio=1.2075, cca_scores=[0.04628214068157441, 0.07001444699405455, 0.058210201167088076, 0.0845431787366469], cca_probs=[0.24539768550695945, 0.2512911952262991, 0.24834233098411132, 0.25496878828263014]"
2026 05 21 20:04:08.707648,SSVEP_UPDATE,"fbcca_quad=1, fbcca_conf=0.2547, fbcca_ratio=1.0714, fbcca_consec=1, fbcca_scores=[0.022134706148315374, 0.06713647298460834, 0.041995668383095285, 0.06266403009462637], fbcca_probs=[0.24345999160843648, 0.2546663839489793, 0.24834367813127656, 0.2535299463113076], cca_quad=1, cca_conf=0.2532, cca_ratio=1.0736, cca_scores=[0.04733317081797518, 0.08081990710047249, 0.06939545590540265, 0.07527636327021169], cca_probs=[0.2448161136187835, 0.2531530150204332, 0.2502773385454655, 0.25175353281531787]"
2026 05 21 20:04:09.733011,SSVEP_UPDATE,"fbcca_quad=0, fbcca_conf=0.2660, fbcca_ratio=2.2915, fbcca_consec=1, fbcca_scores=[0.12027999606074628, 0.05248863669389768, 0.011646415990476272, 0.044741491118876604], fbcca_probs=[0.2660452911016941, 0.24860746386564472, 0.23865833811494033, 0.2466889069177208], cca_quad=0, cca_conf=0.2616, cca_ratio=1.8077, cca_scores=[0.10464132338989203, 0.057885310070310184, 0.025363942247624147, 0.04735157707028208], cca_probs=[0.261614077316226, 0.24966360136239146, 0.24167480690493437, 0.24704751441644826]"
2026 05 21 20:04:10.761663,SSVEP_UPDATE,"fbcca_quad=0, fbcca_conf=0.2542, fbcca_ratio=1.1834, fbcca_consec=2, fbcca_scores=[0.06281107028343985, 0.04503392964892362, 0.022597720228465207, 0.05307703360450286], fbcca_probs=[0.2542408904198514, 0.2497611508121523, 0.24421985263846496, 0.2517781061295314], cca_quad=0, cca_conf=0.2600, cca_ratio=2.2854, cca_scores=[0.08613593617488204, 0.03598999399996727, 0.02610546433119854, 0.037688887146117046], cca_probs=[0.2600418926905851, 0.24732340238087755, 0.24489076939517385, 0.24774393553336357]"
2026 05 21 20:04:11.783037,SSVEP_UPDATE,"fbcca_quad=1, fbcca_conf=0.2524, fbcca_ratio=1.1343, fbcca_consec=1, fbcca_scores=[0.02923493831468334, 0.04404802464609648, 0.038834415149488204, 0.02532156061039876], fbcca_probs=[0.24871518009531535, 0.2524268422461144, 0.2511142120082128, 0.2477437656503574], cca_quad=1, cca_conf=0.2550, cca_ratio=1.2605, cca_scores=[0.058159968290236154, 0.07330827968609782, 0.045413105865889876, 0.03740252719241806], cca_probs=[0.2511266688125551, 0.25495977302093137, 0.24794590714784878, 0.24596765101866475]"
2026 05 21 20:04:12.807326,SSVEP_UPDATE,"fbcca_quad=0, fbcca_conf=0.2564, fbcca_ratio=1.3420, fbcca_consec=1, fbcca_scores=[0.07668408199207227, 0.033745417836789825, 0.05714075486224251, 0.03776470585091694], fbcca_probs=[0.2563810155524156, 0.24560535894478472, 0.25141912138454237, 0.24659450411825723], cca_quad=0, cca_conf=0.2570, cca_ratio=1.5456, cca_scores=[0.09132920303213432, 0.04749206806163131, 0.05908966497847347, 0.055892245749598515], cca_probs=[0.2570318767812712, 0.24600773447699142, 0.2488774417081689, 0.24808294703356845]"
2026 05 21 20:04:13.823705,SSVEP_UPDATE,"fbcca_quad=0, fbcca_conf=0.2602, fbcca_ratio=2.1505, fbcca_consec=2, fbcca_scores=[0.08384958338052344, 0.03265465231102618, 0.019235166244524548, 0.0389902263428076], fbcca_probs=[0.26016908288673646, 0.24718494147765596, 0.2438900042284923, 0.2487559714071154], cca_quad=0, cca_conf=0.2621, cca_ratio=2.0525, cca_scores=[0.11191408755374539, 0.05045917055527899, 0.040798553726977334, 0.05452588335865713], cca_probs=[0.26205608209345654, 0.24643631858400974, 0.2440670544405529, 0.2474405448819808]"
2026 05 21 20:04:14.849380,SSVEP_UPDATE,"fbcca_quad=1, fbcca_conf=0.2596, fbcca_ratio=2.1559, fbcca_consec=1, fbcca_scores=[0.03689729857860177, 0.0854893577981576, 0.027865547222629888, 0.03965447450236363], fbcca_probs=[0.2473067122333385, 0.2596206106221353, 0.2450831559187366, 0.24798952122578968], cca_quad=1, cca_conf=0.2580, cca_ratio=1.3120, cca_scores=[0.07300043643187253, 0.0957782526810568, 0.03424202299104718, 0.053639015923800895], cca_probs=[0.2521529383430615, 0.2579623432462688, 0.24256686108009354, 0.24731785733057612]"
2026 05 21 20:04:15.871669,SSVEP_UPDATE,"fbcca_quad=0, fbcca_conf=0.2656, fbcca_ratio=2.1400, fbcca_consec=1, fbcca_scores=[0.12179990417798059, 0.0475826051309016, 0.05691569192180864, 0.016134333777068494], fbcca_probs=[0.2655780530572478, 0.24658123269078827, 0.24889336964042147, 0.23894734461154254], cca_quad=0, cca_conf=0.2679, cca_ratio=1.9535, cca_scores=[0.15514749508433512, 0.07230080903963175, 0.07942055508687673, 0.03306155012832166], cca_probs=[0.26790733654074156, 0.2466066298736707, 0.24836867165367035, 0.23711736193191738]"
2026 05 21 20:04:15.871669,PHASE_TIMEOUT,
2026 05 21 20:04:18.873992,PHASE_SSVEP,
2026 05 21 20:04:18.991365,SSVEP_UPDATE,"fbcca_quad=0, fbcca_conf=0.2700, fbcca_ratio=3.2865, fbcca_consec=1, fbcca_scores=[0.12837976515654295, 0.017019975338088616, 0.03906273991036533, 0.017653684626427697], fbcca_probs=[0.2699524318483833, 0.24150398532064224, 0.2468865056889323, 0.24165707714204213], cca_quad=0, cca_conf=0.2622, cca_ratio=2.0642, cca_scores=[0.10517024219276062, 0.042930165860011846, 0.05094996258049602, 0.02876620413471493], cca_probs=[0.2622385063446051, 0.2464143190230872, 0.24839845732911175, 0.24294871730319598]"
2026 05 21 20:04:20.019162,SSVEP_UPDATE,"fbcca_quad=0, fbcca_conf=0.2682, fbcca_ratio=3.0657, fbcca_consec=2, fbcca_scores=[0.12855518869590354, 0.03737445821560228, 0.04193292942893109, 0.022020400256112474], fbcca_probs=[0.2681813608739291, 0.24481008356855996, 0.245928590691652, 0.24107996486585895], cca_quad=0, cca_conf=0.2673, cca_ratio=2.5306, cca_scores=[0.1383107335573517, 0.05465508428990656, 0.05118178176082294, 0.037577087099496975], cca_probs=[0.2673453213923521, 0.24589030258790293, 0.2450377326518096, 0.2417266433679353]"
2026 05 21 20:04:21.032937,SSVEP_UPDATE,"fbcca_quad=0, fbcca_conf=0.2557, fbcca_ratio=1.4572, fbcca_consec=3, fbcca_scores=[0.0652706057068839, 0.044791160284243396, 0.04129171210430045, 0.018727446170191023], fbcca_probs=[0.25571794839409434, 0.25053424745896297, 0.24965904809324382, 0.2440887560536989], cca_quad=0, cca_conf=0.2536, cca_ratio=1.0781, cca_scores=[0.076413715841355, 0.07087788737347969, 0.06080443743409839, 0.0402892741069816], cca_probs=[0.25358109501986864, 0.2521811919617902, 0.24965360946051235, 0.24458410355782878]"
2026 05 21 20:04:22.058247,SSVEP_UPDATE,"fbcca_quad=0, fbcca_conf=0.2555, fbcca_ratio=1.3426, fbcca_consec=4, fbcca_scores=[0.06281205922446843, 0.046783949863787824, 0.03407185280095612, 0.019368970021370405], fbcca_probs=[0.25554170513396113, 0.2514785044365064, 0.24830191858992123, 0.24467787183961126], cca_quad=1, cca_conf=0.2559, cca_ratio=1.2286, cca_scores=[0.07589252067619867, 0.09324499046974252, 0.07003089650326316, 0.04038749548951564], cca_probs=[0.25145989414014863, 0.2558614226082559, 0.24999024222765504, 0.2426884410239405]"
2026 05 21 20:04:23.077125,SSVEP_UPDATE,"fbcca_quad=1, fbcca_conf=0.2516, fbcca_ratio=1.0054, fbcca_consec=1, fbcca_scores=[0.03463757936064876, 0.034824936016813454, 0.030375273925133783, 0.013744604084172878], fbcca_probs=[0.25155600531063566, 0.25160314041802895, 0.2504860785789273, 0.24635477569240807], cca_quad=0, cca_conf=0.2557, cca_ratio=1.4165, cca_scores=[0.06250331483749776, 0.04412478982250667, 0.034837477183758174, 0.018499677863954542], cca_probs=[0.2556594590525072, 0.2510037290605445, 0.2486833705809446, 0.24465344130600375]"
2026 05 21 20:04:24.104215,SSVEP_UPDATE,"fbcca_quad=0, fbcca_conf=0.2539, fbcca_ratio=1.0186, fbcca_consec=1, fbcca_scores=[0.06487742557766543, 0.057023025385997794, 0.06369586369482785, 0.011812990435122886], fbcca_probs=[0.2538512788898311, 0.25186523914190617, 0.2535515150244387, 0.24073196694382407], cca_quad=2, cca_conf=0.2565, cca_ratio=1.1081, cca_scores=[0.07086444658278368, 0.08957980913654519, 0.0992592261324082, 0.03310239249865415], cca_probs=[0.2493370508957841, 0.2540474248908793, 0.25651839533749105, 0.24009712887584558]"
2026 05 21 20:04:25.133297,SSVEP_UPDATE,"fbcca_quad=1, fbcca_conf=0.2541, fbcca_ratio=1.0778, fbcca_consec=1, fbcca_scores=[0.03134355452260237, 0.05849892547547212, 0.054275306034808804, 0.02412654286749124], fbcca_probs=[0.24730847311971893, 0.25411624184939385, 0.2530452149473198, 0.24553007008356748], cca_quad=1, cca_conf=0.2547, cca_ratio=1.4020, cca_scores=[0.046007925037176656, 0.06450494060122518, 0.04599265077501619, 0.025876384680133282], cca_probs=[0.25007979940304126, 0.2547485754427234, 0.25007597964779615, 0.24509564550643934]"
2026 05 21 20:04:26.161791,SSVEP_UPDATE,"fbcca_quad=2, fbcca_conf=0.2558, fbcca_ratio=1.2134, fbcca_consec=1, fbcca_scores=[0.05359384535412758, 0.029840635368725287, 0.06503298116253553, 0.018541872978420484], fbcca_probs=[0.2529348842286903, 0.2469976620072379, 0.2558448527509878, 0.24422260101308396], cca_quad=0, cca_conf=0.2550, cca_ratio=1.0617, cca_scores=[0.08649142488965553, 0.05184264525064742, 0.08146511324522848, 0.04607674047374238], cca_probs=[0.2550160371411496, 0.24633136809664555, 0.25373746301197153, 0.2449151317502333]"
