time,mV

2026 05 20 19:17:07.494369,347
,343
,344
,347
,345
,345
,349
,354
,349
,349
,352
,350
,351
,352
2026 05 20 19:17:07.553746,351
,350
,350
,361
,360
,352
,358
,358
,356
,353
,352
,354
,353
,346
2026 05 20 19:17:07.614700,351
,355
,345
,341
,345
,343
,350
,354
,349
,359
,353
,358
,358
,364
2026 05 20 19:17:07.680372,365
,363
,365
,357
,352
,359
,353
,356
,350
,355
,358
,361
,356
,358
2026 05 20 19:17:07.741711,356
,357
,365
,359
,347
,347
,348
,348
,347
,353
,354
,346
,342
,346
2026 05 20 19:17:07.806258,343
,351
,352
,353
,354
,349
,348
,355
,354
,352
,353
,346
,343
,348
2026 05 20 19:17:07.867146,354
,344
,340
,349
,351
,348
,345
,355
,354
,350
,349
,360
,354
,356
2026 05 20 19:17:07.929407,353
,365
,363
,355
,359
,358
,351
,344
,351
,354
,353
,348
,349
,345
2026 05 20 19:17:07.995234,355
,352
,350
,354
,345
,350
,344
,349
,348
,357
,353
,341
,345
,350
2026 05 20 19:17:08.056641,338
,336
,341
,341
,338
,331
,330
,331
,323
,325
,327
,323
,321
,325
2026 05 20 19:17:08.121941,336
,334
,334
,345
,343
,342
,345
,358
,349
,347
,349
,346
,342
,336
2026 05 20 19:17:08.184122,340
,344
,349
,344
,349
,347
,350
,354
,353
,353
,350
,351
,351
,352
2026 05 20 19:17:08.245135,353
,350
,342
,337
,345
,347
,345
,336
,338
,333
,333
,329
,336
,334
2026 05 20 19:17:08.310706,331
,337
,342
,338
,334
,347
,351
,347
,347
,348
,353
,351
,351
,351
2026 05 20 19:17:08.371633,345
,349
,345
,352
,349
,344
,345
,344
,346
,336
,345
,345
,344
,338
2026 05 20 19:17:08.436865,349
,352
,345
,348
,346
,343
,336
,344
,347
,346
,348
,351
,348
,347
2026 05 20 19:17:08.499053,349
,342
,346
,347
,339
,344
,346
,338
,346
,336
,336
,341
,343
,349
2026 05 20 19:17:08.559988,344
,355
,356
,351
,347
,354
,355
,351
,362
,366
,362
,356
,358
,367
2026 05 20 19:17:08.626180,360
,359
,371
,368
,361
,359
,369
,366
,362
,369
,371
,365
,363
,363
2026 05 20 19:17:08.687554,360
,364
,360
,354
,347
,346
,348
,354
,347
,348
,354
,357
,357
,362
2026 05 20 19:17:08.753974,360
,350
,348
,347
,352
,349
,346
,349
,351
,357
,354
,355
,348
,358
2026 05 20 19:17:08.814419,360
,357
,352
,343
,347
,350
,359
,348
,357
,358
,356
,357
,361
,357
2026 05 20 19:17:08.875217,352
,354
,356
,354
,345
,355
,357
,353
,347
,354
,345
,351
,348
,348
2026 05 20 19:17:08.940795,347
,340
,347
,348
,346
,347
,348
,351
,351
,348
,351
,347
,354
,353
2026 05 20 19:17:09.002622,360
,358
,354
,357
,357
,352
,352
,355
,351
,349
,354
,361
,358
,358
2026 05 20 19:17:09.068887,363
,369
,363
,356
,358
,355
,352
,351
,353
,350
,346
,349
,357
,356
2026 05 20 19:17:09.129887,355
,360
,358
,349
,350
,355
,350
,347
,352
,355
,355
,349
,352
,351
2026 05 20 19:17:09.191429,354
,354
,358
,358
,350
,351
,349
,357
,351
,343
,358
,358
,360
,376
2026 05 20 19:17:09.256742,373
,371
,382
,389
,383
,364
,368
,375
,391
,380
,381
,375
,374
,369
2026 05 20 19:17:09.319028,379
,373
,366
,372
,372
,363
,351
,359
,359
,360
,356
,362
,357
,350
2026 05 20 19:17:09.383521,356
,360
,355
,351
,355
,353
,352
,354
,359
,349
,353
,352
,354
,352
2026 05 20 19:17:09.444624,349
,353
,358
,363
,361
,360
,365
,362
,357
,362
,359
,351
,353
,360
2026 05 20 19:17:09.506713,366
,359
,359
,358
,364
,360
,356
,355
,358
,361
,360
,359
,357
,362
2026 05 20 19:17:09.571913,366
,364
,360
,361
,363
,355
,354
,357
,351
,343
,364
,372
,360
,341
2026 05 20 19:17:09.633434,366
,362
,360
,359
,360
,359
,357
,360
,355
,358
,366
,378
,375
,364
2026 05 20 19:17:09.699401,355
,370
,370
,360
,359
,366
,361
,352
,356
,360
,356
,354
,365
,369
2026 05 20 19:17:09.760733,364
,364
,368
,362
,353
,359
,362
,358
,359
,365
,353
,350
,364
,359
2026 05 20 19:17:09.821742,353
,357
,362
,367
,357
,354
,365
,360
,362
,363
,368
,359
,362
,363
2026 05 20 19:17:09.887428,365
,360
,352
,353
,346
,350
,344
,357
,349
,348
,346
,348
,349
,348
2026 05 20 19:17:09.948987,345
,354
,359
,362
,362
,363
,346
,366
,360
,355
,361
,371
,369
,367
2026 05 20 19:17:10.014671,367
,369
,363
,357
,362
,371
,370
,361
,362
,370
,366
,359
,367
,366
2026 05 20 19:17:10.076166,366
,361
,365
,374
,372
,371
,372
,374
,367
,369
,379
,363
,352
,362
2026 05 20 19:17:10.137407,361
,369
,362
,368
,365
,352
,353
,368
,367
,360
,363
,369
,369
,361
2026 05 20 19:17:10.203117,365
,357
,358
,360
,367
,353
,347
,360
,364
,360
,355
,349
,354
,351
2026 05 20 19:17:10.264330,351
,351
,342
,339
,342
,344
,337
,333
,336
,336
,337
,337
,347
,340
2026 05 20 19:17:10.329112,336
,348
,359
,354
,353
,359
,359
,355
,356
,357
,357
,356
,358
,359
2026 05 20 19:17:10.391284,348
,348
,353
,349
,344
,346
,350
,342
,338
,343
,352
,342
,342
,351
2026 05 20 19:17:10.452376,360
,355
,350
,354
,354
,345
,346
,349
,350
,347
,354
,349
,342
,346
2026 05 20 19:17:10.517190,343
,341
,356
,355
,360
,357
,348
,348
,349
,343
,346
,349
,349
,348
2026 05 20 19:17:10.579368,348
,351
,349
,347
,345
,356
,352
,343
,345
,358
,352
,340
,350
,353
2026 05 20 19:17:10.644985,341
,346
,347
,345
,352
,350
,350
,349
,343
,348
,348
,344
,336
,344
2026 05 20 19:17:10.706880,338
,336
,337
,338
,331
,326
,332
,326
,316
,345
,349
,340
,352
,354
2026 05 20 19:17:10.767281,341
,348
,340
,344
,355
,350
,340
,346
,334
,333
,336
,333
,324
,335
2026 05 20 19:17:10.833821,342
,349
,343
,336
,346
,343
,346
,340
,352
,343
,340
,338
,341
,344
2026 05 20 19:17:10.894792,351
,349
,356
,350
,349
,347
,348
,338
,334
,336
,327
,318
,336
,338
2026 05 20 19:17:10.960162,333
,336
,327
,331
,328
,333
,336
,330
,339
,342
,336
,343
,336
,333
2026 05 20 19:17:11.021460,342
,339
,325
,333
,337
,335
,336
,352
,339
,339
,345
,343
,337
,343
2026 05 20 19:17:11.083455,345
,348
,344
,341
,347
,334
,340
,329
,337
,328
,323
,329
,331
,330
2026 05 20 19:17:11.148701,323
,328
,325
,332
,333
,337
,341
,342
,337
,338
,333
,333
,350
,340
2026 05 20 19:17:11.210039,341
,346
,348
,343
,344
,345
,348
,340
,340
,348
,342
,342
,340
,349
2026 05 20 19:17:11.276150,340
,341
,349
,344
,339
,336
,354
,351
,347
,343
,345
,344
,342
,344
2026 05 20 19:17:11.337657,348
,345
,345
,352
,350
,344
,343
,348
,348
,341
,333
,350
,358
,345
2026 05 20 19:17:11.399232,353
,363
,353
,344
,341
,351
,348
,345
,348
,342
,344
,334
,344
,348
2026 05 20 19:17:11.464671,338
,349
,349
,353
,351
,349
,355
,341
,341
,348
,339
,340
,352
,352
2026 05 20 19:17:11.526227,348
,345
,335
,342
,334
,336
,352
,340
,341
,337
,338
,336
,340
,330
2026 05 20 19:17:11.587204,340
,341
,345
,379
,358
,353
,366
,380
,366
,358
,358
,353
,347
,340
2026 05 20 19:17:11.653113,346
,347
,332
,336
,340
,349
,341
,333
,338
,354
,336
,338
,330
,324
2026 05 20 19:17:11.714595,323
,323
,334
,341
,334
,338
,334
,333
,335
,340
,345
,339
,344
,346
2026 05 20 19:17:11.779885,347
,349
,351
,340
,346
,352
,344
,344
,349
,346
,362
,340
,347
,361
2026 05 20 19:17:11.841633,335
,334
,340
,346
,344
,344
,354
,349
,356
,360
,359
,366
,355
,354
2026 05 20 19:17:11.902082,361
,359
,347
,355
,357
,349
,356
,365
,344
,351
,362
,356
,362
,366
2026 05 20 19:17:11.968091,348
,371
,372
,367
,382
,378
,373
,367
,364
,358
,361
,361
,361
,371
2026 05 20 19:17:12.029028,355
,364
,363
,360
,362
,364
,345
,345
,368
,356
,351
,339
,355
,343
2026 05 20 19:17:12.094610,346
,353
,354
,354
,347
,347
,363
,348
,354
,353
,353
,360
,361
,356
2026 05 20 19:17:12.156031,349
,356
,355
,363
,363
,357
,358
,366
,366
,351
,356
,359
,350
,354
2026 05 20 19:17:12.217741,360
,365
,356
,359
,366
,363
,355
,352
,363
,371
,360
,367
,367
,367
2026 05 20 19:17:12.283612,365
,362
,358
,351
,357
,365
,356
,348
,353
,348
,349
,355
,357
,357
2026 05 20 19:17:12.344804,354
,363
,365
,360
,353
,363
,352
,361
,353
,351
,354
,350
,336
,350
2026 05 20 19:17:12.410002,365
,370
,351
,343
,371
,343
,369
,346
,345
,351
,341
,342
,340
,343
2026 05 20 19:17:12.471680,344
,333
,347
,356
,358
,353
,352
,359
,336
,339
,350
,349
,350
,346
2026 05 20 19:17:12.532970,348
,341
,351
,355
,361
,354
,360
,359
,361
,353
,343
,344
,352
,344
2026 05 20 19:17:12.599062,341
,346
,340
,333
,337
,351
,336
,322
,336
,341
,329
,329
,339
,333
2026 05 20 19:17:12.660023,329
,337
,332
,338
,341
,334
,339
,335
,344
,338
,331
,340
,339
,346
2026 05 20 19:17:12.726313,343
,334
,333
,339
,349
,335
,334
,328
,334
,327
,326
,332
,335
,334
2026 05 20 19:17:12.787958,339
,346
,341
,344
,346
,347
,346
,343
,342
,343
,349
,360
,355
,346
2026 05 20 19:17:12.849102,352
,349
,346
,345
,344
,342
,342
,344
,344
,345
,341
,343
,344
,338
2026 05 20 19:17:12.953151,335
,343
,346
,345
,340
,345
,343
,340
,342
,346
,343
,339
,345
,338
2026 05 20 19:17:12.989396,343
,342
,341
,340
,338
,339
,351
,341
,332
,336
,336
,340
,340
,350
2026 05 20 19:17:13.040852,344
,339
,341
,350
,347
,340
,347
,351
,342
,333
,334
,331
,332
,328
2026 05 20 19:17:13.103720,336
,340
,339
,344
,349
,341
,349
,357
,359
,355
,352
,351
,351
,347
2026 05 20 19:17:13.164730,346
,349
,352
,360
,360
,365
,365
,358
,365
,363
,361
,356
,354
,359
2026 05 20 19:17:13.229723,356
,366
,369
,363
,354
,354
,349
,358
,352
,356
,349
,343
,350
,354
2026 05 20 19:17:13.291162,350
,354
,368
,366
,361
,355
,360
,361
,358
,352
,352
,352
,351
,355
2026 05 20 19:17:13.356867,350
,346
,343
,349
,346
,346
,346
,347
,348
,341
,344
,339
,335
,333
2026 05 20 19:17:13.418007,342
,339
,344
,337
,350
,348
,344
,344
,348
,345
,345
,347
,345
,351
2026 05 20 19:17:13.479631,347
,348
,355
,353
,353
,357
,349
,348
,353
,356
,354
,347
,356
,356
2026 05 20 19:17:13.544366,354
,357
,355
,353
,354
,352
,353
,350
,347
,355
,354
,352
,345
,354
2026 05 20 19:17:13.606877,353
,353
,356
,360
,355
,357
,356
,360
,354
,352
,360
,356
,349
,352
2026 05 20 19:17:13.672250,356
,352
,347
,351
,357
,353
,352
,355
,364
,364
,364
,361
,362
,364
2026 05 20 19:17:13.735833,365
,365
,364
,357
,357
,363
,365
,360
,366
,354
,352
,356
,364
,356
2026 05 20 19:17:13.794413,349
,358
,360
,357
,355
,362
,357
,356
,353
,355
,358
,354
,356
,360
2026 05 20 19:17:13.860640,358
,356
,361
,361
,366
,361
,366
,359
,357
,355
,357
,351
,351
,359
2026 05 20 19:17:13.921923,360
,359
,356
,359
,353
,352
,355
,361
,355
,352
,353
,357
,356
,348
2026 05 20 19:17:13.987581,357
,359
,350
,347
,361
,359
,357
,359
,361
,361
,355
,360
,357
,360
2026 05 20 19:17:14.048920,358
,358
,350
,353
,357
,359
,357
,359
,361
,361
,354
,354
,361
,354
2026 05 20 19:17:14.111231,354
,351
,364
,357
,354
,354
,362
,354
,350
,352
,354
,359
,358
,363
2026 05 20 19:17:14.176541,358
,361
,360
,354
,354
,350
,354
,350
,350
,351
,363
,354
,351
,350
2026 05 20 19:17:14.237635,356
,353
,355
,360
,363
,362
,360
,363
,355
,355
,353
,356
,352
,353
2026 05 20 19:17:14.302900,357
,356
,357
,356
,363
,357
,352
,350
,357
,351
,348
,348
,350
,350
2026 05 20 19:17:14.364127,350
,349
,354
,357
,356
,355
,362
,354
,356
,363
,360
,357
,361
,361
2026 05 20 19:17:14.425361,361
,358
,356
,355
,354
,355
,355
,349
,347
,345
,343
,350
,343
,349
2026 05 20 19:17:14.491279,351
,349
,344
,350
,344
,341
,342
,341
,346
,342
,344
,346
,344
,345
2026 05 20 19:17:14.553136,350
,345
,345
,347
,347
,341
,340
,348
,349
,347
,348
,354
,349
,342
2026 05 20 19:17:14.618615,342
,354
,345
,343
,347
,345
,347
,346
,353
,350
,347
,345
,354
,354
2026 05 20 19:17:14.679708,354
,357
,359
,356
,354
,358
,348
,357
,356
,357
,351
,349
,349
,352
2026 05 20 19:17:14.740964,347
,341
,349
,352
,344
,343
,349
,348
,347
,347
,350
,348
,346
,348
2026 05 20 19:17:14.806857,350
,348
,345
,347
,347
,345
,349
,358
,353
,351
,356
,356
,352
,342
2026 05 20 19:17:14.868403,347
,346
,346
,349
,355
,352
,352
,350
,352
,347
,344
,347
,343
,338
2026 05 20 19:17:14.933687,342
,357
,350
,349
,349
,355
,354
,356
,357
,360
,359
,356
,357
,351
2026 05 20 19:17:14.995598,350
,348
,348
,345
,345
,348
,354
,349
,349
,352
,358
,361
,353
,357
2026 05 20 19:17:15.056999,355
,353
,355
,357
,353
,354
,358
,357
,351
,347
,355
,353
,349
,348
2026 05 20 19:17:15.122163,356
,352
,350
,357
,358
,358
,356
,358
,359
,362
,363
,365
,367
,362
2026 05 20 19:17:15.183236,361
,365
,364
,361
,361
,359
,357
,354
,356
,353
,357
,358
,359
,356
2026 05 20 19:17:15.249125,352
,350
,349
,346
,343
,348
,351
,352
,349
,348
,348
,347
,355
,356
2026 05 20 19:17:15.310655,351
,348
,352
,350
,347
,342
,347
,344
,339
,342
,346
,344
,339
,349
2026 05 20 19:17:15.372122,354
,352
,352
,351
,353
,352
,351
,357
,349
,343
,348
,345
,343
,340
2026 05 20 19:17:15.437986,349
,350
,342
,348
,353
,347
,351
,351
,353
,353
,351
,357
,350
,347
2026 05 20 19:17:15.499142,344
,348
,343
,342
,341
,344
,344
,343
,347
,350
,345
,345
,351
,351
2026 05 20 19:17:15.559803,358
,356
,357
,351
,342
,343
,342
,341
,333
,342
,343
,345
,343
,353
2026 05 20 19:17:15.625802,346
,344
,349
,353
,347
,342
,346
,341
,340
,335
,338
,336
,338
,346
2026 05 20 19:17:15.686895,349
,345
,340
,348
,345
,350
,352
,352
,345
,348
,352
,354
,352
,347
2026 05 20 19:17:15.753072,352
,356
,355
,353
,356
,354
,358
,354
,360
,354
,349
,354
,354
,347
2026 05 20 19:17:15.814713,350
,355
,356
,355
,355
,359
,353
,351
,354
,355
,352
,344
,343
,351
2026 05 20 19:17:15.875807,348
,344
,351
,349
,354
,359
,353
,346
,344
,355
,353
,349
,344
,347
2026 05 20 19:17:15.941212,349
,348
,343
,350
,351
,348
,353
,355
,356
,348
,350
,348
,347
,341
2026 05 20 19:17:16.002277,350
,346
,344
,349
,356
,355
,344
,349
,353
,355
,355
,359
,355
,354
2026 05 20 19:17:16.067974,354
,362
,355
,348
,352
,355
,357
,355
,362
,363
,365
,360
,369
,360
2026 05 20 19:17:16.129766,362
,365
,364
,361
,356
,360
,359
,358
,356
,358
,350
,349
,355
,359
2026 05 20 19:17:16.190921,353
,350
,355
,357
,359
,356
,363
,362
,363
,365
,364
,355
,353
,350
2026 05 20 19:17:16.256411,356
,353
,354
,359
,360
,357
,359
,361
,357
,352
,356
,352
,350
,348
2026 05 20 19:17:16.319035,356
,355
,356
,349
,357
,356
,352
,353
,356
,357
,354
,358
,360
,360
2026 05 20 19:17:16.384604,355
,358
,352
,355
,352
,358
,355
,355
,352
,355
,351
,344
,348
,350
2026 05 20 19:17:16.445387,356
,351
,354
,345
,338
,341
,340
,338
,340
,345
,345
,345
,345
,348
2026 05 20 19:17:16.506584,350
,354
,350
,353
,345
,344
,349
,345
,351
,349
,353
,355
,349
,347
2026 05 20 19:17:16.572186,358
,354
,350
,348
,351
,352
,347
,357
,357
,349
,350
,359
,352
,352
2026 05 20 19:17:16.633354,355
,360
,358
,353
,356
,353
,346
,342
,341
,343
,347
,354
,354
,354
2026 05 20 19:17:16.699085,354
,361
,356
,354
,349
,351
,350
,352
,351
,355
,348
,342
,347
,353
2026 05 20 19:17:16.760288,354
,350
,356
,354
,353
,350
,357
,357
,356
,352
,358
,357
,353
,358
2026 05 20 19:17:16.821547,355
,353
,347
,353
,346
,345
,350
,354
,352
,342
,351
,356
,357
,356
2026 05 20 19:17:16.887020,362
,360
,361
,357
,360
,353
,347
,351
,352
,346
,339
,352
,347
,347
2026 05 20 19:17:16.949147,338
,345
,343
,345
,352
,360
,360
,357
,364
,363
,358
,356
,360
,356
2026 05 20 19:17:17.014281,359
,358
,355
,353
,350
,355
,356
,355
,349
,351
,352
,349
,348
,352
2026 05 20 19:17:17.075675,350
,350
,351
,347
,351
,353
,358
,357
,356
,351
,351
,345
,347
,347
2026 05 20 19:17:17.141039,352
,353
,346
,349
,346
,345
,340
,345
,345
,340
,342
,348
,349
,346
2026 05 20 19:17:17.206532,349
,347
,346
,345
,351
,355
,350
,349
,351
,347
,347
,347
,349
,346
2026 05 20 19:17:17.263876,343
,345
,344
,345
,343
,347
,343
,342
,350
,351
,348
,344
,345
,347
2026 05 20 19:17:17.329855,341
,339
,347
,342
,341
,344
,348
,345
,346
,348
,349
,347
,343
,347
2026 05 20 19:17:17.390222,342
,349
,350
,355
,351
,347
,352
,353
,355
,348
,351
,350
,351
,348
2026 05 20 19:17:17.452477,355
,349
,354
,357
,355
,356
,354
,362
,358
,357
,351
,358
,355
,350
2026 05 20 19:17:17.517469,355
,361
,360
,358
,359
,357
,359
,354
,360
,356
,357
,359
,365
,360
2026 05 20 19:17:17.579192,362
,363
,363
,359
,357
,357
,354
,352
,351
,353
,349
,353
,357
,358
2026 05 20 19:17:17.644300,352
,350
,362
,360
,360
,355
,355
,351
,352
,359
,360
,351
,341
,344
2026 05 20 19:17:17.706765,348
,342
,342
,348
,349
,351
,352
,355
,352
,351
,350
,353
,350
,346
2026 05 20 19:17:17.767173,349
,347
,349
,354
,354
,350
,352
,356
,359
,352
,351
,355
,357
,351
2026 05 20 19:17:17.833718,354
,359
,356
,358
,357
,355
,351
,347
,350
,352
,350
,342
,347
,354
2026 05 20 19:17:17.895097,351
,352
,351
,352
,347
,346
,346
,344
,341
,346
,347
,348
,349
,350
2026 05 20 19:17:17.959921,348
,342
,345
,347
,346
,341
,346
,348
,342
,337
,344
,349
,350
,353
2026 05 20 19:17:18.021974,358
,352
,346
,350
,353
,354
,351
,353
,354
,355
,353
,353
,356
,354
2026 05 20 19:17:18.085467,351
,353
,356
,350
,355
,352
,357
,354
,357
,354
,355
,360
,362
,358
2026 05 20 19:17:18.151920,350
,354
,359
,359
,352
,352
,349
,350
,341
,346
,344
,339
,341
,347
2026 05 20 19:17:18.210378,350
,345
,352
,353
,349
,347
,349
,346
,345
,346
,345
,345
,339
,343
2026 05 20 19:17:18.275402,345
,342
,338
,346
,341
,343
,348
,355
,352
,357
,362
,360
,352
,352
2026 05 20 19:17:18.336569,354
,346
,345
,346
,350
,348
,348
,353
,357
,355
,353
,356
,359
,359
2026 05 20 19:17:18.400429,361
,365
,360
,357
,359
,361
,353
,352
,360
,353
,355
,352
,357
,356
2026 05 20 19:17:18.464667,353
,353
,354
,351
,350
,358
,359
,356
,348
,353
,353
,351
,353
,356
2026 05 20 19:17:18.525859,355
,353
,354
,356
,354
,349
,358
,355
,353
,352
,355
,350
,344
,346
2026 05 20 19:17:18.590971,353
,352
,352
,350
,348
,348
,345
,346
,352
,352
,350
,356
,352
,353
2026 05 20 19:17:18.652872,358
,363
,360
,352
,355
,352
,349
,350
,349
,346
,341
,348
,355
,353
2026 05 20 19:17:18.713642,348
,350
,345
,348
,348
,353
,349
,347
,349
,352
,350
,345
,348
,353
2026 05 20 19:17:18.781748,353
,353
,358
,354
,353
,353
,359
,357
,353
,359
,358
,355
,346
,353
2026 05 20 19:17:18.840969,352
,352
,347
,353
,352
,353
,360
,358
,353
,352
,353
,352
,352
,351
2026 05 20 19:17:18.907001,352
,352
,346
,349
,350
,346
,340
,353
,348
,345
,343
,347
,347
,348
2026 05 20 19:17:18.968519,350
,357
,356
,355
,360
,367
,367
,364
,363
,351
,350
,348
,355
,358
2026 05 20 19:17:19.029561,357
,363
,362
,362
,359
,360
,358
,360
,354
,358
,351
,351
,356
,357
2026 05 20 19:17:19.095230,345
,348
,354
,361
,352
,348
,363
,357
,356
,352
,356
,358
,355
,360
2026 05 20 19:17:19.156924,358
,348
,351
,356
,356
,356
,351
,357
,359
,354
,353
,354
,358
,353
2026 05 20 19:17:19.222153,358
,363
,363
,357
,361
,352
,353
,358
,358
,356
,356
,360
,358
,360
2026 05 20 19:17:19.283610,366
,371
,370
,368
,369
,365
,362
,355
,353
,358
,358
,354
,362
,359
2026 05 20 19:17:19.344340,358
,358
,358
,359
,364
,369
,367
,365
,356
,359
,356
,358
,352
,352
2026 05 20 19:17:19.410022,349
,345
,349
,351
,348
,345
,353
,353
,353
,352
,357
,356
,356
,355
2026 05 20 19:17:19.472490,363
,361
,358
,363
,363
,361
,352
,359
,356
,359
,356
,360
,354
,351
2026 05 20 19:17:19.537767,356
,360
,355
,354
,358
,358
,356
,354
,362
,356
,353
,363
,364
,358
2026 05 20 19:17:19.599142,357
,364
,360
,357
,357
,361
,355
,357
,355
,353
,354
,353
,355
,356
2026 05 20 19:17:19.660154,353
,352
,360
,359
,356
,356
,360
,357
,352
,353
,359
,359
,353
,356
2026 05 20 19:17:19.726017,358
,357
,352
,356
,353
,348
,349
,357
,356
,353
,363
,363
,361
,352
2026 05 20 19:17:19.787574,356
,354
,349
,350
,354
,353
,357
,362
,362
,360
,355
,359
,358
,352
2026 05 20 19:17:19.848936,357
,355
,352
,351
,355
,357
,353
,358
,358
,362
,362
,356
,359
,359
2026 05 20 19:17:19.914098,352
,352
,356
,353
,355
,362
,360
,355
,353
,359
,357
,358
,359
,366
2026 05 20 19:17:19.975545,363
,361
,365
,372
,368
,361
,370
,368
,364
,361
,364
,357
,355
,359
2026 05 20 19:17:20.042250,358
,356
,355
,357
,354
,355
,353
,362
,352
,349
,358
,359
,357
,352
2026 05 20 19:17:20.103039,354
,354
,349
,349
,355
,351
,352
,348
,352
,353
,345
,347
,350
,348
2026 05 20 19:17:20.163743,345
,352
,354
,353
,349
,352
,351
,350
,354
,356
,352
,348
,361
,363
2026 05 20 19:17:20.229273,356
,352
,354
,351
,348
,345
,347
,348
,346
,347
,349
,353
,350
,355
2026 05 20 19:17:20.291332,351
,352
,351
,356
,352
,349
,351
,348
,346
,345
,354
,355
,358
,359
2026 05 20 19:17:20.355814,358
,352
,350
,357
,364
,357
,355
,355
,356
,355
,346
,349
,345
,350
2026 05 20 19:17:20.418358,354
,356
,353
,356
,356
,356
,352
,349
,349
,348
,350
,349
,354
,350
2026 05 20 19:17:20.479291,350
,354
,355
,355
,352
,354
,352
,355
,350
,352
,346
,349
,356
,351
2026 05 20 19:17:20.545181,345
,352
,355
,359
,362
,351
,356
,355
,352
,349
,355
,352
,349
,354
2026 05 20 19:17:20.605936,350
,346
,341
,352
,348
,348
,346
,348
,350
,359
,355
,354
,351
,344
2026 05 20 19:17:20.672249,352
,355
,347
,351
,358
,354
,355
,366
,365
,357
,356
,353
,352
,349
2026 05 20 19:17:20.733569,346
,354
,352
,351
,347
,356
,355
,354
,357
,353
,352
,350
,348
,350
2026 05 20 19:17:20.794390,354
,354
,359
,355
,352
,354
,360
,357
,347
,350
,349
,344
,343
,348
2026 05 20 19:17:20.860251,350
,349
,359
,363
,357
,354
,361
,360
,360
,360
,368
,359
,355
,354
2026 05 20 19:17:20.921668,358
,343
,337
,348
,345
,342
,339
,338
,340
,361
,356
,358
,354
,350
2026 05 20 19:17:20.988136,352
,353
,347
,339
,348
,353
,345
,340
,335
,339
,352
,347
,356
,357
2026 05 20 19:17:21.048885,349
,349
,351
,348
,343
,347
,346
,340
,336
,339
,337
,330
,337
,350
2026 05 20 19:17:21.110350,350
,348
,356
,355
,354
,355
,359
,350
,342
,343
,342
,331
,327
,328
2026 05 20 19:17:21.175565,327
,334
,348
,353
,353
,350
,348
,357
,351
,346
,350
,348
,344
,337
2026 05 20 19:17:21.237059,344
,339
,340
,349
,354
,347
,350
,356
,359
,353
,348
,353
,351
,353
2026 05 20 19:17:21.302915,351
,354
,349
,347
,350
,355
,349
,343
,350
,352
,351
,341
,345
,343
2026 05 20 19:17:21.364129,338
,346
,353
,340
,329
,333
,347
,353
,348
,347
,349
,342
,341
,344
2026 05 20 19:17:21.425314,342
,331
,331
,333
,328
,333
,353
,351
,352
,354
,359
,352
,348
,352
2026 05 20 19:17:21.491299,355
,352
,338
,349
,342
,341
,339
,355
,343
,347
,343
,354
,351
,347
2026 05 20 19:17:21.552148,352
,352
,348
,343
,351
,348
,345
,349
,354
,349
,344
,349
,349
,346
2026 05 20 19:17:21.618224,346
,357
,356
,357
,354
,361
,355
,350
,350
,349
,349
,356
,360
,357
2026 05 20 19:17:21.679604,354
,350
,354
,352
,353
,355
,349
,351
,353
,360
,353
,359
,353
,357
2026 05 20 19:17:21.740988,354
,351
,354
,356
,351
,352
,349
,350
,343
,344
,346
,348
,358
,359
2026 05 20 19:17:21.806596,363
,357
,354
,353
,355
,357
,346
,345
,347
,354
,353
,359
,357
,358
2026 05 20 19:17:21.867952,362
,367
,364
,358
,367
,370
,367
,363
,366
,359
,358
,358
,356
,352
2026 05 20 19:17:21.933510,349
,350
,355
,352
,349
,358
,367
,364
,360
,364
,360
,357
,360
,365
2026 05 20 19:17:21.995172,366
,356
,361
,355
,350
,343
,350
,347
,338
,341
,346
,336
,335
,347
2026 05 20 19:17:22.056065,347
,343
,340
,346
,344
,340
,340
,349
,341
,329
,354
,352
,349
,352
2026 05 20 19:17:22.122111,352
,350
,357
,367
,367
,361
,365
,356
,357
,360
,358
,359
,355
,351
2026 05 20 19:17:22.183376,345
,358
,353
,350
,355
,364
,359
,351
,354
,357
,356
,355
,360
,364
2026 05 20 19:17:22.250089,364
,359
,364
,362
,356
,359
,359
,357
,349
,350
,351
,354
,351
,353
2026 05 20 19:17:22.309993,346
,339
,350
,348
,356
,349
,355
,353
,357
,358
,358
,360
,360
,362
2026 05 20 19:17:22.371567,370
,360
,352
,352
,346
,336
,331
,341
,343
,337
,340
,341
,343
,339
2026 05 20 19:17:22.437595,350
,352
,346
,351
,364
,363
,357
,357
,360
,348
,344
,353
,350
,346
2026 05 20 19:17:22.498814,345
,353
,350
,342
,339
,357
,351
,340
,348
,354
,346
,342
,347
,350
2026 05 20 19:17:22.563930,349
,348
,360
,351
,342
,350
,356
,348
,348
,352
,353
,348
,353
,367
2026 05 20 19:17:22.626161,365
,360
,358
,372
,367
,361
,366
,370
,358
,359
,364
,360
,351
,349
2026 05 20 19:17:22.686738,365
,357
,350
,356
,362
,357
,355
,360
,361
,355
,353
,364
,360
,355
2026 05 20 19:17:22.753506,355
,361
,352
,351
,360
,363
,352
,349
,357
,359
,354
,355
,357
,354
2026 05 20 19:17:22.814331,348
,355
,355
,353
,347
,356
,353
,351
,350
,360
,360
,352
,358
,363
2026 05 20 19:17:22.879700,356
,353
,358
,358
,355
,349
,355
,358
,354
,360
,366
,355
,354
,359
2026 05 20 19:17:22.941294,363
,356
,357
,363
,360
,355
,353
,357
,352
,349
,355
,363
,357
,354
2026 05 20 19:17:23.002491,363
,366
,361
,356
,361
,357
,349
,357
,360
,351
,346
,355
,354
,351
2026 05 20 19:17:23.068732,352
,361
,359
,351
,353
,362
,351
,344
,357
,361
,356
,349
,360
,355
2026 05 20 19:17:23.129560,349
,348
,355
,347
,345
,351
,357
,351
,354
,360
,359
,351
,354
,359
2026 05 20 19:17:23.195210,350
,347
,352
,359
,352
,347
,357
,359
,349
,346
,358
,349
,349
,347
2026 05 20 19:17:23.256115,353
,352
,352
,356
,358
,354
,358
,364
,361
,346
,343
,345
,347
,345
2026 05 20 19:17:23.319848,345
,348
,348
,342
,353
,360
,348
,349
,356
,352
,349
,349
,353
,355
2026 05 20 19:17:23.383516,351
,355
,356
,347
,344
,354
,355
,350
,351
,365
,358
,353
,358
,358
2026 05 20 19:17:23.445260,352
,347
,352
,348
,341
,340
,345
,341
,340
,348
,352
,345
,345
,363
2026 05 20 19:17:23.505822,358
,349
,350
,353
,352
,352
,355
,356
,348
,342
,347
,353
,343
,340
2026 05 20 19:17:23.572083,348
,351
,346
,346
,351
,353
,351
,359
,359
,356
,352
,362
,350
,347
2026 05 20 19:17:23.635184,341
,344
,343
,336
,340
,344
,343
,345
,351
,349
,348
,346
,352
,343
2026 05 20 19:17:23.698829,345
,348
,351
,343
,343
,351
,353
,343
,339
,346
,351
,356
,359
,370
2026 05 20 19:17:23.759875,362
,354
,365
,366
,355
,353
,362
,358
,356
,354
,358
,354
,349
,357
2026 05 20 19:17:23.821276,363
,359
,352
,358
,354
,346
,347
,353
,354
,356
,358
,366
,355
,355
2026 05 20 19:17:23.886969,363
,361
,353
,344
,348
,348
,349
,349
,356
,349
,345
,350
,355
,353
2026 05 20 19:17:23.948163,348
,354
,355
,351
,348
,354
,345
,345
,348
,351
,342
,338
,343
,338
2026 05 20 19:17:24.014386,328
,325
,340
,337
,333
,338
,347
,343
,343
,345
,345
,335
,343
,351
2026 05 20 19:17:24.075627,346
,341
,343
,344
,341
,337
,347
,350
,340
,337
,346
,348
,345
,347
2026 05 20 19:17:24.137140,353
,349
,349
,350
,357
,349
,341
,349
,350
,342
,347
,354
,351
,348
2026 05 20 19:17:24.201919,354
,360
,353
,345
,346
,348
,342
,336
,345
,348
,355
,355
,363
,353
2026 05 20 19:17:24.263707,350
,362
,371
,357
,356
,363
,360
,351
,346
,358
,347
,342
,343
,353
2026 05 20 19:17:24.329052,349
,349
,354
,350
,347
,343
,352
,352
,350
,345
,352
,339
,344
,349
2026 05 20 19:17:24.391334,352
,348
,343
,354
,351
,343
,340
,347
,341
,343
,346
,350
,346
,342
2026 05 20 19:17:24.451990,353
,358
,352
,347
,356
,350
,349
,357
,362
,355
,349
,353
,358
,350
2026 05 20 19:17:24.518148,345
,352
,344
,343
,346
,349
,341
,336
,341
,341
,341
,337
,349
,350
2026 05 20 19:17:24.579100,343
,346
,349
,338
,345
,345
,354
,349
,341
,353
,355
,352
,348
,355
2026 05 20 19:17:24.645285,353
,350
,349
,358
,352
,352
,362
,357
,351
,356
,361
,354
,349
,349
2026 05 20 19:17:24.706819,357
,350
,338
,348
,353
,349
,345
,356
,356
,352
,354
,366
,360
,358
2026 05 20 19:17:24.767930,361
,369
,358
,357
,367
,362
,355
,351
,352
,345
,348
,355
,364
,359
2026 05 20 19:17:24.833478,355
,362
,359
,353
,350
,353
,352
,351
,352
,357
,356
,354
,360
,362
2026 05 20 19:17:24.894144,358
,354
,360
,365
,357
,351
,358
,350
,347
,356
,359
,348
,345
,356
2026 05 20 19:17:24.960007,357
,351
,347
,355
,350
,347
,347
,352
,348
,346
,352
,350
,344
,345
2026 05 20 19:17:25.021865,350
,351
,345
,346
,353
,352
,343
,354
,360
,346
,345
,346
,339
,338
2026 05 20 19:17:25.082788,340
,342
,342
,337
,341
,348
,340
,340
,346
,348
,340
,339
,349
,346
2026 05 20 19:17:25.149140,348
,350
,351
,344
,343
,347
,346
,342
,339
,347
,344
,341
,348
,352
2026 05 20 19:17:25.210234,348
,348
,356
,358
,350
,347
,353
,350
,347
,348
,356
,352
,350
,353
2026 05 20 19:17:25.275929,355
,344
,338
,345
,339
,339
,336
,344
,347
,342
,346
,349
,343
,342
2026 05 20 19:17:25.337985,352
,355
,351
,350
,357
,356
,344
,344
,352
,353
,347
,352
,359
,351
2026 05 20 19:17:25.397577,348
,350
,348
,348
,346
,350
,347
,344
,348
,351
,350
,346
,348
,350
2026 05 20 19:17:25.463830,342
,344
,354
,349
,344
,350
,355
,353
,344
,347
,349
,344
,339
,351
2026 05 20 19:17:25.525609,350
,348
,344
,354
,348
,340
,343
,347
,338
,335
,343
,347
,344
,340
2026 05 20 19:17:25.591291,353
,347
,339
,345
,354
,344
,342
,351
,351
,344
,345
,354
,347
,351
2026 05 20 19:17:25.652604,352
,352
,349
,347
,351
,357
,346
,349
,358
,355
,351
,358
,362
,354
2026 05 20 19:17:25.713378,349
,351
,350
,345
,343
,352
,352
,350
,351
,358
,355
,351
,358
,361
2026 05 20 19:17:25.779005,350
,342
,355
,357
,352
,353
,358
,353
,355
,356
,361
,349
,341
,356
2026 05 20 19:17:25.840851,354
,347
,347
,355
,354
,347
,345
,353
,346
,338
,345
,348
,342
,339
2026 05 20 19:17:25.906767,346
,352
,350
,344
,356
,350
,345
,349
,353
,349
,350
,357
,355
,346
2026 05 20 19:17:25.968429,343
,351
,346
,344
,347
,351
,345
,346
,355
,358
,350
,347
,356
,348
2026 05 20 19:17:26.029201,344
,343
,352
,350
,344
,343
,351
,348
,343
,350
,348
,341
,337
,343
2026 05 20 19:17:26.095027,345
,346
,345
,349
,340
,340
,347
,350
,346
,347
,350
,348
,346
,345
2026 05 20 19:17:26.156058,359
,354
,350
,355
,359
,354
,352
,361
,362
,358
,354
,365
,357
,354
2026 05 20 19:17:26.221945,359
,361
,353
,346
,350
,347
,345
,345
,353
,351
,347
,353
,360
,353
2026 05 20 19:17:26.283122,354
,358
,361
,352
,347
,355
,345
,342
,344
,354
,347
,345
,348
,356
2026 05 20 19:17:26.347498,347
,344
,357
,366
,363
,360
,364
,353
,345
,346
,360
,351
,347
,356
2026 05 20 19:17:26.410213,358
,353
,349
,355
,350
,348
,352
,358
,347
,344
,356
,362
,353
,349
2026 05 20 19:17:26.471138,353
,346
,346
,347
,350
,348
,337
,348
,349
,347
,344
,354
,351
,350
2026 05 20 19:17:26.537468,351
,357
,350
,350
,354
,357
,351
,346
,357
,355
,350
,351
,359
,359
2026 05 20 19:17:26.599044,357
,353
,356
,352
,348
,356
,356
,351
,346
,352
,349
,351
,356
,363
2026 05 20 19:17:26.659542,357
,351
,357
,362
,356
,350
,355
,350
,344
,341
,352
,351
,346
,352
2026 05 20 19:17:26.725745,354
,346
,343
,349
,356
,356
,350
,359
,361
,363
,361
,370
,362
,357
2026 05 20 19:17:26.787358,362
,360
,355
,351
,358
,359
,353
,357
,364
,355
,352
,359
,367
,361
2026 05 20 19:17:26.851851,351
,362
,365
,359
,357
,364
,362
,356
,360
,366
,357
,355
,363
,363
2026 05 20 19:17:26.913661,355
,352
,363
,357
,350
,350
,361
,355
,352
,356
,358
,350
,343
,349
2026 05 20 19:17:26.975362,348
,342
,339
,352
,349
,342
,348
,358
,350
,347
,354
,356
,351
,348
2026 05 20 19:17:27.041168,350
,348
,339
,340
,342
,334
,328
,338
,349
,350
,342
,348
,343
,342
2026 05 20 19:17:27.101940,347
,363
,353
,347
,356
,353
,343
,340
,352
,355
,352
,350
,353
,349
2026 05 20 19:17:27.167183,348
,355
,350
,343
,340
,350
,346
,348
,351
,359
,352
,351
,352
,361
2026 05 20 19:17:27.229282,350
,347
,357
,354
,352
,351
,362
,358
,351
,356
,365
,365
,365
,367
2026 05 20 19:17:27.290897,371
,361
,353
,361
,360
,355
,354
,364
,358
,353
,362
,363
,355
,352
2026 05 20 19:17:27.357440,358
,361
,353
,351
,367
,358
,359
,360
,365
,357
,347
,356
,360
,353
2026 05 20 19:17:27.418121,348
,350
,352
,350
,351
,354
,350
,348
,355
,362
,351
,347
,348
,343
2026 05 20 19:17:27.479182,341
,338
,351
,347
,339
,343
,349
,342
,339
,343
,344
,338
,337
,349
2026 05 20 19:17:27.544218,350
,348
,351
,354
,341
,341
,350
,353
,348
,341
,348
,350
,346
,347
2026 05 20 19:17:27.606377,354
,347
,347
,361
,358
,353
,355
,361
,353
,347
,350
,360
,356
,349
2026 05 20 19:17:27.672354,351
,355
,349
,344
,349
,351
,344
,348
,356
,354
,349
,350
,356
,351
2026 05 20 19:17:27.733466,346
,351
,353
,351
,353
,361
,353
,355
,352
,358
,351
,347
,347
,353
2026 05 20 19:17:27.794034,351
,348
,351
,345
,341
,341
,353
,351
,351
,359
,362
,354
,352
,364
2026 05 20 19:17:27.860271,359
,354
,356
,363
,361
,357
,355
,360
,350
,347
,345
,348
,341
,340
2026 05 20 19:17:27.922317,352
,350
,348
,351
,359
,353
,348
,352
,355
,351
,349
,356
,352
,348
2026 05 20 19:17:27.986814,345
,351
,346
,343
,344
,345
,335
,337
,349
,350
,347
,351
,365
,364
2026 05 20 19:17:28.049168,362
,364
,365
,355
,352
,357
,357
,349
,345
,355
,351
,344
,348
,360
2026 05 20 19:17:28.109419,352
,353
,356
,355
,345
,345
,357
,354
,354
,353
,361
,356
,353
,358
2026 05 20 19:17:28.176137,359
,354
,347
,355
,359
,352
,349
,352
,347
,345
,338
,350
,346
,344
2026 05 20 19:17:28.238234,351
,360
,356
,355
,363
,364
,357
,355
,362
,355
,353
,352
,355
,347
2026 05 20 19:17:28.302677,345
,351
,343
,340
,342
,354
,350
,348
,342
,346
,340
,342
,352
,356
2026 05 20 19:17:28.365141,354
,355
,365
,363
,358
,358
,365
,359
,354
,356
,360
,356
,355
,358
2026 05 20 19:17:28.425171,356
,349
,350
,351
,343
,345
,359
,362
,360
,359
,366
,367
,353
,357
2026 05 20 19:17:28.490277,366
,362
,354
,358
,358
,348
,346
,359
,351
,346
,347
,357
,355
,347
2026 05 20 19:17:28.551435,345
,352
,346
,345
,355
,360
,359
,360
,366
,358
,358
,352
,358
,351
2026 05 20 19:17:28.618314,354
,362
,365
,363
,359
,364
,357
,350
,348
,357
,350
,347
,345
,351
2026 05 20 19:17:28.678954,352
,348
,351
,353
,351
,352
,358
,351
,345
,344
,349
,340
,340
,350
2026 05 20 19:17:28.740215,346
,347
,351
,352
,354
,347
,344
,355
,345
,347
,352
,353
,343
,346
2026 05 20 19:17:28.806468,350
,349
,350
,350
,355
,351
,354
,352
,358
,352
,348
,353
,350
,346
2026 05 20 19:17:28.867556,344
,353
,351
,350
,352
,359
,356
,358
,353
,352
,352
,350
,359
,357
2026 05 20 19:17:28.933655,353
,351
,355
,346
,342
,347
,354
,348
,344
,351
,355
,353
,349
,354
2026 05 20 19:17:28.995018,349
,350
,354
,357
,343
,345
,351
,350
,347
,347
,356
,350
,348
,350
2026 05 20 19:17:29.057403,356
,352
,348
,354
,360
,352
,353
,358
,354
,350
,352
,360
,356
,354
2026 05 20 19:17:29.121889,355
,360
,356
,354
,358
,354
,348
,349
,358
,355
,352
,352
,369
,361
2026 05 20 19:17:29.183174,358
,359
,363
,360
,358
,364
,355
,350
,351
,360
,353
,351
,355
,359
2026 05 20 19:17:29.248763,357
,348
,351
,353
,356
,360
,366
,364
,366
,364
,369
,359
,356
,361
2026 05 20 19:17:29.309854,357
,351
,347
,358
,354
,345
,351
,368
,361
,356
,360
,364
,362
,356
2026 05 20 19:17:29.371569,365
,358
,352
,350
,354
,346
,341
,345
,351
,341
,342
,352
,360
,358
2026 05 20 19:17:29.437275,355
,360
,357
,355
,355
,361
,356
,352
,353
,355
,351
,347
,362
,365
2026 05 20 19:17:29.497586,362
,359
,366
,352
,356
,361
,361
,354
,351
,359
,359
,356
,351
,354
2026 05 20 19:17:29.563518,356
,352
,355
,357
,353
,353
,364
,360
,358
,356
,364
,355
,353
,358
2026 05 20 19:17:29.625992,362
,351
,344
,350
,350
,341
,344
,350
,350
,347
,351
,360
,353
,345
2026 05 20 19:17:29.686564,355
,360
,354
,357
,361
,357
,359
,355
,358
,351
,345
,347
,357
,357
2026 05 20 19:17:29.751925,346
,360
,358
,352
,353
,367
,359
,349
,356
,368
,351
,344
,348
,345
2026 05 20 19:17:29.814352,344
,344
,352
,352
,353
,357
,359
,352
,357
,359
,361
,352
,345
,355
2026 05 20 19:17:29.879161,351
,348
,343
,355
,347
,348
,350
,358
,352
,352
,352
,358
,354
,352
2026 05 20 19:17:29.941176,357
,354
,350
,356
,357
,346
,351
,353
,351
,349
,346
,360
,354
,349
2026 05 20 19:17:30.003300,349
,352
,342
,344
,356
,359
,351
,344
,359
,364
,358
,357
,361
,358
2026 05 20 19:17:30.068047,362
,363
,365
,362
,360
,360
,365
,359
,358
,368
,363
,363
,365
,370
2026 05 20 19:17:30.128922,363
,361
,364
,367
,360
,352
,361
,361
,354
,353
,353
,355
,356
,360
2026 05 20 19:17:30.194957,361
,355
,356
,366
,363
,363
,362
,367
,367
,362
,363
,370
,368
,368
2026 05 20 19:17:30.256494,367
,365
,360
,361
,364
,359
,357
,363
,363
,357
,350
,351
,354
,347
2026 05 20 19:17:30.316603,343
,354
,347
,345
,347
,353
,351
,351
,351
,358
,354
,352
,359
,354
2026 05 20 19:17:30.383964,351
,347
,353
,346
,340
,339
,342
,336
,346
,353
,354
,353
,357
,361
2026 05 20 19:17:30.444996,357
,357
,360
,366
,359
,357
,362
,368
,364
,361
,363
,361
,356
,355
2026 05 20 19:17:30.510287,355
,348
,344
,356
,357
,352
,352
,362
,357
,356
,357
,362
,354
,358
2026 05 20 19:17:30.571887,366
,369
,361
,354
,366
,365
,358
,357
,368
,361
,357
,363
,367
,364
2026 05 20 19:17:30.633610,362
,368
,368
,356
,349
,358
,357
,354
,351
,359
,356
,352
,357
,365
2026 05 20 19:17:30.700612,365
,362
,364
,361
,355
,349
,358
,352
,352
,356
,355
,348
,346
,353
2026 05 20 19:17:30.760168,357
,354
,349
,355
,356
,355
,359
,364
,355
,356
,364
,363
,359
,358
2026 05 20 19:17:30.825906,371
,373
,364
,360
,361
,355
,355
,355
,358
,365
,370
,371
,367
,368
2026 05 20 19:17:30.887514,371
,375
,370
,364
,365
,368
,359
,351
,358
,354
,345
,344
,351
,352
2026 05 20 19:17:30.950620,350
,346
,356
,345
,338
,343
,347
,339
,336
,346
,350
,347
,349
,355
2026 05 20 19:17:31.013839,349
,344
,346
,350
,346
,341
,350
,349
,342
,341
,349
,345
,342
,347
2026 05 20 19:17:31.075786,349
,345
,344
,351
,352
,347
,346
,360
,359
,355
,360
,364
,360
,359
2026 05 20 19:17:31.141094,360
,362
,356
,352
,357
,350
,345
,348
,354
,356
,351
,358
,363
,359
2026 05 20 19:17:31.202602,357
,363
,367
,362
,362
,370
,365
,354
,349
,358
,358
,354
,355
,356
2026 05 20 19:17:31.265963,353
,354
,367
,360
,357
,355
,361
,351
,345
,352
,356
,350
,344
,350
2026 05 20 19:17:31.333250,346
,347
,342
,348
,348
,346
,352
,360
,356
,353
,358
,358
,355
,353
2026 05 20 19:17:31.391124,359
,355
,350
,355
,361
,355
,356
,362
,360
,357
,354
,361
,361
,360
2026 05 20 19:17:31.452539,363
,369
,361
,359
,359
,361
,357
,353
,360
,362
,358
,352
,356
,356
2026 05 20 19:17:31.519014,354
,358
,365
,359
,360
,362
,364
,363
,359
,361
,356
,353
,348
,356
2026 05 20 19:17:31.584131,350
,343
,349
,347
,345
,345
,356
,361
,353
,352
,365
,358
,349
,350
2026 05 20 19:17:31.645574,355
,350
,349
,354
,358
,353
,349
,359
,355
,356
,361
,361
,352
,346
2026 05 20 19:17:31.706529,354
,356
,346
,342
,351
,338
,334
,336
,338
,342
,345
,345
,349
,346
2026 05 20 19:17:31.767143,345
,355
,350
,345
,344
,349
,345
,344
,347
,347
,339
,333
,340
,340
2026 05 20 19:17:31.833359,335
,338
,343
,343
,341
,347
,352
,356
,349
,355
,358
,357
,349
,350
2026 05 20 19:17:31.894701,351
,351
,348
,347
,346
,346
,352
,349
,346
,346
,350
,347
,344
,345
2026 05 20 19:17:31.960216,352
,350
,348
,352
,351
,344
,342
,350
,349
,345
,341
,351
,347
,345
2026 05 20 19:17:32.022109,348
,354
,351
,348
,358
,355
,355
,355
,363
,357
,357
,352
,355
,349
2026 05 20 19:17:32.082688,348
,355
,358
,352
,347
,356
,358
,353
,353
,353
,346
,345
,352
,360
2026 05 20 19:17:32.148825,355
,353
,360
,357
,348
,351
,356
,350
,352
,353
,356
,347
,341
,345
2026 05 20 19:17:32.209419,349
,348
,342
,351
,349
,345
,348
,357
,352
,353
,359
,354
,350
,347
2026 05 20 19:17:32.275911,354
,350
,346
,350
,354
,348
,347
,348
,347
,338
,339
,345
,350
,346
2026 05 20 19:17:32.337708,350
,359
,355
,354
,361
,363
,355
,354
,362
,364
,356
,356
,358
,354
2026 05 20 19:17:32.400244,344
,353
,358
,351
,348
,347
,352
,347
,345
,352
,346
,342
,342
,353
2026 05 20 19:17:32.465723,353
,354
,356
,358
,355
,349
,349
,354
,346
,345
,351
,348
,350
,357
2026 05 20 19:17:32.524907,366
,356
,354
,358
,359
,357
,356
,358
,359
,353
,348
,366
,365
,365
2026 05 20 19:17:32.590429,366
,369
,362
,355
,358
,356
,356
,358
,363
,359
,357
,360
,358
,353
2026 05 20 19:17:32.652896,347
,350
,354
,352
,350
,356
,348
,348
,349
,356
,349
,352
,361
,357
2026 05 20 19:17:32.716360,350
,343
,346
,347
,340
,344
,353
,350
,343
,350
,354
,346
,345
,352
2026 05 20 19:17:32.779285,349
,344
,345
,354
,347
,348
,351
,358
,353
,347
,351
,350
,353
,355
2026 05 20 19:17:32.840461,356
,353
,344
,344
,348
,339
,337
,341
,350
,347
,342
,351
,349
,342
2026 05 20 19:17:32.907976,348
,357
,354
,348
,348
,358
,348
,342
,350
,356
,353
,351
,355
,355
2026 05 20 19:17:32.967905,352
,355
,357
,352
,348
,350
,355
,348
,348
,359
,356
,357
,357
,361
2026 05 20 19:17:33.029175,358
,360
,364
,361
,348
,347
,347
,349
,342
,344
,352
,352
,351
,356
2026 05 20 19:17:33.094419,359
,352
,346
,350
,353
,351
,352
,359
,352
,346
,348
,356
,350
,345
2026 05 20 19:17:33.155684,352
,353
,341
,343
,354
,352
,347
,345
,347
,343
,341
,342
,347
,338
2026 05 20 19:17:33.221693,337
,343
,341
,336
,342
,352
,348
,343
,343
,346
,337
,340
,343
,340
2026 05 20 19:17:33.283512,349
,347
,353
,348
,350
,346
,345
,335
,341
,352
,352
,347
,351
,357
2026 05 20 19:17:33.345490,353
,357
,356
,359
,351
,347
,348
,354
,343
,342
,349
,344
,337
,339
2026 05 20 19:17:33.409460,348
,344
,341
,342
,347
,340
,339
,348
,348
,345
,341
,352
,347
,343
2026 05 20 19:17:33.471403,342
,354
,347
,345
,351
,354
,346
,342
,353
,353
,346
,349
,353
,344
2026 05 20 19:17:33.537160,339
,345
,348
,338
,338
,345
,348
,345
,345
,354
,346
,342
,339
,342
2026 05 20 19:17:33.599098,337
,334
,346
,347
,345
,347
,354
,350
,344
,340
,345
,339
,337
,353
2026 05 20 19:17:33.660138,356
,354
,353
,356
,348
,343
,349
,350
,345
,347
,351
,349
,348
,343
2026 05 20 19:17:33.726112,350
,345
,336
,332
,342
,340
,335
,338
,348
,348
,350
,353
,354
,353
2026 05 20 19:17:33.786771,347
,352
,345
,340
,336
,345
,345
,343
,347
,352
,341
,340
,348
,347
2026 05 20 19:17:33.852022,340
,344
,355
,348
,351
,356
,352
,342
,344
,349
,351
,348
,349
,354
2026 05 20 19:17:33.913485,350
,355
,354
,359
,356
,352
,357
,359
,357
,355
,362
,359
,352
,353
2026 05 20 19:17:33.975242,359
,354
,351
,356
,360
,346
,349
,354
,355
,354
,352
,355
,355
,354
2026 05 20 19:17:34.040285,354
,359
,350
,348
,352
,351
,348
,350
,357
,353
,347
,350
,354
,344
2026 05 20 19:17:34.102577,339
,342
,343
,340
,342
,346
,344
,338
,337
,342
,337
,339
,344
,345
2026 05 20 19:17:34.167260,331
,333
,340
,335
,328
,332
,341
,334
,342
,345
,350
,342
,341
,346
2026 05 20 19:17:34.228990,351
,351
,347
,349
,345
,339
,347
,353
,348
,346
,354
,356
,352
,349
2026 05 20 19:17:34.290513,352
,351
,350
,349
,351
,347
,344
,349
,351
,344
,344
,352
,356
,354
2026 05 20 19:17:34.355806,353
,360
,353
,352
,352
,354
,346
,344
,352
,353
,353
,347
,357
,359
2026 05 20 19:17:34.417931,348
,353
,361
,359
,355
,363
,365
,354
,355
,356
,357
,357
,354
,360
2026 05 20 19:17:34.484817,355
,355
,356
,354
,348
,348
,355
,353
,354
,353
,363
,357
,353
,356
2026 05 20 19:17:34.544356,361
,353
,348
,356
,360
,358
,358
,357
,349
,349
,346
,356
,343
,340
2026 05 20 19:17:34.606224,351
,352
,347
,349
,351
,349
,347
,347
,352
,350
,348
,358
,360
,354
2026 05 20 19:17:34.671902,354
,364
,358
,356
,352
,359
,358
,357
,353
,360
,349
,346
,354
,354
2026 05 20 19:17:34.733173,342
,345
,356
,352
,352
,358
,359
,352
,354
,358
,360
,350
,342
,350
2026 05 20 19:17:34.797594,351
,347
,345
,357
,355
,354
,358
,360
,359
,354
,358
,356
,353
,349
2026 05 20 19:17:34.859815,355
,351
,350
,352
,357
,349
,345
,349
,354
,351
,352
,358
,359
,353
2026 05 20 19:17:34.921207,355
,363
,355
,353
,355
,359
,352
,345
,349
,347
,343
,339
,346
,342
2026 05 20 19:17:34.986756,341
,350
,355
,343
,348
,352
,352
,345
,344
,352
,345
,344
,345
,350
2026 05 20 19:17:35.048087,349
,348
,354
,355
,356
,352
,360
,352
,355
,359
,361
,354
,350
,353
2026 05 20 19:17:35.113251,358
,357
,352
,354
,354
,353
,348
,354
,352
,354
,357
,359
,351
,345
2026 05 20 19:17:35.175622,353
,354
,353
,353
,357
,352
,351
,348
,354
,348
,346
,351
,351
,351
2026 05 20 19:17:35.237105,349
,353
,355
,354
,353
,358
,355
,352
,358
,357
,352
,352
,352
,353
2026 05 20 19:17:35.302947,350
,343
,360
,350
,349
,350
,357
,353
,349
,356
,353
,347
,348
,355
2026 05 20 19:17:35.363629,349
,347
,348
,354
,348
,351
,355
,358
,348
,346
,356
,356
,353
,351
2026 05 20 19:17:35.429406,358
,354
,354
,358
,358
,354
,351
,355
,351
,345
,347
,355
,352
,350
2026 05 20 19:17:35.490586,352
,355
,347
,340
,343
,344
,342
,339
,352
,347
,343
,351
,356
,349
2026 05 20 19:17:35.552379,346
,350
,353
,351
,353
,360
,356
,351
,348
,352
,347
,347
,349
,349
2026 05 20 19:17:35.617560,340
,338
,339
,344
,344
,340
,353
,353
,350
,352
,355
,346
,346
,356
2026 05 20 19:17:35.678951,360
,352
,354
,362
,359
,354
,356
,361
,354
,348
,351
,355
,349
,346
2026 05 20 19:17:35.739830,353
,358
,353
,353
,362
,354
,344
,348
,356
,356
,347
,353
,356
,350
2026 05 20 19:17:35.806438,348
,356
,350
,349
,356
,355
,350
,353
,361
,362
,357
,353
,360
,357
2026 05 20 19:17:35.867588,349
,345
,354
,344
,341
,348
,349
,342
,344
,356
,354
,352
,357
,361
2026 05 20 19:17:35.932931,355
,357
,360
,361
,360
,359
,364
,360
,356
,350
,356
,353
,344
,343
2026 05 20 19:17:35.994793,353
,346
,345
,353
,355
,349
,353
,361
,358
,351
,345
,349
,347
,341
2026 05 20 19:17:36.056198,346
,349
,344
,339
,349
,345
,342
,343
,358
,349
,347
,343
,349
,340
2026 05 20 19:17:36.121251,340
,344
,346
,348
,344
,355
,355
,354
,352
,353
,347
,341
,343
,348
2026 05 20 19:17:36.182858,345
,343
,357
,355
,352
,346
,351
,348
,344
,347
,354
,354
,352
,355
2026 05 20 19:17:36.248815,355
,350
,347
,356
,349
,345
,352
,354
,346
,338
,344
,340
,335
,336
2026 05 20 19:17:36.309752,341
,344
,344
,343
,344
,341
,341
,346
,351
,342
,337
,348
,348
,348
2026 05 20 19:17:36.370916,349
,349
,334
,328
,335
,342
,338
,344
,352
,352
,348
,347
,354
,348
2026 05 20 19:17:36.437460,347
,352
,357
,352
,350
,356
,360
,353
,348
,353
,354
,349
,350
,355
2026 05 20 19:17:36.499264,344
,346
,354
,355
,350
,350
,358
,357
,354
,357
,358
,348
,345
,350
2026 05 20 19:17:36.566311,359
,353
,350
,360
,356
,354
,347
,354
,354
,349
,351
,356
,352
,352
2026 05 20 19:17:36.625599,355
,352
,346
,339
,343
,337
,336
,341
,349
,347
,345
,352
,357
,353
2026 05 20 19:17:36.687145,347
,357
,352
,348
,346
,346
,342
,341
,340
,343
,339
,334
,337
,342
2026 05 20 19:17:36.752483,338
,343
,347
,343
,345
,341
,351
,343
,341
,348
,349
,346
,340
,343
2026 05 20 19:17:36.814698,341
,342
,343
,345
,339
,342
,347
,348
,344
,338
,349
,348
,337
,346
2026 05 20 19:17:36.878894,349
,345
,343
,345
,353
,349
,344
,345
,350
,345
,338
,347
,345
,345
2026 05 20 19:17:36.941049,350
,358
,356
,353
,353
,352
,344
,337
,343
,343
,340
,340
,355
,348
2026 05 20 19:17:37.001598,345
,350
,354
,352
,350
,354
,347
,343
,343
,349
,344
,344
,346
,349
2026 05 20 19:17:37.067320,348
,345
,351
,343
,338
,340
,349
,343
,340
,348
,356
,355
,355
,359
2026 05 20 19:17:37.128804,362
,349
,343
,353
,354
,349
,351
,354
,346
,341
,352
,353
,347
,345
2026 05 20 19:17:37.195462,352
,350
,351
,347
,350
,348
,348
,348
,357
,356
,354
,361
,359
,353
2026 05 20 19:17:37.256574,349
,361
,358
,355
,359
,364
,358
,356
,354
,353
,340
,334
,347
,341
2026 05 20 19:17:37.317173,340
,346
,356
,352
,349
,355
,353
,349
,349
,358
,358
,356
,354
,359
2026 05 20 19:17:37.383169,353
,352
,357
,358
,346
,346
,354
,348
,342
,339
,346
,347
,352
,360
2026 05 20 19:17:37.444214,369
,367
,360
,367
,369
,361
,355
,362
,353
,347
,344
,347
,334
,334
2026 05 20 19:17:37.510056,340
,341
,338
,343
,353
,350
,351
,352
,358
,352
,348
,353
,356
,346
2026 05 20 19:17:37.571500,343
,353
,354
,350
,352
,360
,356
,353
,356
,360
,352
,353
,353
,347
2026 05 20 19:17:37.640032,351
,348
,357
,359
,359
,355
,359
,354
,355
,356
,359
,359
,357
,362
2026 05 20 19:17:37.699124,353
,351
,357
,352
,344
,336
,337
,346
,339
,338
,350
,350
,345
,348
2026 05 20 19:17:37.759880,361
,356
,353
,357
,358
,352
,350
,357
,353
,351
,342
,346
,340
,333
2026 05 20 19:17:37.825176,337
,339
,334
,334
,345
,351
,345
,343
,351
,349
,345
,347
,352
,342
2026 05 20 19:17:37.886267,341
,343
,346
,338
,337
,344
,345
,339
,340
,353
,345
,348
,353
,359
2026 05 20 19:17:37.948715,361
,360
,358
,360
,361
,356
,362
,359
,361
,356
,361
,352
,357
,355
2026 05 20 19:17:38.013943,362
,357
,355
,361
,360
,351
,351
,356
,342
,341
,337
,335
,332
,333
2026 05 20 19:17:38.075621,344
,341
,340
,340
,349
,341
,342
,342
,347
,340
,346
,345
,347
,338
2026 05 20 19:17:38.140870,335
,348
,345
,342
,344
,346
,339
,344
,348
,352
,344
,340
,346
,344
2026 05 20 19:17:38.202883,338
,335
,346
,352
,353
,354
,359
,355
,353
,358
,362
,353
,350
,355
2026 05 20 19:17:38.266786,354
,352
,351
,355
,346
,350
,348
,350
,348
,348
,349
,349
,344
,350
2026 05 20 19:17:38.332206,354
,348
,347
,355
,360
,354
,357
,366
,366
,358
,359
,361
,356
,353
2026 05 20 19:17:38.390925,354
,360
,353
,350
,348
,368
,361
,356
,356
,361
,358
,360
,367
,363
2026 05 20 19:17:38.455837,359
,364
,363
,358
,357
,363
,361
,360
,356
,363
,359
,356
,359
,365
2026 05 20 19:17:38.517670,359
,360
,360
,359
,355
,353
,356
,356
,357
,360
,363
,358
,359
,365
2026 05 20 19:17:38.579274,369
,368
,366
,370
,367
,368
,367
,371
,362
,354
,353
,360
,354
,352
2026 05 20 19:17:38.644190,352
,369
,357
,365
,373
,356
,343
,357
,362
,355
,354
,361
,366
,363
2026 05 20 19:17:38.706204,356
,361
,354
,359
,359
,364
,363
,369
,376
,361
,350
,354
,357
,349
2026 05 20 19:17:38.770991,356
,371
,372
,351
,344
,352
,345
,351
,356
,357
,353
,354
,365
,372
2026 05 20 19:17:38.833005,377
,355
,363
,374
,401
,392
,403
,382
,343
,341
,366
,343
,347
,326
2026 05 20 19:17:38.897613,315
,318
,316
,318
,318
,321
,331
,345
,340
,344
,319
,336
,335
,344
2026 05 20 19:17:38.960058,356
,364
,393
,388
,383
,326
,332
,332
,345
,344
,341
,341
,352
,348
2026 05 20 19:17:39.021927,361
,364
,341
,344
,347
,345
,333
,337
,346
,359
,356
,356
,371
,376
2026 05 20 19:17:39.087274,368
,352
,333
,324
,319
,325
,339
,333
,337
,336
,337
,337
,335
,331
2026 05 20 19:17:39.150907,331
,335
,335
,335
,321
,321
,334
,337
,322
,324
,337
,344
,360
,375
2026 05 20 19:17:39.209185,364
,342
,346
,363
,357
,349
,338
,331
,338
,327
,342
,349
,340
,332
2026 05 20 19:17:39.274730,339
,356
,350
,352
,356
,356
,350
,358
,378
,368
,352
,329
,333
,337
2026 05 20 19:17:39.337084,359
,346
,356
,358
,334
,343
,341
,357
,370
,340
,344
,343
,346
,368
2026 05 20 19:17:39.402407,369
,357
,336
,341
,344
,351
,353
,354
,354
,340
,355
,353
,356
,349
2026 05 20 19:17:39.463959,359
,380
,382
,379
,388
,365
,353
,382
,369
,369
,360
,350
,342
,352
2026 05 20 19:17:39.525146,374
,364
,359
,367
,366
,350
,365
,388
,360
,320
,330
,339
,336
,336
2026 05 20 19:17:39.590835,355
,366
,350
,346
,361
,412
,384
,376
,362
,338
,356
,358
,358
,370
2026 05 20 19:17:39.653035,371
,348
,319
,337
,325
,352
,340
,325
,344
,364
,360
,343
,343
,345
2026 05 20 19:17:39.717744,375
,374
,354
,353
,317
,354
,356
,353
,364
,382
,341
,337
,355
,360
2026 05 20 19:17:39.778899,363
,364
,358
,380
,378
,335
,347
,372
,379
,359
,352
,361
,358
,358
2026 05 20 19:17:39.840921,367
,372
,369
,373
,375
,374
,364
,361
,374
,367
,378
,378
,383
,372
2026 05 20 19:17:39.906398,374
,380
,385
,391
,384
,373
,370
,373
,370
,378
,378
,382
,385
,387
2026 05 20 19:17:39.966948,381
,382
,380
,380
,376
,381
,387
,372
,386
,397
,387
,363
,370
,381
2026 05 20 19:17:40.029202,386
,387
,384
,382
,378
,373
,377
,382
,374
,380
,381
,384
,389
,390
2026 05 20 19:17:40.094774,398
,385
,377
,382
,389
,379
,388
,383
,395
,390
,379
,380
,392
,393
2026 05 20 19:17:40.156054,394
,388
,371
,384
,386
,398
,381
,381
,381
,385
,386
,373
,386
,397
2026 05 20 19:17:40.221661,400
,397
,399
,387
,384
,387
,389
,387
,387
,388
,391
,387
,382
,398
2026 05 20 19:17:40.284495,393
,380
,391
,393
,378
,387
,391
,393
,393
,394
,392
,384
,385
,397
2026 05 20 19:17:40.344121,405
,398
,399
,402
,405
,400
,394
,400
,399
,392
,392
,402
,396
,390
2026 05 20 19:17:40.409781,394
,397
,389
,386
,388
,383
,377
,380
,382
,376
,371
,381
,387
,376
2026 05 20 19:17:40.471210,382
,396
,393
,384
,385
,387
,382
,382
,377
,380
,378
,386
,390
,385
2026 05 20 19:17:40.536985,379
,377
,380
,374
,370
,367
,369
,366
,369
,366
,362
,360
,354
,363
2026 05 20 19:17:40.599818,361
,361
,357
,363
,356
,354
,351
,359
,351
,345
,347
,347
,350
,344
2026 05 20 19:17:40.660872,348
,353
,357
,353
,354
,348
,350
,351
,357
,347
,336
,348
,343
,336
2026 05 20 19:17:40.725148,338
,347
,339
,340
,342
,342
,340
,344
,353
,345
,345
,347
,356
,345
2026 05 20 19:17:40.787115,351
,352
,352
,347
,345
,350
,342
,342
,350
,334
,331
,336
,335
,343
2026 05 20 19:17:40.853207,328
,333
,341
,340
,332
,328
,330
,330
,331
,329
,332
,323
,315
,318
2026 05 20 19:17:40.913641,330
,320
,318
,325
,329
,331
,325
,332
,326
,329
,315
,316
,314
,316
2026 05 20 19:17:40.974663,311
,315
,315
,307
,316
,314
,319
,321
,322
,314
,315
,314
,310
,319
2026 05 20 19:17:41.040560,319
,324
,321
,317
,318
,329
,330
,325
,321
,317
,318
,317
,325
,325
2026 05 20 19:17:41.102956,317
,316
,318
,320
,325
,322
,325
,325
,327
,333
,333
,333
,322
,322
2026 05 20 19:17:41.167565,317
,313
,312
,315
,309
,311
,323
,320
,315
,320
,333
,333
,329
,324
2026 05 20 19:17:41.229043,322
,319
,321
,326
,323
,321
,317
,329
,330
,326
,322
,327
,323
,319
2026 05 20 19:17:41.290151,329
,327
,318
,313
,320
,315
,315
,314
,318
,317
,317
,320
,322
,314
2026 05 20 19:17:41.356284,310
,316
,321
,318
,318
,325
,324
,320
,314
,324
,316
,317
,321
,326
2026 05 20 19:17:41.417591,321
,320
,320
,315
,311
,310
,317
,316
,315
,320
,326
,318
,320
,325
2026 05 20 19:17:41.483150,324
,319
,313
,322
,316
,309
,312
,318
,313
,316
,327
,327
,319
,321
2026 05 20 19:17:41.544335,328
,323
,319
,321
,329
,319
,322
,327
,327
,322
,323
,328
,332
,331
2026 05 20 19:17:41.606159,325
,326
,327
,324
,320
,325
,309
,313
,321
,314
,312
,314
,319
,317
2026 05 20 19:17:41.670773,317
,314
,319
,316
,311
,316
,315
,311
,310
,314
,315
,318
,323
,326
2026 05 20 19:17:41.732884,319
,322
,332
,333
,331
,328
,323
,319
,321
,319
,324
,318
,321
,330
2026 05 20 19:17:41.798612,330
,327
,326
,335
,335
,330
,326
,329
,328
,326
,327
,331
,329
,328
2026 05 20 19:17:41.860008,333
,336
,335
,338
,341
,342
,335
,334
,337
,330
,338
,347
,349
,343
2026 05 20 19:17:41.921268,339
,344
,349
,338
,335
,338
,334
,335
,337
,344
,334
,341
,350
,348
2026 05 20 19:17:41.987023,345
,339
,351
,348
,343
,341
,349
,337
,331
,334
,339
,336
,341
,349
2026 05 20 19:17:42.047489,343
,344
,346
,351
,341
,339
,339
,341
,334
,335
,336
,336
,340
,343
2026 05 20 19:17:42.113812,354
,350
,356
,359
,362
,352
,356
,358
,353
,349
,344
,349
,352
,353
2026 05 20 19:17:42.174999,353
,359
,356
,349
,356
,365
,358
,352
,360
,354
,351
,348
,357
,351
2026 05 20 19:17:42.236281,350
,353
,355
,348
,350
,356
,358
,356
,353
,361
,354
,355
,362
,364
2026 05 20 19:17:42.301957,359
,359
,371
,369
,362
,355
,362
,361
,358
,352
,351
,345
,352
,354
2026 05 20 19:17:42.363822,357
,356
,357
,360
,361
,361
,363
,366
,361
,363
,361
,358
,353
,348
2026 05 20 19:17:42.428926,353
,359
,352
,352
,367
,365
,361
,358
,362
,358
,361
,366
,367
,360
2026 05 20 19:17:42.490785,354
,369
,362
,358
,366
,372
,368
,370
,367
,363
,359
,358
,366
,363
2026 05 20 19:17:42.552338,362
,365
,377
,371
,372
,377
,385
,381
,374
,380
,380
,369
,362
,361
2026 05 20 19:17:42.617227,357
,357
,358
,364
,358
,361
,371
,371
,366
,362
,367
,367
,367
,366
2026 05 20 19:17:42.679140,365
,357
,354
,355
,350
,342
,347
,356
,361
,362
,357
,358
,354
,353
2026 05 20 19:17:42.744579,356
,361
,354
,353
,355
,354
,355
,352
,360
,354
,357
,358
,358
,349
2026 05 20 19:17:42.806120,350
,352
,348
,345
,340
,348
,342
,344
,351
,355
,355
,361
,365
,364
2026 05 20 19:17:42.868804,359
,358
,360
,358
,353
,354
,357
,351
,354
,354
,359
,354
,354
,359
2026 05 20 19:17:42.932880,363
,361
,350
,351
,346
,345
,343
,348
,349
,351
,365
,365
,362
,358
2026 05 20 19:17:42.994440,367
,364
,362
,358
,360
,350
,348
,352
,351
,343
,347
,353
,354
,353
2026 05 20 19:17:43.059494,347
,352
,346
,346
,344
,345
,342
,339
,344
,351
,352
,349
,355
,354
2026 05 20 19:17:43.121001,354
,362
,362
,361
,352
,356
,355
,348
,345
,356
,356
,351
,357
,362
2026 05 20 19:17:43.184532,355
,358
,360
,361
,360
,358
,356
,357
,351
,343
,351
,344
,347
,360
2026 05 20 19:17:43.248443,368
,365
,364
,372
,369
,366
,363
,368
,356
,351
,351
,359
,353
,351
2026 05 20 19:17:43.309771,355
,361
,360
,360
,363
,360
,358
,353
,363
,349
,345
,349
,354
,348
2026 05 20 19:17:43.375357,348
,358
,356
,355
,359
,363
,358
,357
,355
,358
,353
,345
,355
,360
2026 05 20 19:17:43.436772,356
,353
,364
,357
,361
,362
,365
,360
,356
,352
,354
,344
,344
,357
2026 05 20 19:17:43.497949,348
,348
,348
,358
,350
,355
,359
,360
,353
,355
,357
,352
,349
,350
2026 05 20 19:17:43.563712,353
,352
,350
,347
,350
,340
,334
,346
,343
,339
,340
,353
,352
,359
2026 05 20 19:17:43.625705,365
,376
,365
,362
,361
,364
,356
,344
,344
,340
,336
,333
,338
,336
2026 05 20 19:17:43.690572,344
,351
,358
,354
,351
,357
,358
,353
,350
,351
,344
,341
,344
,349
2026 05 20 19:17:43.752565,340
,339
,347
,346
,341
,341
,346
,347
,346
,345
,348
,346
,346
,345
2026 05 20 19:17:43.813151,344
,337
,337
,347
,346
,344
,347
,357
,347
,342
,344
,350
,340
,334
2026 05 20 19:17:43.878979,345
,343
,343
,342
,343
,343
,343
,342
,349
,341
,342
,346
,348
,347
2026 05 20 19:17:43.940453,342
,346
,345
,343
,342
,339
,335
,342
,345
,346
,345
,348
,352
,351
2026 05 20 19:17:44.002110,349
,345
,348
,341
,341
,340
,342
,343
,341
,345
,340
,339
,332
,340
2026 05 20 19:17:44.067757,336
,335
,333
,338
,337
,340
,345
,344
,344
,343
,353
,350
,350
,348
2026 05 20 19:17:44.128959,353
,345
,344
,344
,348
,346
,350
,352
,351
,351
,345
,353
,348
,344
2026 05 20 19:17:44.194625,344
,341
,333
,343
,348
,345
,338
,340
,348
,344
,342
,344
,349
,341
2026 05 20 19:17:44.256475,344
,346
,348
,342
,342
,349
,348
,347
,343
,347
,346
,346
,352
,355
2026 05 20 19:17:44.317143,352
,347
,351
,352
,346
,350
,358
,352
,350
,352
,351
,342
,343
,344
2026 05 20 19:17:44.383200,341
,338
,337
,344
,343
,344
,347
,346
,344
,344
,345
,348
,343
,343
2026 05 20 19:17:44.444447,349
,342
,341
,337
,339
,335
,338
,338
,344
,333
,330
,344
,340
,338
2026 05 20 19:17:44.509787,338
,346
,340
,340
,338
,338
,339
,342
,343
,344
,342
,343
,349
,343
2026 05 20 19:17:44.571465,342
,344
,342
,340
,339
,343
,342
,340
,340
,343
,339
,337
,340
,343
2026 05 20 19:17:44.632541,335
,339
,344
,345
,339
,339
,349
,348
,340
,339
,346
,342
,344
,344
2026 05 20 19:17:44.697303,349
,342
,344
,350
,349
,348
,350
,358
,352
,346
,348
,349
,338
,336
2026 05 20 19:17:44.759620,340
,342
,344
,346
,351
,348
,347
,349
,349
,344
,344
,347
,348
,340
2026 05 20 19:17:44.825414,335
,337
,340
,340
,341
,347
,346
,347
,349
,349
,337
,338
,343
,341
2026 05 20 19:17:44.887003,335
,330
,342
,335
,337
,338
,350
,339
,340
,346
,348
,337
,336
,344
2026 05 20 19:17:44.950132,344
,342
,341
,352
,342
,343
,352
,350
,343
,343
,348
,342
,339
,335
2026 05 20 19:17:45.015786,339
,337
,340
,349
,355
,346
,345
,349
,355
,352
,349
,352
,345
,352
2026 05 20 19:17:45.075194,348
,352
,345
,347
,355
,357
,351
,351
,355
,351
,347
,346
,350
,345
2026 05 20 19:17:45.139846,341
,343
,350
,347
,344
,353
,358
,349
,346
,354
,350
,349
,351
,351
2026 05 20 19:17:45.202298,341
,342
,344
,344
,347
,353
,359
,357
,356
,352
,357
,349
,343
,353
2026 05 20 19:17:45.265841,350
,345
,339
,345
,347
,345
,346
,354
,346
,346
,346
,349
,343
,346
2026 05 20 19:17:45.329183,352
,346
,349
,348
,354
,348
,353
,361
,363
,354
,354
,356
,354
,349
2026 05 20 19:17:45.390752,349
,358
,350
,350
,350
,348
,342
,348
,355
,364
,354
,353
,362
,357
2026 05 20 19:17:45.456214,360
,353
,357
,353
,352
,352
,356
,350
,353
,366
,361
,362
,363
,369
2026 05 20 19:17:45.517703,366
,360
,361
,367
,351
,356
,363
,357
,362
,355
,359
,358
,356
,354
2026 05 20 19:17:45.579342,352
,345
,350
,353
,354
,350
,347
,353
,359
,364
,363
,366
,359
,356
2026 05 20 19:17:45.645104,367
,360
,353
,351
,348
,347
,345
,341
,344
,337
,339
,348
,356
,350
2026 05 20 19:17:45.705881,353
,353
,353
,348
,347
,350
,345
,338
,341
,344
,340
,341
,347
,349
2026 05 20 19:17:45.771498,337
,341
,352
,349
,352
,354
,356
,348
,351
,350
,348
,351
,356
,362
2026 05 20 19:17:45.833278,362
,357
,360
,361
,354
,354
,360
,362
,357
,358
,363
,370
,360
,364
2026 05 20 19:17:45.894323,371
,371
,369
,368
,370
,363
,368
,365
,365
,355
,356
,369
,365
,368
2026 05 20 19:17:45.959882,367
,372
,370
,364
,366
,364
,356
,359
,364
,355
,356
,363
,368
,368
2026 05 20 19:17:46.020622,368
,367
,364
,353
,352
,359
,354
,348
,343
,345
,347
,346
,343
,349
2026 05 20 19:17:46.087098,345
,345
,347
,346
,343
,344
,346
,342
,345
,340
,357
,347
,346
,351
2026 05 20 19:17:46.148418,357
,352
,352
,354
,353
,353
,352
,355
,351
,345
,354
,356
,344
,347
2026 05 20 19:17:46.209349,362
,361
,360
,351
,360
,356
,352
,350
,354
,351
,349
,352
,348
,352
2026 05 20 19:17:46.274002,350
,358
,350
,345
,346
,350
,343
,345
,346
,350
,345
,347
,346
,350
2026 05 20 19:17:46.337162,348
,349
,361
,359
,359
,359
,364
,358
,350
,353
,357
,350
,348
,352
2026 05 20 19:17:46.401941,354
,353
,358
,367
,359
,358
,358
,355
,349
,341
,348
,348
,346
,345
2026 05 20 19:17:46.463793,351
,348
,351
,362
,365
,366
,366
,376
,374
,365
,352
,360
,354
,354
2026 05 20 19:17:46.525217,350
,354
,352
,350
,357
,361
,358
,354
,361
,357
,349
,349
,353
,343
2026 05 20 19:17:46.590265,347
,350
,353
,352
,352
,361
,357
,358
,356
,357
,353
,353
,355
,355
2026 05 20 19:17:46.652174,346
,344
,356
,353
,352
,350
,355
,356
,357
,358
,361
,354
,354
,354
2026 05 20 19:17:46.717638,346
,343
,347
,353
,355
,358
,357
,365
,358
,355
,365
,365
,355
,355
2026 05 20 19:17:46.779029,366
,360
,354
,361
,366
,360
,364
,365
,371
,360
,358
,366
,366
,364
2026 05 20 19:17:46.839981,365
,368
,361
,361
,359
,367
,367
,367
,369
,365
,362
,364
,366
,365
2026 05 20 19:17:46.906285,361
,356
,359
,352
,351
,355
,364
,356
,356
,365
,363
,360
,359
,366
2026 05 20 19:17:46.967935,354
,353
,349
,351
,342
,345
,352
,349
,349
,347
,354
,363
,365
,366
2026 05 20 19:17:47.032989,368
,361
,358
,367
,361
,359
,351
,354
,351
,344
,349
,360
,357
,354
2026 05 20 19:17:47.094532,357
,358
,346
,352
,355
,351
,350
,350
,352
,350
,353
,354
,357
,354
2026 05 20 19:17:47.155278,355
,361
,354
,350
,345
,349
,342
,340
,346
,348
,342
,344
,352
,355
2026 05 20 19:17:47.221465,353
,352
,361
,357
,354
,354
,365
,356
,354
,354
,353
,346
,344
,354
2026 05 20 19:17:47.283092,352
,352
,349
,353
,347
,352
,352
,354
,353
,351
,358
,355
,353
,359
2026 05 20 19:17:47.344526,367
,365
,363
,366
,366
,358
,353
,356
,357
,353
,353
,355
,353
,356
2026 05 20 19:17:47.409761,360
,361
,361
,365
,367
,368
,361
,357
,359
,353
,351
,349
,349
,344
2026 05 20 19:17:47.470484,347
,351
,355
,348
,346
,357
,352
,348
,347
,360
,357
,356
,353
,358
2026 05 20 19:17:47.536847,356
,358
,363
,362
,352
,349
,354
,345
,342
,341
,344
,338
,338
,343
2026 05 20 19:17:47.597724,346
,345
,345
,356
,360
,360
,356
,361
,352
,345
,343
,350
,340
,338
2026 05 20 19:17:47.659741,349
,357
,352
,349
,361
,365
,361
,358
,364
,357
,356
,356
,356
,345
2026 05 20 19:17:47.725309,343
,346
,349
,349
,350
,361
,347
,349
,355
,356
,351
,348
,348
,351
2026 05 20 19:17:47.786635,346
,349
,352
,350
,352
,354
,357
,350
,355
,361
,358
,353
,356
,360
2026 05 20 19:17:47.853731,352
,353
,354
,360
,357
,356
,365
,366
,360
,362
,363
,357
,361
,359
2026 05 20 19:17:47.915739,361
,355
,353
,355
,358
,352
,350
,358
,355
,350
,356
,357
,350
,350
2026 05 20 19:17:47.974352,355
,355
,349
,351
,358
,363
,358
,355
,359
,361
,362
,356
,360
,353
2026 05 20 19:17:48.039756,351
,353
,354
,351
,353
,355
,351
,351
,350
,354
,352
,355
,358
,356
2026 05 20 19:17:48.103278,353
,355
,360
,357
,361
,356
,360
,355
,357
,352
,356
,348
,348
,360
2026 05 20 19:17:48.167588,356
,351
,351
,359
,357
,357
,359
,362
,353
,356
,358
,359
,348
,350
2026 05 20 19:17:48.228907,356
,350
,349
,352
,357
,348
,351
,347
,351
,339
,341
,345
,349
,344
2026 05 20 19:17:48.289875,346
,353
,344
,343
,349
,344
,339
,342
,347
,344
,340
,347
,347
,348
2026 05 20 19:17:48.356154,350
,350
,357
,351
,351
,353
,356
,353
,355
,360
,355
,349
,346
,349
2026 05 20 19:17:48.417401,342
,347
,344
,346
,345
,346
,350
,347
,348
,351
,356
,357
,362
,369
2026 05 20 19:17:48.484212,371
,366
,362
,370
,361
,362
,362
,368
,365
,364
,364
,363
,360
,361
2026 05 20 19:17:48.544675,359
,364
,364
,358
,362
,357
,364
,363
,365
,359
,358
,363
,361
,353
2026 05 20 19:17:48.605545,351
,360
,354
,349
,352
,363
,352
,342
,351
,352
,348
,348
,353
,350
2026 05 20 19:17:48.671489,348
,346
,357
,350
,351
,351
,354
,349
,344
,355
,357
,351
,349
,347
2026 05 20 19:17:48.733363,348
,348
,341
,353
,349
,347
,350
,353
,350
,345
,344
,334
,338
,330
2026 05 20 19:17:48.797532,335
,333
,332
,333
,340
,337
,340
,344
,342
,337
,338
,345
,341
,341
2026 05 20 19:17:48.859788,337
,339
,348
,346
,351
,362
,354
,358
,365
,365
,359
,354
,359
,357
2026 05 20 19:17:48.920934,358
,365
,364
,353
,349
,352
,352
,348
,344
,356
,351
,348
,346
,348
2026 05 20 19:17:48.986820,339
,335
,336
,339
,332
,331
,349
,350
,352
,353
,358
,351
,358
,357
2026 05 20 19:17:49.047882,360
,361
,358
,362
,361
,358
,355
,359
,353
,357
,356
,359
,357
,353
2026 05 20 19:17:49.113859,359
,358
,363
,357
,361
,359
,358
,355
,362
,359
,351
,357
,355
,358
2026 05 20 19:17:49.175339,359
,362
,357
,353
,353
,359
,356
,356
,357
,362
,353
,356
,359
,360
2026 05 20 19:17:49.236399,352
,357
,362
,356
,356
,356
,366
,358
,353
,360
,357
,354
,357
,367
2026 05 20 19:17:49.302207,361
,356
,362
,368
,359
,359
,364
,366
,361
,357
,361
,357
,359
,356
2026 05 20 19:17:49.363060,357
,356
,351
,357
,364
,357
,356
,364
,360
,356
,352
,359
,355
,351
2026 05 20 19:17:49.429113,352
,358
,353
,352
,357
,357
,357
,356
,366
,359
,362
,365
,363
,355
2026 05 20 19:17:49.489982,356
,366
,365
,359
,359
,368
,362
,366
,366
,368
,361
,359
,367
,369
2026 05 20 19:17:49.552181,366
,363
,366
,365
,362
,361
,362
,355
,355
,353
,354
,342
,340
,346
2026 05 20 19:17:49.617055,350
,347
,350
,358
,353
,355
,353
,360
,355
,356
,363
,366
,361
,355
2026 05 20 19:17:49.679002,365
,363
,366
,364
,359
,353
,352
,358
,357
,353
,355
,355
,357
,356
2026 05 20 19:17:49.744573,357
,362
,355
,357
,357
,362
,357
,356
,363
,361
,361
,359
,363
,365
2026 05 20 19:17:49.806004,363
,367
,369
,359
,362
,361
,360
,361
,361
,369
,367
,365
,366
,371
2026 05 20 19:17:49.866925,364
,373
,373
,374
,372
,374
,383
,381
,375
,371
,373
,367
,369
,370
2026 05 20 19:17:49.932966,371
,370
,373
,375
,376
,373
,371
,376
,376
,375
,373
,381
,374
,371
2026 05 20 19:17:49.994001,376
,373
,363
,362
,371
,368
,366
,370
,372
,369
,365
,370
,374
,363
2026 05 20 19:17:50.059792,360
,363
,363
,361
,362
,367
,358
,357
,359
,363
,358
,360
,372
,375
2026 05 20 19:17:50.121011,372
,369
,373
,364
,367
,368
,370
,365
,365
,373
,371
,368
,366
,373
2026 05 20 19:17:50.182197,370
,372
,370
,372
,370
,371
,371
,372
,365
,368
,375
,370
,367
,365
2026 05 20 19:17:50.247370,378
,369
,369
,370
,372
,363
,362
,369
,368
,362
,357
,365
,361
,363
2026 05 20 19:17:50.309776,363
,365
,358
,362
,367
,373
,366
,364
,374
,370
,367
,366
,369
,365
2026 05 20 19:17:50.375823,365
,366
,367
,361
,363
,365
,364
,358
,363
,366
,366
,365
,364
,370
2026 05 20 19:17:50.436699,365
,368
,366
,367
,363
,364
,372
,364
,363
,362
,366
,356
,352
,360
2026 05 20 19:17:50.497410,357
,349
,344
,355
,351
,346
,347
,351
,348
,348
,352
,361
,359
,354
2026 05 20 19:17:50.563894,365
,366
,367
,362
,367
,364
,362
,364
,362
,353
,354
,359
,354
,357
2026 05 20 19:17:50.625728,351
,358
,354
,353
,352
,353
,343
,347
,355
,357
,349
,352
,363
,357
2026 05 20 19:17:50.690773,352
,354
,357
,355
,353
,358
,359
,351
,353
,359
,355
,350
,345
,355
2026 05 20 19:17:50.752430,349
,352
,356
,359
,357
,349
,355
,357
,352
,348
,359
,359
,356
,355
2026 05 20 19:17:50.813511,356
,351
,352
,354
,355
,347
,352
,349
,352
,347
,347
,347
,346
,343
2026 05 20 19:17:50.879050,348
,352
,346
,342
,348
,342
,342
,341
,352
,347
,346
,345
,350
,344
2026 05 20 19:17:50.940066,344
,347
,345
,344
,342
,345
,339
,344
,340
,345
,345
,346
,354
,347
2026 05 20 19:17:51.001242,341
,339
,349
,346
,349
,340
,343
,335
,335
,336
,336
,326
,328
,336
2026 05 20 19:17:51.067561,329
,327
,329
,339
,336
,337
,342
,346
,342
,339
,342
,335
,340
,347
2026 05 20 19:17:51.128968,348
,349
,344
,338
,340
,335
,328
,337
,340
,336
,335
,345
,345
,344
2026 05 20 19:17:51.194796,345
,345
,342
,341
,341
,347
,342
,340
,348
,350
,345
,345
,356
,350
2026 05 20 19:17:51.255550,345
,348
,351
,345
,339
,344
,343
,338
,334
,344
,341
,341
,339
,345
2026 05 20 19:17:51.317260,341
,339
,342
,342
,342
,343
,346
,344
,343
,340
,348
,344
,342
,346
2026 05 20 19:17:51.382656,345
,344
,341
,343
,338
,336
,336
,346
,341
,345
,344
,344
,345
,346
2026 05 20 19:17:51.443442,351
,346
,338
,337
,339
,341
,341
,341
,347
,337
,337
,344
,342
,333
2026 05 20 19:17:51.509791,336
,344
,340
,332
,341
,349
,344
,342
,338
,335
,337
,338
,340
,338
2026 05 20 19:17:51.571391,333
,330
,334
,336
,340
,338
,344
,339
,336
,337
,332
,330
,325
,332
2026 05 20 19:17:51.632396,331
,336
,336
,338
,328
,339
,342
,340
,336
,336
,343
,343
,340
,340
2026 05 20 19:17:51.698248,347
,344
,342
,340
,341
,336
,333
,340
,343
,339
,336
,342
,340
,341
2026 05 20 19:17:51.759032,341
,345
,342
,346
,353
,350
,347
,346
,349
,348
,350
,347
,351
,345
2026 05 20 19:17:51.825257,344
,350
,343
,335
,339
,349
,337
,333
,342
,342
,331
,330
,338
,333
2026 05 20 19:17:51.886017,328
,337
,343
,338
,343
,343
,351
,343
,343
,344
,349
,336
,336
,344
2026 05 20 19:17:51.947251,346
,343
,338
,344
,343
,344
,344
,350
,340
,345
,349
,351
,344
,344
2026 05 20 19:17:52.013385,354
,352
,345
,353
,355
,348
,346
,347
,349
,344
,343
,346
,342
,342
2026 05 20 19:17:52.075271,340
,346
,344
,346
,346
,349
,342
,340
,342
,342
,342
,334
,340
,339
2026 05 20 19:17:52.140536,337
,334
,340
,333
,328
,331
,339
,336
,328
,335
,334
,332
,328
,337
2026 05 20 19:17:52.202240,335
,337
,340
,343
,340
,340
,345
,346
,343
,340
,349
,347
,349
,345
2026 05 20 19:17:52.265989,356
,350
,342
,346
,346
,341
,339
,348
,341
,348
,342
,346
,341
,343
2026 05 20 19:17:52.331080,346
,344
,339
,336
,343
,347
,349
,343
,342
,338
,341
,344
,351
,345
2026 05 20 19:17:52.389635,347
,350
,355
,352
,348
,352
,348
,345
,344
,352
,342
,341
,353
,353
2026 05 20 19:17:52.456016,347
,341
,346
,342
,340
,340
,345
,341
,338
,342
,345
,341
,341
,347
2026 05 20 19:17:52.516963,350
,344
,345
,345
,338
,343
,345
,346
,346
,342
,341
,341
,339
,339
2026 05 20 19:17:52.579856,348
,350
,349
,349
,350
,345
,348
,355
,354
,353
,346
,345
,346
,346
2026 05 20 19:17:52.647414,354
,354
,345
,346
,348
,344
,342
,341
,340
,336
,344
,345
,350
,344
2026 05 20 19:17:52.705925,349
,350
,354
,349
,344
,347
,347
,344
,343
,342
,336
,341
,342
,342
2026 05 20 19:17:52.771098,335
,335
,334
,337
,332
,331
,336
,327
,328
,326
,335
,337
,333
,335
2026 05 20 19:17:52.833051,340
,343
,339
,347
,347
,346
,342
,353
,347
,344
,340
,340
,340
,335
2026 05 20 19:17:52.894285,345
,349
,346
,346
,354
,351
,350
,352
,357
,349
,354
,356
,355
,348
2026 05 20 19:17:52.959725,342
,351
,350
,348
,344
,359
,355
,351
,365
,363
,355
,353
,353
,351
2026 05 20 19:17:53.021334,346
,348
,350
,342
,341
,348
,352
,348
,350
,358
,355
,351
,348
,361
2026 05 20 19:17:53.086801,361
,357
,358
,364
,355
,353
,352
,353
,337
,338
,345
,341
,343
,347
2026 05 20 19:17:53.147858,353
,347
,349
,350
,357
,352
,356
,364
,363
,356
,363
,370
,363
,363
2026 05 20 19:17:53.209245,362
,364
,363
,356
,361
,359
,355
,352
,356
,352
,353
,350
,352
,347
2026 05 20 19:17:53.275301,348
,350
,349
,346
,342
,345
,353
,357
,358
,359
,360
,356
,356
,360
2026 05 20 19:17:53.336066,351
,347
,354
,358
,354
,352
,355
,349
,348
,348
,350
,350
,352
,360
2026 05 20 19:17:53.401214,355
,354
,352
,357
,358
,362
,355
,359
,353
,355
,359
,360
,351
,348
2026 05 20 19:17:53.463440,354
,352
,349
,347
,349
,341
,346
,351
,353
,349
,350
,351
,356
,357
2026 05 20 19:17:53.525074,359
,361
,353
,353
,348
,353
,354
,356
,358
,354
,352
,349
,354
,348
2026 05 20 19:17:53.590243,346
,341
,346
,336
,343
,348
,351
,350
,346
,354
,354
,358
,354
,357
2026 05 20 19:17:53.651495,350
,349
,352
,351
,346
,344
,356
,354
,351
,347
,352
,347
,348
,350
2026 05 20 19:17:53.717489,357
,347
,350
,360
,359
,357
,357
,361
,358
,358
,353
,355
,352
,352
2026 05 20 19:17:53.778784,359
,362
,357
,356
,362
,355
,354
,352
,361
,358
,356
,357
,363
,364
2026 05 20 19:17:53.840460,356
,364
,365
,360
,359
,361
,357
,356
,355
,363
,358
,355
,360
,358
2026 05 20 19:17:53.905986,352
,350
,357
,345
,355
,350
,356
,355
,352
,354
,356
,352
,356
,359
2026 05 20 19:17:53.967177,359
,358
,358
,363
,354
,355
,364
,369
,355
,354
,361
,361
,351
,352
2026 05 20 19:17:54.033763,354
,348
,351
,357
,363
,355
,352
,366
,367
,360
,358
,361
,359
,357
2026 05 20 19:17:54.094475,358
,362
,357
,359
,352
,356
,356
,348
,354
,351
,347
,343
,349
,343
2026 05 20 19:17:54.155357,339
,342
,347
,342
,349
,353
,348
,349
,348
,354
,349
,348
,348
,353
2026 05 20 19:17:54.221378,346
,344
,348
,348
,351
,349
,359
,352
,356
,352
,354
,346
,351
,350
2026 05 20 19:17:54.283013,353
,347
,346
,356
,349
,348
,353
,355
,353
,360
,363
,356
,346
,349
2026 05 20 19:17:54.349053,355
,356
,353
,346
,357
,353
,358
,360
,363
,355
,353
,357
,361
,358
2026 05 20 19:17:54.409793,353
,356
,356
,358
,360
,360
,358
,358
,355
,355
,354
,352
,358
,359
2026 05 20 19:17:54.470790,358
,358
,362
,359
,359
,363
,357
,357
,352
,356
,353
,352
,346
,346
2026 05 20 19:17:54.536702,346
,351
,348
,354
,351
,350
,362
,357
,355
,354
,360
,352
,348
,355
2026 05 20 19:17:54.597376,353
,351
,353
,354
,352
,349
,348
,356
,356
,353
,349
,353
,351
,351
2026 05 20 19:17:54.663583,355
,363
,356
,354
,358
,365
,358
,357
,362
,360
,361
,360
,362
,357
2026 05 20 19:17:54.725227,357
,362
,354
,356
,360
,368
,369
,367
,364
,363
,355
,353
,356
,354
2026 05 20 19:17:54.785691,355
,356
,364
,361
,355
,357
,363
,357
,358
,362
,364
,362
,361
,361
2026 05 20 19:17:54.852087,364
,357
,354
,353
,352
,357
,352
,355
,349
,349
,365
,365
,360
,362
2026 05 20 19:17:54.915903,375
,365
,364
,359
,359
,357
,357
,352
,351
,343
,342
,351
,351
,343
2026 05 20 19:17:54.981801,349
,350
,344
,350
,357
,355
,351
,345
,355
,354
,350
,349
,357
,358
2026 05 20 19:17:55.040428,360
,358
,360
,356
,356
,362
,356
,354
,351
,355
,357
,353
,353
,356
2026 05 20 19:17:55.101223,350
,351
,356
,358
,349
,352
,361
,359
,349
,351
,354
,346
,347
,356
2026 05 20 19:17:55.167455,359
,354
,349
,358
,356
,357
,351
,351
,348
,353
,352
,356
,352
,353
2026 05 20 19:17:55.228757,358
,360
,357
,350
,361
,359
,356
,349
,356
,352
,352
,352
,354
,350
2026 05 20 19:17:55.289158,346
,358
,354
,357
,355
,360
,355
,358
,362
,368
,357
,357
,358
,354
2026 05 20 19:17:55.356210,349
,346
,358
,355
,357
,361
,362
,359
,351
,358
,356
,354
,353
,356
2026 05 20 19:17:55.416544,354
,352
,355
,354
,347
,344
,348
,353
,350
,351
,353
,357
,350
,350
2026 05 20 19:17:55.482995,355
,357
,350
,359
,362
,359
,358
,361
,361
,351
,347
,352
,348
,346
2026 05 20 19:17:55.544391,347
,349
,344
,340
,351
,350
,349
,348
,346
,342
,340
,346
,357
,346
2026 05 20 19:17:55.605196,344
,351
,359
,359
,354
,359
,352
,348
,355
,358
,347
,354
,356
,355
2026 05 20 19:17:55.671430,350
,357
,364
,360
,355
,357
,363
,354
,355
,352
,357
,356
,353
,355
2026 05 20 19:17:55.732651,357
,353
,351
,354
,348
,353
,350
,353
,351
,359
,365
,365
,359
,354
2026 05 20 19:17:55.798399,359
,360
,357
,356
,360
,358
,360
,363
,366
,354
,353
,360
,354
,352
2026 05 20 19:17:55.860506,351
,357
,355
,354
,350
,358
,349
,349
,353
,357
,353
,352
,355
,350
2026 05 20 19:17:55.920801,351
,351
,356
,346
,347
,348
,353
,349
,346
,346
,342
,342
,340
,347
2026 05 20 19:17:55.987140,344
,346
,360
,363
,351
,353
,363
,364
,361
,358
,362
,361
,360
,357
2026 05 20 19:17:56.048027,355
,349
,350
,349
,348
,352
,350
,348
,347
,345
,346
,356
,353
,357
2026 05 20 19:17:56.113576,361
,366
,362
,358
,365
,358
,352
,355
,359
,356
,351
,355
,351
,348
2026 05 20 19:17:56.175329,348
,346
,344
,340
,343
,345
,337
,339
,347
,349
,340
,350
,358
,354
2026 05 20 19:17:56.236252,347
,347
,352
,354
,351
,352
,357
,350
,347
,349
,354
,347
,346
,351
2026 05 20 19:17:56.300963,347
,348
,347
,346
,343
,343
,345
,348
,341
,341
,348
,347
,346
,351
2026 05 20 19:17:56.363728,355
,356
,357
,354
,353
,346
,348
,346
,341
,341
,348
,353
,353
,352
2026 05 20 19:17:56.428926,357
,372
,361
,359
,361
,360
,359
,356
,357
,347
,349
,345
,351
,352
2026 05 20 19:17:56.490384,353
,356
,355
,347
,345
,355
,356
,353
,352
,351
,346
,352
,356
,355
2026 05 20 19:17:56.551840,351
,353
,361
,362
,356
,355
,362
,361
,360
,360
,357
,348
,347
,349
2026 05 20 19:17:56.617818,354
,353
,352
,364
,368
,367
,366
,375
,373
,368
,367
,372
,361
,356
2026 05 20 19:17:56.678140,361
,365
,359
,357
,360
,355
,350
,357
,363
,355
,352
,356
,359
,357
2026 05 20 19:17:56.744350,353
,365
,363
,360
,360
,364
,354
,348
,352
,353
,345
,348
,353
,351
2026 05 20 19:17:56.805881,351
,347
,352
,345
,350
,347
,350
,352
,360
,364
,354
,353
,348
,354
2026 05 20 19:17:56.866603,348
,344
,353
,359
,353
,353
,348
,350
,344
,346
,356
,355
,356
,346
2026 05 20 19:17:56.932772,355
,348
,346
,350
,347
,345
,343
,349
,352
,352
,350
,356
,352
,354
2026 05 20 19:17:56.996449,352
,351
,346
,347
,357
,355
,360
,352
,360
,356
,358
,355
,358
,350
2026 05 20 19:17:57.059927,356
,354
,356
,350
,342
,349
,350
,352
,346
,347
,343
,343
,347
,349
2026 05 20 19:17:57.121523,341
,341
,347
,341
,344
,346
,350
,346
,350
,355
,360
,347
,352
,362
2026 05 20 19:17:57.182668,356
,361
,355
,360
,353
,351
,351
,351
,349
,349
,363
,364
,360
,360
2026 05 20 19:17:57.248131,363
,356
,353
,355
,360
,353
,355
,359
,357
,356
,352
,354
,355
,360
2026 05 20 19:17:57.308950,356
,364
,362
,359
,361
,366
,356
,352
,354
,353
,351
,357
,366
,363
2026 05 20 19:17:57.375105,361
,359
,357
,360
,357
,358
,357
,351
,346
,353
,353
,353
,354
,357
2026 05 20 19:17:57.436026,349
,347
,352
,352
,348
,346
,354
,351
,347
,350
,357
,351
,348
,349
2026 05 20 19:17:57.498075,347
,347
,346
,352
,350
,347
,345
,347
,341
,346
,345
,347
,348
,351
2026 05 20 19:17:57.563695,354
,348
,352
,350
,358
,355
,355
,356
,359
,354
,355
,362
,362
,357
2026 05 20 19:17:57.624309,358
,361
,351
,355
,354
,359
,348
,346
,348
,350
,344
,353
,359
,360
2026 05 20 19:17:57.690544,358
,356
,361
,356
,355
,352
,358
,350
,346
,345
,350
,349
,342
,343
2026 05 20 19:17:57.752208,350
,351
,354
,358
,352
,352
,350
,354
,344
,338
,338
,337
,337
,342
2026 05 20 19:17:57.813383,348
,341
,348
,347
,349
,346
,351
,350
,352
,347
,349
,347
,343
,345
2026 05 20 19:17:57.877606,335
,342
,334
,338
,342
,342
,342
,341
,354
,356
,360
,358
,357
,348
2026 05 20 19:17:57.940021,348
,349
,353
,350
,346
,353
,356
,351
,345
,354
,342
,348
,346
,350
2026 05 20 19:17:58.005942,347
,349
,356
,356
,354
,352
,358
,353
,350
,347
,345
,343
,350
,361
2026 05 20 19:17:58.067022,353
,353
,355
,363
,360
,357
,355
,361
,353
,353
,354
,352
,352
,341
2026 05 20 19:17:58.131326,342
,340
,345
,339
,351
,346
,343
,349
,349
,342
,345
,349
,349
,352
2026 05 20 19:17:58.193690,351
,359
,358
,359
,357
,356
,352
,351
,359
,359
,355
,355
,362
,355
2026 05 20 19:17:58.256131,354
,351
,353
,345
,344
,351
,356
,352
,346
,354
,356
,356
,353
,361
2026 05 20 19:17:58.320984,355
,353
,354
,353
,344
,347
,359
,361
,358
,364
,367
,362
,360
,359
2026 05 20 19:17:58.382901,361
,357
,358
,363
,367
,361
,359
,361
,356
,354
,355
,355
,352
,356
2026 05 20 19:17:58.444007,360
,354
,352
,348
,356
,357
,352
,354
,352
,348
,349
,356
,353
,348
2026 05 20 19:17:58.509049,347
,356
,357
,360
,362
,363
,358
,355
,354
,353
,350
,353
,355
,353
2026 05 20 19:17:58.571293,351
,347
,346
,348
,348
,349
,354
,348
,353
,358
,358
,356
,353
,355
2026 05 20 19:17:58.636883,356
,349
,348
,352
,346
,344
,348
,349
,340
,342
,350
,345
,344
,349
2026 05 20 19:17:58.698276,354
,353
,349
,350
,356
,356
,356
,356
,356
,350
,349
,352
,344
,344
2026 05 20 19:17:58.758829,343
,349
,345
,344
,347
,356
,353
,348
,354
,356
,353
,350
,357
,353
2026 05 20 19:17:58.824764,355
,352
,351
,345
,348
,352
,346
,346
,352
,355
,353
,347
,347
,355
2026 05 20 19:17:58.886792,353
,351
,353
,359
,355
,350
,353
,352
,344
,340
,347
,340
,341
,349
2026 05 20 19:17:58.952094,353
,349
,357
,358
,349
,348
,345
,355
,350
,349
,353
,356
,352
,351
2026 05 20 19:17:59.015427,351
,354
,349
,349
,354
,350
,345
,346
,353
,351
,351
,350
,348
,344
2026 05 20 19:17:59.074358,347
,349
,345
,347
,349
,351
,351
,354
,362
,362
,357
,356
,352
,351
2026 05 20 19:17:59.139983,345
,344
,349
,350
,352
,352
,361
,357
,354
,358
,357
,357
,361
,358
2026 05 20 19:17:59.201948,357
,355
,354
,362
,361
,357
,357
,355
,349
,346
,356
,351
,355
,349
2026 05 20 19:17:59.263785,358
,355
,356
,357
,358
,358
,359
,360
,363
,357
,352
,364
,365
,365
2026 05 20 19:17:59.331663,367
,373
,366
,361
,370
,366
,358
,362
,366
,359
,360
,355
,360
,353
2026 05 20 19:17:59.389628,356
,365
,365
,359
,358
,368
,357
,356
,361
,360
,355
,356
,356
,356
2026 05 20 19:17:59.455996,352
,350
,358
,355
,351
,341
,344
,341
,339
,343
,344
,344
,342
,348
2026 05 20 19:17:59.517406,349
,348
,346
,351
,350
,349
,343
,351
,347
,347
,349
,350
,345
,339
2026 05 20 19:17:59.578930,343
,343
,344
,339
,346
,343
,352
,356
,358
,349
,353
,361
,360
,357
2026 05 20 19:17:59.644121,351
,356
,353
,357
,351
,352
,346
,343
,343
,343
,345
,344
,353
,353
2026 05 20 19:17:59.705315,353
,355
,352
,352
,352
,348
,349
,347
,343
,348
,346
,347
,348
,352
2026 05 20 19:17:59.771217,349
,357
,357
,356
,352
,350
,355
,351
,346
,341
,350
,354
,354
,349
2026 05 20 19:17:59.832596,357
,351
,354
,356
,359
,355
,357
,361
,354
,351
,355
,359
,354
,347
2026 05 20 19:17:59.893772,350
,353
,349
,347
,357
,356
,355
,350
,350
,343
,353
,353
,353
,350
2026 05 20 19:17:59.959650,349
,356
,358
,360
,359
,360
,366
,367
,364
,361
,358
,357
,354
,357
2026 05 20 19:18:00.020388,355
,353
,359
,352
,344
,343
,346
,346
,341
,349
,349
,343
,351
,355
2026 05 20 19:18:00.086562,353
,352
,347
,349
,349
,352
,356
,355
,357
,358
,355
,358
,356
,358
2026 05 20 19:18:00.149208,359
,354
,358
,353
,361
,349
,347
,351
,349
,348
,348
,355
,351
,346
2026 05 20 19:18:00.209037,348
,353
,347
,349
,345
,347
,349
,350
,355
,353
,348
,347
,347
,344
2026 05 20 19:18:00.275000,349
,353
,358
,349
,350
,354
,356
,353
,349
,360
,354
,358
,355
,354
2026 05 20 19:18:00.336531,349
,352
,354
,353
,349
,348
,352
,346
,347
,344
,347
,337
,341
,346
2026 05 20 19:18:00.401961,351
,347
,347
,353
,348
,352
,351
,354
,346
,354
,354
,357
,353
,355
2026 05 20 19:18:00.465986,365
,362
,361
,355
,362
,357
,359
,355
,362
,356
,354
,357
,353
,349
2026 05 20 19:18:00.524966,350
,356
,355
,353
,352
,355
,348
,348
,349
,350
,343
,343
,349
,341
2026 05 20 19:18:00.590324,342
,339
,342
,336
,333
,336
,339
,336
,333
,341
,348
,344
,345
,344
2026 05 20 19:18:00.651199,343
,341
,340
,338
,326
,330
,336
,339
,338
,336
,342
,335
,336
,341
2026 05 20 19:18:00.717331,343
,336
,342
,340
,340
,337
,335
,341
,343
,344
,343
,346
,345
,351
2026 05 20 19:18:00.777461,354
,354
,352
,355
,356
,353
,349
,352
,353
,350
,349
,347
,357
,350
2026 05 20 19:18:00.839657,352
,357
,356
,354
,359
,367
,363
,351
,347
,357
,351
,355
,355
,357
2026 05 20 19:18:00.905824,352
,349
,352
,356
,359
,352
,359
,359
,360
,358
,359
,357
,360
,368
2026 05 20 19:18:00.966813,368
,361
,363
,365
,360
,361
,369
,364
,353
,352
,360
,357
,356
,355
2026 05 20 19:18:01.031899,353
,349
,349
,346
,353
,352
,356
,357
,357
,352
,351
,352
,348
,342
2026 05 20 19:18:01.094115,346
,351
,349
,348
,350
,355
,351
,354
,350
,345
,352
,346
,349
,346
2026 05 20 19:18:01.155618,345
,346
,342
,332
,343
,346
,346
,348
,342
,345
,347
,349
,344
,353
2026 05 20 19:18:01.221053,348
,353
,353
,355
,352
,350
,352
,352
,349
,342
,340
,343
,350
,347
2026 05 20 19:18:01.283370,351
,357
,354
,347
,352
,351
,351
,352
,351
,365
,359
,352
,351
,355
2026 05 20 19:18:01.352004,350
,347
,353
,352
,353
,353
,351
,347
,354
,359
,359
,356
,360
,363
2026 05 20 19:18:01.409623,360
,360
,357
,358
,362
,365
,364
,366
,364
,366
,358
,360
,361
,358
2026 05 20 19:18:01.470181,353
,351
,349
,354
,357
,367
,363
,361
,362
,360
,359
,357
,357
,359
2026 05 20 19:18:01.536659,356
,356
,352
,352
,354
,358
,354
,355
,353
,344
,344
,341
,343
,342
2026 05 20 19:18:01.598911,348
,344
,348
,340
,342
,348
,347
,357
,356
,353
,356
,355
,355
,359
2026 05 20 19:18:01.662540,351
,356
,348
,348
,342
,336
,344
,341
,342
,349
,350
,346
,348
,354
2026 05 20 19:18:01.724243,358
,353
,356
,354
,356
,359
,357
,358
,350
,356
,357
,361
,357
,355
2026 05 20 19:18:01.786107,360
,361
,368
,359
,352
,355
,357
,355
,359
,354
,357
,362
,363
,359
2026 05 20 19:18:01.851969,360
,359
,356
,361
,358
,358
,349
,358
,352
,352
,353
,348
,346
,345
2026 05 20 19:18:01.913099,346
,346
,345
,338
,344
,343
,343
,340
,339
,342
,342
,339
,342
,345
2026 05 20 19:18:01.978846,347
,345
,344
,345
,341
,342
,342
,344
,340
,338
,337
,340
,339
,338
2026 05 20 19:18:02.040395,344
,344
,341
,340
,344
,344
,344
,337
,336
,341
,338
,341
,343
,352
2026 05 20 19:18:02.101836,345
,355
,353
,357
,357
,359
,353
,356
,361
,362
,362
,359
,362
,361
2026 05 20 19:18:02.167234,352
,354
,360
,357
,364
,367
,368
,370
,368
,370
,370
,374
,370
,379
2026 05 20 19:18:02.228382,379
,375
,370
,367
,371
,368
,365
,361
,366
,366
,363
,358
,365
,356
2026 05 20 19:18:02.294137,362
,365
,364
,366
,368
,373
,374
,376
,370
,365
,363
,362
,360
,360
2026 05 20 19:18:02.355484,355
,358
,357
,353
,359
,354
,356
,352
,354
,353
,349
,352
,352
,359
2026 05 20 19:18:02.417166,358
,349
,348
,351
,350
,351
,350
,346
,344
,346
,348
,350
,350
,349
2026 05 20 19:18:02.482801,358
,358
,357
,356
,351
,349
,349
,349
,354
,351
,357
,361
,351
,348
2026 05 20 19:18:02.544116,346
,353
,348
,355
,348
,351
,348
,355
,352
,355
,352
,350
,348
,342
2026 05 20 19:18:02.609989,348
,346
,351
,355
,358
,355
,356
,351
,350
,349
,342
,351
,353
,354
2026 05 20 19:18:02.671301,347
,350
,351
,356
,351
,353
,354
,351
,355
,348
,354
,358
,354
,350
2026 05 20 19:18:02.732341,356
,355
,356
,352
,352
,343
,346
,351
,352
,356
,353
,352
,350
,350
2026 05 20 19:18:02.798065,350
,351
,352
,355
,352
,346
,348
,345
,351
,344
,350
,346
,341
,347
2026 05 20 19:18:02.859690,347
,352
,352
,354
,353
,358
,357
,363
,357
,358
,355
,353
,348
,356
2026 05 20 19:18:02.925177,353
,343
,344
,348
,350
,349
,348
,345
,351
,354
,357
,359
,356
,356
2026 05 20 19:18:02.986577,356
,355
,354
,354
,355
,350
,352
,353
,351
,350
,354
,356
,356
,348
2026 05 20 19:18:03.047213,350
,354
,364
,361
,363
,362
,359
,363
,361
,362
,356
,357
,356
,363
2026 05 20 19:18:03.114292,360
,361
,358
,359
,358
,359
,359
,363
,362
,358
,359
,355
,353
,353
2026 05 20 19:18:03.175042,354
,354
,346
,347
,349
,352
,348
,354
,346
,348
,345
,348
,344
,349
2026 05 20 19:18:03.240004,356
,359
,355
,353
,351
,351
,349
,350
,355
,353
,355
,356
,353
,353
2026 05 20 19:18:03.301892,349
,346
,344
,345
,348
,347
,343
,343
,347
,351
,347
,345
,351
,351
2026 05 20 19:18:03.366343,354
,353
,345
,350
,360
,351
,350
,350
,356
,350
,351
,355
,354
,342
2026 05 20 19:18:03.428846,341
,340
,341
,344
,340
,341
,345
,348
,344
,342
,344
,349
,353
,353
2026 05 20 19:18:03.490344,358
,363
,359
,353
,361
,357
,352
,355
,356
,356
,354
,356
,354
,360
2026 05 20 19:18:03.551385,358
,360
,358
,360
,359
,358
,354
,357
,354
,353
,357
,356
,364
,359
2026 05 20 19:18:03.617236,354
,354
,359
,354
,354
,354
,358
,355
,357
,359
,361
,354
,354
,356
2026 05 20 19:18:03.678835,355
,355
,357
,358
,357
,359
,367
,360
,356
,350
,352
,352
,347
,351
2026 05 20 19:18:03.743211,355
,356
,352
,351
,348
,354
,353
,351
,349
,353
,350
,350
,349
,353
2026 05 20 19:18:03.805159,350
,353
,356
,356
,355
,356
,361
,352
,348
,352
,353
,348
,348
,352
2026 05 20 19:18:03.866969,350
,347
,345
,353
,351
,350
,353
,358
,357
,361
,358
,354
,354
,358
2026 05 20 19:18:03.932561,356
,352
,352
,354
,360
,357
,356
,359
,357
,358
,359
,356
,359
,361
2026 05 20 19:18:03.993586,361
,362
,355
,355
,350
,347
,349
,351
,352
,352
,351
,344
,348
,346
2026 05 20 19:18:04.059671,347
,342
,345
,343
,348
,345
,349
,352
,351
,356
,357
,360
,360
,364
2026 05 20 19:18:04.121023,369
,370
,361
,362
,358
,352
,356
,350
,350
,347
,349
,347
,343
,340
2026 05 20 19:18:04.183484,349
,348
,351
,360
,364
,369
,365
,372
,370
,371
,366
,365
,356
,356
2026 05 20 19:18:04.248124,356
,348
,344
,345
,345
,347
,347
,346
,351
,350
,349
,346
,346
,344
2026 05 20 19:18:04.309372,348
,344
,345
,353
,351
,349
,343
,347
,346
,348
,347
,354
,356
,347
2026 05 20 19:18:04.374951,353
,351
,353
,346
,356
,347
,350
,351
,354
,352
,352
,354
,352
,355
2026 05 20 19:18:04.436478,350
,353
,352
,352
,347
,350
,349
,346
,347
,354
,348
,352
,354
,352
2026 05 20 19:18:04.498960,356
,355
,355
,347
,347
,347
,349
,354
,351
,349
,346
,359
,354
,356
2026 05 20 19:18:04.563519,351
,352
,352
,353
,351
,347
,343
,341
,339
,339
,344
,338
,341
,344
2026 05 20 19:18:04.624256,351
,350
,349
,346
,346
,346
,351
,352
,342
,340
,334
,347
,345
,347
2026 05 20 19:18:04.689772,347
,351
,351
,349
,346
,343
,345
,344
,347
,342
,346
,343
,339
,344
2026 05 20 19:18:04.751845,340
,348
,342
,344
,342
,347
,350
,352
,352
,353
,351
,353
,353
,353
2026 05 20 19:18:04.814330,350
,348
,347
,344
,346
,342
,342
,344
,343
,347
,352
,357
,354
,355
2026 05 20 19:18:04.878742,347
,355
,350
,352
,351
,349
,350
,347
,344
,344
,345
,342
,346
,344
2026 05 20 19:18:04.940081,346
,349
,359
,356
,365
,363
,363
,361
,359
,361
,361
,358
,352
,350
2026 05 20 19:18:05.005748,342
,342
,350
,355
,351
,353
,356
,359
,355
,346
,346
,351
,351
,352
2026 05 20 19:18:05.067362,358
,358
,363
,363
,362
,361
,358
,351
,352
,350
,346
,351
,345
,347
2026 05 20 19:18:05.128356,350
,355
,347
,349
,353
,355
,354
,349
,355
,351
,356
,356
,359
,356
2026 05 20 19:18:05.193865,358
,363
,360
,358
,355
,354
,355
,354
,354
,363
,359
,363
,365
,359
2026 05 20 19:18:05.254858,348
,342
,340
,340
,343
,341
,345
,352
,359
,357
,365
,365
,370
,364
2026 05 20 19:18:05.320761,365
,367
,361
,362
,354
,352
,348
,344
,334
,340
,343
,344
,345
,340
2026 05 20 19:18:05.381878,344
,345
,347
,351
,350
,354
,362
,367
,366
,365
,360
,360
,354
,355
2026 05 20 19:18:05.443641,353
,352
,354
,355
,344
,352
,348
,345
,340
,341
,351
,349
,349
,353
2026 05 20 19:18:05.509223,359
,364
,356
,352
,356
,357
,355
,349
,349
,351
,347
,345
,344
,349
2026 05 20 19:18:05.570377,346
,345
,348
,346
,341
,337
,337
,337
,348
,344
,346
,355
,355
,354
2026 05 20 19:18:05.635913,352
,346
,348
,344
,343
,347
,347
,346
,338
,337
,340
,345
,339
,341
2026 05 20 19:18:05.698211,343
,339
,343
,338
,349
,338
,344
,340
,343
,334
,342
,341
,338
,335
2026 05 20 19:18:05.758780,340
,342
,343
,347
,346
,348
,345
,353
,350
,347
,344
,354
,356
,351
2026 05 20 19:18:05.824381,357
,357
,364
,364
,363
,359
,357
,353
,359
,356
,362
,362
,354
,352
2026 05 20 19:18:05.885827,357
,363
,356
,358
,354
,353
,356
,358
,350
,356
,357
,354
,355
,349
2026 05 20 19:18:05.951389,349
,352
,347
,348
,348
,344
,348
,345
,351
,347
,348
,344
,344
,344
2026 05 20 19:18:06.013760,340
,345
,343
,347
,352
,349
,349
,344
,342
,344
,350
,352
,362
,355
2026 05 20 19:18:06.074872,361
,362
,360
,356
,363
,359
,357
,357
,361
,367
,362
,368
,366
,367
2026 05 20 19:18:06.140099,365
,368
,368
,370
,369
,364
,366
,365
,367
,365
,364
,357
,365
,359
2026 05 20 19:18:06.201682,357
,356
,356
,359
,357
,359
,364
,364
,361
,365
,364
,364
,355
,354
2026 05 20 19:18:06.266917,359
,358
,357
,354
,356
,360
,360
,356
,359
,354
,359
,360
,356
,352
2026 05 20 19:18:06.329325,357
,354
,351
,356
,357
,354
,347
,356
,360
,363
,368
,365
,360
,351
2026 05 20 19:18:06.390158,359
,352
,350
,344
,354
,352
,349
,347
,351
,351
,348
,350
,349
,348
2026 05 20 19:18:06.455964,347
,348
,343
,342
,339
,340
,338
,337
,343
,343
,344
,343
,346
,346
2026 05 20 19:18:06.517204,344
,345
,353
,349
,343
,343
,340
,341
,345
,349
,345
,343
,342
,343
2026 05 20 19:18:06.582556,343
,341
,342
,349
,348
,346
,350
,351
,359
,367
,363
,356
,355
,346
2026 05 20 19:18:06.644275,350
,351
,345
,348
,344
,351
,351
,354
,352
,351
,352
,357
,360
,359
2026 05 20 19:18:06.704729,353
,349
,346
,344
,341
,337
,338
,335
,339
,344
,342
,340
,343
,352
2026 05 20 19:18:06.771683,349
,348
,348
,351
,347
,348
,341
,344
,343
,346
,352
,352
,356
,351
2026 05 20 19:18:06.832842,353
,357
,359
,356
,357
,357
,359
,359
,359
,357
,365
,361
,360
,361
2026 05 20 19:18:06.898235,357
,362
,351
,356
,356
,353
,347
,355
,365
,359
,356
,357
,361
,363
2026 05 20 19:18:06.959772,367
,363
,367
,362
,365
,364
,361
,359
,358
,355
,351
,354
,349
,348
2026 05 20 19:18:07.020449,344
,349
,338
,335
,333
,329
,332
,334
,336
,334
,342
,349
,347
,344
2026 05 20 19:18:07.086458,351
,342
,347
,345
,342
,344
,339
,341
,342
,347
,342
,349
,356
,354
2026 05 20 19:18:07.147942,354
,356
,358
,355
,353
,346
,351
,350
,350
,347
,351
,349
,353
,360
2026 05 20 19:18:07.212762,357
,360
,361
,366
,359
,363
,358
,361
,357
,358
,357
,361
,363
,357
2026 05 20 19:18:07.275285,360
,355
,352
,348
,358
,356
,358
,356
,360
,361
,357
,356
,357
,355
2026 05 20 19:18:07.336234,348
,351
,350
,353
,353
,355
,353
,356
,355
,359
,365
,357
,364
,361
2026 05 20 19:18:07.401632,366
,356
,351
,352
,354
,350
,351
,355
,358
,355
,350
,353
,352
,356
2026 05 20 19:18:07.462694,361
,358
,354
,353
,355
,361
,358
,366
,363
,361
,365
,360
,357
,350
2026 05 20 19:18:07.524475,348
,346
,352
,353
,356
,353
,355
,356
,351
,353
,352
,352
,349
,355
2026 05 20 19:18:07.589726,353
,357
,359
,361
,359
,360
,361
,362
,359
,352
,357
,355
,353
,356
2026 05 20 19:18:07.651200,355
,352
,347
,341
,337
,352
,348
,350
,348
,347
,347
,346
,346
,348
2026 05 20 19:18:07.716773,349
,349
,353
,355
,356
,349
,354
,359
,352
,352
,360
,357
,360
,355
2026 05 20 19:18:07.777850,354
,357
,353
,356
,349
,349
,342
,347
,348
,348
,341
,347
,346
,345
2026 05 20 19:18:07.839851,349
,353
,358
,362
,362
,356
,353
,352
,360
,358
,354
,351
,351
,353
2026 05 20 19:18:07.905836,350
,356
,352
,349
,345
,352
,350
,351
,356
,356
,353
,355
,360
,360
2026 05 20 19:18:07.966926,360
,360
,366
,360
,354
,351
,356
,351
,347
,345
,344
,348
,350
,355
2026 05 20 19:18:08.032694,355
,359
,355
,358
,360
,358
,359
,362
,359
,355
,358
,355
,353
,350
2026 05 20 19:18:08.093794,354
,355
,351
,346
,349
,353
,354
,359
,357
,362
,358
,365
,364
,362
2026 05 20 19:18:08.154699,365
,359
,352
,349
,354
,349
,347
,346
,346
,347
,343
,337
,336
,337
2026 05 20 19:18:08.220933,336
,339
,337
,345
,342
,343
,340
,335
,339
,342
,339
,347
,349
,340
2026 05 20 19:18:08.282211,343
,346
,350
,346
,347
,345
,344
,349
,349
,349
,344
,349
,345
,347
2026 05 20 19:18:08.347885,348
,351
,348
,351
,350
,347
,353
,349
,347
,353
,353
,351
,356
,354
2026 05 20 19:18:08.409457,360
,355
,359
,360
,355
,355
,352
,351
,353
,356
,354
,358
,351
,353
2026 05 20 19:18:08.470909,352
,353
,358
,361
,359
,361
,355
,352
,359
,358
,358
,360
,362
,360
2026 05 20 19:18:08.536201,361
,357
,362
,362
,359
,357
,349
,351
,350
,349
,348
,350
,345
,347
2026 05 20 19:18:08.596979,341
,343
,345
,347
,346
,352
,355
,351
,363
,361
,363
,362
,362
,359
2026 05 20 19:18:08.663415,360
,360
,358
,356
,352
,352
,351
,348
,353
,353
,344
,344
,345
,345
2026 05 20 19:18:08.725053,354
,355
,364
,364
,368
,371
,366
,362
,359
,364
,365
,352
,348
,346
2026 05 20 19:18:08.785774,347
,348
,342
,350
,349
,350
,348
,351
,346
,352
,357
,354
,353
,357
2026 05 20 19:18:08.851769,358
,351
,352
,349
,353
,346
,350
,354
,353
,350
,350
,350
,341
,343
2026 05 20 19:18:08.912544,341
,341
,337
,339
,339
,341
,345
,351
,355
,354
,356
,353
,356
,352
2026 05 20 19:18:08.978077,359
,355
,353
,353
,353
,347
,344
,348
,346
,348
,346
,344
,340
,336
2026 05 20 19:18:09.039933,345
,352
,353
,351
,350
,348
,352
,350
,350
,349
,352
,350
,351
,353
2026 05 20 19:18:09.101312,351
,347
,348
,351
,348
,351
,345
,346
,344
,347
,344
,347
,347
,348
2026 05 20 19:18:09.167826,349
,345
,353
,353
,349
,348
,361
,357
,352
,354
,357
,356
,354
,355
2026 05 20 19:18:09.228148,350
,350
,350
,354
,343
,341
,337
,342
,339
,346
,346
,349
,349
,355
2026 05 20 19:18:09.293682,356
,354
,355
,357
,352
,345
,348
,348
,345
,350
,343
,350
,352
,355
2026 05 20 19:18:09.355298,350
,354
,352
,357
,350
,351
,357
,359
,357
,352
,351
,349
,347
,342
2026 05 20 19:18:09.416849,343
,341
,349
,347
,348
,342
,337
,340
,335
,341
,339
,340
,340
,350
2026 05 20 19:18:09.482853,354
,352
,350
,350
,351
,350
,350
,352
,352
,343
,352
,348
,350
,348
2026 05 20 19:18:09.543396,355
,349
,352
,355
,352
,355
,351
,356
,353
,356
,355
,355
,358
,359
2026 05 20 19:18:09.609626,359
,360
,359
,359
,361
,355
,361
,355
,359
,355
,353
,345
,345
,348
2026 05 20 19:18:09.670178,345
,346
,344
,346
,349
,353
,352
,350
,349
,349
,349
,355
,350
,351
2026 05 20 19:18:09.731884,348
,346
,348
,349
,349
,348
,351
,350
,353
,354
,348
,347
,350
,353
2026 05 20 19:18:09.797613,347
,346
,345
,353
,350
,350
,352
,351
,348
,346
,348
,348
,342
,343
2026 05 20 19:18:09.859383,352
,349
,344
,343
,345
,344
,347
,344
,345
,341
,342
,350
,345
,343
2026 05 20 19:18:09.924759,335
,349
,351
,352
,350
,348
,347
,347
,353
,350
,349
,349
,351
,347
2026 05 20 19:18:09.986337,346
,347
,354
,346
,346
,347
,351
,352
,350
,349
,348
,349
,353
,352
2026 05 20 19:18:10.047908,351
,350
,349
,346
,348
,351
,350
,347
,352
,346
,352
,352
,354
,353
2026 05 20 19:18:10.113103,352
,349
,354
,359
,357
,357
,359
,366
,359
,354
,349
,351
,352
,357
2026 05 20 19:18:10.174456,357
,361
,362
,358
,358
,361
,356
,355
,357
,354
,355
,352
,349
,350
2026 05 20 19:18:10.239983,349
,349
,352
,350
,347
,354
,350
,349
,347
,348
,349
,344
,347
,348
2026 05 20 19:18:10.301428,352
,349
,346
,348
,348
,339
,342
,346
,343
,349
,350
,353
,351
,359
2026 05 20 19:18:10.363014,351
,352
,349
,346
,340
,340
,342
,342
,345
,339
,344
,340
,339
,337
2026 05 20 19:18:10.427419,343
,344
,345
,339
,341
,342
,340
,347
,342
,343
,340
,344
,343
,343
2026 05 20 19:18:10.490090,343
,344
,340
,338
,344
,341
,346
,346
,346
,342
,342
,338
,339
,339
2026 05 20 19:18:10.555813,338
,341
,336
,337
,336
,340
,339
,339
,337
,344
,344
,347
,341
,343
2026 05 20 19:18:10.617386,352
,359
,351
,344
,350
,344
,351
,348
,353
,349
,348
,351
,351
,354
2026 05 20 19:18:10.678787,354
,357
,354
,353
,350
,351
,355
,352
,352
,356
,357
,357
,360
,356
2026 05 20 19:18:10.744208,353
,349
,352
,349
,349
,349
,350
,348
,349
,351
,344
,343
,341
,343
2026 05 20 19:18:10.805838,341
,337
,338
,340
,335
,339
,336
,334
,332
,336
,334
,337
,340
,338
2026 05 20 19:18:10.871184,338
,336
,336
,338
,340
,338
,340
,337
,337
,340
,339
,345
,342
,346
2026 05 20 19:18:10.932430,344
,341
,346
,348
,348
,342
,344
,346
,345
,342
,344
,344
,349
,346
2026 05 20 19:18:10.994068,348
,342
,339
,340
,334
,342
,345
,349
,351
,357
,351
,357
,359
,360
2026 05 20 19:18:11.059001,357
,363
,362
,359
,359
,356
,359
,356
,359
,361
,362
,361
,359
,361
2026 05 20 19:18:11.120931,362
,364
,355
,361
,359
,356
,355
,354
,345
,342
,339
,341
,339
,341
2026 05 20 19:18:11.186582,343
,344
,353
,352
,357
,350
,358
,355
,354
,348
,353
,354
,350
,349
2026 05 20 19:18:11.247707,347
,350
,348
,351
,354
,355
,358
,361
,356
,357
,353
,357
,356
,353
2026 05 20 19:18:11.309207,354
,351
,353
,353
,352
,356
,355
,352
,346
,350
,351
,350
,342
,348
2026 05 20 19:18:11.373855,349
,351
,352
,358
,349
,355
,361
,358
,351
,352
,352
,348
,345
,347
2026 05 20 19:18:11.436459,353
,356
,355
,355
,352
,354
,350
,356
,355
,357
,356
,358
,355
,360
2026 05 20 19:18:11.497058,356
,352
,351
,348
,354
,354
,352
,352
,353
,357
,353
,352
,357
,354
2026 05 20 19:18:11.564817,350
,355
,356
,360
,354
,352
,351
,359
,363
,360
,352
,357
,358
,360
2026 05 20 19:18:11.624463,360
,352
,355
,354
,358
,357
,358
,357
,362
,357
,351
,357
,360
,361
2026 05 20 19:18:11.689762,361
,361
,355
,360
,358
,357
,356
,352
,352
,355
,351
,351
,357
,351
2026 05 20 19:18:11.750979,353
,350
,358
,355
,350
,350
,353
,353
,353
,359
,359
,360
,359
,365
2026 05 20 19:18:11.814306,368
,365
,360
,364
,358
,356
,354
,351
,352
,351
,353
,350
,350
,351
2026 05 20 19:18:11.877415,355
,357
,359
,356
,356
,353
,355
,354
,355
,357
,356
,361
,361
,366
2026 05 20 19:18:11.939695,357
,352
,351
,350
,350
,347
,354
,352
,356
,355
,354
,352
,355
,346
2026 05 20 19:18:12.005758,341
,343
,345
,348
,348
,351
,349
,349
,338
,342
,343
,346
,348
,353
2026 05 20 19:18:12.066813,353
,353
,355
,351
,353
,350
,354
,356
,360
,356
,362
,362
,359
,357
2026 05 20 19:18:12.129098,358
,364
,359
,366
,359
,356
,353
,350
,349
,352
,353
,357
,360
,359
2026 05 20 19:18:12.194834,363
,362
,364
,357
,357
,358
,353
,353
,357
,360
,360
,359
,355
,359
2026 05 20 19:18:12.255445,355
,362
,357
,358
,353
,353
,357
,358
,358
,355
,356
,359
,356
,356
2026 05 20 19:18:12.321126,359
,350
,349
,349
,348
,342
,341
,345
,344
,349
,346
,354
,346
,346
2026 05 20 19:18:12.382025,344
,351
,348
,351
,350
,351
,349
,346
,348
,350
,347
,352
,348
,345
2026 05 20 19:18:12.443907,346
,351
,351
,352
,349
,350
,349
,350
,348
,352
,355
,353
,348
,349
2026 05 20 19:18:12.510136,347
,349
,347
,350
,346
,348
,354
,351
,351
,359
,359
,356
,353
,356
2026 05 20 19:18:12.570255,351
,350
,355
,359
,356
,358
,357
,359
,354
,352
,358
,359
,352
,346
2026 05 20 19:18:12.635795,352
,353
,348
,349
,347
,345
,353
,354
,352
,352
,352
,349
,348
,355
2026 05 20 19:18:12.698037,358
,357
,350
,358
,359
,361
,359
,357
,358
,358
,355
,356
,358
,358
2026 05 20 19:18:12.759167,362
,353
,359
,360
,358
,355
,350
,353
,351
,354
,349
,350
,347
,346
2026 05 20 19:18:12.824967,339
,350
,346
,343
,341
,338
,336
,336
,334
,338
,340
,337
,340
,341
2026 05 20 19:18:12.885689,340
,339
,343
,343
,342
,341
,340
,345
,340
,343
,343
,342
,346
,351
2026 05 20 19:18:12.951652,352
,348
,346
,351
,353
,348
,353
,355
,353
,347
,360
,354
,355
,356
2026 05 20 19:18:13.013343,353
,355
,353
,362
,360
,358
,358
,353
,350
,350
,350
,353
,351
,351
2026 05 20 19:18:13.073717,353
,349
,352
,349
,354
,352
,352
,353
,357
,357
,358
,360
,354
,356
2026 05 20 19:18:13.139779,359
,358
,351
,353
,348
,350
,348
,343
,340
,343
,349
,347
,352
,347
2026 05 20 19:18:13.201626,346
,349
,360
,357
,359
,356
,358
,362
,357
,352
,352
,352
,347
,348
2026 05 20 19:18:13.267167,345
,346
,350
,349
,353
,351
,348
,349
,348
,345
,350
,346
,344
,340
2026 05 20 19:18:13.328781,345
,338
,340
,346
,347
,353
,358
,355
,354
,356
,352
,360
,361
,361
2026 05 20 19:18:13.390698,361
,358
,362
,366
,367
,368
,367
,364
,369
,363
,359
,354
,357
,345
2026 05 20 19:18:13.454781,347
,350
,348
,348
,351
,352
,352
,355
,351
,358
,354
,356
,353
,353
2026 05 20 19:18:13.516586,355
,351
,359
,358
,353
,354
,352
,355
,357
,350
,350
,352
,350
,353
2026 05 20 19:18:13.582503,349
,359
,355
,359
,357
,361
,362
,361
,364
,366
,362
,360
,359
,357
2026 05 20 19:18:13.643505,357
,355
,352
,351
,352
,349
,353
,353
,355
,357
,350
,355
,354
,355
2026 05 20 19:18:13.705055,360
,356
,357
,353
,352
,358
,358
,353
,356
,355
,359
,356
,357
,353
2026 05 20 19:18:13.770859,355
,350
,351
,355
,354
,347
,352
,358
,356
,360
,358
,359
,361
,359
2026 05 20 19:18:13.832411,358
,360
,355
,353
,354
,351
,354
,358
,362
,356
,358
,362
,359
,357
2026 05 20 19:18:13.897756,360
,361
,362
,361
,357
,364
,360
,361
,355
,353
,347
,356
,358
,358
2026 05 20 19:18:13.959347,356
,354
,360
,356
,360
,363
,362
,360
,370
,372
,371
,366
,367
,366
2026 05 20 19:18:14.020307,358
,351
,349
,354
,353
,356
,355
,356
,354
,360
,364
,363
,360
,358
2026 05 20 19:18:14.086297,361
,356
,359
,356
,351
,348
,351
,355
,357
,352
,352
,353
,356
,355
2026 05 20 19:18:14.146884,355
,358
,356
,357
,354
,352
,348
,344
,341
,336
,337
,342
,344
,347
2026 05 20 19:18:14.215281,349
,349
,344
,343
,349
,353
,350
,349
,348
,348
,341
,340
,338
,340
2026 05 20 19:18:14.275056,332
,336
,342
,338
,339
,337
,341
,339
,342
,343
,352
,350
,348
,345
2026 05 20 19:18:14.335405,343
,336
,331
,335
,333
,337
,337
,346
,347
,351
,356
,359
,355
,346
2026 05 20 19:18:14.401100,349
,348
,349
,353
,353
,349
,349
,351
,351
,344
,352
,357
,356
,354
2026 05 20 19:18:14.463165,353
,353
,349
,357
,357
,355
,353
,358
,353
,354
,347
,346
,346
,347
2026 05 20 19:18:14.528740,350
,354
,352
,350
,352
,351
,350
,346
,349
,346
,347
,345
,343
,348
2026 05 20 19:18:14.589775,351
,346
,348
,345
,347
,347
,346
,343
,340
,340
,349
,350
,347
,347
2026 05 20 19:18:14.651064,350
,343
,347
,352
,352
,347
,349
,345
,347
,345
,343
,353
,350
,351
2026 05 20 19:18:14.716849,352
,355
,352
,354
,355
,353
,355
,352
,354
,357
,358
,352
,356
,352
2026 05 20 19:18:14.778148,351
,350
,352
,348
,348
,353
,355
,361
,354
,359
,352
,356
,356
,355
2026 05 20 19:18:14.843316,346
,351
,356
,351
,352
,350
,361
,348
,350
,356
,355
,352
,350
,351
2026 05 20 19:18:14.905940,352
,355
,356
,359
,353
,353
,348
,351
,348
,348
,348
,349
,347
,348
2026 05 20 19:18:14.966987,353
,346
,350
,344
,345
,350
,357
,350
,350
,347
,352
,357
,349
,349
2026 05 20 19:18:15.032363,351
,356
,349
,350
,350
,349
,348
,353
,354
,350
,347
,350
,353
,347
2026 05 20 19:18:15.093303,347
,350
,354
,347
,352
,355
,363
,356
,355
,356
,354
,355
,354
,354
2026 05 20 19:18:15.159333,347
,354
,355
,358
,352
,351
,355
,356
,354
,355
,356
,357
,360
,354
2026 05 20 19:18:15.220022,360
,357
,359
,355
,356
,360
,359
,360
,355
,354
,349
,350
,348
,352
2026 05 20 19:18:15.282253,355
,354
,356
,360
,358
,353
,359
,363
,365
,361
,363
,357
,363
,359
2026 05 20 19:18:15.347627,361
,360
,362
,361
,358
,365
,356
,354
,354
,355
,351
,354
,353
,350
2026 05 20 19:18:15.409439,348
,348
,354
,353
,355
,350
,351
,348
,354
,352
,356
,356
,361
,360
2026 05 20 19:18:15.470695,363
,357
,353
,357
,355
,362
,353
,357
,353
,354
,356
,354
,360
,357
2026 05 20 19:18:15.536187,362
,363
,366
,359
,359
,353
,359
,360
,360
,356
,355
,356
,352
,350
2026 05 20 19:18:15.597675,347
,347
,350
,355
,354
,357
,353
,354
,358
,359
,358
,356
,351
,352
2026 05 20 19:18:15.664787,357
,360
,362
,358
,362
,361
,358
,352
,353
,351
,354
,357
,361
,366
2026 05 20 19:18:15.723982,363
,366
,365
,364
,367
,363
,363
,360
,354
,348
,350
,348
,345
,342
2026 05 20 19:18:15.785706,345
,346
,346
,348
,346
,351
,344
,344
,347
,348
,348
,348
,347
,347
2026 05 20 19:18:15.851473,349
,343
,345
,339
,340
,338
,344
,343
,344
,338
,340
,347
,346
,344
2026 05 20 19:18:15.912964,344
,346
,348
,349
,348
,345
,342
,341
,343
,346
,342
,334
,342
,344
2026 05 20 19:18:15.977847,352
,350
,350
,345
,359
,359
,359
,354
,357
,357
,352
,347
,348
,352
2026 05 20 19:18:16.039918,351
,355
,353
,353
,356
,361
,359
,364
,360
,355
,359
,363
,368
,361
2026 05 20 19:18:16.101191,362
,358
,360
,357
,361
,357
,355
,356
,360
,358
,357
,361
,358
,356
2026 05 20 19:18:16.167207,352
,350
,343
,341
,340
,341
,339
,339
,344
,342
,346
,346
,350
,349
2026 05 20 19:18:16.227787,348
,349
,354
,352
,352
,350
,344
,346
,345
,348
,346
,348
,345
,345
2026 05 20 19:18:16.293254,348
,345
,348
,351
,356
,358
,359
,352
,359
,359
,357
,355
,356
,352
2026 05 20 19:18:16.354907,351
,346
,346
,351
,345
,349
,351
,350
,348
,349
,345
,348
,349
,350
2026 05 20 19:18:16.416036,356
,354
,353
,353
,356
,350
,349
,349
,350
,348
,351
,356
,358
,355
2026 05 20 19:18:16.482526,350
,353
,347
,351
,346
,350
,351
,357
,349
,347
,349
,343
,346
,348
2026 05 20 19:18:16.543817,352
,350
,350
,340
,346
,346
,345
,344
,345
,345
,347
,348
,345
,349
2026 05 20 19:18:16.609400,345
,351
,350
,352
,342
,345
,350
,353
,349
,348
,347
,344
,346
,346
2026 05 20 19:18:16.670321,353
,348
,350
,350
,354
,351
,348
,347
,347
,350
,353
,355
,352
,354
2026 05 20 19:18:16.732291,351
,351
,349
,350
,361
,360
,364
,358
,363
,358
,359
,350
,353
,348
2026 05 20 19:18:16.797720,344
,348
,348
,343
,341
,341
,342
,341
,346
,346
,343
,348
,346
,347
2026 05 20 19:18:16.858961,348
,347
,348
,349
,355
,351
,358
,351
,357
,353
,355
,348
,350
,350
2026 05 20 19:18:16.924624,348
,352
,348
,353
,353
,355
,355
,361
,353
,352
,359
,358
,355
,356
2026 05 20 19:18:16.985802,363
,355
,365
,354
,360
,357
,355
,350
,346
,342
,351
,354
,353
,356
2026 05 20 19:18:17.046851,359
,358
,354
,356
,356
,352
,350
,349
,349
,357
,355
,347
,350
,349
2026 05 20 19:18:17.112037,355
,352
,354
,346
,350
,351
,352
,352
,344
,350
,343
,347
,346
,347
2026 05 20 19:18:17.174592,345
,347
,348
,348
,348
,350
,354
,348
,352
,349
,355
,359
,355
,353
2026 05 20 19:18:17.239774,356
,350
,352
,354
,354
,359
,356
,357
,352
,361
,364
,361
,357
,357
2026 05 20 19:18:17.302349,356
,354
,357
,356
,359
,357
,357
,356
,358
,356
,358
,358
,357
,351
2026 05 20 19:18:17.362588,355
,362
,361
,361
,357
,357
,355
,354
,351
,361
,356
,353
,360
,362
2026 05 20 19:18:17.427294,357
,354
,359
,359
,362
,361
,355
,360
,360
,360
,361
,357
,355
,354
2026 05 20 19:18:17.489946,347
,351
,348
,352
,352
,354
,357
,354
,352
,355
,360
,354
,353
,351
2026 05 20 19:18:17.555427,358
,355
,356
,350
,349
,346
,353
,359
,356
,358
,357
,349
,343
,346
2026 05 20 19:18:17.616715,347
,353
,352
,357
,361
,356
,350
,344
,358
,355
,352
,348
,354
,358
2026 05 20 19:18:17.678214,361
,355
,357
,357
,356
,355
,352
,359
,350
,349
,348
,346
,349
,353
2026 05 20 19:18:17.743498,351
,353
,350
,346
,346
,346
,347
,346
,346
,344
,342
,339
,338
,339
2026 05 20 19:18:17.804472,335
,338
,339
,345
,342
,346
,345
,345
,345
,353
,352
,355
,349
,352
2026 05 20 19:18:17.870348,358
,355
,357
,353
,355
,352
,356
,358
,359
,363
,364
,365
,363
,363
2026 05 20 19:18:17.931965,362
,363
,361
,361
,358
,361
,356
,358
,360
,360
,359
,358
,360
,363
2026 05 20 19:18:17.993206,368
,359
,366
,364
,363
,359
,360
,355
,356
,360
,357
,354
,345
,351
2026 05 20 19:18:18.059208,345
,349
,342
,346
,345
,351
,349
,349
,346
,345
,350
,346
,349
,346
2026 05 20 19:18:18.120013,346
,338
,344
,344
,346
,345
,352
,352
,351
,354
,349
,353
,349
,350
2026 05 20 19:18:18.185932,350
,350
,345
,352
,349
,353
,353
,351
,354
,349
,347
,356
,355
,350
2026 05 20 19:18:18.248914,352
,354
,350
,349
,352
,357
,351
,351
,348
,346
,341
,343
,342
,341
2026 05 20 19:18:18.308871,337
,333
,335
,336
,344
,342
,343
,340
,341
,338
,343
,345
,346
,352
2026 05 20 19:18:18.375036,344
,346
,348
,347
,342
,345
,344
,339
,338
,339
,343
,342
,345
,342
2026 05 20 19:18:18.436145,347
,341
,338
,341
,340
,340
,341
,343
,346
,343
,342
,347
,346
,350
2026 05 20 19:18:18.501402,348
,354
,351
,356
,351
,355
,352
,358
,356
,354
,353
,351
,354
,350
2026 05 20 19:18:18.564138,358
,354
,355
,349
,357
,362
,358
,363
,364
,362
,360
,360
,358
,359
2026 05 20 19:18:18.624509,357
,359
,356
,359
,355
,355
,355
,352
,352
,354
,355
,350
,353
,356
2026 05 20 19:18:18.689786,356
,352
,356
,353
,352
,354
,352
,356
,351
,354
,353
,354
,356
,357
2026 05 20 19:18:18.751538,353
,353
,353
,347
,350
,348
,353
,348
,351
,351
,358
,357
,354
,353
2026 05 20 19:18:18.816894,352
,352
,345
,349
,356
,353
,349
,356
,356
,360
,356
,359
,355
,351
2026 05 20 19:18:18.878042,359
,360
,358
,356
,364
,358
,355
,354
,358
,357
,353
,352
,348
,350
2026 05 20 19:18:18.939083,352
,352
,353
,355
,355
,357
,350
,350
,349
,352
,354
,355
,358
,354
2026 05 20 19:18:19.005286,357
,353
,355
,348
,350
,351
,352
,349
,350
,355
,352
,354
,350
,357
2026 05 20 19:18:19.066895,352
,353
,350
,348
,355
,353
,352
,353
,350
,346
,354
,350
,351
,352
2026 05 20 19:18:19.133155,361
,355
,356
,352
,362
,362
,351
,354
,350
,348
,347
,352
,350
,352
2026 05 20 19:18:19.193201,352
,355
,357
,356
,362
,359
,360
,353
,352
,351
,356
,352
,353
,358
2026 05 20 19:18:19.255050,359
,359
,356
,354
,356
,359
,357
,358
,360
,358
,362
,355
,353
,352
2026 05 20 19:18:19.320828,360
,353
,352
,345
,352
,354
,352
,352
,353
,350
,354
,353
,353
,352
2026 05 20 19:18:19.383102,347
,351
,348
,352
,347
,350
,349
,349
,353
,352
,350
,351
,357
,354
2026 05 20 19:18:19.443969,356
,358
,353
,349
,351
,351
,356
,350
,349
,354
,352
,357
,355
,361
2026 05 20 19:18:19.508792,363
,365
,364
,366
,356
,363
,365
,365
,363
,368
,363
,358
,355
,352
2026 05 20 19:18:19.570045,349
,346
,349
,353
,354
,347
,355
,359
,353
,359
,358
,356
,356
,355
2026 05 20 19:18:19.635439,354
,351
,347
,344
,355
,351
,348
,348
,352
,355
,357
,352
,351
,345
2026 05 20 19:18:19.697651,346
,346
,344
,341
,341
,344
,340
,340
,342
,342
,338
,344
,339
,338
2026 05 20 19:18:19.758878,335
,338
,335
,336
,340
,340
,346
,345
,349
,348
,350
,345
,349
,356
2026 05 20 19:18:19.824598,354
,354
,358
,358
,352
,352
,350
,350
,347
,350
,352
,354
,352
,353
2026 05 20 19:18:19.885452,356
,355
,357
,355
,356
,353
,355
,355
,353
,359
,358
,357
,356
,357
2026 05 20 19:18:19.951620,358
,359
,355
,363
,363
,361
,356
,356
,361
,355
,355
,351
,353
,346
2026 05 20 19:18:20.012960,348
,347
,348
,344
,350
,353
,354
,351
,357
,363
,357
,359
,356
,358
2026 05 20 19:18:20.073799,354
,353
,360
,366
,365
,361
,356
,352
,352
,350
,351
,344
,347
,342
2026 05 20 19:18:20.139034,339
,340
,341
,342
,340
,342
,343
,345
,342
,340
,336
,329
,328
,329
2026 05 20 19:18:20.201473,326
,324
,325
,330
,334
,337
,336
,335
,336
,332
,340
,337
,340
,341
2026 05 20 19:18:20.266999,343
,343
,341
,343
,343
,345
,352
,357
,351
,358
,354
,360
,363
,362
2026 05 20 19:18:20.327488,363
,362
,365
,357
,360
,358
,357
,357
,356
,359
,353
,356
,359
,356
2026 05 20 19:18:20.389061,357
,358
,357
,361
,351
,351
,351
,349
,344
,345
,343
,342
,349
,339
2026 05 20 19:18:20.455568,343
,346
,348
,351
,359
,358
,358
,360
,356
,357
,353
,349
,349
,354
2026 05 20 19:18:20.516901,349
,345
,341
,340
,348
,350
,352
,354
,355
,351
,348
,350
,352
,343
2026 05 20 19:18:20.582907,351
,342
,341
,339
,341
,345
,343
,343
,346
,344
,348
,351
,347
,346
2026 05 20 19:18:20.643906,341
,342
,345
,343
,343
,338
,344
,349
,347
,340
,348
,346
,345
,345
2026 05 20 19:18:20.705127,343
,346
,345
,344
,345
,349
,344
,346
,343
,349
,351
,353
,349
,353
2026 05 20 19:18:20.770741,355
,350
,353
,349
,353
,353
,358
,353
,352
,348
,351
,355
,352
,354
2026 05 20 19:18:20.831556,360
,362
,354
,360
,355
,355
,354
,357
,356
,352
,356
,359
,356
,354
2026 05 20 19:18:20.897469,357
,354
,355
,351
,352
,353
,354
,358
,359
,364
,361
,359
,357
,359
2026 05 20 19:18:20.959288,355
,362
,359
,359
,361
,359
,356
,354
,358
,359
,361
,358
,361
,359
2026 05 20 19:18:21.019995,364
,361
,362
,361
,363
,357
,357
,362
,358
,354
,350
,348
,342
,345
2026 05 20 19:18:21.086369,343
,347
,348
,347
,350
,347
,351
,352
,360
,354
,356
,357
,361
,353
2026 05 20 19:18:21.147562,356
,354
,351
,350
,347
,352
,347
,342
,340
,348
,340
,347
,348
,350
2026 05 20 19:18:21.213209,350
,353
,351
,356
,355
,346
,345
,343
,346
,348
,349
,351
,347
,352
2026 05 20 19:18:21.274161,353
,351
,352
,345
,343
,348
,342
,346
,343
,345
,340
,340
,337
,341
2026 05 20 19:18:21.335981,339
,342
,350
,339
,341
,342
,347
,346
,338
,340
,343
,349
,350
,347
2026 05 20 19:18:21.401264,345
,346
,346
,347
,344
,352
,350
,355
,356
,353
,357
,353
,351
,349
2026 05 20 19:18:21.462393,353
,353
,350
,348
,353
,355
,352
,355
,347
,355
,349
,352
,352
,352
2026 05 20 19:18:21.527795,351
,351
,352
,350
,348
,351
,359
,358
,361
,355
,352
,352
,356
,355
2026 05 20 19:18:21.589874,358
,356
,362
,361
,359
,356
,354
,356
,350
,356
,357
,358
,356
,353
2026 05 20 19:18:21.650519,357
,355
,354
,349
,348
,348
,353
,351
,348
,356
,357
,353
,356
,354
2026 05 20 19:18:21.716578,353
,350
,348
,348
,345
,345
,345
,349
,346
,343
,341
,347
,343
,343
2026 05 20 19:18:21.777945,345
,342
,346
,343
,349
,344
,352
,357
,360
,354
,355
,348
,349
,356
2026 05 20 19:18:21.843990,353
,357
,353
,354
,355
,361
,355
,356
,350
,350
,358
,349
,347
,344
2026 05 20 19:18:21.904914,341
,339
,340
,339
,340
,344
,351
,347
,348
,347
,349
,345
,346
,343
2026 05 20 19:18:21.966806,340
,342
,344
,345
,348
,346
,345
,345
,343
,342
,341
,340
,346
,344
2026 05 20 19:18:22.032205,348
,351
,347
,349
,354
,350
,347
,347
,346
,347
,339
,346
,343
,345
2026 05 20 19:18:22.093985,340
,340
,340
,339
,338
,337
,343
,337
,344
,350
,352
,347
,352
,354
2026 05 20 19:18:22.159097,354
,349
,348
,349
,345
,350
,351
,353
,350
,353
,352
,350
,348
,344
2026 05 20 19:18:22.220574,344
,346
,346
,349
,354
,352
,350
,349
,351
,351
,351
,354
,355
,358
2026 05 20 19:18:22.281283,358
,363
,358
,362
,351
,353
,349
,349
,348
,353
,353
,355
,358
,361
2026 05 20 19:18:22.346365,366
,360
,360
,354
,349
,352
,345
,345
,350
,351
,354
,356
,351
,352
2026 05 20 19:18:22.409144,354
,359
,359
,364
,355
,355
,351
,346
,343
,342
,341
,337
,340
,347
2026 05 20 19:18:22.473931,351
,342
,348
,354
,358
,362
,362
,359
,354
,360
,360
,358
,356
,363
2026 05 20 19:18:22.536138,355
,356
,356
,355
,363
,360
,363
,364
,370
,371
,371
,367
,369
,362
2026 05 20 19:18:22.596968,362
,365
,360
,358
,350
,352
,351
,358
,359
,360
,359
,368
,368
,367
2026 05 20 19:18:22.662978,373
,371
,371
,363
,364
,359
,357
,349
,351
,349
,348
,347
,348
,355
2026 05 20 19:18:22.724632,352
,358
,363
,362
,358
,363
,359
,369
,363
,363
,355
,347
,338
,329
2026 05 20 19:18:22.789779,332
,332
,335
,334
,336
,341
,344
,345
,350
,349
,348
,354
,355
,349
2026 05 20 19:18:22.851484,346
,345
,342
,343
,340
,338
,341
,344
,344
,341
,343
,344
,346
,344
2026 05 20 19:18:22.912786,351
,352
,354
,352
,357
,352
,355
,353
,356
,356
,352
,355
,353
,353
2026 05 20 19:18:22.978263,347
,349
,351
,350
,350
,343
,347
,347
,344
,348
,353
,349
,346
,344
2026 05 20 19:18:23.039785,352
,347
,346
,350
,353
,346
,349
,351
,348
,352
,346
,346
,344
,352
2026 05 20 19:18:23.105223,354
,348
,343
,340
,350
,344
,345
,345
,349
,351
,352
,353
,355
,353
2026 05 20 19:18:23.166870,353
,362
,362
,359
,354
,358
,354
,353
,355
,352
,347
,348
,354
,356
2026 05 20 19:18:23.227421,359
,359
,366
,362
,360
,353
,350
,342
,342
,343
,342
,343
,344
,350
2026 05 20 19:18:23.293245,351
,354
,353
,356
,352
,353
,351
,351
,350
,348
,352
,352
,355
,348
2026 05 20 19:18:23.355242,352
,349
,349
,353
,354
,348
,349
,348
,353
,352
,352
,358
,357
,356
2026 05 20 19:18:23.420362,353
,358
,350
,352
,352
,352
,360
,361
,362
,360
,362
,367
,371
,359
2026 05 20 19:18:23.482206,361
,360
,362
,365
,359
,360
,356
,357
,357
,358
,354
,356
,353
,350
2026 05 20 19:18:23.543691,346
,348
,349
,350
,357
,357
,360
,364
,367
,368
,367
,362
,366
,364
2026 05 20 19:18:23.609102,362
,360
,362
,365
,367
,368
,363
,360
,354
,362
,364
,365
,360
,366
2026 05 20 19:18:23.670417,370
,365
,367
,370
,366
,367
,370
,363
,363
,358
,359
,363
,357
,354
2026 05 20 19:18:23.731290,355
,355
,354
,362
,351
,353
,353
,353
,349
,348
,350
,348
,355
,355
2026 05 20 19:18:23.797263,356
,356
,356
,355
,361
,361
,358
,355
,358
,361
,356
,359
,354
,359
2026 05 20 19:18:23.859044,355
,357
,353
,353
,355
,353
,348
,351
,352
,354
,358
,362
,365
,359
2026 05 20 19:18:23.923936,361
,364
,359
,359
,361
,357
,356
,358
,358
,363
,357
,359
,356
,361
2026 05 20 19:18:23.986160,361
,360
,363
,360
,363
,358
,355
,353
,355
,355
,357
,358
,358
,362
2026 05 20 19:18:24.047428,366
,365
,365
,358
,352
,360
,359
,361
,354
,359
,360
,357
,352
,351
2026 05 20 19:18:24.113137,354
,356
,360
,360
,363
,359
,360
,357
,362
,360
,356
,360
,360
,362
2026 05 20 19:18:24.173830,365
,361
,359
,364
,364
,366
,364
,367
,366
,367
,363
,361
,361
,365
2026 05 20 19:18:24.239844,365
,359
,360
,351
,360
,359
,360
,362
,367
,363
,363
,367
,360
,366
2026 05 20 19:18:24.301382,361
,358
,355
,362
,352
,349
,349
,346
,341
,346
,350
,345
,354
,348
2026 05 20 19:18:24.362985,356
,360
,362
,357
,366
,362
,362
,363
,359
,358
,348
,342
,337
,337
2026 05 20 19:18:24.428913,327
,336
,337
,332
,333
,332
,337
,341
,346
,350
,353
,359
,359
,359
2026 05 20 19:18:24.489051,360
,361
,360
,356
,351
,348
,347
,344
,342
,345
,344
,347
,349
,347
2026 05 20 19:18:24.554880,345
,343
,345
,339
,343
,340
,345
,346
,346
,346
,344
,342
,344
,342
2026 05 20 19:18:24.616838,343
,346
,349
,349
,347
,347
,343
,352
,353
,350
,352
,347
,344
,349
2026 05 20 19:18:24.677988,352
,353
,355
,350
,352
,351
,353
,349
,352
,348
,347
,348
,343
,340
2026 05 20 19:18:24.743754,340
,342
,341
,342
,341
,354
,348
,351
,352
,351
,352
,355
,351
,346
2026 05 20 19:18:24.804911,344
,339
,343
,344
,347
,349
,345
,349
,344
,347
,351
,352
,346
,346
2026 05 20 19:18:24.871279,347
,345
,342
,347
,352
,350
,345
,340
,341
,338
,339
,336
,344
,339
2026 05 20 19:18:24.932651,343
,339
,338
,339
,339
,337
,333
,329
,331
,332
,334
,336
,333
,332
2026 05 20 19:18:24.993867,342
,340
,341
,341
,340
,337
,342
,342
,338
,339
,337
,337
,344
,344
2026 05 20 19:18:25.059056,344
,346
,347
,353
,350
,351
,348
,347
,346
,354
,354
,352
,345
,350
2026 05 20 19:18:25.120562,353
,346
,353
,351
,354
,354
,357
,353
,358
,365
,362
,365
,360
,355
2026 05 20 19:18:25.186014,357
,349
,348
,349
,350
,349
,345
,349
,353
,354
,349
,356
,359
,355
2026 05 20 19:18:25.247512,361
,352
,351
,349
,354
,354
,352
,347
,343
,348
,348
,345
,338
,341
2026 05 20 19:18:25.308877,343
,347
,342
,346
,346
,348
,350
,352
,350
,348
,350
,347
,351
,352
2026 05 20 19:18:25.374812,355
,350
,347
,345
,341
,340
,343
,342
,340
,342
,340
,340
,337
,347
2026 05 20 19:18:25.435233,349
,349
,352
,357
,362
,364
,365
,362
,362
,357
,354
,348
,347
,350
2026 05 20 19:18:25.501370,355
,355
,358
,356
,358
,358
,359
,359
,358
,355
,351
,362
,362
,365
2026 05 20 19:18:25.563052,363
,363
,359
,353
,350
,356
,358
,347
,355
,357
,364
,359
,357
,362
2026 05 20 19:18:25.623677,356
,356
,354
,361
,359
,361
,360
,364
,356
,354
,353
,355
,346
,347
2026 05 20 19:18:25.690154,347
,344
,342
,343
,345
,341
,351
,356
,353
,354
,354
,349
,347
,354
2026 05 20 19:18:25.751175,355
,355
,348
,351
,351
,352
,349
,349
,351
,357
,358
,363
,370
,368
2026 05 20 19:18:25.816348,366
,362
,361
,357
,351
,349
,349
,351
,345
,342
,345
,346
,347
,354
2026 05 20 19:18:25.878066,353
,360
,361
,360
,359
,359
,360
,357
,361
,358
,359
,362
,358
,356
2026 05 20 19:18:25.939519,354
,352
,354
,351
,349
,352
,346
,351
,351
,355
,350
,355
,351
,353
2026 05 20 19:18:26.005260,351
,351
,351
,351
,350
,343
,342
,354
,358
,356
,365
,359
,356
,354
2026 05 20 19:18:26.066739,357
,359
,358
,359
,359
,362
,353
,359
,357
,352
,349
,351
,352
,342
2026 05 20 19:18:26.132120,339
,345
,351
,345
,343
,337
,333
,332
,338
,345
,351
,351
,351
,352
2026 05 20 19:18:26.193484,346
,345
,349
,352
,352
,357
,355
,353
,352
,347
,347
,342
,337
,346
2026 05 20 19:18:26.255129,352
,350
,351
,348
,351
,349
,355
,358
,357
,359
,357
,361
,359
,361
2026 05 20 19:18:26.320491,358
,354
,347
,348
,351
,351
,349
,350
,350
,347
,353
,350
,348
,347
2026 05 20 19:18:26.381886,357
,352
,354
,353
,350
,353
,353
,351
,351
,352
,355
,355
,356
,361
2026 05 20 19:18:26.446783,351
,351
,357
,357
,358
,354
,356
,354
,358
,352
,355
,356
,358
,361
2026 05 20 19:18:26.508999,363
,366
,366
,367
,364
,367
,361
,359
,353
,361
,357
,356
,352
,358
2026 05 20 19:18:26.570426,360
,361
,362
,356
,359
,358
,356
,351
,351
,342
,346
,350
,350
,347
2026 05 20 19:18:26.636173,347
,349
,342
,345
,347
,346
,346
,350
,347
,349
,352
,344
,346
,346
2026 05 20 19:18:26.697163,352
,352
,357
,347
,348
,352
,354
,350
,348
,349
,343
,346
,346
,349
2026 05 20 19:18:26.762973,346
,350
,352
,352
,349
,350
,348
,345
,351
,352
,356
,355
,350
,349
2026 05 20 19:18:26.824409,353
,349
,348
,349
,347
,348
,354
,355
,359
,366
,364
,362
,359
,361
2026 05 20 19:18:26.885908,361
,352
,345
,345
,344
,340
,344
,345
,350
,350
,353
,355
,354
,355
2026 05 20 19:18:26.950425,359
,360
,356
,359
,357
,362
,356
,356
,357
,352
,348
,348
,345
,339
2026 05 20 19:18:27.012153,344
,349
,347
,354
,355
,345
,347
,343
,347
,347
,346
,338
,343
,349
2026 05 20 19:18:27.078212,349
,347
,346
,348
,345
,342
,346
,346
,345
,346
,353
,356
,349
,348
2026 05 20 19:18:27.139747,350
,350
,354
,354
,354
,351
,347
,343
,347
,343
,349
,346
,348
,352
2026 05 20 19:18:27.200600,353
,354
,353
,353
,352
,349
,349
,353
,351
,348
,348
,343
,347
,345
2026 05 20 19:18:27.266130,347
,350
,353
,352
,355
,355
,355
,356
,351
,352
,356
,360
,356
,357
2026 05 20 19:18:27.328069,354
,358
,353
,351
,355
,349
,346
,347
,348
,348
,349
,350
,352
,350
2026 05 20 19:18:27.393647,354
,349
,350
,350
,348
,346
,349
,357
,350
,356
,356
,354
,353
,360
2026 05 20 19:18:27.454538,360
,361
,364
,355
,357
,348
,352
,354
,354
,355
,355
,353
,352
,353
2026 05 20 19:18:27.516580,355
,359
,351
,351
,352
,354
,348
,350
,351
,355
,353
,360
,361
,364
2026 05 20 19:18:27.581455,363
,360
,363
,356
,361
,360
,360
,354
,355
,358
,354
,354
,351
,354
2026 05 20 19:18:27.643572,352
,353
,349
,358
,359
,359
,360
,363
,359
,355
,359
,354
,355
,356
2026 05 20 19:18:27.704863,352
,352
,356
,356
,356
,352
,350
,350
,350
,352
,348
,348
,347
,344
2026 05 20 19:18:27.770468,343
,342
,342
,346
,351
,351
,355
,354
,348
,350
,356
,351
,351
,351
2026 05 20 19:18:27.831905,355
,350
,353
,353
,351
,358
,357
,355
,358
,360
,361
,357
,359
,359
2026 05 20 19:18:27.897183,353
,348
,351
,352
,348
,346
,351
,351
,355
,348
,348
,346
,350
,348
2026 05 20 19:18:27.959021,354
,352
,347
,353
,341
,350
,349
,358
,365
,362
,367
,371
,369
,371
2026 05 20 19:18:28.019457,370
,358
,360
,356
,364
,354
,356
,348
,348
,346
,349
,351
,348
,351
2026 05 20 19:18:28.085221,351
,359
,357
,365
,366
,361
,360
,363
,365
,358
,355
,353
,356
,350
2026 05 20 19:18:28.146510,355
,349
,346
,336
,339
,343
,347
,347
,350
,352
,352
,353
,356
,357
2026 05 20 19:18:28.212904,355
,357
,356
,353
,349
,352
,356
,352
,349
,345
,347
,351
,354
,355
2026 05 20 19:18:28.274473,353
,347
,349
,355
,354
,351
,354
,356
,356
,353
,353
,361
,366
,365
2026 05 20 19:18:28.335806,370
,366
,365
,366
,366
,366
,365
,364
,363
,358
,358
,354
,353
,352
2026 05 20 19:18:28.401281,348
,349
,348
,340
,337
,339
,325
,328
,327
,333
,334
,335
,337
,343
2026 05 20 19:18:28.463222,340
,341
,341
,337
,338
,337
,342
,341
,340
,336
,341
,337
,341
,348
2026 05 20 19:18:28.528227,345
,346
,348
,351
,345
,348
,349
,350
,346
,350
,347
,347
,348
,349
2026 05 20 19:18:28.589607,354
,348
,357
,353
,354
,350
,355
,353
,353
,348
,348
,349
,345
,348
2026 05 20 19:18:28.650881,347
,351
,351
,349
,349
,353
,353
,355
,357
,354
,353
,352
,355
,353
2026 05 20 19:18:28.716934,355
,350
,350
,349
,351
,352
,347
,349
,348
,347
,345
,346
,343
,350
2026 05 20 19:18:28.777609,345
,349
,350
,343
,345
,341
,348
,343
,344
,348
,349
,344
,346
,341
2026 05 20 19:18:28.843053,342
,340
,342
,350
,350
,348
,349
,351
,352
,353
,349
,343
,345
,348
2026 05 20 19:18:28.905359,349
,349
,349
,348
,351
,353
,358
,351
,350
,349
,346
,349
,346
,341
2026 05 20 19:18:28.965281,342
,349
,347
,351
,349
,352
,354
,352
,350
,351
,353
,354
,353
,351
2026 05 20 19:18:29.031390,349
,344
,346
,344
,345
,341
,345
,346
,348
,349
,350
,349
,343
,348
2026 05 20 19:18:29.092880,344
,345
,344
,347
,345
,353
,353
,352
,346
,346
,353
,351
,353
,348
2026 05 20 19:18:29.159110,356
,354
,359
,364
,364
,362
,363
,366
,358
,361
,352
,349
,347
,348
2026 05 20 19:18:29.219203,347
,349
,353
,356
,360
,359
,363
,361
,355
,354
,354
,354
,351
,347
2026 05 20 19:18:29.281893,347
,347
,344
,347
,345
,348
,342
,347
,345
,346
,342
,349
,349
,348
2026 05 20 19:18:29.347280,355
,356
,356
,357
,358
,355
,356
,343
,347
,346
,344
,339
,341
,343
2026 05 20 19:18:29.408909,346
,353
,352
,355
,358
,367
,361
,364
,364
,362
,355
,353
,352
,348
2026 05 20 19:18:29.474279,351
,349
,359
,353
,352
,351
,350
,358
,361
,363
,359
,354
,356
,352
2026 05 20 19:18:29.535187,346
,345
,343
,343
,338
,339
,341
,348
,343
,345
,347
,352
,354
,352
2026 05 20 19:18:29.597366,358
,352
,350
,351
,348
,344
,340
,334
,336
,333
,334
,342
,345
,346
2026 05 20 19:18:29.662767,347
,352
,349
,352
,348
,352
,355
,354
,353
,345
,350
,345
,347
,346
2026 05 20 19:18:29.723518,342
,342
,347
,348
,345
,346
,349
,353
,352
,358
,362
,361
,358
,355
2026 05 20 19:18:29.789247,358
,354
,340
,345
,350
,348
,351
,354
,352
,352
,352
,351
,353
,354
2026 05 20 19:18:29.851005,350
,351
,354
,351
,348
,356
,355
,363
,366
,365
,365
,362
,362
,359
2026 05 20 19:18:29.912156,364
,366
,362
,359
,361
,360
,356
,355
,350
,354
,351
,348
,348
,353
2026 05 20 19:18:29.978049,350
,359
,363
,363
,357
,361
,357
,355
,354
,359
,362
,360
,359
,360
2026 05 20 19:18:30.039729,356
,356
,356
,352
,352
,357
,347
,347
,347
,343
,346
,350
,347
,354
2026 05 20 19:18:30.105128,352
,355
,348
,347
,353
,348
,346
,350
,349
,345
,340
,338
,340
,334
2026 05 20 19:18:30.165824,342
,342
,349
,346
,350
,351
,352
,351
,347
,347
,346
,348
,346
,347
2026 05 20 19:18:30.227958,346
,356
,354
,354
,351
,353
,354
,347
,353
,353
,355
,350
,350
,351
2026 05 20 19:18:30.293518,353
,354
,353
,354
,352
,353
,354
,351
,348
,354
,349
,351
,351
,355
2026 05 20 19:18:30.354873,355
,354
,350
,350
,355
,350
,348
,352
,349
,342
,347
,351
,350
,354
2026 05 20 19:18:30.420355,353
,352
,349
,353
,353
,350
,345
,345
,351
,350
,347
,346
,352
,349
2026 05 20 19:18:30.482054,349
,351
,352
,350
,352
,345
,342
,338
,350
,351
,351
,351
,349
,349
2026 05 20 19:18:30.543300,347
,347
,344
,347
,344
,346
,342
,340
,340
,336
,340
,341
,346
,344
2026 05 20 19:18:30.608973,344
,349
,351
,350
,351
,354
,350
,352
,352
,356
,351
,352
,345
,347
2026 05 20 19:18:30.670415,341
,345
,347
,351
,363
,368
,370
,366
,364
,362
,365
,360
,360
,361
2026 05 20 19:18:30.735604,361
,363
,364
,357
,356
,357
,350
,353
,346
,347
,344
,346
,348
,346
2026 05 20 19:18:30.797398,344
,347
,338
,341
,344
,345
,345
,342
,350
,352
,348
,342
,345
,346
2026 05 20 19:18:30.857449,346
,349
,346
,350
,349
,353
,349
,353
,351
,357
,359
,357
,352
,352
2026 05 20 19:18:30.923996,356
,353
,351
,350
,355
,353
,356
,353
,353
,348
,349
,353
,352
,357
2026 05 20 19:18:30.985576,355
,360
,362
,358
,356
,359
,358
,359
,362
,355
,354
,350
,353
,352
2026 05 20 19:18:31.050446,359
,361
,362
,366
,364
,366
,369
,366
,357
,357
,359
,365
,361
,367
2026 05 20 19:18:31.112915,360
,366
,366
,362
,360
,357
,362
,363
,360
,354
,358
,351
,354
,358
2026 05 20 19:18:31.173544,362
,362
,364
,366
,366
,367
,367
,367
,364
,357
,351
,355
,354
,357
2026 05 20 19:18:31.239751,358
,356
,355
,354
,356
,350
,352
,352
,349
,348
,355
,356
,352
,344
2026 05 20 19:18:31.300724,345
,351
,350
,350
,344
,344
,340
,343
,341
,340
,335
,339
,342
,340
2026 05 20 19:18:31.366021,345
,344
,344
,344
,339
,342
,341
,342
,339
,342
,340
,339
,337
,347
2026 05 20 19:18:31.428077,348
,350
,352
,356
,351
,353
,355
,348
,348
,346
,354
,348
,355
,351
2026 05 20 19:18:31.489446,354
,356
,356
,357
,358
,355
,358
,356
,355
,346
,339
,345
,342
,348
2026 05 20 19:18:31.555058,355
,355
,357
,354
,355
,357
,354
,347
,347
,346
,345
,346
,349
,345
2026 05 20 19:18:31.616615,346
,345
,342
,342
,341
,348
,349
,352
,357
,352
,359
,361
,360
,364
2026 05 20 19:18:31.678898,362
,364
,365
,364
,362
,358
,354
,355
,353
,356
,357
,353
,355
,354
2026 05 20 19:18:31.743187,355
,350
,350
,354
,353
,356
,356
,356
,345
,350
,349
,345
,343
,341
2026 05 20 19:18:31.804643,344
,343
,348
,350
,345
,344
,354
,352
,349
,345
,350
,350
,351
,354
2026 05 20 19:18:31.870271,355
,357
,355
,357
,356
,363
,361
,358
,354
,352
,357
,357
,359
,355
2026 05 20 19:18:31.932274,358
,355
,360
,356
,354
,349
,347
,350
,349
,355
,359
,362
,359
,358
2026 05 20 19:18:31.992800,361
,357
,354
,353
,351
,359
,361
,360
,357
,359
,358
,350
,350
,349
2026 05 20 19:18:32.058950,350
,346
,345
,350
,351
,350
,353
,356
,362
,362
,356
,354
,353
,352
2026 05 20 19:18:32.120151,358
,349
,348
,354
,360
,354
,355
,354
,359
,354
,359
,360
,363
,358
2026 05 20 19:18:32.186085,356
,359
,355
,352
,350
,358
,357
,359
,357
,357
,352
,360
,360
,355
2026 05 20 19:18:32.247145,351
,346
,348
,346
,345
,341
,345
,341
,343
,347
,351
,351
,352
,353
2026 05 20 19:18:32.308972,352
,357
,351
,349
,348
,349
,346
,351
,350
,352
,352
,359
,360
,352
2026 05 20 19:18:32.373916,351
,352
,356
,356
,350
,348
,352
,350
,348
,350
,351
,351
,352
,347
2026 05 20 19:18:32.434969,349
,347
,347
,351
,345
,349
,347
,348
,351
,346
,348
,350
,354
,356
2026 05 20 19:18:32.501301,360
,361
,360
,360
,358
,352
,354
,354
,348
,345
,346
,349
,348
,349
2026 05 20 19:18:32.562398,347
,355
,359
,359
,355
,355
,359
,353
,352
,351
,349
,347
,352
,353
2026 05 20 19:18:32.623411,353
,348
,348
,348
,350
,348
,349
,353
,345
,352
,353
,349
,347
,348
2026 05 20 19:18:32.689782,356
,354
,352
,348
,359
,357
,356
,353
,353
,356
,354
,349
,352
,348
2026 05 20 19:18:32.751103,348
,348
,347
,350
,345
,346
,347
,349
,350
,350
,350
,351
,351
,351
2026 05 20 19:18:32.817043,351
,344
,343
,338
,341
,345
,344
,347
,350
,350
,355
,350
,351
,356
2026 05 20 19:18:32.877370,354
,357
,350
,352
,346
,347
,346
,348
,355
,357
,355
,355
,350
,354
2026 05 20 19:18:32.939188,357
,358
,360
,359
,362
,364
,360
,356
,352
,352
,348
,346
,348
,348
2026 05 20 19:18:33.004606,350
,348
,349
,348
,357
,351
,354
,352
,356
,359
,361
,357
,358
,357
2026 05 20 19:18:33.066191,360
,356
,353
,352
,352
,357
,359
,360
,359
,360
,353
,355
,356
,354
2026 05 20 19:18:33.132054,354
,347
,349
,352
,352
,345
,350
,346
,346
,336
,335
,333
,333
,338
2026 05 20 19:18:33.193386,337
,338
,335
,346
,345
,347
,345
,351
,354
,352
,355
,351
,350
,348
2026 05 20 19:18:33.254640,347
,345
,346
,343
,351
,343
,341
,342
,352
,344
,343
,342
,343
,345
2026 05 20 19:18:33.320384,345
,352
,347
,351
,355
,355
,347
,352
,353
,348
,347
,352
,356
,356
2026 05 20 19:18:33.381317,358
,355
,356
,353
,353
,353
,350
,353
,356
,355
,361
,364
,364
,369
2026 05 20 19:18:33.446935,368
,365
,370
,368
,365
,359
,357
,352
,348
,347
,351
,352
,354
,348
2026 05 20 19:18:33.508867,347
,349
,347
,345
,346
,347
,349
,357
,356
,360
,359
,363
,352
,353
2026 05 20 19:18:33.570287,353
,356
,355
,351
,351
,344
,345
,339
,338
,333
,340
,344
,344
,345
2026 05 20 19:18:33.635717,349
,348
,352
,354
,357
,361
,360
,363
,359
,356
,353
,351
,349
,354
2026 05 20 19:18:33.696863,357
,345
,347
,346
,352
,350
,348
,349
,354
,355
,357
,361
,353
,351
2026 05 20 19:18:33.764339,350
,355
,355
,351
,346
,351
,344
,347
,351
,347
,352
,351
,347
,347
2026 05 20 19:18:33.824317,349
,349
,352
,354
,350
,349
,354
,354
,351
,349
,347
,343
,339
,346
2026 05 20 19:18:33.885646,348
,352
,345
,351
,355
,356
,356
,352
,357
,353
,358
,354
,355
,355
2026 05 20 19:18:33.951091,360
,358
,354
,354
,352
,358
,350
,351
,346
,350
,348
,354
,355
,348
2026 05 20 19:18:34.013448,352
,353
,356
,352
,351
,345
,347
,345
,349
,352
,351
,350
,352
,352
2026 05 20 19:18:34.079176,351
,354
,355
,355
,352
,353
,348
,348
,345
,348
,348
,347
,346
,345
2026 05 20 19:18:34.139337,346
,345
,344
,344
,351
,347
,348
,353
,352
,357
,356
,355
,352
,357
2026 05 20 19:18:34.200283,348
,351
,351
,352
,345
,348
,349
,349
,351
,347
,349
,344
,343
,343
2026 05 20 19:18:34.266067,346
,341
,341
,341
,342
,346
,352
,353
,346
,353
,352
,357
,355
,357
2026 05 20 19:18:34.329273,355
,359
,359
,362
,361
,362
,361
,363
,360
,363
,363
,360
,364
,358
2026 05 20 19:18:34.397801,359
,356
,360
,362
,355
,362
,363
,365
,357
,357
,355
,353
,357
,355
2026 05 20 19:18:34.455047,357
,358
,356
,351
,356
,355
,354
,354
,353
,358
,355
,353
,357
,356
2026 05 20 19:18:34.516123,365
,361
,363
,357
,351
,352
,357
,352
,353
,356
,353
,356
,358
,361
2026 05 20 19:18:34.581881,362
,358
,357
,355
,353
,353
,356
,347
,356
,357
,355
,351
,351
,356
2026 05 20 19:18:34.645673,351
,351
,346
,348
,345
,348
,348
,354
,355
,350
,349
,347
,349
,343
2026 05 20 19:18:34.707725,344
,344
,351
,351
,346
,345
,351
,351
,356
,353
,355
,355
,353
,357
2026 05 20 19:18:34.770015,352
,354
,347
,352
,351
,353
,348
,347
,349
,351
,351
,352
,354
,353
2026 05 20 19:18:34.831312,358
,363
,365
,363
,358
,361
,350
,350
,351
,352
,350
,355
,353
,355
2026 05 20 19:18:34.897270,354
,354
,348
,350
,349
,344
,346
,349
,353
,345
,345
,340
,340
,350
2026 05 20 19:18:34.959368,346
,352
,349
,353
,354
,357
,355
,355
,352
,349
,345
,342
,340
,339
2026 05 20 19:18:35.024201,348
,349
,347
,349
,347
,346
,342
,347
,345
,341
,345
,346
,348
,346
2026 05 20 19:18:35.086189,350
,350
,349
,353
,350
,350
,343
,350
,352
,352
,348
,348
,352
,353
2026 05 20 19:18:35.147083,357
,357
,355
,348
,351
,354
,345
,345
,344
,344
,346
,352
,347
,354
2026 05 20 19:18:35.212604,348
,357
,356
,361
,365
,356
,360
,359
,359
,354
,356
,353
,355
,354
2026 05 20 19:18:35.274215,356
,349
,353
,356
,352
,353
,360
,364
,361
,364
,359
,360
,355
,358
2026 05 20 19:18:35.334766,354
,355
,352
,353
,357
,356
,362
,361
,361
,359
,361
,361
,360
,356
2026 05 20 19:18:35.400965,364
,365
,362
,366
,358
,367
,356
,353
,349
,352
,351
,353
,350
,353
2026 05 20 19:18:35.462022,350
,350
,355
,353
,354
,357
,364
,356
,361
,359
,359
,357
,349
,353
2026 05 20 19:18:35.527996,356
,358
,349
,355
,354
,360
,356
,355
,360
,360
,364
,367
,367
,362
2026 05 20 19:18:35.589674,363
,357
,357
,356
,353
,347
,351
,356
,358
,362
,360
,361
,360
,366
2026 05 20 19:18:35.650755,362
,360
,355
,359
,351
,348
,342
,338
,338
,341
,345
,343
,344
,338
2026 05 20 19:18:35.716503,342
,345
,344
,341
,338
,339
,334
,340
,336
,337
,334
,341
,337
,341
2026 05 20 19:18:35.780185,337
,349
,347
,348
,342
,341
,351
,347
,349
,352
,350
,346
,349
,352
2026 05 20 19:18:35.845801,354
,353
,353
,357
,352
,356
,352
,352
,349
,350
,349
,349
,352
,354
2026 05 20 19:18:35.905017,356
,356
,352
,346
,350
,349
,350
,349
,352
,351
,356
,355
,355
,358
2026 05 20 19:18:35.966217,350
,350
,351
,352
,352
,351
,351
,353
,353
,353
,350
,346
,352
,355
2026 05 20 19:18:36.031150,358
,350
,356
,352
,354
,356
,359
,354
,360
,363
,360
,359
,352
,348
2026 05 20 19:18:36.095824,341
,341
,343
,343
,341
,343
,353
,348
,349
,344
,351
,354
,354
,350
2026 05 20 19:18:36.161883,357
,347
,351
,349
,346
,345
,344
,349
,348
,351
,346
,343
,344
,351
2026 05 20 19:18:36.220243,350
,353
,354
,351
,361
,357
,355
,348
,349
,346
,355
,355
,356
,358
2026 05 20 19:18:36.281267,355
,358
,353
,353
,350
,351
,341
,346
,349
,352
,354
,357
,354
,353
2026 05 20 19:18:36.346901,352
,355
,357
,353
,354
,354
,360
,357
,363
,362
,364
,361
,355
,358
2026 05 20 19:18:36.407460,353
,350
,350
,352
,352
,356
,354
,359
,360
,352
,353
,358
,359
,356
2026 05 20 19:18:36.474204,359
,355
,361
,362
,359
,355
,355
,351
,349
,347
,346
,345
,341
,349
2026 05 20 19:18:36.534466,353
,349
,354
,359
,359
,357
,353
,351
,349
,345
,342
,341
,342
,339
2026 05 20 19:18:36.596551,345
,349
,348
,346
,350
,348
,347
,345
,344
,345
,347
,345
,341
,343
2026 05 20 19:18:36.664003,340
,343
,346
,349
,342
,338
,345
,345
,346
,348
,352
,354
,359
,361
2026 05 20 19:18:36.723452,356
,352
,352
,350
,347
,349
,347
,344
,348
,349
,349
,354
,352
,349
2026 05 20 19:18:36.789671,352
,351
,350
,348
,350
,349
,356
,350
,349
,342
,347
,350
,351
,348
2026 05 20 19:18:36.850955,350
,353
,352
,353
,354
,356
,351
,356
,362
,362
,357
,354
,350
,344
2026 05 20 19:18:36.914337,346
,342
,346
,345
,353
,347
,353
,344
,345
,343
,342
,339
,342
,344
2026 05 20 19:18:36.977802,340
,340
,342
,342
,349
,346
,345
,341
,340
,339
,341
,348
,352
,351
2026 05 20 19:18:37.039167,348
,343
,341
,343
,343
,345
,349
,351
,349
,351
,351
,349
,348
,355
2026 05 20 19:18:37.105185,348
,350
,348
,350
,348
,350
,354
,353
,360
,356
,355
,352
,355
,351
2026 05 20 19:18:37.166578,351
,349
,351
,348
,347
,355
,355
,359
,357
,360
,358
,356
,356
,359
2026 05 20 19:18:37.229313,349
,348
,352
,357
,361
,356
,358
,357
,357
,353
,357
,355
,359
,354
2026 05 20 19:18:37.293381,350
,349
,347
,349
,352
,360
,355
,354
,349
,352
,349
,351
,352
,347
2026 05 20 19:18:37.354780,351
,358
,364
,358
,361
,359
,352
,353
,353
,349
,351
,356
,363
,365
2026 05 20 19:18:37.419883,363
,365
,360
,360
,356
,361
,355
,350
,351
,346
,344
,345
,351
,350
2026 05 20 19:18:37.481393,352
,348
,354
,359
,354
,346
,345
,349
,340
,349
,354
,352
,351
,356
2026 05 20 19:18:37.543281,355
,357
,351
,349
,353
,350
,353
,350
,351
,349
,344
,341
,346
,343
2026 05 20 19:18:37.608748,351
,350
,348
,353
,355
,352
,351
,349
,347
,351
,344
,344
,346
,341
2026 05 20 19:18:37.669736,341
,342
,335
,339
,341
,341
,342
,344
,339
,338
,340
,346
,348
,353
2026 05 20 19:18:37.736128,355
,355
,351
,349
,338
,348
,344
,348
,348
,350
,349
,349
,348
,347
2026 05 20 19:18:37.796818,349
,347
,343
,343
,346
,341
,345
,342
,346
,348
,352
,352
,342
,343
2026 05 20 19:18:37.858046,344
,353
,353
,356
,352
,355
,353
,356
,349
,353
,353
,350
,351
,348
2026 05 20 19:18:37.924144,350
,349
,351
,353
,354
,355
,354
,360
,357
,356
,359
,362
,363
,361
2026 05 20 19:18:37.985935,359
,363
,362
,363
,363
,367
,368
,361
,364
,359
,358
,351
,361
,361
2026 05 20 19:18:38.051052,361
,364
,364
,365
,361
,359
,356
,359
,353
,359
,359
,362
,356
,357
2026 05 20 19:18:38.112505,362
,362
,363
,357
,361
,359
,363
,363
,366
,361
,356
,352
,356
,351
2026 05 20 19:18:38.174094,353
,352
,349
,353
,357
,362
,358
,362
,365
,367
,367
,373
,372
,371
2026 05 20 19:18:38.239352,367
,363
,365
,358
,358
,348
,343
,337
,349
,353
,348
,351
,356
,357
2026 05 20 19:18:38.300329,357
,360
,359
,363
,364
,360
,357
,353
,355
,353
,352
,342
,344
,343
2026 05 20 19:18:38.366312,348
,349
,349
,346
,348
,347
,347
,351
,344
,349
,344
,346
,350
,352
2026 05 20 19:18:38.427499,347
,350
,351
,352
,352
,349
,354
,354
,358
,352
,359
,355
,362
,360
2026 05 20 19:18:38.489179,361
,360
,356
,355
,355
,355
,351
,358
,355
,358
,351
,349
,348
,352
2026 05 20 19:18:38.555135,355
,356
,350
,354
,355
,361
,362
,358
,355
,352
,352
,341
,348
,342
2026 05 20 19:18:38.617091,346
,349
,345
,346
,346
,344
,345
,351
,353
,359
,358
,354
,350
,352
2026 05 20 19:18:38.682028,349
,342
,339
,336
,341
,338
,336
,336
,339
,345
,344
,345
,348
,353
2026 05 20 19:18:38.743151,352
,348
,343
,345
,340
,346
,341
,349
,345
,342
,349
,350
,354
,348
2026 05 20 19:18:38.804048,346
,349
,349
,347
,349
,353
,351
,352
,349
,358
,355
,354
,356
,359
2026 05 20 19:18:38.870096,361
,366
,363
,359
,360
,365
,360
,357
,355
,349
,348
,346
,351
,350
2026 05 20 19:18:38.931480,354
,350
,362
,361
,360
,359
,358
,359
,363
,367
,363
,363
,358
,361
2026 05 20 19:18:38.994015,364
,361
,359
,353
,353
,350
,353
,354
,360
,355
,362
,364
,365
,365
2026 05 20 19:18:39.058771,365
,363
,360
,362
,362
,360
,358
,358
,353
,362
,357
,354
,352
,355
2026 05 20 19:18:39.119952,353
,350
,350
,347
,349
,352
,358
,354
,354
,350
,357
,354
,351
,346
2026 05 20 19:18:39.184614,342
,350
,351
,354
,354
,357
,351
,352
,353
,351
,351
,347
,347
,345
2026 05 20 19:18:39.246913,344
,342
,342
,343
,343
,340
,344
,343
,343
,346
,345
,344
,341
,345
2026 05 20 19:18:39.308084,350
,352
,350
,350
,348
,347
,347
,343
,347
,342
,341
,343
,346
,348
2026 05 20 19:18:39.374113,352
,348
,350
,348
,349
,347
,347
,353
,352
,352
,348
,353
,349
,354
2026 05 20 19:18:39.435074,356
,363
,363
,362
,354
,349
,348
,347
,350
,350
,356
,355
,356
,358
2026 05 20 19:18:39.501006,351
,348
,343
,346
,339
,349
,347
,353
,350
,350
,344
,351
,343
,341
2026 05 20 19:18:39.561675,335
,333
,339
,342
,348
,344
,345
,342
,342
,338
,341
,340
,346
,351
2026 05 20 19:18:39.623242,347
,347
,348
,354
,355
,353
,349
,353
,351
,351
,350
,352
,349
,346
2026 05 20 19:18:39.689636,350
,350
,351
,347
,349
,347
,348
,345
,345
,349
,350
,353
,355
,361
2026 05 20 19:18:39.750724,353
,352
,349
,351
,347
,350
,341
,339
,343
,341
,347
,347
,346
,348
2026 05 20 19:18:39.816763,357
,357
,362
,360
,361
,360
,361
,362
,355
,355
,354
,356
,350
,347
2026 05 20 19:18:39.877900,343
,348
,349
,349
,349
,347
,350
,356
,360
,360
,362
,353
,358
,356
2026 05 20 19:18:39.939053,353
,349
,349
,357
,357
,359
,358
,356
,355
,362
,359
,360
,358
,356
2026 05 20 19:18:40.005001,356
,357
,354
,352
,356
,356
,361
,357
,360
,356
,358
,358
,360
,355
2026 05 20 19:18:40.066441,348
,348
,345
,346
,342
,341
,339
,340
,338
,336
,327
,322
,332
,329
2026 05 20 19:18:40.131815,332
,335
,336
,331
,338
,334
,336
,335
,334
,327
,327
,323
,320
,327
2026 05 20 19:18:40.193470,326
,330
,331
,337
,334
,335
,339
,340
,338
,340
,344
,341
,347
,342
2026 05 20 19:18:40.254235,343
,345
,346
,350
,356
,355
,352
,350
,348
,350
,347
,348
,341
,343
2026 05 20 19:18:40.319782,345
,350
,352
,357
,360
,359
,356
,353
,359
,355
,361
,360
,357
,356
2026 05 20 19:18:40.382313,352
,353
,353
,353
,347
,352
,352
,360
,351
,352
,354
,359
,354
,359
2026 05 20 19:18:40.448053,366
,366
,371
,373
,375
,365
,367
,364
,366
,363
,360
,356
,354
,355
2026 05 20 19:18:40.508689,351
,353
,351
,344
,345
,345
,346
,352
,354
,357
,359
,360
,358
,360
2026 05 20 19:18:40.569352,363
,355
,355
,349
,349
,348
,346
,344
,349
,353
,352
,359
,356
,351
2026 05 20 19:18:40.635619,355
,354
,347
,355
,355
,357
,356
,357
,356
,358
,360
,356
,360
,356
2026 05 20 19:18:40.698093,357
,357
,358
,351
,352
,350
,344
,339
,344
,351
,347
,353
,353
,351
2026 05 20 19:18:40.764134,355
,357
,356
,360
,356
,352
,350
,347
,344
,337
,337
,339
,342
,346
2026 05 20 19:18:40.823951,346
,342
,344
,344
,350
,351
,345
,348
,350
,353
,354
,353
,351
,354
2026 05 20 19:18:40.885178,359
,358
,354
,350
,355
,355
,351
,348
,352
,341
,349
,347
,349
,356
2026 05 20 19:18:40.950999,352
,350
,348
,347
,339
,344
,345
,350
,350
,347
,356
,357
,354
,352
2026 05 20 19:18:41.012358,352
,349
,352
,349
,351
,347
,350
,350
,352
,347
,347
,349
,346
,350
2026 05 20 19:18:41.079615,346
,347
,347
,350
,346
,346
,347
,349
,349
,350
,353
,348
,344
,344
2026 05 20 19:18:41.139374,349
,348
,345
,344
,345
,348
,348
,348
,345
,349
,344
,342
,345
,349
2026 05 20 19:18:41.200701,347
,350
,345
,346
,353
,354
,353
,353
,357
,359
,366
,364
,362
,356
2026 05 20 19:18:41.266397,359
,356
,355
,350
,349
,350
,352
,356
,356
,362
,360
,366
,363
,365
2026 05 20 19:18:41.327423,363
,358
,360
,361
,360
,360
,362
,359
,364
,366
,358
,352
,358
,356
2026 05 20 19:18:41.392977,355
,356
,355
,355
,360
,364
,359
,358
,358
,358
,358
,354
,358
,358
2026 05 20 19:18:41.454311,356
,358
,362
,361
,363
,357
,358
,356
,353
,356
,357
,361
,356
,360
2026 05 20 19:18:41.515600,356
,358
,366
,366
,365
,360
,359
,360
,356
,352
,355
,354
,358
,354
2026 05 20 19:18:41.581730,359
,355
,351
,348
,352
,351
,345
,351
,349
,360
,353
,361
,361
,357
2026 05 20 19:18:41.643013,354
,362
,367
,363
,357
,351
,350
,356
,365
,360
,360
,360
,368
,366
2026 05 20 19:18:41.708450,373
,371
,370
,369
,364
,368
,361
,361
,361
,362
,356
,358
,359
,361
2026 05 20 19:18:41.769820,358
,355
,360
,356
,358
,363
,364
,358
,356
,356
,358
,359
,359
,358
2026 05 20 19:18:41.831032,359
,365
,361
,364
,358
,353
,353
,356
,360
,360
,356
,361
,364
,364
2026 05 20 19:18:41.897090,365
,364
,362
,357
,356
,351
,347
,353
,358
,353
,353
,357
,355
,354
2026 05 20 19:18:41.957431,351
,355
,353
,353
,353
,350
,350
,352
,357
,349
,357
,356
,358
,353
2026 05 20 19:18:42.024036,352
,351
,355
,355
,357
,356
,355
,356
,357
,358
,354
,360
,363
,364
2026 05 20 19:18:42.085436,359
,355
,356
,353
,348
,348
,349
,349
,352
,353
,353
,350
,353
,359
2026 05 20 19:18:42.147798,358
,353
,356
,350
,346
,347
,347
,351
,348
,348
,344
,346
,339
,343
2026 05 20 19:18:42.214242,343
,339
,345
,351
,352
,357
,359
,353
,359
,362
,355
,349
,345
,341
2026 05 20 19:18:42.274054,339
,339
,336
,339
,341
,347
,344
,349
,344
,348
,347
,340
,344
,344
2026 05 20 19:18:42.339403,346
,346
,347
,341
,343
,349
,354
,351
,350
,354
,356
,363
,359
,362
2026 05 20 19:18:42.401042,362
,361
,356
,356
,355
,351
,345
,350
,353
,349
,347
,352
,357
,357
2026 05 20 19:18:42.462432,363
,363
,361
,359
,356
,362
,362
,365
,359
,359
,352
,356
,356
,353
2026 05 20 19:18:42.527903,352
,352
,357
,359
,359
,350
,349
,342
,344
,337
,340
,336
,339
,333
2026 05 20 19:18:42.589512,332
,329
,333
,331
,332
,337
,338
,342
,337
,341
,346
,347
,340
,341
2026 05 20 19:18:42.655072,340
,343
,346
,344
,343
,342
,349
,347
,349
,349
,349
,345
,348
,342
2026 05 20 19:18:42.716804,340
,340
,343
,344
,344
,347
,348
,354
,352
,352
,347
,344
,343
,344
2026 05 20 19:18:42.777931,351
,349
,348
,344
,347
,349
,349
,351
,353
,355
,351
,349
,344
,346
2026 05 20 19:18:42.842662,348
,354
,346
,350
,348
,349
,350
,351
,351
,349
,350
,347
,352
,347
2026 05 20 19:18:42.905059,345
,346
,352
,353
,355
,355
,361
,361
,352
,355
,357
,355
,352
,358
2026 05 20 19:18:42.965999,354
,357
,356
,356
,350
,347
,353
,345
,344
,344
,347
,347
,345
,341
2026 05 20 19:18:43.031123,345
,352
,347
,348
,344
,342
,340
,347
,343
,344
,344
,349
,346
,351
2026 05 20 19:18:43.092548,351
,344
,348
,350
,353
,349
,349
,345
,351
,351
,353
,349
,350
,351
2026 05 20 19:18:43.158109,354
,351
,345
,352
,348
,345
,344
,346
,352
,351
,350
,352
,352
,350
2026 05 20 19:18:43.219799,353
,357
,362
,357
,356
,350
,355
,355
,355
,358
,358
,358
,353
,355
2026 05 20 19:18:43.281042,355
,355
,353
,359
,361
,360
,359
,359
,363
,367
,366
,359
,363
,362
2026 05 20 19:18:43.346511,360
,363
,363
,355
,354
,357
,354
,349
,347
,348
,349
,359
,349
,352
2026 05 20 19:18:43.409335,350
,355
,355
,355
,356
,357
,358
,356
,359
,350
,351
,343
,349
,349
2026 05 20 19:18:43.474002,347
,345
,346
,345
,347
,347
,344
,342
,341
,345
,345
,344
,344
,352
2026 05 20 19:18:43.535790,349
,347
,345
,348
,352
,348
,347
,345
,355
,355
,355
,354
,354
,352
2026 05 20 19:18:43.596716,355
,352
,350
,353
,358
,359
,357
,356
,349
,347
,346
,345
,342
,346
2026 05 20 19:18:43.662455,351
,349
,350
,346
,349
,347
,346
,347
,353
,352
,358
,353
,350
,351
2026 05 20 19:18:43.723984,353
,358
,349
,349
,347
,350
,351
,344
,344
,352
,352
,350
,354
,348
2026 05 20 19:18:43.789538,357
,351
,349
,343
,339
,338
,336
,340
,337
,332
,334
,339
,338
,340
2026 05 20 19:18:43.850789,343
,340
,343
,353
,357
,348
,346
,345
,344
,342
,348
,347
,346
,342
2026 05 20 19:18:43.912518,345
,340
,346
,340
,343
,345
,347
,356
,351
,354
,350
,355
,355
,353
2026 05 20 19:18:43.978178,354
,356
,353
,352
,357
,353
,354
,353
,362
,361
,359
,363
,357
,363
2026 05 20 19:18:44.039129,362
,366
,359
,363
,361
,362
,363
,360
,355
,356
,361
,354
,354
,349
2026 05 20 19:18:44.104573,352
,353
,361
,352
,351
,351
,356
,355
,349
,347
,348
,348
,348
,351
2026 05 20 19:18:44.165255,346
,348
,349
,358
,361
,359
,353
,352
,354
,352
,356
,354
,355
,355
2026 05 20 19:18:44.227800,358
,356
,354
,347
,350
,351
,346
,341
,344
,347
,344
,347
,343
,350
2026 05 20 19:18:44.292748,345
,350
,349
,348
,350
,348
,352
,350
,352
,350
,346
,344
,348
,345
2026 05 20 19:18:44.353862,341
,342
,344
,344
,341
,347
,347
,349
,343
,348
,348
,346
,342
,343
2026 05 20 19:18:44.419991,345
,345
,354
,353
,351
,349
,365
,360
,352
,350
,354
,352
,357
,356
2026 05 20 19:18:44.480959,352
,353
,347
,352
,349
,347
,342
,352
,355
,354
,351
,353
,360
,356
2026 05 20 19:18:44.542545,359
,353
,347
,347
,348
,346
,347
,352
,351
,353
,355
,356
,355
,358
2026 05 20 19:18:44.607303,352
,356
,350
,356
,351
,351
,349
,354
,355
,352
,351
,352
,354
,352
2026 05 20 19:18:44.669686,351
,351
,359
,357
,356
,359
,357
,354
,356
,359
,348
,355
,346
,348
2026 05 20 19:18:44.735672,347
,344
,340
,343
,346
,343
,344
,345
,343
,345
,350
,344
,344
,342
2026 05 20 19:18:44.797198,349
,350
,355
,354
,350
,350
,345
,349
,347
,344
,343
,345
,341
,337
2026 05 20 19:18:44.857951,341
,344
,342
,342
,348
,347
,348
,346
,350
,350
,348
,352
,357
,353
2026 05 20 19:18:44.924049,355
,357
,356
,351
,348
,351
,347
,344
,342
,346
,346
,351
,351
,351
2026 05 20 19:18:44.985251,350
,343
,346
,345
,340
,339
,348
,348
,347
,347
,348
,349
,348
,351
2026 05 20 19:18:45.050447,355
,349
,350
,354
,355
,357
,350
,350
,353
,347
,342
,351
,352
,347
2026 05 20 19:18:45.111996,348
,347
,358
,363
,361
,359
,360
,361
,359
,361
,357
,356
,351
,350
2026 05 20 19:18:45.173467,347
,356
,359
,356
,352
,352
,351
,344
,347
,347
,348
,349
,352
,348
2026 05 20 19:18:45.239347,352
,349
,353
,351
,353
,359
,357
,357
,356
,356
,353
,353
,351
,351
2026 05 20 19:18:45.300519,349
,349
,355
,350
,355
,361
,363
,361
,362
,359
,368
,365
,358
,352
2026 05 20 19:18:45.366255,347
,358
,352
,350
,346
,353
,360
,363
,364
,360
,362
,366
,363
,360
2026 05 20 19:18:45.429094,357
,356
,353
,340
,341
,343
,340
,338
,340
,335
,338
,338
,343
,345
2026 05 20 19:18:45.488966,345
,346
,341
,343
,340
,348
,354
,353
,356
,356
,359
,357
,358
,351
2026 05 20 19:18:45.553959,352
,351
,352
,350
,348
,341
,345
,342
,343
,349
,341
,347
,349
,348
2026 05 20 19:18:45.615726,350
,353
,350
,356
,357
,357
,354
,355
,352
,350
,346
,340
,346
,346
2026 05 20 19:18:45.681754,347
,348
,344
,345
,349
,349
,354
,357
,354
,359
,363
,367
,367
,363
2026 05 20 19:18:45.743160,358
,363
,360
,355
,358
,357
,356
,356
,355
,350
,351
,345
,343
,344
2026 05 20 19:18:45.804500,350
,348
,348
,350
,356
,364
,366
,361
,358
,365
,365
,368
,363
,363
2026 05 20 19:18:45.870000,363
,361
,362
,353
,357
,354
,355
,352
,352
,350
,352
,354
,350
,352
2026 05 20 19:18:45.931657,357
,360
,358
,363
,364
,367
,353
,360
,360
,360
,355
,348
,347
,343
2026 05 20 19:18:45.997040,354
,348
,345
,345
,351
,348
,347
,347
,347
,346
,352
,358
,358
,358
2026 05 20 19:18:46.058287,356
,360
,364
,365
,361
,363
,365
,364
,365
,365
,360
,362
,368
,366
2026 05 20 19:18:46.119690,369
,360
,361
,359
,359
,364
,358
,356
,353
,355
,349
,350
,348
,353
2026 05 20 19:18:46.185495,355
,355
,361
,354
,356
,355
,360
,358
,363
,355
,361
,366
,358
,359
2026 05 20 19:18:46.246314,357
,354
,347
,352
,351
,352
,352
,354
,348
,351
,353
,353
,354
,358
2026 05 20 19:18:46.312114,363
,363
,365
,361
,371
,372
,373
,368
,359
,365
,365
,362
,361
,358
2026 05 20 19:18:46.374412,357
,358
,354
,357
,356
,358
,354
,353
,350
,352
,357
,352
,349
,351
2026 05 20 19:18:46.435124,357
,354
,355
,348
,343
,346
,340
,341
,335
,337
,337
,334
,333
,341
2026 05 20 19:18:46.500330,336
,335
,334
,342
,344
,347
,350
,352
,359
,356
,367
,366
,363
,363
2026 05 20 19:18:46.561545,367
,367
,363
,359
,359
,356
,360
,364
,357
,359
,358
,366
,366
,365
2026 05 20 19:18:46.627794,359
,360
,361
,362
,366
,367
,361
,355
,364
,361
,356
,352
,350
,351
2026 05 20 19:18:46.689455,354
,351
,352
,357
,361
,367
,367
,368
,365
,371
,369
,362
,364
,358
2026 05 20 19:18:46.750121,353
,345
,353
,348
,343
,342
,350
,355
,362
,361
,360
,364
,361
,355
2026 05 20 19:18:46.816512,345
,343
,336
,345
,346
,347
,349
,355
,361
,357
,359
,354
,355
,348
2026 05 20 19:18:46.877896,348
,344
,347
,344
,350
,352
,344
,339
,346
,347
,344
,341
,338
,341
2026 05 20 19:18:46.942813,345
,354
,350
,344
,349
,351
,342
,336
,339
,339
,337
,336
,342
,338
2026 05 20 19:18:47.004855,338
,334
,338
,341
,340
,341
,339
,339
,339
,345
,338
,340
,335
,337
2026 05 20 19:18:47.066512,341
,339
,339
,336
,347
,349
,351
,348
,346
,347
,357
,363
,361
,357
2026 05 20 19:18:47.131225,361
,360
,351
,350
,347
,345
,336
,345
,349
,352
,352
,357
,358
,359
2026 05 20 19:18:47.192690,364
,362
,364
,359
,364
,358
,353
,351
,349
,348
,347
,343
,342
,344
2026 05 20 19:18:47.254522,341
,341
,344
,344
,344
,350
,355
,352
,354
,356
,352
,356
,354
,352
2026 05 20 19:18:47.319801,352
,345
,344
,343
,343
,340
,343
,345
,349
,349
,350
,354
,351
,353
2026 05 20 19:18:47.381431,356
,359
,358
,359
,356
,346
,345
,342
,344
,345
,352
,343
,341
,346
2026 05 20 19:18:47.446852,348
,350
,349
,351
,351
,352
,346
,348
,348
,347
,349
,361
,359
,357
2026 05 20 19:18:47.508295,351
,353
,352
,352
,346
,344
,347
,342
,346
,342
,343
,332
,337
,341
2026 05 20 19:18:47.569825,338
,345
,348
,353
,354
,361
,359
,360
,360
,356
,352
,355
,349
,352
2026 05 20 19:18:47.635623,348
,351
,354
,353
,351
,350
,356
,350
,353
,350
,349
,351
,351
,355
2026 05 20 19:18:47.696515,355
,356
,351
,352
,352
,351
,350
,354
,356
,351
,352
,358
,354
,357
2026 05 20 19:18:47.763303,354
,359
,349
,350
,351
,351
,350
,347
,345
,346
,343
,354
,351
,352
2026 05 20 19:18:47.823692,351
,350
,348
,347
,342
,344
,344
,344
,352
,351
,354
,350
,350
,346
2026 05 20 19:18:47.885353,342
,337
,343
,347
,344
,344
,350
,353
,355
,356
,350
,352
,353
,352
2026 05 20 19:18:47.950853,355
,352
,343
,342
,342
,341
,346
,347
,345
,348
,354
,350
,351
,350
2026 05 20 19:18:48.012458,354
,354
,352
,352
,351
,355
,356
,358
,356
,354
,349
,345
,353
,345
2026 05 20 19:18:48.077729,343
,346
,351
,351
,357
,358
,358
,356
,361
,359
,362
,357
,359
,356
2026 05 20 19:18:48.139270,354
,353
,354
,350
,349
,352
,351
,350
,341
,341
,342
,339
,337
,333
2026 05 20 19:18:48.200295,328
,330
,335
,339
,344
,345
,351
,356
,353
,352
,348
,346
,343
,345
2026 05 20 19:18:48.266198,344
,345
,346
,350
,350
,345
,348
,351
,354
,353
,356
,353
,356
,355
2026 05 20 19:18:48.326929,358
,364
,359
,358
,359
,360
,358
,360
,355
,358
,354
,356
,356
,355
2026 05 20 19:18:48.392511,351
,354
,356
,353
,351
,348
,350
,348
,351
,351
,348
,342
,346
,351
2026 05 20 19:18:48.454894,350
,351
,351
,350
,345
,357
,359
,366
,362
,372
,368
,368
,362
,361
2026 05 20 19:18:48.515663,360
,359
,358
,355
,363
,353
,357
,361
,360
,352
,354
,354
,353
,353
2026 05 20 19:18:48.580871,352
,349
,345
,349
,346
,352
,347
,349
,348
,348
,348
,346
,350
,348
2026 05 20 19:18:48.642973,345
,345
,345
,338
,334
,326
,327
,323
,322
,327
,327
,331
,334
,338
2026 05 20 19:18:48.708141,339
,347
,345
,344
,344
,348
,347
,346
,353
,350
,349
,342
,345
,346
2026 05 20 19:18:48.770161,347
,346
,346
,346
,349
,350
,346
,349
,349
,356
,347
,351
,351
,353
2026 05 20 19:18:48.830974,352
,347
,348
,341
,340
,343
,350
,350
,352
,352
,362
,367
,365
,365
2026 05 20 19:18:48.897122,367
,362
,358
,361
,356
,353
,347
,353
,347
,350
,348
,348
,346
,339
2026 05 20 19:18:48.958122,337
,338
,340
,337
,339
,331
,331
,332
,336
,338
,343
,344
,343
,348
2026 05 20 19:18:49.023862,346
,350
,348
,348
,343
,349
,346
,347
,344
,352
,357
,360
,365
,361
2026 05 20 19:18:49.086338,363
,363
,367
,361
,362
,360
,361
,363
,361
,360
,362
,360
,355
,361
2026 05 20 19:18:49.146698,361
,363
,358
,363
,365
,362
,361
,360
,360
,362
,362
,361
,360
,352
2026 05 20 19:18:49.212304,355
,352
,352
,350
,350
,349
,347
,346
,351
,346
,342
,348
,351
,356
2026 05 20 19:18:49.272970,354
,356
,352
,351
,351
,354
,352
,353
,354
,354
,358
,357
,354
,354
2026 05 20 19:18:49.339247,354
,357
,357
,363
,365
,366
,367
,368
,364
,369
,371
,368
,367
,366
2026 05 20 19:18:49.399955,366
,365
,372
,368
,367
,361
,363
,358
,360
,354
,356
,353
,349
,352
2026 05 20 19:18:49.462340,355
,355
,351
,359
,355
,353
,350
,357
,357
,356
,353
,358
,357
,351
2026 05 20 19:18:49.527118,347
,342
,342
,341
,347
,349
,350
,345
,347
,352
,355
,364
,357
,356
2026 05 20 19:18:49.589063,355
,355
,355
,357
,349
,351
,355
,352
,354
,351
,357
,356
,354
,350
2026 05 20 19:18:49.654607,352
,347
,348
,350
,352
,353
,354
,357
,354
,352
,350
,352
,343
,349
2026 05 20 19:18:49.716498,348
,346
,347
,349
,352
,353
,356
,353
,355
,350
,352
,345
,340
,341
2026 05 20 19:18:49.777451,341
,335
,343
,347
,350
,351
,352
,356
,356
,355
,351
,354
,356
,358
2026 05 20 19:18:49.842861,363
,359
,365
,354
,352
,351
,353
,344
,346
,349
,347
,345
,345
,347
2026 05 20 19:18:49.903884,342
,350
,349
,349
,345
,350
,350
,350
,344
,348
,359
,353
,353
,355
2026 05 20 19:18:49.969862,357
,357
,359
,355
,353
,349
,354
,354
,353
,354
,355
,356
,352
,351
2026 05 20 19:18:50.031012,342
,344
,338
,347
,351
,349
,347
,353
,354
,350
,357
,356
,360
,351
2026 05 20 19:18:50.093073,361
,355
,356
,352
,354
,358
,352
,350
,350
,350
,352
,355
,351
,353
2026 05 20 19:18:50.157483,355
,359
,359
,357
,354
,359
,364
,358
,358
,350
,354
,353
,357
,356
2026 05 20 19:18:50.219811,355
,356
,352
,356
,353
,356
,355
,359
,357
,359
,362
,359
,356
,359
2026 05 20 19:18:50.285349,361
,359
,363
,356
,356
,352
,359
,349
,348
,347
,348
,350
,347
,347
2026 05 20 19:18:50.346929,347
,351
,350
,353
,352
,354
,353
,352
,357
,355
,353
,352
,355
,350
2026 05 20 19:18:50.409048,355
,355
,361
,359
,360
,363
,362
,354
,356
,351
,349
,352
,352
,353
2026 05 20 19:18:50.473762,349
,349
,346
,345
,342
,347
,351
,351
,354
,354
,354
,351
,349
,342
2026 05 20 19:18:50.535597,349
,346
,350
,350
,347
,345
,342
,344
,340
,344
,340
,344
,342
,344
2026 05 20 19:18:50.600488,342
,340
,340
,341
,341
,349
,355
,354
,357
,352
,359
,360
,361
,356
2026 05 20 19:18:50.662284,359
,358
,361
,361
,359
,363
,361
,366
,362
,360
,358
,364
,364
,360
2026 05 20 19:18:50.723345,358
,363
,359
,358
,361
,359
,363
,364
,358
,358
,357
,353
,355
,357
2026 05 20 19:18:50.789413,358
,360
,356
,349
,342
,346
,349
,350
,348
,354
,361
,357
,355
,353
2026 05 20 19:18:50.852006,352
,351
,354
,351
,352
,344
,350
,355
,351
,347
,351
,350
,343
,348
2026 05 20 19:18:50.916054,349
,349
,347
,347
,348
,349
,351
,347
,350
,350
,355
,354
,357
,354
2026 05 20 19:18:50.977654,351
,352
,348
,346
,350
,351
,354
,355
,350
,357
,355
,355
,351
,351
2026 05 20 19:18:51.039111,346
,344
,345
,348
,350
,344
,349
,347
,348
,346
,349
,341
,349
,351
2026 05 20 19:18:51.103671,353
,354
,352
,350
,351
,355
,353
,354
,353
,356
,356
,357
,352
,356
2026 05 20 19:18:51.165475,358
,356
,357
,355
,361
,363
,366
,364
,363
,357
,353
,352
,351
,352
2026 05 20 19:18:51.226983,346
,349
,349
,354
,355
,353
,355
,357
,353
,350
,344
,342
,342
,339
2026 05 20 19:18:51.293251,343
,339
,337
,335
,334
,340
,343
,338
,338
,339
,340
,340
,338
,342
2026 05 20 19:18:51.354508,341
,345
,348
,351
,346
,347
,344
,347
,347
,348
,354
,353
,354
,348
2026 05 20 19:18:51.419976,355
,351
,352
,349
,351
,348
,350
,351
,349
,354
,352
,356
,356
,357
2026 05 20 19:18:51.482414,357
,353
,352
,357
,358
,356
,354
,351
,353
,351
,351
,351
,350
,348
2026 05 20 19:18:51.542133,347
,354
,355
,356
,348
,353
,350
,352
,349
,354
,352
,359
,355
,357
2026 05 20 19:18:51.607673,361
,359
,362
,360
,360
,357
,361
,357
,357
,358
,358
,351
,354
,355
2026 05 20 19:18:51.669037,362
,364
,363
,365
,360
,365
,362
,358
,354
,358
,357
,354
,356
,353
2026 05 20 19:18:51.735440,362
,362
,357
,357
,361
,357
,356
,356
,350
,348
,351
,356
,351
,353
2026 05 20 19:18:51.796229,358
,352
,344
,351
,352
,355
,349
,346
,351
,350
,351
,347
,350
,346
2026 05 20 19:18:51.857497,351
,348
,353
,345
,352
,357
,354
,353
,348
,352
,347
,349
,348
,351
2026 05 20 19:18:51.925226,352
,353
,356
,356
,356
,354
,352
,351
,354
,345
,338
,338
,341
,340
2026 05 20 19:18:51.984992,341
,340
,348
,343
,342
,339
,334
,336
,331
,338
,340
,343
,347
,342
2026 05 20 19:18:52.050400,346
,346
,344
,334
,335
,335
,337
,336
,341
,340
,346
,346
,348
,348
2026 05 20 19:18:52.111548,347
,353
,351
,353
,349
,350
,348
,348
,345
,344
,346
,348
,353
,347
2026 05 20 19:18:52.173788,352
,353
,352
,350
,354
,352
,353
,353
,354
,357
,353
,351
,345
,344
2026 05 20 19:18:52.239983,341
,346
,349
,349
,348
,351
,354
,356
,354
,356
,362
,360
,361
,360
2026 05 20 19:18:52.300096,360
,354
,350
,347
,348
,340
,343
,342
,348
,350
,346
,349
,347
,354
2026 05 20 19:18:52.366273,358
,354
,350
,348
,353
,353
,354
,356
,353
,347
,348
,351
,352
,347
2026 05 20 19:18:52.427420,348
,359
,354
,352
,348
,352
,346
,351
,351
,351
,353
,355
,351
,349
2026 05 20 19:18:52.490204,351
,349
,344
,342
,345
,341
,343
,342
,347
,346
,350
,350
,344
,344
2026 05 20 19:18:52.554505,343
,346
,349
,355
,349
,357
,356
,355
,355
,353
,353
,352
,354
,353
2026 05 20 19:18:52.615190,357
,357
,356
,353
,354
,353
,348
,350
,348
,342
,348
,355
,361
,362
2026 05 20 19:18:52.681012,360
,359
,355
,359
,355
,351
,353
,355
,358
,354
,357
,355
,362
,361
2026 05 20 19:18:52.743242,361
,361
,358
,355
,357
,359
,352
,351
,355
,358
,356
,355
,347
,350
2026 05 20 19:18:52.803707,348
,347
,344
,344
,338
,337
,347
,342
,347
,350
,353
,350
,349
,348
2026 05 20 19:18:52.869885,355
,347
,344
,346
,350
,346
,347
,354
,350
,356
,351
,352
,349
,348
2026 05 20 19:18:52.931344,348
,352
,355
,354
,356
,354
,353
,351
,352
,348
,350
,353
,352
,353
2026 05 20 19:18:52.996987,357
,352
,348
,355
,350
,350
,350
,352
,354
,352
,348
,346
,349
,349
2026 05 20 19:18:53.057438,350
,349
,348
,350
,353
,353
,352
,347
,356
,357
,354
,353
,350
,354
2026 05 20 19:18:53.120658,356
,353
,349
,347
,341
,345
,347
,354
,354
,353
,353
,354
,360
,355
2026 05 20 19:18:53.185907,357
,351
,348
,347
,349
,345
,345
,348
,347
,348
,347
,348
,347
,347
2026 05 20 19:18:53.246483,346
,346
,343
,346
,353
,350
,352
,352
,358
,358
,357
,349
,351
,348
2026 05 20 19:18:53.311706,348
,349
,351
,354
,349
,354
,354
,359
,351
,348
,347
,353
,356
,362
2026 05 20 19:18:53.373777,365
,364
,362
,362
,363
,357
,360
,353
,353
,359
,358
,354
,356
,355
2026 05 20 19:18:53.435270,357
,360
,361
,362
,363
,365
,359
,359
,358
,355
,357
,359
,360
,360
2026 05 20 19:18:53.500873,357
,354
,355
,355
,355
,354
,358
,360
,360
,355
,357
,356
,349
,348
2026 05 20 19:18:53.562380,346
,348
,349
,355
,353
,356
,357
,352
,352
,355
,353
,349
,348
,347
2026 05 20 19:18:53.627361,344
,344
,346
,353
,348
,349
,349
,347
,344
,347
,346
,350
,346
,347
2026 05 20 19:18:53.689201,348
,354
,354
,346
,348
,346
,348
,347
,346
,343
,344
,343
,347
,350
2026 05 20 19:18:53.749983,351
,353
,349
,354
,354
,357
,350
,353
,344
,350
,357
,354
,352
,356
2026 05 20 19:18:53.815912,358
,356
,351
,344
,351
,352
,359
,357
,357
,355
,358
,357
,360
,357
2026 05 20 19:18:53.877752,354
,357
,362
,365
,362
,361
,359
,357
,355
,352
,353
,354
,357
,354
2026 05 20 19:18:53.942868,359
,358
,356
,361
,363
,360
,364
,361
,355
,358
,363
,362
,359
,355
2026 05 20 19:18:54.004784,350
,355
,355
,353
,352
,354
,356
,361
,358
,351
,349
,350
,352
,354
2026 05 20 19:18:54.065640,354
,350
,351
,351
,352
,344
,347
,358
,358
,360
,358
,357
,354
,354
2026 05 20 19:18:54.131437,353
,352
,349
,351
,355
,352
,356
,356
,359
,360
,364
,363
,369
,371
2026 05 20 19:18:54.192230,367
,367
,369
,369
,362
,364
,361
,364
,361
,361
,359
,360
,357
,363
2026 05 20 19:18:54.257816,364
,360
,362
,358
,361
,358
,360
,358
,360
,358
,357
,353
,348
,352
2026 05 20 19:18:54.320067,358
,352
,347
,350
,350
,355
,352
,354
,350
,352
,352
,352
,350
,349
2026 05 20 19:18:54.381412,354
,358
,356
,354
,353
,357
,359
,354
,353
,352
,353
,350
,349
,357
2026 05 20 19:18:54.446135,354
,353
,351
,358
,353
,355
,358
,355
,353
,354
,355
,355
,355
,356
2026 05 20 19:18:54.507444,357
,357
,356
,357
,357
,359
,359
,358
,356
,354
,353
,357
,352
,353
2026 05 20 19:18:54.573795,351
,355
,348
,354
,351
,353
,352
,352
,358
,356
,358
,358
,352
,348
2026 05 20 19:18:54.634732,349
,351
,347
,348
,354
,349
,351
,355
,354
,359
,355
,351
,349
,352
2026 05 20 19:18:54.696577,353
,349
,349
,345
,347
,345
,347
,344
,345
,344
,346
,347
,344
,350
2026 05 20 19:18:54.762210,347
,351
,341
,348
,346
,350
,352
,354
,348
,347
,346
,340
,339
,339
2026 05 20 19:18:54.823562,344
,342
,349
,348
,353
,352
,352
,353
,353
,352
,350
,345
,350
,353
2026 05 20 19:18:54.889100,349
,355
,349
,357
,355
,359
,361
,357
,356
,353
,357
,353
,358
,353
2026 05 20 19:18:54.950588,351
,347
,346
,345
,340
,338
,337
,346
,343
,342
,348
,345
,342
,340
2026 05 20 19:18:55.012183,341
,347
,345
,348
,350
,347
,350
,344
,347
,348
,351
,349
,348
,352
2026 05 20 19:18:55.077436,352
,350
,348
,348
,349
,351
,351
,357
,358
,359
,361
,361
,358
,359
2026 05 20 19:18:55.139379,355
,355
,354
,356
,357
,352
,352
,351
,354
,357
,360
,360
,365
,370
2026 05 20 19:18:55.204225,368
,366
,366
,369
,362
,361
,356
,349
,346
,347
,346
,346
,347
,350
2026 05 20 19:18:55.266305,353
,352
,359
,355
,358
,351
,350
,344
,342
,337
,339
,338
,335
,340
2026 05 20 19:18:55.329182,334
,338
,334
,340
,341
,339
,342
,345
,348
,346
,342
,335
,339
,337
2026 05 20 19:18:55.393246,337
,335
,343
,343
,345
,343
,337
,342
,342
,344
,349
,351
,346
,352
2026 05 20 19:18:55.454496,349
,349
,343
,344
,345
,338
,341
,339
,342
,337
,340
,337
,343
,341
2026 05 20 19:18:55.515303,341
,346
,347
,349
,350
,354
,349
,350
,345
,344
,339
,341
,345
,344
2026 05 20 19:18:55.581517,351
,352
,350
,351
,354
,356
,355
,354
,355
,357
,355
,356
,353
,355
2026 05 20 19:18:55.642236,354
,355
,350
,353
,351
,350
,351
,352
,353
,351
,346
,349
,349
,349
2026 05 20 19:18:55.707295,349
,351
,349
,344
,348
,345
,343
,339
,335
,341
,338
,339
,336
,341
2026 05 20 19:18:55.768945,335
,344
,344
,346
,341
,342
,342
,345
,343
,345
,352
,348
,348
,345
2026 05 20 19:18:55.830569,348
,344
,350
,350
,348
,346
,350
,350
,350
,357
,355
,357
,357
,362
2026 05 20 19:18:55.896192,354
,351
,344
,348
,346
,342
,344
,348
,350
,349
,352
,353
,353
,349
2026 05 20 19:18:55.957804,353
,351
,348
,345
,350
,353
,350
,348
,344
,342
,341
,346
,341
,338
2026 05 20 19:18:56.022829,336
,330
,333
,333
,331
,332
,333
,330
,337
,338
,345
,341
,341
,345
2026 05 20 19:18:56.084742,347
,346
,345
,350
,347
,346
,345
,346
,346
,345
,342
,345
,345
,345
2026 05 20 19:18:56.146393,351
,348
,351
,347
,358
,362
,360
,363
,359
,355
,356
,354
,350
,355
2026 05 20 19:18:56.211726,353
,355
,355
,359
,358
,356
,351
,356
,353
,351
,353
,352
,356
,352
2026 05 20 19:18:56.273365,356
,355
,352
,352
,363
,365
,360
,359
,357
,353
,351
,358
,358
,358
2026 05 20 19:18:56.339091,358
,364
,358
,361
,363
,358
,360
,359
,356
,352
,356
,350
,357
,353
2026 05 20 19:18:56.400667,354
,348
,352
,353
,349
,350
,348
,352
,349
,350
,352
,354
,351
,351
2026 05 20 19:18:56.461245,348
,349
,345
,342
,342
,348
,351
,350
,346
,349
,351
,346
,349
,347
2026 05 20 19:18:56.526735,348
,347
,349
,346
,347
,353
,348
,353
,352
,353
,352
,354
,356
,357
2026 05 20 19:18:56.587695,355
,354
,355
,356
,352
,358
,357
,361
,365
,361
,362
,357
,355
,354
2026 05 20 19:18:56.654286,355
,350
,346
,342
,342
,346
,343
,342
,344
,348
,357
,361
,367
,371
2026 05 20 19:18:56.715716,369
,368
,367
,362
,356
,349
,348
,344
,342
,342
,337
,343
,343
,350
2026 05 20 19:18:56.777229,346
,352
,353
,359
,368
,356
,354
,353
,351
,347
,348
,345
,349
,348
2026 05 20 19:18:56.843186,353
,355
,354
,355
,359
,367
,368
,365
,367
,369
,360
,362
,357
,355
2026 05 20 19:18:56.903822,347
,347
,349
,347
,351
,352
,358
,353
,352
,360
,369
,367
,371
,376
2026 05 20 19:18:56.969824,373
,370
,369
,370
,362
,357
,359
,360
,355
,358
,359
,358
,362
,366
2026 05 20 19:18:57.031431,368
,371
,380
,382
,384
,379
,381
,370
,362
,351
,346
,340
,336
,336
2026 05 20 19:18:57.092422,335
,342
,344
,349
,355
,358
,363
,368
,374
,374
,372
,368
,363
,355
2026 05 20 19:18:57.157656,349
,347
,345
,339
,341
,333
,335
,336
,336
,340
,341
,345
,347
,348
2026 05 20 19:18:57.219035,346
,351
,350
,352
,352
,350
,353
,347
,346
,341
,339
,335
,341
,339
2026 05 20 19:18:57.285339,337
,335
,341
,342
,338
,339
,344
,342
,341
,349
,350
,352
,345
,348
2026 05 20 19:18:57.346005,347
,353
,349
,351
,352
,350
,352
,349
,352
,348
,351
,352
,348
,348
2026 05 20 19:18:57.407701,348
,351
,346
,339
,337
,348
,343
,347
,346
,346
,340
,340
,346
,346
2026 05 20 19:18:57.473482,350
,354
,353
,347
,350
,348
,345
,347
,347
,345
,346
,345
,350
,353
2026 05 20 19:18:57.534912,353
,354
,355
,358
,355
,356
,353
,350
,345
,344
,343
,343
,342
,340
2026 05 20 19:18:57.600041,339
,335
,342
,333
,334
,336
,339
,340
,342
,345
,345
,348
,347
,349
2026 05 20 19:18:57.662121,351
,351
,349
,352
,346
,345
,343
,339
,346
,342
,345
,345
,348
,352
2026 05 20 19:18:57.723794,358
,359
,361
,360
,364
,365
,366
,365
,360
,360
,357
,365
,368
,363
2026 05 20 19:18:57.789052,360
,357
,357
,359
,364
,360
,362
,362
,363
,361
,362
,359
,360
,363
2026 05 20 19:18:57.850298,362
,359
,358
,361
,360
,361
,363
,359
,359
,365
,362
,359
,361
,363
2026 05 20 19:18:57.916211,364
,362
,363
,360
,361
,355
,361
,364
,363
,360
,360
,364
,362
,361
2026 05 20 19:18:57.977264,361
,364
,357
,358
,358
,355
,350
,354
,356
,354
,355
,356
,355
,352
2026 05 20 19:18:58.039026,355
,352
,353
,358
,359
,355
,363
,361
,362
,361
,359
,361
,358
,359
2026 05 20 19:18:58.104776,355
,357
,352
,355
,356
,351
,351
,348
,352
,355
,355
,353
,358
,351
2026 05 20 19:18:58.166205,352
,350
,359
,356
,359
,359
,352
,354
,354
,352
,349
,347
,341
,343
2026 05 20 19:18:58.230159,340
,342
,344
,347
,349
,353
,353
,351
,355
,349
,350
,347
,345
,349
2026 05 20 19:18:58.293032,345
,343
,347
,347
,348
,351
,349
,349
,347
,351
,348
,346
,352
,352
2026 05 20 19:18:58.353659,351
,350
,353
,349
,351
,351
,353
,350
,361
,359
,356
,356
,356
,355
2026 05 20 19:18:58.419293,354
,354
,351
,358
,360
,358
,358
,359
,354
,352
,357
,358
,356
,353
2026 05 20 19:18:58.481154,358
,356
,354
,357
,357
,356
,355
,350
,348
,353
,349
,349
,352
,354
2026 05 20 19:18:58.546685,352
,350
,351
,359
,359
,356
,355
,357
,355
,353
,351
,346
,343
,346
2026 05 20 19:18:58.607563,347
,344
,342
,342
,343
,346
,343
,347
,345
,352
,350
,345
,341
,342
2026 05 20 19:18:58.669716,339
,341
,338
,338
,342
,339
,346
,342
,344
,347
,348
,342
,345
,343
2026 05 20 19:18:58.735216,345
,341
,342
,348
,347
,346
,346
,343
,343
,344
,348
,348
,347
,352
2026 05 20 19:18:58.796741,355
,358
,358
,355
,362
,359
,358
,354
,357
,352
,349
,354
,359
,355
2026 05 20 19:18:58.863100,352
,355
,353
,355
,352
,353
,351
,352
,353
,350
,351
,353
,351
,349
2026 05 20 19:18:58.923638,350
,347
,350
,344
,351
,349
,349
,344
,339
,341
,337
,339
,335
,341
2026 05 20 19:18:58.984501,337
,344
,347
,344
,342
,344
,344
,339
,343
,341
,343
,346
,347
,342
2026 05 20 19:18:59.049922,349
,347
,345
,344
,344
,341
,340
,347
,346
,346
,344
,348
,349
,352
2026 05 20 19:18:59.112054,357
,359
,361
,357
,358
,361
,354
,345
,350
,352
,352
,344
,344
,343
2026 05 20 19:18:59.173062,346
,351
,353
,360
,360
,359
,356
,356
,353
,351
,349
,350
,347
,347
2026 05 20 19:18:59.239082,350
,349
,347
,349
,350
,344
,352
,353
,357
,357
,355
,351
,352
,350
2026 05 20 19:18:59.300758,348
,346
,344
,346
,350
,358
,356
,357
,356
,354
,357
,358
,359
,354
2026 05 20 19:18:59.366065,359
,362
,361
,354
,352
,351
,351
,350
,350
,352
,351
,352
,349
,354
2026 05 20 19:18:59.426886,356
,356
,356
,361
,359
,362
,361
,357
,350
,347
,354
,351
,351
,355
2026 05 20 19:18:59.488835,358
,359
,351
,352
,348
,351
,351
,352
,352
,357
,354
,363
,362
,358
2026 05 20 19:18:59.554638,352
,355
,353
,351
,352
,353
,353
,355
,356
,356
,359
,357
,359
,354
2026 05 20 19:18:59.615916,352
,351
,348
,348
,345
,348
,343
,343
,349
,353
,351
,351
,355
,356
2026 05 20 19:18:59.680325,356
,356
,361
,360
,358
,357
,361
,355
,354
,353
,355
,349
,349
,350
2026 05 20 19:18:59.742910,352
,355
,353
,357
,356
,357
,356
,359
,354
,356
,352
,357
,356
,352
2026 05 20 19:18:59.803979,357
,352
,349
,350
,352
,353
,353
,348
,350
,354
,351
,354
,353
,349
2026 05 20 19:18:59.869754,353
,353
,352
,350
,349
,340
,343
,348
,346
,344
,342
,338
,344
,342
2026 05 20 19:18:59.930994,341
,341
,342
,342
,344
,342
,342
,348
,344
,349
,343
,342
,345
,352
2026 05 20 19:18:59.996671,347
,341
,344
,342
,349
,350
,355
,350
,353
,357
,359
,353
,354
,349
2026 05 20 19:19:00.057910,350
,353
,353
,362
,357
,355
,355
,356
,353
,350
,341
,345
,342
,345
2026 05 20 19:19:00.119643,347
,348
,350
,354
,351
,352
,356
,351
,353
,348
,347
,347
,345
,345
2026 05 20 19:19:00.185198,346
,349
,348
,347
,346
,350
,348
,353
,340
,348
,350
,349
,352
,350
2026 05 20 19:19:00.246165,352
,347
,348
,346
,345
,347
,352
,350
,353
,351
,355
,358
,358
,361
2026 05 20 19:19:00.311784,357
,356
,351
,347
,340
,334
,332
,337
,328
,334
,339
,341
,344
,344
2026 05 20 19:19:00.373663,348
,348
,346
,342
,339
,340
,343
,345
,342
,342
,339
,341
,346
,348
2026 05 20 19:19:00.434486,345
,350
,349
,358
,359
,359
,360
,353
,349
,342
,345
,346
,352
,354
2026 05 20 19:19:00.500484,357
,355
,356
,356
,357
,355
,353
,358
,356
,355
,356
,354
,350
,350
2026 05 20 19:19:00.561220,352
,350
,355
,351
,350
,343
,347
,346
,347
,347
,350
,358
,358
,355
2026 05 20 19:19:00.627461,352
,353
,351
,352
,347
,350
,343
,348
,351
,353
,350
,354
,357
,353
2026 05 20 19:19:00.689095,356
,349
,353
,353
,352
,348
,349
,345
,341
,342
,347
,347
,344
,343
2026 05 20 19:19:00.749869,345
,344
,345
,349
,347
,350
,352
,349
,356
,354
,352
,350
,353
,348
2026 05 20 19:19:00.815929,350
,344
,348
,348
,349
,349
,348
,351
,350
,353
,348
,350
,351
,352
2026 05 20 19:19:00.879285,350
,353
,347
,354
,355
,353
,358
,355
,355
,350
,350
,346
,353
,351
2026 05 20 19:19:00.942143,356
,356
,356
,357
,356
,360
,362
,363
,360
,361
,362
,364
,367
,363
2026 05 20 19:19:01.003796,361
,359
,358
,357
,357
,352
,352
,350
,355
,354
,353
,351
,351
,349
2026 05 20 19:19:01.065244,352
,357
,357
,358
,355
,358
,354
,356
,360
,361
,363
,364
,362
,359
2026 05 20 19:19:01.130881,355
,347
,347
,345
,342
,344
,353
,353
,352
,352
,358
,356
,354
,355
2026 05 20 19:19:01.193029,357
,357
,352
,355
,353
,350
,347
,347
,343
,347
,347
,347
,352
,348
2026 05 20 19:19:01.257362,352
,352
,353
,347
,353
,352
,353
,354
,352
,350
,346
,350
,345
,347
2026 05 20 19:19:01.319321,344
,347
,344
,343
,344
,346
,343
,340
,343
,342
,350
,347
,349
,353
2026 05 20 19:19:01.380927,350
,346
,346
,348
,344
,348
,343
,345
,349
,352
,354
,357
,358
,363
2026 05 20 19:19:01.446642,362
,363
,366
,362
,365
,359
,359
,355
,355
,355
,360
,358
,351
,358
2026 05 20 19:19:01.513322,356
,356
,355
,358
,355
,362
,362
,363
,359
,357
,358
,364
,358
,355
2026 05 20 19:19:01.573073,356
,351
,355
,354
,361
,359
,358
,356
,358
,363
,359
,361
,355
,355
2026 05 20 19:19:01.635454,353
,360
,356
,355
,359
,354
,354
,354
,350
,349
,353
,346
,349
,346
2026 05 20 19:19:01.696101,351
,348
,357
,352
,351
,350
,347
,344
,343
,347
,347
,352
,356
,357
2026 05 20 19:19:01.761959,354
,353
,352
,354
,358
,352
,349
,347
,346
,347
,350
,347
,351
,346
2026 05 20 19:19:01.823011,351
,351
,358
,354
,352
,354
,357
,358
,353
,355
,350
,359
,353
,351
2026 05 20 19:19:01.888921,347
,351
,346
,343
,348
,349
,345
,344
,350
,352
,348
,346
,350
,353
2026 05 20 19:19:01.949812,354
,358
,356
,357
,354
,354
,353
,356
,348
,357
,358
,354
,354
,355
2026 05 20 19:19:02.011582,356
,352
,356
,353
,352
,353
,356
,359
,360
,356
,352
,349
,350
,348
2026 05 20 19:19:02.077390,348
,345
,346
,358
,358
,356
,358
,358
,361
,359
,363
,359
,361
,362
2026 05 20 19:19:02.137510,362
,357
,357
,356
,353
,350
,347
,353
,349
,345
,340
,346
,348
,349
2026 05 20 19:19:02.203847,359
,359
,355
,354
,353
,352
,350
,343
,343
,341
,342
,345
,350
,352
2026 05 20 19:19:02.266293,350
,348
,347
,343
,343
,337
,338
,344
,338
,341
,339
,338
,342
,346
2026 05 20 19:19:02.326625,340
,341
,343
,343
,341
,345
,347
,345
,347
,349
,350
,355
,351
,349
2026 05 20 19:19:02.392120,350
,347
,343
,343
,344
,345
,351
,357
,352
,349
,348
,350
,353
,348
2026 05 20 19:19:02.454235,353
,350
,351
,351
,357
,355
,353
,350
,350
,350
,350
,351
,345
,346
2026 05 20 19:19:02.520420,346
,352
,353
,357
,357
,355
,356
,352
,352
,353
,351
,348
,350
,344
2026 05 20 19:19:02.581250,347
,345
,353
,350
,352
,353
,347
,348
,347
,350
,349
,350
,354
,357
2026 05 20 19:19:02.642134,354
,349
,350
,352
,349
,345
,345
,342
,344
,340
,353
,354
,355
,350
2026 05 20 19:19:02.707794,354
,352
,349
,347
,347
,344
,341
,342
,339
,340
,337
,340
,340
,340
2026 05 20 19:19:02.769732,342
,344
,347
,347
,347
,350
,358
,359
,366
,359
,357
,355
,355
,353
2026 05 20 19:19:02.835098,347
,342
,347
,353
,353
,356
,355
,351
,344
,349
,350
,348
,344
,344
2026 05 20 19:19:02.896934,346
,351
,352
,353
,355
,356
,359
,357
,351
,348
,352
,352
,354
,352
2026 05 20 19:19:02.957439,356
,354
,348
,353
,347
,343
,338
,342
,345
,343
,342
,342
,347
,348
2026 05 20 19:19:03.023480,356
,354
,348
,347
,349
,349
,338
,341
,343
,343
,343
,337
,337
,341
2026 05 20 19:19:03.085147,342
,345
,340
,340
,339
,335
,338
,338
,340
,342
,343
,340
,341
,343
2026 05 20 19:19:03.146183,340
,336
,337
,338
,341
,338
,345
,347
,343
,348
,347
,346
,344
,346
2026 05 20 19:19:03.211983,345
,344
,339
,336
,341
,344
,342
,341
,350
,347
,349
,347
,348
,346
2026 05 20 19:19:03.273486,347
,349
,352
,352
,349
,353
,350
,351
,354
,349
,348
,353
,348
,349
2026 05 20 19:19:03.338065,352
,353
,357
,357
,358
,352
,357
,360
,361
,359
,356
,358
,359
,359
2026 05 20 19:19:03.399791,353
,354
,345
,344
,343
,351
,347
,350
,345
,346
,343
,347
,355
,355
2026 05 20 19:19:03.461081,358
,353
,355
,352
,358
,351
,353
,354
,350
,352
,347
,350
,345
,347
2026 05 20 19:19:03.527317,349
,346
,343
,345
,342
,348
,351
,352
,349
,351
,356
,350
,351
,350
2026 05 20 19:19:03.588083,356
,356
,358
,357
,354
,356
,358
,355
,352
,352
,350
,353
,350
,346
2026 05 20 19:19:03.654024,347
,354
,353
,351
,358
,354
,355
,355
,353
,354
,355
,350
,351
,350
2026 05 20 19:19:03.715984,351
,352
,352
,353
,352
,352
,351
,352
,352
,356
,358
,353
,361
,357
2026 05 20 19:19:03.776908,359
,357
,360
,356
,354
,359
,359
,356
,355
,353
,355
,356
,355
,352
2026 05 20 19:19:03.842070,349
,349
,347
,350
,347
,352
,355
,357
,357
,364
,360
,360
,359
,354
2026 05 20 19:19:03.903514,356
,353
,355
,352
,355
,354
,353
,352
,355
,364
,361
,363
,360
,364
2026 05 20 19:19:03.969653,364
,364
,362
,361
,357
,364
,369
,365
,369
,363
,367
,362
,366
,362
2026 05 20 19:19:04.032245,361
,360
,365
,356
,354
,357
,353
,355
,345
,347
,342
,342
,341
,356
2026 05 20 19:19:04.092161,362
,358
,356
,358
,358
,358
,363
,358
,356
,352
,355
,354
,351
,348
2026 05 20 19:19:04.157301,350
,351
,349
,353
,348
,353
,351
,352
,348
,349
,348
,345
,350
,352
2026 05 20 19:19:04.219368,354
,347
,351
,348
,356
,352
,356
,357
,358
,359
,363
,358
,355
,358
2026 05 20 19:19:04.285218,347
,343
,344
,344
,346
,353
,350
,352
,356
,353
,353
,349
,356
,350
2026 05 20 19:19:04.346278,351
,348
,355
,351
,351
,354
,356
,356
,350
,350
,351
,355
,351
,354
2026 05 20 19:19:04.408211,352
,347
,344
,351
,355
,351
,349
,347
,345
,344
,350
,346
,348
,349
2026 05 20 19:19:04.473564,352
,351
,351
,349
,351
,351
,347
,359
,356
,357
,353
,356
,358
,365
2026 05 20 19:19:04.535091,365
,364
,359
,357
,358
,356
,355
,353
,353
,346
,345
,347
,348
,346
2026 05 20 19:19:04.600250,349
,344
,346
,353
,356
,357
,353
,354
,357
,361
,362
,361
,357
,358
2026 05 20 19:19:04.661455,359
,354
,357
,359
,361
,358
,358
,350
,349
,352
,353
,349
,348
,349
2026 05 20 19:19:04.722528,349
,356
,359
,360
,362
,358
,358
,359
,355
,357
,356
,355
,356
,356
2026 05 20 19:19:04.787458,360
,356
,359
,357
,366
,363
,360
,361
,364
,363
,360
,365
,358
,355
2026 05 20 19:19:04.850107,353
,353
,348
,347
,345
,348
,348
,350
,351
,349
,346
,353
,359
,354
2026 05 20 19:19:04.916407,353
,351
,352
,354
,352
,354
,354
,354
,353
,359
,353
,351
,346
,345
2026 05 20 19:19:04.977351,346
,355
,357
,358
,362
,360
,364
,360
,359
,354
,357
,353
,352
,348
2026 05 20 19:19:05.037992,349
,351
,355
,360
,352
,355
,353
,360
,351
,346
,345
,343
,339
,343
2026 05 20 19:19:05.104271,340
,334
,335
,335
,341
,339
,334
,337
,339
,342
,342
,338
,339
,338
2026 05 20 19:19:05.165731,339
,342
,339
,340
,340
,340
,343
,346
,346
,346
,347
,349
,354
,359
2026 05 20 19:19:05.230844,358
,352
,364
,360
,355
,352
,354
,356
,351
,355
,347
,348
,346
,348
2026 05 20 19:19:05.293337,347
,349
,345
,349
,354
,350
,354
,355
,356
,350
,351
,351
,348
,346
2026 05 20 19:19:05.353287,351
,345
,338
,334
,334
,330
,331
,340
,339
,349
,349
,354
,355
,352
2026 05 20 19:19:05.419212,356
,358
,351
,342
,353
,348
,349
,344
,348
,342
,345
,344
,347
,350
2026 05 20 19:19:05.480299,353
,349
,353
,360
,356
,362
,359
,357
,355
,361
,352
,354
,358
,357
2026 05 20 19:19:05.546176,362
,360
,363
,363
,365
,362
,367
,362
,362
,357
,359
,360
,356
,362
2026 05 20 19:19:05.607481,362
,361
,360
,364
,358
,356
,355
,359
,356
,358
,364
,366
,366
,363
2026 05 20 19:19:05.669571,367
,363
,364
,359
,363
,363
,357
,352
,354
,354
,353
,354
,347
,353
2026 05 20 19:19:05.735309,357
,359
,361
,356
,353
,357
,356
,353
,356
,353
,352
,345
,352
,351
2026 05 20 19:19:05.796293,352
,350
,351
,355
,355
,352
,349
,347
,344
,348
,343
,340
,333
,330
2026 05 20 19:19:05.861950,329
,332
,332
,334
,335
,331
,337
,341
,346
,343
,346
,346
,349
,345
2026 05 20 19:19:05.923185,352
,353
,349
,348
,346
,345
,341
,345
,345
,349
,350
,357
,354
,361
2026 05 20 19:19:05.984140,365
,364
,366
,361
,368
,364
,367
,362
,361
,359
,359
,358
,349
,354
2026 05 20 19:19:06.050332,353
,356
,354
,350
,346
,351
,347
,347
,350
,350
,346
,346
,344
,343
2026 05 20 19:19:06.111933,341
,342
,349
,344
,344
,341
,349
,350
,349
,349
,348
,347
,343
,347
2026 05 20 19:19:06.176623,346
,351
,346
,348
,352
,352
,354
,350
,351
,352
,356
,353
,352
,354
2026 05 20 19:19:06.237874,359
,361
,366
,363
,355
,354
,353
,355
,350
,351
,346
,354
,349
,347
2026 05 20 19:19:06.300218,355
,351
,346
,346
,355
,354
,359
,357
,362
,361
,361
,357
,355
,358
2026 05 20 19:19:06.365458,356
,360
,354
,357
,350
,352
,343
,345
,343
,352
,355
,353
,350
,351
2026 05 20 19:19:06.426910,351
,347
,342
,342
,340
,339
,342
,343
,344
,345
,347
,352
,350
,352
2026 05 20 19:19:06.492735,351
,355
,346
,353
,354
,354
,352
,356
,351
,350
,349
,347
,341
,341
2026 05 20 19:19:06.553556,345
,343
,343
,342
,347
,348
,351
,351
,351
,353
,347
,349
,354
,355
2026 05 20 19:19:06.616118,355
,361
,352
,350
,352
,356
,355
,355
,357
,363
,364
,359
,364
,364
2026 05 20 19:19:06.681119,361
,356
,359
,354
,352
,349
,349
,353
,352
,353
,353
,356
,347
,348
2026 05 20 19:19:06.742830,340
,340
,342
,345
,350
,349
,351
,352
,355
,351
,354
,347
,351
,347
2026 05 20 19:19:06.808158,347
,352
,346
,345
,343
,342
,343
,352
,352
,353
,352
,356
,358
,357
2026 05 20 19:19:06.869796,359
,357
,360
,357
,363
,361
,358
,358
,362
,365
,364
,362
,366
,367
2026 05 20 19:19:06.930573,361
,363
,357
,355
,350
,357
,359
,350
,354
,355
,354
,355
,349
,351
2026 05 20 19:19:06.996683,359
,355
,365
,365
,363
,360
,364
,362
,359
,363
,358
,361
,358
,357
2026 05 20 19:19:07.058068,359
,360
,354
,357
,364
,358
,352
,360
,363
,361
,363
,360
,358
,358
2026 05 20 19:19:07.123525,362
,358
,366
,363
,364
,359
,355
,355
,354
,358
,357
,360
,361
,367
2026 05 20 19:19:07.185118,357
,358
,359
,354
,358
,354
,354
,355
,358
,354
,351
,352
,354
,353
2026 05 20 19:19:07.246446,347
,344
,345
,351
,350
,352
,349
,348
,348
,348
,352
,352
,359
,354
2026 05 20 19:19:07.311371,353
,355
,350
,355
,355
,352
,360
,356
,353
,351
,354
,351
,351
,349
2026 05 20 19:19:07.373452,354
,358
,353
,357
,357
,353
,350
,356
,355
,353
,351
,348
,349
,348
2026 05 20 19:19:07.434911,352
,351
,352
,352
,351
,348
,344
,342
,345
,348
,348
,348
,351
,361
2026 05 20 19:19:07.499985,355
,357
,351
,348
,347
,346
,348
,350
,356
,351
,352
,353
,354
,347
2026 05 20 19:19:07.561164,348
,346
,349
,350
,347
,346
,348
,358
,355
,358
,350
,354
,348
,348
2026 05 20 19:19:07.626457,342
,342
,337
,342
,342
,342
,348
,348
,350
,350
,351
,345
,347
,349
2026 05 20 19:19:07.689001,349
,346
,346
,349
,349
,346
,349
,343
,348
,347
,337
,342
,342
,348
2026 05 20 19:19:07.749912,343
,349
,353
,353
,353
,350
,354
,350
,352
,355
,362
,357
,358
,356
2026 05 20 19:19:07.814894,356
,361
,361
,357
,355
,357
,352
,350
,348
,348
,351
,346
,352
,354
2026 05 20 19:19:07.877083,353
,345
,355
,354
,350
,348
,354
,357
,355
,352
,356
,354
,350
,350
2026 05 20 19:19:07.942576,348
,350
,347
,352
,354
,357
,357
,355
,354
,356
,359
,356
,359
,350
2026 05 20 19:19:08.004594,352
,351
,352
,353
,352
,353
,349
,347
,349
,348
,348
,351
,352
,351
2026 05 20 19:19:08.066010,345
,349
,360
,353
,351
,349
,352
,352
,358
,353
,354
,351
,362
,362
2026 05 20 19:19:08.131118,359
,352
,354
,356
,348
,350
,347
,350
,348
,357
,352
,354
,353
,356
2026 05 20 19:19:08.192192,359
,357
,365
,357
,358
,352
,351
,348
,353
,357
,359
,363
,363
,354
2026 05 20 19:19:08.258067,348
,353
,351
,353
,350
,351
,350
,356
,356
,354
,352
,355
,354
,353
2026 05 20 19:19:08.319572,351
,345
,349
,344
,351
,351
,352
,352
,355
,357
,355
,356
,353
,360
2026 05 20 19:19:08.380406,362
,356
,350
,354
,348
,352
,351
,348
,349
,346
,349
,345
,350
,356
2026 05 20 19:19:08.446564,356
,355
,359
,361
,361
,360
,355
,356
,351
,347
,347
,349
,347
,349
2026 05 20 19:19:08.507392,348
,351
,351
,355
,358
,353
,357
,358
,360
,357
,366
,362
,364
,362
2026 05 20 19:19:08.572622,368
,364
,358
,360
,355
,360
,352
,360
,354
,351
,354
,360
,356
,362
2026 05 20 19:19:08.634206,358
,355
,356
,350
,350
,350
,352
,353
,357
,355
,353
,353
,348
,351
2026 05 20 19:19:08.695680,352
,355
,348
,353
,351
,354
,352
,360
,355
,359
,357
,354
,354
,355
2026 05 20 19:19:08.761851,354
,346
,352
,352
,355
,348
,352
,351
,349
,353
,347
,353
,352
,354
2026 05 20 19:19:08.822401,352
,357
,353
,359
,358
,357
,356
,359
,358
,353
,352
,350
,351
,348
2026 05 20 19:19:08.888918,357
,356
,362
,357
,357
,357
,354
,356
,352
,356
,352
,354
,352
,356
2026 05 20 19:19:08.949735,356
,356
,355
,351
,351
,351
,350
,351
,356
,358
,364
,357
,362
,360
2026 05 20 19:19:09.011025,355
,357
,353
,353
,355
,359
,353
,359
,361
,365
,356
,353
,347
,350
2026 05 20 19:19:09.076854,357
,348
,348
,350
,356
,351
,360
,358
,360
,357
,360
,354
,350
,351
2026 05 20 19:19:09.138094,346
,348
,346
,346
,345
,347
,344
,349
,353
,356
,352
,351
,354
,350
2026 05 20 19:19:09.203338,356
,354
,355
,350
,354
,347
,347
,343
,344
,353
,353
,354
,350
,351
2026 05 20 19:19:09.264388,350
,354
,345
,345
,347
,346
,347
,350
,352
,344
,347
,342
,341
,344
2026 05 20 19:19:09.326955,349
,347
,350
,345
,346
,340
,340
,337
,335
,339
,338
,343
,339
,340
2026 05 20 19:19:09.392569,341
,343
,336
,342
,344
,342
,342
,347
,348
,342
,343
,348
,340
,341
2026 05 20 19:19:09.453455,345
,346
,351
,345
,339
,343
,337
,333
,337
,340
,336
,339
,337
,335
2026 05 20 19:19:09.519172,336
,338
,344
,338
,343
,341
,347
,343
,345
,350
,350
,349
,351
,354
2026 05 20 19:19:09.580562,357
,358
,357
,361
,354
,358
,351
,350
,349
,357
,357
,359
,357
,361
2026 05 20 19:19:09.643229,363
,362
,362
,363
,363
,360
,362
,362
,361
,360
,360
,357
,363
,371
2026 05 20 19:19:09.707891,365
,365
,362
,364
,364
,354
,348
,356
,356
,356
,356
,361
,364
,354
2026 05 20 19:19:09.768959,356
,351
,351
,348
,348
,350
,351
,349
,352
,353
,349
,354
,352
,353
2026 05 20 19:19:09.834358,350
,349
,348
,345
,347
,351
,355
,350
,352
,352
,356
,349
,357
,357
2026 05 20 19:19:09.896143,355
,351
,356
,361
,363
,360
,355
,355
,354
,357
,353
,352
,350
,356
2026 05 20 19:19:09.957642,354
,350
,355
,354
,353
,357
,359
,358
,366
,358
,362
,360
,353
,359
2026 05 20 19:19:10.022939,357
,357
,352
,357
,350
,348
,343
,344
,345
,351
,348
,348
,354
,355
2026 05 20 19:19:10.084905,354
,354
,355
,349
,348
,354
,353
,354
,361
,356
,357
,354
,354
,354
2026 05 20 19:19:10.150008,351
,355
,353
,356
,349
,348
,347
,350
,350
,351
,356
,355
,361
,362
2026 05 20 19:19:10.211104,364
,364
,362
,357
,357
,348
,352
,353
,352
,357
,357
,356
,356
,357
2026 05 20 19:19:10.275482,350
,355
,352
,355
,358
,360
,357
,356
,356
,348
,349
,347
,350
,349
2026 05 20 19:19:10.338714,347
,343
,343
,338
,340
,348
,348
,354
,353
,351
,350
,356
,348
,353
2026 05 20 19:19:10.400341,350
,348
,349
,347
,348
,343
,343
,339
,345
,340
,344
,344
,353
,347
2026 05 20 19:19:10.465390,345
,342
,344
,349
,348
,351
,350
,350
,348
,349
,356
,355
,355
,354
2026 05 20 19:19:10.526703,360
,360
,358
,353
,355
,353
,348
,345
,344
,337
,338
,344
,340
,348
2026 05 20 19:19:10.588055,349
,353
,346
,349
,344
,345
,350
,355
,357
,354
,350
,344
,345
,340
2026 05 20 19:19:10.653210,340
,338
,335
,332
,339
,342
,342
,346
,349
,357
,354
,362
,360
,365
2026 05 20 19:19:10.715695,359
,367
,365
,363
,358
,350
,357
,351
,350
,347
,343
,342
,346
,345
2026 05 20 19:19:10.781018,349
,347
,352
,358
,358
,362
,364
,367
,361
,357
,347
,349
,344
,347
2026 05 20 19:19:10.842947,350
,351
,348
,346
,351
,350
,354
,346
,347
,347
,353
,349
,351
,348
2026 05 20 19:19:10.903509,346
,353
,351
,349
,343
,348
,344
,347
,347
,353
,347
,352
,357
,359
2026 05 20 19:19:10.969017,354
,351
,357
,352
,351
,350
,357
,350
,350
,348
,350
,348
,344
,349
2026 05 20 19:19:11.031097,346
,345
,338
,345
,343
,344
,350
,346
,341
,341
,346
,348
,348
,343
2026 05 20 19:19:11.095806,340
,337
,345
,345
,346
,346
,352
,357
,353
,356
,352
,349
,343
,345
2026 05 20 19:19:11.158236,342
,339
,338
,339
,342
,339
,342
,346
,349
,353
,357
,352
,353
,353
2026 05 20 19:19:11.219046,358
,357
,351
,350
,347
,345
,345
,352
,353
,353
,353
,358
,355
,358
2026 05 20 19:19:11.284221,356
,355
,355
,352
,358
,349
,347
,343
,343
,344
,345
,343
,344
,344
2026 05 20 19:19:11.346488,345
,340
,335
,344
,338
,341
,339
,346
,342
,345
,340
,339
,341
,345
2026 05 20 19:19:11.407616,348
,345
,345
,346
,348
,346
,352
,351
,352
,350
,350
,354
,353
,351
2026 05 20 19:19:11.472991,347
,355
,348
,347
,346
,355
,345
,345
,345
,349
,345
,348
,345
,347
2026 05 20 19:19:11.534330,349
,350
,355
,353
,349
,349
,349
,349
,353
,354
,352
,357
,361
,361
2026 05 20 19:19:11.599377,360
,363
,360
,361
,360
,365
,367
,368
,369
,364
,359
,358
,358
,360
2026 05 20 19:19:11.661698,361
,357
,353
,353
,348
,350
,351
,351
,352
,358
,358
,358
,355
,357
2026 05 20 19:19:11.722944,358
,358
,356
,352
,353
,345
,351
,344
,345
,352
,352
,352
,349
,349
2026 05 20 19:19:11.787952,349
,352
,349
,348
,345
,351
,348
,353
,346
,345
,343
,345
,345
,348
2026 05 20 19:19:11.849775,349
,353
,351
,350
,350
,350
,356
,347
,351
,356
,354
,353
,350
,353
2026 05 20 19:19:11.915097,359
,356
,351
,350
,350
,349
,351
,350
,348
,352
,358
,357
,355
,351
2026 05 20 19:19:11.977045,359
,360
,361
,352
,359
,352
,350
,348
,348
,349
,351
,352
,347
,351
2026 05 20 19:19:12.037394,344
,342
,337
,343
,345
,349
,349
,350
,355
,359
,366
,365
,366
,357
2026 05 20 19:19:12.103866,358
,357
,353
,349
,344
,348
,351
,349
,343
,350
,351
,355
,352
,355
2026 05 20 19:19:12.165527,355
,357
,360
,362
,360
,358
,357
,357
,360
,355
,356
,347
,350
,351
2026 05 20 19:19:12.230372,354
,354
,353
,352
,351
,353
,347
,348
,339
,341
,344
,346
,345
,348
2026 05 20 19:19:12.292199,359
,358
,354
,346
,349
,345
,350
,347
,348
,348
,348
,349
,347
,338
2026 05 20 19:19:12.353595,337
,343
,340
,345
,342
,342
,341
,345
,346
,346
,344
,343
,348
,345
2026 05 20 19:19:12.419483,344
,348
,347
,343
,346
,350
,350
,342
,345
,346
,341
,352
,346
,347
2026 05 20 19:19:12.480207,352
,361
,360
,366
,364
,364
,367
,367
,362
,361
,358
,353
,355
,354
2026 05 20 19:19:12.545615,356
,355
,358
,352
,352
,350
,349
,352
,352
,356
,355
,358
,355
,355
2026 05 20 19:19:12.607013,353
,352
,349
,353
,351
,350
,357
,350
,352
,352
,355
,351
,353
,349
2026 05 20 19:19:12.669119,349
,351
,351
,351
,352
,347
,344
,348
,349
,351
,349
,348
,346
,347
2026 05 20 19:19:12.734695,342
,342
,342
,341
,340
,342
,341
,339
,345
,344
,342
,339
,339
,345
2026 05 20 19:19:12.797352,339
,342
,336
,337
,336
,339
,336
,339
,334
,333
,333
,336
,341
,337
2026 05 20 19:19:12.861586,347
,339
,345
,339
,345
,345
,345
,348
,348
,349
,342
,343
,342
,350
2026 05 20 19:19:12.923321,347
,345
,347
,354
,357
,359
,356
,357
,354
,354
,356
,352
,355
,355
2026 05 20 19:19:12.984424,362
,362
,362
,353
,352
,351
,352
,351
,352
,353
,349
,354
,351
,354
2026 05 20 19:19:13.049989,351
,353
,358
,354
,354
,352
,352
,353
,358
,353
,355
,349
,349
,343
2026 05 20 19:19:13.111220,345
,344
,341
,340
,340
,345
,348
,357
,356
,362
,362
,363
,359
,360
2026 05 20 19:19:13.176717,361
,362
,360
,353
,349
,345
,348
,344
,346
,348
,352
,350
,349
,352
2026 05 20 19:19:13.238768,351
,354
,356
,355
,350
,351
,353
,356
,360
,356
,353
,351
,347
,347
2026 05 20 19:19:13.299398,346
,340
,349
,347
,349
,346
,348
,347
,346
,345
,342
,343
,346
,354
2026 05 20 19:19:13.365576,350
,354
,352
,352
,349
,348
,349
,350
,350
,346
,351
,346
,353
,352
2026 05 20 19:19:13.426980,355
,354
,355
,356
,356
,358
,356
,352
,350
,350
,348
,352
,352
,356
2026 05 20 19:19:13.493267,358
,361
,357
,352
,352
,353
,354
,352
,357
,351
,354
,352
,355
,348
2026 05 20 19:19:13.554078,350
,354
,349
,351
,353
,349
,350
,357
,352
,353
,350
,355
,355
,353
2026 05 20 19:19:13.615174,348
,344
,346
,341
,343
,343
,351
,349
,349
,348
,353
,345
,351
,349
2026 05 20 19:19:13.679806,348
,346
,341
,349
,342
,347
,343
,343
,337
,334
,341
,345
,346
,348
2026 05 20 19:19:13.743924,351
,351
,350
,349
,349
,348
,350
,346
,344
,346
,347
,351
,350
,351
2026 05 20 19:19:13.807472,347
,350
,345
,351
,348
,353
,347
,348
,353
,350
,348
,347
,352
,351
2026 05 20 19:19:13.868959,357
,359
,362
,360
,358
,362
,358
,358
,350
,357
,349
,350
,347
,349
2026 05 20 19:19:13.930249,344
,348
,345
,343
,346
,348
,350
,352
,356
,346
,348
,344
,347
,349
2026 05 20 19:19:13.995692,357
,356
,356
,353
,355
,358
,356
,360
,361
,357
,355
,354
,354
,348
2026 05 20 19:19:14.057833,352
,359
,358
,355
,357
,357
,361
,361
,361
,357
,362
,360
,359
,354
2026 05 20 19:19:14.123276,362
,359
,355
,358
,355
,358
,352
,358
,352
,353
,354
,353
,354
,346
2026 05 20 19:19:14.184966,346
,344
,347
,344
,348
,345
,344
,340
,339
,341
,338
,337
,338
,338
2026 05 20 19:19:14.246216,339
,347
,347
,347
,347
,351
,352
,356
,354
,356
,360
,358
,363
,363
2026 05 20 19:19:14.311725,367
,356
,360
,363
,363
,359
,362
,361
,360
,358
,356
,358
,355
,359
2026 05 20 19:19:14.372805,353
,358
,352
,350
,356
,352
,352
,352
,358
,361
,360
,353
,358
,356
2026 05 20 19:19:14.438694,356
,356
,352
,351
,352
,356
,359
,356
,351
,358
,353
,350
,352
,358
2026 05 20 19:19:14.500169,350
,350
,355
,354
,354
,351
,356
,352
,352
,354
,354
,350
,352
,353
2026 05 20 19:19:14.560968,351
,353
,353
,353
,357
,356
,353
,358
,354
,356
,357
,358
,353
,357
2026 05 20 19:19:14.628016,359
,356
,351
,343
,352
,350
,353
,351
,351
,350
,353
,354
,355
,354
2026 05 20 19:19:14.689001,353
,355
,350
,360
,353
,347
,345
,342
,345
,340
,347
,346
,352
,350
2026 05 20 19:19:14.753730,351
,346
,347
,340
,343
,348
,346
,349
,349
,348
,345
,349
,348
,350
2026 05 20 19:19:14.815567,348
,350
,352
,350
,351
,352
,350
,345
,345
,337
,338
,332
,343
,341
2026 05 20 19:19:14.878311,343
,342
,347
,351
,350
,348
,346
,352
,347
,348
,341
,341
,337
,344
2026 05 20 19:19:14.943354,352
,355
,352
,351
,355
,357
,359
,359
,358
,356
,359
,356
,356
,350
2026 05 20 19:19:15.004019,346
,348
,342
,343
,344
,343
,341
,346
,345
,344
,343
,343
,340
,337
2026 05 20 19:19:15.069615,336
,334
,336
,333
,338
,341
,344
,342
,347
,353
,354
,353
,356
,355
2026 05 20 19:19:15.130966,354
,354
,352
,352
,349
,356
,354
,351
,349
,355
,363
,356
,360
,355
2026 05 20 19:19:15.192509,361
,355
,362
,358
,358
,357
,355
,359
,362
,363
,357
,359
,355
,355
2026 05 20 19:19:15.257591,349
,348
,341
,342
,340
,341
,344
,344
,341
,342
,352
,350
,347
,351
2026 05 20 19:19:15.319478,357
,357
,354
,351
,354
,354
,352
,355
,352
,356
,355
,365
,357
,352
2026 05 20 19:19:15.384578,351
,351
,352
,358
,366
,364
,360
,361
,364
,362
,358
,355
,361
,357
2026 05 20 19:19:15.446657,353
,358
,355
,356
,357
,359
,358
,364
,362
,366
,361
,362
,355
,357
2026 05 20 19:19:15.507192,356
,349
,348
,346
,345
,345
,343
,348
,355
,348
,347
,351
,353
,357
2026 05 20 19:19:15.574097,355
,355
,357
,357
,353
,354
,350
,348
,345
,345
,345
,349
,350
,352
2026 05 20 19:19:15.634958,356
,352
,353
,352
,354
,354
,355
,357
,353
,355
,355
,359
,360
,364
2026 05 20 19:19:15.695660,363
,364
,359
,358
,351
,354
,351
,349
,353
,348
,353
,349
,354
,355
2026 05 20 19:19:15.761707,363
,362
,360
,360
,354
,359
,355
,352
,352
,346
,346
,352
,349
,356
2026 05 20 19:19:15.826055,356
,357
,355
,359
,360
,357
,358
,353
,351
,345
,353
,345
,345
,344
2026 05 20 19:19:15.887513,342
,346
,349
,347
,348
,347
,346
,345
,347
,343
,341
,349
,356
,352
2026 05 20 19:19:15.949846,353
,349
,353
,355
,358
,355
,351
,351
,356
,353
,355
,350
,348
,350
2026 05 20 19:19:16.011215,351
,355
,351
,351
,351
,355
,355
,355
,352
,353
,352
,350
,354
,347
2026 05 20 19:19:16.076938,350
,345
,348
,349
,351
,350
,350
,353
,352
,356
,356
,358
,360
,362
2026 05 20 19:19:16.138230,359
,355
,354
,354
,350
,347
,347
,348
,346
,344
,348
,344
,345
,341
2026 05 20 19:19:16.203892,352
,351
,349
,353
,357
,358
,355
,355
,347
,355
,355
,358
,353
,353
2026 05 20 19:19:16.265308,346
,348
,349
,348
,346
,346
,351
,342
,351
,349
,352
,353
,358
,354
2026 05 20 19:19:16.326640,351
,350
,349
,358
,359
,364
,360
,360
,362
,369
,366
,362
,360
,353
2026 05 20 19:19:16.392419,353
,348
,349
,347
,351
,351
,353
,351
,351
,348
,350
,353
,348
,353
2026 05 20 19:19:16.453065,350
,348
,349
,352
,353
,354
,352
,352
,359
,362
,356
,358
,356
,356
2026 05 20 19:19:16.519573,351
,354
,353
,347
,350
,350
,352
,347
,342
,349
,353
,361
,357
,357
2026 05 20 19:19:16.580993,356
,357
,355
,357
,350
,356
,355
,355
,359
,358
,359
,353
,354
,348
2026 05 20 19:19:16.642359,345
,344
,345
,344
,345
,342
,337
,337
,338
,344
,345
,346
,343
,347
2026 05 20 19:19:16.707752,345
,347
,344
,341
,348
,352
,351
,342
,342
,342
,336
,334
,341
,339
2026 05 20 19:19:16.769972,343
,344
,346
,343
,339
,344
,340
,348
,343
,352
,353
,353
,356
,358
2026 05 20 19:19:16.835411,355
,357
,358
,359
,363
,361
,355
,348
,351
,345
,339
,339
,341
,342
2026 05 20 19:19:16.896293,341
,348
,346
,351
,354
,359
,360
,365
,365
,358
,356
,355
,353
,342
2026 05 20 19:19:16.957127,346
,344
,344
,343
,349
,351
,354
,359
,362
,357
,354
,355
,351
,355
2026 05 20 19:19:17.023159,354
,353
,349
,354
,352
,347
,348
,346
,351
,352
,361
,358
,358
,355
2026 05 20 19:19:17.084124,360
,357
,358
,356
,356
,355
,351
,351
,348
,345
,340
,344
,338
,342
2026 05 20 19:19:17.149900,347
,352
,355
,359
,359
,358
,363
,362
,362
,357
,358
,353
,351
,348
2026 05 20 19:19:17.211106,343
,343
,345
,346
,346
,351
,353
,351
,348
,355
,351
,353
,347
,345
2026 05 20 19:19:17.273173,350
,354
,363
,364
,361
,361
,357
,349
,357
,348
,353
,350
,351
,351
2026 05 20 19:19:17.338625,350
,352
,350
,351
,352
,354
,354
,360
,354
,354
,354
,351
,354
,356
2026 05 20 19:19:17.400870,362
,361
,361
,357
,354
,351
,355
,355
,353
,348
,343
,343
,344
,345
2026 05 20 19:19:17.465998,349
,349
,343
,347
,343
,346
,350
,356
,354
,356
,345
,340
,343
,338
2026 05 20 19:19:17.526789,339
,337
,339
,342
,344
,345
,347
,355
,352
,358
,357
,360
,359
,360
2026 05 20 19:19:17.587580,356
,360
,358
,360
,359
,361
,359
,352
,357
,351
,357
,357
,356
,356
2026 05 20 19:19:17.653973,363
,365
,358
,359
,359
,361
,364
,364
,362
,358
,354
,362
,361
,354
2026 05 20 19:19:17.716370,346
,352
,364
,365
,363
,364
,366
,358
,367
,368
,373
,368
,360
,367
2026 05 20 19:19:17.780759,368
,365
,361
,363
,365
,365
,363
,365
,362
,363
,364
,360
,356
,350
2026 05 20 19:19:17.842627,349
,347
,346
,334
,339
,342
,344
,347
,348
,351
,353
,354
,355
,361
2026 05 20 19:19:17.902660,362
,366
,365
,363
,363
,368
,365
,366
,363
,367
,370
,363
,369
,362
2026 05 20 19:19:17.969271,368
,363
,367
,370
,373
,370
,367
,364
,366
,370
,367
,370
,367
,370
2026 05 20 19:19:18.029973,371
,373
,364
,358
,361
,356
,361
,363
,364
,360
,362
,362
,362
,361
2026 05 20 19:19:18.095772,363
,362
,367
,366
,362
,364
,365
,364
,362
,363
,354
,358
,358
,365
2026 05 20 19:19:18.157620,362
,360
,365
,361
,362
,360
,358
,358
,360
,351
,360
,352
,348
,350
2026 05 20 19:19:18.219062,350
,348
,355
,358
,356
,359
,362
,361
,358
,358
,356
,360
,366
,364
2026 05 20 19:19:18.284688,362
,361
,361
,358
,359
,353
,355
,352
,355
,356
,358
,358
,352
,348
2026 05 20 19:19:18.346246,348
,349
,350
,355
,350
,355
,347
,347
,349
,345
,347
,355
,359
,358
2026 05 20 19:19:18.411636,358
,350
,355
,360
,359
,354
,353
,350
,346
,348
,340
,341
,342
,351
2026 05 20 19:19:18.473192,353
,351
,346
,349
,348
,353
,357
,356
,350
,347
,350
,343
,345
,342
2026 05 20 19:19:18.533955,345
,340
,339
,336
,333
,335
,335
,340
,338
,346
,347
,351
,352
,352
2026 05 20 19:19:18.599815,353
,354
,356
,352
,349
,350
,350
,343
,347
,342
,342
,334
,340
,352
2026 05 20 19:19:18.661641,343
,346
,345
,348
,350
,353
,353
,357
,356
,351
,349
,347
,343
,341
2026 05 20 19:19:18.725845,337
,335
,339
,338
,341
,336
,341
,344
,341
,342
,342
,342
,341
,341
2026 05 20 19:19:18.787943,338
,347
,348
,346
,347
,352
,350
,357
,362
,363
,362
,358
,366
,364
2026 05 20 19:19:18.849737,360
,358
,358
,359
,369
,368
,365
,362
,361
,364
,362
,365
,360
,361
2026 05 20 19:19:18.915452,367
,362
,362
,362
,359
,359
,368
,364
,364
,361
,365
,365
,368
,367
2026 05 20 19:19:18.977035,365
,366
,361
,361
,364
,360
,352
,359
,357
,356
,357
,359
,358
,364
2026 05 20 19:19:19.045129,360
,366
,360
,361
,359
,360
,361
,365
,367
,362
,368
,366
,363
,362
2026 05 20 19:19:19.103977,359
,361
,361
,365
,361
,360
,362
,360
,361
,363
,361
,359
,361
,363
2026 05 20 19:19:19.165513,366
,363
,367
,368
,367
,363
,357
,355
,355
,360
,361
,361
,358
,355
2026 05 20 19:19:19.230814,354
,364
,360
,363
,359
,358
,356
,361
,357
,356
,357
,355
,357
,352
2026 05 20 19:19:19.291831,361
,356
,355
,352
,350
,356
,354
,354
,352
,362
,354
,357
,356
,356
2026 05 20 19:19:19.353614,354
,348
,350
,355
,354
,359
,360
,356
,355
,352
,353
,348
,346
,340
2026 05 20 19:19:19.419376,337
,340
,344
,343
,346
,349
,349
,347
,342
,351
,349
,350
,349
,354
2026 05 20 19:19:19.479902,351
,353
,356
,355
,353
,350
,358
,356
,357
,355
,354
,359
,358
,356
2026 05 20 19:19:19.545548,356
,354
,355
,358
,354
,357
,356
,352
,354
,351
,352
,354
,354
,355
2026 05 20 19:19:19.608229,359
,359
,362
,359
,361
,360
,359
,357
,357
,352
,355
,358
,358
,361
2026 05 20 19:19:19.669177,362
,366
,365
,366
,362
,358
,357
,357
,358
,353
,351
,344
,352
,348
2026 05 20 19:19:19.734905,355
,352
,355
,358
,354
,355
,357
,359
,356
,360
,357
,360
,350
,350
2026 05 20 19:19:19.795520,346
,352
,349
,347
,345
,348
,351
,350
,356
,358
,365
,365
,362
,354
2026 05 20 19:19:19.860872,353
,345
,345
,339
,340
,347
,344
,348
,347
,356
,355
,355
,355
,359
2026 05 20 19:19:19.922794,361
,360
,356
,357
,356
,350
,351
,352
,347
,352
,353
,355
,355
,351
2026 05 20 19:19:19.983997,352
,354
,356
,350
,346
,348
,347
,355
,353
,343
,344
,343
,343
,347
2026 05 20 19:19:20.049484,348
,346
,355
,354
,354
,353
,356
,355
,362
,356
,357
,354
,349
,348
2026 05 20 19:19:20.110829,349
,353
,347
,342
,338
,347
,350
,348
,348
,347
,339
,341
,333
,329
2026 05 20 19:19:20.177030,331
,326
,330
,336
,339
,343
,343
,347
,349
,347
,346
,349
,340
,345
2026 05 20 19:19:20.238689,343
,343
,344
,343
,345
,343
,345
,342
,342
,343
,349
,346
,349
,345
2026 05 20 19:19:20.298963,345
,350
,355
,348
,344
,350
,346
,350
,346
,350
,348
,352
,352
,354
2026 05 20 19:19:20.365738,356
,356
,361
,363
,363
,360
,358
,355
,356
,355
,349
,340
,340
,335
2026 05 20 19:19:20.426015,336
,330
,327
,328
,329
,341
,342
,348
,351
,347
,351
,355
,349
,347
2026 05 20 19:19:20.492285,347
,352
,349
,345
,345
,347
,350
,349
,354
,350
,347
,349
,353
,353
2026 05 20 19:19:20.554122,350
,356
,354
,358
,353
,353
,351
,350
,351
,353
,355
,354
,353
,352
2026 05 20 19:19:20.614687,357
,356
,359
,358
,363
,359
,351
,351
,350
,352
,353
,352
,358
,356
2026 05 20 19:19:20.679839,356
,357
,350
,352
,356
,353
,354
,350
,351
,349
,346
,348
,352
,350
2026 05 20 19:19:20.742545,352
,356
,355
,354
,353
,352
,348
,346
,351
,351
,349
,353
,353
,354
2026 05 20 19:19:20.807393,356
,358
,357
,355
,357
,357
,358
,353
,356
,351
,350
,349
,352
,356
2026 05 20 19:19:20.868900,359
,358
,353
,357
,357
,362
,361
,358
,356
,361
,355
,357
,361
,357
2026 05 20 19:19:20.930161,354
,353
,351
,352
,356
,348
,348
,346
,346
,343
,349
,343
,348
,353
2026 05 20 19:19:20.997090,364
,355
,351
,356
,351
,354
,351
,350
,352
,353
,353
,350
,357
,349
2026 05 20 19:19:21.057129,353
,355
,356
,353
,353
,349
,351
,353
,351
,353
,352
,358
,354
,358
2026 05 20 19:19:21.122982,355
,357
,356
,357
,360
,361
,358
,352
,352
,350
,352
,352
,351
,348
2026 05 20 19:19:21.184654,349
,347
,352
,348
,352
,348
,351
,352
,356
,361
,358
,358
,353
,355
2026 05 20 19:19:21.245950,351
,353
,354
,354
,356
,354
,352
,344
,346
,345
,343
,344
,350
,343
2026 05 20 19:19:21.310330,345
,345
,350
,347
,346
,348
,344
,350
,349
,349
,350
,351
,352
,351
2026 05 20 19:19:21.372331,348
,358
,355
,353
,350
,347
,353
,347
,346
,351
,349
,349
,349
,349
2026 05 20 19:19:21.438490,345
,352
,351
,354
,348
,353
,349
,353
,349
,352
,353
,353
,355
,352
2026 05 20 19:19:21.499914,349
,344
,339
,339
,344
,341
,341
,343
,343
,347
,348
,348
,347
,348
2026 05 20 19:19:21.562296,344
,346
,339
,340
,336
,337
,338
,342
,346
,346
,344
,345
,351
,347
2026 05 20 19:19:21.627471,343
,343
,344
,339
,340
,343
,340
,345
,348
,349
,349
,346
,347
,348
2026 05 20 19:19:21.688096,347
,342
,340
,345
,344
,339
,345
,344
,345
,344
,349
,347
,348
,351
2026 05 20 19:19:21.754051,353
,358
,361
,361
,353
,351
,348
,347
,340
,339
,343
,345
,345
,341
2026 05 20 19:19:21.815529,340
,344
,346
,341
,343
,336
,337
,345
,347
,349
,349
,355
,355
,354
2026 05 20 19:19:21.877869,355
,356
,355
,352
,352
,352
,348
,347
,348
,347
,350
,351
,352
,350
2026 05 20 19:19:21.944823,351
,352
,354
,349
,346
,345
,350
,350
,348
,349
,349
,349
,355
,356
2026 05 20 19:19:22.003539,351
,349
,351
,357
,351
,351
,347
,346
,344
,341
,345
,343
,349
,348
2026 05 20 19:19:22.069220,354
,352
,353
,355
,355
,355
,358
,358
,358
,354
,354
,356
,350
,343
2026 05 20 19:19:22.130906,342
,344
,343
,345
,343
,347
,345
,343
,346
,343
,343
,344
,349
,350
2026 05 20 19:19:22.193657,357
,359
,358
,356
,350
,353
,349
,353
,351
,356
,350
,351
,349
,351
2026 05 20 19:19:22.257853,349
,349
,350
,349
,350
,351
,354
,352
,351
,353
,351
,351
,345
,344
2026 05 20 19:19:22.319653,347
,349
,350
,350
,348
,350
,350
,353
,351
,351
,349
,351
,348
,340
2026 05 20 19:19:22.384867,345
,349
,352
,348
,353
,357
,354
,351
,351
,351
,345
,339
,331
,332
2026 05 20 19:19:22.446094,332
,332
,333
,338
,338
,342
,342
,344
,342
,345
,347
,350
,349
,345
2026 05 20 19:19:22.509137,347
,339
,342
,342
,342
,340
,341
,341
,337
,343
,345
,348
,349
,356
2026 05 20 19:19:22.572622,359
,363
,355
,356
,358
,354
,358
,355
,355
,354
,359
,356
,354
,352
2026 05 20 19:19:22.634783,356
,354
,350
,347
,342
,344
,347
,354
,352
,353
,352
,351
,347
,347
2026 05 20 19:19:22.699798,351
,343
,338
,343
,349
,344
,349
,347
,357
,357
,359
,360
,353
,356
2026 05 20 19:19:22.761986,352
,350
,346
,343
,346
,347
,342
,352
,358
,357
,360
,358
,359
,359
2026 05 20 19:19:22.822726,357
,355
,358
,356
,352
,350
,356
,354
,349
,344
,347
,348
,342
,340
2026 05 20 19:19:22.888709,341
,344
,343
,342
,342
,342
,344
,343
,347
,347
,351
,349
,351
,347
2026 05 20 19:19:22.949155,352
,348
,353
,348
,350
,346
,346
,350
,350
,347
,357
,351
,351
,352
2026 05 20 19:19:23.011325,349
,354
,355
,356
,353
,353
,355
,353
,361
,357
,359
,362
,365
,361
2026 05 20 19:19:23.078243,360
,355
,351
,350
,349
,350
,347
,344
,347
,354
,356
,356
,356
,359
2026 05 20 19:19:23.137366,357
,356
,351
,350
,352
,349
,347
,346
,343
,343
,343
,339
,341
,336
2026 05 20 19:19:23.203835,331
,333
,330
,334
,336
,336
,336
,341
,345
,343
,344
,350
,347
,350
2026 05 20 19:19:23.265384,349
,349
,352
,344
,350
,345
,350
,344
,349
,350
,347
,349
,347
,350
2026 05 20 19:19:23.327725,352
,355
,352
,345
,344
,347
,343
,343
,340
,343
,346
,349
,353
,347
2026 05 20 19:19:23.392741,355
,358
,367
,363
,356
,353
,352
,355
,349
,357
,354
,359
,361
,363
2026 05 20 19:19:23.453790,355
,357
,354
,351
,350
,349
,351
,347
,346
,350
,347
,338
,340
,338
2026 05 20 19:19:23.519080,341
,337
,334
,337
,334
,339
,347
,348
,349
,351
,348
,351
,352
,354
2026 05 20 19:19:23.580614,351
,348
,352
,352
,358
,353
,356
,355
,357
,363
,360
,355
,357
,361
2026 05 20 19:19:23.643596,365
,360
,357
,364
,362
,362
,358
,358
,360
,364
,358
,357
,358
,357
2026 05 20 19:19:23.707659,356
,353
,353
,352
,358
,357
,356
,350
,350
,355
,358
,359
,363
,366
2026 05 20 19:19:23.769198,367
,357
,358
,362
,356
,362
,352
,357
,359
,358
,359
,360
,355
,353
2026 05 20 19:19:23.833977,355
,357
,353
,345
,346
,338
,340
,343
,347
,347
,344
,350
,353
,352
2026 05 20 19:19:23.896131,354
,349
,346
,345
,347
,350
,351
,355
,356
,351
,350
,353
,352
,353
2026 05 20 19:19:23.957005,358
,355
,361
,361
,363
,358
,356
,357
,357
,354
,353
,355
,349
,352
2026 05 20 19:19:24.022963,356
,360
,356
,354
,355
,351
,357
,351
,358
,358
,360
,357
,354
,352
2026 05 20 19:19:24.084413,353
,349
,347
,351
,350
,351
,349
,357
,359
,360
,354
,359
,360
,365
2026 05 20 19:19:24.149238,369
,366
,365
,362
,358
,352
,354
,348
,350
,352
,353
,355
,360
,361
2026 05 20 19:19:24.210923,351
,354
,349
,353
,348
,357
,357
,360
,354
,355
,350
,350
,354
,348
2026 05 20 19:19:24.273014,349
,347
,351
,346
,349
,354
,354
,350
,349
,348
,346
,354
,350
,354
2026 05 20 19:19:24.337539,350
,351
,349
,351
,349
,347
,347
,354
,351
,345
,347
,343
,347
,352
2026 05 20 19:19:24.399959,356
,357
,362
,360
,356
,354
,350
,352
,347
,348
,348
,355
,359
,356
2026 05 20 19:19:24.464826,354
,357
,360
,357
,352
,353
,348
,354
,353
,352
,348
,350
,353
,350
2026 05 20 19:19:24.526865,349
,351
,344
,345
,347
,349
,347
,343
,347
,348
,343
,340
,341
,344
2026 05 20 19:19:24.587355,338
,342
,350
,349
,345
,339
,338
,340
,344
,346
,343
,345
,356
,353
2026 05 20 19:19:24.654427,357
,360
,354
,356
,356
,351
,344
,352
,358
,352
,355
,352
,350
,349
2026 05 20 19:19:24.715044,349
,342
,344
,339
,343
,343
,341
,342
,341
,340
,339
,344
,338
,344
2026 05 20 19:19:24.779923,345
,348
,348
,352
,349
,350
,350
,350
,357
,357
,359
,357
,356
,354
2026 05 20 19:19:24.841998,349
,351
,355
,350
,346
,348
,353
,357
,360
,360
,355
,355
,351
,360
2026 05 20 19:19:24.903430,356
,350
,355
,352
,349
,343
,348
,342
,344
,344
,346
,345
,341
,341
2026 05 20 19:19:24.969128,339
,344
,342
,342
,344
,347
,349
,347
,346
,347
,345
,351
,349
,347
2026 05 20 19:19:25.030372,344
,340
,339
,336
,341
,344
,340
,343
,351
,348
,348
,347
,348
,347
2026 05 20 19:19:25.096094,345
,352
,355
,350
,347
,351
,352
,352
,351
,353
,353
,355
,356
,355
2026 05 20 19:19:25.156959,355
,354
,356
,353
,355
,350
,357
,357
,354
,353
,354
,355
,358
,359
2026 05 20 19:19:25.217781,357
,357
,356
,357
,354
,354
,350
,351
,355
,355
,360
,359
,356
,352
2026 05 20 19:19:25.284228,358
,350
,346
,343
,344
,351
,352
,353
,352
,354
,354
,359
,356
,355
2026 05 20 19:19:25.345303,354
,361
,356
,357
,358
,359
,355
,357
,360
,356
,354
,354
,358
,356
2026 05 20 19:19:25.411449,351
,346
,342
,344
,347
,351
,349
,351
,347
,356
,358
,361
,357
,358
2026 05 20 19:19:25.472052,354
,351
,348
,346
,347
,349
,346
,345
,344
,346
,351
,353
,353
,354
2026 05 20 19:19:25.534572,350
,354
,359
,358
,353
,350
,344
,347
,343
,349
,345
,345
,352
,349
2026 05 20 19:19:25.599837,352
,349
,348
,344
,346
,349
,344
,344
,351
,353
,351
,354
,356
,354
2026 05 20 19:19:25.660962,347
,354
,351
,349
,347
,353
,356
,353
,355
,358
,352
,352
,356
,353
2026 05 20 19:19:25.726193,354
,355
,362
,366
,363
,363
,361
,361
,351
,355
,354
,349
,345
,345
2026 05 20 19:19:25.788125,342
,341
,341
,346
,349
,346
,348
,350
,348
,350
,355
,351
,347
,352
2026 05 20 19:19:25.849910,360
,357
,352
,347
,349
,347
,341
,348
,346
,350
,346
,352
,349
,349
2026 05 20 19:19:25.915296,347
,353
,355
,351
,353
,353
,354
,347
,351
,348
,347
,350
,349
,352
2026 05 20 19:19:25.980339,348
,353
,353
,357
,360
,353
,350
,345
,338
,347
,349
,348
,347
,350
2026 05 20 19:19:26.042411,350
,355
,360
,355
,355
,351
,354
,352
,346
,349
,343
,343
,343
,347
2026 05 20 19:19:26.103861,342
,341
,348
,350
,349
,351
,353
,355
,359
,358
,357
,355
,350
,347
2026 05 20 19:19:26.165275,351
,349
,349
,350
,346
,346
,343
,345
,346
,351
,349
,352
,347
,349
2026 05 20 19:19:26.230628,350
,359
,353
,350
,349
,354
,356
,360
,359
,354
,359
,361
,369
,362
2026 05 20 19:19:26.292037,364
,359
,361
,357
,349
,350
,347
,349
,345
,351
,349
,350
,352
,349
2026 05 20 19:19:26.357124,351
,350
,351
,349
,350
,350
,350
,346
,343
,346
,345
,345
,345
,343
2026 05 20 19:19:26.419159,346
,347
,342
,347
,349
,348
,348
,349
,348
,351
,353
,356
,354
,353
2026 05 20 19:19:26.479711,356
,352
,350
,353
,358
,357
,361
,352
,355
,354
,352
,352
,355
,349
2026 05 20 19:19:26.546219,352
,357
,352
,351
,354
,358
,353
,355
,354
,357
,358
,356
,356
,357
2026 05 20 19:19:26.610445,365
,361
,369
,361
,354
,354
,356
,352
,350
,354
,353
,351
,353
,357
2026 05 20 19:19:26.668897,358
,357
,352
,358
,358
,353
,350
,352
,351
,350
,354
,354
,355
,352
2026 05 20 19:19:26.734597,356
,358
,357
,356
,355
,361
,357
,359
,356
,354
,348
,354
,354
,349
2026 05 20 19:19:26.795776,347
,348
,347
,343
,346
,339
,345
,342
,344
,342
,342
,337
,340
,341
2026 05 20 19:19:26.861380,341
,343
,346
,349
,352
,355
,351
,351
,353
,360
,351
,350
,354
,353
2026 05 20 19:19:26.923071,352
,348
,351
,349
,351
,350
,357
,358
,362
,358
,361
,361
,359
,355
2026 05 20 19:19:26.984238,351
,349
,352
,349
,345
,351
,349
,352
,359
,354
,352
,351
,350
,349
2026 05 20 19:19:27.049314,352
,347
,348
,352
,354
,352
,355
,356
,352
,352
,352
,352
,350
,354
2026 05 20 19:19:27.111165,353
,359
,361
,360
,354
,350
,344
,347
,351
,351
,350
,351
,363
,363
2026 05 20 19:19:27.176882,358
,355
,355
,353
,348
,347
,348
,350
,345
,350
,351
,351
,356
,356
2026 05 20 19:19:27.238108,355
,355
,353
,352
,353
,352
,350
,344
,349
,344
,345
,343
,340
,345
2026 05 20 19:19:27.299911,345
,348
,344
,348
,346
,344
,345
,348
,348
,348
,342
,342
,345
,341
2026 05 20 19:19:27.365538,341
,344
,345
,347
,351
,356
,353
,354
,353
,356
,354
,353
,351
,346
2026 05 20 19:19:27.426256,344
,347
,345
,347
,346
,354
,352
,355
,349
,348
,352
,350
,352
,353
2026 05 20 19:19:27.494127,347
,353
,363
,361
,356
,354
,357
,355
,353
,352
,352
,351
,352
,356
2026 05 20 19:19:27.553781,350
,348
,349
,354
,352
,353
,349
,351
,351
,353
,355
,353
,355
,347
2026 05 20 19:19:27.615078,353
,357
,346
,346
,346
,347
,344
,348
,349
,352
,353
,357
,355
,354
2026 05 20 19:19:27.680563,355
,355
,350
,349
,351
,353
,353
,353
,359
,356
,352
,352
,354
,352
2026 05 20 19:19:27.744052,353
,357
,353
,356
,356
,356
,350
,347
,344
,349
,348
,346
,345
,349
2026 05 20 19:19:27.807352,352
,349
,350
,345
,346
,346
,348
,349
,344
,345
,345
,348
,349
,348
2026 05 20 19:19:27.869284,352
,358
,356
,362
,354
,347
,342
,348
,348
,349
,348
,347
,351
,348
2026 05 20 19:19:27.930292,351
,351
,351
,347
,355
,350
,347
,347
,352
,358
,362
,363
,364
,363
2026 05 20 19:19:27.996165,359
,355
,357
,354
,356
,354
,351
,354
,355
,359
,358
,358
,360
,356
2026 05 20 19:19:28.057198,362
,358
,359
,360
,363
,362
,359
,364
,363
,362
,362
,366
,363
,362
2026 05 20 19:19:28.122448,360
,359
,352
,354
,355
,356
,365
,360
,358
,357
,362
,361
,360
,357
2026 05 20 19:19:28.184574,362
,363
,360
,359
,357
,359
,356
,361
,357
,363
,364
,368
,364
,362
2026 05 20 19:19:28.245541,356
,357
,354
,353
,353
,352
,351
,351
,352
,343
,344
,343
,341
,341
2026 05 20 19:19:28.310692,341
,341
,340
,343
,340
,346
,348
,343
,337
,334
,344
,345
,346
,344
2026 05 20 19:19:28.372070,342
,344
,349
,348
,346
,353
,361
,357
,348
,350
,353
,350
,349
,348
2026 05 20 19:19:28.438530,345
,348
,347
,352
,348
,351
,351
,351
,346
,349
,349
,351
,347
,350
2026 05 20 19:19:28.499980,357
,358
,354
,350
,354
,361
,356
,358
,353
,356
,346
,351
,348
,348
2026 05 20 19:19:28.560411,348
,355
,353
,349
,349
,350
,355
,350
,353
,352
,349
,351
,358
,359
2026 05 20 19:19:28.626206,355
,356
,360
,361
,355
,354
,354
,352
,351
,354
,351
,353
,345
,347
2026 05 20 19:19:28.687607,342
,343
,342
,345
,341
,342
,352
,347
,349
,341
,345
,348
,352
,352
2026 05 20 19:19:28.752905,345
,348
,348
,351
,349
,355
,352
,356
,355
,356
,352
,358
,365
,363
2026 05 20 19:19:28.815379,358
,356
,354
,354
,357
,359
,359
,358
,367
,362
,356
,352
,353
,359
2026 05 20 19:19:28.876531,352
,350
,346
,348
,342
,343
,345
,344
,345
,343
,348
,345
,352
,350
2026 05 20 19:19:28.942287,351
,352
,354
,356
,352
,350
,353
,358
,353
,354
,354
,352
,359
,357
2026 05 20 19:19:29.003064,349
,352
,352
,357
,352
,352
,353
,354
,353
,354
,362
,359
,361
,358
2026 05 20 19:19:29.068174,365
,359
,358
,359
,361
,363
,363
,367
,365
,364
,358
,360
,366
,359
2026 05 20 19:19:29.130544,350
,359
,363
,360
,361
,358
,360
,358
,361
,358
,354
,352
,361
,361
2026 05 20 19:19:29.191162,361
,362
,363
,360
,359
,364
,361
,357
,354
,359
,354
,356
,352
,352
2026 05 20 19:19:29.256663,354
,352
,357
,357
,358
,356
,357
,354
,352
,348
,351
,357
,347
,353
2026 05 20 19:19:29.318282,350
,356
,348
,356
,351
,345
,348
,350
,352
,349
,349
,346
,344
,346
2026 05 20 19:19:29.384864,348
,342
,344
,342
,341
,342
,346
,345
,338
,342
,336
,341
,339
,343
2026 05 20 19:19:29.446104,341
,342
,341
,342
,341
,345
,348
,348
,344
,343
,348
,350
,350
,351
2026 05 20 19:19:29.506994,353
,350
,353
,349
,355
,357
,355
,357
,358
,363
,359
,361
,360
,362
2026 05 20 19:19:29.572542,364
,364
,358
,359
,361
,356
,358
,357
,354
,354
,361
,356
,352
,355
2026 05 20 19:19:29.634257,358
,358
,360
,362
,364
,363
,359
,364
,358
,360
,365
,366
,362
,358
2026 05 20 19:19:29.699806,356
,354
,359
,352
,352
,352
,353
,350
,351
,352
,353
,353
,352
,353
2026 05 20 19:19:29.761125,355
,356
,352
,355
,354
,355
,354
,353
,353
,350
,352
,349
,350
,354
2026 05 20 19:19:29.822850,354
,351
,353
,349
,354
,349
,349
,354
,355
,345
,350
,360
,349
,356
2026 05 20 19:19:29.888275,358
,366
,360
,358
,359
,356
,347
,345
,344
,343
,350
,346
,348
,348
2026 05 20 19:19:29.949722,348
,347
,356
,350
,355
,353
,358
,362
,358
,359
,364
,365
,358
,355
2026 05 20 19:19:30.015183,356
,349
,349
,346
,344
,349
,360
,357
,358
,357
,364
,359
,360
,357
2026 05 20 19:19:30.076098,358
,356
,352
,353
,352
,355
,354
,361
,359
,365
,366
,360
,363
,365
2026 05 20 19:19:30.137138,358
,362
,358
,355
,358
,351
,351
,345
,342
,348
,359
,351
,349
,354
2026 05 20 19:19:30.203614,349
,356
,360
,364
,367
,363
,359
,365
,357
,345
,339
,337
,332
,335
2026 05 20 19:19:30.265383,338
,341
,343
,342
,350
,353
,354
,351
,360
,368
,362
,364
,359
,354
2026 05 20 19:19:30.329818,351
,349
,337
,336
,325
,325
,328
,325
,330
,335
,341
,339
,339
,345
2026 05 20 19:19:30.392355,348
,345
,352
,348
,344
,343
,340
,341
,343
,339
,335
,335
,328
,332
2026 05 20 19:19:30.453497,334
,331
,332
,341
,342
,343
,348
,346
,346
,350
,355
,348
,347
,348
2026 05 20 19:19:30.518608,354
,350
,348
,348
,346
,352
,352
,357
,352
,358
,361
,365
,359
,356
2026 05 20 19:19:30.580611,355
,356
,355
,357
,361
,354
,355
,354
,354
,354
,348
,351
,361
,354
2026 05 20 19:19:30.645077,366
,352
,356
,355
,352
,353
,353
,356
,350
,348
,355
,362
,355
,359
2026 05 20 19:19:30.706908,366
,356
,356
,364
,366
,356
,366
,363
,359
,353
,354
,359
,352
,348
2026 05 20 19:19:30.769075,359
,358
,359
,357
,354
,353
,352
,351
,348
,356
,360
,357
,364
,359
2026 05 20 19:19:30.834620,354
,358
,359
,366
,354
,360
,359
,368
,370
,362
,351
,352
,359
,358
2026 05 20 19:19:30.896179,353
,364
,362
,362
,366
,365
,366
,363
,360
,365
,366
,359
,370
,374
2026 05 20 19:19:30.957341,364
,363
,353
,359
,358
,352
,345
,337
,345
,337
,338
,344
,337
,343
2026 05 20 19:19:31.022406,346
,356
,350
,353
,352
,355
,363
,349
,354
,340
,345
,331
,344
,337
2026 05 20 19:19:31.083937,340
,339
,351
,355
,353
,348
,362
,366
,363
,372
,355
,375
,380
,382
2026 05 20 19:19:31.149887,366
,361
,360
,355
,366
,358
,355
,347
,356
,352
,349
,361
,355
,363
2026 05 20 19:19:31.210825,359
,369
,364
,367
,366
,355
,358
,349
,333
,330
,326
,327
,325
,332
2026 05 20 19:19:31.272439,328
,333
,331
,328
,327
,332
,337
,332
,337
,324
,338
,338
,331
,331
2026 05 20 19:19:31.338313,321
,327
,337
,341
,325
,338
,343
,342
,340
,348
,353
,338
,344
,341
2026 05 20 19:19:31.399319,341
,342
,335
,348
,343
,349
,342
,347
,345
,356
,357
,357
,349
,355
2026 05 20 19:19:31.465228,361
,363
,355
,354
,369
,369
,370
,362
,372
,361
,358
,358
,360
,359
2026 05 20 19:19:31.526567,364
,357
,356
,354
,357
,359
,358
,362
,356
,366
,368
,374
,370
,360
2026 05 20 19:19:31.587331,355
,359
,354
,351
,358
,356
,354
,352
,359
,354
,360
,355
,361
,362
2026 05 20 19:19:31.653654,360
,361
,359
,365
,351
,348
,366
,361
,365
,363
,350
,355
,349
,371
2026 05 20 19:19:31.714744,369
,366
,370
,357
,352
,358
,360
,357
,365
,366
,361
,355
,363
,359
2026 05 20 19:19:31.779819,360
,364
,353
,363
,349
,358
,355
,350
,350
,349
,339
,355
,365
,357
2026 05 20 19:19:31.841887,365
,360
,351
,369
,353
,355
,367
,354
,373
,350
,347
,357
,351
,356
2026 05 20 19:19:31.903324,366
,358
,337
,336
,357
,354
,338
,341
,353
,361
,369
,358
,364
,370
2026 05 20 19:19:31.969189,365
,345
,361
,369
,347
,347
,353
,345
,349
,348
,349
,341
,348
,344
2026 05 20 19:19:32.030370,349
,346
,345
,346
,348
,339
,350
,342
,328
,334
,339
,328
,332
,342
2026 05 20 19:19:32.095436,340
,343
,348
,360
,352
,347
,357
,356
,348
,340
,341
,339
,345
,336
2026 05 20 19:19:32.157589,341
,346
,350
,350
,347
,351
,361
,355
,355
,352
,333
,349
,348
,344
2026 05 20 19:19:32.218145,334
,349
,354
,347
,344
,345
,335
,336
,343
,348
,341
,342
,343
,338
2026 05 20 19:19:32.283548,337
,340
,338
,336
,344
,343
,352
,339
,338
,337
,340
,339
,341
,344
2026 05 20 19:19:32.345364,348
,339
,336
,342
,345
,344
,343
,346
,339
,343
,346
,340
,339
,340
2026 05 20 19:19:32.411391,334
,326
,318
,323
,332
,326
,325
,333
,333
,328
,335
,341
,338
,339
2026 05 20 19:19:32.472364,344
,347
,347
,348
,346
,356
,343
,352
,350
,351
,350
,348
,352
,357
2026 05 20 19:19:32.533536,348
,352
,349
,357
,352
,349
,345
,350
,345
,348
,347
,342
,343
,345
2026 05 20 19:19:32.599791,343
,339
,348
,336
,341
,353
,360
,353
,347
,355
,355
,358
,354
,352
2026 05 20 19:19:32.660548,356
,353
,350
,359
,353
,350
,341
,347
,341
,333
,341
,334
,329
,324
2026 05 20 19:19:32.726719,327
,329
,321
,321
,325
,329
,330
,336
,342
,341
,329
,338
,345
,341
2026 05 20 19:19:32.789396,346
,348
,343
,341
,349
,347
,346
,345
,344
,347
,345
,342
,344
,348
2026 05 20 19:19:32.849275,342
,340
,342
,343
,342
,346
,346
,344
,342
,338
,340
,333
,327
,332
2026 05 20 19:19:32.915611,334
,339
,344
,351
,346
,352
,355
,355
,358
,363
,359
,360
,363
,365
2026 05 20 19:19:32.975787,371
,362
,360
,366
,368
,360
,354
,357
,350
,356
,358
,362
,365
,363
2026 05 20 19:19:33.042128,365
,360
,367
,357
,358
,353
,353
,350
,356
,349
,349
,350
,346
,347
2026 05 20 19:19:33.103362,342
,351
,351
,352
,350
,351
,352
,352
,355
,351
,351
,352
,359
,362
2026 05 20 19:19:33.164463,364
,363
,368
,365
,358
,361
,363
,358
,359
,364
,372
,366
,357
,362
2026 05 20 19:19:33.230435,360
,359
,356
,361
,357
,358
,355
,353
,354
,348
,346
,352
,355
,353
2026 05 20 19:19:33.291945,356
,353
,355
,354
,362
,356
,355
,364
,363
,362
,360
,365
,368
,364
2026 05 20 19:19:33.357702,363
,364
,360
,362
,361
,366
,360
,361
,368
,365
,360
,360
,365
,361
2026 05 20 19:19:33.418287,361
,363
,365
,363
,360
,365
,369
,367
,364
,364
,355
,356
,357
,360
2026 05 20 19:19:33.479846,357
,363
,366
,373
,371
,370
,377
,376
,368
,363
,363
,361
,358
,361
2026 05 20 19:19:33.545985,356
,362
,361
,358
,364
,364
,365
,367
,361
,363
,369
,369
,362
,364
2026 05 20 19:19:33.607102,364
,367
,368
,368
,372
,367
,361
,361
,362
,350
,344
,351
,345
,343
2026 05 20 19:19:33.672236,346
,351
,351
,352
,347
,351
,350
,347
,345
,347
,340
,340
,346
,343
2026 05 20 19:19:33.734459,346
,346
,352
,349
,349
,347
,347
,345
,355
,353
,354
,359
,351
,360
2026 05 20 19:19:33.795577,358
,359
,356
,360
,360
,358
,363
,361
,358
,361
,363
,360
,358
,352
2026 05 20 19:19:33.861370,357
,353
,357
,358
,365
,360
,356
,363
,369
,369
,363
,365
,361
,358
2026 05 20 19:19:33.922746,357
,358
,352
,343
,340
,336
,335
,337
,339
,338
,338
,342
,347
,346
2026 05 20 19:19:33.987301,351
,356
,362
,357
,354
,353
,347
,347
,344
,347
,345
,347
,345
,342
2026 05 20 19:19:34.049806,337
,337
,345
,339
,340
,350
,352
,353
,352
,351
,357
,357
,353
,353
2026 05 20 19:19:34.110867,355
,350
,348
,344
,339
,338
,334
,337
,338
,336
,338
,341
,336
,334
2026 05 20 19:19:34.176244,340
,345
,342
,339
,336
,335
,334
,339
,340
,340
,338
,338
,338
,342
2026 05 20 19:19:34.238189,346
,351
,354
,355
,350
,358
,356
,356
,357
,359
,352
,359
,358
,353
2026 05 20 19:19:34.303999,350
,348
,350
,345
,347
,350
,348
,347
,342
,343
,348
,346
,347
,352
2026 05 20 19:19:34.366024,354
,357
,355
,353
,350
,346
,345
,345
,340
,340
,347
,345
,345
,342
2026 05 20 19:19:34.426525,347
,342
,343
,342
,344
,345
,340
,338
,337
,338
,336
,336
,337
,340
2026 05 20 19:19:34.492002,344
,348
,343
,339
,339
,343
,348
,345
,348
,344
,353
,350
,348
,344
2026 05 20 19:19:34.553565,343
,344
,341
,341
,333
,339
,341
,343
,346
,348
,348
,346
,349
,352
2026 05 20 19:19:34.618907,349
,349
,348
,347
,346
,345
,343
,343
,339
,340
,344
,342
,342
,345
2026 05 20 19:19:34.681024,353
,352
,349
,356
,358
,352
,355
,359
,352
,351
,352
,349
,350
,349
2026 05 20 19:19:34.741384,357
,360
,360
,362
,367
,361
,360
,366
,364
,360
,354
,358
,354
,354
2026 05 20 19:19:34.806678,345
,351
,349
,352
,361
,367
,361
,359
,360
,363
,363
,361
,369
,366
2026 05 20 19:19:34.869174,366
,365
,366
,359
,356
,361
,359
,361
,362
,366
,361
,363
,359
,360
2026 05 20 19:19:34.930440,359
,359
,359
,357
,353
,349
,352
,349
,351
,353
,355
,346
,354
,354
2026 05 20 19:19:34.995973,362
,352
,345
,346
,345
,349
,350
,349
,347
,350
,350
,350
,341
,341
2026 05 20 19:19:35.056545,346
,344
,343
,339
,343
,344
,347
,346
,344
,340
,348
,350
,355
,349
2026 05 20 19:19:35.122332,351
,348
,344
,343
,346
,348
,346
,342
,348
,350
,349
,344
,348
,347
2026 05 20 19:19:35.183967,350
,350
,350
,350
,349
,353
,350
,347
,344
,344
,349
,353
,352
,351
2026 05 20 19:19:35.244825,348
,349
,350
,353
,356
,342
,353
,357
,355
,348
,355
,356
,354
,348
2026 05 20 19:19:35.310423,351
,349
,356
,356
,360
,357
,353
,353
,354
,360
,358
,355
,350
,352
2026 05 20 19:19:35.374875,351
,348
,347
,346
,351
,355
,349
,345
,346
,348
,348
,352
,355
,352
2026 05 20 19:19:35.437875,352
,352
,355
,354
,353
,355
,350
,351
,352
,351
,349
,352
,352
,362
2026 05 20 19:19:35.499813,357
,352
,358
,359
,359
,355
,351
,348
,349
,350
,352
,345
,345
,349
2026 05 20 19:19:35.560329,351
,355
,353
,358
,363
,364
,364
,368
,369
,367
,367
,368
,368
,360
2026 05 20 19:19:35.625894,360
,354
,351
,346
,351
,355
,350
,347
,352
,350
,347
,360
,362
,363
2026 05 20 19:19:35.687957,357
,359
,356
,348
,347
,349
,342
,342
,344
,346
,343
,340
,346
,350
2026 05 20 19:19:35.753281,346
,345
,352
,354
,347
,357
,356
,353
,349
,348
,346
,344
,344
,344
2026 05 20 19:19:35.814575,342
,344
,343
,339
,341
,336
,340
,343
,345
,339
,344
,344
,346
,349
2026 05 20 19:19:35.876177,351
,349
,347
,357
,355
,351
,345
,348
,351
,347
,348
,351
,351
,349
2026 05 20 19:19:35.942246,351
,359
,353
,350
,356
,356
,360
,356
,357
,354
,356
,355
,360
,351
2026 05 20 19:19:36.003017,353
,357
,357
,358
,361
,364
,361
,362
,355
,357
,351
,351
,344
,348
2026 05 20 19:19:36.068891,347
,339
,340
,336
,331
,327
,330
,323
,319
,324
,332
,329
,328
,332
2026 05 20 19:19:36.130275,329
,331
,335
,339
,340
,338
,340
,340
,343
,339
,340
,344
,345
,342
2026 05 20 19:19:36.191444,347
,342
,343
,346
,347
,341
,344
,347
,346
,351
,346
,341
,342
,343
2026 05 20 19:19:36.257051,341
,340
,341
,347
,348
,349
,354
,353
,357
,354
,357
,358
,353
,349
2026 05 20 19:19:36.318403,351
,352
,352
,345
,340
,342
,341
,343
,344
,349
,349
,349
,345
,346
2026 05 20 19:19:36.384613,338
,334
,334
,339
,336
,335
,339
,342
,344
,345
,347
,350
,354
,354
2026 05 20 19:19:36.446828,358
,359
,355
,358
,362
,359
,357
,357
,352
,348
,349
,357
,347
,341
2026 05 20 19:19:36.507407,343
,346
,346
,340
,349
,349
,345
,340
,334
,331
,331
,332
,337
,335
2026 05 20 19:19:36.572642,330
,332
,332
,335
,338
,333
,345
,343
,347
,356
,357
,355
,357
,359
2026 05 20 19:19:36.633599,362
,362
,360
,358
,356
,352
,361
,363
,365
,369
,373
,374
,374
,370
2026 05 20 19:19:36.699036,363
,359
,356
,357
,355
,357
,363
,362
,360
,361
,367
,362
,361
,360
2026 05 20 19:19:36.761311,362
,361
,360
,362
,360
,360
,357
,362
,358
,355
,357
,352
,357
,348
2026 05 20 19:19:36.822683,350
,354
,352
,348
,357
,361
,363
,357
,359
,357
,350
,346
,350
,351
2026 05 20 19:19:36.888130,346
,352
,352
,348
,345
,348
,348
,348
,336
,343
,341
,337
,343
,343
2026 05 20 19:19:36.949135,350
,352
,352
,352
,357
,359
,361
,359
,362
,360
,371
,363
,359
,368
2026 05 20 19:19:37.015316,362
,361
,358
,362
,360
,356
,355
,360
,356
,352
,356
,361
,363
,359
2026 05 20 19:19:37.076575,360
,358
,361
,357
,360
,359
,357
,358
,359
,363
,360
,354
,356
,355
2026 05 20 19:19:37.137212,353
,357
,357
,355
,352
,353
,345
,343
,347
,348
,350
,348
,348
,354
2026 05 20 19:19:37.202571,356
,353
,357
,355
,351
,357
,359
,356
,352
,354
,358
,354
,353
,356
2026 05 20 19:19:37.265144,353
,354
,353
,354
,350
,339
,348
,344
,349
,345
,349
,345
,344
,343
2026 05 20 19:19:37.329989,353
,357
,352
,351
,350
,348
,346
,351
,352
,355
,355
,359
,350
,348
2026 05 20 19:19:37.391949,352
,353
,353
,350
,352
,352
,358
,355
,356
,353
,350
,350
,351
,346
2026 05 20 19:19:37.452588,342
,345
,347
,349
,348
,352
,348
,349
,345
,351
,341
,346
,347
,350
2026 05 20 19:19:37.518901,347
,342
,346
,349
,349
,352
,352
,352
,353
,356
,358
,353
,349
,350
2026 05 20 19:19:37.579551,354
,356
,353
,358
,355
,353
,357
,356
,354
,355
,351
,354
,355
,347
2026 05 20 19:19:37.644971,353
,353
,352
,352
,353
,344
,344
,350
,350
,351
,347
,353
,357
,346
2026 05 20 19:19:37.707264,350
,352
,346
,350
,345
,352
,352
,348
,345
,346
,348
,341
,347
,344
2026 05 20 19:19:37.768289,343
,347
,347
,342
,334
,348
,348
,346
,345
,352
,354
,347
,347
,347
2026 05 20 19:19:37.834205,350
,349
,353
,356
,356
,350
,353
,353
,356
,353
,354
,350
,351
,356
2026 05 20 19:19:37.895860,357
,357
,351
,355
,351
,354
,350
,350
,346
,349
,347
,346
,346
,341
2026 05 20 19:19:37.961134,340
,344
,344
,342
,347
,344
,344
,345
,351
,347
,348
,350
,350
,346
2026 05 20 19:19:38.022062,342
,350
,346
,344
,341
,342
,338
,338
,340
,339
,339
,336
,340
,345
2026 05 20 19:19:38.083336,346
,342
,348
,339
,342
,343
,343
,347
,346
,348
,348
,351
,347
,350
2026 05 20 19:19:38.149591,346
,341
,340
,347
,343
,342
,349
,349
,347
,346
,348
,347
,346
,347
2026 05 20 19:19:38.210593,352
,345
,346
,349
,349
,345
,341
,350
,352
,349
,346
,353
,350
,353
2026 05 20 19:19:38.277016,349
,352
,351
,352
,354
,357
,356
,354
,353
,350
,351
,346
,349
,350
2026 05 20 19:19:38.337588,351
,348
,353
,356
,350
,354
,352
,356
,349
,354
,351
,351
,349
,353
2026 05 20 19:19:38.400385,352
,354
,356
,354
,358
,355
,351
,353
,356
,351
,350
,351
,352
,351
2026 05 20 19:19:38.464598,352
,350
,348
,355
,353
,354
,355
,363
,355
,353
,351
,352
,349
,349
2026 05 20 19:19:38.526407,351
,347
,347
,346
,350
,341
,348
,348
,351
,349
,355
,357
,359
,364
2026 05 20 19:19:38.591367,358
,362
,361
,363
,358
,362
,358
,357
,350
,352
,351
,347
,351
,357
2026 05 20 19:19:38.653392,359
,359
,365
,362
,362
,363
,361
,362
,359
,359
,360
,363
,357
,360
2026 05 20 19:19:38.714881,357
,359
,361
,367
,360
,358
,362
,362
,360
,359
,361
,359
,362
,364
2026 05 20 19:19:38.780222,365
,367
,365
,367
,368
,367
,363
,362
,357
,353
,348
,348
,349
,344
2026 05 20 19:19:38.841611,351
,354
,349
,344
,352
,349
,347
,345
,346
,341
,340
,338
,336
,335
2026 05 20 19:19:38.907367,331
,333
,335
,336
,340
,344
,345
,349
,351
,355
,354
,353
,353
,355
2026 05 20 19:19:38.968822,351
,341
,341
,335
,334
,333
,335
,331
,330
,330
,333
,332
,331
,330
2026 05 20 19:19:39.030472,337
,340
,340
,350
,347
,346
,353
,356
,353
,348
,352
,348
,349
,348
2026 05 20 19:19:39.095900,351
,350
,349
,356
,360
,357
,358
,361
,365
,361
,352
,356
,351
,349
2026 05 20 19:19:39.157340,346
,356
,357
,353
,348
,350
,351
,349
,352
,355
,355
,357
,359
,358
2026 05 20 19:19:39.217568,357
,355
,356
,353
,351
,355
,354
,348
,352
,352
,357
,362
,352
,348
2026 05 20 19:19:39.284218,344
,349
,348
,349
,342
,344
,345
,345
,350
,352
,358
,360
,357
,359
2026 05 20 19:19:39.345640,354
,355
,353
,356
,355
,351
,343
,344
,341
,342
,337
,336
,338
,337
2026 05 20 19:19:39.410583,345
,348
,348
,345
,350
,353
,349
,350
,350
,347
,342
,348
,352
,349
2026 05 20 19:19:39.472753,346
,347
,343
,345
,345
,357
,358
,362
,366
,366
,361
,359
,363
,363
2026 05 20 19:19:39.533267,365
,355
,362
,357
,357
,356
,356
,355
,354
,357
,359
,359
,362
,370
2026 05 20 19:19:39.599658,365
,369
,365
,363
,357
,357
,354
,354
,351
,351
,355
,356
,355
,350
2026 05 20 19:19:39.660844,355
,352
,352
,351
,355
,349
,346
,351
,350
,352
,347
,357
,352
,348
2026 05 20 19:19:39.727594,352
,360
,357
,353
,355
,351
,346
,344
,351
,350
,352
,352
,354
,356
2026 05 20 19:19:39.788125,353
,349
,348
,346
,346
,347
,345
,348
,348
,352
,348
,349
,356
,357
2026 05 20 19:19:39.849207,359
,355
,358
,359
,360
,354
,355
,358
,360
,360
,362
,362
,358
,364
2026 05 20 19:19:39.915018,364
,360
,366
,363
,363
,365
,363
,369
,365
,363
,364
,359
,354
,356
2026 05 20 19:19:39.977334,358
,356
,359
,353
,362
,353
,352
,355
,357
,358
,354
,362
,361
,360
2026 05 20 19:19:40.042148,354
,358
,358
,356
,356
,355
,354
,351
,359
,363
,355
,354
,356
,353
2026 05 20 19:19:40.103519,356
,354
,353
,347
,351
,350
,351
,343
,344
,351
,348
,350
,352
,355
2026 05 20 19:19:40.164121,350
,349
,353
,350
,349
,349
,353
,353
,352
,349
,356
,355
,354
,353
2026 05 20 19:19:40.229846,354
,351
,350
,351
,354
,349
,353
,348
,350
,352
,348
,349
,348
,349
2026 05 20 19:19:40.292851,351
,356
,354
,352
,361
,359
,359
,358
,364
,357
,356
,356
,363
,361
2026 05 20 19:19:40.356897,356
,359
,361
,363
,357
,364
,359
,357
,355
,351
,352
,352
,357
,357
2026 05 20 19:19:40.418870,357
,358
,357
,362
,364
,364
,362
,360
,359
,360
,361
,352
,349
,354
2026 05 20 19:19:40.480034,355
,354
,353
,363
,362
,359
,359
,361
,363
,358
,362
,361
,358
,356
2026 05 20 19:19:40.545854,357
,352
,352
,349
,352
,348
,347
,347
,353
,346
,344
,347
,347
,350
2026 05 20 19:19:40.610770,351
,358
,352
,356
,354
,357
,349
,345
,347
,345
,346
,351
,351
,342
2026 05 20 19:19:40.672363,344
,345
,351
,350
,347
,351
,352
,351
,349
,358
,350
,352
,353
,354
2026 05 20 19:19:40.734234,350
,351
,349
,350
,349
,348
,353
,357
,354
,351
,361
,366
,367
,362
2026 05 20 19:19:40.794871,369
,364
,354
,356
,355
,351
,352
,360
,356
,356
,358
,357
,359
,364
2026 05 20 19:19:40.860467,365
,368
,367
,366
,367
,360
,359
,358
,357
,350
,346
,349
,351
,351
2026 05 20 19:19:40.922404,347
,351
,347
,347
,348
,350
,352
,354
,354
,357
,355
,352
,357
,358
2026 05 20 19:19:40.987278,354
,355
,363
,357
,348
,347
,346
,346
,340
,339
,344
,338
,340
,341
2026 05 20 19:19:41.049635,342
,346
,346
,343
,343
,340
,341
,343
,344
,341
,342
,345
,346
,352
2026 05 20 19:19:41.110953,352
,354
,354
,359
,356
,355
,354
,357
,354
,354
,350
,357
,352
,354
2026 05 20 19:19:41.176444,347
,351
,351
,352
,350
,352
,354
,345
,352
,354
,362
,361
,364
,364
2026 05 20 19:19:41.237729,368
,373
,369
,367
,363
,365
,365
,367
,362
,361
,363
,360
,360
,364
2026 05 20 19:19:41.304341,364
,360
,364
,360
,355
,352
,361
,357
,357
,360
,360
,357
,351
,352
2026 05 20 19:19:41.364942,355
,356
,349
,357
,356
,360
,359
,362
,360
,360
,368
,372
,363
,357
2026 05 20 19:19:41.425742,364
,367
,365
,359
,359
,357
,355
,351
,353
,349
,348
,352
,354
,356
2026 05 20 19:19:41.491332,349
,360
,353
,353
,356
,356
,350
,348
,354
,358
,356
,353
,354
,356
2026 05 20 19:19:41.552960,361
,358
,360
,358
,354
,358
,361
,358
,358
,361
,362
,365
,360
,361
2026 05 20 19:19:41.617681,355
,357
,356
,351
,353
,350
,360
,364
,363
,359
,360
,353
,354
,355
2026 05 20 19:19:41.680331,355
,356
,355
,358
,359
,361
,357
,357
,357
,362
,355
,356
,350
,349
2026 05 20 19:19:41.741871,351
,351
,351
,352
,352
,348
,346
,341
,348
,346
,347
,350
,357
,355
2026 05 20 19:19:41.807230,357
,366
,368
,372
,362
,362
,351
,354
,352
,354
,346
,345
,344
,343
2026 05 20 19:19:41.868844,346
,348
,351
,348
,349
,353
,354
,351
,349
,353
,357
,354
,351
,353
2026 05 20 19:19:41.933471,356
,354
,349
,360
,353
,352
,347
,350
,350
,347
,352
,352
,356
,355
2026 05 20 19:19:41.995743,359
,353
,357
,356
,356
,353
,351
,355
,358
,357
,349
,352
,349
,353
2026 05 20 19:19:42.056536,355
,356
,351
,349
,346
,348
,340
,348
,349
,349
,349
,346
,352
,350
2026 05 20 19:19:42.121834,349
,346
,348
,346
,350
,352
,357
,355
,356
,351
,346
,343
,340
,341
2026 05 20 19:19:42.183910,346
,341
,346
,344
,346
,339
,346
,340
,345
,343
,348
,343
,345
,349
2026 05 20 19:19:42.250298,355
,353
,345
,348
,353
,354
,355
,354
,347
,348
,342
,344
,339
,344
2026 05 20 19:19:42.310212,345
,348
,346
,345
,350
,347
,350
,344
,346
,350
,350
,353
,352
,348
2026 05 20 19:19:42.372901,350
,352
,352
,351
,356
,356
,356
,359
,362
,362
,355
,356
,362
,357
2026 05 20 19:19:42.438183,355
,354
,360
,355
,357
,360
,363
,359
,359
,364
,363
,360
,360
,363
2026 05 20 19:19:42.498885,357
,360
,354
,353
,349
,344
,345
,342
,338
,336
,341
,341
,340
,345
2026 05 20 19:19:42.564828,348
,346
,349
,346
,349
,347
,344
,349
,348
,349
,348
,349
,349
,349
2026 05 20 19:19:42.626648,347
,346
,344
,346
,348
,347
,347
,346
,348
,345
,348
,352
,354
,353
2026 05 20 19:19:42.687183,353
,354
,353
,350
,349
,350
,344
,346
,349
,343
,349
,347
,350
,347
2026 05 20 19:19:42.753625,339
,339
,349
,344
,353
,348
,352
,353
,353
,354
,354
,350
,350
,359
2026 05 20 19:19:42.815082,362
,360
,357
,353
,351
,352
,350
,347
,346
,344
,340
,340
,342
,339
2026 05 20 19:19:42.879840,344
,346
,346
,350
,359
,355
,351
,346
,348
,346
,344
,349
,350
,350
2026 05 20 19:19:42.941823,346
,354
,352
,351
,352
,357
,351
,354
,362
,362
,354
,352
,363
,358
2026 05 20 19:19:43.002405,359
,360
,366
,359
,360
,360
,360
,352
,352
,357
,357
,357
,365
,366
2026 05 20 19:19:43.068349,362
,361
,360
,360
,351
,355
,356
,358
,356
,353
,360
,356
,355
,358
2026 05 20 19:19:43.130078,365
,357
,356
,359
,356
,353
,354
,353
,352
,357
,351
,352
,351
,347
2026 05 20 19:19:43.191031,350
,351
,353
,351
,356
,353
,352
,354
,355
,349
,347
,351
,348
,345
2026 05 20 19:19:43.257203,343
,348
,350
,351
,346
,353
,353
,351
,351
,353
,351
,355
,356
,356
2026 05 20 19:19:43.318322,357
,353
,358
,352
,350
,355
,358
,354
,357
,356
,358
,348
,344
,350
2026 05 20 19:19:43.383975,350
,349
,349
,357
,357
,354
,355
,360
,358
,355
,365
,363
,359
,360
2026 05 20 19:19:43.446392,365
,362
,359
,358
,365
,356
,353
,355
,355
,353
,350
,361
,356
,352
2026 05 20 19:19:43.506798,352
,357
,355
,357
,356
,358
,359
,355
,360
,353
,358
,362
,365
,360
2026 05 20 19:19:43.572878,356
,359
,362
,358
,355
,353
,361
,354
,353
,353
,348
,355
,353
,353
2026 05 20 19:19:43.633524,346
,346
,350
,351
,351
,346
,349
,347
,349
,352
,354
,352
,354
,356
2026 05 20 19:19:43.699085,358
,353
,352
,358
,353
,349
,352
,352
,350
,348
,347
,351
,348
,347
2026 05 20 19:19:43.760239,353
,351
,351
,351
,347
,348
,350
,346
,345
,339
,344
,344
,344
,344
2026 05 20 19:19:43.822606,339
,343
,342
,338
,338
,346
,344
,344
,344
,349
,350
,347
,349
,349
2026 05 20 19:19:43.887887,350
,348
,352
,348
,348
,347
,349
,348
,353
,357
,358
,352
,347
,352
2026 05 20 19:19:43.949027,357
,353
,347
,348
,346
,349
,357
,358
,358
,357
,362
,351
,354
,360
2026 05 20 19:19:44.015014,354
,357
,351
,349
,352
,351
,347
,346
,345
,337
,344
,351
,352
,353
2026 05 20 19:19:44.076133,352
,355
,355
,353
,349
,351
,352
,352
,354
,352
,353
,343
,347
,346
2026 05 20 19:19:44.137867,350
,352
,354
,350
,350
,352
,354
,357
,349
,351
,352
,357
,353
,356
2026 05 20 19:19:44.202879,354
,351
,355
,350
,348
,349
,356
,358
,355
,356
,359
,359
,350
,354
2026 05 20 19:19:44.264143,360
,358
,356
,361
,359
,358
,356
,356
,357
,360
,359
,361
,365
,358
2026 05 20 19:19:44.330191,361
,358
,356
,356
,359
,359
,366
,363
,364
,357
,351
,358
,356
,353
2026 05 20 19:19:44.391126,353
,358
,358
,352
,352
,359
,357
,358
,359
,359
,358
,354
,357
,355
2026 05 20 19:19:44.453248,354
,355
,353
,355
,359
,357
,360
,349
,345
,353
,352
,351
,347
,347
2026 05 20 19:19:44.518800,347
,349
,345
,353
,347
,345
,348
,346
,346
,348
,354
,350
,349
,345
2026 05 20 19:19:44.580202,349
,347
,342
,348
,347
,346
,341
,338
,338
,339
,332
,335
,340
,340
2026 05 20 19:19:44.645325,341
,347
,345
,341
,353
,353
,347
,344
,348
,347
,348
,353
,357
,353
2026 05 20 19:19:44.707142,352
,351
,350
,353
,348
,353
,353
,356
,354
,353
,354
,355
,353
,351
2026 05 20 19:19:44.768482,351
,348
,355
,354
,354
,349
,357
,354
,355
,355
,357
,354
,349
,352
2026 05 20 19:19:44.834067,350
,349
,343
,346
,343
,341
,339
,339
,341
,341
,336
,336
,335
,337
2026 05 20 19:19:44.894921,336
,338
,342
,334
,341
,336
,332
,336
,338
,342
,347
,349
,355
,359
2026 05 20 19:19:44.960987,358
,364
,359
,354
,354
,354
,353
,343
,349
,346
,348
,341
,348
,345
2026 05 20 19:19:45.022405,352
,350
,348
,348
,352
,357
,361
,360
,360
,358
,356
,352
,354
,353
2026 05 20 19:19:45.083299,349
,346
,347
,341
,340
,339
,346
,344
,345
,349
,351
,347
,350
,352
2026 05 20 19:19:45.149461,356
,354
,344
,346
,342
,341
,335
,337
,337
,335
,336
,342
,336
,339
2026 05 20 19:19:45.210799,340
,343
,342
,341
,351
,351
,347
,349
,350
,349
,348
,345
,345
,347
2026 05 20 19:19:45.276600,346
,349
,344
,347
,339
,345
,341
,337
,341
,345
,340
,344
,351
,350
2026 05 20 19:19:45.338199,348
,348
,351
,348
,351
,352
,348
,346
,347
,349
,347
,348
,349
,357
2026 05 20 19:19:45.399113,353
,355
,356
,356
,359
,357
,361
,358
,355
,356
,359
,359
,357
,355
2026 05 20 19:19:45.464802,356
,351
,348
,350
,351
,353
,349
,352
,350
,348
,343
,343
,345
,346
2026 05 20 19:19:45.526908,347
,352
,349
,343
,347
,348
,346
,344
,349
,348
,349
,342
,348
,349
2026 05 20 19:19:45.590904,347
,351
,352
,349
,346
,351
,348
,349
,337
,339
,341
,340
,340
,346
2026 05 20 19:19:45.652884,346
,341
,350
,350
,346
,342
,347
,344
,345
,346
,347
,344
,343
,346
2026 05 20 19:19:45.714774,339
,339
,335
,338
,339
,339
,336
,337
,335
,333
,331
,334
,332
,332
2026 05 20 19:19:45.779845,342
,349
,349
,347
,350
,348
,350
,354
,356
,351
,350
,353
,349
,350
2026 05 20 19:19:45.841808,347
,353
,350
,352
,353
,357
,353
,356
,356
,356
,351
,349
,351
,350
2026 05 20 19:19:45.906443,349
,350
,356
,352
,354
,348
,349
,352
,351
,355
,357
,353
,350
,354
2026 05 20 19:19:45.968721,353
,356
,354
,361
,358
,358
,365
,360
,362
,352
,357
,353
,356
,352
2026 05 20 19:19:46.030011,355
,348
,345
,345
,338
,337
,330
,335
,338
,338
,336
,343
,342
,343
2026 05 20 19:19:46.095628,350
,349
,345
,345
,347
,342
,344
,348
,348
,350
,349
,352
,354
,357
2026 05 20 19:19:46.156862,355
,361
,358
,357
,356
,362
,355
,363
,362
,364
,358
,354
,357
,358
2026 05 20 19:19:46.225016,357
,353
,360
,356
,360
,353
,363
,363
,360
,359
,359
,360
,357
,360
2026 05 20 19:19:46.283950,363
,363
,359
,366
,363
,365
,362
,364
,356
,354
,362
,368
,366
,367
2026 05 20 19:19:46.344654,374
,367
,363
,364
,362
,357
,348
,350
,351
,350
,351
,353
,353
,355
2026 05 20 19:19:46.410448,353
,356
,353
,349
,350
,350
,351
,341
,338
,334
,334
,328
,331
,331
2026 05 20 19:19:46.472334,336
,339
,344
,342
,341
,348
,348
,349
,349
,352
,351
,352
,352
,353
2026 05 20 19:19:46.537840,352
,353
,356
,356
,353
,347
,350
,350
,346
,346
,354
,354
,354
,356
2026 05 20 19:19:46.599128,359
,355
,346
,354
,361
,360
,357
,363
,358
,358
,361
,361
,361
,359
2026 05 20 19:19:46.660807,363
,359
,358
,353
,358
,352
,353
,349
,354
,345
,346
,345
,350
,345
2026 05 20 19:19:46.726451,340
,336
,335
,336
,334
,341
,345
,345
,348
,355
,353
,350
,357
,359
2026 05 20 19:19:46.787978,364
,362
,361
,361
,358
,355
,357
,354
,354
,358
,361
,360
,359
,360
2026 05 20 19:19:46.852774,363
,360
,360
,360
,356
,353
,360
,362
,360
,356
,359
,361
,361
,359
2026 05 20 19:19:46.914747,359
,358
,355
,359
,362
,362
,361
,366
,366
,361
,359
,365
,363
,354
2026 05 20 19:19:46.976247,357
,363
,361
,358
,365
,365
,365
,361
,366
,361
,360
,361
,366
,364
2026 05 20 19:19:47.041501,364
,367
,371
,364
,357
,363
,363
,359
,356
,361
,355
,355
,354
,363
2026 05 20 19:19:47.102805,362
,358
,357
,358
,361
,357
,358
,356
,351
,351
,351
,350
,343
,346
2026 05 20 19:19:47.164394,347
,348
,348
,354
,357
,358
,357
,354
,355
,351
,354
,357
,353
,354
2026 05 20 19:19:47.229841,356
,355
,356
,349
,352
,350
,346
,344
,347
,344
,346
,350
,349
,351
2026 05 20 19:19:47.291124,352
,362
,358
,360
,362
,364
,359
,356
,357
,352
,349
,346
,350
,345
2026 05 20 19:19:47.356895,342
,345
,346
,346
,345
,351
,353
,349
,346
,349
,349
,348
,350
,357
2026 05 20 19:19:47.418137,353
,352
,355
,357
,355
,355
,355
,352
,349
,339
,353
,359
,366
,366
2026 05 20 19:19:47.479984,367
,362
,357
,357
,356
,351
,349
,350
,343
,348
,342
,350
,346
,346
2026 05 20 19:19:47.544237,350
,353
,350
,341
,341
,336
,333
,330
,330
,327
,323
,325
,328
,329
2026 05 20 19:19:47.607132,329
,336
,341
,347
,347
,352
,353
,351
,354
,352
,350
,346
,347
,348
2026 05 20 19:19:47.672424,351
,348
,349
,351
,346
,344
,348
,350
,345
,355
,356
,356
,356
,358
2026 05 20 19:19:47.734274,360
,360
,356
,354
,352
,352
,351
,355
,349
,350
,354
,356
,356
,355
2026 05 20 19:19:47.794743,357
,359
,353
,351
,351
,348
,345
,345
,345
,344
,345
,348
,345
,345
2026 05 20 19:19:47.861020,342
,349
,346
,346
,351
,352
,350
,347
,351
,351
,350
,350
,350
,347
2026 05 20 19:19:47.922409,343
,345
,350
,344
,342
,350
,353
,350
,345
,353
,355
,354
,354
,351
2026 05 20 19:19:47.987985,353
,356
,359
,357
,355
,358
,358
,362
,359
,354
,356
,349
,346
,351
2026 05 20 19:19:48.049397,352
,347
,350
,350
,351
,350
,348
,348
,346
,347
,343
,344
,336
,334
2026 05 20 19:19:48.110752,343
,343
,348
,347
,353
,346
,343
,340
,340
,333
,337
,344
,343
,344
2026 05 20 19:19:48.175709,342
,348
,351
,353
,351
,348
,344
,342
,339
,345
,344
,342
,338
,341
2026 05 20 19:19:48.238926,341
,340
,345
,343
,346
,347
,348
,346
,344
,346
,351
,348
,352
,360
2026 05 20 19:19:48.302438,350
,351
,343
,345
,343
,344
,346
,346
,346
,346
,349
,347
,344
,341
2026 05 20 19:19:48.364822,345
,340
,341
,339
,344
,344
,347
,350
,348
,347
,346
,351
,350
,348
2026 05 20 19:19:48.425859,352
,354
,349
,345
,350
,352
,345
,348
,355
,355
,351
,349
,351
,348
2026 05 20 19:19:48.491199,344
,347
,344
,345
,339
,350
,344
,348
,348
,352
,352
,351
,357
,358
2026 05 20 19:19:48.553863,357
,354
,356
,353
,348
,343
,348
,346
,348
,347
,350
,346
,344
,352
2026 05 20 19:19:48.618697,352
,351
,348
,356
,354
,356
,353
,354
,350
,347
,350
,352
,351
,351
2026 05 20 19:19:48.679830,357
,357
,349
,346
,347
,346
,338
,346
,350
,349
,347
,346
,343
,349
2026 05 20 19:19:48.741453,346
,343
,339
,342
,342
,346
,339
,335
,341
,345
,342
,339
,337
,339
2026 05 20 19:19:48.806910,345
,346
,347
,345
,345
,344
,348
,343
,344
,347
,347
,345
,341
,354
2026 05 20 19:19:48.868100,352
,348
,349
,349
,345
,344
,348
,350
,354
,349
,352
,351
,352
,357
2026 05 20 19:19:48.933698,359
,354
,353
,355
,358
,355
,352
,351
,351
,356
,357
,358
,357
,352
2026 05 20 19:19:48.995781,357
,354
,351
,349
,352
,353
,352
,354
,357
,355
,350
,352
,351
,350
2026 05 20 19:19:49.056479,348
,349
,352
,350
,352
,352
,355
,349
,346
,353
,347
,344
,346
,350
2026 05 20 19:19:49.121513,355
,343
,349
,347
,347
,345
,349
,347
,344
,344
,343
,342
,336
,342
2026 05 20 19:19:49.183906,342
,337
,343
,346
,346
,345
,345
,347
,344
,345
,349
,344
,346
,344
2026 05 20 19:19:49.249263,353
,355
,351
,352
,351
,346
,346
,350
,346
,348
,344
,345
,349
,346
2026 05 20 19:19:49.310028,347
,346
,341
,344
,345
,349
,352
,349
,353
,354
,352
,350
,356
,347
2026 05 20 19:19:49.372257,345
,348
,347
,341
,347
,350
,350
,351
,352
,357
,355
,356
,354
,358
2026 05 20 19:19:49.437125,351
,346
,352
,349
,354
,350
,353
,350
,356
,356
,354
,355
,353
,359
2026 05 20 19:19:49.500367,359
,355
,353
,351
,349
,348
,347
,352
,347
,349
,347
,346
,352
,352
2026 05 20 19:19:49.563944,352
,356
,360
,355
,358
,358
,356
,357
,354
,347
,344
,348
,348
,349
2026 05 20 19:19:49.625920,342
,344
,342
,343
,340
,351
,352
,352
,353
,356
,355
,345
,347
,342
2026 05 20 19:19:49.687059,341
,340
,344
,340
,342
,340
,342
,340
,338
,343
,346
,348
,348
,352
2026 05 20 19:19:49.752384,346
,345
,348
,347
,347
,347
,351
,354
,350
,343
,353
,347
,350
,345
2026 05 20 19:19:49.813440,344
,343
,346
,349
,346
,344
,347
,350
,347
,346
,346
,351
,345
,342
2026 05 20 19:19:49.879902,342
,346
,344
,347
,352
,352
,351
,350
,352
,352
,354
,352
,360
,357
2026 05 20 19:19:49.941038,358
,358
,357
,354
,353
,356
,350
,353
,351
,358
,358
,358
,360
,365
2026 05 20 19:19:50.002838,367
,358
,359
,360
,355
,348
,354
,348
,347
,350
,352
,347
,353
,355
2026 05 20 19:19:50.068321,360
,360
,362
,366
,359
,360
,359
,362
,358
,356
,357
,360
,359
,353
2026 05 20 19:19:50.129771,357
,355
,357
,352
,353
,349
,349
,349
,354
,348
,346
,349
,348
,345
2026 05 20 19:19:50.195475,348
,354
,350
,350
,349
,351
,346
,347
,348
,346
,349
,344
,348
,350
2026 05 20 19:19:50.257009,351
,343
,350
,350
,347
,348
,355
,358
,357
,359
,361
,360
,359
,362
2026 05 20 19:19:50.318038,359
,359
,356
,355
,353
,354
,357
,357
,356
,351
,355
,349
,351
,351
2026 05 20 19:19:50.383934,352
,348
,347
,354
,358
,355
,354
,359
,354
,355
,359
,360
,356
,358
2026 05 20 19:19:50.445537,359
,360
,362
,357
,356
,350
,350
,345
,350
,345
,348
,354
,351
,347
2026 05 20 19:19:50.510131,346
,347
,352
,348
,353
,357
,355
,351
,360
,357
,355
,348
,350
,345
2026 05 20 19:19:50.572648,345
,349
,351
,354
,356
,360
,362
,361
,352
,354
,351
,354
,345
,346
2026 05 20 19:19:50.633450,345
,343
,337
,336
,335
,336
,336
,341
,347
,350
,346
,348
,350
,351
2026 05 20 19:19:50.699585,352
,348
,345
,347
,350
,348
,346
,348
,347
,342
,341
,344
,345
,346
2026 05 20 19:19:50.760591,349
,358
,364
,363
,368
,370
,367
,366
,368
,363
,362
,359
,361
,364
2026 05 20 19:19:50.826193,365
,368
,369
,367
,362
,371
,373
,373
,370
,370
,368
,367
,361
,358
2026 05 20 19:19:50.889031,350
,345
,342
,341
,333
,339
,339
,337
,336
,341
,344
,345
,348
,352
2026 05 20 19:19:50.949038,355
,354
,352
,353
,347
,347
,346
,349
,345
,348
,354
,356
,354
,351
2026 05 20 19:19:51.014938,350
,349
,346
,346
,350
,350
,350
,358
,356
,356
,355
,357
,356
,349
2026 05 20 19:19:51.076258,345
,352
,350
,355
,354
,355
,349
,350
,353
,355
,355
,351
,358
,354
2026 05 20 19:19:51.137523,356
,358
,358
,357
,356
,356
,358
,355
,356
,361
,359
,357
,355
,355
2026 05 20 19:19:51.202844,351
,349
,348
,353
,349
,350
,352
,355
,352
,351
,355
,350
,353
,352
2026 05 20 19:19:51.264286,356
,351
,351
,358
,361
,358
,356
,363
,363
,364
,361
,363
,361
,363
2026 05 20 19:19:51.329615,364
,364
,361
,359
,362
,366
,366
,365
,374
,366
,364
,369
,375
,369
2026 05 20 19:19:51.391737,368
,367
,368
,360
,359
,358
,360
,358
,356
,359
,357
,357
,355
,355
2026 05 20 19:19:51.453269,351
,350
,356
,359
,364
,357
,364
,361
,357
,359
,358
,356
,348
,353
2026 05 20 19:19:51.518505,357
,352
,350
,354
,350
,346
,346
,347
,339
,344
,353
,352
,351
,347
2026 05 20 19:19:51.579550,358
,355
,350
,348
,348
,344
,342
,349
,348
,345
,341
,343
,343
,340
2026 05 20 19:19:51.645373,340
,348
,348
,348
,348
,350
,350
,342
,348
,351
,349
,347
,353
,349
2026 05 20 19:19:51.707324,349
,352
,352
,349
,346
,346
,349
,353
,348
,352
,352
,350
,352
,356
2026 05 20 19:19:51.768237,357
,362
,364
,369
,367
,360
,365
,364
,358
,356
,359
,358
,357
,355
2026 05 20 19:19:51.834549,357
,355
,355
,359
,359
,355
,351
,353
,355
,354
,350
,347
,348
,350
2026 05 20 19:19:51.894872,352
,359
,360
,362
,367
,362
,363
,357
,358
,355
,352
,358
,355
,356
2026 05 20 19:19:51.960948,354
,360
,356
,355
,352
,354
,349
,351
,356
,352
,352
,351
,353
,352
2026 05 20 19:19:52.021284,345
,343
,349
,347
,348
,343
,350
,346
,352
,356
,359
,346
,348
,355
2026 05 20 19:19:52.084501,353
,352
,350
,355
,351
,357
,358
,359
,357
,354
,352
,353
,348
,348
2026 05 20 19:19:52.149939,350
,352
,358
,356
,362
,358
,355
,353
,354
,352
,349
,356
,348
,351
2026 05 20 19:19:52.210016,355
,359
,357
,356
,361
,362
,356
,347
,354
,354
,356
,356
,357
,354
2026 05 20 19:19:52.276361,353
,355
,355
,353
,349
,349
,351
,352
,351
,358
,357
,365
,364
,364
2026 05 20 19:19:52.337887,354
,351
,355
,356
,353
,353
,359
,354
,355
,352
,355
,355
,359
,359
2026 05 20 19:19:52.399311,359
,357
,352
,357
,359
,355
,353
,356
,350
,352
,351
,357
,354
,351
2026 05 20 19:19:52.464671,353
,359
,354
,352
,356
,353
,353
,354
,359
,352
,348
,350
,355
,351
2026 05 20 19:19:52.525591,347
,352
,354
,358
,350
,353
,351
,347
,347
,349
,352
,349
,346
,345
2026 05 20 19:19:52.590958,340
,338
,344
,344
,339
,350
,351
,352
,347
,349
,351
,347
,345
,348
2026 05 20 19:19:52.653147,348
,348
,346
,351
,348
,346
,345
,341
,342
,340
,341
,345
,345
,349
2026 05 20 19:19:52.714151,351
,351
,349
,350
,352
,347
,341
,344
,348
,345
,349
,355
,355
,354
2026 05 20 19:19:52.779829,354
,356
,353
,344
,349
,346
,343
,345
,353
,355
,355
,352
,354
,352
2026 05 20 19:19:52.841511,351
,352
,352
,345
,347
,356
,357
,352
,355
,356
,351
,350
,352
,355
2026 05 20 19:19:52.906581,355
,348
,351
,353
,352
,355
,356
,353
,352
,357
,363
,363
,363
,363
2026 05 20 19:19:52.968547,363
,362
,363
,364
,358
,356
,356
,359
,350
,348
,352
,354
,350
,352
2026 05 20 19:19:53.029280,361
,360
,354
,356
,352
,351
,351
,358
,360
,357
,356
,357
,359
,359
2026 05 20 19:19:53.094892,357
,360
,356
,355
,357
,359
,358
,351
,353
,354
,358
,357
,358
,360
2026 05 20 19:19:53.157753,361
,363
,364
,357
,355
,357
,356
,357
,363
,366
,361
,359
,352
,358
2026 05 20 19:19:53.225366,355
,356
,356
,355
,354
,354
,357
,358
,354
,352
,355
,352
,352
,354
2026 05 20 19:19:53.283366,360
,359
,355
,360
,364
,362
,362
,369
,361
,360
,360
,363
,360
,358
2026 05 20 19:19:53.345157,359
,357
,354
,352
,360
,360
,360
,361
,369
,369
,368
,365
,365
,362
2026 05 20 19:19:53.410354,360
,359
,356
,351
,338
,346
,349
,349
,352
,355
,357
,357
,354
,358
2026 05 20 19:19:53.471859,363
,363
,365
,366
,370
,369
,365
,356
,352
,356
,350
,347
,346
,351
2026 05 20 19:19:53.537748,350
,349
,346
,353
,351
,353
,355
,352
,355
,354
,355
,354
,352
,347
2026 05 20 19:19:53.599378,353
,348
,344
,351
,358
,359
,358
,367
,366
,363
,358
,366
,364
,361
2026 05 20 19:19:53.660802,360
,362
,360
,360
,359
,356
,350
,349
,352
,350
,353
,350
,353
,354
2026 05 20 19:19:53.726797,355
,356
,355
,358
,354
,355
,356
,356
,354
,357
,353
,352
,354
,356
2026 05 20 19:19:53.787733,354
,353
,357
,354
,353
,352
,356
,352
,354
,353
,358
,355
,353
,354
2026 05 20 19:19:53.852392,354
,350
,348
,351
,349
,346
,347
,351
,347
,354
,357
,358
,357
,355
2026 05 20 19:19:53.914672,357
,357
,355
,350
,356
,353
,351
,356
,362
,357
,354
,354
,353
,343
2026 05 20 19:19:53.975667,347
,350
,348
,349
,351
,349
,347
,348
,352
,354
,348
,350
,352
,350
2026 05 20 19:19:54.042297,357
,354
,360
,358
,352
,356
,356
,355
,349
,351
,347
,342
,340
,340
2026 05 20 19:19:54.103102,337
,335
,339
,346
,349
,353
,352
,346
,343
,338
,341
,341
,338
,343
2026 05 20 19:19:54.168128,344
,344
,346
,356
,352
,348
,350
,357
,355
,355
,356
,360
,355
,354
2026 05 20 19:19:54.229858,356
,355
,348
,348
,352
,352
,347
,345
,351
,343
,348
,354
,358
,355
2026 05 20 19:19:54.292272,357
,358
,361
,365
,360
,359
,357
,362
,360
,361
,354
,351
,354
,354
2026 05 20 19:19:54.359231,348
,348
,355
,354
,351
,350
,350
,344
,344
,347
,345
,348
,349
,352
2026 05 20 19:19:54.417775,353
,348
,346
,347
,345
,345
,346
,349
,349
,350
,352
,349
,349
,348
2026 05 20 19:19:54.482885,352
,348
,343
,346
,345
,340
,335
,334
,340
,336
,336
,339
,343
,345
2026 05 20 19:19:54.545372,343
,343
,341
,341
,343
,348
,349
,347
,350
,348
,346
,347
,355
,353
2026 05 20 19:19:54.606777,344
,351
,356
,355
,350
,356
,356
,355
,352
,355
,354
,356
,357
,357
2026 05 20 19:19:54.672369,357
,358
,355
,352
,348
,347
,353
,356
,357
,360
,366
,365
,363
,359
2026 05 20 19:19:54.733340,359
,358
,352
,353
,360
,359
,355
,355
,358
,358
,355
,359
,355
,351
2026 05 20 19:19:54.799168,355
,355
,355
,351
,360
,357
,357
,354
,354
,351
,349
,355
,357
,355
2026 05 20 19:19:54.859850,350
,354
,355
,357
,355
,356
,351
,354
,350
,353
,348
,348
,352
,357
2026 05 20 19:19:54.922186,358
,351
,358
,350
,351
,348
,351
,347
,347
,350
,346
,348
,346
,352
2026 05 20 19:19:54.987667,350
,352
,352
,354
,351
,347
,350
,356
,355
,354
,363
,357
,358
,353
2026 05 20 19:19:55.048131,362
,357
,355
,359
,365
,358
,354
,354
,356
,355
,354
,359
,360
,355
2026 05 20 19:19:55.110025,355
,362
,359
,354
,360
,357
,355
,352
,357
,354
,354
,350
,355
,352
2026 05 20 19:19:55.175482,350
,350
,345
,343
,341
,346
,344
,349
,344
,353
,346
,347
,348
,350
2026 05 20 19:19:55.237190,352
,353
,352
,352
,350
,347
,352
,349
,346
,351
,353
,351
,349
,348
2026 05 20 19:19:55.302840,350
,350
,349
,354
,350
,348
,345
,348
,342
,342
,343
,348
,346
,346
2026 05 20 19:19:55.364602,354
,355
,351
,348
,352
,349
,350
,347
,353
,349
,352
,353
,353
,347
2026 05 20 19:19:55.425558,351
,358
,354
,350
,349
,350
,349
,347
,351
,354
,349
,348
,350
,348
2026 05 20 19:19:55.491492,350
,354
,354
,358
,355
,356
,356
,353
,351
,356
,362
,356
,352
,358
2026 05 20 19:19:55.552729,359
,357
,357
,357
,353
,353
,359
,364
,363
,358
,357
,360
,358
,355
2026 05 20 19:19:55.617452,357
,358
,352
,356
,360
,355
,352
,356
,355
,352
,352
,355
,355
,353
2026 05 20 19:19:55.679724,356
,362
,354
,351
,354
,357
,354
,350
,350
,347
,350
,347
,349
,343
2026 05 20 19:19:55.741148,347
,351
,349
,348
,350
,353
,352
,352
,355
,357
,353
,352
,355
,351
2026 05 20 19:19:55.806829,348
,341
,344
,349
,355
,353
,352
,351
,352
,349
,355
,352
,345
,347
2026 05 20 19:19:55.867370,349
,342
,339
,342
,339
,342
,340
,343
,341
,343
,345
,350
,352
,350
2026 05 20 19:19:55.933869,353
,349
,355
,356
,359
,355
,354
,359
,360
,358
,354
,358
,354
,353
2026 05 20 19:19:55.995302,359
,359
,356
,352
,351
,358
,353
,352
,350
,354
,353
,351
,354
,348
2026 05 20 19:19:56.056057,350
,347
,352
,353
,351
,357
,359
,358
,355
,358
,357
,356
,357
,359
2026 05 20 19:19:56.122571,359
,353
,353
,348
,337
,341
,340
,338
,339
,334
,335
,340
,337
,337
2026 05 20 19:19:56.183274,338
,332
,330
,336
,339
,341
,340
,341
,345
,343
,342
,349
,343
,344
2026 05 20 19:19:56.248921,347
,343
,343
,340
,348
,349
,351
,353
,355
,353
,347
,353
,357
,354
2026 05 20 19:19:56.310804,351
,353
,355
,353
,351
,357
,355
,352
,353
,354
,354
,354
,355
,359
2026 05 20 19:19:56.371978,357
,352
,355
,355
,353
,353
,356
,353
,353
,359
,364
,359
,355
,359
2026 05 20 19:19:56.437662,357
,354
,348
,353
,351
,352
,351
,352
,352
,350
,352
,354
,356
,352
2026 05 20 19:19:56.499999,361
,357
,357
,353
,359
,353
,348
,349
,352
,354
,348
,348
,343
,341
2026 05 20 19:19:56.565176,341
,346
,345
,348
,344
,349
,356
,352
,356
,356
,361
,352
,354
,353
2026 05 20 19:19:56.625515,355
,352
,355
,349
,347
,354
,353
,355
,354
,357
,351
,348
,349
,347
2026 05 20 19:19:56.687197,345
,353
,345
,353
,359
,358
,355
,333
,351
,364
,354
,356
,345
,358
2026 05 20 19:19:56.753018,357
,351
,349
,353
,352
,353
,350
,352
,351
,349
,346
,345
,346
,344
2026 05 20 19:19:56.814227,349
,349
,354
,350
,353
,350
,354
,353
,356
,350
,347
,348
,349
,349
2026 05 20 19:19:56.880486,344
,349
,347
,343
,341
,347
,347
,350
,353
,354
,354
,350
,352
,347
2026 05 20 19:19:56.940809,347
,346
,344
,340
,338
,340
,347
,346
,343
,346
,346
,344
,346
,343
2026 05 20 19:19:57.002810,348
,352
,349
,353
,353
,351
,354
,356
,356
,355
,355
,349
,351
,351
2026 05 20 19:19:57.068454,357
,354
,358
,357
,352
,350
,345
,345
,348
,347
,344
,347
,347
,345
2026 05 20 19:19:57.129799,346
,347
,345
,346
,353
,355
,359
,357
,364
,353
,352
,344
,346
,345
2026 05 20 19:19:57.195322,344
,350
,350
,351
,342
,345
,351
,351
,348
,353
,347
,345
,351
,356
2026 05 20 19:19:57.256380,350
,346
,348
,346
,342
,341
,342
,340
,340
,343
,346
,342
,338
,345
2026 05 20 19:19:57.318162,350
,347
,341
,349
,345
,341
,343
,349
,345
,346
,350
,350
,349
,344
2026 05 20 19:19:57.383839,352
,347
,342
,343
,348
,345
,346
,349
,348
,343
,341
,344
,343
,346
2026 05 20 19:19:57.445424,344
,348
,347
,347
,350
,352
,347
,344
,349
,348
,346
,347
,353
,350
2026 05 20 19:19:57.510319,349
,353
,355
,352
,351
,353
,353
,352
,347
,350
,352
,350
,349
,351
2026 05 20 19:19:57.571528,346
,352
,358
,356
,353
,346
,349
,350
,346
,345
,348
,349
,348
,350
2026 05 20 19:19:57.632966,346
,340
,340
,337
,341
,342
,342
,344
,348
,346
,348
,349
,347
,344
2026 05 20 19:19:57.699041,347
,347
,345
,337
,343
,340
,345
,348
,352
,344
,342
,345
,344
,340
2026 05 20 19:19:57.760843,339
,341
,341
,344
,343
,342
,344
,346
,349
,349
,344
,345
,348
,352
2026 05 20 19:19:57.825374,345
,348
,355
,354
,349
,352
,354
,356
,346
,348
,350
,350
,345
,348
2026 05 20 19:19:57.887614,349
,350
,352
,353
,348
,350
,355
,357
,353
,348
,352
,348
,350
,353
2026 05 20 19:19:57.947842,358
,353
,354
,353
,355
,348
,347
,349
,347
,349
,352
,354
,353
,356
2026 05 20 19:19:58.014523,355
,354
,351
,350
,354
,356
,355
,352
,354
,354
,354
,352
,353
,346
2026 05 20 19:19:58.076019,346
,344
,340
,339
,337
,342
,345
,352
,356
,360
,360
,359
,359
,362
2026 05 20 19:19:58.141257,356
,354
,356
,357
,351
,346
,347
,344
,343
,342
,343
,338
,338
,344
2026 05 20 19:19:58.203118,348
,350
,351
,359
,357
,354
,354
,356
,348
,345
,347
,348
,345
,342
2026 05 20 19:19:58.264077,346
,346
,348
,342
,347
,351
,353
,355
,356
,355
,346
,353
,359
,357
2026 05 20 19:19:58.330274,356
,362
,357
,357
,356
,357
,352
,350
,350
,348
,346
,345
,348
,344
2026 05 20 19:19:58.391703,346
,343
,348
,347
,348
,354
,353
,350
,348
,353
,348
,353
,348
,350
2026 05 20 19:19:58.456896,348
,344
,342
,344
,339
,346
,345
,345
,349
,350
,352
,348
,345
,344
2026 05 20 19:19:58.518384,347
,344
,345
,348
,354
,349
,346
,349
,347
,346
,348
,351
,346
,344
2026 05 20 19:19:58.579290,346
,347
,344
,343
,344
,344
,348
,341
,344
,345
,342
,342
,346
,341
2026 05 20 19:19:58.644856,342
,347
,346
,344
,342
,351
,350
,350
,352
,357
,350
,348
,349
,352
2026 05 20 19:19:58.709278,349
,347
,350
,347
,349
,344
,348
,342
,341
,345
,343
,335
,337
,342
2026 05 20 19:19:58.771822,342
,344
,343
,340
,343
,345
,340
,339
,338
,337
,341
,342
,343
,340
2026 05 20 19:19:58.833783,343
,341
,338
,339
,343
,342
,340
,345
,348
,347
,341
,343
,347
,347
2026 05 20 19:19:58.894381,344
,351
,347
,344
,346
,345
,341
,339
,343
,348
,344
,343
,348
,349
2026 05 20 19:19:58.960076,346
,349
,351
,346
,345
,347
,348
,350
,353
,356
,349
,351
,352
,355
2026 05 20 19:19:59.022354,354
,352
,353
,357
,351
,352
,354
,356
,356
,355
,354
,355
,354
,353
2026 05 20 19:19:59.087676,353
,350
,351
,353
,352
,348
,345
,352
,352
,346
,349
,353
,348
,350
2026 05 20 19:19:59.149322,352
,352
,349
,347
,355
,347
,350
,348
,352
,348
,349
,353
,357
,356
2026 05 20 19:19:59.210066,350
,355
,357
,353
,349
,354
,354
,356
,360
,361
,356
,355
,353
,358
2026 05 20 19:19:59.275325,354
,352
,356
,354
,352
,354
,354
,352
,348
,354
,358
,352
,353
,357
2026 05 20 19:19:59.337578,356
,354
,356
,361
,357
,355
,360
,364
,361
,354
,359
,356
,356
,348
2026 05 20 19:19:59.398255,350
,351
,353
,355
,360
,356
,355
,357
,357
,352
,352
,355
,354
,358
2026 05 20 19:19:59.464473,364
,363
,359
,357
,360
,362
,358
,361
,361
,355
,353
,351
,354
,352
2026 05 20 19:19:59.526114,349
,349
,350
,350
,348
,348
,349
,352
,351
,356
,348
,351
,354
,359
2026 05 20 19:19:59.591918,353
,351
,347
,345
,345
,342
,348
,346
,343
,339
,340
,338
,341
,342
2026 05 20 19:19:59.652379,343
,345
,341
,342
,347
,344
,343
,344
,341
,338
,340
,342
,340
,337
2026 05 20 19:19:59.713914,342
,341
,340
,344
,351
,347
,353
,353
,357
,350
,350
,356
,359
,356
2026 05 20 19:19:59.779019,353
,357
,357
,351
,348
,354
,355
,355
,355
,361
,356
,352
,356
,352
2026 05 20 19:19:59.840882,351
,346
,353
,348
,347
,352
,358
,355
,349
,352
,346
,353
,345
,351
2026 05 20 19:19:59.906735,350
,347
,349
,349
,341
,346
,350
,350
,356
,357
,363
,366
,359
,353
2026 05 20 19:19:59.968227,362
,359
,354
,363
,368
,360
,357
,366
,370
,365
,363
,367
,368
,365
2026 05 20 19:20:00.029595,365
,364
,359
,361
,365
,362
,358
,356
,358
,357
,359
,358
,358
,359
2026 05 20 19:20:00.095035,360
,362
,363
,359
,358
,363
,354
,350
,354
,354
,359
,345
,346
,353
2026 05 20 19:20:00.157009,348
,348
,349
,354
,355
,349
,354
,352
,351
,352
,355
,353
,353
,351
2026 05 20 19:20:00.221812,353
,347
,352
,347
,348
,356
,360
,365
,359
,363
,372
,364
,364
,354
2026 05 20 19:20:00.283706,357
,356
,356
,350
,347
,348
,345
,348
,348
,354
,345
,348
,357
,353
2026 05 20 19:20:00.345142,346
,342
,346
,349
,344
,351
,342
,337
,339
,345
,343
,342
,348
,348
2026 05 20 19:20:00.410084,351
,354
,354
,353
,341
,343
,348
,348
,347
,350
,348
,346
,339
,349
2026 05 20 19:20:00.471864,344
,341
,345
,345
,342
,346
,347
,345
,348
,347
,349
,341
,339
,348
2026 05 20 19:20:00.536943,356
,350
,347
,354
,356
,361
,360
,370
,362
,362
,364
,367
,354
,352
2026 05 20 19:20:00.599096,355
,360
,351
,343
,355
,354
,354
,346
,353
,347
,342
,352
,356
,354
2026 05 20 19:20:00.659788,353
,359
,354
,357
,348
,351
,349
,349
,350
,354
,350
,347
,347
,349
2026 05 20 19:20:00.725886,347
,344
,354
,352
,354
,359
,362
,364
,363
,368
,371
,361
,359
,357
2026 05 20 19:20:00.786654,359
,358
,354
,353
,348
,344
,348
,353
,345
,337
,337
,341
,335
,337
2026 05 20 19:20:00.852865,345
,336
,338
,341
,350
,347
,335
,347
,348
,344
,343
,346
,349
,348
2026 05 20 19:20:00.914453,345
,352
,349
,346
,352
,351
,346
,348
,351
,348
,349
,345
,354
,344
2026 05 20 19:20:00.975021,341
,348
,359
,349
,343
,349
,347
,338
,339
,350
,348
,339
,341
,351
2026 05 20 19:20:01.041103,349
,341
,344
,349
,342
,342
,350
,346
,347
,354
,353
,345
,342
,345
2026 05 20 19:20:01.102789,352
,342
,345
,351
,351
,349
,353
,355
,348
,350
,349
,358
,354
,355
2026 05 20 19:20:01.168819,357
,361
,352
,353
,351
,351
,353
,351
,352
,340
,337
,348
,352
,351
2026 05 20 19:20:01.229859,355
,362
,354
,355
,351
,355
,352
,348
,336
,347
,336
,336
,346
,352
2026 05 20 19:20:01.290880,355
,348
,356
,355
,353
,348
,347
,343
,335
,348
,344
,344
,341
,354
2026 05 20 19:20:01.356691,349
,349
,349
,352
,347
,340
,344
,353
,340
,353
,372
,356
,357
,358
2026 05 20 19:20:01.417086,360
,351
,352
,363
,364
,364
,359
,366
,369
,370
,368
,358
,351
,367
2026 05 20 19:20:01.484584,366
,372
,365
,366
,358
,367
,362
,356
,369
,359
,355
,349
,363
,360
2026 05 20 19:20:01.545652,359
,365
,367
,365
,358
,365
,359
,351
,352
,357
,346
,348
,350
,354
2026 05 20 19:20:01.606356,343
,343
,358
,363
,352
,344
,364
,357
,355
,359
,366
,358
,356
,356
2026 05 20 19:20:01.671941,361
,353
,352
,356
,354
,352
,353
,357
,354
,351
,357
,354
,351
,351
2026 05 20 19:20:01.733692,352
,354
,346
,348
,346
,347
,344
,352
,356
,358
,352
,365
,368
,362
2026 05 20 19:20:01.809230,365
,371
,367
,363
,364
,366
,364
,362
,362
,359
,359
,358
,369
,368
2026 05 20 19:20:01.860388,368
,364
,377
,380
,367
,365
,368
,373
,369
,371
,369
,371
,360
,361
2026 05 20 19:20:01.921866,368
,363
,367
,367
,365
,359
,362
,364
,362
,362
,366
,362
,365
,366
2026 05 20 19:20:01.987432,367
,365
,366
,371
,370
,366
,363
,361
,356
,351
,354
,359
,354
,350
2026 05 20 19:20:02.049069,349
,351
,350
,347
,365
,363
,362
,362
,368
,367
,366
,368
,362
,362
2026 05 20 19:20:02.114622,361
,369
,372
,370
,363
,370
,367
,370
,377
,382
,379
,374
,379
,383
2026 05 20 19:20:02.176642,378
,369
,369
,361
,359
,365
,364
,361
,358
,363
,362
,360
,362
,364
2026 05 20 19:20:02.237183,368
,366
,368
,378
,366
,363
,362
,360
,362
,359
,364
,366
,360
,357
2026 05 20 19:20:02.302979,364
,363
,365
,365
,361
,361
,360
,364
,368
,364
,368
,373
,362
,359
2026 05 20 19:20:02.364498,360
,368
,361
,357
,369
,371
,365
,367
,375
,371
,368
,372
,376
,368
2026 05 20 19:20:02.429832,366
,363
,363
,358
,355
,364
,359
,355
,353
,355
,352
,349
,353
,356
2026 05 20 19:20:02.490750,356
,359
,364
,361
,357
,355
,357
,355
,349
,347
,355
,352
,348
,351
2026 05 20 19:20:02.552707,350
,348
,348
,350
,355
,353
,355
,356
,356
,350
,355
,358
,353
,352
2026 05 20 19:20:02.618351,357
,359
,357
,348
,349
,350
,347
,349
,351
,347
,350
,353
,353
,348
2026 05 20 19:20:02.680123,343
,341
,338
,333
,339
,345
,345
,342
,347
,350
,345
,340
,345
,348
2026 05 20 19:20:02.745459,349
,348
,353
,347
,347
,351
,359
,347
,346
,353
,351
,346
,344
,349
2026 05 20 19:20:02.806670,348
,343
,348
,354
,352
,346
,353
,355
,349
,344
,353
,346
,350
,358
2026 05 20 19:20:02.868279,368
,359
,356
,358
,358
,356
,352
,356
,353
,357
,355
,358
,358
,357
2026 05 20 19:20:02.933896,360
,362
,352
,348
,355
,350
,349
,351
,357
,358
,364
,367
,363
,362
2026 05 20 19:20:02.994769,361
,363
,361
,358
,355
,361
,355
,354
,349
,353
,353
,346
,348
,349
2026 05 20 19:20:03.060367,350
,344
,347
,348
,348
,350
,345
,342
,344
,343
,340
,333
,332
,336
2026 05 20 19:20:03.121662,339
,338
,335
,336
,329
,326
,323
,335
,336
,342
,345
,347
,345
,345
2026 05 20 19:20:03.183433,351
,350
,353
,347
,349
,345
,344
,349
,350
,345
,343
,347
,348
,349
2026 05 20 19:20:03.249035,351
,350
,343
,340
,345
,346
,349
,344
,348
,349
,348
,346
,349
,345
2026 05 20 19:20:03.310353,340
,344
,347
,344
,342
,347
,353
,347
,343
,349
,345
,344
,346
,350
2026 05 20 19:20:03.371082,347
,342
,345
,350
,348
,346
,349
,348
,348
,344
,348
,349
,347
,347
2026 05 20 19:20:03.437243,349
,352
,347
,351
,349
,349
,344
,345
,342
,343
,343
,344
,337
,336
2026 05 20 19:20:03.499008,344
,343
,344
,340
,339
,334
,333
,328
,337
,340
,341
,345
,355
,351
2026 05 20 19:20:03.563409,351
,358
,356
,351
,348
,349
,348
,349
,346
,352
,344
,342
,344
,345
2026 05 20 19:20:03.625936,341
,339
,347
,346
,347
,349
,359
,353
,346
,351
,352
,349
,347
,352
2026 05 20 19:20:03.686563,353
,351
,353
,359
,357
,355
,363
,365
,362
,363
,355
,356
,355
,352
2026 05 20 19:20:03.752258,355
,352
,354
,356
,359
,354
,351
,356
,355
,355
,352
,358
,360
,364
2026 05 20 19:20:03.813949,364
,368
,364
,363
,363
,363
,359
,352
,353
,351
,351
,348
,352
,342
2026 05 20 19:20:03.879201,338
,344
,345
,342
,339
,348
,346
,344
,339
,346
,340
,336
,339
,342
2026 05 20 19:20:03.941366,343
,340
,349
,351
,351
,344
,349
,348
,349
,342
,346
,338
,334
,340
2026 05 20 19:20:04.002052,349
,347
,347
,350
,352
,353
,351
,356
,352
,353
,353
,356
,357
,353
2026 05 20 19:20:04.068047,358
,355
,349
,352
,351
,347
,350
,352
,354
,350
,349
,356
,357
,347
2026 05 20 19:20:04.129416,341
,347
,347
,344
,343
,344
,339
,342
,350
,355
,350
,355
,360
,361
2026 05 20 19:20:04.195401,358
,359
,364
,359
,360
,360
,368
,363
,365
,364
,360
,357
,361
,368
2026 05 20 19:20:04.256602,359
,362
,362
,367
,365
,360
,364
,363
,361
,359
,361
,362
,365
,360
2026 05 20 19:20:04.317586,361
,365
,360
,361
,365
,362
,363
,368
,360
,362
,348
,359
,359
,353
2026 05 20 19:20:04.383612,360
,355
,348
,344
,348
,353
,346
,348
,348
,339
,337
,338
,338
,338
2026 05 20 19:20:04.444767,336
,341
,344
,340
,345
,344
,345
,344
,347
,348
,344
,342
,346
,348
2026 05 20 19:20:04.510027,349
,346
,348
,348
,345
,346
,347
,347
,344
,345
,349
,345
,343
,344
2026 05 20 19:20:04.572792,347
,349
,351
,349
,348
,347
,353
,358
,359
,353
,352
,350
,349
,350
2026 05 20 19:20:04.633428,353
,353
,353
,350
,356
,350
,349
,353
,352
,349
,351
,355
,350
,351
2026 05 20 19:20:04.699053,346
,350
,344
,345
,349
,346
,346
,341
,340
,339
,337
,331
,340
,341
2026 05 20 19:20:04.760418,340
,341
,349
,345
,343
,349
,350
,346
,347
,349
,347
,346
,347
,348
2026 05 20 19:20:04.825791,342
,341
,344
,348
,346
,342
,343
,348
,348
,347
,352
,349
,347
,350
2026 05 20 19:20:04.886831,355
,353
,353
,358
,356
,357
,355
,360
,354
,355
,354
,348
,355
,356
2026 05 20 19:20:04.947544,355
,354
,355
,355
,361
,358
,356
,354
,357
,357
,359
,361
,360
,357
2026 05 20 19:20:05.014633,349
,357
,355
,354
,355
,354
,351
,351
,353
,356
,352
,346
,354
,351
2026 05 20 19:20:05.075888,353
,349
,359
,355
,350
,355
,359
,352
,352
,354
,356
,358
,356
,357
2026 05 20 19:20:05.140967,358
,358
,355
,358
,358
,359
,353
,357
,351
,347
,344
,350
,350
,348
2026 05 20 19:20:05.202629,352
,350
,354
,359
,363
,363
,364
,367
,369
,369
,369
,368
,365
,363
2026 05 20 19:20:05.263739,358
,361
,353
,344
,352
,349
,345
,343
,356
,350
,352
,353
,361
,356
2026 05 20 19:20:05.329097,353
,354
,358
,360
,352
,354
,355
,356
,356
,364
,360
,357
,360
,365
2026 05 20 19:20:05.390453,362
,358
,359
,357
,349
,344
,348
,350
,350
,351
,354
,352
,348
,352
2026 05 20 19:20:05.456648,356
,352
,346
,351
,352
,351
,349
,358
,352
,352
,353
,355
,354
,349
2026 05 20 19:20:05.518431,348
,345
,345
,348
,347
,342
,344
,347
,351
,345
,344
,347
,345
,347
2026 05 20 19:20:05.579647,343
,350
,343
,342
,342
,345
,344
,349
,353
,361
,355
,349
,359
,356
2026 05 20 19:20:05.645100,353
,353
,356
,352
,349
,351
,354
,348
,343
,355
,350
,355
,347
,358
2026 05 20 19:20:05.706534,352
,353
,357
,360
,354
,348
,354
,354
,353
,348
,349
,348
,350
,351
2026 05 20 19:20:05.771380,361
,355
,350
,354
,347
,347
,348
,351
,347
,348
,345
,351
,349
,349
2026 05 20 19:20:05.833411,349
,351
,347
,348
,349
,352
,354
,352
,361
,361
,361
,356
,360
,353
2026 05 20 19:20:05.895218,348
,351
,352
,351
,347
,347
,344
,346
,345
,350
,345
,341
,352
,353
2026 05 20 19:20:05.960152,348
,342
,342
,346
,342
,337
,343
,344
,346
,339
,341
,341
,338
,342
2026 05 20 19:20:06.021421,348
,344
,339
,345
,339
,344
,354
,356
,356
,353
,353
,353
,349
,341
2026 05 20 19:20:06.087190,346
,346
,345
,345
,347
,345
,345
,349
,351
,341
,338
,339
,332
,332
2026 05 20 19:20:06.149032,336
,339
,335
,332
,334
,338
,336
,335
,343
,342
,338
,343
,345
,344
2026 05 20 19:20:06.210208,343
,343
,350
,347
,347
,350
,350
,350
,349
,355
,352
,350
,352
,354
2026 05 20 19:20:06.275914,350
,346
,351
,358
,351
,351
,351
,353
,350
,348
,348
,351
,351
,352
2026 05 20 19:20:06.337629,353
,352
,352
,353
,350
,349
,351
,357
,347
,344
,347
,355
,348
,344
2026 05 20 19:20:06.402938,346
,354
,356
,346
,345
,346
,339
,334
,342
,338
,335
,336
,337
,335
2026 05 20 19:20:06.464344,336
,346
,346
,347
,351
,352
,349
,349
,349
,347
,340
,339
,345
,341
2026 05 20 19:20:06.525125,341
,338
,345
,342
,340
,338
,345
,346
,345
,352
,356
,358
,349
,358
2026 05 20 19:20:06.591283,356
,358
,354
,354
,350
,342
,351
,356
,351
,343
,348
,347
,350
,346
2026 05 20 19:20:06.652415,347
,349
,346
,344
,345
,340
,338
,343
,344
,347
,347
,357
,354
,353
2026 05 20 19:20:06.717690,352
,352
,357
,355
,359
,362
,356
,349
,353
,349
,346
,353
,356
,350
2026 05 20 19:20:06.779160,347
,352
,361
,357
,352
,360
,363
,362
,351
,360
,352
,354
,354
,349
2026 05 20 19:20:06.840931,352
,346
,345
,342
,347
,346
,350
,348
,352
,350
,352
,352
,346
,350
2026 05 20 19:20:06.906209,357
,356
,349
,357
,356
,346
,347
,349
,343
,347
,347
,347
,343
,351
2026 05 20 19:20:06.967470,352
,349
,349
,344
,350
,340
,341
,339
,342
,337
,340
,344
,343
,337
2026 05 20 19:20:07.033326,337
,348
,340
,341
,343
,347
,346
,348
,353
,355
,352
,350
,355
,350
2026 05 20 19:20:07.094814,345
,348
,345
,342
,336
,342
,339
,336
,339
,339
,345
,349
,344
,349
2026 05 20 19:20:07.156715,348
,347
,355
,359
,356
,345
,354
,353
,348
,344
,344
,343
,344
,343
2026 05 20 19:20:07.221981,348
,345
,344
,350
,352
,348
,343
,349
,353
,344
,345
,356
,352
,352
2026 05 20 19:20:07.282958,349
,353
,346
,350
,352
,349
,352
,350
,351
,352
,348
,349
,354
,350
2026 05 20 19:20:07.344937,352
,360
,361
,356
,355
,360
,355
,356
,352
,353
,351
,353
,357
,357
2026 05 20 19:20:07.410495,351
,349
,350
,348
,345
,345
,352
,347
,348
,355
,354
,349
,348
,353
2026 05 20 19:20:07.471692,348
,349
,351
,350
,350
,350
,351
,357
,351
,347
,358
,358
,351
,345
2026 05 20 19:20:07.537328,348
,351
,347
,346
,348
,350
,349
,352
,354
,355
,356
,361
,361
,362
2026 05 20 19:20:07.599003,362
,362
,358
,352
,353
,357
,352
,348
,352
,355
,356
,353
,361
,361
2026 05 20 19:20:07.659572,356
,356
,356
,350
,348
,350
,352
,357
,352
,354
,351
,353
,348
,351
2026 05 20 19:20:07.725598,346
,343
,342
,341
,340
,337
,341
,339
,339
,336
,341
,338
,342
,344
2026 05 20 19:20:07.787404,349
,344
,340
,340
,342
,338
,336
,341
,339
,340
,340
,347
,343
,337
2026 05 20 19:20:07.852604,345
,349
,340
,342
,356
,349
,343
,349
,350
,344
,342
,349
,355
,354
2026 05 20 19:20:07.913508,347
,350
,354
,353
,350
,352
,348
,344
,342
,344
,335
,335
,338
,342
2026 05 20 19:20:07.974875,343
,343
,351
,347
,350
,350
,351
,348
,347
,351
,352
,346
,345
,342
2026 05 20 19:20:08.041106,337
,340
,343
,350
,351
,354
,354
,352
,342
,347
,345
,346
,348
,347
2026 05 20 19:20:08.102301,353
,349
,346
,352
,356
,350
,351
,352
,353
,348
,351
,352
,348
,352
2026 05 20 19:20:08.168081,352
,361
,355
,353
,361
,363
,359
,357
,360
,353
,354
,352
,353
,350
2026 05 20 19:20:08.230103,351
,348
,351
,352
,351
,355
,349
,349
,352
,356
,356
,359
,359
,359
2026 05 20 19:20:08.291165,355
,353
,355
,352
,349
,346
,349
,348
,346
,340
,346
,341
,339
,344
2026 05 20 19:20:08.356519,347
,345
,345
,354
,353
,350
,352
,358
,355
,349
,355
,352
,347
,346
2026 05 20 19:20:08.417345,352
,352
,350
,350
,355
,353
,350
,353
,356
,356
,355
,359
,363
,362
2026 05 20 19:20:08.482723,362
,368
,365
,364
,356
,359
,356
,348
,348
,358
,359
,353
,354
,359
2026 05 20 19:20:08.545125,363
,357
,362
,361
,362
,363
,362
,362
,362
,364
,362
,358
,353
,348
2026 05 20 19:20:08.606848,347
,349
,347
,349
,338
,334
,332
,334
,337
,338
,345
,349
,347
,351
2026 05 20 19:20:08.672054,356
,353
,349
,353
,350
,355
,355
,357
,358
,356
,359
,361
,356
,353
2026 05 20 19:20:08.733219,356
,355
,354
,355
,358
,358
,361
,361
,367
,364
,363
,361
,364
,365
2026 05 20 19:20:08.798855,365
,367
,366
,369
,367
,372
,372
,367
,366
,370
,360
,360
,358
,362
2026 05 20 19:20:08.861914,360
,354
,359
,356
,358
,356
,363
,362
,366
,364
,368
,366
,365
,366
2026 05 20 19:20:08.921118,369
,367
,362
,368
,365
,362
,366
,367
,361
,361
,368
,369
,370
,365
2026 05 20 19:20:08.986944,372
,372
,366
,367
,365
,364
,363
,362
,364
,360
,356
,357
,358
,356
2026 05 20 19:20:09.047649,357
,360
,358
,359
,364
,364
,365
,355
,358
,359
,363
,361
,367
,365
2026 05 20 19:20:09.114258,357
,362
,363
,357
,354
,360
,359
,359
,354
,356
,356
,355
,352
,355
2026 05 20 19:20:09.175551,354
,350
,352
,351
,348
,344
,347
,340
,333
,329
,327
,331
,328
,336
2026 05 20 19:20:09.236972,344
,341
,340
,340
,341
,338
,336
,341
,344
,343
,348
,356
,355
,348
2026 05 20 19:20:09.302651,352
,360
,356
,346
,354
,353
,357
,351
,357
,355
,353
,364
,370
,367
2026 05 20 19:20:09.363225,362
,367
,364
,363
,359
,363
,357
,356
,359
,363
,356
,352
,357
,358
2026 05 20 19:20:09.430522,356
,350
,356
,363
,365
,366
,372
,367
,363
,361
,364
,359
,357
,361
2026 05 20 19:20:09.491014,357
,357
,354
,362
,359
,354
,353
,358
,354
,353
,354
,352
,355
,361
2026 05 20 19:20:09.552314,363
,361
,367
,360
,369
,367
,360
,359
,359
,356
,349
,352
,360
,352
2026 05 20 19:20:09.618119,352
,357
,348
,347
,347
,350
,352
,352
,359
,358
,356
,357
,358
,351
2026 05 20 19:20:09.678913,349
,353
,359
,351
,346
,351
,342
,348
,347
,350
,346
,349
,350
,355
2026 05 20 19:20:09.744268,346
,344
,348
,356
,362
,354
,362
,354
,351
,345
,353
,350
,345
,351
2026 05 20 19:20:09.806673,346
,348
,341
,350
,354
,354
,355
,357
,351
,355
,361
,355
,354
,352
2026 05 20 19:20:09.867886,356
,349
,354
,347
,346
,347
,346
,340
,344
,341
,337
,339
,338
,341
2026 05 20 19:20:09.933379,336
,345
,344
,344
,344
,348
,347
,345
,350
,354
,349
,351
,360
,355
2026 05 20 19:20:09.994411,360
,358
,359
,354
,353
,355
,360
,354
,349
,357
,355
,360
,360
,367
2026 05 20 19:20:10.059630,362
,367
,360
,360
,355
,353
,355
,359
,352
,349
,358
,357
,355
,359
2026 05 20 19:20:10.121783,364
,355
,356
,359
,365
,357
,356
,363
,358
,353
,351
,355
,352
,344
2026 05 20 19:20:10.182980,342
,347
,347
,348
,351
,350
,351
,349
,356
,356
,358
,360
,351
,346
2026 05 20 19:20:10.248451,342
,343
,342
,339
,337
,347
,353
,352
,350
,351
,351
,354
,360
,363
2026 05 20 19:20:10.310285,362
,356
,359
,358
,358
,349
,349
,352
,349
,349
,357
,356
,353
,359
2026 05 20 19:20:10.375714,358
,360
,358
,361
,360
,356
,358
,364
,352
,348
,351
,353
,349
,348
2026 05 20 19:20:10.437074,355
,357
,355
,349
,353
,353
,352
,357
,359
,358
,352
,351
,349
,351
2026 05 20 19:20:10.498032,347
,355
,355
,352
,358
,362
,356
,357
,362
,361
,359
,352
,356
,352
2026 05 20 19:20:10.564221,354
,353
,355
,354
,353
,355
,356
,354
,351
,357
,353
,356
,351
,358
2026 05 20 19:20:10.625440,353
,352
,350
,350
,352
,348
,352
,352
,345
,344
,349
,348
,346
,346
2026 05 20 19:20:10.691009,350
,351
,348
,354
,360
,360
,358
,360
,362
,362
,362
,361
,363
,363
2026 05 20 19:20:10.752156,364
,364
,365
,357
,357
,356
,359
,355
,358
,354
,356
,360
,361
,358
2026 05 20 19:20:10.813320,357
,365
,360
,360
,348
,352
,352
,352
,354
,358
,351
,347
,352
,349
2026 05 20 19:20:10.879631,345
,342
,345
,345
,346
,345
,351
,351
,345
,351
,355
,354
,350
,352
2026 05 20 19:20:10.940631,354
,351
,345
,349
,345
,345
,349
,355
,353
,354
,358
,355
,358
,352
2026 05 20 19:20:11.002862,356
,354
,344
,346
,352
,351
,350
,352
,355
,350
,342
,348
,350
,352
2026 05 20 19:20:11.068219,350
,359
,349
,346
,347
,354
,351
,346
,351
,352
,358
,355
,358
,352
2026 05 20 19:20:11.129342,351
,353
,354
,349
,344
,349
,349
,350
,346
,354
,352
,352
,355
,356
2026 05 20 19:20:11.194607,351
,349
,354
,360
,359
,362
,365
,361
,359
,353
,356
,351
,351
,353
2026 05 20 19:20:11.256504,356
,351
,347
,352
,352
,353
,350
,352
,348
,347
,347
,347
,343
,341
2026 05 20 19:20:11.317871,345
,350
,351
,349
,352
,354
,354
,355
,360
,351
,357
,360
,361
,363
2026 05 20 19:20:11.383499,358
,361
,358
,360
,358
,364
,361
,359
,358
,358
,355
,350
,359
,352
2026 05 20 19:20:11.444712,354
,354
,360
,354
,352
,355
,353
,354
,350
,354
,355
,359
,354
,357
2026 05 20 19:20:11.510360,355
,354
,354
,359
,351
,346
,349
,347
,346
,343
,347
,344
,342
,342
2026 05 20 19:20:11.571209,349
,347
,345
,351
,352
,350
,352
,354
,353
,351
,347
,353
,345
,342
2026 05 20 19:20:11.633211,344
,343
,340
,345
,350
,351
,361
,359
,362
,359
,357
,359
,364
,360
2026 05 20 19:20:11.699324,354
,359
,359
,359
,356
,359
,355
,354
,353
,360
,351
,353
,353
,354
2026 05 20 19:20:11.760321,352
,348
,356
,352
,351
,348
,359
,357
,356
,360
,357
,353
,356
,359
2026 05 20 19:20:11.825718,356
,361
,355
,357
,353
,350
,360
,358
,353
,352
,356
,351
,352
,348
2026 05 20 19:20:11.886904,351
,354
,357
,351
,351
,349
,346
,348
,349
,353
,345
,346
,345
,344
2026 05 20 19:20:11.948011,344
,348
,344
,344
,351
,354
,352
,349
,356
,358
,360
,355
,358
,356
2026 05 20 19:20:12.014176,353
,350
,354
,352
,353
,356
,358
,357
,358
,353
,354
,353
,356
,356
2026 05 20 19:20:12.075461,351
,351
,354
,354
,348
,341
,345
,348
,346
,345
,353
,348
,348
,349
2026 05 20 19:20:12.141094,352
,349
,345
,349
,352
,354
,351
,349
,347
,346
,344
,353
,353
,349
2026 05 20 19:20:12.202709,355
,357
,355
,346
,355
,355
,351
,348
,352
,353
,351
,353
,355
,350
2026 05 20 19:20:12.263713,347
,350
,354
,351
,347
,349
,344
,351
,356
,361
,360
,356
,361
,362
2026 05 20 19:20:12.329663,361
,360
,360
,355
,352
,357
,356
,354
,349
,352
,351
,352
,350
,352
2026 05 20 19:20:12.392467,357
,355
,348
,352
,343
,347
,345
,348
,349
,351
,355
,358
,356
,352
2026 05 20 19:20:12.456481,359
,358
,361
,361
,359
,355
,353
,358
,357
,354
,346
,348
,347
,341
2026 05 20 19:20:12.518062,340
,347
,346
,346
,347
,350
,348
,344
,349
,348
,348
,346
,349
,347
2026 05 20 19:20:12.579209,346
,351
,355
,352
,350
,357
,355
,351
,348
,348
,350
,354
,352
,357
2026 05 20 19:20:12.644524,357
,355
,360
,361
,354
,349
,349
,348
,350
,349
,355
,355
,352
,355
2026 05 20 19:20:12.706075,355
,347
,347
,352
,349
,348
,348
,348
,352
,355
,356
,357
,357
,351
2026 05 20 19:20:12.771736,356
,357
,353
,347
,352
,351
,348
,348
,350
,346
,350
,351
,348
,350
2026 05 20 19:20:12.833466,345
,349
,351
,353
,355
,356
,350
,344
,347
,345
,340
,336
,340
,341
2026 05 20 19:20:12.894349,346
,345
,346
,342
,342
,345
,344
,339
,335
,343
,346
,345
,347
,352
2026 05 20 19:20:12.959942,353
,352
,352
,356
,354
,354
,354
,358
,355
,348
,351
,350
,348
,349
2026 05 20 19:20:13.021486,350
,353
,352
,349
,351
,355
,353
,355
,356
,361
,355
,355
,353
,353
2026 05 20 19:20:13.087248,353
,359
,354
,348
,350
,354
,355
,348
,351
,345
,351
,347
,349
,345
2026 05 20 19:20:13.148852,347
,349
,354
,350
,344
,353
,352
,354
,355
,360
,357
,349
,354
,354
2026 05 20 19:20:13.209375,354
,349
,349
,350
,352
,351
,359
,355
,354
,357
,354
,352
,351
,356
2026 05 20 19:20:13.275697,357
,355
,353
,359
,354
,352
,352
,357
,352
,349
,352
,353
,353
,347
2026 05 20 19:20:13.338261,353
,357
,353
,351
,356
,351
,348
,352
,350
,350
,347
,350
,347
,349
2026 05 20 19:20:13.402349,349
,353
,349
,350
,349
,355
,352
,349
,352
,352
,353
,350
,355
,348
2026 05 20 19:20:13.463784,350
,347
,348
,345
,347
,351
,351
,350
,345
,347
,350
,348
,345
,350
2026 05 20 19:20:13.524925,351
,344
,345
,350
,353
,352
,353
,354
,359
,357
,358
,355
,356
,351
2026 05 20 19:20:13.590567,352
,350
,346
,353
,348
,348
,345
,353
,345
,345
,346
,347
,342
,344
2026 05 20 19:20:13.652276,350
,352
,350
,349
,350
,349
,355
,352
,356
,347
,343
,347
,348
,345
2026 05 20 19:20:13.718104,341
,343
,351
,350
,344
,349
,348
,345
,343
,347
,339
,335
,343
,349
2026 05 20 19:20:13.779593,348
,347
,353
,352
,348
,346
,347
,341
,338
,341
,342
,344
,341
,344
2026 05 20 19:20:13.840291,347
,350
,346
,350
,351
,345
,352
,350
,350
,345
,346
,348
,345
,346
2026 05 20 19:20:13.906439,351
,351
,350
,346
,353
,356
,350
,352
,352
,348
,345
,351
,351
,347
2026 05 20 19:20:13.968056,345
,350
,349
,345
,350
,354
,352
,343
,343
,343
,344
,340
,348
,341
2026 05 20 19:20:14.032407,341
,344
,344
,342
,336
,346
,344
,345
,343
,345
,350
,347
,342
,345
2026 05 20 19:20:14.094098,348
,348
,349
,349
,349
,349
,356
,357
,360
,361
,361
,351
,352
,353
2026 05 20 19:20:14.156127,355
,354
,351
,358
,358
,351
,350
,352
,343
,338
,340
,346
,344
,343
2026 05 20 19:20:14.221384,350
,349
,345
,339
,352
,351
,351
,346
,351
,347
,346
,351
,352
,350
2026 05 20 19:20:14.283641,345
,351
,350
,353
,349
,350
,346
,343
,345
,347
,347
,344
,347
,348
2026 05 20 19:20:14.348955,345
,339
,338
,337
,336
,341
,343
,342
,342
,340
,346
,349
,347
,351
2026 05 20 19:20:14.410091,346
,346
,348
,351
,351
,352
,354
,355
,354
,353
,357
,357
,357
,357
2026 05 20 19:20:14.471845,360
,360
,362
,358
,363
,361
,359
,364
,359
,361
,356
,362
,354
,354
2026 05 20 19:20:14.536766,357
,363
,360
,357
,358
,357
,358
,360
,359
,357
,354
,355
,351
,351
2026 05 20 19:20:14.598801,350
,358
,364
,365
,357
,370
,369
,366
,361
,364
,360
,359
,357
,359
2026 05 20 19:20:14.659273,357
,350
,353
,355
,353
,347
,351
,350
,347
,350
,354
,352
,350
,351
2026 05 20 19:20:14.725762,356
,357
,351
,353
,353
,349
,347
,346
,348
,346
,353
,357
,357
,355
2026 05 20 19:20:14.786918,361
,366
,359
,354
,355
,354
,357
,356
,356
,353
,351
,358
,356
,352
2026 05 20 19:20:14.852572,348
,348
,349
,345
,350
,351
,357
,355
,361
,356
,357
,350
,354
,352
2026 05 20 19:20:14.914227,348
,345
,348
,354
,348
,351
,351
,355
,349
,352
,352
,358
,353
,354
2026 05 20 19:20:14.975305,355
,353
,353
,356
,358
,351
,356
,356
,354
,351
,351
,352
,353
,356
2026 05 20 19:20:15.040569,362
,357
,354
,359
,356
,350
,346
,349
,351
,356
,354
,359
,353
,353
2026 05 20 19:20:15.102276,357
,357
,351
,349
,351
,347
,351
,350
,355
,351
,350
,355
,355
,356
2026 05 20 19:20:15.167932,353
,357
,356
,353
,352
,358
,354
,350
,356
,360
,359
,356
,361
,359
2026 05 20 19:20:15.229505,357
,352
,358
,350
,350
,353
,358
,357
,353
,361
,358
,356
,353
,359
2026 05 20 19:20:15.290697,359
,362
,355
,353
,350
,352
,353
,352
,349
,348
,352
,356
,350
,345
2026 05 20 19:20:15.356392,347
,346
,347
,354
,351
,352
,351
,352
,353
,354
,352
,353
,354
,353
2026 05 20 19:20:15.417680,351
,353
,351
,349
,353
,354
,350
,347
,352
,356
,358
,356
,356
,355
2026 05 20 19:20:15.482973,350
,351
,351
,351
,347
,350
,350
,352
,351
,356
,353
,352
,352
,353
2026 05 20 19:20:15.545053,346
,345
,343
,347
,342
,339
,348
,346
,351
,350
,356
,353
,347
,351
2026 05 20 19:20:15.606369,353
,352
,347
,354
,353
,354
,352
,356
,355
,355
,357
,360
,351
,347
2026 05 20 19:20:15.671848,348
,351
,354
,348
,353
,351
,344
,347
,348
,349
,349
,348
,346
,345
2026 05 20 19:20:15.732993,339
,340
,341
,341
,344
,348
,348
,346
,346
,344
,342
,336
,337
,336
2026 05 20 19:20:15.798926,339
,341
,341
,336
,334
,340
,340
,337
,341
,346
,350
,350
,347
,350
2026 05 20 19:20:15.859925,350
,347
,350
,353
,351
,350
,356
,360
,352
,349
,358
,359
,357
,355
2026 05 20 19:20:15.925917,365
,361
,355
,352
,351
,354
,348
,348
,347
,348
,348
,354
,348
,349
2026 05 20 19:20:15.987264,355
,357
,353
,348
,355
,351
,347
,349
,351
,348
,347
,349
,351
,350
2026 05 20 19:20:16.047900,353
,364
,358
,359
,355
,359
,356
,353
,357
,357
,348
,346
,345
,347
2026 05 20 19:20:16.114161,345
,343
,346
,344
,345
,339
,343
,341
,339
,341
,346
,340
,344
,349
2026 05 20 19:20:16.175944,354
,353
,349
,354
,351
,350
,349
,357
,352
,350
,354
,354
,354
,353
2026 05 20 19:20:16.237220,357
,355
,354
,350
,354
,350
,347
,349
,351
,350
,349
,347
,353
,354
2026 05 20 19:20:16.301837,351
,354
,351
,350
,353
,363
,357
,356
,364
,363
,359
,355
,358
,355
2026 05 20 19:20:16.363275,353
,360
,359
,354
,353
,357
,358
,356
,355
,352
,353
,356
,358
,359
2026 05 20 19:20:16.429471,356
,352
,356
,358
,357
,352
,354
,356
,354
,352
,354
,352
,356
,359
2026 05 20 19:20:16.490395,358
,356
,349
,352
,350
,347
,347
,353
,356
,350
,353
,357
,358
,353
2026 05 20 19:20:16.552239,353
,355
,352
,344
,346
,346
,345
,346
,346
,343
,343
,345
,345
,345
2026 05 20 19:20:16.617965,340
,350
,350
,348
,349
,350
,347
,349
,350
,345
,345
,343
,351
,356
2026 05 20 19:20:16.678974,354
,347
,351
,349
,352
,350
,356
,353
,353
,354
,355
,350
,351
,353
2026 05 20 19:20:16.744847,353
,358
,356
,360
,355
,356
,363
,362
,358
,354
,353
,350
,353
,347
2026 05 20 19:20:16.805569,349
,349
,346
,350
,351
,349
,350
,359
,363
,362
,363
,361
,358
,353
2026 05 20 19:20:16.867360,351
,352
,348
,347
,350
,350
,347
,340
,347
,347
,354
,357
,358
,355
2026 05 20 19:20:16.932534,354
,350
,348
,346
,340
,342
,349
,348
,346
,354
,352
,354
,357
,358
2026 05 20 19:20:16.994501,360
,353
,354
,347
,346
,342
,342
,340
,343
,342
,347
,348
,348
,356
2026 05 20 19:20:17.059429,358
,357
,355
,361
,359
,363
,358
,361
,356
,355
,357
,358
,350
,344
2026 05 20 19:20:17.121048,340
,339
,341
,338
,346
,344
,347
,351
,352
,350
,351
,360
,358
,359
2026 05 20 19:20:17.182904,355
,360
,358
,355
,352
,357
,350
,345
,347
,345
,336
,336
,332
,335
2026 05 20 19:20:17.248711,334
,336
,338
,341
,339
,344
,347
,346
,345
,347
,348
,348
,349
,347
2026 05 20 19:20:17.308932,344
,350
,350
,363
,359
,357
,353
,356
,352
,349
,352
,347
,345
,349
2026 05 20 19:20:17.375695,355
,351
,350
,352
,357
,357
,356
,356
,356
,353
,351
,357
,352
,347
2026 05 20 19:20:17.436547,347
,350
,343
,342
,344
,348
,351
,351
,353
,349
,352
,357
,360
,357
2026 05 20 19:20:17.497889,357
,362
,357
,355
,349
,351
,352
,353
,348
,347
,351
,347
,344
,345
2026 05 20 19:20:17.564263,343
,351
,354
,353
,356
,356
,358
,353
,352
,354
,352
,350
,343
,347
2026 05 20 19:20:17.625594,351
,354
,348
,352
,347
,344
,346
,353
,352
,351
,353
,358
,359
,350
2026 05 20 19:20:17.691315,358
,353
,349
,348
,351
,351
,352
,349
,351
,353
,347
,352
,352
,351
2026 05 20 19:20:17.752482,350
,352
,348
,349
,350
,351
,345
,342
,347
,347
,347
,342
,350
,349
2026 05 20 19:20:17.813113,350
,349
,354
,352
,348
,349
,353
,353
,351
,355
,350
,352
,354
,357
2026 05 20 19:20:17.879547,352
,351
,353
,352
,351
,346
,353
,353
,354
,353
,358
,356
,355
,360
2026 05 20 19:20:17.942419,364
,360
,351
,355
,348
,347
,344
,348
,345
,344
,342
,345
,348
,346
2026 05 20 19:20:18.007232,351
,349
,350
,352
,354
,353
,348
,348
,355
,352
,350
,353
,352
,351
2026 05 20 19:20:18.067906,348
,351
,350
,345
,348
,354
,351
,348
,350
,351
,347
,343
,350
,354
2026 05 20 19:20:18.128913,355
,345
,347
,346
,352
,350
,359
,359
,357
,359
,364
,362
,359
,356
2026 05 20 19:20:18.195893,357
,353
,348
,354
,355
,351
,357
,359
,356
,355
,353
,352
,349
,350
2026 05 20 19:20:18.257260,351
,351
,346
,348
,350
,346
,348
,352
,352
,352
,348
,352
,349
,348
2026 05 20 19:20:18.321434,353
,358
,351
,353
,359
,356
,353
,352
,355
,354
,350
,349
,359
,357
2026 05 20 19:20:18.382456,352
,352
,353
,349
,346
,350
,347
,345
,345
,348
,351
,346
,348
,350
2026 05 20 19:20:18.444660,349
,346
,350
,356
,356
,352
,355
,355
,355
,352
,354
,357
,355
,357
2026 05 20 19:20:18.509864,356
,356
,348
,355
,356
,356
,352
,355
,351
,349
,353
,351
,354
,346
2026 05 20 19:20:18.575988,347
,345
,346
,347
,350
,342
,344
,345
,351
,348
,342
,350
,352
,348
2026 05 20 19:20:18.633010,347
,346
,349
,354
,352
,356
,355
,354
,359
,364
,358
,354
,352
,356
2026 05 20 19:20:18.698704,355
,346
,350
,348
,348
,351
,354
,354
,349
,346
,349
,353
,350
,353
2026 05 20 19:20:18.759412,348
,352
,354
,359
,353
,348
,351
,355
,357
,354
,356
,358
,351
,355
2026 05 20 19:20:18.824980,358
,359
,353
,355
,358
,358
,345
,346
,349
,356
,350
,352
,350
,350
2026 05 20 19:20:18.886421,352
,354
,357
,354
,358
,360
,360
,356
,358
,354
,354
,351
,356
,348
2026 05 20 19:20:18.947664,345
,349
,351
,352
,353
,355
,351
,351
,353
,352
,350
,347
,353
,354
2026 05 20 19:20:19.014274,356
,350
,351
,347
,351
,348
,355
,352
,351
,350
,353
,346
,345
,350
2026 05 20 19:20:19.075422,356
,355
,352
,353
,347
,351
,351
,349
,345
,341
,343
,349
,351
,346
2026 05 20 19:20:19.140600,347
,346
,344
,339
,347
,344
,347
,342
,347
,350
,349
,352
,353
,356
2026 05 20 19:20:19.202585,355
,358
,359
,354
,352
,358
,354
,352
,353
,355
,351
,346
,348
,349
2026 05 20 19:20:19.263236,343
,343
,350
,351
,350
,351
,350
,351
,344
,350
,349
,353
,353
,355
2026 05 20 19:20:19.328950,350
,349
,349
,352
,346
,340
,344
,345
,341
,343
,349
,341
,345
,349
2026 05 20 19:20:19.390651,349
,347
,341
,347
,348
,346
,343
,343
,341
,340
,341
,345
,336
,341
2026 05 20 19:20:19.456288,343
,341
,343
,343
,349
,348
,346
,349
,353
,350
,349
,346
,347
,344
2026 05 20 19:20:19.517940,338
,344
,353
,348
,343
,347
,340
,339
,345
,351
,349
,347
,355
,356
2026 05 20 19:20:19.578941,353
,351
,353
,354
,353
,356
,354
,351
,349
,350
,350
,349
,348
,349
2026 05 20 19:20:19.644829,351
,349
,346
,349
,346
,343
,345
,350
,351
,341
,347
,351
,349
,351
2026 05 20 19:20:19.706042,353
,353
,355
,357
,360
,361
,362
,364
,366
,369
,364
,365
,358
,357
2026 05 20 19:20:19.771302,355
,356
,356
,355
,357
,355
,351
,347
,355
,350
,351
,352
,349
,354
2026 05 20 19:20:19.833261,355
,357
,362
,361
,356
,360
,361
,359
,359
,356
,352
,355
,359
,360
2026 05 20 19:20:19.894066,363
,359
,363
,361
,366
,360
,358
,357
,357
,351
,360
,361
,357
,358
2026 05 20 19:20:19.960276,360
,358
,361
,366
,360
,360
,363
,364
,360
,355
,352
,356
,353
,348
2026 05 20 19:20:20.021194,355
,356
,359
,357
,361
,360
,357
,357
,359
,355
,350
,351
,351
,352
2026 05 20 19:20:20.087036,351
,352
,350
,346
,349
,358
,350
,351
,356
,359
,355
,356
,355
,349
2026 05 20 19:20:20.148996,350
,354
,358
,357
,353
,348
,350
,347
,339
,341
,342
,339
,341
,349
2026 05 20 19:20:20.210649,349
,349
,351
,350
,348
,347
,353
,352
,353
,349
,356
,360
,355
,356
2026 05 20 19:20:20.275498,359
,358
,351
,358
,361
,359
,354
,359
,360
,362
,363
,365
,359
,354
2026 05 20 19:20:20.336604,354
,356
,353
,351
,355
,354
,353
,354
,355
,351
,350
,350
,355
,353
2026 05 20 19:20:20.402480,353
,356
,356
,352
,346
,348
,344
,348
,348
,352
,349
,348
,344
,344
2026 05 20 19:20:20.463612,346
,339
,348
,345
,349
,346
,354
,351
,346
,348
,347
,345
,345
,339
2026 05 20 19:20:20.524984,342
,347
,346
,352
,352
,354
,349
,356
,352
,350
,354
,352
,351
,341
2026 05 20 19:20:20.591089,349
,349
,350
,350
,357
,348
,347
,353
,348
,345
,342
,347
,348
,347
2026 05 20 19:20:20.652299,342
,349
,349
,348
,348
,354
,352
,351
,354
,356
,357
,356
,365
,359
2026 05 20 19:20:20.717820,359
,356
,357
,351
,349
,349
,347
,350
,346
,352
,350
,349
,344
,350
2026 05 20 19:20:20.779579,349
,351
,350
,350
,349
,343
,346
,349
,352
,345
,351
,349
,350
,349
2026 05 20 19:20:20.841116,345
,346
,341
,346
,350
,353
,360
,361
,356
,351
,355
,358
,353
,355
2026 05 20 19:20:20.906212,358
,356
,358
,356
,355
,353
,352
,350
,356
,351
,347
,349
,353
,355
2026 05 20 19:20:20.967524,354
,357
,355
,353
,348
,351
,347
,347
,341
,349
,343
,339
,342
,343
2026 05 20 19:20:21.032456,342
,338
,341
,342
,345
,345
,350
,351
,351
,354
,359
,357
,353
,354
2026 05 20 19:20:21.094682,354
,351
,355
,358
,358
,354
,355
,356
,356
,359
,363
,364
,361
,354
2026 05 20 19:20:21.155531,359
,358
,355
,355
,361
,360
,359
,364
,365
,362
,359
,359
,363
,357
2026 05 20 19:20:21.222023,357
,357
,354
,357
,358
,369
,364
,361
,362
,361
,358
,352
,351
,344
2026 05 20 19:20:21.282890,345
,346
,351
,357
,350
,352
,358
,358
,353
,355
,357
,350
,348
,346
2026 05 20 19:20:21.348612,346
,343
,350
,354
,354
,356
,350
,354
,358
,354
,359
,352
,351
,356
2026 05 20 19:20:21.410173,355
,357
,353
,359
,362
,357
,353
,359
,348
,350
,348
,349
,350
,350
2026 05 20 19:20:21.473676,350
,349
,345
,342
,349
,349
,348
,350
,353
,348
,346
,353
,354
,351
2026 05 20 19:20:21.536320,351
,353
,351
,356
,354
,354
,354
,355
,358
,360
,360
,357
,359
,362
2026 05 20 19:20:21.598117,364
,362
,366
,358
,356
,359
,361
,357
,354
,361
,362
,362
,354
,356
2026 05 20 19:20:21.663379,359
,357
,356
,360
,357
,349
,351
,354
,354
,355
,359
,357
,362
,362
2026 05 20 19:20:21.725117,360
,361
,354
,355
,354
,358
,353
,354
,352
,349
,347
,349
,347
,345
2026 05 20 19:20:21.786681,350
,357
,357
,353
,358
,361
,362
,357
,361
,359
,355
,353
,358
,357
2026 05 20 19:20:21.852029,356
,360
,358
,356
,356
,359
,353
,355
,354
,357
,357
,351
,350
,352
2026 05 20 19:20:21.914221,350
,340
,346
,348
,345
,344
,347
,342
,338
,344
,343
,344
,344
,348
2026 05 20 19:20:21.979298,348
,355
,345
,351
,350
,343
,336
,342
,336
,338
,343
,343
,348
,348
2026 05 20 19:20:22.040861,351
,352
,349
,350
,357
,353
,353
,356
,356
,352
,350
,353
,347
,347
2026 05 20 19:20:22.101787,344
,340
,335
,341
,341
,341
,339
,341
,351
,354
,354
,352
,352
,351
2026 05 20 19:20:22.167937,352
,355
,353
,348
,346
,348
,353
,349
,349
,356
,351
,350
,351
,355
2026 05 20 19:20:22.229345,353
,347
,350
,354
,350
,346
,349
,352
,348
,348
,347
,346
,351
,353
2026 05 20 19:20:22.294847,357
,354
,357
,351
,351
,348
,343
,346
,349
,345
,351
,358
,355
,350
2026 05 20 19:20:22.356293,354
,355
,355
,358
,360
,356
,358
,353
,357
,357
,350
,350
,348
,345
2026 05 20 19:20:22.417652,341
,347
,347
,345
,343
,346
,342
,341
,341
,346
,343
,339
,340
,341
2026 05 20 19:20:22.482526,344
,341
,347
,346
,345
,346
,348
,345
,343
,342
,339
,341
,337
,344
2026 05 20 19:20:22.544820,348
,348
,349
,353
,351
,348
,346
,353
,354
,348
,358
,362
,361
,355
2026 05 20 19:20:22.610017,361
,354
,353
,356
,354
,349
,344
,343
,344
,341
,337
,339
,338
,338
2026 05 20 19:20:22.671646,342
,345
,344
,344
,346
,352
,354
,353
,354
,356
,357
,352
,352
,348
2026 05 20 19:20:22.732624,347
,346
,355
,351
,347
,347
,348
,350
,348
,360
,354
,357
,352
,358
2026 05 20 19:20:22.797916,356
,354
,357
,352
,353
,347
,350
,353
,355
,352
,355
,352
,346
,350
2026 05 20 19:20:22.859459,350
,346
,344
,348
,346
,348
,344
,345
,349
,343
,343
,349
,345
,345
2026 05 20 19:20:22.921528,352
,349
,344
,342
,342
,338
,347
,341
,347
,354
,346
,339
,342
,344
2026 05 20 19:20:22.987041,339
,342
,350
,349
,350
,358
,354
,351
,355
,354
,346
,350
,352
,350
2026 05 20 19:20:23.047940,347
,346
,349
,354
,355
,352
,358
,355
,356
,363
,362
,366
,367
,368
2026 05 20 19:20:23.114131,365
,360
,360
,358
,354
,352
,354
,354
,350
,349
,353
,350
,358
,350
2026 05 20 19:20:23.175676,348
,345
,340
,343
,345
,346
,341
,336
,343
,338
,342
,345
,347
,342
2026 05 20 19:20:23.236180,348
,355
,349
,348
,356
,348
,351
,348
,352
,350
,347
,349
,356
,348
2026 05 20 19:20:23.302130,350
,352
,348
,348
,343
,341
,343
,348
,352
,353
,344
,345
,339
,333
2026 05 20 19:20:23.363435,357
,358
,349
,344
,351
,346
,346
,338
,346
,347
,350
,353
,354
,351
2026 05 20 19:20:23.429363,345
,358
,358
,351
,347
,349
,343
,360
,349
,352
,358
,350
,354
,343
2026 05 20 19:20:23.490336,354
,363
,350
,344
,340
,336
,333
,335
,345
,341
,349
,355
,358
,359
2026 05 20 19:20:23.554332,351
,350
,350
,359
,357
,352
,346
,362
,363
,349
,353
,349
,349
,341
2026 05 20 19:20:23.617896,340
,340
,343
,339
,340
,350
,344
,347
,350
,350
,344
,352
,350
,338
2026 05 20 19:20:23.679228,344
,352
,356
,347
,349
,355
,352
,344
,352
,355
,348
,344
,349
,349
2026 05 20 19:20:23.744811,345
,352
,359
,356
,345
,352
,355
,350
,345
,354
,355
,343
,349
,354
2026 05 20 19:20:23.806320,349
,345
,349
,350
,351
,341
,347
,349
,340
,339
,347
,348
,342
,343
2026 05 20 19:20:23.868448,351
,343
,339
,352
,345
,340
,341
,348
,344
,337
,338
,348
,345
,337
2026 05 20 19:20:23.932802,347
,350
,345
,340
,352
,352
,348
,351
,356
,358
,349
,360
,357
,351
2026 05 20 19:20:23.994142,346
,354
,354
,345
,347
,351
,352
,345
,349
,349
,352
,340
,347
,347
2026 05 20 19:20:24.059871,340
,340
,352
,354
,347
,349
,356
,351
,346
,355
,355
,344
,339
,350
2026 05 20 19:20:24.121509,348
,339
,339
,342
,338
,338
,340
,345
,338
,337
,348
,345
,340
,340
2026 05 20 19:20:24.182962,353
,353
,342
,351
,360
,352
,345
,361
,357
,350
,349
,364
,358
,348
2026 05 20 19:20:24.248580,347
,355
,351
,344
,354
,360
,358
,350
,358
,355
,344
,344
,351
,348
2026 05 20 19:20:24.309764,342
,346
,348
,344
,339
,349
,350
,350
,344
,356
,353
,350
,349
,361
2026 05 20 19:20:24.375072,355
,346
,356
,355
,346
,342
,353
,352
,341
,338
,352
,350
,344
,355
2026 05 20 19:20:24.437191,360
,355
,354
,362
,360
,354
,353
,366
,362
,352
,357
,358
,352
,345
2026 05 20 19:20:24.497446,345
,345
,337
,342
,348
,350
,340
,342
,351
,349
,345
,359
,364
,359
2026 05 20 19:20:24.563923,355
,362
,363
,350
,355
,355
,350
,344
,351
,358
,351
,350
,364
,362
2026 05 20 19:20:24.625484,352
,350
,358
,351
,346
,351
,351
,347
,344
,351
,349
,351
,342
,351
2026 05 20 19:20:24.690440,352
,347
,353
,359
,356
,348
,360
,360
,354
,352
,363
,360
,357
,357
2026 05 20 19:20:24.752381,359
,357
,349
,359
,362
,364
,355
,365
,364
,358
,353
,367
,366
,355
2026 05 20 19:20:24.813650,360
,361
,352
,346
,355
,359
,350
,348
,359
,357
,351
,353
,365
,357
2026 05 20 19:20:24.879300,347
,361
,362
,353
,356
,368
,365
,359
,357
,362
,358
,349
,358
,358
2026 05 20 19:20:24.941430,349
,343
,360
,359
,352
,346
,355
,351
,347
,354
,361
,359
,355
,363
2026 05 20 19:20:25.005478,365
,357
,355
,360
,359
,350
,352
,359
,356
,345
,352
,354
,342
,337
2026 05 20 19:20:25.067761,354
,353
,346
,348
,355
,354
,345
,353
,359
,353
,353
,365
,362
,349
2026 05 20 19:20:25.128913,347
,353
,347
,337
,338
,342
,335
,328
,343
,344
,346
,341
,348
,349
2026 05 20 19:20:25.194770,344
,346
,357
,347
,342
,349
,350
,343
,337
,350
,345
,340
,340
,348
2026 05 20 19:20:25.255385,351
,347
,350
,350
,349
,341
,348
,355
,344
,345
,360
,349
,349
,357
2026 05 20 19:20:25.321550,353
,349
,340
,352
,352
,343
,345
,355
,355
,348
,349
,364
,356
,346
2026 05 20 19:20:25.382799,351
,354
,350
,342
,356
,353
,348
,344
,353
,354
,345
,350
,355
,351
2026 05 20 19:20:25.445010,346
,353
,351
,345
,345
,354
,354
,348
,355
,358
,355
,348
,358
,359
2026 05 20 19:20:25.509871,355
,350
,359
,356
,349
,346
,355
,347
,344
,352
,353
,347
,341
,356
2026 05 20 19:20:25.571835,356
,350
,342
,354
,348
,340
,343
,348
,343
,335
,347
,349
,341
,344
2026 05 20 19:20:25.636560,353
,351
,343
,350
,352
,340
,335
,346
,349
,344
,339
,353
,353
,344
2026 05 20 19:20:25.698700,352
,359
,352
,349
,354
,354
,349
,351
,360
,358
,350
,349
,355
,356
2026 05 20 19:20:25.759448,347
,352
,358
,353
,343
,353
,356
,348
,347
,353
,351
,341
,351
,357
2026 05 20 19:20:25.825366,357
,352
,362
,367
,360
,353
,360
,361
,357
,354
,369
,365
,358
,365
2026 05 20 19:20:25.886084,368
,364
,366
,371
,373
,364
,361
,366
,364
,357
,359
,365
,360
,351
2026 05 20 19:20:25.952285,362
,365
,355
,353
,364
,359
,352
,354
,361
,358
,353
,359
,356
,353
2026 05 20 19:20:26.013805,348
,357
,355
,346
,343
,350
,351
,342
,345
,349
,344
,338
,353
,350
2026 05 20 19:20:26.074359,346
,343
,354
,351
,341
,345
,348
,344
,339
,351
,355
,348
,343
,356
2026 05 20 19:20:26.141639,354
,341
,345
,351
,346
,343
,349
,349
,345
,343
,352
,352
,343
,345
2026 05 20 19:20:26.201877,355
,354
,347
,357
,357
,349
,348
,364
,360
,349
,350
,361
,362
,357
2026 05 20 19:20:26.267760,362
,365
,359
,352
,358
,358
,351
,348
,353
,356
,352
,355
,361
,358
2026 05 20 19:20:26.328930,355
,363
,366
,356
,355
,362
,359
,350
,348
,358
,354
,347
,353
,354
2026 05 20 19:20:26.391424,347
,343
,356
,355
,350
,348
,357
,353
,340
,345
,350
,343
,332
,343
2026 05 20 19:20:26.456223,344
,336
,328
,338
,335
,335
,339
,345
,338
,337
,343
,346
,344
,339
2026 05 20 19:20:26.517721,352
,351
,343
,342
,351
,349
,344
,355
,356
,348
,342
,359
,351
,345
2026 05 20 19:20:26.582870,345
,354
,355
,344
,351
,354
,349
,346
,351
,351
,345
,342
,352
,350
2026 05 20 19:20:26.644834,344
,347
,356
,350
,346
,355
,353
,346
,339
,348
,350
,345
,340
,356
2026 05 20 19:20:26.706841,353
,347
,357
,360
,354
,351
,360
,363
,354
,348
,359
,360
,352
,357
2026 05 20 19:20:26.773135,360
,353
,352
,361
,363
,358
,353
,362
,364
,356
,357
,359
,354
,349
2026 05 20 19:20:26.832364,354
,356
,350
,348
,353
,353
,347
,345
,357
,348
,341
,347
,347
,341
2026 05 20 19:20:26.894076,335
,350
,351
,346
,345
,354
,354
,348
,350
,357
,357
,350
,362
,365
2026 05 20 19:20:26.959856,358
,357
,360
,358
,354
,353
,359
,359
,350
,354
,355
,353
,347
,360
2026 05 20 19:20:27.024306,365
,359
,357
,370
,366
,358
,363
,366
,357
,349
,361
,360
,354
,349
2026 05 20 19:20:27.087830,358
,357
,350
,354
,359
,355
,355
,363
,367
,363
,353
,363
,362
,353
2026 05 20 19:20:27.148501,357
,365
,358
,351
,358
,359
,352
,346
,355
,357
,354
,352
,363
,359
2026 05 20 19:20:27.209203,353
,361
,365
,355
,350
,358
,356
,348
,349
,360
,357
,351
,352
,355
2026 05 20 19:20:27.275371,356
,349
,354
,362
,353
,349
,359
,360
,353
,357
,362
,361
,350
,358
2026 05 20 19:20:27.336616,361
,357
,352
,358
,355
,347
,349
,360
,357
,349
,354
,359
,355
,350
2026 05 20 19:20:27.401558,362
,357
,347
,351
,353
,359
,353
,352
,359
,356
,351
,359
,363
,350
2026 05 20 19:20:27.462904,350
,359
,358
,352
,349
,358
,356
,349
,352
,350
,347
,348
,359
,356
2026 05 20 19:20:27.525075,349
,351
,362
,360
,351
,354
,355
,349
,340
,348
,358
,353
,349
,359
2026 05 20 19:20:27.589963,353
,349
,349
,353
,349
,340
,348
,352
,347
,342
,353
,352
,340
,338
2026 05 20 19:20:27.652260,344
,344
,338
,337
,336
,339
,329
,340
,341
,336
,337
,350
,347
,336
2026 05 20 19:20:27.717630,347
,349
,346
,340
,347
,348
,338
,342
,351
,351
,348
,346
,355
,350
2026 05 20 19:20:27.779148,344
,353
,352
,344
,343
,355
,350
,343
,341
,344
,344
,337
,345
,342
2026 05 20 19:20:27.839967,340
,337
,351
,354
,346
,349
,358
,354
,349
,352
,356
,353
,349
,356
2026 05 20 19:20:27.905746,356
,351
,347
,352
,358
,349
,348
,356
,353
,347
,352
,356
,348
,348
2026 05 20 19:20:27.967030,359
,356
,351
,349
,358
,356
,348
,352
,357
,352
,344
,355
,352
,346
2026 05 20 19:20:28.032968,344
,357
,354
,355
,355
,360
,353
,347
,358
,358
,349
,351
,361
,357
2026 05 20 19:20:28.094573,350
,353
,359
,358
,351
,358
,357
,351
,345
,351
,350
,344
,346
,356
2026 05 20 19:20:28.155637,355
,354
,361
,363
,357
,355
,363
,364
,358
,354
,359
,359
,346
,348
2026 05 20 19:20:28.221655,353
,349
,339
,348
,348
,342
,340
,352
,358
,350
,350
,357
,351
,344
2026 05 20 19:20:28.283400,352
,355
,351
,345
,356
,357
,352
,351
,357
,358
,352
,353
,355
,352
2026 05 20 19:20:28.348915,350
,360
,356
,349
,346
,360
,359
,352
,358
,362
,357
,351
,361
,363
2026 05 20 19:20:28.409936,359
,356
,368
,364
,354
,357
,364
,358
,353
,358
,360
,355
,353
,361
2026 05 20 19:20:28.471357,360
,357
,356
,364
,362
,359
,365
,369
,365
,358
,364
,365
,359
,356
2026 05 20 19:20:28.537167,364
,359
,354
,353
,355
,352
,346
,358
,362
,359
,358
,368
,367
,361
2026 05 20 19:20:28.597492,363
,369
,363
,353
,362
,362
,357
,349
,361
,358
,353
,355
,361
,359
2026 05 20 19:20:28.663395,353
,355
,359
,354
,351
,362
,360
,350
,349
,362
,360
,354
,358
,358
2026 05 20 19:20:28.725445,353
,346
,350
,352
,350
,346
,358
,355
,349
,348
,355
,354
,352
,358
2026 05 20 19:20:28.786485,354
,356
,359
,368
,363
,349
,350
,358
,355
,346
,356
,361
,359
,341
2026 05 20 19:20:28.851996,355
,358
,350
,347
,357
,353
,348
,349
,356
,352
,347
,355
,357
,352
2026 05 20 19:20:28.912687,348
,361
,357
,351
,350
,361
,360
,355
,361
,361
,357
,350
,363
,359
2026 05 20 19:20:28.979294,350
,349
,357
,353
,348
,352
,355
,352
,347
,357
,360
,352
,348
,358
2026 05 20 19:20:29.041345,354
,350
,355
,361
,354
,346
,352
,354
,348
,346
,354
,356
,349
,357
2026 05 20 19:20:29.101395,362
,358
,350
,362
,356
,356
,348
,358
,356
,346
,344
,356
,356
,346
2026 05 20 19:20:29.166830,351
,353
,350
,346
,359
,360
,351
,349
,358
,353
,348
,354
,358
,351
2026 05 20 19:20:29.229206,345
,349
,355
,349
,341
,351
,352
,341
,342
,349
,350
,342
,348
,349
2026 05 20 19:20:29.294612,350
,347
,357
,353
,341
,344
,356
,357
,351
,355
,358
,356
,354
,359
2026 05 20 19:20:29.355253,360
,356
,351
,364
,357
,353
,352
,361
,359
,353
,362
,366
,360
,354
2026 05 20 19:20:29.417415,362
,366
,360
,357
,366
,356
,346
,353
,353
,350
,349
,360
,361
,351
2026 05 20 19:20:29.482501,350
,357
,351
,343
,346
,352
,350
,342
,349
,353
,345
,349
,356
,352
2026 05 20 19:20:29.543999,353
,357
,363
,357
,349
,351
,351
,346
,340
,353
,356
,347
,344
,352
2026 05 20 19:20:29.610064,349
,341
,344
,350
,346
,345
,353
,352
,346
,344
,351
,351
,347
,348
2026 05 20 19:20:29.670706,353
,347
,340
,354
,354
,351
,350
,358
,353
,347
,347
,354
,348
,339
2026 05 20 19:20:29.732867,345
,344
,346
,342
,353
,357
,352
,351
,361
,361
,352
,359
,360
,355
2026 05 20 19:20:29.797430,347
,359
,359
,352
,351
,358
,358
,352
,355
,360
,354
,348
,358
,359
2026 05 20 19:20:29.859918,355
,350
,365
,357
,356
,358
,361
,361
,357
,362
,363
,358
,358
,366
2026 05 20 19:20:29.925746,369
,362
,356
,362
,354
,351
,349
,350
,346
,340
,350
,349
,341
,338
2026 05 20 19:20:29.987007,346
,345
,340
,342
,350
,351
,343
,350
,353
,347
,340
,351
,350
,348
2026 05 20 19:20:30.047368,353
,360
,355
,350
,354
,348
,340
,334
,345
,344
,339
,341
,349
,347
2026 05 20 19:20:30.114035,344
,347
,352
,347
,345
,358
,358
,351
,341
,352
,353
,346
,348
,349
2026 05 20 19:20:30.175018,347
,341
,348
,351
,343
,341
,352
,353
,349
,353
,361
,357
,349
,352
2026 05 20 19:20:30.240303,354
,349
,343
,352
,354
,346
,346
,350
,349
,342
,344
,349
,345
,339
2026 05 20 19:20:30.301905,349
,352
,346
,350
,361
,359
,350
,348
,354
,353
,342
,349
,352
,345
2026 05 20 19:20:30.363336,337
,354
,351
,343
,345
,355
,352
,347
,355
,354
,352
,347
,356
,359
2026 05 20 19:20:30.428994,354
,355
,361
,358
,347
,352
,355
,345
,337
,351
,349
,344
,341
,346
2026 05 20 19:20:30.492542,346
,345
,348
,352
,351
,345
,350
,352
,345
,337
,352
,353
,347
,347
2026 05 20 19:20:30.555291,354
,350
,344
,352
,354
,350
,345
,352
,349
,347
,343
,352
,343
,341
2026 05 20 19:20:30.617615,344
,349
,341
,333
,343
,342
,332
,332
,341
,342
,338
,343
,353
,349
2026 05 20 19:20:30.679114,343
,350
,354
,344
,340
,352
,349
,342
,348
,354
,348
,339
,348
,352
2026 05 20 19:20:30.744485,346
,341
,352
,358
,350
,351
,364
,363
,356
,361
,364
,359
,353
,361
2026 05 20 19:20:30.806180,363
,357
,354
,358
,361
,353
,354
,358
,357
,352
,362
,363
,355
,352
2026 05 20 19:20:30.871642,364
,362
,355
,357
,365
,362
,351
,360
,365
,361
,352
,364
,365
,361
2026 05 20 19:20:30.933029,359
,363
,363
,353
,359
,363
,359
,361
,369
,368
,359
,359
,367
,368
2026 05 20 19:20:30.994227,363
,368
,374
,368
,361
,368
,367
,353
,347
,356
,352
,349
,352
,362
2026 05 20 19:20:31.060075,364
,356
,364
,370
,364
,358
,367
,363
,354
,351
,358
,354
,345
,344
2026 05 20 19:20:31.121700,351
,348
,341
,356
,355
,347
,344
,355
,351
,344
,345
,353
,353
,341
2026 05 20 19:20:31.182773,353
,354
,351
,349
,363
,366
,360
,362
,371
,369
,361
,363
,366
,367
2026 05 20 19:20:31.248795,359
,368
,367
,357
,353
,365
,358
,348
,350
,353
,352
,348
,356
,359
2026 05 20 19:20:31.309068,355
,352
,363
,363
,355
,352
,359
,356
,350
,360
,363
,353
,352
,363
2026 05 20 19:20:31.375248,361
,354
,355
,360
,362
,356
,362
,364
,359
,356
,359
,364
,362
,361
2026 05 20 19:20:31.436499,373
,369
,359
,357
,362
,356
,347
,358
,355
,350
,345
,356
,359
,353
2026 05 20 19:20:31.498010,350
,360
,361
,350
,358
,365
,360
,359
,368
,372
,359
,357
,358
,356
2026 05 20 19:20:31.563688,353
,355
,361
,356
,354
,363
,365
,360
,356
,368
,363
,355
,356
,362
2026 05 20 19:20:31.624864,358
,350
,360
,361
,355
,351
,355
,354
,345
,344
,355
,360
,353
,361
2026 05 20 19:20:31.689973,363
,363
,358
,367
,365
,358
,353
,363
,360
,355
,360
,365
,357
,355
2026 05 20 19:20:31.752641,361
,367
,364
,350
,362
,358
,355
,355
,356
,354
,346
,353
,356
,349
2026 05 20 19:20:31.813225,346
,355
,353
,349
,346
,356
,354
,348
,352
,354
,347
,343
,354
,350
2026 05 20 19:20:31.879350,344
,345
,352
,353
,346
,348
,350
,350
,347
,352
,358
,350
,346
,355
2026 05 20 19:20:31.940883,358
,350
,358
,362
,362
,355
,364
,363
,356
,349
,357
,357
,348
,349
2026 05 20 19:20:32.006108,354
,351
,343
,347
,350
,347
,345
,353
,354
,350
,351
,354
,348
,342
2026 05 20 19:20:32.067866,347
,350
,342
,338
,352
,356
,352
,348
,361
,358
,351
,353
,358
,353
2026 05 20 19:20:32.128880,346
,351
,348
,342
,339
,348
,347
,340
,343
,350
,348
,345
,353
,356
2026 05 20 19:20:32.194754,356
,349
,362
,358
,357
,353
,358
,351
,342
,347
,350
,344
,337
,346
2026 05 20 19:20:32.255597,350
,346
,345
,358
,351
,345
,342
,347
,341
,335
,340
,343
,340
,339
2026 05 20 19:20:32.321089,351
,350
,346
,351
,362
,362
,353
,360
,362
,355
,348
,359
,357
,351
2026 05 20 19:20:32.382483,353
,360
,355
,346
,350
,353
,345
,337
,343
,345
,342
,337
,349
,346
2026 05 20 19:20:32.444000,344
,343
,351
,347
,346
,354
,357
,346
,345
,353
,356
,349
,345
,358
2026 05 20 19:20:32.509914,358
,347
,352
,354
,347
,347
,354
,355
,344
,348
,356
,355
,348
,351
2026 05 20 19:20:32.570875,359
,357
,349
,357
,363
,354
,351
,359
,356
,344
,344
,355
,351
,344
2026 05 20 19:20:32.638922,353
,359
,355
,350
,357
,357
,349
,344
,348
,349
,345
,349
,348
,348
2026 05 20 19:20:32.698240,349
,358
,359
,349
,344
,352
,356
,349
,352
,356
,352
,342
,351
,352
2026 05 20 19:20:32.759515,345
,340
,351
,350
,349
,349
,354
,347
,345
,355
,354
,352
,349
,358
2026 05 20 19:20:32.825096,357
,352
,351
,357
,355
,345
,348
,350
,345
,334
,345
,338
,334
,333
2026 05 20 19:20:32.886381,347
,347
,338
,341
,349
,347
,343
,353
,356
,350
,345
,352
,351
,340
2026 05 20 19:20:32.952228,344
,354
,352
,348
,351
,354
,344
,346
,351
,355
,347
,346
,354
,355
2026 05 20 19:20:33.012925,345
,348
,356
,348
,343
,354
,353
,349
,349
,360
,359
,352
,348
,355
2026 05 20 19:20:33.074414,355
,344
,352
,351
,348
,349
,358
,357
,350
,354
,359
,355
,350
,361
2026 05 20 19:20:33.140327,363
,358
,351
,362
,361
,348
,347
,356
,349
,343
,350
,353
,348
,343
2026 05 20 19:20:33.201920,350
,350
,341
,342
,349
,347
,342
,348
,358
,356
,349
,360
,361
,352
2026 05 20 19:20:33.267480,351
,362
,356
,347
,347
,354
,351
,345
,350
,351
,348
,339
,350
,350
2026 05 20 19:20:33.329010,344
,344
,351
,351
,348
,355
,360
,354
,351
,367
,363
,357
,351
,362
2026 05 20 19:20:33.389854,359
,354
,351
,361
,359
,352
,361
,363
,354
,346
,356
,355
,352
,352
2026 05 20 19:20:33.455839,360
,359
,349
,358
,360
,346
,343
,357
,361
,353
,347
,357
,352
,346
2026 05 20 19:20:33.516972,351
,354
,348
,342
,353
,352
,345
,344
,352
,356
,345
,351
,354
,350
2026 05 20 19:20:33.582155,345
,352
,355
,352
,342
,352
,352
,349
,350
,359
,356
,351
,356
,359
2026 05 20 19:20:33.644448,353
,351
,357
,358
,351
,348
,360
,359
,351
,350
,362
,356
,349
,354
2026 05 20 19:20:33.705440,359
,346
,343
,354
,355
,349
,353
,362
,357
,350
,359
,360
,350
,344
2026 05 20 19:20:33.771482,354
,356
,344
,343
,353
,348
,340
,349
,348
,340
,332
,342
,338
,332
2026 05 20 19:20:33.833827,332
,341
,341
,332
,342
,342
,338
,336
,347
,346
,338
,334
,344
,345
2026 05 20 19:20:33.899570,342
,344
,358
,357
,347
,353
,354
,353
,346
,353
,355
,345
,346
,353
2026 05 20 19:20:33.959326,355
,348
,354
,358
,355
,349
,361
,363
,359
,357
,363
,363
,357
,361
2026 05 20 19:20:34.021308,366
,362
,359
,359
,357
,347
,351
,363
,358
,347
,350
,357
,350
,342
2026 05 20 19:20:34.086356,348
,350
,341
,342
,351
,351
,345
,345
,352
,352
,347
,353
,355
,349
2026 05 20 19:20:34.148033,342
,354
,360
,347
,344
,356
,352
,342
,352
,362
,356
,352
,360
,359
2026 05 20 19:20:34.213639,354
,351
,358
,360
,354
,356
,358
,357
,350
,360
,364
,359
,355
,367
2026 05 20 19:20:34.274851,370
,360
,362
,370
,366
,354
,358
,363
,349
,344
,355
,357
,342
,340
2026 05 20 19:20:34.336620,344
,343
,336
,338
,341
,341
,338
,349
,349
,343
,338
,348
,349
,340
2026 05 20 19:20:34.402099,341
,350
,344
,338
,351
,358
,347
,344
,357
,355
,354
,355
,362
,359
2026 05 20 19:20:34.463639,350
,355
,359
,352
,349
,358
,353
,348
,346
,350
,351
,344
,345
,349
2026 05 20 19:20:34.528807,351
,347
,356
,354
,351
,349
,358
,360
,351
,343
,353
,352
,346
,352
2026 05 20 19:20:34.590043,354
,349
,344
,355
,349
,340
,342
,355
,352
,348
,356
,357
,353
,349
2026 05 20 19:20:34.651843,359
,361
,351
,346
,352
,350
,341
,346
,351
,345
,346
,351
,356
,346
2026 05 20 19:20:34.717559,339
,343
,346
,338
,340
,349
,348
,342
,349
,346
,343
,338
,353
,351
2026 05 20 19:20:34.777616,340
,345
,360
,355
,346
,350
,352
,349
,345
,353
,354
,350
,345
,352
2026 05 20 19:20:34.839988,352
,346
,353
,355
,349
,346
,360
,354
,343
,343
,350
,354
,351
,352
2026 05 20 19:20:34.906105,363
,365
,356
,362
,362
,352
,344
,353
,345
,340
,344
,357
,352
,348
2026 05 20 19:20:34.967485,353
,356
,358
,351
,364
,362
,359
,354
,361
,356
,344
,348
,355
,344
2026 05 20 19:20:35.032419,338
,351
,351
,345
,344
,356
,355
,345
,347
,357
,350
,338
,349
,354
2026 05 20 19:20:35.094409,347
,342
,356
,349
,344
,344
,353
,350
,345
,346
,349
,345
,340
,351
2026 05 20 19:20:35.155930,353
,349
,349
,356
,350
,342
,348
,356
,348
,350
,363
,361
,348
,342
2026 05 20 19:20:35.221368,350
,350
,347
,352
,359
,357
,352
,357
,359
,358
,350
,358
,363
,355
2026 05 20 19:20:35.282328,355
,364
,357
,347
,353
,357
,353
,342
,355
,354
,351
,348
,357
,359
2026 05 20 19:20:35.348209,353
,357
,359
,354
,349
,365
,360
,356
,356
,362
,362
,357
,354
,359
2026 05 20 19:20:35.409794,354
,350
,357
,362
,355
,349
,364
,362
,355
,355
,366
,360
,354
,362
2026 05 20 19:20:35.471519,360
,356
,349
,357
,359
,356
,353
,359
,360
,350
,348
,355
,349
,342
2026 05 20 19:20:35.536468,353
,358
,353
,348
,354
,354
,351
,353
,358
,356
,349
,355
,357
,351
2026 05 20 19:20:35.597922,348
,356
,354
,346
,348
,359
,355
,348
,355
,361
,353
,350
,361
,360
2026 05 20 19:20:35.664004,358
,348
,359
,353
,349
,351
,351
,348
,341
,346
,357
,350
,348
,359
2026 05 20 19:20:35.724396,356
,352
,358
,367
,366
,358
,362
,362
,356
,351
,360
,358
,348
,350
2026 05 20 19:20:35.786718,356
,352
,344
,348
,354
,352
,342
,351
,351
,343
,341
,352
,351
,344
2026 05 20 19:20:35.851607,349
,353
,353
,345
,358
,357
,347
,342
,350
,352
,346
,345
,350
,350
2026 05 20 19:20:35.913191,344
,351
,353
,347
,343
,354
,356
,348
,348
,358
,354
,340
,346
,348
2026 05 20 19:20:35.978333,344
,339
,348
,354
,347
,344
,352
,352
,341
,342
,350
,349
,343
,353
2026 05 20 19:20:36.039880,353
,346
,340
,351
,352
,340
,336
,343
,341
,335
,346
,350
,343
,339
2026 05 20 19:20:36.101957,348
,344
,331
,328
,335
,332
,326
,334
,341
,341
,337
,343
,346
,341
2026 05 20 19:20:36.167423,340
,349
,344
,331
,329
,336
,333
,329
,337
,340
,334
,326
,335
,335
2026 05 20 19:20:36.228327,325
,327
,342
,341
,338
,342
,351
,344
,338
,347
,347
,335
,334
,344
2026 05 20 19:20:36.294396,341
,336
,341
,346
,347
,341
,352
,356
,344
,342
,354
,347
,341
,340
2026 05 20 19:20:36.355448,352
,349
,344
,358
,354
,352
,347
,360
,356
,347
,345
,353
,350
,346
2026 05 20 19:20:36.416598,351
,353
,347
,344
,353
,352
,344
,344
,355
,355
,351
,352
,360
,357
2026 05 20 19:20:36.483171,348
,356
,357
,348
,346
,361
,357
,349
,354
,360
,350
,350
,360
,360
2026 05 20 19:20:36.544470,355
,351
,357
,358
,350
,353
,364
,364
,354
,358
,359
,351
,346
,353
2026 05 20 19:20:36.609081,356
,345
,346
,358
,360
,350
,352
,356
,348
,348
,354
,354
,344
,339
2026 05 20 19:20:36.671257,351
,351
,345
,352
,357
,356
,346
,355
,354
,348
,340
,351
,353
,347
2026 05 20 19:20:36.732435,344
,356
,354
,345
,350
,357
,350
,342
,357
,362
,354
,353
,361
,363
2026 05 20 19:20:36.798199,359
,364
,370
,363
,354
,359
,362
,354
,351
,358
,356
,352
,352
,359
2026 05 20 19:20:36.859245,354
,348
,365
,362
,353
,349
,361
,354
,351
,345
,354
,349
,342
,347
2026 05 20 19:20:36.925338,355
,346
,343
,351
,355
,350
,346
,355
,359
,350
,354
,357
,350
,343
2026 05 20 19:20:36.987218,356
,355
,352
,346
,353
,355
,348
,352
,359
,356
,352
,361
,360
,355
2026 05 20 19:20:37.048181,357
,369
,367
,353
,352
,355
,352
,343
,350
,354
,349
,343
,355
,353
2026 05 20 19:20:37.113574,341
,334
,343
,341
,339
,339
,342
,338
,330
,337
,337
,328
,327
,336
2026 05 20 19:20:37.174921,336
,336
,339
,343
,342
,338
,346
,351
,341
,335
,347
,345
,341
,341
2026 05 20 19:20:37.240582,350
,346
,334
,346
,348
,339
,330
,340
,343
,335
,334
,343
,344
,345
2026 05 20 19:20:37.302073,346
,349
,341
,334
,347
,351
,344
,341
,352
,355
,345
,350
,361
,355
2026 05 20 19:20:37.363272,345
,359
,354
,346
,342
,348
,353
,347
,344
,356
,347
,342
,343
,349
2026 05 20 19:20:37.429123,342
,334
,349
,348
,336
,339
,351
,347
,341
,347
,354
,349
,348
,362
2026 05 20 19:20:37.490141,363
,359
,362
,375
,370
,367
,371
,374
,370
,361
,358
,354
,347
,339
2026 05 20 19:20:37.555263,349
,344
,340
,342
,356
,356
,358
,370
,381
,373
,366
,375
,376
,365
2026 05 20 19:20:37.617457,362
,370
,364
,358
,354
,355
,352
,344
,353
,359
,352
,357
,370
,374
2026 05 20 19:20:37.678191,368
,366
,369
,366
,355
,358
,355
,342
,332
,342
,340
,329
,330
,347
2026 05 20 19:20:37.744351,357
,353
,371
,379
,380
,374
,377
,372
,359
,353
,354
,353
,336
,338
2026 05 20 19:20:37.805562,343
,335
,332
,348
,350
,347
,348
,364
,368
,360
,367
,374
,367
,354
2026 05 20 19:20:37.871376,360
,351
,340
,333
,338
,341
,336
,335
,349
,352
,347
,359
,368
,366
2026 05 20 19:20:37.932770,363
,372
,363
,349
,347
,350
,344
,336
,337
,339
,335
,330
,338
,339
2026 05 20 19:20:37.993960,343
,345
,357
,355
,343
,347
,352
,350
,339
,348
,350
,335
,331
,341
2026 05 20 19:20:38.059696,335
,326
,333
,343
,337
,332
,340
,345
,340
,340
,353
,361
,356
,347
2026 05 20 19:20:38.122033,358
,354
,343
,325
,347
,359
,338
,329
,354
,348
,348
,365
,360
,357
2026 05 20 19:20:38.186268,359
,370
,369
,361
,368
,363
,354
,349
,357
,357
,345
,346
,356
,354
2026 05 20 19:20:38.248240,348
,353
,361
,360
,358
,367
,365
,350
,342
,345
,338
,323
,326
,338
2026 05 20 19:20:38.309061,332
,338
,348
,353
,344
,338
,348
,353
,348
,350
,359
,358
,336
,358
2026 05 20 19:20:38.375263,354
,350
,342
,351
,350
,339
,341
,350
,350
,342
,348
,346
,337
,334
2026 05 20 19:20:38.436448,344
,350
,337
,338
,343
,344
,335
,340
,349
,338
,337
,345
,342
,340
2026 05 20 19:20:38.502026,335
,344
,344
,338
,343
,349
,348
,341
,350
,350
,347
,340
,350
,351
2026 05 20 19:20:38.563323,346
,345
,354
,349
,347
,351
,354
,349
,341
,349
,350
,341
,343
,354
2026 05 20 19:20:38.624532,351
,347
,351
,354
,352
,346
,355
,359
,352
,348
,360
,359
,351
,349
2026 05 20 19:20:38.690078,358
,354
,344
,353
,354
,348
,345
,355
,356
,346
,349
,358
,352
,347
2026 05 20 19:20:38.752008,354
,359
,353
,351
,360
,360
,348
,349
,358
,350
,346
,351
,359
,358
2026 05 20 19:20:38.812814,354
,359
,360
,353
,348
,357
,355
,347
,350
,364
,350
,349
,359
,356
2026 05 20 19:20:38.878996,351
,348
,357
,356
,342
,340
,351
,351
,344
,351
,356
,351
,346
,356
2026 05 20 19:20:38.940115,364
,356
,353
,361
,359
,351
,358
,361
,352
,346
,356
,356
,360
,351
2026 05 20 19:20:39.005531,360
,361
,355
,359
,366
,358
,348
,352
,353
,345
,340
,349
,352
,353
2026 05 20 19:20:39.067609,347
,354
,354
,343
,349
,350
,345
,341
,352
,352
,346
,346
,355
,354
2026 05 20 19:20:39.128745,348
,352
,356
,354
,352
,356
,355
,347
,348
,353
,352
,345
,339
,345
2026 05 20 19:20:39.194353,341
,333
,339
,340
,334
,333
,343
,348
,345
,347
,359
,357
,347
,358
2026 05 20 19:20:39.256010,356
,349
,346
,360
,362
,352
,351
,359
,357
,344
,347
,354
,347
,342
2026 05 20 19:20:39.320567,350
,352
,346
,339
,352
,347
,336
,338
,345
,344
,339
,347
,346
,342
2026 05 20 19:20:39.382672,338
,345
,349
,344
,339
,346
,344
,336
,337
,342
,341
,335
,348
,354
2026 05 20 19:20:39.444082,347
,344
,356
,352
,343
,349
,354
,349
,346
,356
,353
,349
,344
,350
2026 05 20 19:20:39.511249,346
,342
,348
,357
,354
,347
,356
,355
,350
,341
,347
,348
,343
,345
2026 05 20 19:20:39.571047,354
,355
,351
,352
,357
,351
,351
,360
,357
,348
,347
,356
,354
,340
2026 05 20 19:20:39.636600,345
,350
,341
,338
,345
,350
,344
,340
,354
,351
,349
,346
,353
,355
2026 05 20 19:20:39.698159,349
,353
,355
,353
,345
,354
,352
,346
,349
,354
,355
,344
,344
,352
2026 05 20 19:20:39.760183,348
,342
,350
,348
,341
,339
,348
,346
,339
,339
,342
,337
,341
,352
2026 05 20 19:20:39.824256,346
,343
,347
,355
,359
,353
,356
,364
,354
,348
,355
,355
,345
,343
2026 05 20 19:20:39.885936,356
,361
,352
,350
,356
,356
,346
,353
,357
,355
,353
,363
,362
,354
2026 05 20 19:20:39.952063,348
,363
,355
,349
,354
,357
,352
,345
,356
,355
,347
,345
,355
,357
2026 05 20 19:20:40.013477,348
,354
,362
,358
,354
,365
,368
,360
,360
,371
,370
,364
,359
,369
2026 05 20 19:20:40.075309,369
,361
,370
,371
,363
,360
,368
,368
,367
,364
,376
,372
,362
,370
2026 05 20 19:20:40.140527,375
,372
,366
,372
,371
,362
,360
,373
,367
,363
,363
,372
,364
,358
2026 05 20 19:20:40.201260,369
,365
,357
,353
,366
,359
,353
,352
,358
,356
,349
,354
,357
,347
2026 05 20 19:20:40.267436,338
,348
,347
,339
,344
,354
,352
,348
,361
,363
,357
,351
,359
,360
2026 05 20 19:20:40.329157,355
,353
,363
,360
,354
,355
,359
,357
,353
,367
,368
,355
,350
,360
2026 05 20 19:20:40.390937,360
,349
,346
,352
,353
,344
,349
,355
,342
,336
,352
,352
,345
,348
2026 05 20 19:20:40.455946,363
,361
,354
,363
,365
,359
,354
,362
,364
,358
,355
,364
,364
,352
2026 05 20 19:20:40.517053,356
,362
,357
,352
,365
,367
,359
,356
,366
,363
,357
,360
,363
,361
2026 05 20 19:20:40.582697,353
,357
,361
,356
,353
,367
,369
,359
,365
,371
,365
,355
,359
,361
2026 05 20 19:20:40.643890,360
,352
,361
,363
,354
,354
,360
,359
,354
,354
,359
,356
,345
,355
2026 05 20 19:20:40.705175,354
,348
,341
,351
,346
,343
,347
,355
,355
,342
,349
,354
,346
,340
2026 05 20 19:20:40.771202,354
,354
,345
,347
,362
,365
,355
,352
,359
,353
,348
,352
,351
,348
2026 05 20 19:20:40.832518,346
,355
,354
,344
,350
,351
,350
,345
,354
,359
,352
,348
,357
,354
2026 05 20 19:20:40.898104,352
,349
,358
,355
,340
,344
,347
,342
,337
,351
,352
,346
,342
,354
2026 05 20 19:20:40.959632,349
,342
,349
,355
,350
,341
,349
,352
,348
,345
,354
,354
,340
,348
2026 05 20 19:20:41.021054,356
,357
,348
,357
,358
,361
,355
,364
,361
,353
,351
,358
,356
,338
2026 05 20 19:20:41.086297,345
,346
,346
,343
,356
,358
,350
,344
,355
,350
,345
,350
,355
,352
2026 05 20 19:20:41.147696,345
,356
,359
,349
,345
,352
,352
,345
,349
,356
,354
,345
,357
,357
2026 05 20 19:20:41.213405,352
,352
,364
,366
,359
,363
,373
,367
,353
,360
,360
,352
,352
,367
2026 05 20 19:20:41.274691,370
,358
,357
,367
,366
,360
,364
,362
,358
,353
,366
,364
,361
,353
2026 05 20 19:20:41.335788,366
,365
,355
,358
,364
,361
,354
,367
,362
,356
,349
,358
,359
,352
2026 05 20 19:20:41.401890,357
,366
,362
,356
,362
,366
,358
,348
,363
,361
,354
,350
,357
,357
2026 05 20 19:20:41.462978,346
,348
,354
,351
,349
,359
,360
,355
,347
,358
,351
,340
,345
,354
2026 05 20 19:20:41.528985,348
,342
,348
,349
,342
,336
,352
,351
,344
,348
,351
,352
,344
,352
2026 05 20 19:20:41.589372,355
,347
,343
,355
,354
,345
,343
,350
,349
,348
,355
,359
,354
,350
2026 05 20 19:20:41.656673,361
,358
,348
,347
,364
,359
,345
,350
,359
,354
,350
,358
,356
,353
2026 05 20 19:20:41.717364,356
,363
,361
,351
,350
,362
,361
,354
,366
,369
,364
,357
,372
,370
2026 05 20 19:20:41.779093,359
,358
,361
,355
,348
,353
,355
,355
,348
,355
,356
,342
,341
,351
2026 05 20 19:20:41.843804,353
,345
,352
,361
,357
,352
,364
,363
,355
,356
,365
,362
,354
,355
2026 05 20 19:20:41.907877,368
,368
,359
,359
,359
,351
,343
,359
,356
,349
,346
,356
,357
,353
2026 05 20 19:20:41.966915,360
,368
,361
,353
,362
,355
,354
,346
,354
,352
,338
,345
,350
,349
2026 05 20 19:20:42.032676,337
,347
,355
,346
,342
,353
,354
,349
,350
,356
,351
,348
,354
,353
2026 05 20 19:20:42.094239,347
,345
,360
,359
,354
,350
,356
,353
,345
,354
,356
,355
,348
,355
2026 05 20 19:20:42.159588,350
,342
,339
,349
,348
,342
,349
,355
,352
,345
,351
,350
,340
,339
2026 05 20 19:20:42.222061,353
,350
,345
,348
,355
,350
,344
,351
,356
,350
,345
,357
,357
,352
2026 05 20 19:20:42.282332,353
,360
,357
,354
,355
,359
,352
,348
,361
,360
,353
,349
,358
,355
2026 05 20 19:20:42.348104,346
,355
,365
,355
,348
,362
,358
,350
,344
,354
,348
,340
,342
,350
2026 05 20 19:20:42.409602,346
,335
,343
,345
,340
,337
,351
,356
,347
,346
,353
,347
,343
,353
2026 05 20 19:20:42.474963,358
,351
,344
,353
,356
,349
,346
,353
,354
,346
,355
,359
,352
,348
2026 05 20 19:20:42.536026,359
,358
,352
,347
,360
,357
,356
,351
,358
,354
,345
,350
,361
,353
2026 05 20 19:20:42.597286,345
,359
,362
,357
,356
,363
,363
,355
,358
,365
,357
,348
,361
,357
2026 05 20 19:20:42.662969,350
,346
,352
,350
,338
,346
,359
,349
,343
,352
,355
,350
,350
,359
2026 05 20 19:20:42.724673,359
,351
,352
,357
,353
,340
,344
,345
,339
,337
,345
,349
,341
,334
2026 05 20 19:20:42.790167,345
,345
,335
,339
,345
,339
,340
,350
,351
,343
,342
,348
,347
,337
2026 05 20 19:20:42.851992,341
,347
,346
,338
,351
,351
,346
,343
,353
,353
,355
,353
,360
,354
2026 05 20 19:20:42.913414,344
,352
,352
,347
,340
,353
,351
,342
,339
,346
,349
,346
,348
,354
2026 05 20 19:20:42.979068,349
,343
,352
,355
,350
,348
,368
,360
,351
,357
,360
,358
,348
,357
2026 05 20 19:20:43.040083,360
,353
,348
,350
,352
,346
,343
,352
,350
,334
,342
,349
,342
,339
2026 05 20 19:20:43.101147,356
,352
,349
,349
,358
,356
,347
,350
,355
,350
,341
,352
,357
,351
2026 05 20 19:20:43.167308,348
,356
,352
,349
,350
,353
,350
,348
,359
,359
,352
,355
,361
,361
2026 05 20 19:20:43.227456,356
,347
,351
,349
,344
,355
,361
,352
,349
,361
,360
,349
,348
,356
2026 05 20 19:20:43.294983,356
,353
,359
,364
,359
,351
,363
,363
,355
,351
,363
,360
,350
,350
2026 05 20 19:20:43.355112,353
,351
,342
,358
,349
,341
,338
,353
,353
,347
,349
,354
,347
,339
2026 05 20 19:20:43.416481,347
,350
,342
,337
,347
,351
,345
,346
,356
,357
,351
,357
,359
,354
2026 05 20 19:20:43.482637,346
,357
,355
,345
,341
,350
,351
,343
,344
,347
,344
,335
,345
,342
2026 05 20 19:20:43.543855,337
,336
,346
,343
,339
,345
,355
,355
,350
,360
,363
,354
,344
,355
2026 05 20 19:20:43.609547,350
,340
,340
,347
,350
,342
,350
,352
,347
,338
,345
,344
,332
,334
2026 05 20 19:20:43.674020,343
,343
,333
,340
,341
,336
,330
,338
,339
,334
,336
,345
,348
,346
2026 05 20 19:20:43.732610,346
,354
,352
,343
,352
,357
,347
,343
,350
,351
,345
,349
,362
,361
2026 05 20 19:20:43.798256,354
,359
,362
,355
,350
,356
,359
,352
,350
,365
,366
,358
,362
,366
2026 05 20 19:20:43.859310,362
,351
,362
,359
,349
,349
,360
,360
,352
,349
,353
,351
,344
,348
2026 05 20 19:20:43.924431,355
,353
,357
,361
,365
,363
,364
,368
,366
,359
,368
,372
,360
,354
2026 05 20 19:20:43.986598,359
,357
,340
,340
,351
,353
,349
,352
,364
,362
,355
,369
,368
,361
2026 05 20 19:20:44.047836,361
,369
,366
,357
,354
,360
,351
,341
,349
,347
,341
,339
,354
,354
2026 05 20 19:20:44.113499,348
,347
,357
,354
,345
,349
,351
,353
,350
,361
,362
,355
,355
,362
2026 05 20 19:20:44.174614,362
,353
,353
,354
,345
,341
,354
,349
,344
,338
,349
,348
,340
,338
2026 05 20 19:20:44.239887,345
,343
,336
,350
,352
,352
,349
,363
,360
,357
,355
,360
,356
,347
2026 05 20 19:20:44.301210,350
,350
,342
,337
,350
,351
,344
,340
,353
,354
,348
,351
,356
,358
2026 05 20 19:20:44.363386,347
,364
,357
,355
,356
,363
,362
,355
,352
,361
,356
,345
,354
,356
2026 05 20 19:20:44.429028,349
,350
,356
,356
,353
,353
,360
,359
,344
,351
,356
,350
,343
,353
2026 05 20 19:20:44.490113,355
,343
,338
,352
,350
,339
,343
,348
,339
,336
,346
,349
,343
,344
2026 05 20 19:20:44.557102,356
,354
,344
,345
,352
,351
,339
,346
,354
,351
,349
,355
,353
,345
2026 05 20 19:20:44.618229,345
,353
,355
,341
,349
,353
,350
,346
,359
,358
,347
,346
,359
,359
2026 05 20 19:20:44.678355,350
,354
,359
,359
,355
,361
,365
,352
,349
,358
,352
,342
,346
,351
2026 05 20 19:20:44.744184,348
,340
,355
,358
,356
,351
,363
,365
,352
,353
,361
,359
,348
,350
2026 05 20 19:20:44.804830,357
,352
,345
,359
,355
,347
,350
,362
,358
,347
,346
,358
,351
,346
2026 05 20 19:20:44.870986,359
,360
,354
,349
,362
,360
,353
,357
,364
,361
,350
,360
,364
,356
2026 05 20 19:20:44.932372,350
,356
,356
,353
,358
,364
,364
,356
,361
,369
,366
,363
,371
,372
2026 05 20 19:20:44.993298,362
,359
,370
,367
,358
,360
,364
,360
,350
,364
,364
,356
,353
,364
2026 05 20 19:20:45.059416,362
,359
,359
,364
,363
,354
,360
,364
,358
,354
,360
,364
,356
,355
2026 05 20 19:20:45.120993,363
,358
,347
,348
,355
,349
,338
,347
,347
,343
,341
,345
,347
,339
2026 05 20 19:20:45.186048,342
,347
,346
,343
,353
,359
,350
,349
,359
,354
,345
,346
,350
,354
2026 05 20 19:20:45.248110,346
,354
,358
,350
,346
,352
,350
,338
,342
,351
,349
,346
,348
,349
2026 05 20 19:20:45.309282,342
,335
,347
,345
,341
,347
,358
,357
,348
,354
,356
,350
,342
,360
2026 05 20 19:20:45.374887,357
,349
,341
,350
,349
,338
,339
,352
,347
,344
,353
,358
,353
,345
2026 05 20 19:20:45.436065,359
,363
,355
,352
,364
,362
,354
,361
,365
,359
,352
,364
,359
,353
2026 05 20 19:20:45.501496,349
,358
,357
,352
,349
,356
,351
,349
,358
,359
,353
,349
,354
,352
2026 05 20 19:20:45.563023,346
,351
,357
,351
,353
,358
,358
,357
,354
,362
,357
,350
,351
,361
2026 05 20 19:20:45.624528,358
,351
,353
,357
,357
,350
,356
,358
,350
,352
,358
,360
,355
,367
2026 05 20 19:20:45.690065,366
,360
,359
,371
,372
,367
,362
,370
,367
,355
,359
,365
,362
,357
2026 05 20 19:20:45.751041,357
,356
,345
,339
,348
,347
,340
,342
,351
,349
,341
,348
,348
,336
2026 05 20 19:20:45.817079,335
,349
,346
,335
,344
,351
,348
,342
,346
,348
,343
,337
,348
,342
2026 05 20 19:20:45.877802,335
,331
,341
,339
,333
,343
,356
,351
,343
,355
,357
,351
,348
,362
2026 05 20 19:20:45.941585,363
,358
,362
,369
,362
,349
,350
,352
,350
,349
,358
,356
,350
,343
2026 05 20 19:20:46.005279,352
,352
,342
,348
,354
,355
,348
,359
,358
,352
,349
,357
,353
,345
2026 05 20 19:20:46.066518,346
,356
,352
,346
,361
,357
,352
,351
,359
,355
,345
,345
,352
,350
2026 05 20 19:20:46.132469,337
,345
,349
,343
,342
,353
,357
,346
,346
,355
,355
,350
,355
,358
2026 05 20 19:20:46.193603,355
,351
,354
,353
,342
,339
,345
,341
,334
,341
,349
,346
,338
,345
2026 05 20 19:20:46.255034,346
,343
,339
,345
,349
,341
,339
,346
,351
,340
,350
,349
,344
,343
2026 05 20 19:20:46.321029,354
,354
,344
,342
,353
,351
,342
,354
,361
,354
,352
,364
,363
,352
2026 05 20 19:20:46.382314,352
,359
,358
,346
,351
,361
,357
,353
,361
,359
,352
,343
,359
,352
2026 05 20 19:20:46.447941,353
,353
,355
,349
,340
,352
,356
,353
,346
,355
,358
,353
,352
,362
2026 05 20 19:20:46.509591,358
,345
,355
,357
,348
,342
,352
,354
,349
,343
,356
,356
,343
,347
2026 05 20 19:20:46.570572,350
,348
,345
,356
,356
,347
,347
,358
,356
,347
,348
,349
,346
,336
2026 05 20 19:20:46.635963,346
,345
,339
,336
,346
,350
,341
,342
,351
,349
,344
,355
,360
,354
2026 05 20 19:20:46.697953,351
,363
,364
,356
,350
,366
,360
,349
,353
,358
,352
,343
,351
,351
2026 05 20 19:20:46.762799,341
,340
,350
,350
,344
,346
,357
,356
,350
,358
,363
,357
,346
,358
2026 05 20 19:20:46.825422,358
,346
,349
,356
,350
,341
,347
,352
,346
,342
,355
,355
,349
,348
2026 05 20 19:20:46.886432,357
,357
,345
,349
,358
,353
,349
,356
,352
,347
,342
,355
,355
,346
2026 05 20 19:20:46.951334,349
,357
,350
,342
,347
,348
,343
,334
,346
,348
,345
,341
,346
,345
2026 05 20 19:20:47.013571,342
,349
,356
,354
,350
,361
,360
,349
,345
,354
,349
,343
,346
,354
2026 05 20 19:20:47.074552,350
,340
,349
,353
,346
,345
,354
,352
,347
,353
,361
,357
,353
,353
2026 05 20 19:20:47.140089,360
,351
,344
,357
,360
,349
,346
,354
,352
,344
,353
,356
,352
,348
2026 05 20 19:20:47.201479,362
,362
,351
,342
,352
,356
,351
,356
,357
,355
,347
,355
,358
,346
2026 05 20 19:20:47.267290,345
,353
,350
,345
,351
,359
,355
,348
,355
,358
,349
,339
,355
,357
2026 05 20 19:20:47.328811,343
,350
,360
,360
,352
,354
,362
,351
,340
,358
,356
,345
,342
,359
2026 05 20 19:20:47.389860,355
,348
,352
,360
,355
,342
,347
,347
,340
,337
,352
,352
,344
,345
2026 05 20 19:20:47.456517,351
,353
,345
,347
,356
,348
,343
,356
,354
,349
,346
,352
,351
,342
2026 05 20 19:20:47.516794,350
,355
,348
,347
,355
,357
,350
,348
,360
,362
,350
,353
,362
,360
2026 05 20 19:20:47.582545,344
,350
,349
,344
,340
,350
,347
,343
,346
,354
,344
,335
,343
,350
2026 05 20 19:20:47.644086,340
,335
,350
,351
,348
,352
,355
,354
,347
,354
,357
,353
,347
,350
2026 05 20 19:20:47.706376,353
,346
,344
,349
,346
,335
,346
,349
,348
,344
,352
,352
,349
,346
2026 05 20 19:20:47.770891,358
,358
,348
,355
,362
,363
,352
,358
,360
,353
,346
,359
,357
,350
2026 05 20 19:20:47.831591,350
,361
,358
,351
,356
,362
,359
,355
,371
,359
,350
,348
,355
,353
2026 05 20 19:20:47.898084,346
,351
,359
,354
,350
,360
,360
,351
,352
,365
,358
,351
,360
,365
2026 05 20 19:20:47.959107,361
,348
,356
,358
,350
,347
,365
,365
,355
,357
,363
,359
,354
,357
2026 05 20 19:20:48.021009,356
,351
,347
,360
,360
,354
,354
,361
,362
,350
,355
,360
,350
,347
2026 05 20 19:20:48.085881,357
,362
,355
,354
,361
,361
,350
,352
,359
,359
,350
,354
,358
,348
2026 05 20 19:20:48.147602,342
,356
,361
,353
,352
,361
,360
,350
,354
,358
,351
,344
,355
,357
2026 05 20 19:20:48.213349,351
,345
,353
,349
,338
,345
,352
,350
,344
,357
,360
,349
,348
,357
2026 05 20 19:20:48.274855,351
,349
,356
,361
,357
,351
,360
,358
,352
,348
,364
,359
,353
,356
2026 05 20 19:20:48.338989,361
,360
,350
,358
,358
,349
,349
,365
,358
,352
,349
,356
,351
,346
2026 05 20 19:20:48.404633,352
,358
,356
,350
,360
,363
,350
,348
,362
,361
,351
,351
,355
,354
2026 05 20 19:20:48.463143,350
,356
,357
,352
,339
,351
,347
,340
,339
,347
,341
,337
,347
,356
2026 05 20 19:20:48.528711,350
,346
,357
,364
,351
,351
,358
,353
,348
,353
,353
,352
,347
,355
2026 05 20 19:20:48.590301,358
,345
,350
,361
,363
,354
,353
,360
,357
,345
,352
,357
,348
,348
2026 05 20 19:20:48.650858,359
,361
,352
,345
,347
,343
,337
,342
,347
,343
,339
,350
,359
,352
2026 05 20 19:20:48.726200,351
,360
,356
,347
,352
,364
,362
,358
,364
,362
,355
,349
,353
,354
2026 05 20 19:20:48.777636,346
,350
,352
,349
,340
,346
,346
,340
,333
,348
,354
,341
,344
,347
2026 05 20 19:20:48.843914,345
,342
,354
,356
,352
,350
,367
,358
,352
,353
,361
,357
,349
,352
2026 05 20 19:20:48.905162,351
,345
,333
,341
,343
,335
,332
,343
,344
,341
,347
,357
,353
,349
2026 05 20 19:20:48.966717,359
,364
,355
,353
,364
,362
,353
,352
,360
,357
,351
,350
,350
,345
2026 05 20 19:20:49.031941,346
,357
,356
,349
,346
,358
,356
,350
,353
,357
,352
,348
,355
,357
2026 05 20 19:20:49.093204,351
,348
,356
,355
,350
,354
,357
,349
,344
,348
,351
,346
,342
,352
2026 05 20 19:20:49.160029,351
,344
,349
,354
,349
,346
,355
,356
,355
,349
,358
,355
,345
,340
2026 05 20 19:20:49.220898,354
,345
,336
,342
,353
,351
,343
,353
,359
,351
,351
,360
,357
,352
2026 05 20 19:20:49.281514,352
,357
,356
,345
,355
,358
,352
,344
,354
,352
,339
,344
,350
,350
2026 05 20 19:20:49.347421,343
,353
,357
,348
,344
,353
,347
,339
,338
,348
,350
,340
,348
,353
2026 05 20 19:20:49.409445,352
,348
,360
,358
,351
,348
,354
,350
,343
,345
,353
,348
,339
,346
2026 05 20 19:20:49.474672,346
,340
,335
,347
,350
,344
,344
,353
,347
,341
,350
,355
,350
,345
2026 05 20 19:20:49.535724,360
,360
,351
,345
,355
,352
,347
,351
,363
,355
,350
,357
,362
,355
2026 05 20 19:20:49.597646,356
,366
,362
,351
,353
,359
,351
,349
,354
,361
,354
,347
,359
,359
2026 05 20 19:20:49.662548,351
,351
,354
,352
,345
,352
,353
,347
,345
,353
,353
,348
,346
,357
2026 05 20 19:20:49.724940,358
,346
,355
,359
,354
,350
,361
,358
,352
,348
,359
,356
,349
,358
2026 05 20 19:20:49.789990,364
,364
,357
,362
,362
,352
,348
,360
,356
,349
,351
,357
,352
,345
2026 05 20 19:20:49.851346,353
,355
,348
,341
,354
,348
,337
,337
,344
,343
,332
,340
,348
,344
2026 05 20 19:20:49.912826,337
,348
,349
,345
,346
,354
,356
,351
,351
,360
,355
,348
,356
,354
2026 05 20 19:20:49.978486,349
,345
,356
,353
,349
,350
,355
,350
,342
,349
,347
,338
,331
,340
2026 05 20 19:20:50.039885,341
,335
,330
,337
,337
,329
,337
,346
,341
,336
,345
,345
,339
,333
2026 05 20 19:20:50.105554,341
,339
,328
,335
,339
,337
,332
,343
,344
,339
,336
,346
,351
,347
2026 05 20 19:20:50.167189,344
,349
,349
,348
,354
,360
,351
,349
,359
,357
,348
,346
,352
,347
2026 05 20 19:20:50.227947,341
,347
,348
,341
,335
,353
,356
,349
,348
,352
,350
,344
,345
,351
2026 05 20 19:20:50.294058,351
,343
,351
,352
,347
,342
,347
,350
,338
,340
,347
,348
,341
,346
2026 05 20 19:20:50.355634,343
,340
,336
,349
,347
,335
,340
,351
,351
,346
,357
,356
,350
,349
2026 05 20 19:20:50.420116,361
,360
,359
,361
,363
,360
,357
,363
,366
,359
,357
,368
,367
,361
2026 05 20 19:20:50.482989,361
,370
,368
,364
,369
,380
,373
,365
,373
,369
,364
,355
,371
,361
2026 05 20 19:20:50.543238,355
,357
,360
,356
,347
,352
,351
,346
,340
,352
,350
,344
,346
,352
2026 05 20 19:20:50.609391,349
,346
,351
,354
,351
,343
,349
,349
,340
,337
,353
,352
,349
,351
2026 05 20 19:20:50.670135,353
,353
,349
,358
,362
,353
,348
,357
,358
,353
,351
,363
,356
,352
2026 05 20 19:20:50.736296,354
,359
,351
,341
,349
,353
,338
,340
,348
,351
,340
,348
,350
,344
2026 05 20 19:20:50.798116,337
,343
,343
,338
,330
,343
,341
,334
,345
,349
,350
,344
,357
,359
2026 05 20 19:20:50.859068,352
,347
,363
,358
,354
,354
,360
,356
,349
,358
,359
,358
,356
,366
2026 05 20 19:20:50.924896,366
,355
,356
,362
,357
,348
,355
,357
,349
,339
,349
,348
,340
,342
2026 05 20 19:20:50.988176,350
,347
,339
,345
,350
,351
,346
,357
,356
,349
,343
,355
,353
,347
2026 05 20 19:20:51.051038,350
,355
,354
,347
,357
,355
,354
,346
,354
,352
,345
,344
,347
,349
2026 05 20 19:20:51.112771,342
,349
,355
,353
,348
,366
,367
,362
,359
,369
,371
,360
,365
,363
2026 05 20 19:20:51.174209,356
,350
,358
,364
,354
,349
,364
,363
,356
,359
,369
,362
,353
,364
2026 05 20 19:20:51.239879,368
,365
,355
,366
,364
,356
,359
,362
,355
,351
,355
,364
,356
,348
2026 05 20 19:20:51.301351,355
,357
,347
,343
,355
,359
,352
,359
,363
,359
,352
,356
,362
,352
2026 05 20 19:20:51.363047,346
,362
,361
,352
,353
,360
,355
,356
,360
,362
,355
,346
,352
,356
2026 05 20 19:20:51.429168,349
,352
,357
,354
,350
,350
,354
,353
,346
,355
,356
,349
,343
,352
2026 05 20 19:20:51.489914,352
,345
,350
,357
,353
,347
,358
,360
,355
,355
,364
,364
,352
,355
2026 05 20 19:20:51.555454,360
,355
,345
,351
,352
,345
,339
,353
,351
,346
,350
,355
,356
,348
2026 05 20 19:20:51.617110,350
,355
,351
,346
,359
,363
,356
,355
,364
,363
,358
,357
,363
,361
2026 05 20 19:20:51.677430,353
,364
,361
,354
,350
,361
,358
,352
,354
,357
,351
,347
,356
,355
2026 05 20 19:20:51.744029,353
,346
,358
,354
,351
,345
,350
,354
,347
,353
,353
,344
,339
,350
2026 05 20 19:20:51.804632,350
,346
,343
,352
,355
,351
,358
,355
,349
,345
,352
,352
,338
,336
2026 05 20 19:20:51.870746,357
,351
,345
,344
,353
,350
,346
,354
,359
,352
,346
,355
,349
,344
2026 05 20 19:20:51.932388,346
,352
,349
,344
,350
,350
,344
,335
,350
,349
,344
,347
,356
,356
2026 05 20 19:20:51.993530,356
,356
,359
,353
,347
,355
,360
,354
,347
,351
,350
,339
,342
,350
2026 05 20 19:20:52.059031,348
,343
,348
,353
,340
,338
,353
,351
,342
,349
,359
,354
,351
,358
2026 05 20 19:20:52.120394,359
,351
,343
,353
,356
,351
,345
,356
,353
,344
,349
,356
,359
,352
2026 05 20 19:20:52.185951,365
,364
,355
,351
,360
,355
,352
,353
,360
,358
,351
,359
,361
,359
2026 05 20 19:20:52.247872,357
,366
,367
,352
,351
,355
,352
,341
,349
,350
,346
,335
,346
,347
2026 05 20 19:20:52.309027,342
,342
,346
,347
,339
,341
,346
,343
,336
,346
,348
,339
,343
,356
2026 05 20 19:20:52.374398,349
,345
,341
,346
,346
,341
,347
,351
,352
,346
,354
,351
,345
,344
2026 05 20 19:20:52.436048,350
,348
,344
,351
,353
,344
,343
,349
,350
,339
,337
,351
,346
,344
2026 05 20 19:20:52.501474,351
,353
,347
,341
,356
,358
,351
,347
,357
,354
,342
,344
,354
,349
2026 05 20 19:20:52.563349,343
,353
,356
,348
,348
,354
,358
,346
,348
,354
,348
,340
,346
,350
2026 05 20 19:20:52.624419,347
,341
,351
,351
,345
,344
,352
,350
,342
,345
,354
,353
,349
,360
2026 05 20 19:20:52.690085,360
,350
,351
,363
,361
,353
,355
,356
,353
,345
,358
,357
,352
,347
2026 05 20 19:20:52.751764,355
,356
,356
,356
,360
,354
,347
,357
,356
,352
,349
,362
,363
,358
2026 05 20 19:20:52.817048,359
,367
,361
,350
,353
,353
,339
,332
,344
,342
,337
,330
,341
,337
2026 05 20 19:20:52.877969,331
,343
,347
,346
,343
,354
,360
,351
,348
,355
,356
,347
,348
,354
2026 05 20 19:20:52.941491,353
,343
,359
,361
,351
,351
,359
,356
,351
,354
,359
,350
,344
,348
2026 05 20 19:20:53.005118,352
,344
,340
,350
,351
,345
,343
,349
,344
,336
,338
,341
,335
,331
2026 05 20 19:20:53.066913,340
,340
,334
,331
,347
,344
,342
,345
,355
,351
,347
,355
,357
,348
2026 05 20 19:20:53.132375,346
,356
,357
,351
,350
,358
,351
,348
,351
,357
,354
,347
,361
,361
2026 05 20 19:20:53.194140,348
,345
,352
,351
,340
,349
,352
,343
,339
,347
,348
,340
,335
,346
2026 05 20 19:20:53.254746,348
,337
,344
,348
,350
,344
,350
,353
,348
,344
,357
,360
,349
,350
2026 05 20 19:20:53.320096,358
,360
,352
,357
,361
,352
,343
,359
,357
,349
,345
,358
,349
,344
2026 05 20 19:20:53.382421,349
,359
,357
,351
,368
,368
,362
,357
,368
,372
,361
,360
,368
,359
2026 05 20 19:20:53.447834,349
,357
,362
,354
,346
,361
,357
,352
,349
,357
,359
,351
,358
,362
2026 05 20 19:20:53.509318,355
,343
,349
,348
,342
,339
,349
,350
,339
,351
,351
,345
,343
,352
2026 05 20 19:20:53.572241,354
,346
,347
,352
,354
,345
,351
,361
,361
,351
,358
,362
,357
,352
2026 05 20 19:20:53.635628,364
,361
,349
,354
,357
,354
,346
,352
,356
,350
,346
,358
,359
,350
2026 05 20 19:20:53.697861,351
,359
,358
,349
,355
,354
,350
,345
,355
,359
,348
,348
,362
,362
2026 05 20 19:20:53.762581,358
,356
,361
,362
,354
,365
,365
,362
,357
,363
,366
,358
,357
,367
2026 05 20 19:20:53.824692,364
,351
,356
,361
,355
,348
,362
,356
,349
,349
,360
,357
,350
,357
2026 05 20 19:20:53.885444,359
,358
,354
,371
,373
,366
,364
,370
,369
,360
,358
,364
,360
,352
2026 05 20 19:20:53.951371,361
,360
,354
,348
,359
,358
,350
,351
,358
,361
,354
,360
,361
,355
2026 05 20 19:20:54.013646,348
,357
,358
,347
,345
,355
,357
,354
,354
,360
,354
,347
,358
,358
2026 05 20 19:20:54.078544,350
,346
,354
,353
,350
,347
,351
,351
,345
,352
,358
,356
,351
,357
2026 05 20 19:20:54.140835,357
,353
,351
,360
,355
,351
,356
,363
,353
,348
,356
,356
,352
,348
2026 05 20 19:20:54.201677,356
,360
,354
,359
,362
,356
,348
,363
,361
,353
,347
,355
,353
,346
2026 05 20 19:20:54.266881,348
,353
,355
,351
,356
,360
,355
,350
,359
,360
,352
,354
,360
,356
2026 05 20 19:20:54.328163,350
,358
,358
,351
,346
,358
,356
,346
,347
,358
,349
,344
,350
,355
2026 05 20 19:20:54.393756,349
,350
,357
,357
,349
,341
,356
,350
,337
,337
,345
,343
,334
,342
2026 05 20 19:20:54.455874,344
,337
,332
,339
,341
,336
,333
,340
,341
,334
,342
,344
,337
,333
2026 05 20 19:20:54.516088,344
,344
,334
,328
,332
,332
,326
,334
,339
,338
,334
,346
,345
,342
2026 05 20 19:20:54.582527,346
,359
,357
,350
,354
,356
,349
,341
,351
,354
,344
,343
,351
,352
2026 05 20 19:20:54.643837,342
,345
,354
,352
,343
,352
,350
,345
,341
,349
,350
,343
,343
,353
2026 05 20 19:20:54.709305,349
,342
,351
,354
,349
,342
,347
,349
,343
,340
,352
,351
,347
,350
2026 05 20 19:20:54.770992,357
,353
,347
,353
,355
,351
,348
,357
,352
,344
,346
,358
,345
,344
2026 05 20 19:20:54.831803,359
,362
,354
,347
,352
,349
,341
,339
,355
,354
,346
,350
,353
,353
2026 05 20 19:20:54.897488,347
,355
,357
,352
,353
,361
,360
,354
,353
,358
,355
,349
,354
,360
2026 05 20 19:20:54.959335,357
,355
,367
,367
,359
,362
,363
,358
,354
,358
,360
,357
,353
,368
2026 05 20 19:20:55.021064,368
,359
,358
,358
,355
,346
,347
,356
,355
,348
,358
,358
,351
,346
2026 05 20 19:20:55.085559,357
,356
,357
,362
,363
,361
,356
,361
,356
,351
,345
,357
,352
,346
2026 05 20 19:20:55.147746,350
,357
,353
,344
,351
,356
,351
,346
,359
,356
,345
,347
,357
,359
2026 05 20 19:20:55.213250,353
,359
,360
,352
,350
,361
,356
,354
,353
,364
,362
,349
,354
,362
2026 05 20 19:20:55.274453,352
,341
,348
,351
,346
,341
,358
,359
,350
,352
,360
,356
,349
,355
2026 05 20 19:20:55.336023,361
,353
,348
,357
,358
,348
,348
,360
,354
,347
,351
,357
,351
,347
2026 05 20 19:20:55.401660,356
,359
,352
,350
,355
,358
,351
,353
,356
,352
,350
,355
,358
,353
2026 05 20 19:20:55.462741,348
,355
,355
,345
,349
,358
,357
,354
,361
,359
,353
,356
,360
,363
2026 05 20 19:20:55.528466,361
,351
,353
,353
,342
,348
,353
,347
,343
,354
,357
,351
,347
,357
2026 05 20 19:20:55.591076,358
,354
,356
,355
,352
,338
,345
,347
,341
,341
,352
,351
,342
,343
2026 05 20 19:20:55.651211,350
,351
,345
,355
,357
,350
,345
,356
,354
,349
,346
,354
,351
,344
2026 05 20 19:20:55.716963,346
,351
,342
,338
,352
,359
,352
,348
,360
,358
,352
,360
,362
,354
2026 05 20 19:20:55.777468,350
,361
,359
,351
,348
,359
,358
,350
,355
,361
,355
,351
,359
,358
2026 05 20 19:20:55.844686,350
,352
,365
,360
,352
,354
,359
,353
,351
,357
,357
,350
,352
,364
2026 05 20 19:20:55.905403,360
,356
,355
,359
,358
,351
,354
,358
,348
,339
,349
,351
,342
,344
2026 05 20 19:20:55.966879,354
,354
,346
,354
,360
,355
,346
,352
,353
,346
,350
,358
,355
,348
2026 05 20 19:20:56.032355,350
,352
,347
,340
,344
,345
,340
,341
,352
,355
,349
,348
,354
,351
2026 05 20 19:20:56.092986,343
,346
,346
,340
,335
,343
,342
,340
,338
,343
,343
,337
,339
,344
2026 05 20 19:20:56.159204,341
,335
,344
,353
,348
,347
,351
,348
,340
,340
,344
,338
,332
,336
2026 05 20 19:20:56.221281,337
,334
,331
,341
,342
,341
,341
,352
,356
,346
,355
,360
,351
,348
2026 05 20 19:20:56.281935,353
,355
,346
,337
,349
,348
,340
,343
,348
,345
,337
,347
,348
,339
2026 05 20 19:20:56.347963,337
,352
,354
,353
,354
,368
,360
,348
,354
,349
,341
,332
,339
,338
2026 05 20 19:20:56.409144,332
,332
,348
,347
,344
,347
,353
,348
,340
,347
,350
,340
,342
,355
2026 05 20 19:20:56.474841,351
,344
,351
,358
,352
,349
,358
,360
,355
,349
,357
,351
,343
,344
2026 05 20 19:20:56.537413,349
,343
,341
,355
,362
,353
,355
,366
,370
,366
,369
,373
,369
,361
2026 05 20 19:20:56.597627,360
,358
,355
,346
,357
,359
,349
,355
,366
,364
,356
,358
,360
,352
2026 05 20 19:20:56.663148,338
,348
,346
,333
,331
,341
,336
,326
,333
,338
,337
,331
,342
,344
2026 05 20 19:20:56.724461,340
,340
,355
,352
,346
,350
,354
,360
,350
,355
,361
,351
,348
,357
2026 05 20 19:20:56.789735,356
,350
,348
,355
,351
,345
,348
,354
,343
,336
,346
,350
,341
,347
2026 05 20 19:20:56.851427,359
,361
,355
,360
,368
,363
,357
,361
,366
,354
,349
,357
,354
,347
2026 05 20 19:20:56.912964,347
,356
,351
,347
,358
,358
,354
,351
,364
,359
,354
,351
,362
,363
2026 05 20 19:20:56.977601,357
,359
,361
,360
,357
,364
,365
,361
,358
,368
,365
,357
,356
,359
2026 05 20 19:20:57.039448,352
,351
,360
,363
,358
,362
,363
,366
,359
,358
,361
,360
,352
,360
2026 05 20 19:20:57.105387,362
,360
,352
,359
,359
,346
,346
,358
,354
,346
,351
,354
,349
,343
2026 05 20 19:20:57.167040,354
,356
,351
,349
,356
,358
,347
,347
,351
,348
,340
,348
,351
,346
2026 05 20 19:20:57.228118,341
,353
,355
,346
,351
,357
,352
,348
,358
,365
,358
,355
,369
,366
2026 05 20 19:20:57.293956,357
,358
,359
,352
,346
,356
,356
,350
,344
,357
,357
,352
,351
,355
2026 05 20 19:20:57.354942,359
,347
,357
,364
,355
,347
,355
,358
,349
,346
,359
,356
,350
,352
2026 05 20 19:20:57.420849,359
,357
,348
,357
,357
,350
,348
,358
,358
,348
,345
,355
,356
,343
2026 05 20 19:20:57.482310,351
,360
,351
,346
,354
,355
,344
,348
,350
,349
,344
,343
,351
,349
2026 05 20 19:20:57.544107,341
,356
,359
,352
,350
,361
,362
,356
,355
,363
,358
,353
,358
,357
2026 05 20 19:20:57.609297,353
,351
,359
,357
,350
,350
,359
,355
,350
,356
,360
,356
,351
,357
2026 05 20 19:20:57.670307,362
,353
,354
,363
,360
,350
,355
,361
,355
,348
,357
,360
,357
,348
2026 05 20 19:20:57.736324,354
,356
,352
,352
,361
,354
,348
,355
,359
,359
,352
,362
,364
,354
2026 05 20 19:20:57.797705,353
,359
,362
,358
,370
,371
,367
,361
,372
,365
,354
,350
,355
,357
2026 05 20 19:20:57.859035,348
,355
,358
,352
,347
,358
,360
,356
,356
,370
,366
,365
,365
,372
2026 05 20 19:20:57.924557,359
,348
,355
,357
,351
,350
,357
,354
,350
,354
,361
,361
,356
,362
2026 05 20 19:20:57.986334,369
,364
,362
,370
,373
,360
,355
,364
,364
,356
,361
,362
,362
,354
2026 05 20 19:20:58.050935,361
,360
,354
,350
,362
,363
,358
,358
,368
,364
,358
,365
,364
,360
2026 05 20 19:20:58.113090,362
,368
,365
,359
,356
,364
,364
,357
,359
,360
,355
,353
,361
,358
2026 05 20 19:20:58.174483,351
,352
,359
,354
,351
,346
,358
,351
,346
,358
,358
,352
,355
,363
2026 05 20 19:20:58.239557,363
,358
,356
,363
,353
,346
,353
,355
,351
,347
,357
,357
,350
,348
2026 05 20 19:20:58.301015,359
,355
,349
,352
,356
,351
,346
,355
,354
,343
,345
,353
,351
,342
2026 05 20 19:20:58.367343,345
,357
,343
,339
,351
,352
,344
,345
,355
,357
,342
,347
,348
,343
2026 05 20 19:20:58.427439,343
,346
,349
,343
,342
,349
,350
,346
,346
,352
,349
,344
,348
,352
2026 05 20 19:20:58.489187,343
,342
,350
,350
,344
,339
,344
,345
,344
,350
,352
,352
,347
,356
2026 05 20 19:20:58.555678,356
,348
,347
,353
,349
,341
,346
,350
,350
,345
,354
,360
,354
,350
2026 05 20 19:20:58.617136,358
,353
,346
,348
,350
,349
,340
,346
,351
,346
,333
,342
,347
,341
2026 05 20 19:20:58.678345,342
,352
,351
,352
,354
,354
,350
,347
,354
,357
,350
,349
,357
,353
2026 05 20 19:20:58.743881,347
,351
,360
,358
,354
,363
,360
,364
,357
,368
,367
,360
,357
,362
2026 05 20 19:20:58.805628,363
,356
,357
,359
,352
,349
,356
,353
,347
,348
,355
,349
,338
,343
2026 05 20 19:20:58.872122,345
,337
,340
,353
,355
,344
,341
,351
,347
,343
,345
,351
,346
,341
2026 05 20 19:20:58.932094,353
,350
,349
,345
,356
,351
,343
,349
,356
,355
,347
,355
,359
,354
2026 05 20 19:20:58.993068,350
,356
,359
,349
,352
,357
,353
,347
,350
,348
,348
,342
,351
,356
2026 05 20 19:20:59.059177,347
,349
,363
,355
,344
,348
,353
,347
,342
,353
,346
,348
,350
,358
2026 05 20 19:20:59.122540,357
,351
,357
,364
,369
,344
,358
,368
,354
,341
,356
,348
,349
,344
2026 05 20 19:20:59.185642,353
,356
,346
,355
,354
,351
,341
,347
,350
,347
,334
,347
,345
,356
2026 05 20 19:20:59.248031,334
,347
,353
,327
,342
,338
,345
,341
,356
,360
,345
,353
,359
,361
2026 05 20 19:20:59.309023,356
,363
,358
,362
,365
,375
,394
,357
,363
,368
,371
,361
,357
,369
2026 05 20 19:20:59.374624,351
,352
,373
,372
,344
,345
,364
,374
,350
,358
,362
,356
,368
,354
2026 05 20 19:20:59.435738,354
,346
,362
,343
,352
,349
,333
,347
,348
,336
,352
,350
,349
,338
2026 05 20 19:20:59.501233,348
,349
,337
,325
,348
,341
,339
,347
,356
,357
,351
,364
,360
,359
2026 05 20 19:20:59.562514,355
,358
,354
,345
,342
,345
,346
,337
,343
,347
,343
,338
,349
,355
2026 05 20 19:20:59.624587,339
,345
,355
,346
,337
,342
,347
,335
,328
,336
,338
,328
,326
,330
2026 05 20 19:20:59.690485,333
,331
,336
,344
,340
,336
,343
,342
,336
,328
,339
,335
,326
,335
2026 05 20 19:20:59.750903,350
,338
,329
,343
,345
,337
,335
,344
,350
,341
,342
,349
,349
,339
2026 05 20 19:20:59.816627,347
,349
,345
,342
,352
,353
,343
,341
,352
,349
,338
,345
,348
,345
2026 05 20 19:20:59.878676,343
,350
,349
,338
,336
,339
,341
,333
,337
,345
,336
,334
,342
,345
2026 05 20 19:20:59.939210,345
,342
,349
,346
,343
,343
,346
,343
,335
,343
,353
,338
,338
,351
2026 05 20 19:21:00.004880,351
,346
,352
,361
,354
,346
,350
,356
,354
,344
,354
,358
,352
,351
2026 05 20 19:21:00.066013,355
,356
,348
,356
,355
,353
,341
,344
,348
,340
,334
,349
,353
,342
2026 05 20 19:21:00.131143,345
,350
,354
,347
,355
,357
,347
,344
,351
,346
,339
,343
,348
,343
2026 05 20 19:21:00.193722,342
,349
,353
,351
,347
,356
,359
,351
,346
,356
,354
,351
,351
,351
2026 05 20 19:21:00.255249,345
,341
,353
,349
,341
,336
,350
,345
,337
,337
,344
,340
,338
,351
2026 05 20 19:21:00.320885,350
,342
,340
,351
,349
,346
,343
,354
,353
,348
,351
,359
,350
,344
2026 05 20 19:21:00.382104,354
,354
,349
,348
,357
,360
,348
,356
,362
,353
,350
,358
,357
,350
2026 05 20 19:21:00.447602,352
,362
,363
,361
,364
,371
,369
,356
,363
,358
,346
,343
,345
,347
2026 05 20 19:21:00.509174,346
,346
,357
,351
,341
,345
,347
,342
,333
,345
,349
,343
,341
,350
2026 05 20 19:21:00.570752,349
,343
,346
,355
,351
,349
,356
,353
,350
,346
,354
,356
,346
,351
2026 05 20 19:21:00.636171,360
,356
,352
,360
,358
,350
,350
,356
,353
,348
,349
,354
,352
,341
2026 05 20 19:21:00.697617,349
,351
,342
,337
,349
,346
,340
,342
,354
,352
,346
,349
,351
,346
2026 05 20 19:21:00.762855,340
,346
,349
,344
,345
,357
,356
,351
,354
,363
,362
,358
,366
,365
2026 05 20 19:21:00.824022,357
,353
,361
,364
,360
,361
,365
,364
,356
,365
,369
,363
,358
,364
2026 05 20 19:21:00.885355,363
,355
,352
,364
,359
,352
,357
,360
,358
,351
,361
,360
,353
,352
2026 05 20 19:21:00.951402,359
,361
,351
,350
,355
,350
,342
,358
,359
,350
,350
,361
,357
,353
2026 05 20 19:21:01.012907,355
,360
,360
,353
,361
,357
,353
,351
,360
,360
,353
,352
,364
,359
2026 05 20 19:21:01.078295,349
,352
,364
,360
,354
,364
,366
,353
,349
,355
,354
,351
,353
,354
2026 05 20 19:21:01.139887,355
,350
,358
,363
,357
,355
,366
,364
,363
,363
,367
,363
,359
,360
2026 05 20 19:21:01.200385,361
,359
,355
,368
,366
,357
,351
,355
,346
,341
,344
,354
,354
,350
2026 05 20 19:21:01.267057,363
,364
,354
,351
,358
,355
,350
,357
,360
,357
,350
,358
,355
,350
2026 05 20 19:21:01.328190,344
,352
,350
,344
,345
,350
,343
,336
,346
,351
,347
,345
,357
,358
2026 05 20 19:21:01.393805,349
,352
,354
,350
,340
,340
,347
,344
,337
,347
,347
,344
,343
,346
2026 05 20 19:21:01.456859,348
,343
,348
,353
,352
,347
,350
,350
,348
,342
,355
,355
,346
,348
2026 05 20 19:21:01.516752,356
,353
,346
,354
,355
,353
,349
,359
,359
,350
,351
,356
,358
,347
2026 05 20 19:21:01.582165,355
,360
,351
,346
,357
,354
,348
,348
,352
,348
,341
,347
,354
,352
2026 05 20 19:21:01.643735,349
,357
,359
,350
,345
,357
,358
,348
,349
,356
,350
,344
,356
,356
2026 05 20 19:21:01.707848,351
,355
,364
,363
,354
,355
,362
,359
,350
,356
,359
,357
,352
,365
2026 05 20 19:21:01.771945,367
,355
,355
,364
,359
,355
,361
,363
,354
,346
,352
,356
,347
,344
2026 05 20 19:21:01.831487,358
,360
,350
,349
,356
,352
,344
,352
,361
,354
,353
,367
,370
,365
2026 05 20 19:21:01.897543,362
,371
,366
,360
,368
,368
,355
,345
,354
,356
,347
,345
,352
,345
2026 05 20 19:21:01.959224,340
,346
,354
,348
,345
,358
,359
,354
,355
,367
,364
,358
,358
,361
2026 05 20 19:21:02.024228,354
,343
,351
,350
,343
,338
,349
,349
,343
,341
,347
,348
,342
,348
2026 05 20 19:21:02.085684,352
,349
,347
,357
,354
,349
,346
,353
,351
,348
,352
,357
,352
,345
2026 05 20 19:21:02.147260,352
,352
,344
,341
,346
,346
,345
,346
,351
,347
,344
,351
,354
,350
2026 05 20 19:21:02.213005,348
,360
,361
,358
,359
,368
,368
,360
,362
,362
,355
,347
,356
,349
2026 05 20 19:21:02.274709,340
,337
,348
,347
,342
,352
,356
,354
,348
,362
,362
,355
,347
,355
2026 05 20 19:21:02.335742,347
,340
,343
,352
,343
,336
,346
,354
,343
,340
,353
,351
,349
,355
2026 05 20 19:21:02.401683,366
,368
,362
,367
,364
,351
,342
,351
,346
,344
,339
,347
,345
,341
2026 05 20 19:21:02.462197,347
,351
,345
,339
,357
,358
,352
,352
,359
,357
,350
,351
,361
,351
2026 05 20 19:21:02.528368,342
,352
,350
,337
,332
,342
,347
,339
,343
,350
,348
,339
,346
,350
2026 05 20 19:21:02.589856,344
,339
,349
,347
,341
,342
,352
,348
,342
,347
,353
,348
,340
,352
2026 05 20 19:21:02.651309,349
,347
,343
,349
,340
,332
,335
,335
,331
,329
,335
,334
,331
,329
2026 05 20 19:21:02.716792,345
,348
,346
,345
,352
,347
,344
,346
,350
,346
,338
,350
,354
,347
2026 05 20 19:21:02.777315,342
,350
,345
,332
,341
,347
,343
,337
,347
,352
,343
,343
,355
,352
2026 05 20 19:21:02.842995,346
,350
,358
,350
,348
,358
,361
,350
,341
,352
,355
,349
,352
,354
2026 05 20 19:21:02.905358,352
,352
,360
,363
,357
,351
,362
,364
,356
,355
,365
,357
,350
,359
2026 05 20 19:21:02.966352,364
,356
,348
,352
,352
,343
,343
,350
,348
,345
,350
,357
,353
,348
2026 05 20 19:21:03.032161,355
,355
,346
,344
,354
,356
,350
,351
,356
,353
,348
,353
,358
,353
2026 05 20 19:21:03.093081,348
,360
,364
,352
,351
,359
,352
,347
,356
,358
,350
,337
,345
,347
2026 05 20 19:21:03.160790,337
,343
,353
,354
,348
,354
,357
,353
,346
,356
,357
,348
,351
,361
2026 05 20 19:21:03.219863,355
,353
,357
,362
,357
,356
,362
,359
,354
,340
,349
,352
,340
,340
2026 05 20 19:21:03.282082,348
,343
,334
,345
,351
,342
,338
,349
,350
,349
,345
,353
,347
,346
2026 05 20 19:21:03.347781,351
,356
,350
,341
,350
,353
,344
,339
,349
,345
,343
,348
,356
,352
2026 05 20 19:21:03.408385,340
,346
,345
,343
,342
,350
,352
,345
,343
,356
,355
,347
,353
,355
2026 05 20 19:21:03.474430,348
,342
,355
,357
,350
,352
,362
,362
,357
,357
,364
,352
,348
,358
2026 05 20 19:21:03.536158,359
,347
,348
,361
,357
,347
,350
,351
,352
,351
,358
,362
,356
,351
2026 05 20 19:21:03.597181,362
,364
,352
,355
,366
,360
,353
,360
,360
,356
,348
,356
,358
,348
2026 05 20 19:21:03.662849,348
,361
,359
,352
,358
,364
,361
,355
,364
,360
,349
,348
,359
,354
2026 05 20 19:21:03.725063,347
,350
,354
,352
,348
,359
,358
,350
,347
,358
,358
,352
,351
,360
2026 05 20 19:21:03.789850,358
,350
,356
,362
,362
,355
,364
,361
,354
,361
,365
,361
,357
,358
2026 05 20 19:21:03.851479,359
,356
,347
,356
,356
,348
,350
,358
,360
,356
,355
,360
,354
,347
2026 05 20 19:21:03.912080,354
,353
,350
,347
,359
,358
,353
,353
,359
,354
,348
,356
,357
,350
2026 05 20 19:21:03.978354,345
,354
,354
,344
,346
,358
,358
,353
,362
,370
,363
,354
,366
,373
2026 05 20 19:21:04.040380,358
,357
,366
,361
,351
,355
,360
,350
,346
,358
,360
,353
,352
,358
2026 05 20 19:21:04.106309,360
,353
,350
,353
,344
,340
,351
,358
,351
,346
,350
,352
,348
,346
2026 05 20 19:21:04.166776,357
,352
,350
,359
,360
,354
,347
,356
,356
,347
,342
,347
,352
,343
2026 05 20 19:21:04.228053,350
,357
,357
,356
,365
,365
,358
,355
,358
,358
,347
,345
,347
,345
2026 05 20 19:21:04.293017,339
,345
,348
,345
,342
,360
,361
,352
,357
,360
,355
,344
,352
,355
2026 05 20 19:21:04.355407,348
,338
,350
,356
,347
,347
,357
,357
,345
,344
,346
,334
,329
,336
2026 05 20 19:21:04.419902,340
,333
,331
,340
,340
,335
,334
,342
,341
,336
,346
,350
,343
,338
2026 05 20 19:21:04.482191,353
,348
,340
,346
,354
,351
,347
,354
,358
,351
,342
,352
,352
,342
2026 05 20 19:21:04.543359,339
,347
,345
,336
,344
,348
,344
,339
,345
,347
,340
,337
,350
,353
2026 05 20 19:21:04.609048,343
,346
,355
,350
,340
,352
,359
,349
,344
,351
,352
,347
,347
,356
2026 05 20 19:21:04.669276,360
,355
,361
,367
,360
,355
,366
,364
,355
,360
,370
,366
,357
,362
2026 05 20 19:21:04.735680,367
,361
,354
,360
,362
,356
,351
,357
,355
,350
,352
,361
,350
,344
2026 05 20 19:21:04.797980,356
,360
,352
,348
,355
,355
,344
,347
,352
,349
,341
,344
,346
,341
2026 05 20 19:21:04.858869,333
,345
,349
,339
,337
,348
,354
,351
,356
,362
,355
,346
,359
,354
2026 05 20 19:21:04.924115,349
,345
,356
,354
,345
,347
,352
,349
,340
,353
,353
,351
,350
,359
2026 05 20 19:21:04.985925,356
,350
,347
,352
,344
,336
,341
,345
,343
,341
,347
,348
,343
,345
2026 05 20 19:21:05.051414,358
,356
,349
,353
,359
,349
,347
,356
,361
,354
,353
,361
,360
,348
2026 05 20 19:21:05.112886,349
,350
,346
,338
,347
,352
,350
,350
,363
,361
,353
,354
,366
,356
2026 05 20 19:21:05.173500,348
,353
,362
,354
,346
,352
,353
,343
,349
,358
,352
,348
,351
,357
2026 05 20 19:21:05.239949,352
,348
,355
,356
,350
,345
,353
,350
,338
,346
,352
,343
,340
,347
2026 05 20 19:21:05.301398,351
,345
,343
,352
,352
,341
,345
,352
,347
,346
,353
,353
,350
,348
2026 05 20 19:21:05.366703,357
,362
,346
,345
,353
,351
,340
,347
,348
,346
,336
,348
,352
,346
2026 05 20 19:21:05.427404,342
,356
,355
,350
,356
,360
,354
,348
,360
,365
,357
,350
,359
,359
2026 05 20 19:21:05.489498,352
,350
,359
,355
,347
,355
,360
,353
,349
,356
,355
,346
,344
,356
2026 05 20 19:21:05.554655,350
,337
,340
,353
,346
,339
,349
,350
,353
,354
,356
,362
,350
,359
2026 05 20 19:21:05.616291,363
,354
,349
,360
,363
,358
,363
,363
,363
,356
,358
,369
,358
,358
2026 05 20 19:21:05.681324,362
,364
,360
,354
,371
,363
,353
,353
,362
,359
,345
,349
,357
,351
2026 05 20 19:21:05.742883,345
,365
,353
,349
,358
,368
,365
,352
,362
,359
,355
,351
,360
,373
2026 05 20 19:21:05.804516,362
,356
,365
,371
,366
,356
,356
,365
,377
,373
,356
,357
,349
,357
2026 05 20 19:21:05.870393,358
,339
,346
,354
,348
,338
,345
,358
,347
,347
,348
,353
,353
,358
2026 05 20 19:21:05.931536,358
,351
,348
,346
,359
,354
,349
,358
,364
,348
,344
,365
,355
,340
2026 05 20 19:21:05.997456,353
,361
,357
,348
,367
,363
,357
,351
,362
,367
,353
,345
,352
,345
2026 05 20 19:21:06.059034,330
,340
,345
,342
,322
,336
,339
,328
,330
,350
,337
,337
,345
,349
2026 05 20 19:21:06.123322,345
,344
,358
,355
,344
,346
,352
,356
,338
,339
,352
,346
,338
,350
2026 05 20 19:21:06.185761,359
,349
,340
,353
,356
,349
,354
,362
,354
,350
,360
,368
,355
,359
2026 05 20 19:21:06.246548,356
,359
,352
,352
,362
,358
,352
,351
,362
,355
,347
,363
,357
,350
2026 05 20 19:21:06.312553,346
,352
,351
,344
,348
,349
,349
,339
,351
,358
,343
,341
,355
,361
2026 05 20 19:21:06.374401,337
,346
,355
,356
,353
,363
,358
,354
,352
,362
,363
,349
,344
,357
2026 05 20 19:21:06.435626,359
,340
,339
,350
,346
,330
,347
,347
,343
,344
,355
,356
,350
,353
2026 05 20 19:21:06.501417,356
,354
,341
,348
,356
,342
,340
,350
,351
,345
,344
,354
,360
,352
2026 05 20 19:21:06.562423,360
,365
,369
,366
,377
,372
,365
,359
,367
,367
,355
,356
,360
,357
2026 05 20 19:21:06.624067,353
,364
,363
,360
,361
,369
,369
,359
,358
,364
,349
,340
,352
,353
2026 05 20 19:21:06.689802,343
,340
,346
,353
,351
,347
,352
,353
,345
,355
,361
,353
,347
,358
2026 05 20 19:21:06.751279,355
,343
,340
,356
,353
,343
,352
,360
,349
,345
,364
,364
,353
,351
2026 05 20 19:21:06.817178,359
,354
,350
,352
,364
,353
,345
,347
,353
,351
,349
,362
,365
,356
2026 05 20 19:21:06.877780,359
,367
,360
,347
,350
,354
,347
,346
,352
,349
,344
,347
,355
,354
2026 05 20 19:21:06.939274,344
,352
,360
,345
,346
,359
,360
,350
,348
,356
,357
,349
,352
,360
2026 05 20 19:21:07.005050,354
,348
,356
,359
,352
,347
,353
,355
,342
,349
,354
,352
,344
,350
2026 05 20 19:21:07.067047,358
,359
,348
,361
,362
,353
,357
,370
,362
,352
,360
,358
,346
,336
2026 05 20 19:21:07.132099,350
,352
,348
,343
,353
,356
,347
,351
,359
,353
,343
,352
,356
,348
2026 05 20 19:21:07.192671,343
,348
,350
,341
,348
,356
,355
,346
,350
,357
,356
,353
,362
,360
2026 05 20 19:21:07.254626,347
,346
,355
,356
,348
,351
,362
,358
,352
,363
,365
,354
,350
,364
2026 05 20 19:21:07.320463,355
,344
,352
,356
,356
,345
,354
,355
,350
,345
,352
,357
,347
,344
2026 05 20 19:21:07.382022,350
,346
,345
,354
,352
,345
,340
,353
,343
,337
,342
,347
,346
,340
2026 05 20 19:21:07.447510,340
,347
,330
,328
,345
,343
,341
,339
,337
,339
,345
,341
,351
,348
2026 05 20 19:21:07.509167,345
,353
,354
,335
,333
,342
,342
,342
,339
,335
,337
,336
,342
,356
2026 05 20 19:21:07.569844,338
,343
,349
,347
,344
,339
,344
,339
,330
,344
,351
,344
,342
,347
2026 05 20 19:21:07.635826,349
,341
,340
,349
,353
,347
,343
,350
,349
,339
,348
,348
,344
,341
2026 05 20 19:21:07.698099,347
,343
,338
,339
,346
,345
,342
,349
,353
,344
,340
,346
,350
,339
2026 05 20 19:21:07.763578,335
,343
,340
,334
,342
,351
,346
,339
,351
,348
,344
,341
,348
,346
2026 05 20 19:21:07.824495,342
,347
,354
,348
,344
,356
,354
,347
,349
,360
,365
,351
,354
,359
2026 05 20 19:21:07.885933,355
,342
,359
,356
,353
,348
,358
,350
,345
,347
,358
,350
,344
,355
2026 05 20 19:21:07.951421,361
,354
,348
,360
,359
,353
,345
,355
,356
,353
,358
,365
,360
,358
2026 05 20 19:21:08.012323,371
,367
,359
,355
,360
,361
,358
,358
,362
,356
,359
,364
,363
,355
2026 05 20 19:21:08.078223,353
,364
,362
,351
,349
,358
,356
,346
,353
,359
,355
,355
,360
,357
2026 05 20 19:21:08.139754,352
,352
,365
,358
,348
,355
,363
,357
,347
,354
,356
,339
,338
,347
2026 05 20 19:21:08.200493,349
,344
,349
,356
,354
,351
,359
,367
,356
,355
,364
,360
,349
,346
2026 05 20 19:21:08.266703,354
,355
,347
,361
,367
,363
,351
,363
,363
,355
,353
,356
,359
,353
2026 05 20 19:21:08.327744,358
,367
,365
,355
,367
,370
,358
,355
,365
,365
,351
,356
,362
,356
2026 05 20 19:21:08.393434,349
,359
,361
,357
,352
,359
,358
,350
,350
,358
,352
,341
,350
,354
2026 05 20 19:21:08.455265,346
,340
,351
,350
,343
,347
,359
,363
,358
,368
,362
,357
,348
,357
2026 05 20 19:21:08.516155,354
,346
,342
,354
,354
,346
,354
,362
,355
,351
,367
,368
,360
,359
2026 05 20 19:21:08.582013,363
,365
,352
,356
,363
,363
,359
,369
,371
,365
,356
,368
,369
,359
2026 05 20 19:21:08.643499,360
,367
,365
,359
,367
,371
,366
,360
,369
,364
,346
,344
,355
,352
2026 05 20 19:21:08.709268,343
,349
,353
,353
,353
,363
,366
,362
,360
,366
,361
,350
,354
,359
2026 05 20 19:21:08.770437,356
,342
,349
,351
,342
,336
,344
,346
,333
,332
,342
,340
,340
,350
2026 05 20 19:21:08.831502,359
,352
,344
,353
,355
,348
,348
,359
,362
,348
,351
,353
,351
,342
2026 05 20 19:21:08.897441,351
,353
,341
,334
,344
,348
,335
,337
,349
,352
,343
,357
,361
,360
2026 05 20 19:21:08.957737,353
,358
,359
,346
,345
,354
,348
,342
,346
,350
,341
,333
,346
,344
2026 05 20 19:21:09.023940,339
,340
,354
,354
,347
,355
,358
,354
,341
,352
,347
,335
,337
,350
2026 05 20 19:21:09.085721,353
,348
,351
,356
,348
,337
,348
,351
,343
,339
,350
,348
,344
,345
2026 05 20 19:21:09.146920,350
,344
,336
,346
,348
,344
,339
,351
,349
,339
,337
,350
,353
,350
2026 05 20 19:21:09.212831,349
,356
,353
,346
,354
,361
,355
,355
,365
,364
,354
,354
,357
,349
2026 05 20 19:21:09.273719,339
,349
,351
,346
,339
,349
,350
,340
,345
,356
,358
,351
,358
,365
2026 05 20 19:21:09.339329,355
,349
,359
,360
,351
,356
,367
,370
,355
,357
,357
,352
,346
,354
2026 05 20 19:21:09.401424,355
,349
,340
,357
,359
,350
,352
,353
,351
,343
,351
,357
,348
,344
2026 05 20 19:21:09.462424,355
,353
,350
,345
,356
,353
,343
,351
,355
,349
,340
,354
,356
,347
2026 05 20 19:21:09.527999,350
,361
,360
,348
,353
,359
,355
,349
,359
,359
,346
,345
,354
,349
2026 05 20 19:21:09.589691,337
,342
,350
,346
,341
,353
,356
,352
,346
,360
,360
,352
,353
,358
2026 05 20 19:21:09.655254,357
,347
,349
,350
,349
,340
,351
,357
,348
,347
,357
,357
,348
,353
2026 05 20 19:21:09.716623,360
,362
,354
,368
,370
,360
,356
,362
,360
,348
,343
,350
,346
,335
2026 05 20 19:21:09.778071,350
,356
,349
,343
,354
,350
,341
,345
,353
,346
,348
,347
,343
,349
2026 05 20 19:21:09.843467,349
,348
,349
,351
,346
,345
,355
,355
,352
,348
,354
,358
,360
,358
2026 05 20 19:21:09.904415,361
,358
,355
,362
,362
,362
,355
,359
,354
,353
,350
,363
,360
,354
2026 05 20 19:21:09.970351,354
,358
,358
,357
,360
,362
,366
,368
,368
,365
,361
,360
,359
,353
2026 05 20 19:21:10.032021,353
,352
,354
,348
,343
,345
,346
,340
,341
,353
,350
,349
,356
,354
2026 05 20 19:21:10.093545,354
,357
,358
,355
,356
,355
,355
,353
,355
,356
,358
,357
,357
,358
2026 05 20 19:21:10.159270,358
,361
,361
,363
,358
,355
,355
,359
,355
,352
,361
,364
,364
,365
2026 05 20 19:21:10.219976,376
,370
,365
,363
,365
,362
,357
,355
,355
,350
,341
,344
,344
,341
2026 05 20 19:21:10.285667,342
,347
,340
,345
,343
,348
,346
,345
,350
,349
,347
,343
,346
,343
2026 05 20 19:21:10.347120,345
,345
,347
,347
,342
,345
,345
,346
,345
,351
,351
,349
,351
,355
2026 05 20 19:21:10.407995,354
,351
,353
,349
,346
,345
,341
,343
,342
,343
,347
,341
,336
,336
2026 05 20 19:21:10.474378,338
,340
,340
,344
,344
,351
,353
,359
,356
,353
,353
,355
,346
,344
2026 05 20 19:21:10.535986,346
,349
,342
,343
,356
,355
,354
,356
,360
,353
,350
,355
,358
,357
2026 05 20 19:21:10.597085,354
,360
,360
,356
,347
,353
,350
,345
,343
,347
,341
,337
,337
,340
2026 05 20 19:21:10.662814,334
,334
,343
,341
,340
,341
,343
,340
,338
,343
,341
,335
,336
,340
2026 05 20 19:21:10.723451,334
,335
,340
,342
,340
,336
,339
,341
,339
,343
,344
,341
,344
,343
2026 05 20 19:21:10.789220,348
,341
,341
,345
,348
,345
,341
,342
,344
,349
,347
,353
,352
,355
2026 05 20 19:21:10.850128,355
,360
,355
,353
,357
,357
,355
,347
,351
,352
,352
,349
,355
,343
2026 05 20 19:21:10.912461,343
,351
,357
,355
,353
,354
,362
,357
,356
,362
,362
,361
,361
,369
2026 05 20 19:21:10.978124,362
,353
,354
,352
,354
,349
,352
,349
,349
,350
,352
,344
,342
,345
2026 05 20 19:21:11.039233,350
,350
,345
,347
,347
,352
,347
,353
,351
,352
,355
,361
,360
,363
2026 05 20 19:21:11.104675,361
,359
,357
,356
,357
,356
,354
,355
,357
,355
,351
,357
,358
,359
2026 05 20 19:21:11.166578,361
,369
,364
,367
,366
,368
,362
,359
,367
,364
,359
,363
,362
,362
2026 05 20 19:21:11.227621,364
,360
,358
,360
,357
,360
,360
,355
,350
,356
,357
,360
,360
,359
2026 05 20 19:21:11.293439,362
,357
,359
,365
,358
,349
,356
,359
,356
,354
,364
,362
,359
,351
2026 05 20 19:21:11.354912,354
,342
,339
,357
,349
,341
,334
,346
,343
,338
,339
,345
,336
,337
2026 05 20 19:21:11.419519,343
,348
,344
,342
,349
,347
,346
,351
,354
,352
,347
,349
,350
,348
2026 05 20 19:21:11.481832,344
,354
,351
,351
,346
,351
,346
,350
,347
,353
,348
,351
,354
,350
2026 05 20 19:21:11.543117,346
,345
,343
,343
,344
,339
,343
,340
,339
,343
,345
,348
,346
,354
2026 05 20 19:21:11.608873,351
,348
,348
,352
,345
,342
,349
,355
,349
,342
,346
,350
,348
,346
2026 05 20 19:21:11.670529,356
,360
,361
,362
,360
,349
,346
,353
,356
,353
,351
,356
,355
,353
2026 05 20 19:21:11.735151,362
,365
,359
,358
,366
,367
,362
,358
,357
,359
,353
,350
,356
,356
2026 05 20 19:21:11.797313,357
,363
,363
,364
,357
,362
,362
,366
,366
,376
,375
,371
,368
,366
2026 05 20 19:21:11.858352,357
,355
,363
,357
,352
,353
,358
,356
,353
,360
,365
,359
,361
,370
2026 05 20 19:21:11.924248,367
,357
,350
,351
,347
,345
,347
,356
,355
,361
,363
,367
,360
,355
2026 05 20 19:21:11.985358,362
,360
,351
,356
,365
,355
,357
,361
,360
,352
,351
,359
,355
,352
2026 05 20 19:21:12.050930,352
,351
,347
,347
,351
,354
,351
,355
,354
,349
,347
,350
,354
,351
2026 05 20 19:21:12.111963,344
,347
,350
,347
,349
,350
,352
,344
,347
,348
,353
,353
,357
,358
2026 05 20 19:21:12.174134,357
,358
,357
,368
,365
,362
,365
,367
,360
,359
,365
,356
,349
,348
2026 05 20 19:21:12.239959,347
,347
,342
,348
,356
,351
,354
,357
,351
,346
,345
,351
,352
,351
2026 05 20 19:21:12.301321,355
,356
,355
,352
,363
,363
,362
,355
,363
,361
,358
,362
,367
,357
2026 05 20 19:21:12.366579,350
,360
,353
,345
,346
,351
,348
,352
,355
,361
,359
,358
,361
,363
2026 05 20 19:21:12.428186,359
,358
,364
,355
,350
,356
,364
,355
,357
,362
,371
,371
,369
,378
2026 05 20 19:21:12.489278,378
,364
,360
,368
,356
,334
,336
,349
,345
,349
,353
,357
,355
,353
2026 05 20 19:21:12.554941,372
,364
,358
,362
,373
,359
,359
,362
,365
,354
,344
,373
,358
,348
2026 05 20 19:21:12.616444,354
,367
,360
,347
,359
,370
,353
,354
,361
,364
,349
,357
,368
,362
2026 05 20 19:21:12.681909,349
,364
,367
,352
,352
,357
,364
,351
,353
,368
,364
,340
,346
,359
2026 05 20 19:21:12.743741,341
,336
,349
,346
,342
,340
,358
,357
,346
,359
,367
,350
,339
,353
2026 05 20 19:21:12.806309,357
,340
,335
,358
,353
,341
,348
,362
,352
,336
,350
,360
,347
,348
2026 05 20 19:21:12.870154,363
,351
,342
,347
,354
,357
,343
,348
,367
,353
,347
,366
,370
,355
2026 05 20 19:21:12.931880,348
,358
,352
,335
,338
,358
,339
,331
,345
,360
,348
,346
,372
,373
2026 05 20 19:21:12.997721,352
,360
,372
,356
,349
,354
,359
,333
,325
,337
,334
,327
,334
,352
2026 05 20 19:21:13.059082,348
,333
,341
,349
,337
,332
,349
,353
,339
,337
,342
,334
,330
,332
2026 05 20 19:21:13.119515,332
,326
,330
,339
,341
,338
,339
,344
,340
,325
,340
,348
,343
,342
2026 05 20 19:21:13.185749,347
,342
,336
,327
,338
,340
,337
,344
,360
,353
,333
,323
,331
,323
2026 05 20 19:21:13.246454,334
,335
,340
,320
,317
,354
,341
,332
,355
,366
,364
,355
,349
,369
2026 05 20 19:21:13.313161,354
,329
,331
,323
,326
,329
,337
,338
,353
,358
,363
,354
,341
,352
2026 05 20 19:21:13.374514,361
,364
,375
,363
,368
,355
,352
,365
,327
,333
,338
,318
,320
,341
2026 05 20 19:21:13.436172,342
,344
,326
,330
,345
,354
,349
,350
,350
,343
,366
,367
,365
,331
2026 05 20 19:21:13.501689,315
,330
,327
,300
,343
,356
,296
,318
,313
,350
,329
,332
,352
,357
2026 05 20 19:21:13.562316,330
,349
,347
,340
,348
,357
,336
,326
,346
,347
,350
,320
,337
,362
2026 05 20 19:21:13.628271,356
,338
,371
,372
,352
,357
,373
,357
,357
,367
,364
,355
,347
,369
2026 05 20 19:21:13.689171,372
,354
,378
,378
,367
,358
,382
,385
,383
,384
,371
,395
,388
,379
2026 05 20 19:21:13.750514,352
,363
,365
,377
,375
,370
,383
,382
,381
,360
,385
,385
,378
,394
2026 05 20 19:21:13.816522,403
,381
,408
,398
,394
,405
,384
,396
,384
,379
,389
,410
,422
,397
2026 05 20 19:21:13.878134,405
,405
,397
,396
,398
,395
,409
,397
,396
,417
,407
,419
,411
,397
2026 05 20 19:21:13.942937,410
,414
,423
,416
,408
,421
,421
,421
,422
,417
,418
,405
,416
,418
2026 05 20 19:21:14.004828,414
,407
,424
,425
,424
,423
,428
,417
,416
,424
,422
,425
,416
,421
2026 05 20 19:21:14.066434,421
,436
,420
,429
,431
,428
,430
,433
,425
,408
,412
,404
,401
,402
2026 05 20 19:21:14.131432,407
,409
,411
,410
,411
,412
,404
,405
,405
,404
,403
,412
,414
,408
2026 05 20 19:21:14.193238,408
,404
,413
,416
,423
,427
,426
,416
,419
,419
,417
,416
,419
,420
2026 05 20 19:21:14.258944,417
,422
,424
,425
,419
,429
,427
,426
,420
,425
,430
,429
,423
,422
2026 05 20 19:21:14.320053,432
,425
,423
,424
,425
,420
,426
,424
,422
,419
,418
,415
,418
,419
2026 05 20 19:21:14.381235,412
,416
,417
,417
,416
,420
,415
,414
,416
,415
,416
,414
,420
,411
2026 05 20 19:21:14.447491,398
,399
,400
,396
,388
,390
,388
,388
,390
,391
,385
,392
,397
,390
2026 05 20 19:21:14.508059,395
,398
,411
,405
,399
,389
,391
,387
,383
,380
,380
,372
,373
,381
2026 05 20 19:21:14.574353,384
,381
,376
,382
,383
,376
,378
,383
,378
,371
,372
,376
,366
,363
2026 05 20 19:21:14.635698,367
,365
,355
,353
,359
,352
,346
,344
,354
,352
,347
,351
,359
,351
2026 05 20 19:21:14.697118,348
,353
,348
,343
,338
,346
,339
,339
,341
,346
,338
,339
,345
,339
2026 05 20 19:21:14.762687,338
,339
,341
,328
,326
,327
,333
,324
,323
,329
,329
,321
,325
,327
2026 05 20 19:21:14.824050,322
,324
,324
,326
,324
,326
,335
,341
,335
,336
,348
,350
,351
,344
2026 05 20 19:21:14.885599,351
,341
,332
,331
,328
,324
,321
,324
,327
,325
,319
,326
,327
,328
2026 05 20 19:21:14.950345,334
,343
,342
,346
,349
,352
,342
,343
,349
,343
,333
,332
,328
,324
2026 05 20 19:21:15.012534,318
,325
,329
,326
,329
,339
,345
,337
,343
,351
,341
,329
,332
,327
2026 05 20 19:21:15.077920,309
,301
,311
,315
,309
,316
,323
,321
,314
,320
,330
,319
,312
,318
2026 05 20 19:21:15.139946,317
,308
,302
,311
,300
,297
,304
,310
,301
,302
,311
,314
,308
,297
2026 05 20 19:21:15.200382,313
,309
,301
,301
,313
,304
,297
,306
,314
,305
,305
,309
,307
,296
2026 05 20 19:21:15.266530,304
,316
,312
,305
,317
,321
,311
,306
,317
,310
,305
,305
,314
,312
2026 05 20 19:21:15.327957,310
,318
,322
,312
,302
,309
,311
,300
,296
,304
,297
,302
,308
,315
2026 05 20 19:21:15.393189,305
,306
,319
,324
,311
,312
,323
,316
,307
,303
,309
,298
,291
,296
2026 05 20 19:21:15.455216,290
,289
,293
,300
,302
,297
,297
,315
,309
,310
,314
,321
,307
,307
2026 05 20 19:21:15.515899,314
,319
,304
,310
,320
,305
,298
,304
,314
,303
,297
,303
,309
,296
2026 05 20 19:21:15.581865,297
,309
,303
,294
,307
,313
,303
,313
,308
,312
,310
,306
,315
,314
2026 05 20 19:21:15.642961,305
,310
,316
,316
,313
,309
,318
,301
,297
,312
,312
,301
,305
,321
2026 05 20 19:21:15.708743,314
,315
,313
,321
,313
,307
,315
,316
,301
,302
,311
,310
,306
,312
2026 05 20 19:21:15.771211,322
,310
,306
,311
,316
,308
,310
,321
,321
,314
,320
,326
,323
,316
2026 05 20 19:21:15.831542,321
,332
,320
,321
,332
,336
,332
,331
,336
,325
,323
,326
,336
,332
2026 05 20 19:21:15.896534,327
,337
,340
,324
,320
,337
,334
,326
,331
,339
,330
,332
,332
,339
2026 05 20 19:21:15.958040,334
,329
,339
,334
,330
,333
,339
,332
,327
,330
,336
,320
,323
,337
2026 05 20 19:21:16.023854,335
,324
,326
,333
,328
,325
,335
,342
,325
,322
,320
,326
,325
,323
2026 05 20 19:21:16.085798,332
,326
,321
,326
,336
,326
,321
,328
,322
,320
,317
,326
,326
,329
2026 05 20 19:21:16.147108,321
,328
,325
,326
,332
,334
,324
,321
,326
,330
,330
,328
,338
,333
2026 05 20 19:21:16.211804,325
,330
,341
,329
,326
,330
,332
,337
,327
,335
,334
,327
,334
,358
2026 05 20 19:21:16.273555,338
,335
,340
,337
,332
,331
,346
,342
,336
,335
,346
,342
,329
,337
2026 05 20 19:21:16.339749,340
,326
,324
,332
,332
,326
,327
,339
,329
,321
,334
,341
,329
,331
2026 05 20 19:21:16.400350,338
,338
,329
,329
,337
,329
,322
,331
,333
,328
,329
,336
,336
,333
2026 05 20 19:21:16.462580,334
,350
,341
,338
,339
,344
,338
,330
,335
,340
,328
,327
,339
,341
2026 05 20 19:21:16.528035,337
,339
,349
,337
,332
,335
,339
,326
,326
,335
,337
,329
,330
,339
2026 05 20 19:21:16.588912,335
,327
,335
,340
,328
,329
,334
,335
,332
,331
,343
,337
,330
,339
2026 05 20 19:21:16.654348,349
,339
,336
,338
,344
,340
,341
,358
,354
,341
,342
,351
,339
,332
2026 05 20 19:21:16.716133,341
,346
,337
,339
,348
,344
,332
,330
,343
,336
,334
,340
,344
,335
2026 05 20 19:21:16.777147,332
,337
,340
,330
,329
,339
,336
,330
,334
,344
,341
,335
,339
,345
2026 05 20 19:21:16.843824,331
,331
,343
,337
,333
,334
,348
,340
,339
,340
,348
,337
,336
,345
2026 05 20 19:21:16.904081,350
,345
,349
,360
,352
,347
,349
,363
,356
,355
,356
,361
,350
,345
2026 05 20 19:21:16.970151,355
,354
,337
,343
,359
,346
,343
,350
,356
,347
,341
,358
,352
,340
2026 05 20 19:21:17.032090,342
,352
,342
,335
,341
,345
,336
,333
,346
,342
,342
,343
,351
,344
2026 05 20 19:21:17.093395,338
,347
,354
,337
,340
,346
,341
,331
,337
,346
,342
,339
,339
,348
2026 05 20 19:21:17.158582,345
,339
,346
,348
,337
,339
,355
,358
,347
,353
,360
,350
,342
,349
2026 05 20 19:21:17.220157,351
,343
,344
,351
,346
,339
,334
,343
,341
,339
,347
,353
,345
,344
2026 05 20 19:21:17.285274,354
,358
,347
,345
,358
,348
,339
,344
,350
,343
,337
,344
,353
,337
2026 05 20 19:21:17.346371,344
,359
,358
,353
,356
,368
,361
,351
,360
,365
,349
,348
,355
,357
2026 05 20 19:21:17.408376,349
,352
,359
,350
,336
,346
,353
,345
,351
,354
,356
,345
,349
,351
2026 05 20 19:21:17.474098,345
,335
,337
,350
,343
,345
,349
,345
,337
,337
,346
,347
,343
,346
2026 05 20 19:21:17.535339,353
,352
,357
,362
,364
,349
,345
,359
,354
,341
,344
,356
,348
,343
2026 05 20 19:21:17.601253,355
,362
,353
,352
,358
,358
,345
,343
,352
,344
,340
,351
,357
,347
2026 05 20 19:21:17.663029,350
,359
,362
,350
,352
,364
,359
,348
,348
,359
,347
,344
,356
,362
2026 05 20 19:21:17.723470,356
,354
,358
,353
,343
,344
,350
,346
,340
,349
,362
,348
,343
,359
2026 05 20 19:21:17.789499,357
,348
,348
,361
,358
,351
,359
,365
,357
,351
,353
,360
,341
,338
2026 05 20 19:21:17.851107,351
,347
,341
,351
,365
,354
,353
,359
,356
,348
,345
,357
,358
,346
2026 05 20 19:21:17.916476,344
,356
,349
,345
,354
,363
,352
,349
,361
,359
,349
,352
,363
,358
2026 05 20 19:21:17.978200,355
,360
,366
,347
,345
,354
,353
,336
,335
,346
,349
,341
,351
,357
2026 05 20 19:21:18.038994,348
,348
,354
,355
,347
,345
,356
,354
,346
,349
,359
,352
,344
,348
2026 05 20 19:21:18.104760,358
,348
,342
,352
,350
,336
,343
,358
,355
,349
,351
,357
,346
,347
2026 05 20 19:21:18.166410,350
,352
,343
,344
,362
,361
,353
,348
,360
,349
,347
,357
,356
,350
2026 05 20 19:21:18.231574,348
,359
,354
,343
,344
,352
,348
,342
,345
,353
,344
,345
,349
,353
2026 05 20 19:21:18.293205,339
,339
,353
,347
,347
,351
,359
,347
,345
,350
,355
,340
,340
,348
2026 05 20 19:21:18.355033,344
,339
,342
,356
,344
,340
,351
,353
,346
,347
,356
,360
,352
,353
2026 05 20 19:21:18.421241,359
,347
,340
,343
,354
,339
,335
,343
,349
,345
,342
,354
,351
,344
2026 05 20 19:21:18.481818,349
,355
,337
,339
,348
,346
,337
,342
,356
,350
,343
,348
,361
,354
2026 05 20 19:21:18.547196,350
,354
,357
,351
,353
,357
,353
,340
,338
,352
,345
,345
,350
,360
2026 05 20 19:21:18.608702,350
,350
,357
,358
,348
,351
,362
,355
,344
,350
,360
,350
,345
,355
2026 05 20 19:21:18.670835,359
,345
,353
,362
,361
,354
,361
,373
,359
,356
,366
,367
,360
,358
2026 05 20 19:21:18.737520,366
,364
,364
,358
,371
,363
,356
,360
,369
,360
,356
,365
,365
,352
2026 05 20 19:21:18.797646,358
,370
,362
,350
,356
,363
,349
,347
,354
,362
,351
,355
,365
,356
2026 05 20 19:21:18.857537,354
,358
,368
,352
,347
,359
,364
,355
,354
,365
,363
,355
,351
,361
2026 05 20 19:21:18.924084,359
,351
,352
,361
,351
,350
,361
,359
,352
,354
,366
,355
,358
,361
2026 05 20 19:21:18.989242,372
,363
,362
,365
,363
,347
,350
,360
,359
,350
,354
,366
,353
,353
2026 05 20 19:21:19.049789,361
,362
,347
,351
,364
,368
,366
,365
,369
,360
,359
,364
,370
,361
2026 05 20 19:21:19.112605,358
,369
,368
,355
,360
,364
,361
,358
,364
,368
,355
,359
,362
,368
2026 05 20 19:21:19.173027,359
,362
,369
,364
,357
,363
,376
,360
,361
,368
,369
,353
,351
,362
2026 05 20 19:21:19.239138,360
,355
,357
,363
,357
,360
,370
,375
,368
,365
,368
,365
,361
,363
2026 05 20 19:21:19.300810,373
,367
,364
,370
,376
,365
,369
,379
,378
,370
,376
,388
,376
,371
2026 05 20 19:21:19.366220,372
,379
,369
,368
,374
,378
,360
,369
,375
,371
,368
,372
,383
,375
2026 05 20 19:21:19.427614,373
,379
,378
,367
,364
,370
,365
,361
,362
,372
,360
,360
,368
,367
2026 05 20 19:21:19.491232,354
,352
,355
,357
,340
,344
,358
,347
,341
,347
,354
,345
,341
,354
2026 05 20 19:21:19.553971,357
,345
,344
,355
,354
,343
,348
,358
,349
,344
,350
,353
,347
,344
2026 05 20 19:21:19.615825,355
,358
,353
,352
,364
,357
,351
,353
,359
,352
,350
,362
,364
,351
2026 05 20 19:21:19.681762,354
,370
,363
,354
,356
,364
,352
,350
,360
,368
,355
,358
,368
,368
2026 05 20 19:21:19.743408,362
,364
,369
,360
,354
,365
,371
,364
,355
,368
,367
,354
,353
,371
2026 05 20 19:21:19.804001,367
,366
,366
,370
,353
,353
,359
,357
,351
,350
,364
,365
,360
,357
2026 05 20 19:21:19.869244,369
,356
,354
,363
,359
,352
,357
,367
,361
,354
,350
,366
,353
,354
2026 05 20 19:21:19.931307,363
,372
,354
,352
,358
,356
,345
,352
,362
,354
,344
,357
,360
,353
2026 05 20 19:21:19.997171,348
,365
,368
,353
,349
,366
,358
,353
,353
,362
,355
,350
,363
,368
2026 05 20 19:21:20.058682,358
,363
,373
,364
,357
,356
,369
,362
,355
,360
,367
,356
,355
,368
2026 05 20 19:21:20.119914,369
,360
,355
,367
,357
,351
,361
,364
,356
,349
,358
,363
,352
,353
2026 05 20 19:21:20.185195,364
,357
,353
,357
,371
,359
,357
,370
,366
,360
,359
,371
,365
,359
2026 05 20 19:21:20.246556,361
,370
,360
,356
,360
,364
,353
,353
,357
,354
,353
,353
,363
,356
2026 05 20 19:21:20.312484,352
,356
,359
,352
,353
,357
,357
,349
,347
,361
,357
,352
,354
,362
2026 05 20 19:21:20.374161,352
,350
,357
,352
,340
,345
,355
,349
,346
,347
,357
,349
,342
,345
2026 05 20 19:21:20.437313,354
,346
,344
,357
,356
,343
,353
,364
,350
,349
,361
,365
,351
,345
2026 05 20 19:21:20.501264,361
,359
,349
,347
,359
,354
,349
,354
,363
,352
,353
,363
,365
,353
2026 05 20 19:21:20.561786,355
,366
,360
,353
,350
,359
,348
,350
,358
,366
,352
,354
,365
,360
2026 05 20 19:21:20.627872,350
,351
,360
,350
,349
,355
,363
,346
,348
,360
,359
,346
,349
,358
2026 05 20 19:21:20.689438,353
,352
,362
,366
,354
,345
,355
,363
,356
,353
,359
,355
,349
,349
2026 05 20 19:21:20.750556,358
,347
,338
,353
,359
,348
,347
,358
,358
,354
,351
,358
,350
,351
2026 05 20 19:21:20.816270,360
,359
,354
,353
,362
,362
,352
,352
,360
,354
,351
,353
,360
,352
2026 05 20 19:21:20.876991,348
,355
,357
,351
,346
,354
,349
,343
,344
,352
,344
,340
,355
,351
2026 05 20 19:21:20.943931,341
,345
,355
,352
,344
,346
,357
,347
,348
,357
,363
,348
,349
,357
2026 05 20 19:21:21.004790,365
,354
,353
,360
,352
,346
,350
,355
,342
,343
,354
,353
,345
,344
2026 05 20 19:21:21.065764,355
,356
,345
,349
,359
,352
,345
,350
,351
,348
,345
,359
,356
,349
2026 05 20 19:21:21.131721,350
,351
,343
,341
,348
,347
,338
,339
,350
,346
,337
,340
,353
,351
2026 05 20 19:21:21.193182,338
,349
,359
,342
,344
,351
,352
,346
,347
,351
,350
,343
,348
,360
2026 05 20 19:21:21.257612,351
,353
,359
,363
,347
,346
,356
,353
,344
,348
,352
,346
,353
,359
2026 05 20 19:21:21.320128,359
,349
,350
,365
,363
,352
,352
,363
,352
,349
,357
,361
,345
,346
2026 05 20 19:21:21.381120,357
,361
,354
,353
,368
,360
,350
,355
,365
,354
,353
,364
,371
,356
2026 05 20 19:21:21.447225,355
,367
,368
,356
,358
,369
,363
,358
,362
,368
,353
,347
,361
,361
2026 05 20 19:21:21.508080,360
,366
,374
,366
,357
,368
,371
,358
,365
,381
,374
,362
,357
,362
2026 05 20 19:21:21.573550,359
,352
,349
,357
,348
,347
,358
,356
,346
,345
,361
,357
,354
,357
2026 05 20 19:21:21.636007,364
,355
,350
,358
,356
,352
,354
,357
,356
,350
,348
,354
,340
,333
2026 05 20 19:21:21.696214,345
,357
,346
,340
,354
,357
,346
,343
,354
,350
,341
,341
,354
,348
2026 05 20 19:21:21.762715,348
,359
,361
,348
,345
,362
,359
,354
,355
,367
,351
,346
,356
,358
2026 05 20 19:21:21.824113,344
,348
,365
,358
,352
,349
,360
,350
,345
,349
,362
,347
,349
,361
2026 05 20 19:21:21.889384,367
,357
,356
,365
,355
,350
,353
,360
,343
,343
,351
,353
,340
,340
2026 05 20 19:21:21.951178,356
,349
,348
,352
,362
,353
,346
,350
,355
,339
,341
,355
,356
,348
2026 05 20 19:21:22.011972,350
,361
,351
,345
,353
,357
,343
,346
,356
,355
,346
,350
,356
,349
2026 05 20 19:21:22.077825,339
,347
,358
,348
,344
,352
,355
,348
,351
,361
,356
,346
,361
,371
2026 05 20 19:21:22.139248,358
,356
,363
,363
,348
,348
,360
,356
,351
,357
,365
,358
,354
,361
2026 05 20 19:21:22.204236,367
,349
,349
,361
,362
,349
,350
,352
,350
,346
,345
,357
,349
,341
2026 05 20 19:21:22.265977,354
,355
,338
,344
,352
,347
,341
,346
,354
,340
,334
,346
,348
,337
2026 05 20 19:21:22.326935,336
,344
,350
,336
,343
,352
,342
,341
,347
,358
,343
,343
,358
,362
2026 05 20 19:21:22.393306,347
,351
,364
,356
,350
,349
,367
,353
,350
,354
,363
,350
,351
,361
2026 05 20 19:21:22.454699,352
,349
,351
,365
,359
,354
,359
,361
,353
,351
,358
,350
,344
,352
2026 05 20 19:21:22.516754,366
,358
,353
,359
,362
,352
,354
,363
,353
,347
,341
,351
,353
,342
2026 05 20 19:21:22.580757,350
,355
,349
,353
,358
,356
,343
,343
,355
,353
,348
,349
,359
,350
2026 05 20 19:21:22.642505,352
,355
,360
,346
,345
,357
,356
,348
,351
,358
,342
,346
,352
,352
2026 05 20 19:21:22.708638,347
,348
,354
,347
,340
,344
,352
,350
,352
,352
,353
,342
,343
,356
2026 05 20 19:21:22.769318,355
,347
,350
,362
,354
,349
,347
,348
,343
,340
,348
,356
,350
,344
2026 05 20 19:21:22.831581,357
,349
,342
,347
,353
,346
,343
,355
,360
,345
,347
,352
,352
,351
2026 05 20 19:21:22.897033,347
,356
,351
,344
,349
,351
,341
,336
,353
,356
,351
,347
,356
,354
2026 05 20 19:21:22.958952,345
,349
,356
,353
,345
,347
,348
,339
,341
,363
,353
,341
,340
,354
2026 05 20 19:21:23.023996,336
,335
,339
,352
,335
,339
,351
,343
,333
,338
,356
,351
,345
,354
2026 05 20 19:21:23.085484,352
,344
,353
,363
,364
,346
,350
,359
,351
,346
,350
,353
,337
,350
2026 05 20 19:21:23.146604,360
,365
,349
,361
,365
,359
,348
,357
,367
,346
,340
,348
,350
,339
2026 05 20 19:21:23.212531,332
,342
,351
,343
,340
,347
,337
,346
,344
,352
,351
,345
,353
,355
2026 05 20 19:21:23.273455,345
,348
,357
,348
,340
,347
,355
,346
,338
,344
,347
,339
,337
,352
2026 05 20 19:21:23.339496,354
,335
,337
,351
,344
,337
,352
,358
,344
,339
,351
,342
,337
,340
2026 05 20 19:21:23.400871,351
,341
,334
,339
,347
,334
,330
,338
,336
,323
,323
,339
,329
,319
2026 05 20 19:21:23.462080,329
,335
,325
,323
,336
,342
,336
,339
,351
,347
,340
,344
,350
,339
2026 05 20 19:21:23.527768,344
,348
,347
,338
,333
,345
,345
,335
,337
,345
,342
,343
,351
,361
2026 05 20 19:21:23.588277,348
,336
,351
,352
,344
,352
,364
,353
,349
,354
,370
,354
,350
,360
2026 05 20 19:21:23.654677,364
,353
,353
,364
,357
,350
,354
,363
,353
,349
,355
,360
,348
,348
2026 05 20 19:21:23.716214,356
,358
,344
,343
,349
,345
,343
,348
,354
,342
,349
,359
,364
,355
2026 05 20 19:21:23.777439,357
,366
,357
,346
,347
,359
,348
,348
,357
,360
,350
,355
,363
,358
2026 05 20 19:21:23.843174,348
,351
,362
,354
,353
,360
,363
,353
,353
,355
,354
,347
,348
,362
2026 05 20 19:21:23.905487,356
,353
,359
,359
,347
,348
,359
,358
,351
,349
,361
,359
,353
,352
2026 05 20 19:21:23.970302,356
,345
,344
,350
,361
,353
,348
,360
,357
,351
,358
,366
,359
,361
2026 05 20 19:21:24.030325,364
,368
,355
,357
,362
,362
,348
,349
,361
,351
,349
,353
,358
,351
2026 05 20 19:21:24.092680,350
,360
,361
,352
,356
,363
,357
,351
,351
,350
,343
,347
,350
,349
2026 05 20 19:21:24.158958,341
,339
,345
,346
,339
,347
,353
,342
,341
,350
,352
,341
,341
,348
2026 05 20 19:21:24.220336,350
,344
,348
,355
,351
,349
,358
,360
,346
,346
,359
,352
,347
,348
2026 05 20 19:21:24.289215,354
,350
,346
,346
,353
,349
,349
,354
,357
,346
,347
,359
,356
,349
2026 05 20 19:21:24.347131,359
,365
,348
,347
,358
,358
,345
,345
,356
,354
,349
,350
,359
,355
2026 05 20 19:21:24.407427,349
,356
,356
,349
,344
,356
,354
,348
,348
,353
,348
,348
,354
,363
2026 05 20 19:21:24.474220,353
,353
,363
,361
,354
,354
,360
,351
,342
,347
,355
,344
,343
,351
2026 05 20 19:21:24.535417,352
,341
,341
,347
,342
,340
,343
,356
,349
,350
,357
,367
,355
,357
2026 05 20 19:21:24.600796,359
,351
,335
,337
,351
,339
,332
,334
,342
,335
,334
,345
,348
,342
2026 05 20 19:21:24.662084,347
,358
,356
,352
,354
,362
,354
,351
,359
,357
,348
,352
,364
,355
2026 05 20 19:21:24.723498,345
,347
,356
,349
,346
,346
,351
,346
,350
,357
,359
,351
,353
,363
2026 05 20 19:21:24.789314,356
,351
,358
,364
,352
,353
,357
,358
,350
,348
,357
,358
,351
,352
2026 05 20 19:21:24.850333,359
,352
,346
,352
,359
,347
,343
,352
,351
,341
,346
,356
,349
,346
2026 05 20 19:21:24.916215,349
,358
,354
,356
,365
,361
,348
,353
,363
,356
,352
,355
,356
,349
2026 05 20 19:21:24.977829,347
,355
,353
,346
,344
,350
,344
,353
,357
,362
,352
,351
,361
,361
2026 05 20 19:21:25.039258,348
,363
,372
,363
,354
,352
,357
,348
,345
,351
,355
,344
,348
,360
2026 05 20 19:21:25.104957,357
,351
,354
,363
,352
,354
,363
,360
,355
,352
,353
,343
,331
,333
2026 05 20 19:21:25.165714,344
,341
,340
,344
,353
,341
,342
,351
,352
,346
,348
,358
,358
,351
2026 05 20 19:21:25.231651,351
,360
,349
,351
,357
,357
,345
,344
,358
,355
,351
,355
,363
,360
2026 05 20 19:21:25.293093,355
,360
,371
,356
,351
,357
,358
,349
,354
,363
,359
,359
,357
,359
2026 05 20 19:21:25.354145,350
,346
,356
,358
,345
,350
,359
,361
,356
,358
,364
,355
,351
,357
2026 05 20 19:21:25.419899,358
,348
,345
,356
,358
,349
,353
,366
,359
,354
,359
,362
,350
,348
2026 05 20 19:21:25.480982,355
,349
,347
,349
,358
,349
,344
,345
,354
,345
,344
,354
,357
,343
2026 05 20 19:21:25.547006,346
,354
,344
,341
,343
,354
,347
,348
,346
,348
,338
,339
,350
,349
2026 05 20 19:21:25.607669,337
,338
,347
,338
,334
,340
,340
,332
,335
,347
,346
,341
,344
,353
2026 05 20 19:21:25.669539,348
,343
,346
,356
,339
,337
,350
,350
,339
,345
,359
,352
,347
,349
2026 05 20 19:21:25.735390,355
,347
,347
,355
,358
,356
,356
,362
,360
,353
,352
,358
,353
,348
2026 05 20 19:21:25.796770,356
,357
,350
,351
,364
,359
,350
,349
,355
,352
,348
,353
,357
,350
2026 05 20 19:21:25.862377,351
,361
,364
,352
,350
,358
,350
,344
,343
,351
,346
,347
,355
,360
2026 05 20 19:21:25.924214,349
,360
,368
,366
,359
,361
,367
,354
,345
,354
,348
,339
,344
,352
2026 05 20 19:21:25.984632,357
,351
,356
,370
,363
,357
,358
,358
,344
,342
,353
,353
,344
,342
2026 05 20 19:21:26.050566,358
,352
,343
,345
,347
,340
,343
,351
,356
,348
,350
,361
,358
,351
2026 05 20 19:21:26.112085,359
,367
,355
,347
,353
,354
,341
,341
,349
,345
,335
,334
,342
,333
2026 05 20 19:21:26.177497,331
,339
,345
,335
,336
,347
,350
,338
,341
,352
,344
,341
,342
,348
2026 05 20 19:21:26.239029,341
,341
,348
,349
,336
,335
,351
,346
,338
,342
,352
,344
,339
,346
2026 05 20 19:21:26.300734,355
,345
,346
,356
,351
,345
,349
,359
,349
,347
,353
,359
,345
,345
2026 05 20 19:21:26.366067,356
,356
,346
,349
,357
,353
,351
,353
,360
,351
,348
,351
,354
,344
2026 05 20 19:21:26.427838,342
,354
,355
,351
,355
,363
,355
,349
,360
,363
,351
,350
,353
,348
2026 05 20 19:21:26.492915,341
,347
,351
,349
,352
,360
,365
,354
,360
,363
,360
,354
,352
,359
2026 05 20 19:21:26.555409,350
,342
,345
,353
,340
,342
,344
,352
,346
,349
,358
,356
,350
,353
2026 05 20 19:21:26.616080,366
,353
,350
,357
,361
,350
,349
,357
,351
,345
,348
,358
,353
,347
2026 05 20 19:21:26.681602,352
,359
,349
,344
,350
,348
,335
,335
,350
,344
,340
,345
,355
,349
2026 05 20 19:21:26.743167,349
,354
,355
,344
,346
,355
,348
,343
,344
,357
,344
,344
,349
,355
2026 05 20 19:21:26.804443,342
,346
,356
,354
,345
,347
,358
,354
,349
,354
,360
,345
,345
,356
2026 05 20 19:21:26.870056,362
,351
,350
,357
,349
,351
,354
,360
,346
,344
,347
,350
,340
,342
2026 05 20 19:21:26.931400,357
,351
,345
,352
,363
,353
,349
,357
,365
,351
,353
,361
,356
,348
2026 05 20 19:21:26.997182,351
,354
,343
,338
,344
,352
,343
,340
,349
,347
,338
,340
,353
,347
2026 05 20 19:21:27.058503,344
,348
,349
,344
,341
,348
,350
,344
,346
,358
,353
,343
,349
,358
2026 05 20 19:21:27.119363,351
,347
,356
,355
,345
,347
,356
,351
,345
,352
,359
,353
,354
,358
2026 05 20 19:21:27.184798,363
,350
,351
,360
,356
,344
,348
,357
,353
,351
,358
,365
,354
,354
2026 05 20 19:21:27.246589,365
,363
,353
,349
,365
,358
,352
,353
,365
,358
,357
,361
,360
,349
2026 05 20 19:21:27.311479,352
,369
,360
,353
,351
,360
,349
,348
,354
,356
,342
,342
,352
,355
2026 05 20 19:21:27.373841,346
,350
,363
,355
,348
,352
,357
,345
,337
,343
,342
,334
,338
,346
2026 05 20 19:21:27.434520,351
,346
,349
,355
,342
,341
,345
,350
,340
,341
,348
,346
,341
,354
2026 05 20 19:21:27.500877,356
,351
,348
,355
,362
,349
,348
,360
,354
,348
,350
,354
,351
,342
2026 05 20 19:21:27.561777,347
,357
,343
,348
,353
,356
,344
,350
,359
,351
,350
,354
,361
,347
2026 05 20 19:21:27.627645,350
,356
,359
,349
,354
,362
,355
,348
,352
,358
,346
,342
,351
,358
2026 05 20 19:21:27.689617,347
,345
,361
,362
,354
,355
,365
,355
,351
,355
,359
,348
,350
,353
2026 05 20 19:21:27.750410,351
,338
,336
,351
,341
,342
,346
,356
,345
,347
,352
,354
,343
,344
2026 05 20 19:21:27.815930,353
,350
,345
,349
,360
,355
,351
,361
,367
,355
,358
,366
,366
,348
2026 05 20 19:21:27.877024,348
,357
,345
,341
,342
,347
,343
,345
,354
,359
,347
,345
,356
,353
2026 05 20 19:21:27.943038,348
,352
,359
,345
,342
,351
,346
,341
,342
,353
,350
,343
,349
,357
2026 05 20 19:21:28.004662,348
,346
,353
,358
,349
,350
,362
,362
,355
,354
,360
,349
,340
,344
2026 05 20 19:21:28.065528,351
,342
,350
,353
,354
,344
,347
,352
,345
,336
,346
,352
,348
,348
2026 05 20 19:21:28.131518,355
,356
,349
,353
,365
,359
,348
,346
,354
,342
,340
,346
,350
,341
2026 05 20 19:21:28.192803,342
,352
,353
,341
,342
,350
,339
,330
,337
,354
,345
,347
,357
,355
2026 05 20 19:21:28.258235,345
,352
,362
,356
,346
,350
,357
,346
,346
,351
,354
,342
,344
,353
2026 05 20 19:21:28.319909,349
,339
,344
,351
,345
,343
,354
,358
,348
,351
,359
,352
,342
,342
2026 05 20 19:21:28.381030,353
,339
,336
,340
,346
,335
,336
,349
,347
,334
,339
,354
,350
,349
2026 05 20 19:21:28.446308,353
,366
,358
,352
,363
,353
,343
,342
,353
,346
,336
,345
,353
,348
2026 05 20 19:21:28.507574,345
,350
,355
,343
,340
,352
,351
,342
,346
,363
,353
,345
,352
,357
2026 05 20 19:21:28.573621,345
,352
,359
,354
,343
,347
,360
,354
,348
,352
,366
,354
,355
,356
2026 05 20 19:21:28.635411,358
,348
,350
,356
,355
,349
,353
,363
,350
,345
,350
,359
,345
,351
2026 05 20 19:21:28.696399,362
,364
,353
,357
,364
,353
,345
,352
,354
,342
,343
,352
,356
,345
2026 05 20 19:21:28.761222,352
,369
,365
,363
,362
,372
,363
,360
,366
,359
,347
,342
,353
,355
2026 05 20 19:21:28.823856,342
,347
,359
,349
,342
,350
,350
,344
,351
,359
,362
,352
,351
,361
2026 05 20 19:21:28.889282,353
,352
,354
,357
,349
,346
,355
,354
,344
,343
,353
,346
,338
,347
2026 05 20 19:21:28.950656,358
,346
,345
,355
,357
,346
,348
,361
,357
,350
,357
,361
,352
,350
2026 05 20 19:21:29.011905,359
,362
,346
,348
,360
,364
,352
,358
,367
,356
,356
,362
,364
,350
2026 05 20 19:21:29.077791,348
,357
,355
,344
,348
,359
,355
,348
,352
,360
,349
,346
,360
,362
2026 05 20 19:21:29.139127,343
,347
,356
,353
,344
,346
,355
,343
,343
,353
,355
,345
,343
,355
2026 05 20 19:21:29.204683,353
,349
,351
,356
,354
,348
,352
,359
,344
,344
,355
,360
,353
,357
2026 05 20 19:21:29.266048,365
,360
,357
,357
,361
,352
,346
,355
,355
,348
,349
,359
,354
,346
2026 05 20 19:21:29.327927,351
,360
,351
,344
,354
,358
,344
,346
,356
,358
,348
,352
,359
,350
2026 05 20 19:21:29.392145,350
,357
,357
,346
,349
,354
,355
,351
,350
,356
,352
,345
,353
,366
2026 05 20 19:21:29.453914,356
,355
,365
,365
,356
,352
,362
,357
,351
,360
,367
,352
,353
,360
2026 05 20 19:21:29.519510,365
,354
,358
,365
,359
,355
,359
,366
,358
,357
,365
,370
,357
,354
2026 05 20 19:21:29.581291,362
,358
,346
,343
,353
,346
,345
,352
,359
,349
,356
,363
,367
,359
2026 05 20 19:21:29.642234,360
,366
,367
,365
,355
,357
,349
,346
,345
,351
,344
,344
,352
,352
2026 05 20 19:21:29.708059,348
,345
,351
,346
,344
,343
,348
,346
,347
,350
,354
,345
,345
,351
2026 05 20 19:21:29.769424,350
,346
,353
,361
,353
,351
,353
,356
,347
,350
,353
,353
,350
,351
2026 05 20 19:21:29.834635,356
,348
,348
,353
,358
,355
,351
,359
,363
,349
,354
,361
,357
,353
2026 05 20 19:21:29.897344,358
,364
,357
,357
,361
,360
,350
,356
,359
,354
,350
,354
,363
,360
2026 05 20 19:21:29.957881,358
,370
,369
,358
,355
,365
,363
,356
,364
,370
,356
,352
,357
,356
2026 05 20 19:21:30.023825,349
,349
,359
,357
,351
,353
,363
,356
,350
,360
,365
,354
,354
,357
2026 05 20 19:21:30.087119,355
,356
,353
,361
,357
,349
,352
,359
,347
,353
,355
,354
,345
,348
2026 05 20 19:21:30.150613,355
,344
,339
,348
,354
,343
,344
,344
,348
,343
,341
,348
,342
,336
2026 05 20 19:21:30.212129,342
,351
,341
,340
,344
,351
,341
,344
,352
,356
,344
,348
,359
,350
2026 05 20 19:21:30.273543,349
,354
,366
,349
,348
,358
,357
,344
,348
,358
,345
,348
,357
,363
2026 05 20 19:21:30.338951,353
,355
,362
,364
,350
,351
,364
,358
,349
,352
,363
,352
,357
,364
2026 05 20 19:21:30.402395,367
,359
,360
,363
,360
,350
,348
,355
,346
,339
,346
,356
,347
,346
2026 05 20 19:21:30.465424,358
,353
,343
,351
,356
,350
,350
,356
,360
,350
,350
,363
,360
,346
2026 05 20 19:21:30.527624,345
,357
,351
,343
,346
,354
,346
,347
,353
,354
,343
,350
,354
,353
2026 05 20 19:21:30.588900,340
,346
,360
,354
,350
,358
,362
,350
,350
,351
,350
,340
,346
,356
2026 05 20 19:21:30.654716,347
,338
,346
,353
,337
,340
,348
,347
,340
,340
,353
,349
,345
,349
2026 05 20 19:21:30.715857,360
,350
,352
,352
,357
,347
,349
,354
,352
,341
,342
,353
,351
,343
2026 05 20 19:21:30.777400,347
,352
,340
,343
,353
,352
,342
,343
,350
,349
,346
,345
,358
,347
2026 05 20 19:21:30.842543,347
,347
,351
,342
,345
,358
,362
,350
,353
,366
,355
,349
,355
,356
2026 05 20 19:21:30.904164,348
,349
,356
,355
,351
,352
,358
,355
,353
,352
,364
,353
,351
,357
2026 05 20 19:21:30.970238,355
,347
,346
,357
,349
,341
,346
,350
,345
,340
,351
,353
,340
,347
2026 05 20 19:21:31.030825,357
,353
,347
,353
,360
,352
,343
,353
,353
,339
,344
,351
,347
,341
2026 05 20 19:21:31.092383,343
,352
,347
,347
,353
,365
,350
,347
,357
,355
,343
,351
,365
,354
2026 05 20 19:21:31.158622,354
,360
,367
,357
,356
,362
,364
,354
,353
,361
,356
,350
,349
,361
2026 05 20 19:21:31.220221,351
,346
,354
,359
,348
,345
,355
,350
,345
,346
,361
,354
,348
,354
2026 05 20 19:21:31.285261,362
,349
,350
,358
,360
,351
,352
,360
,361
,356
,359
,363
,353
,354
2026 05 20 19:21:31.347051,356
,356
,345
,350
,363
,365
,354
,356
,370
,360
,356
,362
,367
,357
2026 05 20 19:21:31.408262,362
,369
,367
,357
,360
,370
,362
,355
,356
,356
,344
,338
,347
,351
2026 05 20 19:21:31.473879,341
,348
,354
,349
,347
,353
,366
,354
,355
,357
,364
,351
,350
,357
2026 05 20 19:21:31.536562,356
,349
,353
,361
,355
,352
,357
,358
,352
,353
,365
,364
,354
,361
2026 05 20 19:21:31.604321,373
,368
,366
,362
,363
,359
,358
,363
,360
,351
,347
,362
,359
,350
2026 05 20 19:21:31.661660,355
,359
,352
,352
,354
,361
,352
,350
,360
,354
,349
,348
,353
,345
2026 05 20 19:21:31.723379,344
,351
,359
,350
,353
,359
,357
,348
,348
,361
,356
,350
,353
,359
2026 05 20 19:21:31.789161,350
,349
,356
,359
,350
,355
,367
,360
,356
,362
,368
,357
,357
,358
2026 05 20 19:21:31.850304,359
,358
,360
,368
,367
,355
,357
,369
,357
,356
,365
,372
,358
,359
2026 05 20 19:21:31.915761,359
,364
,350
,357
,363
,357
,353
,354
,358
,349
,345
,351
,348
,338
2026 05 20 19:21:31.977632,340
,351
,345
,345
,354
,363
,359
,356
,358
,362
,354
,359
,368
,361
2026 05 20 19:21:32.038287,356
,360
,368
,361
,359
,360
,362
,349
,352
,360
,353
,348
,352
,359
2026 05 20 19:21:32.104185,356
,351
,356
,358
,347
,344
,355
,354
,342
,348
,363
,357
,354
,358
2026 05 20 19:21:32.165504,368
,361
,357
,366
,369
,357
,354
,363
,357
,345
,346
,352
,341
,339
2026 05 20 19:21:32.231359,344
,350
,339
,344
,353
,352
,346
,344
,357
,351
,346
,349
,355
,341
2026 05 20 19:21:32.292594,339
,345
,343
,334
,335
,348
,343
,342
,352
,367
,355
,356
,360
,359
2026 05 20 19:21:32.354294,344
,344
,355
,356
,347
,348
,358
,349
,345
,350
,353
,348
,351
,360
2026 05 20 19:21:32.418887,358
,345
,351
,359
,353
,344
,356
,363
,350
,347
,351
,352
,346
,349
2026 05 20 19:21:32.480792,357
,353
,347
,351
,356
,348
,342
,351
,355
,348
,351
,359
,358
,349
2026 05 20 19:21:32.546567,355
,361
,349
,345
,352
,361
,349
,349
,352
,358
,352
,354
,363
,362
2026 05 20 19:21:32.607753,357
,358
,360
,347
,343
,348
,347
,340
,346
,353
,345
,339
,340
,346
2026 05 20 19:21:32.669117,336
,335
,348
,354
,348
,348
,354
,355
,345
,342
,353
,348
,348
,359
2026 05 20 19:21:32.735142,361
,351
,359
,369
,371
,360
,360
,369
,365
,359
,362
,366
,352
,353
2026 05 20 19:21:32.796393,367
,367
,357
,359
,367
,359
,356
,354
,359
,349
,346
,349
,350
,346
2026 05 20 19:21:32.861285,342
,352
,351
,341
,341
,353
,347
,348
,350
,353
,345
,345
,351
,352
2026 05 20 19:21:32.923574,346
,347
,353
,353
,348
,347
,351
,344
,347
,354
,356
,350
,352
,362
2026 05 20 19:21:32.985342,356
,347
,349
,356
,347
,343
,349
,352
,343
,347
,356
,355
,342
,345
2026 05 20 19:21:33.050496,357
,349
,350
,353
,362
,352
,353
,362
,363
,354
,355
,364
,359
,354
2026 05 20 19:21:33.111352,352
,357
,345
,342
,352
,358
,349
,351
,360
,358
,352
,354
,364
,356
2026 05 20 19:21:33.177319,354
,358
,370
,359
,354
,365
,363
,351
,353
,361
,356
,351
,358
,365
2026 05 20 19:21:33.239043,358
,353
,359
,360
,347
,353
,364
,360
,355
,366
,373
,366
,368
,375
2026 05 20 19:21:33.300564,381
,368
,366
,367
,355
,343
,343
,353
,343
,343
,350
,355
,343
,341
2026 05 20 19:21:33.365663,350
,356
,345
,350
,363
,353
,351
,350
,356
,354
,350
,353
,355
,349
2026 05 20 19:21:33.427338,350
,361
,357
,356
,358
,365
,355
,355
,361
,360
,348
,351
,361
,353
2026 05 20 19:21:33.492919,347
,352
,360
,348
,348
,351
,356
,357
,355
,364
,362
,354
,356
,360
2026 05 20 19:21:33.553821,356
,354
,357
,363
,352
,354
,360
,359
,344
,349
,363
,355
,348
,349
2026 05 20 19:21:33.615841,358
,349
,352
,357
,358
,349
,359
,361
,356
,346
,349
,353
,343
,348
2026 05 20 19:21:33.681299,348
,353
,343
,345
,352
,352
,339
,339
,352
,345
,344
,350
,356
,347
2026 05 20 19:21:33.742876,346
,352
,351
,344
,344
,354
,353
,350
,353
,360
,351
,349
,355
,350
2026 05 20 19:21:33.808291,350
,356
,361
,355
,351
,353
,360
,355
,358
,364
,365
,350
,354
,359
2026 05 20 19:21:33.871220,355
,342
,343
,354
,343
,343
,349
,355
,342
,346
,356
,357
,349
,347
2026 05 20 19:21:33.931391,362
,355
,348
,355
,363
,350
,345
,350
,351
,347
,353
,365
,358
,350
2026 05 20 19:21:33.996707,352
,359
,350
,348
,353
,356
,346
,350
,360
,358
,344
,348
,358
,352
2026 05 20 19:21:34.058257,349
,354
,359
,350
,351
,357
,355
,345
,344
,354
,350
,344
,347
,353
2026 05 20 19:21:34.123546,343
,343
,349
,353
,341
,346
,352
,348
,346
,344
,351
,345
,343
,348
2026 05 20 19:21:34.186606,350
,340
,340
,348
,345
,337
,336
,347
,342
,339
,346
,355
,347
,347
2026 05 20 19:21:34.246229,354
,354
,343
,341
,349
,347
,342
,349
,351
,342
,339
,347
,346
,338
2026 05 20 19:21:34.311344,342
,348
,345
,338
,337
,345
,341
,344
,349
,358
,348
,354
,359
,366
2026 05 20 19:21:34.373047,351
,353
,363
,353
,352
,356
,357
,347
,346
,352
,356
,343
,350
,355
2026 05 20 19:21:34.439203,351
,344
,347
,358
,344
,350
,357
,360
,349
,355
,364
,362
,355
,355
2026 05 20 19:21:34.500423,363
,351
,350
,356
,357
,347
,347
,358
,355
,347
,355
,364
,355
,356
2026 05 20 19:21:34.561283,360
,365
,356
,355
,362
,359
,352
,358
,362
,358
,351
,353
,357
,346
2026 05 20 19:21:34.627329,345
,354
,356
,349
,351
,360
,354
,345
,352
,360
,352
,350
,348
,351
2026 05 20 19:21:34.688741,335
,334
,346
,344
,332
,337
,346
,342
,345
,350
,356
,345
,348
,350
2026 05 20 19:21:34.753242,353
,340
,345
,345
,344
,338
,344
,351
,345
,343
,351
,352
,343
,347
2026 05 20 19:21:34.815444,358
,352
,342
,345
,352
,347
,346
,356
,366
,353
,352
,358
,357
,345
2026 05 20 19:21:34.876814,345
,350
,343
,336
,343
,354
,346
,344
,353
,351
,344
,348
,355
,346
2026 05 20 19:21:34.942123,337
,348
,353
,341
,337
,349
,347
,335
,341
,350
,349
,337
,343
,346
2026 05 20 19:21:35.004273,342
,344
,343
,349
,341
,340
,353
,353
,344
,347
,351
,350
,347
,356
2026 05 20 19:21:35.065765,358
,346
,346
,354
,357
,351
,349
,355
,355
,341
,343
,351
,337
,330
2026 05 20 19:21:35.133261,341
,346
,336
,342
,357
,354
,348
,352
,363
,351
,345
,351
,356
,345
2026 05 20 19:21:35.192728,344
,352
,345
,338
,339
,350
,341
,338
,351
,356
,352
,351
,358
,360
2026 05 20 19:21:35.258381,352
,354
,365
,354
,352
,353
,356
,348
,352
,357
,360
,349
,352
,360
2026 05 20 19:21:35.319303,353
,346
,349
,357
,345
,342
,353
,363
,351
,352
,362
,359
,346
,350
2026 05 20 19:21:35.382494,362
,355
,346
,350
,360
,350
,347
,353
,354
,343
,346
,353
,350
,342
2026 05 20 19:21:35.445819,343
,352
,344
,343
,350
,357
,343
,344
,358
,359
,347
,347
,358
,357
2026 05 20 19:21:35.508116,356
,359
,363
,353
,351
,357
,353
,338
,340
,352
,348
,343
,350
,358
2026 05 20 19:21:35.572998,351
,349
,357
,358
,347
,352
,358
,351
,346
,346
,355
,345
,347
,348
2026 05 20 19:21:35.634732,355
,346
,349
,360
,359
,349
,356
,366
,360
,355
,359
,364
,355
,354
2026 05 20 19:21:35.696504,355
,357
,349
,350
,363
,359
,352
,351
,359
,351
,346
,354
,360
,350
2026 05 20 19:21:35.761550,353
,363
,355
,346
,354
,364
,353
,350
,358
,361
,351
,348
,357
,355
2026 05 20 19:21:35.823156,349
,351
,359
,354
,349
,356
,359
,343
,342
,346
,346
,340
,343
,354
2026 05 20 19:21:35.887743,349
,344
,350
,357
,348
,345
,347
,351
,338
,342
,354
,349
,344
,343
2026 05 20 19:21:35.950444,353
,341
,337
,348
,353
,340
,339
,347
,346
,336
,340
,348
,347
,342
2026 05 20 19:21:36.011697,348
,352
,339
,338
,348
,351
,350
,352
,361
,355
,350
,350
,355
,347
2026 05 20 19:21:36.077446,348
,352
,358
,348
,351
,353
,350
,340
,343
,354
,344
,338
,348
,352
2026 05 20 19:21:36.139929,345
,343
,358
,354
,345
,350
,357
,354
,346
,348
,348
,339
,344
,352
2026 05 20 19:21:36.204404,352
,342
,347
,360
,352
,347
,351
,360
,352
,348
,351
,353
,347
,351
2026 05 20 19:21:36.265170,361
,356
,346
,350
,363
,355
,352
,354
,358
,352
,350
,359
,354
,344
2026 05 20 19:21:36.327369,345
,352
,342
,340
,343
,349
,343
,346
,353
,360
,349
,353
,360
,355
2026 05 20 19:21:36.392257,352
,356
,359
,347
,349
,351
,355
,342
,350
,356
,355
,347
,348
,355
2026 05 20 19:21:36.453898,355
,349
,354
,353
,348
,350
,353
,355
,350
,353
,361
,356
,355
,359
2026 05 20 19:21:36.521046,361
,353
,350
,358
,364
,357
,355
,364
,359
,353
,356
,360
,352
,349
2026 05 20 19:21:36.580744,355
,360
,351
,352
,361
,359
,351
,352
,359
,352
,347
,348
,352
,347
2026 05 20 19:21:36.642634,347
,364
,365
,354
,354
,359
,354
,348
,352
,361
,353
,354
,363
,363
2026 05 20 19:21:36.707825,357
,358
,371
,361
,357
,357
,366
,355
,357
,364
,369
,359
,358
,365
2026 05 20 19:21:36.769786,359
,356
,359
,368
,359
,351
,356
,359
,349
,356
,365
,363
,354
,355
2026 05 20 19:21:36.836791,365
,356
,347
,353
,364
,355
,359
,360
,364
,353
,352
,357
,350
,345
2026 05 20 19:21:36.896263,352
,361
,353
,343
,345
,356
,351
,353
,366
,365
,357
,355
,365
,356
2026 05 20 19:21:36.957609,350
,358
,361
,351
,352
,356
,354
,343
,347
,353
,347
,341
,346
,348
2026 05 20 19:21:37.023672,344
,348
,358
,362
,348
,351
,357
,351
,338
,339
,346
,338
,332
,341
2026 05 20 19:21:37.086588,352
,344
,350
,363
,358
,346
,352
,362
,353
,342
,346
,349
,337
,339
2026 05 20 19:21:37.153412,347
,354
,349
,348
,355
,348
,340
,340
,351
,341
,341
,349
,349
,338
2026 05 20 19:21:37.211264,344
,352
,345
,335
,338
,346
,344
,341
,348
,355
,346
,343
,347
,342
2026 05 20 19:21:37.273164,333
,336
,345
,338
,336
,342
,348
,343
,343
,351
,358
,349
,350
,357
2026 05 20 19:21:37.338996,354
,349
,351
,355
,349
,349
,350
,355
,340
,337
,343
,340
,335
,341
2026 05 20 19:21:37.400284,353
,347
,349
,356
,359
,351
,348
,353
,352
,338
,338
,346
,339
,333
2026 05 20 19:21:37.465727,334
,339
,328
,331
,345
,339
,328
,337
,347
,342
,338
,343
,354
,344
2026 05 20 19:21:37.528405,344
,348
,353
,343
,345
,354
,352
,342
,344
,348
,348
,340
,345
,351
2026 05 20 19:21:37.588317,344
,340
,346
,347
,337
,344
,351
,344
,335
,350
,357
,348
,343
,351
2026 05 20 19:21:37.654379,351
,341
,340
,349
,347
,341
,345
,355
,341
,340
,344
,347
,339
,343
2026 05 20 19:21:37.715921,355
,348
,341
,344
,350
,342
,346
,350
,358
,346
,347
,357
,355
,344
2026 05 20 19:21:37.780836,348
,353
,349
,341
,351
,356
,343
,339
,353
,358
,348
,353
,366
,363
2026 05 20 19:21:37.842161,359
,360
,366
,354
,349
,353
,357
,347
,351
,358
,350
,344
,343
,351
2026 05 20 19:21:37.904440,343
,345
,355
,360
,354
,350
,360
,360
,349
,348
,355
,347
,347
,348
2026 05 20 19:21:37.969535,355
,344
,341
,346
,347
,337
,342
,349
,349
,343
,346
,356
,349
,347
2026 05 20 19:21:38.030448,353
,365
,358
,358
,367
,363
,351
,352
,363
,353
,344
,347
,356
,341
2026 05 20 19:21:38.096629,345
,349
,353
,344
,346
,357
,347
,344
,350
,357
,350
,354
,358
,363
2026 05 20 19:21:38.157778,351
,351
,364
,359
,345
,347
,357
,348
,341
,350
,353
,346
,345
,355
2026 05 20 19:21:38.218869,353
,346
,349
,356
,354
,352
,352
,354
,345
,344
,356
,361
,350
,347
2026 05 20 19:21:38.284901,364
,358
,351
,352
,364
,354
,354
,362
,367
,353
,353
,361
,353
,349
2026 05 20 19:21:38.346292,353
,362
,356
,353
,358
,363
,355
,355
,366
,367
,350
,350
,355
,344
2026 05 20 19:21:38.411832,338
,347
,354
,349
,347
,354
,359
,348
,352
,361
,356
,348
,351
,359
2026 05 20 19:21:38.472783,347
,349
,351
,353
,342
,347
,354
,352
,346
,351
,362
,350
,350
,352
2026 05 20 19:21:38.535146,360
,348
,346
,357
,357
,342
,343
,356
,350
,348
,349
,354
,347
,345
2026 05 20 19:21:38.600136,353
,356
,349
,350
,358
,359
,353
,355
,360
,346
,351
,355
,365
,357
2026 05 20 19:21:38.661631,357
,368
,362
,351
,358
,369
,355
,357
,360
,372
,361
,353
,365
,362
2026 05 20 19:21:38.727955,355
,356
,364
,362
,351
,351
,360
,347
,347
,356
,355
,339
,342
,352
2026 05 20 19:21:38.788971,350
,341
,347
,358
,347
,347
,355
,363
,357
,362
,364
,358
,352
,348
2026 05 20 19:21:38.849817,357
,348
,342
,349
,358
,336
,338
,356
,360
,343
,347
,359
,351
,347
2026 05 20 19:21:38.915834,354
,361
,347
,351
,360
,370
,353
,350
,370
,361
,349
,353
,359
,348
2026 05 20 19:21:38.977605,346
,354
,360
,346
,346
,362
,355
,350
,353
,366
,358
,352
,356
,359
2026 05 20 19:21:39.037408,351
,351
,364
,368
,357
,354
,367
,363
,361
,368
,372
,358
,353
,366
2026 05 20 19:21:39.103767,361
,351
,355
,362
,356
,355
,360
,367
,360
,353
,365
,370
,363
,362
2026 05 20 19:21:39.165397,371
,366
,358
,359
,370
,361
,352
,354
,362
,347
,345
,355
,350
,334
2026 05 20 19:21:39.230493,340
,352
,353
,349
,351
,358
,351
,351
,363
,365
,353
,354
,369
,364
2026 05 20 19:21:39.292417,351
,350
,363
,351
,348
,357
,365
,358
,364
,375
,382
,375
,380
,389
2026 05 20 19:21:39.353827,381
,369
,374
,376
,366
,366
,375
,375
,367
,366
,375
,371
,363
,369
2026 05 20 19:21:39.419638,376
,368
,365
,366
,374
,368
,363
,370
,361
,354
,354
,350
,344
,336
2026 05 20 19:21:39.480609,339
,345
,340
,345
,350
,349
,341
,341
,354
,348
,342
,347
,351
,336
2026 05 20 19:21:39.546670,340
,352
,349
,337
,341
,350
,341
,337
,342
,348
,341
,341
,346
,353
2026 05 20 19:21:39.607437,339
,337
,350
,347
,344
,345
,358
,348
,343
,346
,346
,337
,339
,352
2026 05 20 19:21:39.669301,352
,342
,350
,362
,355
,347
,350
,358
,345
,348
,358
,361
,353
,352
2026 05 20 19:21:39.734498,355
,353
,349
,351
,362
,350
,351
,356
,361
,348
,351
,364
,357
,350
2026 05 20 19:21:39.796601,359
,367
,354
,346
,349
,353
,339
,342
,350
,349
,343
,347
,355
,349
2026 05 20 19:21:39.862051,341
,349
,356
,344
,347
,357
,358
,347
,347
,357
,352
,343
,345
,351
2026 05 20 19:21:39.923510,341
,340
,354
,356
,343
,350
,359
,357
,349
,354
,365
,352
,350
,357
2026 05 20 19:21:39.984512,358
,349
,346
,358
,355
,348
,350
,365
,355
,350
,350
,355
,343
,341
2026 05 20 19:21:40.050275,355
,356
,344
,349
,363
,359
,351
,354
,361
,362
,363
,368
,368
,349
2026 05 20 19:21:40.111514,350
,369
,363
,351
,351
,358
,348
,345
,352
,360
,350
,354
,367
,366
2026 05 20 19:21:40.177144,355
,355
,362
,354
,345
,346
,356
,345
,350
,359
,352
,345
,347
,361
2026 05 20 19:21:40.238846,358
,351
,353
,359
,350
,348
,357
,359
,349
,353
,366
,353
,346
,347
2026 05 20 19:21:40.300215,352
,346
,342
,353
,361
,342
,345
,355
,359
,346
,348
,359
,353
,348
2026 05 20 19:21:40.365791,350
,361
,350
,346
,356
,355
,338
,343
,357
,360
,350
,353
,366
,354
2026 05 20 19:21:40.426504,353
,364
,360
,341
,341
,347
,341
,329
,333
,344
,343
,337
,343
,347
2026 05 20 19:21:40.492143,341
,347
,353
,352
,341
,344
,355
,350
,346
,352
,358
,349
,347
,357
2026 05 20 19:21:40.554012,362
,348
,341
,354
,348
,345
,346
,357
,350
,353
,359
,362
,350
,351
2026 05 20 19:21:40.619800,360
,356
,351
,350
,362
,354
,351
,353
,361
,353
,352
,366
,367
,354
2026 05 20 19:21:40.680401,357
,370
,364
,358
,363
,368
,352
,352
,364
,362
,349
,348
,359
,355
2026 05 20 19:21:40.742630,355
,362
,376
,362
,355
,372
,375
,361
,355
,365
,366
,352
,361
,368
2026 05 20 19:21:40.807909,367
,358
,360
,368
,357
,359
,372
,371
,357
,362
,370
,361
,349
,354
2026 05 20 19:21:40.870298,364
,351
,348
,357
,363
,348
,351
,359
,359
,354
,358
,371
,360
,360
2026 05 20 19:21:40.931263,370
,374
,358
,355
,366
,365
,353
,358
,370
,362
,352
,356
,357
,343
2026 05 20 19:21:40.995819,349
,361
,356
,347
,348
,367
,363
,356
,363
,372
,359
,359
,370
,372
2026 05 20 19:21:41.057918,353
,348
,356
,350
,339
,343
,350
,344
,339
,349
,356
,340
,341
,352
2026 05 20 19:21:41.123578,352
,345
,350
,358
,349
,348
,351
,358
,344
,342
,349
,356
,343
,350
2026 05 20 19:21:41.185017,359
,350
,340
,349
,353
,347
,345
,362
,362
,354
,355
,367
,366
,355
2026 05 20 19:21:41.245747,357
,362
,353
,350
,353
,358
,348
,344
,360
,357
,350
,351
,358
,351
2026 05 20 19:21:41.310966,345
,350
,353
,341
,339
,346
,346
,338
,342
,357
,360
,346
,348
,354
2026 05 20 19:21:41.373468,341
,344
,353
,357
,350
,352
,360
,359
,352
,351
,358
,347
,344
,350
2026 05 20 19:21:41.439712,360
,342
,347
,354
,346
,338
,344
,356
,348
,345
,350
,358
,350
,354
2026 05 20 19:21:41.499974,362
,360
,349
,346
,359
,354
,341
,347
,354
,340
,342
,353
,358
,350
2026 05 20 19:21:41.561225,354
,364
,363
,355
,352
,356
,345
,345
,348
,352
,343
,342
,352
,350
2026 05 20 19:21:41.626881,339
,346
,355
,351
,344
,344
,357
,349
,351
,356
,356
,346
,346
,350
2026 05 20 19:21:41.687561,337
,332
,341
,350
,340
,342
,350
,357
,345
,350
,362
,358
,352
,354
2026 05 20 19:21:41.753577,364
,355
,343
,347
,350
,339
,335
,348
,347
,336
,334
,350
,352
,353
2026 05 20 19:21:41.815829,355
,364
,351
,357
,358
,360
,350
,342
,354
,348
,337
,337
,351
,338
2026 05 20 19:21:41.877000,336
,341
,352
,343
,346
,358
,350
,338
,333
,348
,334
,332
,341
,350
2026 05 20 19:21:41.942686,336
,342
,349
,349
,339
,342
,359
,349
,342
,349
,352
,342
,342
,349
2026 05 20 19:21:42.006651,350
,341
,344
,361
,356
,344
,344
,357
,347
,347
,352
,351
,338
,341
2026 05 20 19:21:42.068976,352
,349
,343
,345
,353
,342
,338
,341
,347
,337
,337
,346
,346
,334
2026 05 20 19:21:42.131120,343
,357
,351
,343
,358
,363
,353
,349
,352
,350
,338
,342
,354
,345
2026 05 20 19:21:42.192738,335
,340
,350
,342
,336
,343
,350
,340
,341
,353
,352
,342
,345
,357
2026 05 20 19:21:42.257859,357
,354
,365
,368
,351
,350
,359
,360
,346
,352
,360
,353
,349
,352
2026 05 20 19:21:42.321296,361
,353
,351
,358
,361
,352
,357
,366
,362
,355
,356
,367
,353
,350
2026 05 20 19:21:42.386562,361
,361
,345
,343
,357
,356
,345
,348
,360
,358
,352
,356
,357
,346
2026 05 20 19:21:42.446107,346
,360
,359
,347
,353
,367
,358
,354
,361
,368
,356
,356
,365
,365
2026 05 20 19:21:42.507521,352
,358
,366
,356
,348
,354
,369
,360
,355
,364
,371
,361
,361
,372
2026 05 20 19:21:42.573141,372
,363
,363
,376
,364
,361
,362
,370
,356
,355
,365
,361
,349
,355
2026 05 20 19:21:42.634808,370
,362
,356
,358
,367
,357
,352
,358
,363
,355
,353
,368
,362
,349
2026 05 20 19:21:42.699916,356
,365
,354
,348
,360
,365
,350
,348
,356
,358
,350
,354
,364
,359
2026 05 20 19:21:42.761459,354
,361
,361
,350
,350
,356
,355
,348
,351
,364
,358
,350
,356
,359
2026 05 20 19:21:42.823149,344
,346
,356
,360
,351
,350
,362
,360
,352
,354
,367
,355
,353
,359
2026 05 20 19:21:42.887628,364
,349
,352
,360
,356
,350
,351
,365
,359
,354
,359
,372
,357
,350
2026 05 20 19:21:42.950254,362
,358
,344
,350
,362
,356
,352
,355
,362
,350
,348
,349
,353
,338
2026 05 20 19:21:43.011190,344
,356
,357
,350
,353
,364
,353
,350
,366
,370
,356
,352
,363
,360
2026 05 20 19:21:43.076486,348
,350
,359
,351
,345
,353
,357
,339
,338
,345
,347
,334
,340
,348
2026 05 20 19:21:43.137478,345
,339
,344
,356
,349
,349
,353
,358
,346
,350
,352
,352
,341
,349
2026 05 20 19:21:43.204253,359
,348
,346
,355
,361
,350
,353
,357
,358
,353
,355
,364
,354
,353
2026 05 20 19:21:43.265279,359
,364
,351
,354
,362
,363
,348
,353
,363
,358
,346
,356
,362
,351
2026 05 20 19:21:43.326861,346
,360
,362
,349
,346
,366
,357
,344
,348
,355
,345
,334
,344
,352
2026 05 20 19:21:43.392163,345
,342
,348
,354
,346
,347
,357
,354
,344
,351
,358
,345
,347
,357
2026 05 20 19:21:43.454101,354
,342
,348
,357
,354
,348
,348
,354
,343
,339
,352
,350
,347
,351
2026 05 20 19:21:43.519701,359
,354
,345
,345
,355
,343
,341
,350
,355
,344
,343
,354
,352
,339
2026 05 20 19:21:43.580669,348
,357
,348
,350
,351
,356
,346
,343
,357
,358
,346
,343
,357
,350
2026 05 20 19:21:43.641976,338
,342
,351
,342
,342
,350
,356
,344
,343
,357
,351
,339
,341
,352
2026 05 20 19:21:43.707462,346
,350
,359
,363
,354
,358
,368
,365
,350
,349
,361
,354
,346
,349
2026 05 20 19:21:43.769149,354
,344
,341
,347
,350
,336
,339
,350
,350
,342
,345
,355
,344
,343
2026 05 20 19:21:43.834531,347
,354
,341
,345
,354
,353
,343
,343
,355
,343
,339
,357
,363
,352
2026 05 20 19:21:43.896082,348
,362
,363
,355
,353
,362
,357
,348
,354
,358
,345
,342
,352
,355
2026 05 20 19:21:43.957531,346
,348
,356
,353
,342
,351
,360
,350
,347
,352
,354
,343
,343
,354
2026 05 20 19:21:44.022981,357
,344
,345
,353
,349
,349
,354
,362
,349
,351
,361
,359
,348
,349
2026 05 20 19:21:44.084827,357
,355
,348
,348
,353
,339
,336
,345
,347
,340
,342
,352
,350
,348
2026 05 20 19:21:44.150441,346
,358
,349
,340
,347
,348
,335
,334
,337
,341
,334
,331
,342
,331
2026 05 20 19:21:44.211760,327
,341
,347
,339
,343
,352
,359
,346
,346
,358
,351
,347
,350
,362
2026 05 20 19:21:44.273254,350
,347
,356
,362
,348
,348
,355
,351
,340
,341
,351
,343
,336
,342
2026 05 20 19:21:44.337392,346
,330
,335
,352
,348
,338
,346
,359
,349
,342
,343
,355
,345
,344
2026 05 20 19:21:44.400556,354
,354
,339
,340
,347
,346
,337
,336
,344
,332
,328
,340
,340
,330
2026 05 20 19:21:44.465393,332
,346
,345
,342
,347
,358
,353
,347
,355
,361
,346
,344
,352
,346
2026 05 20 19:21:44.527201,339
,343
,351
,345
,344
,343
,352
,344
,343
,352
,358
,346
,343
,350
2026 05 20 19:21:44.588114,348
,339
,343
,358
,350
,342
,352
,357
,342
,342
,357
,356
,343
,344
2026 05 20 19:21:44.653888,354
,358
,347
,353
,361
,350
,350
,360
,360
,345
,352
,365
,363
,352
2026 05 20 19:21:44.715199,357
,365
,357
,351
,359
,360
,353
,354
,368
,368
,357
,358
,371
,360
2026 05 20 19:21:44.781164,359
,366
,372
,355
,351
,362
,361
,351
,348
,359
,352
,347
,348
,358
2026 05 20 19:21:44.842275,348
,353
,359
,355
,348
,344
,362
,352
,347
,351
,358
,351
,355
,359
2026 05 20 19:21:44.903424,367
,352
,352
,362
,361
,355
,361
,364
,358
,354
,362
,363
,351
,347
2026 05 20 19:21:44.970124,355
,354
,345
,353
,368
,355
,349
,359
,363
,353
,354
,366
,363
,353
2026 05 20 19:21:45.030785,355
,368
,360
,353
,358
,365
,358
,351
,359
,362
,353
,352
,360
,360
2026 05 20 19:21:45.095814,352
,355
,365
,360
,349
,356
,360
,346
,350
,368
,367
,358
,359
,371
2026 05 20 19:21:45.157267,355
,357
,364
,368
,351
,345
,356
,355
,339
,343
,353
,343
,337
,346
2026 05 20 19:21:45.219909,363
,352
,350
,357
,367
,356
,355
,365
,360
,349
,351
,361
,352
,346
2026 05 20 19:21:45.284695,353
,364
,354
,352
,368
,365
,360
,357
,361
,353
,347
,350
,355
,340
2026 05 20 19:21:45.345658,338
,350
,358
,341
,347
,361
,351
,345
,348
,353
,341
,334
,341
,347
2026 05 20 19:21:45.411065,332
,327
,340
,340
,331
,337
,354
,341
,343
,353
,344
,342
,346
,355
2026 05 20 19:21:45.473307,354
,351
,349
,358
,353
,349
,353
,355
,337
,336
,348
,351
,340
,351
2026 05 20 19:21:45.534334,359
,354
,351
,352
,360
,350
,347
,355
,358
,345
,344
,354
,354
,348
2026 05 20 19:21:45.599695,344
,355
,354
,341
,347
,360
,348
,344
,351
,352
,351
,350
,359
,357
2026 05 20 19:21:45.661399,354
,356
,360
,346
,350
,364
,362
,352
,353
,362
,355
,340
,345
,350
2026 05 20 19:21:45.727315,339
,339
,344
,345
,336
,339
,346
,347
,337
,342
,348
,339
,335
,346
2026 05 20 19:21:45.788133,343
,334
,342
,351
,356
,349
,349
,362
,363
,355
,355
,361
,352
,352
2026 05 20 19:21:45.850151,358
,358
,347
,343
,348
,350
,343
,343
,357
,345
,341
,348
,352
,341
2026 05 20 19:21:45.915690,337
,352
,346
,343
,350
,366
,359
,348
,342
,351
,341
,338
,346
,348
2026 05 20 19:21:45.977318,336
,341
,356
,352
,354
,352
,375
,353
,349
,370
,361
,354
,353
,366
2026 05 20 19:21:46.041950,355
,359
,351
,353
,350
,359
,363
,363
,356
,358
,369
,363
,362
,360
2026 05 20 19:21:46.104056,361
,363
,346
,358
,365
,351
,363
,368
,375
,375
,368
,383
,375
,362
2026 05 20 19:21:46.165591,382
,393
,382
,367
,367
,374
,362
,365
,367
,361
,357
,357
,371
,369
2026 05 20 19:21:46.230344,359
,362
,367
,354
,359
,369
,365
,347
,349
,359
,351
,344
,352
,361
2026 05 20 19:21:46.292576,349
,349
,361
,366
,359
,365
,377
,371
,364
,368
,378
,364
,357
,359
2026 05 20 19:21:46.353825,354
,343
,347
,361
,349
,347
,352
,371
,357
,352
,364
,372
,357
,357
2026 05 20 19:21:46.419032,360
,352
,338
,341
,348
,342
,338
,338
,347
,337
,343
,357
,356
,345
2026 05 20 19:21:46.480660,352
,365
,365
,366
,362
,363
,357
,351
,356
,354
,342
,343
,345
,344
2026 05 20 19:21:46.545718,333
,343
,346
,345
,342
,342
,350
,344
,353
,357
,348
,345
,351
,347
2026 05 20 19:21:46.607439,349
,337
,341
,353
,345
,337
,341
,332
,319
,318
,329
,325
,325
,339
2026 05 20 19:21:46.669284,343
,327
,332
,326
,323
,337
,313
,315
,300
,312
,326
,333
,339
,350
2026 05 20 19:21:46.735146,337
,335
,340
,328
,352
,348
,333
,304
,320
,333
,312
,310
,333
,330
2026 05 20 19:21:46.795619,323
,301
,294
,298
,320
,316
,301
,308
,317
,337
,326
,314
,336
,329
2026 05 20 19:21:46.861240,328
,326
,313
,312
,309
,317
,327
,323
,325
,334
,344
,328
,339
,346
2026 05 20 19:21:46.923299,341
,347
,342
,355
,351
,353
,346
,356
,338
,351
,357
,360
,370
,384
2026 05 20 19:21:46.984400,387
,380
,370
,389
,383
,388
,391
,388
,383
,387
,392
,404
,408
,411
2026 05 20 19:21:47.053395,420
,423
,407
,413
,426
,425
,416
,415
,410
,401
,392
,414
,418
,431
2026 05 20 19:21:47.111644,413
,429
,431
,422
,429
,436
,428
,423
,435
,456
,438
,427
,428
,428
2026 05 20 19:21:47.177228,427
,445
,426
,428
,433
,421
,431
,436
,430
,440
,443
,438
,436
,451
2026 05 20 19:21:47.237375,436
,437
,441
,443
,429
,422
,431
,450
,441
,441
,456
,445
,429
,427
2026 05 20 19:21:47.299893,437
,447
,421
,437
,453
,439
,423
,432
,422
,414
,425
,416
,411
,422
2026 05 20 19:21:47.364727,433
,428
,407
,407
,416
,418
,425
,421
,409
,409
,409
,430
,426
,415
2026 05 20 19:21:47.426779,416
,411
,422
,408
,400
,393
,405
,390
,395
,408
,392
,400
,404
,410
2026 05 20 19:21:47.492618,406
,413
,393
,404
,408
,412
,405
,384
,374
,384
,385
,379
,372
,383
2026 05 20 19:21:47.554243,401
,396
,401
,402
,416
,416
,440
,431
,403
,393
,411
,417
,388
,388
2026 05 20 19:21:47.615737,388
,394
,391
,393
,400
,411
,400
,409
,430
,416
,408
,427
,421
,411
2026 05 20 19:21:47.680555,424
,416
,411
,406
,393
,410
,410
,417
,411
,419
,431
,434
,421
,440
2026 05 20 19:21:47.741788,435
,451
,443
,448
,445
,455
,444
,429
,429
,434
,441
,420
,426
,426
2026 05 20 19:21:47.807845,434
,425
,436
,459
,441
,446
,471
,479
,471
,475
,464
,436
,421
,433
2026 05 20 19:21:47.871094,435
,420
,430
,420
,425
,431
,423
,447
,453
,441
,435
,447
,441
,415
2026 05 20 19:21:47.930233,428
,438
,427
,440
,439
,430
,414
,427
,432
,423
,437
,423
,444
,431
2026 05 20 19:21:47.995552,459
,455
,452
,452
,437
,429
,414
,418
,426
,419
,411
,416
,409
,418
2026 05 20 19:21:48.057660,422
,415
,438
,435
,436
,444
,452
,452
,439
,447
,456
,444
,453
,461
2026 05 20 19:21:48.123339,448
,442
,444
,446
,450
,435
,431
,445
,436
,429
,437
,442
,432
,433
2026 05 20 19:21:48.184749,435
,431
,435
,445
,451
,444
,427
,435
,441
,431
,433
,425
,425
,417
2026 05 20 19:21:48.246221,420
,421
,423
,414
,416
,429
,422
,408
,399
,415
,415
,411
,411
,406
2026 05 20 19:21:48.311569,403
,402
,404
,403
,401
,395
,388
,376
,373
,360
,363
,356
,362
,384
2026 05 20 19:21:48.373283,375
,366
,391
,387
,380
,389
,387
,392
,381
,393
,396
,380
,382
,395
2026 05 20 19:21:48.437457,397
,377
,367
,382
,382
,378
,381
,382
,371
,376
,379
,389
,379
,381
2026 05 20 19:21:48.504146,372
,382
,371
,370
,369
,373
,371
,370
,379
,367
,365
,368
,373
,363
2026 05 20 19:21:48.561127,362
,370
,373
,370
,369
,369
,366
,358
,362
,371
,350
,359
,368
,363
2026 05 20 19:21:48.626839,345
,354
,366
,357
,342
,357
,366
,355
,343
,362
,369
,357
,355
,339
2026 05 20 19:21:48.688112,341
,344
,353
,350
,345
,340
,346
,348
,335
,342
,349
,351
,345
,348
2026 05 20 19:21:48.753762,344
,343
,335
,345
,342
,346
,347
,325
,336
,331
,335
,325
,329
,321
2026 05 20 19:21:48.815048,334
,338
,329
,320
,323
,334
,318
,306
,317
,312
,305
,312
,317
,318
2026 05 20 19:21:48.876597,313
,318
,329
,320
,317
,323
,324
,321
,324
,333
,320
,316
,328
,333
2026 05 20 19:21:48.941770,327
,323
,329
,325
,317
,316
,325
,314
,309
,322
,323
,309
,306
,318
2026 05 20 19:21:49.004525,319
,308
,315
,324
,332
,314
,317
,320
,317
,315
,321
,311
,303
,309
2026 05 20 19:21:49.069076,310
,316
,305
,318
,316
,317
,312
,317
,324
,304
,298
,316
,310
,298
2026 05 20 19:21:49.130655,309
,318
,317
,299
,311
,322
,309
,305
,316
,313
,307
,307
,319
,313
2026 05 20 19:21:49.191851,304
,313
,321
,303
,297
,307
,311
,304
,293
,294
,304
,298
,292
,304
2026 05 20 19:21:49.257335,308
,290
,302
,302
,305
,300
,302
,310
,315
,301
,310
,305
,302
,310
2026 05 20 19:21:49.319260,322
,305
,295
,301
,305
,292
,289
,292
,294
,279
,292
,291
,294
,284
2026 05 20 19:21:49.384235,284
,299
,286
,287
,287
,306
,302
,315
,327
,316
,311
,320
,325
,322
2026 05 20 19:21:49.446599,299
,302
,310
,301
,303
,299
,285
,290
,296
,299
,294
,293
,293
,293
2026 05 20 19:21:49.507067,279
,291
,284
,293
,287
,287
,291
,288
,300
,300
,309
,304
,310
,329
2026 05 20 19:21:49.573282,326
,347
,333
,273
,271
,278
,291
,306
,262
,244
,247
,247
,234
,248
2026 05 20 19:21:49.634780,241
,251
,256
,272
,275
,266
,258
,261
,267
,277
,301
,276
,277
,267
2026 05 20 19:21:49.700058,265
,261
,264
,273
,267
,280
,272
,265
,259
,270
,260
,265
,264
,271
2026 05 20 19:21:49.761476,257
,288
,289
,280
,262
,75
,77
,198
,138
,212
,278
,265
,274
,275
2026 05 20 19:21:49.822764,219
,213
,358
,56
,240
,296
,294
,287
,290
,281
,295
,280
,272
,282
2026 05 20 19:21:49.888357,300
,298
,288
,289
,305
,305
,298
,305
,299
,285
,278
,282
,277
,266
2026 05 20 19:21:49.950227,271
,287
,281
,264
,277
,270
,268
,275
,286
,287
,257
,275
,284
,274
2026 05 20 19:21:50.018951,271
,283
,300
,300
,308
,311
,311
,301
,299
,298
,287
,281
,289
,296
2026 05 20 19:21:50.076461,286
,282
,287
,296
,286
,286
,301
,297
,288
,310
,317
,306
,314
,298
2026 05 20 19:21:50.138260,307
,294
,299
,308
,304
,293
,299
,309
,308
,299
,313
,303
,298
,289
2026 05 20 19:21:50.204062,305
,312
,296
,296
,308
,298
,284
,287
,297
,298
,288
,295
,301
,300
2026 05 20 19:21:50.266248,296
,312
,317
,299
,301
,309
,306
,304
,303
,315
,307
,305
,310
,315
2026 05 20 19:21:50.326385,310
,309
,322
,319
,309
,308
,321
,311
,305
,319
,320
,308
,306
,329
2026 05 20 19:21:50.392206,327
,307
,319
,328
,315
,305
,309
,315
,300
,304
,311
,311
,301
,301
2026 05 20 19:21:50.453397,314
,305
,303
,307
,323
,313
,312
,306
,311
,303
,298
,305
,303
,294
2026 05 20 19:21:50.519718,301
,308
,294
,292
,298
,317
,303
,304
,316
,320
,304
,302
,311
,309
2026 05 20 19:21:50.580697,303
,306
,315
,303
,302
,302
,305
,302
,303
,308
,310
,302
,305
,312
2026 05 20 19:21:50.641969,301
,300
,310
,316
,306
,306
,316
,312
,306
,310
,319
,309
,305
,311
2026 05 20 19:21:50.707462,316
,306
,300
,314
,316
,302
,304
,323
,323
,312
,314
,321
,308
,300
2026 05 20 19:21:50.769224,313
,312
,302
,305
,320
,315
,303
,309
,320
,311
,307
,313
,320
,306
2026 05 20 19:21:50.834986,301
,307
,318
,310
,308
,317
,308
,311
,328
,327
,313
,312
,323
,320
2026 05 20 19:21:50.896846,313
,317
,320
,309
,306
,305
,313
,299
,304
,308
,311
,299
,297
,305
2026 05 20 19:21:50.957824,301
,293
,303
,320
,308
,305
,305
,315
,307
,311
,316
,312
,310
,312
2026 05 20 19:21:51.022616,316
,308
,302
,316
,324
,309
,308
,320
,326
,317
,311
,322
,315
,310
2026 05 20 19:21:51.084520,312
,316
,307
,309
,319
,316
,303
,305
,314
,315
,311
,316
,328
,318
2026 05 20 19:21:51.151895,315
,320
,327
,318
,320
,331
,327
,321
,324
,327
,323
,317
,320
,331
2026 05 20 19:21:51.211352,320
,318
,326
,323
,321
,323
,329
,325
,319
,322
,327
,315
,327
,327
2026 05 20 19:21:51.272900,332
,322
,320
,333
,325
,316
,319
,325
,317
,316
,331
,336
,320
,327
2026 05 20 19:21:51.338426,336
,335
,331
,323
,333
,329
,321
,329
,329
,320
,323
,338
,339
,332
2026 05 20 19:21:51.399435,331
,346
,344
,339
,341
,343
,335
,327
,334
,339
,325
,328
,340
,343
2026 05 20 19:21:51.465059,325
,327
,348
,339
,337
,342
,353
,340
,337
,347
,348
,342
,336
,349
2026 05 20 19:21:51.526493,343
,338
,339
,344
,334
,332
,344
,343
,332
,338
,348
,337
,332
,336
2026 05 20 19:21:51.587691,344
,336
,338
,343
,343
,329
,333
,346
,337
,331
,337
,344
,341
,335
2026 05 20 19:21:51.653859,336
,344
,334
,334
,341
,338
,332
,336
,341
,329
,328
,333
,343
,338
2026 05 20 19:21:51.715062,340
,347
,346
,337
,337
,343
,341
,336
,339
,348
,338
,334
,344
,351
2026 05 20 19:21:51.780492,336
,337
,350
,349
,332
,340
,354
,344
,341
,348
,350
,340
,339
,345
2026 05 20 19:21:51.842570,346
,335
,337
,346
,342
,346
,352
,357
,346
,345
,346
,348
,339
,338
2026 05 20 19:21:51.904046,342
,335
,334
,331
,338
,334
,330
,341
,345
,334
,344
,352
,348
,346
2026 05 20 19:21:51.970799,346
,354
,350
,341
,345
,345
,344
,343
,349
,343
,333
,335
,348
,340
2026 05 20 19:21:52.030933,333
,338
,349
,342
,335
,345
,349
,337
,342
,347
,340
,332
,336
,345
2026 05 20 19:21:52.095446,330
,330
,338
,343
,338
,341
,351
,353
,343
,342
,351
,352
,352
,354
2026 05 20 19:21:52.157493,361
,346
,342
,342
,350
,334
,340
,349
,341
,337
,340
,353
,341
,339
2026 05 20 19:21:52.219077,348
,354
,343
,347
,354
,353
,346
,343
,354
,345
,348
,355
,363
,344
2026 05 20 19:21:52.284937,345
,356
,353
,354
,355
,360
,356
,349
,353
,357
,349
,352
,362
,359
2026 05 20 19:21:52.346406,349
,346
,356
,352
,344
,354
,359
,350
,348
,358
,360
,352
,344
,354
2026 05 20 19:21:52.411207,356
,345
,346
,353
,340
,342
,344
,358
,348
,350
,360
,362
,350
,355
2026 05 20 19:21:52.472814,366
,357
,350
,356
,361
,355
,354
,358
,362
,346
,344
,358
,350
,344
2026 05 20 19:21:52.534612,348
,367
,353
,352
,363
,363
,354
,350
,362
,358
,354
,357
,366
,355
2026 05 20 19:21:52.600223,349
,358
,367
,352
,349
,362
,363
,355
,353
,361
,357
,351
,355
,359
2026 05 20 19:21:52.661163,347
,347
,357
,357
,343
,343
,357
,355
,344
,350
,363
,359
,356
,364
2026 05 20 19:21:52.726852,368
,360
,360
,364
,360
,350
,352
,363
,355
,349
,354
,355
,356
,358
2026 05 20 19:21:52.788392,367
,364
,353
,357
,363
,358
,360
,356
,359
,351
,349
,353
,361
,347
2026 05 20 19:21:52.849141,353
,359
,352
,345
,347
,359
,349
,342
,345
,352
,343
,343
,353
,358
2026 05 20 19:21:52.915449,357
,357
,360
,355
,349
,353
,359
,346
,351
,359
,358
,349
,355
,362
2026 05 20 19:21:52.977162,357
,350
,352
,359
,351
,345
,350
,356
,350
,344
,357
,352
,344
,344
2026 05 20 19:21:53.041577,357
,351
,349
,353
,362
,350
,353
,357
,358
,354
,347
,353
,356
,351
2026 05 20 19:21:53.103652,355
,361
,352
,350
,358
,362
,349
,349
,360
,362
,352
,354
,367
,356
2026 05 20 19:21:53.165371,354
,361
,366
,351
,359
,369
,357
,349
,355
,363
,357
,354
,358
,359
2026 05 20 19:21:53.230431,351
,351
,362
,364
,352
,357
,371
,363
,355
,362
,366
,353
,354
,367
2026 05 20 19:21:53.292359,366
,355
,361
,366
,366
,364
,365
,371
,354
,355
,361
,361
,349
,350
2026 05 20 19:21:53.356980,356
,351
,343
,350
,363
,353
,348
,358
,354
,349
,346
,352
,353
,350
2026 05 20 19:21:53.420318,347
,353
,348
,343
,350
,358
,341
,345
,353
,360
,347
,356
,364
,356
2026 05 20 19:21:53.480161,358
,365
,360
,351
,350
,359
,360
,348
,349
,356
,352
,349
,351
,359
2026 05 20 19:21:53.545592,354
,348
,354
,359
,351
,355
,367
,365
,358
,363
,367
,359
,355
,360
2026 05 20 19:21:53.607123,372
,358
,354
,368
,366
,355
,353
,366
,358
,360
,356
,365
,359
,357
2026 05 20 19:21:53.673001,359
,363
,357
,352
,373
,359
,353
,356
,369
,364
,359
,367
,372
,365
2026 05 20 19:21:53.734373,363
,376
,383
,373
,369
,378
,367
,358
,366
,369
,361
,361
,370
,373
2026 05 20 19:21:53.796187,361
,367
,378
,371
,363
,366
,373
,357
,357
,364
,364
,347
,350
,368
2026 05 20 19:21:53.861644,361
,360
,366
,381
,369
,364
,368
,369
,363
,361
,359
,360
,345
,349
2026 05 20 19:21:53.923014,358
,351
,344
,352
,359
,356
,354
,360
,361
,350
,348
,359
,355
,350
2026 05 20 19:21:53.988218,352
,361
,348
,345
,351
,362
,348
,343
,360
,356
,348
,352
,363
,358
2026 05 20 19:21:54.050130,356
,356
,366
,360
,359
,366
,365
,355
,355
,372
,369
,357
,355
,364
2026 05 20 19:21:54.111450,352
,350
,363
,365
,357
,359
,367
,361
,362
,360
,365
,356
,356
,368
2026 05 20 19:21:54.176558,372
,360
,358
,370
,368
,358
,367
,380
,372
,367
,374
,381
,362
,359
2026 05 20 19:21:54.238985,372
,372
,356
,355
,370
,359
,357
,357
,366
,357
,356
,360
,367
,359
2026 05 20 19:21:54.299935,361
,369
,368
,361
,354
,364
,355
,350
,358
,360
,346
,347
,356
,349
2026 05 20 19:21:54.364973,338
,345
,361
,351
,350
,353
,357
,350
,349
,356
,359
,348
,345
,357
2026 05 20 19:21:54.426700,355
,347
,348
,359
,348
,344
,350
,365
,356
,352
,363
,363
,359
,359
2026 05 20 19:21:54.492160,361
,350
,349
,358
,360
,346
,349
,360
,357
,352
,356
,374
,371
,363
2026 05 20 19:21:54.554457,372
,381
,361
,358
,365
,365
,350
,358
,364
,357
,345
,356
,365
,353
2026 05 20 19:21:54.615377,358
,369
,372
,363
,364
,372
,367
,357
,356
,368
,354
,355
,359
,367
2026 05 20 19:21:54.680400,359
,357
,365
,363
,351
,349
,366
,361
,359
,359
,370
,356
,353
,366
2026 05 20 19:21:54.741502,365
,358
,360
,368
,357
,352
,355
,366
,359
,358
,364
,369
,360
,361
2026 05 20 19:21:54.807755,369
,361
,356
,354
,363
,354
,360
,366
,369
,357
,357
,367
,366
,347
2026 05 20 19:21:54.869963,353
,368
,365
,365
,365
,373
,360
,360
,366
,368
,363
,364
,370
,368
2026 05 20 19:21:54.930100,357
,361
,367
,360
,358
,362
,361
,358
,361
,367
,355
,350
,359
,362
2026 05 20 19:21:54.995729,361
,356
,362
,362
,355
,353
,367
,364
,352
,361
,375
,372
,364
,369
2026 05 20 19:21:55.057302,377
,369
,368
,377
,371
,359
,356
,368
,361
,353
,353
,359
,351
,352
2026 05 20 19:21:55.123151,356
,367
,357
,351
,363
,360
,357
,357
,371
,355
,354
,358
,363
,351
2026 05 20 19:21:55.185077,353
,365
,360
,350
,354
,369
,367
,362
,364
,371
,364
,361
,374
,374
2026 05 20 19:21:55.245805,357
,361
,371
,362
,355
,359
,367
,361
,359
,361
,374
,362
,360
,368
2026 05 20 19:21:55.311673,363
,355
,356
,369
,363
,353
,369
,372
,366
,358
,368
,366
,357
,356
2026 05 20 19:21:55.372919,363
,369
,359
,366
,372
,357
,362
,363
,367
,352
,355
,350
,344
,342
2026 05 20 19:21:55.437723,345
,353
,338
,340
,348
,353
,341
,341
,352
,351
,346
,352
,356
,348
2026 05 20 19:21:55.500068,344
,350
,355
,343
,344
,358
,349
,341
,346
,352
,349
,346
,349
,354
2026 05 20 19:21:55.561538,344
,346
,354
,355
,349
,356
,371
,372
,360
,361
,376
,362
,356
,363
2026 05 20 19:21:55.626298,364
,355
,353
,356
,354
,351
,339
,350
,347
,338
,341
,351
,344
,341
2026 05 20 19:21:55.688107,351
,351
,335
,343
,356
,354
,345
,355
,357
,342
,340
,350
,351
,336
2026 05 20 19:21:55.753322,339
,347
,343
,331
,326
,336
,331
,334
,349
,353
,339
,338
,352
,345
2026 05 20 19:21:55.815463,339
,345
,364
,354
,349
,361
,367
,352
,352
,350
,349
,340
,344
,357
2026 05 20 19:21:55.876133,351
,336
,341
,360
,352
,347
,359
,358
,357
,353
,362
,360
,355
,354
2026 05 20 19:21:55.942154,369
,362
,355
,359
,365
,348
,344
,355
,356
,344
,342
,348
,340
,330
2026 05 20 19:21:56.003763,336
,339
,332
,334
,346
,352
,346
,352
,366
,363
,351
,357
,365
,348
2026 05 20 19:21:56.070207,350
,360
,361
,352
,354
,363
,364
,353
,359
,371
,361
,356
,354
,365
2026 05 20 19:21:56.129879,354
,357
,367
,366
,363
,363
,371
,367
,360
,371
,377
,366
,370
,379
2026 05 20 19:21:56.191689,370
,367
,359
,368
,361
,352
,356
,363
,356
,351
,358
,361
,352
,352
2026 05 20 19:21:56.257051,365
,371
,359
,363
,379
,365
,357
,367
,372
,364
,354
,375
,364
,348
2026 05 20 19:21:56.319330,360
,369
,357
,370
,362
,380
,393
,379
,360
,378
,406
,387
,370
,356
2026 05 20 19:21:56.385054,343
,328
,367
,353
,346
,372
,362
,356
,359
,363
,363
,348
,357
,353
2026 05 20 19:21:56.445507,342
,344
,352
,359
,334
,334
,352
,342
,344
,338
,364
,352
,330
,326
2026 05 20 19:21:56.507195,340
,323
,326
,329
,343
,330
,329
,365
,362
,349
,367
,352
,353
,343
2026 05 20 19:21:56.572281,355
,358
,330
,341
,345
,340
,332
,347
,350
,344
,350
,340
,359
,348
2026 05 20 19:21:56.634052,355
,351
,340
,334
,344
,358
,357
,353
,364
,360
,362
,359
,357
,357
2026 05 20 19:21:56.699761,349
,357
,361
,361
,346
,342
,359
,356
,346
,356
,366
,332
,331
,355
2026 05 20 19:21:56.762911,354
,341
,343
,353
,357
,350
,355
,369
,355
,353
,358
,356
,343
,344
2026 05 20 19:21:56.822447,367
,360
,358
,361
,361
,352
,349
,352
,364
,354
,357
,368
,371
,356
2026 05 20 19:21:56.888205,362
,378
,362
,360
,363
,360
,363
,369
,366
,372
,366
,365
,383
,355
2026 05 20 19:21:56.949278,354
,373
,373
,358
,358
,363
,360
,364
,358
,374
,365
,359
,356
,359
2026 05 20 19:21:57.015415,347
,346
,344
,346
,343
,349
,358
,352
,348
,353
,357
,351
,354
,354
2026 05 20 19:21:57.076747,362
,348
,348
,364
,356
,343
,352
,360
,355
,353
,365
,372
,357
,352
2026 05 20 19:21:57.138194,363
,366
,353
,354
,368
,352
,353
,362
,367
,357
,349
,354
,362
,349
2026 05 20 19:21:57.203604,352
,363
,353
,350
,350
,361
,350
,350
,361
,362
,352
,357
,375
,366
2026 05 20 19:21:57.265275,358
,366
,371
,359
,355
,363
,374
,361
,357
,359
,358
,352
,358
,358
2026 05 20 19:21:57.330211,352
,343
,357
,363
,347
,343
,355
,354
,356
,361
,370
,370
,362
,368
2026 05 20 19:21:57.391590,381
,366
,356
,367
,374
,359
,365
,373
,375
,361
,364
,371
,368
,365
2026 05 20 19:21:57.454060,368
,374
,364
,364
,378
,372
,365
,365
,376
,365
,358
,372
,378
,371
2026 05 20 19:21:57.519221,367
,377
,383
,369
,365
,378
,382
,371
,372
,380
,366
,370
,379
,374
2026 05 20 19:21:57.580273,366
,367
,375
,371
,355
,368
,376
,363
,362
,363
,367
,353
,365
,374
2026 05 20 19:21:57.646191,370
,358
,362
,377
,366
,361
,361
,370
,366
,368
,369
,371
,360
,358
2026 05 20 19:21:57.707290,379
,382
,365
,372
,381
,367
,356
,367
,379
,360
,362
,372
,364
,361
2026 05 20 19:21:57.769263,363
,370
,364
,356
,368
,369
,363
,359
,364
,368
,352
,353
,359
,351
2026 05 20 19:21:57.834691,351
,359
,364
,358
,364
,362
,367
,356
,362
,369
,368
,362
,363
,368
2026 05 20 19:21:57.896233,365
,366
,367
,368
,355
,361
,369
,364
,355
,363
,377
,370
,357
,361
2026 05 20 19:21:57.961289,367
,355
,360
,361
,355
,350
,360
,362
,366
,353
,360
,366
,356
,358
2026 05 20 19:21:58.023250,362
,363
,341
,342
,352
,349
,343
,341
,358
,351
,350
,355
,361
,344
2026 05 20 19:21:58.084722,350
,360
,357
,341
,349
,353
,347
,341
,343
,347
,336
,341
,341
,348
2026 05 20 19:21:58.149646,339
,339
,345
,339
,335
,336
,338
,331
,337
,341
,339
,333
,338
,345
2026 05 20 19:21:58.211211,334
,326
,334
,340
,331
,331
,335
,342
,325
,331
,335
,332
,323
,331
2026 05 20 19:21:58.276935,341
,333
,332
,335
,338
,323
,332
,347
,347
,335
,338
,346
,336
,333
2026 05 20 19:21:58.338174,337
,340
,336
,328
,334
,338
,328
,335
,340
,337
,333
,337
,347
,336
2026 05 20 19:21:58.398981,339
,341
,344
,333
,335
,338
,338
,331
,332
,351
,344
,341
,346
,348
2026 05 20 19:21:58.465597,341
,336
,346
,347
,334
,332
,345
,338
,335
,338
,342
,330
,330
,337
2026 05 20 19:21:58.526669,347
,341
,340
,351
,346
,345
,348
,353
,347
,352
,355
,359
,346
,346
2026 05 20 19:21:58.587800,350
,349
,347
,345
,353
,347
,338
,345
,354
,348
,344
,354
,353
,345
2026 05 20 19:21:58.653752,350
,357
,346
,349
,354
,365
,352
,352
,357
,356
,349
,349
,354
,353
2026 05 20 19:21:58.715327,340
,345
,349
,345
,347
,350
,354
,339
,338
,345
,348
,345
,344
,356
2026 05 20 19:21:58.780250,347
,343
,347
,351
,335
,336
,349
,349
,338
,339
,348
,341
,330
,339
2026 05 20 19:21:58.842031,357
,347
,348
,354
,360
,349
,352
,358
,350
,344
,344
,354
,346
,339
2026 05 20 19:21:58.902900,338
,340
,329
,334
,344
,344
,334
,332
,343
,341
,340
,344
,349
,336
2026 05 20 19:21:58.968969,339
,354
,350
,336
,335
,356
,346
,339
,342
,349
,338
,332
,334
,341
2026 05 20 19:21:59.030470,329
,334
,345
,347
,334
,335
,340
,333
,333
,336
,343
,331
,344
,347
2026 05 20 19:21:59.095225,347
,330
,336
,342
,334
,332
,336
,347
,341
,337
,345
,349
,333
,335
2026 05 20 19:21:59.157532,349
,346
,334
,348
,356
,344
,340
,345
,342
,328
,334
,344
,341
,333
2026 05 20 19:21:59.218988,341
,346
,348
,339
,345
,354
,339
,340
,346
,343
,337
,339
,348
,335
2026 05 20 19:21:59.284693,336
,340
,345
,335
,330
,342
,338
,331
,330
,345
,337
,330
,342
,343
2026 05 20 19:21:59.346075,339
,334
,340
,343
,334
,337
,347
,343
,332
,332
,343
,330
,330
,339
2026 05 20 19:21:59.419147,345
,338
,339
,342
,341
,333
,334
,350
,338
,331
,341
,350
,335
,335
2026 05 20 19:21:59.472988,344
,341
,336
,336
,339
,337
,331
,330
,337
,332
,335
,334
,343
,335
2026 05 20 19:21:59.534912,342
,350
,348
,335
,342
,352
,342
,338
,344
,344
,335
,332
,337
,337
2026 05 20 19:21:59.599126,325
,335
,348
,338
,326
,333
,346
,334
,332
,339
,342
,331
,342
,346
2026 05 20 19:21:59.661447,342
,332
,336
,341
,332
,327
,332
,333
,323
,329
,332
,334
,321
,332
2026 05 20 19:21:59.726561,339
,329
,326
,337
,352
,337
,330
,340
,337
,330
,330
,338
,332
,325
2026 05 20 19:21:59.787813,330
,338
,327
,325
,335
,334
,328
,337
,342
,345
,338
,347
,347
,346
2026 05 20 19:21:59.850103,340
,343
,349
,339
,342
,351
,347
,339
,348
,355
,345
,339
,351
,353
2026 05 20 19:21:59.914960,345
,348
,347
,349
,339
,338
,351
,344
,339
,345
,356
,346
,345
,354
2026 05 20 19:21:59.976238,355
,352
,354
,362
,348
,335
,343
,352
,340
,338
,347
,357
,342
,344
2026 05 20 19:22:00.042769,357
,352
,348
,348
,363
,357
,353
,355
,352
,344
,342
,346
,346
,340
2026 05 20 19:22:00.103763,340
,359
,342
,336
,340
,344
,336
,338
,347
,356
,340
,341
,353
,345
2026 05 20 19:22:00.165458,339
,344
,352
,343
,343
,349
,351
,342
,344
,350
,348
,339
,344
,350
2026 05 20 19:22:00.230128,348
,346
,350
,360
,346
,346
,358
,351
,346
,348
,356
,347
,347
,346
2026 05 20 19:22:00.291211,352
,344
,346
,348
,349
,330
,331
,348
,342
,345
,347
,354
,348
,342
2026 05 20 19:22:00.357501,352
,353
,352
,346
,359
,356
,347
,349
,353
,348
,347
,354
,358
,346
2026 05 20 19:22:00.418886,345
,356
,357
,351
,353
,366
,364
,354
,355
,363
,351
,347
,360
,361
2026 05 20 19:22:00.480209,350
,355
,362
,358
,349
,356
,360
,349
,344
,353
,352
,342
,350
,355
2026 05 20 19:22:00.545358,354
,348
,352
,361
,349
,353
,357
,364
,348
,358
,364
,362
,350
,348
2026 05 20 19:22:00.607625,362
,352
,348
,352
,358
,347
,354
,361
,361
,345
,351
,362
,361
,358
2026 05 20 19:22:00.672775,359
,371
,363
,360
,367
,367
,352
,356
,364
,362
,353
,355
,359
,351
2026 05 20 19:22:00.734283,343
,348
,353
,342
,344
,357
,359
,349
,352
,359
,358
,355
,358
,364
2026 05 20 19:22:00.796043,353
,354
,362
,365
,349
,352
,360
,354
,350
,358
,370
,359
,358
,363
2026 05 20 19:22:00.860941,375
,365
,368
,373
,368
,357
,359
,368
,354
,351
,350
,354
,345
,345
2026 05 20 19:22:00.922552,357
,353
,348
,345
,362
,358
,358
,359
,366
,352
,352
,360
,367
,353
2026 05 20 19:22:00.987558,352
,363
,354
,345
,346
,358
,350
,349
,355
,359
,343
,355
,366
,364
2026 05 20 19:22:01.050162,357
,359
,373
,356
,352
,363
,364
,354
,353
,361
,357
,347
,349
,360
2026 05 20 19:22:01.110488,356
,348
,350
,354
,343
,337
,348
,354
,345
,351
,367
,363
,352
,358
2026 05 20 19:22:01.176556,369
,368
,355
,355
,356
,340
,351
,358
,352
,343
,350
,359
,350
,352
2026 05 20 19:22:01.237967,358
,371
,357
,361
,364
,363
,353
,350
,359
,354
,346
,345
,355
,344
2026 05 20 19:22:01.302928,346
,354
,359
,348
,353
,364
,355
,351
,354
,362
,350
,346
,354
,356
2026 05 20 19:22:01.365229,341
,341
,347
,340
,333
,337
,349
,341
,334
,346
,350
,339
,341
,348
2026 05 20 19:22:01.426614,352
,345
,352
,356
,350
,352
,359
,365
,353
,346
,350
,355
,345
,344
2026 05 20 19:22:01.492116,356
,353
,344
,350
,362
,356
,355
,366
,366
,351
,355
,360
,353
,345
2026 05 20 19:22:01.553050,339
,346
,344
,343
,343
,349
,338
,339
,341
,347
,336
,339
,342
,340
2026 05 20 19:22:01.619092,339
,343
,349
,340
,339
,350
,348
,340
,344
,354
,351
,342
,351
,366
2026 05 20 19:22:01.680723,356
,344
,353
,361
,357
,351
,364
,367
,362
,363
,368
,359
,351
,354
2026 05 20 19:22:01.741653,362
,354
,358
,367
,364
,357
,359
,361
,354
,340
,340
,350
,343
,346
2026 05 20 19:22:01.807442,357
,361
,343
,349
,360
,361
,353
,356
,364
,352
,352
,357
,358
,342
2026 05 20 19:22:01.870388,354
,361
,357
,352
,354
,361
,351
,347
,352
,364
,355
,358
,364
,363
2026 05 20 19:22:01.933672,357
,358
,368
,366
,363
,364
,370
,363
,360
,372
,370
,358
,356
,369
2026 05 20 19:22:01.995448,367
,356
,362
,369
,355
,356
,361
,372
,363
,367
,376
,371
,356
,360
2026 05 20 19:22:02.057507,367
,361
,358
,362
,366
,357
,352
,361
,362
,354
,357
,366
,357
,349
2026 05 20 19:22:02.122746,360
,368
,355
,359
,372
,372
,360
,361
,373
,370
,357
,358
,367
,365
2026 05 20 19:22:02.184362,358
,357
,366
,347
,352
,364
,355
,344
,347
,365
,357
,354
,357
,363
2026 05 20 19:22:02.250100,353
,349
,358
,359
,353
,356
,364
,358
,356
,358
,362
,352
,352
,361
2026 05 20 19:22:02.311249,361
,354
,352
,363
,365
,356
,365
,382
,370
,362
,368
,372
,358
,359
2026 05 20 19:22:02.372672,368
,366
,362
,362
,369
,358
,356
,363
,369
,358
,353
,367
,369
,358
2026 05 20 19:22:02.438272,360
,369
,362
,354
,357
,364
,355
,352
,363
,369
,359
,360
,367
,366
2026 05 20 19:22:02.500234,356
,361
,365
,358
,360
,358
,368
,359
,357
,372
,369
,357
,364
,372
2026 05 20 19:22:02.560689,363
,364
,366
,369
,357
,361
,366
,365
,353
,358
,364
,361
,362
,360
2026 05 20 19:22:02.626504,363
,352
,349
,360
,360
,351
,353
,364
,364
,354
,353
,367
,356
,352
2026 05 20 19:22:02.688196,359
,359
,347
,350
,363
,365
,356
,352
,367
,362
,359
,366
,374
,363
2026 05 20 19:22:02.753043,367
,375
,375
,362
,362
,375
,365
,361
,363
,363
,349
,349
,356
,361
2026 05 20 19:22:02.816922,349
,348
,357
,360
,354
,354
,359
,359
,353
,359
,363
,348
,353
,360
2026 05 20 19:22:02.876361,361
,351
,352
,366
,359
,349
,356
,358
,351
,352
,358
,362
,349
,349
2026 05 20 19:22:02.942309,363
,353
,343
,347
,358
,348
,350
,355
,359
,347
,352
,363
,357
,347
2026 05 20 19:22:03.003548,348
,362
,345
,346
,354
,355
,347
,348
,356
,356
,342
,346
,356
,349
2026 05 20 19:22:03.068968,350
,359
,363
,349
,348
,352
,358
,353
,358
,362
,360
,353
,356
,364
2026 05 20 19:22:03.130750,352
,346
,362
,361
,348
,357
,360
,354
,345
,353
,362
,351
,348
,353
2026 05 20 19:22:03.191310,355
,342
,349
,358
,361
,351
,355
,362
,359
,352
,355
,368
,353
,345
2026 05 20 19:22:03.256832,355
,356
,337
,341
,361
,355
,344
,348
,353
,346
,350
,354
,366
,355
2026 05 20 19:22:03.319041,355
,362
,355
,340
,352
,361
,354
,349
,358
,361
,350
,352
,357
,354
2026 05 20 19:22:03.386202,346
,345
,353
,345
,337
,342
,352
,343
,341
,352
,350
,338
,344
,358
2026 05 20 19:22:03.446245,354
,346
,353
,362
,348
,348
,358
,360
,354
,350
,359
,358
,350
,354
2026 05 20 19:22:03.507335,363
,356
,352
,357
,363
,350
,354
,358
,359
,351
,352
,364
,351
,344
2026 05 20 19:22:03.572911,358
,364
,350
,349
,357
,354
,345
,350
,361
,356
,353
,361
,371
,358
2026 05 20 19:22:03.636844,355
,361
,364
,352
,359
,363
,362
,354
,355
,358
,355
,350
,352
,361
2026 05 20 19:22:03.700125,345
,345
,358
,350
,346
,348
,360
,350
,342
,349
,358
,343
,346
,358
2026 05 20 19:22:03.761142,357
,340
,341
,355
,348
,337
,351
,358
,339
,339
,348
,357
,346
,346
2026 05 20 19:22:03.822348,356
,354
,345
,352
,357
,350
,344
,348
,354
,342
,348
,361
,353
,340
2026 05 20 19:22:03.888267,354
,365
,356
,347
,354
,357
,344
,345
,358
,351
,337
,336
,349
,345
2026 05 20 19:22:03.949262,337
,343
,357
,351
,352
,362
,366
,353
,353
,364
,359
,353
,355
,364
2026 05 20 19:22:04.015101,353
,349
,359
,360
,352
,352
,367
,363
,351
,357
,368
,359
,359
,363
2026 05 20 19:22:04.077170,369
,361
,359
,370
,366
,356
,355
,364
,355
,350
,355
,366
,356
,361
2026 05 20 19:22:04.137694,360
,371
,357
,360
,372
,367
,361
,362
,367
,355
,353
,361
,365
,353
2026 05 20 19:22:04.203540,357
,368
,363
,351
,355
,365
,353
,354
,362
,366
,354
,355
,367
,366
2026 05 20 19:22:04.264829,353
,354
,358
,350
,345
,355
,358
,347
,351
,352
,355
,346
,347
,353
2026 05 20 19:22:04.329941,345
,340
,350
,356
,344
,344
,355
,359
,344
,354
,356
,353
,338
,346
2026 05 20 19:22:04.392107,354
,346
,339
,347
,352
,341
,343
,355
,355
,348
,349
,360
,353
,350
2026 05 20 19:22:04.453205,356
,361
,347
,350
,353
,352
,340
,340
,348
,345
,340
,345
,351
,340
2026 05 20 19:22:04.518958,337
,350
,355
,348
,351
,355
,349
,339
,344
,350
,344
,344
,352
,353
2026 05 20 19:22:04.580215,341
,344
,352
,346
,336
,342
,353
,346
,341
,346
,354
,343
,340
,351
2026 05 20 19:22:04.645589,354
,341
,343
,356
,351
,342
,345
,354
,341
,337
,344
,355
,340
,342
2026 05 20 19:22:04.707108,350
,349
,343
,344
,357
,349
,348
,353
,363
,349
,343
,355
,355
,340
2026 05 20 19:22:04.769083,346
,356
,349
,343
,350
,353
,347
,346
,346
,348
,337
,341
,351
,347
2026 05 20 19:22:04.834717,344
,350
,358
,344
,345
,352
,354
,343
,352
,353
,349
,342
,347
,357
2026 05 20 19:22:04.895449,348
,347
,355
,362
,348
,349
,358
,358
,351
,358
,366
,359
,353
,358
2026 05 20 19:22:04.961502,369
,356
,354
,360
,356
,349
,353
,366
,361
,348
,354
,367
,353
,355
2026 05 20 19:22:05.022947,357
,363
,350
,355
,364
,369
,361
,364
,368
,356
,353
,360
,363
,347
2026 05 20 19:22:05.083568,352
,364
,358
,346
,346
,356
,347
,346
,349
,361
,356
,357
,364
,364
2026 05 20 19:22:05.150055,351
,352
,360
,356
,349
,357
,365
,351
,344
,355
,355
,345
,347
,360
2026 05 20 19:22:05.211315,358
,346
,353
,358
,350
,348
,356
,365
,348
,348
,356
,356
,349
,346
2026 05 20 19:22:05.276648,352
,348
,347
,346
,351
,341
,342
,346
,347
,332
,340
,347
,347
,343
2026 05 20 19:22:05.338099,347
,351
,343
,345
,353
,351
,346
,353
,355
,360
,346
,350
,356
,343
2026 05 20 19:22:05.400062,340
,347
,347
,339
,340
,352
,349
,340
,340
,356
,344
,337
,346
,361
2026 05 20 19:22:05.465030,350
,347
,353
,353
,343
,345
,353
,351
,342
,345
,352
,338
,339
,344
2026 05 20 19:22:05.526835,358
,343
,344
,362
,355
,349
,350
,350
,341
,341
,348
,359
,343
,343
2026 05 20 19:22:05.591700,355
,355
,342
,345
,351
,343
,337
,343
,345
,333
,335
,345
,344
,338
2026 05 20 19:22:05.653139,342
,352
,339
,340
,350
,352
,339
,337
,345
,351
,335
,335
,340
,346
2026 05 20 19:22:05.715303,341
,342
,348
,345
,351
,358
,361
,340
,347
,362
,358
,349
,354
,359
2026 05 20 19:22:05.780239,356
,344
,354
,363
,350
,350
,362
,366
,350
,356
,365
,357
,353
,356
2026 05 20 19:22:05.842608,364
,352
,349
,354
,357
,345
,348
,360
,362
,349
,351
,356
,345
,343
2026 05 20 19:22:05.908149,352
,364
,350
,352
,361
,364
,353
,355
,369
,358
,348
,353
,362
,347
2026 05 20 19:22:05.969066,348
,356
,357
,346
,349
,361
,356
,351
,359
,363
,350
,349
,356
,356
2026 05 20 19:22:06.029663,343
,342
,352
,354
,345
,355
,358
,346
,346
,351
,359
,347
,348
,351
2026 05 20 19:22:06.095159,359
,350
,356
,367
,360
,349
,354
,360
,345
,344
,353
,355
,344
,348
2026 05 20 19:22:06.156776,358
,345
,339
,346
,353
,345
,347
,358
,359
,351
,355
,365
,358
,349
2026 05 20 19:22:06.223546,353
,365
,353
,349
,358
,367
,351
,351
,359
,350
,339
,348
,356
,344
2026 05 20 19:22:06.284105,338
,346
,351
,346
,351
,360
,355
,344
,346
,357
,347
,349
,353
,357
2026 05 20 19:22:06.345267,348
,341
,348
,351
,340
,341
,355
,351
,343
,352
,361
,353
,355
,359
2026 05 20 19:22:06.411308,365
,350
,349
,357
,359
,347
,356
,362
,359
,356
,360
,367
,353
,351
2026 05 20 19:22:06.472583,360
,364
,351
,350
,364
,358
,346
,347
,354
,342
,342
,352
,359
,351
2026 05 20 19:22:06.538117,353
,363
,354
,349
,353
,361
,347
,343
,359
,357
,345
,344
,354
,349
2026 05 20 19:22:06.599699,339
,346
,356
,348
,344
,360
,365
,353
,360
,365
,358
,352
,344
,351
2026 05 20 19:22:06.660917,338
,336
,339
,348
,340
,346
,355
,358
,347
,352
,358
,355
,353
,358
2026 05 20 19:22:06.726157,366
,352
,353
,354
,355
,345
,343
,355
,354
,342
,349
,368
,357
,355
2026 05 20 19:22:06.790714,355
,372
,357
,351
,359
,361
,349
,352
,366
,361
,356
,359
,363
,355
2026 05 20 19:22:06.849738,359
,368
,357
,351
,362
,370
,364
,348
,354
,363
,348
,345
,357
,351
2026 05 20 19:22:06.914773,339
,345
,357
,351
,349
,348
,363
,354
,355
,359
,359
,353
,354
,362
2026 05 20 19:22:06.975950,357
,345
,350
,357
,355
,350
,351
,354
,345
,341
,349
,352
,342
,347
2026 05 20 19:22:07.041226,358
,352
,353
,355
,362
,350
,351
,358
,356
,347
,347
,353
,345
,336
2026 05 20 19:22:07.103546,344
,354
,347
,349
,358
,362
,348
,354
,366
,365
,354
,354
,359
,351
2026 05 20 19:22:07.164316,348
,354
,360
,347
,346
,355
,363
,355
,357
,367
,363
,358
,365
,373
2026 05 20 19:22:07.230293,358
,360
,367
,363
,350
,349
,351
,354
,344
,348
,359
,357
,353
,359
2026 05 20 19:22:07.291230,368
,359
,359
,365
,365
,358
,355
,362
,352
,344
,349
,352
,341
,342
2026 05 20 19:22:07.357043,351
,351
,342
,346
,354
,348
,348
,357
,363
,354
,353
,357
,359
,351
2026 05 20 19:22:07.419315,349
,362
,355
,349
,348
,357
,346
,345
,355
,357
,347
,347
,359
,357
2026 05 20 19:22:07.479539,344
,342
,352
,350
,342
,352
,356
,344
,342
,356
,358
,345
,347
,355
2026 05 20 19:22:07.546024,351
,348
,350
,359
,343
,342
,352
,359
,350
,347
,357
,354
,347
,350
2026 05 20 19:22:07.607265,357
,350
,350
,354
,363
,352
,353
,364
,366
,352
,355
,358
,349
,345
2026 05 20 19:22:07.672097,354
,356
,344
,349
,356
,356
,349
,351
,364
,368
,360
,361
,370
,361
2026 05 20 19:22:07.735197,357
,364
,365
,352
,347
,360
,353
,341
,347
,356
,347
,344
,348
,355
2026 05 20 19:22:07.795719,344
,348
,358
,359
,348
,356
,368
,353
,347
,355
,361
,350
,353
,363
2026 05 20 19:22:07.861015,360
,347
,349
,367
,358
,350
,351
,355
,344
,342
,349
,351
,343
,348
2026 05 20 19:22:07.922426,358
,356
,345
,348
,354
,347
,345
,350
,351
,343
,338
,351
,351
,343
2026 05 20 19:22:07.988006,348
,359
,358
,355
,351
,368
,352
,348
,356
,355
,349
,351
,359
,354
2026 05 20 19:22:08.050183,351
,356
,364
,354
,354
,362
,362
,352
,354
,359
,353
,346
,352
,366
2026 05 20 19:22:08.110413,357
,355
,363
,366
,353
,360
,366
,361
,352
,357
,365
,357
,354
,362
2026 05 20 19:22:08.176654,369
,356
,352
,370
,374
,354
,361
,373
,364
,358
,359
,365
,358
,352
2026 05 20 19:22:08.238279,362
,366
,353
,357
,364
,362
,350
,352
,365
,353
,351
,358
,363
,347
2026 05 20 19:22:08.303258,347
,356
,354
,348
,345
,359
,351
,349
,351
,361
,343
,346
,359
,351
2026 05 20 19:22:08.367891,345
,351
,356
,357
,348
,351
,355
,343
,348
,355
,358
,345
,349
,356
2026 05 20 19:22:08.426649,351
,343
,348
,352
,351
,349
,355
,358
,351
,349
,359
,354
,348
,351
2026 05 20 19:22:08.491709,360
,349
,341
,342
,350
,334
,335
,349
,351
,346
,349
,355
,349
,349
2026 05 20 19:22:08.552977,353
,361
,347
,345
,351
,356
,344
,348
,355
,354
,356
,359
,369
,352
2026 05 20 19:22:08.618187,356
,364
,370
,356
,361
,366
,358
,354
,358
,363
,354
,355
,358
,364
2026 05 20 19:22:08.680201,357
,355
,367
,360
,347
,347
,359
,344
,338
,346
,348
,334
,335
,340
2026 05 20 19:22:08.740997,345
,333
,338
,347
,341
,333
,343
,351
,337
,339
,343
,345
,336
,336
2026 05 20 19:22:08.807465,341
,342
,335
,347
,351
,348
,343
,350
,355
,344
,342
,343
,340
,329
2026 05 20 19:22:08.868125,338
,356
,346
,344
,356
,361
,355
,355
,355
,356
,342
,344
,347
,345
2026 05 20 19:22:08.934250,342
,345
,351
,345
,345
,358
,355
,347
,355
,362
,353
,346
,347
,356
2026 05 20 19:22:08.995016,346
,347
,356
,355
,344
,346
,356
,354
,343
,345
,351
,340
,336
,342
2026 05 20 19:22:09.057406,344
,337
,337
,344
,348
,336
,337
,349
,348
,339
,342
,353
,338
,341
2026 05 20 19:22:09.123567,353
,353
,343
,347
,362
,355
,341
,348
,361
,348
,348
,360
,369
,353
2026 05 20 19:22:09.183568,356
,361
,357
,355
,365
,368
,354
,352
,355
,363
,353
,355
,362
,361
2026 05 20 19:22:09.249623,353
,355
,363
,360
,357
,361
,361
,356
,355
,361
,366
,359
,359
,364
2026 05 20 19:22:09.310513,362
,355
,357
,363
,352
,350
,359
,360
,344
,346
,359
,351
,340
,349
2026 05 20 19:22:09.372613,362
,355
,350
,355
,363
,358
,354
,367
,365
,352
,355
,366
,359
,358
2026 05 20 19:22:09.437329,365
,371
,362
,359
,366
,370
,358
,357
,363
,357
,348
,355
,364
,353
2026 05 20 19:22:09.499139,350
,360
,364
,354
,355
,360
,357
,347
,348
,358
,354
,349
,359
,361
2026 05 20 19:22:09.565187,353
,352
,360
,356
,347
,348
,358
,354
,346
,355
,370
,360
,362
,373
2026 05 20 19:22:09.625783,372
,366
,366
,378
,368
,362
,361
,367
,354
,353
,358
,358
,350
,349
2026 05 20 19:22:09.688838,363
,359
,351
,355
,367
,362
,362
,363
,366
,356
,355
,368
,362
,354
2026 05 20 19:22:09.754195,355
,358
,353
,349
,362
,372
,357
,356
,366
,370
,357
,361
,374
,365
2026 05 20 19:22:09.814733,357
,360
,371
,360
,358
,360
,361
,351
,351
,361
,354
,347
,351
,356
2026 05 20 19:22:09.880055,352
,352
,355
,367
,359
,357
,365
,363
,353
,349
,358
,348
,350
,354
2026 05 20 19:22:09.942082,365
,352
,352
,364
,369
,355
,357
,371
,362
,351
,357
,361
,356
,353
2026 05 20 19:22:10.003049,353
,352
,343
,342
,350
,347
,336
,341
,348
,341
,340
,340
,352
,339
2026 05 20 19:22:10.068940,344
,355
,352
,348
,350
,363
,355
,350
,357
,361
,353
,354
,363
,363
2026 05 20 19:22:10.129901,354
,355
,363
,357
,352
,351
,361
,352
,354
,361
,361
,345
,348
,356
2026 05 20 19:22:10.195176,351
,347
,353
,360
,352
,350
,353
,359
,347
,352
,363
,360
,353
,351
2026 05 20 19:22:10.256848,358
,356
,356
,355
,355
,342
,340
,350
,347
,337
,342
,351
,351
,348
2026 05 20 19:22:10.317619,347
,352
,345
,349
,354
,353
,347
,349
,355
,357
,353
,353
,357
,344
2026 05 20 19:22:10.383961,346
,354
,352
,342
,344
,354
,354
,348
,348
,357
,350
,342
,349
,359
2026 05 20 19:22:10.445956,344
,345
,352
,350
,339
,341
,349
,345
,335
,347
,354
,344
,341
,350
2026 05 20 19:22:10.507260,355
,346
,344
,356
,357
,348
,351
,358
,352
,352
,356
,358
,350
,351
2026 05 20 19:22:10.572238,365
,355
,344
,348
,359
,349
,350
,357
,354
,351
,349
,359
,358
,347
2026 05 20 19:22:10.647437,350
,361
,354
,348
,356
,359
,348
,350
,354
,357
,343
,344
,356
,357
2026 05 20 19:22:10.699016,351
,356
,367
,359
,350
,357
,358
,345
,347
,354
,351
,343
,347
,356
2026 05 20 19:22:10.761209,353
,345
,352
,356
,344
,349
,355
,354
,349
,354
,362
,360
,358
,361
2026 05 20 19:22:10.822018,368
,359
,355
,364
,364
,351
,350
,361
,357
,348
,349
,358
,348
,351
2026 05 20 19:22:10.888177,350
,351
,340
,349
,361
,351
,341
,343
,352
,343
,345
,350
,354
,351
2026 05 20 19:22:10.952179,351
,358
,362
,351
,348
,358
,356
,350
,352
,356
,348
,344
,356
,355
2026 05 20 19:22:11.014297,344
,340
,351
,351
,341
,346
,357
,350
,348
,357
,356
,346
,349
,358
2026 05 20 19:22:11.075994,355
,349
,354
,362
,349
,351
,359
,363
,364
,353
,360
,369
,356
,359
2026 05 20 19:22:11.137787,367
,356
,354
,351
,358
,346
,343
,349
,349
,347
,347
,354
,353
,348
2026 05 20 19:22:11.203684,353
,362
,351
,346
,350
,346
,344
,347
,355
,353
,344
,343
,357
,349
2026 05 20 19:22:11.267816,347
,347
,348
,339
,345
,349
,347
,338
,338
,350
,341
,341
,340
,354
2026 05 20 19:22:11.329629,344
,345
,356
,357
,348
,352
,362
,354
,347
,347
,357
,353
,353
,356
2026 05 20 19:22:11.392319,356
,347
,346
,355
,349
,349
,346
,356
,354
,350
,351
,361
,350
,344
2026 05 20 19:22:11.453220,352
,354
,343
,342
,350
,340
,341
,349
,356
,348
,344
,352
,354
,342
2026 05 20 19:22:11.518982,346
,350
,346
,343
,349
,361
,350
,354
,359
,363
,352
,352
,360
,354
2026 05 20 19:22:11.579817,346
,350
,357
,356
,350
,356
,359
,347
,343
,357
,357
,351
,353
,365
2026 05 20 19:22:11.645923,362
,360
,361
,367
,359
,354
,365
,363
,353
,357
,364
,357
,355
,357
2026 05 20 19:22:11.707473,355
,348
,353
,356
,359
,349
,355
,360
,361
,353
,351
,357
,349
,349
2026 05 20 19:22:11.769001,352
,359
,349
,352
,354
,354
,347
,346
,354
,349
,350
,349
,355
,346
2026 05 20 19:22:11.835011,349
,353
,354
,347
,354
,358
,354
,348
,354
,358
,343
,347
,352
,350
2026 05 20 19:22:11.895568,343
,345
,350
,347
,343
,346
,354
,347
,347
,354
,357
,347
,355
,366
2026 05 20 19:22:11.960591,361
,351
,351
,359
,350
,344
,347
,351
,345
,340
,355
,353
,346
,349
2026 05 20 19:22:12.023014,356
,343
,342
,342
,350
,342
,343
,352
,355
,346
,345
,357
,359
,346
2026 05 20 19:22:12.085783,346
,358
,354
,352
,347
,352
,341
,342
,343
,339
,343
,341
,348
,336
2026 05 20 19:22:12.149683,337
,345
,350
,340
,337
,344
,340
,328
,331
,342
,337
,329
,339
,346
2026 05 20 19:22:12.211772,338
,339
,346
,345
,336
,337
,348
,345
,342
,349
,361
,354
,352
,361
2026 05 20 19:22:12.276740,362
,349
,353
,359
,361
,353
,353
,355
,351
,346
,355
,361
,356
,357
2026 05 20 19:22:12.337689,363
,356
,355
,351
,362
,357
,351
,357
,364
,351
,349
,352
,355
,345
2026 05 20 19:22:12.399239,349
,353
,351
,342
,347
,361
,352
,348
,351
,355
,346
,350
,364
,361
2026 05 20 19:22:12.464542,358
,355
,360
,349
,346
,350
,354
,350
,347
,353
,354
,347
,347
,358
2026 05 20 19:22:12.526538,346
,345
,348
,358
,349
,348
,355
,357
,346
,348
,360
,350
,347
,348
2026 05 20 19:22:12.592009,355
,341
,340
,348
,351
,339
,345
,354
,356
,350
,353
,365
,358
,351
2026 05 20 19:22:12.653324,358
,362
,350
,355
,366
,361
,350
,355
,354
,348
,345
,348
,349
,343
2026 05 20 19:22:12.714584,346
,358
,352
,346
,349
,357
,353
,345
,348
,358
,350
,348
,356
,356
2026 05 20 19:22:12.779601,344
,348
,357
,357
,349
,354
,360
,352
,351
,356
,359
,351
,354
,359
2026 05 20 19:22:12.841281,359
,350
,351
,360
,353
,346
,352
,358
,353
,351
,363
,366
,356
,361
2026 05 20 19:22:12.907609,362
,354
,350
,356
,360
,350
,355
,362
,357
,342
,340
,344
,338
,327
2026 05 20 19:22:12.969175,330
,338
,333
,329
,338
,336
,332
,336
,345
,344
,336
,337
,344
,338
2026 05 20 19:22:13.029992,337
,341
,350
,334
,340
,346
,349
,343
,348
,357
,348
,346
,352
,358
2026 05 20 19:22:13.095650,348
,349
,354
,357
,342
,347
,356
,344
,343
,343
,353
,351
,355
,362
2026 05 20 19:22:13.156705,372
,354
,360
,363
,360
,349
,344
,352
,344
,339
,344
,347
,336
,336
2026 05 20 19:22:13.222713,344
,349
,339
,340
,356
,354
,349
,354
,354
,344
,349
,347
,356
,347
2026 05 20 19:22:13.284487,348
,357
,353
,345
,350
,354
,348
,349
,356
,358
,347
,351
,358
,357
2026 05 20 19:22:13.345801,347
,351
,354
,349
,344
,350
,341
,332
,332
,337
,334
,328
,332
,345
2026 05 20 19:22:13.411176,340
,346
,345
,351
,340
,343
,353
,355
,346
,346
,353
,350
,343
,345
2026 05 20 19:22:13.472790,353
,353
,346
,354
,359
,354
,350
,355
,356
,353
,358
,367
,360
,362
2026 05 20 19:22:13.537752,364
,364
,356
,353
,363
,359
,347
,351
,358
,357
,352
,353
,361
,350
2026 05 20 19:22:13.599164,350
,358
,359
,351
,353
,360
,353
,349
,348
,353
,340
,342
,351
,345
2026 05 20 19:22:13.660957,339
,346
,352
,348
,349
,353
,361
,356
,353
,353
,357
,342
,341
,350
2026 05 20 19:22:13.726430,346
,335
,341
,350
,344
,346
,357
,358
,348
,356
,361
,360
,346
,353
2026 05 20 19:22:13.787582,361
,353
,346
,344
,350
,342
,342
,350
,347
,339
,345
,350
,347
,341
2026 05 20 19:22:13.853506,346
,362
,355
,354
,364
,363
,346
,347
,355
,351
,347
,348
,357
,348
2026 05 20 19:22:13.914472,348
,358
,363
,351
,352
,357
,354
,343
,347
,359
,353
,352
,355
,359
2026 05 20 19:22:13.976291,352
,353
,361
,361
,356
,358
,366
,358
,353
,352
,363
,356
,353
,356
2026 05 20 19:22:14.041872,363
,352
,352
,359
,359
,350
,351
,358
,353
,352
,357
,360
,349
,351
2026 05 20 19:22:14.103705,361
,362
,354
,356
,357
,348
,342
,351
,354
,346
,346
,357
,355
,343
2026 05 20 19:22:14.169222,344
,351
,348
,339
,342
,351
,346
,343
,351
,352
,345
,350
,359
,363
2026 05 20 19:22:14.230213,350
,349
,355
,348
,343
,349
,353
,338
,345
,350
,348
,351
,358
,366
2026 05 20 19:22:14.291359,357
,350
,355
,358
,350
,349
,353
,355
,346
,345
,351
,350
,342
,347
2026 05 20 19:22:14.357686,359
,349
,346
,357
,357
,347
,349
,357
,354
,350
,348
,363
,355
,351
2026 05 20 19:22:14.419086,355
,362
,352
,354
,362
,361
,353
,354
,358
,356
,346
,354
,358
,343
2026 05 20 19:22:14.479567,347
,353
,354
,347
,349
,352
,348
,345
,350
,365
,360
,355
,365
,365
2026 05 20 19:22:14.545839,354
,354
,355
,353
,350
,352
,357
,348
,348
,351
,354
,345
,348
,356
2026 05 20 19:22:14.607423,356
,354
,349
,357
,358
,357
,361
,359
,353
,349
,350
,352
,343
,353
2026 05 20 19:22:14.672706,358
,351
,352
,358
,362
,355
,355
,360
,360
,347
,350
,361
,358
,353
2026 05 20 19:22:14.733987,354
,366
,360
,351
,357
,358
,348
,353
,357
,353
,348
,347
,357
,351
2026 05 20 19:22:14.795276,346
,350
,350
,342
,342
,351
,353
,341
,337
,350
,346
,341
,345
,358
2026 05 20 19:22:14.861152,347
,348
,352
,355
,343
,341
,344
,341
,335
,340
,352
,341
,342
,349
2026 05 20 19:22:14.922316,354
,342
,351
,359
,357
,346
,352
,359
,357
,351
,355
,365
,358
,354
2026 05 20 19:22:14.988203,362
,361
,350
,349
,366
,359
,351
,349
,359
,348
,349
,351
,355
,345
2026 05 20 19:22:15.049353,350
,362
,358
,345
,357
,363
,352
,355
,361
,364
,353
,354
,356
,361
2026 05 20 19:22:15.110549,351
,356
,363
,357
,355
,360
,364
,351
,356
,360
,362
,354
,354
,365
2026 05 20 19:22:15.175940,363
,355
,363
,364
,356
,347
,357
,362
,353
,359
,367
,363
,357
,362
2026 05 20 19:22:15.237845,375
,370
,365
,368
,373
,357
,359
,363
,362
,354
,357
,369
,357
,359
2026 05 20 19:22:15.303731,361
,364
,351
,348
,359
,358
,353
,359
,367
,359
,357
,362
,365
,360
2026 05 20 19:22:15.367954,356
,358
,360
,351
,351
,358
,355
,350
,352
,358
,351
,347
,350
,355
2026 05 20 19:22:15.425647,343
,343
,352
,352
,343
,348
,352
,350
,346
,347
,356
,348
,352
,356
2026 05 20 19:22:15.492168,352
,348
,350
,352
,346
,341
,351
,358
,351
,351
,361
,360
,350
,355
2026 05 20 19:22:15.553311,359
,355
,351
,348
,356
,346
,349
,354
,352
,345
,345
,351
,352
,340
2026 05 20 19:22:15.618821,346
,354
,346
,346
,352
,357
,354
,352
,356
,358
,350
,355
,367
,363
2026 05 20 19:22:15.679895,352
,358
,363
,354
,351
,353
,356
,347
,344
,349
,342
,341
,343
,356
2026 05 20 19:22:15.741241,349
,341
,348
,352
,339
,337
,350
,345
,335
,340
,351
,340
,343
,346
2026 05 20 19:22:15.806905,352
,343
,349
,353
,353
,347
,350
,358
,351
,349
,348
,354
,346
,346
2026 05 20 19:22:15.868285,353
,349
,341
,347
,353
,352
,344
,347
,353
,343
,337
,339
,340
,331
2026 05 20 19:22:15.933602,335
,350
,355
,348
,350
,357
,346
,350
,352
,355
,348
,348
,353
,349
2026 05 20 19:22:15.995895,342
,343
,351
,345
,342
,345
,341
,338
,349
,358
,358
,350
,354
,365
2026 05 20 19:22:16.056572,356
,353
,359
,363
,350
,349
,359
,361
,353
,352
,356
,350
,341
,342
2026 05 20 19:22:16.122220,350
,345
,342
,347
,348
,345
,349
,351
,355
,348
,351
,358
,347
,346
2026 05 20 19:22:16.183809,349
,352
,340
,344
,353
,355
,343
,346
,356
,349
,347
,351
,356
,350
2026 05 20 19:22:16.249122,347
,350
,350
,340
,341
,343
,336
,331
,334
,345
,342
,340
,342
,343
2026 05 20 19:22:16.311235,338
,340
,346
,344
,334
,346
,345
,346
,342
,342
,341
,336
,344
,353
2026 05 20 19:22:16.372220,352
,341
,342
,357
,346
,340
,343
,351
,335
,336
,342
,336
,325
,335
2026 05 20 19:22:16.438097,340
,335
,329
,339
,348
,347
,341
,347
,353
,342
,341
,346
,343
,337
2026 05 20 19:22:16.499211,339
,351
,347
,341
,347
,356
,351
,354
,361
,362
,353
,357
,361
,353
2026 05 20 19:22:16.564311,352
,358
,357
,350
,351
,351
,349
,336
,341
,352
,344
,338
,345
,357
2026 05 20 19:22:16.626283,345
,346
,344
,357
,345
,344
,351
,348
,340
,341
,354
,345
,344
,343
2026 05 20 19:22:16.688090,346
,334
,338
,350
,346
,342
,342
,356
,354
,348
,353
,358
,352
,352
2026 05 20 19:22:16.753565,353
,348
,334
,346
,352
,345
,341
,347
,346
,350
,347
,346
,345
,333
2026 05 20 19:22:16.814408,339
,352
,347
,331
,337
,342
,337
,330
,344
,355
,343
,344
,348
,353
2026 05 20 19:22:16.879423,344
,349
,352
,344
,336
,341
,350
,344
,347
,357
,360
,347
,351
,359
2026 05 20 19:22:16.942628,352
,351
,357
,363
,354
,356
,362
,370
,358
,351
,361
,358
,350
,346
2026 05 20 19:22:17.003226,362
,355
,356
,359
,367
,362
,364
,375
,372
,363
,357
,369
,361
,348
2026 05 20 19:22:17.069170,360
,364
,357
,350
,353
,360
,344
,340
,350
,347
,338
,344
,355
,344
2026 05 20 19:22:17.130012,339
,344
,352
,344
,341
,352
,349
,335
,343
,350
,347
,344
,355
,365
2026 05 20 19:22:17.195988,356
,352
,361
,360
,347
,351
,360
,356
,355
,360
,369
,367
,362
,366
2026 05 20 19:22:17.257025,369
,356
,358
,369
,362
,356
,361
,371
,355
,355
,355
,361
,356
,361
2026 05 20 19:22:17.317695,369
,362
,350
,352
,355
,347
,340
,339
,345
,339
,336
,345
,343
,336
2026 05 20 19:22:17.383522,345
,351
,346
,342
,344
,344
,334
,339
,344
,349
,334
,340
,352
,352
2026 05 20 19:22:17.445938,348
,349
,360
,353
,351
,357
,359
,345
,343
,357
,352
,344
,351
,354
2026 05 20 19:22:17.511231,343
,347
,357
,357
,351
,357
,365
,368
,354
,357
,366
,359
,354
,359
2026 05 20 19:22:17.573044,357
,343
,339
,350
,352
,339
,346
,358
,353
,346
,347
,356
,350
,356
2026 05 20 19:22:17.634244,359
,358
,349
,356
,363
,356
,350
,358
,370
,361
,362
,365
,368
,359
2026 05 20 19:22:17.699511,361
,372
,368
,356
,357
,367
,358
,349
,358
,368
,358
,353
,364
,359
2026 05 20 19:22:17.761076,349
,349
,352
,343
,341
,346
,354
,341
,346
,345
,346
,335
,340
,345
2026 05 20 19:22:17.826462,348
,339
,345
,349
,341
,341
,339
,344
,335
,332
,351
,342
,344
,348
2026 05 20 19:22:17.887741,361
,350
,347
,360
,366
,355
,357
,368
,360
,351
,356
,357
,349
,345
2026 05 20 19:22:17.949441,354
,361
,343
,347
,356
,359
,350
,353
,362
,354
,354
,354
,357
,346
2026 05 20 19:22:18.014261,350
,355
,358
,345
,348
,359
,356
,352
,357
,364
,356
,350
,353
,352
2026 05 20 19:22:18.076580,351
,354
,356
,352
,349
,348
,357
,352
,348
,349
,354
,344
,350
,357
2026 05 20 19:22:18.141881,362
,352
,359
,360
,350
,352
,356
,362
,352
,351
,353
,350
,341
,343
2026 05 20 19:22:18.203418,349
,345
,338
,343
,353
,338
,340
,349
,351
,346
,348
,355
,353
,345
2026 05 20 19:22:18.264536,352
,360
,352
,347
,354
,358
,347
,351
,360
,358
,350
,361
,374
,365
2026 05 20 19:22:18.329871,361
,367
,369
,357
,358
,364
,365
,354
,358
,373
,372
,359
,357
,366
2026 05 20 19:22:18.391389,363
,360
,369
,371
,357
,360
,369
,363
,355
,357
,365
,360
,361
,363
2026 05 20 19:22:18.457227,369
,356
,354
,362
,366
,356
,357
,362
,356
,357
,361
,363
,352
,354
2026 05 20 19:22:18.518280,371
,362
,357
,351
,360
,353
,349
,352
,356
,341
,347
,351
,353
,350
2026 05 20 19:22:18.579739,355
,356
,356
,344
,346
,355
,343
,342
,344
,354
,348
,350
,357
,350
2026 05 20 19:22:18.645678,344
,344
,358
,348
,352
,359
,360
,350
,353
,360
,355
,344
,355
,360
2026 05 20 19:22:18.707266,353
,350
,356
,360
,353
,354
,357
,361
,350
,354
,360
,351
,345
,344
2026 05 20 19:22:18.769138,352
,351
,353
,354
,357
,346
,348
,362
,358
,348
,345
,362
,352
,345
2026 05 20 19:22:18.834009,349
,356
,347
,344
,352
,351
,342
,343
,352
,349
,347
,353
,355
,344
2026 05 20 19:22:18.895847,344
,356
,356
,340
,342
,354
,349
,340
,345
,358
,345
,347
,352
,353
2026 05 20 19:22:18.960704,344
,349
,359
,356
,346
,348
,356
,355
,354
,355
,355
,353
,353
,358
2026 05 20 19:22:19.022959,357
,347
,349
,359
,357
,351
,353
,364
,355
,354
,362
,358
,348
,352
2026 05 20 19:22:19.084265,358
,356
,347
,351
,356
,355
,349
,352
,355
,347
,352
,363
,367
,358
2026 05 20 19:22:19.149227,360
,373
,359
,356
,358
,362
,350
,357
,362
,355
,348
,348
,359
,352
2026 05 20 19:22:19.210626,347
,350
,356
,348
,347
,354
,358
,355
,356
,366
,355
,349
,358
,359
2026 05 20 19:22:19.276545,349
,349
,351
,351
,345
,344
,351
,344
,341
,343
,358
,344
,343
,350
2026 05 20 19:22:19.337979,352
,341
,344
,355
,352
,341
,349
,360
,357
,351
,352
,354
,347
,342
2026 05 20 19:22:19.399038,352
,353
,347
,349
,357
,353
,342
,347
,355
,350
,349
,353
,356
,341
2026 05 20 19:22:19.465130,351
,357
,353
,346
,347
,354
,351
,347
,351
,360
,349
,349
,356
,353
2026 05 20 19:22:19.525100,349
,351
,355
,354
,351
,352
,362
,355
,354
,361
,362
,353
,359
,369
2026 05 20 19:22:19.591931,365
,358
,361
,371
,359
,362
,364
,358
,345
,344
,358
,362
,347
,353
2026 05 20 19:22:19.653321,359
,355
,351
,358
,357
,347
,355
,355
,355
,345
,346
,357
,350
,345
2026 05 20 19:22:19.714610,351
,355
,340
,336
,339
,342
,338
,342
,346
,346
,341
,345
,349
,341
2026 05 20 19:22:19.779932,340
,342
,343
,335
,336
,350
,346
,330
,344
,351
,346
,345
,345
,342
2026 05 20 19:22:19.841034,342
,337
,347
,346
,339
,341
,351
,342
,340
,348
,349
,345
,348
,356
2026 05 20 19:22:19.907189,350
,342
,341
,355
,350
,349
,346
,353
,344
,342
,345
,346
,335
,336
2026 05 20 19:22:19.968744,351
,347
,342
,342
,353
,348
,346
,351
,352
,346
,352
,358
,360
,350
2026 05 20 19:22:20.032106,344
,355
,347
,343
,346
,352
,343
,343
,357
,355
,343
,353
,364
,356
2026 05 20 19:22:20.096018,352
,360
,365
,355
,359
,360
,358
,347
,351
,356
,351
,352
,351
,361
2026 05 20 19:22:20.157130,350
,351
,352
,357
,348
,343
,360
,356
,349
,350
,363
,355
,349
,357
2026 05 20 19:22:20.222276,362
,354
,350
,359
,360
,349
,357
,365
,359
,354
,355
,368
,356
,359
2026 05 20 19:22:20.284126,358
,362
,346
,347
,355
,348
,343
,347
,352
,344
,339
,340
,340
,331
2026 05 20 19:22:20.345602,337
,345
,342
,338
,342
,361
,350
,344
,352
,362
,350
,346
,353
,353
2026 05 20 19:22:20.410364,341
,347
,354
,347
,347
,345
,356
,350
,349
,357
,356
,346
,355
,361
2026 05 20 19:22:20.471979,356
,349
,354
,360
,341
,342
,353
,354
,346
,353
,358
,355
,344
,350
2026 05 20 19:22:20.538271,360
,351
,353
,360
,363
,351
,351
,363
,358
,339
,350
,358
,350
,345
2026 05 20 19:22:20.599042,350
,359
,349
,348
,355
,360
,345
,346
,352
,343
,341
,343
,344
,337
2026 05 20 19:22:20.660423,343
,348
,344
,333
,338
,344
,352
,341
,344
,355
,347
,344
,352
,356
2026 05 20 19:22:20.726430,345
,345
,354
,350
,340
,341
,356
,349
,343
,350
,356
,342
,351
,355
2026 05 20 19:22:20.788007,354
,341
,349
,360
,356
,348
,351
,359
,349
,353
,363
,364
,349
,349
2026 05 20 19:22:20.853008,354
,353
,342
,346
,361
,355
,350
,358
,365
,348
,343
,355
,359
,349
2026 05 20 19:22:20.914227,345
,362
,358
,346
,346
,363
,352
,349
,355
,360
,350
,348
,362
,362
2026 05 20 19:22:20.977052,350
,356
,364
,350
,353
,352
,356
,351
,356
,368
,366
,357
,363
,374
2026 05 20 19:22:21.041497,365
,362
,364
,366
,358
,356
,364
,352
,344
,346
,351
,342
,343
,348
2026 05 20 19:22:21.103381,355
,345
,349
,354
,361
,343
,343
,356
,347
,334
,336
,340
,328
,331
2026 05 20 19:22:21.168751,331
,342
,333
,340
,347
,343
,334
,337
,348
,345
,343
,350
,350
,336
2026 05 20 19:22:21.229704,335
,346
,341
,341
,344
,355
,343
,335
,345
,344
,333
,336
,344
,348
2026 05 20 19:22:21.291196,329
,330
,371
,356
,366
,346
,355
,365
,353
,356
,355
,340
,363
,359
2026 05 20 19:22:21.357197,379
,367
,366
,375
,356
,355
,365
,368
,353
,351
,361
,358
,345
,350
2026 05 20 19:22:21.418682,358
,361
,358
,347
,368
,366
,365
,373
,366
,353
,349
,352
,343
,340
2026 05 20 19:22:21.484049,341
,343
,330
,338
,352
,333
,334
,348
,349
,353
,346
,353
,365
,354
2026 05 20 19:22:21.545610,348
,355
,357
,336
,351
,356
,351
,344
,348
,358
,349
,342
,353
,352
2026 05 20 19:22:21.607126,344
,354
,361
,362
,349
,348
,355
,347
,349
,351
,358
,352
,350
,357
2026 05 20 19:22:21.672568,356
,346
,347
,361
,354
,349
,350
,359
,346
,346
,347
,350
,342
,348
2026 05 20 19:22:21.734065,355
,353
,351
,351
,355
,348
,345
,347
,350
,347
,346
,357
,345
,335
2026 05 20 19:22:21.799363,342
,346
,338
,336
,341
,355
,340
,343
,355
,347
,345
,348
,352
,351
2026 05 20 19:22:21.860982,346
,350
,359
,348
,349
,356
,359
,353
,353
,363
,357
,351
,357
,370
2026 05 20 19:22:21.922270,362
,364
,367
,362
,349
,357
,365
,355
,350
,360
,372
,359
,357
,359
2026 05 20 19:22:21.987930,367
,356
,355
,360
,357
,348
,358
,362
,358
,354
,357
,365
,350
,347
2026 05 20 19:22:22.061084,360
,358
,352
,357
,368
,363
,350
,348
,363
,358
,356
,365
,370
,358
2026 05 20 19:22:22.113983,357
,366
,362
,351
,357
,362
,349
,350
,356
,359
,346
,353
,365
,354
2026 05 20 19:22:22.176344,341
,349
,364
,358
,353
,361
,372
,363
,356
,364
,364
,350
,353
,365
2026 05 20 19:22:22.237666,360
,357
,366
,374
,363
,360
,370
,371
,355
,356
,371
,366
,357
,363
2026 05 20 19:22:22.302301,369
,362
,357
,361
,367
,356
,356
,370
,364
,357
,362
,370
,360
,356
2026 05 20 19:22:22.365010,363
,373
,360
,365
,367
,370
,354
,362
,366
,363
,357
,363
,365
,353
2026 05 20 19:22:22.430186,354
,363
,367
,354
,362
,367
,363
,355
,360
,368
,357
,354
,360
,362
2026 05 20 19:22:22.491738,351
,354
,359
,356
,345
,353
,359
,358
,361
,369
,370
,356
,358
,364
2026 05 20 19:22:22.552641,362
,348
,353
,358
,349
,345
,349
,356
,347
,342
,352
,352
,338
,340
2026 05 20 19:22:22.618925,353
,354
,341
,341
,352
,349
,349
,356
,354
,346
,349
,356
,356
,350
2026 05 20 19:22:22.679412,348
,357
,348
,342
,346
,350
,338
,338
,351
,348
,335
,342
,352
,345
2026 05 20 19:22:22.741476,345
,348
,352
,340
,343
,350
,355
,345
,351
,358
,350
,343
,349
,358
2026 05 20 19:22:22.807096,345
,351
,353
,352
,340
,341
,353
,352
,343
,345
,352
,344
,340
,342
2026 05 20 19:22:22.867474,352
,342
,344
,352
,349
,340
,342
,350
,348
,344
,344
,352
,343
,339
2026 05 20 19:22:22.934213,349
,350
,339
,341
,350
,347
,345
,344
,354
,342
,335
,349
,352
,339
2026 05 20 19:22:22.995171,345
,348
,348
,341
,345
,349
,347
,345
,348
,349
,344
,355
,358
,354
2026 05 20 19:22:23.057097,345
,352
,355
,349
,342
,349
,349
,337
,339
,344
,345
,335
,340
,351
2026 05 20 19:22:23.122612,348
,342
,348
,353
,339
,344
,349
,355
,340
,340
,348
,345
,333
,335
2026 05 20 19:22:23.183300,346
,338
,344
,351
,355
,350
,348
,358
,356
,348
,361
,370
,357
,356
2026 05 20 19:22:23.249349,357
,364
,354
,357
,358
,356
,348
,351
,359
,358
,352
,354
,366
,357
2026 05 20 19:22:23.311039,354
,359
,362
,353
,361
,367
,360
,353
,357
,363
,352
,345
,354
,365
2026 05 20 19:22:23.372342,359
,355
,361
,363
,351
,355
,363
,358
,357
,368
,369
,356
,356
,364
2026 05 20 19:22:23.437872,361
,350
,356
,366
,362
,353
,357
,364
,359
,354
,359
,363
,351
,353
2026 05 20 19:22:23.499465,359
,359
,350
,354
,360
,350
,349
,355
,361
,351
,349
,356
,357
,351
2026 05 20 19:22:23.564534,352
,362
,361
,352
,358
,361
,350
,351
,357
,362
,348
,356
,364
,358
2026 05 20 19:22:23.626430,352
,358
,364
,358
,362
,362
,369
,354
,357
,361
,363
,349
,355
,358
2026 05 20 19:22:23.687595,351
,342
,347
,351
,344
,345
,354
,346
,345
,350
,362
,350
,345
,354
2026 05 20 19:22:23.752959,358
,347
,348
,360
,362
,351
,353
,359
,345
,334
,344
,352
,339
,341
2026 05 20 19:22:23.814759,342
,351
,341
,345
,357
,357
,350
,357
,366
,357
,352
,357
,367
,362
2026 05 20 19:22:23.879282,357
,362
,360
,351
,351
,360
,349
,346
,353
,359
,351
,355
,361
,363
2026 05 20 19:22:23.941699,350
,355
,365
,354
,345
,351
,358
,347
,347
,353
,356
,344
,349
,351
2026 05 20 19:22:24.003170,345
,338
,346
,352
,353
,343
,348
,361
,347
,355
,361
,362
,350
,356
2026 05 20 19:22:24.068019,365
,361
,350
,352
,360
,350
,348
,354
,354
,337
,346
,359
,354
,342
2026 05 20 19:22:24.130162,351
,356
,343
,346
,352
,358
,351
,347
,356
,358
,350
,356
,357
,348
2026 05 20 19:22:24.195751,349
,361
,364
,349
,351
,357
,359
,347
,351
,361
,350
,348
,347
,358
2026 05 20 19:22:24.256272,348
,351
,359
,357
,348
,354
,360
,360
,346
,348
,355
,345
,345
,347
2026 05 20 19:22:24.317859,354
,342
,349
,357
,352
,347
,355
,360
,348
,348
,350
,356
,344
,346
2026 05 20 19:22:24.384539,354
,351
,344
,349
,352
,338
,337
,345
,348
,336
,332
,340
,344
,333
2026 05 20 19:22:24.445427,336
,350
,346
,337
,342
,353
,345
,351
,352
,353
,344
,348
,357
,354
2026 05 20 19:22:24.511055,346
,348
,364
,352
,352
,353
,357
,348
,347
,359
,360
,356
,359
,367
2026 05 20 19:22:24.572744,357
,352
,358
,355
,340
,340
,346
,348
,337
,340
,353
,352
,343
,344
2026 05 20 19:22:24.633124,352
,344
,346
,350
,350
,341
,350
,359
,353
,347
,357
,357
,345
,344
2026 05 20 19:22:24.699361,355
,365
,342
,347
,356
,350
,345
,344
,351
,350
,349
,354
,350
,341
2026 05 20 19:22:24.760821,340
,352
,353
,339
,344
,355
,349
,344
,348
,358
,352
,347
,350
,349
2026 05 20 19:22:24.826312,345
,353
,359
,357
,352
,355
,357
,353
,351
,354
,359
,340
,350
,361
2026 05 20 19:22:24.887845,353
,346
,350
,357
,354
,349
,350
,358
,352
,351
,356
,354
,341
,350
2026 05 20 19:22:24.949115,357
,357
,348
,353
,363
,348
,348
,356
,357
,347
,357
,353
,353
,347
2026 05 20 19:22:25.014845,351
,360
,341
,342
,352
,358
,342
,345
,351
,348
,343
,346
,355
,350
2026 05 20 19:22:25.076313,349
,356
,357
,344
,346
,348
,344
,333
,334
,341
,336
,336
,344
,353
2026 05 20 19:22:25.140950,344
,351
,359
,356
,343
,348
,358
,358
,343
,337
,349
,343
,340
,352
2026 05 20 19:22:25.203164,358
,337
,339
,348
,346
,350
,356
,364
,357
,356
,362
,360
,343
,341
2026 05 20 19:22:25.264895,350
,348
,338
,347
,356
,347
,343
,346
,355
,346
,348
,356
,352
,341
2026 05 20 19:22:25.329471,347
,358
,351
,343
,345
,352
,346
,342
,347
,355
,347
,346
,352
,344
2026 05 20 19:22:25.390919,337
,347
,355
,352
,344
,348
,351
,345
,345
,352
,351
,340
,347
,352
2026 05 20 19:22:25.457040,346
,341
,346
,353
,346
,351
,352
,346
,338
,346
,351
,348
,340
,348
2026 05 20 19:22:25.518463,352
,348
,348
,356
,358
,344
,341
,350
,353
,343
,338
,348
,343
,343
2026 05 20 19:22:25.580501,351
,362
,351
,355
,356
,352
,344
,340
,346
,346
,344
,340
,355
,353
2026 05 20 19:22:25.645886,352
,351
,353
,352
,353
,360
,354
,350
,352
,361
,354
,354
,353
,354
2026 05 20 19:22:25.706216,346
,350
,352
,344
,342
,351
,355
,353
,353
,356
,360
,351
,354
,359
2026 05 20 19:22:25.772485,357
,344
,346
,353
,346
,341
,348
,356
,343
,347
,350
,352
,349
,354
2026 05 20 19:22:25.835093,361
,353
,348
,355
,365
,356
,350
,354
,365
,351
,353
,356
,354
,352
2026 05 20 19:22:25.895217,353
,361
,354
,350
,359
,367
,354
,350
,356
,354
,342
,343
,350
,342
2026 05 20 19:22:25.959955,340
,342
,355
,351
,351
,360
,359
,351
,357
,363
,360
,348
,356
,363
2026 05 20 19:22:26.021352,354
,346
,356
,353
,343
,349
,358
,351
,344
,347
,354
,350
,349
,356
2026 05 20 19:22:26.087663,363
,354
,355
,349
,348
,337
,341
,354
,354
,349
,352
,358
,352
,351
2026 05 20 19:22:26.149360,350
,348
,339
,341
,354
,353
,350
,352
,363
,357
,356
,360
,364
,342
2026 05 20 19:22:26.210092,343
,353
,351
,344
,350
,364
,346
,348
,359
,364
,357
,356
,362
,365
2026 05 20 19:22:26.276550,356
,357
,362
,352
,356
,357
,365
,356
,354
,362
,356
,345
,357
,364
2026 05 20 19:22:26.337550,353
,346
,349
,366
,352
,352
,357
,368
,358
,352
,362
,366
,358
,366
2026 05 20 19:22:26.403410,369
,357
,348
,352
,355
,350
,356
,359
,353
,341
,348
,358
,351
,344
2026 05 20 19:22:26.464256,349
,356
,351
,356
,363
,361
,353
,352
,351
,351
,341
,353
,352
,344
2026 05 20 19:22:26.526566,345
,361
,364
,349
,347
,356
,353
,342
,340
,356
,353
,348
,349
,357
2026 05 20 19:22:26.591393,347
,348
,357
,356
,351
,349
,357
,347
,347
,358
,360
,351
,353
,357
2026 05 20 19:22:26.653068,359
,354
,355
,361
,355
,351
,351
,359
,348
,344
,353
,359
,350
,355
2026 05 20 19:22:26.718675,371
,356
,347
,347
,356
,349
,351
,351
,357
,350
,353
,365
,360
,347
2026 05 20 19:22:26.779931,346
,347
,344
,341
,349
,354
,350
,354
,359
,360
,345
,347
,357
,355
2026 05 20 19:22:26.841022,346
,348
,361
,347
,346
,352
,359
,348
,353
,351
,343
,337
,340
,351
2026 05 20 19:22:26.907235,347
,342
,346
,350
,337
,345
,355
,353
,344
,345
,356
,344
,342
,347
2026 05 20 19:22:26.967920,357
,347
,351
,346
,347
,334
,344
,353
,343
,334
,339
,345
,333
,334
2026 05 20 19:22:27.029493,346
,342
,333
,343
,351
,348
,342
,346
,357
,348
,338
,339
,348
,336
2026 05 20 19:22:27.095493,337
,346
,348
,339
,341
,350
,347
,342
,340
,349
,334
,332
,343
,343
2026 05 20 19:22:27.156443,332
,335
,344
,339
,336
,345
,354
,344
,336
,349
,345
,340
,340
,352
2026 05 20 19:22:27.221316,346
,343
,349
,356
,347
,342
,345
,352
,342
,347
,355
,352
,340
,350
2026 05 20 19:22:27.283108,357
,353
,345
,349
,357
,350
,350
,354
,354
,350
,346
,352
,347
,343
2026 05 20 19:22:27.344629,357
,354
,336
,338
,349
,350
,341
,346
,354
,356
,350
,354
,366
,353
2026 05 20 19:22:27.410834,351
,356
,352
,350
,346
,352
,351
,346
,350
,357
,351
,341
,343
,347
2026 05 20 19:22:27.471876,340
,345
,354
,350
,339
,344
,354
,350
,339
,341
,349
,336
,339
,343
2026 05 20 19:22:27.537766,348
,333
,338
,348
,347
,344
,341
,352
,349
,352
,357
,356
,351
,357
2026 05 20 19:22:27.600092,367
,366
,350
,357
,367
,366
,357
,359
,357
,350
,358
,364
,362
,356
2026 05 20 19:22:27.660668,355
,367
,364
,356
,356
,374
,366
,360
,363
,361
,355
,355
,355
,348
2026 05 20 19:22:27.725509,342
,347
,353
,350
,346
,352
,355
,340
,338
,348
,347
,339
,335
,346
2026 05 20 19:22:27.787114,343
,337
,345
,349
,344
,341
,349
,353
,350
,347
,358
,351
,345
,345
2026 05 20 19:22:27.853197,347
,334
,334
,347
,342
,336
,348
,356
,348
,348
,346
,352
,344
,347
2026 05 20 19:22:27.916077,347
,351
,345
,346
,348
,357
,347
,356
,362
,357
,357
,354
,361
,355
2026 05 20 19:22:27.975559,353
,354
,355
,345
,343
,354
,350
,341
,346
,347
,336
,342
,348
,350
2026 05 20 19:22:28.040825,342
,341
,343
,343
,338
,339
,349
,345
,348
,349
,349
,345
,352
,360
2026 05 20 19:22:28.102549,355
,349
,345
,357
,345
,342
,355
,352
,347
,358
,362
,366
,359
,354
2026 05 20 19:22:28.168705,357
,358
,350
,349
,352
,347
,343
,357
,364
,354
,353
,368
,363
,363
2026 05 20 19:22:28.234554,357
,360
,351
,352
,352
,355
,342
,348
,357
,352
,345
,352
,360
,359
2026 05 20 19:22:28.291435,349
,348
,356
,347
,335
,346
,359
,345
,349
,354
,354
,354
,358
,363
2026 05 20 19:22:28.356964,352
,351
,348
,349
,334
,352
,355
,355
,350
,341
,351
,342
,340
,347
2026 05 20 19:22:28.417593,355
,341
,337
,353
,357
,342
,343
,342
,337
,330
,342
,344
,339
,335
2026 05 20 19:22:28.483509,336
,345
,333
,334
,338
,348
,350
,350
,342
,350
,345
,344
,344
,343
2026 05 20 19:22:28.545455,351
,346
,342
,347
,350
,353
,345
,353
,348
,349
,349
,357
,352
,356
2026 05 20 19:22:28.606078,355
,350
,349
,347
,354
,354
,348
,340
,350
,354
,350
,344
,349
,350
2026 05 20 19:22:28.672391,343
,354
,348
,348
,342
,344
,343
,343
,350
,350
,352
,340
,345
,345
2026 05 20 19:22:28.734235,346
,334
,331
,343
,334
,350
,357
,346
,344
,329
,351
,357
,357
,344
2026 05 20 19:22:28.799209,345
,364
,339
,352
,359
,350
,337
,347
,341
,347
,340
,326
,352
,348
2026 05 20 19:22:28.860859,336
,350
,347
,336
,339
,357
,345
,337
,348
,344
,335
,337
,332
,338
2026 05 20 19:22:28.921854,342
,346
,345
,349
,345
,355
,353
,347
,339
,359
,362
,357
,352
,355
2026 05 20 19:22:28.987726,353
,360
,354
,346
,352
,346
,355
,361
,352
,352
,354
,357
,352
,351
2026 05 20 19:22:29.049085,349
,345
,346
,337
,338
,340
,345
,346
,350
,344
,363
,359
,365
,359
2026 05 20 19:22:29.115973,351
,343
,344
,345
,341
,348
,342
,353
,352
,334
,334
,339
,341
,334
2026 05 20 19:22:29.176259,337
,343
,349
,342
,341
,347
,338
,345
,351
,350
,350
,347
,351
,354
2026 05 20 19:22:29.237124,350
,354
,351
,349
,340
,347
,348
,349
,342
,343
,341
,335
,340
,336
2026 05 20 19:22:29.302780,340
,339
,337
,346
,342
,329
,330
,331
,325
,325
,333
,341
,337
,346
2026 05 20 19:22:29.364771,348
,357
,349
,352
,350
,348
,345
,347
,344
,344
,345
,346
,349
,350
2026 05 20 19:22:29.430121,347
,347
,346
,345
,349
,354
,345
,345
,353
,350
,336
,341
,349
,346
2026 05 20 19:22:29.491306,340
,338
,340
,333
,339
,348
,351
,351
,353
,361
,356
,358
,359
,361
2026 05 20 19:22:29.552427,361
,358
,365
,357
,350
,355
,352
,359
,355
,353
,355
,360
,362
,359
2026 05 20 19:22:29.617823,364
,360
,365
,360
,361
,367
,359
,370
,365
,358
,360
,358
,363
,356
2026 05 20 19:22:29.679218,357
,355
,350
,353
,352
,351
,347
,354
,362
,356
,359
,361
,365
,357
2026 05 20 19:22:29.744774,363
,355
,350
,352
,355
,351
,353
,350
,350
,346
,340
,339
,344
,346
2026 05 20 19:22:29.807159,345
,346
,347
,339
,342
,345
,351
,350
,349
,349
,352
,350
,359
,361
2026 05 20 19:22:29.867939,361
,359
,359
,353
,355
,356
,360
,359
,355
,356
,357
,352
,347
,354
2026 05 20 19:22:29.934091,356
,353
,349
,361
,359
,353
,355
,353
,352
,348
,349
,351
,357
,358
2026 05 20 19:22:29.994619,360
,361
,360
,359
,361
,363
,357
,361
,362
,359
,356
,358
,362
,361
2026 05 20 19:22:30.060268,363
,371
,372
,369
,375
,375
,372
,360
,366
,365
,354
,358
,359
,366
2026 05 20 19:22:30.122458,363
,371
,367
,369
,367
,374
,373
,363
,361
,359
,358
,351
,354
,361
2026 05 20 19:22:30.183009,355
,348
,356
,355
,353
,350
,360
,360
,348
,343
,340
,336
,331
,340
2026 05 20 19:22:30.249409,346
,341
,345
,348
,350
,346
,347
,357
,355
,350
,355
,358
,354
,348
2026 05 20 19:22:30.310818,354
,349
,342
,334
,339
,340
,336
,340
,344
,346
,342
,346
,357
,358
2026 05 20 19:22:30.376168,352
,363
,360
,357
,356
,359
,356
,353
,359
,364
,356
,355
,365
,368
2026 05 20 19:22:30.437759,360
,365
,372
,369
,369
,366
,367
,366
,361
,370
,366
,357
,353
,360
2026 05 20 19:22:30.499420,354
,354
,358
,360
,361
,354
,357
,365
,365
,359
,366
,363
,357
,358
2026 05 20 19:22:30.564501,360
,354
,350
,353
,361
,357
,353
,361
,362
,361
,358
,366
,366
,359
2026 05 20 19:22:30.626135,369
,370
,369
,362
,370
,372
,362
,353
,360
,373
,368
,373
,372
,374
2026 05 20 19:22:30.687530,375
,379
,381
,370
,377
,378
,384
,380
,377
,375
,368
,357
,364
,368
2026 05 20 19:22:30.753294,363
,364
,364
,366
,362
,360
,363
,359
,356
,361
,361
,358
,356
,369
2026 05 20 19:22:30.814109,374
,364
,366
,366
,367
,366
,374
,379
,377
,374
,381
,376
,377
,364
2026 05 20 19:22:30.880253,374
,374
,362
,363
,365
,367
,360
,365
,366
,373
,372
,378
,385
,377
2026 05 20 19:22:30.940746,377
,381
,380
,371
,376
,379
,377
,369
,376
,375
,368
,368
,370
,370
2026 05 20 19:22:31.002898,362
,367
,368
,366
,363
,377
,382
,376
,376
,376
,379
,377
,377
,378
2026 05 20 19:22:31.067956,380
,379
,377
,383
,379
,375
,381
,380
,376
,373
,381
,377
,371
,381
2026 05 20 19:22:31.130253,388
,389
,384
,393
,396
,387
,387
,391
,385
,374
,371
,370
,367
,364
2026 05 20 19:22:31.195428,363
,366
,369
,371
,378
,378
,369
,374
,380
,378
,377
,384
,378
,371
2026 05 20 19:22:31.256464,368
,369
,370
,359
,356
,362
,363
,362
,367
,374
,368
,365
,371
,373
2026 05 20 19:22:31.317579,368
,360
,362
,368
,356
,358
,357
,353
,350
,356
,359
,362
,361
,362
2026 05 20 19:22:31.383443,363
,357
,363
,360
,364
,362
,365
,366
,364
,356
,363
,361
,356
,358
2026 05 20 19:22:31.444889,359
,356
,352
,350
,356
,361
,358
,362
,363
,359
,350
,352
,355
,349
2026 05 20 19:22:31.510288,356
,354
,354
,346
,351
,347
,351
,353
,356
,356
,349
,354
,354
,350
2026 05 20 19:22:31.572079,348
,356
,357
,351
,349
,352
,361
,358
,358
,359
,355
,350
,353
,356
2026 05 20 19:22:31.633395,352
,345
,353
,345
,338
,335
,335
,336
,332
,338
,348
,347
,347
,352
2026 05 20 19:22:31.699222,352
,348
,341
,348
,352
,347
,350
,353
,346
,343
,347
,348
,341
,339
2026 05 20 19:22:31.760261,347
,349
,349
,352
,356
,357
,349
,361
,358
,351
,342
,347
,347
,347
2026 05 20 19:22:31.826345,343
,344
,345
,345
,344
,341
,337
,339
,348
,351
,349
,345
,348
,353
2026 05 20 19:22:31.886721,347
,347
,347
,347
,343
,346
,343
,340
,338
,341
,342
,339
,338
,345
2026 05 20 19:22:31.949159,347
,341
,352
,354
,350
,350
,357
,358
,352
,349
,350
,342
,330
,326
2026 05 20 19:22:32.014044,333
,338
,327
,338
,345
,346
,345
,354
,355
,349
,347
,352
,351
,342
2026 05 20 19:22:32.075551,347
,347
,340
,334
,338
,337
,330
,331
,334
,331
,330
,332
,337
,335
2026 05 20 19:22:32.141349,333
,340
,338
,340
,337
,344
,342
,337
,333
,340
,338
,332
,339
,343
2026 05 20 19:22:32.203060,339
,338
,342
,343
,339
,337
,335
,334
,327
,332
,334
,332
,329
,337
2026 05 20 19:22:32.264287,341
,336
,335
,337
,337
,329
,334
,336
,332
,329
,333
,329
,329
,323
2026 05 20 19:22:32.329083,329
,328
,324
,329
,333
,329
,324
,335
,337
,332
,332
,342
,342
,338
2026 05 20 19:22:32.391415,340
,338
,342
,337
,346
,347
,338
,330
,336
,334
,326
,332
,335
,337
2026 05 20 19:22:32.456984,339
,346
,346
,342
,341
,349
,346
,344
,346
,353
,347
,344
,344
,349
2026 05 20 19:22:32.518733,351
,343
,349
,353
,345
,342
,343
,343
,339
,341
,339
,344
,339
,342
2026 05 20 19:22:32.579466,345
,341
,341
,341
,338
,340
,345
,344
,346
,339
,343
,348
,346
,344
2026 05 20 19:22:32.645789,346
,348
,337
,337
,344
,338
,335
,346
,347
,341
,338
,345
,344
,344
2026 05 20 19:22:32.706729,338
,346
,345
,340
,340
,344
,346
,337
,348
,344
,343
,345
,344
,345
2026 05 20 19:22:32.772309,338
,339
,342
,346
,342
,355
,357
,352
,345
,351
,347
,341
,343
,347
2026 05 20 19:22:32.834013,348
,341
,346
,346
,348
,346
,350
,343
,343
,344
,348
,352
,350
,352
2026 05 20 19:22:32.894775,351
,348
,343
,345
,349
,341
,339
,347
,343
,344
,343
,344
,344
,342
2026 05 20 19:22:32.960656,344
,346
,339
,342
,343
,339
,334
,332
,338
,332
,327
,336
,341
,343
2026 05 20 19:22:33.023019,343
,342
,342
,343
,341
,343
,342
,336
,336
,335
,335
,336
,344
,342
2026 05 20 19:22:33.086768,334
,339
,344
,346
,340
,339
,342
,343
,337
,345
,347
,340
,341
,346
2026 05 20 19:22:33.149171,345
,337
,339
,338
,340
,334
,337
,335
,335
,330
,333
,332
,328
,327
2026 05 20 19:22:33.210163,336
,336
,332
,334
,337
,336
,334
,340
,339
,335
,334
,339
,338
,333
2026 05 20 19:22:33.276169,334
,345
,343
,341
,344
,343
,341
,341
,344
,343
,344
,343
,351
,350
2026 05 20 19:22:33.337362,348
,355
,352
,353
,345
,355
,362
,353
,345
,349
,350
,345
,343
,345
2026 05 20 19:22:33.403103,345
,342
,349
,341
,345
,339
,346
,348
,340
,340
,337
,339
,336
,340
2026 05 20 19:22:33.464365,339
,341
,333
,342
,346
,343
,339
,348
,346
,336
,341
,349
,344
,341
2026 05 20 19:22:33.525848,351
,343
,338
,343
,336
,335
,326
,332
,328
,335
,327
,331
,342
,339
2026 05 20 19:22:33.591566,335
,339
,345
,338
,338
,346
,344
,343
,350
,345
,338
,340
,348
,346
2026 05 20 19:22:33.653120,345
,344
,351
,352
,342
,350
,355
,359
,353
,355
,350
,347
,347
,359
2026 05 20 19:22:33.717615,355
,350
,348
,354
,356
,356
,361
,355
,352
,351
,356
,354
,347
,343
2026 05 20 19:22:33.779183,348
,346
,341
,340
,336
,336
,333
,340
,342
,333
,332
,343
,345
,338
2026 05 20 19:22:33.841395,346
,348
,342
,344
,347
,349
,348
,345
,351
,351
,347
,346
,347
,347
2026 05 20 19:22:33.906810,344
,351
,349
,349
,346
,351
,349
,345
,347
,350
,347
,343
,346
,347
2026 05 20 19:22:33.967877,346
,344
,352
,356
,353
,357
,363
,363
,354
,359
,361
,362
,358
,368
2026 05 20 19:22:34.034845,366
,367
,362
,364
,361
,355
,357
,363
,360
,352
,356
,356
,351
,352
2026 05 20 19:22:34.097126,354
,363
,356
,354
,359
,357
,353
,357
,358
,355
,353
,355
,355
,350
2026 05 20 19:22:34.156343,348
,353
,354
,349
,357
,360
,351
,344
,353
,358
,350
,349
,349
,352
2026 05 20 19:22:34.222669,348
,349
,350
,352
,349
,355
,353
,351
,345
,352
,353
,351
,353
,353
2026 05 20 19:22:34.283354,352
,351
,357
,356
,352
,345
,351
,349
,342
,350
,353
,351
,348
,354
2026 05 20 19:22:34.344429,359
,351
,345
,360
,359
,358
,352
,356
,355
,354
,351
,357
,352
,349
2026 05 20 19:22:34.410619,352
,353
,357
,353
,360
,360
,355
,357
,361
,362
,352
,352
,351
,347
2026 05 20 19:22:34.472767,342
,349
,356
,353
,350
,357
,354
,351
,358
,365
,361
,362
,369
,368
2026 05 20 19:22:34.537199,363
,360
,364
,358
,349
,350
,357
,353
,349
,359
,362
,352
,355
,362
2026 05 20 19:22:34.599110,358
,356
,355
,358
,357
,352
,354
,361
,360
,357
,359
,358
,354
,349
2026 05 20 19:22:34.660551,352
,352
,348
,355
,357
,352
,346
,350
,355
,352
,345
,350
,349
,342
2026 05 20 19:22:34.726160,349
,351
,352
,351
,356
,355
,347
,352
,358
,358
,349
,346
,352
,352
2026 05 20 19:22:34.787017,348
,353
,346
,345
,347
,352
,355
,353
,355
,356
,359
,352
,354
,358
2026 05 20 19:22:34.852564,357
,353
,361
,357
,354
,348
,351
,357
,353
,354
,357
,353
,351
,357
2026 05 20 19:22:34.914887,357
,356
,358
,361
,360
,362
,363
,362
,360
,354
,362
,362
,355
,354
2026 05 20 19:22:34.975807,358
,356
,354
,356
,361
,361
,358
,357
,360
,359
,355
,360
,367
,356
2026 05 20 19:22:35.041313,353
,362
,362
,356
,357
,357
,357
,356
,359
,364
,358
,355
,354
,354
2026 05 20 19:22:35.102476,348
,350
,352
,354
,349
,354
,352
,351
,350
,352
,354
,348
,350
,357
2026 05 20 19:22:35.168649,351
,347
,348
,354
,352
,346
,351
,352
,346
,344
,349
,345
,346
,352
2026 05 20 19:22:35.229988,352
,345
,348
,355
,349
,346
,338
,345
,349
,344
,349
,353
,355
,352
2026 05 20 19:22:35.290903,357
,355
,355
,345
,351
,348
,346
,346
,349
,349
,345
,351
,357
,354
2026 05 20 19:22:35.357027,353
,355
,360
,352
,353
,355
,354
,345
,351
,356
,356
,353
,359
,363
2026 05 20 19:22:35.417605,359
,358
,367
,359
,357
,362
,366
,364
,361
,359
,357
,357
,356
,360
2026 05 20 19:22:35.483745,363
,357
,356
,369
,361
,360
,360
,366
,364
,357
,363
,365
,363
,360
2026 05 20 19:22:35.544864,364
,362
,357
,360
,363
,358
,351
,357
,361
,358
,355
,363
,363
,355
2026 05 20 19:22:35.606438,358
,361
,359
,347
,355
,359
,354
,353
,356
,355
,354
,347
,351
,350
2026 05 20 19:22:35.672328,347
,349
,351
,348
,342
,352
,353
,349
,345
,347
,344
,340
,342
,346
2026 05 20 19:22:35.733436,347
,345
,356
,349
,348
,346
,350
,353
,351
,349
,349
,349
,348
,356
2026 05 20 19:22:35.799115,357
,353
,348
,350
,355
,351
,355
,358
,359
,350
,354
,356
,356
,353
2026 05 20 19:22:35.860249,361
,363
,358
,356
,359
,358
,354
,356
,361
,359
,353
,360
,366
,364
2026 05 20 19:22:35.922144,361
,361
,365
,360
,362
,368
,369
,360
,368
,368
,362
,353
,356
,357
2026 05 20 19:22:35.987650,353
,348
,365
,352
,347
,354
,349
,344
,342
,348
,347
,344
,337
,344
2026 05 20 19:22:36.050314,345
,344
,346
,348
,345
,337
,345
,346
,342
,341
,345
,343
,341
,339
2026 05 20 19:22:36.114810,343
,338
,337
,344
,347
,345
,341
,351
,348
,344
,338
,348
,351
,347
2026 05 20 19:22:36.176019,342
,346
,344
,336
,341
,344
,342
,343
,346
,346
,341
,342
,351
,350
2026 05 20 19:22:36.236847,341
,347
,347
,346
,347
,352
,350
,340
,343
,346
,349
,344
,349
,354
2026 05 20 19:22:36.303155,354
,350
,358
,356
,357
,357
,358
,358
,354
,355
,359
,346
,343
,351
2026 05 20 19:22:36.363925,353
,349
,346
,356
,354
,351
,357
,366
,364
,355
,361
,359
,355
,348
2026 05 20 19:22:36.430199,351
,343
,340
,338
,339
,340
,334
,338
,337
,335
,333
,339
,341
,339
2026 05 20 19:22:36.490583,341
,355
,354
,346
,350
,354
,355
,346
,351
,355
,346
,346
,350
,346
2026 05 20 19:22:36.552554,345
,345
,351
,346
,341
,348
,351
,344
,342
,355
,353
,346
,347
,351
2026 05 20 19:22:36.618268,352
,350
,350
,353
,354
,348
,352
,356
,355
,350
,355
,355
,349
,350
2026 05 20 19:22:36.680199,349
,347
,345
,358
,359
,354
,352
,358
,362
,356
,358
,362
,363
,359
2026 05 20 19:22:36.745280,364
,367
,357
,359
,362
,360
,359
,359
,360
,358
,353
,355
,355
,353
2026 05 20 19:22:36.806280,353
,358
,361
,356
,357
,362
,356
,353
,357
,354
,351
,346
,353
,348
2026 05 20 19:22:36.867379,344
,338
,345
,347
,345
,344
,353
,351
,349
,354
,359
,353
,348
,353
2026 05 20 19:22:36.933555,354
,354
,352
,355
,353
,347
,351
,345
,342
,339
,343
,341
,342
,342
2026 05 20 19:22:36.995201,351
,358
,350
,359
,362
,359
,350
,357
,352
,346
,343
,347
,341
,340
2026 05 20 19:22:37.060042,343
,347
,348
,342
,348
,344
,342
,344
,352
,348
,352
,353
,361
,359
2026 05 20 19:22:37.122564,347
,353
,353
,350
,344
,351
,348
,342
,340
,346
,351
,347
,353
,353
2026 05 20 19:22:37.182778,351
,348
,354
,354
,352
,348
,349
,348
,345
,343
,347
,347
,341
,353
2026 05 20 19:22:37.249012,353
,350
,349
,355
,359
,354
,361
,368
,362
,353
,362
,358
,357
,352
2026 05 20 19:22:37.310544,358
,360
,353
,352
,356
,357
,348
,354
,355
,354
,351
,357
,361
,354
2026 05 20 19:22:37.376000,348
,350
,347
,343
,351
,351
,353
,347
,355
,356
,355
,352
,357
,356
2026 05 20 19:22:37.437623,350
,351
,354
,356
,346
,360
,360
,358
,356
,358
,360
,348
,353
,360
2026 05 20 19:22:37.498213,358
,351
,355
,362
,360
,356
,362
,364
,355
,351
,351
,350
,345
,348
2026 05 20 19:22:37.563794,356
,356
,349
,357
,356
,352
,356
,359
,363
,352
,359
,364
,361
,352
2026 05 20 19:22:37.626046,353
,357
,348
,339
,343
,349
,347
,348
,352
,347
,349
,355
,355
,351
2026 05 20 19:22:37.691355,343
,352
,353
,345
,340
,348
,345
,341
,343
,348
,345
,345
,354
,351
2026 05 20 19:22:37.753223,347
,346
,349
,356
,352
,353
,357
,359
,355
,355
,358
,354
,348
,354
2026 05 20 19:22:37.813803,356
,352
,347
,349
,350
,351
,356
,356
,354
,350
,358
,354
,356
,357
2026 05 20 19:22:37.879357,367
,359
,355
,356
,362
,356
,352
,358
,360
,354
,351
,357
,361
,350
2026 05 20 19:22:37.940476,353
,355
,354
,352
,356
,356
,355
,352
,358
,358
,354
,353
,364
,362
2026 05 20 19:22:38.002458,357
,362
,365
,366
,357
,364
,361
,358
,356
,357
,357
,355
,351
,360
2026 05 20 19:22:38.068350,364
,351
,359
,358
,354
,353
,360
,359
,352
,348
,358
,360
,353
,358
2026 05 20 19:22:38.129452,354
,354
,350
,353
,350
,347
,344
,351
,350
,344
,346
,344
,342
,343
2026 05 20 19:22:38.194720,347
,345
,345
,343
,347
,350
,343
,342
,346
,346
,342
,348
,349
,344
2026 05 20 19:22:38.256820,342
,355
,360
,353
,353
,362
,359
,356
,350
,357
,358
,357
,365
,366
2026 05 20 19:22:38.318329,361
,363
,361
,360
,357
,357
,358
,357
,351
,358
,358
,349
,348
,360
2026 05 20 19:22:38.385736,358
,354
,363
,366
,361
,356
,360
,358
,354
,343
,349
,348
,336
,342
2026 05 20 19:22:38.444956,347
,352
,346
,348
,357
,354
,351
,361
,356
,350
,351
,362
,364
,354
2026 05 20 19:22:38.509739,350
,358
,347
,345
,352
,351
,347
,346
,358
,355
,349
,347
,350
,351
2026 05 20 19:22:38.572112,348
,356
,355
,352
,351
,358
,357
,346
,350
,352
,355
,345
,352
,349
2026 05 20 19:22:38.633104,348
,345
,348
,345
,342
,338
,349
,345
,340
,342
,341
,342
,340
,343
2026 05 20 19:22:38.697829,349
,349
,346
,354
,355
,351
,354
,354
,350
,349
,356
,357
,355
,351
2026 05 20 19:22:38.759320,368
,363
,360
,361
,365
,360
,354
,362
,364
,359
,350
,355
,358
,353
2026 05 20 19:22:38.825929,356
,362
,358
,356
,359
,362
,354
,353
,359
,357
,357
,354
,363
,363
2026 05 20 19:22:38.887567,356
,355
,361
,359
,358
,366
,373
,365
,359
,368
,363
,352
,348
,353
2026 05 20 19:22:38.947932,355
,347
,355
,355
,353
,349
,357
,357
,353
,355
,359
,358
,355
,361
2026 05 20 19:22:39.014084,363
,361
,356
,357
,363
,353
,350
,355
,354
,356
,360
,364
,367
,364
2026 05 20 19:22:39.075762,368
,364
,361
,358
,369
,360
,358
,363
,366
,365
,354
,359
,361
,357
2026 05 20 19:22:39.141341,354
,358
,365
,362
,361
,366
,361
,352
,351
,353
,352
,344
,351
,349
2026 05 20 19:22:39.203140,349
,351
,355
,352
,350
,345
,350
,352
,344
,346
,348
,348
,347
,353
2026 05 20 19:22:39.267099,351
,344
,348
,351
,356
,344
,347
,351
,349
,343
,350
,348
,343
,344
2026 05 20 19:22:39.334044,347
,346
,343
,345
,352
,345
,342
,351
,348
,352
,346
,355
,349
,341
2026 05 20 19:22:39.391217,343
,347
,345
,341
,349
,349
,344
,334
,348
,351
,344
,341
,348
,345
2026 05 20 19:22:39.456966,342
,346
,351
,353
,348
,352
,355
,352
,351
,358
,361
,358
,354
,361
2026 05 20 19:22:39.518443,347
,342
,359
,357
,361
,346
,362
,365
,358
,361
,363
,359
,354
,362
2026 05 20 19:22:39.579419,357
,355
,349
,358
,358
,350
,350
,361
,359
,356
,357
,359
,356
,347
2026 05 20 19:22:39.643893,355
,351
,343
,342
,353
,351
,349
,351
,354
,351
,348
,350
,346
,343
2026 05 20 19:22:39.706156,352
,348
,347
,342
,342
,346
,337
,332
,338
,339
,338
,336
,346
,346
2026 05 20 19:22:39.772076,343
,345
,353
,347
,349
,354
,357
,354
,353
,361
,357
,351
,348
,349
2026 05 20 19:22:39.833738,351
,347
,351
,351
,351
,346
,355
,356
,352
,347
,357
,354
,342
,348
2026 05 20 19:22:39.895022,349
,351
,345
,351
,356
,350
,349
,349
,347
,340
,346
,347
,348
,347
2026 05 20 19:22:39.960404,357
,356
,355
,354
,360
,363
,358
,352
,367
,361
,356
,359
,358
,356
2026 05 20 19:22:40.021411,350
,359
,359
,351
,350
,349
,345
,348
,355
,363
,356
,355
,362
,364
2026 05 20 19:22:40.087722,362
,357
,367
,363
,356
,357
,364
,366
,361
,358
,356
,354
,354
,353
2026 05 20 19:22:40.152762,357
,349
,346
,350
,344
,343
,344
,346
,350
,346
,352
,356
,354
,353
2026 05 20 19:22:40.210198,360
,361
,356
,356
,361
,355
,356
,359
,363
,355
,353
,363
,365
,357
2026 05 20 19:22:40.276021,358
,367
,365
,360
,363
,364
,361
,360
,369
,366
,361
,358
,358
,356
2026 05 20 19:22:40.337255,355
,357
,358
,358
,352
,357
,358
,357
,352
,364
,363
,359
,357
,366
2026 05 20 19:22:40.402566,365
,361
,362
,365
,361
,352
,357
,355
,344
,346
,348
,349
,346
,350
2026 05 20 19:22:40.464569,353
,353
,349
,356
,357
,349
,350
,356
,355
,350
,353
,354
,351
,346
2026 05 20 19:22:40.525440,354
,357
,353
,354
,357
,353
,351
,356
,368
,365
,358
,360
,358
,364
2026 05 20 19:22:40.591267,355
,364
,366
,356
,355
,367
,367
,359
,362
,363
,360
,355
,361
,361
2026 05 20 19:22:40.652690,355
,355
,363
,364
,364
,366
,370
,368
,363
,360
,357
,359
,354
,359
2026 05 20 19:22:40.717997,358
,350
,348
,358
,354
,353
,361
,360
,350
,346
,350
,345
,341
,344
2026 05 20 19:22:40.779180,345
,344
,342
,345
,345
,343
,341
,349
,348
,345
,341
,345
,347
,345
2026 05 20 19:22:40.841072,346
,348
,346
,344
,350
,350
,346
,341
,351
,345
,340
,338
,337
,337
2026 05 20 19:22:40.906328,338
,343
,347
,346
,343
,353
,354
,346
,346
,356
,356
,346
,350
,352
2026 05 20 19:22:40.967848,348
,349
,361
,357
,353
,354
,357
,352
,350
,352
,357
,356
,351
,356
2026 05 20 19:22:41.033599,356
,351
,349
,357
,353
,345
,346
,355
,357
,355
,360
,361
,356
,352
2026 05 20 19:22:41.094444,355
,353
,349
,351
,352
,352
,352
,355
,360
,354
,351
,362
,358
,355
2026 05 20 19:22:41.156195,353
,354
,352
,353
,359
,359
,362
,360
,363
,365
,361
,354
,357
,356
2026 05 20 19:22:41.222184,350
,353
,354
,350
,342
,348
,352
,347
,347
,357
,359
,352
,357
,360
2026 05 20 19:22:41.284673,360
,355
,361
,357
,355
,352
,357
,356
,349
,346
,359
,360
,348
,353
2026 05 20 19:22:41.348065,357
,351
,348
,354
,355
,355
,352
,354
,351
,349
,347
,352
,349
,339
2026 05 20 19:22:41.410158,346
,354
,346
,345
,355
,355
,351
,352
,358
,358
,355
,359
,364
,360
2026 05 20 19:22:41.471862,355
,358
,358
,352
,356
,361
,359
,347
,354
,363
,366
,355
,359
,361
2026 05 20 19:22:41.537454,363
,358
,363
,355
,349
,350
,348
,344
,340
,348
,345
,344
,340
,352
2026 05 20 19:22:41.600664,352
,348
,348
,351
,354
,350
,349
,348
,344
,343
,347
,345
,342
,346
2026 05 20 19:22:41.665868,353
,351
,350
,358
,364
,359
,354
,355
,356
,344
,338
,344
,342
,342
2026 05 20 19:22:41.725959,346
,348
,348
,346
,354
,355
,349
,342
,349
,351
,346
,346
,357
,349
2026 05 20 19:22:41.786553,342
,347
,351
,348
,345
,347
,354
,347
,342
,351
,347
,341
,344
,352
2026 05 20 19:22:41.852382,351
,344
,354
,365
,354
,351
,357
,354
,343
,349
,356
,348
,342
,347
2026 05 20 19:22:41.913961,351
,348
,345
,351
,358
,348
,347
,349
,349
,344
,346
,346
,351
,347
2026 05 20 19:22:41.979070,356
,359
,355
,353
,360
,357
,352
,353
,357
,358
,349
,355
,356
,347
2026 05 20 19:22:42.041248,346
,352
,347
,343
,345
,351
,353
,349
,356
,355
,351
,351
,355
,359
2026 05 20 19:22:42.102015,353
,355
,368
,361
,352
,356
,357
,350
,346
,349
,349
,339
,338
,347
2026 05 20 19:22:42.168033,343
,342
,347
,348
,346
,337
,342
,340
,339
,336
,342
,348
,342
,346
2026 05 20 19:22:42.228967,349
,344
,340
,346
,343
,337
,338
,348
,347
,347
,344
,350
,351
,348
2026 05 20 19:22:42.290338,350
,355
,353
,355
,356
,361
,352
,352
,359
,358
,352
,355
,358
,355
2026 05 20 19:22:42.356673,351
,357
,362
,361
,354
,359
,358
,351
,349
,355
,355
,351
,357
,363
2026 05 20 19:22:42.417184,358
,351
,358
,356
,350
,350
,354
,354
,346
,352
,356
,351
,348
,353
2026 05 20 19:22:42.483433,355
,346
,341
,349
,351
,348
,344
,348
,348
,343
,348
,343
,339
,340
2026 05 20 19:22:42.547126,346
,346
,342
,346
,351
,350
,342
,348
,352
,346
,342
,353
,350
,345
2026 05 20 19:22:42.606241,345
,350
,355
,349
,348
,349
,343
,338
,335
,335
,325
,325
,334
,337
2026 05 20 19:22:42.672111,335
,347
,355
,349
,349
,363
,365
,359
,352
,357
,354
,340
,340
,346
2026 05 20 19:22:42.732746,347
,341
,346
,349
,350
,343
,355
,360
,355
,352
,359
,347
,344
,350
2026 05 20 19:22:42.798971,348
,348
,352
,348
,349
,347
,343
,348
,348
,338
,340
,345
,342
,340
2026 05 20 19:22:42.859982,342
,344
,350
,343
,351
,352
,343
,347
,354
,356
,350
,357
,357
,353
2026 05 20 19:22:42.921625,352
,356
,351
,349
,347
,353
,355
,350
,349
,349
,352
,351
,357
,357
2026 05 20 19:22:42.987621,349
,350
,357
,349
,343
,347
,351
,349
,347
,354
,354
,350
,351
,355
2026 05 20 19:22:43.049355,353
,350
,350
,354
,352
,349
,353
,357
,353
,352
,359
,354
,352
,350
2026 05 20 19:22:43.115892,358
,362
,354
,356
,360
,356
,355
,365
,362
,362
,355
,361
,356
,351
2026 05 20 19:22:43.175944,358
,363
,363
,355
,358
,360
,355
,354
,358
,358
,358
,357
,363
,365
2026 05 20 19:22:43.237083,360
,363
,360
,355
,348
,360
,359
,348
,349
,355
,349
,345
,350
,357
2026 05 20 19:22:43.301932,352
,349
,357
,356
,347
,345
,355
,354
,345
,346
,349
,349
,348
,352
2026 05 20 19:22:43.364012,352
,346
,341
,347
,348
,344
,347
,354
,352
,348
,353
,359
,356
,354
2026 05 20 19:22:43.429438,359
,358
,350
,348
,355
,352
,345
,351
,351
,349
,344
,350
,351
,347
2026 05 20 19:22:43.490561,343
,354
,352
,348
,348
,361
,355
,349
,356
,361
,357
,345
,358
,357
2026 05 20 19:22:43.552379,354
,353
,364
,359
,357
,355
,358
,352
,350
,360
,361
,358
,349
,356
2026 05 20 19:22:43.618200,355
,347
,350
,354
,347
,348
,358
,362
,360
,355
,363
,363
,352
,353
2026 05 20 19:22:43.679438,359
,355
,354
,361
,360
,356
,353
,362
,357
,352
,349
,355
,360
,352
2026 05 20 19:22:43.745050,356
,356
,351
,350
,356
,360
,357
,358
,366
,361
,355
,357
,362
,357
2026 05 20 19:22:43.806685,352
,360
,363
,357
,352
,364
,362
,357
,362
,366
,363
,359
,368
,365
2026 05 20 19:22:43.867461,363
,360
,368
,367
,358
,360
,364
,363
,358
,357
,363
,357
,353
,358
2026 05 20 19:22:43.933789,357
,356
,355
,361
,361
,351
,354
,357
,354
,352
,353
,355
,350
,347
2026 05 20 19:22:43.994674,359
,358
,353
,353
,358
,359
,350
,357
,360
,352
,350
,360
,359
,353
2026 05 20 19:22:44.060113,353
,361
,356
,351
,350
,352
,350
,347
,353
,358
,355
,356
,364
,363
2026 05 20 19:22:44.122016,359
,356
,354
,355
,349
,355
,353
,355
,350
,362
,361
,355
,356
,362
2026 05 20 19:22:44.183355,357
,351
,356
,359
,351
,349
,353
,352
,347
,343
,352
,353
,346
,354
2026 05 20 19:22:44.248912,356
,353
,349
,356
,351
,348
,349
,354
,359
,352
,354
,365
,360
,351
2026 05 20 19:22:44.310288,359
,354
,351
,347
,351
,352
,345
,345
,349
,350
,339
,349
,344
,342
2026 05 20 19:22:44.375807,342
,351
,355
,352
,348
,357
,350
,344
,350
,354
,351
,346
,351
,356
2026 05 20 19:22:44.436698,349
,351
,359
,361
,356
,363
,367
,362
,355
,358
,364
,356
,352
,362
2026 05 20 19:22:44.499184,359
,356
,359
,360
,355
,354
,357
,356
,348
,343
,349
,347
,343
,340
2026 05 20 19:22:44.563744,346
,346
,343
,347
,349
,349
,343
,354
,352
,346
,340
,348
,352
,347
2026 05 20 19:22:44.625615,344
,349
,343
,340
,355
,353
,346
,342
,352
,352
,344
,340
,349
,346
2026 05 20 19:22:44.690581,342
,348
,348
,344
,336
,344
,347
,339
,341
,346
,343
,344
,349
,350
2026 05 20 19:22:44.752607,347
,344
,351
,353
,345
,344
,356
,354
,346
,350
,354
,352
,346
,354
2026 05 20 19:22:44.815043,353
,349
,347
,354
,352
,346
,348
,349
,350
,345
,351
,350
,344
,337
2026 05 20 19:22:44.882562,347
,348
,345
,344
,347
,352
,343
,347
,355
,348
,343
,353
,355
,351
2026 05 20 19:22:44.941369,350
,359
,358
,352
,355
,360
,351
,344
,350
,351
,347
,344
,349
,350
2026 05 20 19:22:45.006562,343
,346
,355
,354
,343
,348
,348
,343
,344
,353
,356
,352
,353
,362
2026 05 20 19:22:45.067700,360
,357
,357
,361
,359
,351
,356
,353
,348
,348
,353
,349
,349
,352
2026 05 20 19:22:45.129081,357
,353
,352
,359
,359
,357
,351
,360
,358
,347
,347
,355
,357
,350
2026 05 20 19:22:45.195139,356
,356
,350
,344
,354
,354
,349
,348
,353
,354
,349
,354
,357
,353
2026 05 20 19:22:45.257461,351
,358
,361
,354
,348
,354
,354
,353
,355
,366
,357
,351
,359
,363
2026 05 20 19:22:45.322791,362
,360
,365
,364
,359
,357
,357
,349
,347
,361
,365
,361
,353
,359
2026 05 20 19:22:45.383570,362
,359
,357
,365
,355
,347
,350
,355
,349
,342
,350
,346
,339
,335
2026 05 20 19:22:45.444637,342
,341
,339
,341
,346
,344
,341
,348
,349
,346
,343
,356
,352
,345
2026 05 20 19:22:45.509970,340
,350
,348
,340
,342
,343
,339
,338
,350
,352
,346
,352
,359
,355
2026 05 20 19:22:45.572167,353
,355
,358
,352
,349
,355
,356
,351
,351
,359
,361
,355
,357
,363
2026 05 20 19:22:45.636888,361
,353
,361
,362
,356
,349
,359
,357
,353
,350
,359
,357
,351
,358
2026 05 20 19:22:45.698384,359
,353
,347
,355
,353
,350
,351
,357
,355
,345
,349
,354
,353
,346
2026 05 20 19:22:45.759646,353
,353
,353
,345
,355
,352
,350
,356
,357
,355
,347
,353
,358
,354
2026 05 20 19:22:45.826126,350
,360
,363
,354
,349
,353
,355
,355
,356
,365
,362
,363
,371
,371
2026 05 20 19:22:45.887403,366
,361
,360
,357
,345
,343
,348
,345
,344
,352
,349
,346
,340
,344
2026 05 20 19:22:45.953427,347
,341
,339
,346
,345
,341
,348
,348
,343
,341
,349
,349
,338
,340
2026 05 20 19:22:46.014144,352
,354
,345
,350
,355
,356
,353
,356
,356
,353
,351
,356
,353
,350
2026 05 20 19:22:46.075597,352
,356
,354
,349
,355
,354
,347
,340
,348
,349
,344
,346
,354
,355
2026 05 20 19:22:46.141182,345
,354
,355
,353
,350
,356
,354
,349
,351
,353
,354
,351
,358
,363
2026 05 20 19:22:46.203677,358
,354
,361
,364
,355
,355
,362
,361
,356
,360
,366
,363
,358
,363
2026 05 20 19:22:46.267670,362
,355
,353
,361
,356
,351
,353
,356
,352
,346
,350
,352
,351
,347
2026 05 20 19:22:46.329336,356
,351
,346
,352
,354
,348
,345
,352
,357
,354
,347
,352
,357
,349
2026 05 20 19:22:46.389940,349
,355
,357
,352
,355
,360
,354
,348
,357
,359
,357
,353
,360
,355
2026 05 20 19:22:46.455724,354
,356
,361
,358
,351
,356
,361
,356
,355
,363
,365
,358
,356
,362
2026 05 20 19:22:46.517886,360
,357
,358
,362
,361
,352
,357
,361
,357
,349
,358
,355
,353
,356
2026 05 20 19:22:46.579314,365
,365
,356
,356
,361
,358
,350
,356
,356
,351
,355
,358
,355
,350
2026 05 20 19:22:46.647347,355
,359
,358
,350
,355
,355
,348
,346
,351
,353
,350
,357
,361
,358
2026 05 20 19:22:46.706333,350
,362
,362
,354
,350
,357
,358
,349
,356
,357
,356
,349
,353
,352
2026 05 20 19:22:46.771903,352
,345
,352
,357
,351
,348
,352
,354
,347
,354
,358
,352
,348
,356
2026 05 20 19:22:46.833347,355
,349
,348
,352
,352
,347
,346
,353
,349
,347
,356
,357
,347
,346
2026 05 20 19:22:46.894386,356
,362
,356
,357
,361
,361
,357
,363
,362
,350
,350
,358
,357
,350
2026 05 20 19:22:46.959965,351
,356
,351
,346
,347
,344
,344
,335
,341
,341
,339
,341
,348
,347
2026 05 20 19:22:47.021521,339
,340
,348
,345
,342
,352
,353
,339
,342
,352
,350
,342
,344
,347
2026 05 20 19:22:47.087546,345
,344
,354
,354
,355
,352
,352
,354
,350
,345
,348
,341
,337
,340
2026 05 20 19:22:47.149075,341
,337
,335
,336
,343
,336
,337
,345
,353
,344
,352
,356
,357
,351
2026 05 20 19:22:47.209529,357
,357
,350
,345
,349
,352
,344
,346
,352
,349
,344
,352
,358
,354
2026 05 20 19:22:47.275736,351
,358
,360
,353
,356
,356
,352
,348
,349
,354
,350
,344
,349
,354
2026 05 20 19:22:47.336472,351
,343
,354
,348
,341
,351
,351
,352
,351
,355
,354
,347
,348
,359
2026 05 20 19:22:47.402882,359
,353
,354
,362
,359
,351
,354
,358
,352
,347
,357
,356
,351
,353
2026 05 20 19:22:47.464130,362
,358
,355
,359
,356
,357
,353
,362
,358
,352
,347
,359
,360
,351
2026 05 20 19:22:47.525243,353
,357
,353
,343
,350
,349
,347
,344
,354
,353
,351
,349
,353
,355
2026 05 20 19:22:47.590369,348
,355
,350
,349
,349
,358
,359
,351
,349
,352
,347
,344
,350
,355
2026 05 20 19:22:47.652183,349
,343
,350
,350
,343
,345
,354
,354
,352
,352
,359
,361
,352
,354
2026 05 20 19:22:47.718030,356
,348
,350
,359
,358
,354
,357
,353
,353
,348
,358
,354
,352
,351
2026 05 20 19:22:47.779348,356
,356
,353
,361
,363
,364
,354
,357
,362
,354
,350
,357
,359
,356
2026 05 20 19:22:47.840730,353
,357
,356
,347
,355
,363
,361
,353
,357
,357
,350
,351
,361
,361
2026 05 20 19:22:47.906459,356
,354
,364
,355
,344
,345
,348
,349
,342
,352
,354
,346
,347
,360
2026 05 20 19:22:47.967954,360
,347
,349
,356
,352
,346
,354
,352
,344
,344
,353
,354
,346
,349
2026 05 20 19:22:48.033940,353
,350
,347
,356
,349
,347
,347
,354
,356
,353
,352
,352
,348
,346
2026 05 20 19:22:48.094891,353
,354
,354
,350
,355
,361
,351
,351
,357
,360
,358
,353
,354
,348
2026 05 20 19:22:48.155542,347
,352
,349
,346
,342
,347
,346
,342
,347
,353
,349
,344
,354
,358
2026 05 20 19:22:48.221925,352
,343
,350
,348
,342
,348
,349
,347
,340
,348
,351
,346
,342
,351
2026 05 20 19:22:48.283120,356
,346
,348
,350
,354
,346
,348
,350
,343
,343
,345
,348
,342
,342
2026 05 20 19:22:48.348352,350
,350
,341
,344
,349
,351
,344
,349
,349
,343
,346
,358
,356
,348
2026 05 20 19:22:48.410082,353
,360
,355
,349
,353
,351
,345
,338
,351
,350
,346
,348
,359
,353
2026 05 20 19:22:48.471878,353
,362
,357
,356
,350
,354
,358
,352
,346
,354
,355
,347
,347
,354
2026 05 20 19:22:48.536499,351
,351
,359
,361
,367
,362
,365
,361
,354
,352
,355
,350
,344
,349
2026 05 20 19:22:48.597834,349
,340
,335
,347
,356
,348
,345
,357
,353
,348
,359
,360
,358
,358
2026 05 20 19:22:48.664434,365
,365
,354
,349
,352
,350
,343
,344
,353
,352
,349
,354
,358
,353
2026 05 20 19:22:48.725740,343
,351
,353
,344
,352
,353
,353
,346
,352
,353
,348
,344
,355
,353
2026 05 20 19:22:48.786623,351
,355
,360
,356
,347
,349
,349
,346
,344
,348
,350
,349
,349
,357
2026 05 20 19:22:48.852910,360
,354
,357
,357
,355
,348
,352
,351
,350
,349
,352
,352
,343
,341
2026 05 20 19:22:48.913425,347
,350
,342
,347
,346
,345
,345
,354
,351
,339
,339
,347
,346
,341
2026 05 20 19:22:48.979199,344
,342
,345
,342
,354
,357
,350
,347
,358
,359
,355
,358
,359
,358
2026 05 20 19:22:49.041108,351
,353
,357
,356
,351
,355
,354
,350
,354
,359
,357
,355
,359
,366
2026 05 20 19:22:49.103477,365
,357
,359
,354
,344
,337
,343
,341
,331
,334
,335
,331
,329
,337
2026 05 20 19:22:49.167450,337
,337
,335
,341
,346
,341
,342
,352
,349
,343
,350
,352
,354
,350
2026 05 20 19:22:49.229159,356
,352
,347
,349
,352
,352
,350
,357
,355
,349
,344
,348
,348
,341
2026 05 20 19:22:49.294566,340
,352
,353
,350
,355
,357
,347
,344
,350
,350
,345
,340
,351
,350
2026 05 20 19:22:49.356476,343
,344
,350
,353
,353
,360
,359
,356
,354
,363
,359
,351
,352
,354
2026 05 20 19:22:49.417256,349
,344
,341
,348
,344
,341
,352
,355
,352
,354
,355
,357
,347
,351
2026 05 20 19:22:49.483399,354
,353
,351
,356
,352
,345
,341
,348
,348
,341
,338
,340
,346
,340
2026 05 20 19:22:49.544798,341
,347
,340
,335
,350
,349
,342
,343
,352
,350
,337
,347
,351
,345
2026 05 20 19:22:49.610180,344
,349
,349
,344
,340
,346
,344
,335
,335
,340
,340
,333
,340
,338
2026 05 20 19:22:49.671286,337
,335
,347
,351
,345
,349
,353
,345
,341
,345
,346
,345
,340
,351
2026 05 20 19:22:49.733108,347
,346
,345
,354
,354
,348
,352
,354
,353
,345
,353
,356
,350
,351
2026 05 20 19:22:49.797692,354
,353
,348
,351
,351
,351
,347
,353
,354
,346
,349
,358
,359
,353
2026 05 20 19:22:49.859974,355
,358
,355
,343
,349
,352
,349
,347
,355
,351
,347
,344
,351
,346
2026 05 20 19:22:49.925367,336
,344
,349
,342
,340
,354
,353
,346
,340
,354
,355
,349
,356
,357
2026 05 20 19:22:49.987220,351
,350
,356
,360
,353
,347
,356
,356
,344
,347
,355
,350
,346
,357
2026 05 20 19:22:50.049249,358
,353
,352
,360
,355
,347
,354
,360
,355
,348
,354
,358
,354
,348
2026 05 20 19:22:50.115609,356
,358
,352
,350
,357
,355
,348
,348
,350
,351
,343
,348
,349
,346
2026 05 20 19:22:50.176179,347
,356
,353
,351
,346
,347
,343
,341
,349
,350
,346
,344
,351
,353
2026 05 20 19:22:50.241055,347
,347
,356
,353
,354
,361
,366
,359
,357
,363
,363
,359
,354
,367
2026 05 20 19:22:50.302601,366
,361
,362
,360
,353
,349
,352
,347
,347
,348
,356
,355
,350
,356
2026 05 20 19:22:50.363882,357
,357
,349
,352
,354
,355
,353
,362
,364
,354
,356
,359
,360
,353
2026 05 20 19:22:50.429438,354
,354
,346
,339
,344
,348
,343
,341
,349
,348
,343
,349
,355
,358
2026 05 20 19:22:50.491066,352
,354
,357
,347
,345
,353
,347
,339
,336
,342
,346
,342
,352
,354
2026 05 20 19:22:50.552416,349
,344
,351
,354
,350
,349
,352
,353
,347
,354
,358
,353
,348
,354
2026 05 20 19:22:50.617986,357
,352
,348
,354
,353
,348
,349
,359
,354
,350
,356
,359
,352
,346
2026 05 20 19:22:50.679391,354
,360
,350
,351
,359
,359
,355
,362
,358
,353
,352
,356
,354
,347
2026 05 20 19:22:50.744751,351
,355
,358
,345
,346
,354
,351
,344
,353
,352
,342
,339
,349
,346
2026 05 20 19:22:50.806578,340
,343
,346
,340
,337
,347
,347
,344
,335
,351
,351
,345
,347
,355
2026 05 20 19:22:50.867715,356
,352
,354
,357
,359
,356
,366
,363
,350
,346
,349
,348
,340
,345
2026 05 20 19:22:50.935230,350
,346
,339
,349
,356
,351
,348
,359
,352
,346
,350
,355
,352
,345
2026 05 20 19:22:50.993874,351
,353
,349
,349
,358
,361
,350
,347
,360
,357
,353
,360
,363
,359
2026 05 20 19:22:51.059969,355
,363
,364
,358
,354
,365
,360
,354
,361
,364
,364
,353
,357
,358
2026 05 20 19:22:51.121814,352
,353
,356
,356
,352
,351
,356
,353
,348
,353
,348
,350
,352
,367
2026 05 20 19:22:51.183364,366
,361
,363
,370
,370
,362
,368
,368
,366
,362
,364
,362
,350
,355
2026 05 20 19:22:51.248893,365
,360
,353
,361
,362
,362
,350
,358
,356
,354
,350
,364
,367
,360
2026 05 20 19:22:51.308979,361
,365
,360
,345
,351
,359
,349
,343
,350
,349
,344
,340
,349
,353
2026 05 20 19:22:51.375926,341
,347
,350
,346
,340
,347
,348
,341
,339
,348
,348
,342
,344
,341
2026 05 20 19:22:51.437197,344
,339
,344
,344
,337
,336
,346
,344
,345
,342
,345
,346
,337
,345
2026 05 20 19:22:51.497562,348
,343
,337
,348
,348
,345
,343
,351
,347
,340
,343
,352
,345
,344
2026 05 20 19:22:51.564266,352
,355
,349
,349
,358
,350
,340
,343
,350
,344
,340
,351
,353
,349
2026 05 20 19:22:51.625015,343
,356
,351
,342
,348
,356
,353
,347
,354
,360
,349
,343
,350
,352
2026 05 20 19:22:51.690308,350
,345
,355
,350
,343
,353
,358
,357
,351
,359
,361
,350
,353
,360
2026 05 20 19:22:51.752615,357
,351
,356
,360
,354
,346
,360
,357
,353
,352
,363
,360
,357
,361
2026 05 20 19:22:51.813719,363
,355
,350
,353
,355
,348
,344
,351
,355
,349
,350
,358
,355
,345
2026 05 20 19:22:51.879038,349
,356
,355
,345
,354
,350
,342
,347
,352
,354
,352
,356
,360
,361
2026 05 20 19:22:51.939927,356
,359
,355
,349
,351
,361
,359
,348
,349
,354
,354
,355
,361
,359
2026 05 20 19:22:52.005716,360
,352
,359
,357
,354
,354
,364
,360
,352
,355
,358
,357
,355
,361
2026 05 20 19:22:52.067357,357
,353
,351
,359
,357
,352
,357
,356
,356
,349
,354
,350
,345
,342
2026 05 20 19:22:52.129157,354
,356
,353
,351
,357
,357
,354
,361
,364
,361
,353
,358
,358
,356
2026 05 20 19:22:52.194008,358
,361
,362
,355
,359
,362
,353
,350
,359
,359
,353
,351
,359
,359
2026 05 20 19:22:52.255779,353
,356
,361
,356
,344
,351
,354
,350
,345
,348
,346
,340
,345
,349
2026 05 20 19:22:52.321069,347
,345
,354
,352
,344
,345
,359
,359
,354
,352
,362
,364
,356
,363
2026 05 20 19:22:52.383325,362
,357
,347
,351
,352
,344
,341
,350
,344
,341
,341
,349
,348
,344
2026 05 20 19:22:52.444016,350
,360
,349
,350
,360
,357
,351
,352
,357
,351
,343
,354
,353
,352
2026 05 20 19:22:52.510001,348
,354
,354
,349
,351
,357
,351
,348
,349
,354
,345
,340
,349
,350
2026 05 20 19:22:52.571322,347
,344
,349
,347
,339
,344
,341
,340
,335
,345
,342
,342
,338
,348
2026 05 20 19:22:52.637133,352
,345
,350
,359
,355
,344
,350
,352
,343
,339
,346
,348
,344
,344
2026 05 20 19:22:52.698001,350
,349
,344
,347
,348
,345
,344
,350
,355
,346
,347
,350
,351
,343
2026 05 20 19:22:52.760240,344
,351
,341
,337
,344
,347
,339
,333
,349
,349
,344
,341
,349
,345
2026 05 20 19:22:52.825489,339
,347
,354
,351
,344
,354
,356
,354
,347
,355
,355
,345
,350
,348
2026 05 20 19:22:52.886812,346
,343
,352
,356
,345
,351
,358
,359
,351
,351
,356
,346
,341
,347
2026 05 20 19:22:52.952577,349
,352
,345
,357
,349
,342
,346
,353
,348
,347
,354
,356
,351
,343
2026 05 20 19:22:53.013877,351
,359
,348
,345
,355
,351
,341
,355
,356
,353
,349
,360
,359
,353
2026 05 20 19:22:53.075284,348
,357
,358
,348
,351
,354
,352
,348
,355
,360
,353
,357
,364
,361
2026 05 20 19:22:53.140920,362
,360
,366
,361
,351
,358
,358
,352
,347
,358
,359
,346
,346
,352
2026 05 20 19:22:53.202492,351
,343
,349
,349
,346
,343
,354
,359
,353
,356
,364
,360
,356
,359
2026 05 20 19:22:53.267942,360
,360
,353
,358
,362
,355
,347
,355
,351
,346
,348
,348
,348
,342
2026 05 20 19:22:53.329102,347
,349
,350
,343
,350
,351
,342
,340
,353
,352
,346
,346
,351
,354
2026 05 20 19:22:53.391084,346
,353
,349
,342
,344
,355
,354
,348
,354
,362
,357
,353
,360
,362
2026 05 20 19:22:53.456160,360
,357
,357
,352
,344
,346
,355
,357
,351
,363
,365
,365
,362
,369
2026 05 20 19:22:53.518032,367
,362
,358
,359
,359
,349
,349
,355
,353
,349
,360
,364
,357
,357
2026 05 20 19:22:53.583244,357
,354
,347
,346
,351
,345
,338
,342
,345
,346
,346
,357
,360
,348
2026 05 20 19:22:53.644442,351
,355
,353
,349
,354
,355
,353
,342
,346
,345
,339
,334
,342
,344
2026 05 20 19:22:53.705448,340
,344
,347
,344
,340
,351
,349
,341
,342
,347
,343
,336
,340
,347
2026 05 20 19:22:53.771883,346
,340
,351
,355
,354
,355
,369
,369
,367
,365
,368
,364
,352
,357
2026 05 20 19:22:53.833389,354
,351
,345
,348
,350
,345
,347
,354
,361
,355
,358
,365
,359
,349
2026 05 20 19:22:53.898615,353
,349
,346
,343
,350
,352
,343
,342
,349
,347
,342
,351
,355
,355
2026 05 20 19:22:53.959970,344
,356
,354
,348
,347
,351
,352
,342
,350
,354
,350
,347
,354
,353
2026 05 20 19:22:54.021078,347
,350
,356
,355
,351
,357
,357
,351
,348
,359
,360
,358
,358
,367
2026 05 20 19:22:54.087128,369
,362
,367
,372
,368
,364
,369
,368
,361
,357
,360
,361
,354
,353
2026 05 20 19:22:54.148662,358
,358
,347
,348
,347
,345
,340
,352
,351
,347
,347
,360
,355
,346
2026 05 20 19:22:54.213610,349
,351
,352
,342
,357
,351
,353
,356
,356
,353
,356
,353
,353
,355
2026 05 20 19:22:54.275643,350
,358
,360
,351
,351
,354
,353
,342
,344
,353
,353
,346
,347
,362
2026 05 20 19:22:54.336675,355
,347
,353
,353
,343
,348
,351
,354
,345
,346
,350
,347
,349
,352
2026 05 20 19:22:54.402939,353
,348
,348
,356
,355
,344
,348
,352
,349
,334
,343
,341
,337
,341
2026 05 20 19:22:54.463413,350
,354
,355
,357
,362
,365
,355
,357
,362
,361
,352
,357
,351
,346
2026 05 20 19:22:54.525133,344
,351
,356
,353
,346
,352
,346
,344
,346
,350
,342
,342
,349
,342
2026 05 20 19:22:54.591073,340
,342
,351
,350
,341
,349
,347
,340
,343
,352
,351
,352
,350
,353
2026 05 20 19:22:54.651760,353
,350
,348
,353
,355
,352
,357
,359
,354
,353
,362
,360
,354
,355
2026 05 20 19:22:54.719170,360
,360
,345
,356
,359
,359
,352
,359
,364
,350
,352
,355
,355
,346
2026 05 20 19:22:54.779368,349
,352
,348
,348
,352
,353
,349
,348
,357
,347
,344
,355
,358
,353
2026 05 20 19:22:54.840148,352
,363
,362
,357
,354
,368
,363
,354
,356
,359
,361
,350
,363
,360
2026 05 20 19:22:54.906319,358
,355
,361
,358
,351
,354
,362
,361
,354
,362
,363
,359
,353
,358
2026 05 20 19:22:54.967067,359
,358
,349
,355
,353
,345
,349
,357
,352
,343
,351
,349
,340
,346
2026 05 20 19:22:55.033295,354
,354
,351
,352
,349
,347
,340
,347
,350
,345
,342
,349
,352
,349
2026 05 20 19:22:55.094515,346
,358
,350
,344
,353
,353
,354
,348
,362
,360
,349
,349
,355
,351
2026 05 20 19:22:55.155442,343
,346
,355
,346
,340
,349
,354
,347
,347
,356
,357
,345
,343
,351
2026 05 20 19:22:55.221855,348
,337
,349
,353
,355
,349
,357
,354
,349
,346
,355
,353
,345
,350
2026 05 20 19:22:55.283156,357
,356
,352
,355
,355
,354
,349
,357
,355
,348
,356
,368
,365
,356
2026 05 20 19:22:55.349508,361
,360
,355
,354
,366
,368
,359
,356
,360
,349
,341
,343
,340
,337
2026 05 20 19:22:55.409302,329
,340
,343
,336
,340
,353
,358
,348
,355
,358
,356
,352
,360
,355
2026 05 20 19:22:55.471091,345
,343
,349
,346
,334
,341
,342
,340
,340
,351
,353
,347
,347
,354
2026 05 20 19:22:55.537465,354
,351
,350
,356
,357
,348
,353
,364
,352
,347
,354
,353
,347
,345
2026 05 20 19:22:55.599065,358
,353
,344
,349
,356
,342
,344
,354
,362
,358
,356
,366
,361
,353
2026 05 20 19:22:55.663690,361
,362
,358
,350
,361
,364
,355
,346
,356
,357
,348
,354
,358
,359
2026 05 20 19:22:55.725420,352
,362
,361
,360
,366
,366
,366
,357
,359
,364
,359
,352
,361
,362
2026 05 20 19:22:55.786449,359
,354
,357
,356
,349
,346
,356
,355
,351
,360
,362
,361
,354
,359
2026 05 20 19:22:55.852703,362
,353
,348
,359
,360
,346
,350
,355
,353
,349
,354
,358
,353
,345
2026 05 20 19:22:55.913673,351
,353
,349
,350
,356
,360
,344
,350
,351
,350
,349
,358
,359
,353
2026 05 20 19:22:55.979398,350
,357
,355
,352
,353
,356
,354
,346
,351
,349
,345
,343
,348
,355
2026 05 20 19:22:56.040550,348
,346
,351
,347
,343
,348
,348
,340
,335
,345
,346
,339
,337
,347
2026 05 20 19:22:56.101533,342
,338
,350
,352
,347
,340
,346
,348
,341
,337
,342
,344
,334
,335
2026 05 20 19:22:56.167911,339
,333
,331
,337
,338
,338
,336
,344
,342
,338
,337
,343
,344
,336
2026 05 20 19:22:56.228447,345
,348
,340
,338
,338
,346
,335
,336
,341
,341
,336
,343
,345
,339
2026 05 20 19:22:56.294539,337
,346
,344
,337
,341
,350
,353
,345
,348
,348
,346
,343
,352
,358
2026 05 20 19:22:56.356033,353
,351
,358
,359
,351
,349
,352
,351
,344
,349
,352
,346
,341
,352
2026 05 20 19:22:56.416980,360
,357
,354
,358
,358
,353
,356
,356
,351
,346
,354
,351
,345
,344
2026 05 20 19:22:56.483355,352
,351
,343
,352
,353
,352
,347
,353
,354
,350
,353
,362
,364
,353
2026 05 20 19:22:56.544910,355
,362
,359
,353
,358
,363
,356
,350
,359
,357
,350
,348
,354
,353
2026 05 20 19:22:56.610002,351
,352
,353
,356
,352
,363
,365
,357
,356
,361
,354
,341
,342
,345
2026 05 20 19:22:56.671837,336
,332
,340
,344
,341
,335
,347
,352
,347
,352
,356
,357
,349
,353
2026 05 20 19:22:56.733014,356
,350
,356
,354
,357
,352
,348
,351
,354
,347
,352
,355
,359
,356
2026 05 20 19:22:56.798982,366
,367
,361
,356
,365
,365
,356
,353
,351
,345
,339
,347
,350
,343
2026 05 20 19:22:56.859659,338
,338
,352
,343
,344
,349
,345
,342
,350
,352
,350
,351
,359
,358
2026 05 20 19:22:56.925524,354
,354
,357
,359
,353
,358
,363
,362
,363
,368
,368
,368
,364
,370
2026 05 20 19:22:56.986242,368
,366
,367
,373
,370
,364
,369
,371
,366
,365
,370
,365
,355
,362
2026 05 20 19:22:57.047787,367
,364
,355
,357
,361
,355
,351
,357
,357
,360
,356
,362
,368
,364
2026 05 20 19:22:57.113433,371
,378
,370
,366
,377
,368
,365
,362
,368
,369
,358
,364
,362
,363
2026 05 20 19:22:57.174813,353
,358
,360
,356
,358
,365
,368
,360
,359
,370
,369
,364
,370
,372
2026 05 20 19:22:57.240503,370
,366
,368
,360
,352
,355
,361
,360
,350
,353
,356
,355
,346
,351
2026 05 20 19:22:57.302314,352
,348
,347
,356
,356
,352
,355
,356
,357
,351
,355
,360
,358
,354
2026 05 20 19:22:57.365834,359
,363
,365
,368
,369
,375
,372
,367
,370
,373
,370
,365
,369
,373
2026 05 20 19:22:57.431992,370
,367
,365
,367
,359
,356
,358
,353
,345
,357
,358
,355
,350
,353
2026 05 20 19:22:57.490910,358
,357
,353
,359
,365
,358
,352
,367
,359
,354
,361
,364
,360
,355
2026 05 20 19:22:57.556313,362
,360
,353
,349
,354
,354
,346
,346
,353
,351
,343
,349
,355
,347
2026 05 20 19:22:57.617800,349
,356
,352
,351
,353
,363
,361
,358
,355
,358
,358
,355
,361
,359
2026 05 20 19:22:57.679380,353
,352
,363
,357
,346
,354
,358
,349
,348
,361
,355
,359
,355
,360
2026 05 20 19:22:57.743767,364
,356
,355
,360
,356
,356
,363
,364
,364
,367
,373
,369
,363
,364
2026 05 20 19:22:57.806135,364
,360
,363
,364
,366
,360
,360
,362
,364
,360
,362
,365
,358
,353
2026 05 20 19:22:57.870272,359
,351
,348
,349
,348
,344
,339
,338
,341
,338
,336
,338
,338
,338
2026 05 20 19:22:57.933277,339
,348
,347
,350
,354
,361
,352
,351
,356
,358
,352
,354
,355
,352
2026 05 20 19:22:57.994103,350
,346
,355
,356
,355
,360
,363
,363
,362
,362
,364
,359
,355
,365
2026 05 20 19:22:58.059919,359
,358
,357
,360
,359
,353
,358
,360
,356
,360
,363
,362
,358
,357
2026 05 20 19:22:58.121620,361
,360
,362
,364
,361
,359
,360
,365
,364
,356
,360
,367
,360
,356
2026 05 20 19:22:58.182447,364
,366
,359
,354
,365
,367
,358
,365
,367
,365
,365
,363
,365
,365
2026 05 20 19:22:58.249013,359
,364
,363
,357
,361
,362
,363
,364
,362
,363
,368
,363
,367
,368
2026 05 20 19:22:58.310119,364
,369
,373
,373
,368
,370
,370
,368
,370
,364
,363
,360
,359
,365
2026 05 20 19:22:58.375228,363
,361
,364
,369
,365
,367
,369
,376
,376
,379
,381
,384
,375
,372
2026 05 20 19:22:58.436504,373
,370
,364
,366
,366
,365
,362
,365
,368
,363
,363
,365
,369
,372
2026 05 20 19:22:58.497507,369
,368
,367
,369
,367
,369
,362
,365
,367
,367
,369
,369
,374
,368
2026 05 20 19:22:58.563487,369
,371
,375
,374
,368
,374
,370
,368
,363
,370
,370
,369
,368
,374
2026 05 20 19:22:58.624612,370
,374
,381
,382
,377
,377
,380
,381
,373
,369
,374
,364
,361
,365
2026 05 20 19:22:58.689924,366
,364
,364
,366
,365
,358
,360
,365
,367
,360
,361
,363
,363
,362
2026 05 20 19:22:58.752246,364
,364
,359
,357
,359
,360
,360
,362
,359
,359
,364
,362
,362
,359
2026 05 20 19:22:58.813002,368
,372
,378
,375
,381
,381
,379
,382
,380
,381
,371
,367
,369
,373
2026 05 20 19:22:58.879135,365
,364
,366
,367
,365
,365
,368
,362
,360
,364
,365
,358
,358
,359
2026 05 20 19:22:58.940262,362
,362
,365
,368
,364
,362
,363
,362
,361
,358
,365
,368
,367
,363
2026 05 20 19:22:59.006624,365
,357
,356
,358
,366
,358
,356
,358
,359
,356
,357
,361
,358
,359
2026 05 20 19:22:59.067869,361
,363
,357
,354
,356
,355
,345
,346
,350
,352
,345
,347
,349
,354
2026 05 20 19:22:59.128996,350
,348
,354
,347
,348
,349
,347
,340
,337
,343
,339
,333
,336
,345
2026 05 20 19:22:59.194340,340
,337
,337
,337
,332
,330
,334
,333
,330
,334
,338
,336
,334
,337
2026 05 20 19:22:59.256019,339
,333
,339
,342
,342
,334
,335
,337
,333
,335
,334
,334
,332
,329
2026 05 20 19:22:59.321606,332
,333
,332
,336
,340
,340
,346
,351
,354
,350
,347
,353
,352
,342
2026 05 20 19:22:59.382377,346
,345
,343
,337
,333
,334
,333
,330
,340
,342
,337
,342
,344
,346
2026 05 20 19:22:59.444410,341
,341
,344
,338
,334
,338
,335
,333
,337
,339
,340
,335
,337
,336
2026 05 20 19:22:59.509982,327
,326
,324
,330
,325
,329
,333
,336
,326
,326
,329
,332
,329
,330
2026 05 20 19:22:59.570800,330
,330
,330
,334
,340
,334
,341
,347
,349
,355
,354
,355
,350
,344
2026 05 20 19:22:59.636957,348
,351
,337
,337
,339
,341
,335
,337
,341
,339
,344
,356
,356
,354
2026 05 20 19:22:59.698511,350
,353
,353
,344
,341
,340
,341
,337
,331
,326
,323
,322
,326
,329
2026 05 20 19:22:59.759512,323
,325
,331
,331
,328
,333
,329
,326
,320
,323
,332
,328
,330
,333
2026 05 20 19:22:59.825045,331
,326
,326
,332
,328
,332
,332
,335
,328
,330
,333
,332
,332
,334
2026 05 20 19:22:59.886433,339
,336
,335
,332
,334
,334
,335
,336
,345
,345
,338
,346
,344
,338
2026 05 20 19:22:59.952496,337
,337
,328
,323
,323
,324
,316
,313
,322
,321
,322
,320
,327
,325
2026 05 20 19:23:00.017704,327
,334
,339
,341
,341
,344
,349
,343
,340
,345
,344
,343
,347
,346
2026 05 20 19:23:00.075339,338
,334
,334
,339
,332
,334
,335
,337
,332
,332
,341
,336
,339
,345
2026 05 20 19:23:00.140479,349
,340
,340
,344
,345
,346
,343
,343
,347
,345
,353
,351
,349
,348
2026 05 20 19:23:00.202036,351
,347
,341
,342
,343
,339
,339
,338
,340
,340
,337
,344
,347
,339
2026 05 20 19:23:00.267710,339
,343
,349
,340
,346
,345
,352
,350
,354
,353
,346
,343
,346
,344
2026 05 20 19:23:00.329051,338
,339
,344
,342
,339
,341
,344
,344
,348
,343
,340
,338
,333
,334
2026 05 20 19:23:00.390373,334
,337
,341
,344
,337
,338
,342
,340
,338
,340
,352
,347
,338
,342
2026 05 20 19:23:00.456425,345
,337
,334
,342
,335
,327
,334
,331
,332
,329
,334
,336
,333
,331
2026 05 20 19:23:00.517251,336
,337
,334
,333
,335
,332
,333
,335
,340
,333
,334
,330
,338
,332
2026 05 20 19:23:00.582843,343
,344
,343
,335
,341
,339
,340
,337
,343
,350
,344
,348
,354
,352
2026 05 20 19:23:00.644267,348
,348
,350
,345
,344
,348
,346
,345
,343
,346
,348
,348
,345
,346
2026 05 20 19:23:00.705991,352
,346
,346
,351
,348
,344
,348
,354
,352
,347
,352
,356
,343
,346
2026 05 20 19:23:00.771609,353
,350
,341
,349
,349
,344
,341
,343
,342
,332
,336
,345
,343
,340
2026 05 20 19:23:00.832782,341
,346
,337
,338
,344
,346
,342
,335
,339
,340
,332
,332
,334
,331
2026 05 20 19:23:00.898447,333
,333
,335
,335
,331
,342
,340
,336
,337
,346
,343
,342
,341
,345
2026 05 20 19:23:00.960051,343
,338
,342
,342
,338
,341
,343
,341
,349
,345
,352
,348
,352
,356
2026 05 20 19:23:01.021436,356
,352
,353
,358
,355
,350
,348
,350
,349
,346
,346
,350
,346
,346
2026 05 20 19:23:01.086920,352
,353
,346
,345
,346
,351
,345
,347
,353
,348
,348
,347
,354
,354
2026 05 20 19:23:01.147753,351
,358
,357
,353
,354
,359
,350
,345
,349
,349
,344
,343
,345
,349
2026 05 20 19:23:01.213327,347
,350
,353
,351
,353
,350
,352
,352
,349
,354
,352
,339
,348
,354
2026 05 20 19:23:01.275529,350
,343
,346
,352
,348
,346
,349
,352
,349
,347
,351
,357
,349
,350
2026 05 20 19:23:01.336146,359
,354
,350
,351
,356
,348
,350
,348
,347
,346
,346
,353
,351
,346
2026 05 20 19:23:01.402442,353
,353
,348
,343
,349
,351
,349
,347
,353
,355
,347
,349
,351
,340
2026 05 20 19:23:01.465022,344
,346
,350
,342
,340
,349
,351
,348
,350
,351
,350
,349
,353
,357
2026 05 20 19:23:01.529205,353
,352
,352
,350
,350
,347
,354
,351
,347
,349
,354
,349
,348
,352
2026 05 20 19:23:01.590508,353
,349
,345
,351
,346
,342
,341
,350
,346
,343
,338
,346
,343
,343
2026 05 20 19:23:01.651755,349
,349
,347
,345
,351
,345
,345
,344
,345
,340
,340
,341
,339
,341
2026 05 20 19:23:01.718285,342
,350
,345
,345
,340
,345
,344
,345
,347
,356
,348
,344
,351
,345
2026 05 20 19:23:01.779314,340
,344
,345
,343
,342
,344
,346
,340
,337
,344
,345
,345
,347
,349
2026 05 20 19:23:01.844213,347
,343
,348
,353
,345
,345
,348
,346
,341
,341
,344
,346
,345
,347
2026 05 20 19:23:01.906086,353
,354
,355
,362
,362
,358
,358
,356
,351
,347
,341
,342
,336
,338
2026 05 20 19:23:01.966773,343
,348
,344
,345
,358
,354
,355
,350
,357
,351
,342
,346
,348
,346
2026 05 20 19:23:02.032533,342
,348
,348
,345
,347
,350
,349
,349
,350
,349
,343
,342
,346
,345
2026 05 20 19:23:02.094056,340
,337
,347
,344
,345
,342
,351
,346
,348
,350
,361
,353
,353
,356
2026 05 20 19:23:02.160009,349
,346
,346
,353
,347
,340
,341
,345
,340
,340
,341
,345
,344
,347
2026 05 20 19:23:02.221283,355
,355
,351
,353
,355
,356
,353
,360
,360
,352
,355
,357
,354
,349
2026 05 20 19:23:02.282153,345
,353
,346
,347
,353
,360
,357
,356
,362
,361
,359
,355
,360
,353
2026 05 20 19:23:02.348446,354
,356
,358
,355
,355
,357
,358
,354
,354
,363
,352
,351
,347
,350
2026 05 20 19:23:02.409656,352
,348
,349
,348
,344
,346
,347
,344
,338
,347
,353
,348
,348
,351
2026 05 20 19:23:02.471461,354
,347
,345
,350
,350
,350
,348
,350
,345
,347
,343
,342
,342
,343
2026 05 20 19:23:02.537772,345
,347
,343
,344
,349
,347
,347
,350
,353
,351
,353
,354
,351
,348
2026 05 20 19:23:02.597445,350
,356
,356
,355
,356
,354
,355
,349
,354
,355
,345
,345
,347
,347
2026 05 20 19:23:02.663778,348
,351
,353
,354
,356
,360
,358
,353
,351
,357
,358
,352
,354
,358
2026 05 20 19:23:02.725670,357
,356
,359
,360
,357
,352
,353
,354
,353
,348
,356
,357
,357
,356
2026 05 20 19:23:02.786725,361
,353
,350
,354
,358
,349
,351
,354
,351
,348
,348
,353
,354
,351
2026 05 20 19:23:02.851404,353
,359
,349
,349
,357
,355
,351
,352
,355
,349
,341
,344
,347
,341
2026 05 20 19:23:02.913128,341
,347
,350
,345
,346
,350
,353
,347
,341
,350
,347
,340
,344
,345
2026 05 20 19:23:02.978983,342
,342
,349
,348
,347
,349
,351
,347
,353
,355
,359
,353
,354
,357
2026 05 20 19:23:03.040730,356
,349
,351
,357
,356
,357
,357
,358
,358
,360
,361
,360
,347
,346
2026 05 20 19:23:03.101877,351
,352
,352
,349
,356
,354
,356
,357
,357
,349
,349
,351
,358
,351
2026 05 20 19:23:03.167654,353
,362
,361
,356
,354
,364
,364
,361
,363
,364
,354
,356
,356
,354
2026 05 20 19:23:03.229177,352
,357
,358
,357
,351
,352
,349
,340
,335
,342
,336
,340
,341
,342
2026 05 20 19:23:03.293725,339
,340
,341
,345
,344
,349
,355
,352
,355
,355
,355
,350
,350
,346
2026 05 20 19:23:03.355309,351
,343
,343
,346
,341
,340
,339
,348
,346
,351
,347
,356
,354
,352
2026 05 20 19:23:03.417161,360
,361
,358
,361
,360
,360
,361
,360
,363
,353
,351
,355
,360
,355
2026 05 20 19:23:03.483092,353
,359
,357
,353
,349
,352
,351
,353
,354
,352
,352
,352
,353
,354
2026 05 20 19:23:03.544581,352
,355
,356
,358
,349
,354
,351
,347
,348
,353
,355
,350
,354
,354
2026 05 20 19:23:03.610000,351
,351
,351
,354
,353
,349
,348
,355
,352
,349
,350
,352
,349
,348
2026 05 20 19:23:03.670832,349
,349
,346
,345
,348
,345
,352
,357
,357
,355
,359
,364
,364
,364
2026 05 20 19:23:03.732063,369
,372
,368
,365
,368
,366
,360
,357
,356
,349
,348
,353
,353
,350
2026 05 20 19:23:03.797750,354
,355
,356
,354
,359
,364
,359
,354
,358
,365
,357
,354
,365
,364
2026 05 20 19:23:03.859183,354
,356
,364
,362
,355
,352
,358
,356
,357
,357
,360
,364
,367
,369
2026 05 20 19:23:03.925414,371
,364
,358
,360
,354
,350
,341
,346
,350
,349
,352
,355
,353
,365
2026 05 20 19:23:03.987368,367
,365
,367
,363
,363
,363
,350
,355
,358
,349
,344
,342
,344
,341
2026 05 20 19:23:04.048167,344
,345
,347
,345
,346
,353
,360
,361
,363
,362
,358
,360
,367
,364
2026 05 20 19:23:04.114156,364
,364
,359
,355
,352
,348
,352
,346
,343
,352
,347
,356
,361
,363
2026 05 20 19:23:04.175226,363
,365
,369
,372
,365
,359
,356
,353
,347
,344
,349
,345
,344
,353
2026 05 20 19:23:04.239932,357
,358
,359
,361
,365
,362
,364
,362
,365
,360
,356
,355
,348
,343
2026 05 20 19:23:04.302445,348
,347
,347
,348
,352
,353
,357
,358
,363
,358
,360
,363
,359
,357
2026 05 20 19:23:04.363017,355
,361
,352
,349
,345
,344
,337
,336
,341
,340
,345
,351
,354
,353
2026 05 20 19:23:04.428969,350
,354
,358
,360
,359
,358
,354
,345
,333
,335
,335
,323
,321
,323
2026 05 20 19:23:04.489948,332
,344
,343
,349
,346
,348
,352
,359
,354
,355
,365
,358
,361
,358
2026 05 20 19:23:04.555643,362
,359
,356
,353
,354
,344
,340
,346
,349
,347
,348
,358
,360
,362
2026 05 20 19:23:04.617912,365
,375
,370
,370
,378
,368
,357
,358
,359
,358
,350
,352
,345
,347
2026 05 20 19:23:04.677944,347
,353
,358
,353
,348
,359
,351
,346
,344
,341
,340
,335
,338
,346
2026 05 20 19:23:04.744160,347
,342
,349
,342
,343
,342
,344
,345
,341
,342
,345
,342
,340
,341
2026 05 20 19:23:04.805761,345
,340
,339
,341
,332
,332
,336
,336
,337
,334
,342
,345
,343
,343
2026 05 20 19:23:04.870743,350
,348
,341
,345
,344
,346
,343
,345
,354
,354
,348
,354
,355
,352
2026 05 20 19:23:04.933188,355
,357
,352
,351
,346
,348
,353
,355
,356
,354
,353
,357
,360
,360
2026 05 20 19:23:04.994676,363
,363
,365
,365
,369
,367
,359
,364
,361
,367
,363
,361
,362
,362
2026 05 20 19:23:05.059326,358
,352
,348
,348
,346
,345
,349
,351
,349
,352
,352
,357
,360
,355
2026 05 20 19:23:05.121627,359
,356
,359
,363
,364
,360
,363
,366
,361
,363
,364
,368
,359
,366
2026 05 20 19:23:05.186741,362
,359
,350
,355
,359
,356
,352
,357
,364
,355
,357
,360
,359
,356
2026 05 20 19:23:05.248479,351
,357
,350
,350
,351
,354
,359
,352
,351
,356
,347
,349
,346
,351
2026 05 20 19:23:05.309455,344
,348
,355
,353
,351
,352
,355
,347
,351
,351
,357
,355
,356
,361
2026 05 20 19:23:05.375766,358
,357
,353
,355
,350
,351
,354
,357
,352
,350
,359
,358
,355
,357
2026 05 20 19:23:05.437124,356
,354
,354
,354
,359
,352
,353
,358
,360
,357
,356
,364
,362
,361
2026 05 20 19:23:05.502268,360
,367
,361
,355
,357
,356
,355
,349
,353
,355
,352
,362
,358
,354
2026 05 20 19:23:05.564787,360
,369
,367
,361
,363
,365
,359
,356
,359
,362
,360
,356
,354
,357
2026 05 20 19:23:05.624509,356
,356
,356
,356
,353
,354
,360
,362
,358
,359
,362
,360
,356
,359
2026 05 20 19:23:05.689919,352
,350
,354
,356
,352
,353
,358
,356
,355
,360
,354
,353
,355
,348
2026 05 20 19:23:05.752356,353
,355
,350
,356
,360
,360
,355
,350
,350
,349
,352
,355
,354
,348
2026 05 20 19:23:05.817600,356
,356
,355
,358
,358
,362
,356
,357
,352
,355
,353
,349
,357
,358
2026 05 20 19:23:05.879440,355
,356
,358
,359
,361
,365
,367
,364
,363
,365
,363
,352
,352
,356
2026 05 20 19:23:05.941482,352
,350
,354
,354
,356
,356
,361
,365
,362
,363
,370
,359
,358
,357
2026 05 20 19:23:06.005624,360
,350
,353
,356
,353
,352
,352
,352
,355
,352
,349
,358
,353
,350
2026 05 20 19:23:06.067732,350
,352
,342
,341
,346
,341
,337
,339
,343
,347
,347
,349
,350
,349
2026 05 20 19:23:06.132950,350
,351
,356
,350
,344
,345
,342
,343
,343
,349
,346
,347
,352
,358
2026 05 20 19:23:06.193836,353
,357
,361
,357
,354
,351
,355
,348
,340
,343
,350
,354
,351
,360
2026 05 20 19:23:06.255405,352
,344
,356
,363
,356
,355
,357
,350
,343
,347
,347
,348
,350
,354
2026 05 20 19:23:06.321414,358
,355
,350
,348
,349
,346
,346
,343
,344
,336
,340
,346
,339
,335
2026 05 20 19:23:06.383004,341
,342
,339
,337
,341
,344
,334
,337
,341
,340
,342
,338
,342
,344
2026 05 20 19:23:06.444660,344
,342
,344
,347
,342
,342
,350
,350
,349
,354
,357
,354
,351
,357
2026 05 20 19:23:06.510037,358
,355
,357
,357
,348
,353
,355
,355
,357
,357
,357
,356
,352
,350
2026 05 20 19:23:06.571186,355
,350
,356
,359
,361
,356
,357
,362
,355
,355
,357
,353
,351
,350
2026 05 20 19:23:06.636414,353
,350
,355
,358
,355
,356
,358
,356
,359
,360
,358
,361
,361
,352
2026 05 20 19:23:06.698015,350
,354
,353
,354
,351
,355
,359
,354
,356
,361
,355
,348
,354
,351
2026 05 20 19:23:06.759251,347
,344
,347
,349
,348
,357
,357
,352
,350
,352
,355
,355
,353
,352
2026 05 20 19:23:06.824803,351
,347
,347
,347
,345
,346
,353
,354
,354
,354
,356
,349
,353
,353
2026 05 20 19:23:06.886531,355
,352
,348
,347
,350
,345
,351
,351
,351
,348
,344
,345
,351
,351
2026 05 20 19:23:06.951328,348
,346
,338
,343
,346
,350
,350
,351
,351
,351
,345
,344
,347
,342
2026 05 20 19:23:07.013776,345
,349
,348
,341
,335
,343
,345
,342
,348
,352
,345
,356
,362
,364
2026 05 20 19:23:07.074995,356
,355
,356
,354
,347
,346
,349
,353
,352
,356
,353
,358
,354
,360
2026 05 20 19:23:07.140262,363
,360
,359
,360
,359
,355
,360
,364
,361
,363
,367
,375
,367
,364
2026 05 20 19:23:07.201349,372
,370
,369
,366
,367
,361
,355
,352
,357
,357
,351
,358
,355
,353
2026 05 20 19:23:07.267957,361
,363
,359
,355
,358
,362
,353
,354
,357
,356
,354
,360
,357
,360
2026 05 20 19:23:07.328996,355
,360
,360
,356
,350
,359
,362
,355
,355
,360
,357
,361
,360
,358
2026 05 20 19:23:07.390364,364
,362
,364
,365
,356
,356
,360
,359
,353
,353
,356
,350
,351
,357
2026 05 20 19:23:07.456426,358
,354
,355
,359
,363
,363
,366
,368
,361
,363
,362
,357
,354
,361
2026 05 20 19:23:07.516855,359
,361
,357
,355
,359
,361
,365
,362
,364
,358
,359
,358
,355
,353
2026 05 20 19:23:07.583445,355
,359
,358
,359
,361
,363
,357
,354
,357
,356
,350
,349
,351
,359
2026 05 20 19:23:07.644025,355
,359
,360
,354
,353
,355
,356
,353
,356
,358
,354
,343
,347
,349
2026 05 20 19:23:07.705750,347
,347
,345
,350
,342
,339
,344
,344
,340
,338
,340
,339
,336
,333
2026 05 20 19:23:07.772757,338
,335
,340
,344
,348
,344
,340
,351
,348
,347
,342
,351
,350
,345
2026 05 20 19:23:07.833411,347
,348
,347
,348
,350
,351
,353
,350
,360
,354
,355
,356
,357
,356
2026 05 20 19:23:07.898518,353
,354
,352
,353
,352
,357
,356
,355
,350
,356
,354
,352
,351
,354
2026 05 20 19:23:07.959609,347
,349
,352
,352
,345
,346
,353
,349
,348
,352
,348
,345
,349
,351
2026 05 20 19:23:08.020500,354
,342
,345
,348
,346
,349
,347
,349
,350
,350
,346
,360
,354
,350
2026 05 20 19:23:08.087040,349
,348
,347
,347
,343
,341
,342
,345
,353
,351
,346
,354
,349
,344
2026 05 20 19:23:08.147899,346
,352
,353
,346
,350
,352
,350
,350
,355
,357
,356
,357
,364
,354
2026 05 20 19:23:08.214240,357
,360
,361
,358
,356
,354
,359
,354
,354
,357
,360
,356
,361
,363
2026 05 20 19:23:08.275448,365
,357
,366
,366
,360
,358
,361
,364
,361
,360
,363
,362
,357
,363
2026 05 20 19:23:08.336681,365
,365
,368
,369
,366
,357
,361
,365
,361
,359
,366
,365
,356
,358
2026 05 20 19:23:08.402165,362
,357
,356
,358
,360
,361
,360
,360
,363
,360
,358
,362
,364
,360
2026 05 20 19:23:08.465226,356
,357
,357
,348
,353
,349
,343
,343
,344
,350
,344
,344
,350
,351
2026 05 20 19:23:08.531092,349
,345
,349
,350
,347
,347
,353
,346
,343
,344
,342
,339
,338
,338
2026 05 20 19:23:08.590155,334
,343
,342
,344
,350
,350
,349
,351
,350
,351
,352
,351
,350
,355
2026 05 20 19:23:08.651929,360
,355
,354
,353
,358
,353
,351
,353
,352
,349
,346
,354
,347
,352
2026 05 20 19:23:08.717400,349
,347
,346
,346
,351
,351
,352
,352
,355
,354
,353
,349
,355
,355
2026 05 20 19:23:08.779083,361
,361
,353
,352
,350
,354
,352
,355
,354
,355
,353
,354
,356
,354
2026 05 20 19:23:08.843749,348
,348
,352
,351
,346
,353
,354
,351
,351
,355
,361
,356
,357
,361
2026 05 20 19:23:08.906160,361
,351
,359
,356
,350
,343
,347
,349
,347
,346
,350
,353
,350
,350
2026 05 20 19:23:08.966911,354
,352
,350
,348
,353
,352
,348
,351
,355
,354
,353
,353
,352
,348
2026 05 20 19:23:09.032678,346
,343
,347
,348
,349
,350
,347
,342
,349
,349
,344
,347
,344
,344
2026 05 20 19:23:09.094787,338
,341
,348
,342
,344
,349
,350
,343
,345
,351
,344
,345
,348
,350
2026 05 20 19:23:09.159906,349
,344
,346
,351
,348
,346
,348
,347
,347
,341
,343
,349
,347
,346
2026 05 20 19:23:09.221572,348
,344
,343
,347
,346
,349
,350
,352
,351
,354
,354
,363
,360
,357
2026 05 20 19:23:09.282506,359
,357
,354
,349
,355
,357
,355
,361
,364
,359
,356
,350
,357
,359
2026 05 20 19:23:09.349636,357
,361
,356
,356
,357
,361
,356
,359
,367
,368
,363
,362
,368
,367
2026 05 20 19:23:09.409378,368
,367
,365
,358
,359
,358
,358
,356
,352
,351
,349
,348
,347
,354
2026 05 20 19:23:09.474670,349
,353
,355
,353
,349
,355
,354
,352
,347
,356
,357
,352
,351
,354
2026 05 20 19:23:09.536373,347
,348
,351
,357
,362
,356
,353
,355
,355
,354
,353
,357
,358
,356
2026 05 20 19:23:09.599658,356
,358
,354
,355
,361
,359
,355
,353
,360
,358
,362
,355
,360
,354
2026 05 20 19:23:09.663094,348
,349
,347
,337
,338
,342
,341
,343
,345
,347
,346
,344
,347
,344
2026 05 20 19:23:09.724818,342
,341
,349
,347
,344
,340
,339
,342
,338
,340
,342
,334
,337
,341
2026 05 20 19:23:09.789615,339
,340
,340
,341
,346
,350
,352
,353
,352
,345
,349
,351
,345
,342
2026 05 20 19:23:09.851333,349
,351
,346
,344
,349
,347
,349
,350
,355
,352
,355
,354
,354
,353
2026 05 20 19:23:09.913312,362
,359
,362
,355
,357
,354
,349
,347
,341
,346
,345
,340
,343
,348
2026 05 20 19:23:09.978993,349
,357
,359
,361
,366
,369
,370
,364
,363
,364
,354
,346
,340
,347
2026 05 20 19:23:10.040505,340
,343
,351
,349
,352
,359
,363
,362
,353
,350
,352
,342
,336
,342
2026 05 20 19:23:10.105802,344
,345
,348
,353
,348
,344
,351
,354
,348
,341
,344
,344
,336
,337
2026 05 20 19:23:10.167489,339
,343
,341
,346
,350
,354
,352
,352
,355
,354
,352
,351
,354
,344
2026 05 20 19:23:10.229093,346
,352
,353
,353
,343
,349
,351
,349
,345
,349
,347
,347
,349
,348
2026 05 20 19:23:10.294394,346
,348
,349
,346
,347
,349
,355
,351
,354
,353
,357
,354
,356
,360
2026 05 20 19:23:10.355469,361
,349
,359
,361
,358
,358
,360
,355
,354
,355
,352
,357
,358
,357
2026 05 20 19:23:10.420486,361
,358
,357
,361
,366
,365
,368
,369
,378
,366
,367
,369
,362
,357
2026 05 20 19:23:10.482309,359
,356
,355
,360
,357
,364
,368
,369
,369
,368
,361
,356
,356
,354
2026 05 20 19:23:10.543922,352
,350
,348
,344
,344
,339
,345
,345
,349
,352
,347
,346
,350
,350
2026 05 20 19:23:10.609284,343
,344
,351
,354
,349
,345
,349
,347
,354
,348
,350
,348
,345
,347
2026 05 20 19:23:10.670725,349
,343
,342
,343
,343
,341
,338
,344
,342
,343
,336
,345
,340
,346
2026 05 20 19:23:10.732879,348
,350
,349
,345
,346
,337
,336
,336
,338
,338
,339
,345
,353
,342
2026 05 20 19:23:10.797674,347
,348
,347
,347
,348
,355
,351
,350
,352
,361
,358
,365
,367
,363
2026 05 20 19:23:10.859395,365
,360
,363
,354
,350
,351
,348
,350
,349
,352
,350
,349
,356
,358
2026 05 20 19:23:10.925112,359
,357
,358
,353
,350
,357
,353
,352
,347
,346
,353
,352
,355
,355
2026 05 20 19:23:10.987280,360
,349
,359
,355
,353
,348
,350
,355
,353
,347
,350
,348
,348
,349
2026 05 20 19:23:11.047062,357
,359
,358
,359
,357
,358
,352
,348
,352
,348
,344
,342
,355
,348
2026 05 20 19:23:11.112943,349
,353
,351
,340
,347
,348
,347
,349
,353
,356
,353
,349
,355
,360
2026 05 20 19:23:11.174274,355
,357
,361
,359
,353
,351
,356
,354
,353
,360
,362
,355
,353
,358
2026 05 20 19:23:11.239851,354
,349
,352
,366
,359
,356
,360
,366
,365
,364
,364
,359
,349
,348
2026 05 20 19:23:11.302078,353
,348
,344
,345
,347
,343
,342
,340
,344
,339
,339
,351
,351
,341
2026 05 20 19:23:11.363448,338
,347
,347
,346
,353
,357
,349
,352
,354
,352
,349
,353
,354
,349
2026 05 20 19:23:11.429011,349
,348
,347
,342
,343
,352
,352
,344
,345
,346
,351
,348
,345
,350
2026 05 20 19:23:11.490347,344
,349
,350
,352
,352
,355
,355
,357
,356
,356
,362
,355
,355
,355
2026 05 20 19:23:11.555531,358
,355
,352
,349
,347
,355
,355
,356
,351
,350
,355
,358
,362
,360
2026 05 20 19:23:11.616613,361
,360
,356
,354
,352
,355
,356
,362
,367
,368
,362
,361
,362
,356
2026 05 20 19:23:11.677927,361
,364
,363
,355
,351
,350
,348
,350
,351
,353
,352
,358
,359
,355
2026 05 20 19:23:11.743557,359
,355
,357
,353
,354
,351
,352
,354
,352
,355
,357
,353
,357
,362
2026 05 20 19:23:11.805008,359
,358
,353
,354
,348
,346
,348
,350
,348
,356
,359
,354
,350
,355
2026 05 20 19:23:11.870595,357
,353
,357
,358
,356
,350
,349
,353
,350
,344
,349
,351
,350
,347
2026 05 20 19:23:11.932219,345
,346
,355
,356
,356
,364
,358
,361
,364
,360
,361
,363
,366
,358
2026 05 20 19:23:11.993768,354
,354
,354
,349
,350
,352
,351
,348
,347
,353
,361
,365
,369
,373
2026 05 20 19:23:12.059789,374
,375
,375
,369
,362
,364
,363
,354
,347
,343
,340
,340
,340
,347
2026 05 20 19:23:12.120899,350
,345
,351
,347
,353
,353
,356
,360
,357
,355
,356
,355
,350
,355
2026 05 20 19:23:12.186647,361
,360
,352
,349
,352
,350
,352
,348
,348
,344
,346
,345
,345
,347
2026 05 20 19:23:12.248239,348
,354
,353
,349
,356
,354
,350
,348
,350
,352
,352
,349
,349
,349
2026 05 20 19:23:12.309282,348
,351
,351
,345
,341
,348
,345
,341
,341
,346
,345
,350
,355
,355
2026 05 20 19:23:12.375234,352
,354
,358
,363
,353
,350
,350
,354
,360
,356
,360
,356
,355
,350
2026 05 20 19:23:12.435957,354
,348
,349
,344
,341
,338
,338
,334
,338
,342
,337
,337
,332
,338
2026 05 20 19:23:12.502058,340
,337
,335
,342
,343
,345
,339
,338
,344
,339
,336
,335
,338
,334
2026 05 20 19:23:12.563532,335
,338
,338
,338
,340
,341
,346
,350
,349
,350
,354
,359
,360
,358
2026 05 20 19:23:12.624750,355
,351
,349
,344
,346
,349
,351
,344
,353
,359
,364
,352
,357
,366
2026 05 20 19:23:12.690156,363
,365
,365
,370
,369
,366
,360
,366
,359
,355
,352
,342
,340
,342
2026 05 20 19:23:12.752038,342
,344
,346
,345
,348
,346
,343
,354
,355
,350
,349
,350
,346
,344
2026 05 20 19:23:12.817439,339
,337
,333
,331
,333
,332
,330
,333
,339
,340
,341
,351
,359
,359
2026 05 20 19:23:12.879196,358
,359
,360
,354
,349
,353
,351
,346
,350
,347
,346
,347
,351
,355
2026 05 20 19:23:12.940297,353
,354
,362
,363
,366
,365
,374
,375
,377
,377
,382
,380
,377
,369
2026 05 20 19:23:13.005848,364
,351
,345
,349
,341
,345
,341
,342
,346
,348
,349
,352
,350
,349
2026 05 20 19:23:13.067355,349
,354
,348
,345
,345
,338
,340
,342
,346
,344
,345
,352
,347
,342
2026 05 20 19:23:13.132260,342
,342
,345
,343
,345
,350
,343
,343
,342
,347
,340
,344
,352
,346
2026 05 20 19:23:13.194231,352
,356
,354
,347
,352
,352
,355
,352
,347
,353
,354
,355
,357
,357
2026 05 20 19:23:13.255306,355
,353
,356
,357
,356
,352
,356
,354
,349
,342
,349
,348
,352
,355
2026 05 20 19:23:13.321113,358
,355
,354
,354
,360
,349
,355
,360
,357
,353
,361
,366
,359
,360
2026 05 20 19:23:13.383004,366
,368
,362
,361
,363
,362
,360
,357
,361
,355
,356
,362
,357
,355
2026 05 20 19:23:13.447047,356
,358
,358
,356
,355
,362
,360
,355
,355
,358
,346
,348
,346
,357
2026 05 20 19:23:13.509292,355
,360
,365
,365
,363
,357
,362
,360
,359
,364
,362
,359
,358
,362
2026 05 20 19:23:13.571103,357
,359
,359
,360
,360
,359
,358
,359
,352
,352
,359
,353
,348
,347
2026 05 20 19:23:13.636017,348
,350
,350
,356
,361
,351
,345
,351
,354
,351
,352
,354
,354
,354
2026 05 20 19:23:13.699069,360
,358
,357
,352
,358
,354
,350
,355
,356
,356
,358
,352
,359
,356
2026 05 20 19:23:13.762947,353
,357
,363
,362
,361
,367
,367
,360
,356
,353
,353
,348
,352
,350
2026 05 20 19:23:13.825323,349
,349
,349
,358
,350
,353
,353
,354
,353
,355
,357
,355
,354
,357
2026 05 20 19:23:13.886263,358
,354
,354
,352
,359
,362
,361
,363
,356
,357
,355
,354
,347
,348
2026 05 20 19:23:13.952129,349
,348
,344
,350
,352
,357
,355
,360
,360
,357
,357
,353
,350
,348
2026 05 20 19:23:14.015456,349
,351
,350
,344
,353
,351
,351
,347
,350
,351
,351
,350
,346
,346
2026 05 20 19:23:14.077804,347
,350
,354
,346
,346
,352
,350
,345
,347
,351
,352
,351
,350
,350
2026 05 20 19:23:14.140047,351
,350
,349
,352
,346
,347
,347
,349
,352
,358
,364
,359
,353
,350
2026 05 20 19:23:14.201214,362
,356
,357
,357
,359
,358
,356
,363
,352
,354
,353
,360
,357
,358
2026 05 20 19:23:14.267392,358
,354
,357
,358
,361
,365
,357
,360
,365
,361
,363
,366
,374
,370
2026 05 20 19:23:14.327793,367
,367
,369
,360
,361
,365
,363
,360
,357
,363
,359
,359
,363
,369
2026 05 20 19:23:14.394442,366
,367
,364
,361
,364
,363
,357
,356
,355
,354
,363
,353
,357
,365
2026 05 20 19:23:14.455911,368
,370
,369
,373
,370
,368
,362
,365
,360
,362
,356
,356
,354
,354
2026 05 20 19:23:14.517172,361
,359
,355
,353
,349
,344
,345
,350
,351
,349
,343
,348
,348
,345
2026 05 20 19:23:14.582239,345
,346
,339
,335
,345
,345
,337
,343
,351
,347
,337
,338
,337
,337
2026 05 20 19:23:14.644256,338
,346
,349
,344
,340
,343
,345
,342
,348
,347
,344
,344
,336
,340
2026 05 20 19:23:14.705165,340
,340
,343
,352
,347
,345
,351
,348
,351
,346
,352
,349
,344
,342
2026 05 20 19:23:14.771275,345
,344
,348
,354
,356
,356
,354
,352
,353
,356
,349
,354
,344
,344
2026 05 20 19:23:14.832360,347
,348
,348
,345
,353
,352
,356
,358
,357
,352
,354
,353
,354
,353
2026 05 20 19:23:14.898121,360
,355
,349
,349
,355
,362
,357
,355
,356
,357
,351
,349
,354
,348
2026 05 20 19:23:14.959692,344
,350
,350
,346
,348
,352
,355
,349
,354
,352
,347
,348
,348
,351
2026 05 20 19:23:15.020644,347
,349
,346
,350
,349
,348
,344
,351
,348
,343
,350
,350
,349
,351
2026 05 20 19:23:15.085982,352
,346
,344
,343
,345
,339
,344
,352
,351
,347
,351
,348
,347
,346
2026 05 20 19:23:15.147824,345
,344
,339
,334
,340
,338
,339
,343
,352
,355
,356
,354
,354
,357
2026 05 20 19:23:15.213530,348
,349
,350
,344
,346
,353
,349
,350
,346
,352
,347
,348
,351
,353
2026 05 20 19:23:15.274950,352
,347
,352
,351
,346
,349
,347
,351
,345
,349
,358
,350
,353
,355
2026 05 20 19:23:15.336507,356
,352
,356
,352
,350
,348
,348
,352
,349
,352
,358
,355
,353
,350
2026 05 20 19:23:15.401379,352
,354
,354
,352
,359
,352
,350
,350
,352
,347
,345
,352
,347
,343
2026 05 20 19:23:15.463230,348
,351
,355
,354
,357
,358
,353
,354
,348
,358
,348
,347
,348
,345
2026 05 20 19:23:15.529214,346
,341
,338
,339
,340
,342
,339
,337
,339
,341
,342
,339
,343
,347
2026 05 20 19:23:15.590071,344
,348
,350
,348
,346
,349
,353
,352
,344
,344
,342
,347
,347
,351
2026 05 20 19:23:15.651123,353
,350
,351
,355
,356
,350
,354
,356
,348
,349
,351
,353
,354
,344
2026 05 20 19:23:15.717331,346
,357
,350
,350
,353
,351
,356
,352
,354
,352
,350
,353
,353
,349
2026 05 20 19:23:15.778077,345
,348
,347
,344
,348
,353
,349
,348
,348
,353
,348
,343
,347
,342
2026 05 20 19:23:15.844417,337
,341
,341
,342
,343
,345
,348
,343
,343
,345
,339
,335
,336
,339
2026 05 20 19:23:15.906089,343
,343
,349
,349
,353
,350
,349
,350
,343
,345
,347
,349
,351
,346
2026 05 20 19:23:15.966896,350
,348
,352
,353
,364
,358
,355
,362
,362
,355
,356
,357
,358
,351
2026 05 20 19:23:16.032751,355
,358
,356
,354
,367
,366
,362
,365
,369
,365
,360
,359
,353
,350
2026 05 20 19:23:16.094217,349
,348
,353
,351
,354
,364
,358
,356
,357
,360
,352
,354
,352
,352
2026 05 20 19:23:16.159472,343
,349
,350
,353
,352
,349
,349
,353
,353
,352
,353
,351
,348
,351
2026 05 20 19:23:16.221213,356
,350
,345
,347
,347
,347
,342
,345
,342
,350
,345
,353
,342
,344
2026 05 20 19:23:16.282543,347
,350
,345
,346
,350
,349
,344
,348
,349
,344
,345
,347
,354
,351
2026 05 20 19:23:16.348319,355
,354
,353
,354
,350
,355
,355
,358
,360
,359
,354
,356
,360
,359
2026 05 20 19:23:16.408977,352
,351
,350
,349
,351
,353
,353
,356
,354
,357
,359
,357
,355
,358
2026 05 20 19:23:16.474815,355
,354
,349
,351
,346
,344
,343
,347
,349
,342
,348
,345
,348
,350
2026 05 20 19:23:16.536622,354
,349
,355
,353
,350
,347
,349
,347
,345
,352
,346
,347
,343
,340
2026 05 20 19:23:16.598179,346
,346
,346
,348
,353
,348
,348
,349
,357
,353
,349
,356
,367
,362
2026 05 20 19:23:16.663416,360
,359
,368
,364
,359
,361
,353
,353
,351
,350
,351
,353
,354
,361
2026 05 20 19:23:16.724937,359
,360
,362
,366
,363
,357
,362
,359
,351
,353
,352
,348
,353
,355
2026 05 20 19:23:16.790188,352
,356
,359
,361
,359
,357
,355
,353
,346
,342
,344
,345
,341
,342
2026 05 20 19:23:16.852100,346
,346
,342
,340
,343
,343
,343
,350
,345
,346
,341
,349
,349
,351
2026 05 20 19:23:16.913159,348
,351
,352
,349
,350
,357
,349
,350
,352
,344
,339
,340
,344
,340
2026 05 20 19:23:16.978806,346
,348
,350
,351
,356
,351
,353
,346
,350
,352
,353
,351
,353
,352
2026 05 20 19:23:17.040362,348
,347
,350
,349
,343
,349
,352
,354
,352
,352
,358
,358
,358
,358
2026 05 20 19:23:17.105751,367
,364
,363
,363
,367
,358
,362
,364
,357
,357
,361
,359
,352
,357
2026 05 20 19:23:17.167193,356
,357
,353
,352
,364
,361
,359
,358
,356
,349
,354
,353
,352
,350
2026 05 20 19:23:17.228191,348
,348
,348
,356
,351
,352
,359
,359
,358
,364
,355
,355
,355
,354
2026 05 20 19:23:17.294284,350
,351
,357
,354
,352
,357
,361
,358
,358
,359
,354
,352
,354
,348
2026 05 20 19:23:17.356018,347
,341
,348
,350
,340
,337
,341
,339
,335
,339
,345
,344
,346
,351
2026 05 20 19:23:17.420092,350
,344
,346
,346
,344
,341
,338
,344
,344
,340
,343
,343
,338
,340
2026 05 20 19:23:17.482725,344
,345
,342
,338
,345
,344
,345
,345
,344
,341
,338
,352
,357
,348
2026 05 20 19:23:17.548110,349
,355
,361
,352
,353
,359
,354
,353
,352
,354
,347
,348
,347
,349
2026 05 20 19:23:17.609589,342
,339
,347
,341
,340
,343
,343
,337
,336
,337
,342
,331
,336
,342
2026 05 20 19:23:17.670935,342
,342
,352
,351
,350
,349
,350
,352
,351
,352
,358
,363
,358
,361
2026 05 20 19:23:17.736492,365
,366
,364
,361
,365
,363
,356
,352
,355
,353
,350
,351
,353
,356
2026 05 20 19:23:17.797914,355
,357
,360
,359
,362
,355
,345
,354
,363
,360
,355
,364
,358
,354
2026 05 20 19:23:17.859156,361
,354
,357
,347
,347
,348
,347
,348
,343
,354
,357
,347
,352
,355
2026 05 20 19:23:17.924225,350
,351
,348
,350
,344
,354
,353
,351
,348
,356
,359
,355
,354
,351
2026 05 20 19:23:17.986163,354
,354
,361
,362
,363
,362
,357
,358
,346
,342
,341
,343
,336
,337
2026 05 20 19:23:18.051506,347
,343
,347
,350
,353
,353
,345
,348
,346
,343
,344
,348
,352
,348
2026 05 20 19:23:18.112986,350
,358
,357
,355
,357
,362
,355
,363
,364
,359
,356
,354
,360
,358
2026 05 20 19:23:18.174633,357
,361
,361
,365
,358
,358
,357
,352
,354
,356
,359
,350
,358
,362
2026 05 20 19:23:18.240444,353
,357
,351
,350
,351
,351
,356
,350
,349
,355
,362
,362
,355
,357
2026 05 20 19:23:18.301475,356
,357
,357
,355
,358
,351
,349
,353
,349
,349
,352
,349
,358
,355
2026 05 20 19:23:18.362271,352
,353
,345
,343
,340
,346
,344
,347
,349
,342
,338
,336
,339
,332
2026 05 20 19:23:18.429050,329
,329
,340
,343
,339
,349
,355
,353
,361
,367
,362
,360
,360
,365
2026 05 20 19:23:18.490136,359
,361
,364
,359
,358
,350
,358
,355
,352
,354
,359
,357
,354
,356
2026 05 20 19:23:18.555130,356
,349
,349
,357
,352
,346
,353
,357
,360
,362
,366
,372
,365
,363
2026 05 20 19:23:18.617560,372
,374
,365
,368
,377
,373
,365
,369
,372
,371
,369
,374
,371
,371
2026 05 20 19:23:18.678009,370
,377
,369
,366
,371
,373
,364
,360
,364
,366
,364
,363
,372
,364
2026 05 20 19:23:18.744377,367
,377
,379
,379
,381
,385
,387
,380
,383
,390
,386
,378
,379
,383
2026 05 20 19:23:18.805417,380
,377
,380
,380
,370
,371
,378
,382
,371
,374
,381
,373
,374
,381
2026 05 20 19:23:18.871194,387
,376
,365
,370
,369
,354
,349
,363
,367
,370
,376
,378
,380
,381
2026 05 20 19:23:18.932722,386
,395
,386
,381
,392
,388
,383
,384
,392
,384
,375
,385
,384
,376
2026 05 20 19:23:18.993987,382
,383
,383
,376
,372
,376
,374
,374
,369
,383
,381
,369
,375
,385
2026 05 20 19:23:19.059682,380
,376
,383
,381
,379
,378
,384
,381
,377
,382
,381
,367
,368
,377
2026 05 20 19:23:19.120588,372
,366
,367
,373
,370
,364
,371
,370
,367
,368
,369
,380
,377
,377
2026 05 20 19:23:19.186502,377
,375
,366
,373
,382
,371
,368
,374
,375
,370
,368
,374
,375
,369
2026 05 20 19:23:19.247866,367
,378
,361
,356
,361
,366
,359
,355
,365
,367
,362
,357
,364
,360
2026 05 20 19:23:19.308249,361
,367
,368
,363
,363
,372
,376
,370
,360
,370
,367
,362
,370
,373
2026 05 20 19:23:19.375449,366
,364
,370
,374
,358
,354
,365
,374
,358
,360
,380
,366
,356
,365
2026 05 20 19:23:19.435745,364
,346
,344
,343
,345
,336
,337
,346
,347
,343
,348
,362
,348
,346
2026 05 20 19:23:19.501639,348
,358
,349
,347
,355
,355
,349
,356
,366
,354
,348
,354
,354
,354
2026 05 20 19:23:19.563437,345
,347
,344
,339
,355
,361
,347
,345
,343
,349
,348
,337
,346
,357
2026 05 20 19:23:19.624500,360
,352
,359
,344
,327
,361
,369
,350
,342
,347
,341
,328
,338
,338
2026 05 20 19:23:19.690214,328
,330
,350
,348
,351
,351
,363
,365
,354
,365
,366
,354
,361
,358
2026 05 20 19:23:19.751587,360
,351
,349
,352
,356
,341
,345
,350
,350
,345
,339
,345
,350
,349
2026 05 20 19:23:19.817231,350
,359
,350
,344
,356
,361
,350
,351
,359
,353
,346
,348
,360
,344
2026 05 20 19:23:19.878775,346
,350
,353
,348
,351
,358
,354
,349
,350
,349
,344
,345
,340
,345
2026 05 20 19:23:19.939218,343
,342
,347
,359
,353
,349
,353
,348
,336
,337
,347
,338
,331
,341
2026 05 20 19:23:20.005778,345
,333
,333
,346
,345
,341
,339
,351
,349
,341
,349
,353
,347
,339
2026 05 20 19:23:20.066460,345
,337
,339
,336
,338
,335
,323
,337
,338
,333
,327
,340
,332
,328
2026 05 20 19:23:20.132441,334
,338
,329
,325
,332
,331
,320
,326
,333
,327
,323
,321
,325
,326
2026 05 20 19:23:20.194504,326
,325
,331
,326
,327
,336
,341
,330
,322
,341
,335
,332
,332
,335
2026 05 20 19:23:20.255341,323
,327
,341
,346
,338
,344
,351
,347
,348
,341
,339
,341
,332
,331
2026 05 20 19:23:20.320637,343
,335
,325
,325
,327
,325
,321
,332
,330
,328
,329
,341
,338
,332
2026 05 20 19:23:20.381962,338
,339
,328
,324
,330
,328
,322
,318
,332
,320
,317
,332
,331
,323
2026 05 20 19:23:20.447881,318
,323
,335
,330
,330
,343
,341
,335
,344
,349
,342
,331
,333
,337
2026 05 20 19:23:20.510062,332
,332
,334
,328
,322
,322
,323
,313
,307
,315
,315
,307
,306
,319
2026 05 20 19:23:20.570502,313
,311
,316
,321
,319
,317
,322
,330
,322
,315
,325
,328
,329
,331
2026 05 20 19:23:20.635892,333
,333
,327
,328
,336
,332
,324
,331
,334
,332
,329
,336
,331
,327
2026 05 20 19:23:20.697826,329
,335
,328
,329
,336
,336
,325
,330
,335
,333
,328
,335
,337
,331
2026 05 20 19:23:20.765561,330
,333
,335
,327
,322
,331
,334
,327
,331
,328
,322
,322
,317
,327
2026 05 20 19:23:20.824976,320
,319
,331
,332
,325
,330
,340
,333
,320
,325
,331
,327
,323
,324
2026 05 20 19:23:20.886221,325
,319
,321
,328
,330
,322
,322
,327
,325
,317
,322
,330
,331
,323
2026 05 20 19:23:20.952215,325
,330
,326
,327
,334
,322
,319
,324
,332
,321
,321
,330
,336
,330
2026 05 20 19:23:21.013776,332
,336
,328
,321
,325
,330
,327
,326
,332
,335
,329
,329
,342
,337
2026 05 20 19:23:21.078467,334
,330
,344
,343
,338
,343
,351
,342
,336
,344
,344
,339
,342
,344
2026 05 20 19:23:21.140059,339
,327
,335
,339
,336
,329
,340
,339
,332
,333
,341
,333
,327
,329
2026 05 20 19:23:21.201350,334
,327
,327
,336
,341
,328
,331
,331
,330
,330
,327
,337
,322
,326
2026 05 20 19:23:21.267330,333
,336
,329
,329
,337
,338
,342
,338
,348
,341
,335
,340
,345
,338
2026 05 20 19:23:21.327941,333
,333
,333
,333
,332
,336
,328
,327
,329
,334
,334
,333
,337
,338
2026 05 20 19:23:21.394122,331
,332
,339
,333
,330
,324
,334
,326
,325
,335
,343
,340
,337
,338
2026 05 20 19:23:21.455671,343
,335
,339
,346
,339
,330
,330
,339
,333
,335
,339
,344
,337
,337
2026 05 20 19:23:21.516717,346
,344
,335
,337
,343
,342
,338
,345
,347
,339
,339
,349
,339
,334
2026 05 20 19:23:21.582743,333
,341
,337
,335
,338
,340
,331
,333
,339
,338
,339
,336
,341
,338
2026 05 20 19:23:21.643720,329
,334
,345
,335
,339
,340
,348
,342
,334
,342
,328
,321
,322
,329
2026 05 20 19:23:21.709547,328
,333
,346
,349
,339
,336
,345
,341
,341
,343
,346
,339
,335
,344
2026 05 20 19:23:21.770713,343
,338
,335
,337
,337
,331
,333
,349
,338
,335
,338
,343
,340
,333
2026 05 20 19:23:21.831924,347
,344
,338
,337
,344
,336
,330
,339
,348
,340
,337
,348
,347
,336
2026 05 20 19:23:21.897946,332
,340
,340
,331
,333
,344
,336
,328
,341
,340
,339
,337
,351
,353
2026 05 20 19:23:21.959412,343
,345
,352
,341
,338
,345
,348
,349
,348
,356
,358
,348
,344
,349
2026 05 20 19:23:22.020643,343
,346
,348
,349
,340
,337
,342
,350
,342
,341
,354
,355
,346
,354
2026 05 20 19:23:22.086535,360
,354
,344
,354
,357
,350
,345
,351
,352
,350
,348
,354
,353
,348
2026 05 20 19:23:22.147177,354
,362
,353
,349
,356
,356
,343
,345
,351
,346
,344
,354
,353
,349
2026 05 20 19:23:22.213539,346
,358
,356
,352
,349
,361
,359
,355
,355
,364
,358
,350
,354
,361
2026 05 20 19:23:22.274962,348
,345
,350
,349
,344
,350
,352
,352
,353
,363
,366
,357
,347
,355
2026 05 20 19:23:22.335680,354
,345
,342
,353
,352
,345
,350
,357
,345
,342
,349
,345
,343
,342
2026 05 20 19:23:22.401729,352
,351
,351
,350
,356
,354
,348
,355
,350
,339
,342
,352
,351
,342
2026 05 20 19:23:22.463498,342
,349
,349
,347
,350
,356
,348
,348
,352
,357
,350
,346
,349
,343
2026 05 20 19:23:22.528653,344
,349
,357
,353
,346
,350
,354
,350
,353
,357
,357
,354
,355
,359
2026 05 20 19:23:22.589486,343
,346
,350
,351
,346
,355
,368
,364
,360
,361
,367
,353
,351
,357
2026 05 20 19:23:22.651564,370
,365
,359
,365
,364
,356
,358
,361
,354
,356
,361
,362
,353
,349
2026 05 20 19:23:22.716482,359
,358
,350
,360
,364
,359
,361
,357
,360
,356
,352
,358
,358
,352
2026 05 20 19:23:22.777960,354
,357
,361
,356
,352
,364
,361
,358
,361
,363
,366
,365
,371
,374
2026 05 20 19:23:22.843386,366
,361
,369
,365
,368
,370
,377
,362
,354
,356
,366
,361
,354
,362
2026 05 20 19:23:22.905816,366
,357
,364
,364
,356
,349
,356
,364
,359
,357
,366
,363
,356
,360
2026 05 20 19:23:22.967879,369
,363
,352
,358
,369
,360
,353
,365
,359
,355
,351
,359
,352
,352
2026 05 20 19:23:23.032399,354
,352
,344
,350
,357
,361
,355
,359
,371
,369
,362
,360
,367
,360
2026 05 20 19:23:23.094018,356
,360
,367
,355
,358
,360
,358
,353
,352
,360
,356
,348
,351
,361
2026 05 20 19:23:23.159157,353
,352
,367
,368
,363
,363
,370
,360
,362
,363
,371
,361
,357
,364
2026 05 20 19:23:23.220400,367
,357
,353
,359
,357
,357
,359
,369
,360
,358
,368
,369
,361
,356
2026 05 20 19:23:23.281663,368
,363
,353
,362
,364
,356
,354
,358
,362
,358
,351
,360
,360
,353
2026 05 20 19:23:23.348329,356
,363
,355
,348
,353
,356
,350
,348
,358
,361
,358
,358
,363
,358
2026 05 20 19:23:23.409040,361
,362
,370
,362
,357
,358
,366
,356
,358
,362
,357
,354
,360
,364
2026 05 20 19:23:23.474907,359
,357
,363
,366
,358
,360
,365
,365
,359
,357
,367
,360
,356
,360
2026 05 20 19:23:23.536481,364
,358
,355
,362
,360
,353
,354
,363
,360
,348
,351
,358
,349
,344
2026 05 20 19:23:23.597898,349
,349
,348
,341
,354
,356
,349
,350
,359
,355
,348
,354
,356
,351
2026 05 20 19:23:23.663447,349
,357
,362
,352
,349
,355
,351
,349
,356
,365
,356
,352
,356
,357
2026 05 20 19:23:23.724800,350
,351
,359
,359
,365
,365
,367
,363
,355
,366
,370
,361
,362
,366
2026 05 20 19:23:23.789990,361
,358
,361
,363
,358
,348
,359
,361
,353
,350
,352
,352
,350
,352
2026 05 20 19:23:23.851761,354
,350
,338
,342
,348
,339
,337
,345
,346
,341
,340
,350
,347
,343
2026 05 20 19:23:23.913341,348
,348
,341
,346
,351
,357
,352
,348
,359
,359
,353
,356
,362
,358
2026 05 20 19:23:23.978371,356
,358
,358
,348
,346
,351
,359
,353
,361
,364
,364
,357
,362
,375
2026 05 20 19:23:24.039576,364
,356
,361
,366
,358
,357
,368
,363
,359
,365
,371
,363
,355
,367
2026 05 20 19:23:24.105635,372
,364
,359
,371
,369
,361
,363
,368
,361
,354
,351
,349
,337
,336
2026 05 20 19:23:24.167138,342
,345
,340
,337
,354
,353
,348
,358
,363
,352
,348
,356
,359
,347
2026 05 20 19:23:24.227738,349
,358
,359
,353
,347
,355
,352
,350
,359
,353
,348
,349
,356
,354
2026 05 20 19:23:24.294169,354
,350
,358
,352
,347
,351
,355
,349
,347
,358
,357
,351
,349
,360
2026 05 20 19:23:24.354874,352
,349
,349
,354
,342
,340
,350
,354
,350
,352
,361
,361
,360
,366
2026 05 20 19:23:24.420756,372
,364
,354
,364
,367
,351
,345
,361
,360
,355
,353
,356
,347
,350
2026 05 20 19:23:24.481779,355
,361
,352
,353
,370
,368
,356
,362
,369
,360
,356
,355
,354
,357
2026 05 20 19:23:24.544008,356
,357
,362
,351
,348
,367
,363
,359
,359
,370
,363
,351
,358
,359
2026 05 20 19:23:24.609448,350
,347
,357
,358
,358
,358
,364
,359
,353
,357
,365
,358
,357
,369
2026 05 20 19:23:24.670921,374
,362
,361
,365
,359
,355
,355
,362
,354
,352
,361
,366
,357
,353
2026 05 20 19:23:24.736702,363
,361
,358
,356
,368
,361
,355
,360
,372
,359
,357
,363
,363
,354
2026 05 20 19:23:24.797827,353
,359
,352
,352
,354
,360
,346
,341
,352
,355
,351
,353
,367
,363
2026 05 20 19:23:24.859247,354
,355
,363
,360
,352
,358
,363
,362
,355
,364
,351
,351
,357
,362
2026 05 20 19:23:24.925091,356
,350
,357
,362
,353
,353
,359
,353
,353
,359
,366
,358
,349
,359
2026 05 20 19:23:24.986337,364
,353
,356
,369
,364
,355
,351
,364
,359
,348
,359
,363
,358
,355
2026 05 20 19:23:25.051791,359
,364
,357
,351
,365
,361
,357
,364
,365
,361
,347
,358
,348
,349
2026 05 20 19:23:25.113219,345
,360
,356
,351
,352
,359
,347
,342
,350
,356
,348
,347
,354
,352
2026 05 20 19:23:25.174771,343
,345
,343
,340
,344
,357
,360
,356
,352
,357
,363
,352
,358
,358
2026 05 20 19:23:25.240212,359
,359
,356
,358
,355
,355
,362
,364
,355
,353
,360
,357
,356
,359
2026 05 20 19:23:25.300996,360
,354
,352
,356
,357
,352
,351
,357
,355
,349
,349
,355
,347
,354
2026 05 20 19:23:25.367124,361
,370
,354
,356
,357
,363
,354
,351
,354
,356
,353
,358
,364
,361
2026 05 20 19:23:25.428267,362
,377
,371
,363
,359
,363
,356
,355
,355
,358
,355
,355
,363
,362
2026 05 20 19:23:25.489419,360
,356
,363
,361
,348
,358
,365
,360
,357
,362
,364
,355
,356
,366
2026 05 20 19:23:25.555538,361
,346
,358
,363
,361
,352
,358
,364
,353
,352
,359
,358
,348
,346
2026 05 20 19:23:25.616891,364
,358
,356
,356
,366
,362
,360
,367
,373
,362
,359
,367
,358
,349
2026 05 20 19:23:25.682807,349
,352
,345
,343
,356
,356
,351
,352
,359
,355
,352
,352
,358
,354
2026 05 20 19:23:25.744056,349
,349
,355
,344
,337
,346
,345
,343
,346
,359
,356
,344
,347
,348
2026 05 20 19:23:25.804613,349
,347
,348
,354
,346
,341
,351
,349
,342
,346
,354
,351
,345
,353
2026 05 20 19:23:25.870527,365
,356
,350
,355
,355
,352
,351
,356
,353
,349
,350
,355
,344
,348
2026 05 20 19:23:25.932173,351
,347
,340
,338
,349
,350
,347
,346
,349
,346
,347
,348
,350
,344
2026 05 20 19:23:25.993891,348
,354
,347
,339
,337
,342
,335
,332
,337
,345
,341
,337
,349
,349
2026 05 20 19:23:26.059620,340
,344
,352
,347
,342
,346
,357
,351
,340
,356
,357
,348
,348
,355
2026 05 20 19:23:26.120507,354
,351
,355
,356
,352
,353
,357
,361
,348
,349
,359
,354
,351
,351
2026 05 20 19:23:26.186503,361
,352
,349
,355
,359
,350
,344
,352
,359
,355
,354
,363
,356
,353
2026 05 20 19:23:26.248001,359
,361
,351
,348
,357
,355
,347
,351
,361
,366
,355
,356
,362
,357
2026 05 20 19:23:26.308463,352
,352
,360
,354
,356
,359
,358
,351
,350
,355
,351
,350
,359
,368
2026 05 20 19:23:26.374884,357
,352
,358
,357
,349
,352
,358
,353
,350
,352
,357
,349
,348
,358
2026 05 20 19:23:26.436215,362
,356
,357
,362
,359
,349
,346
,352
,349
,340
,351
,360
,350
,347
2026 05 20 19:23:26.501668,353
,354
,347
,350
,357
,350
,342
,349
,359
,350
,348
,354
,358
,353
2026 05 20 19:23:26.563496,357
,364
,364
,358
,361
,367
,347
,349
,354
,358
,352
,355
,363
,363
2026 05 20 19:23:26.624046,354
,358
,362
,356
,355
,361
,368
,361
,356
,365
,361
,353
,352
,356
2026 05 20 19:23:26.690217,348
,351
,354
,368
,360
,356
,369
,368
,363
,362
,373
,364
,359
,365
2026 05 20 19:23:26.751248,368
,359
,353
,357
,360
,352
,356
,362
,360
,361
,359
,367
,359
,352
2026 05 20 19:23:26.817060,359
,366
,359
,359
,368
,368
,367
,359
,366
,358
,351
,356
,366
,354
2026 05 20 19:23:26.878574,347
,350
,360
,351
,344
,355
,353
,346
,354
,359
,352
,356
,363
,362
2026 05 20 19:23:26.939207,351
,354
,364
,357
,354
,355
,362
,358
,349
,355
,355
,345
,350
,353
2026 05 20 19:23:27.005620,354
,348
,352
,363
,359
,355
,358
,365
,362
,360
,366
,367
,364
,358
2026 05 20 19:23:27.066684,360
,355
,351
,355
,359
,350
,351
,360
,358
,348
,352
,363
,360
,351
2026 05 20 19:23:27.132029,352
,360
,354
,345
,357
,355
,353
,345
,353
,351
,337
,343
,351
,346
2026 05 20 19:23:27.194141,338
,345
,350
,343
,346
,357
,351
,348
,343
,347
,346
,342
,348
,355
2026 05 20 19:23:27.255485,344
,341
,351
,353
,341
,343
,350
,344
,343
,346
,349
,347
,347
,353
2026 05 20 19:23:27.320476,356
,346
,345
,355
,354
,345
,347
,351
,343
,339
,339
,354
,346
,342
2026 05 20 19:23:27.381949,352
,355
,351
,347
,358
,356
,349
,349
,359
,347
,348
,359
,358
,352
2026 05 20 19:23:27.447150,352
,363
,358
,345
,349
,357
,349
,348
,356
,364
,353
,354
,361
,361
2026 05 20 19:23:27.508926,360
,360
,364
,354
,355
,356
,362
,357
,354
,366
,361
,355
,351
,363
2026 05 20 19:23:27.570497,354
,352
,348
,356
,345
,345
,349
,350
,345
,345
,354
,353
,352
,350
2026 05 20 19:23:27.636341,359
,354
,353
,356
,359
,357
,360
,365
,358
,352
,345
,352
,341
,343
2026 05 20 19:23:27.697028,347
,347
,337
,335
,345
,346
,342
,339
,346
,343
,347
,346
,353
,343
2026 05 20 19:23:27.765213,345
,354
,351
,342
,342
,349
,345
,345
,349
,348
,342
,341
,356
,356
2026 05 20 19:23:27.824090,349
,344
,352
,355
,349
,349
,350
,347
,338
,348
,354
,356
,353
,363
2026 05 20 19:23:27.886243,364
,356
,356
,360
,346
,345
,345
,350
,341
,340
,341
,350
,346
,340
2026 05 20 19:23:27.951688,353
,357
,354
,345
,356
,350
,341
,353
,359
,347
,346
,350
,353
,356
2026 05 20 19:23:28.012749,355
,367
,354
,350
,356
,362
,354
,344
,350
,359
,360
,355
,365
,360
2026 05 20 19:23:28.078418,351
,349
,349
,335
,330
,334
,340
,332
,328
,336
,334
,334
,332
,340
2026 05 20 19:23:28.140013,335
,337
,339
,343
,341
,336
,346
,346
,343
,341
,344
,341
,340
,348
2026 05 20 19:23:28.201277,353
,344
,351
,360
,362
,359
,358
,360
,362
,360
,351
,359
,345
,340
2026 05 20 19:23:28.267178,349
,351
,343
,346
,356
,356
,349
,349
,352
,347
,339
,348
,348
,344
2026 05 20 19:23:28.329028,333
,345
,347
,343
,337
,351
,356
,348
,351
,358
,349
,346
,357
,356
2026 05 20 19:23:28.393793,352
,349
,355
,351
,344
,349
,356
,353
,346
,355
,355
,352
,347
,354
2026 05 20 19:23:28.455636,355
,347
,345
,353
,350
,349
,356
,359
,356
,354
,357
,355
,352
,356
2026 05 20 19:23:28.518002,363
,359
,355
,356
,361
,349
,350
,359
,356
,358
,350
,361
,359
,351
2026 05 20 19:23:28.582366,354
,363
,354
,355
,360
,361
,354
,355
,362
,363
,352
,356
,364
,358
2026 05 20 19:23:28.643413,358
,355
,360
,351
,347
,357
,354
,354
,359
,364
,359
,353
,351
,363
2026 05 20 19:23:28.709384,344
,348
,354
,353
,350
,353
,360
,356
,351
,349
,355
,352
,347
,356
2026 05 20 19:23:28.770730,357
,346
,341
,346
,347
,342
,345
,354
,350
,345
,354
,361
,347
,345
2026 05 20 19:23:28.833095,355
,350
,344
,347
,356
,354
,351
,356
,361
,350
,345
,353
,356
,349
2026 05 20 19:23:28.897633,349
,359
,349
,344
,342
,348
,345
,340
,352
,352
,347
,340
,353
,355
2026 05 20 19:23:28.959302,345
,349
,355
,348
,342
,346
,351
,335
,334
,347
,344
,343
,342
,350
2026 05 20 19:23:29.024089,349
,349
,353
,356
,348
,349
,359
,354
,355
,358
,361
,358
,351
,349
2026 05 20 19:23:29.086279,359
,350
,343
,357
,361
,354
,348
,361
,360
,355
,357
,365
,360
,356
2026 05 20 19:23:29.147689,360
,364
,351
,345
,351
,356
,351
,352
,359
,354
,354
,361
,362
,357
2026 05 20 19:23:29.213519,351
,357
,365
,359
,349
,354
,355
,349
,342
,351
,342
,346
,355
,357
2026 05 20 19:23:29.274197,350
,348
,353
,357
,352
,357
,364
,363
,353
,355
,355
,343
,345
,345
2026 05 20 19:23:29.340013,354
,346
,345
,359
,359
,354
,356
,363
,351
,351
,359
,364
,358
,357
2026 05 20 19:23:29.401634,357
,351
,348
,350
,353
,352
,342
,352
,359
,356
,352
,361
,357
,352
2026 05 20 19:23:29.462737,355
,357
,347
,345
,347
,352
,345
,343
,351
,351
,342
,348
,357
,352
2026 05 20 19:23:29.529308,349
,357
,365
,351
,353
,358
,361
,350
,351
,354
,344
,334
,342
,350
2026 05 20 19:23:29.589994,345
,336
,343
,347
,343
,344
,363
,362
,350
,349
,361
,355
,354
,359
2026 05 20 19:23:29.655459,361
,353
,345
,360
,360
,353
,348
,360
,354
,350
,352
,353
,347
,345
2026 05 20 19:23:29.717118,347
,354
,353
,348
,359
,354
,351
,350
,363
,353
,352
,352
,353
,344
2026 05 20 19:23:29.777797,351
,353
,354
,350
,349
,359
,355
,353
,359
,364
,353
,355
,360
,368
2026 05 20 19:23:29.843620,359
,355
,363
,362
,360
,363
,372
,361
,355
,366
,361
,352
,354
,362
2026 05 20 19:23:29.905479,359
,355
,357
,365
,349
,349
,353
,352
,345
,351
,353
,357
,350
,352
2026 05 20 19:23:29.970601,361
,352
,355
,362
,365
,354
,349
,355
,360
,347
,347
,353
,341
,344
2026 05 20 19:23:30.032933,357
,359
,353
,350
,361
,361
,352
,347
,355
,355
,353
,355
,364
,352
2026 05 20 19:23:30.093586,353
,359
,364
,354
,346
,359
,359
,350
,347
,366
,363
,354
,358
,360
2026 05 20 19:23:30.158910,350
,352
,354
,355
,348
,347
,353
,347
,345
,346
,352
,343
,340
,349
2026 05 20 19:23:30.220560,354
,346
,337
,344
,345
,340
,331
,351
,350
,345
,346
,353
,354
,348
2026 05 20 19:23:30.282337,356
,351
,341
,343
,355
,344
,341
,346
,359
,347
,348
,350
,347
,344
2026 05 20 19:23:30.348025,343
,353
,353
,346
,352
,360
,351
,348
,358
,366
,360
,356
,364
,368
2026 05 20 19:23:30.409078,359
,358
,366
,354
,349
,352
,352
,345
,340
,349
,351
,343
,340
,353
2026 05 20 19:23:30.474754,342
,338
,345
,346
,344
,343
,349
,353
,343
,350
,359
,350
,352
,358
2026 05 20 19:23:30.536108,361
,350
,343
,351
,352
,351
,348
,354
,355
,351
,349
,359
,349
,339
2026 05 20 19:23:30.597437,352
,353
,347
,341
,352
,349
,341
,346
,352
,348
,341
,346
,349
,342
2026 05 20 19:23:30.662632,347
,355
,354
,347
,349
,356
,355
,349
,351
,357
,352
,348
,350
,352
2026 05 20 19:23:30.724327,347
,342
,359
,353
,358
,346
,356
,350
,347
,354
,357
,348
,352
,362
2026 05 20 19:23:30.789143,358
,352
,350
,353
,347
,348
,353
,360
,352
,348
,354
,356
,349
,351
2026 05 20 19:23:30.851644,361
,353
,350
,349
,355
,340
,336
,347
,349
,344
,348
,360
,353
,342
2026 05 20 19:23:30.912151,344
,362
,355
,352
,358
,356
,345
,340
,359
,361
,351
,347
,360
,351
2026 05 20 19:23:30.978264,345
,349
,359
,351
,358
,365
,370
,358
,359
,367
,359
,355
,354
,362
2026 05 20 19:23:31.039344,354
,345
,354
,352
,346
,343
,356
,353
,351
,348
,356
,352
,345
,350
2026 05 20 19:23:31.105410,349
,349
,346
,355
,358
,346
,344
,355
,348
,340
,343
,348
,345
,344
2026 05 20 19:23:31.166945,352
,349
,344
,344
,359
,356
,345
,350
,355
,346
,340
,345
,344
,344
2026 05 20 19:23:31.227752,342
,354
,351
,352
,353
,356
,352
,351
,361
,355
,353
,352
,355
,357
2026 05 20 19:23:31.293907,346
,349
,352
,348
,345
,355
,355
,350
,348
,351
,350
,346
,341
,352
2026 05 20 19:23:31.354552,354
,351
,353
,360
,354
,359
,356
,358
,350
,349
,358
,354
,348
,350
2026 05 20 19:23:31.420001,359
,355
,355
,360
,361
,347
,347
,357
,353
,347
,348
,355
,342
,343
2026 05 20 19:23:31.482285,345
,354
,343
,342
,349
,351
,348
,350
,357
,355
,354
,354
,364
,354
2026 05 20 19:23:31.543603,349
,356
,357
,348
,345
,353
,352
,342
,344
,355
,355
,350
,357
,359
2026 05 20 19:23:31.609165,351
,351
,361
,359
,352
,351
,363
,354
,346
,362
,369
,355
,353
,359
2026 05 20 19:23:31.670764,360
,357
,355
,361
,357
,355
,356
,371
,366
,356
,363
,369
,357
,359
2026 05 20 19:23:31.736197,369
,359
,362
,358
,364
,354
,347
,363
,370
,358
,358
,368
,368
,356
2026 05 20 19:23:31.798212,362
,367
,363
,356
,365
,365
,360
,348
,357
,354
,351
,351
,362
,361
2026 05 20 19:23:31.857739,348
,360
,368
,353
,348
,360
,361
,352
,354
,360
,361
,354
,357
,360
2026 05 20 19:23:31.924723,353
,350
,364
,368
,356
,353
,361
,354
,347
,354
,356
,353
,348
,354
2026 05 20 19:23:31.985485,365
,354
,352
,359
,357
,352
,354
,363
,353
,349
,358
,362
,355
,346
2026 05 20 19:23:32.051560,357
,359
,347
,348
,359
,355
,352
,353
,357
,351
,344
,347
,351
,350
2026 05 20 19:23:32.112494,346
,361
,359
,341
,347
,356
,349
,350
,358
,363
,347
,347
,359
,357
2026 05 20 19:23:32.174067,343
,344
,353
,350
,343
,350
,355
,351
,342
,354
,354
,348
,347
,355
2026 05 20 19:23:32.240926,358
,359
,357
,365
,356
,351
,350
,354
,348
,344
,351
,352
,347
,356
2026 05 20 19:23:32.301568,364
,361
,358
,365
,365
,363
,358
,365
,356
,349
,349
,362
,354
,352
2026 05 20 19:23:32.367270,355
,360
,350
,347
,352
,352
,346
,345
,351
,357
,357
,353
,354
,350
2026 05 20 19:23:32.429125,353
,357
,360
,348
,349
,357
,353
,342
,345
,356
,345
,338
,338
,343
2026 05 20 19:23:32.489715,341
,337
,352
,351
,347
,345
,358
,354
,348
,349
,349
,343
,342
,353
2026 05 20 19:23:32.554759,354
,350
,348
,350
,351
,342
,351
,355
,350
,339
,352
,354
,348
,343
2026 05 20 19:23:32.616313,354
,346
,347
,345
,356
,353
,351
,350
,359
,354
,354
,359
,359
,353
2026 05 20 19:23:32.682270,353
,360
,355
,345
,348
,358
,352
,348
,354
,359
,355
,354
,357
,356
2026 05 20 19:23:32.743472,353
,350
,358
,349
,351
,355
,361
,354
,354
,359
,357
,339
,349
,361
2026 05 20 19:23:32.804620,352
,351
,357
,360
,355
,361
,365
,358
,351
,350
,356
,354
,350
,350
2026 05 20 19:23:32.870030,355
,346
,345
,354
,362
,353
,352
,362
,361
,353
,352
,355
,354
,353
2026 05 20 19:23:32.931959,354
,355
,349
,346
,347
,351
,343
,340
,348
,344
,342
,350
,356
,355
2026 05 20 19:23:32.997118,357
,362
,360
,352
,350
,355
,348
,339
,338
,345
,344
,337
,342
,355
2026 05 20 19:23:33.059058,340
,338
,352
,351
,346
,348
,353
,344
,348
,354
,360
,356
,351
,355
2026 05 20 19:23:33.120105,355
,345
,344
,343
,345
,344
,350
,359
,351
,349
,355
,357
,348
,347
2026 05 20 19:23:33.186071,355
,349
,345
,342
,354
,351
,350
,356
,355
,351
,350
,360
,358
,354
2026 05 20 19:23:33.247112,354
,361
,349
,347
,350
,361
,345
,341
,351
,354
,345
,349
,361
,353
2026 05 20 19:23:33.314392,350
,354
,355
,345
,342
,349
,351
,347
,348
,358
,353
,351
,356
,371
2026 05 20 19:23:33.374642,357
,351
,362
,367
,352
,356
,363
,365
,357
,360
,371
,365
,358
,362
2026 05 20 19:23:33.435271,366
,354
,348
,354
,351
,344
,341
,354
,347
,337
,347
,350
,339
,341
2026 05 20 19:23:33.500735,348
,357
,349
,344
,355
,352
,349
,349
,356
,347
,344
,355
,353
,342
2026 05 20 19:23:33.563028,347
,353
,356
,351
,350
,360
,357
,347
,359
,361
,359
,348
,357
,354
2026 05 20 19:23:33.628244,345
,349
,354
,349
,345
,345
,353
,343
,339
,349
,353
,346
,346
,356
2026 05 20 19:23:33.689705,355
,346
,349
,357
,345
,345
,354
,354
,348
,346
,355
,352
,352
,347
2026 05 20 19:23:33.750787,349
,347
,346
,348
,352
,349
,346
,356
,356
,344
,344
,357
,349
,347
2026 05 20 19:23:33.816584,348
,359
,354
,344
,356
,352
,352
,351
,361
,358
,351
,353
,364
,359
2026 05 20 19:23:33.878552,346
,356
,364
,353
,358
,362
,367
,356
,353
,360
,356
,357
,361
,361
2026 05 20 19:23:33.943223,361
,354
,364
,361
,353
,350
,358
,351
,354
,353
,362
,348
,345
,352
2026 05 20 19:23:34.005424,354
,348
,354
,362
,360
,352
,353
,364
,356
,349
,359
,360
,352
,347
2026 05 20 19:23:34.066130,358
,355
,347
,351
,358
,363
,357
,357
,367
,353
,350
,362
,362
,353
2026 05 20 19:23:34.132226,354
,357
,348
,345
,353
,357
,350
,346
,349
,353
,352
,349
,360
,357
2026 05 20 19:23:34.193163,351
,351
,358
,354
,347
,352
,353
,349
,354
,360
,360
,350
,343
,358
2026 05 20 19:23:34.254456,349
,343
,344
,351
,341
,342
,349
,351
,346
,348
,359
,355
,348
,350
2026 05 20 19:23:34.319943,357
,352
,347
,361
,364
,356
,354
,364
,360
,358
,365
,375
,366
,360
2026 05 20 19:23:34.381711,365
,369
,359
,355
,358
,366
,358
,358
,373
,362
,354
,359
,359
,347
2026 05 20 19:23:34.447710,356
,362
,367
,354
,354
,364
,357
,347
,345
,356
,344
,337
,347
,347
2026 05 20 19:23:34.509746,335
,331
,344
,340
,335
,334
,345
,340
,336
,343
,347
,339
,337
,350
2026 05 20 19:23:34.570019,355
,343
,346
,357
,360
,350
,359
,369
,354
,350
,355
,357
,346
,349
2026 05 20 19:23:34.636159,360
,358
,349
,352
,364
,357
,353
,357
,366
,355
,351
,354
,352
,347
2026 05 20 19:23:34.697044,349
,359
,353
,350
,358
,360
,356
,350
,359
,355
,360
,355
,359
,356
2026 05 20 19:23:34.762937,348
,353
,361
,355
,353
,363
,361
,357
,355
,363
,362
,357
,364
,368
2026 05 20 19:23:34.824628,355
,351
,352
,351
,354
,356
,363
,359
,357
,356
,369
,360
,353
,355
2026 05 20 19:23:34.885469,356
,351
,351
,369
,368
,353
,354
,365
,358
,347
,355
,361
,351
,354
2026 05 20 19:23:34.951587,361
,363
,350
,351
,356
,353
,346
,350
,361
,358
,356
,362
,364
,352
2026 05 20 19:23:35.012672,352
,358
,353
,346
,345
,353
,349
,344
,349
,355
,347
,347
,353
,352
2026 05 20 19:23:35.078608,341
,344
,352
,348
,345
,349
,352
,342
,339
,345
,358
,342
,342
,349
2026 05 20 19:23:35.140098,347
,343
,350
,358
,348
,346
,358
,358
,350
,352
,360
,356
,347
,355
2026 05 20 19:23:35.201373,363
,365
,357
,358
,361
,351
,346
,356
,359
,351
,349
,356
,349
,345
2026 05 20 19:23:35.266269,352
,363
,359
,351
,360
,361
,347
,351
,360
,351
,349
,349
,356
,351
2026 05 20 19:23:35.328086,346
,353
,357
,347
,347
,358
,359
,351
,357
,367
,358
,354
,363
,366
2026 05 20 19:23:35.393289,358
,355
,362
,364
,349
,348
,354
,350
,348
,352
,361
,347
,345
,357
2026 05 20 19:23:35.454522,362
,355
,351
,358
,353
,346
,352
,360
,356
,354
,356
,360
,350
,341
2026 05 20 19:23:35.516108,348
,352
,345
,341
,348
,341
,338
,344
,352
,336
,331
,342
,350
,338
2026 05 20 19:23:35.582234,340
,347
,342
,341
,352
,358
,347
,346
,357
,364
,355
,350
,360
,357
2026 05 20 19:23:35.643499,348
,357
,362
,355
,352
,356
,364
,353
,354
,362
,368
,362
,361
,371
2026 05 20 19:23:35.708378,367
,359
,361
,366
,360
,353
,351
,354
,341
,346
,353
,341
,337
,341
2026 05 20 19:23:35.770297,348
,339
,336
,344
,353
,343
,346
,351
,351
,347
,351
,355
,351
,343
2026 05 20 19:23:35.831650,352
,353
,342
,342
,354
,357
,352
,353
,361
,359
,349
,359
,362
,353
2026 05 20 19:23:35.897200,349
,356
,353
,344
,347
,354
,345
,343
,349
,356
,348
,343
,351
,362
2026 05 20 19:23:35.957967,353
,347
,361
,355
,347
,353
,363
,349
,344
,355
,362
,347
,349
,356
2026 05 20 19:23:36.024696,355
,342
,348
,362
,358
,346
,355
,353
,350
,347
,350
,356
,347
,353
2026 05 20 19:23:36.086137,356
,350
,341
,346
,358
,352
,346
,358
,356
,348
,342
,352
,349
,339
2026 05 20 19:23:36.146737,341
,347
,343
,338
,344
,349
,343
,340
,349
,347
,343
,345
,346
,341
2026 05 20 19:23:36.212491,336
,334
,345
,336
,334
,337
,339
,333
,332
,340
,344
,338
,342
,351
2026 05 20 19:23:36.274402,342
,340
,343
,347
,339
,344
,349
,346
,342
,338
,355
,351
,343
,349
2026 05 20 19:23:36.339896,353
,345
,349
,363
,360
,352
,356
,362
,350
,349
,350
,353
,338
,334
2026 05 20 19:23:36.401439,346
,350
,343
,346
,357
,354
,340
,347
,352
,348
,343
,352
,358
,347
2026 05 20 19:23:36.462512,346
,356
,354
,348
,349
,359
,352
,343
,353
,358
,351
,351
,360
,354
2026 05 20 19:23:36.528023,351
,352
,353
,347
,347
,353
,356
,346
,346
,352
,352
,347
,345
,353
2026 05 20 19:23:36.589446,355
,351
,352
,366
,356
,353
,365
,361
,357
,355
,361
,358
,345
,342
2026 05 20 19:23:36.655482,351
,346
,336
,336
,340
,328
,330
,341
,337
,327
,329
,338
,334
,332
2026 05 20 19:23:36.716024,338
,340
,339
,335
,343
,349
,344
,337
,345
,346
,345
,343
,349
,340
2026 05 20 19:23:36.778182,349
,355
,358
,354
,346
,358
,357
,346
,350
,354
,347
,348
,354
,363
2026 05 20 19:23:36.844065,357
,354
,366
,365
,355
,359
,363
,362
,361
,358
,365
,351
,349
,365
2026 05 20 19:23:36.905001,369
,357
,353
,363
,363
,351
,359
,362
,353
,351
,361
,365
,350
,350
2026 05 20 19:23:36.970019,358
,355
,352
,354
,360
,353
,356
,359
,359
,349
,343
,349
,350
,347
2026 05 20 19:23:37.032193,352
,357
,350
,344
,350
,358
,348
,343
,350
,353
,344
,342
,350
,349
2026 05 20 19:23:37.093166,350
,355
,363
,355
,348
,354
,360
,349
,345
,345
,350
,343
,346
,354
2026 05 20 19:23:37.158857,350
,351
,353
,358
,348
,350
,360
,363
,357
,356
,364
,361
,352
,351
2026 05 20 19:23:37.220008,352
,346
,342
,351
,353
,343
,340
,352
,349
,345
,352
,361
,352
,355
2026 05 20 19:23:37.286053,366
,359
,346
,341
,349
,350
,336
,343
,352
,342
,344
,348
,353
,345
2026 05 20 19:23:37.348454,347
,358
,360
,358
,353
,364
,358
,348
,350
,362
,356
,346
,354
,352
2026 05 20 19:23:37.407736,339
,346
,354
,349
,343
,348
,354
,350
,346
,360
,364
,352
,348
,353
2026 05 20 19:23:37.474152,349
,340
,338
,347
,341
,334
,340
,350
,339
,338
,348
,352
,346
,347
2026 05 20 19:23:37.535643,358
,357
,349
,347
,357
,342
,337
,346
,347
,340
,338
,342
,340
,335
2026 05 20 19:23:37.600509,338
,356
,349
,341
,347
,353
,346
,345
,351
,349
,340
,342
,352
,352
2026 05 20 19:23:37.663019,346
,353
,357
,351
,349
,360
,357
,353
,354
,361
,360
,349
,350
,360
2026 05 20 19:23:37.724220,350
,343
,352
,358
,348
,342
,344
,349
,338
,342
,357
,348
,345
,351
2026 05 20 19:23:37.789872,358
,351
,347
,354
,357
,348
,352
,360
,358
,354
,348
,359
,347
,340
2026 05 20 19:23:37.851265,346
,348
,343
,344
,352
,356
,347
,351
,361
,344
,342
,349
,352
,346
2026 05 20 19:23:37.916836,345
,352
,352
,342
,343
,348
,343
,338
,346
,353
,343
,340
,347
,352
2026 05 20 19:23:37.978276,347
,344
,356
,347
,341
,346
,355
,346
,349
,354
,353
,351
,350
,360
2026 05 20 19:23:38.039040,356
,355
,356
,362
,355
,346
,358
,354
,346
,344
,349
,352
,344
,349
2026 05 20 19:23:38.104388,356
,349
,345
,352
,358
,345
,343
,352
,355
,354
,353
,359
,350
,335
2026 05 20 19:23:38.166600,338
,349
,343
,339
,350
,349
,346
,346
,355
,353
,346
,349
,353
,345
2026 05 20 19:23:38.232101,339
,345
,351
,342
,340
,349
,351
,342
,341
,346
,336
,335
,338
,343
2026 05 20 19:23:38.295150,338
,336
,343
,343
,341
,336
,349
,349
,345
,342
,347
,347
,344
,354
2026 05 20 19:23:38.354885,358
,353
,351
,362
,355
,351
,351
,362
,354
,347
,355
,362
,350
,348
2026 05 20 19:23:38.420515,358
,358
,348
,342
,356
,351
,347
,349
,353
,351
,350
,359
,361
,350
2026 05 20 19:23:38.481455,347
,360
,352
,345
,346
,352
,339
,342
,348
,355
,353
,352
,360
,362
2026 05 20 19:23:38.545558,355
,348
,356
,349
,345
,355
,357
,344
,344
,354
,346
,341
,344
,357
2026 05 20 19:23:38.611756,354
,346
,352
,357
,351
,344
,348
,347
,343
,342
,352
,346
,341
,341
2026 05 20 19:23:38.669231,349
,340
,338
,347
,348
,343
,350
,358
,354
,342
,343
,346
,335
,331
2026 05 20 19:23:38.736250,339
,342
,345
,337
,349
,348
,339
,340
,350
,348
,348
,352
,360
,351
2026 05 20 19:23:38.797737,345
,355
,356
,345
,345
,359
,356
,349
,349
,358
,352
,346
,355
,356
2026 05 20 19:23:38.858218,348
,341
,358
,352
,346
,341
,349
,341
,340
,356
,357
,354
,354
,356
2026 05 20 19:23:38.924487,350
,342
,346
,354
,352
,350
,353
,362
,356
,347
,358
,359
,348
,345
2026 05 20 19:23:38.985741,363
,361
,360
,362
,369
,363
,361
,364
,374
,365
,357
,364
,365
,361
2026 05 20 19:23:39.051404,357
,362
,356
,349
,352
,367
,354
,354
,359
,358
,347
,348
,351
,348
2026 05 20 19:23:39.112802,346
,354
,359
,347
,344
,347
,352
,347
,348
,359
,355
,347
,355
,354
2026 05 20 19:23:39.173769,350
,351
,360
,362
,358
,355
,354
,354
,346
,349
,353
,353
,347
,354
2026 05 20 19:23:39.239810,360
,359
,355
,361
,361
,354
,350
,364
,362
,356
,357
,360
,357
,351
2026 05 20 19:23:39.301098,362
,369
,361
,354
,367
,362
,354
,353
,362
,353
,349
,353
,354
,354
2026 05 20 19:23:39.366744,355
,363
,358
,357
,354
,363
,358
,351
,357
,367
,354
,351
,359
,356
2026 05 20 19:23:39.428283,348
,350
,360
,355
,350
,350
,360
,354
,348
,349
,356
,343
,339
,354
2026 05 20 19:23:39.489352,353
,351
,355
,361
,349
,350
,359
,361
,354
,348
,357
,358
,341
,335
2026 05 20 19:23:39.555435,347
,342
,334
,335
,345
,340
,340
,351
,353
,346
,342
,353
,350
,347
2026 05 20 19:23:39.616206,348
,351
,338
,334
,340
,348
,336
,334
,350
,348
,344
,350
,359
,350
2026 05 20 19:23:39.681462,343
,349
,354
,345
,345
,357
,353
,350
,347
,358
,350
,347
,349
,351
2026 05 20 19:23:39.745089,350
,342
,348
,352
,344
,347
,355
,351
,343
,350
,350
,345
,340
,345
2026 05 20 19:23:39.804590,342
,336
,336
,342
,341
,332
,332
,340
,333
,332
,337
,339
,329
,326
2026 05 20 19:23:39.870240,340
,345
,335
,331
,348
,341
,333
,339
,350
,339
,345
,352
,350
,351
2026 05 20 19:23:39.931702,353
,356
,355
,349
,347
,354
,347
,344
,341
,345
,341
,338
,346
,346
2026 05 20 19:23:39.997493,350
,350
,359
,351
,345
,353
,354
,344
,342
,346
,342
,339
,334
,341
2026 05 20 19:23:40.059189,343
,335
,345
,350
,344
,338
,350
,355
,345
,344
,351
,340
,345
,354
2026 05 20 19:23:40.119970,362
,350
,345
,350
,354
,352
,351
,363
,361
,358
,363
,373
,365
,356
2026 05 20 19:23:40.186318,359
,367
,362
,351
,364
,368
,363
,360
,370
,363
,357
,360
,370
,362
2026 05 20 19:23:40.247372,357
,363
,363
,359
,351
,359
,351
,349
,354
,361
,351
,346
,357
,352
2026 05 20 19:23:40.312775,342
,341
,349
,346
,343
,345
,352
,348
,340
,346
,353
,343
,343
,352
2026 05 20 19:23:40.373946,350
,343
,345
,348
,348
,348
,358
,359
,349
,346
,350
,350
,345
,345
2026 05 20 19:23:40.435522,351
,353
,347
,348
,355
,345
,336
,345
,354
,343
,337
,346
,348
,342
2026 05 20 19:23:40.501335,338
,349
,346
,336
,347
,353
,345
,339
,352
,350
,343
,352
,358
,353
2026 05 20 19:23:40.562509,348
,353
,362
,353
,344
,353
,358
,348
,348
,352
,348
,340
,345
,349
2026 05 20 19:23:40.627804,342
,342
,353
,355
,344
,344
,350
,344
,342
,347
,351
,346
,339
,350
2026 05 20 19:23:40.689776,351
,345
,339
,347
,350
,342
,341
,354
,353
,346
,355
,361
,354
,347
2026 05 20 19:23:40.750974,351
,349
,344
,341
,349
,351
,345
,343
,350
,346
,346
,347
,347
,339
2026 05 20 19:23:40.816238,338
,347
,345
,344
,348
,354
,353
,352
,354
,357
,352
,350
,370
,365
2026 05 20 19:23:40.878214,358
,358
,366
,358
,353
,356
,365
,356
,350
,359
,358
,354
,353
,366
2026 05 20 19:23:40.943966,362
,358
,357
,364
,362
,352
,364
,366
,357
,355
,359
,359
,354
,355
2026 05 20 19:23:41.005166,355
,347
,340
,351
,354
,351
,347
,347
,347
,339
,345
,351
,348
,343
2026 05 20 19:23:41.066342,344
,352
,346
,338
,343
,350
,349
,345
,352
,346
,340
,341
,352
,344
2026 05 20 19:23:41.132088,335
,340
,344
,335
,330
,335
,326
,322
,332
,341
,342
,341
,350
,360
2026 05 20 19:23:41.193199,354
,347
,352
,360
,353
,350
,363
,361
,353
,359
,362
,357
,351
,362
2026 05 20 19:23:41.258607,366
,353
,351
,365
,362
,354
,358
,362
,355
,351
,360
,360
,350
,348
2026 05 20 19:23:41.320241,357
,359
,352
,351
,355
,354
,352
,358
,358
,351
,347
,358
,356
,360
2026 05 20 19:23:41.382131,358
,363
,357
,355
,360
,364
,353
,347
,358
,357
,348
,348
,361
,355
2026 05 20 19:23:41.447719,346
,346
,351
,340
,333
,336
,338
,334
,330
,338
,334
,336
,343
,348
2026 05 20 19:23:41.508609,347
,340
,345
,351
,341
,341
,348
,352
,340
,340
,357
,350
,347
,345
2026 05 20 19:23:41.574399,353
,352
,347
,359
,359
,351
,348
,363
,367
,352
,350
,357
,355
,348
2026 05 20 19:23:41.636188,360
,368
,360
,350
,369
,354
,347
,348
,348
,346
,339
,344
,361
,335
2026 05 20 19:23:41.697281,350
,372
,352
,383
,357
,392
,371
,351
,407
,387
,370
,352
,388
,374
2026 05 20 19:23:41.762796,363
,356
,356
,365
,357
,356
,379
,374
,375
,347
,346
,347
,343
,367
2026 05 20 19:23:41.824497,356
,346
,345
,360
,355
,340
,356
,360
,352
,347
,355
,352
,336
,341
2026 05 20 19:23:41.889904,356
,357
,340
,346
,354
,344
,341
,354
,349
,343
,347
,351
,347
,341
2026 05 20 19:23:41.951440,338
,354
,352
,349
,350
,355
,358
,354
,355
,354
,341
,347
,362
,350
2026 05 20 19:23:42.012946,340
,343
,352
,348
,346
,353
,354
,347
,344
,353
,351
,346
,348
,358
2026 05 20 19:23:42.077820,360
,354
,358
,358
,350
,345
,360
,360
,347
,352
,352
,348
,346
,354
2026 05 20 19:23:42.139065,356
,359
,354
,361
,356
,352
,347
,351
,348
,343
,349
,354
,346
,349
2026 05 20 19:23:42.205138,358
,358
,350
,351
,361
,357
,346
,347
,356
,346
,348
,356
,363
,357
2026 05 20 19:23:42.266706,362
,377
,367
,353
,354
,357
,350
,347
,347
,355
,347
,347
,349
,348
2026 05 20 19:23:42.327746,348
,347
,356
,359
,354
,355
,362
,353
,351
,351
,352
,347
,350
,351
2026 05 20 19:23:42.392926,349
,351
,358
,367
,355
,355
,363
,365
,365
,362
,369
,368
,365
,369
2026 05 20 19:23:42.455211,377
,378
,370
,369
,375
,368
,365
,375
,366
,366
,366
,373
,367
,367
2026 05 20 19:23:42.517240,370
,381
,374
,367
,371
,366
,358
,358
,358
,359
,356
,354
,362
,360
2026 05 20 19:23:42.582062,356
,362
,359
,347
,344
,353
,354
,348
,349
,358
,359
,355
,359
,366
2026 05 20 19:23:42.643269,359
,360
,371
,369
,367
,364
,374
,369
,359
,365
,371
,363
,357
,364
2026 05 20 19:23:42.709014,368
,363
,359
,367
,364
,360
,360
,377
,371
,358
,368
,372
,371
,364
2026 05 20 19:23:42.770187,370
,372
,373
,369
,377
,371
,369
,374
,376
,369
,369
,379
,378
,361
2026 05 20 19:23:42.831157,368
,372
,371
,365
,372
,377
,371
,369
,381
,377
,370
,367
,380
,380
2026 05 20 19:23:42.897756,371
,380
,380
,368
,363
,360
,365
,361
,359
,359
,359
,356
,356
,368
2026 05 20 19:23:42.957964,352
,357
,358
,361
,360
,351
,365
,366
,358
,360
,361
,368
,366
,370
2026 05 20 19:23:43.023701,369
,359
,361
,360
,363
,350
,351
,365
,369
,353
,361
,368
,357
,359
2026 05 20 19:23:43.085885,366
,360
,365
,362
,368
,367
,361
,366
,368
,366
,368
,371
,375
,365
2026 05 20 19:23:43.147936,362
,368
,373
,367
,361
,372
,367
,360
,361
,367
,361
,359
,365
,370
2026 05 20 19:23:43.212984,362
,355
,365
,357
,357
,348
,367
,365
,363
,361
,367
,353
,359
,373
2026 05 20 19:23:43.273985,369
,364
,372
,380
,372
,367
,371
,375
,371
,361
,368
,359
,358
,348
2026 05 20 19:23:43.339774,355
,359
,361
,362
,363
,361
,356
,360
,356
,346
,356
,368
,363
,350
2026 05 20 19:23:43.401267,357
,369
,363
,355
,363
,359
,358
,358
,363
,360
,355
,352
,357
,363
2026 05 20 19:23:43.462604,356
,363
,363
,352
,343
,347
,345
,330
,330
,333
,333
,333
,340
,347
2026 05 20 19:23:43.527956,347
,346
,349
,354
,358
,350
,358
,351
,341
,347
,359
,356
,349
,357
2026 05 20 19:23:43.589022,364
,354
,347
,357
,364
,351
,353
,356
,354
,350
,358
,362
,353
,350
2026 05 20 19:23:43.654375,360
,357
,347
,349
,358
,352
,347
,350
,357
,348
,334
,350
,356
,340
2026 05 20 19:23:43.716658,345
,347
,356
,350
,359
,364
,360
,353
,356
,362
,358
,354
,359
,358
2026 05 20 19:23:43.777510,351
,351
,357
,350
,350
,348
,349
,338
,330
,343
,342
,331
,339
,345
2026 05 20 19:23:43.843788,344
,335
,339
,345
,339
,335
,342
,341
,332
,333
,340
,348
,338
,342
2026 05 20 19:23:43.906111,349
,349
,343
,357
,352
,341
,341
,346
,346
,344
,347
,350
,345
,335
2026 05 20 19:23:43.970132,339
,344
,333
,335
,344
,340
,340
,341
,347
,350
,344
,345
,350
,350
2026 05 20 19:23:44.032042,338
,346
,338
,333
,326
,339
,340
,336
,339
,350
,343
,341
,344
,347
2026 05 20 19:23:44.092849,340
,334
,348
,349
,335
,338
,348
,338
,340
,346
,351
,341
,339
,344
2026 05 20 19:23:44.157832,346
,345
,340
,346
,341
,341
,349
,347
,341
,336
,344
,349
,342
,337
2026 05 20 19:23:44.220384,348
,348
,332
,338
,346
,345
,340
,344
,349
,342
,345
,357
,353
,341
2026 05 20 19:23:44.286453,348
,350
,345
,342
,347
,351
,333
,335
,339
,343
,340
,341
,349
,341
2026 05 20 19:23:44.347598,337
,341
,349
,340
,336
,337
,345
,337
,326
,344
,338
,332
,333
,342
2026 05 20 19:23:44.407857,339
,327
,334
,340
,330
,323
,330
,339
,325
,324
,331
,327
,327
,335
2026 05 20 19:23:44.474547,341
,336
,326
,335
,342
,332
,329
,336
,329
,324
,327
,335
,338
,331
2026 05 20 19:23:44.534995,340
,339
,328
,330
,335
,337
,330
,328
,336
,330
,327
,341
,338
,338
2026 05 20 19:23:44.600518,340
,348
,345
,339
,344
,344
,343
,339
,349
,349
,344
,338
,340
,353
2026 05 20 19:23:44.663095,346
,342
,356
,353
,346
,347
,358
,346
,339
,344
,347
,338
,330
,334
2026 05 20 19:23:44.724049,339
,333
,333
,343
,338
,333
,331
,336
,330
,330
,339
,338
,326
,331
2026 05 20 19:23:44.789688,346
,338
,337
,344
,348
,337
,336
,349
,345
,342
,342
,343
,336
,340
2026 05 20 19:23:44.850966,337
,340
,339
,332
,346
,343
,340
,337
,348
,345
,341
,347
,350
,344
2026 05 20 19:23:44.917358,341
,348
,353
,349
,350
,356
,356
,343
,346
,356
,349
,344
,350
,354
2026 05 20 19:23:44.978175,341
,340
,347
,352
,351
,344
,351
,344
,336
,342
,348
,337
,338
,346
2026 05 20 19:23:45.039256,353
,344
,335
,349
,354
,349
,352
,360
,353
,342
,341
,344
,341
,335
2026 05 20 19:23:45.105369,341
,342
,331
,329
,340
,339
,332
,336
,346
,342
,337
,341
,353
,345
2026 05 20 19:23:45.167016,350
,353
,349
,344
,343
,356
,351
,352
,366
,360
,356
,353
,359
,362
2026 05 20 19:23:45.232017,355
,358
,365
,361
,354
,359
,362
,357
,358
,369
,364
,355
,356
,363
2026 05 20 19:23:45.292666,356
,360
,361
,364
,355
,349
,355
,352
,350
,352
,357
,358
,354
,353
2026 05 20 19:23:45.354458,355
,348
,342
,350
,353
,336
,340
,345
,349
,346
,355
,361
,355
,347
2026 05 20 19:23:45.420235,352
,352
,341
,343
,350
,344
,339
,337
,350
,351
,341
,349
,349
,341
2026 05 20 19:23:45.482175,337
,346
,348
,350
,342
,352
,349
,339
,344
,353
,352
,356
,359
,356
2026 05 20 19:23:45.547536,355
,352
,357
,355
,354
,351
,364
,356
,344
,345
,353
,347
,348
,355
2026 05 20 19:23:45.608364,355
,350
,351
,363
,361
,353
,357
,360
,349
,342
,351
,356
,349
,344
2026 05 20 19:23:45.669839,360
,357
,352
,351
,353
,350
,349
,354
,355
,348
,346
,351
,351
,352
2026 05 20 19:23:45.734907,353
,363
,358
,351
,356
,356
,345
,341
,350
,344
,340
,337
,351
,349
2026 05 20 19:23:45.797792,343
,349
,351
,340
,336
,343
,345
,340
,339
,345
,336
,335
,336
,344
2026 05 20 19:23:45.862623,339
,341
,350
,353
,337
,334
,339
,344
,337
,336
,351
,339
,339
,342
2026 05 20 19:23:45.924306,355
,346
,344
,354
,358
,354
,353
,364
,356
,350
,353
,359
,350
,344
2026 05 20 19:23:45.985113,354
,360
,350
,348
,356
,347
,354
,352
,358
,360
,357
,367
,368
,353
2026 05 20 19:23:46.051139,353
,359
,354
,348
,351
,353
,350
,351
,348
,360
,351
,351
,364
,362
2026 05 20 19:23:46.112401,355
,356
,358
,356
,352
,356
,359
,350
,349
,355
,355
,347
,347
,350
2026 05 20 19:23:46.173960,354
,339
,351
,354
,351
,355
,354
,357
,349
,344
,350
,353
,342
,341
2026 05 20 19:23:46.239946,353
,354
,347
,346
,359
,354
,349
,357
,352
,339
,340
,346
,350
,343
2026 05 20 19:23:46.300855,347
,350
,337
,334
,346
,351
,348
,351
,360
,352
,355
,357
,358
,352
2026 05 20 19:23:46.366573,350
,355
,353
,345
,346
,359
,359
,356
,350
,360
,352
,355
,355
,358
2026 05 20 19:23:46.427706,355
,350
,362
,358
,350
,346
,353
,348
,345
,349
,349
,342
,332
,337
2026 05 20 19:23:46.489251,336
,335
,336
,344
,343
,337
,341
,352
,346
,344
,348
,350
,344
,341
2026 05 20 19:23:46.554322,351
,351
,347
,347
,363
,356
,350
,354
,358
,354
,352
,362
,362
,357
2026 05 20 19:23:46.616571,362
,363
,361
,362
,364
,365
,359
,359
,368
,369
,357
,352
,359
,354
2026 05 20 19:23:46.681637,346
,350
,358
,349
,348
,350
,351
,349
,343
,354
,357
,354
,359
,362
2026 05 20 19:23:46.743682,358
,349
,347
,359
,346
,343
,346
,345
,339
,339
,355
,353
,344
,349
2026 05 20 19:23:46.803552,355
,352
,350
,356
,361
,352
,352
,360
,360
,357
,356
,365
,357
,345
2026 05 20 19:23:46.870084,352
,362
,355
,350
,362
,354
,352
,356
,361
,353
,348
,353
,354
,348
2026 05 20 19:23:46.931414,348
,347
,345
,337
,333
,340
,331
,328
,331
,337
,331
,332
,346
,349
2026 05 20 19:23:46.996890,338
,339
,347
,348
,334
,339
,351
,343
,340
,342
,348
,346
,337
,341
2026 05 20 19:23:47.057920,350
,344
,344
,354
,344
,341
,348
,349
,344
,343
,348
,352
,342
,351
2026 05 20 19:23:47.119339,359
,346
,341
,347
,352
,342
,344
,347
,354
,345
,346
,357
,356
,350
2026 05 20 19:23:47.185824,358
,369
,359
,354
,361
,362
,359
,356
,360
,358
,346
,350
,357
,358
2026 05 20 19:23:47.247010,349
,351
,361
,355
,350
,364
,371
,365
,362
,369
,365
,360
,361
,369
2026 05 20 19:23:47.312063,357
,352
,357
,356
,353
,353
,359
,364
,353
,358
,368
,362
,356
,363
2026 05 20 19:23:47.374419,361
,352
,355
,360
,351
,346
,348
,347
,348
,351
,349
,356
,352
,350
2026 05 20 19:23:47.435729,360
,355
,345
,346
,352
,349
,340
,350
,364
,356
,356
,367
,370
,367
2026 05 20 19:23:47.500623,361
,367
,363
,356
,354
,355
,350
,345
,350
,358
,356
,353
,366
,370
2026 05 20 19:23:47.562152,364
,365
,372
,363
,360
,357
,361
,351
,346
,356
,359
,346
,352
,368
2026 05 20 19:23:47.627574,363
,364
,364
,370
,361
,350
,358
,364
,350
,349
,359
,361
,356
,358
2026 05 20 19:23:47.689638,358
,357
,358
,362
,369
,358
,354
,363
,362
,357
,347
,354
,363
,355
2026 05 20 19:23:47.750549,359
,361
,358
,351
,355
,359
,348
,345
,355
,347
,342
,347
,354
,350
2026 05 20 19:23:47.816554,342
,351
,359
,351
,359
,361
,357
,348
,348
,355
,349
,340
,349
,350
2026 05 20 19:23:47.878092,349
,345
,356
,361
,342
,345
,357
,346
,342
,350
,350
,342
,337
,347
2026 05 20 19:23:47.943045,349
,336
,334
,346
,346
,334
,338
,345
,337
,334
,344
,348
,341
,337
2026 05 20 19:23:48.005064,339
,346
,344
,340
,348
,342
,335
,340
,352
,343
,342
,352
,353
,349
2026 05 20 19:23:48.065735,343
,356
,348
,348
,351
,359
,352
,350
,352
,353
,349
,351
,356
,355
2026 05 20 19:23:48.132031,352
,347
,353
,340
,341
,355
,358
,347
,346
,355
,360
,354
,356
,362
2026 05 20 19:23:48.193007,358
,356
,360
,362
,361
,356
,366
,367
,359
,355
,358
,354
,346
,346
2026 05 20 19:23:48.258213,353
,354
,349
,358
,365
,358
,357
,362
,361
,348
,351
,354
,345
,339
2026 05 20 19:23:48.319456,346
,355
,339
,338
,351
,349
,344
,340
,354
,351
,351
,357
,363
,359
2026 05 20 19:23:48.381604,350
,347
,356
,341
,340
,347
,342
,340
,347
,352
,340
,339
,348
,355
2026 05 20 19:23:48.447253,352
,348
,354
,349
,344
,341
,355
,349
,340
,349
,350
,347
,346
,356
2026 05 20 19:23:48.507911,353
,350
,352
,353
,347
,348
,350
,357
,348
,348
,357
,355
,352
,355
2026 05 20 19:23:48.573899,361
,356
,347
,351
,354
,341
,340
,353
,350
,341
,345
,357
,356
,346
2026 05 20 19:23:48.635774,352
,358
,347
,343
,348
,354
,344
,340
,346
,347
,342
,346
,354
,347
2026 05 20 19:23:48.697503,353
,353
,363
,354
,353
,356
,356
,343
,344
,353
,350
,339
,344
,348
2026 05 20 19:23:48.762371,342
,335
,344
,346
,338
,341
,347
,351
,342
,350
,352
,338
,340
,346
2026 05 20 19:23:48.824126,342
,338
,337
,345
,343
,344
,348
,347
,339
,337
,348
,356
,348
,348
2026 05 20 19:23:48.889697,352
,354
,345
,342
,351
,348
,341
,347
,357
,343
,343
,351
,353
,347
2026 05 20 19:23:48.951245,351
,361
,362
,357
,360
,367
,357
,354
,365
,355
,354
,354
,355
,364
2026 05 20 19:23:49.012680,351
,349
,357
,353
,353
,355
,362
,351
,347
,354
,357
,345
,341
,359
2026 05 20 19:23:49.079836,352
,351
,356
,360
,356
,350
,358
,359
,352
,349
,354
,349
,350
,348
2026 05 20 19:23:49.139576,357
,350
,340
,348
,353
,347
,340
,351
,353
,350
,353
,356
,351
,347
2026 05 20 19:23:49.204972,354
,363
,354
,351
,357
,363
,358
,351
,353
,354
,352
,349
,354
,346
2026 05 20 19:23:49.265860,343
,347
,357
,349
,347
,361
,359
,354
,352
,359
,349
,346
,350
,356
2026 05 20 19:23:49.330889,350
,345
,361
,361
,357
,357
,374
,367
,359
,369
,367
,357
,363
,367
2026 05 20 19:23:49.395028,362
,355
,352
,361
,359
,352
,356
,368
,359
,360
,364
,370
,366
,366
2026 05 20 19:23:49.454826,371
,367
,355
,358
,362
,354
,349
,352
,353
,342
,354
,355
,351
,346
2026 05 20 19:23:49.520157,335
,351
,344
,334
,342
,346
,355
,356
,370
,363
,356
,353
,354
,348
2026 05 20 19:23:49.581902,343
,337
,340
,332
,332
,344
,344
,345
,347
,350
,355
,344
,346
,356
2026 05 20 19:23:49.643502,350
,346
,351
,354
,351
,342
,350
,353
,343
,348
,357
,351
,349
,355
2026 05 20 19:23:49.708028,363
,358
,356
,363
,360
,351
,351
,357
,357
,349
,356
,360
,356
,347
2026 05 20 19:23:49.769552,354
,365
,350
,356
,368
,366
,362
,367
,366
,358
,355
,358
,361
,353
2026 05 20 19:23:49.835604,351
,357
,357
,345
,351
,355
,357
,353
,356
,363
,358
,359
,366
,369
2026 05 20 19:23:49.897506,363
,356
,362
,356
,347
,348
,351
,339
,336
,343
,347
,344
,346
,355
2026 05 20 19:23:49.958427,357
,353
,351
,358
,357
,351
,358
,361
,357
,351
,362
,361
,353
,357
2026 05 20 19:23:50.024323,360
,354
,348
,347
,349
,339
,337
,342
,346
,339
,338
,351
,348
,340
2026 05 20 19:23:50.085980,347
,347
,342
,340
,346
,351
,345
,343
,347
,355
,337
,342
,353
,347
2026 05 20 19:23:50.146962,345
,356
,355
,348
,347
,362
,363
,353
,352
,361
,360
,357
,354
,363
2026 05 20 19:23:50.212983,354
,354
,361
,366
,353
,351
,349
,362
,362
,357
,368
,363
,350
,361
2026 05 20 19:23:50.273932,368
,361
,359
,370
,366
,349
,354
,359
,355
,349
,352
,360
,352
,344
2026 05 20 19:23:50.339215,356
,359
,355
,355
,360
,361
,354
,362
,362
,353
,350
,357
,360
,351
2026 05 20 19:23:50.401113,350
,358
,359
,358
,359
,366
,360
,352
,363
,367
,356
,358
,365
,369
2026 05 20 19:23:50.462594,366
,365
,366
,361
,360
,363
,373
,361
,364
,372
,376
,368
,373
,376
2026 05 20 19:23:50.527695,375
,367
,368
,376
,372
,371
,370
,372
,365
,360
,372
,376
,371
,374
2026 05 20 19:23:50.590149,381
,379
,375
,374
,376
,369
,360
,367
,365
,359
,358
,367
,362
,358
2026 05 20 19:23:50.655103,364
,368
,360
,357
,368
,374
,366
,366
,372
,371
,369
,367
,376
,374
2026 05 20 19:23:50.716148,372
,381
,386
,377
,381
,383
,386
,381
,386
,393
,390
,382
,390
,392
2026 05 20 19:23:50.777239,385
,380
,386
,388
,376
,374
,386
,383
,376
,384
,382
,370
,369
,379
2026 05 20 19:23:50.843457,379
,371
,371
,380
,380
,376
,381
,388
,382
,388
,390
,394
,384
,382
2026 05 20 19:23:50.904777,391
,385
,379
,377
,388
,382
,379
,387
,386
,381
,378
,392
,395
,385
2026 05 20 19:23:50.970157,386
,394
,388
,380
,378
,385
,377
,370
,377
,382
,374
,373
,381
,382
2026 05 20 19:23:51.031851,376
,379
,386
,375
,373
,375
,381
,365
,363
,372
,373
,366
,371
,377
2026 05 20 19:23:51.092718,377
,372
,372
,376
,362
,359
,367
,371
,366
,366
,376
,372
,367
,368
2026 05 20 19:23:51.158056,368
,365
,354
,358
,358
,352
,349
,360
,353
,347
,352
,361
,358
,353
2026 05 20 19:23:51.219906,361
,366
,357
,359
,365
,362
,356
,358
,359
,353
,353
,359
,368
,361
2026 05 20 19:23:51.285998,359
,359
,355
,345
,342
,353
,348
,344
,348
,355
,343
,342
,351
,357
2026 05 20 19:23:51.347113,353
,353
,359
,361
,354
,355
,354
,343
,334
,342
,347
,340
,337
,351
2026 05 20 19:23:51.408292,349
,345
,346
,353
,349
,342
,349
,354
,342
,333
,345
,349
,342
,343
2026 05 20 19:23:51.474075,354
,347
,343
,343
,346
,338
,337
,341
,344
,341
,341
,344
,342
,337
2026 05 20 19:23:51.535222,342
,346
,340
,331
,339
,343
,336
,333
,338
,341
,335
,334
,344
,341
2026 05 20 19:23:51.600331,343
,348
,350
,344
,342
,342
,341
,336
,325
,336
,332
,325
,327
,333
2026 05 20 19:23:51.662788,324
,325
,336
,337
,328
,330
,340
,338
,330
,331
,343
,336
,329
,328
2026 05 20 19:23:51.723812,333
,327
,321
,333
,333
,321
,322
,332
,325
,325
,323
,329
,325
,321
2026 05 20 19:23:51.789713,326
,326
,326
,326
,335
,331
,327
,330
,334
,326
,320
,322
,333
,325
2026 05 20 19:23:51.850190,325
,330
,338
,333
,331
,342
,337
,333
,338
,341
,337
,335
,340
,342
2026 05 20 19:23:51.916505,334
,332
,335
,336
,331
,341
,348
,344
,341
,347
,344
,338
,337
,343
2026 05 20 19:23:51.978036,337
,333
,332
,336
,329
,325
,339
,336
,331
,327
,342
,336
,330
,333
2026 05 20 19:23:52.039276,342
,340
,336
,339
,343
,335
,335
,343
,341
,335
,329
,339
,334
,328
2026 05 20 19:23:52.104499,329
,335
,327
,320
,326
,331
,325
,319
,332
,330
,329
,332
,333
,333
2026 05 20 19:23:52.165564,326
,331
,333
,329
,323
,326
,321
,317
,321
,333
,333
,325
,332
,339
2026 05 20 19:23:52.231934,331
,330
,336
,338
,329
,327
,339
,334
,331
,333
,342
,333
,329
,336
2026 05 20 19:23:52.293423,338
,325
,323
,330
,328
,326
,331
,339
,332
,327
,344
,343
,336
,338
2026 05 20 19:23:52.354320,347
,346
,334
,342
,342
,339
,333
,340
,340
,338
,330
,337
,339
,333
2026 05 20 19:23:52.420295,331
,330
,329
,320
,324
,331
,323
,324
,340
,348
,340
,340
,347
,346
2026 05 20 19:23:52.481352,342
,342
,345
,329
,328
,336
,331
,323
,320
,327
,330
,324
,332
,346
2026 05 20 19:23:52.546969,341
,337
,338
,339
,325
,322
,328
,322
,311
,311
,320
,314
,311
,315
2026 05 20 19:23:52.607975,332
,329
,319
,323
,329
,322
,315
,320
,318
,316
,318
,328
,320
,315
2026 05 20 19:23:52.670026,321
,329
,323
,316
,323
,323
,319
,324
,324
,318
,321
,328
,331
,327
2026 05 20 19:23:52.735688,325
,334
,331
,325
,322
,332
,330
,326
,332
,339
,332
,328
,340
,344
2026 05 20 19:23:52.796490,338
,333
,344
,335
,333
,331
,337
,332
,324
,327
,331
,322
,320
,333
2026 05 20 19:23:52.862381,338
,335
,340
,346
,334
,336
,333
,337
,325
,322
,331
,328
,321
,327
2026 05 20 19:23:52.924209,336
,336
,334
,345
,352
,345
,342
,347
,345
,330
,329
,332
,322
,319
2026 05 20 19:23:52.985430,319
,329
,330
,325
,330
,336
,328
,332
,338
,332
,331
,337
,342
,329
2026 05 20 19:23:53.050527,329
,337
,338
,338
,333
,336
,343
,336
,335
,342
,341
,338
,338
,341
2026 05 20 19:23:53.112936,340
,338
,339
,347
,340
,339
,345
,340
,331
,337
,345
,341
,330
,342
2026 05 20 19:23:53.177930,345
,336
,337
,345
,342
,340
,344
,349
,345
,340
,345
,350
,335
,334
2026 05 20 19:23:53.239499,343
,340
,334
,338
,348
,345
,343
,346
,350
,336
,336
,349
,343
,333
2026 05 20 19:23:53.300147,333
,342
,339
,329
,327
,344
,340
,336
,339
,349
,341
,339
,342
,345
2026 05 20 19:23:53.366562,339
,340
,341
,340
,338
,340
,339
,343
,333
,336
,340
,330
,329
,334
2026 05 20 19:23:53.427231,331
,330
,327
,343
,337
,332
,336
,340
,330
,336
,343
,338
,332
,335
2026 05 20 19:23:53.493002,342
,333
,333
,340
,341
,332
,331
,337
,338
,341
,346
,355
,343
,347
2026 05 20 19:23:53.555165,353
,364
,355
,357
,364
,361
,356
,346
,352
,338
,340
,342
,351
,340
2026 05 20 19:23:53.616379,339
,355
,360
,350
,355
,360
,358
,358
,353
,360
,352
,345
,356
,356
2026 05 20 19:23:53.681774,344
,349
,349
,344
,340
,343
,348
,344
,343
,347
,353
,349
,347
,362
2026 05 20 19:23:53.743403,366
,356
,354
,356
,348
,339
,343
,345
,334
,331
,345
,350
,342
,340
2026 05 20 19:23:53.807909,350
,348
,346
,347
,349
,344
,339
,344
,342
,341
,334
,345
,350
,345
2026 05 20 19:23:53.870245,345
,355
,350
,348
,351
,355
,346
,341
,350
,350
,348
,345
,352
,341
2026 05 20 19:23:53.931011,347
,350
,355
,351
,352
,356
,366
,358
,355
,359
,354
,351
,347
,359
2026 05 20 19:23:53.997221,350
,355
,361
,367
,362
,364
,370
,368
,361
,362
,369
,359
,357
,356
2026 05 20 19:23:54.057899,365
,355
,352
,355
,354
,353
,347
,353
,349
,344
,350
,359
,352
,358
2026 05 20 19:23:54.124052,356
,366
,356
,354
,368
,361
,355
,361
,364
,354
,350
,353
,358
,354
2026 05 20 19:23:54.185867,357
,365
,365
,358
,359
,363
,356
,352
,354
,358
,355
,349
,357
,358
2026 05 20 19:23:54.246360,349
,348
,350
,344
,339
,349
,350
,342
,341
,350
,351
,341
,347
,354
2026 05 20 19:23:54.312540,348
,345
,345
,354
,349
,345
,349
,355
,348
,341
,347
,344
,333
,339
2026 05 20 19:23:54.374144,341
,340
,336
,341
,343
,336
,337
,343
,350
,343
,343
,352
,351
,348
2026 05 20 19:23:54.434755,353
,357
,350
,347
,357
,362
,358
,356
,360
,363
,359
,353
,363
,355
2026 05 20 19:23:54.500479,351
,357
,364
,356
,352
,359
,361
,356
,352
,365
,352
,350
,353
,359
2026 05 20 19:23:54.562231,359
,354
,357
,355
,348
,352
,357
,355
,348
,355
,363
,354
,349
,351
2026 05 20 19:23:54.627930,357
,348
,344
,349
,345
,343
,340
,351
,345
,340
,345
,348
,343
,344
2026 05 20 19:23:54.689725,355
,353
,345
,344
,355
,353
,346
,351
,350
,343
,344
,353
,358
,355
2026 05 20 19:23:54.750452,357
,367
,365
,363
,368
,378
,375
,369
,373
,380
,368
,365
,370
,367
2026 05 20 19:23:54.816666,358
,363
,369
,368
,368
,374
,380
,375
,377
,390
,390
,379
,386
,385
2026 05 20 19:23:54.877183,375
,363
,365
,367
,358
,356
,361
,365
,354
,351
,355
,355
,351
,346
2026 05 20 19:23:54.942556,357
,350
,343
,352
,357
,349
,346
,351
,352
,341
,339
,354
,345
,340
2026 05 20 19:23:55.004597,345
,352
,342
,336
,349
,346
,344
,342
,347
,345
,334
,343
,353
,350
2026 05 20 19:23:55.066848,346
,357
,359
,349
,354
,364
,361
,360
,356
,364
,358
,356
,361
,364
2026 05 20 19:23:55.132336,354
,352
,358
,357
,355
,355
,364
,361
,356
,356
,363
,360
,356
,362
2026 05 20 19:23:55.192937,360
,351
,350
,360
,355
,353
,359
,364
,354
,348
,355
,357
,346
,341
2026 05 20 19:23:55.258596,346
,345
,339
,338
,347
,341
,339
,347
,356
,344
,342
,355
,351
,348
2026 05 20 19:23:55.320011,348
,355
,355
,349
,353
,358
,353
,346
,355
,360
,350
,354
,364
,360
2026 05 20 19:23:55.381206,356
,356
,361
,357
,353
,359
,358
,352
,352
,357
,357
,354
,361
,362
2026 05 20 19:23:55.446771,362
,353
,360
,368
,361
,367
,373
,371
,364
,361
,369
,360
,354
,357
2026 05 20 19:23:55.507921,362
,359
,358
,360
,371
,369
,368
,373
,374
,364
,362
,362
,352
,347
2026 05 20 19:23:55.574073,365
,362
,354
,354
,370
,371
,369
,365
,374
,367
,369
,370
,370
,366
2026 05 20 19:23:55.635593,362
,373
,371
,364
,363
,371
,368
,369
,374
,373
,357
,353
,366
,364
2026 05 20 19:23:55.696951,356
,356
,362
,360
,360
,364
,370
,367
,367
,372
,376
,364
,355
,365
2026 05 20 19:23:55.764403,362
,356
,356
,363
,352
,349
,352
,358
,348
,351
,360
,363
,355
,352
2026 05 20 19:23:55.823707,359
,356
,358
,363
,366
,362
,354
,368
,364
,355
,356
,358
,355
,349
2026 05 20 19:23:55.889731,352
,365
,349
,351
,360
,357
,347
,348
,362
,361
,358
,354
,366
,357
2026 05 20 19:23:55.950313,351
,361
,364
,352
,357
,365
,368
,363
,363
,370
,364
,357
,359
,362
2026 05 20 19:23:56.013247,354
,353
,357
,359
,353
,352
,364
,363
,358
,357
,366
,362
,350
,355
2026 05 20 19:23:56.079064,360
,353
,350
,355
,353
,348
,357
,361
,357
,355
,355
,365
,357
,354
2026 05 20 19:23:56.139212,360
,357
,351
,349
,355
,344
,337
,347
,356
,350
,345
,356
,355
,350
2026 05 20 19:23:56.204981,346
,351
,348
,345
,344
,351
,346
,346
,348
,355
,342
,348
,356
,358
2026 05 20 19:23:56.266333,348
,347
,351
,349
,340
,343
,354
,348
,346
,356
,353
,352
,355
,364
2026 05 20 19:23:56.329041,363
,367
,371
,375
,368
,360
,366
,370
,360
,353
,359
,356
,353
,360
2026 05 20 19:23:56.395394,368
,361
,352
,359
,369
,358
,358
,364
,362
,360
,360
,366
,357
,346
2026 05 20 19:23:56.454690,362
,365
,358
,354
,361
,361
,362
,362
,370
,367
,358
,361
,361
,358
2026 05 20 19:23:56.519999,347
,351
,358
,351
,350
,356
,352
,351
,355
,360
,355
,350
,359
,362
2026 05 20 19:23:56.581719,353
,353
,355
,354
,352
,351
,362
,350
,355
,354
,362
,353
,347
,354
2026 05 20 19:23:56.642570,359
,352
,351
,365
,360
,355
,357
,365
,354
,346
,358
,357
,350
,350
2026 05 20 19:23:56.707561,357
,357
,348
,347
,356
,350
,348
,358
,364
,353
,352
,361
,364
,356
2026 05 20 19:23:56.770012,355
,363
,357
,347
,348
,353
,346
,343
,345
,346
,344
,343
,351
,345
2026 05 20 19:23:56.835805,341
,345
,357
,351
,354
,357
,362
,354
,358
,367
,360
,350
,359
,369
2026 05 20 19:23:56.897081,360
,353
,361
,368
,361
,356
,360
,360
,350
,350
,362
,355
,343
,350
2026 05 20 19:23:56.958444,361
,352
,344
,345
,352
,347
,349
,360
,358
,355
,353
,363
,356
,355
2026 05 20 19:23:57.023727,360
,362
,352
,347
,359
,357
,356
,357
,367
,359
,355
,361
,368
,355
2026 05 20 19:23:57.085634,353
,361
,358
,348
,357
,364
,357
,354
,358
,360
,351
,348
,354
,354
2026 05 20 19:23:57.150025,347
,348
,360
,356
,354
,360
,366
,358
,355
,362
,362
,359
,354
,365
2026 05 20 19:23:57.212531,359
,354
,357
,359
,348
,348
,363
,365
,355
,354
,358
,358
,351
,351
2026 05 20 19:23:57.273285,358
,358
,347
,354
,358
,356
,362
,367
,371
,364
,359
,369
,364
,353
2026 05 20 19:23:57.339912,363
,366
,358
,356
,358
,353
,350
,355
,361
,360
,354
,350
,358
,349
2026 05 20 19:23:57.400535,346
,356
,360
,354
,352
,360
,361
,355
,350
,364
,357
,353
,356
,359
2026 05 20 19:23:57.466137,351
,348
,353
,359
,350
,350
,356
,361
,354
,354
,363
,360
,355
,357
2026 05 20 19:23:57.527258,364
,354
,349
,360
,351
,347
,353
,358
,353
,345
,346
,358
,356
,351
2026 05 20 19:23:57.589387,355
,357
,353
,350
,359
,352
,353
,355
,364
,360
,351
,360
,362
,348
2026 05 20 19:23:57.654795,346
,362
,352
,345
,352
,351
,345
,339
,345
,347
,344
,347
,355
,351
2026 05 20 19:23:57.715517,347
,352
,355
,350
,342
,352
,349
,342
,340
,349
,348
,348
,348
,356
2026 05 20 19:23:57.780589,352
,349
,355
,359
,345
,344
,350
,351
,342
,346
,349
,351
,345
,353
2026 05 20 19:23:57.843014,364
,350
,350
,358
,356
,347
,348
,352
,354
,346
,349
,354
,349
,356
2026 05 20 19:23:57.903905,364
,363
,356
,352
,356
,353
,347
,351
,358
,351
,345
,345
,356
,348
2026 05 20 19:23:57.970014,348
,357
,358
,351
,347
,353
,344
,338
,339
,350
,340
,335
,345
,353
2026 05 20 19:23:58.031489,348
,345
,353
,351
,347
,346
,354
,347
,344
,347
,352
,351
,344
,355
2026 05 20 19:23:58.097060,351
,349
,348
,355
,352
,347
,354
,356
,350
,350
,356
,363
,348
,350
2026 05 20 19:23:58.157745,357
,357
,348
,354
,359
,349
,352
,361
,364
,351
,352
,358
,359
,354
2026 05 20 19:23:58.219496,359
,363
,362
,351
,362
,367
,359
,361
,362
,365
,353
,360
,365
,358
2026 05 20 19:23:58.285244,353
,354
,361
,358
,351
,358
,361
,354
,348
,354
,348
,338
,341
,343
2026 05 20 19:23:58.347737,338
,338
,345
,349
,348
,353
,363
,357
,356
,354
,367
,357
,348
,353
2026 05 20 19:23:58.408076,356
,346
,342
,350
,349
,340
,344
,354
,352
,342
,354
,369
,362
,361
2026 05 20 19:23:58.473936,367
,366
,358
,353
,361
,358
,358
,366
,365
,359
,355
,365
,367
,364
2026 05 20 19:23:58.535116,360
,371
,369
,363
,359
,366
,366
,356
,357
,367
,348
,349
,358
,353
2026 05 20 19:23:58.600051,346
,340
,349
,343
,342
,346
,349
,343
,341
,348
,353
,343
,347
,355
2026 05 20 19:23:58.662327,352
,351
,353
,364
,353
,350
,349
,353
,352
,351
,361
,356
,351
,353
2026 05 20 19:23:58.723807,364
,356
,355
,358
,365
,357
,354
,363
,364
,355
,359
,368
,362
,361
2026 05 20 19:23:58.789345,364
,372
,358
,354
,372
,367
,358
,360
,372
,365
,354
,364
,372
,367
2026 05 20 19:23:58.850373,364
,371
,368
,366
,361
,366
,367
,359
,353
,363
,356
,353
,355
,366
2026 05 20 19:23:58.916156,362
,354
,367
,364
,354
,362
,368
,362
,361
,362
,360
,353
,354
,357
2026 05 20 19:23:58.977836,353
,353
,347
,362
,361
,359
,357
,353
,351
,348
,353
,358
,348
,354
2026 05 20 19:23:59.039127,363
,357
,351
,347
,358
,354
,343
,351
,353
,342
,338
,351
,349
,342
2026 05 20 19:23:59.104490,341
,349
,343
,341
,347
,355
,343
,342
,351
,349
,346
,345
,354
,352
2026 05 20 19:23:59.166085,349
,346
,357
,356
,351
,360
,363
,353
,346
,358
,350
,352
,344
,358
2026 05 20 19:23:59.230931,351
,350
,357
,360
,349
,352
,359
,360
,355
,349
,356
,353
,348
,355
2026 05 20 19:23:59.296255,357
,343
,346
,349
,351
,348
,347
,352
,352
,347
,349
,356
,351
,346
2026 05 20 19:23:59.354519,355
,357
,347
,343
,348
,347
,341
,340
,352
,346
,342
,351
,355
,349
2026 05 20 19:23:59.420039,347
,352
,350
,344
,345
,356
,345
,346
,348
,356
,350
,346
,353
,355
2026 05 20 19:23:59.481148,346
,347
,358
,355
,343
,347
,361
,358
,354
,361
,370
,357
,352
,362
2026 05 20 19:23:59.546412,363
,347
,353
,365
,355
,354
,359
,362
,359
,358
,369
,365
,357
,354
2026 05 20 19:23:59.607634,361
,356
,352
,357
,364
,354
,347
,351
,356
,348
,345
,357
,357
,351
2026 05 20 19:23:59.669443,350
,361
,352
,346
,356
,358
,349
,347
,354
,351
,346
,347
,357
,348
2026 05 20 19:23:59.735780,336
,351
,355
,343
,342
,348
,350
,347
,350
,355
,347
,350
,352
,365
2026 05 20 19:23:59.796201,354
,347
,355
,356
,346
,347
,351
,349
,344
,341
,349
,345
,342
,353
2026 05 20 19:23:59.862504,355
,345
,347
,362
,365
,358
,354
,363
,356
,356
,363
,365
,355
,357
2026 05 20 19:23:59.924115,366
,366
,356
,354
,362
,353
,348
,350
,356
,349
,348
,358
,359
,354
2026 05 20 19:23:59.985359,352
,357
,357
,353
,352
,359
,351
,352
,354
,353
,350
,345
,351
,355
2026 05 20 19:24:00.050501,345
,347
,357
,348
,349
,352
,357
,351
,344
,356
,358
,352
,346
,360
2026 05 20 19:24:00.112480,357
,348
,356
,359
,353
,351
,354
,354
,347
,349
,355
,355
,352
,353
2026 05 20 19:24:00.177672,364
,356
,356
,353
,355
,351
,349
,353
,348
,343
,341
,350
,345
,346
2026 05 20 19:24:00.239323,356
,365
,352
,347
,357
,358
,356
,352
,361
,351
,351
,349
,354
,353
2026 05 20 19:24:00.300065,351
,361
,362
,359
,358
,360
,356
,353
,358
,365
,352
,356
,362
,365
2026 05 20 19:24:00.365862,357
,359
,367
,365
,355
,351
,357
,349
,348
,349
,356
,345
,342
,349
2026 05 20 19:24:00.427916,351
,345
,348
,359
,358
,348
,350
,355
,346
,347
,350
,351
,337
,341
2026 05 20 19:24:00.493374,352
,353
,348
,352
,363
,355
,349
,353
,352
,340
,336
,345
,344
,339
2026 05 20 19:24:00.554845,339
,348
,346
,340
,343
,356
,347
,342
,352
,354
,342
,345
,348
,343
2026 05 20 19:24:00.616559,337
,335
,343
,334
,336
,345
,355
,346
,344
,349
,349
,345
,348
,358
2026 05 20 19:24:00.681357,355
,348
,351
,355
,348
,347
,355
,356
,355
,348
,359
,359
,358
,361
2026 05 20 19:24:00.743306,374
,360
,361
,366
,372
,359
,356
,365
,359
,352
,351
,363
,359
,354
2026 05 20 19:24:00.807638,360
,365
,363
,359
,368
,368
,368
,364
,371
,367
,362
,368
,370
,357
2026 05 20 19:24:00.870029,357
,360
,364
,356
,350
,363
,355
,352
,357
,366
,360
,362
,365
,366
2026 05 20 19:24:00.930749,355
,357
,360
,347
,347
,352
,362
,356
,352
,350
,346
,335
,338
,348
2026 05 20 19:24:00.997037,344
,339
,344
,341
,341
,344
,351
,360
,355
,357
,365
,371
,358
,365
2026 05 20 19:24:01.058033,368
,358
,347
,344
,347
,342
,345
,348
,350
,339
,349
,354
,354
,352
2026 05 20 19:24:01.123232,353
,354
,345
,345
,350
,357
,353
,349
,355
,354
,345
,343
,347
,342
2026 05 20 19:24:01.184888,339
,344
,348
,342
,340
,346
,349
,339
,344
,352
,353
,345
,352
,360
2026 05 20 19:24:01.246511,351
,342
,353
,348
,340
,340
,351
,344
,343
,351
,359
,348
,345
,353
2026 05 20 19:24:01.311597,358
,350
,351
,358
,356
,344
,351
,355
,349
,347
,352
,359
,351
,347
2026 05 20 19:24:01.373265,357
,354
,346
,347
,357
,352
,347
,348
,354
,351
,347
,354
,356
,350
2026 05 20 19:24:01.439289,352
,351
,342
,338
,342
,348
,341
,341
,349
,353
,352
,347
,353
,359
2026 05 20 19:24:01.500098,348
,350
,356
,348
,344
,346
,349
,339
,340
,345
,348
,347
,348
,353
2026 05 20 19:24:01.561697,353
,347
,350
,349
,341
,341
,348
,349
,335
,335
,341
,343
,338
,348
2026 05 20 19:24:01.627513,356
,352
,350
,351
,357
,348
,350
,356
,356
,343
,348
,348
,343
,344
2026 05 20 19:24:01.689353,351
,357
,355
,343
,352
,355
,347
,341
,343
,339
,335
,342
,351
,348
2026 05 20 19:24:01.754679,346
,361
,358
,347
,346
,360
,356
,348
,351
,354
,346
,334
,345
,348
2026 05 20 19:24:01.815853,342
,344
,356
,357
,350
,352
,353
,346
,343
,351
,350
,342
,342
,347
2026 05 20 19:24:01.877596,344
,341
,342
,352
,347
,346
,346
,353
,340
,340
,347
,346
,337
,334
2026 05 20 19:24:01.942619,345
,344
,340
,340
,349
,345
,343
,348
,354
,348
,346
,355
,359
,351
2026 05 20 19:24:02.004954,354
,359
,356
,350
,356
,365
,355
,348
,357
,356
,350
,357
,372
,363
2026 05 20 19:24:02.069251,360
,362
,371
,363
,355
,367
,367
,359
,354
,362
,356
,358
,355
,361
2026 05 20 19:24:02.130909,355
,349
,355
,356
,356
,353
,363
,364
,355
,355
,364
,355
,346
,350
2026 05 20 19:24:02.192277,357
,348
,350
,355
,358
,352
,357
,364
,358
,353
,357
,366
,357
,352
2026 05 20 19:24:02.258120,362
,360
,352
,347
,350
,350
,344
,345
,346
,336
,340
,352
,348
,342
2026 05 20 19:24:02.319628,341
,349
,347
,345
,345
,352
,350
,351
,353
,360
,353
,348
,349
,348
2026 05 20 19:24:02.385540,341
,341
,351
,346
,344
,349
,357
,350
,343
,360
,357
,351
,347
,357
2026 05 20 19:24:02.446972,356
,351
,352
,358
,354
,348
,352
,357
,352
,356
,367
,365
,357
,358
2026 05 20 19:24:02.508114,365
,357
,353
,354
,358
,346
,340
,351
,349
,342
,348
,358
,354
,346
2026 05 20 19:24:02.573883,351
,361
,352
,357
,363
,363
,358
,351
,352
,355
,356
,356
,364
,364
2026 05 20 19:24:02.635490,357
,365
,371
,364
,363
,373
,374
,369
,367
,378
,369
,366
,367
,371
2026 05 20 19:24:02.696934,360
,359
,369
,369
,359
,364
,364
,366
,361
,358
,366
,363
,356
,367
2026 05 20 19:24:02.761773,374
,367
,367
,374
,370
,364
,362
,365
,356
,350
,352
,352
,338
,341
2026 05 20 19:24:02.823854,351
,352
,347
,347
,358
,351
,347
,358
,360
,346
,346
,348
,350
,338
2026 05 20 19:24:02.889319,342
,353
,351
,346
,346
,351
,344
,342
,349
,348
,343
,340
,348
,347
2026 05 20 19:24:02.950561,346
,350
,357
,355
,352
,357
,360
,351
,348
,353
,353
,345
,345
,353
2026 05 20 19:24:03.011659,345
,348
,354
,362
,358
,345
,356
,358
,350
,345
,353
,353
,350
,356
2026 05 20 19:24:03.078079,363
,358
,353
,355
,355
,347
,351
,360
,355
,359
,360
,366
,362
,358
2026 05 20 19:24:03.137927,364
,367
,361
,358
,368
,365
,356
,353
,356
,344
,339
,346
,347
,346
2026 05 20 19:24:03.203966,349
,354
,352
,345
,343
,354
,354
,351
,355
,367
,355
,352
,360
,359
2026 05 20 19:24:03.266334,351
,349
,353
,351
,345
,342
,352
,348
,342
,350
,355
,348
,347
,355
2026 05 20 19:24:03.327817,357
,351
,357
,360
,354
,347
,354
,357
,347
,347
,356
,355
,349
,349
2026 05 20 19:24:03.393246,355
,350
,346
,349
,355
,346
,341
,349
,354
,344
,345
,353
,351
,341
2026 05 20 19:24:03.453932,343
,350
,344
,340
,340
,349
,342
,340
,349
,350
,346
,342
,348
,346
2026 05 20 19:24:03.519992,338
,344
,348
,343
,336
,344
,347
,342
,342
,351
,345
,345
,346
,350
2026 05 20 19:24:03.581090,342
,340
,347
,351
,341
,344
,348
,346
,343
,347
,357
,352
,353
,353
2026 05 20 19:24:03.642681,355
,349
,341
,348
,345
,335
,336
,346
,343
,338
,347
,360
,354
,352
2026 05 20 19:24:03.708177,365
,365
,357
,349
,357
,355
,349
,353
,362
,356
,351
,360
,360
,349
2026 05 20 19:24:03.769376,351
,359
,358
,351
,352
,358
,355
,351
,354
,362
,351
,349
,356
,351
2026 05 20 19:24:03.835341,342
,341
,345
,337
,331
,332
,339
,333
,333
,343
,349
,340
,340
,350
2026 05 20 19:24:03.896967,347
,341
,348
,353
,347
,338
,343
,349
,349
,345
,360
,357
,350
,354
2026 05 20 19:24:03.957895,354
,351
,348
,350
,353
,349
,346
,355
,359
,350
,358
,363
,356
,347
2026 05 20 19:24:04.024142,354
,353
,344
,340
,345
,347
,342
,339
,347
,343
,333
,336
,348
,340
2026 05 20 19:24:04.085416,341
,350
,355
,352
,351
,360
,358
,362
,360
,366
,362
,357
,362
,368
2026 05 20 19:24:04.149853,359
,354
,360
,365
,358
,357
,369
,363
,351
,365
,378
,367
,363
,373
2026 05 20 19:24:04.212165,372
,361
,360
,369
,365
,358
,360
,366
,356
,349
,356
,352
,346
,347
2026 05 20 19:24:04.274227,360
,353
,348
,344
,358
,360
,350
,352
,364
,357
,354
,364
,362
,351
2026 05 20 19:24:04.339206,350
,359
,356
,348
,349
,363
,351
,351
,358
,358
,354
,348
,355
,351
2026 05 20 19:24:04.400534,348
,351
,348
,346
,342
,348
,354
,348
,352
,362
,360
,359
,352
,359
2026 05 20 19:24:04.466135,353
,345
,350
,354
,347
,346
,356
,357
,350
,351
,359
,360
,352
,356
2026 05 20 19:24:04.527641,360
,351
,348
,350
,348
,339
,343
,348
,342
,343
,351
,357
,352
,342
2026 05 20 19:24:04.590115,346
,356
,350
,337
,351
,351
,346
,349
,362
,352
,344
,361
,362
,355
2026 05 20 19:24:04.654089,356
,362
,364
,363
,364
,377
,372
,365
,368
,375
,368
,365
,376
,376
2026 05 20 19:24:04.716399,362
,367
,371
,370
,357
,358
,363
,352
,351
,354
,356
,351
,347
,358
2026 05 20 19:24:04.781600,358
,354
,359
,371
,360
,359
,360
,366
,363
,358
,360
,365
,352
,351
2026 05 20 19:24:04.843080,359
,352
,344
,348
,355
,348
,348
,356
,359
,356
,353
,367
,366
,358
2026 05 20 19:24:04.904182,363
,366
,359
,351
,357
,355
,352
,351
,361
,361
,353
,357
,366
,362
2026 05 20 19:24:04.970155,361
,365
,370
,360
,354
,359
,360
,355
,356
,368
,364
,357
,360
,368
2026 05 20 19:24:05.031534,356
,351
,357
,358
,357
,357
,367
,368
,361
,365
,367
,359
,355
,357
2026 05 20 19:24:05.097015,361
,350
,342
,353
,355
,343
,337
,350
,345
,334
,338
,343
,332
,329
2026 05 20 19:24:05.158425,331
,332
,327
,328
,339
,337
,331
,338
,348
,339
,334
,343
,349
,339
2026 05 20 19:24:05.220002,337
,351
,351
,344
,353
,359
,348
,345
,352
,354
,347
,343
,354
,355
2026 05 20 19:24:05.284820,351
,349
,355
,352
,344
,352
,360
,355
,350
,359
,357
,355
,357
,362
2026 05 20 19:24:05.346339,362
,358
,356
,361
,363
,363
,370
,372
,357
,350
,364
,358
,349
,352
2026 05 20 19:24:05.411800,360
,351
,345
,350
,357
,345
,340
,355
,354
,344
,347
,357
,355
,351
2026 05 20 19:24:05.473884,354
,361
,349
,344
,354
,354
,347
,355
,357
,360
,352
,358
,358
,360
2026 05 20 19:24:05.534697,358
,362
,366
,358
,360
,367
,365
,362
,357
,365
,359
,352
,357
,362
2026 05 20 19:24:05.599928,352
,351
,361
,361
,361
,355
,358
,363
,362
,367
,375
,366
,362
,369
2026 05 20 19:24:05.662442,368
,361
,362
,361
,360
,358
,360
,363
,361
,357
,364
,362
,357
,356
2026 05 20 19:24:05.727764,367
,365
,357
,363
,377
,366
,362
,366
,370
,362
,358
,362
,363
,360
2026 05 20 19:24:05.789179,364
,372
,367
,366
,371
,373
,368
,362
,372
,378
,364
,360
,367
,364
2026 05 20 19:24:05.851135,356
,360
,363
,363
,356
,364
,368
,360
,362
,373
,369
,360
,361
,364
2026 05 20 19:24:05.917256,352
,352
,356
,363
,353
,353
,358
,362
,354
,353
,364
,364
,356
,361
2026 05 20 19:24:05.976865,363
,353
,348
,356
,356
,348
,347
,356
,356
,349
,349
,352
,342
,334
2026 05 20 19:24:06.042942,343
,348
,339
,340
,349
,350
,345
,345
,355
,351
,344
,348
,350
,344
2026 05 20 19:24:06.104597,347
,345
,349
,342
,339
,347
,344
,344
,348
,348
,344
,344
,348
,351
2026 05 20 19:24:06.165804,344
,343
,350
,347
,343
,346
,353
,353
,354
,360
,366
,357
,355
,358
2026 05 20 19:24:06.232047,350
,341
,338
,349
,347
,337
,348
,356
,346
,347
,359
,362
,353
,353
2026 05 20 19:24:06.292827,363
,359
,350
,349
,345
,343
,337
,346
,345
,339
,340
,348
,343
,343
2026 05 20 19:24:06.354191,349
,356
,347
,346
,352
,354
,348
,337
,352
,349
,343
,343
,345
,346
2026 05 20 19:24:06.419968,342
,343
,349
,343
,346
,352
,355
,348
,349
,356
,350
,351
,355
,364
2026 05 20 19:24:06.481035,358
,352
,358
,358
,350
,345
,356
,354
,345
,347
,354
,352
,346
,354
2026 05 20 19:24:06.546990,365
,357
,356
,366
,363
,354
,355
,362
,355
,352
,355
,353
,348
,347
2026 05 20 19:24:06.607634,359
,360
,355
,356
,365
,367
,361
,359
,368
,357
,345
,355
,352
,341
2026 05 20 19:24:06.669204,338
,344
,344
,339
,345
,356
,355
,356
,357
,359
,352
,344
,354
,343
2026 05 20 19:24:06.735307,340
,336
,349
,343
,340
,342
,348
,339
,334
,339
,342
,336
,331
,342
2026 05 20 19:24:06.796495,337
,334
,334
,338
,328
,329
,336
,335
,328
,333
,341
,340
,338
,343
2026 05 20 19:24:06.862175,352
,348
,345
,351
,356
,350
,354
,362
,359
,346
,344
,350
,341
,337
2026 05 20 19:24:06.923783,344
,352
,343
,343
,353
,355
,346
,350
,364
,359
,350
,351
,360
,354
2026 05 20 19:24:06.985204,348
,359
,359
,353
,352
,359
,357
,353
,358
,361
,352
,349
,356
,358
2026 05 20 19:24:07.050011,349
,351
,362
,362
,354
,356
,363
,353
,347
,352
,360
,348
,348
,357
2026 05 20 19:24:07.112639,356
,350
,343
,357
,359
,356
,359
,369
,363
,356
,361
,363
,352
,349
2026 05 20 19:24:07.177612,358
,357
,346
,350
,357
,356
,353
,360
,365
,355
,350
,362
,363
,352
2026 05 20 19:24:07.239383,346
,356
,344
,338
,342
,348
,339
,338
,344
,352
,345
,344
,353
,346
2026 05 20 19:24:07.300015,346
,350
,355
,343
,343
,351
,346
,342
,340
,354
,343
,345
,348
,352
2026 05 20 19:24:07.366301,345
,335
,342
,341
,334
,331
,337
,342
,337
,337
,350
,349
,346
,351
2026 05 20 19:24:07.426819,353
,343
,341
,345
,352
,347
,345
,353
,348
,343
,342
,347
,340
,336
2026 05 20 19:24:07.493203,343
,341
,334
,330
,336
,344
,335
,339
,351
,354
,350
,358
,364
,353
2026 05 20 19:24:07.554728,349
,356
,360
,350
,353
,360
,354
,348
,355
,357
,350
,345
,354
,359
2026 05 20 19:24:07.615172,348
,346
,357
,350
,341
,347
,356
,351
,347
,353
,355
,352
,346
,354
2026 05 20 19:24:07.681611,356
,353
,354
,362
,352
,348
,355
,355
,346
,343
,349
,345
,345
,340
2026 05 20 19:24:07.742700,352
,353
,348
,350
,357
,350
,351
,357
,358
,348
,349
,360
,361
,358
2026 05 20 19:24:07.808111,359
,371
,369
,363
,368
,365
,355
,355
,363
,355
,348
,349
,357
,350
2026 05 20 19:24:07.870072,347
,355
,366
,357
,357
,369
,364
,357
,361
,371
,366
,363
,371
,380
2026 05 20 19:24:07.930945,371
,372
,365
,366
,353
,349
,351
,345
,340
,338
,345
,333
,334
,346
2026 05 20 19:24:07.996161,348
,343
,345
,355
,347
,344
,344
,349
,343
,340
,347
,349
,346
,343
2026 05 20 19:24:08.057862,346
,350
,345
,345
,354
,351
,337
,345
,350
,343
,339
,352
,355
,348
2026 05 20 19:24:08.123797,353
,358
,352
,349
,353
,358
,346
,342
,352
,357
,352
,349
,359
,360
2026 05 20 19:24:08.185049,357
,358
,363
,355
,351
,355
,364
,355
,352
,360
,356
,352
,356
,360
2026 05 20 19:24:08.245712,353
,343
,345
,350
,346
,346
,350
,348
,347
,349
,354
,351
,352
,354
2026 05 20 19:24:08.312424,360
,356
,348
,352
,358
,348
,349
,356
,356
,350
,349
,358
,352
,349
2026 05 20 19:24:08.373158,352
,356
,349
,341
,344
,348
,342
,341
,348
,346
,346
,346
,349
,346
2026 05 20 19:24:08.439241,343
,344
,348
,342
,338
,349
,346
,341
,342
,352
,346
,344
,347
,354
2026 05 20 19:24:08.500535,350
,347
,350
,344
,340
,349
,355
,347
,348
,355
,357
,347
,352
,354
2026 05 20 19:24:08.561255,358
,354
,351
,359
,357
,355
,358
,363
,354
,351
,352
,350
,342
,342
2026 05 20 19:24:08.627124,347
,345
,344
,351
,361
,360
,360
,365
,372
,369
,370
,381
,374
,365
2026 05 20 19:24:08.687903,363
,370
,363
,352
,353
,356
,349
,346
,355
,348
,349
,353
,358
,350
2026 05 20 19:24:08.754492,348
,350
,348
,342
,343
,346
,350
,340
,348
,360
,354
,348
,351
,353
2026 05 20 19:24:08.816042,345
,338
,347
,350
,340
,344
,346
,343
,338
,340
,348
,348
,341
,345
2026 05 20 19:24:08.876788,347
,341
,334
,346
,344
,336
,337
,348
,344
,344
,346
,352
,342
,345
2026 05 20 19:24:08.943192,351
,351
,339
,341
,355
,348
,344
,346
,356
,351
,349
,354
,357
,350
2026 05 20 19:24:09.004716,347
,354
,358
,345
,348
,360
,357
,350
,357
,366
,356
,352
,360
,360
2026 05 20 19:24:09.069838,359
,361
,371
,363
,360
,363
,366
,355
,353
,359
,364
,353
,354
,361
2026 05 20 19:24:09.131540,355
,353
,355
,359
,357
,351
,358
,361
,354
,351
,358
,363
,357
,357
2026 05 20 19:24:09.193646,365
,366
,359
,362
,368
,360
,356
,358
,360
,351
,352
,361
,356
,352
2026 05 20 19:24:09.257505,357
,360
,351
,346
,353
,351
,344
,341
,347
,345
,337
,341
,341
,338
2026 05 20 19:24:09.319859,337
,344
,347
,343
,336
,343
,348
,336
,339
,344
,348
,341
,347
,350
2026 05 20 19:24:09.385192,347
,342
,350
,352
,349
,347
,355
,345
,341
,342
,348
,340
,336
,345
2026 05 20 19:24:09.446375,353
,346
,348
,355
,353
,346
,350
,356
,346
,345
,350
,354
,342
,344
2026 05 20 19:24:09.508190,351
,351
,348
,347
,355
,350
,346
,353
,360
,354
,353
,358
,358
,352
2026 05 20 19:24:09.572906,353
,362
,359
,353
,357
,365
,357
,351
,357
,366
,360
,354
,363
,362
2026 05 20 19:24:09.634556,355
,355
,367
,357
,358
,364
,370
,363
,366
,371
,372
,364
,366
,363
2026 05 20 19:24:09.700588,360
,352
,352
,362
,356
,353
,361
,357
,349
,352
,361
,361
,355
,355
2026 05 20 19:24:09.765057,362
,358
,352
,352
,353
,349
,349
,357
,352
,342
,348
,355
,344
,338
2026 05 20 19:24:09.823539,345
,347
,342
,338
,344
,348
,344
,351
,357
,354
,354
,357
,358
,351
2026 05 20 19:24:09.889117,341
,347
,346
,340
,334
,348
,341
,345
,346
,357
,347
,347
,353
,358
2026 05 20 19:24:09.950148,347
,341
,347
,340
,335
,335
,340
,337
,333
,346
,350
,346
,349
,353
2026 05 20 19:24:10.011784,342
,350
,346
,352
,345
,335
,340
,346
,340
,336
,347
,354
,348
,351
2026 05 20 19:24:10.077160,363
,356
,349
,355
,357
,349
,344
,349
,349
,346
,339
,351
,348
,345
2026 05 20 19:24:10.139306,345
,352
,346
,338
,341
,342
,336
,334
,335
,340
,339
,339
,354
,353
2026 05 20 19:24:10.203840,345
,352
,360
,352
,349
,360
,358
,352
,354
,359
,356
,347
,348
,356
2026 05 20 19:24:10.265729,351
,350
,358
,359
,348
,350
,358
,350
,347
,347
,356
,346
,344
,354
2026 05 20 19:24:10.327524,353
,349
,350
,356
,352
,348
,349
,352
,353
,354
,357
,360
,357
,355
2026 05 20 19:24:10.392383,360
,365
,351
,355
,365
,367
,356
,358
,359
,353
,346
,354
,355
,350
2026 05 20 19:24:10.454015,348
,361
,363
,358
,360
,366
,355
,348
,356
,354
,344
,341
,348
,349
2026 05 20 19:24:10.519872,341
,347
,356
,352
,349
,353
,359
,352
,350
,350
,349
,345
,341
,349
2026 05 20 19:24:10.581184,348
,341
,350
,353
,346
,340
,352
,354
,343
,344
,353
,348
,342
,345
2026 05 20 19:24:10.642822,349
,338
,333
,344
,345
,340
,338
,345
,344
,342
,342
,351
,347
,345
2026 05 20 19:24:10.708125,348
,352
,347
,344
,351
,354
,346
,347
,358
,352
,345
,347
,356
,348
2026 05 20 19:24:10.769098,343
,351
,355
,355
,349
,358
,361
,354
,352
,361
,360
,355
,360
,365
2026 05 20 19:24:10.835347,357
,350
,358
,359
,348
,351
,357
,352
,349
,348
,354
,343
,342
,344
2026 05 20 19:24:10.896627,345
,338
,333
,339
,336
,337
,337
,343
,336
,336
,346
,349
,346
,340
2026 05 20 19:24:10.958073,343
,339
,335
,340
,342
,338
,337
,345
,349
,341
,335
,343
,347
,343
2026 05 20 19:24:11.023195,343
,351
,346
,343
,348
,350
,341
,338
,339
,341
,336
,338
,345
,344
2026 05 20 19:24:11.084378,341
,345
,351
,347
,343
,352
,361
,356
,348
,356
,357
,352
,355
,363
2026 05 20 19:24:11.150603,350
,348
,350
,353
,357
,351
,355
,356
,351
,355
,365
,365
,362
,364
2026 05 20 19:24:11.211686,366
,363
,353
,350
,355
,347
,343
,350
,340
,337
,351
,358
,348
,341
2026 05 20 19:24:11.272772,352
,354
,346
,345
,350
,349
,342
,342
,346
,343
,337
,347
,351
,344
2026 05 20 19:24:11.339239,343
,349
,353
,344
,350
,360
,359
,355
,353
,362
,353
,345
,353
,356
2026 05 20 19:24:11.400531,343
,344
,350
,351
,351
,358
,367
,357
,355
,358
,364
,353
,350
,358
2026 05 20 19:24:11.465212,355
,346
,350
,359
,356
,352
,359
,370
,358
,354
,364
,362
,361
,359
2026 05 20 19:24:11.527290,371
,375
,370
,373
,375
,368
,361
,369
,367
,354
,353
,357
,356
,343
2026 05 20 19:24:11.588117,345
,354
,346
,345
,355
,353
,352
,348
,363
,363
,352
,355
,352
,343
2026 05 20 19:24:11.654422,342
,343
,352
,345
,340
,349
,344
,337
,336
,337
,344
,340
,348
,350
2026 05 20 19:24:11.715398,349
,348
,357
,359
,352
,357
,366
,354
,344
,346
,352
,346
,338
,341
2026 05 20 19:24:11.781321,341
,337
,337
,348
,348
,343
,346
,351
,348
,343
,347
,352
,348
,345
2026 05 20 19:24:11.842668,349
,347
,341
,339
,346
,340
,338
,343
,351
,342
,345
,345
,346
,342
2026 05 20 19:24:11.903876,342
,349
,345
,343
,348
,353
,350
,348
,354
,359
,351
,354
,359
,358
2026 05 20 19:24:11.969858,352
,347
,349
,341
,344
,350
,354
,346
,345
,349
,352
,348
,347
,356
2026 05 20 19:24:12.031351,354
,352
,351
,352
,343
,342
,345
,346
,340
,340
,349
,346
,340
,342
2026 05 20 19:24:12.096670,352
,343
,337
,343
,348
,345
,340
,343
,344
,342
,343
,346
,334
,334
2026 05 20 19:24:12.158386,333
,345
,338
,336
,341
,348
,341
,343
,350
,349
,339
,351
,354
,343
2026 05 20 19:24:12.218478,340
,347
,347
,341
,342
,352
,349
,344
,351
,356
,355
,346
,356
,356
2026 05 20 19:24:12.285123,350
,345
,357
,355
,344
,346
,352
,351
,346
,350
,358
,354
,350
,354
2026 05 20 19:24:12.346070,353
,348
,351
,355
,356
,352
,349
,360
,352
,349
,360
,366
,357
,356
2026 05 20 19:24:12.411696,365
,360
,350
,358
,360
,353
,349
,354
,350
,348
,348
,356
,359
,353
2026 05 20 19:24:12.473572,355
,365
,357
,354
,358
,360
,347
,348
,352
,358
,356
,357
,369
,364
2026 05 20 19:24:12.534555,358
,366
,369
,355
,352
,360
,360
,350
,347
,357
,357
,353
,359
,367
2026 05 20 19:24:12.600551,360
,361
,362
,362
,359
,357
,360
,361
,352
,349
,354
,354
,352
,354
2026 05 20 19:24:12.661733,364
,361
,353
,364
,368
,362
,358
,368
,362
,355
,360
,368
,365
,361
2026 05 20 19:24:12.727204,373
,376
,366
,366
,375
,362
,356
,355
,363
,357
,346
,349
,350
,346
2026 05 20 19:24:12.789049,342
,360
,364
,360
,360
,360
,365
,352
,358
,362
,357
,355
,360
,358
2026 05 20 19:24:12.850034,356
,350
,358
,355
,350
,352
,356
,355
,351
,353
,352
,345
,342
,348
2026 05 20 19:24:12.916090,348
,350
,353
,365
,357
,353
,358
,361
,348
,347
,352
,347
,334
,332
2026 05 20 19:24:12.977002,346
,339
,335
,342
,352
,346
,338
,342
,341
,339
,333
,345
,343
,339
2026 05 20 19:24:13.043261,339
,350
,344
,345
,355
,360
,348
,346
,358
,353
,345
,338
,344
,340
2026 05 20 19:24:13.104435,337
,344
,345
,343
,345
,359
,354
,349
,346
,356
,349
,343
,345
,352
2026 05 20 19:24:13.165496,346
,342
,349
,350
,349
,350
,356
,353
,349
,354
,358
,354
,350
,358
2026 05 20 19:24:13.231261,359
,351
,350
,362
,356
,355
,357
,363
,354
,348
,353
,355
,347
,347
2026 05 20 19:24:13.293654,351
,348
,348
,350
,356
,355
,353
,365
,375
,373
,361
,368
,367
,360
2026 05 20 19:24:13.357273,362
,361
,356
,344
,348
,350
,345
,339
,347
,355
,348
,340
,350
,345
2026 05 20 19:24:13.419495,338
,340
,351
,344
,337
,347
,350
,347
,346
,355
,357
,354
,354
,354
2026 05 20 19:24:13.480353,351
,342
,346
,352
,347
,336
,344
,347
,338
,338
,346
,344
,340
,337
2026 05 20 19:24:13.546144,346
,341
,336
,346
,354
,345
,340
,349
,345
,349
,351
,355
,352
,348
2026 05 20 19:24:13.608168,349
,353
,349
,346
,357
,355
,351
,351
,356
,354
,349
,360
,357
,349
2026 05 20 19:24:13.669253,344
,353
,350
,342
,339
,356
,350
,341
,344
,355
,344
,345
,347
,347
2026 05 20 19:24:13.735493,341
,336
,346
,337
,336
,340
,345
,340
,339
,347
,347
,338
,336
,341
2026 05 20 19:24:13.796700,343
,334
,332
,342
,337
,337
,346
,347
,341
,337
,343
,339
,329
,328
2026 05 20 19:24:13.861460,332
,330
,323
,332
,340
,335
,338
,343
,354
,347
,342
,348
,354
,349
2026 05 20 19:24:13.923421,350
,361
,357
,352
,359
,360
,357
,352
,359
,364
,353
,351
,361
,362
2026 05 20 19:24:13.984585,355
,353
,367
,362
,356
,367
,367
,361
,361
,369
,368
,358
,364
,368
2026 05 20 19:24:14.050105,361
,352
,355
,355
,350
,351
,350
,348
,341
,343
,349
,349
,347
,354
2026 05 20 19:24:14.111401,353
,352
,347
,356
,353
,349
,349
,354
,352
,346
,352
,356
,352
,353
2026 05 20 19:24:14.179378,359
,369
,356
,351
,366
,362
,361
,357
,368
,361
,357
,365
,368
,356
2026 05 20 19:24:14.238970,354
,371
,364
,358
,363
,373
,367
,364
,367
,371
,370
,362
,362
,365
2026 05 20 19:24:14.300421,364
,363
,366
,361
,358
,361
,363
,353
,352
,355
,354
,345
,339
,344
2026 05 20 19:24:14.366226,336
,331
,335
,345
,341
,340
,352
,360
,357
,354
,364
,364
,358
,363
2026 05 20 19:24:14.427790,371
,365
,357
,364
,372
,359
,359
,364
,359
,358
,354
,361
,357
,356
2026 05 20 19:24:14.493297,357
,362
,355
,350
,358
,362
,352
,355
,365
,355
,355
,356
,361
,356
2026 05 20 19:24:14.554676,350
,365
,361
,348
,348
,358
,353
,356
,359
,364
,350
,356
,362
,366
2026 05 20 19:24:14.615175,356
,357
,361
,363
,353
,353
,357
,351
,343
,345
,350
,339
,334
,343
2026 05 20 19:24:14.681235,348
,347
,346
,356
,359
,351
,356
,365
,356
,347
,354
,356
,355
,349
2026 05 20 19:24:14.742410,358
,357
,347
,349
,354
,347
,351
,360
,368
,358
,359
,364
,361
,358
2026 05 20 19:24:14.807683,354
,364
,362
,362
,363
,365
,359
,353
,359
,359
,354
,347
,356
,358
2026 05 20 19:24:14.870141,358
,352
,357
,343
,337
,337
,339
,338
,337
,342
,346
,349
,349
,361
2026 05 20 19:24:14.931184,354
,354
,355
,360
,356
,351
,359
,364
,357
,359
,364
,353
,360
,357
2026 05 20 19:24:14.996965,362
,351
,348
,360
,359
,355
,355
,361
,362
,357
,353
,366
,367
,349
2026 05 20 19:24:15.057383,354
,366
,355
,349
,356
,354
,351
,346
,362
,350
,344
,349
,354
,349
2026 05 20 19:24:15.123415,350
,354
,353
,356
,355
,355
,357
,357
,355
,359
,355
,351
,358
,360
2026 05 20 19:24:15.185268,355
,355
,360
,356
,349
,351
,356
,342
,336
,343
,340
,330
,327
,343
2026 05 20 19:24:15.246169,343
,340
,344
,352
,345
,340
,348
,347
,344
,342
,356
,354
,351
,350
2026 05 20 19:24:15.311958,359
,357
,354
,358
,360
,350
,352
,359
,363
,357
,353
,355
,355
,354
2026 05 20 19:24:15.372642,358
,359
,350
,354
,360
,364
,357
,353
,363
,358
,356
,357
,362
,359
2026 05 20 19:24:15.439003,355
,359
,364
,358
,351
,358
,353
,349
,353
,362
,357
,351
,351
,359
2026 05 20 19:24:15.500617,358
,353
,365
,369
,363
,363
,372
,370
,361
,363
,366
,354
,350
,360
2026 05 20 19:24:15.561595,359
,351
,347
,349
,353
,348
,351
,355
,353
,352
,357
,348
,344
,345
2026 05 20 19:24:15.628393,343
,341
,337
,334
,348
,346
,343
,356
,363
,362
,358
,365
,369
,365
2026 05 20 19:24:15.688072,364
,371
,365
,360
,363
,368
,362
,356
,363
,369
,359
,354
,365
,365
2026 05 20 19:24:15.754571,357
,366
,368
,365
,359
,360
,366
,358
,355
,363
,365
,363
,363
,369
2026 05 20 19:24:15.815155,364
,363
,366
,366
,365
,357
,364
,369
,359
,360
,367
,365
,357
,357
2026 05 20 19:24:15.877155,366
,363
,359
,361
,363
,356
,356
,369
,362
,359
,357
,369
,363
,366
2026 05 20 19:24:15.942842,372
,368
,363
,365
,369
,367
,356
,353
,365
,361
,351
,352
,363
,350
2026 05 20 19:24:16.003673,351
,360
,360
,353
,350
,363
,358
,353
,354
,358
,350
,343
,352
,348
2026 05 20 19:24:16.069860,338
,338
,348
,344
,339
,342
,350
,351
,346
,351
,361
,352
,351
,359
2026 05 20 19:24:16.130208,357
,349
,353
,364
,360
,350
,356
,362
,350
,352
,356
,362
,359
,356
2026 05 20 19:24:16.192068,369
,361
,354
,364
,369
,366
,357
,362
,368
,356
,352
,356
,354
,348
2026 05 20 19:24:16.257803,348
,354
,351
,344
,348
,355
,351
,349
,356
,354
,360
,360
,365
,361
2026 05 20 19:24:16.319479,355
,356
,359
,350
,353
,359
,360
,354
,356
,369
,355
,352
,349
,363
2026 05 20 19:24:16.385078,356
,351
,361
,363
,354
,358
,360
,361
,354
,356
,360
,356
,354
,355
2026 05 20 19:24:16.446460,358
,348
,344
,353
,350
,344
,343
,354
,355
,351
,356
,360
,353
,351
2026 05 20 19:24:16.507462,357
,353
,346
,339
,344
,343
,339
,342
,353
,343
,337
,342
,342
,341
2026 05 20 19:24:16.572594,339
,346
,345
,340
,340
,348
,340
,332
,332
,345
,342
,339
,344
,343
2026 05 20 19:24:16.635345,332
,329
,337
,331
,329
,333
,347
,344
,344
,350
,354
,345
,342
,353
2026 05 20 19:24:16.700507,353
,349
,346
,350
,345
,338
,346
,349
,343
,343
,355
,352
,344
,342
2026 05 20 19:24:16.761263,354
,348
,343
,345
,348
,349
,348
,353
,345
,341
,350
,357
,348
,358
2026 05 20 19:24:16.823533,357
,368
,362
,361
,365
,369
,359
,356
,360
,352
,350
,349
,358
,343
2026 05 20 19:24:16.888878,339
,345
,347
,342
,335
,341
,340
,336
,339
,340
,339
,337
,337
,343
2026 05 20 19:24:16.950704,347
,346
,353
,354
,351
,352
,355
,348
,347
,350
,358
,358
,349
,353
2026 05 20 19:24:17.015594,352
,347
,349
,355
,357
,355
,357
,363
,354
,348
,353
,357
,347
,341
2026 05 20 19:24:17.077381,358
,351
,352
,351
,356
,350
,346
,350
,349
,347
,342
,347
,351
,343
2026 05 20 19:24:17.138526,344
,357
,354
,351
,356
,360
,353
,349
,351
,352
,344
,350
,358
,358
2026 05 20 19:24:17.204322,357
,357
,365
,356
,347
,357
,357
,352
,348
,356
,357
,352
,345
,351
2026 05 20 19:24:17.265451,349
,359
,345
,357
,324
,304
,355
,363
,328
,272
,338
,359
,388
,381
2026 05 20 19:24:17.331156,368
,354
,346
,342
,340
,338
,341
,343
,331
,328
,337
,342
,337
,332
2026 05 20 19:24:17.392735,334
,341
,340
,342
,340
,342
,338
,339
,342
,339
,336
,347
,349
,334
2026 05 20 19:24:17.454080,332
,332
,335
,327
,326
,342
,337
,330
,326
,333
,339
,336
,333
,332
2026 05 20 19:24:17.519731,326
,328
,333
,332
,325
,335
,344
,337
,340
,353
,354
,326
,322
,334
2026 05 20 19:24:17.582107,339
,340
,344
,353
,346
,335
,350
,346
,339
,333
,341
,332
,340
,333
2026 05 20 19:24:17.646991,346
,347
,340
,350
,355
,359
,346
,340
,348
,346
,339
,345
,346
,347
2026 05 20 19:24:17.707577,339
,346
,334
,329
,336
,338
,329
,336
,344
,332
,328
,340
,349
,335
2026 05 20 19:24:17.769468,344
,351
,355
,357
,351
,352
,348
,341
,349
,351
,339
,335
,341
,353
2026 05 20 19:24:17.835096,343
,341
,355
,360
,357
,352
,357
,355
,355
,356
,358
,355
,349
,351
2026 05 20 19:24:17.896581,353
,348
,339
,342
,337
,344
,346
,349
,334
,332
,342
,345
,341
,340
2026 05 20 19:24:17.957546,349
,352
,341
,342
,360
,345
,350
,349
,352
,345
,346
,353
,355
,344
2026 05 20 19:24:18.022526,350
,355
,351
,345
,347
,362
,354
,354
,355
,359
,354
,352
,367
,366
2026 05 20 19:24:18.084366,352
,346
,351
,353
,358
,352
,346
,342
,352
,358
,360
,354
,349
,358
2026 05 20 19:24:18.150045,353
,344
,349
,349
,344
,348
,363
,354
,350
,344
,349
,344
,345
,342
2026 05 20 19:24:18.211758,347
,339
,343
,350
,350
,348
,343
,362
,358
,344
,351
,351
,341
,348
2026 05 20 19:24:18.275055,354
,358
,348
,341
,352
,357
,351
,351
,354
,345
,342
,351
,352
,345
2026 05 20 19:24:18.337715,351
,351
,352
,347
,344
,354
,344
,338
,342
,343
,328
,324
,327
,332
2026 05 20 19:24:18.400315,328
,338
,341
,342
,339
,342
,351
,348
,346
,349
,352
,344
,344
,349
2026 05 20 19:24:18.465797,348
,341
,341
,346
,349
,345
,347
,355
,355
,349
,353
,356
,349
,346
2026 05 20 19:24:18.527009,349
,350
,342
,347
,348
,344
,338
,348
,354
,346
,350
,355
,356
,353
2026 05 20 19:24:18.587918,353
,360
,357
,352
,359
,360
,356
,359
,365
,360
,352
,351
,362
,354
2026 05 20 19:24:18.654451,354
,353
,357
,349
,343
,350
,347
,336
,339
,346
,357
,346
,343
,359
2026 05 20 19:24:18.715458,358
,347
,366
,365
,353
,354
,365
,368
,363
,366
,366
,363
,367
,367
2026 05 20 19:24:18.781083,367
,364
,358
,366
,363
,362
,363
,364
,367
,364
,365
,371
,363
,358
2026 05 20 19:24:18.844902,367
,375
,360
,363
,369
,365
,369
,368
,374
,372
,370
,362
,374
,374
2026 05 20 19:24:18.904112,367
,375
,376
,372
,370
,380
,370
,363
,373
,375
,373
,369
,376
,372
2026 05 20 19:24:18.969727,365
,359
,363
,359
,353
,351
,361
,354
,343
,348
,348
,335
,331
,343
2026 05 20 19:24:19.030676,338
,345
,347
,361
,354
,357
,356
,355
,347
,343
,353
,352
,351
,355
2026 05 20 19:24:19.096524,361
,354
,352
,358
,350
,350
,349
,360
,356
,351
,354
,354
,355
,347
2026 05 20 19:24:19.158204,353
,361
,354
,349
,349
,357
,350
,355
,351
,344
,343
,350
,361
,353
2026 05 20 19:24:19.219132,343
,350
,357
,340
,341
,356
,359
,347
,351
,358
,351
,346
,349
,354
2026 05 20 19:24:19.285321,347
,347
,353
,352
,344
,343
,354
,359
,360
,350
,366
,362
,343
,365
2026 05 20 19:24:19.345923,378
,355
,369
,355
,355
,352
,356
,367
,356
,355
,357
,358
,357
,354
2026 05 20 19:24:19.411653,359
,363
,352
,353
,357
,359
,367
,356
,367
,361
,351
,362
,369
,356
2026 05 20 19:24:19.472613,352
,371
,356
,353
,356
,356
,354
,349
,357
,354
,352
,338
,351
,351
2026 05 20 19:24:19.534055,344
,359
,356
,349
,345
,353
,350
,347
,337
,338
,339
,353
,351
,360
2026 05 20 19:24:19.600030,349
,350
,346
,349
,346
,343
,347
,342
,343
,344
,345
,347
,355
,359
2026 05 20 19:24:19.661590,366
,356
,351
,361
,358
,350
,355
,354
,348
,346
,349
,363
,343
,339
2026 05 20 19:24:19.727276,358
,357
,353
,345
,356
,361
,360
,358
,357
,356
,352
,348
,348
,345
2026 05 20 19:24:19.787856,351
,354
,352
,352
,356
,361
,358
,362
,367
,367
,359
,338
,348
,348
2026 05 20 19:24:19.850009,346
,342
,339
,346
,346
,340
,344
,338
,348
,349
,352
,343
,347
,360
2026 05 20 19:24:19.915038,354
,359
,347
,349
,345
,334
,326
,356
,335
,346
,340
,338
,339
,324
2026 05 20 19:24:19.977333,347
,345
,342
,351
,350
,345
,337
,335
,338
,330
,332
,347
,346
,335
2026 05 20 19:24:20.042557,345
,352
,342
,343
,357
,351
,345
,347
,356
,347
,342
,344
,349
,342
2026 05 20 19:24:20.104379,346
,352
,365
,353
,347
,349
,351
,349
,353
,363
,355
,346
,351
,356
2026 05 20 19:24:20.164950,343
,345
,357
,355
,354
,354
,365
,367
,357
,361
,373
,365
,367
,371
2026 05 20 19:24:20.230534,371
,365
,363
,369
,363
,362
,355
,361
,354
,352
,360
,356
,360
,349
2026 05 20 19:24:20.292279,357
,357
,352
,352
,351
,355
,353
,354
,368
,354
,361
,361
,364
,354
2026 05 20 19:24:20.357569,353
,364
,352
,343
,346
,351
,354
,351
,356
,367
,360
,372
,370
,374
2026 05 20 19:24:20.419332,364
,356
,362
,358
,346
,353
,353
,337
,335
,339
,342
,337
,349
,350
2026 05 20 19:24:20.481203,351
,340
,338
,354
,350
,347
,345
,361
,353
,347
,364
,361
,359
,362
2026 05 20 19:24:20.546022,368
,368
,361
,366
,360
,355
,363
,360
,355
,349
,360
,365
,357
,353
2026 05 20 19:24:20.607495,359
,365
,360
,359
,367
,367
,359
,362
,369
,372
,377
,379
,383
,375
2026 05 20 19:24:20.672602,359
,362
,365
,356
,357
,363
,364
,360
,357
,365
,356
,356
,355
,353
2026 05 20 19:24:20.735034,367
,360
,364
,364
,358
,360
,366
,353
,356
,343
,358
,341
,349
,358
2026 05 20 19:24:20.795627,343
,352
,351
,351
,353
,345
,342
,347
,335
,341
,348
,358
,345
,354
2026 05 20 19:24:20.861053,360
,350
,352
,346
,351
,328
,321
,337
,335
,324
,321
,336
,336
,334
2026 05 20 19:24:20.924721,345
,344
,329
,343
,340
,349
,344
,346
,351
,356
,353
,346
,363
,350
2026 05 20 19:24:20.987904,351
,354
,357
,343
,340
,350
,347
,347
,339
,352
,344
,352
,346
,353
2026 05 20 19:24:21.049680,343
,344
,348
,355
,336
,345
,348
,343
,340
,345
,367
,345
,347
,344
2026 05 20 19:24:21.111670,351
,343
,344
,353
,347
,347
,345
,354
,342
,343
,342
,352
,343
,339
2026 05 20 19:24:21.177530,350
,340
,342
,339
,346
,348
,337
,336
,339
,336
,328
,333
,345
,342
2026 05 20 19:24:21.238810,349
,358
,354
,352
,353
,364
,355
,351
,363
,359
,355
,347
,358
,353
2026 05 20 19:24:21.304178,352
,349
,354
,352
,351
,350
,346
,335
,343
,357
,353
,349
,346
,352
2026 05 20 19:24:21.365686,350
,347
,347
,353
,344
,351
,352
,348
,343
,343
,359
,359
,349
,358
2026 05 20 19:24:21.426991,368
,355
,359
,373
,370
,360
,357
,367
,361
,358
,358
,375
,369
,362
2026 05 20 19:24:21.496030,352
,357
,360
,352
,372
,362
,355
,345
,354
,353
,354
,351
,356
,350
2026 05 20 19:24:21.554190,366
,352
,358
,357
,351
,368
,363
,354
,361
,380
,368
,350
,350
,355
2026 05 20 19:24:21.619132,348
,356
,363
,362
,359
,360
,365
,360
,355
,348
,359
,348
,350
,357
2026 05 20 19:24:21.680108,357
,337
,338
,353
,344
,349
,351
,349
,335
,344
,327
,328
,343
,336
2026 05 20 19:24:21.745286,344
,337
,348
,346
,341
,341
,343
,349
,354
,350
,352
,344
,350
,347
2026 05 20 19:24:21.809402,331
,365
,360
,340
,342
,361
,344
,346
,343
,354
,353
,351
,356
,343
2026 05 20 19:24:21.869457,357
,352
,359
,343
,347
,359
,361
,353
,351
,355
,345
,338
,342
,342
2026 05 20 19:24:21.930419,345
,343
,349
,347
,345
,346
,350
,351
,340
,353
,345
,348
,347
,349
2026 05 20 19:24:21.996635,347
,366
,345
,345
,348
,345
,359
,360
,350
,349
,359
,363
,353
,350
2026 05 20 19:24:22.057840,359
,355
,350
,356
,354
,358
,350
,341
,358
,347
,341
,350
,356
,339
2026 05 20 19:24:22.122499,326
,340
,334
,331
,333
,331
,325
,336
,335
,339
,339
,354
,356
,366
2026 05 20 19:24:22.184484,350
,351
,350
,355
,353
,350
,356
,349
,340
,347
,355
,342
,343
,349
2026 05 20 19:24:22.246116,357
,351
,349
,379
,365
,344
,370
,354
,365
,352
,366
,368
,354
,356
2026 05 20 19:24:22.311563,376
,347
,343
,356
,360
,350
,347
,348
,367
,354
,348
,348
,354
,367
2026 05 20 19:24:22.372557,353
,354
,347
,343
,348
,355
,355
,343
,352
,350
,357
,344
,355
,354
2026 05 20 19:24:22.438832,366
,371
,370
,361
,358
,361
,366
,350
,347
,353
,362
,357
,364
,362
2026 05 20 19:24:22.500045,338
,341
,347
,353
,347
,350
,352
,343
,332
,334
,346
,336
,332
,342
2026 05 20 19:24:22.561575,347
,343
,349
,360
,357
,354
,356
,364
,361
,359
,362
,369
,363
,361
2026 05 20 19:24:22.627256,358
,367
,365
,361
,365
,367
,358
,354
,360
,353
,359
,372
,368
,367
2026 05 20 19:24:22.687991,367
,373
,366
,359
,357
,368
,357
,354
,360
,357
,355
,352
,366
,360
2026 05 20 19:24:22.754567,364
,361
,372
,358
,349
,370
,377
,367
,360
,369
,374
,366
,364
,373
2026 05 20 19:24:22.815911,368
,357
,370
,372
,368
,364
,363
,372
,367
,362
,367
,356
,361
,359
2026 05 20 19:24:22.876589,359
,362
,355
,365
,372
,366
,365
,372
,370
,359
,364
,380
,366
,363
2026 05 20 19:24:22.942700,371
,375
,368
,368
,373
,371
,364
,361
,372
,368
,359
,362
,374
,367
2026 05 20 19:24:23.003420,358
,363
,362
,361
,357
,369
,368
,361
,358
,370
,362
,355
,358
,354
2026 05 20 19:24:23.069873,355
,352
,359
,359
,347
,347
,358
,352
,350
,356
,358
,352
,353
,361
2026 05 20 19:24:23.131099,365
,348
,351
,356
,348
,349
,351
,361
,344
,350
,356
,360
,348
,350
2026 05 20 19:24:23.192214,354
,350
,348
,346
,352
,342
,342
,357
,358
,353
,350
,366
,357
,356
2026 05 20 19:24:23.257218,357
,365
,359
,351
,353
,362
,352
,352
,363
,363
,355
,358
,365
,360
2026 05 20 19:24:23.319490,360
,361
,368
,365
,363
,373
,368
,357
,360
,371
,366
,351
,351
,358
2026 05 20 19:24:23.384856,346
,351
,361
,357
,357
,356
,359
,353
,349
,352
,355
,355
,350
,352
2026 05 20 19:24:23.446500,360
,352
,349
,355
,358
,348
,349
,364
,357
,352
,359
,360
,358
,352
2026 05 20 19:24:23.507126,357
,356
,345
,333
,347
,340
,335
,343
,350
,345
,341
,347
,350
,345
2026 05 20 19:24:23.572933,340
,344
,341
,334
,344
,353
,346
,336
,345
,348
,341
,334
,344
,350
2026 05 20 19:24:23.634884,350
,346
,353
,344
,347
,351
,358
,349
,341
,351
,358
,344
,343
,348
2026 05 20 19:24:23.699303,351
,349
,352
,354
,344
,346
,350
,350
,339
,339
,353
,349
,348
,355
2026 05 20 19:24:23.761801,360
,359
,355
,352
,358
,348
,344
,352
,351
,346
,349
,359
,353
,343
2026 05 20 19:24:23.822805,354
,355
,348
,345
,352
,351
,339
,337
,346
,343
,337
,339
,343
,334
2026 05 20 19:24:23.887933,326
,330
,345
,337
,331
,336
,337
,336
,339
,350
,342
,335
,343
,345
2026 05 20 19:24:23.949416,331
,331
,337
,335
,341
,343
,346
,344
,337
,342
,346
,338
,337
,347
2026 05 20 19:24:24.015254,346
,344
,339
,345
,329
,332
,343
,351
,339
,333
,335
,341
,343
,333
2026 05 20 19:24:24.076993,335
,351
,348
,348
,344
,352
,339
,345
,349
,345
,339
,342
,339
,331
2026 05 20 19:24:24.138446,340
,347
,349
,342
,340
,351
,343
,346
,350
,345
,344
,344
,344
,337
2026 05 20 19:24:24.204496,337
,354
,352
,348
,342
,350
,347
,348
,344
,359
,350
,351
,351
,360
2026 05 20 19:24:24.265841,357
,348
,356
,342
,343
,343
,350
,346
,346
,336
,351
,347
,338
,352
2026 05 20 19:24:24.330041,360
,355
,353
,361
,366
,361
,347
,358
,349
,345
,349
,353
,339
,338
2026 05 20 19:24:24.392380,349
,349
,345
,345
,345
,347
,340
,347
,351
,347
,342
,345
,348
,343
2026 05 20 19:24:24.453524,336
,354
,347
,340
,341
,346
,336
,335
,351
,351
,333
,347
,354
,348
2026 05 20 19:24:24.519102,348
,347
,355
,346
,341
,340
,350
,347
,352
,361
,359
,346
,357
,364
2026 05 20 19:24:24.580066,361
,361
,361
,360
,356
,351
,358
,358
,352
,351
,367
,359
,346
,351
2026 05 20 19:24:24.646595,359
,349
,333
,343
,342
,333
,340
,348
,351
,340
,341
,352
,347
,346
2026 05 20 19:24:24.707263,347
,348
,342
,339
,350
,349
,343
,344
,349
,349
,340
,345
,352
,351
2026 05 20 19:24:24.769448,356
,359
,359
,351
,355
,362
,357
,351
,359
,359
,364
,359
,360
,363
2026 05 20 19:24:24.834314,361
,356
,360
,358
,354
,351
,361
,352
,346
,351
,360
,346
,353
,354
2026 05 20 19:24:24.896486,352
,355
,348
,351
,350
,340
,352
,352
,343
,343
,340
,346
,349
,346
2026 05 20 19:24:24.961871,347
,370
,361
,353
,355
,344
,339
,333
,347
,348
,347
,339
,361
,349
2026 05 20 19:24:25.022491,346
,359
,352
,346
,354
,360
,346
,350
,352
,355
,347
,343
,346
,346
2026 05 20 19:24:25.084160,348
,348
,352
,347
,338
,352
,359
,347
,342
,349
,353
,343
,344
,347
2026 05 20 19:24:25.149477,344
,339
,344
,346
,344
,343
,341
,332
,334
,334
,344
,348
,345
,338
2026 05 20 19:24:25.211908,348
,349
,340
,352
,355
,345
,329
,346
,336
,342
,344
,351
,348
,335
2026 05 20 19:24:25.277251,345
,359
,346
,332
,365
,350
,357
,348
,354
,340
,347
,342
,364
,352
2026 05 20 19:24:25.338755,356
,350
,366
,352
,342
,350
,346
,356
,348
,350
,343
,356
,360
,356
2026 05 20 19:24:25.399929,354
,344
,358
,348
,343
,351
,343
,345
,337
,343
,363
,338
,337
,354
2026 05 20 19:24:25.466222,348
,342
,339
,347
,340
,345
,350
,349
,343
,347
,355
,348
,336
,345
2026 05 20 19:24:25.527815,356
,349
,339
,354
,354
,342
,340
,355
,356
,342
,343
,344
,349
,349
2026 05 20 19:24:25.592314,344
,356
,352
,347
,367
,364
,361
,345
,343
,353
,338
,344
,362
,351
2026 05 20 19:24:25.654071,358
,349
,358
,350
,355
,355
,361
,353
,357
,374
,353
,360
,353
,368
2026 05 20 19:24:25.715315,353
,352
,358
,361
,362
,352
,362
,357
,351
,353
,357
,347
,335
,350
2026 05 20 19:24:25.780471,357
,342
,334
,341
,333
,340
,343
,341
,338
,336
,330
,349
,348
,350
2026 05 20 19:24:25.842250,358
,354
,348
,347
,356
,349
,344
,344
,354
,339
,350
,354
,354
,347
2026 05 20 19:24:25.907729,353
,360
,358
,356
,355
,368
,352
,357
,362
,360
,348
,337
,354
,358
2026 05 20 19:24:25.969859,352
,343
,355
,358
,347
,354
,357
,346
,348
,357
,357
,357
,357
,361
2026 05 20 19:24:26.031861,366
,350
,369
,369
,352
,350
,359
,362
,351
,358
,358
,367
,365
,361
2026 05 20 19:24:26.096918,374
,364
,359
,359
,365
,360
,352
,359
,368
,363
,371
,371
,367
,374
2026 05 20 19:24:26.157473,369
,374
,355
,360
,366
,366
,355
,358
,355
,354
,352
,354
,363
,348
2026 05 20 19:24:26.219114,349
,358
,363
,348
,360
,366
,365
,364
,361
,362
,356
,347
,352
,358
2026 05 20 19:24:26.285109,348
,343
,349
,349
,347
,346
,353
,350
,348
,348
,351
,351
,345
,352
2026 05 20 19:24:26.345464,351
,347
,350
,354
,356
,354
,353
,363
,359
,352
,357
,362
,356
,351
2026 05 20 19:24:26.411783,360
,350
,348
,350
,352
,343
,340
,337
,339
,330
,323
,335
,331
,333
2026 05 20 19:24:26.473247,335
,340
,334
,326
,340
,340
,336
,338
,353
,349
,345
,340
,354
,347
2026 05 20 19:24:26.534325,340
,349
,358
,351
,344
,345
,358
,352
,348
,356
,354
,350
,352
,355
2026 05 20 19:24:26.599204,346
,348
,353
,351
,343
,337
,343
,341
,333
,335
,340
,335
,329
,337
2026 05 20 19:24:26.663248,344
,345
,346
,352
,350
,347
,351
,352
,343
,342
,347
,355
,344
,349
2026 05 20 19:24:26.727200,353
,354
,349
,351
,352
,347
,345
,350
,367
,353
,350
,355
,359
,350
2026 05 20 19:24:26.787617,351
,361
,361
,347
,356
,361
,354
,351
,355
,357
,353
,348
,357
,350
2026 05 20 19:24:26.849932,347
,351
,359
,350
,355
,355
,365
,357
,354
,358
,361
,356
,358
,365
2026 05 20 19:24:26.915971,352
,347
,354
,352
,348
,348
,356
,355
,349
,342
,360
,357
,346
,349
2026 05 20 19:24:26.976208,360
,346
,340
,345
,345
,334
,326
,342
,341
,336
,341
,351
,354
,347
2026 05 20 19:24:27.042626,346
,354
,346
,344
,349
,350
,349
,338
,348
,349
,342
,347
,353
,349
2026 05 20 19:24:27.104254,347
,351
,359
,347
,350
,353
,350
,347
,350
,358
,352
,341
,347
,352
2026 05 20 19:24:27.165082,345
,345
,352
,353
,355
,353
,360
,358
,361
,362
,359
,352
,349
,352
2026 05 20 19:24:27.230634,352
,354
,353
,356
,353
,343
,347
,352
,346
,342
,352
,359
,355
,355
2026 05 20 19:24:27.292146,367
,364
,356
,360
,361
,354
,347
,356
,353
,345
,344
,353
,352
,349
2026 05 20 19:24:27.357737,350
,358
,355
,355
,358
,360
,355
,356
,357
,364
,351
,352
,354
,351
2026 05 20 19:24:27.419329,342
,346
,348
,350
,346
,345
,346
,345
,340
,356
,357
,352
,354
,361
2026 05 20 19:24:27.480178,352
,353
,358
,363
,345
,351
,357
,351
,348
,347
,355
,353
,350
,348
2026 05 20 19:24:27.546437,349
,349
,355
,367
,365
,351
,357
,364
,364
,354
,355
,361
,357
,353
2026 05 20 19:24:27.607625,371
,367
,366
,358
,368
,361
,351
,353
,348
,350
,353
,357
,354
,344
2026 05 20 19:24:27.672811,337
,337
,323
,321
,325
,330
,330
,338
,340
,352
,345
,343
,344
,340
2026 05 20 19:24:27.734820,344
,346
,355
,350
,341
,349
,354
,346
,345
,351
,353
,347
,355
,360
2026 05 20 19:24:27.795533,362
,353
,355
,362
,363
,371
,376
,369
,343
,338
,347
,351
,342
,341
2026 05 20 19:24:27.861581,351
,338
,335
,334
,343
,346
,350
,356
,345
,360
,367
,342
,334
,337
2026 05 20 19:24:27.923483,338
,355
,349
,343
,353
,356
,349
,343
,360
,358
,354
,358
,361
,359
2026 05 20 19:24:27.988747,358
,362
,378
,376
,372
,368
,346
,358
,360
,367
,368
,379
,388
,384
2026 05 20 19:24:28.050361,373
,373
,374
,368
,372
,355
,357
,363
,363
,370
,377
,372
,358
,377
2026 05 20 19:24:28.112157,384
,360
,339
,357
,359
,357
,347
,352
,341
,349
,361
,374
,356
,355
2026 05 20 19:24:28.176865,356
,359
,372
,363
,364
,368
,358
,365
,365
,363
,361
,350
,367
,352
2026 05 20 19:24:28.238227,353
,341
,357
,360
,352
,371
,369
,349
,360
,374
,360
,348
,355
,367
2026 05 20 19:24:28.304029,364
,364
,347
,337
,317
,363
,379
,367
,356
,387
,384
,361
,356
,392
2026 05 20 19:24:28.365592,377
,370
,399
,351
,323
,359
,348
,343
,360
,336
,335
,375
,382
,377
2026 05 20 19:24:28.427116,341
,339
,331
,366
,406
,384
,350
,363
,368
,338
,339
,329
,309
,333
2026 05 20 19:24:28.493423,371
,367
,344
,341
,374
,395
,388
,372
,367
,355
,342
,368
,382
,341
2026 05 20 19:24:28.553216,264
,347
,251
,438
,328
,303
,375
,391
,336
,290
,359
,415
,374
,349
2026 05 20 19:24:28.619083,391
,397
,370
,371
,389
,404
,381
,358
,373
,393
,380
,380
,391
,409
2026 05 20 19:24:28.680254,380
,367
,380
,389
,402
,405
,381
,393
,389
,394
,390
,348
,335
,335
2026 05 20 19:24:28.742842,324
,274
,285
,281
,279
,301
,312
,284
,306
,314
,307
,309
,310
,330
2026 05 20 19:24:28.807211,311
,325
,338
,345
,340
,330
,321
,316
,340
,332
,325
,327
,322
,330
2026 05 20 19:24:28.869436,347
,349
,367
,366
,354
,355
,380
,387
,385
,397
,400
,404
,416
,391
2026 05 20 19:24:28.934870,400
,428
,404
,412
,424
,422
,420
,406
,416
,417
,421
,417
,435
,426
2026 05 20 19:24:28.996254,416
,434
,419
,421
,452
,452
,434
,431
,431
,432
,436
,418
,433
,436
2026 05 20 19:24:29.061536,426
,409
,419
,429
,418
,420
,423
,408
,423
,427
,405
,411
,399
,402
2026 05 20 19:24:29.124444,414
,419
,419
,421
,429
,432
,431
,426
,431
,434
,435
,418
,421
,405
2026 05 20 19:24:29.184766,406
,412
,406
,386
,379
,392
,398
,388
,392
,413
,384
,381
,377
,378
2026 05 20 19:24:29.250067,379
,399
,378
,364
,362
,361
,361
,364
,354
,350
,360
,351
,355
,353
2026 05 20 19:24:29.311558,359
,334
,326
,333
,326
,310
,313
,288
,268
,251
,255
,245
,236
,236
2026 05 20 19:24:29.372930,217
,220
,213
,196
,190
,192
,185
,160
,138
,116
,114
,96
,71
,59
2026 05 20 19:24:29.438535,43
,37
,9
,0
,0
,0
,0
,0
,0
,0
,0
,0
,0
,0
2026 05 20 19:24:29.500272,0
,0
,0
,0
,0
,0
,0
,0
,0
,0
,0
,0
,0
,0
2026 05 20 19:24:29.564883,0
,0
,0
,0
,0
,0
,0
,0
,0
,0
,0
,0
,0
,0
2026 05 20 19:24:29.626116,0
,0
,0
,0
,0
,0
,0
,0
,0
,0
,0
,0
,0
,0
2026 05 20 19:24:29.687625,0
,0
,0
,0
,0
,0
,0
,0
,0
,0
,0
,0
,0
,0
2026 05 20 19:24:29.753200,0
,0
,0
,0
,0
,0
,0
,0
,0
,0
,0
,0
,0
,0
2026 05 20 19:24:29.815848,0
,0
,0
,0
,0
,0
,0
,0
,0
,0
,0
,0
,0
,0
2026 05 20 19:24:29.881016,0
,0
,0
,0
,0
,0
,0
,0
,0
,0
,0
,0
,0
,0
2026 05 20 19:24:29.942467,0
,0
,0
,0
,0
,0
,0
,0
,0
,0
,0
,0
,0
,0
2026 05 20 19:24:30.003859,0
,0
,0
,0
,0
,0
,0
,0
,0
,0
,0
,0
,0
,0
2026 05 20 19:24:30.069330,0
,0
,0
,0
,0
,0
,0
,0
,0
,0
,0
,0
,0
,0
2026 05 20 19:24:30.130168,0
,0
,0
,0
,0
,0
,0
,0
,0
,0
,0
,0
,0
,0
2026 05 20 19:24:30.192546,14
,47
,57
,91
,120
,136
,146
,197
,209
,226
,239
,271
,266
,281
2026 05 20 19:24:30.258174,302
,326
,338
,378
,410
,424
,426
,427
,433
,457
,472
,470
,496
,522
2026 05 20 19:24:30.319140,546
,564
,585
,588
,600
,567
,585
,600
,600
,600
,600
,600
,601
,600
2026 05 20 19:24:30.384845,600
,600
,601
,600
,600
,601
,600
,599
,601
,599
,601
,601
,600
,600
2026 05 20 19:24:30.446350,601
,601
,601
,600
,599
,601
,600
,600
,599
,601
,601
,598
,601
,600
2026 05 20 19:24:30.507705,600
,601
,600
,600
,599
,601
,601
,600
,600
,600
,601
,601
,600
,600
2026 05 20 19:24:30.573165,600
,600
,601
,600
,600
,599
,600
,601
,600
,600
,603
,599
,600
,599
2026 05 20 19:24:30.634817,601
,601
,601
,600
,600
,599
,601
,601
,600
,600
,599
,601
,601
,600
2026 05 20 19:24:30.700578,601
,601
,599
,601
,601
,600
,600
,599
,601
,601
,600
,600
,600
,600
2026 05 20 19:24:30.761769,600
,600
,600
,601
,601
,600
,600
,599
,601
,601
,600
,600
,600
,601
2026 05 20 19:24:30.822337,601
,600
,600
,600
,600
,599
,601
,601
,600
,600
,600
,600
,599
,601
2026 05 20 19:24:30.888619,600
,599
,600
,600
,601
,601
,600
,600
,599
,601
,600
,601
,601
,600
2026 05 20 19:24:30.949218,601
,601
,601
,601
,600
,600
,600
,601
,601
,600
,598
,601
,600
,600
2026 05 20 19:24:31.014984,602
,601
,599
,601
,601
,600
,600
,599
,601
,601
,600
,600
,601
,600
2026 05 20 19:24:31.076519,601
,601
,601
,600
,600
,599
,601
,601
,600
,603
,600
,600
,600
,600
2026 05 20 19:24:31.138107,601
,601
,600
,601
,600
,599
,601
,601
,600
,600
,599
,601
,601
,600
2026 05 20 19:24:31.203995,600
,600
,601
,601
,601
,600
,600
,600
,601
,600
,600
,600
,601
,601
2026 05 20 19:24:31.264798,600
,600
,600
,600
,600
,601
,600
,600
,601
,600
,600
,599
,601
,600
2026 05 20 19:24:31.330762,602
,601
,599
,601
,600
,599
,601
,601
,600
,601
,600
,600
,601
,601
2026 05 20 19:24:31.392371,601
,601
,601
,601
,600
,600
,599
,601
,601
,600
,601
,601
,600
,599
2026 05 20 19:24:31.452504,601
,601
,600
,600
,600
,600
,601
,600
,600
,598
,600
,601
,601
,600
2026 05 20 19:24:31.519423,601
,601
,601
,601
,600
,600
,599
,600
,600
,601
,601
,600
,601
,601
2026 05 20 19:24:31.580625,600
,600
,600
,599
,601
,601
,600
,600
,603
,599
,601
,601
,600
,601
2026 05 20 19:24:31.646396,601
,600
,600
,600
,601
,601
,600
,600
,599
,600
,600
,601
,601
,600
2026 05 20 19:24:31.707829,600
,600
,600
,600
,601
,600
,600
,601
,600
,601
,600
,599
,601
,601
2026 05 20 19:24:31.768526,600
,600
,600
,599
,600
,600
,599
,601
,601
,600
,600
,600
,600
,599
2026 05 20 19:24:31.834240,599
,599
,600
,600
,601
,601
,600
,601
,600
,601
,601
,600
,601
,600
2026 05 20 19:24:31.896235,600
,600
,600
,600
,601
,600
,600
,599
,600
,600
,599
,601
,601
,601
2026 05 20 19:24:31.960741,601
,601
,601
,600
,601
,601
,600
,599
,598
,601
,601
,600
,600
,600
2026 05 20 19:24:32.023460,600
,599
,599
,601
,600
,601
,601
,600
,600
,599
,600
,600
,599
,601
2026 05 20 19:24:32.084116,601
,601
,600
,600
,600
,599
,601
,604
,600
,600
,600
,601
,601
,600
2026 05 20 19:24:32.150063,601
,601
,600
,601
,601
,600
,600
,601
,600
,600
,599
,600
,600
,600
2026 05 20 19:24:32.210847,599
,599
,599
,601
,601
,600
,600
,601
,601
,601
,600
,600
,599
,600
2026 05 20 19:24:32.276124,600
,600
,600
,600
,601
,600
,600
,600
,601
,599
,601
,601
,600
,599
2026 05 20 19:24:32.338096,600
,599
,599
,601
,600
,601
,600
,599
,600
,600
,600
,600
,600
,600
2026 05 20 19:24:32.399777,601
,601
,601
,600
,600
,599
,600
,600
,599
,601
,601
,597
,539
,499
2026 05 20 19:24:32.465578,452
,412
,372
,332
,289
,241
,211
,179
,123
,91
,68
,30
,1
,0
2026 05 20 19:24:32.526730,0
,0
,0
,0
,0
,0
,0
,0
,0
,0
,0
,0
,0
,0
2026 05 20 19:24:32.592667,0
,0
,0
,0
,0
,0
,0
,0
,0
,0
,0
,0
,0
,0
2026 05 20 19:24:32.653472,0
,0
,0
,0
,0
,0
,0
,0
,0
,0
,0
,0
,0
,0
2026 05 20 19:24:32.715007,0
,0
,0
,0
,0
,0
,0
,0
,0
,0
,0
,0
,0
,0
2026 05 20 19:24:32.780376,0
,0
,0
,0
,0
,0
,0
,0
,0
,0
,0
,0
,0
,0
2026 05 20 19:24:32.842160,0
,0
,0
,0
,0
,0
,0
,0
,0
,0
,0
,0
,0
,0
2026 05 20 19:24:32.907939,0
,0
,0
,0
,0
,0
,0
,0
,0
,0
,0
,0
,0
,0
2026 05 20 19:24:32.969415,0
,0
,0
,0
,0
,0
,0
,0
,0
,0
,0
,0
,0
,0
2026 05 20 19:24:33.030230,0
,0
,0
,0
,0
,0
,0
,0
,0
,0
,0
,0
,0
,0
2026 05 20 19:24:33.096715,0
,0
,0
,0
,0
,0
,0
,0
,0
,0
,0
,0
,0
,0
2026 05 20 19:24:33.157227,0
,0
,0
,0
,0
,0
,0
,0
,0
,0
,0
,0
,0
,0
2026 05 20 19:24:33.222387,0
,0
,0
,0
,0
,0
,0
,0
,0
,0
,0
,0
,0
,0
2026 05 20 19:24:33.284793,0
,0
,0
,0
,0
,0
,0
,0
,0
,0
,0
,0
,0
,0
2026 05 20 19:24:33.345526,0
,0
,0
,0
,0
,0
,0
,0
,0
,0
,0
,0
,0
,0
2026 05 20 19:24:33.411418,0
,0
,0
,0
,0
,0
,0
,0
,0
,0
,0
,0
,0
,0
2026 05 20 19:24:33.473062,0
,0
,0
,0
,0
,0
,0
,0
,0
,0
,0
,0
,0
,0
2026 05 20 19:24:33.538737,0
,0
,0
,0
,0
,0
,0
,0
,0
,0
,0
,0
,0
,0
2026 05 20 19:24:33.600103,0
,0
,0
,0
,0
,0
,0
,0
,0
,0
,0
,0
,0
,0
2026 05 20 19:24:33.660891,0
,0
,0
,0
,0
,0
,0
,0
,0
,0
,0
,0
,0
,0
2026 05 20 19:24:33.726910,0
,0
,0
,28
,55
,101
,127
,123
,166
,171
,193
,204
,208
,243
2026 05 20 19:24:33.788470,269
,290
,299
,277
,283
,254
,303
,333
,401
,400
,418
,421
,431
,453
2026 05 20 19:24:33.849876,459
,475
,504
,502
,504
,519
,515
,494
,530
,557
,549
,513
,518
,557
2026 05 20 19:24:33.915484,565
,582
,592
,598
,601
,600
,600
,601
,599
,601
,601
,600
,601
,600
2026 05 20 19:24:33.976581,601
,601
,601
,600
,597
,601
,600
,601
,601
,600
,599
,601
,600
,600
2026 05 20 19:24:34.042285,600
,600
,600
,600
,601
,600
,600
,601
,600
,599
,600
,599
,601
,601
2026 05 20 19:24:34.104104,601
,600
,600
,603
,599
,599
,600
,600
,601
,601
,600
,601
,600
,600
2026 05 20 19:24:34.164687,595
,575
,558
,537
,509
,497
,476
,469
,416
,369
,352
,328
,309
,288
2026 05 20 19:24:34.230559,249
,232
,216
,206
,188
,173
,165
,153
,144
,140
,140
,111
,100
,93
2026 05 20 19:24:34.292350,92
,47
,58
,73
,84
,58
,44
,65
,63
,60
,67
,74
,80
,90
2026 05 20 19:24:34.356759,98
,92
,110
,129
,108
,99
,96
,123
,142
,168
,177
,187
,198
,208
2026 05 20 19:24:34.418390,223
,245
,258
,293
,332
,335
,345
,383
,420
,451
,454
,498
,561
,598
2026 05 20 19:24:34.480377,599
,599
,599
,597
,599
,601
,600
,601
,600
,600
,600
,601
,600
,601
2026 05 20 19:24:34.546158,601
,601
,600
,601
,600
,600
,602
,601
,601
,601
,600
,599
,601
,599
2026 05 20 19:24:34.607317,599
,599
,602
,599
,600
,599
,601
,601
,600
,601
,600
,600
,601
,601
2026 05 20 19:24:34.673326,601
,601
,600
,601
,600
,601
,600
,600
,600
,601
,600
,601
,600
,599
2026 05 20 19:24:34.734568,600
,601
,601
,600
,601
,600
,601
,601
,600
,601
,600
,599
,601
,601
2026 05 20 19:24:34.796111,601
,600
,600
,600
,600
,601
,600
,600
,601
,601
,600
,600
,601
,601
2026 05 20 19:24:34.861475,562
,598
,600
,601
,600
,600
,599
,597
,491
,521
,511
,435
,303
,357
2026 05 20 19:24:34.923280,336
,289
,227
,184
,139
,108
,79
,43
,18
,1
,0
,0
,0
,0
2026 05 20 19:24:34.988173,0
,0
,0
,0
,0
,0
,0
,0
,0
,0
,0
,0
,0
,0
2026 05 20 19:24:35.049232,0
,0
,0
,0
,0
,0
,0
,0
,0
,0
,0
,0
,0
,0
2026 05 20 19:24:35.110695,0
,0
,0
,0
,0
,0
,0
,0
,0
,0
,0
,0
,0
,0
2026 05 20 19:24:35.176926,0
,0
,0
,0
,0
,0
,0
,0
,0
,0
,0
,0
,0
,0
2026 05 20 19:24:35.238288,0
,0
,0
,0
,0
,0
,0
,0
,0
,0
,0
,0
,0
,0
2026 05 20 19:24:35.302987,0
,0
,0
,0
,0
,0
,0
,0
,0
,0
,0
,0
,0
,0
2026 05 20 19:24:35.365351,0
,0
,0
,0
,0
,0
,0
,0
,0
,0
,0
,0
,0
,0
2026 05 20 19:24:35.426424,0
,0
,0
,0
,0
,0
,0
,0
,0
,0
,0
,0
,0
,0
2026 05 20 19:24:35.491485,0
,0
,0
,0
,0
,0
,0
,0
,0
,0
,0
,0
,0
,0
2026 05 20 19:24:35.553515,0
,0
,0
,0
,0
,0
,0
,0
,0
,0
,0
,0
,0
,0
2026 05 20 19:24:35.619235,0
,0
,0
,0
,0
,0
,0
,0
,0
,0
,0
,0
,0
,0
2026 05 20 19:24:35.680725,0
,0
,0
,0
,0
,0
,0
,0
,0
,0
,0
,0
,0
,0
2026 05 20 19:24:35.742083,0
,0
,0
,0
,0
,0
,0
,0
,0
,0
,0
,0
,0
,0
2026 05 20 19:24:35.807703,0
,0
,0
,0
,0
,0
,0
,0
,0
,0
,0
,0
,0
,0
2026 05 20 19:24:35.868866,0
,0
,0
,0
,0
,0
,0
,0
,0
,0
,0
,0
,0
,0
2026 05 20 19:24:35.934587,0
,0
,0
,0
,0
,0
,0
,0
,0
,0
,0
,0
,0
,0
2026 05 20 19:24:35.996150,0
,0
,0
,0
,0
,0
,0
,0
,0
,0
,0
,0
,0
,0
2026 05 20 19:24:36.056800,0
,0
,0
,0
,0
,0
,0
,0
,0
,0
,0
,0
,0
,0
2026 05 20 19:24:36.123053,0
,0
,0
,0
,0
,0
,0
,0
,0
,0
,0
,0
,0
,0
2026 05 20 19:24:36.184094,0
,0
,0
,0
,0
,0
,0
,0
,0
,0
,0
,0
,0
,0
2026 05 20 19:24:36.249883,0
,0
,0
,0
,0
,0
,0
,0
,0
,0
,0
,0
,0
,0
2026 05 20 19:24:36.311311,0
,0
,0
,0
,0
,0
,0
,0
,0
,0
,0
,0
,0
,0
2026 05 20 19:24:36.372714,0
,0
,0
,0
,0
,0
,0
,0
,0
,0
,0
,0
,0
,0
2026 05 20 19:24:36.438585,0
,0
,0
,0
,0
,0
,0
,0
,0
,0
,0
,0
,0
,0
2026 05 20 19:24:36.499835,0
,0
,0
,0
,0
,0
,0
,0
,0
,0
,0
,0
,0
,0
2026 05 20 19:24:36.565462,0
,0
,0
,0
,0
,0
,0
,0
,0
,0
,0
,0
,0
,0
2026 05 20 19:24:36.626867,0
,0
,0
,0
,0
,0
,0
,0
,0
,0
,0
,0
,0
,0
2026 05 20 19:24:36.687872,0
,0
,0
,0
,0
,0
,0
,0
,0
,0
,0
,0
,0
,0
2026 05 20 19:24:36.764315,0
,0
,0
,0
,0
,0
,0
,0
,0
,0
,0
,17
,11
,7
2026 05 20 19:24:36.826997,15
,24
,15
,27
,36
,24
,34
,30
,47
,40
,32
,37
,31
,47
2026 05 20 19:24:36.880755,34
,42
,59
,60
,42
,65
,68
,65
,71
,81
,90
,94
,96
,86
2026 05 20 19:24:36.941746,90
,97
,89
,78
,77
,74
,82
,94
,83
,96
,99
,115
,114
,124
2026 05 20 19:24:37.002869,115
,125
,122
,125
,126
,117
,125
,125
,119
,116
,117
,134
,136
,129
2026 05 20 19:24:37.069104,136
,141
,145
,152
,165
,159
,145
,158
,160
,159
,169
,167
,148
,138
2026 05 20 19:24:37.130626,139
,135
,148
,145
,152
,162
,176
,165
,167
,167
,175
,193
,192
,177
2026 05 20 19:24:37.196326,184
,199
,199
,203
,195
,205
,201
,207
,214
,214
,222
,225
,225
,229
2026 05 20 19:24:37.256816,239
,242
,252
,257
,264
,255
,263
,271
,276
,260
,275
,273
,287
,280
2026 05 20 19:24:37.317931,282
,290
,286
,293
,304
,313
,315
,316
,325
,325
,326
,325
,328
,324
2026 05 20 19:24:37.384258,325
,328
,334
,334
,331
,334
,341
,333
,306
,311
,300
,299
,206
,284
2026 05 20 19:24:37.447321,316
,328
,328
,334
,329
,324
,331
,333
,326
,321
,334
,337
,344
,352
2026 05 20 19:24:37.511271,361
,357
,351
,359
,361
,354
,352
,364
,354
,355
,359
,367
,364
,355
2026 05 20 19:24:37.572397,345
,348
,363
,354
,362
,352
,341
,386
,380
,361
,362
,365
,372
,359
2026 05 20 19:24:37.634340,359
,366
,377
,355
,376
,360
,386
,369
,387
,388
,376
,365
,356
,359
