time,mV

2026 06 19 17:59:27.301853,324
,376
,353
,311
,348
,383
,334
,315
,363
,385
,335
,331
,385
,370
2026 06 19 17:59:27.367070,321
,345
,389
,349
,311
,345
,382
,335
,320
,375
,359
,309
,342
,386
2026 06 19 17:59:27.429021,361
,320
,361
,390
,347
,324
,376
,374
,321
,325
,377
,353
,313
,345
2026 06 19 17:59:27.491295,383
,339
,319
,357
,377
,337
,330
,388
,367
,318
,337
,394
,350
,315
2026 06 19 17:59:27.555925,355
,377
,337
,327
,380
,374
,321
,333
,378
,344
,308
,346
,383
,341
2026 06 19 17:59:27.617665,325
,376
,374
,324
,328
,384
,361
,320
,344
,382
,342
,315
,376
,381
2026 06 19 17:59:27.682856,332
,332
,393
,373
,324
,349
,395
,355
,322
,368
,383
,334
,321
,379
2026 06 19 17:59:27.744420,372
,320
,336
,386
,351
,319
,357
,382
,341
,318
,373
,374
,321
,330
2026 06 19 17:59:27.805395,381
,357
,318
,350
,382
,340
,319
,366
,377
,323
,326
,381
,367
,323
2026 06 19 17:59:27.871573,345
,382
,340
,304
,351
,375
,322
,312
,367
,361
,318
,332
,371
,332
2026 06 19 17:59:27.932656,321
,367
,385
,331
,323
,378
,374
,325
,337
,390
,363
,318
,359
,391
2026 06 19 17:59:27.998481,342
,321
,371
,378
,331
,330
,387
,369
,327
,357
,396
,353
,321
,365
2026 06 19 17:59:28.060261,380
,342
,341
,391
,376
,326
,345
,389
,357
,325
,359
,375
,338
,330
2026 06 19 17:59:28.121597,378
,376
,325
,330
,391
,361
,317
,355
,381
,336
,328
,372
,372
,324
2026 06 19 17:59:28.186833,332
,385
,362
,316
,341
,381
,339
,318
,363
,371
,309
,313
,379
,370
2026 06 19 17:59:28.248772,323
,341
,384
,354
,315
,354
,378
,331
,322
,374
,361
,311
,332
,369
2026 06 19 17:59:28.313611,348
,313
,353
,380
,334
,319
,380
,375
,323
,340
,387
,363
,314
,346
2026 06 19 17:59:28.375298,389
,347
,317
,360
,372
,326
,324
,383
,367
,314
,338
,380
,351
,319
2026 06 19 17:59:28.436739,359
,378
,327
,308
,370
,375
,325
,334
,381
,347
,311
,347
,385
,336
2026 06 19 17:59:28.502245,307
,367
,375
,326
,333
,385
,360
,318
,342
,378
,350
,329
,373
,380
2026 06 19 17:59:28.563810,335
,334
,379
,364
,327
,352
,395
,350
,318
,361
,380
,328
,321
,386
2026 06 19 17:59:28.629379,380
,324
,344
,396
,364
,321
,359
,380
,337
,320
,370
,373
,324
,335
2026 06 19 17:59:28.690626,382
,358
,319
,354
,384
,342
,323
,368
,376
,326
,327
,382
,356
,311
2026 06 19 17:59:28.752710,341
,387
,350
,317
,357
,371
,326
,326
,380
,366
,320
,348
,398
,359
2026 06 19 17:59:28.817709,323
,366
,388
,335
,327
,380
,370
,322
,337
,388
,351
,302
,359
,392
2026 06 19 17:59:28.878816,342
,317
,377
,375
,327
,344
,394
,374
,318
,344
,389
,349
,322
,368
2026 06 19 17:59:28.944863,380
,329
,326
,374
,367
,322
,342
,388
,351
,317
,361
,390
,348
,328
2026 06 19 17:59:29.006361,378
,370
,317
,331
,390
,365
,321
,355
,388
,339
,313
,368
,377
,333
2026 06 19 17:59:29.067856,341
,390
,361
,322
,359
,389
,349
,318
,363
,381
,329
,327
,384
,356
2026 06 19 17:59:29.133224,316
,337
,377
,344
,318
,358
,384
,327
,318
,374
,370
,314
,333
,384
2026 06 19 17:59:29.195097,356
,313
,345
,373
,340
,327
,374
,371
,320
,327
,375
,340
,306
,352
2026 06 19 17:59:29.260541,391
,346
,314
,358
,375
,318
,323
,383
,362
,312
,333
,377
,342
,317
2026 06 19 17:59:29.320994,360
,375
,328
,319
,368
,365
,316
,332
,383
,342
,302
,359
,382
,330
2026 06 19 17:59:29.382405,319
,368
,374
,321
,332
,386
,350
,305
,345
,379
,335
,312
,364
,369
2026 06 19 17:59:29.448196,317
,316
,375
,355
,311
,337
,382
,343
,315
,354
,369
,328
,320
,373
2026 06 19 17:59:29.509953,364
,322
,339
,383
,344
,305
,352
,376
,330
,313
,364
,360
,324
,329
2026 06 19 17:59:29.575143,377
,355
,308
,344
,379
,335
,310
,374
,377
,326
,324
,369
,351
,319
2026 06 19 17:59:29.636616,338
,373
,345
,318
,354
,364
,322
,321
,374
,358
,310
,329
,380
,342
2026 06 19 17:59:29.697205,309
,346
,367
,332
,326
,377
,373
,320
,329
,388
,349
,310
,342
,373
2026 06 19 17:59:29.764230,336
,315
,360
,370
,325
,324
,375
,354
,314
,338
,379
,334
,307
,360
2026 06 19 17:59:29.824775,373
,327
,318
,361
,356
,307
,329
,377
,329
,297
,350
,378
,329
,316
2026 06 19 17:59:29.890045,377
,381
,321
,338
,389
,352
,315
,358
,388
,343
,323
,361
,358
,319
2026 06 19 17:59:29.952225,321
,375
,355
,310
,346
,383
,335
,305
,360
,375
,329
,326
,377
,363
2026 06 19 17:59:30.014022,316
,335
,379
,344
,313
,358
,375
,325
,316
,364
,356
,314
,327
,383
2026 06 19 17:59:30.079051,351
,311
,346
,382
,338
,317
,371
,375
,322
,325
,379
,355
,311
,353
2026 06 19 17:59:30.139695,388
,353
,326
,367
,381
,325
,327
,383
,366
,326
,347
,395
,353
,322
2026 06 19 17:59:30.205655,359
,378
,330
,329
,381
,371
,322
,336
,388
,351
,318
,353
,375
,336
2026 06 19 17:59:30.267544,325
,380
,378
,329
,335
,384
,353
,314
,346
,379
,340
,316
,361
,377
2026 06 19 17:59:30.328707,338
,336
,390
,372
,326
,356
,398
,352
,324
,373
,387
,336
,322
,370
2026 06 19 17:59:30.394307,363
,322
,342
,393
,360
,324
,361
,390
,341
,332
,383
,382
,332
,342
2026 06 19 17:59:30.455608,389
,360
,319
,354
,387
,341
,321
,368
,378
,326
,327
,386
,362
,315
2026 06 19 17:59:30.521662,345
,388
,349
,326
,377
,390
,338
,329
,380
,368
,317
,338
,397
,362
2026 06 19 17:59:30.583225,323
,357
,381
,337
,331
,373
,373
,330
,339
,391
,365
,322
,353
,382
2026 06 19 17:59:30.644575,346
,323
,369
,370
,328
,328
,377
,355
,311
,336
,382
,342
,313
,361
2026 06 19 17:59:30.709562,384
,328
,316
,369
,375
,326
,341
,391
,348
,314
,354
,375
,330
,322
2026 06 19 17:59:30.771192,372
,366
,315
,330
,380
,350
,317
,353
,382
,345
,327
,373
,379
,325
2026 06 19 17:59:30.837068,329
,379
,351
,307
,338
,375
,338
,304
,347
,375
,329
,329
,382
,363
2026 06 19 17:59:30.897913,311
,327
,375
,353
,325
,358
,375
,330
,323
,369
,360
,313
,328
,375
2026 06 19 17:59:30.959793,345
,308
,346
,370
,323
,308
,363
,363
,308
,314
,369
,349
,309
,337
2026 06 19 17:59:31.025071,367
,332
,313
,355
,369
,317
,310
,368
,358
,305
,330
,373
,341
,310
2026 06 19 17:59:31.087034,361
,380
,326
,319
,382
,381
,324
,343
,392
,357
,318
,360
,381
,341
2026 06 19 17:59:31.152358,316
,373
,374
,320
,329
,384
,353
,310
,343
,385
,342
,322
,362
,373
2026 06 19 17:59:31.212924,332
,327
,380
,362
,312
,336
,377
,342
,311
,356
,371
,325
,318
,376
2026 06 19 17:59:31.274857,364
,311
,324
,377
,344
,311
,350
,382
,333
,310
,353
,353
,324
,327
2026 06 19 17:59:31.341004,378
,353
,310
,351
,389
,346
,321
,364
,376
,324
,325
,381
,358
,315
2026 06 19 17:59:31.402111,342
,381
,344
,311
,346
,378
,330
,323
,379
,366
,317
,331
,369
,342
2026 06 19 17:59:31.464267,320
,362
,394
,348
,327
,377
,371
,322
,331
,375
,359
,320
,343
,376
2026 06 19 17:59:31.529326,344
,328
,371
,378
,322
,328
,390
,365
,325
,351
,389
,348
,321
,366
2026 06 19 17:59:31.591024,383
,331
,323
,378
,367
,316
,336
,387
,352
,311
,354
,383
,331
,323
2026 06 19 17:59:31.656192,388
,369
,316
,345
,397
,362
,320
,351
,382
,338
,317
,366
,369
,326
2026 06 19 17:59:31.717539,329
,388
,367
,322
,349
,382
,337
,316
,373
,394
,336
,326
,382
,370
2026 06 19 17:59:31.778741,322
,343
,388
,352
,314
,352
,378
,327
,317
,373
,363
,311
,327
,384
2026 06 19 17:59:31.844805,359
,314
,337
,380
,343
,326
,380
,381
,324
,324
,383
,361
,316
,350
2026 06 19 17:59:31.905770,383
,340
,314
,362
,378
,331
,323
,380
,365
,326
,352
,386
,349
,316
2026 06 19 17:59:31.971520,358
,383
,329
,314
,373
,370
,323
,335
,381
,359
,320
,351
,382
,342
2026 06 19 17:59:32.032899,316
,360
,368
,327
,329
,376
,352
,310
,346
,388
,348
,322
,366
,371
2026 06 19 17:59:32.094521,329
,332
,385
,362
,315
,336
,382
,343
,306
,350
,379
,330
,319
,375
2026 06 19 17:59:32.159934,365
,315
,337
,380
,350
,318
,355
,377
,329
,311
,373
,372
,317
,327
2026 06 19 17:59:32.221872,377
,355
,315
,347
,386
,344
,321
,365
,373
,326
,331
,385
,367
,333
2026 06 19 17:59:32.286750,363
,398
,355
,323
,366
,380
,333
,329
,381
,365
,317
,337
,382
,345
2026 06 19 17:59:32.347904,315
,352
,376
,330
,316
,371
,369
,319
,343
,398
,366
,323
,349
,377
2026 06 19 17:59:32.409136,346
,324
,378
,380
,328
,329
,381
,355
,311
,344
,380
,344
,316
,363
2026 06 19 17:59:32.475459,374
,328
,333
,383
,364
,319
,341
,388
,357
,320
,357
,385
,338
,324
2026 06 19 17:59:32.553929,374
,362
,308
,339
,400
,367
,323
,348
,384
,347
,324
,374
,377
,328
2026 06 19 17:59:32.601878,335
,389
,363
,315
,348
,392
,349
,321
,367
,379
,332
,328
,390
,372
2026 06 19 17:59:32.664057,322
,352
,395
,350
,313
,371
,388
,336
,328
,384
,375
,325
,344
,394
2026 06 19 17:59:32.724943,357
,314
,350
,384
,342
,329
,378
,374
,330
,347
,399
,370
,327
,355
2026 06 19 17:59:32.790975,395
,352
,326
,370
,384
,332
,332
,386
,362
,314
,348
,390
,349
,318
2026 06 19 17:59:32.851834,364
,382
,337
,333
,385
,372
,315
,328
,387
,363
,321
,358
,385
,339
2026 06 19 17:59:32.917404,326
,375
,369
,322
,335
,392
,363
,318
,350
,385
,343
,322
,367
,380
2026 06 19 17:59:32.978828,338
,339
,392
,371
,322
,345
,387
,349
,318
,364
,389
,338
,326
,383
2026 06 19 17:59:33.040586,371
,325
,343
,391
,350
,325
,359
,366
,321
,328
,386
,365
,324
,337
2026 06 19 17:59:33.105848,391
,358
,314
,351
,384
,332
,317
,367
,372
,320
,323
,377
,355
,307
2026 06 19 17:59:33.167579,331
,377
,339
,311
,364
,384
,346
,337
,389
,369
,318
,339
,386
,345
2026 06 19 17:59:33.232572,309
,357
,382
,338
,318
,371
,373
,321
,330
,372
,352
,313
,342
,379
2026 06 19 17:59:33.294520,345
,323
,367
,370
,320
,327
,395
,364
,317
,345
,389
,346
,317
,367
2026 06 19 17:59:33.355852,378
,328
,323
,378
,363
,312
,335
,380
,348
,311
,350
,376
,332
,318
2026 06 19 17:59:33.421554,372
,374
,321
,333
,376
,351
,312
,351
,387
,340
,317
,367
,369
,318
2026 06 19 17:59:33.482459,323
,371
,346
,311
,336
,371
,352
,330
,370
,376
,329
,324
,383
,360
2026 06 19 17:59:33.547879,311
,334
,378
,340
,311
,349
,371
,328
,321
,374
,369
,317
,327
,376
2026 06 19 17:59:33.610076,353
,326
,363
,394
,345
,324
,366
,364
,315
,333
,396
,363
,312
,338
2026 06 19 17:59:33.671563,385
,343
,308
,358
,376
,327
,323
,376
,357
,317
,346
,385
,351
,311
2026 06 19 17:59:33.736899,360
,382
,333
,327
,379
,365
,320
,334
,385
,348
,311
,351
,383
,337
2026 06 19 17:59:33.797810,319
,370
,364
,314
,327
,390
,357
,312
,352
,388
,349
,322
,363
,361
2026 06 19 17:59:33.863954,322
,321
,378
,365
,318
,343
,386
,347
,318
,359
,376
,329
,321
,377
2026 06 19 17:59:33.925546,370
,320
,339
,389
,352
,315
,353
,386
,341
,326
,374
,365
,322
,328
2026 06 19 17:59:33.986777,385
,365
,326
,357
,396
,349
,322
,366
,373
,322
,333
,386
,365
,314
2026 06 19 17:59:34.052059,345
,389
,349
,326
,368
,384
,332
,330
,380
,374
,326
,342
,385
,345
2026 06 19 17:59:34.113557,311
,354
,375
,326
,315
,366
,363
,317
,336
,392
,359
,323
,358
,390
2026 06 19 17:59:34.179592,347
,322
,366
,375
,329
,328
,384
,369
,319
,344
,385
,348
,314
,362
2026 06 19 17:59:34.241050,378
,328
,319
,371
,367
,326
,345
,391
,351
,317
,351
,373
,328
,322
2026 06 19 17:59:34.302310,375
,365
,320
,333
,382
,356
,313
,350
,386
,343
,321
,372
,377
,330
2026 06 19 17:59:34.367533,336
,395
,375
,320
,348
,395
,352
,318
,362
,377
,326
,322
,383
,368
2026 06 19 17:59:34.429052,321
,335
,397
,360
,320
,363
,382
,329
,320
,379
,375
,327
,338
,399
2026 06 19 17:59:34.494651,364
,320
,356
,387
,340
,320
,371
,377
,330
,331
,380
,365
,326
,348
2026 06 19 17:59:34.556175,390
,349
,322
,376
,390
,340
,340
,397
,384
,335
,351
,396
,355
,312
2026 06 19 17:59:34.617174,359
,392
,341
,329
,385
,378
,322
,337
,392
,358
,307
,351
,386
,339
2026 06 19 17:59:34.683112,320
,376
,379
,328
,339
,395
,367
,319
,352
,394
,347
,318
,365
,375
2026 06 19 17:59:34.744482,330
,324
,376
,370
,321
,342
,385
,348
,316
,359
,383
,335
,331
,387
2026 06 19 17:59:34.810041,379
,332
,348
,387
,350
,316
,358
,387
,345
,325
,372
,369
,321
,333
2026 06 19 17:59:34.871052,385
,359
,312
,344
,379
,337
,315
,367
,383
,335
,333
,386
,365
,319
2026 06 19 17:59:34.932425,345
,389
,349
,315
,359
,373
,323
,314
,380
,362
,314
,336
,386
,347
2026 06 19 17:59:34.999093,315
,351
,377
,331
,311
,369
,365
,319
,332
,394
,361
,317
,351
,379
2026 06 19 17:59:35.060089,332
,314
,360
,369
,323
,322
,377
,355
,307
,332
,374
,330
,308
,372
2026 06 19 17:59:35.125384,386
,331
,324
,378
,372
,321
,348
,389
,357
,317
,356
,375
,329
,313
2026 06 19 17:59:35.188031,371
,371
,318
,332
,382
,347
,305
,342
,377
,337
,313
,356
,368
,324
2026 06 19 17:59:35.249874,324
,387
,367
,322
,348
,385
,340
,306
,355
,373
,319
,314
,376
,363
2026 06 19 17:59:35.312939,313
,329
,376
,341
,311
,350
,373
,324
,309
,362
,359
,315
,330
,380
2026 06 19 17:59:35.374553,337
,296
,344
,382
,333
,311
,369
,365
,310
,332
,386
,357
,308
,336
2026 06 19 17:59:35.436790,379
,333
,302
,350
,369
,321
,317
,370
,361
,318
,341
,375
,340
,309
2026 06 19 17:59:35.502402,355
,383
,336
,326
,376
,369
,314
,326
,377
,350
,311
,349
,385
,333
2026 06 19 17:59:35.566676,307
,360
,366
,323
,330
,380
,361
,322
,345
,378
,339
,310
,356
,369
2026 06 19 17:59:35.629041,323
,321
,373
,346
,312
,335
,379
,340
,310
,352
,377
,329
,323
,375
2026 06 19 17:59:35.690922,366
,315
,327
,378
,353
,315
,345
,385
,345
,323
,373
,371
,320
,329
2026 06 19 17:59:35.752807,379
,354
,310
,339
,381
,344
,318
,364
,374
,323
,321
,387
,358
,315
2026 06 19 17:59:35.816734,343
,385
,347
,315
,355
,378
,326
,321
,375
,365
,319
,337
,385
,353
2026 06 19 17:59:35.878307,320
,364
,391
,343
,322
,375
,374
,320
,324
,378
,352
,307
,340
,389
2026 06 19 17:59:35.944434,346
,316
,361
,367
,323
,322
,370
,356
,324
,358
,396
,354
,321
,357
2026 06 19 17:59:36.006170,380
,333
,328
,382
,369
,315
,329
,375
,343
,308
,345
,374
,329
,316
2026 06 19 17:59:36.067674,373
,373
,323
,329
,382
,355
,309
,344
,383
,345
,325
,361
,370
,323
2026 06 19 17:59:36.132615,324
,377
,357
,312
,340
,387
,348
,318
,360
,379
,328
,319
,375
,366
2026 06 19 17:59:36.194652,317
,334
,384
,351
,312
,358
,386
,339
,321
,375
,371
,320
,329
,382
2026 06 19 17:59:36.261417,350
,314
,355
,385
,335
,320
,366
,378
,325
,328
,379
,357
,313
,335
2026 06 19 17:59:36.320754,383
,352
,322
,356
,379
,336
,323
,377
,363
,314
,335
,383
,351
,312
2026 06 19 17:59:36.382986,354
,377
,329
,316
,369
,365
,313
,319
,367
,347
,318
,357
,387
,344
2026 06 19 17:59:36.448008,319
,367
,372
,322
,325
,379
,358
,309
,338
,379
,344
,316
,364
,376
2026 06 19 17:59:36.509680,323
,320
,373
,356
,310
,338
,392
,356
,322
,359
,385
,336
,322
,375
2026 06 19 17:59:36.574731,367
,319
,335
,387
,352
,314
,344
,386
,342
,322
,369
,371
,317
,323
2026 06 19 17:59:36.636669,383
,358
,322
,352
,391
,348
,328
,372
,378
,325
,323
,383
,365
,316
2026 06 19 17:59:36.698604,339
,373
,348
,315
,359
,383
,329
,322
,378
,371
,320
,336
,387
,358
2026 06 19 17:59:36.764523,316
,352
,378
,333
,312
,357
,366
,320
,326
,381
,358
,316
,348
,383
2026 06 19 17:59:36.824536,343
,318
,370
,379
,330
,335
,389
,362
,314
,336
,380
,349
,316
,359
2026 06 19 17:59:36.890617,373
,329
,318
,377
,369
,318
,336
,389
,355
,317
,353
,387
,340
,319
2026 06 19 17:59:36.952276,376
,373
,319
,329
,383
,357
,311
,355
,400
,354
,332
,381
,386
,336
2026 06 19 17:59:37.013602,335
,387
,363
,322
,347
,390
,352
,323
,368
,383
,332
,328
,388
,374
2026 06 19 17:59:37.079074,323
,341
,388
,355
,318
,351
,376
,336
,318
,375
,368
,312
,330
,392
2026 06 19 17:59:37.140994,359
,312
,343
,381
,339
,316
,364
,370
,319
,322
,371
,346
,304
,331
2026 06 19 17:59:37.205607,381
,339
,311
,359
,372
,329
,334
,385
,367
,316
,333
,379
,345
,312
2026 06 19 17:59:37.267635,351
,385
,334
,326
,382
,371
,321
,339
,387
,355
,317
,350
,380
,338
2026 06 19 17:59:37.328619,321
,370
,374
,324
,333
,388
,367
,318
,345
,382
,347
,318
,366
,379
2026 06 19 17:59:37.394301,323
,326
,384
,363
,322
,341
,381
,339
,308
,354
,374
,329
,317
,377
2026 06 19 17:59:37.455430,369
,317
,330
,385
,351
,311
,350
,381
,333
,312
,363
,365
,314
,320
2026 06 19 17:59:37.520403,374
,352
,312
,337
,376
,344
,316
,363
,376
,323
,326
,380
,363
,314
2026 06 19 17:59:37.583066,336
,381
,350
,313
,351
,367
,312
,308
,377
,368
,324
,341
,386
,353
2026 06 19 17:59:37.644072,313
,344
,378
,337
,317
,371
,368
,312
,331
,386
,356
,315
,343
,384
2026 06 19 17:59:37.709714,345
,311
,354
,378
,325
,322
,378
,356
,308
,336
,381
,342
,309
,350
2026 06 19 17:59:37.770983,368
,315
,309
,377
,370
,320
,337
,379
,341
,314
,355
,380
,335
,324
2026 06 19 17:59:37.836799,372
,368
,320
,334
,383
,355
,321
,353
,384
,345
,317
,364
,371
,319
2026 06 19 17:59:37.898051,327
,387
,366
,320
,338
,380
,346
,315
,352
,379
,324
,318
,381
,372
2026 06 19 17:59:37.959049,324
,345
,388
,359
,317
,351
,378
,336
,316
,375
,369
,323
,338
,387
2026 06 19 17:59:38.024883,353
,311
,352
,395
,347
,318
,365
,372
,318
,320
,367
,366
,326
,349
2026 06 19 17:59:38.086549,392
,348
,311
,364
,376
,329
,328
,380
,365
,311
,332
,383
,346
,313
2026 06 19 17:59:38.152098,354
,382
,334
,320
,369
,366
,308
,327
,389
,351
,315
,348
,381
,337
2026 06 19 17:59:38.213946,314
,363
,369
,321
,325
,375
,355
,312
,338
,378
,336
,308
,350
,382
2026 06 19 17:59:38.274534,339
,325
,376
,363
,304
,339
,389
,358
,318
,355
,376
,326
,314
,370
2026 06 19 17:59:38.340774,370
,317
,325
,381
,354
,309
,338
,384
,339
,308
,357
,376
,331
,331
2026 06 19 17:59:38.401769,375
,346
,311
,336
,381
,343
,308
,347
,375
,343
,330
,381
,366
,319
2026 06 19 17:59:38.467690,338
,384
,347
,313
,349
,370
,319
,314
,375
,363
,311
,323
,375
,346
2026 06 19 17:59:38.529090,317
,352
,389
,343
,316
,367
,374
,319
,329
,379
,354
,311
,340
,378
2026 06 19 17:59:38.590288,338
,304
,350
,373
,323
,322
,381
,371
,322
,340
,384
,347
,310
,348
2026 06 19 17:59:38.655732,373
,332
,313
,360
,351
,311
,338
,385
,353
,305
,336
,377
,336
,317
2026 06 19 17:59:38.720038,364
,374
,326
,328
,372
,344
,312
,348
,388
,346
,314
,362
,377
,324
2026 06 19 17:59:38.782208,320
,373
,355
,297
,320
,386
,354
,312
,352
,376
,325
,311
,369
,360
2026 06 19 17:59:38.843748,310
,333
,384
,351
,312
,346
,376
,335
,312
,364
,370
,312
,323
,381
2026 06 19 17:59:38.905778,364
,314
,345
,385
,344
,321
,367
,374
,322
,324
,373
,360
,313
,340
2026 06 19 17:59:38.972388,384
,344
,307
,354
,380
,326
,308
,369
,388
,332
,346
,391
,357
,316
2026 06 19 17:59:39.032347,354
,386
,339
,317
,367
,368
,317
,325
,381
,358
,313
,347
,381
,337
2026 06 19 17:59:39.098055,318
,369
,379
,328
,330
,381
,363
,318
,342
,382
,343
,308
,355
,392
2026 06 19 17:59:39.159666,338
,321
,370
,373
,327
,340
,391
,356
,304
,360
,393
,343
,325
,378
2026 06 19 17:59:39.221677,380
,328
,337
,390
,363
,316
,346
,382
,332
,308
,362
,401
,355
,349
2026 06 19 17:59:39.286580,398
,371
,324
,346
,391
,349
,324
,378
,398
,344
,331
,390
,383
,333
2026 06 19 17:59:39.347095,347
,403
,366
,326
,359
,382
,345
,329
,379
,379
,331
,342
,389
,361
2026 06 19 17:59:39.413935,326
,366
,392
,344
,326
,382
,383
,330
,324
,378
,359
,309
,345
,387
2026 06 19 17:59:39.475305,344
,316
,362
,375
,322
,320
,376
,360
,320
,349
,391
,352
,315
,359
2026 06 19 17:59:39.535887,375
,328
,314
,363
,370
,324
,332
,382
,364
,324
,356
,385
,342
,331
2026 06 19 17:59:39.601469,394
,390
,322
,332
,393
,361
,316
,339
,383
,344
,318
,366
,376
,327
2026 06 19 17:59:39.663807,319
,377
,363
,323
,341
,379
,342
,319
,360
,375
,327
,309
,361
,356
2026 06 19 17:59:39.724760,310
,323
,382
,356
,310
,345
,380
,335
,316
,364
,369
,320
,319
,375
2026 06 19 17:59:39.790810,354
,311
,343
,382
,340
,314
,363
,372
,332
,322
,377
,367
,322
,339
2026 06 19 17:59:39.851080,387
,343
,308
,363
,384
,339
,321
,378
,372
,319
,330
,384
,351
,311
2026 06 19 17:59:39.917416,351
,386
,344
,321
,369
,371
,320
,327
,382
,355
,312
,333
,374
,338
2026 06 19 17:59:39.979012,307
,354
,366
,321
,310
,366
,371
,319
,346
,386
,349
,321
,358
,378
2026 06 19 17:59:40.040539,336
,323
,378
,373
,319
,329
,381
,351
,308
,339
,380
,336
,319
,369
2026 06 19 17:59:40.106070,367
,323
,327
,374
,350
,311
,340
,375
,332
,304
,357
,372
,319
,301
2026 06 19 17:59:40.167122,373
,371
,319
,345
,388
,354
,322
,363
,385
,335
,326
,374
,365
,315
2026 06 19 17:59:40.232039,328
,370
,337
,314
,358
,386
,338
,316
,365
,370
,318
,322
,377
,354
2026 06 19 17:59:40.297105,319
,350
,381
,343
,323
,366
,374
,320
,317
,374
,355
,321
,343
,390
2026 06 19 17:59:40.355247,350
,312
,355
,377
,323
,314
,364
,367
,318
,335
,394
,352
,318
,358
2026 06 19 17:59:40.421210,388
,334
,314
,373
,374
,320
,335
,384
,359
,315
,349
,386
,337
,310
2026 06 19 17:59:40.482957,362
,375
,323
,325
,384
,363
,320
,345
,386
,342
,308
,355
,371
,320
2026 06 19 17:59:40.547813,323
,382
,367
,323
,333
,376
,337
,301
,345
,373
,327
,318
,373
,370
2026 06 19 17:59:40.610273,321
,332
,380
,350
,313
,345
,377
,331
,315
,363
,361
,318
,320
,368
2026 06 19 17:59:40.670704,341
,317
,344
,383
,345
,316
,364
,384
,331
,318
,372
,370
,320
,336
2026 06 19 17:59:40.736476,382
,345
,307
,347
,379
,329
,309
,366
,364
,306
,318
,381
,351
,304
2026 06 19 17:59:40.797969,347
,391
,350
,323
,369
,373
,322
,325
,377
,356
,314
,342
,378
,340
2026 06 19 17:59:40.863772,310
,352
,361
,318
,320
,374
,360
,311
,333
,376
,344
,321
,358
,384
2026 06 19 17:59:40.925101,338
,323
,375
,368
,315
,320
,372
,356
,322
,352
,387
,341
,318
,366
2026 06 19 17:59:40.986815,375
,324
,331
,387
,361
,309
,344
,382
,343
,310
,355
,369
,323
,325
2026 06 19 17:59:41.051596,382
,359
,317
,340
,378
,347
,327
,363
,379
,331
,315
,372
,368
,323
2026 06 19 17:59:41.113250,335
,384
,355
,318
,356
,380
,328
,316
,374
,370
,323
,335
,381
,356
2026 06 19 17:59:41.179289,313
,341
,380
,338
,308
,356
,372
,319
,319
,373
,359
,319
,340
,388
2026 06 19 17:59:41.240819,353
,318
,353
,371
,336
,324
,378
,369
,319
,336
,385
,353
,311
,343
2026 06 19 17:59:41.303919,368
,330
,312
,364
,370
,322
,338
,391
,361
,314
,343
,384
,342
,316
2026 06 19 17:59:41.367826,363
,374
,326
,323
,376
,356
,314
,332
,379
,348
,316
,356
,377
,337
2026 06 19 17:59:41.429059,321
,379
,369
,314
,332
,379
,354
,321
,350
,381
,342
,324
,369
,371
2026 06 19 17:59:41.494747,321
,328
,379
,349
,313
,350
,389
,347
,323
,370
,373
,319
,322
,377
2026 06 19 17:59:41.556032,356
,304
,338
,377
,338
,305
,355
,377
,338
,333
,386
,376
,326
,342
2026 06 19 17:59:41.617263,389
,352
,315
,353
,381
,328
,316
,363
,359
,325
,340
,388
,354
,312
2026 06 19 17:59:41.683009,350
,390
,349
,323
,374
,384
,328
,335
,384
,360
,325
,355
,393
,348
2026 06 19 17:59:41.743554,318
,363
,380
,323
,311
,385
,375
,323
,338
,391
,356
,320
,355
,381
2026 06 19 17:59:41.809609,337
,324
,376
,373
,321
,330
,384
,354
,313
,352
,392
,343
,312
,363
2026 06 19 17:59:41.870931,378
,333
,334
,376
,359
,316
,344
,386
,347
,319
,365
,377
,324
,317
2026 06 19 17:59:41.932756,374
,358
,312
,335
,384
,345
,307
,348
,372
,331
,321
,369
,369
,317
2026 06 19 17:59:41.998040,334
,383
,357
,318
,352
,379
,323
,320
,368
,374
,321
,329
,382
,359
2026 06 19 17:59:42.059957,315
,348
,385
,343
,317
,357
,370
,328
,327
,374
,368
,322
,345
,389
2026 06 19 17:59:42.125503,349
,319
,367
,386
,333
,324
,378
,367
,313
,331
,379
,349
,309
,341
2026 06 19 17:59:42.186756,370
,336
,317
,370
,374
,325
,327
,379
,355
,315
,351
,390
,347
,320
2026 06 19 17:59:42.248004,361
,366
,326
,331
,381
,359
,310
,339
,387
,346
,310
,351
,373
,329
2026 06 19 17:59:42.313835,319
,373
,369
,321
,338
,391
,364
,321
,354
,383
,335
,312
,361
,367
2026 06 19 17:59:42.374926,322
,330
,380
,354
,304
,338
,379
,338
,314
,358
,372
,321
,318
,374
2026 06 19 17:59:42.440589,358
,302
,330
,378
,341
,314
,359
,378
,322
,309
,368
,361
,313
,327
2026 06 19 17:59:42.501263,382
,357
,318
,352
,381
,336
,320
,371
,370
,316
,327
,381
,352
,309
2026 06 19 17:59:42.563024,339
,358
,321
,329
,369
,374
,330
,330
,379
,361
,312
,336
,386
,351
2026 06 19 17:59:42.629551,312
,356
,380
,329
,311
,366
,363
,315
,329
,377
,346
,303
,351
,378
2026 06 19 17:59:42.690857,332
,317
,370
,368
,314
,315
,386
,370
,318
,344
,389
,346
,314
,362
2026 06 19 17:59:42.756157,372
,319
,323
,375
,349
,305
,329
,387
,347
,316
,359
,381
,335
,325
2026 06 19 17:59:42.819017,384
,371
,318
,335
,386
,350
,305
,350
,392
,333
,312
,377
,374
,326
2026 06 19 17:59:42.878988,335
,387
,360
,315
,346
,385
,349
,324
,371
,376
,335
,335
,384
,363
2026 06 19 17:59:42.944774,325
,348
,387
,346
,311
,360
,386
,334
,326
,379
,368
,316
,342
,391
2026 06 19 17:59:43.005319,350
,323
,370
,399
,349
,335
,391
,384
,329
,337
,390
,358
,317
,350
2026 06 19 17:59:43.071291,390
,346
,321
,371
,375
,319
,317
,370
,366
,327
,349
,388
,351
,329
2026 06 19 17:59:43.132376,373
,385
,331
,324
,378
,368
,322
,341
,385
,346
,307
,350
,376
,337
2026 06 19 17:59:43.194414,325
,370
,371
,329
,340
,388
,364
,319
,355
,387
,341
,315
,357
,354
2026 06 19 17:59:43.259860,308
,333
,396
,365
,315
,342
,383
,344
,318
,362
,378
,331
,326
,380
2026 06 19 17:59:43.320800,368
,322
,347
,394
,348
,305
,349
,373
,327
,316
,373
,361
,316
,333
2026 06 19 17:59:43.386577,384
,353
,307
,349
,387
,341
,320
,368
,376
,325
,332
,385
,357
,311
2026 06 19 17:59:43.448122,338
,377
,339
,313
,361
,375
,323
,328
,384
,364
,315
,338
,394
,351
2026 06 19 17:59:43.509010,318
,376
,404
,351
,335
,390
,374
,322
,339
,384
,356
,318
,357
,388
2026 06 19 17:59:43.574841,346
,319
,371
,373
,313
,327
,386
,361
,318
,354
,394
,351
,323
,368
2026 06 19 17:59:43.636571,384
,324
,313
,382
,363
,311
,331
,377
,341
,310
,360
,386
,335
,322
2026 06 19 17:59:43.697787,383
,376
,320
,343
,389
,354
,314
,350
,384
,341
,324
,372
,371
,333
2026 06 19 17:59:43.763634,336
,384
,360
,317
,347
,386
,349
,326
,360
,360
,333
,336
,403
,372
2026 06 19 17:59:43.824975,320
,349
,392
,349
,313
,357
,381
,334
,323
,377
,369
,316
,335
,385
2026 06 19 17:59:43.890147,352
,313
,351
,378
,337
,316
,367
,373
,326
,344
,390
,347
,313
,352
2026 06 19 17:59:43.953197,389
,346
,318
,369
,387
,336
,336
,391
,366
,316
,343
,386
,350
,329
2026 06 19 17:59:44.013502,376
,395
,342
,331
,383
,372
,325
,343
,392
,357
,317
,348
,370
,341
2026 06 19 17:59:44.078768,332
,391
,385
,325
,332
,390
,364
,320
,356
,392
,351
,326
,375
,388
2026 06 19 17:59:44.139662,332
,328
,382
,359
,312
,348
,393
,344
,304
,358
,393
,345
,333
,383
2026 06 19 17:59:44.205316,377
,328
,344
,398
,362
,324
,370
,399
,346
,323
,375
,375
,326
,336
2026 06 19 17:59:44.268944,396
,370
,327
,357
,393
,350
,326
,371
,387
,338
,333
,389
,370
,329
2026 06 19 17:59:44.328675,363
,401
,359
,322
,367
,386
,336
,332
,386
,377
,326
,342
,387
,352
2026 06 19 17:59:44.394059,319
,357
,378
,339
,336
,387
,383
,338
,349
,400
,375
,325
,352
,387
2026 06 19 17:59:44.455086,343
,320
,371
,382
,327
,326
,378
,364
,319
,350
,392
,348
,324
,372
2026 06 19 17:59:44.521170,391
,343
,331
,386
,374
,320
,341
,395
,359
,324
,360
,385
,336
,316
2026 06 19 17:59:44.582491,375
,381
,329
,336
,392
,363
,327
,361
,396
,351
,327
,374
,379
,328
2026 06 19 17:59:44.643614,327
,381
,361
,319
,343
,389
,347
,314
,366
,390
,338
,328
,377
,378
2026 06 19 17:59:44.709242,333
,349
,396
,365
,327
,362
,385
,333
,320
,376
,373
,321
,327
,375
2026 06 19 17:59:44.771160,344
,318
,354
,385
,351
,334
,391
,396
,342
,340
,390
,369
,323
,347
2026 06 19 17:59:44.836768,393
,349
,318
,369
,379
,331
,324
,376
,370
,319
,344
,397
,358
,330
2026 06 19 17:59:44.903365,362
,384
,361
,342
,390
,378
,319
,335
,386
,351
,317
,355
,386
,339
2026 06 19 17:59:44.961707,320
,381
,383
,329
,333
,386
,364
,325
,357
,391
,347
,318
,373
,387
2026 06 19 17:59:45.026657,339
,336
,389
,372
,318
,339
,387
,358
,323
,362
,386
,339
,323
,372
2026 06 19 17:59:45.086658,369
,321
,332
,384
,354
,311
,349
,381
,332
,316
,367
,373
,326
,326
2026 06 19 17:59:45.151751,382
,363
,314
,344
,390
,343
,315
,360
,370
,321
,317
,377
,365
,320
2026 06 19 17:59:45.213765,342
,384
,350
,314
,358
,381
,331
,316
,372
,368
,320
,330
,379
,346
2026 06 19 17:59:45.279057,308
,343
,374
,335
,311
,366
,382
,329
,336
,388
,365
,318
,343
,383
2026 06 19 17:59:45.342899,340
,313
,365
,373
,324
,321
,374
,355
,311
,336
,380
,347
,317
,370
2026 06 19 17:59:45.401261,390
,341
,327
,377
,370
,326
,341
,389
,355
,317
,350
,375
,338
,323
2026 06 19 17:59:45.466937,371
,367
,321
,327
,377
,349
,314
,354
,393
,348
,324
,372
,378
,324
2026 06 19 17:59:45.529018,325
,378
,354
,299
,325
,387
,351
,317
,357
,379
,325
,317
,373
,362
2026 06 19 17:59:45.590069,317
,337
,386
,355
,316
,351
,381
,331
,312
,368
,362
,308
,323
,383
2026 06 19 17:59:45.655283,356
,312
,347
,378
,344
,320
,365
,372
,325
,331
,387
,368
,324
,351
2026 06 19 17:59:45.717062,394
,350
,313
,351
,374
,326
,316
,371
,368
,320
,334
,383
,351
,313
2026 06 19 17:59:45.783097,351
,380
,333
,323
,377
,376
,325
,336
,385
,352
,308
,343
,382
,335
2026 06 19 17:59:45.844709,318
,369
,376
,322
,328
,380
,360
,312
,337
,382
,339
,317
,359
,384
2026 06 19 17:59:45.905405,345
,340
,395
,374
,323
,334
,387
,363
,321
,361
,389
,337
,323
,374
2026 06 19 17:59:45.971469,366
,318
,326
,378
,354
,319
,358
,391
,348
,325
,370
,385
,323
,321
2026 06 19 17:59:46.032354,385
,370
,324
,354
,392
,348
,322
,365
,380
,328
,324
,379
,365
,323
2026 06 19 17:59:46.098101,344
,386
,359
,326
,367
,388
,336
,326
,374
,370
,324
,340
,393
,366
2026 06 19 17:59:46.159142,327
,355
,388
,340
,319
,375
,377
,324
,328
,385
,364
,320
,350
,386
2026 06 19 17:59:46.220599,348
,320
,359
,377
,334
,328
,382
,377
,328
,347
,398
,360
,326
,367
2026 06 19 17:59:46.285953,389
,338
,322
,374
,378
,324
,338
,394
,359
,325
,355
,380
,340
,325
2026 06 19 17:59:46.348125,379
,383
,329
,333
,384
,365
,322
,345
,377
,335
,308
,356
,371
,313
2026 06 19 17:59:46.413035,317
,382
,370
,308
,338
,391
,349
,311
,350
,374
,328
,314
,371
,366
2026 06 19 17:59:46.475210,308
,323
,379
,354
,314
,348
,384
,338
,317
,366
,370
,319
,326
,377
2026 06 19 17:59:46.535940,355
,311
,339
,379
,335
,306
,349
,374
,330
,333
,385
,369
,319
,339
2026 06 19 17:59:46.602051,383
,346
,318
,359
,380
,334
,333
,384
,378
,327
,339
,385
,354
,313
2026 06 19 17:59:46.662868,350
,377
,338
,318
,369
,369
,316
,321
,384
,365
,315
,340
,371
,341
2026 06 19 17:59:46.728961,314
,367
,374
,320
,321
,383
,365
,311
,336
,379
,343
,311
,358
,388
2026 06 19 17:59:46.790614,336
,331
,385
,378
,319
,339
,396
,358
,318
,358
,390
,340
,324
,376
2026 06 19 17:59:46.851079,357
,306
,344
,395
,369
,334
,353
,387
,346
,320
,363
,376
,324
,326
2026 06 19 17:59:46.917866,387
,370
,321
,344
,393
,346
,302
,360
,377
,321
,318
,371
,365
,311
2026 06 19 17:59:46.979154,333
,387
,352
,310
,348
,376
,336
,319
,368
,369
,318
,331
,384
,355
2026 06 19 17:59:47.044345,307
,349
,390
,344
,326
,372
,375
,332
,332
,383
,363
,319
,347
,396
2026 06 19 17:59:47.105335,356
,317
,356
,375
,333
,328
,378
,367
,322
,346
,393
,353
,322
,363
2026 06 19 17:59:47.167884,390
,344
,323
,370
,376
,328
,330
,385
,361
,315
,346
,380
,341
,316
2026 06 19 17:59:47.232782,374
,383
,330
,332
,387
,365
,315
,339
,390
,353
,322
,365
,381
,336
2026 06 19 17:59:47.294997,336
,390
,376
,323
,343
,391
,352
,329
,365
,392
,344
,321
,372
,382
2026 06 19 17:59:47.355486,330
,337
,394
,369
,325
,343
,392
,353
,320
,367
,374
,325
,330
,386
2026 06 19 17:59:47.421183,371
,322
,344
,386
,353
,317
,356
,386
,330
,325
,383
,374
,323
,341
2026 06 19 17:59:47.482488,388
,350
,316
,346
,379
,341
,328
,378
,368
,321
,334
,394
,374
,332
2026 06 19 17:59:47.547523,361
,390
,343
,321
,376
,381
,332
,332
,388
,366
,319
,340
,377
,345
2026 06 19 17:59:47.614598,316
,354
,375
,323
,314
,371
,364
,316
,331
,380
,345
,307
,346
,372
2026 06 19 17:59:47.670953,336
,317
,367
,361
,317
,343
,393
,357
,316
,351
,393
,353
,327
,371
2026 06 19 17:59:47.735797,379
,327
,331
,385
,368
,319
,346
,392
,353
,315
,362
,386
,337
,325
2026 06 19 17:59:47.798101,375
,370
,329
,340
,396
,360
,315
,357
,386
,342
,324
,374
,368
,320
2026 06 19 17:59:47.863040,329
,378
,352
,303
,341
,377
,341
,320
,368
,377
,322
,323
,376
,352
2026 06 19 17:59:47.924864,299
,326
,376
,346
,316
,360
,375
,327
,327
,380
,358
,313
,334
,383
2026 06 19 17:59:47.985431,349
,310
,349
,378
,326
,304
,363
,363
,314
,328
,374
,354
,310
,349
2026 06 19 17:59:48.051762,385
,335
,313
,362
,368
,314
,324
,382
,361
,310
,336
,376
,345
,318
2026 06 19 17:59:48.112694,357
,370
,331
,328
,366
,352
,318
,347
,395
,353
,315
,358
,381
,336
2026 06 19 17:59:48.177541,322
,376
,365
,301
,330
,381
,353
,309
,345
,379
,336
,315
,360
,358
2026 06 19 17:59:48.240342,305
,315
,381
,352
,320
,353
,390
,351
,320
,360
,374
,327
,325
,374
2026 06 19 17:59:48.301171,363
,314
,334
,387
,354
,318
,357
,380
,338
,328
,372
,367
,316
,323
2026 06 19 17:59:48.366804,382
,350
,313
,353
,389
,343
,316
,368
,374
,323
,332
,380
,352
,319
2026 06 19 17:59:48.428779,355
,394
,350
,320
,361
,377
,333
,325
,382
,374
,326
,345
,388
,356
2026 06 19 17:59:48.495468,317
,356
,382
,332
,322
,379
,374
,321
,332
,384
,353
,314
,355
,389
2026 06 19 17:59:48.555876,345
,322
,371
,375
,323
,324
,380
,355
,316
,352
,392
,346
,319
,362
2026 06 19 17:59:48.617613,377
,328
,324
,371
,362
,318
,338
,392
,357
,318
,359
,379
,333
,325
2026 06 19 17:59:48.682216,375
,369
,320
,330
,381
,350
,311
,345
,379
,333
,309
,373
,379
,326
2026 06 19 17:59:48.743721,330
,381
,353
,311
,343
,386
,342
,310
,359
,371
,320
,320
,377
,361
2026 06 19 17:59:48.808596,314
,339
,384
,350
,318
,349
,379
,345
,317
,379
,390
,334
,341
,390
2026 06 19 17:59:48.870478,359
,322
,355
,388
,346
,321
,371
,375
,327
,333
,391
,370
,323
,351
2026 06 19 17:59:48.932492,391
,352
,316
,366
,383
,331
,320
,368
,357
,315
,337
,387
,360
,325
2026 06 19 17:59:48.997595,362
,386
,334
,319
,372
,365
,315
,337
,388
,354
,310
,346
,374
,334
2026 06 19 17:59:49.059731,315
,367
,368
,311
,339
,390
,366
,321
,350
,389
,342
,317
,363
,376
2026 06 19 17:59:49.124873,326
,324
,375
,368
,320
,340
,388
,355
,317
,357
,387
,337
,324
,375
2026 06 19 17:59:49.186801,366
,308
,323
,379
,354
,314
,349
,383
,334
,305
,360
,372
,324
,327
2026 06 19 17:59:49.247855,383
,361
,314
,339
,377
,345
,318
,362
,372
,314
,317
,377
,357
,312
2026 06 19 17:59:49.312715,338
,382
,349
,310
,349
,377
,331
,321
,370
,366
,320
,332
,384
,354
2026 06 19 17:59:49.375023,311
,342
,375
,340
,316
,368
,374
,323
,325
,375
,349
,306
,336
,370
2026 06 19 17:59:49.440457,333
,311
,364
,384
,336
,327
,378
,365
,319
,342
,384
,343
,310
,352
2026 06 19 17:59:49.501585,374
,326
,309
,354
,363
,324
,335
,378
,360
,325
,356
,387
,346
,320
2026 06 19 17:59:49.565851,376
,378
,326
,329
,378
,353
,312
,347
,390
,348
,315
,356
,378
,337
2026 06 19 17:59:49.627535,341
,383
,364
,316
,334
,378
,342
,314
,361
,387
,337
,322
,378
,376
2026 06 19 17:59:49.689610,327
,340
,394
,359
,315
,349
,379
,327
,312
,388
,388
,333
,334
,385
2026 06 19 17:59:49.755043,367
,321
,351
,390
,347
,319
,363
,380
,330
,337
,390
,371
,325
,350
2026 06 19 17:59:49.816699,389
,347
,313
,355
,368
,314
,311
,374
,364
,314
,331
,384
,353
,310
2026 06 19 17:59:49.878808,351
,381
,332
,313
,369
,369
,318
,328
,379
,357
,314
,344
,380
,340
2026 06 19 17:59:49.943983,308
,359
,376
,326
,324
,378
,360
,304
,334
,382
,334
,305
,362
,384
2026 06 19 17:59:50.005929,336
,323
,378
,368
,320
,332
,377
,348
,309
,347
,387
,337
,311
,368
2026 06 19 17:59:50.070736,374
,318
,324
,378
,350
,311
,339
,379
,338
,315
,359
,378
,325
,323
2026 06 19 17:59:50.132678,367
,359
,316
,335
,378
,335
,305
,357
,374
,326
,318
,386
,377
,320
2026 06 19 17:59:50.194192,332
,376
,344
,313
,351
,381
,336
,317
,369
,370
,311
,323
,381
,351
2026 06 19 17:59:50.258795,308
,350
,391
,347
,323
,368
,376
,332
,333
,385
,366
,321
,342
,376
2026 06 19 17:59:50.320633,339
,303
,353
,372
,326
,317
,368
,361
,314
,332
,378
,347
,308
,346
2026 06 19 17:59:50.385246,380
,339
,328
,375
,376
,320
,321
,380
,360
,313
,348
,387
,343
,309
2026 06 19 17:59:50.448093,362
,378
,321
,318
,366
,347
,304
,334
,375
,341
,310
,352
,371
,323
2026 06 19 17:59:50.509582,311
,376
,367
,322
,334
,374
,343
,309
,350
,378
,336
,319
,370
,370
2026 06 19 17:59:50.574740,332
,342
,390
,357
,319
,351
,385
,345
,322
,380
,384
,330
,329
,391
2026 06 19 17:59:50.636850,372
,324
,357
,395
,352
,321
,366
,383
,332
,324
,381
,368
,319
,338
2026 06 19 17:59:50.700987,389
,355
,317
,358
,388
,339
,321
,376
,381
,327
,332
,395
,371
,323
2026 06 19 17:59:50.763569,348
,387
,345
,321
,364
,359
,311
,337
,388
,363
,324
,350
,391
,352
2026 06 19 17:59:50.824625,319
,364
,386
,332
,320
,374
,367
,321
,336
,381
,348
,309
,356
,375
2026 06 19 17:59:50.890097,320
,330
,390
,386
,330
,336
,386
,356
,319
,347
,381
,341
,318
,372
2026 06 19 17:59:50.952120,384
,332
,335
,392
,363
,324
,356
,398
,357
,319
,366
,383
,330
,323
2026 06 19 17:59:51.019993,380
,371
,321
,333
,376
,352
,321
,358
,388
,344
,326
,380
,378
,327
2026 06 19 17:59:51.078786,339
,387
,361
,314
,346
,382
,345
,328
,370
,379
,327
,328
,373
,351
2026 06 19 17:59:51.140818,316
,347
,396
,350
,310
,351
,368
,329
,320
,377
,372
,317
,338
,388
2026 06 19 17:59:51.204903,350
,310
,348
,378
,334
,324
,380
,373
,319
,329
,379
,357
,311
,351
2026 06 19 17:59:51.267151,383
,337
,312
,375
,379
,334
,329
,377
,357
,309
,342
,385
,345
,313
2026 06 19 17:59:51.333819,354
,373
,322
,320
,375
,356
,309
,338
,394
,354
,315
,356
,381
,332
2026 06 19 17:59:51.393502,313
,369
,377
,320
,329
,377
,350
,304
,340
,381
,342
,311
,356
,384
2026 06 19 17:59:51.455689,336
,328
,374
,365
,323
,349
,387
,347
,317
,359
,379
,325
,312
,369
2026 06 19 17:59:51.520987,361
,310
,322
,375
,345
,308
,344
,373
,329
,317
,372
,377
,319
,325
2026 06 19 17:59:51.586660,384
,353
,312
,348
,384
,342
,312
,355
,362
,326
,339
,386
,359
,310
2026 06 19 17:59:51.643960,342
,392
,352
,318
,362
,379
,331
,322
,381
,366
,312
,334
,387
,354
2026 06 19 17:59:51.709088,312
,345
,382
,335
,318
,374
,377
,319
,329
,380
,357
,321
,353
,379
2026 06 19 17:59:51.770940,341
,326
,374
,378
,326
,327
,381
,374
,324
,343
,389
,352
,318
,362
2026 06 19 17:59:51.836703,382
,331
,324
,387
,376
,320
,321
,372
,354
,327
,366
,382
,334
,326
2026 06 19 17:59:51.899050,374
,368
,320
,328
,382
,356
,311
,348
,382
,342
,317
,369
,379
,331
2026 06 19 17:59:51.959738,332
,386
,369
,314
,349
,389
,351
,313
,364
,384
,331
,319
,374
,371
2026 06 19 17:59:52.025730,318
,334
,383
,353
,319
,358
,383
,331
,318
,377
,383
,328
,334
,386
2026 06 19 17:59:52.088637,358
,316
,349
,378
,338
,316
,373
,378
,326
,330
,382
,359
,322
,353
2026 06 19 17:59:52.155093,394
,351
,323
,373
,395
,344
,331
,381
,373
,320
,339
,386
,354
,322
2026 06 19 17:59:52.213530,358
,377
,330
,315
,378
,393
,338
,346
,386
,358
,323
,357
,389
,347
2026 06 19 17:59:52.274390,320
,369
,375
,325
,328
,388
,359
,310
,338
,374
,340
,315
,361
,393
2026 06 19 17:59:52.340209,339
,329
,384
,369
,317
,335
,384
,354
,317
,359
,380
,331
,319
,379
2026 06 19 17:59:52.401796,367
,325
,330
,383
,360
,321
,351
,379
,339
,319
,369
,377
,325
,329
2026 06 19 17:59:52.467629,380
,355
,314
,344
,386
,352
,319
,363
,377
,328
,332
,385
,377
,327
2026 06 19 17:59:52.528878,344
,393
,357
,314
,353
,380
,331
,315
,377
,376
,322
,338
,389
,355
2026 06 19 17:59:52.590078,313
,349
,382
,335
,318
,372
,377
,320
,324
,389
,362
,314
,344
,392
2026 06 19 17:59:52.655241,349
,321
,364
,374
,329
,323
,372
,363
,317
,338
,387
,351
,313
,355
2026 06 19 17:59:52.719879,378
,330
,319
,381
,381
,328
,336
,394
,366
,317
,356
,393
,347
,325
2026 06 19 17:59:52.782520,378
,387
,332
,336
,387
,369
,324
,349
,393
,354
,318
,365
,384
,330
2026 06 19 17:59:52.843858,318
,365
,376
,323
,350
,399
,367
,327
,363
,387
,342
,324
,378
,377
2026 06 19 17:59:52.905237,324
,335
,392
,360
,317
,348
,384
,342
,319
,373
,378
,323
,326
,383
2026 06 19 17:59:52.971330,376
,329
,354
,396
,357
,325
,369
,384
,333
,322
,372
,368
,317
,332
2026 06 19 17:59:53.032507,385
,356
,324
,352
,377
,345
,326
,378
,377
,323
,335
,390
,359
,315
2026 06 19 17:59:53.097768,349
,386
,346
,322
,369
,377
,322
,324
,380
,357
,316
,346
,387
,345
2026 06 19 17:59:53.159412,309
,361
,382
,332
,320
,377
,379
,327
,344
,388
,354
,319
,361
,388
2026 06 19 17:59:53.220776,338
,323
,377
,372
,319
,322
,378
,361
,320
,348
,384
,331
,317
,379
2026 06 19 17:59:53.285207,387
,332
,329
,382
,360
,313
,343
,383
,340
,308
,366
,382
,337
,331
2026 06 19 17:59:53.347816,382
,364
,318
,339
,390
,350
,313
,358
,386
,342
,326
,376
,373
,320
2026 06 19 17:59:53.413566,329
,378
,354
,315
,351
,382
,341
,317
,370
,378
,322
,326
,380
,356
2026 06 19 17:59:53.475200,309
,334
,386
,348
,312
,355
,371
,326
,320
,376
,369
,317
,336
,385
2026 06 19 17:59:53.535521,349
,316
,355
,383
,331
,310
,375
,379
,333
,339
,388
,357
,314
,344
2026 06 19 17:59:53.601940,384
,346
,321
,372
,373
,324
,333
,394
,362
,316
,348
,394
,353
,317
2026 06 19 17:59:53.663013,361
,379
,329
,322
,379
,364
,310
,330
,384
,347
,312
,356
,383
,335
2026 06 19 17:59:53.728549,329
,378
,376
,314
,335
,390
,362
,315
,346
,378
,339
,308
,362
,365
2026 06 19 17:59:53.790424,318
,325
,381
,359
,317
,344
,384
,352
,322
,365
,381
,331
,326
,379
2026 06 19 17:59:53.852048,366
,316
,337
,386
,351
,315
,351
,380
,334
,319
,371
,374
,329
,336
2026 06 19 17:59:53.916974,384
,352
,316
,350
,376
,332
,312
,388
,388
,328
,340
,386
,365
,318
2026 06 19 17:59:53.978037,343
,383
,347
,317
,360
,377
,327
,324
,379
,363
,319
,345
,389
,349
2026 06 19 17:59:54.044080,314
,364
,386
,338
,316
,362
,373
,330
,336
,390
,359
,314
,349
,376
2026 06 19 17:59:54.107844,337
,313
,362
,371
,318
,324
,377
,359
,311
,342
,385
,348
,315
,364
2026 06 19 17:59:54.167432,380
,328
,324
,378
,366
,314
,333
,383
,348
,315
,360
,380
,333
,316
2026 06 19 17:59:54.232732,371
,364
,311
,325
,374
,347
,309
,334
,376
,342
,320
,365
,369
,320
2026 06 19 17:59:54.295320,330
,384
,358
,311
,340
,386
,348
,316
,360
,378
,330
,323
,373
,364
2026 06 19 17:59:54.359078,315
,335
,385
,347
,324
,364
,388
,337
,323
,377
,372
,317
,329
,379
2026 06 19 17:59:54.420478,348
,304
,349
,386
,334
,306
,366
,382
,333
,333
,393
,365
,314
,345
2026 06 19 17:59:54.482559,389
,351
,325
,370
,382
,325
,323
,376
,364
,313
,332
,384
,351
,318
2026 06 19 17:59:54.547678,357
,381
,337
,327
,379
,369
,313
,332
,383
,347
,315
,350
,373
,334
2026 06 19 17:59:54.609209,322
,378
,380
,330
,337
,380
,352
,321
,355
,381
,342
,312
,356
,381
2026 06 19 17:59:54.674273,324
,308
,388
,375
,321
,343
,393
,356
,318
,359
,378
,331
,316
,370
2026 06 19 17:59:54.735790,372
,324
,333
,383
,352
,305
,345
,387
,337
,322
,374
,378
,327
,329
2026 06 19 17:59:54.796629,380
,353
,311
,341
,385
,346
,312
,361
,370
,331
,325
,370
,357
,313
2026 06 19 17:59:54.863401,348
,391
,353
,313
,361
,380
,330
,318
,372
,368
,318
,331
,385
,352
2026 06 19 17:59:54.924675,311
,349
,382
,339
,318
,368
,369
,331
,330
,379
,357
,325
,356
,392
2026 06 19 17:59:54.990322,354
,322
,366
,380
,326
,321
,375
,360
,310
,339
,388
,351
,314
,355
2026 06 19 17:59:55.051818,377
,327
,317
,380
,371
,311
,334
,389
,352
,309
,345
,381
,330
,312
2026 06 19 17:59:55.113362,366
,375
,325
,331
,384
,345
,304
,348
,392
,353
,323
,371
,385
,328
2026 06 19 17:59:55.178744,323
,378
,363
,311
,335
,382
,350
,320
,364
,387
,336
,325
,376
,366
2026 06 19 17:59:55.240586,325
,339
,392
,361
,315
,353
,383
,340
,319
,380
,381
,326
,331
,380
2026 06 19 17:59:55.304794,352
,306
,332
,383
,343
,309
,358
,372
,323
,323
,368
,368
,325
,345
2026 06 19 17:59:55.369717,392
,360
,323
,362
,386
,336
,323
,375
,365
,305
,311
,382
,353
,311
2026 06 19 17:59:55.427407,352
,384
,332
,313
,364
,364
,315
,324
,383
,368
,322
,348
,384
,340
2026 06 19 17:59:55.494053,313
,367
,381
,330
,329
,384
,362
,314
,337
,379
,346
,309
,365
,395
2026 06 19 17:59:55.555532,343
,328
,378
,370
,317
,335
,386
,355
,312
,351
,386
,340
,319
,369
2026 06 19 17:59:55.617185,371
,324
,333
,387
,364
,320
,348
,383
,338
,321
,363
,366
,322
,339
2026 06 19 17:59:55.682783,391
,368
,332
,352
,395
,355
,319
,361
,387
,339
,325
,375
,367
,323
2026 06 19 17:59:55.747929,341
,392
,360
,321
,351
,379
,338
,318
,374
,377
,324
,321
,382
,368
2026 06 19 17:59:55.808755,312
,349
,395
,352
,323
,368
,384
,334
,331
,382
,366
,314
,335
,380
2026 06 19 17:59:55.870835,347
,318
,354
,375
,324
,323
,372
,366
,324
,330
,386
,357
,318
,353
2026 06 19 17:59:55.932244,385
,338
,317
,371
,372
,322
,331
,388
,364
,317
,344
,382
,350
,323
2026 06 19 17:59:55.997874,363
,383
,324
,319
,372
,352
,310
,335
,388
,351
,314
,348
,375
,330
2026 06 19 17:59:56.065141,318
,378
,373
,325
,338
,390
,359
,315
,352
,387
,339
,318
,366
,371
2026 06 19 17:59:56.128583,318
,321
,375
,352
,314
,344
,383
,348
,328
,371
,370
,320
,331
,390
2026 06 19 17:59:56.185452,375
,324
,345
,387
,350
,316
,358
,381
,337
,326
,382
,374
,330
,350
2026 06 19 17:59:56.248018,400
,367
,317
,357
,395
,344
,321
,374
,373
,327
,332
,379
,366
,324
2026 06 19 17:59:56.312995,355
,390
,347
,325
,373
,385
,332
,329
,384
,364
,317
,341
,388
,358
2026 06 19 17:59:56.375710,324
,363
,389
,340
,323
,374
,370
,321
,336
,387
,353
,313
,352
,375
2026 06 19 17:59:56.442157,331
,318
,371
,373
,322
,329
,387
,364
,314
,328
,374
,343
,324
,367
2026 06 19 17:59:56.500981,382
,327
,320
,381
,365
,310
,330
,375
,336
,305
,353
,376
,329
,320
2026 06 19 17:59:56.562886,377
,370
,317
,331
,375
,340
,308
,352
,396
,344
,324
,373
,377
,326
2026 06 19 17:59:56.628418,333
,386
,365
,319
,353
,389
,344
,315
,361
,374
,321
,327
,386
,367
2026 06 19 17:59:56.689573,315
,340
,399
,357
,320
,366
,386
,333
,316
,368
,370
,332
,347
,393
2026 06 19 17:59:56.755201,360
,317
,355
,382
,333
,310
,362
,370
,331
,337
,385
,359
,315
,345
2026 06 19 17:59:56.817661,385
,343
,319
,365
,373
,328
,329
,379
,353
,305
,344
,393
,357
,324
2026 06 19 17:59:56.878607,367
,388
,338
,328
,377
,370
,324
,344
,396
,354
,316
,356
,384
,331
2026 06 19 17:59:56.943356,309
,377
,383
,328
,337
,397
,371
,320
,355
,394
,350
,321
,369
,381
2026 06 19 17:59:57.005541,331
,328
,378
,351
,299
,338
,380
,357
,331
,372
,399
,347
,327
,378
2026 06 19 17:59:57.071219,366
,314
,329
,390
,356
,311
,351
,386
,337
,313
,366
,365
,317
,329
2026 06 19 17:59:57.132339,400
,372
,316
,348
,387
,335
,308
,356
,378
,334
,332
,384
,365
,314
2026 06 19 17:59:57.193663,338
,385
,350
,316
,365
,391
,338
,323
,374
,368
,316
,331
,380
,347
2026 06 19 17:59:57.259311,305
,340
,371
,331
,307
,361
,367
,313
,326
,389
,363
,318
,342
,384
2026 06 19 17:59:57.322383,337
,311
,366
,379
,324
,319
,370
,347
,299
,330
,371
,340
,318
,363
2026 06 19 17:59:57.386859,385
,332
,315
,370
,366
,312
,321
,376
,344
,301
,340
,373
,321
,301
2026 06 19 17:59:57.447087,358
,360
,316
,330
,383
,352
,316
,352
,391
,346
,309
,357
,370
,319
2026 06 19 17:59:57.508953,320
,376
,360
,309
,337
,383
,347
,312
,359
,386
,338
,322
,371
,364
2026 06 19 17:59:57.574784,311
,330
,381
,351
,311
,339
,380
,338
,316
,369
,375
,320
,325
,389
2026 06 19 17:59:57.635909,369
,317
,349
,385
,346
,313
,362
,382
,332
,325
,377
,359
,302
,324
2026 06 19 17:59:57.701662,377
,343
,314
,355
,376
,328
,314
,367
,366
,322
,340
,381
,358
,324
2026 06 19 17:59:57.762872,351
,382
,337
,312
,363
,379
,325
,331
,384
,362
,318
,349
,388
,346
2026 06 19 17:59:57.824657,317
,360
,375
,323
,322
,383
,368
,317
,335
,372
,346
,318
,354
,374
2026 06 19 17:59:57.889536,328
,322
,376
,374
,323
,335
,388
,352
,308
,342
,372
,329
,311
,366
2026 06 19 17:59:57.952543,368
,316
,321
,364
,344
,319
,349
,384
,343
,319
,367
,381
,331
,324
2026 06 19 17:59:58.016721,384
,367
,312
,336
,381
,335
,307
,360
,380
,341
,324
,371
,354
,312
2026 06 19 17:59:58.078703,326
,386
,355
,313
,350
,378
,330
,311
,365
,366
,309
,321
,379
,356
2026 06 19 17:59:58.139982,313
,347
,382
,336
,311
,362
,374
,326
,322
,374
,364
,315
,334
,379
2026 06 19 17:59:58.205564,348
,315
,358
,386
,338
,325
,379
,374
,322
,333
,384
,350
,310
,344
2026 06 19 17:59:58.266727,371
,329
,314
,363
,375
,320
,322
,380
,367
,322
,350
,385
,338
,321
2026 06 19 17:59:58.333736,369
,381
,329
,327
,384
,368
,321
,340
,384
,343
,310
,360
,375
,325
2026 06 19 17:59:58.393378,309
,368
,372
,322
,335
,381
,358
,319
,349
,387
,339
,311
,367
,376
2026 06 19 17:59:58.455196,322
,330
,383
,358
,313
,343
,384
,341
,314
,371
,388
,335
,330
,380
2026 06 19 17:59:58.520417,361
,308
,330
,374
,353
,324
,364
,382
,331
,314
,364
,364
,319
,333
2026 06 19 17:59:58.582732,384
,352
,313
,349
,379
,330
,312
,368
,369
,318
,329
,385
,359
,316
2026 06 19 17:59:58.648132,350
,386
,335
,309
,365
,379
,329
,329
,385
,362
,311
,332
,380
,344
2026 06 19 17:59:58.709538,313
,359
,371
,330
,314
,380
,377
,314
,330
,389
,355
,311
,347
,382
2026 06 19 17:59:58.771390,333
,315
,365
,366
,313
,324
,380
,354
,309
,338
,377
,336
,310
,360
2026 06 19 17:59:58.840092,371
,322
,325
,378
,359
,311
,334
,376
,340
,312
,357
,382
,329
,327
2026 06 19 17:59:58.897523,382
,373
,315
,328
,379
,355
,317
,353
,380
,329
,312
,368
,366
,315
2026 06 19 17:59:58.963424,326
,382
,356
,309
,341
,386
,341
,315
,359
,377
,330
,329
,379
,360
2026 06 19 17:59:59.024576,312
,333
,379
,338
,311
,358
,376
,330
,321
,371
,362
,313
,322
,368
2026 06 19 17:59:59.085786,365
,332
,361
,377
,325
,318
,368
,366
,318
,332
,384
,356
,307
,344
2026 06 19 17:59:59.150884,383
,342
,318
,366
,373
,317
,322
,388
,359
,299
,338
,389
,352
,326
2026 06 19 17:59:59.213239,361
,375
,331
,321
,383
,371
,321
,343
,387
,355
,313
,351
,378
,336
2026 06 19 17:59:59.278543,317
,368
,371
,317
,325
,383
,355
,308
,343
,383
,340
,311
,359
,373
2026 06 19 17:59:59.341684,310
,320
,384
,370
,323
,346
,387
,345
,314
,362
,375
,332
,327
,381
2026 06 19 17:59:59.401162,370
,315
,333
,389
,358
,318
,351
,372
,329
,307
,363
,368
,316
,334
2026 06 19 17:59:59.466758,389
,362
,313
,344
,375
,342
,321
,371
,377
,330
,331
,386
,366
,313
2026 06 19 17:59:59.528795,342
,383
,340
,308
,355
,380
,330
,326
,381
,368
,319
,335
,386
,356
2026 06 19 17:59:59.594105,314
,353
,382
,335
,314
,367
,367
,315
,332
,386
,358
,319
,349
,382
2026 06 19 17:59:59.655645,345
,317
,364
,376
,328
,322
,376
,361
,312
,334
,384
,348
,310
,355
2026 06 19 17:59:59.717311,371
,328
,321
,374
,365
,308
,334
,388
,352
,312
,347
,375
,332
,315
2026 06 19 17:59:59.782531,366
,366
,316
,323
,373
,345
,306
,342
,387
,346
,323
,371
,375
,331
2026 06 19 17:59:59.844488,331
,385
,364
,314
,336
,381
,342
,312
,356
,373
,324
,319
,382
,370
2026 06 19 17:59:59.905641,318
,332
,388
,356
,316
,346
,377
,335
,314
,369
,372
,316
,324
,388
2026 06 19 17:59:59.970695,362
,322
,355
,382
,337
,317
,362
,375
,324
,322
,379
,362
,315
,336
2026 06 19 18:00:00.034719,379
,345
,306
,353
,379
,323
,318
,380
,375
,324
,341
,392
,362
,318
2026 06 19 18:00:00.097426,351
,379
,330
,313
,370
,366
,315
,327
,379
,346
,308
,348
,392
,342
2026 06 19 18:00:00.159008,318
,368
,375
,325
,324
,381
,362
,312
,335
,379
,341
,304
,344
,370
2026 06 19 18:00:00.220699,324
,315
,371
,373
,314
,329
,386
,361
,321
,358
,386
,341
,324
,372
2026 06 19 18:00:00.286345,372
,318
,322
,374
,349
,301
,336
,384
,344
,322
,372
,376
,333
,333
2026 06 19 18:00:00.347841,385
,366
,314
,335
,382
,346
,317
,355
,374
,326
,318
,374
,363
,308
2026 06 19 18:00:00.416657,331
,390
,354
,308
,349
,383
,343
,321
,370
,375
,328
,326
,388
,364
2026 06 19 18:00:00.475083,316
,351
,391
,348
,317
,367
,375
,324
,323
,377
,357
,307
,328
,376
2026 06 19 18:00:00.536565,345
,319
,350
,366
,336
,334
,388
,375
,319
,338
,387
,359
,321
,358
2026 06 19 18:00:00.601712,387
,345
,324
,376
,373
,312
,330
,381
,361
,314
,349
,386
,348
,324
2026 06 19 18:00:00.662932,372
,377
,329
,335
,389
,368
,319
,341
,385
,340
,311
,359
,381
,324
2026 06 19 18:00:00.727860,330
,396
,383
,328
,343
,392
,357
,313
,353
,380
,333
,317
,371
,365
2026 06 19 18:00:00.789762,311
,331
,388
,357
,312
,348
,386
,340
,322
,375
,380
,326
,330
,387
2026 06 19 18:00:00.852055,366
,323
,351
,390
,340
,314
,369
,391
,338
,327
,384
,368
,315
,346
2026 06 19 18:00:00.918590,399
,364
,322
,355
,382
,340
,321
,376
,376
,320
,331
,388
,359
,313
2026 06 19 18:00:00.977346,350
,388
,339
,311
,369
,380
,322
,329
,387
,368
,323
,352
,396
,357
2026 06 19 18:00:01.043745,322
,360
,379
,333
,326
,381
,371
,322
,342
,390
,354
,317
,358
,387
2026 06 19 18:00:01.105530,337
,319
,376
,375
,321
,333
,389
,364
,318
,350
,387
,348
,324
,368
2026 06 19 18:00:01.168736,379
,331
,338
,394
,370
,321
,342
,389
,351
,323
,367
,383
,329
,320
2026 06 19 18:00:01.231891,376
,367
,327
,350
,396
,357
,318
,357
,383
,338
,319
,368
,373
,320
2026 06 19 18:00:01.293487,327
,378
,345
,312
,359
,389
,343
,327
,373
,376
,328
,333
,389
,367
2026 06 19 18:00:01.359371,320
,343
,385
,346
,320
,367
,383
,335
,326
,375
,371
,325
,338
,384
2026 06 19 18:00:01.420820,352
,312
,353
,381
,336
,325
,376
,372
,318
,328
,381
,356
,314
,348
2026 06 19 18:00:01.482085,380
,339
,317
,372
,383
,333
,335
,388
,368
,318
,341
,386
,345
,313
2026 06 19 18:00:01.546992,361
,378
,329
,319
,371
,375
,320
,334
,385
,348
,314
,363
,384
,336
2026 06 19 18:00:01.609058,319
,373
,374
,322
,331
,381
,353
,311
,347
,384
,344
,325
,368
,373
2026 06 19 18:00:01.674937,335
,333
,388
,375
,330
,353
,390
,349
,316
,366
,392
,337
,327
,381
2026 06 19 18:00:01.735834,374
,321
,347
,394
,361
,313
,356
,397
,346
,328
,381
,378
,326
,341
2026 06 19 18:00:01.797491,397
,369
,327
,361
,394
,349
,320
,370
,385
,332
,333
,388
,369
,317
2026 06 19 18:00:01.863284,350
,398
,367
,331
,370
,391
,342
,329
,386
,376
,316
,337
,386
,358
2026 06 19 18:00:01.924790,317
,349
,388
,345
,330
,375
,372
,317
,333
,388
,356
,311
,343
,379
2026 06 19 18:00:01.991425,336
,309
,364
,379
,326
,326
,381
,363
,317
,336
,375
,346
,306
,350
2026 06 19 18:00:02.051438,377
,330
,319
,370
,358
,309
,338
,384
,351
,313
,349
,384
,335
,323
2026 06 19 18:00:02.112940,380
,370
,318
,327
,389
,364
,319
,351
,384
,333
,308
,362
,375
,328
2026 06 19 18:00:02.178588,333
,388
,364
,319
,344
,384
,344
,313
,364
,377
,333
,331
,382
,367
2026 06 19 18:00:02.241138,313
,339
,391
,357
,328
,368
,390
,343
,324
,369
,364
,320
,335
,388
2026 06 19 18:00:02.308480,363
,320
,365
,391
,341
,316
,363
,376
,336
,338
,392
,369
,321
,349
2026 06 19 18:00:02.366558,391
,346
,313
,362
,381
,326
,327
,386
,372
,322
,342
,391
,357
,317
2026 06 19 18:00:02.428603,359
,392
,345
,330
,382
,376
,325
,343
,394
,355
,319
,353
,388
,347
2026 06 19 18:00:02.493850,321
,373
,382
,328
,330
,385
,367
,318
,343
,383
,338
,312
,364
,386
2026 06 19 18:00:02.559126,335
,328
,379
,368
,319
,343
,384
,348
,322
,361
,382
,339
,329
,382
2026 06 19 18:00:02.622373,379
,327
,334
,379
,351
,318
,353
,388
,342
,321
,376
,381
,327
,332
2026 06 19 18:00:02.682485,386
,358
,314
,346
,392
,347
,315
,367
,386
,333
,329
,383
,369
,317
2026 06 19 18:00:02.744181,337
,384
,348
,311
,362
,378
,338
,328
,375
,369
,324
,334
,382
,350
2026 06 19 18:00:02.809314,310
,359
,390
,342
,318
,368
,373
,325
,327
,387
,367
,319
,349
,380
2026 06 19 18:00:02.872052,342
,322
,366
,380
,329
,325
,379
,372
,320
,338
,384
,351
,309
,347
2026 06 19 18:00:02.936272,377
,328
,321
,378
,371
,316
,330
,394
,364
,320
,353
,387
,339
,321
2026 06 19 18:00:02.997523,373
,382
,328
,333
,385
,363
,318
,352
,388
,345
,315
,367
,384
,330
2026 06 19 18:00:03.059397,325
,380
,369
,321
,348
,394
,347
,309
,363
,387
,334
,321
,372
,366
2026 06 19 18:00:03.124781,310
,319
,371
,334
,297
,337
,364
,335
,321
,367
,370
,324
,327
,379
2026 06 19 18:00:03.185286,352
,306
,342
,382
,338
,313
,361
,377
,323
,317
,374
,375
,321
,345
2026 06 19 18:00:03.251255,397
,355
,325
,369
,394
,340
,327
,382
,375
,327
,342
,395
,366
,323
2026 06 19 18:00:03.313340,360
,395
,351
,327
,376
,377
,322
,332
,398
,367
,326
,359
,395
,349
2026 06 19 18:00:03.374196,321
,365
,374
,328
,325
,376
,368
,319
,341
,386
,348
,310
,355
,373
2026 06 19 18:00:03.439942,326
,317
,374
,372
,318
,322
,382
,366
,326
,359
,402
,355
,327
,378
2026 06 19 18:00:03.501116,388
,332
,335
,385
,358
,315
,343
,376
,329
,307
,364
,383
,332
,330
2026 06 19 18:00:03.566577,383
,357
,307
,338
,382
,347
,317
,362
,383
,331
,318
,375
,366
,317
2026 06 19 18:00:03.628562,331
,377
,349
,314
,355
,385
,339
,322
,374
,375
,323
,332
,381
,354
2026 06 19 18:00:03.692924,325
,362
,401
,352
,326
,374
,380
,330
,334
,388
,374
,327
,347
,390
2026 06 19 18:00:03.755082,354
,323
,365
,388
,333
,327
,388
,378
,319
,342
,395
,362
,325
,361
2026 06 19 18:00:03.816858,385
,338
,319
,367
,376
,329
,335
,392
,366
,320
,345
,369
,335
,329
2026 06 19 18:00:03.878753,374
,385
,335
,334
,397
,376
,328
,351
,394
,353
,324
,370
,387
,339
2026 06 19 18:00:03.944386,331
,391
,377
,321
,337
,383
,359
,326
,359
,382
,340
,325
,380
,380
2026 06 19 18:00:04.005909,325
,335
,389
,361
,309
,342
,389
,345
,316
,364
,376
,322
,324
,379
2026 06 19 18:00:04.070923,358
,314
,335
,382
,351
,318
,358
,382
,333
,323
,378
,370
,318
,331
2026 06 19 18:00:04.132440,379
,351
,316
,355
,387
,345
,327
,383
,383
,328
,332
,381
,349
,312
2026 06 19 18:00:04.197767,357
,392
,340
,317
,367
,380
,324
,326
,390
,366
,320
,354
,400
,362
2026 06 19 18:00:04.260074,330
,368
,386
,333
,322
,381
,371
,318
,334
,384
,358
,318
,350
,379
2026 06 19 18:00:04.320806,338
,320
,373
,372
,324
,333
,389
,365
,315
,343
,380
,335
,313
,362
2026 06 19 18:00:04.385680,379
,329
,328
,384
,370
,314
,340
,387
,349
,322
,372
,393
,339
,326
2026 06 19 18:00:04.447757,378
,370
,317
,332
,380
,351
,314
,350
,386
,335
,310
,368
,368
,320
2026 06 19 18:00:04.508650,327
,378
,349
,304
,342
,384
,331
,316
,366
,373
,320
,325
,384
,367
2026 06 19 18:00:04.574618,313
,341
,387
,348
,319
,362
,380
,330
,322
,374
,372
,320
,333
,382
2026 06 19 18:00:04.635648,354
,308
,346
,377
,331
,313
,369
,374
,317
,324
,379
,351
,303
,343
2026 06 19 18:00:04.701461,382
,341
,313
,355
,380
,328
,324
,377
,367
,323
,345
,387
,350
,318
2026 06 19 18:00:04.763209,366
,385
,336
,328
,385
,379
,326
,339
,385
,353
,310
,346
,376
,335
2026 06 19 18:00:04.824674,324
,373
,376
,323
,327
,382
,355
,310
,346
,386
,342
,321
,372
,375
2026 06 19 18:00:04.890496,321
,321
,377
,362
,304
,329
,385
,352
,321
,358
,381
,330
,314
,372
2026 06 19 18:00:04.951925,363
,311
,327
,374
,349
,308
,343
,370
,332
,316
,367
,366
,319
,335
2026 06 19 18:00:05.018789,386
,357
,308
,348
,383
,343
,316
,357
,359
,314
,321
,370
,357
,306
2026 06 19 18:00:05.078465,338
,381
,344
,307
,353
,375
,322
,315
,373
,360
,307
,321
,379
,346
2026 06 19 18:00:05.139680,310
,349
,375
,330
,311
,358
,361
,313
,328
,380
,361
,310
,339
,381
2026 06 19 18:00:05.204938,343
,317
,370
,378
,320
,322
,382
,364
,317
,342
,388
,351
,317
,360
2026 06 19 18:00:05.267254,384
,336
,329
,382
,362
,319
,340
,387
,348
,322
,356
,387
,344
,327
2026 06 19 18:00:05.333842,379
,377
,323
,326
,375
,348
,302
,337
,374
,334
,311
,357
,374
,321
2026 06 19 18:00:05.394360,325
,382
,360
,313
,340
,381
,341
,312
,353
,378
,328
,311
,367
,366
2026 06 19 18:00:05.455101,314
,333
,373
,347
,315
,344
,372
,329
,309
,366
,373
,320
,331
,388
2026 06 19 18:00:05.520922,359
,312
,337
,375
,336
,311
,367
,373
,317
,323
,376
,353
,304
,321
2026 06 19 18:00:05.582525,381
,345
,312
,368
,377
,331
,325
,377
,359
,317
,339
,382
,347
,309
2026 06 19 18:00:05.646626,349
,376
,330
,318
,371
,367
,316
,326
,376
,347
,309
,343
,391
,344
2026 06 19 18:00:05.708608,316
,365
,374
,321
,320
,379
,362
,317
,345
,385
,346
,312
,361
,379
2026 06 19 18:00:05.774222,327
,314
,368
,357
,313
,347
,390
,354
,313
,350
,381
,332
,311
,369
2026 06 19 18:00:05.836194,369
,317
,325
,382
,358
,312
,347
,378
,330
,312
,367
,375
,317
,317
2026 06 19 18:00:05.897595,380
,360
,317
,344
,391
,350
,312
,360
,377
,326
,316
,370
,362
,317
2026 06 19 18:00:05.962579,336
,380
,348
,315
,345
,367
,329
,316
,374
,371
,318
,330
,395
,368
2026 06 19 18:00:06.024711,318
,352
,386
,343
,313
,372
,381
,324
,328
,387
,365
,315
,339
,379
2026 06 19 18:00:06.088701,341
,307
,350
,372
,319
,318
,377
,365
,325
,340
,387
,346
,316
,356
2026 06 19 18:00:06.153589,380
,339
,325
,380
,375
,323
,334
,384
,357
,306
,346
,387
,342
,321
2026 06 19 18:00:06.212731,372
,376
,319
,327
,380
,356
,313
,342
,388
,349
,313
,361
,381
,326
2026 06 19 18:00:06.278849,320
,375
,365
,310
,329
,384
,351
,308
,345
,377
,335
,319
,372
,372
2026 06 19 18:00:06.339011,323
,342
,391
,359
,311
,343
,384
,344
,321
,361
,368
,327
,324
,383
2026 06 19 18:00:06.401658,367
,322
,348
,387
,350
,321
,364
,381
,333
,325
,380
,369
,321
,340
2026 06 19 18:00:06.466868,388
,348
,309
,352
,379
,334
,318
,373
,371
,321
,336
,392
,361
,311
2026 06 19 18:00:06.528025,341
,383
,346
,317
,372
,376
,326
,327
,379
,356
,312
,345
,391
,344
2026 06 19 18:00:06.595132,309
,351
,381
,341
,332
,385
,370
,318
,334
,387
,351
,308
,344
,377
2026 06 19 18:00:06.655493,331
,320
,375
,374
,317
,327
,384
,358
,320
,350
,388
,345
,318
,372
2026 06 19 18:00:06.716907,375
,326
,325
,380
,359
,308
,337
,376
,343
,318
,360
,380
,323
,314
2026 06 19 18:00:06.784920,386
,375
,321
,339
,381
,355
,318
,357
,384
,340
,324
,373
,369
,323
2026 06 19 18:00:06.843492,333
,389
,360
,318
,350
,386
,346
,322
,375
,383
,339
,335
,382
,370
2026 06 19 18:00:06.909052,323
,349
,388
,350
,313
,361
,377
,326
,322
,385
,372
,325
,338
,384
2026 06 19 18:00:06.970133,360
,326
,369
,392
,343
,329
,377
,373
,321
,337
,388
,353
,315
,363
2026 06 19 18:00:07.032006,399
,348
,318
,368
,382
,336
,335
,392
,362
,317
,350
,391
,344
,313
2026 06 19 18:00:07.097558,358
,375
,324
,318
,379
,361
,307
,334
,380
,342
,303
,342
,374
,334
2026 06 19 18:00:07.158907,330
,379
,368
,315
,329
,386
,357
,314
,351
,385
,341
,317
,366
,371
2026 06 19 18:00:07.224507,316
,325
,381
,363
,316
,345
,388
,343
,313
,363
,375
,325
,328
,390
2026 06 19 18:00:07.285076,375
,321
,345
,395
,353
,316
,359
,385
,335
,323
,377
,374
,319
,333
2026 06 19 18:00:07.346864,385
,358
,319
,358
,387
,340
,326
,367
,368
,322
,341
,392
,363
,320
2026 06 19 18:00:07.413241,346
,384
,346
,315
,367
,386
,337
,336
,392
,378
,320
,347
,400
,361
2026 06 19 18:00:07.474559,326
,365
,387
,338
,330
,383
,378
,319
,331
,382
,351
,312
,356
,388
2026 06 19 18:00:07.535755,344
,322
,375
,374
,323
,338
,390
,373
,323
,349
,384
,341
,312
,359
2026 06 19 18:00:07.601531,376
,323
,316
,380
,367
,317
,339
,382
,353
,316
,358
,386
,337
,324
2026 06 19 18:00:07.662123,377
,367
,314
,333
,386
,353
,309
,356
,383
,342
,330
,376
,372
,314
2026 06 19 18:00:07.727543,328
,380
,357
,320
,351
,388
,335
,304
,365
,379
,328
,325
,381
,367
2026 06 19 18:00:07.792918,319
,341
,383
,341
,307
,353
,380
,332
,319
,375
,355
,305
,332
,383
2026 06 19 18:00:07.850831,350
,306
,358
,393
,347
,327
,375
,374
,322
,331
,385
,360
,313
,346
2026 06 19 18:00:07.916785,381
,337
,309
,352
,373
,326
,317
,381
,379
,326
,345
,386
,347
,311
2026 06 19 18:00:07.977483,354
,381
,336
,325
,375
,364
,311
,323
,375
,351
,311
,352
,377
,335
2026 06 19 18:00:08.043856,324
,372
,359
,307
,333
,389
,358
,314
,337
,376
,342
,311
,357
,361
2026 06 19 18:00:08.105592,324
,321
,373
,360
,312
,341
,381
,342
,307
,346
,380
,336
,325
,371
2026 06 19 18:00:08.166583,354
,307
,333
,382
,347
,296
,349
,385
,334
,314
,368
,368
,320
,331
2026 06 19 18:00:08.231609,385
,355
,311
,348
,383
,340
,314
,356
,366
,321
,324
,370
,349
,309
2026 06 19 18:00:08.293449,342
,395
,350
,315
,368
,390
,339
,327
,379
,366
,319
,339
,386
,353
2026 06 19 18:00:08.359131,317
,349
,383
,339
,324
,370
,366
,320
,329
,388
,365
,317
,345
,386
2026 06 19 18:00:08.420742,341
,313
,362
,384
,338
,331
,386
,369
,319
,346
,387
,354
,327
,373
2026 06 19 18:00:08.481546,392
,339
,334
,384
,375
,320
,334
,388
,358
,321
,357
,391
,349
,331
2026 06 19 18:00:08.547526,386
,388
,337
,343
,397
,370
,326
,358
,394
,350
,315
,364
,383
,329
2026 06 19 18:00:08.608843,323
,376
,377
,323
,350
,393
,359
,324
,367
,395
,351
,339
,389
,374
2026 06 19 18:00:08.674371,323
,340
,390
,356
,314
,352
,384
,339
,317
,371
,375
,318
,328
,383
2026 06 19 18:00:08.735205,353
,312
,354
,390
,343
,313
,375
,380
,328
,331
,388
,371
,323
,346
2026 06 19 18:00:08.796977,393
,358
,323
,363
,388
,337
,325
,379
,369
,318
,336
,384
,353
,318
2026 06 19 18:00:08.862721,356
,388
,343
,314
,368
,370
,325
,348
,404
,373
,327
,362
,397
,348
2026 06 19 18:00:08.926961,318
,368
,375
,323
,327
,383
,367
,318
,346
,387
,348
,315
,362
,379
2026 06 19 18:00:08.989967,332
,328
,383
,369
,315
,329
,389
,353
,314
,354
,386
,339
,319
,369
2026 06 19 18:00:09.051361,369
,318
,323
,371
,355
,323
,353
,395
,352
,325
,372
,380
,332
,331
2026 06 19 18:00:09.112673,383
,361
,315
,348
,394
,349
,313
,361
,382
,332
,322
,383
,373
,323
2026 06 19 18:00:09.178554,342
,387
,352
,322
,363
,387
,343
,328
,380
,374
,324
,331
,389
,364
2026 06 19 18:00:09.239971,318
,358
,390
,344
,318
,369
,371
,316
,318
,379
,369
,325
,346
,389
2026 06 19 18:00:09.305098,357
,324
,374
,389
,335
,325
,383
,371
,319
,338
,385
,349
,315
,355
2026 06 19 18:00:09.366953,379
,333
,311
,373
,376
,328
,338
,393
,361
,321
,353
,385
,342
,316
2026 06 19 18:00:09.427555,367
,376
,324
,330
,386
,369
,322
,354
,391
,354
,324
,366
,376
,333
2026 06 19 18:00:09.494102,324
,381
,372
,324
,343
,389
,353
,322
,370
,393
,344
,324
,386
,377
2026 06 19 18:00:09.555148,335
,345
,393
,361
,315
,349
,382
,339
,321
,373
,374
,322
,331
,388
2026 06 19 18:00:09.621055,365
,319
,349
,390
,350
,317
,366
,381
,324
,316
,363
,352
,315
,338
2026 06 19 18:00:09.682222,391
,361
,319
,362
,382
,330
,316
,376
,373
,322
,337
,388
,357
,314
2026 06 19 18:00:09.742999,354
,391
,350
,325
,376
,383
,329
,328
,374
,353
,310
,342
,382
,341
2026 06 19 18:00:09.808823,306
,363
,379
,325
,321
,379
,363
,314
,343
,393
,353
,312
,353
,377
2026 06 19 18:00:09.871096,327
,315
,374
,369
,314
,329
,379
,345
,306
,344
,381
,337
,312
,364
2026 06 19 18:00:09.935290,367
,317
,320
,370
,362
,323
,351
,385
,347
,326
,372
,383
,328
,329
2026 06 19 18:00:09.997557,393
,375
,326
,343
,380
,346
,310
,349
,374
,326
,306
,375
,381
,315
2026 06 19 18:00:10.058632,323
,378
,351
,305
,351
,385
,336
,318
,369
,369
,314
,318
,371
,348
2026 06 19 18:00:10.124507,304
,335
,371
,333
,306
,356
,367
,311
,314
,382
,363
,314
,340
,382
2026 06 19 18:00:10.185256,343
,299
,346
,364
,314
,315
,374
,365
,310
,320
,371
,347
,311
,352
2026 06 19 18:00:10.250753,379
,336
,316
,364
,365
,314
,321
,377
,352
,307
,337
,377
,341
,312
2026 06 19 18:00:10.313059,357
,370
,313
,319
,383
,362
,311
,329
,380
,349
,307
,344
,375
,329
2026 06 19 18:00:10.375380,316
,370
,366
,314
,330
,383
,351
,309
,347
,377
,328
,312
,362
,364
2026 06 19 18:00:10.442342,305
,316
,377
,353
,300
,330
,381
,344
,311
,361
,378
,323
,316
,379
2026 06 19 18:00:10.500633,362
,317
,331
,374
,345
,312
,355
,377
,324
,307
,361
,365
,313
,322
2026 06 19 18:00:10.566634,375
,345
,310
,357
,390
,342
,319
,368
,368
,314
,318
,374
,349
,308
2026 06 19 18:00:10.627844,339
,377
,339
,310
,353
,368
,327
,323
,380
,369
,313
,335
,379
,341
2026 06 19 18:00:10.689663,305
,347
,373
,323
,313
,366
,365
,310
,323
,369
,331
,301
,348
,379
2026 06 19 18:00:10.755372,327
,306
,373
,383
,323
,323
,378
,353
,304
,338
,381
,342
,313
,362
2026 06 19 18:00:10.816913,373
,318
,315
,367
,357
,307
,336
,382
,344
,313
,355
,376
,324
,316
2026 06 19 18:00:10.882202,369
,359
,311
,327
,376
,340
,307
,340
,374
,337
,320
,371
,367
,324
2026 06 19 18:00:10.944879,333
,380
,351
,306
,336
,378
,336
,307
,358
,368
,316
,317
,372
,352
2026 06 19 18:00:11.005110,303
,342
,387
,342
,306
,353
,370
,320
,315
,373
,368
,319
,337
,388
2026 06 19 18:00:11.069936,354
,309
,345
,376
,334
,310
,354
,363
,319
,337
,391
,360
,314
,346
2026 06 19 18:00:11.131550,384
,342
,316
,365
,377
,324
,324
,377
,364
,316
,339
,384
,350
,322
2026 06 19 18:00:11.194380,370
,388
,337
,329
,383
,373
,326
,341
,391
,359
,317
,359
,390
,343
2026 06 19 18:00:11.262144,333
,386
,379
,327
,338
,388
,357
,307
,343
,387
,344
,321
,372
,382
2026 06 19 18:00:11.320834,329
,331
,386
,368
,314
,341
,387
,350
,316
,354
,377
,333
,322
,387
2026 06 19 18:00:11.385374,381
,329
,351
,400
,359
,321
,362
,386
,335
,314
,383
,380
,327
,330
2026 06 19 18:00:11.447522,389
,361
,318
,346
,394
,359
,332
,376
,382
,329
,331
,385
,368
,317
2026 06 19 18:00:11.509281,345
,387
,344
,313
,356
,373
,325
,315
,374
,365
,320
,340
,393
,354
2026 06 19 18:00:11.575395,318
,363
,379
,335
,332
,385
,379
,322
,334
,387
,354
,310
,348
,384
2026 06 19 18:00:11.635198,344
,323
,375
,381
,325
,329
,378
,363
,321
,345
,392
,349
,318
,361
2026 06 19 18:00:11.700993,374
,324
,320
,381
,368
,317
,333
,379
,353
,318
,364
,393
,339
,329
2026 06 19 18:00:11.762524,381
,371
,318
,329
,385
,363
,315
,355
,396
,347
,314
,367
,388
,329
2026 06 19 18:00:11.824892,338
,390
,365
,325
,351
,386
,332
,306
,365
,372
,312
,306
,376
,359
2026 06 19 18:00:11.889261,315
,336
,384
,356
,322
,360
,382
,340
,328
,380
,373
,318
,330
,378
2026 06 19 18:00:11.951378,345
,295
,342
,380
,345
,337
,389
,391
,336
,338
,391
,365
,318
,347
2026 06 19 18:00:12.016999,388
,350
,321
,368
,384
,335
,334
,390
,372
,319
,344
,390
,355
,316
2026 06 19 18:00:12.077176,353
,382
,338
,324
,377
,376
,329
,340
,375
,353
,322
,358
,390
,336
2026 06 19 18:00:12.140075,320
,376
,374
,320
,327
,386
,360
,317
,348
,385
,343
,316
,359
,375
2026 06 19 18:00:12.205335,325
,329
,380
,378
,327
,344
,396
,361
,318
,356
,379
,328
,321
,374
2026 06 19 18:00:12.266854,365
,307
,316
,376
,353
,311
,344
,375
,338
,319
,364
,366
,323
,332
2026 06 19 18:00:12.332101,384
,358
,312
,343
,384
,340
,312
,360
,368
,317
,321
,374
,350
,302
2026 06 19 18:00:12.393519,339
,392
,341
,315
,367
,381
,327
,320
,378
,371
,324
,340
,388
,352
2026 06 19 18:00:12.455306,310
,345
,375
,321
,302
,376
,384
,329
,341
,389
,362
,322
,355
,393
2026 06 19 18:00:12.519930,349
,320
,364
,369
,327
,328
,384
,364
,310
,345
,396
,369
,327
,366
2026 06 19 18:00:12.581787,393
,349
,338
,388
,375
,328
,345
,394
,357
,306
,343
,377
,336
,319
2026 06 19 18:00:12.647574,374
,374
,329
,342
,397
,365
,316
,343
,390
,355
,330
,375
,386
,330
2026 06 19 18:00:12.708637,327
,382
,363
,319
,347
,387
,361
,331
,364
,380
,333
,330
,388
,379
2026 06 19 18:00:12.770600,330
,342
,390
,359
,310
,341
,374
,338
,340
,385
,374
,325
,341
,393
2026 06 19 18:00:12.835741,364
,315
,345
,384
,344
,317
,366
,378
,327
,323
,378
,362
,314
,338
2026 06 19 18:00:12.896790,385
,351
,318
,362
,379
,331
,323
,376
,366
,315
,331
,381
,353
,316
2026 06 19 18:00:12.962711,351
,378
,330
,321
,375
,376
,323
,344
,399
,369
,318
,344
,388
,345
2026 06 19 18:00:13.024438,315
,366
,379
,331
,333
,384
,363
,314
,340
,383
,343
,317
,365
,385
2026 06 19 18:00:13.084989,343
,329
,384
,382
,329
,345
,392
,364
,325
,356
,386
,347
,331
,383
2026 06 19 18:00:13.152027,385
,332
,341
,392
,363
,318
,345
,384
,343
,315
,370
,382
,336
,332
2026 06 19 18:00:13.212795,396
,377
,324
,344
,397
,366
,323
,365
,394
,345
,332
,388
,378
,327
2026 06 19 18:00:13.277943,342
,390
,358
,315
,357
,388
,342
,321
,380
,378
,324
,333
,390
,367
2026 06 19 18:00:13.339850,320
,349
,383
,347
,322
,360
,374
,335
,339
,394
,373
,322
,347
,393
2026 06 19 18:00:13.400747,351
,321
,361
,379
,325
,316
,373
,372
,322
,335
,380
,359
,315
,352
2026 06 19 18:00:13.465298,380
,333
,320
,371
,371
,323
,334
,385
,360
,316
,346
,386
,348
,322
2026 06 19 18:00:13.528615,368
,380
,327
,324
,382
,362
,316
,340
,389
,354
,323
,364
,385
,338
2026 06 19 18:00:13.593126,326
,376
,366
,320
,336
,387
,359
,325
,370
,396
,349
,334
,384
,392
2026 06 19 18:00:13.655284,341
,349
,397
,365
,319
,353
,396
,350
,320
,367
,383
,329
,324
,382
2026 06 19 18:00:13.716493,361
,310
,338
,392
,362
,324
,365
,389
,340
,325
,377
,379
,327
,342
2026 06 19 18:00:13.782683,388
,358
,317
,360
,394
,343
,321
,371
,377
,328
,341
,391
,358
,318
2026 06 19 18:00:13.843917,352
,390
,359
,329
,378
,391
,337
,332
,385
,363
,319
,345
,394
,362
2026 06 19 18:00:13.909036,323
,363
,381
,332
,324
,381
,370
,322
,342
,390
,352
,310
,350
,381
2026 06 19 18:00:13.970691,340
,324
,377
,380
,328
,334
,389
,356
,307
,350
,392
,350
,320
,370
2026 06 19 18:00:14.031831,372
,323
,329
,387
,363
,306
,335
,398
,358
,317
,369
,386
,346
,335
2026 06 19 18:00:14.097482,385
,370
,319
,341
,391
,355
,314
,361
,388
,340
,325
,377
,375
,323
2026 06 19 18:00:14.162440,335
,398
,369
,326
,358
,395
,348
,323
,372
,380
,325
,331
,387
,368
2026 06 19 18:00:14.223650,321
,346
,391
,351
,317
,362
,384
,334
,328
,384
,374
,321
,344
,390
2026 06 19 18:00:14.285290,361
,319
,353
,383
,339
,324
,375
,373
,331
,343
,392
,365
,321
,357
2026 06 19 18:00:14.347706,395
,349
,324
,377
,383
,329
,333
,383
,358
,308
,339
,384
,346
,312
2026 06 19 18:00:14.412338,373
,387
,336
,325
,378
,365
,326
,348
,392
,354
,315
,351
,380
,328
2026 06 19 18:00:14.474499,312
,373
,370
,318
,332
,387
,360
,316
,350
,384
,342
,318
,368
,368
2026 06 19 18:00:14.540061,317
,317
,378
,359
,313
,338
,381
,343
,311
,355
,381
,332
,319
,366
2026 06 19 18:00:14.600801,361
,311
,325
,383
,350
,298
,351
,395
,345
,325
,379
,374
,320
,328
2026 06 19 18:00:14.662112,387
,356
,310
,344
,381
,344
,316
,360
,373
,322
,323
,367
,366
,322
2026 06 19 18:00:14.728633,348
,391
,353
,317
,356
,378
,324
,329
,381
,374
,321
,340
,388
,353
2026 06 19 18:00:14.789771,317
,352
,379
,334
,316
,370
,374
,325
,331
,384
,351
,308
,351
,384
2026 06 19 18:00:14.855144,343
,315
,377
,386
,330
,328
,380
,359
,308
,337
,385
,342
,311
,354
2026 06 19 18:00:14.915876,372
,320
,310
,366
,359
,315
,332
,381
,341
,307
,341
,372
,327
,318
2026 06 19 18:00:14.979801,372
,369
,318
,323
,375
,351
,310
,336
,381
,345
,312
,360
,371
,312
2026 06 19 18:00:15.044325,317
,382
,361
,312
,339
,384
,344
,306
,352
,381
,333
,320
,373
,361
2026 06 19 18:00:15.105335,312
,326
,384
,350
,308
,349
,380
,329
,320
,368
,366
,311
,326
,376
2026 06 19 18:00:15.165880,348
,315
,352
,389
,340
,310
,365
,377
,325
,322
,380
,364
,314
,339
2026 06 19 18:00:15.231599,391
,350
,315
,352
,371
,325
,317
,369
,358
,307
,330
,381
,343
,312
2026 06 19 18:00:15.292958,358
,382
,336
,317
,371
,372
,318
,324
,374
,349
,307
,340
,376
,334
2026 06 19 18:00:15.358609,302
,358
,371
,323
,319
,366
,347
,311
,346
,385
,339
,309
,353
,373
2026 06 19 18:00:15.419640,325
,318
,370
,358
,307
,327
,376
,343
,308
,345
,374
,334
,316
,381
2026 06 19 18:00:15.481772,375
,323
,337
,386
,352
,315
,357
,391
,345
,321
,367
,364
,315
,325
2026 06 19 18:00:15.547706,379
,358
,306
,333
,384
,350
,311
,356
,380
,327
,327
,384
,371
,317
2026 06 19 18:00:15.609568,336
,385
,349
,310
,353
,385
,336
,313
,365
,377
,328
,337
,388
,366
2026 06 19 18:00:15.674885,324
,351
,396
,347
,321
,376
,390
,338
,336
,394
,367
,321
,351
,394
2026 06 19 18:00:15.735645,353
,318
,363
,381
,328
,327
,385
,370
,327
,348
,387
,346
,325
,363
2026 06 19 18:00:15.796823,390
,341
,323
,375
,370
,321
,328
,378
,357
,314
,348
,374
,334
,316
2026 06 19 18:00:15.863737,366
,379
,334
,329
,382
,356
,310
,338
,381
,351
,317
,362
,376
,329
2026 06 19 18:00:15.924408,323
,387
,378
,319
,336
,388
,349
,315
,358
,379
,337
,318
,368
,373
2026 06 19 18:00:15.989603,319
,330
,383
,354
,305
,345
,379
,337
,312
,367
,376
,323
,327
,382
2026 06 19 18:00:16.051434,358
,306
,339
,376
,333
,299
,357
,385
,339
,321
,380
,371
,317
,338
2026 06 19 18:00:16.115012,390
,352
,315
,355
,382
,335
,321
,379
,375
,321
,330
,382
,352
,313
2026 06 19 18:00:16.177436,359
,395
,340
,306
,353
,365
,315
,331
,393
,371
,320
,342
,384
,342
2026 06 19 18:00:16.239008,312
,363
,384
,331
,319
,375
,369
,316
,329
,395
,362
,308
,343
,371
2026 06 19 18:00:16.305385,328
,314
,365
,363
,311
,325
,377
,349
,309
,343
,382
,338
,314
,361
2026 06 19 18:00:16.366559,375
,335
,330
,382
,367
,318
,334
,376
,344
,312
,359
,378
,331
,324
2026 06 19 18:00:16.427318,377
,364
,314
,342
,384
,353
,318
,361
,391
,335
,321
,382
,376
,321
2026 06 19 18:00:16.493710,334
,392
,364
,316
,352
,390
,348
,322
,373
,374
,319
,323
,384
,355
2026 06 19 18:00:16.554761,309
,340
,383
,338
,308
,356
,381
,330
,322
,380
,362
,308
,324
,376
2026 06 19 18:00:16.619559,350
,314
,364
,389
,341
,328
,378
,373
,321
,333
,387
,357
,317
,354
2026 06 19 18:00:16.681689,388
,340
,314
,372
,382
,328
,321
,370
,367
,308
,328
,388
,362
,325
2026 06 19 18:00:16.743873,371
,391
,338
,330
,386
,371
,318
,339
,389
,357
,322
,364
,391
,336
2026 06 19 18:00:16.808747,319
,378
,368
,322
,330
,390
,363
,319
,349
,380
,347
,332
,377
,382
2026 06 19 18:00:16.869923,331
,334
,386
,368
,318
,342
,383
,345
,314
,367
,383
,331
,322
,376
2026 06 19 18:00:16.935414,373
,316
,332
,397
,358
,315
,362
,387
,334
,320
,372
,364
,310
,331
2026 06 19 18:00:16.997668,390
,363
,314
,346
,381
,339
,316
,366
,372
,319
,327
,387
,364
,318
2026 06 19 18:00:17.058884,345
,385
,348
,315
,361
,381
,313
,311
,381
,366
,304
,329
,379
,340
2026 06 19 18:00:17.124518,310
,356
,381
,330
,313
,370
,372
,322
,335
,387
,357
,321
,346
,384
2026 06 19 18:00:17.185525,342
,312
,364
,373
,321
,324
,375
,355
,313
,339
,372
,335
,307
,354
2026 06 19 18:00:17.251026,371
,323
,322
,372
,365
,312
,333
,381
,347
,306
,346
,371
,320
,311
2026 06 19 18:00:17.312777,370
,371
,319
,326
,383
,358
,314
,349
,374
,329
,314
,375
,375
,318
2026 06 19 18:00:17.373480,332
,388
,359
,302
,333
,381
,346
,315
,359
,378
,329
,321
,380
,369
2026 06 19 18:00:17.439793,318
,335
,387
,347
,305
,355
,382
,337
,321
,371
,362
,311
,332
,383
2026 06 19 18:00:17.500956,362
,317
,347
,384
,351
,320
,367
,374
,324
,328
,381
,361
,314
,341
2026 06 19 18:00:17.566672,389
,352
,320
,364
,380
,324
,324
,391
,375
,322
,337
,382
,352
,329
2026 06 19 18:00:17.627537,360
,388
,339
,318
,374
,371
,321
,328
,382
,353
,301
,349
,357
,343
2026 06 19 18:00:17.688866,343
,390
,392
,340
,336
,388
,365
,311
,336
,380
,344
,311
,358
,379
2026 06 19 18:00:17.755222,331
,326
,385
,372
,320
,338
,388
,351
,307
,339
,368
,327
,314
,372
2026 06 19 18:00:17.816511,372
,314
,328
,376
,345
,310
,356
,390
,347
,320
,373
,387
,329
,329
2026 06 19 18:00:17.881655,386
,362
,311
,345
,383
,340
,314
,355
,368
,325
,320
,375
,363
,319
2026 06 19 18:00:17.942920,336
,385
,352
,318
,361
,388
,341
,326
,377
,376
,319
,329
,385
,366
2026 06 19 18:00:18.005349,318
,351
,383
,342
,315
,368
,383
,331
,327
,383
,355
,313
,341
,380
2026 06 19 18:00:18.069683,341
,319
,366
,390
,336
,330
,387
,362
,305
,335
,395
,361
,324
,364
2026 06 19 18:00:18.131687,387
,339
,323
,377
,370
,313
,328
,380
,352
,305
,336
,374
,333
,310
2026 06 19 18:00:18.197561,365
,367
,328
,330
,381
,361
,318
,349
,392
,352
,316
,359
,377
,334
2026 06 19 18:00:18.258624,323
,380
,365
,310
,331
,391
,354
,310
,354
,381
,336
,320
,362
,368
2026 06 19 18:00:18.319724,329
,331
,393
,377
,324
,350
,388
,337
,311
,363
,387
,332
,325
,380
2026 06 19 18:00:18.385897,354
,307
,353
,394
,346
,307
,352
,380
,330
,323
,391
,382
,321
,335
2026 06 19 18:00:18.446807,395
,362
,320
,358
,384
,335
,321
,374
,370
,314
,324
,386
,359
,315
2026 06 19 18:00:18.512826,351
,381
,336
,316
,365
,372
,324
,322
,375
,369
,322
,338
,379
,349
2026 06 19 18:00:18.574203,322
,365
,383
,333
,328
,388
,374
,319
,332
,381
,352
,311
,349
,382
2026 06 19 18:00:18.635393,332
,316
,368
,368
,318
,333
,391
,358
,330
,362
,392
,339
,317
,372
2026 06 19 18:00:18.701073,364
,314
,318
,373
,349
,302
,335
,379
,342
,316
,360
,371
,323
,323
2026 06 19 18:00:18.763369,375
,368
,315
,336
,396
,370
,327
,357
,377
,328
,326
,385
,378
,322
2026 06 19 18:00:18.831259,343
,396
,366
,316
,350
,398
,353
,322
,370
,384
,339
,331
,383
,373
2026 06 19 18:00:18.889354,323
,356
,402
,364
,330
,369
,383
,327
,320
,377
,362
,305
,330
,383
2026 06 19 18:00:18.950687,348
,309
,354
,380
,327
,323
,380
,379
,324
,334
,385
,361
,311
,340
2026 06 19 18:00:19.021378,383
,348
,324
,371
,367
,307
,320
,372
,354
,310
,338
,377
,342
,312
2026 06 19 18:00:19.077680,365
,381
,328
,321
,376
,358
,297
,330
,382
,347
,313
,357
,379
,331
2026 06 19 18:00:19.139094,321
,383
,376
,327
,338
,387
,354
,311
,348
,384
,342
,322
,373
,378
2026 06 19 18:00:19.205259,331
,328
,377
,353
,315
,350
,389
,344
,328
,384
,400
,340
,332
,390
2026 06 19 18:00:19.266638,372
,321
,341
,392
,356
,311
,355
,388
,336
,319
,380
,370
,322
,338
2026 06 19 18:00:19.331718,386
,356
,320
,351
,377
,341
,318
,360
,367
,321
,329
,383
,357
,303
2026 06 19 18:00:19.393016,336
,378
,337
,307
,349
,372
,324
,314
,372
,355
,308
,339
,386
,347
2026 06 19 18:00:19.454431,313
,352
,379
,325
,309
,371
,367
,319
,333
,388
,363
,310
,351
,398
2026 06 19 18:00:19.519946,350
,323
,372
,376
,325
,323
,383
,373
,319
,337
,395
,357
,325
,363
2026 06 19 18:00:19.581519,375
,334
,334
,386
,374
,322
,337
,381
,358
,319
,358
,379
,327
,315
2026 06 19 18:00:19.647414,385
,378
,321
,329
,386
,356
,313
,343
,377
,339
,319
,368
,372
,317
2026 06 19 18:00:19.708778,315
,372
,350
,306
,343
,386
,339
,307
,351
,371
,318
,309
,358
,328
2026 06 19 18:00:19.769760,303
,348
,382
,341
,310
,353
,372
,330
,308
,362
,356
,302
,314
,373
2026 06 19 18:00:19.836098,342
,308
,352
,370
,328
,307
,353
,368
,322
,335
,385
,359
,316
,347
2026 06 19 18:00:19.896794,392
,348
,319
,364
,382
,334
,331
,385
,370
,316
,334
,386
,343
,310
2026 06 19 18:00:19.962788,357
,382
,332
,319
,374
,365
,316
,333
,391
,364
,320
,352
,387
,336
2026 06 19 18:00:20.023957,308
,384
,375
,306
,313
,368
,356
,312
,338
,381
,342
,311
,359
,375
2026 06 19 18:00:20.085028,333
,334
,376
,356
,299
,321
,373
,338
,302
,340
,377
,328
,299
,355
2026 06 19 18:00:20.150799,361
,326
,326
,379
,360
,305
,344
,370
,327
,309
,360
,358
,310
,326
2026 06 19 18:00:20.212306,380
,353
,307
,326
,362
,336
,307
,353
,363
,322
,326
,386
,361
,317
2026 06 19 18:00:20.277847,350
,400
,358
,327
,367
,388
,342
,320
,364
,370
,328
,350
,399
,365
2026 06 19 18:00:20.339033,334
,386
,417
,380
,359
,414
,415
,353
,358
,399
,367
,317
,340
,373
2026 06 19 18:00:20.400715,338
,321
,365
,387
,355
,352
,399
,387
,335
,359
,403
,356
,317
,368
2026 06 19 18:00:20.466707,390
,334
,319
,371
,355
,305
,334
,368
,332
,312
,324
,368
,350
,329
2026 06 19 18:00:20.528179,372
,375
,323
,327
,383
,355
,301
,342
,387
,339
,309
,365
,359
,316
2026 06 19 18:00:20.593925,331
,380
,356
,304
,317
,387
,356
,306
,361
,388
,334
,327
,382
,368
2026 06 19 18:00:20.655132,319
,333
,383
,348
,306
,343
,371
,329
,313
,356
,355
,310
,332
,389
2026 06 19 18:00:20.715242,363
,311
,350
,383
,343
,312
,360
,371
,320
,324
,379
,363
,315
,343
2026 06 19 18:00:20.782024,387
,342
,313
,366
,376
,322
,307
,368
,373
,328
,345
,393
,351
,307
2026 06 19 18:00:20.843164,361
,389
,335
,323
,376
,374
,312
,335
,392
,356
,310
,341
,390
,350
2026 06 19 18:00:20.908181,311
,370
,395
,342
,342
,401
,374
,324
,347
,395
,354
,326
,370
,390
2026 06 19 18:00:20.970009,343
,331
,381
,358
,323
,339
,390
,360
,322
,384
,408
,357
,338
,386
2026 06 19 18:00:21.031945,385
,329
,336
,389
,364
,320
,364
,392
,350
,324
,383
,391
,338
,349
2026 06 19 18:00:21.096513,401
,377
,331
,359
,398
,357
,319
,369
,379
,324
,325
,380
,380
,332
2026 06 19 18:00:21.158713,349
,390
,362
,328
,372
,403
,352
,336
,393
,387
,332
,342
,396
,362
2026 06 19 18:00:21.223901,321
,360
,389
,340
,316
,378
,384
,333
,341
,387
,358
,322
,359
,407
2026 06 19 18:00:21.285622,363
,322
,365
,385
,330
,323
,380
,357
,316
,339
,386
,355
,319
,367
2026 06 19 18:00:21.346844,395
,340
,327
,388
,381
,327
,346
,393
,363
,320
,361
,399
,347
,322
2026 06 19 18:00:21.413162,366
,370
,345
,347
,391
,359
,312
,368
,394
,349
,327
,374
,386
,333
2026 06 19 18:00:21.474291,335
,390
,377
,328
,349
,392
,353
,316
,369
,385
,338
,323
,367
,378
2026 06 19 18:00:21.539141,327
,340
,395
,368
,326
,359
,381
,339
,312
,364
,365
,314
,326
,369
2026 06 19 18:00:21.601207,357
,306
,339
,395
,359
,325
,369
,379
,327
,324
,381
,361
,312
,338
2026 06 19 18:00:21.662533,380
,342
,312
,358
,387
,339
,335
,387
,382
,319
,333
,395
,361
,318
2026 06 19 18:00:21.727128,350
,379
,329
,305
,361
,364
,314
,329
,386
,364
,323
,358
,398
,350
2026 06 19 18:00:21.789068,316
,357
,375
,319
,319
,366
,344
,299
,331
,380
,335
,301
,348
,377
2026 06 19 18:00:21.854737,340
,330
,378
,358
,309
,332
,376
,341
,299
,337
,368
,324
,295
,357
2026 06 19 18:00:21.915218,378
,316
,316
,381
,360
,310
,340
,374
,327
,300
,348
,363
,313
,309
2026 06 19 18:00:21.977163,367
,351
,303
,324
,372
,328
,308
,355
,376
,333
,319
,377
,365
,328
2026 06 19 18:00:22.043815,346
,392
,357
,314
,350
,380
,330
,308
,359
,368
,325
,324
,375
,360
2026 06 19 18:00:22.105140,319
,345
,375
,343
,314
,361
,374
,323
,319
,372
,354
,302
,324
,379
2026 06 19 18:00:22.171623,338
,305
,353
,367
,327
,316
,367
,361
,304
,321
,384
,349
,314
,351
2026 06 19 18:00:22.231826,377
,332
,315
,367
,364
,309
,320
,372
,347
,303
,331
,370
,332
,298
2026 06 19 18:00:22.292547,350
,359
,312
,311
,367
,353
,300
,318
,377
,340
,307
,350
,365
,311
2026 06 19 18:00:22.357948,306
,362
,351
,301
,329
,370
,339
,300
,345
,368
,319
,302
,356
,355
2026 06 19 18:00:22.420392,308
,320
,361
,333
,302
,347
,381
,331
,303
,351
,361
,314
,315
,366
2026 06 19 18:00:22.485625,350
,304
,330
,360
,321
,307
,350
,367
,318
,311
,371
,353
,313
,331
2026 06 19 18:00:22.547412,377
,346
,304
,348
,373
,322
,306
,361
,370
,315
,323
,367
,347
,315
2026 06 19 18:00:22.613617,350
,382
,335
,311
,358
,362
,313
,315
,373
,352
,306
,335
,374
,332
2026 06 19 18:00:22.674030,307
,353
,358
,313
,315
,380
,357
,312
,335
,377
,335
,301
,341
,369
2026 06 19 18:00:22.735433,320
,312
,370
,361
,309
,320
,374
,347
,309
,347
,376
,330
,306
,353
2026 06 19 18:00:22.800594,352
,297
,308
,380
,345
,295
,334
,370
,327
,296
,345
,365
,311
,304
2026 06 19 18:00:22.863144,368
,355
,301
,324
,375
,335
,294
,329
,359
,302
,288
,351
,367
,315
2026 06 19 18:00:22.924192,329
,373
,339
,302
,335
,365
,321
,304
,354
,353
,303
,312
,360
,330
2026 06 19 18:00:22.988881,301
,335
,370
,331
,305
,354
,370
,316
,314
,370
,347
,296
,322
,365
2026 06 19 18:00:23.050475,327
,294
,337
,358
,311
,297
,361
,358
,309
,328
,382
,342
,299
,345
2026 06 19 18:00:23.116603,373
,325
,309
,363
,363
,312
,319
,372
,342
,298
,326
,362
,331
,308
2026 06 19 18:00:23.177990,357
,366
,313
,310
,364
,344
,294
,314
,363
,343
,306
,347
,374
,319
2026 06 19 18:00:23.239496,303
,363
,354
,301
,318
,373
,340
,310
,347
,378
,329
,306
,367
,369
2026 06 19 18:00:23.304868,318
,324
,382
,354
,310
,349
,386
,339
,315
,361
,371
,318
,322
,370
2026 06 19 18:00:23.366644,354
,305
,332
,379
,338
,307
,358
,377
,327
,315
,370
,360
,310
,329
2026 06 19 18:00:23.427778,387
,351
,307
,345
,367
,320
,305
,369
,369
,319
,325
,377
,349
,303
2026 06 19 18:00:23.492536,338
,374
,335
,310
,364
,375
,325
,322
,378
,356
,307
,335
,383
,342
2026 06 19 18:00:23.554653,312
,358
,374
,320
,311
,365
,353
,302
,331
,381
,350
,313
,349
,376
2026 06 19 18:00:23.620053,328
,311
,371
,371
,318
,328
,377
,354
,311
,343
,377
,333
,313
,364
2026 06 19 18:00:23.681209,376
,324
,319
,378
,352
,302
,333
,387
,350
,314
,358
,371
,323
,315
2026 06 19 18:00:23.742834,375
,369
,315
,329
,378
,352
,313
,351
,374
,335
,313
,371
,370
,312
2026 06 19 18:00:23.808867,326
,385
,350
,306
,341
,371
,327
,303
,359
,368
,321
,322
,374
,357
2026 06 19 18:00:23.869933,311
,341
,382
,331
,292
,351
,377
,316
,311
,379
,365
,310
,326
,379
2026 06 19 18:00:23.935830,344
,307
,348
,366
,319
,301
,356
,356
,307
,321
,374
,344
,304
,332
2026 06 19 18:00:23.996967,366
,330
,314
,365
,374
,320
,323
,379
,358
,311
,337
,382
,346
,312
2026 06 19 18:00:24.058930,362
,369
,317
,324
,378
,362
,318
,341
,381
,351
,321
,360
,381
,336
2026 06 19 18:00:24.124381,327
,375
,368
,318
,331
,381
,350
,309
,346
,380
,335
,310
,366
,369
2026 06 19 18:00:24.185768,316
,326
,386
,366
,315
,347
,388
,347
,317
,359
,376
,326
,323
,381
2026 06 19 18:00:24.250105,366
,316
,334
,394
,352
,313
,351
,381
,334
,320
,376
,367
,319
,336
2026 06 19 18:00:24.312704,392
,359
,317
,358
,388
,339
,322
,370
,371
,322
,321
,388
,361
,315
2026 06 19 18:00:24.374077,349
,389
,343
,313
,367
,379
,327
,322
,378
,365
,313
,340
,384
,346
2026 06 19 18:00:24.439162,310
,345
,374
,326
,322
,383
,370
,319
,334
,384
,351
,309
,342
,374
2026 06 19 18:00:24.500670,336
,319
,374
,371
,323
,335
,385
,357
,315
,348
,381
,337
,313
,360
2026 06 19 18:00:24.566722,375
,321
,324
,385
,366
,320
,341
,388
,349
,308
,362
,387
,334
,331
2026 06 19 18:00:24.628175,392
,377
,326
,340
,387
,347
,306
,354
,379
,335
,310
,368
,371
,325
2026 06 19 18:00:24.689140,341
,390
,362
,307
,346
,391
,356
,329
,370
,378
,328
,326
,380
,366
2026 06 19 18:00:24.755124,319
,346
,394
,351
,315
,362
,377
,327
,337
,392
,374
,319
,339
,388
2026 06 19 18:00:24.816012,356
,318
,359
,388
,337
,319
,376
,373
,324
,338
,385
,364
,320
,352
2026 06 19 18:00:24.881450,385
,349
,325
,376
,381
,323
,326
,389
,365
,316
,343
,385
,346
,323
2026 06 19 18:00:24.942760,366
,381
,325
,327
,385
,367
,326
,345
,389
,350
,316
,361
,388
,339
2026 06 19 18:00:25.004887,323
,372
,373
,320
,336
,396
,365
,319
,355
,391
,350
,326
,373
,380
2026 06 19 18:00:25.069383,331
,334
,388
,365
,317
,348
,389
,348
,327
,374
,382
,326
,322
,389
2026 06 19 18:00:25.132878,380
,325
,352
,400
,366
,325
,363
,381
,337
,323
,377
,376
,327
,340
2026 06 19 18:00:25.197957,389
,358
,317
,354
,375
,347
,325
,363
,381
,335
,343
,394
,364
,314
2026 06 19 18:00:25.258849,346
,390
,348
,326
,364
,382
,334
,333
,385
,367
,306
,330
,406
,367
2026 06 19 18:00:25.319732,327
,360
,383
,344
,334
,381
,376
,325
,334
,386
,363
,322
,362
,390
2026 06 19 18:00:25.385460,344
,320
,367
,377
,330
,336
,393
,363
,313
,356
,392
,348
,326
,378
2026 06 19 18:00:25.448829,388
,332
,337
,392
,372
,322
,348
,401
,359
,320
,366
,393
,348
,331
2026 06 19 18:00:25.512296,390
,385
,331
,344
,389
,354
,320
,366
,396
,344
,321
,379
,373
,321
2026 06 19 18:00:25.574171,342
,395
,357
,307
,341
,395
,347
,321
,377
,384
,332
,332
,391
,371
2026 06 19 18:00:25.635334,324
,357
,395
,355
,321
,371
,394
,346
,339
,390
,379
,327
,351
,395
2026 06 19 18:00:25.702538,360
,323
,366
,398
,349
,326
,374
,371
,326
,343
,395
,362
,319
,353
2026 06 19 18:00:25.761738,395
,355
,330
,376
,388
,335
,335
,390
,372
,320
,346
,386
,347
,310
2026 06 19 18:00:25.827538,352
,385
,337
,316
,375
,374
,330
,348
,394
,359
,318
,362
,387
,341
2026 06 19 18:00:25.893098,324
,375
,376
,323
,336
,386
,350
,314
,343
,381
,349
,328
,379
,380
2026 06 19 18:00:25.951219,333
,338
,398
,379
,330
,355
,394
,356
,321
,368
,386
,336
,320
,378
2026 06 19 18:00:26.015754,377
,334
,346
,390
,351
,318
,365
,395
,341
,329
,385
,387
,338
,343
2026 06 19 18:00:26.077932,393
,362
,321
,354
,387
,352
,321
,372
,385
,338
,332
,392
,369
,318
2026 06 19 18:00:26.143415,356
,402
,352
,318
,367
,391
,343
,336
,386
,378
,331
,350
,390
,355
2026 06 19 18:00:26.204727,325
,371
,398
,349
,332
,386
,375
,321
,338
,400
,373
,324
,356
,389
2026 06 19 18:00:26.266807,352
,327
,377
,380
,331
,332
,394
,370
,321
,347
,387
,356
,319
,370
2026 06 19 18:00:26.331985,392
,343
,336
,384
,368
,329
,347
,395
,363
,325
,368
,388
,338
,327
2026 06 19 18:00:26.393376,390
,373
,343
,354
,403
,368
,319
,350
,387
,341
,319
,370
,376
,322
2026 06 19 18:00:26.457352,332
,389
,367
,325
,353
,398
,356
,319
,370
,383
,327
,329
,385
,370
2026 06 19 18:00:26.520063,318
,336
,394
,366
,326
,362
,389
,343
,330
,383
,374
,318
,331
,391
2026 06 19 18:00:26.581607,369
,322
,358
,384
,337
,320
,367
,368
,312
,332
,403
,378
,329
,368
2026 06 19 18:00:26.646494,402
,359
,324
,375
,390
,341
,337
,393
,380
,326
,344
,396
,364
,319
2026 06 19 18:00:26.710566,360
,391
,343
,327
,385
,382
,333
,354
,407
,368
,320
,354
,387
,344
2026 06 19 18:00:26.777974,322
,377
,382
,328
,337
,391
,370
,323
,348
,396
,344
,315
,369
,385
2026 06 19 18:00:26.835676,331
,319
,374
,366
,309
,333
,380
,334
,302
,365
,386
,335
,327
,380
2026 06 19 18:00:26.896468,372
,315
,332
,388
,358
,320
,361
,392
,346
,321
,373
,380
,335
,339
2026 06 19 18:00:26.961876,391
,370
,320
,349
,394
,349
,320
,373
,388
,336
,334
,389
,375
,323
2026 06 19 18:00:27.024208,340
,392
,357
,316
,360
,399
,345
,336
,385
,374
,322
,336
,392
,363
2026 06 19 18:00:27.091323,319
,356
,389
,338
,317
,372
,373
,325
,330
,390
,366
,326
,357
,386
2026 06 19 18:00:27.151132,344
,318
,375
,383
,325
,325
,386
,371
,317
,341
,389
,356
,322
,374
2026 06 19 18:00:27.212279,392
,344
,333
,391
,383
,326
,342
,390
,358
,323
,365
,395
,343
,327
2026 06 19 18:00:27.277680,383
,384
,329
,337
,387
,362
,326
,355
,386
,341
,317
,377
,377
,323
2026 06 19 18:00:27.341430,339
,395
,370
,321
,349
,393
,355
,319
,369
,392
,336
,324
,384
,372
2026 06 19 18:00:27.400400,317
,341
,388
,357
,316
,357
,389
,343
,322
,375
,375
,320
,343
,405
2026 06 19 18:00:27.465758,378
,330
,363
,395
,350
,321
,375
,380
,329
,327
,385
,366
,315
,354
2026 06 19 18:00:27.527742,398
,354
,322
,367
,388
,340
,340
,396
,375
,319
,341
,389
,355
,320
2026 06 19 18:00:27.593433,365
,393
,334
,319
,374
,378
,322
,337
,393
,358
,320
,359
,387
,339
2026 06 19 18:00:27.655002,322
,374
,384
,338
,336
,387
,368
,317
,346
,389
,346
,321
,368
,381
2026 06 19 18:00:27.715699,327
,323
,384
,372
,312
,337
,391
,354
,312
,359
,382
,338
,320
,373
2026 06 19 18:00:27.781659,372
,323
,330
,383
,354
,317
,350
,383
,336
,317
,375
,381
,325
,325
2026 06 19 18:00:27.843560,382
,361
,314
,343
,388
,340
,318
,378
,389
,332
,328
,376
,369
,310
2026 06 19 18:00:27.908749,330
,385
,351
,324
,365
,389
,332
,315
,381
,375
,321
,333
,380
,349
2026 06 19 18:00:27.970597,323
,362
,389
,341
,318
,374
,387
,332
,334
,392
,368
,315
,341
,393
2026 06 19 18:00:28.031995,352
,316
,371
,385
,332
,324
,378
,358
,310
,348
,394
,352
,320
,376
2026 06 19 18:00:28.097176,399
,339
,326
,383
,379
,327
,341
,391
,363
,322
,355
,387
,346
,324
2026 06 19 18:00:28.158967,375
,375
,319
,329
,384
,362
,311
,346
,400
,350
,311
,374
,393
,342
2026 06 19 18:00:28.223333,341
,396
,374
,320
,345
,389
,351
,315
,358
,385
,333
,315
,365
,367
2026 06 19 18:00:28.285056,324
,335
,388
,362
,318
,357
,386
,339
,318
,372
,373
,318
,334
,386
2026 06 19 18:00:28.346568,365
,313
,339
,379
,339
,307
,359
,379
,337
,332
,383
,360
,318
,341
2026 06 19 18:00:28.412911,390
,350
,311
,372
,390
,332
,323
,383
,370
,314
,330
,388
,356
,313
2026 06 19 18:00:28.473921,357
,387
,343
,323
,374
,375
,320
,327
,386
,364
,323
,352
,389
,343
2026 06 19 18:00:28.539070,318
,370
,376
,320
,323
,381
,364
,303
,338
,387
,339
,309
,363
,374
2026 06 19 18:00:28.601064,324
,320
,377
,375
,320
,342
,390
,363
,332
,362
,389
,342
,326
,384
2026 06 19 18:00:28.662281,384
,333
,331
,387
,373
,321
,354
,395
,350
,322
,374
,385
,335
,336
2026 06 19 18:00:28.727029,391
,366
,324
,352
,394
,344
,315
,366
,385
,331
,332
,387
,370
,316
2026 06 19 18:00:28.789037,339
,387
,356
,320
,360
,390
,345
,326
,377
,375
,316
,328
,390
,358
2026 06 19 18:00:28.854925,311
,351
,399
,356
,329
,381
,386
,335
,340
,396
,373
,315
,342
,388
2026 06 19 18:00:28.915849,350
,330
,388
,394
,339
,324
,382
,379
,319
,334
,382
,355
,320
,361
2026 06 19 18:00:28.977253,387
,334
,316
,373
,368
,315
,320
,374
,358
,308
,341
,372
,330
,310
2026 06 19 18:00:29.042708,370
,379
,334
,340
,397
,370
,320
,346
,386
,338
,306
,360
,384
,329
2026 06 19 18:00:29.107224,324
,380
,361
,310
,335
,384
,348
,312
,352
,375
,333
,323
,373
,363
2026 06 19 18:00:29.168896,315
,345
,402
,370
,320
,352
,387
,337
,317
,371
,379
,323
,326
,385
2026 06 19 18:00:29.231181,366
,311
,346
,397
,350
,319
,369
,381
,322
,321
,390
,374
,319
,341
2026 06 19 18:00:29.292810,393
,352
,315
,356
,381
,328
,318
,368
,362
,328
,347
,389
,353
,311
2026 06 19 18:00:29.357876,352
,389
,342
,323
,384
,381
,326
,340
,392
,367
,313
,343
,390
,352
2026 06 19 18:00:29.420047,322
,366
,376
,330
,326
,384
,371
,318
,342
,390
,353
,320
,367
,394
2026 06 19 18:00:29.485053,342
,328
,384
,377
,328
,337
,391
,366
,318
,355
,383
,339
,314
,371
2026 06 19 18:00:29.547218,383
,336
,338
,393
,369
,323
,352
,387
,343
,317
,366
,375
,321
,320
2026 06 19 18:00:29.609770,382
,367
,313
,336
,383
,343
,303
,351
,374
,327
,318
,376
,368
,317
2026 06 19 18:00:29.674732,335
,383
,347
,312
,351
,383
,337
,317
,371
,372
,316
,323
,384
,358
2026 06 19 18:00:29.735277,314
,351
,388
,340
,320
,382
,387
,328
,339
,394
,371
,327
,354
,396
2026 06 19 18:00:29.801034,359
,321
,362
,385
,333
,324
,386
,386
,333
,354
,405
,363
,318
,360
2026 06 19 18:00:29.862751,386
,334
,323
,377
,373
,327
,339
,391
,367
,319
,344
,381
,345
,323
2026 06 19 18:00:29.923630,364
,378
,331
,339
,393
,369
,312
,352
,403
,361
,328
,374
,390
,332
2026 06 19 18:00:29.988282,322
,387
,375
,322
,339
,381
,351
,319
,364
,390
,343
,329
,383
,382
2026 06 19 18:00:30.050861,331
,341
,394
,362
,308
,355
,392
,344
,327
,376
,380
,321
,329
,383
2026 06 19 18:00:30.115571,359
,306
,335
,383
,348
,321
,371
,388
,337
,341
,395
,376
,329
,353
2026 06 19 18:00:30.177815,397
,362
,312
,352
,391
,339
,322
,375
,373
,321
,329
,389
,360
,312
2026 06 19 18:00:30.238652,350
,383
,336
,326
,374
,379
,321
,325
,377
,360
,311
,345
,387
,346
2026 06 19 18:00:30.304945,323
,369
,382
,330
,321
,379
,371
,319
,339
,391
,354
,309
,343
,375
2026 06 19 18:00:30.366537,325
,299
,364
,380
,333
,352
,403
,371
,319
,347
,390
,351
,324
,374
2026 06 19 18:00:30.431299,380
,322
,322
,378
,361
,313
,343
,386
,352
,320
,368
,389
,336
,330
2026 06 19 18:00:30.492727,388
,378
,325
,340
,387
,351
,306
,346
,379
,333
,315
,369
,372
,321
2026 06 19 18:00:30.554519,339
,396
,359
,316
,354
,374
,336
,318
,367
,379
,316
,321
,382
,365
2026 06 19 18:00:30.619960,319
,341
,385
,349
,310
,361
,385
,335
,333
,386
,371
,324
,348
,392
2026 06 19 18:00:30.681460,351
,310
,353
,382
,328
,316
,367
,377
,325
,335
,406
,375
,329
,355
2026 06 19 18:00:30.746909,386
,353
,321
,369
,374
,323
,327
,387
,366
,311
,345
,402
,356
,317
2026 06 19 18:00:30.808647,357
,377
,339
,336
,393
,376
,318
,342
,388
,352
,308
,351
,383
,330
2026 06 19 18:00:30.869756,311
,373
,377
,321
,339
,387
,352
,305
,349
,392
,343
,320
,366
,368
2026 06 19 18:00:30.934819,312
,323
,382
,360
,313
,343
,386
,343
,312
,359
,367
,319
,335
,387
2026 06 19 18:00:30.996656,369
,315
,339
,388
,353
,308
,348
,377
,333
,327
,379
,370
,314
,324
2026 06 19 18:00:31.061999,382
,346
,313
,362
,401
,348
,324
,376
,374
,324
,321
,382
,363
,312
2026 06 19 18:00:31.123842,342
,385
,336
,308
,368
,383
,330
,329
,393
,376
,320
,347
,397
,355
2026 06 19 18:00:31.185741,315
,360
,385
,332
,320
,376
,370
,317
,330
,387
,355
,308
,360
,398
2026 06 19 18:00:31.251994,346
,333
,383
,384
,326
,328
,395
,368
,311
,343
,391
,354
,321
,369
2026 06 19 18:00:31.311994,387
,333
,329
,384
,370
,320
,338
,388
,350
,312
,363
,388
,330
,318
2026 06 19 18:00:31.377529,379
,380
,320
,324
,384
,358
,311
,351
,397
,346
,318
,371
,380
,327
2026 06 19 18:00:31.439445,331
,379
,347
,307
,344
,385
,342
,312
,367
,385
,329
,323
,384
,369
2026 06 19 18:00:31.499619,318
,339
,372
,358
,322
,364
,384
,332
,318
,373
,364
,310
,335
,389
2026 06 19 18:00:31.565204,349
,310
,354
,393
,344
,319
,377
,379
,325
,332
,389
,360
,313
,347
2026 06 19 18:00:31.627467,379
,331
,303
,366
,373
,318
,325
,392
,372
,319
,348
,396
,354
,319
2026 06 19 18:00:31.689077,367
,385
,329
,314
,373
,366
,310
,327
,384
,346
,296
,346
,389
,344
2026 06 19 18:00:31.754400,323
,386
,383
,326
,321
,382
,366
,315
,348
,388
,344
,316
,369
,381
2026 06 19 18:00:31.815893,323
,323
,376
,356
,310
,329
,382
,344
,318
,362
,379
,325
,316
,372
2026 06 19 18:00:31.882158,366
,317
,320
,382
,362
,315
,353
,382
,336
,318
,380
,381
,323
,330
2026 06 19 18:00:31.943445,388
,358
,304
,338
,381
,337
,307
,369
,381
,324
,325
,385
,366
,314
2026 06 19 18:00:32.003991,342
,389
,347
,312
,359
,380
,320
,315
,376
,369
,310
,330
,383
,360
2026 06 19 18:00:32.069907,320
,354
,386
,336
,312
,370
,369
,315
,321
,377
,359
,309
,340
,380
2026 06 19 18:00:32.131747,332
,304
,355
,370
,321
,323
,378
,364
,316
,342
,390
,351
,319
,363
2026 06 19 18:00:32.196931,381
,334
,323
,379
,368
,312
,334
,381
,348
,305
,354
,388
,332
,320
2026 06 19 18:00:32.257211,380
,382
,326
,331
,386
,359
,306
,344
,388
,345
,316
,363
,378
,321
2026 06 19 18:00:32.319619,320
,377
,367
,317
,344
,378
,329
,314
,368
,376
,318
,305
,370
,359
2026 06 19 18:00:32.385124,306
,329
,382
,355
,318
,357
,384
,335
,311
,367
,370
,312
,319
,374
2026 06 19 18:00:32.446627,349
,312
,341
,386
,345
,316
,371
,391
,328
,323
,392
,371
,319
,349
2026 06 19 18:00:32.513109,398
,353
,320
,364
,371
,322
,328
,390
,381
,335
,351
,399
,358
,313
2026 06 19 18:00:32.574112,353
,384
,338
,319
,379
,380
,326
,337
,395
,359
,311
,356
,395
,344
2026 06 19 18:00:32.635167,321
,374
,379
,331
,337
,394
,374
,322
,352
,393
,352
,325
,369
,389
2026 06 19 18:00:32.700100,338
,325
,386
,377
,318
,335
,393
,353
,313
,356
,386
,340
,321
,376
2026 06 19 18:00:32.762280,373
,320
,333
,390
,358
,316
,355
,388
,342
,317
,372
,381
,319
,317
2026 06 19 18:00:32.827037,370
,359
,326
,354
,391
,350
,320
,367
,383
,327
,321
,373
,356
,317
2026 06 19 18:00:32.889875,343
,392
,358
,317
,357
,382
,335
,314
,370
,368
,320
,332
,389
,353
2026 06 19 18:00:32.950123,309
,349
,386
,339
,319
,372
,381
,327
,330
,381
,356
,313
,340
,387
2026 06 19 18:00:33.015373,345
,315
,371
,382
,326
,322
,377
,360
,315
,335
,386
,354
,304
,342
2026 06 19 18:00:33.077637,386
,339
,320
,380
,372
,317
,332
,389
,356
,314
,345
,379
,334
,322
2026 06 19 18:00:33.143698,376
,379
,331
,334
,385
,363
,316
,339
,382
,349
,318
,359
,366
,313
2026 06 19 18:00:33.204331,315
,376
,358
,313
,346
,394
,354
,317
,361
,388
,339
,324
,372
,368
2026 06 19 18:00:33.265404,320
,335
,394
,359
,316
,352
,383
,336
,321
,376
,379
,329
,335
,393
2026 06 19 18:00:33.331484,370
,320
,349
,391
,351
,322
,376
,385
,328
,324
,384
,379
,333
,355
2026 06 19 18:00:33.392884,402
,363
,324
,367
,394
,339
,319
,373
,373
,320
,341
,397
,355
,310
2026 06 19 18:00:33.460116,354
,388
,348
,314
,379
,388
,330
,331
,392
,371
,325
,356
,397
,352
2026 06 19 18:00:33.519238,311
,359
,385
,331
,324
,378
,373
,322
,353
,394
,353
,312
,348
,379
2026 06 19 18:00:33.581638,339
,327
,377
,368
,315
,333
,388
,353
,314
,349
,395
,346
,318
,382
2026 06 19 18:00:33.646871,379
,325
,331
,388
,354
,321
,352
,385
,343
,317
,364
,380
,327
,326
2026 06 19 18:00:33.708777,380
,364
,313
,336
,378
,349
,316
,357
,381
,327
,323
,394
,379
,321
2026 06 19 18:00:33.774316,345
,394
,357
,312
,356
,386
,338
,323
,374
,376
,315
,324
,388
,367
2026 06 19 18:00:33.835460,317
,363
,402
,350
,319
,377
,385
,325
,320
,373
,367
,319
,343
,386
2026 06 19 18:00:33.896855,341
,304
,335
,383
,342
,323
,372
,378
,324
,337
,375
,355
,318
,346
2026 06 19 18:00:33.962478,379
,342
,323
,375
,373
,315
,316
,379
,354
,313
,339
,394
,351
,320
2026 06 19 18:00:34.023481,369
,382
,325
,321
,380
,366
,315
,340
,380
,335
,311
,357
,382
,342
2026 06 19 18:00:34.088362,326
,380
,380
,325
,337
,384
,345
,303
,348
,381
,334
,315
,368
,371
2026 06 19 18:00:34.150647,308
,317
,385
,372
,317
,343
,403
,357
,322
,369
,379
,323
,323
,383
2026 06 19 18:00:34.211472,366
,310
,334
,380
,338
,304
,349
,381
,346
,332
,385
,370
,309
,332
2026 06 19 18:00:34.280300,387
,358
,314
,351
,380
,332
,315
,371
,372
,313
,325
,380
,351
,305
2026 06 19 18:00:34.338861,339
,383
,345
,317
,362
,378
,326
,330
,388
,367
,313
,340
,385
,346
2026 06 19 18:00:34.404050,309
,347
,375
,330
,328
,393
,372
,313
,342
,393
,360
,316
,348
,374
2026 06 19 18:00:34.464996,339
,318
,370
,369
,315
,328
,388
,357
,310
,348
,398
,348
,321
,368
2026 06 19 18:00:34.527684,371
,323
,325
,377
,361
,312
,342
,387
,347
,309
,359
,383
,334
,324
2026 06 19 18:00:34.592247,375
,370
,307
,334
,391
,358
,315
,346
,385
,345
,322
,375
,381
,325
2026 06 19 18:00:34.654441,333
,385
,362
,320
,347
,380
,344
,315
,364
,368
,308
,322
,400
,377
2026 06 19 18:00:34.719240,320
,345
,395
,353
,314
,363
,390
,344
,329
,380
,369
,328
,341
,388
2026 06 19 18:00:34.781192,350
,313
,348
,386
,344
,322
,379
,378
,313
,334
,396
,369
,316
,360
2026 06 19 18:00:34.842690,397
,350
,324
,365
,383
,329
,318
,379
,362
,302
,332
,388
,357
,321
2026 06 19 18:00:34.907301,355
,390
,340
,329
,391
,378
,321
,344
,393
,358
,308
,336
,367
,343
2026 06 19 18:00:34.969657,325
,376
,369
,319
,334
,389
,355
,308
,345
,381
,346
,318
,366
,378
2026 06 19 18:00:35.035445,327
,333
,390
,369
,311
,331
,387
,348
,306
,345
,369
,322
,316
,372
2026 06 19 18:00:35.096432,372
,322
,340
,390
,356
,309
,346
,387
,341
,311
,369
,382
,318
,326
2026 06 19 18:00:35.158242,381
,352
,309
,349
,387
,337
,317
,373
,378
,323
,327
,381
,366
,308
2026 06 19 18:00:35.224859,321
,383
,354
,313
,353
,373
,330
,322
,378
,360
,319
,349
,393
,351
2026 06 19 18:00:35.285372,312
,357
,388
,334
,315
,372
,373
,315
,324
,383
,356
,301
,334
,384
2026 06 19 18:00:35.346847,338
,309
,370
,377
,317
,324
,386
,367
,315
,346
,393
,350
,316
,361
2026 06 19 18:00:35.412061,377
,317
,317
,376
,369
,311
,328
,383
,348
,299
,338
,379
,340
,323
2026 06 19 18:00:35.473766,374
,373
,325
,340
,396
,360
,314
,349
,385
,340
,310
,353
,362
,323
2026 06 19 18:00:35.538675,328
,379
,358
,309
,339
,382
,339
,318
,365
,380
,328
,327
,381
,365
2026 06 19 18:00:35.599843,315
,335
,384
,344
,303
,342
,372
,332
,317
,368
,363
,312
,325
,385
2026 06 19 18:00:35.662907,350
,298
,347
,392
,354
,321
,369
,373
,321
,327
,384
,361
,306
,334
2026 06 19 18:00:35.727851,389
,351
,308
,354
,386
,330
,331
,388
,375
,319
,332
,388
,359
,321
2026 06 19 18:00:35.788709,356
,387
,334
,312
,373
,385
,328
,338
,390
,357
,312
,347
,385
,342
2026 06 19 18:00:35.854430,317
,362
,376
,329
,331
,388
,363
,311
,340
,383
,342
,317
,363
,375
2026 06 19 18:00:35.915204,329
,325
,388
,377
,318
,337
,386
,344
,303
,350
,383
,338
,327
,378
2026 06 19 18:00:35.976808,379
,327
,335
,386
,356
,304
,344
,403
,350
,313
,358
,379
,322
,330
2026 06 19 18:00:36.042628,390
,366
,316
,342
,387
,343
,315
,364
,382
,334
,329
,384
,370
,312
2026 06 19 18:00:36.103989,336
,392
,357
,319
,349
,378
,341
,324
,374
,368
,319
,333
,386
,353
2026 06 19 18:00:36.169644,307
,347
,385
,346
,312
,363
,374
,316
,327
,390
,375
,317
,343
,390
2026 06 19 18:00:36.231437,349
,316
,362
,378
,324
,320
,379
,376
,323
,339
,391
,355
,311
,352
2026 06 19 18:00:36.293737,384
,340
,328
,381
,380
,320
,329
,396
,362
,314
,357
,394
,349
,317
2026 06 19 18:00:36.360407,375
,377
,318
,317
,380
,366
,318
,340
,388
,351
,317
,359
,378
,327
2026 06 19 18:00:36.420063,323
,380
,369
,313
,328
,385
,352
,306
,343
,382
,343
,323
,372
,375
2026 06 19 18:00:36.485090,325
,336
,393
,361
,316
,349
,387
,342
,314
,364
,370
,320
,324
,381
2026 06 19 18:00:36.547057,361
,311
,340
,386
,364
,328
,366
,387
,328
,318
,382
,383
,323
,336
2026 06 19 18:00:36.614431,389
,351
,302
,345
,384
,333
,314
,370
,371
,323
,330
,381
,358
,305
2026 06 19 18:00:36.673647,343
,386
,342
,319
,367
,376
,328
,326
,382
,360
,315
,341
,390
,353
2026 06 19 18:00:36.741746,319
,355
,373
,330
,324
,370
,367
,323
,336
,385
,357
,317
,355
,377
2026 06 19 18:00:36.803291,331
,318
,376
,378
,324
,331
,392
,360
,311
,343
,391
,338
,311
,368
2026 06 19 18:00:36.862451,376
,327
,328
,383
,369
,321
,344
,381
,335
,315
,364
,381
,330
,326
2026 06 19 18:00:36.924377,381
,371
,321
,341
,386
,352
,314
,350
,379
,331
,316
,372
,366
,317
2026 06 19 18:00:36.992827,333
,395
,367
,317
,350
,387
,347
,322
,374
,382
,324
,318
,374
,364
2026 06 19 18:00:37.050333,315
,342
,391
,351
,315
,365
,391
,339
,330
,386
,372
,314
,342
,395
2026 06 19 18:00:37.115417,352
,319
,360
,386
,342
,322
,372
,373
,318
,331
,388
,356
,307
,348
2026 06 19 18:00:37.179853,390
,351
,316
,359
,372
,323
,320
,374
,365
,313
,338
,382
,338
,298
2026 06 19 18:00:37.238937,346
,371
,323
,324
,382
,375
,318
,338
,391
,352
,304
,339
,378
,336
2026 06 19 18:00:37.304076,322
,376
,373
,315
,321
,383
,355
,308
,357
,400
,348
,325
,373
,378
2026 06 19 18:00:37.365786,331
,334
,387
,368
,318
,332
,382
,351
,312
,353
,374
,333
,329
,381
2026 06 19 18:00:37.431278,368
,320
,337
,390
,353
,309
,351
,382
,332
,316
,370
,363
,308
,329
2026 06 19 18:00:37.493667,382
,358
,317
,340
,387
,335
,316
,375
,380
,325
,322
,381
,369
,317
2026 06 19 18:00:37.554053,348
,393
,350
,313
,353
,380
,333
,324
,383
,373
,313
,334
,388
,350
2026 06 19 18:00:37.618964,306
,348
,384
,337
,317
,366
,364
,314
,316
,373
,349
,314
,350
,391
2026 06 19 18:00:37.685570,346
,314
,368
,373
,317
,318
,371
,360
,312
,339
,377
,344
,311
,353
2026 06 19 18:00:37.746764,380
,325
,310
,382
,367
,307
,335
,392
,352
,311
,351
,381
,329
,317
2026 06 19 18:00:37.808521,370
,366
,314
,324
,379
,352
,321
,342
,380
,351
,323
,369
,375
,321
2026 06 19 18:00:37.869871,329
,387
,364
,318
,346
,389
,347
,311
,354
,373
,320
,321
,369
,351
2026 06 19 18:00:37.934821,304
,336
,384
,347
,311
,358
,393
,335
,327
,381
,375
,323
,333
,388
2026 06 19 18:00:38.057972,354
,314
,354
,392
,339
,315
,374
,376
,322
,325
,380
,364
,319
,340
2026 06 19 18:00:38.062244,386
,346
,313
,364
,398
,346
,340
,391
,376
,333
,350
,394
,352
,311
2026 06 19 18:00:38.127800,349
,379
,336
,321
,383
,373
,318
,329
,384
,355
,317
,354
,391
,354
2026 06 19 18:00:38.185355,331
,384
,385
,329
,333
,383
,360
,313
,342
,386
,344
,315
,365
,377
2026 06 19 18:00:38.250072,326
,323
,375
,364
,317
,336
,380
,345
,306
,349
,376
,327
,316
,378
2026 06 19 18:00:38.311813,379
,323
,339
,392
,362
,318
,353
,387
,348
,327
,377
,377
,327
,333
2026 06 19 18:00:38.376781,394
,368
,315
,337
,380
,342
,314
,365
,381
,323
,315
,379
,369
,316
2026 06 19 18:00:38.441688,342
,387
,341
,299
,349
,377
,331
,319
,372
,373
,319
,333
,388
,357
2026 06 19 18:00:38.499425,316
,346
,382
,334
,306
,362
,376
,326
,326
,380
,355
,310
,333
,376
2026 06 19 18:00:38.565131,345
,314
,365
,379
,334
,330
,383
,378
,325
,344
,388
,354
,313
,351
2026 06 19 18:00:38.627598,376
,338
,323
,383
,379
,322
,337
,392
,363
,324
,359
,393
,344
,322
2026 06 19 18:00:38.692888,371
,372
,328
,333
,383
,366
,316
,346
,382
,343
,319
,368
,387
,339
2026 06 19 18:00:38.755085,330
,391
,374
,317
,337
,385
,345
,304
,347
,376
,332
,323
,380
,379
2026 06 19 18:00:38.816791,320
,328
,394
,369
,315
,348
,386
,335
,316
,372
,384
,327
,328
,382
2026 06 19 18:00:38.881772,363
,320
,353
,390
,344
,314
,358
,369
,329
,331
,381
,366
,305
,329
2026 06 19 18:00:38.942512,390
,356
,320
,359
,378
,330
,317
,366
,357
,315
,335
,384
,360
,322
2026 06 19 18:00:39.011973,354
,386
,336
,316
,362
,376
,318
,325
,381
,358
,323
,349
,384
,340
2026 06 19 18:00:39.069335,315
,369
,384
,325
,315
,372
,358
,311
,334
,386
,354
,312
,351
,391
2026 06 19 18:00:39.131463,343
,324
,368
,369
,317
,323
,382
,358
,317
,351
,388
,342
,312
,364
2026 06 19 18:00:39.196575,369
,322
,324
,380
,358
,310
,331
,380
,353
,322
,368
,383
,337
,333
2026 06 19 18:00:39.258619,389
,369
,316
,335
,384
,352
,318
,358
,383
,330
,316
,374
,363
,298
2026 06 19 18:00:39.319869,320
,389
,358
,318
,362
,397
,349
,319
,368
,374
,320
,330
,386
,360
2026 06 19 18:00:39.384926,315
,342
,384
,340
,306
,356
,374
,317
,317
,378
,368
,316
,348
,397
2026 06 19 18:00:39.446742,355
,317
,360
,383
,328
,310
,358
,367
,319
,330
,379
,355
,316
,350
2026 06 19 18:00:39.512208,387
,341
,322
,373
,377
,321
,335
,395
,372
,319
,342
,384
,348
,312
2026 06 19 18:00:39.573757,354
,369
,319
,324
,384
,370
,321
,341
,390
,354
,320
,357
,376
,326
2026 06 19 18:00:39.635183,314
,369
,372
,319
,333
,384
,356
,310
,340
,380
,344
,316
,366
,377
2026 06 19 18:00:39.700852,326
,325
,377
,358
,311
,342
,389
,347
,315
,358
,375
,320
,328
,388
2026 06 19 18:00:39.764265,374
,317
,335
,382
,344
,304
,356
,387
,338
,322
,382
,383
,324
,335
2026 06 19 18:00:39.827813,391
,357
,314
,352
,386
,346
,316
,366
,374
,320
,323
,390
,365
,321
2026 06 19 18:00:39.888467,349
,389
,340
,307
,364
,382
,330
,323
,385
,372
,311
,345
,391
,359
2026 06 19 18:00:39.949870,320
,367
,393
,337
,319
,376
,372
,321
,333
,391
,359
,316
,352
,387
2026 06 19 18:00:40.017797,336
,310
,377
,380
,325
,321
,387
,369
,312
,354
,394
,349
,321
,368
2026 06 19 18:00:40.077649,382
,333
,325
,371
,368
,320
,350
,393
,354
,318
,361
,385
,331
,316
2026 06 19 18:00:40.142976,375
,370
,316
,328
,386
,360
,309
,343
,384
,346
,318
,373
,378
,308
2026 06 19 18:00:40.204678,324
,406
,377
,319
,360
,396
,349
,312
,362
,379
,322
,318
,377
,364
2026 06 19 18:00:40.270510,313
,338
,385
,351
,316
,352
,372
,331
,322
,384
,382
,329
,335
,392
2026 06 19 18:00:40.333624,358
,312
,358
,389
,342
,322
,372
,378
,320
,326
,390
,368
,311
,343
2026 06 19 18:00:40.392339,388
,342
,309
,360
,379
,326
,315
,379
,375
,325
,341
,397
,361
,320
2026 06 19 18:00:40.457099,356
,375
,327
,320
,381
,380
,320
,325
,378
,351
,302
,346
,394
,346
2026 06 19 18:00:40.519710,321
,371
,378
,331
,334
,389
,366
,315
,345
,389
,345
,309
,351
,370
2026 06 19 18:00:40.583928,321
,319
,386
,381
,323
,346
,400
,362
,324
,368
,394
,346
,325
,381
2026 06 19 18:00:40.649892,379
,314
,330
,387
,359
,310
,345
,384
,335
,313
,381
,383
,323
,322
2026 06 19 18:00:40.707124,381
,367
,312
,337
,383
,342
,316
,362
,373
,323
,319
,378
,366
,320
2026 06 19 18:00:40.773690,338
,388
,360
,313
,359
,392
,341
,325
,385
,381
,321
,333
,385
,357
2026 06 19 18:00:40.839812,306
,349
,392
,346
,327
,378
,380
,317
,335
,402
,377
,327
,356
,395
2026 06 19 18:00:40.896562,349
,321
,367
,380
,331
,321
,383
,368
,321
,342
,397
,355
,315
,353
2026 06 19 18:00:40.961740,380
,339
,320
,379
,372
,322
,336
,392
,369
,323
,355
,387
,342
,313
2026 06 19 18:00:41.022974,368
,378
,335
,340
,389
,365
,320
,349
,389
,342
,313
,361
,383
,333
2026 06 19 18:00:41.089001,329
,383
,373
,320
,338
,393
,354
,312
,348
,385
,345
,315
,382
,381
2026 06 19 18:00:41.151542,322
,329
,385
,359
,311
,346
,385
,345
,319
,369
,385
,327
,323
,384
2026 06 19 18:00:41.212380,363
,313
,344
,386
,350
,318
,359
,373
,329
,321
,370
,363
,315
,340
2026 06 19 18:00:41.277548,392
,354
,318
,353
,376
,327
,323
,380
,380
,322
,329
,381
,352
,311
2026 06 19 18:00:41.338983,342
,382
,340
,317
,368
,372
,319
,315
,373
,352
,307
,335
,391
,349
2026 06 19 18:00:41.404577,304
,367
,389
,343
,331
,387
,372
,319
,338
,386
,353
,306
,346
,374
2026 06 19 18:00:41.466660,329
,310
,370
,378
,320
,327
,385
,355
,306
,345
,387
,346
,320
,373
2026 06 19 18:00:41.526925,377
,318
,319
,376
,354
,312
,339
,383
,340
,305
,348
,372
,319
,313
2026 06 19 18:00:41.593068,380
,369
,312
,335
,386
,347
,309
,355
,388
,331
,313
,367
,372
,315
2026 06 19 18:00:41.653870,328
,379
,340
,305
,344
,380
,340
,319
,375
,383
,323
,320
,381
,366
2026 06 19 18:00:41.719944,317
,343
,391
,350
,312
,360
,377
,324
,314
,373
,362
,302
,339
,401
2026 06 19 18:00:41.781463,360
,319
,360
,387
,334
,323
,384
,377
,314
,328
,389
,364
,315
,345
2026 06 19 18:00:41.843453,386
,338
,315
,371
,377
,321
,326
,383
,365
,317
,344
,387
,344
,308
2026 06 19 18:00:41.908021,367
,382
,326
,321
,374
,364
,315
,332
,375
,351
,324
,358
,383
,334
2026 06 19 18:00:41.968914,321
,381
,371
,320
,332
,385
,352
,308
,341
,379
,339
,306
,367
,372
2026 06 19 18:00:42.035268,313
,322
,377
,357
,319
,355
,407
,358
,318
,364
,379
,330
,324
,382
2026 06 19 18:00:42.098826,371
,312
,331
,388
,354
,311
,350
,385
,335
,321
,375
,374
,318
,327
2026 06 19 18:00:42.157407,385
,352
,309
,350
,393
,346
,318
,371
,376
,319
,323
,383
,362
,308
2026 06 19 18:00:42.223738,340
,386
,345
,309
,356
,376
,324
,319
,380
,367
,315
,337
,389
,348
2026 06 19 18:00:42.284608,302
,345
,387
,337
,324
,376
,376
,316
,328
,372
,351
,315
,346
,390
2026 06 19 18:00:42.350065,347
,316
,368
,381
,321
,321
,383
,367
,313
,345
,386
,346
,317
,367
2026 06 19 18:00:42.412346,378
,325
,324
,381
,370
,312
,332
,381
,343
,302
,348
,374
,329
,311
2026 06 19 18:00:42.473735,371
,374
,318
,327
,386
,360
,311
,346
,386
,340
,316
,366
,374
,313
2026 06 19 18:00:42.539147,316
,380
,358
,309
,337
,384
,344
,316
,361
,373
,324
,322
,378
,368
2026 06 19 18:00:42.600006,320
,335
,388
,357
,317
,359
,384
,332
,318
,370
,372
,318
,326
,379
2026 06 19 18:00:42.665817,357
,313
,350
,384
,339
,317
,365
,375
,320
,322
,382
,360
,307
,339
2026 06 19 18:00:42.727546,387
,343
,304
,354
,379
,317
,320
,392
,373
,315
,336
,388
,347
,307
2026 06 19 18:00:42.790444,348
,375
,326
,303
,369
,373
,310
,318
,381
,345
,297
,339
,381
,329
2026 06 19 18:00:42.855106,308
,370
,382
,326
,327
,385
,363
,313
,342
,386
,345
,310
,358
,375
2026 06 19 18:00:42.915839,322
,320
,383
,373
,321
,341
,391
,349
,302
,359
,389
,331
,310
,369
2026 06 19 18:00:42.980931,366
,310
,335
,401
,360
,308
,348
,387
,339
,319
,371
,375
,322
,330
2026 06 19 18:00:43.042333,389
,369
,318
,344
,387
,342
,312
,354
,372
,316
,326
,390
,373
,318
2026 06 19 18:00:43.103901,338
,383
,355
,319
,364
,394
,337
,319
,382
,375
,325
,333
,385
,353
2026 06 19 18:00:43.170013,312
,357
,391
,345
,322
,369
,371
,313
,319
,385
,362
,310
,344
,386
2026 06 19 18:00:43.231292,336
,303
,363
,386
,329
,320
,381
,370
,322
,345
,398
,365
,319
,362
2026 06 19 18:00:43.296652,390
,336
,319
,376
,372
,315
,329
,383
,350
,306
,346
,382
,340
,311
2026 06 19 18:00:43.359585,367
,383
,329
,331
,396
,370
,318
,347
,390
,349
,314
,365
,384
,332
2026 06 19 18:00:43.419756,325
,386
,370
,311
,337
,386
,353
,318
,361
,384
,335
,322
,380
,378
2026 06 19 18:00:43.484655,324
,333
,391
,362
,312
,350
,383
,337
,316
,375
,379
,320
,319
,379
2026 06 19 18:00:43.546890,372
,322
,350
,392
,347
,311
,361
,379
,324
,318
,378
,364
,307
,326
2026 06 19 18:00:43.607946,393
,349
,308
,349
,385
,338
,317
,371
,370
,320
,335
,392
,360
,313
2026 06 19 18:00:43.673630,352
,386
,339
,316
,364
,374
,322
,322
,379
,353
,315
,345
,386
,342
2026 06 19 18:00:43.735005,318
,370
,385
,332
,324
,383
,368
,308
,333
,390
,356
,312
,359
,392
2026 06 19 18:00:43.799950,338
,315
,374
,378
,318
,331
,384
,346
,304
,348
,390
,334
,316
,387
2026 06 19 18:00:43.862391,389
,325
,320
,390
,364
,313
,346
,392
,347
,312
,360
,375
,316
,329
2026 06 19 18:00:43.922845,391
,370
,312
,338
,393
,354
,305
,355
,385
,328
,315
,371
,359
,305
2026 06 19 18:00:43.987868,330
,380
,351
,308
,345
,383
,336
,310
,358
,373
,320
,325
,394
,366
2026 06 19 18:00:44.049984,314
,345
,390
,342
,312
,361
,378
,329
,315
,371
,370
,317
,346
,397
2026 06 19 18:00:44.115351,356
,320
,359
,387
,330
,306
,367
,368
,317
,325
,384
,359
,314
,353
2026 06 19 18:00:44.177741,391
,340
,316
,369
,380
,329
,330
,381
,354
,303
,342
,394
,346
,297
2026 06 19 18:00:44.238201,364
,397
,347
,336
,389
,374
,316
,337
,392
,352
,311
,359
,387
,338
2026 06 19 18:00:44.304345,321
,374
,369
,310
,320
,372
,340
,297
,355
,393
,337
,316
,368
,376
2026 06 19 18:00:44.365367,322
,325
,387
,358
,308
,346
,389
,342
,308
,364
,385
,329
,324
,380
2026 06 19 18:00:44.430871,367
,312
,334
,388
,359
,317
,367
,395
,332
,315
,381
,371
,315
,326
2026 06 19 18:00:44.492368,383
,357
,313
,351
,386
,336
,310
,368
,380
,333
,340
,398
,375
,319
2026 06 19 18:00:44.554338,350
,391
,346
,312
,363
,378
,338
,328
,384
,372
,315
,340
,391
,349
2026 06 19 18:00:44.619703,316
,355
,376
,325
,312
,370
,363
,303
,313
,382
,352
,310
,353
,382
2026 06 19 18:00:44.681614,342
,331
,384
,380
,327
,333
,386
,359
,304
,340
,377
,339
,306
,359
2026 06 19 18:00:44.747050,376
,321
,320
,378
,361
,308
,338
,387
,349
,312
,355
,384
,333
,314
2026 06 19 18:00:44.807995,373
,368
,309
,324
,384
,350
,301
,338
,380
,340
,312
,369
,371
,312
2026 06 19 18:00:44.869871,334
,391
,371
,321
,351
,381
,333
,313
,363
,378
,327
,320
,376
,358
2026 06 19 18:00:44.935170,311
,333
,387
,343
,310
,362
,394
,345
,332
,387
,380
,320
,340
,402
2026 06 19 18:00:44.996928,368
,320
,356
,389
,341
,315
,365
,372
,312
,328
,387
,361
,307
,336
2026 06 19 18:00:45.062116,378
,337
,307
,368
,385
,325
,327
,387
,367
,318
,339
,389
,345
,305
2026 06 19 18:00:45.123638,353
,384
,333
,322
,375
,369
,318
,334
,391
,363
,317
,355
,389
,342
2026 06 19 18:00:45.184737,316
,369
,374
,317
,329
,391
,362
,312
,342
,380
,343
,317
,365
,378
2026 06 19 18:00:45.249911,325
,318
,385
,375
,316
,334
,388
,345
,309
,363
,390
,340
,325
,386
2026 06 19 18:00:45.312068,377
,315
,327
,393
,362
,316
,360
,395
,344
,315
,362
,373
,313
,321
2026 06 19 18:00:45.377348,393
,372
,321
,348
,391
,344
,310
,362
,377
,318
,317
,376
,371
,314
2026 06 19 18:00:45.438667,334
,396
,357
,308
,342
,367
,329
,320
,376
,371
,314
,330
,388
,355
2026 06 19 18:00:45.500469,305
,345
,383
,329
,304
,354
,372
,321
,319
,374
,347
,307
,351
,389
2026 06 19 18:00:45.565621,341
,313
,363
,378
,325
,327
,382
,362
,305
,328
,381
,337
,294
,346
2026 06 19 18:00:45.629286,376
,318
,305
,366
,367
,319
,333
,385
,352
,305
,345
,381
,331
,304
2026 06 19 18:00:45.692505,354
,361
,302
,309
,371
,357
,319
,348
,387
,342
,311
,361
,377
,320
2026 06 19 18:00:45.754392,315
,378
,361
,307
,327
,376
,340
,297
,346
,379
,338
,322
,372
,370
2026 06 19 18:00:45.815567,326
,338
,390
,353
,305
,335
,376
,335
,313
,368
,371
,311
,324
,387
2026 06 19 18:00:45.881220,357
,308
,339
,394
,365
,325
,371
,400
,339
,326
,383
,369
,316
,338
2026 06 19 18:00:45.943141,387
,348
,307
,353
,384
,329
,315
,380
,372
,314
,321
,379
,363
,327
2026 06 19 18:00:46.011522,361
,389
,342
,327
,376
,380
,327
,333
,387
,358
,316
,348
,386
,337
2026 06 19 18:00:46.069558,312
,365
,381
,326
,327
,392
,377
,323
,345
,395
,354
,310
,356
,385
2026 06 19 18:00:46.131186,334
,322
,381
,380
,319
,334
,386
,352
,309
,350
,388
,343
,317
,370
2026 06 19 18:00:46.197055,380
,327
,335
,393
,366
,316
,352
,391
,344
,314
,366
,378
,327
,322
2026 06 19 18:00:46.258123,381
,369
,311
,334
,380
,342
,301
,344
,368
,326
,315
,376
,362
,301
2026 06 19 18:00:46.323947,311
,373
,347
,302
,340
,376
,331
,300
,355
,361
,308
,319
,373
,341
2026 06 19 18:00:46.385473,293
,335
,371
,330
,308
,356
,364
,307
,320
,378
,357
,304
,328
,375
2026 06 19 18:00:46.445966,342
,307
,356
,381
,324
,313
,380
,362
,311
,337
,384
,356
,321
,354
2026 06 19 18:00:46.512723,384
,333
,310
,366
,366
,305
,312
,378
,344
,289
,340
,372
,332
,307
2026 06 19 18:00:46.573844,360
,373
,314
,314
,369
,351
,301
,334
,381
,335
,295
,341
,366
,321
2026 06 19 18:00:46.637376,312
,369
,362
,301
,319
,377
,335
,285
,338
,375
,327
,308
,363
,364
2026 06 19 18:00:46.700731,304
,312
,369
,341
,291
,335
,377
,333
,302
,352
,361
,305
,311
,373
2026 06 19 18:00:46.762959,352
,297
,325
,376
,333
,294
,347
,361
,308
,307
,364
,350
,293
,324
2026 06 19 18:00:46.827562,387
,356
,304
,340
,370
,320
,302
,359
,360
,301
,302
,363
,340
,291
2026 06 19 18:00:46.888053,339
,370
,325
,302
,353
,368
,310
,317
,376
,357
,295
,331
,378
,338
2026 06 19 18:00:46.954025,299
,342
,368
,322
,313
,372
,367
,310
,330
,382
,343
,302
,341
,372
2026 06 19 18:00:47.015218,321
,299
,356
,363
,313
,322
,373
,342
,297
,342
,383
,337
,311
,360
2026 06 19 18:00:47.076918,373
,319
,309
,373
,360
,304
,331
,378
,336
,301
,351
,376
,320
,314
2026 06 19 18:00:47.142852,366
,357
,299
,319
,363
,332
,295
,338
,379
,332
,309
,372
,365
,311
2026 06 19 18:00:47.204538,318
,374
,341
,293
,328
,367
,320
,297
,350
,356
,298
,301
,362
,345
2026 06 19 18:00:47.269754,292
,314
,369
,338
,297
,352
,370
,311
,307
,375
,357
,297
,326
,382
2026 06 19 18:00:47.333409,341
,299
,344
,370
,325
,309
,366
,361
,298
,313
,382
,348
,291
,330
2026 06 19 18:00:47.392740,378
,332
,308
,366
,370
,312
,313
,375
,355
,305
,323
,374
,337
,303
2026 06 19 18:00:47.457630,343
,356
,309
,309
,371
,352
,294
,310
,375
,345
,301
,345
,376
,327
2026 06 19 18:00:47.518896,310
,372
,370
,309
,321
,378
,344
,300
,338
,371
,322
,299
,358
,365
2026 06 19 18:00:47.580631,314
,313
,365
,336
,293
,337
,382
,337
,304
,348
,358
,301
,298
,357
2026 06 19 18:00:47.646748,352
,304
,325
,379
,334
,288
,336
,364
,313
,310
,372
,366
,303
,311
2026 06 19 18:00:47.707390,371
,345
,300
,336
,370
,320
,305
,362
,369
,309
,321
,383
,357
,304
2026 06 19 18:00:47.772886,342
,387
,341
,310
,368
,385
,341
,334
,394
,377
,315
,332
,386
,351
2026 06 19 18:00:47.837688,306
,341
,370
,330
,318
,361
,369
,321
,323
,382
,358
,303
,339
,382
2026 06 19 18:00:47.896765,337
,311
,365
,370
,312
,312
,379
,367
,315
,339
,380
,338
,305
,358
2026 06 19 18:00:47.961852,373
,318
,320
,371
,362
,319
,336
,382
,341
,304
,349
,376
,329
,312
2026 06 19 18:00:48.025010,370
,366
,304
,320
,381
,348
,296
,341
,385
,339
,299
,343
,373
,324
2026 06 19 18:00:48.092538,322
,378
,358
,303
,332
,382
,346
,308
,355
,378
,319
,315
,374
,364
2026 06 19 18:00:48.150653,307
,330
,381
,348
,302
,352
,376
,322
,310
,358
,348
,311
,321
,378
2026 06 19 18:00:48.211777,347
,302
,334
,378
,330
,301
,361
,369
,316
,324
,387
,360
,303
,334
2026 06 19 18:00:48.277493,380
,342
,309
,355
,374
,326
,317
,382
,367
,310
,332
,390
,348
,296
2026 06 19 18:00:48.342971,342
,377
,332
,313
,370
,367
,316
,323
,384
,353
,301
,340
,381
,340
2026 06 19 18:00:48.403717,312
,366
,377
,316
,319
,382
,361
,301
,334
,375
,333
,304
,354
,366
2026 06 19 18:00:48.465575,313
,323
,386
,372
,310
,332
,388
,346
,302
,351
,383
,335
,320
,375
2026 06 19 18:00:48.526833,363
,307
,320
,384
,350
,301
,350
,396
,348
,318
,369
,375
,317
,322
2026 06 19 18:00:48.593008,385
,362
,300
,338
,384
,332
,307
,366
,380
,325
,321
,380
,368
,300
2026 06 19 18:00:48.654112,321
,387
,347
,308
,351
,378
,327
,312
,378
,371
,309
,332
,396
,360
2026 06 19 18:00:48.719796,309
,347
,387
,337
,312
,371
,373
,317
,321
,376
,358
,309
,334
,394
2026 06 19 18:00:48.781197,356
,315
,363
,378
,324
,319
,382
,371
,312
,345
,393
,356
,306
,354
2026 06 19 18:00:48.842089,382
,336
,324
,385
,376
,321
,341
,397
,368
,321
,361
,394
,344
,321
2026 06 19 18:00:48.910182,378
,383
,324
,337
,400
,374
,313
,340
,391
,356
,318
,367
,380
,321
2026 06 19 18:00:48.968639,324
,388
,369
,308
,333
,392
,354
,314
,360
,390
,337
,321
,375
,370
2026 06 19 18:00:49.035168,311
,328
,386
,354
,309
,349
,391
,347
,322
,376
,383
,319
,324
,386
2026 06 19 18:00:49.096727,373
,322
,347
,379
,334
,315
,369
,387
,332
,328
,388
,372
,318
,343
2026 06 19 18:00:49.159185,397
,360
,312
,357
,386
,332
,315
,380
,371
,304
,318
,382
,359
,316
2026 06 19 18:00:49.224182,351
,393
,342
,313
,371
,386
,324
,326
,388
,369
,311
,344
,391
,347
2026 06 19 18:00:49.285408,313
,360
,376
,325
,320
,386
,368
,317
,338
,390
,360
,318
,362
,389
2026 06 19 18:00:49.350782,332
,318
,377
,376
,318
,334
,399
,363
,310
,352
,398
,347
,310
,373
2026 06 19 18:00:49.411359,391
,334
,344
,402
,376
,321
,347
,400
,363
,326
,374
,390
,342
,333
2026 06 19 18:00:49.473253,391
,373
,316
,341
,396
,356
,316
,358
,387
,332
,318
,377
,363
,309
2026 06 19 18:00:49.538986,334
,391
,354
,308
,357
,395
,347
,327
,379
,383
,325
,330
,390
,363
2026 06 19 18:00:49.600052,311
,350
,399
,352
,312
,356
,383
,328
,325
,372
,374
,326
,351
,403
2026 06 19 18:00:49.665898,360
,307
,364
,399
,341
,330
,388
,385
,324
,334
,390
,352
,305
,343
2026 06 19 18:00:49.727413,383
,350
,325
,378
,380
,321
,337
,392
,371
,321
,351
,396
,350
,307
2026 06 19 18:00:49.788077,354
,398
,343
,335
,391
,381
,320
,346
,400
,360
,317
,363
,391
,340
2026 06 19 18:00:49.854386,324
,382
,370
,314
,339
,398
,361
,307
,348
,387
,338
,319
,382
,388
2026 06 19 18:00:49.916986,329
,335
,397
,371
,317
,353
,395
,349
,318
,378
,396
,326
,326
,398
2026 06 19 18:00:49.982972,387
,325
,351
,398
,360
,317
,363
,395
,345
,336
,396
,393
,329
,343
2026 06 19 18:00:50.042819,405
,379
,323
,354
,388
,340
,315
,366
,366
,314
,327
,397
,373
,309
2026 06 19 18:00:50.105144,345
,402
,359
,324
,373
,390
,332
,319
,384
,377
,320
,340
,391
,348
2026 06 19 18:00:50.171980,310
,368
,398
,335
,326
,402
,398
,331
,345
,395
,354
,316
,361
,394
2026 06 19 18:00:50.231036,343
,318
,371
,379
,333
,342
,395
,371
,325
,357
,400
,351
,315
,369
2026 06 19 18:00:50.296577,387
,319
,320
,392
,375
,314
,342
,380
,341
,326
,376
,404
,341
,324
2026 06 19 18:00:50.357822,389
,384
,326
,339
,395
,361
,310
,351
,386
,341
,318
,370
,377
,323
2026 06 19 18:00:50.421669,329
,397
,374
,313
,353
,399
,364
,328
,375
,393
,335
,325
,384
,369
2026 06 19 18:00:50.484711,316
,343
,390
,351
,314
,360
,387
,331
,321
,385
,384
,323
,336
,393
2026 06 19 18:00:50.546554,368
,314
,361
,397
,342
,318
,377
,382
,320
,331
,395
,367
,308
,344
2026 06 19 18:00:50.611999,390
,350
,322
,373
,382
,325
,328
,391
,375
,321
,342
,395
,362
,320
2026 06 19 18:00:50.673474,370
,394
,336
,318
,380
,378
,315
,340
,393
,362
,315
,355
,394
,343
2026 06 19 18:00:50.734672,317
,366
,372
,325
,343
,391
,363
,315
,357
,398
,347
,308
,370
,387
2026 06 19 18:00:50.799654,329
,332
,387
,370
,315
,341
,396
,351
,303
,353
,394
,342
,325
,381
2026 06 19 18:00:50.862054,376
,320
,339
,399
,363
,312
,347
,388
,339
,315
,373
,376
,317
,326
2026 06 19 18:00:50.927433,384
,361
,308
,339
,390
,347
,303
,353
,387
,332
,333
,386
,359
,313
2026 06 19 18:00:50.988891,356
,404
,364
,323
,368
,392
,335
,320
,376
,372
,319
,342
,397
,360
2026 06 19 18:00:51.052584,311
,350
,394
,345
,319
,382
,386
,324
,328
,388
,376
,316
,346
,397
2026 06 19 18:00:51.115226,349
,324
,366
,379
,325
,336
,399
,378
,321
,345
,394
,354
,319
,361
2026 06 19 18:00:51.177461,387
,336
,322
,380
,371
,315
,333
,392
,356
,309
,345
,374
,345
,328
2026 06 19 18:00:51.242700,388
,389
,332
,333
,389
,364
,312
,345
,388
,344
,311
,361
,380
,323
2026 06 19 18:00:51.305408,323
,384
,373
,318
,339
,399
,354
,319
,377
,397
,336
,325
,384
,369
2026 06 19 18:00:51.365872,322
,350
,396
,362
,310
,341
,389
,345
,317
,381
,387
,327
,333
,392
2026 06 19 18:00:51.430493,365
,321
,358
,395
,349
,321
,371
,387
,329
,327
,387
,367
,308
,340
2026 06 19 18:00:51.492129,392
,345
,310
,354
,389
,336
,320
,392
,385
,328
,348
,397
,367
,322
2026 06 19 18:00:51.557977,359
,395
,342
,319
,376
,378
,325
,335
,385
,359
,312
,349
,394
,348
2026 06 19 18:00:51.619013,314
,368
,381
,326
,325
,385
,370
,319
,348
,389
,356
,309
,350
,400
2026 06 19 18:00:51.680336,344
,329
,393
,378
,327
,343
,396
,361
,315
,347
,379
,341
,325
,378
2026 06 19 18:00:51.745266,383
,324
,335
,396
,366
,317
,358
,399
,348
,316
,375
,397
,336
,334
2026 06 19 18:00:51.807528,388
,371
,321
,345
,396
,351
,318
,371
,393
,336
,324
,386
,375
,323
2026 06 19 18:00:51.868952,349
,407
,370
,323
,355
,388
,348
,328
,380
,385
,326
,330
,383
,374
2026 06 19 18:00:51.935228,327
,354
,398
,366
,332
,382
,391
,330
,326
,386
,371
,318
,344
,391
2026 06 19 18:00:51.995956,355
,323
,375
,395
,345
,334
,391
,382
,322
,336
,393
,362
,315
,363
2026 06 19 18:00:52.062028,391
,346
,324
,384
,387
,329
,335
,393
,362
,307
,349
,396
,354
,330
2026 06 19 18:00:52.123402,381
,396
,337
,330
,387
,377
,319
,342
,395
,360
,321
,364
,391
,341
2026 06 19 18:00:52.187342,328
,379
,386
,330
,339
,392
,353
,314
,355
,390
,336
,312
,373
,384
2026 06 19 18:00:52.249895,325
,335
,392
,367
,320
,356
,393
,343
,324
,378
,387
,327
,327
,386
2026 06 19 18:00:52.311742,372
,318
,344
,393
,349
,311
,358
,384
,333
,321
,375
,374
,318
,335
2026 06 19 18:00:52.376863,390
,352
,323
,367
,397
,344
,320
,368
,374
,323
,330
,389
,361
,307
2026 06 19 18:00:52.438821,349
,398
,353
,317
,366
,388
,336
,338
,395
,384
,332
,354
,400
,361
2026 06 19 18:00:52.500388,324
,362
,397
,346
,329
,387
,380
,327
,344
,393
,361
,317
,358
,385
2026 06 19 18:00:52.565361,347
,327
,385
,388
,318
,330
,396
,371
,314
,358
,391
,343
,312
,371
2026 06 19 18:00:52.627209,396
,334
,325
,397
,372
,310
,337
,384
,348
,310
,354
,375
,326
,322
2026 06 19 18:00:52.692841,379
,364
,319
,344
,385
,340
,311
,358
,391
,342
,314
,362
,374
,319
2026 06 19 18:00:52.753796,320
,380
,351
,299
,343
,373
,339
,332
,371
,379
,321
,308
,371
,365
2026 06 19 18:00:52.815628,323
,340
,388
,350
,307
,349
,379
,326
,318
,382
,378
,319
,336
,386
2026 06 19 18:00:52.880925,359
,321
,358
,395
,344
,299
,375
,403
,333
,336
,394
,372
,316
,339
2026 06 19 18:00:52.942206,387
,358
,329
,372
,379
,325
,333
,397
,381
,329
,350
,402
,358
,326
2026 06 19 18:00:53.007563,366
,380
,337
,326
,385
,380
,329
,342
,394
,366
,326
,359
,406
,355
2026 06 19 18:00:53.069999,323
,377
,390
,335
,331
,385
,365
,319
,350
,392
,358
,327
,372
,375
2026 06 19 18:00:53.130382,339
,342
,392
,365
,312
,341
,396
,367
,325
,367
,393
,346
,341
,394
2026 06 19 18:00:53.196479,386
,337
,345
,397
,355
,302
,345
,382
,329
,309
,375
,374
,322
,337
2026 06 19 18:00:53.257712,402
,377
,327
,360
,399
,358
,325
,372
,381
,328
,311
,359
,347
,314
2026 06 19 18:00:53.322708,338
,387
,353
,321
,367
,391
,339
,315
,377
,373
,329
,333
,373
,340
2026 06 19 18:00:53.385317,298
,342
,367
,326
,314
,370
,371
,322
,335
,386
,365
,331
,364
,402
2026 06 19 18:00:53.446572,351
,316
,353
,366
,317
,322
,390
,375
,317
,348
,399
,366
,322
,372
2026 06 19 18:00:53.512007,407
,368
,358
,404
,397
,336
,337
,401
,369
,319
,356
,408
,361
,331
2026 06 19 18:00:53.574675,385
,393
,342
,343
,404
,383
,331
,362
,398
,355
,324
,382
,412
,344
2026 06 19 18:00:53.637578,339
,397
,373
,316
,338
,394
,355
,311
,359
,392
,335
,312
,374
,385
2026 06 19 18:00:53.700469,318
,333
,380
,360
,328
,360
,385
,338
,327
,385
,385
,323
,329
,388
2026 06 19 18:00:53.761814,363
,311
,354
,392
,353
,326
,372
,386
,342
,332
,388
,383
,328
,359
2026 06 19 18:00:53.827463,406
,367
,323
,365
,390
,343
,319
,376
,385
,330
,338
,392
,365
,322
2026 06 19 18:00:53.888206,363
,401
,363
,341
,392
,396
,344
,345
,398
,366
,311
,354
,401
,361
2026 06 19 18:00:53.953988,326
,376
,397
,346
,331
,404
,386
,326
,349
,398
,365
,319
,362
,388
2026 06 19 18:00:54.015583,325
,321
,381
,375
,316
,340
,389
,361
,320
,358
,392
,337
,316
,374
2026 06 19 18:00:54.076982,375
,320
,326
,381
,362
,316
,336
,377
,347
,325
,373
,379
,332
,337
2026 06 19 18:00:54.142795,386
,376
,322
,346
,395
,359
,320
,361
,377
,333
,324
,373
,376
,318
2026 06 19 18:00:54.203782,346
,391
,352
,316
,365
,399
,352
,320
,371
,379
,331
,336
,383
,353
2026 06 19 18:00:54.268962,306
,345
,393
,341
,320
,384
,389
,329
,324
,384
,374
,316
,342
,390
2026 06 19 18:00:54.330836,358
,318
,351
,386
,333
,328
,374
,372
,327
,339
,394
,361
,308
,347
2026 06 19 18:00:54.392531,372
,341
,335
,378
,385
,327
,342
,385
,349
,309
,346
,392
,352
,328
2026 06 19 18:00:54.458693,371
,383
,337
,333
,384
,374
,320
,340
,392
,358
,317
,353
,390
,338
2026 06 19 18:00:54.518835,317
,390
,388
,327
,335
,394
,369
,320
,356
,395
,348
,326
,380
,386
2026 06 19 18:00:54.584208,329
,336
,388
,368
,319
,347
,398
,347
,313
,365
,382
,327
,324
,391
2026 06 19 18:00:54.645893,374
,316
,327
,378
,350
,327
,364
,375
,327
,312
,372
,383
,332
,336
2026 06 19 18:00:54.706890,387
,359
,316
,355
,383
,341
,322
,378
,381
,327
,326
,386
,366
,315
2026 06 19 18:00:54.773363,346
,394
,361
,323
,373
,383
,334
,330
,388
,381
,331
,348
,390
,350
2026 06 19 18:00:54.834434,318
,360
,380
,337
,330
,386
,376
,328
,339
,390
,363
,317
,356
,386
2026 06 19 18:00:54.900490,347
,330
,380
,381
,326
,329
,382
,368
,324
,348
,388
,348
,318
,362
2026 06 19 18:00:54.961080,380
,331
,328
,396
,373
,322
,339
,382
,349
,311
,364
,376
,337
,329
2026 06 19 18:00:55.023359,383
,372
,318
,328
,379
,345
,311
,349
,382
,332
,310
,365
,382
,325
2026 06 19 18:00:55.088219,339
,393
,369
,319
,346
,383
,341
,315
,359
,382
,338
,320
,365
,379
2026 06 19 18:00:55.149975,341
,362
,410
,374
,334
,377
,396
,343
,327
,381
,379
,322
,338
,401
2026 06 19 18:00:55.215751,369
,327
,358
,379
,338
,333
,383
,365
,312
,344
,400
,373
,310
,340
2026 06 19 18:00:55.276889,392
,354
,320
,365
,376
,324
,318
,373
,363
,309
,335
,385
,352
,311
2026 06 19 18:00:55.340461,364
,394
,328
,323
,380
,369
,315
,327
,382
,355
,314
,352
,379
,340
2026 06 19 18:00:55.403604,319
,370
,393
,332
,334
,388
,366
,313
,338
,387
,347
,316
,361
,379
2026 06 19 18:00:55.465540,326
,319
,385
,370
,314
,338
,397
,359
,323
,365
,389
,339
,326
,379
2026 06 19 18:00:55.527174,376
,325
,341
,389
,354
,316
,353
,386
,340
,321
,376
,384
,332
,338
2026 06 19 18:00:55.592924,390
,363
,314
,347
,396
,359
,323
,372
,386
,331
,330
,384
,370
,315
2026 06 19 18:00:55.655217,341
,394
,353
,325
,367
,389
,333
,316
,380
,376
,333
,341
,386
,364
2026 06 19 18:00:55.718978,309
,351
,394
,350
,328
,380
,378
,322
,333
,390
,364
,321
,354
,397
2026 06 19 18:00:55.780933,350
,329
,379
,390
,335
,330
,379
,366
,312
,338
,387
,353
,310
,342
2026 06 19 18:00:55.843882,377
,339
,317
,371
,366
,310
,338
,389
,354
,309
,348
,380
,337
,316
2026 06 19 18:00:55.907604,375
,373
,313
,329
,383
,357
,307
,343
,379
,335
,311
,364
,377
,324
2026 06 19 18:00:55.969925,319
,376
,362
,306
,331
,381
,342
,309
,356
,381
,325
,305
,366
,360
2026 06 19 18:00:56.034988,320
,339
,388
,352
,302
,347
,382
,334
,314
,367
,369
,316
,329
,382
2026 06 19 18:00:56.096333,351
,302
,339
,386
,348
,315
,366
,379
,319
,313
,370
,358
,306
,335
2026 06 19 18:00:56.159119,383
,340
,310
,351
,370
,312
,311
,370
,355
,313
,326
,374
,344
,299
2026 06 19 18:00:56.223442,338
,370
,326
,296
,357
,365
,307
,313
,374
,348
,290
,320
,369
,333
2026 06 19 18:00:56.284334,308
,362
,369
,308
,309
,372
,353
,303
,333
,381
,340
,304
,350
,370
2026 06 19 18:00:56.350042,322
,310
,368
,360
,305
,324
,381
,347
,302
,344
,372
,315
,310
,375
2026 06 19 18:00:56.412336,376
,308
,322
,381
,349
,315
,357
,394
,347
,316
,360
,371
,318
,317
2026 06 19 18:00:56.474340,375
,359
,308
,330
,380
,347
,326
,370
,391
,334
,327
,382
,370
,313
2026 06 19 18:00:56.537954,336
,391
,359
,311
,355
,392
,334
,307
,366
,384
,329
,337
,395
,375
2026 06 19 18:00:56.599624,325
,353
,396
,348
,309
,358
,378
,329
,324
,380
,364
,313
,342
,398
2026 06 19 18:00:56.665318,355
,314
,358
,388
,348
,323
,375
,377
,327
,337
,392
,356
,308
,348
2026 06 19 18:00:56.726736,385
,337
,316
,372
,375
,315
,324
,391
,362
,315
,351
,390
,346
,324
2026 06 19 18:00:56.792901,375
,388
,328
,321
,376
,363
,306
,337
,392
,353
,304
,351
,384
,338
2026 06 19 18:00:56.853154,324
,378
,373
,316
,336
,388
,351
,305
,336
,370
,327
,309
,363
,368
2026 06 19 18:00:56.915475,316
,337
,396
,367
,313
,347
,390
,344
,312
,362
,377
,323
,318
,375
2026 06 19 18:00:56.980688,353
,299
,329
,384
,349
,304
,339
,383
,342
,325
,375
,369
,313
,328
2026 06 19 18:00:57.043150,389
,363
,318
,349
,386
,339
,314
,368
,375
,317
,326
,383
,352
,306
2026 06 19 18:00:57.103868,342
,389
,345
,312
,363
,383
,327
,320
,381
,373
,318
,338
,389
,362
2026 06 19 18:00:57.169574,324
,366
,389
,340
,326
,379
,374
,314
,331
,382
,349
,303
,342
,370
2026 06 19 18:00:57.230874,338
,330
,385
,386
,333
,342
,400
,369
,317
,351
,399
,358
,317
,366
2026 06 19 18:00:57.296481,385
,332
,326
,387
,366
,313
,342
,390
,363
,322
,368
,392
,334
,312
2026 06 19 18:00:57.357542,369
,372
,321
,335
,388
,358
,309
,345
,376
,327
,315
,384
,380
,330
2026 06 19 18:00:57.419008,336
,397
,378
,323
,351
,389
,352
,319
,361
,370
,310
,311
,379
,369
2026 06 19 18:00:57.485025,315
,340
,388
,353
,306
,346
,388
,345
,333
,389
,377
,320
,341
,389
2026 06 19 18:00:57.545330,353
,308
,347
,380
,336
,315
,374
,376
,322
,327
,390
,363
,315
,348
2026 06 19 18:00:57.611347,394
,352
,317
,359
,381
,336
,325
,375
,360
,314
,342
,392
,364
,325
2026 06 19 18:00:57.673291,367
,388
,344
,329
,381
,380
,330
,344
,397
,361
,306
,346
,389
,341
2026 06 19 18:00:57.734576,314
,376
,386
,331
,335
,388
,364
,319
,351
,392
,347
,311
,369
,392
2026 06 19 18:00:57.800439,338
,336
,391
,374
,324
,345
,385
,352
,313
,368
,389
,339
,337
,387
2026 06 19 18:00:57.861269,380
,323
,339
,390
,356
,311
,350
,387
,343
,326
,378
,377
,324
,324
2026 06 19 18:00:57.926969,389
,367
,319
,358
,401
,357
,320
,357
,378
,332
,334
,386
,370
,312
2026 06 19 18:00:57.989082,345
,390
,347
,320
,362
,383
,338
,331
,387
,387
,326
,345
,404
,366
2026 06 19 18:00:58.049624,319
,364
,403
,346
,321
,376
,376
,320
,333
,384
,354
,313
,349
,392
2026 06 19 18:00:58.115074,351
,318
,366
,383
,332
,329
,383
,364
,315
,336
,387
,351
,318
,362
2026 06 19 18:00:58.177030,387
,341
,327
,375
,364
,310
,335
,381
,351
,321
,366
,398
,345
,321
2026 06 19 18:00:58.242992,375
,376
,324
,328
,387
,362
,314
,342
,379
,335
,313
,366
,377
,319
2026 06 19 18:00:58.303323,314
,378
,360
,317
,337
,384
,354
,314
,369
,389
,338
,325
,381
,369
2026 06 19 18:00:58.364885,312
,327
,387
,351
,307
,343
,379
,333
,309
,368
,374
,319
,327
,380
2026 06 19 18:00:58.436016,356
,307
,342
,381
,345
,319
,368
,384
,329
,325
,376
,360
,310
,335
2026 06 19 18:00:58.492673,388
,350
,316
,354
,381
,324
,305
,371
,365
,301
,326
,384
,351
,309
2026 06 19 18:00:58.557944,351
,382
,333
,306
,367
,374
,315
,323
,382
,360
,316
,349
,388
,341
2026 06 19 18:00:58.619988,308
,358
,371
,312
,307
,372
,358
,308
,334
,378
,344
,309
,355
,381
2026 06 19 18:00:58.680926,333
,322
,371
,361
,312
,328
,380
,344
,305
,351
,379
,333
,314
,365
2026 06 19 18:00:58.746596,368
,318
,328
,387
,362
,317
,349
,384
,338
,307
,355
,368
,322
,326
2026 06 19 18:00:58.807890,382
,367
,312
,335
,378
,341
,309
,357
,381
,331
,316
,368
,364
,311
2026 06 19 18:00:58.872587,334
,388
,359
,314
,349
,381
,331
,307
,376
,381
,313
,324
,390
,364
2026 06 19 18:00:58.934527,313
,347
,386
,336
,306
,363
,376
,320
,316
,380
,370
,322
,345
,390
2026 06 19 18:00:58.995212,351
,318
,362
,387
,333
,330
,385
,376
,316
,331
,394
,359
,313
,348
2026 06 19 18:00:59.061650,382
,334
,320
,369
,369
,313
,313
,380
,352
,301
,345
,387
,344
,313
2026 06 19 18:00:59.123513,369
,370
,327
,328
,386
,371
,319
,345
,391
,353
,319
,355
,376
,334
2026 06 19 18:00:59.184604,328
,380
,369
,317
,337
,385
,347
,312
,352
,376
,318
,300
,364
,372
2026 06 19 18:00:59.249758,331
,341
,396
,367
,314
,345
,385
,343
,313
,369
,379
,326
,327
,382
2026 06 19 18:00:59.310960,360
,307
,339
,391
,347
,313
,365
,388
,329
,319
,376
,372
,316
,333
2026 06 19 18:00:59.376710,387
,358
,315
,352
,384
,335
,316
,372
,379
,320
,329
,388
,365
,321
2026 06 19 18:00:59.438721,354
,396
,344
,320
,378
,388
,338
,337
,395
,375
,320
,339
,387
,348
2026 06 19 18:00:59.499868,317
,365
,384
,329
,319
,378
,372
,317
,332
,386
,353
,310
,347
,380
2026 06 19 18:00:59.565813,332
,321
,377
,375
,319
,328
,382
,354
,308
,341
,379
,332
,295
,338
2026 06 19 18:00:59.627149,348
,328
,333
,379
,371
,315
,350
,399
,358
,323
,373
,390
,332
,320
2026 06 19 18:00:59.692347,379
,367
,313
,336
,386
,349
,307
,348
,378
,325
,311
,366
,364
,312
2026 06 19 18:00:59.754124,326
,383
,351
,307
,345
,392
,343
,316
,370
,377
,319
,323
,384
,365
2026 06 19 18:00:59.815015,317
,341
,385
,343
,312
,359
,370
,311
,297
,368
,375
,331
,347
,402
2026 06 19 18:00:59.881042,372
,322
,357
,389
,339
,329
,385
,384
,327
,331
,385
,354
,307
,343
2026 06 19 18:00:59.944909,382
,335
,312
,367
,377
,323
,325
,385
,362
,309
,331
,384
,346
,312
2026 06 19 18:01:00.007352,360
,382
,334
,331
,395
,384
,321
,338
,387
,352
,311
,352
,379
,331
2026 06 19 18:01:00.068614,316
,384
,384
,327
,346
,399
,371
,316
,350
,394
,342
,315
,367
,375
2026 06 19 18:01:00.131757,316
,317
,369
,352
,309
,344
,392
,347
,321
,372
,392
,332
,326
,388
2026 06 19 18:01:00.196018,372
,322
,341
,397
,362
,318
,364
,387
,335
,323
,378
,374
,321
,333
2026 06 19 18:01:00.257767,389
,363
,319
,353
,391
,346
,321
,373
,367
,311
,318
,380
,367
,324
2026 06 19 18:01:00.323167,348
,393
,352
,323
,373
,391
,335
,327
,385
,372
,313
,333
,384
,351
2026 06 19 18:01:00.388784,309
,352
,381
,324
,304
,368
,376
,318
,332
,390
,356
,312
,349
,385
2026 06 19 18:01:00.450477,343
,325
,369
,374
,328
,331
,382
,364
,315
,344
,383
,339
,309
,360
2026 06 19 18:01:00.512273,383
,327
,319
,382
,368
,313
,334
,387
,354
,313
,362
,393
,332
,315
2026 06 19 18:01:00.573138,375
,375
,319
,333
,393
,365
,318
,354
,393
,345
,319
,376
,382
,324
2026 06 19 18:01:00.639045,329
,384
,364
,316
,351
,393
,345
,308
,356
,383
,332
,324
,379
,372
2026 06 19 18:01:00.700245,316
,343
,394
,369
,323
,363
,390
,337
,320
,376
,369
,318
,337
,389
2026 06 19 18:01:00.760319,361
,311
,344
,380
,335
,307
,369
,380
,319
,320
,374
,357
,306
,346
2026 06 19 18:01:00.826627,391
,358
,319
,363
,381
,334
,327
,383
,373
,316
,329
,384
,352
,314
2026 06 19 18:01:00.888843,356
,382
,332
,315
,376
,377
,317
,323
,382
,353
,304
,342
,384
,344
2026 06 19 18:01:00.953474,322
,367
,372
,318
,329
,389
,369
,316
,343
,384
,341
,312
,360
,373
2026 06 19 18:01:01.015915,327
,324
,381
,367
,311
,332
,386
,353
,308
,350
,385
,333
,318
,374
2026 06 19 18:01:01.077013,372
,316
,337
,392
,363
,315
,348
,385
,338
,313
,363
,371
,309
,312
2026 06 19 18:01:01.142985,373
,351
,300
,334
,379
,337
,312
,361
,374
,333
,334
,387
,373
,311
2026 06 19 18:01:01.204886,332
,381
,341
,305
,341
,369
,317
,309
,366
,357
,313
,339
,394
,362
2026 06 19 18:01:01.269520,318
,360
,395
,348
,318
,373
,381
,325
,327
,389
,368
,310
,342
,388
2026 06 19 18:01:01.330609,344
,311
,360
,377
,326
,320
,384
,371
,315
,337
,385
,355
,315
,357
2026 06 19 18:01:01.392942,388
,337
,317
,373
,367
,309
,329
,379
,351
,315
,356
,391
,344
,314
2026 06 19 18:01:01.460784,364
,367
,319
,328
,385
,363
,311
,341
,389
,353
,320
,368
,383
,325
2026 06 19 18:01:01.518958,326
,389
,371
,320
,345
,391
,361
,319
,361
,386
,333
,313
,371
,378
2026 06 19 18:01:01.584816,320
,333
,394
,367
,321
,353
,388
,338
,309
,369
,382
,321
,327
,383
2026 06 19 18:01:01.646313,355
,300
,335
,386
,346
,310
,352
,375
,334
,336
,392
,376
,319
,343
2026 06 19 18:01:01.707319,390
,357
,328
,375
,395
,340
,326
,379
,374
,315
,324
,379
,353
,308
2026 06 19 18:01:01.773141,346
,381
,331
,302
,359
,373
,310
,317
,389
,366
,310
,336
,383
,343
2026 06 19 18:01:01.834304,312
,362
,382
,325
,317
,376
,370
,312
,338
,389
,346
,304
,352
,384
2026 06 19 18:01:01.899076,332
,315
,373
,370
,311
,330
,395
,368
,313
,350
,388
,340
,326
,385
2026 06 19 18:01:01.961343,385
,327
,326
,382
,361
,308
,335
,372
,341
,316
,365
,385
,329
,325
2026 06 19 18:01:02.022653,381
,360
,313
,340
,391
,354
,314
,354
,379
,327
,321
,376
,366
,313
2026 06 19 18:01:02.088293,328
,380
,347
,302
,342
,385
,335
,311
,367
,375
,319
,322
,381
,357
2026 06 19 18:01:02.149837,303
,332
,387
,338
,315
,364
,372
,315
,319
,377
,363
,317
,334
,380
2026 06 19 18:01:02.215287,354
,314
,358
,381
,327
,319
,378
,369
,314
,329
,382
,355
,308
,336
2026 06 19 18:01:02.277096,386
,339
,320
,371
,374
,315
,313
,379
,365
,317
,345
,389
,352
,326
2026 06 19 18:01:02.338145,378
,392
,337
,330
,388
,370
,312
,333
,387
,345
,309
,361
,381
,319
2026 06 19 18:01:02.403199,311
,376
,358
,306
,332
,399
,367
,317
,356
,391
,342
,315
,370
,379
2026 06 19 18:01:02.465697,322
,328
,389
,366
,312
,335
,376
,342
,317
,367
,384
,326
,323
,377
2026 06 19 18:01:02.530431,365
,310
,338
,383
,346
,305
,352
,388
,337
,318
,382
,377
,322
,335
2026 06 19 18:01:02.592466,384
,361
,320
,356
,397
,343
,317
,371
,374
,312
,321
,383
,365
,316
2026 06 19 18:01:02.653974,350
,389
,349
,316
,362
,382
,320
,320
,385
,368
,315
,339
,389
,359
2026 06 19 18:01:02.718778,316
,356
,383
,334
,324
,376
,372
,324
,335
,394
,363
,314
,357
,392
2026 06 19 18:01:02.780856,348
,321
,375
,381
,328
,330
,390
,366
,315
,347
,386
,343
,317
,374
2026 06 19 18:01:02.841919,391
,330
,321
,384
,372
,318
,340
,396
,353
,312
,361
,391
,338
,326
2026 06 19 18:01:02.907406,385
,380
,325
,334
,391
,365
,316
,351
,391
,342
,315
,367
,371
,321
2026 06 19 18:01:02.969413,334
,390
,359
,317
,351
,394
,349
,315
,360
,373
,326
,324
,381
,366
2026 06 19 18:01:03.034595,307
,330
,390
,351
,311
,353
,383
,330
,315
,376
,373
,313
,326
,384
2026 06 19 18:01:03.095711,355
,308
,345
,389
,343
,320
,369
,377
,320
,324
,383
,361
,307
,336
2026 06 19 18:01:03.157770,383
,335
,314
,370
,387
,325
,320
,381
,363
,308
,343
,392
,352
,314
2026 06 19 18:01:03.222836,359
,380
,332
,323
,389
,380
,315
,330
,384
,355
,314
,348
,379
,334
2026 06 19 18:01:03.285052,317
,378
,377
,319
,323
,379
,366
,318
,348
,391
,351
,312
,355
,373
2026 06 19 18:01:03.350148,328
,327
,385
,373
,313
,344
,386
,350
,307
,349
,374
,324
,316
,377
2026 06 19 18:01:03.411122,366
,299
,318
,377
,354
,310
,346
,382
,349
,322
,373
,378
,315
,325
2026 06 19 18:01:03.472524,384
,359
,306
,337
,383
,343
,308
,357
,370
,320
,320
,379
,364
,310
2026 06 19 18:01:03.540167,335
,387
,358
,318
,362
,386
,335
,316
,362
,353
,315
,353
,401
,364
2026 06 19 18:01:03.599712,317
,355
,393
,341
,315
,368
,377
,318
,320
,379
,363
,320
,349
,399
2026 06 19 18:01:03.665457,349
,314
,369
,380
,329
,324
,381
,359
,310
,339
,389
,354
,315
,360
2026 06 19 18:01:03.727190,384
,334
,319
,374
,372
,316
,339
,395
,362
,320
,360
,395
,344
,324
2026 06 19 18:01:03.791813,379
,378
,321
,327
,384
,356
,315
,357
,395
,348
,322
,380
,387
,331
2026 06 19 18:01:03.854971,334
,389
,373
,324
,347
,400
,363
,325
,378
,395
,337
,324
,385
,374
2026 06 19 18:01:03.915409,317
,335
,389
,349
,302
,344
,385
,339
,310
,366
,369
,314
,331
,387
2026 06 19 18:01:03.980858,363
,318
,353
,391
,348
,320
,377
,389
,325
,325
,395
,377
,322
,343
2026 06 19 18:01:04.041945,397
,365
,326
,369
,390
,330
,319
,371
,371
,322
,336
,385
,352
,311
2026 06 19 18:01:04.107194,349
,385
,338
,317
,373
,378
,322
,328
,385
,359
,321
,350
,392
,349
2026 06 19 18:01:04.169425,321
,377
,385
,326
,327
,380
,356
,289
,318
,394
,356
,323
,367
,388
2026 06 19 18:01:04.230024,333
,319
,376
,370
,313
,333
,384
,352
,309
,348
,383
,336
,311
,373
2026 06 19 18:01:04.295907,379
,324
,336
,392
,355
,307
,345
,383
,345
,323
,370
,383
,331
,323
2026 06 19 18:01:04.357663,382
,366
,312
,346
,391
,349
,313
,366
,385
,333
,317
,376
,366
,305
2026 06 19 18:01:04.419148,338
,395
,360
,316
,353
,381
,334
,308
,362
,368
,330
,342
,396
,359
2026 06 19 18:01:04.484701,301
,355
,400
,349
,317
,364
,372
,319
,323
,379
,360
,304
,329
,380
2026 06 19 18:01:04.546549,341
,312
,355
,378
,326
,312
,374
,371
,314
,329
,387
,346
,309
,352
2026 06 19 18:01:04.610502,380
,327
,303
,367
,365
,314
,327
,380
,353
,298
,335
,373
,331
,310
2026 06 19 18:01:04.674304,364
,375
,324
,326
,382
,360
,312
,341
,385
,345
,310
,356
,378
,327
2026 06 19 18:01:04.733873,320
,379
,365
,311
,335
,384
,348
,302
,342
,370
,316
,310
,371
,365
2026 06 19 18:01:04.799617,324
,336
,389
,356
,306
,344
,377
,335
,308
,362
,374
,320
,323
,383
2026 06 19 18:01:04.860836,372
,322
,351
,396
,358
,317
,374
,390
,337
,323
,376
,364
,303
,332
2026 06 19 18:01:04.926670,393
,351
,307
,350
,376
,330
,313
,373
,373
,317
,328
,386
,362
,315
2026 06 19 18:01:04.988625,348
,389
,346
,316
,361
,371
,333
,329
,389
,361
,300
,326
,383
,347
2026 06 19 18:01:05.049043,308
,359
,381
,325
,312
,372
,362
,315
,337
,386
,348
,311
,363
,391
2026 06 19 18:01:05.114966,337
,315
,373
,385
,328
,334
,384
,362
,315
,348
,383
,343
,314
,365
2026 06 19 18:01:05.176824,377
,318
,325
,389
,366
,318
,345
,389
,347
,310
,366
,388
,335
,321
2026 06 19 18:01:05.242366,386
,380
,327
,345
,392
,353
,320
,360
,385
,339
,321
,373
,373
,320
2026 06 19 18:01:05.303260,333
,393
,360
,314
,353
,391
,339
,308
,361
,377
,317
,321
,382
,363
2026 06 19 18:01:05.364841,316
,345
,404
,361
,319
,369
,390
,334
,322
,381
,372
,314
,334
,389
2026 06 19 18:01:05.430254,355
,308
,349
,377
,334
,314
,375
,379
,321
,334
,396
,368
,312
,349
2026 06 19 18:01:05.494028,391
,350
,324
,374
,381
,334
,328
,379
,361
,319
,352
,393
,351
,319
2026 06 19 18:01:05.557691,361
,377
,320
,318
,382
,372
,308
,334
,393
,358
,322
,359
,388
,341
2026 06 19 18:01:05.619014,322
,379
,376
,324
,335
,399
,368
,312
,346
,383
,339
,317
,368
,383
2026 06 19 18:01:05.680624,324
,317
,375
,363
,317
,343
,388
,355
,317
,362
,382
,324
,320
,385
2026 06 19 18:01:05.745782,372
,318
,339
,388
,349
,315
,357
,384
,337
,317
,369
,371
,318
,335
2026 06 19 18:01:05.806977,396
,366
,314
,344
,382
,347
,318
,368
,380
,324
,324
,383
,366
,316
2026 06 19 18:01:05.873271,347
,393
,354
,321
,366
,383
,326
,313
,378
,382
,324
,341
,381
,349
2026 06 19 18:01:05.934790,313
,357
,392
,339
,321
,377
,381
,324
,332
,390
,364
,318
,354
,391
2026 06 19 18:01:05.997124,352
,327
,378
,383
,317
,318
,393
,366
,306
,344
,388
,350
,313
,356
2026 06 19 18:01:06.061890,375
,336
,330
,385
,371
,315
,336
,388
,351
,308
,357
,386
,334
,321
2026 06 19 18:01:06.123618,377
,374
,318
,332
,386
,357
,310
,345
,380
,342
,308
,367
,380
,320
2026 06 19 18:01:06.188694,322
,377
,362
,314
,343
,388
,345
,311
,358
,377
,324
,314
,369
,365
2026 06 19 18:01:06.250244,308
,331
,386
,352
,311
,351
,375
,334
,318
,374
,365
,312
,329
,378
2026 06 19 18:01:06.311117,358
,323
,356
,391
,344
,320
,372
,379
,328
,336
,392
,361
,309
,327
2026 06 19 18:01:06.377080,386
,363
,322
,367
,389
,336
,328
,385
,373
,316
,338
,388
,352
,309
2026 06 19 18:01:06.442253,351
,382
,331
,312
,371
,367
,310
,327
,379
,350
,308
,342
,373
,323
2026 06 19 18:01:06.503448,312
,366
,374
,331
,331
,388
,369
,317
,345
,384
,342
,306
,354
,377
2026 06 19 18:01:06.565827,324
,318
,378
,363
,307
,329
,380
,339
,297
,345
,389
,338
,310
,364
2026 06 19 18:01:06.626571,367
,313
,337
,389
,360
,321
,352
,384
,339
,314
,369
,381
,324
,321
2026 06 19 18:01:06.693919,381
,358
,303
,342
,398
,362
,324
,371
,387
,330
,326
,382
,373
,313
2026 06 19 18:01:06.753781,330
,382
,343
,306
,348
,378
,330
,303
,373
,373
,312
,316
,375
,353
2026 06 19 18:01:06.818895,311
,359
,392
,343
,315
,372
,379
,325
,326
,379
,359
,308
,334
,383
2026 06 19 18:01:06.880876,344
,309
,353
,377
,337
,326
,390
,383
,330
,343
,398
,364
,319
,361
2026 06 19 18:01:06.941808,390
,338
,329
,385
,377
,329
,341
,394
,361
,316
,353
,383
,342
,331
2026 06 19 18:01:07.007561,380
,384
,325
,331
,391
,365
,313
,343
,384
,348
,313
,362
,381
,323
2026 06 19 18:01:07.068971,330
,394
,384
,329
,346
,393
,366
,326
,366
,396
,346
,329
,377
,373
2026 06 19 18:01:07.130745,324
,337
,391
,362
,307
,347
,378
,330
,320
,375
,393
,335
,329
,381
2026 06 19 18:01:07.195690,366
,313
,347
,395
,352
,321
,370
,386
,335
,322
,379
,368
,311
,330
2026 06 19 18:01:07.257316,389
,355
,313
,361
,392
,340
,320
,378
,378
,316
,327
,390
,369
,316
2026 06 19 18:01:07.323176,346
,382
,335
,313
,367
,376
,321
,324
,383
,369
,318
,343
,388
,346
2026 06 19 18:01:07.384391,309
,360
,376
,322
,315
,380
,365
,310
,327
,388
,346
,314
,352
,390
2026 06 19 18:01:07.445563,333
,321
,378
,373
,316
,329
,382
,356
,313
,347
,381
,342
,316
,370
2026 06 19 18:01:07.510884,379
,321
,325
,389
,371
,315
,345
,383
,343
,315
,361
,380
,333
,342
2026 06 19 18:01:07.572303,406
,381
,325
,345
,391
,361
,317
,364
,398
,345
,323
,378
,377
,321
2026 06 19 18:01:07.637968,341
,389
,361
,318
,355
,394
,347
,324
,380
,384
,328
,326
,388
,368
2026 06 19 18:01:07.698951,317
,344
,392
,352
,318
,363
,377
,335
,329
,382
,367
,323
,346
,393
2026 06 19 18:01:07.760698,347
,314
,354
,380
,333
,314
,374
,369
,308
,327
,383
,351
,306
,351
2026 06 19 18:01:07.827952,384
,335
,309
,368
,384
,326
,328
,390
,367
,315
,344
,392
,349
,314
2026 06 19 18:01:07.887431,361
,378
,323
,317
,373
,364
,312
,338
,389
,353
,315
,356
,383
,342
2026 06 19 18:01:07.953928,323
,377
,362
,313
,334
,383
,351
,307
,345
,382
,339
,318
,369
,364
2026 06 19 18:01:08.015341,318
,326
,380
,354
,311
,347
,386
,343
,311
,363
,378
,329
,323
,381
2026 06 19 18:01:08.076917,368
,316
,338
,386
,347
,312
,358
,380
,323
,305
,363
,368
,312
,330
2026 06 19 18:01:08.142417,388
,356
,309
,357
,393
,346
,325
,377
,381
,324
,331
,388
,362
,310
2026 06 19 18:01:08.203839,340
,382
,341
,316
,361
,378
,321
,318
,382
,367
,315
,345
,390
,354
2026 06 19 18:01:08.269235,314
,362
,386
,333
,321
,379
,372
,315
,332
,386
,352
,308
,343
,380
2026 06 19 18:01:08.332844,332
,314
,367
,368
,318
,326
,388
,359
,305
,341
,386
,353
,326
,372
2026 06 19 18:01:08.391497,379
,319
,318
,383
,368
,311
,333
,384
,348
,307
,350
,374
,321
,312
2026 06 19 18:01:08.457648,375
,367
,306
,318
,376
,351
,313
,352
,381
,333
,312
,371
,384
,320
2026 06 19 18:01:08.519759,326
,384
,359
,310
,344
,385
,340
,311
,366
,375
,319
,322
,374
,357
2026 06 19 18:01:08.584790,317
,346
,387
,350
,311
,355
,381
,327
,319
,377
,375
,313
,325
,375
2026 06 19 18:01:08.645899,348
,309
,348
,381
,337
,318
,367
,374
,318
,327
,388
,364
,310
,348
2026 06 19 18:01:08.710890,390
,342
,324
,370
,379
,326
,329
,385
,365
,315
,346
,393
,342
,310
2026 06 19 18:01:08.772365,359
,377
,330
,324
,388
,377
,325
,340
,391
,367
,328
,361
,387
,345
2026 06 19 18:01:08.834341,331
,383
,384
,329
,335
,394
,365
,319
,346
,394
,355
,320
,376
,391
2026 06 19 18:01:08.899899,339
,341
,393
,370
,323
,363
,414
,371
,328
,373
,395
,345
,336
,390
2026 06 19 18:01:08.961852,379
,323
,343
,397
,361
,319
,356
,392
,343
,323
,382
,392
,332
,345
2026 06 19 18:01:09.022939,403
,377
,323
,357
,393
,354
,327
,376
,388
,329
,330
,389
,366
,318
2026 06 19 18:01:09.088042,352
,395
,356
,318
,365
,387
,333
,328
,391
,381
,322
,341
,398
,363
2026 06 19 18:01:09.148941,325
,356
,392
,352
,341
,393
,389
,329
,341
,397
,366
,320
,354
,394
2026 06 19 18:01:09.214419,349
,321
,370
,373
,316
,322
,380
,368
,322
,354
,401
,355
,312
,366
2026 06 19 18:01:09.277015,392
,333
,319
,380
,376
,320
,341
,391
,357
,317
,354
,378
,336
,324
2026 06 19 18:01:09.337583,387
,387
,329
,332
,385
,363
,309
,345
,390
,338
,303
,363
,386
,330
2026 06 19 18:01:09.404004,326
,381
,361
,303
,325
,381
,354
,318
,356
,377
,328
,319
,377
,362
2026 06 19 18:01:09.465099,305
,324
,377
,343
,305
,345
,379
,332
,311
,367
,368
,305
,319
,384
2026 06 19 18:01:09.530051,352
,299
,333
,375
,333
,300
,355
,366
,321
,323
,380
,358
,306
,332
2026 06 19 18:01:09.592536,382
,336
,301
,350
,371
,321
,313
,366
,361
,302
,314
,376
,344
,304
2026 06 19 18:01:09.655692,345
,374
,328
,312
,367
,361
,314
,324
,381
,355
,306
,343
,381
,333
2026 06 19 18:01:09.719190,306
,361
,368
,314
,322
,382
,363
,311
,330
,369
,335
,298
,355
,387
2026 06 19 18:01:09.780972,329
,313
,371
,364
,311
,325
,374
,339
,295
,343
,379
,328
,308
,365
2026 06 19 18:01:09.845854,367
,312
,317
,376
,356
,302
,333
,381
,333
,309
,353
,356
,311
,312
2026 06 19 18:01:09.906989,364
,344
,302
,326
,370
,335
,300
,342
,371
,327
,315
,366
,355
,294
2026 06 19 18:01:09.970021,324
,383
,344
,294
,334
,366
,318
,305
,359
,361
,300
,315
,368
,337
2026 06 19 18:01:10.034784,306
,344
,381
,335
,302
,349
,360
,306
,311
,372
,356
,305
,329
,376
2026 06 19 18:01:10.096572,330
,294
,344
,370
,319
,309
,365
,343
,294
,324
,372
,339
,294
,330
2026 06 19 18:01:10.160792,364
,323
,303
,358
,355
,297
,310
,366
,343
,299
,329
,369
,327
,304
2026 06 19 18:01:10.223048,357
,365
,311
,303
,371
,358
,307
,339
,385
,340
,303
,351
,369
,319
2026 06 19 18:01:10.284838,307
,374
,358
,303
,322
,372
,339
,299
,334
,378
,333
,314
,368
,365
2026 06 19 18:01:10.349720,308
,316
,375
,347
,294
,326
,363
,326
,295
,335
,347
,306
,307
,360
2026 06 19 18:01:10.411608,345
,295
,327
,374
,337
,296
,348
,370
,320
,304
,362
,359
,307
,318
2026 06 19 18:01:10.476910,368
,342
,298
,338
,368
,318
,304
,354
,355
,294
,311
,375
,345
,299
2026 06 19 18:01:10.537276,333
,368
,324
,297
,350
,354
,304
,304
,362
,339
,294
,323
,366
,326
2026 06 19 18:01:10.599068,285
,334
,359
,310
,295
,344
,343
,303
,321
,374
,328
,293
,337
,362
2026 06 19 18:01:10.665336,313
,293
,355
,349
,287
,303
,366
,333
,292
,326
,362
,319
,287
,334
2026 06 19 18:01:10.726952,350
,298
,301
,358
,331
,288
,319
,360
,321
,286
,333
,352
,295
,303
2026 06 19 18:01:10.794816,358
,339
,291
,309
,361
,328
,284
,329
,356
,305
,294
,348
,347
,297
2026 06 19 18:01:10.853933,310
,363
,328
,278
,326
,357
,327
,303
,353
,358
,303
,303
,352
,354
2026 06 19 18:01:10.915150,306
,337
,373
,336
,310
,352
,365
,320
,315
,361
,359
,323
,344
,390
2026 06 19 18:01:10.979611,350
,307
,353
,384
,332
,313
,365
,363
,321
,337
,389
,356
,305
,334
2026 06 19 18:01:11.042600,376
,335
,313
,376
,386
,330
,328
,384
,370
,317
,350
,388
,335
,302
2026 06 19 18:01:11.103570,363
,382
,331
,323
,384
,369
,315
,332
,381
,350
,311
,353
,377
,325
2026 06 19 18:01:11.168509,310
,358
,377
,332
,337
,392
,361
,316
,348
,384
,343
,308
,367
,386
2026 06 19 18:01:11.230062,332
,332
,377
,362
,323
,354
,396
,351
,314
,358
,373
,325
,319
,372
2026 06 19 18:01:11.295836,360
,311
,334
,381
,348
,307
,342
,376
,327
,315
,369
,374
,322
,329
2026 06 19 18:01:11.357310,376
,353
,312
,348
,379
,335
,308
,356
,357
,308
,322
,381
,365
,312
2026 06 19 18:01:11.418830,345
,388
,339
,300
,362
,383
,325
,316
,366
,353
,300
,322
,373
,335
2026 06 19 18:01:11.484663,292
,341
,370
,317
,302
,368
,365
,309
,327
,382
,346
,304
,339
,364
2026 06 19 18:01:11.545622,327
,308
,354
,358
,299
,299
,360
,344
,299
,323
,360
,324
,312
,356
2026 06 19 18:01:11.611463,373
,324
,310
,366
,355
,302
,320
,369
,334
,290
,332
,359
,313
,296
2026 06 19 18:01:11.672329,360
,355
,297
,314
,373
,340
,298
,331
,363
,322
,293
,337
,350
,299
2026 06 19 18:01:11.733558,305
,360
,339
,295
,331
,369
,322
,297
,349
,366
,310
,296
,352
,342
2026 06 19 18:01:11.799138,285
,305
,357
,325
,295
,335
,362
,312
,304
,362
,356
,299
,308
,363
2026 06 19 18:01:11.861554,331
,280
,320
,359
,312
,287
,345
,347
,292
,291
,351
,330
,279
,324
2026 06 19 18:01:11.927901,368
,323
,289
,336
,351
,302
,294
,349
,340
,290
,313
,357
,315
,272
2026 06 19 18:01:11.987296,307
,345
,299
,288
,350
,350
,289
,307
,357
,328
,282
,322
,358
,307
2026 06 19 18:01:12.050227,283
,330
,334
,279
,293
,349
,325
,283
,321
,361
,310
,283
,346
,361
2026 06 19 18:01:12.114815,301
,290
,351
,341
,282
,296
,354
,322
,277
,323
,358
,304
,288
,353
2026 06 19 18:01:12.177812,347
,298
,314
,364
,331
,288
,323
,367
,327
,299
,343
,339
,292
,283
2026 06 19 18:01:12.242424,338
,329
,287
,321
,360
,318
,289
,339
,353
,301
,301
,361
,340
,290
2026 06 19 18:01:12.303775,318
,354
,303
,276
,324
,354
,310
,287
,346
,348
,297
,314
,363
,329
2026 06 19 18:01:12.365400,287
,330
,356
,322
,298
,345
,350
,294
,300
,354
,329
,286
,321
,357
2026 06 19 18:01:12.430874,312
,288
,345
,349
,309
,304
,361
,343
,300
,329
,370
,328
,293
,336
2026 06 19 18:01:12.491601,357
,317
,298
,352
,352
,302
,322
,363
,322
,284
,337
,373
,333
,317
2026 06 19 18:01:12.557631,368
,357
,300
,315
,367
,340
,295
,330
,368
,326
,301
,351
,355
,306
2026 06 19 18:01:12.619113,304
,363
,338
,288
,331
,376
,335
,307
,356
,377
,325
,311
,365
,357
2026 06 19 18:01:12.680973,300
,320
,375
,341
,309
,345
,377
,329
,307
,359
,360
,307
,313
,364
2026 06 19 18:01:12.745468,344
,300
,329
,365
,328
,303
,353
,361
,315
,324
,376
,360
,305
,327
2026 06 19 18:01:12.806708,367
,328
,292
,344
,365
,315
,307
,365
,352
,298
,317
,371
,340
,303
2026 06 19 18:01:12.872938,341
,376
,325
,304
,347
,345
,310
,322
,363
,359
,318
,348
,384
,336
2026 06 19 18:01:12.935400,303
,363
,366
,312
,318
,373
,360
,313
,338
,372
,338
,314
,352
,364
2026 06 19 18:01:12.995080,317
,314
,382
,359
,303
,330
,386
,350
,310
,348
,373
,324
,299
,353
2026 06 19 18:01:13.061015,344
,288
,295
,346
,320
,275
,324
,355
,309
,295
,343
,358
,308
,302
2026 06 19 18:01:13.122996,362
,342
,287
,318
,364
,320
,289
,331
,351
,301
,292
,374
,359
,303
2026 06 19 18:01:13.192840,330
,384
,347
,307
,346
,373
,323
,306
,361
,352
,296
,315
,373
,344
2026 06 19 18:01:13.249638,292
,334
,383
,336
,313
,358
,375
,328
,329
,378
,360
,317
,338
,376
2026 06 19 18:01:13.310087,336
,305
,350
,359
,310
,308
,375
,363
,307
,326
,391
,354
,313
,352
2026 06 19 18:01:13.376973,382
,330
,313
,370
,365
,308
,323
,365
,339
,306
,344
,383
,334
,312
2026 06 19 18:01:13.440773,366
,368
,317
,320
,378
,362
,310
,341
,377
,335
,305
,346
,368
,322
2026 06 19 18:01:13.503178,323
,382
,362
,294
,309
,378
,353
,301
,341
,378
,330
,311
,365
,361
2026 06 19 18:01:13.565080,307
,321
,374
,351
,306
,339
,373
,332
,311
,361
,366
,313
,314
,385
2026 06 19 18:01:13.626555,363
,319
,347
,381
,338
,309
,355
,367
,316
,321
,387
,367
,308
,336
2026 06 19 18:01:13.692420,387
,337
,312
,362
,391
,336
,317
,370
,360
,314
,326
,382
,349
,307
2026 06 19 18:01:13.753273,351
,387
,337
,319
,374
,375
,333
,333
,386
,368
,315
,345
,389
,350
2026 06 19 18:01:13.819712,315
,359
,369
,314
,310
,374
,365
,312
,334
,381
,348
,313
,356
,379
2026 06 19 18:01:13.880662,328
,312
,371
,369
,315
,334
,381
,352
,308
,342
,380
,342
,321
,373
2026 06 19 18:01:13.941364,375
,321
,331
,382
,348
,306
,349
,383
,329
,306
,368
,385
,332
,323
2026 06 19 18:01:14.008002,378
,368
,321
,346
,392
,348
,312
,362
,391
,350
,330
,381
,380
,330
2026 06 19 18:01:14.068696,335
,388
,358
,312
,345
,382
,346
,324
,376
,382
,323
,327
,388
,368
2026 06 19 18:01:14.134743,316
,338
,382
,347
,318
,369
,378
,326
,319
,378
,357
,307
,341
,387
2026 06 19 18:01:14.197191,345
,308
,357
,376
,326
,316
,373
,370
,315
,326
,379
,355
,308
,341
2026 06 19 18:01:14.256822,370
,336
,321
,380
,376
,317
,326
,396
,369
,320
,352
,388
,351
,323
2026 06 19 18:01:14.323392,370
,381
,329
,331
,386
,374
,324
,346
,392
,355
,315
,367
,395
,340
2026 06 19 18:01:14.384522,339
,391
,374
,328
,355
,406
,369
,323
,361
,391
,344
,325
,379
,383
2026 06 19 18:01:14.449780,331
,342
,401
,371
,320
,352
,400
,356
,320
,379
,391
,333
,334
,393
2026 06 19 18:01:14.511428,374
,318
,348
,399
,357
,318
,363
,385
,335
,324
,377
,373
,328
,346
2026 06 19 18:01:14.572317,392
,355
,304
,341
,391
,343
,324
,383
,378
,324
,341
,400
,364
,311
2026 06 19 18:01:14.638031,343
,385
,345
,320
,372
,379
,329
,321
,385
,370
,313
,347
,397
,358
2026 06 19 18:01:14.699695,319
,366
,400
,343
,328
,377
,369
,317
,337
,387
,358
,319
,356
,389
2026 06 19 18:01:14.765038,345
,329
,380
,380
,337
,347
,394
,367
,331
,358
,393
,348
,324
,379
2026 06 19 18:01:14.827011,387
,328
,325
,376
,355
,312
,342
,387
,353
,322
,371
,394
,336
,326
2026 06 19 18:01:14.887212,380
,375
,326
,345
,389
,354
,317
,352
,382
,342
,326
,379
,380
,326
2026 06 19 18:01:14.953486,335
,391
,359
,306
,341
,369
,342
,309
,359
,379
,333
,329
,380
,364
2026 06 19 18:01:15.017000,315
,344
,386
,347
,317
,361
,382
,330
,315
,363
,372
,317
,330
,387
2026 06 19 18:01:15.081710,371
,334
,373
,396
,351
,338
,395
,384
,333
,347
,406
,377
,325
,359
2026 06 19 18:01:15.141413,390
,347
,319
,378
,383
,336
,345
,390
,378
,322
,358
,399
,359
,328
2026 06 19 18:01:15.203015,372
,387
,340
,337
,390
,371
,317
,349
,396
,359
,317
,357
,382
,344
2026 06 19 18:01:15.268964,330
,378
,377
,347
,359
,407
,377
,330
,369
,408
,365
,334
,385
,398
2026 06 19 18:01:15.330639,342
,345
,405
,374
,324
,367
,410
,370
,343
,383
,400
,352
,347
,407
2026 06 19 18:01:15.391995,391
,337
,359
,406
,369
,333
,370
,396
,349
,335
,395
,393
,336
,346
2026 06 19 18:01:15.457545,399
,366
,325
,378
,408
,355
,350
,397
,395
,347
,353
,404
,377
,324
2026 06 19 18:01:15.519009,357
,399
,365
,339
,382
,397
,349
,350
,405
,384
,335
,354
,411
,374
2026 06 19 18:01:15.583937,329
,370
,401
,347
,323
,402
,402
,344
,357
,409
,381
,338
,372
,397
2026 06 19 18:01:15.645602,357
,343
,402
,406
,352
,357
,410
,387
,335
,368
,408
,368
,333
,374
2026 06 19 18:01:15.707831,384
,341
,344
,407
,389
,343
,358
,404
,372
,333
,370
,401
,363
,342
2026 06 19 18:01:15.773130,396
,392
,340
,349
,400
,376
,329
,369
,398
,355
,329
,379
,391
,341
2026 06 19 18:01:15.834608,359
,413
,384
,340
,370
,407
,373
,343
,386
,402
,357
,343
,390
,366
2026 06 19 18:01:15.899862,326
,350
,407
,372
,329
,369
,392
,342
,326
,392
,390
,338
,349
,403
2026 06 19 18:01:15.960833,378
,334
,373
,404
,360
,332
,382
,387
,330
,330
,389
,378
,338
,380
2026 06 19 18:01:16.022415,414
,374
,338
,384
,401
,352
,353
,407
,389
,336
,358
,408
,368
,327
2026 06 19 18:01:16.087842,371
,398
,352
,337
,397
,390
,329
,350
,410
,378
,331
,371
,407
,361
2026 06 19 18:01:16.148912,341
,389
,393
,336
,338
,392
,365
,320
,359
,403
,366
,333
,375
,383
2026 06 19 18:01:16.214570,347
,353
,404
,387
,336
,365
,407
,370
,333
,373
,392
,350
,342
,394
2026 06 19 18:01:16.276814,388
,341
,362
,412
,377
,334
,377
,405
,358
,336
,385
,389
,341
,345
2026 06 19 18:01:16.338214,402
,371
,321
,352
,395
,355
,327
,385
,406
,347
,349
,403
,379
,338
2026 06 19 18:01:16.403917,358
,405
,368
,328
,375
,395
,335
,327
,400
,391
,338
,356
,400
,364
2026 06 19 18:01:16.464383,331
,369
,396
,344
,332
,390
,391
,334
,344
,399
,374
,328
,362
,394
2026 06 19 18:01:16.530223,359
,335
,384
,383
,336
,341
,396
,387
,330
,358
,415
,367
,335
,378
2026 06 19 18:01:16.592321,397
,347
,337
,393
,384
,338
,349
,388
,367
,339
,375
,399
,358
,337
2026 06 19 18:01:16.653416,383
,383
,336
,346
,399
,372
,324
,365
,408
,360
,335
,394
,402
,344
2026 06 19 18:01:16.718815,345
,394
,376
,336
,369
,411
,364
,329
,376
,399
,346
,338
,396
,384
2026 06 19 18:01:16.780599,338
,353
,393
,368
,324
,367
,390
,354
,348
,395
,391
,340
,353
,405
2026 06 19 18:01:16.845670,376
,326
,362
,391
,364
,338
,389
,395
,336
,338
,393
,371
,324
,351
2026 06 19 18:01:16.907400,391
,352
,321
,365
,385
,339
,329
,386
,376
,331
,354
,400
,364
,324
2026 06 19 18:01:16.968645,365
,393
,348
,333
,390
,382
,322
,334
,399
,368
,328
,372
,412
,357
2026 06 19 18:01:17.034044,331
,395
,405
,346
,348
,405
,385
,338
,367
,408
,365
,336
,381
,396
2026 06 19 18:01:17.097346,337
,348
,402
,381
,337
,353
,403
,372
,332
,374
,399
,358
,346
,394
2026 06 19 18:01:17.161362,391
,343
,359
,410
,383
,344
,372
,402
,360
,338
,394
,402
,346
,353
2026 06 19 18:01:17.222352,404
,375
,327
,366
,420
,373
,340
,397
,411
,356
,353
,411
,402
,355
2026 06 19 18:01:17.283784,371
,423
,386
,343
,384
,405
,365
,352
,405
,393
,334
,358
,420
,394
2026 06 19 18:01:17.349753,350
,385
,418
,369
,350
,404
,408
,350
,357
,414
,395
,349
,376
,416
2026 06 19 18:01:17.410550,370
,333
,386
,407
,355
,348
,402
,391
,338
,370
,418
,376
,341
,382
2026 06 19 18:01:17.476514,413
,365
,349
,403
,392
,342
,360
,408
,371
,325
,372
,406
,359
,338
2026 06 19 18:01:17.537986,396
,385
,345
,354
,404
,384
,336
,367
,406
,364
,336
,384
,405
,354
2026 06 19 18:01:17.600521,350
,408
,390
,338
,359
,405
,370
,330
,366
,399
,349
,339
,394
,391
2026 06 19 18:01:17.664955,338
,350
,398
,365
,326
,356
,382
,341
,325
,394
,394
,354
,354
,399
2026 06 19 18:01:17.725848,382
,335
,365
,399
,352
,329
,382
,389
,335
,336
,387
,369
,324
,356
2026 06 19 18:01:17.792362,392
,355
,317
,371
,398
,343
,328
,388
,383
,332
,349
,402
,367
,328
2026 06 19 18:01:17.853504,365
,391
,347
,327
,379
,390
,332
,336
,400
,371
,327
,362
,402
,355
2026 06 19 18:01:17.914364,334
,387
,402
,355
,344
,403
,385
,344
,370
,411
,369
,326
,371
,398
2026 06 19 18:01:17.980647,343
,336
,388
,381
,324
,335
,384
,359
,329
,364
,401
,357
,334
,393
2026 06 19 18:01:18.041718,395
,340
,346
,401
,376
,328
,359
,396
,355
,331
,382
,389
,332
,325
2026 06 19 18:01:18.107713,380
,368
,336
,367
,406
,374
,336
,377
,396
,342
,331
,387
,384
,326
2026 06 19 18:01:18.168869,342
,395
,353
,315
,361
,391
,345
,329
,386
,383
,325
,326
,386
,366
2026 06 19 18:01:18.229726,328
,367
,401
,352
,320
,373
,387
,334
,331
,383
,366
,318
,337
,382
2026 06 19 18:01:18.295806,352
,316
,369
,379
,330
,326
,380
,369
,317
,332
,383
,351
,311
,349
2026 06 19 18:01:18.356680,374
,334
,329
,380
,375
,327
,340
,394
,362
,317
,348
,390
,344
,321
2026 06 19 18:01:18.422574,379
,383
,330
,331
,384
,367
,319
,341
,381
,341
,311
,361
,376
,327
2026 06 19 18:01:18.484633,331
,387
,365
,316
,341
,387
,351
,311
,358
,384
,339
,324
,380
,373
2026 06 19 18:01:18.545449,322
,333
,387
,360
,309
,348
,374
,329
,316
,369
,384
,324
,323
,383
2026 06 19 18:01:18.611354,368
,323
,350
,391
,352
,315
,365
,381
,328
,329
,387
,370
,318
,335
2026 06 19 18:01:18.673071,393
,361
,328
,370
,391
,343
,338
,389
,382
,325
,338
,394
,365
,320
2026 06 19 18:01:18.738838,351
,385
,341
,317
,369
,384
,333
,337
,390
,365
,307
,340
,395
,368
2026 06 19 18:01:18.799874,325
,373
,384
,332
,322
,382
,371
,321
,338
,385
,351
,310
,353
,381
2026 06 19 18:01:18.861038,332
,326
,376
,366
,324
,343
,384
,357
,331
,360
,392
,352
,331
,379
2026 06 19 18:01:18.926877,379
,322
,330
,387
,367
,322
,345
,384
,349
,312
,355
,371
,328
,322
2026 06 19 18:01:18.987964,369
,371
,325
,336
,382
,344
,316
,367
,386
,339
,325
,379
,368
,311
2026 06 19 18:01:19.053645,327
,376
,349
,308
,354
,385
,336
,312
,362
,371
,316
,317
,369
,353
2026 06 19 18:01:19.114610,316
,347
,387
,345
,314
,357
,367
,316
,317
,372
,353
,310
,336
,384
2026 06 19 18:01:19.176776,345
,304
,351
,372
,328
,319
,373
,366
,320
,335
,382
,347
,301
,339
2026 06 19 18:01:19.242101,372
,327
,311
,367
,375
,317
,321
,365
,341
,303
,336
,373
,339
,310
2026 06 19 18:01:19.303246,357
,373
,317
,307
,364
,363
,313
,329
,381
,349
,316
,367
,392
,345
2026 06 19 18:01:19.364837,331
,383
,370
,311
,328
,382
,353
,310
,347
,376
,343
,328
,375
,371
2026 06 19 18:01:19.430240,320
,322
,384
,357
,312
,352
,384
,337
,314
,362
,367
,318
,325
,389
2026 06 19 18:01:19.494752,371
,315
,333
,376
,339
,308
,355
,373
,332
,328
,382
,367
,313
,326
2026 06 19 18:01:19.561024,376
,345
,304
,347
,378
,330
,314
,372
,368
,311
,321
,375
,351
,311
2026 06 19 18:01:19.618739,346
,388
,345
,313
,366
,376
,322
,328
,383
,363
,316
,341
,385
,342
2026 06 19 18:01:19.680015,310
,363
,378
,327
,320
,373
,362
,310
,321
,370
,351
,314
,350
,376
2026 06 19 18:01:19.745861,323
,315
,370
,362
,311
,318
,374
,351
,309
,335
,372
,340
,312
,364
2026 06 19 18:01:19.808903,371
,320
,317
,368
,347
,305
,338
,385
,349
,316
,352
,373
,335
,334
2026 06 19 18:01:19.872853,386
,372
,319
,339
,390
,349
,302
,346
,379
,338
,315
,352
,362
,315
2026 06 19 18:01:19.934471,325
,378
,350
,317
,348
,385
,341
,316
,370
,377
,326
,332
,386
,362
2026 06 19 18:01:19.995489,309
,337
,384
,345
,307
,351
,373
,335
,324
,380
,360
,306
,330
,388
2026 06 19 18:01:20.060605,353
,313
,353
,382
,331
,318
,371
,361
,317
,334
,386
,354
,311
,352
2026 06 19 18:01:20.126607,388
,346
,322
,365
,366
,319
,326
,379
,358
,311
,341
,378
,344
,315
2026 06 19 18:01:20.187932,363
,380
,329
,325
,380
,360
,305
,337
,388
,353
,308
,355
,380
,329
2026 06 19 18:01:20.249649,309
,358
,357
,304
,316
,367
,346
,315
,351
,385
,339
,317
,375
,375
2026 06 19 18:01:20.311111,313
,317
,373
,354
,307
,330
,372
,333
,298
,345
,361
,319
,313
,377
2026 06 19 18:01:20.375421,360
,299
,340
,390
,354
,318
,359
,385
,336
,314
,365
,364
,312
,320
2026 06 19 18:01:20.438065,374
,350
,309
,342
,377
,336
,317
,367
,380
,328
,325
,378
,362
,319
2026 06 19 18:01:20.502778,347
,383
,340
,312
,356
,372
,327
,320
,375
,364
,311
,335
,381
,343
2026 06 19 18:01:20.564356,312
,355
,380
,327
,310
,370
,369
,314
,327
,381
,353
,311
,346
,384
2026 06 19 18:01:20.625378,349
,320
,374
,376
,324
,318
,383
,364
,307
,337
,380
,339
,305
,351
2026 06 19 18:01:20.691709,368
,324
,319
,378
,363
,314
,341
,386
,349
,315
,358
,382
,330
,314
2026 06 19 18:01:20.753549,374
,369
,325
,335
,382
,358
,310
,346
,379
,337
,314
,360
,364
,312
2026 06 19 18:01:20.818657,326
,379
,350
,304
,344
,388
,344
,313
,356
,368
,335
,342
,395
,364
2026 06 19 18:01:20.880514,316
,333
,382
,347
,312
,356
,379
,337
,323
,376
,370
,312
,333
,384
2026 06 19 18:01:20.941923,349
,310
,345
,379
,340
,321
,370
,370
,318
,322
,370
,345
,310
,340
2026 06 19 18:01:21.006835,377
,349
,319
,367
,380
,328
,327
,389
,371
,316
,338
,384
,352
,313
2026 06 19 18:01:21.068927,362
,387
,334
,315
,376
,360
,308
,322
,372
,346
,306
,345
,376
,326
2026 06 19 18:01:21.133945,305
,366
,367
,310
,328
,386
,361
,324
,349
,387
,347
,319
,369
,382
2026 06 19 18:01:21.195223,326
,326
,384
,363
,306
,327
,384
,344
,308
,362
,385
,334
,323
,379
2026 06 19 18:01:21.260099,372
,318
,340
,384
,353
,311
,352
,379
,331
,309
,374
,370
,317
,336
2026 06 19 18:01:21.322173,383
,352
,305
,345
,384
,335
,312
,366
,373
,322
,330
,386
,362
,314
2026 06 19 18:01:21.383695,347
,392
,352
,310
,358
,377
,325
,315
,364
,355
,314
,336
,383
,346
2026 06 19 18:01:21.449083,316
,353
,379
,333
,319
,366
,362
,315
,333
,384
,352
,313
,350
,385
2026 06 19 18:01:21.510964,350
,324
,371
,384
,331
,333
,385
,364
,316
,344
,386
,348
,314
,356
2026 06 19 18:01:21.572315,376
,324
,320
,384
,375
,322
,348
,395
,354
,318
,362
,394
,347
,328
2026 06 19 18:01:21.637151,381
,380
,326
,336
,390
,357
,313
,343
,378
,339
,328
,378
,384
,339
2026 06 19 18:01:21.699534,343
,398
,369
,322
,348
,390
,350
,318
,360
,369
,332
,327
,376
,368
2026 06 19 18:01:21.765083,322
,335
,377
,354
,319
,365
,393
,337
,321
,376
,367
,320
,339
,387
2026 06 19 18:01:21.825142,351
,315
,355
,390
,344
,320
,375
,381
,329
,344
,397
,372
,320
,352
2026 06 19 18:01:21.889939,393
,351
,315
,369
,384
,327
,325
,380
,359
,320
,346
,390
,351
,314
2026 06 19 18:01:21.954234,361
,386
,340
,325
,378
,370
,325
,337
,378
,349
,311
,352
,387
,342
2026 06 19 18:01:22.015298,326
,384
,387
,331
,336
,391
,367
,325
,355
,395
,356
,325
,376
,387
2026 06 19 18:01:22.080556,334
,330
,386
,372
,317
,333
,394
,365
,320
,373
,393
,345
,322
,380
2026 06 19 18:01:22.140861,380
,329
,346
,395
,359
,322
,360
,386
,344
,323
,378
,384
,335
,338
2026 06 19 18:01:22.208118,396
,366
,319
,353
,392
,341
,318
,379
,386
,333
,337
,386
,379
,327
2026 06 19 18:01:22.269012,349
,407
,361
,324
,374
,389
,333
,327
,390
,379
,330
,345
,391
,364
2026 06 19 18:01:22.330196,319
,359
,389
,340
,322
,372
,376
,338
,344
,403
,375
,320
,353
,391
2026 06 19 18:01:22.395916,352
,324
,375
,387
,330
,331
,391
,370
,320
,345
,389
,355
,320
,370
2026 06 19 18:01:22.457442,392
,344
,333
,386
,376
,326
,341
,390
,353
,315
,358
,383
,337
,316
2026 06 19 18:01:22.518542,369
,376
,334
,336
,393
,367
,319
,352
,390
,347
,321
,369
,380
,328
2026 06 19 18:01:22.583879,322
,376
,361
,317
,354
,405
,362
,330
,371
,389
,337
,329
,383
,377
2026 06 19 18:01:22.645045,325
,347
,394
,361
,321
,367
,389
,342
,317
,365
,370
,333
,341
,394
2026 06 19 18:01:22.710663,355
,307
,346
,385
,341
,313
,359
,371
,324
,329
,382
,363
,316
,346
2026 06 19 18:01:22.772861,390
,351
,314
,358
,387
,341
,327
,380
,372
,329
,344
,384
,353
,321
2026 06 19 18:01:22.838914,352
,379
,334
,323
,381
,383
,327
,336
,381
,364
,323
,358
,394
,354
2026 06 19 18:01:22.903557,330
,380
,391
,342
,338
,394
,373
,321
,348
,396
,362
,323
,368
,389
2026 06 19 18:01:22.960920,341
,345
,397
,391
,339
,355
,402
,369
,330
,369
,395
,346
,329
,384
2026 06 19 18:01:23.021948,383
,328
,343
,394
,363
,321
,361
,400
,351
,320
,378
,381
,327
,334
2026 06 19 18:01:23.088044,397
,379
,324
,350
,393
,357
,325
,374
,390
,330
,323
,379
,372
,322
2026 06 19 18:01:23.151295,349
,401
,364
,327
,368
,390
,345
,325
,377
,375
,322
,341
,384
,351
2026 06 19 18:01:23.214610,308
,349
,394
,353
,327
,380
,387
,336
,336
,393
,371
,317
,345
,389
2026 06 19 18:01:23.276549,350
,320
,368
,389
,334
,326
,380
,372
,312
,344
,399
,363
,327
,366
2026 06 19 18:01:23.337599,389
,344
,323
,381
,378
,328
,340
,395
,372
,329
,364
,400
,354
,329
2026 06 19 18:01:23.402573,384
,390
,335
,335
,393
,371
,326
,349
,388
,349
,321
,376
,397
,345
2026 06 19 18:01:23.465246,341
,391
,378
,327
,344
,390
,365
,326
,369
,398
,340
,325
,387
,390
2026 06 19 18:01:23.530520,330
,336
,396
,359
,312
,368
,396
,351
,322
,377
,378
,333
,336
,396
2026 06 19 18:01:23.591778,376
,324
,348
,388
,356
,323
,369
,390
,336
,327
,384
,369
,321
,348
2026 06 19 18:01:23.654416,389
,353
,321
,375
,399
,342
,325
,378
,375
,325
,340
,386
,359
,318
2026 06 19 18:01:23.718977,359
,386
,337
,321
,376
,380
,320
,338
,391
,361
,308
,346
,398
,356
2026 06 19 18:01:23.779124,333
,383
,390
,336
,336
,390
,374
,315
,346
,392
,353
,319
,365
,386
2026 06 19 18:01:23.845908,336
,323
,379
,373
,325
,339
,386
,356
,312
,347
,392
,352
,334
,374
2026 06 19 18:01:23.907425,386
,334
,335
,389
,377
,318
,353
,391
,345
,316
,364
,376
,331
,329
2026 06 19 18:01:23.967573,382
,375
,323
,343
,395
,360
,328
,374
,391
,348
,337
,391
,381
,326
2026 06 19 18:01:24.034090,339
,400
,364
,322
,358
,389
,343
,319
,377
,377
,325
,337
,391
,369
2026 06 19 18:01:24.095880,323
,353
,386
,350
,322
,369
,388
,341
,332
,389
,370
,317
,335
,391
2026 06 19 18:01:24.161145,354
,319
,364
,383
,332
,314
,366
,359
,290
,323
,402
,362
,318
,357
2026 06 19 18:01:24.223624,388
,341
,323
,370
,372
,320
,331
,382
,356
,311
,340
,381
,338
,305
2026 06 19 18:01:24.284433,359
,368
,317
,313
,366
,352
,310
,332
,377
,335
,295
,348
,371
,327
2026 06 19 18:01:24.349870,311
,367
,353
,305
,326
,375
,345
,307
,343
,376
,328
,308
,364
,363
2026 06 19 18:01:24.410667,317
,323
,376
,346
,296
,333
,375
,335
,308
,358
,371
,322
,324
,384
2026 06 19 18:01:24.476572,367
,318
,336
,379
,353
,310
,360
,385
,339
,330
,388
,376
,317
,340
2026 06 19 18:01:24.537673,392
,362
,315
,357
,377
,340
,331
,384
,379
,323
,338
,391
,360
,310
2026 06 19 18:01:24.601011,351
,388
,364
,337
,385
,393
,345
,344
,401
,386
,336
,365
,408
,365
2026 06 19 18:01:24.666516,332
,382
,402
,349
,347
,405
,392
,335
,347
,399
,371
,319
,367
,407
2026 06 19 18:01:24.725751,356
,330
,384
,391
,344
,354
,410
,385
,340
,379
,416
,358
,330
,387
2026 06 19 18:01:24.792024,395
,340
,343
,398
,383
,333
,357
,400
,358
,324
,372
,382
,342
,337
2026 06 19 18:01:24.853404,393
,385
,328
,346
,400
,370
,322
,372
,402
,354
,339
,392
,390
,341
2026 06 19 18:01:24.915489,356
,412
,381
,339
,374
,408
,359
,331
,381
,391
,342
,347
,401
,383
2026 06 19 18:01:24.982313,339
,361
,402
,362
,330
,375
,390
,339
,340
,395
,382
,330
,352
,396
2026 06 19 18:01:25.041423,359
,318
,364
,389
,336
,319
,370
,381
,329
,340
,393
,361
,317
,351
2026 06 19 18:01:25.107434,390
,348
,323
,376
,380
,329
,333
,388
,368
,318
,349
,389
,341
,299
2026 06 19 18:01:25.168918,359
,370
,316
,326
,385
,362
,303
,327
,391
,357
,314
,359
,385
,335
2026 06 19 18:01:25.229656,318
,374
,372
,317
,324
,381
,348
,308
,350
,379
,332
,307
,359
,375
2026 06 19 18:01:25.295816,321
,326
,387
,361
,308
,334
,382
,354
,314
,359
,372
,317
,314
,370
2026 06 19 18:01:25.357013,359
,306
,330
,379
,343
,303
,341
,370
,329
,317
,368
,368
,312
,327
2026 06 19 18:01:25.422405,380
,350
,302
,341
,372
,329
,309
,354
,347
,301
,324
,384
,357
,307
2026 06 19 18:01:25.484225,334
,374
,328
,301
,349
,361
,306
,314
,372
,357
,305
,330
,381
,340
2026 06 19 18:01:25.544920,302
,346
,365
,315
,304
,357
,354
,302
,320
,376
,339
,288
,329
,372
2026 06 19 18:01:25.609720,330
,306
,360
,362
,307
,307
,364
,346
,293
,326
,365
,322
,300
,346
2026 06 19 18:01:25.672126,358
,306
,302
,354
,345
,295
,312
,360
,322
,281
,328
,340
,302
,304
2026 06 19 18:01:25.737536,356
,344
,291
,308
,353
,328
,297
,327
,355
,324
,301
,348
,341
,295
2026 06 19 18:01:25.799151,305
,351
,326
,278
,301
,277
,258
,333
,338
,342
,303
,313
,369
,345
2026 06 19 18:01:25.860903,290
,307
,353
,304
,283
,329
,350
,300
,288
,345
,341
,284
,307
,361
2026 06 19 18:01:25.926743,321
,277
,327
,359
,312
,290
,341
,342
,295
,292
,367
,351
,292
,322
2026 06 19 18:01:25.986974,358
,307
,281
,335
,332
,291
,291
,341
,333
,299
,342
,374
,330
,290
2026 06 19 18:01:26.052893,333
,353
,301
,290
,345
,332
,268
,293
,352
,317
,266
,319
,350
,291
2026 06 19 18:01:26.115142,270
,334
,334
,279
,296
,357
,325
,277
,308
,358
,307
,280
,330
,344
2026 06 19 18:01:26.176537,282
,283
,361
,346
,286
,318
,371
,336
,298
,340
,357
,309
,302
,367
2026 06 19 18:01:26.241334,354
,300
,318
,365
,336
,287
,318
,346
,309
,293
,350
,355
,303
,311
2026 06 19 18:01:26.303423,351
,344
,307
,342
,376
,331
,302
,347
,354
,300
,305
,372
,352
,300
2026 06 19 18:01:26.368912,334
,375
,337
,309
,354
,373
,322
,308
,361
,353
,290
,316
,365
,331
2026 06 19 18:01:26.429878,293
,335
,366
,312
,295
,354
,350
,306
,323
,369
,342
,299
,339
,367
2026 06 19 18:01:26.491667,320
,310
,357
,376
,318
,314
,375
,346
,291
,343
,386
,341
,299
,347
2026 06 19 18:01:26.556711,371
,325
,319
,371
,350
,304
,341
,386
,351
,314
,357
,374
,319
,316
2026 06 19 18:01:26.618524,367
,367
,320
,329
,388
,351
,299
,350
,395
,351
,316
,356
,374
,330
2026 06 19 18:01:26.683987,331
,382
,342
,291
,326
,390
,356
,315
,361
,374
,319
,309
,359
,355
2026 06 19 18:01:26.745528,308
,330
,378
,340
,296
,334
,353
,321
,314
,360
,356
,316
,321
,359
2026 06 19 18:01:26.807211,333
,295
,337
,378
,318
,284
,349
,361
,294
,291
,377
,344
,276
,310
2026 06 19 18:01:26.872569,369
,336
,299
,335
,338
,305
,307
,357
,342
,287
,306
,348
,314
,283
2026 06 19 18:01:26.933320,316
,332
,315
,298
,334
,340
,302
,322
,370
,343
,295
,317
,357
,317
2026 06 19 18:01:26.999523,291
,340
,342
,288
,285
,343
,315
,299
,321
,362
,334
,285
,320
,357
2026 06 19 18:01:27.060642,311
,299
,349
,333
,282
,314
,361
,325
,301
,346
,362
,301
,294
,358
2026 06 19 18:01:27.122659,355
,309
,306
,369
,348
,303
,343
,363
,304
,309
,382
,379
,316
,319
2026 06 19 18:01:27.187017,386
,357
,298
,317
,356
,358
,332
,370
,378
,329
,316
,381
,375
,322
2026 06 19 18:01:27.249508,337
,383
,359
,319
,356
,386
,343
,314
,368
,383
,338
,348
,397
,377
2026 06 19 18:01:27.309821,330
,364
,398
,342
,313
,369
,363
,324
,326
,387
,376
,317
,346
,385
2026 06 19 18:01:27.376480,359
,319
,368
,386
,338
,335
,383
,369
,318
,333
,379
,342
,300
,351
2026 06 19 18:01:27.437211,386
,321
,299
,381
,376
,321
,311
,381
,374
,323
,356
,382
,336
,311
2026 06 19 18:01:27.503321,360
,361
,307
,316
,375
,358
,309
,341
,383
,344
,313
,363
,382
,323
2026 06 19 18:01:27.564201,330
,386
,362
,310
,333
,386
,344
,301
,347
,370
,325
,314
,372
,364
2026 06 19 18:01:27.625222,321
,326
,373
,346
,322
,354
,372
,327
,302
,363
,369
,316
,316
,366
2026 06 19 18:01:27.691380,339
,290
,332
,375
,330
,303
,347
,360
,318
,304
,338
,342
,308
,327
2026 06 19 18:01:27.753091,368
,337
,293
,321
,351
,317
,304
,363
,368
,314
,321
,364
,336
,289
2026 06 19 18:01:27.818751,322
,355
,309
,289
,345
,350
,301
,305
,361
,330
,283
,319
,356
,321
2026 06 19 18:01:27.878939,299
,359
,364
,306
,308
,361
,339
,293
,317
,358
,326
,292
,330
,353
2026 06 19 18:01:27.940858,308
,286
,331
,332
,284
,319
,385
,342
,295
,330
,358
,313
,292
,345
2026 06 19 18:01:28.007290,345
,296
,301
,354
,324
,276
,317
,363
,318
,278
,320
,354
,307
,302
2026 06 19 18:01:28.068715,359
,347
,292
,312
,355
,319
,288
,333
,356
,305
,290
,341
,333
,286
2026 06 19 18:01:28.133958,304
,355
,333
,288
,325
,355
,310
,293
,341
,341
,295
,304
,354
,334
2026 06 19 18:01:28.195338,292
,321
,360
,318
,290
,338
,344
,301
,306
,357
,333
,285
,316
,358
2026 06 19 18:01:28.256813,316
,287
,332
,349
,307
,285
,349
,353
,309
,328
,368
,328
,289
,323
2026 06 19 18:01:28.322578,354
,309
,291
,345
,348
,296
,306
,358
,331
,279
,316
,353
,312
,287
2026 06 19 18:01:28.383826,337
,347
,302
,305
,363
,349
,296
,320
,364
,321
,282
,323
,334
,294
2026 06 19 18:01:28.448593,292
,362
,347
,288
,317
,359
,336
,293
,327
,364
,316
,290
,343
,340
2026 06 19 18:01:28.510947,286
,296
,347
,324
,281
,312
,347
,304
,280
,323
,341
,284
,291
,347
2026 06 19 18:01:28.572482,322
,270
,301
,346
,314
,275
,322
,343
,286
,272
,344
,333
,273
,294
2026 06 19 18:01:28.637885,342
,316
,276
,323
,354
,304
,281
,335
,337
,287
,296
,353
,326
,284
2026 06 19 18:01:28.698944,313
,354
,304
,277
,338
,341
,297
,291
,349
,332
,281
,311
,354
,316
2026 06 19 18:01:28.764384,281
,327
,342
,296
,285
,335
,334
,289
,312
,353
,326
,292
,329
,358
2026 06 19 18:01:28.826731,306
,288
,346
,347
,288
,301
,359
,333
,284
,323
,371
,322
,287
,344
2026 06 19 18:01:28.890884,364
,305
,300
,359
,339
,280
,311
,362
,321
,285
,339
,355
,297
,293
2026 06 19 18:01:28.952591,367
,352
,286
,316
,377
,347
,296
,341
,380
,319
,292
,359
,357
,289
2026 06 19 18:01:29.014919,305
,379
,344
,287
,330
,381
,328
,292
,356
,375
,305
,302
,378
,360
2026 06 19 18:01:29.079610,288
,323
,383
,331
,284
,344
,368
,292
,295
,377
,370
,298
,316
,391
2026 06 19 18:01:29.141548,348
,273
,329
,391
,307
,279
,364
,372
,275
,285
,384
,352
,266
,322
2026 06 19 18:01:29.202656,398
,323
,271
,363
,397
,292
,294
,403
,377
,259
,306
,415
,336
,258
2026 06 19 18:01:29.267955,352
,411
,290
,268
,400
,404
,266
,303
,424
,357
,258
,343
,429
,312
2026 06 19 18:01:29.329756,266
,393
,396
,242
,289
,435
,390
,259
,340
,453
,340
,249
,377
,433
2026 06 19 18:01:29.395375,275
,264
,427
,405
,237
,293
,448
,357
,236
,354
,451
,292
,242
,407
2026 06 19 18:01:29.458627,440
,256
,290
,462
,382
,228
,336
,464
,313
,239
,402
,443
,250
,267
2026 06 19 18:01:29.518629,451
,398
,218
,307
,459
,351
,255
,398
,458
,278
,272
,435
,406
,245
2026 06 19 18:01:29.583699,305
,443
,341
,241
,363
,447
,305
,287
,429
,424
,274
,315
,441
,377
2026 06 19 18:01:29.645330,257
,334
,449
,335
,287
,400
,408
,270
,291
,428
,384
,281
,344
,417
2026 06 19 18:01:29.710488,339
,291
,376
,394
,294
,300
,393
,370
,295
,332
,391
,327
,289
,365
2026 06 19 18:01:29.771944,397
,323
,316
,394
,386
,310
,334
,397
,355
,308
,357
,393
,338
,317
2026 06 19 18:01:29.833329,377
,380
,327
,341
,393
,367
,328
,366
,398
,352
,330
,383
,386
,338
2026 06 19 18:01:29.898942,341
,393
,372
,326
,354
,386
,351
,330
,376
,390
,341
,332
,384
,374
2026 06 19 18:01:29.960934,326
,347
,385
,354
,327
,364
,378
,341
,327
,372
,365
,327
,340
,373
2026 06 19 18:01:30.025855,355
,327
,353
,375
,352
,335
,372
,370
,346
,348
,376
,363
,340
,355
2026 06 19 18:01:30.086853,372
,352
,331
,350
,371
,350
,346
,382
,373
,346
,360
,384
,359
,333
2026 06 19 18:01:30.148906,358
,368
,352
,345
,380
,367
,333
,348
,373
,357
,330
,351
,368
,338
2026 06 19 18:01:30.215102,316
,363
,363
,335
,336
,386
,367
,324
,356
,383
,346
,323
,369
,384
2026 06 19 18:01:30.275150,339
,339
,388
,369
,328
,347
,387
,350
,318
,368
,391
,337
,330
,388
2026 06 19 18:01:30.341841,378
,322
,342
,392
,360
,313
,346
,382
,352
,334
,393
,391
,330
,343
2026 06 19 18:01:30.404517,407
,381
,329
,363
,404
,359
,327
,384
,399
,341
,342
,397
,382
,326
2026 06 19 18:01:30.464291,359
,410
,371
,335
,381
,403
,346
,336
,394
,382
,324
,345
,404
,369
2026 06 19 18:01:30.529751,328
,371
,403
,359
,342
,394
,404
,345
,353
,409
,382
,332
,366
,400
2026 06 19 18:01:30.591395,355
,330
,381
,389
,336
,338
,405
,384
,333
,362
,402
,352
,334
,394
2026 06 19 18:01:30.657350,404
,353
,343
,400
,387
,331
,352
,405
,373
,334
,374
,403
,353
,333
2026 06 19 18:01:30.720810,383
,380
,331
,342
,399
,378
,335
,363
,400
,363
,340
,396
,399
,339
2026 06 19 18:01:30.779845,343
,400
,376
,326
,358
,399
,354
,331
,385
,400
,348
,340
,396
,380
2026 06 19 18:01:30.845736,329
,354
,408
,369
,330
,373
,403
,354
,335
,387
,386
,329
,343
,408
2026 06 19 18:01:30.907032,379
,333
,368
,401
,355
,334
,386
,394
,339
,343
,398
,378
,332
,356
2026 06 19 18:01:30.972764,397
,362
,333
,376
,396
,349
,341
,396
,381
,331
,356
,404
,374
,337
2026 06 19 18:01:31.036627,375
,404
,358
,339
,382
,385
,341
,361
,410
,380
,336
,366
,398
,355
2026 06 19 18:01:31.094676,330
,384
,388
,336
,340
,398
,378
,331
,358
,404
,365
,324
,371
,392
2026 06 19 18:01:31.161061,340
,336
,398
,388
,336
,364
,410
,368
,323
,369
,402
,350
,330
,383
2026 06 19 18:01:31.222578,385
,341
,353
,403
,377
,334
,368
,399
,349
,325
,382
,387
,338
,344
2026 06 19 18:01:31.286582,396
,381
,331
,361
,405
,364
,335
,380
,394
,343
,341
,394
,389
,338
2026 06 19 18:01:31.351284,357
,400
,374
,336
,374
,402
,363
,341
,387
,384
,334
,348
,399
,363
2026 06 19 18:01:31.409769,322
,369
,403
,351
,330
,388
,395
,341
,346
,399
,372
,322
,352
,396
2026 06 19 18:01:31.476528,362
,328
,372
,388
,337
,334
,391
,375
,322
,355
,402
,369
,331
,374
2026 06 19 18:01:31.537919,397
,352
,335
,391
,385
,328
,336
,396
,370
,325
,368
,400
,356
,331
2026 06 19 18:01:31.598797,381
,390
,343
,348
,401
,383
,334
,361
,405
,367
,334
,379
,393
,339
2026 06 19 18:01:31.664889,334
,384
,372
,326
,352
,401
,365
,333
,377
,400
,351
,334
,388
,388
2026 06 19 18:01:31.725181,338
,355
,407
,373
,335
,369
,394
,344
,332
,386
,388
,337
,346
,405
2026 06 19 18:01:31.791895,382
,329
,360
,401
,357
,334
,386
,391
,337
,341
,397
,382
,336
,359
2026 06 19 18:01:31.853481,405
,368
,329
,370
,397
,356
,336
,382
,380
,340
,353
,399
,370
,328
2026 06 19 18:01:31.915448,364
,397
,354
,336
,384
,391
,339
,345
,400
,374
,325
,353
,395
,355
2026 06 19 18:01:31.979953,333
,383
,390
,339
,341
,391
,377
,335
,352
,401
,367
,329
,368
,389
2026 06 19 18:01:32.041360,344
,331
,390
,386
,333
,350
,400
,362
,316
,359
,390
,345
,330
,379
2026 06 19 18:01:32.106864,377
,335
,349
,404
,380
,323
,347
,387
,356
,333
,378
,389
,333
,327
2026 06 19 18:01:32.168705,392
,376
,334
,359
,403
,367
,328
,373
,397
,349
,334
,389
,385
,335
2026 06 19 18:01:32.230261,352
,400
,372
,325
,360
,397
,349
,329
,376
,386
,345
,352
,403
,378
2026 06 19 18:01:32.295205,335
,369
,402
,359
,330
,377
,385
,333
,333
,394
,375
,320
,346
,393
2026 06 19 18:01:32.356970,359
,332
,376
,394
,343
,329
,392
,382
,333
,346
,396
,365
,330
,366
2026 06 19 18:01:32.422767,394
,347
,330
,386
,385
,332
,341
,393
,369
,325
,353
,394
,355
,330
2026 06 19 18:01:32.483833,379
,389
,337
,337
,390
,371
,318
,355
,403
,359
,322
,371
,394
,344
2026 06 19 18:01:32.545384,337
,395
,386
,339
,355
,403
,369
,332
,368
,398
,348
,336
,390
,384
2026 06 19 18:01:32.610701,333
,343
,407
,381
,336
,364
,401
,356
,334
,383
,392
,346
,347
,390
2026 06 19 18:01:32.671654,370
,329
,358
,393
,363
,335
,376
,398
,354
,344
,396
,384
,334
,351
2026 06 19 18:01:32.737453,404
,365
,318
,363
,393
,345
,331
,386
,387
,336
,346
,396
,368
,330
2026 06 19 18:01:32.798791,368
,398
,359
,333
,386
,391
,339
,336
,391
,369
,320
,353
,400
,358
2026 06 19 18:01:32.861005,333
,373
,392
,343
,327
,385
,379
,331
,355
,402
,363
,327
,366
,395
2026 06 19 18:01:32.926447,351
,330
,384
,380
,339
,351
,400
,374
,327
,353
,393
,355
,324
,374
2026 06 19 18:01:32.987980,387
,339
,335
,396
,373
,319
,350
,394
,361
,328
,370
,386
,339
,332
2026 06 19 18:01:33.053401,380
,373
,327
,343
,400
,366
,325
,362
,389
,341
,322
,377
,373
,327
2026 06 19 18:01:33.114560,340
,395
,367
,319
,351
,394
,350
,320
,369
,384
,332
,339
,392
,370
2026 06 19 18:01:33.175786,316
,348
,393
,350
,322
,370
,390
,338
,330
,389
,384
,333
,345
,394
2026 06 19 18:01:33.241106,365
,325
,371
,395
,345
,334
,383
,379
,330
,339
,390
,367
,323
,354
2026 06 19 18:01:33.303522,392
,354
,324
,375
,385
,331
,335
,389
,370
,317
,349
,389
,349
,316
2026 06 19 18:01:33.368487,359
,375
,325
,314
,372
,356
,310
,332
,383
,356
,320
,353
,385
,346
2026 06 19 18:01:33.430074,328
,375
,370
,321
,331
,376
,363
,319
,349
,390
,352
,326
,373
,385
2026 06 19 18:01:33.491366,338
,341
,392
,370
,324
,349
,398
,363
,325
,377
,395
,341
,334
,389
2026 06 19 18:01:33.557114,379
,332
,343
,394
,367
,326
,365
,395
,351
,332
,375
,385
,348
,352
2026 06 19 18:01:33.617862,402
,370
,329
,367
,393
,356
,331
,385
,392
,343
,340
,387
,369
,319
2026 06 19 18:01:33.683951,347
,395
,359
,326
,372
,392
,344
,336
,385
,376
,330
,352
,396
,359
2026 06 19 18:01:33.745159,323
,360
,385
,345
,330
,384
,387
,331
,333
,399
,387
,335
,367
,401
2026 06 19 18:01:33.806710,350
,326
,381
,383
,331
,335
,386
,364
,320
,349
,392
,357
,325
,376
2026 06 19 18:01:33.873044,407
,350
,338
,394
,383
,330
,347
,394
,362
,322
,357
,373
,344
,344
2026 06 19 18:01:33.934128,390
,382
,334
,348
,395
,371
,333
,364
,398
,355
,331
,381
,385
,328
2026 06 19 18:01:33.999398,333
,391
,361
,314
,348
,396
,354
,325
,384
,396
,345
,335
,392
,377
2026 06 19 18:01:34.060874,327
,349
,393
,356
,320
,362
,385
,337
,325
,379
,369
,328
,345
,392
2026 06 19 18:01:34.122936,367
,329
,363
,392
,353
,327
,374
,385
,337
,333
,383
,361
,315
,353
2026 06 19 18:01:34.187743,391
,350
,322
,373
,385
,332
,332
,388
,370
,322
,352
,394
,358
,320
2026 06 19 18:01:34.249010,370
,391
,338
,328
,383
,374
,325
,335
,386
,363
,325
,361
,394
,349
2026 06 19 18:01:34.314711,332
,385
,386
,328
,337
,389
,364
,324
,355
,389
,354
,330
,377
,382
2026 06 19 18:01:34.376583,331
,332
,390
,378
,326
,355
,393
,357
,322
,366
,385
,341
,333
,389
2026 06 19 18:01:34.437974,380
,328
,351
,400
,365
,326
,361
,392
,349
,333
,388
,385
,326
,336
2026 06 19 18:01:34.503394,389
,365
,317
,345
,385
,349
,322
,377
,388
,333
,325
,388
,378
,329
2026 06 19 18:01:34.564869,355
,399
,359
,323
,364
,382
,338
,328
,373
,373
,324
,344
,391
,362
2026 06 19 18:01:34.629811,322
,363
,388
,341
,324
,373
,368
,315
,332
,383
,354
,314
,356
,395
2026 06 19 18:01:34.691749,353
,325
,377
,389
,330
,328
,385
,368
,320
,347
,392
,351
,321
,365
2026 06 19 18:01:34.752435,380
,331
,323
,380
,372
,319
,339
,390
,361
,327
,364
,385
,345
,335
2026 06 19 18:01:34.818959,386
,386
,334
,342
,394
,365
,325
,359
,388
,347
,319
,372
,386
,339
2026 06 19 18:01:34.880260,333
,384
,367
,324
,350
,386
,355
,320
,368
,384
,331
,325
,385
,374
2026 06 19 18:01:34.945290,318
,335
,382
,353
,318
,355
,384
,341
,321
,376
,377
,327
,336
,388
2026 06 19 18:01:35.007120,359
,312
,346
,383
,346
,314
,362
,388
,339
,337
,383
,369
,322
,351
2026 06 19 18:01:35.067523,393
,352
,319
,371
,389
,338
,332
,390
,379
,325
,344
,394
,358
,324
2026 06 19 18:01:35.134059,365
,389
,340
,325
,377
,375
,323
,332
,380
,349
,310
,336
,388
,351
2026 06 19 18:01:35.195239,326
,375
,382
,330
,327
,381
,362
,315
,341
,384
,346
,317
,360
,380
2026 06 19 18:01:35.262196,334
,331
,382
,365
,322
,350
,405
,366
,326
,368
,387
,338
,323
,382
2026 06 19 18:01:35.322628,377
,323
,335
,385
,354
,312
,350
,382
,345
,324
,372
,380
,334
,335
2026 06 19 18:01:35.384021,397
,378
,327
,351
,401
,366
,331
,374
,395
,343
,335
,392
,377
,321
2026 06 19 18:01:35.448840,338
,388
,358
,323
,372
,397
,349
,330
,385
,378
,319
,339
,392
,366
2026 06 19 18:01:35.510960,316
,351
,394
,351
,329
,381
,385
,332
,334
,388
,369
,319
,347
,388
2026 06 19 18:01:35.572750,352
,324
,372
,382
,329
,324
,375
,369
,317
,335
,382
,356
,321
,363
2026 06 19 18:01:35.637564,386
,336
,325
,377
,371
,326
,343
,396
,367
,319
,352
,385
,344
,325
2026 06 19 18:01:35.699616,376
,380
,327
,330
,385
,363
,315
,349
,395
,358
,326
,375
,393
,334
2026 06 19 18:01:35.767277,325
,387
,375
,328
,348
,395
,359
,314
,357
,389
,336
,318
,375
,377
2026 06 19 18:01:35.826404,326
,337
,393
,365
,317
,349
,384
,342
,320
,375
,380
,320
,322
,388
2026 06 19 18:01:35.886829,369
,319
,345
,390
,353
,328
,373
,392
,340
,328
,382
,369
,333
,354
2026 06 19 18:01:35.953240,399
,360
,321
,367
,391
,341
,326
,379
,379
,333
,344
,397
,373
,326
2026 06 19 18:01:36.015093,354
,391
,342
,324
,384
,390
,334
,339
,393
,368
,322
,348
,392
,357
2026 06 19 18:01:36.079155,331
,383
,397
,342
,336
,392
,372
,319
,343
,390
,357
,318
,357
,387
2026 06 19 18:01:36.141829,341
,334
,387
,378
,329
,349
,399
,372
,320
,350
,390
,350
,328
,381
2026 06 19 18:01:36.202463,391
,334
,340
,390
,358
,316
,353
,388
,347
,324
,369
,376
,328
,318
2026 06 19 18:01:36.268735,386
,377
,321
,342
,386
,361
,325
,365
,384
,333
,316
,376
,370
,315
2026 06 19 18:01:36.332437,337
,387
,348
,308
,346
,390
,349
,328
,383
,384
,327
,330
,389
,372
2026 06 19 18:01:36.395130,324
,348
,387
,349
,322
,372
,386
,332
,326
,383
,371
,321
,345
,389
2026 06 19 18:01:36.457070,355
,323
,362
,378
,336
,326
,379
,372
,322
,346
,397
,362
,322
,366
2026 06 19 18:01:36.518891,396
,344
,325
,376
,376
,323
,331
,385
,363
,315
,350
,393
,351
,324
2026 06 19 18:01:36.583385,368
,374
,318
,324
,388
,369
,321
,344
,384
,345
,313
,372
,391
,334
2026 06 19 18:01:36.645440,327
,385
,374
,321
,341
,392
,362
,319
,358
,386
,343
,316
,372
,380
2026 06 19 18:01:36.711350,321
,331
,397
,372
,318
,355
,397
,357
,325
,371
,380
,326
,327
,381
2026 06 19 18:01:36.771974,356
,301
,331
,370
,339
,313
,353
,381
,336
,325
,377
,366
,311
,330
2026 06 19 18:01:36.833493,392
,360
,318
,349
,382
,338
,320
,369
,365
,321
,329
,377
,356
,317
2026 06 19 18:01:36.898931,352
,387
,345
,321
,375
,382
,329
,334
,410
,402
,355
,380
,421
,388
2026 06 19 18:01:36.960007,350
,386
,422
,378
,368
,426
,417
,361
,378
,425
,389
,350
,395
,421
2026 06 19 18:01:37.026285,374
,353
,412
,417
,362
,365
,417
,389
,342
,388
,422
,375
,354
,404
2026 06 19 18:01:37.087174,413
,356
,358
,412
,390
,347
,371
,416
,381
,339
,383
,410
,363
,352
2026 06 19 18:01:37.148769,414
,403
,346
,355
,409
,386
,340
,381
,405
,365
,344
,397
,403
,348
2026 06 19 18:01:37.214214,355
,417
,390
,339
,368
,406
,367
,343
,386
,399
,348
,341
,400
,386
2026 06 19 18:01:37.276674,334
,361
,407
,370
,338
,384
,398
,347
,331
,389
,383
,331
,349
,399
2026 06 19 18:01:37.341592,371
,326
,362
,396
,357
,334
,392
,393
,340
,344
,400
,380
,337
,364
2026 06 19 18:01:37.403919,404
,357
,332
,378
,385
,334
,339
,394
,373
,324
,346
,396
,362
,326
2026 06 19 18:01:37.464389,372
,388
,339
,337
,394
,381
,322
,341
,399
,365
,317
,361
,395
,342
2026 06 19 18:01:37.529996,319
,382
,381
,324
,336
,394
,371
,327
,354
,387
,357
,333
,377
,387
2026 06 19 18:01:37.591713,334
,333
,385
,362
,314
,339
,390
,359
,323
,357
,383
,345
,330
,375
2026 06 19 18:01:37.656660,370
,325
,340
,395
,365
,318
,357
,383
,336
,320
,373
,371
,315
,325
2026 06 19 18:01:37.717850,377
,362
,317
,350
,387
,346
,325
,377
,383
,334
,338
,391
,367
,319
2026 06 19 18:01:37.779638,346
,390
,347
,310
,358
,376
,325
,321
,378
,373
,321
,343
,387
,351
2026 06 19 18:01:37.845447,311
,356
,380
,336
,321
,375
,371
,319
,330
,382
,360
,317
,349
,388
2026 06 19 18:01:37.906642,346
,319
,371
,392
,341
,335
,391
,360
,313
,343
,387
,346
,317
,363
2026 06 19 18:01:37.972534,380
,332
,324
,377
,375
,330
,343
,394
,351
,311
,365
,389
,344
,324
2026 06 19 18:01:38.034077,379
,380
,324
,334
,387
,363
,312
,351
,385
,340
,321
,371
,375
,321
2026 06 19 18:01:38.096611,329
,384
,359
,312
,337
,385
,344
,310
,360
,376
,322
,320
,384
,372
2026 06 19 18:01:38.160540,315
,337
,388
,350
,311
,357
,383
,334
,318
,372
,364
,312
,325
,375
2026 06 19 18:01:38.222513,351
,310
,344
,382
,334
,311
,361
,360
,314
,318
,373
,356
,304
,338
2026 06 19 18:01:38.287331,381
,345
,316
,367
,378
,323
,314
,371
,360
,315
,335
,384
,356
,314
2026 06 19 18:01:38.348994,352
,382
,332
,321
,378
,371
,318
,338
,388
,357
,309
,347
,377
,336
2026 06 19 18:01:38.410881,312
,362
,368
,318
,321
,383
,359
,318
,348
,385
,342
,311
,360
,383
2026 06 19 18:01:38.477451,330
,327
,380
,360
,314
,339
,383
,347
,307
,349
,371
,323
,312
,358
2026 06 19 18:01:38.537721,360
,313
,327
,382
,355
,320
,361
,394
,344
,322
,372
,373
,323
,333
2026 06 19 18:01:38.602746,382
,356
,313
,343
,386
,341
,305
,361
,382
,327
,320
,376
,356
,311
2026 06 19 18:01:38.664581,341
,385
,350
,309
,351
,382
,338
,320
,365
,368
,319
,336
,387
,356
2026 06 19 18:01:38.725359,316
,352
,380
,339
,318
,369
,364
,315
,333
,390
,368
,314
,345
,386
2026 06 19 18:01:38.791034,345
,307
,365
,379
,327
,325
,384
,371
,321
,342
,383
,344
,317
,359
2026 06 19 18:01:38.853395,375
,326
,326
,383
,370
,326
,338
,383
,358
,313
,354
,381
,329
,312
2026 06 19 18:01:38.917499,373
,376
,321
,330
,381
,355
,313
,349
,387
,344
,315
,366
,379
,330
2026 06 19 18:01:38.979204,326
,385
,367
,316
,343
,390
,352
,318
,363
,381
,332
,323
,376
,367
2026 06 19 18:01:39.041294,316
,337
,391
,354
,316
,352
,378
,337
,333
,382
,376
,323
,346
,395
2026 06 19 18:01:39.107002,366
,323
,352
,386
,335
,307
,368
,376
,322
,333
,385
,364
,309
,338
2026 06 19 18:01:39.168542,381
,341
,310
,354
,378
,330
,323
,376
,363
,308
,321
,380
,353
,311
2026 06 19 18:01:39.234168,348
,376
,322
,306
,368
,370
,319
,330
,389
,365
,324
,356
,388
,345
2026 06 19 18:01:39.294742,319
,372
,378
,328
,325
,381
,362
,311
,334
,378
,344
,311
,360
,378
2026 06 19 18:01:39.356701,331
,321
,376
,360
,307
,329
,378
,344
,308
,348
,378
,323
,303
,364
2026 06 19 18:01:39.422082,369
,315
,331
,388
,360
,313
,344
,374
,327
,302
,353
,372
,322
,327
2026 06 19 18:01:39.483795,379
,360
,311
,338
,375
,327
,299
,354
,381
,331
,323
,376
,359
,305
2026 06 19 18:01:39.545236,330
,380
,344
,307
,353
,376
,327
,316
,366
,368
,315
,328
,381
,346
2026 06 19 18:01:39.610855,309
,344
,375
,327
,301
,353
,373
,320
,325
,381
,357
,309
,336
,381
2026 06 19 18:01:39.672201,345
,309
,354
,377
,327
,320
,375
,362
,309
,329
,377
,345
,306
,348
2026 06 19 18:01:39.737533,373
,325
,308
,373
,372
,322
,330
,378
,359
,311
,345
,378
,337
,310
2026 06 19 18:01:39.799245,360
,371
,316
,322
,376
,358
,314
,343
,386
,344
,317
,371
,385
,331
2026 06 19 18:01:39.860804,326
,384
,369
,312
,332
,382
,350
,320
,363
,390
,341
,325
,379
,377
2026 06 19 18:01:39.925671,319
,329
,375
,348
,314
,352
,381
,336
,314
,372
,380
,326
,328
,384
2026 06 19 18:01:39.986946,365
,317
,344
,387
,346
,317
,363
,380
,335
,326
,382
,363
,308
,339
2026 06 19 18:01:40.053112,394
,349
,305
,351
,380
,332
,314
,368
,368
,314
,324
,382
,359
,312
2026 06 19 18:01:40.114545,349
,381
,339
,310
,369
,376
,322
,326
,387
,365
,320
,347
,386
,344
2026 06 19 18:01:40.175238,307
,362
,381
,327
,315
,375
,372
,318
,332
,386
,352
,305
,353
,384
2026 06 19 18:01:40.240643,335
,317
,370
,372
,317
,329
,384
,359
,318
,349
,384
,339
,312
,368
2026 06 19 18:01:40.302798,373
,318
,321
,383
,361
,312
,338
,377
,338
,311
,350
,369
,324
,322
2026 06 19 18:01:40.368966,379
,361
,311
,324
,373
,340
,297
,342
,380
,331
,309
,362
,363
,313
2026 06 19 18:01:40.429669,325
,384
,354
,303
,347
,378
,336
,302
,359
,368
,316
,327
,385
,365
2026 06 19 18:01:40.491293,316
,341
,384
,344
,307
,355
,386
,327
,319
,372
,359
,309
,336
,385
2026 06 19 18:01:40.556908,346
,303
,352
,382
,337
,323
,371
,371
,321
,331
,382
,350
,314
,346
2026 06 19 18:01:40.619811,383
,335
,311
,359
,364
,318
,327
,387
,360
,306
,340
,380
,338
,305
2026 06 19 18:01:40.682665,351
,379
,328
,318
,376
,368
,308
,335
,385
,352
,317
,357
,392
,338
2026 06 19 18:01:40.744936,317
,377
,368
,314
,339
,391
,359
,318
,362
,390
,334
,308
,370
,373
2026 06 19 18:01:40.806576,318
,329
,384
,360
,305
,337
,380
,340
,311
,358
,373
,323
,311
,368
2026 06 19 18:01:40.872047,369
,315
,334
,381
,351
,314
,361
,379
,323
,318
,379
,375
,316
,333
2026 06 19 18:01:40.933354,389
,358
,312
,353
,390
,340
,320
,377
,379
,323
,335
,396
,368
,323
2026 06 19 18:01:40.999085,351
,381
,347
,315
,367
,380
,329
,327
,381
,369
,323
,347
,400
,361
2026 06 19 18:01:41.060439,320
,373
,397
,337
,323
,379
,373
,325
,346
,402
,370
,316
,352
,391
2026 06 19 18:01:41.122102,352
,328
,376
,386
,331
,332
,394
,368
,312
,352
,397
,352
,328
,378
2026 06 19 18:01:41.187580,389
,328
,329
,386
,369
,312
,342
,394
,360
,325
,370
,389
,340
,325
2026 06 19 18:01:41.248888,380
,372
,320
,341
,395
,363
,325
,356
,381
,337
,320
,375
,377
,327
2026 06 19 18:01:41.314421,340
,394
,366
,315
,349
,392
,348
,316
,363
,376
,324
,322
,382
,365
2026 06 19 18:01:41.376219,308
,331
,385
,351
,312
,354
,384
,328
,313
,371
,368
,313
,332
,387
2026 06 19 18:01:41.437871,358
,317
,354
,380
,333
,310
,360
,364
,307
,316
,363
,344
,315
,350
2026 06 19 18:01:41.502813,391
,349
,315
,368
,378
,318
,311
,369
,360
,303
,328
,381
,345
,305
2026 06 19 18:01:41.564355,353
,384
,331
,316
,376
,371
,313
,332
,392
,357
,321
,358
,382
,340
2026 06 19 18:01:41.629835,320
,377
,377
,319
,328
,385
,357
,308
,343
,383
,345
,316
,367
,386
2026 06 19 18:01:41.691472,328
,323
,372
,376
,326
,347
,392
,357
,321
,361
,388
,339
,324
,381
2026 06 19 18:01:41.752575,372
,322
,342
,389
,354
,303
,341
,376
,337
,319
,377
,384
,324
,336
2026 06 19 18:01:41.817959,396
,367
,319
,352
,392
,348
,315
,363
,377
,323
,318
,374
,348
,300
2026 06 19 18:01:41.879923,344
,396
,350
,315
,361
,378
,329
,326
,383
,375
,314
,335
,390
,351
2026 06 19 18:01:41.944724,302
,356
,389
,340
,314
,371
,377
,321
,338
,398
,365
,313
,340
,382
2026 06 19 18:01:42.006807,342
,307
,361
,383
,316
,314
,386
,373
,308
,338
,391
,355
,314
,361
2026 06 19 18:01:42.067357,388
,326
,319
,374
,362
,306
,335
,400
,364
,326
,367
,400
,346
,330
2026 06 19 18:01:42.133363,381
,376
,312
,319
,384
,355
,308
,342
,385
,340
,299
,355
,390
,332
2026 06 19 18:01:42.195785,327
,390
,370
,316
,346
,392
,352
,310
,351
,367
,316
,305
,363
,358
2026 06 19 18:01:42.260354,313
,337
,391
,365
,320
,353
,381
,338
,317
,374
,377
,324
,329
,381
2026 06 19 18:01:42.321572,355
,310
,339
,379
,337
,317
,372
,376
,322
,332
,383
,374
,324
,352
2026 06 19 18:01:42.383332,394
,349
,322
,371
,388
,332
,322
,383
,365
,310
,340
,391
,358
,315
2026 06 19 18:01:42.449238,367
,390
,346
,325
,379
,373
,314
,321
,377
,359
,305
,326
,376
,345
2026 06 19 18:01:42.510403,322
,378
,378
,324
,327
,386
,364
,310
,338
,393
,350
,310
,358
,386
2026 06 19 18:01:42.576257,337
,318
,380
,371
,316
,339
,392
,355
,308
,339
,369
,330
,311
,373
2026 06 19 18:01:42.637440,386
,324
,331
,382
,361
,309
,344
,387
,343
,309
,360
,378
,320
,322
2026 06 19 18:01:42.698469,379
,364
,308
,338
,377
,337
,306
,374
,392
,335
,320
,376
,369
,312
2026 06 19 18:01:42.764110,332
,384
,348
,305
,352
,383
,334
,316
,370
,357
,291
,321
,394
,363
2026 06 19 18:01:42.826168,314
,344
,384
,339
,307
,354
,365
,320
,327
,381
,349
,278
,345
,387
2026 06 19 18:01:42.896643,350
,315
,347
,375
,333
,325
,383
,363
,303
,325
,376
,342
,307
,351
2026 06 19 18:01:42.953479,371
,308
,308
,390
,389
,330
,331
,393
,361
,308
,345
,385
,338
,303
2026 06 19 18:01:43.013724,359
,378
,319
,319
,379
,368
,313
,343
,388
,347
,329
,376
,391
,335
2026 06 19 18:01:43.080001,326
,384
,369
,317
,341
,389
,353
,315
,360
,384
,334
,323
,376
,368
2026 06 19 18:01:43.141567,301
,314
,384
,361
,307
,353
,387
,334
,312
,377
,384
,324
,328
,383
2026 06 19 18:01:43.202709,365
,319
,340
,380
,340
,311
,353
,381
,339
,318
,382
,371
,313
,336
2026 06 19 18:01:43.267555,391
,350
,303
,338
,393
,351
,331
,387
,372
,321
,342
,393
,362
,304
2026 06 19 18:01:43.329983,348
,383
,324
,282
,354
,373
,320
,329
,400
,377
,323
,353
,391
,343
2026 06 19 18:01:43.395179,313
,366
,388
,332
,330
,378
,371
,319
,347
,395
,353
,304
,365
,397
2026 06 19 18:01:43.458369,339
,304
,389
,389
,328
,336
,388
,363
,318
,360
,391
,332
,318
,376
2026 06 19 18:01:43.518262,377
,320
,324
,384
,363
,310
,340
,384
,368
,327
,361
,375
,320
,321
2026 06 19 18:01:43.583945,388
,367
,303
,343
,404
,361
,310
,347
,377
,325
,314
,358
,358
,311
2026 06 19 18:01:43.644637,331
,385
,356
,311
,344
,381
,334
,316
,346
,337
,328
,334
,391
,363
2026 06 19 18:01:43.710677,308
,343
,393
,347
,312
,360
,371
,315
,306
,361
,361
,329
,342
,377
2026 06 19 18:01:43.772430,327
,307
,367
,387
,328
,322
,397
,386
,327
,324
,367
,356
,302
,355
2026 06 19 18:01:43.833072,409
,341
,316
,380
,388
,329
,325
,388
,364
,314
,340
,377
,336
,314
2026 06 19 18:01:43.899098,381
,383
,307
,311
,395
,394
,325
,313
,374
,394
,331
,373
,387
,329
2026 06 19 18:01:43.960712,321
,384
,373
,307
,327
,393
,335
,258
,329
,418
,370
,319
,382
,392
2026 06 19 18:01:44.026146,317
,316
,359
,336
,281
,311
,351
,305
,280
,333
,346
,285
,265
,327
2026 06 19 18:01:44.087538,336
,298
,326
,372
,323
,275
,327
,363
,309
,296
,362
,358
,303
,319
2026 06 19 18:01:44.148698,369
,334
,284
,322
,358
,313
,292
,352
,359
,302
,304
,357
,348
,286
2026 06 19 18:01:44.213889,310
,350
,308
,315
,376
,360
,310
,320
,385
,351
,273
,305
,370
,337
2026 06 19 18:01:44.275357,292
,351
,380
,320
,301
,355
,338
,272
,295
,363
,350
,303
,344
,368
2026 06 19 18:01:44.341570,326
,301
,359
,365
,306
,312
,368
,332
,269
,317
,372
,332
,268
,326
2026 06 19 18:01:44.402802,397
,339
,322
,372
,353
,298
,328
,374
,342
,302
,346
,370
,317
,305
2026 06 19 18:01:44.463520,355
,360
,291
,319
,381
,336
,277
,363
,391
,334
,317
,373
,377
,315
2026 06 19 18:01:44.529956,320
,382
,359
,307
,327
,347
,317
,329
,385
,383
,318
,326
,383
,365
2026 06 19 18:01:44.591564,310
,334
,384
,344
,308
,355
,385
,330
,310
,374
,369
,314
,329
,382
2026 06 19 18:01:44.656998,355
,312
,352
,390
,341
,320
,378
,386
,329
,336
,391
,364
,304
,325
2026 06 19 18:01:44.718153,344
,327
,330
,412
,418
,343
,326
,381
,336
,285
,350
,419
,369
,328
2026 06 19 18:01:44.779875,367
,393
,333
,315
,378
,373
,311
,313
,388
,377
,320
,351
,379
,352
2026 06 19 18:01:44.845456,320
,361
,354
,333
,348
,388
,364
,318
,351
,390
,349
,309
,356
,388
2026 06 19 18:01:44.906556,337
,327
,381
,369
,327
,349
,394
,354
,318
,363
,388
,340
,326
,382
2026 06 19 18:01:44.972067,378
,323
,339
,398
,367
,319
,357
,393
,333
,283
,362
,418
,346
,327
2026 06 19 18:01:45.033119,415
,385
,325
,364
,406
,351
,272
,370
,421
,348
,347
,405
,383
,321
2026 06 19 18:01:45.094957,343
,388
,349
,315
,365
,373
,323
,315
,385
,380
,327
,345
,388
,340
2026 06 19 18:01:45.160641,299
,349
,391
,363
,357
,400
,395
,332
,332
,388
,356
,289
,323
,412
2026 06 19 18:01:45.222283,372
,321
,361
,392
,334
,328
,382
,338
,301
,355
,391
,347
,297
,323
2026 06 19 18:01:45.287739,353
,321
,319
,371
,346
,296
,314
,380
,363
,316
,348
,378
,333
,318
2026 06 19 18:01:45.349050,373
,372
,314
,323
,376
,346
,293
,337
,400
,361
,322
,372
,382
,324
2026 06 19 18:01:45.410865,323
,385
,369
,316
,341
,387
,335
,307
,363
,384
,324
,321
,383
,362
2026 06 19 18:01:45.475085,317
,344
,387
,354
,309
,359
,395
,341
,318
,375
,372
,316
,322
,360
2026 06 19 18:01:45.537447,368
,315
,359
,410
,363
,314
,361
,385
,333
,333
,390
,372
,320
,345
2026 06 19 18:01:45.602654,391
,347
,305
,357
,386
,327
,314
,373
,371
,330
,348
,399
,368
,325
2026 06 19 18:01:45.664433,363
,393
,340
,319
,377
,374
,320
,332
,388
,360
,309
,347
,383
,337
2026 06 19 18:01:45.725068,312
,358
,384
,324
,323
,392
,374
,326
,347
,388
,359
,332
,366
,389
2026 06 19 18:01:45.791594,337
,322
,385
,374
,322
,348
,385
,350
,312
,355
,382
,335
,326
,376
2026 06 19 18:01:45.852754,387
,332
,337
,386
,359
,319
,345
,378
,353
,324
,367
,382
,330
,325
2026 06 19 18:01:45.917503,382
,353
,313
,356
,400
,352
,315
,361
,381
,326
,319
,372
,369
,316
2026 06 19 18:01:45.980827,332
,379
,342
,301
,352
,383
,342
,340
,388
,377
,320
,326
,381
,363
2026 06 19 18:01:46.040718,316
,344
,378
,344
,319
,379
,386
,329
,323
,382
,365
,310
,332
,382
2026 06 19 18:01:46.106548,341
,310
,362
,382
,330
,316
,367
,368
,331
,342
,386
,360
,318
,358
2026 06 19 18:01:46.168425,388
,337
,319
,376
,377
,328
,334
,383
,355
,304
,338
,397
,352
,316
2026 06 19 18:01:46.233548,368
,391
,340
,335
,385
,365
,316
,343
,387
,343
,318
,367
,383
,330
2026 06 19 18:01:46.295265,318
,379
,378
,329
,344
,388
,348
,312
,364
,396
,335
,316
,384
,384
2026 06 19 18:01:46.356854,319
,331
,401
,374
,325
,362
,393
,344
,318
,378
,386
,325
,329
,386
2026 06 19 18:01:46.421757,357
,292
,344
,395
,327
,297
,388
,399
,335
,322
,377
,375
,317
,343
2026 06 19 18:01:46.482903,396
,354
,301
,340
,392
,320
,310
,374
,391
,323
,339
,401
,366
,321
2026 06 19 18:01:46.549062,352
,387
,336
,304
,355
,368
,329
,333
,385
,358
,304
,341
,392
,340
2026 06 19 18:01:46.613616,315
,375
,387
,329
,321
,376
,360
,306
,360
,404
,350
,302
,356
,386
2026 06 19 18:01:46.671607,326
,324
,383
,369
,319
,344
,400
,361
,306
,350
,383
,336
,312
,371
2026 06 19 18:01:46.736773,374
,313
,327
,394
,369
,315
,351
,380
,324
,313
,376
,386
,332
,329
2026 06 19 18:01:46.798727,390
,370
,314
,341
,390
,345
,315
,366
,382
,330
,323
,377
,366
,328
2026 06 19 18:01:46.860618,334
,396
,369
,315
,343
,387
,342
,319
,379
,381
,329
,332
,383
,364
2026 06 19 18:01:46.926090,313
,339
,379
,348
,325
,368
,387
,332
,323
,376
,362
,310
,334
,380
2026 06 19 18:01:46.987583,358
,325
,361
,388
,340
,317
,375
,369
,314
,336
,383
,358
,320
,360
2026 06 19 18:01:47.052970,389
,338
,318
,371
,382
,320
,331
,394
,363
,316
,355
,395
,353
,315
2026 06 19 18:01:47.114198,367
,382
,320
,319
,366
,362
,313
,329
,390
,354
,310
,344
,370
,348
2026 06 19 18:01:47.175948,328
,379
,371
,322
,316
,385
,370
,321
,349
,390
,349
,319
,371
,375
2026 06 19 18:01:47.241412,309
,303
,372
,368
,331
,359
,392
,359
,316
,370
,395
,337
,327
,379
2026 06 19 18:01:47.302000,364
,316
,338
,386
,351
,312
,352
,373
,327
,308
,363
,351
,302
,332
2026 06 19 18:01:47.367659,399
,365
,322
,345
,383
,344
,313
,381
,385
,329
,335
,386
,367
,318
2026 06 19 18:01:47.430885,341
,382
,341
,308
,358
,384
,324
,316
,388
,383
,317
,342
,407
,365
2026 06 19 18:01:47.490446,334
,371
,390
,338
,329
,385
,377
,324
,338
,391
,364
,309
,343
,392
2026 06 19 18:01:47.556998,360
,336
,380
,390
,338
,336
,385
,365
,313
,345
,382
,337
,291
,362
2026 06 19 18:01:47.618055,398
,343
,324
,379
,377
,334
,344
,386
,342
,312
,361
,385
,334
,333
2026 06 19 18:01:47.683608,384
,371
,320
,342
,397
,364
,329
,364
,378
,336
,325
,376
,374
,318
2026 06 19 18:01:47.745010,326
,394
,371
,320
,339
,373
,346
,330
,384
,388
,335
,329
,379
,370
2026 06 19 18:01:47.806589,319
,339
,386
,350
,324
,360
,374
,321
,317
,373
,361
,313
,317
,381
2026 06 19 18:01:47.872237,353
,307
,344
,373
,333
,314
,365
,369
,318
,321
,374
,346
,294
,337
2026 06 19 18:01:47.933754,383
,338
,316
,365
,367
,320
,321
,377
,363
,318
,337
,380
,351
,313
2026 06 19 18:01:47.999271,354
,379
,336
,318
,368
,356
,315
,348
,394
,368
,315
,351
,380
,339
2026 06 19 18:01:48.063275,320
,381
,384
,327
,331
,381
,359
,320
,347
,382
,353
,322
,364
,364
2026 06 19 18:01:48.121811,323
,328
,383
,369
,319
,344
,389
,351
,313
,364
,391
,336
,330
,386
2026 06 19 18:01:48.187534,375
,323
,337
,392
,361
,316
,361
,389
,337
,347
,399
,388
,330
,341
2026 06 19 18:01:48.249044,393
,371
,323
,358
,389
,351
,344
,388
,389
,325
,331
,388
,375
,328
2026 06 19 18:01:48.313886,352
,393
,355
,320
,366
,388
,337
,326
,378
,376
,321
,335
,375
,357
2026 06 19 18:01:48.376014,332
,366
,384
,338
,314
,369
,374
,330
,340
,388
,363
,315
,349
,381
2026 06 19 18:01:48.436656,346
,323
,374
,383
,337
,339
,391
,376
,322
,352
,392
,358
,335
,370
2026 06 19 18:01:48.503017,390
,336
,338
,389
,375
,327
,345
,394
,359
,324
,367
,386
,339
,316
2026 06 19 18:01:48.565415,368
,373
,342
,343
,394
,373
,329
,363
,394
,352
,323
,372
,384
,326
2026 06 19 18:01:48.629771,333
,382
,367
,315
,336
,402
,360
,322
,371
,388
,339
,323
,373
,368
2026 06 19 18:01:48.691534,325
,338
,391
,357
,315
,351
,369
,341
,325
,384
,379
,323
,341
,387
2026 06 19 18:01:48.752649,360
,325
,356
,390
,349
,313
,361
,377
,317
,325
,381
,369
,327
,353
2026 06 19 18:01:48.818828,393
,356
,326
,367
,372
,329
,320
,383
,381
,333
,348
,395
,361
,325
2026 06 19 18:01:48.879012,361
,385
,338
,321
,377
,367
,317
,339
,386
,363
,325
,355
,388
,347
2026 06 19 18:01:48.944497,320
,369
,376
,324
,331
,379
,358
,318
,343
,387
,352
,330
,381
,396
2026 06 19 18:01:49.006692,346
,333
,395
,385
,333
,347
,396
,357
,323
,365
,388
,345
,327
,382
2026 06 19 18:01:49.069697,371
,319
,334
,383
,367
,323
,354
,381
,346
,327
,381
,389
,332
,333
2026 06 19 18:01:49.133582,374
,358
,321
,346
,398
,358
,321
,364
,384
,331
,323
,378
,362
,319
2026 06 19 18:01:49.194913,349
,401
,368
,318
,354
,386
,341
,326
,375
,367
,336
,348
,396
,363
2026 06 19 18:01:49.260524,323
,355
,383
,332
,318
,371
,372
,328
,327
,378
,366
,325
,352
,389
2026 06 19 18:01:49.321636,348
,318
,359
,380
,328
,321
,371
,358
,317
,342
,388
,348
,303
,351
2026 06 19 18:01:49.383911,378
,329
,323
,382
,375
,324
,337
,384
,360
,312
,341
,382
,345
,321
2026 06 19 18:01:49.449063,380
,378
,317
,326
,391
,363
,316
,342
,385
,348
,317
,362
,377
,324
2026 06 19 18:01:49.510548,316
,373
,360
,304
,336
,387
,345
,308
,346
,377
,342
,313
,367
,362
2026 06 19 18:01:49.575846,308
,329
,382
,351
,304
,335
,364
,325
,309
,359
,360
,305
,307
,372
2026 06 19 18:01:49.636808,360
,323
,346
,380
,340
,311
,355
,370
,331
,329
,380
,360
,307
,327
2026 06 19 18:01:49.698662,373
,342
,303
,345
,356
,303
,318
,373
,370
,319
,333
,382
,357
,315
2026 06 19 18:01:49.764596,346
,381
,332
,313
,360
,355
,313
,319
,371
,353
,308
,333
,374
,330
2026 06 19 18:01:49.826019,299
,358
,381
,327
,317
,382
,362
,312
,340
,385
,354
,314
,359
,374
2026 06 19 18:01:49.891313,322
,321
,369
,362
,313
,327
,372
,340
,299
,337
,366
,325
,307
,361
2026 06 19 18:01:49.952426,365
,319
,323
,375
,355
,307
,340
,374
,332
,300
,345
,361
,305
,315
2026 06 19 18:01:50.014438,395
,362
,313
,353
,391
,349
,306
,344
,373
,321
,301
,362
,366
,326
2026 06 19 18:01:50.079019,339
,385
,346
,301
,342
,376
,337
,311
,366
,370
,313
,330
,374
,338
2026 06 19 18:01:50.141372,304
,341
,384
,337
,313
,364
,370
,317
,313
,380
,362
,315
,342
,385
2026 06 19 18:01:50.205357,341
,305
,351
,369
,324
,319
,374
,357
,309
,328
,372
,341
,297
,339
2026 06 19 18:01:50.267875,373
,328
,324
,361
,361
,311
,320
,373
,350
,315
,347
,383
,339
,313
2026 06 19 18:01:50.329691,360
,367
,310
,309
,369
,362
,324
,350
,387
,340
,306
,353
,369
,320
2026 06 19 18:01:50.394729,315
,374
,362
,305
,324
,376
,346
,310
,354
,384
,339
,325
,370
,367
2026 06 19 18:01:50.456715,321
,325
,369
,347
,299
,341
,374
,342
,308
,351
,356
,308
,307
,375
2026 06 19 18:01:50.522936,356
,308
,340
,377
,338
,304
,342
,363
,315
,312
,362
,351
,298
,317
2026 06 19 18:01:50.583735,367
,330
,291
,331
,369
,322
,300
,362
,363
,315
,325
,371
,344
,304
2026 06 19 18:01:50.644477,328
,373
,330
,311
,361
,353
,308
,316
,373
,364
,310
,341
,382
,342
2026 06 19 18:01:50.710531,311
,352
,365
,315
,303
,361
,358
,301
,324
,373
,350
,318
,352
,377
2026 06 19 18:01:50.772180,333
,312
,366
,358
,314
,331
,375
,351
,317
,338
,372
,329
,305
,362
2026 06 19 18:01:50.833478,367
,312
,307
,373
,364
,311
,337
,379
,341
,305
,351
,370
,322
,319
2026 06 19 18:01:50.899016,378
,364
,319
,331
,372
,344
,305
,344
,369
,328
,321
,373
,372
,324
2026 06 19 18:01:50.960554,331
,373
,352
,308
,340
,370
,338
,309
,358
,375
,320
,325
,380
,362
2026 06 19 18:01:51.025932,315
,342
,380
,350
,318
,361
,375
,334
,330
,372
,352
,323
,337
,377
2026 06 19 18:01:51.088159,347
,309
,351
,373
,335
,318
,378
,375
,321
,330
,377
,349
,310
,345
2026 06 19 18:01:51.148964,377
,336
,326
,373
,369
,313
,318
,380
,363
,307
,344
,391
,354
,316
2026 06 19 18:01:51.214735,357
,368
,311
,307
,357
,360
,323
,341
,387
,350
,310
,346
,370
,329
2026 06 19 18:01:51.275302,322
,374
,369
,321
,337
,378
,349
,312
,345
,372
,335
,320
,367
,368
2026 06 19 18:01:51.340662,317
,307
,366
,367
,326
,353
,384
,347
,323
,364
,381
,332
,323
,375
2026 06 19 18:01:51.402308,360
,316
,342
,381
,344
,310
,348
,368
,322
,315
,364
,340
,308
,338
2026 06 19 18:01:51.464145,386
,358
,315
,352
,375
,331
,324
,373
,376
,321
,318
,376
,364
,325
2026 06 19 18:01:51.529429,351
,380
,337
,315
,363
,357
,311
,339
,376
,351
,324
,347
,382
,352
2026 06 19 18:01:51.590712,314
,347
,366
,316
,311
,378
,371
,324
,327
,370
,359
,314
,352
,380
2026 06 19 18:01:51.655902,325
,300
,368
,379
,316
,323
,381
,353
,311
,346
,373
,343
,331
,373
2026 06 19 18:01:51.717196,382
,336
,327
,378
,372
,323
,340
,383
,343
,312
,358
,377
,331
,317
2026 06 19 18:01:51.779076,375
,365
,318
,331
,384
,360
,323
,355
,384
,338
,325
,369
,368
,319
2026 06 19 18:01:51.844357,324
,375
,352
,307
,342
,377
,341
,324
,361
,356
,321
,336
,382
,358
2026 06 19 18:01:51.906844,321
,354
,386
,338
,306
,361
,382
,340
,329
,383
,374
,317
,341
,380
2026 06 19 18:01:51.971197,349
,305
,352
,385
,334
,320
,378
,377
,324
,330
,382
,357
,314
,345
2026 06 19 18:01:52.033845,377
,337
,313
,355
,364
,316
,325
,371
,354
,312
,325
,371
,342
,307
2026 06 19 18:01:52.094904,351
,361
,322
,321
,378
,371
,318
,329
,372
,338
,301
,340
,366
,323
2026 06 19 18:01:52.159835,309
,356
,356
,306
,313
,370
,354
,310
,345
,378
,318
,300
,362
,378
2026 06 19 18:01:52.221998,331
,333
,381
,360
,304
,340
,379
,341
,315
,365
,379
,329
,330
,378
2026 06 19 18:01:52.291749,359
,307
,333
,391
,346
,315
,350
,374
,330
,319
,376
,365
,325
,345
2026 06 19 18:01:52.348700,393
,367
,323
,354
,387
,350
,319
,364
,387
,344
,347
,389
,365
,323
2026 06 19 18:01:52.410744,346
,381
,342
,317
,363
,377
,330
,329
,372
,365
,330
,352
,395
,362
2026 06 19 18:01:52.475972,332
,371
,391
,344
,322
,374
,386
,332
,340
,380
,352
,323
,357
,382
2026 06 19 18:01:52.538294,350
,328
,370
,386
,333
,334
,379
,359
,325
,353
,387
,348
,321
,364
2026 06 19 18:01:52.602530,369
,334
,335
,378
,366
,326
,341
,385
,351
,315
,354
,383
,333
,336
2026 06 19 18:01:52.664344,383
,370
,324
,334
,386
,360
,320
,353
,377
,338
,318
,364
,371
,333
2026 06 19 18:01:52.725117,343
,394
,362
,307
,337
,377
,332
,311
,358
,360
,323
,329
,376
,359
2026 06 19 18:01:52.790718,312
,343
,383
,341
,308
,356
,390
,348
,329
,380
,376
,317
,335
,384
2026 06 19 18:01:52.851921,360
,321
,355
,385
,338
,320
,371
,372
,328
,335
,386
,367
,322
,348
2026 06 19 18:01:52.918129,385
,352
,327
,370
,378
,334
,334
,385
,367
,315
,324
,359
,335
,343
2026 06 19 18:01:52.979808,386
,406
,351
,333
,377
,368
,314
,327
,376
,348
,309
,346
,382
,341
2026 06 19 18:01:53.040764,312
,340
,359
,334
,345
,388
,380
,332
,357
,389
,347
,320
,357
,369
2026 06 19 18:01:53.106738,329
,324
,371
,364
,316
,339
,393
,353
,317
,354
,376
,342
,333
,371
2026 06 19 18:01:53.167813,359
,316
,326
,390
,361
,322
,362
,382
,343
,322
,367
,372
,329
,334
2026 06 19 18:01:53.233520,381
,362
,316
,340
,377
,343
,305
,347
,380
,329
,337
,397
,377
,324
2026 06 19 18:01:53.295023,345
,384
,353
,320
,362
,378
,329
,319
,379
,377
,324
,332
,382
,351
2026 06 19 18:01:53.356645,305
,348
,385
,342
,330
,371
,373
,325
,326
,388
,368
,310
,342
,382
2026 06 19 18:01:53.421390,339
,313
,361
,369
,327
,326
,380
,357
,307
,331
,377
,358
,320
,354
2026 06 19 18:01:53.483211,367
,314
,301
,355
,348
,296
,319
,371
,346
,309
,343
,365
,328
,315
2026 06 19 18:01:53.548876,365
,366
,315
,323
,374
,350
,308
,339
,374
,332
,314
,359
,369
,326
2026 06 19 18:01:53.610295,332
,387
,367
,326
,350
,389
,339
,299
,361
,382
,332
,326
,368
,368
2026 06 19 18:01:53.671421,323
,334
,377
,350
,311
,343
,369
,329
,310
,368
,372
,321
,339
,386
2026 06 19 18:01:53.737359,362
,313
,338
,372
,339
,316
,366
,370
,316
,322
,365
,347
,323
,342
2026 06 19 18:01:53.798952,387
,346
,314
,357
,354
,311
,332
,384
,357
,307
,337
,376
,347
,311
2026 06 19 18:01:53.863389,352
,376
,333
,323
,377
,365
,311
,317
,374
,364
,325
,349
,378
,341
2026 06 19 18:01:53.925803,309
,363
,370
,311
,309
,364
,363
,305
,331
,393
,356
,323
,362
,377
2026 06 19 18:01:53.986976,329
,325
,382
,366
,316
,335
,378
,344
,312
,359
,388
,346
,330
,378
2026 06 19 18:01:54.052774,372
,328
,339
,378
,341
,315
,357
,391
,349
,328
,367
,371
,325
,331
2026 06 19 18:01:54.114675,384
,364
,317
,348
,384
,348
,315
,363
,381
,331
,324
,376
,366
,325
2026 06 19 18:01:54.180029,350
,388
,344
,309
,349
,370
,335
,322
,374
,370
,326
,334
,379
,353
2026 06 19 18:01:54.241377,315
,359
,392
,346
,323
,375
,371
,321
,325
,378
,354
,313
,349
,380
2026 06 19 18:01:54.305808,344
,328
,365
,373
,329
,334
,384
,365
,317
,336
,381
,337
,294
,353
2026 06 19 18:01:54.367783,361
,331
,337
,385
,371
,320
,334
,384
,361
,321
,355
,385
,348
,324
2026 06 19 18:01:54.431781,369
,373
,323
,331
,380
,355
,313
,342
,387
,356
,327
,363
,374
,326
2026 06 19 18:01:54.494180,325
,365
,354
,325
,359
,399
,358
,318
,353
,376
,328
,319
,371
,366
2026 06 19 18:01:54.556931,321
,344
,391
,365
,326
,357
,383
,341
,315
,364
,366
,320
,329
,382
2026 06 19 18:01:54.618039,355
,310
,343
,392
,352
,305
,352
,390
,330
,329
,386
,368
,319
,350
2026 06 19 18:01:54.684048,399
,357
,313
,352
,373
,328
,320
,375
,364
,314
,328
,394
,361
,319
2026 06 19 18:01:54.745024,356
,393
,342
,324
,388
,380
,327
,333
,381
,354
,313
,349
,387
,347
2026 06 19 18:01:54.809753,317
,359
,369
,321
,307
,373
,366
,315
,348
,384
,350
,314
,354
,381
2026 06 19 18:01:54.872014,334
,323
,375
,369
,312
,327
,381
,346
,307
,344
,371
,324
,304
,365
2026 06 19 18:01:54.932686,364
,315
,329
,382
,361
,318
,343
,382
,338
,314
,356
,362
,308
,319
2026 06 19 18:01:55.000791,372
,362
,319
,343
,379
,341
,298
,331
,362
,329
,318
,375
,373
,316
2026 06 19 18:01:55.060567,333
,385
,357
,319
,352
,376
,338
,319
,368
,384
,343
,334
,381
,366
2026 06 19 18:01:55.121836,324
,348
,387
,349
,320
,357
,380
,343
,338
,388
,372
,325
,349
,393
2026 06 19 18:01:55.186625,357
,313
,352
,381
,345
,328
,386
,391
,344
,353
,384
,371
,326
,356
2026 06 19 18:01:55.249121,385
,345
,323
,378
,379
,324
,319
,389
,370
,337
,372
,409
,364
,339
2026 06 19 18:01:55.313901,379
,386
,346
,347
,394
,381
,329
,348
,388
,365
,324
,376
,400
,352
2026 06 19 18:01:55.375877,344
,400
,388
,339
,368
,413
,378
,332
,370
,398
,357
,340
,391
,383
2026 06 19 18:01:55.436624,332
,342
,397
,389
,344
,374
,401
,361
,349
,393
,402
,352
,352
,403
2026 06 19 18:01:55.502270,385
,342
,365
,402
,364
,332
,371
,382
,341
,336
,385
,389
,340
,354
2026 06 19 18:01:55.563993,389
,364
,333
,374
,403
,359
,342
,385
,389
,342
,347
,393
,373
,328
2026 06 19 18:01:55.629936,358
,381
,347
,331
,381
,392
,342
,346
,390
,373
,328
,354
,389
,355
2026 06 19 18:01:55.691093,331
,372
,388
,344
,334
,384
,377
,329
,341
,396
,358
,318
,370
,398
2026 06 19 18:01:55.751978,350
,322
,389
,398
,344
,347
,390
,369
,329
,358
,392
,353
,327
,373
2026 06 19 18:01:55.819078,376
,335
,336
,383
,371
,335
,353
,396
,358
,323
,354
,381
,347
,343
2026 06 19 18:01:55.879012,394
,383
,330
,345
,388
,353
,320
,360
,384
,338
,319
,374
,367
,317
2026 06 19 18:01:55.944193,333
,383
,359
,316
,346
,376
,341
,312
,358
,373
,319
,313
,390
,371
2026 06 19 18:01:56.005806,319
,349
,385
,339
,320
,362
,370
,332
,326
,373
,365
,317
,330
,376
2026 06 19 18:01:56.067239,340
,309
,348
,370
,327
,315
,372
,369
,317
,322
,373
,347
,311
,346
2026 06 19 18:01:56.134825,372
,328
,311
,360
,364
,323
,333
,374
,350
,306
,335
,367
,324
,292
2026 06 19 18:01:56.194350,352
,366
,325
,315
,361
,346
,298
,328
,371
,340
,306
,347
,369
,322
2026 06 19 18:01:56.260655,304
,356
,353
,305
,324
,366
,329
,303
,344
,367
,330
,304
,352
,341
2026 06 19 18:01:56.321837,300
,317
,368
,344
,298
,327
,363
,324
,307
,346
,363
,317
,312
,368
2026 06 19 18:01:56.383461,355
,307
,325
,364
,335
,300
,340
,361
,313
,304
,353
,345
,292
,308
2026 06 19 18:01:56.448095,357
,330
,292
,324
,363
,327
,307
,350
,356
,306
,314
,365
,346
,292
2026 06 19 18:01:56.510385,323
,357
,326
,300
,340
,347
,293
,296
,350
,349
,295
,320
,356
,315
2026 06 19 18:01:56.575195,282
,327
,341
,310
,301
,344
,333
,283
,304
,354
,325
,289
,324
,361
2026 06 19 18:01:56.636673,313
,301
,345
,343
,287
,300
,354
,325
,296
,324
,353
,316
,294
,341
2026 06 19 18:01:56.697385,352
,305
,302
,351
,328
,291
,311
,356
,323
,282
,325
,352
,314
,312
2026 06 19 18:01:56.763348,359
,352
,300
,314
,359
,329
,288
,322
,353
,313
,295
,347
,351
,301
2026 06 19 18:01:56.825658,308
,358
,334
,288
,322
,361
,319
,289
,334
,350
,310
,307
,351
,338
2026 06 19 18:01:56.891453,300
,324
,363
,328
,296
,319
,341
,336
,321
,367
,353
,301
,325
,363
2026 06 19 18:01:56.951976,331
,293
,327
,359
,319
,303
,351
,347
,300
,312
,363
,342
,297
,333
2026 06 19 18:01:57.013836,368
,328
,302
,349
,360
,307
,314
,365
,349
,302
,322
,351
,315
,305
2026 06 19 18:01:57.079051,350
,371
,320
,309
,360
,349
,300
,312
,362
,330
,291
,328
,355
,321
2026 06 19 18:01:57.140927,305
,352
,352
,305
,307
,357
,340
,290
,326
,354
,296
,287
,359
,366
2026 06 19 18:01:57.205206,327
,325
,371
,350
,302
,325
,368
,331
,300
,341
,361
,310
,304
,354
2026 06 19 18:01:57.267736,356
,300
,314
,366
,330
,302
,347
,370
,323
,295
,350
,352
,315
,328
2026 06 19 18:01:57.328798,377
,348
,304
,338
,372
,331
,301
,350
,364
,309
,311
,377
,355
,298
2026 06 19 18:01:57.394749,330
,367
,328
,305
,355
,372
,317
,300
,368
,363
,308
,328
,373
,342
2026 06 19 18:01:57.456565,304
,338
,370
,326
,300
,355
,357
,313
,316
,364
,342
,302
,339
,371
2026 06 19 18:01:57.521897,326
,293
,349
,365
,321
,319
,369
,350
,303
,321
,360
,345
,318
,350
2026 06 19 18:01:57.583022,364
,325
,316
,365
,358
,299
,321
,381
,354
,318
,352
,377
,334
,312
2026 06 19 18:01:57.644478,368
,367
,314
,325
,375
,346
,307
,339
,374
,336
,310
,357
,356
,306
2026 06 19 18:01:57.710034,328
,382
,363
,310
,335
,370
,333
,304
,354
,369
,322
,315
,370
,360
2026 06 19 18:01:57.771676,306
,310
,366
,356
,325
,362
,383
,336
,317
,365
,361
,318
,324
,373
2026 06 19 18:01:57.837376,348
,308
,338
,367
,329
,303
,353
,364
,315
,311
,369
,352
,305
,332
2026 06 19 18:01:57.898822,373
,339
,310
,354
,367
,322
,316
,368
,350
,303
,327
,376
,344
,307
2026 06 19 18:01:57.960268,341
,358
,319
,317
,371
,369
,322
,331
,381
,363
,320
,349
,376
,339
2026 06 19 18:01:58.025722,317
,360
,374
,323
,319
,372
,358
,311
,338
,370
,336
,317
,362
,379
2026 06 19 18:01:58.088564,327
,312
,368
,362
,319
,330
,373
,348
,307
,346
,370
,331
,315
,361
2026 06 19 18:01:58.155374,359
,319
,338
,382
,351
,303
,336
,378
,341
,317
,361
,372
,316
,319
2026 06 19 18:01:58.214197,375
,356
,305
,338
,391
,351
,313
,357
,376
,320
,307
,367
,363
,312
2026 06 19 18:01:58.275035,328
,378
,341
,292
,338
,382
,340
,312
,359
,367
,317
,326
,385
,355
2026 06 19 18:01:58.341113,316
,349
,375
,335
,305
,353
,363
,313
,314
,360
,356
,312
,335
,376
2026 06 19 18:01:58.402976,345
,314
,357
,377
,329
,324
,377
,360
,309
,328
,377
,350
,311
,344
2026 06 19 18:01:58.467537,378
,326
,317
,370
,366
,320
,328
,370
,358
,323
,347
,379
,334
,298
2026 06 19 18:01:58.529784,354
,367
,326
,334
,382
,365
,315
,337
,375
,343
,315
,358
,371
,336
2026 06 19 18:01:58.590268,329
,378
,366
,320
,332
,379
,347
,310
,346
,375
,337
,314
,364
,370
2026 06 19 18:01:58.656580,318
,327
,370
,349
,320
,352
,386
,348
,322
,371
,382
,330
,329
,378
2026 06 19 18:01:58.717565,360
,313
,337
,371
,353
,323
,366
,376
,329
,323
,382
,372
,314
,323
2026 06 19 18:01:58.783246,380
,353
,317
,356
,376
,328
,318
,363
,360
,309
,328
,379
,358
,318
2026 06 19 18:01:58.844999,350
,370
,323
,307
,363
,374
,317
,311
,383
,354
,293
,317
,359
,344
2026 06 19 18:01:58.905628,316
,349
,367
,322
,322
,370
,355
,316
,329
,375
,350
,302
,334
,365
2026 06 19 18:01:58.971886,333
,308
,372
,374
,316
,334
,373
,358
,323
,362
,389
,348
,322
,364
2026 06 19 18:01:59.033358,368
,324
,325
,380
,362
,313
,326
,375
,348
,309
,363
,384
,335
,328
2026 06 19 18:01:59.094102,385
,373
,318
,328
,367
,350
,305
,356
,396
,340
,326
,360
,364
,332
2026 06 19 18:01:59.159825,329
,391
,367
,322
,349
,389
,347
,316
,377
,395
,335
,329
,378
,360
2026 06 19 18:01:59.221363,317
,337
,384
,316
,279
,389
,405
,328
,326
,390
,373
,321
,339
,384
2026 06 19 18:01:59.287144,349
,303
,347
,399
,363
,336
,340
,334
,306
,326
,359
,330
,339
,374
2026 06 19 18:01:59.348710,394
,345
,320
,362
,360
,306
,305
,363
,352
,317
,326
,352
,313
,296
2026 06 19 18:01:59.410497,342
,364
,324
,326
,359
,331
,288
,313
,384
,330
,316
,336
,371
,325
2026 06 19 18:01:59.475110,327
,346
,368
,359
,313
,395
,371
,359
,363
,401
,335
,285
,329
,359
2026 06 19 18:01:59.536947,327
,290
,355
,353
,319
,316
,360
,330
,302
,339
,369
,320
,318
,375
2026 06 19 18:01:59.602661,344
,292
,310
,355
,325
,283
,323
,358
,312
,311
,354
,361
,319
,329
2026 06 19 18:01:59.663690,381
,354
,269
,340
,419
,336
,281
,384
,384
,326
,342
,395
,370
,327
2026 06 19 18:01:59.725159,348
,362
,339
,348
,364
,351
,332
,346
,394
,396
,349
,343
,380
,365
2026 06 19 18:01:59.790317,328
,353
,385
,339
,322
,383
,369
,342
,344
,391
,380
,339
,367
,406
2026 06 19 18:01:59.851931,332
,340
,383
,372
,323
,345
,391
,365
,322
,344
,395
,347
,316
,365
2026 06 19 18:01:59.917786,381
,360
,348
,391
,373
,333
,352
,398
,364
,327
,370
,385
,345
,339
2026 06 19 18:01:59.978699,384
,383
,340
,344
,395
,378
,332
,363
,396
,368
,357
,389
,394
,349
2026 06 19 18:02:00.039747,346
,395
,380
,328
,356
,395
,331
,330
,379
,399
,349
,319
,380
,395
2026 06 19 18:02:00.106534,355
,358
,404
,368
,332
,369
,393
,352
,333
,379
,390
,339
,344
,400
2026 06 19 18:02:00.167381,369
,324
,355
,391
,381
,337
,388
,403
,353
,345
,397
,385
,338
,340
2026 06 19 18:02:00.232479,389
,371
,341
,375
,375
,344
,360
,403
,385
,328
,369
,417
,379
,341
2026 06 19 18:02:00.294778,362
,394
,365
,338
,381
,381
,335
,331
,381
,374
,333
,376
,397
,341
2026 06 19 18:02:00.355640,336
,387
,406
,353
,345
,398
,379
,334
,355
,391
,361
,335
,376
,386
2026 06 19 18:02:00.421757,340
,330
,393
,382
,340
,364
,407
,371
,333
,376
,396
,347
,332
,386
2026 06 19 18:02:00.483069,384
,329
,348
,385
,367
,343
,375
,405
,365
,341
,387
,390
,347
,349
2026 06 19 18:02:00.547659,392
,386
,335
,348
,408
,319
,304
,438
,437
,375
,360
,407
,391
,348
2026 06 19 18:02:00.619847,363
,411
,387
,344
,369
,397
,355
,340
,386
,392
,340
,354
,399
,366
2026 06 19 18:02:00.671445,319
,362
,402
,355
,332
,380
,397
,360
,356
,369
,354
,338
,366
,405
2026 06 19 18:02:00.737627,372
,334
,365
,374
,353
,347
,383
,381
,321
,343
,392
,367
,316
,371
2026 06 19 18:02:00.798912,404
,360
,330
,393
,392
,332
,332
,398
,381
,328
,363
,410
,373
,344
2026 06 19 18:02:00.863680,395
,404
,350
,348
,398
,382
,328
,360
,406
,374
,337
,354
,389
,371
2026 06 19 18:02:00.925659,355
,406
,382
,335
,362
,407
,370
,335
,376
,394
,354
,335
,395
,393
2026 06 19 18:02:00.987174,343
,353
,411
,381
,326
,357
,391
,366
,346
,380
,400
,351
,348
,402
2026 06 19 18:02:01.052601,387
,342
,364
,399
,369
,329
,383
,409
,356
,344
,400
,392
,347
,364
2026 06 19 18:02:01.113636,410
,373
,332
,380
,406
,361
,338
,385
,381
,319
,348
,405
,377
,340
2026 06 19 18:02:01.178656,372
,405
,361
,336
,383
,388
,342
,344
,393
,373
,327
,349
,393
,356
2026 06 19 18:02:01.240816,328
,372
,389
,344
,337
,375
,363
,336
,364
,405
,381
,337
,371
,391
2026 06 19 18:02:01.301672,354
,337
,380
,379
,335
,341
,392
,375
,327
,353
,392
,348
,329
,388
2026 06 19 18:02:01.367173,393
,339
,339
,386
,369
,323
,347
,401
,364
,327
,357
,384
,350
,341
2026 06 19 18:02:01.428966,388
,371
,318
,336
,379
,352
,318
,352
,380
,344
,333
,385
,385
,328
2026 06 19 18:02:01.494785,342
,395
,373
,323
,348
,397
,367
,337
,380
,385
,342
,339
,392
,368
2026 06 19 18:02:01.555451,327
,355
,393
,365
,327
,366
,384
,343
,329
,372
,366
,328
,340
,388
2026 06 19 18:02:01.617221,359
,321
,358
,393
,344
,314
,351
,380
,343
,341
,406
,379
,330
,358
2026 06 19 18:02:01.683088,391
,353
,330
,375
,380
,330
,318
,358
,354
,326
,330
,380
,358
,319
2026 06 19 18:02:01.744365,356
,382
,335
,324
,376
,369
,320
,336
,382
,353
,313
,355
,386
,342
2026 06 19 18:02:01.809674,325
,384
,385
,333
,343
,395
,373
,333
,356
,394
,339
,289
,372
,415
2026 06 19 18:02:01.871347,361
,351
,397
,372
,330
,355
,398
,360
,326
,365
,393
,346
,337
,384
2026 06 19 18:02:01.932836,375
,325
,340
,386
,365
,319
,353
,387
,342
,325
,384
,385
,333
,334
2026 06 19 18:02:01.998364,392
,366
,321
,361
,395
,359
,331
,374
,385
,345
,335
,382
,359
,325
2026 06 19 18:02:02.059697,356
,393
,359
,325
,361
,375
,333
,321
,367
,367
,321
,343
,378
,343
2026 06 19 18:02:02.126654,306
,359
,378
,344
,341
,392
,389
,337
,338
,387
,365
,320
,347
,379
2026 06 19 18:02:02.187008,340
,313
,363
,377
,332
,331
,380
,367
,314
,336
,373
,351
,309
,362
2026 06 19 18:02:02.248146,386
,341
,323
,372
,365
,321
,331
,376
,350
,301
,331
,370
,348
,333
2026 06 19 18:02:02.314504,380
,378
,325
,336
,385
,357
,312
,340
,379
,342
,311
,359
,372
,321
2026 06 19 18:02:02.376656,319
,373
,359
,310
,334
,377
,347
,313
,355
,370
,324
,312
,363
,348
2026 06 19 18:02:02.439996,301
,323
,358
,322
,297
,346
,363
,339
,305
,356
,381
,333
,345
,384
2026 06 19 18:02:02.502326,358
,306
,333
,373
,325
,316
,368
,371
,305
,317
,371
,352
,325
,345
2026 06 19 18:02:02.563939,388
,356
,313
,362
,381
,325
,315
,357
,346
,296
,315
,403
,363
,318
2026 06 19 18:02:02.628933,350
,388
,346
,330
,371
,379
,331
,331
,370
,348
,305
,338
,390
,353
2026 06 19 18:02:02.691148,320
,347
,344
,339
,331
,394
,382
,341
,356
,400
,356
,313
,365
,385
2026 06 19 18:02:02.756841,338
,329
,386
,374
,320
,301
,382
,375
,299
,359
,419
,377
,339
,382
2026 06 19 18:02:02.817134,371
,321
,329
,391
,372
,317
,351
,377
,359
,331
,366
,377
,339
,328
2026 06 19 18:02:02.880703,376
,369
,323
,353
,396
,348
,321
,356
,381
,338
,328
,383
,379
,324
2026 06 19 18:02:02.944686,327
,373
,354
,315
,348
,395
,339
,318
,373
,384
,333
,334
,367
,353
2026 06 19 18:02:03.006795,313
,353
,393
,353
,323
,373
,376
,331
,335
,387
,366
,318
,355
,388
2026 06 19 18:02:03.071066,337
,306
,369
,390
,324
,330
,391
,379
,332
,342
,395
,368
,330
,356
2026 06 19 18:02:03.133346,375
,345
,325
,358
,362
,336
,338
,377
,361
,323
,359
,399
,359
,325
2026 06 19 18:02:03.194407,372
,383
,335
,335
,384
,367
,321
,337
,374
,346
,331
,365
,387
,351
2026 06 19 18:02:03.259839,340
,384
,380
,331
,339
,387
,363
,321
,353
,381
,334
,322
,368
,374
2026 06 19 18:02:03.321740,328
,334
,387
,362
,316
,341
,381
,355
,330
,372
,388
,331
,320
,374
2026 06 19 18:02:03.383160,365
,327
,345
,374
,355
,338
,373
,385
,340
,326
,383
,378
,330
,341
2026 06 19 18:02:03.449093,388
,367
,325
,353
,372
,333
,320
,380
,390
,332
,334
,388
,374
,324
2026 06 19 18:02:03.512394,346
,392
,348
,323
,369
,383
,339
,329
,376
,362
,316
,330
,366
,330
2026 06 19 18:02:03.579826,295
,343
,369
,335
,324
,374
,367
,315
,333
,387
,357
,316
,351
,375
2026 06 19 18:02:03.636797,348
,319
,361
,370
,307
,309
,378
,359
,318
,343
,373
,346
,313
,357
2026 06 19 18:02:03.698874,390
,341
,328
,382
,370
,310
,326
,378
,363
,324
,356
,380
,336
,322
2026 06 19 18:02:03.764289,375
,371
,324
,339
,387
,360
,318
,356
,375
,342
,323
,369
,377
,321
2026 06 19 18:02:03.825328,323
,373
,360
,334
,358
,396
,366
,331
,372
,385
,339
,331
,377
,367
2026 06 19 18:02:03.890549,325
,338
,379
,355
,322
,353
,373
,335
,327
,388
,379
,323
,330
,383
2026 06 19 18:02:03.952838,354
,312
,342
,376
,331
,314
,362
,370
,320
,325
,374
,354
,312
,335
2026 06 19 18:02:04.013166,369
,336
,305
,364
,372
,319
,324
,390
,381
,329
,345
,381
,343
,320
2026 06 19 18:02:04.078743,355
,380
,332
,313
,348
,362
,329
,340
,384
,354
,309
,349
,396
,345
2026 06 19 18:02:04.140745,321
,374
,381
,324
,320
,367
,359
,314
,326
,374
,353
,326
,360
,367
2026 06 19 18:02:04.206340,324
,337
,382
,370
,326
,342
,384
,356
,323
,357
,380
,333
,319
,371
2026 06 19 18:02:04.267548,366
,325
,337
,385
,358
,321
,349
,385
,348
,320
,364
,364
,305
,336
2026 06 19 18:02:04.328907,394
,371
,333
,357
,392
,362
,325
,370
,388
,342
,334
,380
,377
,331
2026 06 19 18:02:04.395643,340
,390
,359
,317
,358
,385
,340
,326
,374
,377
,331
,345
,394
,370
2026 06 19 18:02:04.455280,326
,358
,388
,345
,322
,366
,363
,313
,307
,376
,388
,326
,338
,395
2026 06 19 18:02:04.522214,378
,335
,376
,392
,342
,335
,383
,370
,326
,346
,388
,357
,319
,354
2026 06 19 18:02:04.582818,388
,340
,314
,369
,374
,335
,343
,395
,351
,311
,369
,403
,357
,325
2026 06 19 18:02:04.645453,374
,377
,322
,326
,375
,357
,313
,339
,378
,341
,311
,358
,379
,329
2026 06 19 18:02:04.710984,320
,374
,373
,325
,346
,384
,351
,309
,342
,375
,331
,311
,365
,367
2026 06 19 18:02:04.771115,316
,334
,384
,344
,308
,356
,388
,344
,331
,378
,374
,327
,332
,376
2026 06 19 18:02:04.836896,361
,316
,340
,382
,346
,317
,356
,376
,332
,318
,373
,363
,314
,332
2026 06 19 18:02:04.897996,394
,359
,314
,343
,373
,338
,321
,380
,380
,329
,338
,391
,363
,317
2026 06 19 18:02:04.960789,357
,389
,347
,326
,365
,370
,313
,310
,377
,363
,332
,356
,391
,357
2026 06 19 18:02:05.025346,324
,366
,378
,333
,329
,377
,362
,313
,329
,371
,367
,324
,353
,377
2026 06 19 18:02:05.086878,323
,332
,377
,385
,330
,331
,393
,371
,327
,363
,380
,344
,326
,361
2026 06 19 18:02:05.152363,374
,327
,327
,379
,354
,313
,333
,372
,344
,323
,368
,387
,341
,331
2026 06 19 18:02:05.214684,387
,376
,323
,332
,381
,349
,323
,354
,386
,334
,320
,380
,379
,330
2026 06 19 18:02:05.275391,335
,397
,368
,322
,352
,393
,349
,319
,367
,380
,331
,334
,382
,357
2026 06 19 18:02:05.340942,309
,342
,385
,347
,315
,366
,390
,336
,337
,393
,372
,321
,352
,394
2026 06 19 18:02:05.402351,356
,318
,353
,382
,338
,320
,369
,370
,319
,332
,383
,354
,315
,344
2026 06 19 18:02:05.467723,373
,339
,321
,362
,364
,321
,327
,373
,364
,309
,328
,367
,354
,331
2026 06 19 18:02:05.529262,365
,382
,333
,328
,377
,362
,312
,334
,384
,348
,307
,353
,374
,342
2026 06 19 18:02:05.590048,328
,375
,369
,322
,333
,379
,363
,324
,351
,383
,338
,319
,379
,387
2026 06 19 18:02:05.655782,329
,326
,372
,355
,310
,340
,383
,351
,310
,349
,372
,328
,319
,363
2026 06 19 18:02:05.721853,361
,316
,332
,379
,350
,319
,362
,380
,333
,317
,368
,369
,316
,321
2026 06 19 18:02:05.783467,375
,355
,314
,347
,377
,340
,312
,365
,364
,313
,318
,371
,359
,307
2026 06 19 18:02:05.844050,342
,395
,358
,325
,364
,381
,335
,330
,377
,376
,327
,337
,382
,353
2026 06 19 18:02:05.905364,307
,343
,375
,352
,331
,376
,375
,328
,344
,391
,370
,324
,354
,384
2026 06 19 18:02:05.971830,346
,317
,355
,363
,320
,324
,386
,365
,327
,341
,392
,361
,325
,366
2026 06 19 18:02:06.033347,384
,333
,330
,387
,374
,323
,337
,386
,352
,308
,355
,383
,337
,320
2026 06 19 18:02:06.097789,376
,378
,323
,326
,372
,364
,322
,349
,385
,341
,307
,365
,379
,328
2026 06 19 18:02:06.159679,315
,358
,367
,320
,343
,390
,345
,316
,358
,382
,334
,324
,370
,355
2026 06 19 18:02:06.221275,324
,340
,383
,358
,313
,349
,381
,335
,315
,366
,365
,315
,324
,376
2026 06 19 18:02:06.287734,356
,309
,343
,374
,349
,323
,366
,376
,320
,318
,374
,355
,303
,330
2026 06 19 18:02:06.347534,372
,342
,311
,350
,374
,332
,323
,372
,361
,320
,336
,384
,358
,321
2026 06 19 18:02:06.413435,358
,385
,340
,310
,361
,362
,314
,322
,372
,352
,309
,342
,376
,343
2026 06 19 18:02:06.475659,316
,362
,382
,337
,326
,371
,367
,318
,337
,380
,345
,309
,348
,366
2026 06 19 18:02:06.536933,331
,311
,367
,372
,312
,318
,384
,365
,322
,353
,383
,337
,313
,366
2026 06 19 18:02:06.605451,379
,326
,326
,372
,350
,316
,341
,374
,333
,307
,354
,364
,325
,327
2026 06 19 18:02:06.664205,374
,359
,317
,336
,361
,347
,323
,362
,383
,338
,325
,377
,371
,327
2026 06 19 18:02:06.729010,333
,375
,358
,315
,350
,384
,341
,318
,366
,368
,328
,333
,381
,373
2026 06 19 18:02:06.790941,328
,354
,391
,354
,324
,353
,375
,339
,327
,376
,365
,321
,337
,382
2026 06 19 18:02:06.852381,351
,329
,371
,390
,337
,322
,382
,373
,311
,318
,383
,356
,320
,340
2026 06 19 18:02:06.917682,371
,337
,331
,371
,373
,326
,325
,374
,358
,312
,334
,374
,335
,318
2026 06 19 18:02:06.979283,364
,376
,324
,319
,374
,362
,305
,326
,383
,351
,323
,361
,382
,336
2026 06 19 18:02:07.044577,326
,371
,370
,332
,337
,377
,358
,323
,354
,380
,340
,318
,364
,375
2026 06 19 18:02:07.105736,323
,334
,397
,371
,323
,354
,386
,352
,325
,366
,381
,328
,325
,382
2026 06 19 18:02:07.167193,366
,319
,332
,386
,362
,319
,350
,379
,345
,324
,378
,381
,324
,335
2026 06 19 18:02:07.233060,387
,367
,334
,357
,384
,337
,311
,379
,384
,333
,328
,379
,363
,317
2026 06 19 18:02:07.293979,336
,369
,344
,310
,382
,394
,335
,328
,384
,368
,322
,341
,386
,353
2026 06 19 18:02:07.355152,317
,355
,381
,333
,323
,374
,373
,321
,334
,386
,350
,308
,346
,385
2026 06 19 18:02:07.420989,343
,317
,369
,370
,324
,340
,387
,371
,328
,352
,378
,350
,326
,366
2026 06 19 18:02:07.482930,382
,329
,321
,373
,369
,317
,334
,383
,370
,329
,356
,375
,333
,321
2026 06 19 18:02:07.548016,372
,374
,325
,329
,379
,361
,317
,351
,379
,341
,320
,363
,372
,326
2026 06 19 18:02:07.609887,326
,384
,370
,320
,349
,389
,354
,326
,363
,378
,330
,319
,374
,373
2026 06 19 18:02:07.670879,326
,341
,380
,363
,330
,364
,377
,339
,324
,375
,384
,328
,341
,391
2026 06 19 18:02:07.737935,370
,323
,346
,382
,345
,322
,372
,375
,327
,332
,383
,367
,326
,349
2026 06 19 18:02:07.797659,387
,351
,325
,366
,385
,333
,321
,374
,370
,322
,341
,385
,354
,310
2026 06 19 18:02:07.863366,352
,380
,339
,322
,372
,374
,320
,335
,389
,357
,304
,340
,389
,347
2026 06 19 18:02:07.925434,315
,364
,380
,334
,332
,387
,372
,313
,332
,383
,352
,310
,358
,381
2026 06 19 18:02:07.990122,336
,324
,371
,363
,315
,335
,382
,352
,315
,346
,377
,329
,304
,366
2026 06 19 18:02:08.055626,362
,310
,316
,387
,357
,316
,344
,364
,342
,310
,362
,375
,330
,332
2026 06 19 18:02:08.113774,377
,363
,316
,337
,380
,344
,315
,356
,373
,319
,314
,356
,359
,323
2026 06 19 18:02:08.178725,345
,402
,369
,325
,349
,375
,330
,315
,369
,372
,327
,326
,374
,355
2026 06 19 18:02:08.240109,311
,341
,376
,329
,292
,353
,376
,346
,345
,386
,373
,321
,347
,387
2026 06 19 18:02:08.301875,353
,317
,354
,369
,332
,325
,369
,367
,316
,331
,373
,351
,322
,352
2026 06 19 18:02:08.367800,388
,363
,330
,376
,374
,326
,333
,380
,357
,312
,342
,381
,339
,315
2026 06 19 18:02:08.429085,361
,375
,323
,317
,360
,349
,342
,364
,394
,368
,325
,363
,379
,336
2026 06 19 18:02:08.494372,321
,371
,373
,316
,328
,385
,353
,311
,346
,379
,347
,328
,375
,374
2026 06 19 18:02:08.556557,324
,330
,383
,364
,311
,344
,378
,345
,314
,351
,373
,329
,322
,374
2026 06 19 18:02:08.616791,363
,311
,336
,377
,335
,320
,363
,383
,340
,332
,384
,379
,324
,337
2026 06 19 18:02:08.682477,382
,354
,305
,339
,373
,327
,316
,372
,371
,326
,318
,384
,371
,324
2026 06 19 18:02:08.744155,358
,390
,354
,326
,370
,386
,339
,329
,379
,368
,320
,340
,386
,350
2026 06 19 18:02:08.810726,318
,358
,383
,337
,321
,370
,361
,318
,330
,393
,374
,327
,356
,391
2026 06 19 18:02:08.871722,357
,336
,384
,384
,326
,339
,387
,361
,317
,344
,379
,348
,319
,363
2026 06 19 18:02:08.932590,380
,331
,327
,381
,371
,322
,337
,382
,363
,329
,363
,389
,341
,317
2026 06 19 18:02:08.997482,379
,379
,336
,347
,392
,367
,331
,350
,391
,360
,333
,374
,373
,316
2026 06 19 18:02:09.061643,327
,379
,365
,317
,342
,377
,342
,312
,360
,371
,328
,337
,384
,360
2026 06 19 18:02:09.125859,318
,356
,394
,360
,322
,360
,384
,339
,325
,379
,371
,318
,332
,383
2026 06 19 18:02:09.186652,343
,312
,358
,392
,350
,318
,364
,379
,329
,343
,395
,381
,334
,355
2026 06 19 18:02:09.247688,392
,353
,314
,361
,376
,336
,334
,388
,376
,323
,338
,388
,365
,322
2026 06 19 18:02:09.313325,356
,376
,324
,324
,377
,369
,324
,333
,373
,351
,319
,352
,389
,347
2026 06 19 18:02:09.374894,307
,355
,384
,332
,333
,380
,362
,315
,339
,376
,341
,315
,353
,371
2026 06 19 18:02:09.440486,328
,326
,378
,365
,318
,338
,380
,353
,314
,344
,373
,331
,317
,364
2026 06 19 18:02:09.502469,359
,310
,326
,380
,356
,311
,341
,382
,343
,313
,356
,378
,318
,328
2026 06 19 18:02:09.563419,391
,370
,317
,336
,378
,349
,307
,358
,373
,333
,329
,373
,359
,313
2026 06 19 18:02:09.629022,335
,384
,358
,319
,355
,382
,333
,319
,380
,383
,328
,340
,385
,355
2026 06 19 18:02:09.692078,315
,340
,376
,345
,317
,363
,376
,326
,329
,389
,365
,309
,335
,388
2026 06 19 18:02:09.755253,347
,310
,342
,369
,336
,327
,374
,369
,323
,336
,384
,368
,330
,361
2026 06 19 18:02:09.817458,380
,344
,329
,375
,382
,330
,339
,385
,359
,315
,350
,386
,339
,330
2026 06 19 18:02:09.879066,384
,388
,338
,325
,394
,378
,326
,343
,395
,365
,326
,362
,383
,334
2026 06 19 18:02:09.943919,323
,378
,374
,330
,348
,395
,368
,332
,363
,378
,346
,334
,383
,382
2026 06 19 18:02:10.006950,318
,322
,383
,365
,320
,348
,379
,340
,325
,373
,376
,331
,335
,389
2026 06 19 18:02:10.070856,372
,323
,344
,385
,365
,327
,364
,381
,337
,325
,375
,363
,314
,333
2026 06 19 18:02:10.133101,383
,357
,321
,356
,377
,334
,326
,380
,368
,323
,333
,377
,354
,324
2026 06 19 18:02:10.193938,353
,389
,349
,321
,366
,375
,329
,336
,389
,367
,322
,342
,387
,351
2026 06 19 18:02:10.260027,313
,351
,367
,334
,332
,385
,375
,327
,348
,389
,364
,318
,351
,379
2026 06 19 18:02:10.320833,327
,315
,370
,370
,316
,317
,372
,352
,313
,353
,397
,357
,320
,360
2026 06 19 18:02:10.387972,384
,341
,342
,384
,370
,332
,352
,389
,354
,312
,346
,371
,329
,326
2026 06 19 18:02:10.447944,390
,387
,332
,341
,385
,361
,319
,349
,383
,349
,323
,364
,371
,313
2026 06 19 18:02:10.509629,326
,376
,345
,314
,331
,385
,356
,319
,360
,375
,330
,321
,377
,376
2026 06 19 18:02:10.575109,325
,341
,378
,347
,317
,352
,381
,328
,325
,379
,376
,328
,335
,381
2026 06 19 18:02:10.636737,355
,308
,334
,392
,350
,330
,377
,373
,326
,322
,370
,366
,315
,349
2026 06 19 18:02:10.703680,393
,350
,316
,357
,373
,335
,335
,388
,374
,318
,339
,382
,352
,316
2026 06 19 18:02:10.763197,350
,388
,339
,321
,377
,375
,324
,333
,375
,347
,312
,355
,387
,343
2026 06 19 18:02:10.824962,319
,374
,372
,326
,333
,380
,365
,321
,354
,391
,352
,326
,362
,378
2026 06 19 18:02:10.889929,322
,324
,383
,360
,306
,336
,383
,350
,316
,356
,377
,330
,324
,377
2026 06 19 18:02:10.952369,368
,328
,342
,392
,350
,312
,352
,373
,343
,326
,367
,381
,321
,331
2026 06 19 18:02:11.013314,384
,368
,325
,350
,392
,359
,326
,367
,372
,317
,328
,378
,375
,306
2026 06 19 18:02:11.078862,334
,403
,364
,310
,345
,378
,333
,314
,365
,371
,325
,334
,384
,350
2026 06 19 18:02:11.140732,313
,356
,388
,349
,320
,369
,376
,320
,319
,376
,359
,300
,332
,376
2026 06 19 18:02:11.205859,373
,343
,368
,385
,350
,321
,376
,366
,319
,338
,377
,343
,304
,342
2026 06 19 18:02:11.266900,383
,336
,312
,372
,373
,327
,332
,381
,361
,311
,347
,386
,342
,326
2026 06 19 18:02:11.328829,369
,377
,327
,329
,381
,361
,319
,339
,387
,355
,309
,356
,390
,343
2026 06 19 18:02:11.394127,328
,372
,358
,310
,337
,382
,352
,318
,347
,373
,328
,302
,351
,376
2026 06 19 18:02:11.455672,334
,336
,385
,362
,316
,348
,395
,360
,325
,368
,377
,324
,329
,382
2026 06 19 18:02:11.523809,363
,316
,344
,385
,354
,320
,359
,377
,333
,314
,371
,364
,298
,327
2026 06 19 18:02:11.582807,391
,363
,315
,348
,377
,341
,317
,372
,377
,324
,331
,382
,355
,312
2026 06 19 18:02:11.644251,345
,379
,335
,307
,353
,368
,322
,315
,368
,366
,317
,349
,396
,352
2026 06 19 18:02:11.709847,321
,362
,379
,319
,316
,389
,378
,331
,346
,383
,356
,315
,349
,378
2026 06 19 18:02:11.772972,334
,315
,362
,369
,318
,327
,384
,364
,318
,346
,385
,337
,305
,360
2026 06 19 18:02:11.836870,372
,317
,325
,366
,354
,323
,348
,389
,354
,318
,361
,375
,326
,324
2026 06 19 18:02:11.897680,372
,359
,307
,327
,369
,354
,305
,338
,392
,349
,319
,372
,376
,319
2026 06 19 18:02:11.959681,326
,382
,362
,317
,341
,378
,341
,313
,361
,370
,326
,326
,370
,356
2026 06 19 18:02:12.025769,313
,336
,369
,334
,316
,366
,380
,342
,349
,395
,379
,328
,336
,388
2026 06 19 18:02:12.085988,363
,317
,347
,387
,350
,325
,368
,371
,326
,330
,381
,372
,325
,348
2026 06 19 18:02:12.153221,387
,357
,330
,365
,377
,331
,324
,372
,367
,328
,352
,397
,366
,325
2026 06 19 18:02:12.214136,358
,384
,334
,320
,373
,374
,331
,346
,391
,359
,320
,355
,387
,348
2026 06 19 18:02:12.274635,323
,368
,379
,333
,331
,378
,350
,299
,362
,413
,372
,337
,377
,390
2026 06 19 18:02:12.340803,338
,328
,386
,375
,320
,335
,384
,362
,322
,356
,387
,348
,334
,380
2026 06 19 18:02:12.402578,372
,332
,342
,385
,353
,330
,368
,391
,348
,326
,375
,386
,338
,333
2026 06 19 18:02:12.466836,401
,376
,317
,345
,390
,341
,321
,375
,383
,348
,341
,380
,360
,320
2026 06 19 18:02:12.528808,336
,388
,364
,324
,362
,391
,346
,328
,374
,371
,325
,336
,381
,356
2026 06 19 18:02:12.590592,319
,351
,386
,342
,316
,367
,381
,329
,327
,382
,363
,318
,344
,380
2026 06 19 18:02:12.656524,344
,313
,359
,381
,334
,327
,379
,372
,323
,337
,377
,347
,312
,347
2026 06 19 18:02:12.717662,373
,330
,314
,374
,368
,304
,323
,404
,367
,313
,341
,387
,352
,319
2026 06 19 18:02:12.783556,363
,374
,318
,317
,373
,348
,301
,335
,374
,338
,307
,346
,363
,324
2026 06 19 18:02:12.845045,315
,356
,358
,302
,322
,390
,340
,304
,358
,380
,349
,334
,383
,378
2026 06 19 18:02:12.905850,323
,326
,373
,346
,310
,341
,377
,340
,310
,347
,373
,325
,317
,371
2026 06 19 18:02:12.970675,365
,326
,347
,387
,338
,311
,369
,393
,347
,332
,384
,367
,319
,333
2026 06 19 18:02:13.032668,378
,349
,306
,351
,373
,331
,321
,373
,373
,326
,338
,385
,363
,320
2026 06 19 18:02:13.098269,358
,390
,346
,318
,363
,373
,332
,335
,391
,378
,326
,344
,385
,349
2026 06 19 18:02:13.159717,316
,361
,374
,324
,317
,380
,378
,329
,343
,394
,360
,322
,359
,384
2026 06 19 18:02:13.220806,341
,320
,375
,374
,328
,347
,400
,365
,321
,347
,382
,338
,306
,357
2026 06 19 18:02:13.286958,366
,314
,316
,387
,373
,327
,349
,382
,342
,327
,366
,387
,345
,342
2026 06 19 18:02:13.347401,385
,373
,321
,332
,376
,346
,306
,344
,371
,338
,317
,358
,371
,334
2026 06 19 18:02:13.414380,338
,378
,358
,319
,343
,380
,344
,314
,360
,372
,330
,327
,374
,362
2026 06 19 18:02:13.475255,313
,338
,378
,344
,312
,350
,364
,303
,309
,386
,364
,325
,349
,388
2026 06 19 18:02:13.537388,357
,317
,351
,379
,331
,310
,360
,363
,310
,323
,370
,340
,308
,340
2026 06 19 18:02:13.602676,387
,339
,313
,361
,377
,328
,321
,372
,368
,326
,350
,390
,346
,314
2026 06 19 18:02:13.663440,353
,378
,324
,313
,366
,361
,304
,320
,374
,345
,315
,357
,382
,345
2026 06 19 18:02:13.728845,321
,370
,379
,328
,328
,373
,362
,318
,343
,374
,339
,313
,350
,358
2026 06 19 18:02:13.790745,302
,316
,374
,352
,308
,326
,374
,337
,304
,339
,365
,330
,306
,359
2026 06 19 18:02:13.851869,370
,316
,329
,381
,352
,315
,345
,370
,326
,309
,364
,365
,314
,334
2026 06 19 18:02:13.917519,380
,356
,313
,355
,387
,327
,307
,371
,386
,333
,322
,375
,365
,320
2026 06 19 18:02:13.980025,343
,381
,342
,314
,357
,385
,343
,329
,365
,358
,323
,338
,388
,354
2026 06 19 18:02:14.044057,316
,354
,385
,345
,317
,367
,375
,341
,341
,388
,362
,320
,345
,390
2026 06 19 18:02:14.105804,355
,326
,362
,378
,337
,335
,389
,372
,324
,344
,386
,352
,324
,365
2026 06 19 18:02:14.167779,385
,338
,321
,376
,371
,324
,331
,372
,356
,327
,366
,390
,347
,316
2026 06 19 18:02:14.233428,368
,393
,335
,338
,395
,368
,324
,347
,382
,352
,322
,367
,380
,325
2026 06 19 18:02:14.294221,335
,386
,371
,319
,342
,398
,356
,326
,365
,386
,341
,321
,370
,367
2026 06 19 18:02:14.359300,322
,342
,384
,354
,318
,347
,384
,345
,322
,371
,381
,329
,325
,377
2026 06 19 18:02:14.420980,365
,328
,353
,386
,350
,324
,360
,374
,326
,329
,382
,363
,321
,339
2026 06 19 18:02:14.481742,383
,352
,323
,362
,386
,339
,329
,374
,374
,319
,335
,385
,354
,314
2026 06 19 18:02:14.547266,348
,380
,342
,321
,369
,379
,324
,320
,373
,360
,313
,341
,376
,341
2026 06 19 18:02:14.609428,315
,368
,381
,336
,325
,381
,380
,328
,336
,382
,349
,317
,362
,388
2026 06 19 18:02:14.675269,339
,325
,374
,368
,323
,332
,376
,350
,317
,350
,384
,332
,313
,375
2026 06 19 18:02:14.736615,386
,336
,328
,384
,375
,325
,351
,388
,350
,313
,354
,379
,332
,325
2026 06 19 18:02:14.797247,376
,368
,322
,330
,379
,364
,319
,351
,386
,338
,323
,372
,373
,322
2026 06 19 18:02:14.862814,330
,377
,350
,313
,346
,381
,339
,314
,363
,370
,307
,308
,372
,367
2026 06 19 18:02:14.925149,320
,339
,369
,343
,308
,360
,388
,337
,323
,374
,369
,320
,335
,378
2026 06 19 18:02:14.985413,348
,305
,337
,368
,334
,322
,361
,373
,322
,318
,366
,342
,303
,353
2026 06 19 18:02:15.052197,386
,349
,320
,358
,369
,325
,328
,379
,360
,320
,342
,373
,345
,310
2026 06 19 18:02:15.113728,348
,367
,320
,312
,367
,358
,305
,313
,376
,354
,326
,363
,384
,336
2026 06 19 18:02:15.178827,322
,371
,372
,319
,326
,376
,351
,305
,339
,370
,342
,321
,354
,358
2026 06 19 18:02:15.240736,331
,324
,384
,377
,327
,353
,396
,356
,318
,359
,384
,334
,327
,380
2026 06 19 18:02:15.301936,379
,324
,338
,382
,357
,319
,354
,391
,352
,333
,382
,371
,319
,333
2026 06 19 18:02:15.366851,383
,356
,310
,344
,376
,347
,325
,366
,373
,330
,340
,391
,377
,329
2026 06 19 18:02:15.428543,345
,377
,348
,317
,362
,377
,329
,319
,370
,358
,323
,349
,391
,356
2026 06 19 18:02:15.493975,313
,351
,383
,347
,324
,372
,364
,309
,322
,374
,365
,312
,335
,383
2026 06 19 18:02:15.556063,354
,320
,364
,381
,337
,338
,387
,372
,322
,337
,368
,336
,316
,357
2026 06 19 18:02:15.619908,382
,332
,322
,373
,363
,316
,334
,385
,356
,322
,351
,389
,347
,323
2026 06 19 18:02:15.682999,369
,374
,326
,323
,376
,363
,323
,346
,387
,363
,333
,371
,380
,331
2026 06 19 18:02:15.743829,315
,374
,365
,332
,348
,391
,354
,317
,348
,381
,335
,330
,375
,369
2026 06 19 18:02:15.809749,324
,348
,397
,366
,326
,359
,384
,344
,323
,373
,378
,330
,326
,373
2026 06 19 18:02:15.871005,355
,322
,348
,386
,354
,321
,359
,378
,331
,326
,370
,363
,315
,330
2026 06 19 18:02:15.933141,368
,345
,332
,365
,378
,330
,311
,358
,357
,310
,332
,379
,351
,310
2026 06 19 18:02:15.997994,345
,385
,346
,320
,361
,371
,320
,321
,379
,358
,310
,346
,394
,351
2026 06 19 18:02:16.059790,327
,367
,374
,323
,319
,377
,365
,318
,348
,388
,351
,310
,351
,374
2026 06 19 18:02:16.125282,331
,322
,379
,364
,324
,352
,396
,361
,312
,350
,390
,357
,328
,370
2026 06 19 18:02:16.189022,373
,330
,336
,390
,368
,315
,347
,382
,345
,336
,377
,394
,341
,336
2026 06 19 18:02:16.247701,393
,376
,326
,344
,383
,357
,326
,356
,377
,344
,324
,373
,374
,325
2026 06 19 18:02:16.313684,328
,392
,365
,317
,359
,385
,344
,321
,378
,386
,332
,329
,382
,360
2026 06 19 18:02:16.374309,314
,352
,392
,348
,322
,351
,377
,350
,329
,386
,378
,315
,331
,381
2026 06 19 18:02:16.440663,357
,322
,356
,383
,342
,336
,384
,383
,326
,328
,389
,368
,322
,353
2026 06 19 18:02:16.502046,366
,348
,349
,379
,379
,331
,337
,384
,364
,318
,340
,378
,347
,316
2026 06 19 18:02:16.563556,365
,385
,330
,334
,385
,366
,317
,350
,388
,350
,317
,358
,378
,331
2026 06 19 18:02:16.628530,323
,373
,377
,335
,336
,380
,362
,315
,345
,381
,331
,307
,345
,363
2026 06 19 18:02:16.690605,333
,326
,371
,352
,305
,334
,376
,350
,315
,351
,357
,323
,331
,386
2026 06 19 18:02:16.756048,363
,319
,326
,372
,334
,293
,334
,364
,326
,314
,357
,353
,310
,328
2026 06 19 18:02:16.817693,382
,361
,308
,340
,382
,343
,307
,356
,361
,306
,314
,365
,351
,303
2026 06 19 18:02:16.879364,333
,391
,359
,316
,353
,383
,335
,314
,362
,365
,323
,332
,376
,349
2026 06 19 18:02:16.945165,313
,346
,379
,333
,314
,364
,368
,327
,337
,389
,364
,319
,348
,380
2026 06 19 18:02:17.005025,357
,330
,371
,385
,334
,334
,374
,363
,317
,332
,385
,363
,323
,359
2026 06 19 18:02:17.071834,379
,340
,333
,384
,377
,321
,336
,382
,354
,312
,347
,379
,340
,317
2026 06 19 18:02:17.133191,372
,373
,320
,324
,388
,368
,308
,329
,382
,358
,324
,366
,379
,332
2026 06 19 18:02:17.193764,326
,374
,363
,319
,340
,385
,354
,318
,353
,389
,340
,319
,377
,384
2026 06 19 18:02:17.259931,334
,348
,391
,364
,322
,358
,392
,339
,324
,371
,378
,328
,333
,379
2026 06 19 18:02:17.322765,356
,311
,350
,386
,338
,318
,367
,378
,340
,336
,378
,368
,319
,346
2026 06 19 18:02:17.386696,386
,347
,319
,358
,394
,351
,328
,382
,373
,319
,330
,374
,345
,312
2026 06 19 18:02:17.447551,364
,393
,352
,330
,374
,368
,331
,335
,385
,369
,321
,347
,387
,347
2026 06 19 18:02:17.509085,321
,360
,370
,325
,328
,379
,364
,314
,340
,383
,357
,318
,361
,383
2026 06 19 18:02:17.574746,347
,327
,373
,375
,320
,332
,386
,354
,314
,354
,383
,332
,308
,378
2026 06 19 18:02:17.636533,378
,322
,326
,377
,359
,313
,344
,385
,350
,324
,369
,387
,334
,323
2026 06 19 18:02:17.701702,369
,343
,295
,331
,390
,355
,325
,357
,390
,344
,325
,386
,384
,325
2026 06 19 18:02:17.764032,335
,386
,363
,314
,345
,374
,335
,314
,363
,369
,322
,330
,382
,362
2026 06 19 18:02:17.825075,318
,355
,386
,352
,318
,362
,379
,332
,325
,367
,357
,315
,335
,368
2026 06 19 18:02:17.890213,346
,316
,357
,391
,343
,328
,378
,382
,324
,334
,401
,374
,329
,359
2026 06 19 18:02:17.951477,385
,343
,323
,372
,364
,332
,348
,397
,369
,327
,359
,394
,352
,327
2026 06 19 18:02:18.017585,366
,384
,339
,332
,384
,365
,307
,332
,383
,349
,318
,363
,387
,342
2026 06 19 18:02:18.079064,327
,381
,371
,318
,336
,387
,363
,332
,367
,394
,350
,326
,376
,375
2026 06 19 18:02:18.140509,336
,334
,390
,379
,322
,340
,380
,359
,319
,367
,383
,337
,331
,377
2026 06 19 18:02:18.206133,366
,317
,337
,387
,353
,316
,360
,384
,339
,322
,368
,360
,320
,330
2026 06 19 18:02:18.267344,378
,354
,315
,346
,377
,334
,308
,366
,364
,319
,322
,383
,366
,311
2026 06 19 18:02:18.332927,332
,390
,359
,325
,361
,372
,331
,322
,380
,368
,313
,330
,374
,344
2026 06 19 18:02:18.394240,311
,348
,373
,322
,308
,370
,369
,322
,332
,378
,361
,315
,335
,373
2026 06 19 18:02:18.455715,344
,321
,364
,366
,319
,317
,359
,353
,310
,334
,377
,343
,309
,354
2026 06 19 18:02:18.521523,369
,330
,321
,372
,352
,303
,332
,377
,344
,305
,334
,370
,335
,311
2026 06 19 18:02:18.583000,368
,373
,318
,325
,379
,355
,315
,337
,370
,335
,309
,356
,360
,317
2026 06 19 18:02:18.647217,328
,381
,363
,313
,338
,383
,346
,320
,356
,371
,329
,320
,372
,362
2026 06 19 18:02:18.709328,312
,323
,370
,355
,320
,349
,373
,331
,312
,372
,371
,326
,341
,391
2026 06 19 18:02:18.770817,372
,328
,356
,387
,348
,316
,356
,367
,321
,331
,381
,361
,316
,333
2026 06 19 18:02:18.837297,373
,351
,319
,353
,376
,336
,320
,378
,372
,319
,333
,381
,348
,310
2026 06 19 18:02:18.897845,342
,376
,344
,329
,370
,372
,324
,325
,384
,363
,320
,354
,392
,349
2026 06 19 18:02:18.963564,325
,380
,389
,338
,333
,387
,383
,335
,349
,384
,353
,326
,361
,374
2026 06 19 18:02:19.025174,341
,329
,375
,374
,326
,337
,383
,363
,329
,359
,381
,337
,327
,376
2026 06 19 18:02:19.087828,376
,321
,327
,385
,372
,326
,345
,386
,352
,312
,347
,371
,332
,331
2026 06 19 18:02:19.151536,381
,369
,319
,331
,381
,354
,321
,359
,378
,336
,329
,380
,375
,324
2026 06 19 18:02:19.213417,327
,377
,355
,313
,355
,388
,344
,309
,371
,376
,326
,323
,389
,369
2026 06 19 18:02:19.275176,319
,338
,373
,345
,323
,363
,376
,327
,326
,380
,367
,322
,337
,384
2026 06 19 18:02:19.340735,345
,302
,346
,379
,333
,310
,365
,369
,323
,331
,372
,343
,298
,352
2026 06 19 18:02:19.401468,391
,350
,331
,381
,385
,327
,326
,381
,365
,318
,344
,384
,343
,302
2026 06 19 18:02:19.467003,343
,376
,341
,329
,382
,371
,312
,335
,390
,365
,329
,362
,387
,340
2026 06 19 18:02:19.529056,323
,369
,366
,319
,327
,379
,359
,322
,347
,376
,346
,317
,366
,374
2026 06 19 18:02:19.590413,325
,339
,381
,366
,330
,349
,386
,350
,325
,366
,379
,327
,321
,379
2026 06 19 18:02:19.656105,370
,321
,333
,386
,356
,314
,358
,389
,348
,325
,365
,376
,323
,326
2026 06 19 18:02:19.716849,378
,372
,332
,351
,383
,347
,318
,367
,374
,333
,333
,386
,370
,315
2026 06 19 18:02:19.782031,344
,390
,356
,313
,357
,380
,338
,321
,372
,367
,328
,340
,380
,358
2026 06 19 18:02:19.843981,321
,359
,395
,346
,322
,367
,373
,323
,338
,383
,362
,314
,343
,376
2026 06 19 18:02:19.905233,341
,316
,361
,370
,325
,332
,381
,365
,319
,340
,380
,342
,322
,373
2026 06 19 18:02:19.970664,388
,335
,332
,379
,364
,316
,334
,384
,349
,311
,349
,385
,341
,322
2026 06 19 18:02:20.041638,370
,380
,331
,334
,383
,367
,311
,354
,391
,345
,310
,361
,366
,322
2026 06 19 18:02:20.097180,319
,383
,376
,316
,336
,389
,346
,317
,356
,386
,339
,329
,373
,368
2026 06 19 18:02:20.160086,325
,344
,395
,368
,322
,356
,384
,343
,326
,363
,372
,340
,341
,377
2026 06 19 18:02:20.221201,355
,313
,349
,381
,345
,324
,370
,378
,327
,328
,384
,367
,319
,335
2026 06 19 18:02:20.286733,385
,359
,323
,364
,390
,357
,341
,380
,372
,324
,351
,394
,359
,314
2026 06 19 18:02:20.347831,343
,365
,327
,322
,365
,367
,321
,319
,381
,370
,321
,359
,405
,362
2026 06 19 18:02:20.413546,319
,358
,370
,325
,319
,377
,364
,308
,325
,373
,331
,302
,364
,390
2026 06 19 18:02:20.475016,344
,326
,375
,369
,330
,339
,381
,354
,318
,351
,376
,337
,322
,367
2026 06 19 18:02:20.537082,365
,313
,326
,390
,371
,321
,355
,391
,358
,332
,368
,380
,335
,327
2026 06 19 18:02:20.601730,380
,362
,319
,339
,388
,353
,318
,365
,385
,330
,309
,375
,387
,324
2026 06 19 18:02:20.663598,337
,400
,377
,327
,357
,389
,344
,317
,369
,372
,323
,330
,386
,366
2026 06 19 18:02:20.729013,315
,341
,390
,353
,320
,364
,384
,339
,332
,382
,370
,319
,340
,383
2026 06 19 18:02:20.790513,355
,317
,349
,377
,334
,314
,368
,365
,318
,335
,386
,365
,318
,354
2026 06 19 18:02:20.851163,394
,350
,315
,371
,382
,334
,327
,371
,365
,320
,340
,382
,347
,308
2026 06 19 18:02:20.918049,360
,386
,338
,330
,386
,371
,322
,338
,383
,348
,317
,358
,385
,342
2026 06 19 18:02:20.978595,328
,377
,378
,326
,340
,383
,353
,317
,354
,384
,342
,316
,363
,368
2026 06 19 18:02:21.044114,317
,327
,398
,374
,323
,347
,389
,360
,323
,365
,391
,341
,331
,382
2026 06 19 18:02:21.105293,381
,325
,341
,385
,359
,320
,359
,387
,344
,319
,371
,374
,324
,337
2026 06 19 18:02:21.167414,385
,362
,330
,355
,385
,358
,326
,372
,393
,345
,341
,392
,373
,325
2026 06 19 18:02:21.232828,352
,397
,364
,327
,370
,387
,338
,323
,392
,379
,329
,348
,386
,357
2026 06 19 18:02:21.296036,322
,360
,400
,360
,337
,378
,383
,336
,339
,382
,368
,327
,355
,397
2026 06 19 18:02:21.358810,353
,319
,368
,386
,331
,329
,375
,375
,319
,343
,392
,351
,319
,369
2026 06 19 18:02:21.421153,376
,328
,331
,382
,371
,325
,339
,375
,359
,326
,348
,386
,358
,333
2026 06 19 18:02:21.482915,367
,379
,337
,342
,394
,370
,329
,356
,391
,362
,332
,376
,393
,340
2026 06 19 18:02:21.548012,333
,386
,373
,329
,347
,400
,357
,322
,372
,393
,347
,341
,399
,383
2026 06 19 18:02:21.609705,334
,351
,395
,366
,321
,351
,385
,349
,322
,371
,378
,326
,332
,381
2026 06 19 18:02:21.674760,359
,316
,349
,387
,344
,318
,365
,380
,334
,330
,384
,373
,318
,332
2026 06 19 18:02:21.736699,385
,361
,319
,365
,391
,338
,318
,369
,360
,322
,344
,391
,360
,317
2026 06 19 18:02:21.798214,352
,382
,351
,327
,374
,376
,323
,333
,380
,359
,316
,348
,388
,345
2026 06 19 18:02:21.863461,310
,357
,375
,338
,334
,378
,362
,317
,343
,380
,358
,320
,356
,384
2026 06 19 18:02:21.924600,344
,322
,369
,372
,316
,323
,374
,354
,320
,348
,380
,337
,313
,359
2026 06 19 18:02:21.990835,368
,312
,321
,376
,351
,304
,339
,383
,345
,311
,360
,369
,317
,320
2026 06 19 18:02:22.052034,377
,360
,310
,329
,378
,359
,315
,348
,371
,326
,328
,376
,368
,320
2026 06 19 18:02:22.114245,337
,389
,359
,313
,342
,378
,331
,304
,351
,362
,324
,327
,382
,361
2026 06 19 18:02:22.178711,302
,317
,371
,341
,320
,357
,371
,323
,311
,373
,366
,303
,330
,375
2026 06 19 18:02:22.239667,348
,308
,350
,376
,322
,311
,362
,355
,313
,314
,373
,347
,303
,342
2026 06 19 18:02:22.305846,378
,345
,321
,356
,364
,320
,318
,366
,352
,305
,338
,374
,335
,299
2026 06 19 18:02:22.366511,351
,364
,315
,310
,365
,354
,299
,322
,372
,342
,307
,335
,356
,327
2026 06 19 18:02:22.428927,313
,357
,344
,296
,316
,366
,341
,310
,339
,362
,331
,307
,352
,359
2026 06 19 18:02:22.493453,316
,330
,383
,356
,309
,334
,371
,333
,299
,338
,357
,314
,302
,349
2026 06 19 18:02:22.555602,345
,303
,317
,373
,342
,305
,339
,374
,338
,314
,363
,362
,309
,321
2026 06 19 18:02:22.620867,369
,344
,303
,326
,366
,330
,305
,353
,345
,309
,314
,356
,349
,320
2026 06 19 18:02:22.682840,343
,387
,350
,301
,342
,370
,320
,318
,371
,360
,310
,323
,366
,335
2026 06 19 18:02:22.744320,299
,336
,363
,324
,316
,360
,359
,314
,320
,373
,348
,304
,343
,382
2026 06 19 18:02:22.808909,336
,302
,351
,361
,314
,315
,369
,349
,306
,340
,375
,334
,294
,335
2026 06 19 18:02:22.871294,365
,328
,318
,365
,358
,313
,327
,378
,341
,302
,345
,378
,327
,310
2026 06 19 18:02:22.936876,356
,358
,309
,313
,366
,353
,316
,330
,361
,342
,310
,356
,366
,312
2026 06 19 18:02:22.998942,309
,370
,350
,300
,330
,379
,336
,298
,338
,355
,317
,313
,360
,361
2026 06 19 18:02:23.058731,304
,325
,371
,330
,297
,342
,376
,326
,306
,354
,347
,299
,308
,360
2026 06 19 18:02:23.125541,347
,313
,334
,364
,327
,303
,354
,361
,310
,308
,364
,337
,304
,326
2026 06 19 18:02:23.186969,361
,326
,291
,339
,360
,315
,304
,364
,354
,305
,319
,365
,327
,284
2026 06 19 18:02:23.248228,331
,382
,342
,312
,352
,345
,298
,311
,366
,346
,301
,324
,358
,330
2026 06 19 18:02:23.312666,302
,354
,357
,313
,321
,364
,346
,297
,319
,364
,331
,296
,337
,350
2026 06 19 18:02:23.375022,309
,304
,347
,340
,307
,324
,368
,340
,303
,337
,363
,314
,299
,353
2026 06 19 18:02:23.440480,359
,303
,311
,361
,331
,293
,339
,373
,336
,308
,354
,359
,321
,333
2026 06 19 18:02:23.501168,378
,358
,309
,332
,374
,328
,302
,348
,371
,329
,313
,360
,345
,305
2026 06 19 18:02:23.562791,327
,369
,334
,298
,332
,366
,339
,307
,352
,359
,304
,308
,369
,349
2026 06 19 18:02:23.628177,301
,333
,370
,334
,301
,349
,368
,315
,312
,367
,351
,302
,319
,367
2026 06 19 18:02:23.690307,337
,308
,348
,361
,325
,328
,377
,375
,325
,335
,372
,344
,304
,331
2026 06 19 18:02:23.755853,366
,338
,311
,359
,361
,314
,316
,370
,353
,305
,333
,376
,357
,328
2026 06 19 18:02:23.816877,368
,374
,329
,318
,371
,362
,316
,331
,374
,344
,309
,349
,373
,329
2026 06 19 18:02:23.878332,320
,375
,371
,314
,325
,391
,356
,314
,354
,389
,335
,320
,365
,369
2026 06 19 18:02:23.943594,314
,316
,365
,350
,302
,330
,373
,344
,312
,361
,380
,329
,323
,378
2026 06 19 18:02:24.005774,371
,324
,340
,378
,344
,316
,368
,383
,329
,314
,374
,364
,310
,334
2026 06 19 18:02:24.071220,382
,351
,314
,346
,377
,329
,303
,358
,371
,325
,319
,364
,352
,302
2026 06 19 18:02:24.132832,333
,371
,330
,304
,352
,373
,325
,327
,383
,376
,327
,344
,386
,344
2026 06 19 18:02:24.196622,310
,352
,381
,334
,322
,372
,366
,314
,336
,391
,360
,321
,363
,392
2026 06 19 18:02:24.259922,355
,329
,368
,376
,328
,329
,379
,347
,294
,342
,384
,345
,307
,359
2026 06 19 18:02:24.320959,382
,328
,317
,364
,352
,322
,345
,389
,355
,315
,349
,376
,331
,315
2026 06 19 18:02:24.386655,372
,364
,314
,320
,369
,348
,314
,341
,373
,337
,313
,359
,375
,318
2026 06 19 18:02:24.447272,330
,381
,353
,304
,347
,386
,345
,317
,361
,373
,320
,318
,376
,360
2026 06 19 18:02:24.508954,312
,327
,371
,335
,302
,351
,379
,323
,303
,369
,372
,322
,331
,383
2026 06 19 18:02:24.574820,357
,318
,351
,380
,336
,315
,360
,359
,311
,321
,373
,347
,317
,347
2026 06 19 18:02:24.635991,379
,333
,313
,358
,374
,334
,316
,376
,373
,323
,343
,383
,347
,310
2026 06 19 18:02:24.701646,352
,376
,328
,319
,371
,367
,317
,322
,376
,357
,315
,350
,377
,335
2026 06 19 18:02:24.765891,314
,362
,370
,326
,333
,373
,352
,317
,340
,380
,345
,325
,369
,383
2026 06 19 18:02:24.824857,331
,331
,374
,363
,323
,349
,396
,356
,320
,363
,386
,342
,323
,378
2026 06 19 18:02:24.890461,370
,314
,330
,391
,361
,318
,341
,377
,347
,321
,380
,384
,328
,333
2026 06 19 18:02:24.951677,385
,355
,299
,351
,392
,352
,320
,355
,369
,322
,323
,377
,363
,322
2026 06 19 18:02:25.016822,347
,391
,360
,320
,358
,378
,325
,317
,372
,371
,326
,337
,382
,348
2026 06 19 18:02:25.078618,301
,345
,386
,348
,316
,363
,371
,331
,337
,384
,356
,314
,342
,383
2026 06 19 18:02:25.140219,344
,306
,353
,370
,327
,312
,374
,370
,323
,343
,382
,350
,307
,345
2026 06 19 18:02:25.205867,367
,327
,323
,380
,371
,325
,339
,386
,358
,308
,340
,373
,338
,319
2026 06 19 18:02:25.272263,361
,378
,330
,325
,378
,363
,321
,342
,378
,341
,315
,359
,376
,322
2026 06 19 18:02:25.334178,322
,381
,372
,323
,342
,384
,352
,317
,349
,371
,339
,326
,378
,375
2026 06 19 18:02:25.394186,324
,340
,388
,366
,314
,347
,391
,349
,327
,371
,377
,336
,335
,383
2026 06 19 18:02:25.455585,372
,326
,349
,388
,351
,321
,363
,375
,324
,323
,382
,368
,329
,354
2026 06 19 18:02:25.521001,397
,363
,324
,354
,382
,349
,331
,377
,382
,325
,322
,384
,361
,322
2026 06 19 18:02:25.585268,361
,394
,343
,323
,367
,380
,337
,338
,391
,372
,319
,340
,381
,353
2026 06 19 18:02:25.647540,323
,362
,381
,327
,320
,371
,376
,328
,342
,382
,355
,315
,358
,392
2026 06 19 18:02:25.709713,353
,329
,376
,373
,329
,332
,384
,359
,307
,345
,389
,345
,311
,364
2026 06 19 18:02:25.770713,375
,333
,342
,392
,377
,323
,339
,380
,351
,316
,366
,382
,331
,314
2026 06 19 18:02:25.836723,372
,369
,321
,337
,402
,371
,330
,362
,390
,346
,323
,366
,370
,316
2026 06 19 18:02:25.897585,324
,390
,372
,320
,353
,385
,352
,319
,364
,374
,342
,338
,390
,369
2026 06 19 18:02:25.963534,327
,352
,388
,352
,314
,357
,383
,334
,329
,382
,377
,326
,343
,390
2026 06 19 18:02:26.024637,361
,318
,363
,391
,346
,317
,387
,384
,320
,331
,388
,366
,324
,354
2026 06 19 18:02:26.086896,383
,354
,329
,373
,376
,329
,320
,374
,371
,332
,347
,380
,338
,305
2026 06 19 18:02:26.151715,361
,388
,336
,321
,375
,367
,318
,346
,398
,363
,324
,358
,384
,339
2026 06 19 18:02:26.213610,331
,380
,369
,329
,341
,390
,370
,329
,359
,386
,350
,339
,380
,384
2026 06 19 18:02:26.278060,337
,340
,377
,366
,329
,351
,393
,353
,313
,359
,383
,339
,330
,375
2026 06 19 18:02:26.339894,368
,330
,338
,374
,332
,316
,365
,380
,336
,331
,374
,372
,320
,335
2026 06 19 18:02:26.401528,386
,366
,322
,348
,380
,340
,322
,373
,373
,325
,324
,386
,372
,321
2026 06 19 18:02:26.467338,341
,390
,354
,316
,351
,389
,341
,316
,372
,373
,329
,338
,388
,370
2026 06 19 18:02:26.528637,327
,357
,389
,343
,329
,377
,382
,330
,330
,380
,369
,326
,350
,386
2026 06 19 18:02:26.595453,353
,326
,365
,376
,334
,333
,385
,374
,322
,340
,393
,360
,322
,361
2026 06 19 18:02:26.655403,392
,345
,327
,387
,376
,326
,357
,401
,366
,328
,357
,399
,355
,319
2026 06 19 18:02:26.716878,379
,396
,344
,347
,395
,369
,325
,357
,388
,362
,328
,385
,396
,347
2026 06 19 18:02:26.782771,347
,399
,379
,335
,359
,394
,356
,320
,370
,389
,332
,331
,393
,379
2026 06 19 18:02:26.844557,333
,350
,396
,363
,312
,358
,395
,351
,342
,388
,387
,332
,336
,377
2026 06 19 18:02:26.909900,366
,326
,353
,386
,354
,331
,369
,367
,332
,329
,386
,383
,334
,354
2026 06 19 18:02:26.970971,391
,354
,320
,359
,387
,342
,329
,382
,370
,323
,339
,387
,357
,323
2026 06 19 18:02:27.032539,356
,384
,349
,331
,385
,398
,334
,338
,394
,378
,325
,353
,392
,347
2026 06 19 18:02:27.097570,318
,366
,377
,332
,334
,392
,366
,323
,350
,404
,365
,326
,366
,388
2026 06 19 18:02:27.159762,347
,336
,388
,383
,331
,352
,403
,374
,334
,366
,381
,334
,330
,384
2026 06 19 18:02:27.224643,381
,335
,338
,392
,377
,323
,356
,398
,365
,335
,377
,390
,336
,342
2026 06 19 18:02:27.286782,394
,378
,334
,364
,409
,379
,340
,375
,390
,348
,340
,393
,395
,351
2026 06 19 18:02:27.347732,365
,412
,379
,332
,373
,401
,364
,342
,378
,390
,351
,351
,398
,379
2026 06 19 18:02:27.412883,334
,371
,406
,366
,339
,382
,398
,353
,355
,401
,386
,339
,361
,405
2026 06 19 18:02:27.475411,371
,332
,367
,404
,357
,341
,394
,383
,343
,351
,401
,380
,341
,384
2026 06 19 18:02:27.535879,409
,360
,346
,393
,388
,343
,355
,404
,377
,336
,368
,399
,369
,340
2026 06 19 18:02:27.601684,383
,400
,349
,340
,390
,376
,338
,360
,409
,376
,332
,363
,390
,360
2026 06 19 18:02:27.662597,340
,402
,392
,337
,343
,398
,377
,334
,368
,389
,360
,336
,374
,389
2026 06 19 18:02:27.728823,340
,344
,397
,373
,321
,346
,391
,362
,332
,381
,389
,339
,343
,387
2026 06 19 18:02:27.790458,374
,331
,351
,391
,357
,319
,355
,389
,351
,341
,391
,376
,328
,339
2026 06 19 18:02:27.851186,386
,360
,320
,359
,393
,348
,324
,369
,372
,322
,324
,371
,361
,322
2026 06 19 18:02:27.917294,349
,386
,353
,315
,354
,391
,349
,327
,382
,382
,330
,346
,382
,340
2026 06 19 18:02:27.978765,311
,357
,379
,334
,320
,375
,369
,314
,330
,382
,352
,306
,345
,382
2026 06 19 18:02:28.044256,345
,316
,363
,366
,313
,321
,382
,360
,310
,335
,368
,330
,302
,344
2026 06 19 18:02:28.105460,356
,313
,317
,377
,359
,308
,329
,374
,339
,301
,344
,370
,326
,304
2026 06 19 18:02:28.167193,360
,356
,309
,324
,362
,343
,307
,335
,366
,333
,312
,357
,360
,315
2026 06 19 18:02:28.232685,324
,373
,343
,286
,337
,392
,344
,313
,355
,370
,315
,331
,386
,364
2026 06 19 18:02:28.293836,309
,328
,373
,341
,296
,339
,366
,320
,299
,348
,363
,323
,328
,375
2026 06 19 18:02:28.359062,347
,305
,339
,371
,321
,301
,365
,366
,319
,317
,372
,355
,310
,334
2026 06 19 18:02:28.420360,371
,331
,307
,351
,369
,320
,306
,356
,345
,307
,340
,376
,341
,304
2026 06 19 18:02:28.482774,344
,370
,326
,305
,362
,363
,304
,320
,361
,336
,307
,338
,370
,333
2026 06 19 18:02:28.547548,313
,354
,357
,310
,307
,368
,350
,299
,330
,372
,335
,304
,346
,358
2026 06 19 18:02:28.608958,296
,300
,363
,352
,315
,327
,362
,338
,306
,340
,363
,331
,313
,361
2026 06 19 18:02:28.674564,358
,308
,314
,365
,340
,293
,323
,349
,310
,296
,357
,364
,313
,306
2026 06 19 18:02:28.736610,354
,345
,306
,330
,363
,332
,307
,345
,358
,314
,303
,357
,349
,293
2026 06 19 18:02:28.797994,298
,343
,334
,305
,334
,362
,320
,307
,350
,342
,302
,313
,364
,334
2026 06 19 18:02:28.862906,292
,325
,357
,318
,300
,349
,354
,306
,300
,354
,341
,283
,325
,367
2026 06 19 18:02:28.924514,343
,316
,351
,372
,321
,305
,360
,355
,298
,325
,368
,335
,299
,335
2026 06 19 18:02:28.990321,361
,318
,312
,363
,364
,302
,310
,376
,347
,299
,334
,367
,322
,302
2026 06 19 18:02:29.051907,340
,364
,322
,315
,365
,346
,292
,328
,372
,329
,289
,348
,378
,320
2026 06 19 18:02:29.112756,315
,361
,352
,308
,326
,371
,339
,304
,338
,362
,325
,310
,363
,362
2026 06 19 18:02:29.179115,306
,316
,363
,353
,311
,333
,367
,318
,295
,352
,364
,318
,324
,370
2026 06 19 18:02:29.238970,358
,308
,333
,375
,338
,304
,351
,373
,322
,319
,365
,360
,310
,323
2026 06 19 18:02:29.305473,365
,335
,308
,337
,358
,317
,310
,375
,371
,327
,330
,381
,351
,305
2026 06 19 18:02:29.367000,331
,364
,330
,313
,354
,355
,307
,313
,359
,346
,298
,325
,359
,346
2026 06 19 18:02:29.428796,322
,356
,375
,324
,319
,366
,352
,296
,316
,363
,344
,306
,339
,368
2026 06 19 18:02:29.493576,323
,301
,351
,351
,289
,309
,370
,343
,311
,349
,378
,335
,301
,342
2026 06 19 18:02:29.555311,361
,312
,310
,360
,342
,298
,339
,377
,337
,302
,343
,360
,308
,299
2026 06 19 18:02:29.621141,359
,351
,316
,331
,367
,335
,310
,340
,377
,327
,300
,357
,359
,316
2026 06 19 18:02:29.682906,321
,373
,348
,305
,343
,380
,333
,303
,339
,362
,321
,312
,372
,356
2026 06 19 18:02:29.743576,308
,330
,383
,347
,300
,340
,374
,326
,310
,361
,357
,307
,320
,368
2026 06 19 18:02:29.809047,336
,315
,343
,377
,341
,325
,369
,370
,327
,333
,386
,362
,318
,352
2026 06 19 18:02:29.871102,382
,349
,329
,367
,378
,326
,324
,373
,363
,322
,342
,381
,350
,320
2026 06 19 18:02:29.935062,360
,383
,336
,332
,374
,361
,322
,332
,368
,330
,296
,341
,375
,330
2026 06 19 18:02:29.998040,319
,365
,382
,334
,332
,379
,365
,313
,347
,389
,349
,316
,370
,382
2026 06 19 18:02:30.058877,332
,327
,368
,366
,320
,340
,384
,347
,306
,348
,374
,336
,320
,359
2026 06 19 18:02:30.124812,364
,324
,336
,377
,346
,308
,344
,370
,321
,304
,358
,363
,315
,324
2026 06 19 18:02:30.186746,383
,361
,316
,343
,381
,346
,310
,351
,361
,311
,311
,358
,369
,320
2026 06 19 18:02:30.251599,334
,372
,348
,308
,341
,369
,326
,313
,366
,366
,318
,334
,385
,358
2026 06 19 18:02:30.312723,313
,347
,375
,327
,298
,352
,364
,321
,328
,380
,358
,308
,331
,374
2026 06 19 18:02:30.377039,337
,312
,347
,365
,323
,311
,362
,339
,293
,323
,363
,328
,290
,320
2026 06 19 18:02:30.440989,342
,298
,298
,360
,356
,306
,323
,369
,334
,290
,333
,368
,319
,304
2026 06 19 18:02:30.501539,348
,352
,312
,316
,354
,340
,304
,336
,371
,358
,323
,353
,380
,334
2026 06 19 18:02:30.567200,325
,382
,363
,321
,352
,373
,337
,338
,387
,398
,352
,343
,386
,379
2026 06 19 18:02:30.628615,328
,339
,385
,350
,313
,351
,378
,336
,326
,375
,390
,333
,329
,380
2026 06 19 18:02:30.689778,366
,311
,329
,384
,354
,318
,353
,363
,319
,310
,389
,378
,324
,341
2026 06 19 18:02:30.756886,392
,356
,319
,360
,388
,344
,332
,378
,370
,328
,340
,376
,346
,307
2026 06 19 18:02:30.816584,344
,388
,346
,328
,377
,389
,332
,329
,389
,367
,322
,348
,379
,347
2026 06 19 18:02:30.881984,326
,369
,380
,328
,317
,370
,362
,308
,327
,374
,342
,319
,355
,381
2026 06 19 18:02:30.943973,334
,323
,373
,370
,327
,334
,375
,353
,320
,349
,379
,338
,321
,375
2026 06 19 18:02:31.005476,378
,323
,320
,379
,363
,319
,341
,382
,345
,326
,365
,384
,332
,334
2026 06 19 18:02:31.070652,390
,364
,323
,345
,375
,350
,322
,357
,386
,343
,320
,363
,371
,323
2026 06 19 18:02:31.132649,328
,371
,353
,316
,343
,378
,337
,304
,368
,393
,336
,334
,387
,363
2026 06 19 18:02:31.193684,317
,341
,377
,339
,306
,351
,372
,333
,319
,371
,365
,321
,344
,382
2026 06 19 18:02:31.258949,363
,321
,363
,389
,345
,329
,374
,374
,324
,337
,386
,351
,301
,338
2026 06 19 18:02:31.320620,385
,357
,323
,377
,393
,339
,335
,396
,372
,322
,344
,390
,355
,324
2026 06 19 18:02:31.387053,365
,367
,323
,328
,381
,370
,319
,340
,384
,352
,327
,366
,393
,346
2026 06 19 18:02:31.447185,323
,365
,363
,319
,332
,376
,339
,292
,340
,384
,360
,335
,382
,383
2026 06 19 18:02:31.509924,334
,331
,390
,367
,309
,344
,393
,370
,344
,380
,392
,338
,335
,383
2026 06 19 18:02:31.574312,371
,318
,341
,387
,364
,329
,359
,377
,332
,328
,395
,395
,348
,351
2026 06 19 18:02:31.635204,400
,379
,334
,357
,386
,351
,329
,373
,386
,329
,332
,398
,373
,323
2026 06 19 18:02:31.700991,358
,390
,369
,337
,370
,388
,347
,335
,397
,385
,334
,349
,389
,371
2026 06 19 18:02:31.763347,325
,374
,391
,346
,339
,390
,383
,338
,360
,402
,370
,327
,362
,390
2026 06 19 18:02:31.824512,349
,322
,374
,383
,332
,334
,383
,364
,312
,346
,401
,360
,315
,363
2026 06 19 18:02:31.891066,394
,339
,319
,387
,376
,310
,343
,398
,360
,313
,352
,381
,333
,310
2026 06 19 18:02:31.951742,344
,378
,344
,331
,379
,366
,316
,365
,402
,363
,321
,361
,385
,333
2026 06 19 18:02:32.017056,310
,332
,374
,336
,338
,386
,360
,332
,379
,392
,347
,342
,386
,374
2026 06 19 18:02:32.078762,324
,326
,358
,372
,325
,327
,374
,362
,329
,368
,375
,324
,341
,385
2026 06 19 18:02:32.139635,359
,314
,344
,378
,345
,320
,363
,368
,323
,317
,376
,373
,327
,367
2026 06 19 18:02:32.204934,405
,372
,335
,364
,407
,357
,345
,392
,381
,320
,328
,377
,338
,327
2026 06 19 18:02:32.266950,366
,382
,363
,339
,399
,388
,345
,358
,393
,374
,332
,362
,387
,338
2026 06 19 18:02:32.332320,318
,378
,381
,341
,332
,399
,390
,344
,361
,401
,371
,326
,356
,397
2026 06 19 18:02:32.394018,352
,331
,392
,377
,298
,311
,385
,381
,325
,346
,385
,347
,330
,367
2026 06 19 18:02:32.455239,375
,327
,333
,395
,367
,315
,342
,384
,368
,324
,362
,390
,346
,340
2026 06 19 18:02:32.521496,390
,377
,336
,351
,382
,358
,352
,392
,400
,360
,348
,386
,386
,329
2026 06 19 18:02:32.581597,354
,414
,382
,338
,370
,407
,364
,342
,382
,387
,356
,357
,412
,377
2026 06 19 18:02:32.647762,323
,352
,416
,392
,351
,400
,415
,364
,361
,403
,382
,337
,359
,399
2026 06 19 18:02:32.709486,384
,349
,382
,397
,355
,337
,387
,375
,332
,354
,410
,375
,345
,384
2026 06 19 18:02:32.770562,407
,363
,341
,378
,375
,327
,350
,384
,395
,348
,357
,374
,361
,348
2026 06 19 18:02:32.835658,378
,374
,351
,358
,401
,394
,338
,350
,398
,355
,305
,347
,371
,358
2026 06 19 18:02:32.897931,328
,387
,392
,329
,353
,408
,379
,330
,356
,382
,342
,323
,366
,366
2026 06 19 18:02:32.963431,318
,322
,369
,349
,324
,345
,373
,360
,331
,376
,390
,339
,330
,371
2026 06 19 18:02:33.024149,364
,327
,339
,350
,326
,341
,367
,371
,336
,341
,386
,382
,342
,351
2026 06 19 18:02:33.085494,397
,350
,326
,375
,396
,353
,321
,382
,375
,326
,338
,380
,356
,320
2026 06 19 18:02:33.151619,340
,380
,346
,347
,392
,386
,336
,339
,389
,372
,331
,350
,394
,360
2026 06 19 18:02:33.213539,322
,359
,384
,338
,315
,365
,359
,330
,350
,370
,366
,343
,364
,395
2026 06 19 18:02:33.277989,339
,321
,373
,390
,345
,343
,378
,363
,323
,350
,391
,349
,320
,365
2026 06 19 18:02:33.339923,383
,336
,318
,375
,373
,342
,357
,393
,352
,320
,368
,387
,343
,325
2026 06 19 18:02:33.400715,367
,365
,322
,340
,391
,364
,308
,357
,405
,347
,318
,378
,388
,338
2026 06 19 18:02:33.466881,340
,382
,365
,321
,347
,387
,346
,319
,365
,381
,338
,335
,382
,372
2026 06 19 18:02:33.528726,327
,349
,396
,361
,324
,357
,381
,337
,323
,375
,374
,328
,337
,391
2026 06 19 18:02:33.593351,368
,322
,364
,398
,328
,265
,368
,425
,338
,348
,412
,386
,336
,345
2026 06 19 18:02:33.655072,389
,355
,324
,365
,387
,322
,321
,393
,379
,333
,352
,395
,359
,321
2026 06 19 18:02:33.717080,362
,385
,342
,319
,348
,364
,329
,335
,402
,384
,336
,364
,388
,347
2026 06 19 18:02:33.782525,322
,365
,369
,338
,324
,387
,363
,287
,326
,384
,357
,334
,387
,400
2026 06 19 18:02:33.843319,345
,333
,383
,368
,321
,329
,363
,356
,319
,357
,385
,336
,315
,372
2026 06 19 18:02:33.909986,376
,326
,332
,379
,356
,323
,359
,384
,327
,308
,377
,384
,333
,331
2026 06 19 18:02:33.970890,389
,358
,313
,335
,381
,345
,311
,358
,380
,330
,319
,385
,377
,318
2026 06 19 18:02:34.032512,324
,368
,326
,315
,365
,386
,337
,291
,348
,365
,342
,346
,395
,370
2026 06 19 18:02:34.098052,324
,358
,396
,344
,314
,364
,370
,305
,325
,389
,384
,328
,351
,395
2026 06 19 18:02:34.159325,356
,312
,361
,386
,326
,312
,367
,351
,299
,351
,409
,376
,318
,360
2026 06 19 18:02:34.224765,398
,347
,316
,373
,379
,323
,323
,391
,367
,321
,351
,395
,344
,297
2026 06 19 18:02:34.286404,349
,384
,328
,304
,342
,317
,298
,355
,373
,325
,318
,372
,402
,328
2026 06 19 18:02:34.347394,303
,363
,353
,289
,313
,354
,274
,283
,353
,392
,324
,296
,360
,359
2026 06 19 18:02:34.412669,299
,309
,372
,353
,295
,332
,379
,330
,299
,356
,378
,322
,320
,383
2026 06 19 18:02:34.475051,369
,310
,335
,392
,340
,261
,368
,415
,342
,322
,373
,379
,318
,339
2026 06 19 18:02:34.540172,402
,368
,312
,359
,401
,340
,310
,376
,379
,312
,318
,391
,367
,304
2026 06 19 18:02:34.602065,346
,393
,330
,304
,362
,414
,350
,336
,410
,390
,311
,336
,401
,359
2026 06 19 18:02:34.662919,307
,366
,405
,330
,314
,396
,386
,299
,323
,407
,361
,297
,350
,409
2026 06 19 18:02:34.727998,338
,301
,382
,400
,301
,303
,386
,366
,295
,352
,427
,330
,274
,407
2026 06 19 18:02:34.790213,436
,309
,299
,425
,404
,262
,313
,430
,351
,264
,368
,456
,263
,203
2026 06 19 18:02:34.851451,429
,431
,90
,113
,541
,458
,50
,261
,578
,228
,11
,353
,586
,106
2026 06 19 18:02:34.919997,8
,512
,540
,39
,49
,570
,520
,28
,0
,367
,67
,2
,13
,534
2026 06 19 18:02:34.978942,47
,1
,349
,485
,27
,0
,534
,289
,14
,185
,577
,149
,7
,464
2026 06 19 18:02:35.043224,593
,68
,2
,544
,524
,29
,196
,578
,275
,14
,497
,595
,223
,11
2026 06 19 18:02:35.104750,537
,377
,19
,207
,578
,58
,2
,497
,527
,27
,0
,535
,211
,10
2026 06 19 18:02:35.166860,212
,578
,88
,3
,413
,589
,45
,1
,535
,294
,14
,42
,569
,120
2026 06 19 18:02:35.232443,5
,354
,586
,70
,1
,441
,482
,54
,436
,591
,600
,170
,11
,563
2026 06 19 18:02:35.293556,593
,34
,196
,577
,190
,10
,441
,590
,49
,1
,550
,306
,14
,279
2026 06 19 18:02:35.359082,583
,105
,4
,485
,595
,40
,1
,557
,308
,15
,273
,582
,122
,6
2026 06 19 18:02:35.420588,471
,593
,50
,1
,547
,413
,21
,174
,578
,184
,8
,406
,588
,82
2026 06 19 18:02:35.484184,4
,510
,596
,39
,1
,556
,335
,16
,190
,577
,194
,9
,0
,234
2026 06 19 18:02:35.546986,19
,17
,545
,457
,26
,69
,557
,115
,4
,91
,404
,28
,0
,99
2026 06 19 18:02:35.608657,86
,3
,0
,0
,0
,0
,0
,0
,0
,0
,0
,0
,0
,0
2026 06 19 18:02:35.674090,0
,0
,0
,0
,0
,0
,0
,0
,0
,0
,0
,0
,0
,0
2026 06 19 18:02:35.735817,0
,0
,0
,0
,0
,0
,0
,0
,0
,0
,0
,0
,0
,0
2026 06 19 18:02:35.797743,0
,0
,507
,56
,2
,240
,502
,25
,0
,488
,209
,10
,0
,555
2026 06 19 18:02:35.863257,81
,3
,267
,573
,31
,0
,462
,248
,12
,0
,544
,98
,4
,177
2026 06 19 18:02:35.924550,578
,38
,1
,432
,295
,14
,0
,529
,120
,5
,54
,570
,49
,1
2026 06 19 18:02:35.990195,375
,378
,20
,0
,505
,152
,7
,0
,559
,62
,2
,271
,510
,25
2026 06 19 18:02:36.051657,1
,462
,206
,10
,0
,542
,83
,3
,151
,574
,35
,1
,419
,275
2026 06 19 18:02:36.113064,13
,0
,519
,112
,5
,11
,566
,47
,1
,333
,373
,19
,0
,498
2026 06 19 18:02:36.177893,160
,7
,0
,559
,68
,2
,262
,539
,28
,0
,365
,199
,10
,0
2026 06 19 18:02:36.239769,0
,0
,0
,0
,0
,0
,0
,0
,0
,0
,0
,0
,0
,0
2026 06 19 18:02:36.305437,0
,0
,0
,0
,0
,0
,0
,0
,0
,0
,0
,0
,0
,0
2026 06 19 18:02:36.366842,0
,0
,0
,0
,0
,0
,0
,0
,0
,0
,0
,0
,0
,0
2026 06 19 18:02:36.428600,0
,0
,0
,0
,0
,0
,0
,0
,0
,0
,0
,0
,0
,0
2026 06 19 18:02:36.493694,0
,0
,0
,0
,181
,8
,0
,476
,249
,12
,0
,555
,116
,5
2026 06 19 18:02:36.556512,349
,586
,52
,1
,497
,391
,19
,23
,565
,202
,10
,4
,415
,23
2026 06 19 18:02:36.620526,0
,522
,295
,15
,154
,574
,115
,5
,456
,584
,49
,1
,540
,524
2026 06 19 18:02:36.682401,31
,195
,579
,335
,17
,446
,591
,149
,7
,539
,598
,69
,217
,579
2026 06 19 18:02:36.743321,482
,28
,461
,593
,242
,19
,549
,598
,118
,263
,582
,588
,59
,481
2026 06 19 18:02:36.810319,595
,451
,47
,553
,597
,243
,259
,581
,600
,114
,476
,593
,569
,131
2026 06 19 18:02:36.870341,556
,597
,413
,242
,581
,600
,219
,445
,591
,585
,80
,531
,598
,427
2026 06 19 18:02:36.935698,143
,572
,598
,234
,373
,589
,598
,90
,504
,595
,465
,60
,557
,598
2026 06 19 18:02:36.997427,223
,207
,580
,598
,82
,441
,591
,518
,40
,535
,596
,263
,117
,572
2026 06 19 18:02:37.058715,599
,112
,371
,587
,552
,43
,506
,595
,337
,46
,556
,598
,145
,278
2026 06 19 18:02:37.124098,582
,579
,50
,448
,592
,354
,18
,533
,595
,141
,108
,571
,591
,56
2026 06 19 18:02:37.185937,378
,588
,411
,22
,509
,596
,187
,65
,565
,598
,81
,333
,585
,517
2026 06 19 18:02:37.251673,37
,498
,595
,298
,89
,565
,598
,138
,342
,587
,572
,80
,500
,595
2026 06 19 18:02:37.312766,449
,137
,561
,598
,312
,321
,586
,598
,223
,498
,596
,558
,217
,562
2026 06 19 18:02:37.374261,599
,456
,344
,587
,600
,361
,510
,595
,600
,327
,570
,599
,541
,384
2026 06 19 18:02:37.441183,590
,599
,470
,525
,597
,600
,441
,583
,600
,600
,600
,600
,601
,600
2026 06 19 18:02:37.501688,582
,599
,600
,601
,600
,602
,601
,601
,599
,601
,600
,601
,601
,601
2026 06 19 18:02:37.567686,601
,600
,599
,601
,600
,601
,600
,601
,600
,601
,600
,601
,600
,601
2026 06 19 18:02:37.627935,601
,601
,600
,601
,600
,601
,601
,601
,599
,601
,600
,601
,601
,600
2026 06 19 18:02:37.689891,601
,600
,602
,600
,601
,600
,601
,601
,601
,600
,601
,600
,602
,599
2026 06 19 18:02:37.755496,600
,601
,601
,600
,600
,600
,602
,600
,602
,600
,571
,596
,601
,600
2026 06 19 18:02:37.815972,534
,598
,601
,557
,562
,598
,600
,525
,586
,601
,601
,518
,596
,596
2026 06 19 18:02:37.882061,577
,549
,598
,601
,542
,582
,600
,601
,550
,596
,602
,600
,587
,600
2026 06 19 18:02:37.943457,601
,600
,600
,600
,600
,601
,600
,602
,600
,601
,600
,601
,600
,602
2026 06 19 18:02:38.004773,601
,601
,600
,601
,600
,601
,599
,602
,600
,601
,600
,601
,600
,601
2026 06 19 18:02:38.071318,602
,601
,600
,600
,601
,599
,602
,600
,602
,601
,600
,601
,600
,600
2026 06 19 18:02:38.132546,601
,600
,600
,601
,600
,601
,600
,601
,590
,601
,600
,563
,591
,599
2026 06 19 18:02:38.197657,601
,528
,595
,601
,589
,543
,598
,600
,536
,575
,598
,601
,500
,589
2026 06 19 18:02:38.259044,601
,591
,514
,597
,600
,545
,563
,598
,601
,486
,582
,601
,594
,479
2026 06 19 18:02:38.320820,594
,600
,527
,522
,597
,599
,403
,547
,597
,587
,426
,584
,601
,496
2026 06 19 18:02:38.386657,440
,591
,599
,421
,531
,597
,593
,392
,573
,598
,532
,425
,590
,601
2026 06 19 18:02:38.447152,475
,522
,596
,600
,424
,572
,599
,579
,427
,589
,600
,523
,499
,595
2026 06 19 18:02:38.509572,600
,440
,559
,599
,590
,410
,582
,600
,505
,433
,593
,600
,436
,531
2026 06 19 18:02:38.576811,598
,600
,404
,574
,599
,550
,418
,589
,599
,455
,503
,595
,600
,378
2026 06 19 18:02:38.635025,558
,597
,565
,388
,584
,598
,484
,458
,593
,601
,416
,544
,598
,589
2026 06 19 18:02:38.701659,389
,579
,600
,522
,440
,591
,600
,448
,538
,598
,600
,411
,577
,599
2026 06 19 18:02:38.763580,577
,451
,592
,600
,512
,531
,597
,599
,448
,570
,599
,590
,426
,588
2026 06 19 18:02:38.827424,599
,516
,483
,595
,600
,455
,559
,597
,600
,435
,586
,600
,562
,467
2026 06 19 18:02:38.889547,595
,600
,492
,549
,597
,601
,491
,588
,600
,599
,504
,596
,600
,581
2026 06 19 18:02:38.951619,572
,599
,600
,572
,595
,601
,600
,601
,600
,601
,599
,602
,601
,600
2026 06 19 18:02:39.019850,600
,602
,601
,600
,600
,601
,599
,601
,601
,600
,601
,601
,601
,601
2026 06 19 18:02:39.077485,600
,573
,590
,600
,600
,155
,535
,596
,190
,10
,545
,597
,43
,231
2026 06 19 18:02:39.139590,581
,223
,11
,475
,592
,78
,3
,556
,550
,28
,292
,582
,206
,11
2026 06 19 18:02:39.204760,485
,593
,78
,4
,557
,565
,30
,269
,583
,227
,20
,463
,592
,94
2026 06 19 18:02:39.266576,4
,544
,596
,38
,158
,577
,313
,15
,419
,589
,130
,6
,529
,595
2026 06 19 18:02:39.332443,55
,25
,568
,446
,22
,348
,587
,184
,9
,495
,596
,76
,3
,557
2026 06 19 18:02:39.394012,580
,32
,260
,581
,258
,14
,460
,593
,113
,5
,540
,595
,50
,87
2026 06 19 18:02:39.455346,572
,396
,20
,403
,589
,150
,7
,524
,596
,58
,37
,569
,446
,23
2026 06 19 18:02:39.522352,369
,588
,177
,8
,505
,595
,75
,3
,561
,572
,32
,288
,583
,250
2026 06 19 18:02:39.582354,13
,466
,592
,109
,5
,539
,595
,53
,49
,571
,595
,36
,99
,572
2026 06 19 18:02:39.647584,226
,11
,384
,589
,599
,601
,600
,600
,600
,601
,600
,601
,601
,601
2026 06 19 18:02:39.708577,601
,601
,600
,601
,602
,600
,599
,601
,600
,595
,600
,601
,600
,601
2026 06 19 18:02:39.771861,600
,601
,601
,600
,602
,600
,601
,601
,602
,600
,601
,600
,601
,600
2026 06 19 18:02:39.835020,601
,600
,600
,601
,601
,602
,599
,602
,601
,603
,601
,601
,600
,602
2026 06 19 18:02:39.897681,600
,601
,600
,601
,599
,601
,601
,600
,600
,601
,600
,601
,601
,600
2026 06 19 18:02:39.962638,600
,600
,600
,601
,600
,601
,600
,601
,600
,603
,600
,601
,601
,601
2026 06 19 18:02:40.024946,602
,600
,602
,600
,601
,600
,601
,601
,601
,600
,601
,600
,602
,600
2026 06 19 18:02:40.085727,601
,601
,600
,600
,601
,601
,601
,601
,601
,600
,600
,600
,601
,600
2026 06 19 18:02:40.151005,601
,601
,601
,600
,602
,601
,601
,600
,601
,600
,600
,600
,601
,600
2026 06 19 18:02:40.213088,601
,601
,601
,600
,601
,599
,601
,600
,587
,598
,601
,600
,576
,600
2026 06 19 18:02:40.277908,602
,600
,585
,600
,602
,553
,586
,600
,601
,525
,594
,601
,598
,546
2026 06 19 18:02:40.339893,598
,601
,559
,583
,599
,601
,531
,593
,600
,597
,515
,598
,600
,552
2026 06 19 18:02:40.400902,561
,599
,600
,509
,584
,600
,599
,497
,594
,600
,557
,530
,598
,601
2026 06 19 18:02:40.469269,508
,571
,599
,598
,484
,589
,601
,584
,536
,597
,601
,536
,570
,600
2026 06 19 18:02:40.528647,601
,485
,585
,601
,560
,476
,593
,600
,502
,535
,597
,599
,462
,574
2026 06 19 18:02:40.593997,599
,562
,445
,588
,600
,486
,476
,594
,599
,423
,541
,598
,557
,412
2026 06 19 18:02:40.654526,577
,598
,483
,451
,592
,599
,445
,535
,597
,586
,439
,578
,599
,528
2026 06 19 18:02:40.716869,470
,593
,600
,496
,545
,599
,598
,454
,573
,598
,559
,483
,594
,601
2026 06 19 18:02:40.782301,541
,498
,594
,601
,447
,560
,600
,578
,440
,584
,601
,517
,478
,594
2026 06 19 18:02:40.843382,600
,464
,547
,598
,596
,443
,581
,601
,512
,419
,589
,599
,475
,511
2026 06 19 18:02:40.908645,597
,593
,359
,550
,599
,542
,357
,576
,600
,459
,439
,591
,600
,534
2026 06 19 18:02:40.970625,587
,599
,570
,375
,568
,598
,481
,560
,599
,599
,532
,591
,599
,586
2026 06 19 18:02:41.032215,557
,599
,600
,580
,591
,600
,600
,573
,596
,601
,553
,570
,599
,600
2026 06 19 18:02:41.097542,601
,600
,601
,600
,599
,600
,600
,600
,600
,602
,600
,601
,600
,601
2026 06 19 18:02:41.158667,601
,590
,598
,600
,601
,600
,601
,601
,601
,601
,601
,601
,600
,601
2026 06 19 18:02:41.224990,601
,601
,600
,602
,601
,600
,602
,600
,602
,600
,602
,600
,602
,599
2026 06 19 18:02:41.285908,601
,600
,601
,600
,601
,601
,601
,601
,600
,601
,600
,601
,601
,602
2026 06 19 18:02:41.346977,600
,600
,599
,601
,600
,601
,598
,599
,600
,602
,601
,602
,600
,601
2026 06 19 18:02:41.412678,600
,600
,599
,601
,601
,601
,600
,600
,601
,601
,601
,600
,599
,601
2026 06 19 18:02:41.474952,600
,600
,601
,601
,602
,599
,601
,600
,601
,595
,600
,601
,600
,598
2026 06 19 18:02:41.540010,600
,600
,600
,601
,600
,601
,585
,597
,601
,601
,588
,600
,601
,596
2026 06 19 18:02:41.601560,593
,599
,601
,575
,596
,600
,600
,583
,599
,602
,590
,572
,599
,601
2026 06 19 18:02:41.663008,570
,592
,600
,601
,574
,597
,600
,590
,571
,600
,601
,580
,586
,600
2026 06 19 18:02:41.727669,602
,562
,592
,600
,591
,555
,597
,600
,567
,568
,600
,601
,552
,587
2026 06 19 18:02:41.790240,600
,586
,537
,593
,600
,569
,555
,598
,600
,546
,579
,599
,591
,536
2026 06 19 18:02:41.855451,585
,601
,567
,551
,595
,596
,541
,559
,596
,575
,534
,570
,590
,553
2026 06 19 18:02:41.916776,538
,587
,583
,547
,547
,591
,569
,526
,556
,587
,557
,520
,560
,573
2026 06 19 18:02:41.978033,525
,526
,574
,566
,525
,549
,584
,557
,523
,555
,563
,523
,512
,563
2026 06 19 18:02:42.043450,564
,522
,536
,569
,537
,497
,545
,568
,536
,519
,559
,551
,513
,509
2026 06 19 18:02:42.106782,549
,543
,514
,527
,549
,529
,505
,541
,535
,497
,507
,551
,541
,505
2026 06 19 18:02:42.170772,520
,547
,518
,490
,518
,534
,495
,482
,534
,530
,495
,502
,532
,513
2026 06 19 18:02:42.233103,476
,501
,532
,504
,490
,528
,521
,482
,487
,525
,506
,479
,506
,519
2026 06 19 18:02:42.293573,492
,468
,510
,516
,493
,482
,508
,496
,464
,487
,511
,478
,456
,494
2026 06 19 18:02:42.358632,493
,468
,462
,506
,502
,462
,464
,490
,477
,449
,473
,491
,465
,449
2026 06 19 18:02:42.420702,487
,482
,451
,459
,492
,477
,443
,469
,484
,469
,438
,470
,481
,451
2026 06 19 18:02:42.486240,442
,475
,467
,440
,457
,481
,453
,432
,465
,473
,449
,440
,484
,472
2026 06 19 18:02:42.546999,432
,438
,477
,456
,428
,449
,469
,440
,423
,460
,463
,435
,429
,465
2026 06 19 18:02:42.608633,450
,419
,440
,472
,439
,410
,446
,460
,428
,421
,459
,443
,413
,428
2026 06 19 18:02:42.674880,457
,441
,410
,447
,448
,422
,417
,445
,454
,420
,424
,456
,431
,401
2026 06 19 18:02:42.735659,425
,432
,413
,409
,448
,439
,403
,408
,441
,421
,399
,419
,436
,410
2026 06 19 18:02:42.797519,386
,425
,440
,406
,398
,427
,414
,386
,402
,434
,407
,376
,410
,430
2026 06 19 18:02:42.863082,402
,394
,427
,413
,388
,390
,409
,398
,374
,402
,425
,403
,377
,401
2026 06 19 18:02:42.924028,414
,385
,385
,420
,408
,383
,394
,418
,399
,376
,403
,413
,378
,370
2026 06 19 18:02:42.989964,404
,400
,368
,377
,425
,404
,370
,392
,409
,388
,373
,410
,409
,372
2026 06 19 18:02:43.051922,383
,412
,390
,359
,384
,395
,381
,367
,395
,393
,369
,372
,395
,391
2026 06 19 18:02:43.112574,361
,380
,407
,384
,359
,390
,401
,372
,363
,389
,378
,351
,363
,394
2026 06 19 18:02:43.177716,380
,352
,375
,388
,363
,345
,382
,387
,362
,357
,386
,371
,338
,371
2026 06 19 18:02:43.239986,386
,362
,339
,377
,373
,346
,348
,381
,368
,337
,351
,373
,355
,343
2026 06 19 18:02:43.304979,371
,371
,346
,340
,372
,364
,332
,351
,378
,363
,333
,363
,378
,348
2026 06 19 18:02:43.367050,323
,373
,366
,340
,347
,377
,357
,329
,352
,368
,347
,322
,351
,353
2026 06 19 18:02:43.428201,340
,349
,371
,352
,335
,350
,368
,339
,319
,347
,355
,331
,324
,360
2026 06 19 18:02:43.493816,357
,331
,341
,365
,351
,329
,352
,363
,336
,322
,351
,349
,327
,332
2026 06 19 18:02:43.555641,355
,334
,316
,339
,357
,328
,313
,346
,349
,323
,326
,354
,335
,318
2026 06 19 18:02:43.620352,345
,367
,343
,316
,347
,351
,310
,303
,347
,338
,317
,328
,350
,339
2026 06 19 18:02:43.682685,313
,346
,357
,332
,325
,352
,353
,314
,310
,349
,334
,305
,329
,349
2026 06 19 18:02:43.743470,332
,291
,335
,350
,318
,314
,349
,334
,305
,324
,349
,326
,306
,339
2026 06 19 18:02:43.810158,342
,308
,312
,347
,331
,304
,314
,329
,318
,304
,333
,335
,306
,291
2026 06 19 18:02:43.870669,323
,319
,292
,296
,323
,308
,281
,303
,321
,294
,271
,304
,310
,285
2026 06 19 18:02:43.936039,282
,325
,313
,282
,295
,317
,294
,295
,321
,328
,293
,283
,316
,313
2026 06 19 18:02:43.997112,283
,289
,311
,290
,273
,304
,317
,291
,275
,319
,311
,281
,285
,326
2026 06 19 18:02:44.060858,312
,285
,301
,323
,289
,274
,302
,311
,301
,288
,324
,314
,281
,300
2026 06 19 18:02:44.124054,318
,299
,275
,303
,315
,294
,295
,324
,309
,279
,290
,314
,297
,272
2026 06 19 18:02:44.185659,298
,314
,288
,270
,311
,309
,279
,291
,321
,303
,278
,302
,317
,297
2026 06 19 18:02:44.250630,274
,301
,309
,288
,284
,316
,296
,267
,303
,328
,298
,255
,302
,330
2026 06 19 18:02:44.314335,304
,286
,314
,310
,285
,289
,317
,304
,279
,304
,314
,286
,270
,317
2026 06 19 18:02:44.374494,313
,275
,273
,319
,315
,282
,297
,318
,300
,274
,300
,306
,275
,272
2026 06 19 18:02:44.439846,319
,302
,274
,288
,317
,299
,279
,312
,310
,270
,272
,319
,309
,270
2026 06 19 18:02:44.500657,287
,312
,293
,276
,304
,312
,277
,259
,300
,300
,271
,276
,309
,294
2026 06 19 18:02:44.566827,266
,290
,305
,282
,264
,300
,298
,269
,264
,304
,294
,263
,282
,310
2026 06 19 18:02:44.627980,292
,267
,309
,313
,280
,273
,303
,297
,269
,283
,305
,287
,262
,297
2026 06 19 18:02:44.688967,314
,283
,276
,304
,292
,264
,283
,313
,293
,266
,285
,300
,285
,272
2026 06 19 18:02:44.754918,307
,307
,274
,273
,304
,301
,276
,285
,312
,292
,262
,291
,301
,270
2026 06 19 18:02:44.816928,267
,312
,299
,260
,285
,307
,286
,257
,283
,296
,267
,262
,303
,290
2026 06 19 18:02:44.881966,259
,271
,300
,285
,260
,287
,303
,277
,258
,286
,291
,263
,272
,309
2026 06 19 18:02:44.944084,293
,262
,277
,305
,282
,261
,298
,299
,266
,262
,298
,289
,256
,264
2026 06 19 18:02:45.004692,304
,290
,258
,285
,298
,271
,260
,294
,289
,268
,278
,311
,291
,259
2026 06 19 18:02:45.074364,281
,308
,278
,254
,292
,297
,264
,264
,307
,290
,257
,276
,301
,281
2026 06 19 18:02:45.131462,258
,290
,296
,274
,263
,297
,286
,257
,271
,295
,271
,253
,277
,284
2026 06 19 18:02:45.196680,259
,266
,301
,291
,263
,269
,297
,271
,251
,289
,303
,272
,243
,280
2026 06 19 18:02:45.259014,269
,247
,258
,295
,290
,257
,268
,303
,277
,255
,289
,296
,266
,261
2026 06 19 18:02:45.320110,296
,285
,252
,265
,288
,272
,253
,282
,293
,267
,256
,287
,285
,257
2026 06 19 18:02:45.385536,265
,298
,282
,259
,282
,297
,270
,243
,283
,285
,250
,251
,290
,271
2026 06 19 18:02:45.446923,249
,272
,291
,268
,248
,277
,293
,262
,253
,293
,290
,252
,260
,298
2026 06 19 18:02:45.512505,276
,247
,276
,291
,267
,256
,293
,294
,255
,266
,299
,279
,249
,279
2026 06 19 18:02:45.574500,300
,274
,246
,275
,295
,266
,254
,286
,267
,236
,257
,284
,265
,243
2026 06 19 18:02:45.635866,277
,290
,257
,250
,292
,279
,249
,261
,287
,269
,242
,263
,278
,247
2026 06 19 18:02:45.701381,237
,275
,275
,248
,251
,280
,264
,240
,264
,289
,268
,243
,285
,292
2026 06 19 18:02:45.763023,258
,253
,291
,276
,241
,260
,289
,271
,244
,275
,285
,256
,245
,285
2026 06 19 18:02:45.827654,273
,242
,250
,278
,265
,239
,270
,300
,266
,253
,296
,293
,254
,259
2026 06 19 18:02:45.889576,294
,270
,241
,268
,291
,265
,249
,284
,279
,251
,246
,295
,281
,253
2026 06 19 18:02:45.950953,272
,303
,281
,249
,280
,293
,253
,248
,301
,292
,260
,265
,287
,287
2026 06 19 18:02:46.016802,259
,276
,289
,265
,251
,289
,290
,253
,256
,292
,278
,242
,270
,306
2026 06 19 18:02:46.078204,281
,257
,290
,287
,252
,243
,296
,277
,244
,261
,285
,273
,263
,293
2026 06 19 18:02:46.143718,300
,264
,256
,310
,306
,264
,271
,301
,289
,257
,274
,284
,263
,249
2026 06 19 18:02:46.204906,294
,292
,257
,275
,308
,285
,250
,282
,300
,280
,254
,282
,284
,262
2026 06 19 18:02:46.266757,256
,284
,272
,245
,269
,296
,269
,254
,282
,289
,258
,253
,302
,288
2026 06 19 18:02:46.332618,248
,252
,288
,276
,247
,276
,290
,254
,239
,291
,301
,267
,268
,304
2026 06 19 18:02:46.393042,276
,252
,271
,301
,273
,256
,285
,286
,254
,248
,289
,281
,254
,268
2026 06 19 18:02:46.458345,290
,278
,263
,292
,299
,267
,244
,291
,295
,266
,270
,299
,274
,241
2026 06 19 18:02:46.520436,267
,293
,270
,262
,301
,295
,265
,263
,300
,290
,256
,281
,302
,280
2026 06 19 18:02:46.581728,259
,292
,295
,269
,259
,294
,286
,262
,283
,310
,286
,257
,286
,291
2026 06 19 18:02:46.649938,282
,273
,308
,297
,267
,273
,305
,283
,259
,292
,318
,287
,271
,305
2026 06 19 18:02:46.708272,303
,267
,280
,311
,289
,255
,285
,314
,281
,271
,309
,306
,278
,272
2026 06 19 18:02:46.773984,318
,299
,263
,283
,311
,292
,276
,298
,311
,285
,267
,309
,306
,273
2026 06 19 18:02:46.836059,282
,319
,300
,265
,289
,309
,288
,268
,298
,308
,279
,277
,324
,298
2026 06 19 18:02:46.899804,268
,287
,308
,283
,268
,298
,300
,262
,260
,301
,289
,265
,286
,312
2026 06 19 18:02:46.962483,297
,272
,295
,316
,289
,269
,313
,314
,283
,285
,312
,290
,262
,286
2026 06 19 18:02:47.024438,306
,289
,272
,304
,300
,278
,290
,330
,307
,273
,287
,319
,286
,258
2026 06 19 18:02:47.085082,311
,312
,282
,277
,311
,302
,271
,287
,310
,282
,267
,298
,308
,299
2026 06 19 18:02:47.151172,289
,325
,318
,278
,282
,316
,298
,270
,296
,312
,293
,276
,313
,310
2026 06 19 18:02:47.213169,271
,281
,331
,312
,283
,303
,325
,299
,273
,299
,312
,297
,289
,318
2026 06 19 18:02:47.276979,303
,287
,298
,319
,301
,274
,299
,319
,287
,276
,315
,312
,277
,276
2026 06 19 18:02:47.339856,320
,313
,277
,301
,320
,290
,270
,300
,321
,291
,288
,323
,309
,277
2026 06 19 18:02:47.404811,296
,326
,303
,276
,310
,318
,283
,273
,309
,296
,268
,288
,324
,305
2026 06 19 18:02:47.466791,274
,306
,312
,290
,284
,318
,315
,289
,284
,318
,302
,275
,312
,327
2026 06 19 18:02:47.527722,290
,253
,318
,331
,296
,298
,332
,308
,270
,294
,326
,300
,268
,311
2026 06 19 18:02:47.592911,321
,287
,284
,317
,300
,276
,302
,333
,307
,282
,309
,327
,298
,286
2026 06 19 18:02:47.655481,330
,324
,291
,295
,312
,306
,277
,306
,333
,307
,280
,321
,323
,288
2026 06 19 18:02:47.715877,292
,327
,317
,282
,302
,329
,306
,280
,310
,314
,293
,285
,321
,305
2026 06 19 18:02:47.781755,272
,291
,328
,298
,259
,308
,335
,301
,288
,322
,318
,289
,300
,332
2026 06 19 18:02:47.843888,308
,286
,314
,327
,296
,285
,325
,324
,291
,290
,326
,313
,273
,299
2026 06 19 18:02:47.908873,338
,305
,284
,316
,325
,305
,302
,330
,321
,283
,295
,324
,317
,288
2026 06 19 18:02:47.970659,308
,336
,310
,294
,333
,323
,277
,295
,340
,312
,277
,293
,331
,310
2026 06 19 18:02:48.031276,284
,331
,331
,294
,299
,337
,318
,275
,309
,337
,309
,280
,319
,324
2026 06 19 18:02:48.098716,294
,293
,328
,312
,278
,289
,329
,309
,280
,315
,323
,289
,276
,325
2026 06 19 18:02:48.158841,318
,272
,293
,350
,320
,277
,312
,334
,300
,283
,338
,335
,298
,302
2026 06 19 18:02:48.224516,336
,316
,285
,307
,329
,304
,276
,326
,333
,296
,297
,332
,320
,282
2026 06 19 18:02:48.285992,304
,340
,305
,291
,339
,348
,310
,295
,331
,323
,287
,310
,344
,318
2026 06 19 18:02:48.350444,281
,305
,330
,308
,289
,336
,334
,298
,306
,342
,324
,288
,307
,334
2026 06 19 18:02:48.413822,310
,284
,323
,335
,302
,295
,331
,322
,294
,306
,337
,308
,286
,323
2026 06 19 18:02:48.473787,341
,312
,307
,329
,335
,298
,292
,350
,325
,289
,324
,336
,303
,284
2026 06 19 18:02:48.539851,340
,332
,289
,296
,321
,334
,309
,306
,322
,333
,304
,339
,340
,297
2026 06 19 18:02:48.601231,289
,335
,317
,260
,283
,355
,335
,289
,313
,336
,305
,302
,332
,324
2026 06 19 18:02:48.662745,284
,311
,347
,318
,284
,311
,326
,288
,284
,320
,322
,300
,308
,343
2026 06 19 18:02:48.729013,325
,293
,315
,338
,314
,287
,317
,320
,291
,283
,334
,327
,295
,313
2026 06 19 18:02:48.789111,343
,320
,290
,317
,335
,304
,291
,329
,322
,288
,299
,328
,310
,279
2026 06 19 18:02:48.855262,305
,326
,299
,276
,316
,325
,294
,292
,323
,307
,287
,307
,332
,304
2026 06 19 18:02:48.916682,292
,324
,334
,292
,288
,326
,320
,288
,302
,326
,315
,290
,337
,348
2026 06 19 18:02:48.982020,310
,302
,344
,333
,295
,312
,345
,322
,290
,323
,341
,305
,288
,334
2026 06 19 18:02:49.043145,335
,300
,317
,347
,324
,285
,308
,339
,315
,287
,327
,326
,287
,293
2026 06 19 18:02:49.104687,331
,322
,282
,306
,355
,330
,302
,326
,336
,299
,286
,334
,332
,294
2026 06 19 18:02:49.169975,308
,341
,318
,288
,321
,334
,300
,278
,321
,328
,298
,304
,340
,325
2026 06 19 18:02:49.232100,297
,318
,330
,312
,300
,331
,337
,305
,294
,336
,325
,291
,307
,340
2026 06 19 18:02:49.293268,323
,288
,315
,328
,310
,300
,341
,336
,299
,309
,320
,304
,301
,323
2026 06 19 18:02:49.358759,334
,303
,288
,325
,328
,300
,304
,340
,326
,305
,321
,332
,315
,307
2026 06 19 18:02:49.423485,333
,334
,287
,308
,360
,356
,321
,332
,355
,328
,306
,345
,355
,332
2026 06 19 18:02:49.486806,323
,360
,348
,320
,329
,357
,337
,309
,340
,353
,334
,301
,331
,361
2026 06 19 18:02:49.547358,337
,336
,365
,343
,310
,332
,359
,325
,304
,335
,347
,315
,302
,340
2026 06 19 18:02:49.608972,336
,314
,333
,358
,332
,305
,340
,351
,322
,314
,353
,348
,309
,320
2026 06 19 18:02:49.673672,345
,329
,295
,324
,362
,335
,309
,338
,348
,315
,319
,350
,335
,302
2026 06 19 18:02:49.735741,323
,357
,329
,293
,335
,345
,305
,322
,352
,335
,302
,318
,347
,332
2026 06 19 18:02:49.801716,314
,347
,358
,319
,308
,338
,341
,317
,319
,351
,334
,299
,323
,350
2026 06 19 18:02:49.862648,333
,307
,330
,333
,323
,322
,356
,341
,305
,339
,363
,345
,317
,346
2026 06 19 18:02:49.924162,355
,324
,316
,348
,335
,305
,318
,356
,329
,298
,341
,364
,331
,321
2026 06 19 18:02:49.991810,360
,358
,315
,322
,361
,343
,307
,323
,332
,329
,332
,363
,358
,327
2026 06 19 18:02:50.051442,330
,362
,345
,316
,340
,366
,341
,312
,334
,350
,329
,314
,353
,341
2026 06 19 18:02:50.116725,313
,336
,365
,352
,322
,353
,370
,341
,326
,361
,348
,320
,328
,366
2026 06 19 18:02:50.179887,346
,318
,347
,362
,328
,308
,342
,345
,321
,325
,361
,347
,315
,332
2026 06 19 18:02:50.238879,363
,333
,299
,341
,347
,316
,316
,334
,330
,308
,328
,358
,336
,313
2026 06 19 18:02:50.305178,343
,365
,333
,315
,355
,346
,312
,325
,357
,333
,302
,332
,336
,313
2026 06 19 18:02:50.366802,322
,360
,357
,318
,321
,354
,333
,304
,333
,350
,327
,307
,340
,354
2026 06 19 18:02:50.432099,318
,314
,350
,341
,313
,325
,353
,326
,303
,339
,355
,325
,312
,347
2026 06 19 18:02:50.493820,341
,313
,330
,360
,342
,311
,335
,357
,329
,307
,334
,336
,326
,325
2026 06 19 18:02:50.555312,356
,353
,316
,333
,357
,335
,313
,357
,363
,323
,321
,351
,331
,309
2026 06 19 18:02:50.621359,323
,364
,336
,311
,355
,360
,335
,328
,357
,348
,315
,333
,367
,341
2026 06 19 18:02:50.682360,312
,339
,352
,318
,306
,347
,349
,320
,321
,357
,341
,313
,336
,360
2026 06 19 18:02:50.746799,330
,312
,348
,358
,324
,322
,361
,346
,315
,330
,360
,335
,312
,348
2026 06 19 18:02:50.809032,358
,334
,320
,351
,350
,319
,328
,354
,340
,314
,342
,363
,337
,319
2026 06 19 18:02:50.871525,358
,361
,329
,330
,358
,343
,316
,338
,359
,332
,311
,346
,353
,316
2026 06 19 18:02:50.935943,304
,330
,322
,311
,327
,371
,354
,330
,353
,366
,335
,314
,351
,346
2026 06 19 18:02:50.997435,309
,319
,358
,332
,300
,338
,364
,327
,296
,342
,355
,325
,334
,370
2026 06 19 18:02:51.058555,351
,318
,341
,365
,340
,319
,349
,350
,320
,315
,352
,342
,312
,328
2026 06 19 18:02:51.124741,357
,337
,307
,338
,351
,324
,313
,353
,347
,316
,324
,349
,329
,299
2026 06 19 18:02:51.185512,323
,357
,336
,319
,357
,358
,327
,320
,355
,347
,315
,332
,357
,331
2026 06 19 18:02:51.251329,299
,332
,351
,344
,333
,369
,355
,318
,331
,357
,335
,317
,352
,364
2026 06 19 18:02:51.312726,333
,325
,365
,355
,316
,327
,358
,347
,318
,343
,354
,331
,313
,355
2026 06 19 18:02:51.378516,358
,324
,325
,363
,346
,316
,340
,362
,335
,312
,350
,361
,329
,324
2026 06 19 18:02:51.438726,360
,347
,315
,333
,358
,344
,317
,347
,361
,335
,322
,360
,347
,318
2026 06 19 18:02:51.501200,327
,367
,349
,313
,334
,347
,320
,323
,374
,370
,328
,330
,366
,354
2026 06 19 18:02:51.566677,326
,341
,358
,339
,321
,355
,357
,322
,327
,370
,357
,321
,338
,370
2026 06 19 18:02:51.627792,345
,318
,349
,354
,336
,331
,365
,358
,327
,335
,364
,343
,318
,350
2026 06 19 18:02:51.688968,365
,336
,316
,356
,356
,331
,346
,380
,358
,326
,347
,367
,341
,319
2026 06 19 18:02:51.755222,355
,368
,330
,326
,363
,356
,320
,334
,357
,343
,320
,346
,358
,336
2026 06 19 18:02:51.816521,317
,362
,364
,323
,328
,369
,353
,321
,347
,370
,339
,316
,361
,368
2026 06 19 18:02:51.882208,330
,331
,367
,355
,324
,345
,369
,340
,316
,355
,363
,329
,329
,367
2026 06 19 18:02:51.943242,355
,324
,338
,363
,341
,319
,358
,373
,346
,333
,365
,349
,314
,341
2026 06 19 18:02:52.004685,371
,355
,324
,350
,371
,340
,318
,352
,351
,323
,326
,370
,361
,327
2026 06 19 18:02:52.070636,346
,368
,340
,318
,357
,358
,330
,324
,362
,349
,319
,343
,370
,345
2026 06 19 18:02:52.131454,318
,355
,365
,328
,319
,370
,362
,327
,336
,370
,351
,322
,350
,363
2026 06 19 18:02:52.196754,336
,311
,346
,347
,328
,331
,364
,352
,317
,336
,366
,342
,318
,355
2026 06 19 18:02:52.258952,365
,331
,323
,374
,364
,328
,343
,368
,344
,320
,350
,358
,333
,325
2026 06 19 18:02:52.320439,364
,353
,318
,333
,370
,350
,319
,348
,365
,332
,322
,368
,368
,333
2026 06 19 18:02:52.385931,338
,374
,359
,327
,347
,363
,335
,327
,364
,372
,334
,328
,376
,360
2026 06 19 18:02:52.447068,325
,346
,375
,352
,324
,354
,366
,334
,330
,367
,360
,326
,344
,376
2026 06 19 18:02:52.512341,357
,323
,344
,363
,340
,318
,356
,362
,330
,331
,368
,351
,322
,342
2026 06 19 18:02:52.574412,361
,338
,320
,357
,370
,337
,322
,370
,357
,321
,341
,368
,342
,317
2026 06 19 18:02:52.635656,353
,364
,337
,321
,362
,358
,325
,330
,365
,345
,324
,353
,368
,333
2026 06 19 18:02:52.700458,318
,360
,357
,327
,331
,365
,354
,324
,343
,364
,342
,317
,346
,356
2026 06 19 18:02:52.762364,330
,330
,365
,353
,317
,336
,367
,339
,312
,353
,366
,338
,323
,361
2026 06 19 18:02:52.827817,357
,326
,336
,369
,351
,318
,347
,365
,337
,321
,357
,358
,325
,331
2026 06 19 18:02:52.889562,369
,358
,329
,352
,370
,340
,321
,358
,367
,335
,331
,364
,347
,304
2026 06 19 18:02:52.951240,338
,374
,347
,321
,361
,376
,349
,334
,371
,363
,330
,347
,374
,353
2026 06 19 18:02:53.015901,317
,341
,374
,340
,321
,368
,362
,327
,343
,377
,354
,324
,346
,375
2026 06 19 18:02:53.077740,345
,320
,365
,365
,331
,329
,365
,350
,310
,332
,356
,337
,314
,350
2026 06 19 18:02:53.143113,364
,335
,324
,366
,361
,321
,333
,369
,345
,321
,348
,363
,335
,316
2026 06 19 18:02:53.210022,351
,349
,322
,336
,373
,354
,321
,352
,374
,341
,311
,346
,365
,329
2026 06 19 18:02:53.266707,324
,365
,362
,324
,340
,373
,349
,322
,352
,359
,331
,329
,366
,354
2026 06 19 18:02:53.332147,319
,329
,364
,349
,319
,343
,360
,331
,317
,361
,359
,325
,329
,358
2026 06 19 18:02:53.393197,349
,319
,351
,370
,340
,320
,352
,357
,322
,318
,355
,340
,313
,337
2026 06 19 18:02:53.459831,365
,329
,315
,360
,369
,335
,326
,366
,352
,323
,337
,363
,341
,313
2026 06 19 18:02:53.520461,349
,363
,336
,322
,356
,350
,314
,327
,362
,341
,310
,336
,374
,343
2026 06 19 18:02:53.581718,322
,352
,352
,318
,317
,369
,350
,320
,339
,367
,347
,320
,350
,365
2026 06 19 18:02:53.648037,341
,329
,367
,355
,319
,335
,363
,339
,307
,340
,358
,329
,314
,350
2026 06 19 18:02:53.710752,353
,329
,333
,367
,350
,317
,342
,369
,341
,321
,356
,357
,328
,325
2026 06 19 18:02:53.774215,365
,356
,320
,335
,360
,336
,318
,354
,365
,339
,335
,371
,355
,319
2026 06 19 18:02:53.836261,338
,374
,344
,313
,341
,359
,329
,317
,359
,352
,315
,323
,367
,353
2026 06 19 18:02:53.897234,319
,340
,361
,337
,319
,360
,364
,328
,330
,369
,353
,329
,346
,373
2026 06 19 18:02:53.962958,353
,325
,356
,372
,345
,333
,368
,355
,323
,326
,371
,369
,331
,355
2026 06 19 18:02:54.024528,377
,352
,338
,368
,361
,331
,342
,374
,357
,327
,345
,369
,346
,324
2026 06 19 18:02:54.089863,363
,367
,335
,332
,368
,356
,325
,339
,363
,357
,332
,367
,379
,346
2026 06 19 18:02:54.150806,331
,375
,363
,328
,342
,378
,359
,326
,354
,370
,341
,329
,366
,366
2026 06 19 18:02:54.212101,335
,341
,376
,357
,330
,352
,371
,342
,329
,359
,361
,341
,336
,378
2026 06 19 18:02:54.278987,362
,331
,353
,378
,347
,319
,349
,360
,336
,325
,364
,351
,322
,334
2026 06 19 18:02:54.338990,370
,342
,312
,341
,356
,329
,321
,357
,348
,321
,331
,374
,362
,325
2026 06 19 18:02:54.404881,346
,371
,347
,326
,362
,371
,338
,332
,374
,361
,325
,344
,372
,353
2026 06 19 18:02:54.466747,327
,355
,373
,341
,333
,376
,362
,330
,345
,383
,356
,321
,349
,376
2026 06 19 18:02:54.527865,352
,334
,367
,364
,331
,338
,375
,366
,338
,357
,378
,352
,332
,365
2026 06 19 18:02:54.593512,364
,338
,333
,372
,358
,324
,340
,376
,354
,329
,362
,375
,357
,351
2026 06 19 18:02:54.655151,385
,373
,339
,353
,381
,358
,326
,356
,376
,357
,330
,361
,377
,343
2026 06 19 18:02:54.720544,337
,383
,369
,334
,355
,376
,347
,327
,364
,370
,342
,340
,372
,361
2026 06 19 18:02:54.781620,335
,347
,367
,344
,325
,366
,377
,347
,339
,376
,364
,324
,344
,384
2026 06 19 18:02:54.842815,356
,325
,356
,373
,339
,315
,367
,366
,337
,347
,377
,352
,321
,344
2026 06 19 18:02:54.908966,373
,355
,332
,367
,367
,327
,327
,377
,357
,321
,340
,371
,354
,331
2026 06 19 18:02:54.969731,365
,376
,344
,337
,378
,364
,325
,346
,378
,352
,323
,353
,372
,344
2026 06 19 18:02:55.031615,332
,370
,366
,335
,340
,373
,367
,339
,364
,387
,350
,331
,375
,375
2026 06 19 18:02:55.097834,341
,342
,378
,362
,326
,343
,365
,349
,338
,371
,381
,349
,344
,376
2026 06 19 18:02:55.161934,364
,334
,341
,372
,364
,328
,360
,375
,342
,332
,367
,367
,333
,333
2026 06 19 18:02:55.226935,373
,370
,340
,357
,378
,354
,329
,364
,366
,351
,345
,379
,363
,328
2026 06 19 18:02:55.285881,351
,380
,362
,333
,360
,372
,348
,339
,377
,369
,324
,337
,371
,355
2026 06 19 18:02:55.346784,333
,366
,377
,350
,337
,373
,370
,339
,344
,377
,362
,332
,353
,376
2026 06 19 18:02:55.412771,354
,328
,354
,359
,337
,339
,374
,362
,327
,352
,380
,359
,332
,359
2026 06 19 18:02:55.473583,375
,346
,333
,370
,357
,324
,336
,385
,360
,322
,349
,368
,357
,344
2026 06 19 18:02:55.539680,378
,369
,344
,356
,390
,371
,337
,360
,383
,350
,324
,364
,376
,337
2026 06 19 18:02:55.600793,336
,372
,356
,320
,346
,374
,347
,331
,364
,375
,355
,343
,369
,360
2026 06 19 18:02:55.662642,341
,351
,383
,361
,329
,355
,378
,347
,332
,367
,364
,335
,343
,370
2026 06 19 18:02:55.727883,356
,335
,356
,377
,348
,323
,352
,362
,338
,337
,378
,362
,326
,344
2026 06 19 18:02:55.789084,375
,350
,319
,355
,372
,338
,327
,371
,365
,324
,343
,382
,356
,323
2026 06 19 18:02:55.855074,354
,375
,342
,326
,361
,359
,325
,336
,374
,355
,322
,343
,372
,343
2026 06 19 18:02:55.916542,316
,348
,346
,328
,332
,378
,364
,334
,351
,370
,339
,316
,363
,375
2026 06 19 18:02:55.977288,344
,332
,369
,354
,318
,334
,374
,345
,314
,348
,362
,332
,322
,356
2026 06 19 18:02:56.043135,353
,325
,331
,368
,354
,326
,348
,368
,342
,320
,358
,357
,322
,322
2026 06 19 18:02:56.105323,361
,348
,311
,327
,364
,348
,323
,354
,363
,329
,322
,364
,357
,325
2026 06 19 18:02:56.172128,338
,367
,345
,316
,347
,373
,337
,310
,354
,361
,327
,329
,377
,362
2026 06 19 18:02:56.231958,327
,355
,370
,335
,317
,365
,366
,330
,331
,365
,352
,320
,342
,370
2026 06 19 18:02:56.293096,349
,326
,359
,369
,334
,326
,364
,355
,326
,350
,373
,352
,330
,354
2026 06 19 18:02:56.358725,371
,339
,321
,354
,352
,318
,321
,354
,336
,310
,338
,363
,339
,317
2026 06 19 18:02:56.420058,349
,350
,318
,313
,346
,329
,301
,327
,352
,335
,311
,351
,362
,329
2026 06 19 18:02:56.485656,312
,348
,351
,321
,338
,356
,337
,316
,336
,354
,333
,315
,348
,354
2026 06 19 18:02:56.547361,321
,325
,359
,349
,314
,336
,362
,343
,316
,349
,352
,323
,317
,355
2026 06 19 18:02:56.608681,353
,319
,334
,364
,340
,308
,338
,354
,325
,319
,354
,349
,321
,334
2026 06 19 18:02:56.675413,362
,333
,305
,334
,355
,327
,311
,349
,352
,314
,313
,349
,348
,316
2026 06 19 18:02:56.735269,337
,371
,340
,315
,355
,360
,317
,324
,364
,352
,321
,334
,360
,332
2026 06 19 18:02:56.800377,303
,343
,363
,337
,322
,357
,348
,317
,328
,362
,342
,312
,340
,361
2026 06 19 18:02:56.862717,333
,317
,355
,349
,315
,325
,359
,341
,309
,329
,344
,331
,328
,355
2026 06 19 18:02:56.924112,356
,337
,333
,373
,360
,326
,344
,372
,346
,316
,350
,363
,330
,322
2026 06 19 18:02:56.992311,361
,356
,321
,337
,370
,341
,322
,353
,366
,332
,320
,357
,357
,335
2026 06 19 18:02:57.050799,339
,366
,358
,329
,349
,362
,341
,322
,350
,352
,327
,326
,369
,356
2026 06 19 18:02:57.116565,327
,343
,372
,346
,316
,356
,374
,333
,318
,365
,362
,324
,340
,366
2026 06 19 18:02:57.176956,348
,324
,351
,368
,335
,317
,357
,352
,315
,328
,364
,343
,316
,348
2026 06 19 18:02:57.242406,369
,340
,321
,359
,368
,334
,325
,362
,355
,324
,344
,369
,348
,319
2026 06 19 18:02:57.305174,351
,364
,331
,321
,358
,358
,325
,334
,363
,341
,312
,343
,360
,326
2026 06 19 18:02:57.366892,301
,337
,345
,326
,329
,363
,349
,314
,343
,364
,328
,320
,359
,356
2026 06 19 18:02:57.432317,320
,322
,364
,347
,314
,333
,362
,341
,313
,341
,353
,328
,321
,363
2026 06 19 18:02:57.493808,352
,325
,334
,363
,339
,307
,337
,360
,328
,307
,345
,345
,307
,306
2026 06 19 18:02:57.554224,346
,335
,306
,335
,363
,334
,309
,348
,355
,325
,329
,359
,349
,322
2026 06 19 18:02:57.619603,341
,365
,336
,311
,341
,352
,319
,302
,346
,353
,316
,330
,355
,332
2026 06 19 18:02:57.682025,304
,348
,370
,334
,314
,358
,354
,324
,326
,357
,342
,317
,340
,364
2026 06 19 18:02:57.747300,339
,317
,352
,351
,324
,325
,363
,342
,313
,340
,372
,344
,324
,360
2026 06 19 18:02:57.808662,364
,329
,323
,365
,350
,321
,333
,371
,349
,311
,334
,356
,335
,322
2026 06 19 18:02:57.869578,361
,361
,323
,332
,367
,349
,322
,342
,368
,338
,322
,371
,369
,329
2026 06 19 18:02:57.935969,323
,362
,351
,316
,343
,368
,344
,325
,354
,364
,330
,316
,355
,354
2026 06 19 18:02:57.998995,327
,337
,367
,341
,306
,334
,349
,327
,316
,357
,353
,331
,338
,367
2026 06 19 18:02:58.062844,355
,320
,339
,369
,336
,309
,353
,367
,333
,326
,360
,343
,320
,336
2026 06 19 18:02:58.124030,363
,337
,311
,343
,367
,336
,323
,365
,355
,316
,325
,358
,340
,315
2026 06 19 18:02:58.185777,345
,361
,334
,321
,357
,354
,331
,343
,373
,353
,320
,348
,367
,344
2026 06 19 18:02:58.251101,318
,352
,366
,334
,332
,368
,351
,321
,345
,377
,354
,327
,361
,368
2026 06 19 18:02:58.314676,337
,328
,361
,359
,326
,337
,375
,352
,327
,361
,378
,338
,323
,370
2026 06 19 18:02:58.379222,373
,336
,343
,373
,356
,324
,355
,372
,341
,318
,350
,352
,340
,333
2026 06 19 18:02:58.439464,377
,363
,325
,344
,368
,346
,323
,356
,378
,341
,324
,361
,357
,329
2026 06 19 18:02:58.501008,340
,363
,340
,327
,349
,373
,343
,322
,360
,370
,338
,335
,367
,359
2026 06 19 18:02:58.565017,322
,349
,368
,340
,317
,354
,357
,326
,331
,367
,353
,322
,337
,371
2026 06 19 18:02:58.627342,354
,327
,356
,372
,334
,324
,368
,361
,322
,329
,370
,353
,324
,343
2026 06 19 18:02:58.688937,367
,342
,318
,348
,351
,332
,343
,373
,358
,321
,338
,368
,327
,312
2026 06 19 18:02:58.755008,360
,362
,333
,332
,366
,356
,320
,335
,363
,342
,318
,349
,369
,337
2026 06 19 18:02:58.815255,328
,363
,359
,330
,338
,368
,346
,318
,338
,369
,339
,328
,370
,363
2026 06 19 18:02:58.881883,322
,335
,377
,354
,317
,354
,378
,342
,319
,363
,364
,328
,321
,355
2026 06 19 18:02:58.943032,354
,332
,342
,372
,349
,314
,336
,355
,330
,318
,353
,364
,325
,331
2026 06 19 18:02:59.004793,369
,349
,318
,341
,358
,352
,336
,371
,371
,332
,324
,371
,363
,326
2026 06 19 18:02:59.070063,346
,368
,343
,333
,369
,370
,334
,318
,358
,347
,314
,347
,377
,354
2026 06 19 18:02:59.131573,322
,352
,368
,342
,325
,364
,363
,329
,339
,375
,355
,316
,344
,365
2026 06 19 18:02:59.196807,342
,320
,358
,361
,328
,326
,365
,352
,322
,346
,373
,350
,322
,356
2026 06 19 18:02:59.257987,370
,337
,327
,361
,347
,318
,338
,369
,356
,325
,353
,366
,337
,321
2026 06 19 18:02:59.319713,363
,372
,330
,326
,364
,357
,324
,349
,369
,348
,329
,366
,373
,339
2026 06 19 18:02:59.385497,341
,379
,363
,328
,342
,373
,357
,332
,360
,357
,333
,329
,367
,356
2026 06 19 18:02:59.446920,321
,351
,379
,358
,335
,369
,380
,342
,336
,377
,371
,327
,340
,377
2026 06 19 18:02:59.512703,357
,325
,352
,374
,351
,336
,380
,374
,342
,343
,384
,370
,342
,363
2026 06 19 18:02:59.574042,384
,354
,329
,359
,362
,331
,333
,382
,366
,323
,352
,387
,364
,332
2026 06 19 18:02:59.635187,353
,363
,326
,334
,379
,372
,334
,338
,369
,350
,324
,346
,366
,341
2026 06 19 18:02:59.701215,329
,367
,366
,335
,334
,368
,351
,316
,339
,366
,343
,319
,350
,352
2026 06 19 18:02:59.764644,319
,314
,355
,347
,312
,327
,365
,345
,316
,345
,364
,341
,328
,373
2026 06 19 18:02:59.831169,363
,324
,335
,368
,349
,328
,352
,369
,336
,315
,360
,361
,328
,333
2026 06 19 18:02:59.889517,370
,355
,322
,340
,367
,342
,323
,358
,365
,323
,316
,359
,359
,328
2026 06 19 18:02:59.950729,336
,371
,348
,318
,353
,364
,339
,331
,370
,363
,333
,341
,368
,351
2026 06 19 18:03:00.015084,320
,349
,372
,340
,324
,357
,354
,316
,336
,380
,366
,327
,350
,377
2026 06 19 18:03:00.077459,353
,325
,361
,364
,326
,325
,369
,364
,323
,333
,388
,376
,338
,374
2026 06 19 18:03:00.143367,381
,355
,320
,364
,393
,349
,348
,382
,367
,338
,356
,376
,347
,327
2026 06 19 18:03:00.204923,370
,368
,336
,343
,380
,369
,338
,359
,379
,348
,325
,379
,381
,346
2026 06 19 18:03:00.265590,341
,380
,368
,327
,346
,388
,368
,329
,359
,380
,343
,324
,376
,380
2026 06 19 18:03:00.331699,344
,345
,382
,353
,316
,356
,386
,356
,329
,362
,376
,339
,336
,375
2026 06 19 18:03:00.393241,358
,321
,348
,384
,355
,328
,366
,372
,336
,337
,372
,364
,333
,351
2026 06 19 18:03:00.458675,381
,356
,333
,358
,369
,347
,327
,368
,362
,343
,353
,388
,366
,330
2026 06 19 18:03:00.520457,348
,371
,348
,330
,367
,369
,338
,334
,380
,369
,332
,353
,374
,358
2026 06 19 18:03:00.581803,334
,360
,368
,332
,331
,375
,359
,328
,345
,379
,355
,326
,355
,366
2026 06 19 18:03:00.648043,345
,338
,374
,368
,336
,349
,384
,365
,328
,350
,374
,361
,343
,380
2026 06 19 18:03:00.708612,383
,348
,346
,378
,362
,328
,339
,374
,345
,331
,367
,375
,345
,336
2026 06 19 18:03:00.773579,369
,362
,330
,349
,383
,365
,336
,364
,373
,341
,335
,373
,366
,326
2026 06 19 18:03:00.835332,335
,375
,361
,329
,347
,374
,349
,330
,365
,386
,352
,344
,380
,358
2026 06 19 18:03:00.897995,329
,355
,382
,356
,324
,362
,372
,338
,325
,363
,360
,328
,339
,370
2026 06 19 18:03:00.962618,353
,336
,373
,386
,353
,337
,377
,374
,333
,348
,386
,365
,334
,356
2026 06 19 18:03:01.023548,378
,351
,339
,369
,373
,343
,335
,373
,362
,333
,351
,374
,353
,324
2026 06 19 18:03:01.089395,355
,374
,344
,331
,377
,366
,326
,336
,373
,356
,326
,353
,371
,340
2026 06 19 18:03:01.153244,322
,358
,357
,331
,340
,374
,355
,323
,340
,367
,343
,318
,362
,371
2026 06 19 18:03:01.212813,341
,336
,378
,366
,335
,349
,373
,355
,331
,363
,372
,335
,318
,360
2026 06 19 18:03:01.277476,359
,325
,342
,370
,356
,329
,354
,369
,348
,330
,371
,374
,335
,341
2026 06 19 18:03:01.341552,378
,360
,326
,349
,373
,350
,327
,359
,372
,345
,338
,380
,369
,336
2026 06 19 18:03:01.404368,355
,369
,347
,327
,358
,376
,342
,331
,369
,365
,335
,343
,372
,346
2026 06 19 18:03:01.466440,327
,358
,373
,341
,322
,366
,367
,328
,337
,371
,357
,323
,353
,377
2026 06 19 18:03:01.527255,344
,327
,366
,373
,341
,336
,374
,357
,326
,350
,374
,353
,328
,362
2026 06 19 18:03:01.592868,370
,337
,330
,368
,359
,329
,344
,372
,353
,324
,354
,373
,340
,329
2026 06 19 18:03:01.654488,372
,366
,334
,336
,368
,355
,325
,350
,363
,334
,330
,358
,374
,341
2026 06 19 18:03:01.720273,332
,374
,365
,329
,341
,379
,350
,324
,358
,368
,333
,327
,365
,363
2026 06 19 18:03:01.781593,325
,333
,361
,351
,324
,347
,359
,343
,329
,367
,366
,331
,341
,371
2026 06 19 18:03:01.843327,353
,329
,354
,370
,352
,335
,368
,372
,333
,330
,374
,364
,327
,346
2026 06 19 18:03:01.908779,373
,352
,323
,354
,375
,342
,330
,369
,357
,323
,348
,378
,352
,319
2026 06 19 18:03:01.970897,356
,378
,342
,316
,362
,368
,332
,336
,379
,360
,327
,355
,371
,349
2026 06 19 18:03:02.035700,325
,356
,367
,333
,327
,369
,358
,321
,336
,373
,353
,317
,358
,374
2026 06 19 18:03:02.096972,342
,325
,372
,366
,322
,339
,380
,360
,326
,353
,370
,341
,328
,364
2026 06 19 18:03:02.157921,367
,334
,333
,373
,358
,325
,346
,374
,343
,315
,348
,361
,341
,335
2026 06 19 18:03:02.223192,369
,361
,325
,340
,373
,352
,327
,358
,370
,335
,331
,373
,375
,340
2026 06 19 18:03:02.285072,345
,377
,354
,317
,340
,370
,360
,338
,376
,371
,336
,336
,372
,355
2026 06 19 18:03:02.351819,324
,346
,363
,346
,326
,368
,375
,338
,337
,367
,337
,311
,339
,380
2026 06 19 18:03:02.412538,355
,320
,360
,370
,332
,321
,362
,352
,321
,329
,357
,345
,331
,359
2026 06 19 18:03:02.473775,376
,343
,321
,353
,354
,317
,336
,374
,353
,324
,345
,377
,355
,325
2026 06 19 18:03:02.539218,364
,383
,345
,342
,380
,362
,331
,352
,380
,348
,317
,356
,371
,344
2026 06 19 18:03:02.600274,341
,377
,372
,338
,347
,379
,360
,331
,360
,375
,341
,324
,359
,366
2026 06 19 18:03:02.666714,331
,335
,375
,355
,316
,350
,377
,346
,320
,351
,354
,321
,340
,375
2026 06 19 18:03:02.727758,366
,332
,347
,384
,348
,322
,363
,371
,335
,321
,357
,343
,316
,334
2026 06 19 18:03:02.788646,368
,338
,310
,349
,361
,335
,323
,360
,358
,328
,333
,362
,347
,316
2026 06 19 18:03:02.855093,338
,366
,340
,319
,349
,358
,330
,325
,355
,346
,321
,336
,360
,331
2026 06 19 18:03:02.915810,310
,350
,362
,332
,320
,352
,358
,325
,331
,363
,347
,327
,347
,367
2026 06 19 18:03:02.976872,340
,321
,352
,354
,322
,318
,356
,342
,302
,329
,361
,343
,316
,347
2026 06 19 18:03:03.043204,367
,334
,326
,374
,365
,323
,337
,370
,345
,318
,347
,357
,323
,305
2026 06 19 18:03:03.103958,353
,351
,312
,323
,353
,334
,316
,339
,358
,335
,316
,354
,353
,320
2026 06 19 18:03:03.170247,319
,358
,351
,312
,323
,350
,326
,314
,352
,359
,329
,325
,363
,347
2026 06 19 18:03:03.231592,314
,325
,363
,345
,317
,348
,362
,325
,318
,358
,342
,302
,333
,372
2026 06 19 18:03:03.292331,355
,320
,347
,360
,337
,325
,362
,363
,333
,338
,368
,353
,323
,346
2026 06 19 18:03:03.358532,371
,345
,313
,347
,374
,348
,333
,363
,350
,308
,336
,379
,353
,322
2026 06 19 18:03:03.420890,357
,368
,338
,324
,360
,353
,325
,327
,359
,357
,329
,361
,382
,348
2026 06 19 18:03:03.485744,330
,365
,362
,346
,344
,381
,363
,329
,351
,378
,354
,324
,357
,366
2026 06 19 18:03:03.547564,334
,332
,374
,354
,330
,352
,382
,356
,336
,360
,371
,330
,329
,371
2026 06 19 18:03:03.607519,360
,328
,343
,377
,353
,328
,354
,375
,348
,330
,365
,369
,333
,334
2026 06 19 18:03:03.673638,362
,347
,314
,353
,389
,363
,333
,377
,392
,354
,339
,371
,361
,329
2026 06 19 18:03:03.735424,346
,378
,351
,320
,358
,374
,337
,321
,357
,356
,320
,317
,369
,355
2026 06 19 18:03:03.801536,329
,361
,383
,355
,336
,369
,370
,333
,337
,378
,360
,323
,343
,371
2026 06 19 18:03:03.862514,343
,318
,354
,367
,335
,333
,374
,352
,320
,339
,374
,356
,329
,361
2026 06 19 18:03:03.923737,371
,331
,325
,367
,361
,327
,336
,370
,354
,321
,347
,373
,342
,320
2026 06 19 18:03:03.989310,362
,359
,338
,346
,373
,358
,338
,353
,385
,363
,338
,372
,381
,343
2026 06 19 18:03:04.050447,331
,376
,362
,326
,349
,384
,357
,326
,365
,373
,331
,334
,377
,371
2026 06 19 18:03:04.115346,342
,351
,383
,370
,343
,366
,382
,354
,338
,371
,379
,341
,341
,382
2026 06 19 18:03:04.177539,361
,328
,347
,379
,360
,331
,370
,380
,351
,333
,371
,373
,334
,344
2026 06 19 18:03:04.238940,384
,361
,328
,354
,373
,356
,337
,364
,359
,335
,347
,377
,359
,327
2026 06 19 18:03:04.304844,353
,369
,335
,319
,362
,366
,344
,342
,375
,356
,316
,340
,374
,345
2026 06 19 18:03:04.365851,329
,362
,369
,339
,334
,367
,358
,325
,351
,381
,359
,334
,362
,375
2026 06 19 18:03:04.431387,339
,330
,364
,352
,326
,340
,372
,358
,328
,353
,377
,350
,326
,362
2026 06 19 18:03:04.492587,374
,337
,336
,376
,352
,320
,341
,364
,342
,320
,359
,365
,336
,328
2026 06 19 18:03:04.554559,366
,353
,333
,348
,377
,355
,325
,355
,371
,339
,314
,348
,356
,334
2026 06 19 18:03:04.620184,340
,371
,341
,318
,354
,373
,346
,328
,366
,365
,327
,330
,366
,354
2026 06 19 18:03:04.681360,327
,346
,381
,350
,320
,360
,369
,337
,329
,371
,355
,320
,330
,366
2026 06 19 18:03:04.747368,352
,324
,349
,368
,334
,320
,354
,365
,340
,347
,376
,357
,334
,359
2026 06 19 18:03:04.807874,374
,336
,316
,364
,360
,329
,339
,372
,364
,331
,349
,374
,345
,323
2026 06 19 18:03:04.869683,362
,375
,344
,334
,371
,367
,329
,342
,383
,356
,326
,354
,368
,339
2026 06 19 18:03:04.935560,330
,376
,375
,342
,341
,376
,360
,327
,356
,372
,339
,321
,358
,363
2026 06 19 18:03:04.997097,329
,334
,372
,360
,318
,352
,385
,361
,332
,363
,378
,344
,336
,375
2026 06 19 18:03:05.062551,364
,329
,341
,378
,353
,325
,358
,372
,342
,325
,364
,363
,344
,356
2026 06 19 18:03:05.123879,383
,365
,329
,351
,375
,352
,332
,363
,381
,341
,340
,374
,357
,318
2026 06 19 18:03:05.186762,341
,372
,345
,323
,363
,370
,334
,337
,378
,365
,324
,343
,378
,358
2026 06 19 18:03:05.250872,322
,349
,372
,338
,314
,356
,359
,328
,335
,371
,357
,327
,351
,374
2026 06 19 18:03:05.312179,346
,321
,357
,363
,329
,323
,370
,361
,321
,336
,367
,350
,322
,355
2026 06 19 18:03:05.377557,368
,337
,327
,379
,362
,330
,346
,380
,350
,317
,358
,378
,343
,322
2026 06 19 18:03:05.438663,359
,360
,330
,332
,372
,357
,327
,346
,375
,347
,316
,349
,359
,331
2026 06 19 18:03:05.500928,332
,365
,350
,320
,340
,368
,337
,317
,350
,360
,332
,320
,352
,363
2026 06 19 18:03:05.565844,329
,334
,372
,352
,320
,352
,378
,343
,319
,360
,364
,333
,328
,365
2026 06 19 18:03:05.627479,357
,323
,349
,378
,354
,328
,368
,375
,333
,321
,366
,363
,335
,350
2026 06 19 18:03:05.692448,375
,351
,318
,348
,362
,331
,313
,353
,360
,335
,344
,369
,348
,320
2026 06 19 18:03:05.754561,355
,381
,351
,330
,361
,370
,340
,340
,374
,356
,323
,350
,373
,344
2026 06 19 18:03:05.816885,313
,364
,375
,341
,333
,370
,362
,329
,338
,365
,341
,319
,349
,363
2026 06 19 18:03:05.881430,336
,319
,356
,352
,320
,323
,345
,339
,319
,345
,362
,334
,307
,342
2026 06 19 18:03:05.942642,351
,324
,321
,359
,354
,312
,332
,359
,332
,305
,329
,346
,307
,316
2026 06 19 18:03:06.007392,376
,348
,324
,349
,377
,354
,318
,338
,350
,340
,327
,368
,349
,318
2026 06 19 18:03:06.070051,339
,370
,341
,311
,362
,379
,346
,327
,364
,356
,319
,336
,369
,348
2026 06 19 18:03:06.131908,319
,353
,378
,337
,319
,354
,377
,344
,343
,374
,360
,321
,325
,353
2026 06 19 18:03:06.197134,352
,327
,354
,369
,342
,334
,371
,356
,307
,328
,375
,346
,316
,331
2026 06 19 18:03:06.258771,353
,334
,305
,336
,356
,328
,328
,363
,343
,313
,334
,357
,332
,308
2026 06 19 18:03:06.323514,343
,348
,327
,320
,355
,345
,308
,320
,354
,335
,324
,346
,355
,345
2026 06 19 18:03:06.385367,338
,364
,368
,335
,333
,368
,341
,316
,343
,347
,337
,319
,372
,384
2026 06 19 18:03:06.446592,345
,345
,371
,349
,317
,362
,387
,347
,326
,364
,368
,335
,325
,361
2026 06 19 18:03:06.512984,356
,320
,323
,360
,351
,319
,360
,374
,336
,316
,345
,345
,316
,324
2026 06 19 18:03:06.573485,364
,349
,307
,336
,357
,315
,298
,339
,352
,326
,327
,350
,328
,316
2026 06 19 18:03:06.639259,337
,362
,341
,321
,355
,363
,316
,301
,362
,365
,335
,340
,371
,342
2026 06 19 18:03:06.700859,321
,348
,365
,336
,316
,361
,346
,324
,343
,362
,326
,325
,376
,392
2026 06 19 18:03:06.762441,355
,329
,365
,364
,331
,325
,372
,360
,327
,337
,364
,337
,322
,356
2026 06 19 18:03:06.827724,369
,334
,316
,356
,361
,331
,344
,371
,343
,326
,359
,369
,331
,311
2026 06 19 18:03:06.889012,354
,353
,322
,322
,359
,340
,317
,340
,368
,361
,339
,376
,380
,340
2026 06 19 18:03:06.950595,340
,374
,366
,328
,347
,370
,337
,325
,362
,380
,339
,328
,369
,371
2026 06 19 18:03:07.015777,339
,346
,400
,372
,336
,365
,387
,354
,336
,371
,362
,327
,332
,378
2026 06 19 18:03:07.077251,369
,329
,338
,356
,359
,340
,367
,370
,336
,333
,366
,355
,326
,343
2026 06 19 18:03:07.142971,371
,342
,321
,357
,358
,336
,324
,340
,348
,319
,348
,377
,353
,327
2026 06 19 18:03:07.204569,349
,369
,346
,332
,369
,366
,330
,337
,376
,360
,330
,348
,354
,331
2026 06 19 18:03:07.265759,321
,361
,383
,339
,320
,370
,371
,339
,346
,374
,358
,329
,361
,370
2026 06 19 18:03:07.331752,333
,323
,355
,346
,335
,345
,373
,343
,313
,356
,389
,348
,330
,371
2026 06 19 18:03:07.392853,370
,341
,343
,376
,356
,332
,350
,373
,343
,317
,354
,361
,348
,344
2026 06 19 18:03:07.457939,371
,354
,323
,349
,373
,359
,329
,354
,371
,352
,332
,367
,365
,333
2026 06 19 18:03:07.520192,342
,372
,358
,325
,351
,366
,348
,326
,360
,364
,332
,338
,375
,356
2026 06 19 18:03:07.580928,320
,338
,362
,354
,327
,362
,370
,339
,333
,373
,358
,319
,338
,377
2026 06 19 18:03:07.647087,354
,319
,353
,379
,340
,320
,353
,346
,329
,355
,376
,355
,326
,354
2026 06 19 18:03:07.708065,368
,338
,329
,365
,365
,335
,334
,364
,343
,314
,350
,366
,337
,317
2026 06 19 18:03:07.774661,347
,372
,342
,330
,368
,360
,311
,334
,369
,352
,321
,348
,367
,330
2026 06 19 18:03:07.835578,320
,353
,344
,323
,332
,358
,339
,310
,353
,377
,335
,311
,367
,371
2026 06 19 18:03:07.896576,330
,334
,365
,339
,317
,344
,362
,340
,327
,354
,363
,336
,324
,352
2026 06 19 18:03:07.962422,351
,324
,345
,375
,351
,324
,357
,358
,327
,332
,365
,354
,326
,334
2026 06 19 18:03:08.024267,368
,343
,314
,342
,350
,328
,316
,357
,359
,333
,328
,361
,342
,311
2026 06 19 18:03:08.089810,346
,378
,343
,308
,364
,365
,331
,330
,364
,353
,317
,334
,367
,334
2026 06 19 18:03:08.150537,303
,343
,375
,338
,319
,354
,351
,328
,347
,367
,336
,319
,347
,363
2026 06 19 18:03:08.211832,335
,315
,358
,361
,330
,331
,359
,344
,315
,341
,368
,350
,321
,352
2026 06 19 18:03:08.277784,366
,336
,332
,369
,359
,325
,335
,352
,346
,330
,352
,354
,349
,344
2026 06 19 18:03:08.340133,372
,367
,328
,341
,367
,348
,321
,346
,359
,326
,305
,355
,353
,326
2026 06 19 18:03:08.404696,322
,379
,357
,307
,317
,362
,332
,309
,344
,357
,320
,317
,359
,352
2026 06 19 18:03:08.466405,323
,336
,363
,335
,307
,342
,350
,330
,326
,369
,358
,319
,335
,361
2026 06 19 18:03:08.528075,347
,325
,351
,369
,326
,299
,346
,373
,336
,326
,353
,356
,321
,343
2026 06 19 18:03:08.592836,358
,339
,333
,366
,371
,332
,327
,360
,357
,324
,328
,351
,349
,339
2026 06 19 18:03:08.654703,358
,355
,327
,338
,371
,363
,329
,337
,367
,349
,324
,349
,365
,334
2026 06 19 18:03:08.720104,332
,374
,371
,326
,324
,368
,353
,317
,339
,363
,340
,326
,362
,362
2026 06 19 18:03:08.781222,328
,329
,374
,362
,327
,332
,373
,375
,350
,369
,377
,351
,334
,376
2026 06 19 18:03:08.841881,368
,335
,343
,379
,359
,324
,349
,376
,347
,335
,367
,374
,349
,336
2026 06 19 18:03:08.908971,377
,359
,332
,363
,387
,362
,334
,369
,374
,337
,332
,375
,375
,337
2026 06 19 18:03:08.970011,351
,384
,359
,331
,365
,372
,343
,349
,386
,372
,330
,353
,385
,367
2026 06 19 18:03:09.035356,337
,361
,380
,354
,331
,368
,373
,340
,334
,367
,354
,317
,332
,371
2026 06 19 18:03:09.097076,335
,309
,353
,351
,320
,316
,346
,343
,315
,323
,345
,333
,310
,332
2026 06 19 18:03:09.159904,347
,322
,303
,345
,337
,303
,318
,349
,336
,309
,329
,348
,328
,306
2026 06 19 18:03:09.223512,342
,345
,318
,306
,345
,345
,321
,336
,361
,337
,306
,335
,351
,324
2026 06 19 18:03:09.285918,320
,357
,342
,314
,327
,358
,342
,311
,344
,370
,334
,313
,359
,352
2026 06 19 18:03:09.350954,321
,324
,350
,348
,320
,350
,366
,339
,310
,349
,359
,331
,325
,358
2026 06 19 18:03:09.412649,342
,323
,338
,367
,338
,310
,343
,356
,316
,300
,347
,343
,324
,330
2026 06 19 18:03:09.473517,365
,343
,312
,336
,349
,327
,315
,344
,341
,322
,329
,364
,352
,312
2026 06 19 18:03:09.538920,335
,361
,338
,331
,364
,360
,329
,337
,367
,359
,333
,343
,374
,349
2026 06 19 18:03:09.600316,319
,341
,358
,327
,322
,358
,357
,330
,332
,366
,354
,324
,351
,368
2026 06 19 18:03:09.665280,349
,340
,377
,372
,345
,346
,377
,352
,330
,352
,367
,346
,332
,373
2026 06 19 18:03:09.727533,373
,349
,341
,364
,361
,337
,359
,389
,360
,343
,368
,381
,350
,336
2026 06 19 18:03:09.788627,376
,367
,333
,340
,377
,362
,324
,348
,383
,355
,346
,374
,377
,343
2026 06 19 18:03:09.854787,346
,381
,367
,334
,357
,379
,361
,337
,371
,381
,349
,336
,375
,363
2026 06 19 18:03:09.916294,326
,341
,374
,349
,335
,364
,370
,338
,320
,357
,368
,346
,351
,383
2026 06 19 18:03:09.982086,363
,335
,360
,375
,349
,336
,369
,369
,334
,338
,371
,359
,326
,351
2026 06 19 18:03:10.042413,375
,346
,337
,367
,366
,348
,345
,384
,372
,339
,359
,388
,364
,338
2026 06 19 18:03:10.104104,369
,379
,348
,332
,370
,369
,342
,353
,391
,370
,342
,358
,375
,345
2026 06 19 18:03:10.170042,341
,386
,380
,338
,338
,385
,375
,343
,365
,384
,355
,333
,370
,380
2026 06 19 18:03:10.231712,346
,341
,373
,362
,334
,351
,385
,363
,331
,358
,368
,332
,344
,383
2026 06 19 18:03:10.296736,375
,345
,353
,385
,369
,352
,371
,382
,353
,338
,377
,380
,343
,339
2026 06 19 18:03:10.358240,371
,361
,340
,354
,381
,357
,326
,355
,379
,354
,348
,377
,359
,335
2026 06 19 18:03:10.420985,358
,383
,358
,333
,361
,376
,349
,336
,371
,363
,323
,323
,382
,361
2026 06 19 18:03:10.485189,333
,354
,362
,340
,343
,374
,384
,349
,346
,379
,363
,332
,350
,372
2026 06 19 18:03:10.547065,346
,328
,365
,368
,337
,332
,372
,362
,334
,346
,371
,350
,318
,353
2026 06 19 18:03:10.612179,366
,337
,326
,368
,368
,334
,333
,371
,359
,332
,354
,369
,346
,329
2026 06 19 18:03:10.673986,365
,362
,325
,330
,364
,352
,322
,337
,363
,336
,312
,352
,373
,349
2026 06 19 18:03:10.735483,343
,370
,364
,331
,335
,365
,349
,327
,359
,369
,346
,332
,368
,360
2026 06 19 18:03:10.800941,326
,332
,356
,341
,316
,344
,366
,339
,318
,343
,353
,333
,332
,373
2026 06 19 18:03:10.862522,358
,326
,345
,375
,347
,312
,342
,367
,341
,336
,374
,362
,332
,349
2026 06 19 18:03:10.927572,369
,354
,332
,362
,377
,345
,329
,363
,368
,335
,342
,377
,362
,334
2026 06 19 18:03:10.991772,357
,381
,347
,324
,369
,364
,348
,353
,384
,375
,338
,352
,375
,352
2026 06 19 18:03:11.050606,329
,358
,365
,340
,342
,383
,373
,345
,357
,382
,364
,335
,363
,379
2026 06 19 18:03:11.115960,343
,340
,376
,373
,332
,339
,377
,356
,326
,357
,376
,359
,336
,367
2026 06 19 18:03:11.177761,378
,341
,336
,381
,364
,331
,364
,389
,356
,327
,352
,361
,332
,330
2026 06 19 18:03:11.238606,371
,362
,332
,339
,365
,348
,321
,351
,368
,349
,335
,360
,364
,327
2026 06 19 18:03:11.304177,328
,371
,351
,323
,347
,375
,348
,329
,363
,367
,336
,335
,367
,356
2026 06 19 18:03:11.365378,325
,347
,371
,348
,323
,356
,369
,336
,327
,362
,349
,313
,332
,388
2026 06 19 18:03:11.430898,363
,330
,349
,370
,346
,342
,382
,369
,341
,338
,365
,350
,322
,343
2026 06 19 18:03:11.495750,368
,352
,329
,362
,361
,324
,323
,368
,357
,333
,349
,368
,351
,320
2026 06 19 18:03:11.555050,350
,366
,340
,331
,369
,366
,335
,335
,371
,360
,329
,352
,376
,345
2026 06 19 18:03:11.618812,338
,373
,369
,339
,342
,368
,349
,322
,344
,369
,334
,318
,373
,367
2026 06 19 18:03:11.682730,333
,342
,378
,369
,337
,351
,374
,352
,327
,357
,369
,342
,335
,375
2026 06 19 18:03:11.752400,356
,319
,345
,374
,370
,340
,367
,376
,345
,332
,368
,364
,332
,338
2026 06 19 18:03:11.807901,373
,356
,331
,359
,385
,356
,331
,368
,375
,351
,349
,380
,363
,339
2026 06 19 18:03:11.869144,355
,374
,349
,336
,367
,372
,350
,340
,374
,364
,339
,348
,379
,352
2026 06 19 18:03:11.934703,320
,367
,380
,354
,331
,362
,361
,332
,335
,357
,356
,330
,358
,380
2026 06 19 18:03:11.997590,356
,329
,358
,369
,334
,340
,371
,356
,325
,339
,366
,342
,321
,350
2026 06 19 18:03:12.062482,356
,346
,339
,368
,360
,324
,335
,373
,355
,325
,341
,366
,351
,336
2026 06 19 18:03:12.123146,366
,367
,329
,331
,368
,350
,320
,359
,378
,347
,320
,349
,361
,336
2026 06 19 18:03:12.184619,334
,375
,364
,339
,349
,377
,356
,327
,352
,361
,339
,331
,364
,368
2026 06 19 18:03:12.249826,334
,343
,373
,356
,330
,349
,369
,346
,329
,365
,366
,333
,324
,356
2026 06 19 18:03:12.311779,352
,327
,359
,378
,349
,327
,358
,368
,335
,331
,366
,357
,327
,339
2026 06 19 18:03:12.377361,363
,344
,317
,351
,362
,336
,324
,360
,357
,323
,330
,362
,345
,318
2026 06 19 18:03:12.438806,334
,345
,330
,330
,358
,348
,330
,343
,380
,357
,329
,349
,372
,351
2026 06 19 18:03:12.503484,330
,357
,366
,345
,340
,371
,357
,321
,340
,368
,356
,328
,362
,372
2026 06 19 18:03:12.564896,351
,339
,372
,365
,338
,342
,368
,355
,337
,362
,375
,343
,333
,367
2026 06 19 18:03:12.626831,368
,332
,332
,367
,356
,333
,356
,377
,354
,326
,353
,363
,343
,340
2026 06 19 18:03:12.692382,380
,359
,323
,345
,379
,358
,329
,358
,375
,349
,328
,370
,368
,335
2026 06 19 18:03:12.754223,337
,377
,360
,334
,360
,372
,345
,336
,364
,361
,330
,338
,367
,355
2026 06 19 18:03:12.815450,326
,350
,372
,345
,335
,368
,366
,338
,329
,361
,354
,326
,346
,374
2026 06 19 18:03:12.881190,350
,323
,356
,372
,342
,334
,376
,362
,329
,335
,376
,361
,332
,357
2026 06 19 18:03:12.942739,376
,350
,331
,368
,363
,335
,339
,370
,349
,323
,342
,368
,350
,325
2026 06 19 18:03:13.007730,364
,360
,342
,343
,381
,357
,326
,352
,376
,357
,328
,355
,368
,335
2026 06 19 18:03:13.069775,312
,366
,359
,333
,344
,366
,346
,334
,361
,378
,345
,333
,368
,365
2026 06 19 18:03:13.131065,327
,328
,364
,354
,319
,342
,372
,341
,320
,349
,350
,317
,318
,368
2026 06 19 18:03:13.196930,355
,326
,341
,375
,350
,318
,348
,363
,338
,326
,367
,357
,325
,331
2026 06 19 18:03:13.257842,367
,344
,322
,351
,374
,340
,321
,358
,353
,324
,328
,364
,341
,314
2026 06 19 18:03:13.323639,338
,369
,350
,330
,358
,364
,336
,331
,370
,361
,327
,349
,375
,356
2026 06 19 18:03:13.385362,327
,351
,378
,349
,333
,370
,373
,337
,344
,380
,356
,322
,349
,363
2026 06 19 18:03:13.446557,342
,325
,365
,373
,338
,345
,383
,362
,335
,360
,381
,358
,336
,365
2026 06 19 18:03:13.511415,372
,345
,336
,365
,353
,327
,349
,369
,341
,329
,363
,376
,344
,327
2026 06 19 18:03:13.574834,364
,358
,323
,337
,379
,360
,330
,358
,374
,342
,324
,360
,362
,327
2026 06 19 18:03:13.638907,337
,369
,344
,319
,340
,376
,345
,320
,357
,361
,334
,339
,376
,360
2026 06 19 18:03:13.700730,326
,337
,360
,350
,329
,348
,361
,339
,329
,367
,356
,330
,346
,381
2026 06 19 18:03:13.761702,360
,325
,350
,373
,342
,322
,362
,367
,336
,338
,372
,348
,329
,352
2026 06 19 18:03:13.826556,363
,342
,325
,362
,370
,346
,341
,374
,356
,321
,340
,366
,338
,331
2026 06 19 18:03:13.888923,357
,369
,348
,331
,375
,364
,326
,335
,371
,349
,311
,329
,360
,338
2026 06 19 18:03:13.954053,313
,357
,358
,319
,317
,361
,344
,311
,338
,355
,328
,324
,357
,357
2026 06 19 18:03:14.015804,330
,335
,368
,351
,314
,339
,367
,337
,303
,334
,352
,337
,320
,357
2026 06 19 18:03:14.078215,346
,307
,333
,369
,342
,309
,334
,375
,346
,326
,362
,360
,327
,323
2026 06 19 18:03:14.143189,357
,349
,324
,348
,376
,351
,321
,348
,358
,330
,334
,370
,348
,319
2026 06 19 18:03:14.204576,341
,367
,344
,318
,349
,364
,328
,308
,357
,364
,329
,322
,368
,363
2026 06 19 18:03:14.270269,327
,351
,370
,338
,321
,352
,351
,321
,327
,369
,348
,312
,335
,362
2026 06 19 18:03:14.331503,339
,316
,347
,352
,315
,314
,356
,343
,311
,333
,361
,343
,314
,344
2026 06 19 18:03:14.392850,361
,331
,316
,353
,352
,319
,333
,365
,339
,308
,330
,348
,326
,311
2026 06 19 18:03:14.457350,343
,350
,318
,321
,365
,346
,315
,343
,373
,342
,317
,355
,360
,323
2026 06 19 18:03:14.519968,317
,365
,356
,325
,346
,368
,340
,312
,332
,352
,344
,323
,358
,359
2026 06 19 18:03:14.585966,323
,338
,375
,354
,321
,346
,367
,336
,320
,351
,356
,320
,322
,368
2026 06 19 18:03:14.646951,355
,320
,341
,377
,344
,322
,363
,371
,340
,334
,362
,356
,330
,349
2026 06 19 18:03:14.707417,371
,343
,314
,348
,369
,341
,324
,358
,350
,324
,336
,372
,348
,322
2026 06 19 18:03:14.773916,349
,369
,351
,331
,363
,368
,334
,333
,368
,342
,310
,341
,371
,341
2026 06 19 18:03:14.834764,322
,359
,356
,330
,335
,369
,355
,321
,332
,359
,338
,318
,360
,365
2026 06 19 18:03:14.900067,334
,319
,362
,359
,325
,339
,375
,356
,322
,343
,361
,340
,329
,365
2026 06 19 18:03:14.961592,364
,331
,335
,370
,351
,322
,344
,344
,334
,340
,372
,376
,354
,346
2026 06 19 18:03:15.023566,376
,364
,328
,352
,379
,355
,333
,358
,368
,332
,324
,361
,359
,328
2026 06 19 18:03:15.089097,338
,372
,353
,320
,355
,371
,343
,328
,365
,374
,332
,333
,378
,358
2026 06 19 18:03:15.150469,329
,354
,383
,358
,335
,368
,374
,339
,337
,372
,363
,340
,357
,384
2026 06 19 18:03:15.211270,364
,335
,361
,369
,349
,344
,379
,373
,343
,350
,386
,365
,338
,365
2026 06 19 18:03:15.277787,386
,363
,344
,385
,387
,357
,354
,380
,367
,343
,363
,393
,363
,342
2026 06 19 18:03:15.339922,374
,376
,342
,341
,372
,355
,328
,343
,382
,355
,326
,355
,373
,351
2026 06 19 18:03:15.405402,337
,383
,377
,349
,357
,383
,371
,347
,371
,385
,352
,340
,375
,374
2026 06 19 18:03:15.466534,343
,343
,374
,361
,331
,356
,381
,352
,325
,369
,377
,351
,339
,368
2026 06 19 18:03:15.526913,343
,327
,369
,398
,371
,338
,359
,374
,347
,335
,370
,359
,332
,342
2026 06 19 18:03:15.592559,374
,357
,328
,354
,374
,354
,335
,369
,372
,337
,348
,382
,360
,329
2026 06 19 18:03:15.655647,352
,374
,343
,327
,371
,374
,336
,343
,386
,369
,331
,343
,380
,359
2026 06 19 18:03:15.720325,330
,359
,365
,347
,342
,374
,364
,337
,338
,358
,347
,333
,359
,374
2026 06 19 18:03:15.780810,347
,329
,367
,371
,340
,330
,370
,353
,322
,345
,360
,339
,329
,362
2026 06 19 18:03:15.842883,367
,338
,331
,364
,354
,327
,348
,373
,345
,318
,353
,371
,343
,334
2026 06 19 18:03:15.908189,369
,359
,332
,341
,368
,348
,319
,341
,358
,354
,332
,366
,357
,332
2026 06 19 18:03:15.969347,343
,379
,365
,330
,349
,374
,352
,334
,364
,367
,339
,339
,372
,366
2026 06 19 18:03:16.035314,341
,352
,377
,356
,324
,350
,379
,354
,330
,368
,375
,343
,354
,379
2026 06 19 18:03:16.096655,355
,325
,350
,371
,348
,328
,366
,363
,325
,323
,365
,356
,330
,353
2026 06 19 18:03:16.157157,380
,347
,329
,362
,369
,332
,330
,370
,356
,335
,345
,368
,347
,324
2026 06 19 18:03:16.223901,353
,377
,345
,333
,364
,369
,340
,343
,373
,355
,321
,343
,372
,358
2026 06 19 18:03:16.285082,336
,366
,362
,335
,337
,373
,354
,334
,351
,366
,342
,324
,360
,364
2026 06 19 18:03:16.350586,342
,326
,348
,364
,334
,348
,377
,343
,321
,354
,366
,335
,330
,367
2026 06 19 18:03:16.411015,366
,326
,332
,363
,358
,331
,348
,361
,343
,323
,366
,363
,335
,343
2026 06 19 18:03:16.473631,372
,350
,326
,352
,368
,353
,333
,361
,364
,336
,334
,370
,358
,333
2026 06 19 18:03:16.538983,343
,370
,350
,323
,359
,364
,326
,324
,368
,359
,330
,337
,365
,352
2026 06 19 18:03:16.599976,325
,349
,365
,340
,326
,361
,371
,345
,340
,367
,355
,327
,338
,364
2026 06 19 18:03:16.665422,344
,327
,365
,367
,338
,331
,375
,363
,335
,360
,379
,357
,333
,354
2026 06 19 18:03:16.726965,369
,345
,335
,370
,362
,332
,347
,374
,354
,338
,362
,372
,346
,338
2026 06 19 18:03:16.788815,374
,371
,343
,343
,373
,354
,323
,337
,360
,351
,329
,360
,372
,344
2026 06 19 18:03:16.854009,334
,368
,353
,328
,346
,364
,344
,317
,361
,372
,342
,326
,355
,350
2026 06 19 18:03:16.915443,330
,338
,364
,350
,323
,356
,377
,343
,322
,365
,369
,341
,340
,367
2026 06 19 18:03:16.981064,345
,321
,344
,364
,346
,327
,355
,363
,333
,333
,371
,359
,329
,336
2026 06 19 18:03:17.042440,365
,356
,336
,355
,368
,344
,333
,367
,357
,334
,346
,367
,336
,327
2026 06 19 18:03:17.104895,362
,374
,351
,327
,359
,364
,332
,337
,368
,357
,326
,343
,365
,345
2026 06 19 18:03:17.169556,320
,355
,367
,341
,335
,369
,361
,330
,334
,363
,357
,333
,364
,374
2026 06 19 18:03:17.231001,342
,331
,371
,360
,330
,334
,361
,347
,323
,347
,362
,339
,321
,357
2026 06 19 18:03:17.296581,360
,334
,341
,373
,353
,323
,339
,361
,344
,327
,356
,354
,319
,326
2026 06 19 18:03:17.357996,363
,354
,325
,336
,362
,343
,320
,352
,368
,342
,329
,363
,364
,330
2026 06 19 18:03:17.420836,340
,376
,359
,325
,355
,370
,341
,323
,362
,356
,334
,338
,373
,361
2026 06 19 18:03:17.486519,330
,344
,368
,351
,332
,361
,360
,328
,333
,372
,360
,330
,345
,374
2026 06 19 18:03:17.546769,350
,322
,358
,367
,328
,319
,361
,359
,328
,328
,359
,345
,318
,340
2026 06 19 18:03:17.612146,355
,335
,322
,353
,347
,328
,336
,364
,358
,330
,355
,374
,349
,328
2026 06 19 18:03:17.673269,361
,364
,332
,323
,358
,355
,332
,339
,360
,347
,334
,361
,369
,344
2026 06 19 18:03:17.734880,337
,370
,367
,340
,343
,372
,353
,320
,342
,370
,346
,327
,357
,364
2026 06 19 18:03:17.799881,337
,345
,372
,358
,342
,361
,386
,364
,342
,369
,371
,336
,321
,359
2026 06 19 18:03:17.863243,352
,321
,333
,362
,346
,320
,348
,363
,332
,323
,362
,359
,329
,331
2026 06 19 18:03:17.927538,368
,352
,323
,346
,363
,340
,325
,356
,342
,334
,338
,364
,362
,329
2026 06 19 18:03:17.990653,338
,361
,349
,327
,356
,365
,336
,326
,357
,349
,317
,331
,363
,349
2026 06 19 18:03:18.050011,326
,346
,358
,340
,327
,358
,340
,329
,350
,375
,355
,332
,354
,363
2026 06 19 18:03:18.115293,337
,325
,352
,353
,329
,331
,366
,347
,326
,351
,368
,343
,321
,356
2026 06 19 18:03:18.177477,361
,338
,334
,372
,357
,330
,336
,361
,344
,320
,354
,363
,335
,328
2026 06 19 18:03:18.242332,367
,352
,323
,333
,366
,343
,317
,347
,355
,334
,322
,348
,358
,330
2026 06 19 18:03:18.303326,331
,361
,352
,324
,341
,363
,339
,317
,356
,359
,332
,326
,355
,347
2026 06 19 18:03:18.365614,319
,331
,367
,347
,311
,346
,373
,346
,326
,359
,363
,329
,330
,364
2026 06 19 18:03:18.430529,344
,320
,337
,356
,332
,314
,343
,349
,326
,327
,359
,354
,323
,336
2026 06 19 18:03:18.492468,365
,348
,324
,352
,360
,347
,341
,375
,364
,337
,344
,368
,350
,329
2026 06 19 18:03:18.557723,353
,367
,345
,328
,356
,350
,329
,339
,375
,361
,333
,345
,375
,358
2026 06 19 18:03:18.619880,332
,357
,357
,325
,342
,372
,358
,332
,347
,366
,350
,326
,356
,369
2026 06 19 18:03:18.680634,335
,327
,361
,351
,321
,337
,370
,347
,319
,352
,365
,341
,328
,360
2026 06 19 18:03:18.746452,353
,327
,339
,365
,345
,318
,341
,358
,342
,324
,357
,354
,333
,343
2026 06 19 18:03:18.807644,374
,350
,326
,347
,365
,344
,326
,362
,369
,341
,335
,361
,354
,324
2026 06 19 18:03:18.869003,338
,369
,351
,324
,349
,361
,339
,331
,375
,369
,333
,335
,373
,359
2026 06 19 18:03:18.934887,332
,355
,371
,351
,326
,360
,360
,338
,341
,376
,358
,334
,343
,360
2026 06 19 18:03:18.996949,349
,330
,351
,356
,336
,332
,364
,349
,320
,332
,358
,344
,326
,352
2026 06 19 18:03:19.061892,365
,340
,326
,366
,366
,339
,342
,368
,355
,332
,340
,360
,343
,326
2026 06 19 18:03:19.122989,355
,360
,337
,338
,370
,353
,330
,359
,375
,354
,330
,358
,373
,353
2026 06 19 18:03:19.184926,344
,376
,363
,333
,327
,365
,373
,348
,367
,385
,360
,341
,368
,363
2026 06 19 18:03:19.249968,351
,354
,379
,351
,322
,347
,386
,364
,343
,370
,368
,350
,349
,377
2026 06 19 18:03:19.311556,369
,342
,352
,374
,362
,336
,370
,378
,343
,332
,376
,370
,335
,343
2026 06 19 18:03:19.377685,378
,353
,326
,354
,367
,336
,316
,365
,373
,341
,340
,372
,347
,320
2026 06 19 18:03:19.441116,356
,384
,359
,338
,378
,377
,346
,345
,376
,362
,329
,346
,364
,349
2026 06 19 18:03:19.500148,326
,351
,356
,325
,313
,347
,344
,318
,327
,358
,351
,328
,350
,371
2026 06 19 18:03:19.565994,344
,327
,358
,355
,330
,331
,370
,352
,324
,344
,360
,336
,312
,348
2026 06 19 18:03:19.627320,347
,327
,324
,356
,350
,323
,343
,370
,355
,331
,365
,375
,351
,343
2026 06 19 18:03:19.692620,369
,351
,331
,349
,368
,343
,330
,365
,374
,350
,334
,365
,359
,337
2026 06 19 18:03:19.753633,343
,372
,358
,329
,348
,361
,335
,318
,367
,372
,350
,348
,374
,363
2026 06 19 18:03:19.815393,328
,351
,369
,351
,332
,359
,363
,338
,339
,371
,358
,330
,340
,362
2026 06 19 18:03:19.881406,349
,332
,356
,381
,348
,339
,370
,364
,340
,345
,384
,364
,336
,364
2026 06 19 18:03:19.942822,379
,347
,330
,355
,362
,344
,344
,372
,355
,329
,355
,375
,354
,332
2026 06 19 18:03:20.008353,358
,371
,351
,339
,372
,368
,339
,347
,374
,352
,336
,358
,373
,357
2026 06 19 18:03:20.071495,340
,360
,367
,344
,349
,374
,357
,347
,365
,376
,353
,331
,362
,375
2026 06 19 18:03:20.131058,351
,345
,373
,361
,336
,352
,376
,348
,334
,367
,375
,333
,336
,380
2026 06 19 18:03:20.196688,364
,333
,335
,379
,363
,335
,360
,375
,349
,334
,364
,366
,337
,330
2026 06 19 18:03:20.257808,353
,352
,338
,356
,370
,356
,332
,371
,371
,337
,333
,366
,346
,320
2026 06 19 18:03:20.323676,344
,370
,349
,324
,353
,365
,331
,328
,361
,346
,332
,350
,380
,357
2026 06 19 18:03:20.384843,325
,346
,370
,345
,327
,366
,357
,330
,334
,360
,350
,316
,333
,370
2026 06 19 18:03:20.446649,355
,330
,359
,357
,336
,335
,365
,352
,320
,329
,358
,343
,322
,349
2026 06 19 18:03:20.512136,360
,336
,318
,353
,352
,329
,346
,376
,358
,328
,352
,362
,336
,318
2026 06 19 18:03:20.573042,354
,356
,340
,342
,372
,350
,326
,348
,366
,346
,324
,351
,357
,336
2026 06 19 18:03:20.638838,332
,366
,358
,326
,338
,362
,353
,327
,360
,374
,347
,331
,361
,360
2026 06 19 18:03:20.699795,332
,334
,371
,364
,346
,360
,375
,352
,330
,351
,346
,330
,335
,360
2026 06 19 18:03:20.761924,349
,315
,341
,357
,342
,338
,366
,372
,350
,348
,376
,361
,330
,340
2026 06 19 18:03:20.827164,362
,344
,320
,351
,361
,336
,324
,363
,357
,333
,347
,380
,365
,343
2026 06 19 18:03:20.888793,362
,380
,350
,334
,375
,373
,342
,344
,379
,346
,325
,340
,359
,341
2026 06 19 18:03:20.954365,342
,371
,374
,340
,334
,372
,363
,331
,345
,372
,346
,327
,352
,366
2026 06 19 18:03:21.015946,345
,336
,364
,360
,327
,340
,377
,356
,323
,340
,370
,357
,341
,371
2026 06 19 18:03:21.076596,372
,338
,349
,384
,356
,320
,339
,370
,353
,333
,357
,362
,347
,336
2026 06 19 18:03:21.142925,367
,356
,338
,362
,385
,355
,331
,353
,367
,341
,325
,356
,355
,324
2026 06 19 18:03:21.204385,339
,379
,360
,331
,356
,372
,337
,323
,359
,363
,346
,341
,367
,352
2026 06 19 18:03:21.269735,329
,351
,375
,351
,329
,364
,370
,348
,336
,370
,355
,325
,347
,370
2026 06 19 18:03:21.331385,351
,331
,363
,362
,330
,323
,366
,366
,334
,340
,364
,347
,324
,348
2026 06 19 18:03:21.392690,367
,346
,329
,355
,349
,324
,340
,379
,357
,330
,352
,375
,350
,324
2026 06 19 18:03:21.458045,340
,355
,344
,341
,379
,362
,333
,351
,369
,342
,332
,368
,377
,355
2026 06 19 18:03:21.519666,339
,372
,373
,343
,348
,379
,357
,326
,355
,368
,342
,341
,371
,362
2026 06 19 18:03:21.584556,337
,340
,378
,362
,329
,357
,375
,350
,333
,366
,367
,344
,339
,369
2026 06 19 18:03:21.646605,365
,332
,348
,373
,351
,326
,346
,367
,336
,323
,352
,366
,340
,339
2026 06 19 18:03:21.707965,372
,353
,328
,354
,370
,345
,330
,359
,363
,332
,333
,373
,366
,336
2026 06 19 18:03:21.773645,355
,381
,350
,324
,358
,367
,334
,326
,366
,355
,332
,348
,370
,350
2026 06 19 18:03:21.835196,331
,355
,369
,344
,333
,365
,360
,339
,339
,371
,358
,322
,348
,380
2026 06 19 18:03:21.900799,346
,319
,351
,361
,340
,349
,380
,362
,331
,347
,367
,338
,323
,359
2026 06 19 18:03:21.964387,363
,334
,321
,359
,352
,321
,338
,377
,355
,329
,356
,371
,349
,330
2026 06 19 18:03:22.023700,365
,354
,325
,326
,376
,368
,331
,349
,372
,355
,338
,364
,364
,338
2026 06 19 18:03:22.089253,338
,368
,357
,330
,347
,380
,357
,326
,357
,367
,341
,326
,368
,360
2026 06 19 18:03:22.150825,329
,339
,370
,357
,341
,362
,373
,340
,334
,383
,374
,338
,338
,365
2026 06 19 18:03:22.215277,361
,338
,354
,374
,343
,312
,362
,388
,344
,324
,367
,376
,345
,364
2026 06 19 18:03:22.277779,385
,361
,332
,361
,374
,346
,339
,371
,360
,329
,343
,366
,343
,333
2026 06 19 18:03:22.339060,362
,371
,340
,322
,358
,364
,345
,339
,361
,353
,341
,357
,368
,340
2026 06 19 18:03:22.404332,322
,367
,368
,331
,334
,367
,356
,330
,344
,371
,345
,319
,347
,364
2026 06 19 18:03:22.465583,336
,322
,363
,362
,333
,338
,366
,345
,316
,339
,356
,347
,330
,357
2026 06 19 18:03:22.527070,355
,342
,340
,363
,353
,330
,350
,370
,352
,327
,351
,352
,342
,339
2026 06 19 18:03:22.592686,368
,359
,323
,340
,358
,337
,319
,358
,369
,350
,333
,373
,368
,340
2026 06 19 18:03:22.654279,351
,372
,358
,337
,365
,375
,339
,327
,373
,359
,335
,341
,366
,349
2026 06 19 18:03:22.718804,323
,354
,372
,342
,325
,367
,365
,340
,335
,364
,363
,335
,339
,369
2026 06 19 18:03:22.781317,344
,328
,351
,358
,342
,336
,371
,362
,327
,334
,374
,356
,327
,344
2026 06 19 18:03:22.842065,368
,345
,333
,366
,359
,328
,329
,368
,341
,317
,350
,372
,344
,313
2026 06 19 18:03:22.907512,355
,366
,339
,330
,358
,355
,330
,344
,368
,350
,324
,357
,367
,338
2026 06 19 18:03:22.969109,336
,368
,360
,336
,342
,359
,349
,329
,345
,351
,323
,311
,358
,365
2026 06 19 18:03:23.034797,336
,341
,370
,348
,317
,342
,372
,351
,332
,367
,366
,331
,328
,364
2026 06 19 18:03:23.096689,351
,315
,336
,371
,350
,334
,358
,361
,331
,321
,356
,353
,322
,337
2026 06 19 18:03:23.157788,367
,346
,313
,333
,366
,346
,328
,359
,357
,324
,330
,361
,346
,316
2026 06 19 18:03:23.223110,336
,354
,336
,328
,357
,360
,340
,323
,356
,363
,329
,345
,364
,350
2026 06 19 18:03:23.285041,325
,344
,357
,331
,327
,365
,356
,327
,343
,367
,342
,323
,342
,349
2026 06 19 18:03:23.350784,338
,329
,365
,368
,333
,329
,362
,343
,315
,336
,359
,348
,320
,355
2026 06 19 18:03:23.412051,370
,340
,334
,356
,352
,327
,339
,358
,343
,320
,346
,351
,327
,315
2026 06 19 18:03:23.472672,357
,350
,319
,337
,368
,340
,329
,353
,367
,342
,331
,365
,357
,326
2026 06 19 18:03:23.539648,336
,365
,347
,314
,336
,368
,345
,323
,351
,365
,336
,331
,366
,366
2026 06 19 18:03:23.599826,336
,348
,376
,352
,322
,350
,367
,328
,318
,368
,360
,328
,331
,366
2026 06 19 18:03:23.665168,352
,331
,348
,363
,337
,324
,358
,361
,336
,339
,363
,348
,325
,356
2026 06 19 18:03:23.726557,375
,348
,325
,359
,362
,326
,325
,364
,358
,325
,343
,373
,347
,323
2026 06 19 18:03:23.788919,353
,364
,335
,324
,353
,351
,330
,334
,367
,349
,326
,346
,350
,342
2026 06 19 18:03:23.856747,326
,358
,368
,335
,337
,370
,353
,326
,344
,367
,342
,320
,356
,369
2026 06 19 18:03:23.915297,334
,332
,365
,351
,331
,346
,371
,351
,328
,359
,376
,348
,332
,366
2026 06 19 18:03:23.981242,360
,336
,345
,372
,355
,335
,355
,368
,342
,324
,362
,364
,342
,341
2026 06 19 18:03:24.042507,382
,365
,334
,348
,371
,353
,338
,366
,382
,351
,336
,369
,355
,327
2026 06 19 18:03:24.107734,345
,368
,358
,337
,363
,376
,344
,323
,369
,368
,330
,332
,380
,364
2026 06 19 18:03:24.169934,329
,355
,372
,347
,334
,360
,359
,336
,335
,364
,344
,322
,340
,369
2026 06 19 18:03:24.231031,337
,320
,367
,377
,332
,324
,356
,350
,325
,340
,364
,340
,322
,354
2026 06 19 18:03:24.296675,366
,339
,328
,366
,361
,340
,337
,368
,360
,335
,353
,369
,347
,327
2026 06 19 18:03:24.358009,362
,375
,347
,344
,374
,354
,323
,333
,374
,355
,330
,367
,374
,344
2026 06 19 18:03:24.418988,331
,368
,365
,336
,343
,373
,352
,327
,352
,359
,348
,329
,370
,378
2026 06 19 18:03:24.485114,344
,353
,381
,360
,340
,363
,376
,352
,332
,361
,365
,333
,329
,373
2026 06 19 18:03:24.545910,357
,326
,348
,372
,356
,337
,370
,375
,349
,330
,370
,366
,331
,336
2026 06 19 18:03:24.612094,366
,361
,335
,359
,375
,349
,335
,370
,372
,341
,338
,364
,355
,328
2026 06 19 18:03:24.672384,351
,374
,351
,335
,366
,375
,349
,335
,363
,361
,336
,351
,377
,348
2026 06 19 18:03:24.736597,337
,369
,374
,347
,330
,373
,364
,329
,343
,364
,345
,326
,351
,364
2026 06 19 18:03:24.799772,347
,326
,365
,364
,326
,333
,367
,353
,324
,339
,361
,350
,334
,364
2026 06 19 18:03:24.861677,366
,334
,328
,367
,361
,330
,342
,371
,362
,340
,360
,368
,346
,332
2026 06 19 18:03:24.927370,367
,366
,335
,338
,368
,346
,316
,352
,364
,338
,327
,365
,357
,328
2026 06 19 18:03:24.988608,330
,368
,353
,325
,344
,358
,332
,326
,365
,366
,338
,328
,361
,353
2026 06 19 18:03:25.051627,322
,336
,364
,339
,308
,351
,371
,345
,330
,360
,353
,326
,331
,354
2026 06 19 18:03:25.118902,326
,316
,354
,365
,332
,317
,360
,360
,313
,322
,368
,346
,315
,340
2026 06 19 18:03:25.176624,362
,337
,318
,352
,361
,338
,329
,363
,356
,319
,344
,375
,352
,329
2026 06 19 18:03:25.242853,355
,364
,336
,327
,364
,355
,325
,330
,359
,342
,315
,347
,371
,346
2026 06 19 18:03:25.303353,333
,372
,369
,336
,337
,371
,357
,327
,338
,364
,347
,328
,359
,356
2026 06 19 18:03:25.369782,319
,319
,357
,346
,320
,336
,372
,351
,325
,348
,360
,331
,325
,359
2026 06 19 18:03:25.431174,354
,320
,332
,374
,358
,326
,344
,355
,331
,329
,359
,356
,333
,334
2026 06 19 18:03:25.492270,355
,345
,329
,357
,377
,352
,333
,364
,371
,347
,335
,372
,361
,333
2026 06 19 18:03:25.557905,350
,374
,356
,329
,358
,374
,349
,336
,364
,360
,327
,337
,368
,352
2026 06 19 18:03:25.619011,323
,346
,370
,339
,334
,369
,362
,333
,342
,371
,352
,339
,356
,368
2026 06 19 18:03:25.681675,354
,331
,366
,364
,332
,338
,374
,359
,329
,349
,374
,353
,334
,362
2026 06 19 18:03:25.746768,367
,331
,322
,363
,359
,324
,332
,367
,355
,330
,356
,370
,347
,331
2026 06 19 18:03:25.807889,365
,370
,338
,337
,367
,353
,330
,344
,362
,343
,332
,359
,365
,341
2026 06 19 18:03:25.873041,331
,360
,353
,328
,353
,389
,364
,334
,354
,367
,338
,327
,365
,354
2026 06 19 18:03:25.934841,328
,343
,369
,358
,327
,351
,371
,340
,315
,361
,367
,336
,330
,357
2026 06 19 18:03:25.995812,351
,316
,343
,377
,356
,322
,349
,373
,335
,325
,363
,356
,329
,339
2026 06 19 18:03:26.061942,368
,356
,325
,357
,373
,347
,338
,363
,361
,333
,331
,372
,355
,322
2026 06 19 18:03:26.122566,354
,366
,343
,334
,353
,373
,343
,334
,370
,352
,322
,338
,369
,346
2026 06 19 18:03:26.188851,328
,364
,368
,338
,333
,362
,360
,326
,338
,375
,354
,327
,356
,367
2026 06 19 18:03:26.249949,341
,327
,353
,359
,341
,339
,368
,353
,328
,345
,364
,345
,325
,363
2026 06 19 18:03:26.311604,367
,336
,331
,366
,359
,332
,341
,364
,351
,328
,350
,367
,349
,340
2026 06 19 18:03:26.377706,373
,358
,322
,335
,370
,353
,327
,351
,370
,332
,319
,361
,347
,328
2026 06 19 18:03:26.439571,336
,374
,356
,314
,334
,358
,350
,325
,361
,371
,343
,335
,366
,360
2026 06 19 18:03:26.499710,330
,346
,377
,355
,330
,358
,356
,325
,346
,372
,356
,325
,332
,360
2026 06 19 18:03:26.565845,352
,327
,356
,372
,340
,321
,365
,364
,333
,344
,379
,365
,343
,354
2026 06 19 18:03:26.626603,372
,351
,333
,368
,375
,338
,337
,383
,368
,338
,349
,369
,347
,322
2026 06 19 18:03:26.692688,349
,358
,334
,324
,360
,360
,332
,334
,361
,347
,320
,336
,366
,358
2026 06 19 18:03:26.757213,336
,366
,359
,325
,332
,373
,357
,331
,348
,367
,346
,322
,360
,367
2026 06 19 18:03:26.815167,332
,324
,369
,364
,331
,345
,373
,357
,335
,361
,367
,341
,332
,375
2026 06 19 18:03:26.880889,359
,331
,337
,376
,361
,336
,360
,380
,348
,335
,372
,371
,338
,339
2026 06 19 18:03:26.942604,377
,367
,335
,346
,367
,360
,340
,368
,373
,343
,340
,362
,345
,326
2026 06 19 18:03:27.007787,357
,380
,352
,326
,355
,363
,334
,316
,351
,357
,332
,336
,369
,357
2026 06 19 18:03:27.068810,330
,351
,364
,341
,325
,355
,355
,324
,330
,354
,364
,330
,349
,377
2026 06 19 18:03:27.130711,359
,333
,361
,380
,358
,350
,383
,378
,344
,354
,381
,361
,334
,360
2026 06 19 18:03:27.196890,376
,350
,335
,358
,361
,348
,347
,372
,358
,331
,357
,378
,347
,333
2026 06 19 18:03:27.257347,375
,375
,342
,343
,376
,362
,332
,356
,368
,346
,327
,355
,371
,339
2026 06 19 18:03:27.323304,338
,372
,357
,328
,345
,382
,361
,331
,370
,378
,345
,336
,370
,362
2026 06 19 18:03:27.384987,332
,338
,372
,354
,324
,353
,371
,354
,337
,367
,367
,334
,334
,366
2026 06 19 18:03:27.445621,357
,335
,347
,364
,348
,328
,360
,362
,337
,332
,369
,363
,339
,354
2026 06 19 18:03:27.511938,378
,352
,325
,353
,369
,348
,342
,371
,371
,337
,339
,370
,356
,327
2026 06 19 18:03:27.573018,355
,371
,345
,339
,374
,370
,351
,351
,379
,363
,336
,348
,374
,354
2026 06 19 18:03:27.638928,320
,364
,381
,345
,340
,378
,364
,327
,359
,383
,352
,336
,370
,377
2026 06 19 18:03:27.700880,339
,334
,380
,374
,341
,346
,375
,363
,327
,358
,375
,343
,329
,360
2026 06 19 18:03:27.762311,366
,346
,348
,375
,361
,332
,353
,381
,355
,336
,374
,376
,345
,330
2026 06 19 18:03:27.827314,366
,363
,340
,347
,361
,355
,338
,356
,371
,340
,328
,358
,355
,327
2026 06 19 18:03:27.888513,347
,382
,357
,326
,349
,372
,345
,332
,364
,362
,344
,340
,373
,355
2026 06 19 18:03:27.954219,335
,353
,371
,350
,327
,355
,363
,333
,328
,367
,359
,327
,341
,371
2026 06 19 18:03:28.016680,356
,324
,344
,361
,344
,328
,372
,377
,341
,346
,374
,356
,322
,337
2026 06 19 18:03:28.077134,361
,354
,339
,365
,364
,339
,337
,369
,366
,340
,349
,371
,352
,335
2026 06 19 18:03:28.142817,361
,371
,343
,335
,367
,364
,333
,341
,374
,358
,321
,356
,367
,345
2026 06 19 18:03:28.204333,330
,364
,367
,336
,333
,367
,366
,340
,354
,372
,349
,324
,362
,366
2026 06 19 18:03:28.269604,331
,334
,371
,356
,323
,340
,370
,351
,330
,355
,368
,353
,342
,367
2026 06 19 18:03:28.330423,351
,329
,334
,373
,349
,332
,353
,363
,337
,325
,362
,353
,328
,340
2026 06 19 18:03:28.392099,373
,351
,330
,346
,360
,340
,333
,362
,357
,325
,325
,358
,347
,325
2026 06 19 18:03:28.457216,345
,377
,351
,333
,369
,372
,328
,327
,374
,366
,328
,337
,362
,336
2026 06 19 18:03:28.518928,308
,355
,373
,343
,325
,360
,360
,330
,338
,369
,347
,322
,359
,375
2026 06 19 18:03:28.585050,348
,329
,359
,365
,323
,324
,368
,356
,324
,334
,348
,335
,319
,348
2026 06 19 18:03:28.646650,361
,333
,323
,357
,353
,327
,339
,367
,351
,330
,349
,365
,341
,321
2026 06 19 18:03:28.708024,355
,373
,337
,335
,371
,349
,324
,352
,374
,355
,332
,353
,364
,348
2026 06 19 18:03:28.773812,339
,379
,359
,324
,343
,364
,350
,329
,360
,360
,339
,331
,360
,379
2026 06 19 18:03:28.834925,341
,342
,372
,352
,323
,337
,357
,341
,326
,360
,356
,323
,326
,362
2026 06 19 18:03:28.900110,351
,324
,347
,370
,347
,326
,353
,356
,329
,320
,358
,353
,323
,350
2026 06 19 18:03:28.961955,370
,344
,329
,356
,365
,332
,329
,371
,362
,330
,337
,367
,347
,322
2026 06 19 18:03:29.022850,346
,366
,341
,321
,343
,344
,340
,333
,367
,355
,311
,334
,378
,362
2026 06 19 18:03:29.088867,337
,363
,374
,342
,342
,376
,363
,334
,345
,372
,352
,325
,354
,371
2026 06 19 18:03:29.150839,343
,331
,364
,355
,326
,346
,380
,345
,326
,363
,379
,353
,334
,371
2026 06 19 18:03:29.215710,370
,344
,342
,379
,365
,339
,361
,385
,358
,327
,368
,373
,347
,341
2026 06 19 18:03:29.276732,389
,380
,344
,353
,380
,361
,341
,370
,375
,347
,341
,381
,378
,352
2026 06 19 18:03:29.338979,348
,382
,361
,334
,359
,379
,349
,328
,360
,355
,342
,339
,374
,370
2026 06 19 18:03:29.404182,348
,358
,382
,365
,335
,355
,369
,349
,340
,372
,372
,339
,348
,368
2026 06 19 18:03:29.465239,351
,327
,350
,370
,354
,342
,374
,368
,335
,344
,370
,354
,333
,352
2026 06 19 18:03:29.531083,373
,349
,334
,366
,364
,333
,328
,370
,364
,335
,351
,380
,355
,331
2026 06 19 18:03:29.592626,362
,370
,341
,331
,370
,360
,335
,351
,371
,346
,316
,341
,358
,327
2026 06 19 18:03:29.653271,336
,370
,362
,331
,337
,369
,348
,317
,348
,365
,342
,332
,363
,358
2026 06 19 18:03:29.719631,323
,320
,353
,343
,326
,343
,375
,349
,326
,353
,359
,333
,323
,355
2026 06 19 18:03:29.781169,364
,334
,343
,376
,356
,325
,347
,360
,334
,321
,354
,351
,319
,328
2026 06 19 18:03:29.846621,372
,355
,327
,347
,366
,345
,320
,363
,365
,343
,333
,376
,365
,327
2026 06 19 18:03:29.908963,352
,376
,357
,330
,357
,369
,345
,338
,370
,355
,333
,343
,366
,348
2026 06 19 18:03:29.969331,328
,347
,368
,355
,333
,366
,358
,329
,338
,366
,355
,327
,348
,368
2026 06 19 18:03:30.035057,346
,326
,356
,360
,338
,333
,365
,354
,319
,343
,368
,349
,326
,351
2026 06 19 18:03:30.095826,365
,343
,335
,371
,357
,323
,331
,373
,354
,325
,353
,370
,345
,330
2026 06 19 18:03:30.161174,362
,361
,342
,339
,361
,351
,325
,353
,376
,361
,334
,360
,375
,351
2026 06 19 18:03:30.223107,345
,373
,359
,320
,343
,382
,354
,318
,344
,368
,342
,341
,377
,365
2026 06 19 18:03:30.284108,335
,339
,373
,361
,332
,355
,367
,340
,325
,360
,357
,334
,348
,367
2026 06 19 18:03:30.350279,355
,329
,358
,375
,347
,326
,355
,363
,333
,328
,361
,352
,324
,347
2026 06 19 18:03:30.413593,376
,352
,333
,361
,370
,333
,332
,366
,351
,324
,335
,368
,353
,333
2026 06 19 18:03:30.477439,349
,366
,343
,330
,366
,367
,335
,333
,370
,364
,335
,352
,366
,342
2026 06 19 18:03:30.537500,332
,360
,366
,347
,338
,377
,359
,330
,346
,368
,341
,324
,354
,374
2026 06 19 18:03:30.600268,347
,335
,371
,367
,340
,345
,373
,352
,329
,362
,373
,347
,331
,363
2026 06 19 18:03:30.665749,362
,347
,342
,378
,360
,333
,352
,373
,358
,336
,363
,367
,345
,340
2026 06 19 18:03:30.729093,369
,358
,334
,353
,375
,357
,332
,359
,381
,352
,334
,389
,380
,339
2026 06 19 18:03:30.788675,350
,378
,357
,326
,352
,372
,346
,333
,362
,364
,341
,341
,370
,348
2026 06 19 18:03:30.853679,324
,351
,382
,355
,332
,368
,380
,353
,338
,374
,362
,331
,345
,379
2026 06 19 18:03:30.914790,353
,330
,352
,369
,346
,338
,372
,371
,348
,348
,379
,379
,348
,365
2026 06 19 18:03:30.981067,386
,357
,339
,374
,373
,341
,339
,374
,356
,322
,346
,375
,354
,331
2026 06 19 18:03:31.044063,360
,364
,336
,333
,371
,361
,333
,345
,377
,358
,331
,356
,374
,346
2026 06 19 18:03:31.103921,329
,360
,347
,308
,317
,367
,371
,341
,354
,373
,351
,334
,365
,366
2026 06 19 18:03:31.169525,335
,337
,366
,358
,336
,349
,367
,340
,326
,358
,368
,346
,337
,369
2026 06 19 18:03:31.232028,350
,329
,348
,379
,356
,324
,351
,371
,346
,332
,367
,360
,330
,335
2026 06 19 18:03:31.296758,369
,352
,325
,349
,360
,340
,331
,370
,362
,338
,344
,375
,354
,325
2026 06 19 18:03:31.357912,352
,369
,348
,319
,354
,369
,339
,331
,371
,365
,330
,333
,372
,359
2026 06 19 18:03:31.418686,330
,353
,368
,337
,320
,351
,349
,327
,338
,364
,350
,318
,352
,375
2026 06 19 18:03:31.484939,348
,333
,360
,361
,343
,335
,362
,347
,324
,345
,367
,340
,314
,357
2026 06 19 18:03:31.545104,354
,339
,328
,358
,356
,330
,344
,372
,352
,317
,342
,369
,342
,325
2026 06 19 18:03:31.611846,366
,359
,327
,325
,360
,351
,316
,333
,357
,344
,326
,362
,365
,334
2026 06 19 18:03:31.672963,329
,368
,361
,332
,348
,368
,345
,329
,350
,350
,329
,319
,351
,351
2026 06 19 18:03:31.734789,328
,343
,375
,353
,325
,355
,363
,342
,325
,358
,358
,324
,331
,362
2026 06 19 18:03:31.799766,340
,314
,343
,361
,328
,308
,349
,346
,326
,329
,366
,352
,318
,342
2026 06 19 18:03:31.861228,370
,338
,316
,355
,374
,343
,330
,361
,350
,329
,343
,371
,343
,320
2026 06 19 18:03:31.926903,358
,360
,341
,343
,371
,363
,332
,337
,372
,358
,323
,350
,370
,343
2026 06 19 18:03:31.987535,322
,352
,358
,335
,339
,374
,349
,330
,349
,374
,339
,333
,365
,367
2026 06 19 18:03:32.049902,336
,331
,370
,362
,336
,351
,380
,350
,329
,363
,385
,354
,337
,368
2026 06 19 18:03:32.115728,360
,332
,345
,377
,359
,331
,350
,372
,349
,333
,378
,376
,343
,340
2026 06 19 18:03:32.177020,371
,355
,331
,350
,376
,354
,331
,356
,365
,342
,336
,374
,370
,340
2026 06 19 18:03:32.242360,347
,378
,368
,337
,362
,378
,354
,338
,372
,368
,351
,358
,384
,363
2026 06 19 18:03:32.303816,343
,366
,385
,357
,332
,369
,384
,357
,346
,381
,369
,334
,347
,365
2026 06 19 18:03:32.365184,352
,331
,370
,377
,339
,333
,365
,361
,345
,356
,387
,371
,336
,361
2026 06 19 18:03:32.430742,378
,358
,343
,374
,364
,332
,346
,375
,352
,321
,341
,372
,350
,330
2026 06 19 18:03:32.492267,368
,371
,344
,329
,363
,359
,333
,345
,371
,363
,336
,363
,372
,342
2026 06 19 18:03:32.557853,335
,361
,357
,335
,351
,379
,364
,337
,363
,382
,355
,338
,370
,357
2026 06 19 18:03:32.619499,324
,348
,377
,351
,330
,359
,375
,352
,332
,363
,361
,337
,334
,367
2026 06 19 18:03:32.679790,358
,328
,345
,369
,342
,315
,360
,368
,339
,325
,355
,356
,327
,346
2026 06 19 18:03:32.745697,382
,364
,332
,360
,376
,355
,340
,374
,368
,339
,342
,372
,355
,322
2026 06 19 18:03:32.807248,347
,372
,353
,333
,368
,371
,343
,337
,367
,356
,326
,350
,373
,356
2026 06 19 18:03:32.873237,327
,367
,385
,352
,338
,377
,365
,340
,356
,384
,358
,327
,346
,373
2026 06 19 18:03:32.935694,354
,339
,368
,365
,336
,337
,372
,352
,325
,346
,373
,350
,330
,364
2026 06 19 18:03:32.995588,372
,343
,331
,365
,357
,324
,335
,366
,351
,322
,348
,359
,333
,326
2026 06 19 18:03:33.061462,363
,356
,325
,336
,368
,353
,323
,347
,363
,342
,322
,357
,350
,321
2026 06 19 18:03:33.122426,338
,372
,350
,318
,345
,366
,341
,316
,343
,365
,341
,330
,361
,351
2026 06 19 18:03:33.187797,318
,340
,365
,346
,325
,353
,359
,339
,333
,369
,358
,317
,336
,357
2026 06 19 18:03:33.250618,331
,329
,352
,364
,340
,322
,350
,350
,327
,330
,359
,351
,322
,343
2026 06 19 18:03:33.311316,357
,338
,319
,352
,363
,334
,328
,362
,358
,325
,334
,366
,353
,332
2026 06 19 18:03:33.376980,359
,366
,340
,327
,369
,354
,322
,330
,365
,342
,318
,349
,365
,338
2026 06 19 18:03:33.437503,318
,353
,354
,316
,326
,356
,354
,328
,343
,374
,355
,334
,358
,382
2026 06 19 18:03:33.503401,360
,343
,369
,367
,337
,355
,380
,350
,323
,353
,368
,346
,326
,358
2026 06 19 18:03:33.565685,350
,332
,347
,378
,355
,326
,347
,370
,355
,321
,360
,382
,350
,348
2026 06 19 18:03:33.626966,375
,356
,334
,352
,368
,335
,321
,367
,374
,343
,337
,375
,363
,326
2026 06 19 18:03:33.692678,346
,374
,350
,322
,347
,366
,339
,319
,352
,349
,320
,330
,363
,353
2026 06 19 18:03:33.754316,332
,347
,364
,347
,328
,357
,354
,326
,337
,373
,353
,320
,344
,366
2026 06 19 18:03:33.818774,348
,328
,359
,374
,338
,331
,365
,358
,333
,344
,366
,345
,335
,364
2026 06 19 18:03:33.880447,373
,339
,328
,364
,359
,334
,333
,381
,362
,326
,347
,362
,344
,332
2026 06 19 18:03:33.942483,368
,363
,335
,337
,367
,355
,332
,344
,365
,351
,332
,356
,367
,341
2026 06 19 18:03:34.007627,337
,368
,344
,336
,350
,374
,357
,335
,359
,368
,342
,322
,367
,369
2026 06 19 18:03:34.070098,340
,339
,365
,361
,329
,366
,381
,354
,338
,361
,357
,342
,340
,379
2026 06 19 18:03:34.136622,367
,340
,359
,376
,364
,346
,372
,377
,351
,336
,370
,362
,328
,347
2026 06 19 18:03:34.195798,372
,350
,325
,344
,357
,332
,321
,354
,349
,335
,343
,372
,363
,334
2026 06 19 18:03:34.256948,351
,361
,345
,332
,363
,365
,333
,332
,368
,354
,325
,341
,366
,343
2026 06 19 18:03:34.322717,306
,356
,371
,352
,317
,361
,366
,333
,345
,370
,341
,322
,362
,366
2026 06 19 18:03:34.384005,334
,326
,353
,360
,339
,345
,374
,354
,320
,339
,362
,342
,321
,360
2026 06 19 18:03:34.449893,365
,322
,332
,373
,360
,316
,340
,365
,336
,309
,341
,347
,316
,316
2026 06 19 18:03:34.511117,360
,347
,309
,326
,371
,353
,317
,349
,369
,342
,325
,354
,353
,321
2026 06 19 18:03:34.572475,323
,356
,341
,317
,346
,366
,340
,320
,352
,367
,351
,346
,364
,348
2026 06 19 18:03:34.638898,332
,339
,362
,345
,317
,331
,358
,334
,321
,357
,350
,318
,333
,370
2026 06 19 18:03:34.699063,350
,324
,350
,363
,330
,316
,343
,342
,313
,317
,354
,344
,303
,333
2026 06 19 18:03:34.761614,379
,358
,328
,352
,369
,338
,333
,361
,353
,319
,324
,352
,333
,313
2026 06 19 18:03:34.826563,336
,357
,342
,331
,369
,355
,326
,347
,372
,349
,323
,356
,377
,348
2026 06 19 18:03:34.888359,323
,364
,366
,335
,329
,355
,360
,334
,350
,370
,339
,318
,362
,372
2026 06 19 18:03:34.953938,337
,335
,363
,346
,322
,345
,366
,345
,327
,364
,382
,358
,342
,371
2026 06 19 18:03:35.015765,369
,344
,347
,372
,359
,331
,357
,381
,358
,338
,373
,378
,348
,345
2026 06 19 18:03:35.077009,376
,363
,334
,355
,373
,346
,330
,364
,371
,329
,321
,369
,367
,339
2026 06 19 18:03:35.141960,346
,379
,363
,337
,359
,372
,346
,333
,373
,368
,337
,341
,367
,353
2026 06 19 18:03:35.203594,324
,345
,372
,349
,321
,349
,374
,341
,349
,382
,371
,339
,355
,379
2026 06 19 18:03:35.268593,352
,327
,356
,357
,335
,329
,369
,371
,337
,334
,349
,350
,351
,368
2026 06 19 18:03:35.330963,380
,358
,338
,370
,364
,335
,346
,378
,354
,319
,353
,372
,343
,327
2026 06 19 18:03:35.392267,360
,367
,327
,332
,370
,361
,334
,350
,379
,352
,321
,356
,364
,328
2026 06 19 18:03:35.458943,323
,366
,355
,325
,341
,366
,346
,320
,346
,366
,349
,331
,359
,368
2026 06 19 18:03:35.518822,341
,346
,377
,367
,338
,358
,376
,357
,335
,360
,363
,331
,328
,355
2026 06 19 18:03:35.584160,365
,333
,340
,380
,365
,332
,363
,377
,346
,340
,379
,365
,343
,349
2026 06 19 18:03:35.645296,368
,355
,331
,365
,376
,339
,324
,377
,387
,357
,359
,389
,368
,327
2026 06 19 18:03:35.707637,352
,380
,353
,328
,368
,375
,348
,341
,369
,357
,325
,347
,370
,353
2026 06 19 18:03:35.772831,318
,336
,365
,354
,334
,363
,356
,342
,356
,382
,363
,341
,360
,381
2026 06 19 18:03:35.835045,350
,330
,365
,358
,339
,343
,375
,347
,318
,356
,376
,364
,343
,371
2026 06 19 18:03:35.900083,374
,334
,332
,381
,365
,329
,345
,370
,356
,327
,354
,369
,345
,325
2026 06 19 18:03:35.961756,363
,366
,346
,353
,380
,356
,335
,358
,369
,347
,335
,370
,369
,336
2026 06 19 18:03:36.023051,339
,372
,360
,335
,356
,376
,355
,333
,366
,370
,330
,322
,376
,380
2026 06 19 18:03:36.088683,351
,364
,382
,359
,331
,357
,363
,330
,319
,371
,359
,331
,343
,375
2026 06 19 18:03:36.150001,351
,318
,347
,369
,345
,334
,363
,364
,331
,340
,371
,354
,325
,348
2026 06 19 18:03:36.215520,368
,358
,336
,369
,364
,338
,341
,368
,358
,330
,342
,372
,360
,328
2026 06 19 18:03:36.277158,356
,360
,333
,322
,355
,352
,334
,353
,378
,354
,331
,346
,358
,324
2026 06 19 18:03:36.339387,331
,376
,368
,336
,344
,372
,362
,333
,357
,376
,352
,331
,358
,367
2026 06 19 18:03:36.402734,343
,338
,378
,361
,332
,363
,375
,355
,344
,372
,377
,350
,344
,376
2026 06 19 18:03:36.464425,367
,334
,345
,368
,349
,329
,342
,358
,347
,328
,354
,366
,330
,332
2026 06 19 18:03:36.531159,365
,352
,327
,341
,360
,337
,341
,375
,370
,340
,336
,367
,354
,328
2026 06 19 18:03:36.592515,346
,367
,344
,307
,360
,386
,348
,334
,363
,369
,347
,355
,380
,367
2026 06 19 18:03:36.653183,328
,351
,379
,352
,327
,365
,373
,334
,343
,373
,350
,317
,342
,372
2026 06 19 18:03:36.719084,350
,335
,362
,360
,335
,336
,369
,369
,334
,334
,369
,348
,316
,348
2026 06 19 18:03:36.780440,366
,339
,330
,364
,358
,323
,333
,362
,354
,335
,351
,368
,342
,321
2026 06 19 18:03:36.846816,364
,359
,328
,317
,373
,363
,327
,345
,364
,347
,330
,368
,374
,344
2026 06 19 18:03:36.907698,333
,376
,373
,337
,349
,373
,344
,330
,361
,374
,346
,327
,370
,363
2026 06 19 18:03:36.968655,322
,341
,383
,362
,328
,358
,371
,340
,326
,364
,364
,333
,328
,374
2026 06 19 18:03:37.034492,364
,326
,351
,375
,350
,330
,362
,357
,332
,339
,371
,362
,334
,349
2026 06 19 18:03:37.095912,372
,345
,330
,355
,368
,351
,338
,380
,375
,340
,343
,374
,358
,333
2026 06 19 18:03:37.161666,355
,375
,349
,333
,365
,365
,341
,339
,370
,354
,330
,349
,369
,344
2026 06 19 18:03:37.223335,338
,370
,366
,331
,327
,372
,360
,331
,355
,378
,355
,331
,355
,369
2026 06 19 18:03:37.284582,348
,334
,371
,368
,336
,344
,372
,349
,321
,348
,369
,350
,331
,364
2026 06 19 18:03:37.348964,359
,330
,337
,368
,370
,341
,359
,379
,351
,333
,368
,371
,343
,335
2026 06 19 18:03:37.411372,371
,362
,337
,350
,361
,336
,343
,372
,374
,343
,336
,371
,365
,341
2026 06 19 18:03:37.477475,345
,372
,355
,328
,348
,379
,355
,334
,362
,371
,341
,325
,369
,359
2026 06 19 18:03:37.537131,328
,350
,379
,352
,327
,365
,369
,341
,342
,374
,363
,331
,341
,368
2026 06 19 18:03:37.599861,346
,325
,350
,368
,342
,326
,359
,353
,334
,341
,369
,352
,330
,346
2026 06 19 18:03:37.665145,361
,346
,323
,341
,360
,339
,334
,361
,351
,326
,346
,369
,347
,332
2026 06 19 18:03:37.727036,362
,368
,335
,328
,363
,355
,328
,336
,364
,341
,317
,351
,365
,337
2026 06 19 18:03:37.792018,332
,366
,346
,315
,346
,376
,360
,336
,356
,372
,337
,332
,360
,359
2026 06 19 18:03:37.854015,333
,327
,363
,361
,336
,350
,371
,346
,330
,359
,368
,342
,336
,372
2026 06 19 18:03:37.914611,363
,327
,335
,369
,358
,336
,364
,379
,356
,337
,368
,355
,325
,351
2026 06 19 18:03:37.980768,382
,360
,324
,361
,380
,355
,331
,361
,360
,335
,333
,359
,355
,342
2026 06 19 18:03:38.041668,354
,373
,348
,331
,370
,377
,346
,338
,368
,366
,337
,345
,368
,350
2026 06 19 18:03:38.108640,322
,344
,367
,346
,329
,360
,366
,344
,351
,377
,357
,329
,361
,385
2026 06 19 18:03:38.169349,358
,331
,352
,344
,342
,342
,370
,350
,325
,336
,362
,341
,324
,351
2026 06 19 18:03:38.230281,357
,340
,331
,366
,349
,321
,346
,376
,353
,323
,358
,368
,338
,323
2026 06 19 18:03:38.295759,357
,357
,333
,338
,371
,355
,326
,349
,364
,341
,324
,355
,365
,336
2026 06 19 18:03:38.357960,335
,364
,343
,322
,333
,359
,338
,321
,358
,374
,349
,337
,368
,357
2026 06 19 18:03:38.422525,327
,339
,365
,354
,328
,350
,360
,334
,330
,361
,357
,331
,329
,367
2026 06 19 18:03:38.484437,367
,341
,355
,367
,352
,339
,367
,365
,334
,334
,381
,371
,333
,349
2026 06 19 18:03:38.545219,373
,348
,318
,355
,361
,339
,335
,373
,371
,340
,345
,365
,354
,321
2026 06 19 18:03:38.610891,342
,351
,348
,334
,359
,356
,336
,349
,373
,360
,333
,349
,375
,348
2026 06 19 18:03:38.672342,324
,360
,369
,344
,337
,372
,367
,335
,349
,363
,351
,341
,364
,370
2026 06 19 18:03:38.737225,342
,333
,378
,367
,334
,339
,374
,359
,331
,352
,363
,342
,337
,370
2026 06 19 18:03:38.799114,365
,339
,348
,378
,351
,332
,351
,361
,347
,336
,374
,371
,346
,343
2026 06 19 18:03:38.861626,368
,355
,336
,352
,376
,348
,335
,374
,383
,355
,344
,376
,362
,331
2026 06 19 18:03:38.927599,344
,369
,360
,337
,358
,361
,352
,338
,369
,368
,334
,329
,370
,355
2026 06 19 18:03:38.988730,329
,350
,369
,349
,337
,371
,368
,335
,330
,367
,362
,339
,360
,377
2026 06 19 18:03:39.048741,354
,342
,361
,368
,339
,321
,358
,358
,330
,322
,366
,360
,337
,357
2026 06 19 18:03:39.114994,369
,340
,332
,350
,335
,345
,348
,377
,359
,331
,347
,370
,354
,332
2026 06 19 18:03:39.177194,365
,362
,345
,340
,359
,352
,343
,362
,375
,339
,346
,382
,383
,347
2026 06 19 18:03:39.241757,322
,371
,385
,344
,347
,386
,362
,328
,353
,375
,352
,337
,379
,371
2026 06 19 18:03:39.303862,340
,346
,364
,355
,337
,355
,373
,346
,319
,358
,360
,333
,326
,361
2026 06 19 18:03:39.365277,349
,321
,340
,367
,345
,319
,341
,351
,334
,317
,355
,352
,328
,341
2026 06 19 18:03:39.430912,382
,355
,324
,352
,368
,335
,315
,353
,364
,333
,329
,355
,345
,323
2026 06 19 18:03:39.491921,342
,357
,343
,342
,368
,366
,332
,335
,367
,357
,325
,340
,367
,349
2026 06 19 18:03:39.557712,321
,350
,373
,348
,333
,361
,354
,325
,339
,364
,358
,338
,363
,375
2026 06 19 18:03:39.619289,348
,339
,374
,367
,338
,340
,371
,356
,331
,346
,369
,343
,321
,342
2026 06 19 18:03:39.680826,367
,345
,340
,370
,354
,325
,337
,361
,349
,332
,356
,366
,346
,332
2026 06 19 18:03:39.745180,359
,362
,320
,344
,376
,350
,343
,360
,374
,346
,336
,365
,367
,334
2026 06 19 18:03:39.809700,335
,368
,362
,329
,349
,370
,349
,326
,350
,354
,334
,331
,374
,362
2026 06 19 18:03:39.872483,323
,354
,387
,356
,327
,360
,370
,345
,327
,363
,364
,329
,346
,369
2026 06 19 18:03:39.934743,352
,326
,347
,380
,359
,325
,371
,374
,343
,344
,370
,344
,329
,354
2026 06 19 18:03:39.996930,376
,363
,342
,366
,367
,338
,340
,374
,364
,328
,336
,374
,359
,333
2026 06 19 18:03:40.062624,366
,375
,348
,340
,370
,360
,330
,349
,378
,360
,332
,352
,372
,346
2026 06 19 18:03:40.122622,328
,356
,356
,338
,345
,378
,350
,327
,357
,375
,357
,334
,362
,363
2026 06 19 18:03:40.187235,330
,331
,365
,346
,317
,333
,368
,346
,312
,339
,366
,340
,323
,361
2026 06 19 18:03:40.248796,359
,333
,331
,374
,365
,326
,350
,367
,339
,318
,352
,359
,333
,317
2026 06 19 18:03:40.311458,337
,348
,332
,350
,365
,337
,318
,358
,365
,338
,328
,359
,352
,335
2026 06 19 18:03:40.376945,352
,373
,352
,325
,346
,360
,340
,332
,364
,356
,330
,336
,366
,361
2026 06 19 18:03:40.437703,333
,346
,365
,345
,337
,367
,362
,335
,343
,375
,357
,325
,349
,367
2026 06 19 18:03:40.503219,342
,325
,355
,365
,340
,334
,363
,354
,327
,342
,365
,350
,327
,352
2026 06 19 18:03:40.565674,362
,333
,320
,358
,354
,321
,327
,361
,344
,315
,336
,358
,338
,319
2026 06 19 18:03:40.629071,336
,340
,329
,334
,360
,352
,312
,336
,382
,356
,325
,355
,368
,346
2026 06 19 18:03:40.691616,340
,373
,360
,333
,339
,378
,351
,310
,352
,379
,352
,334
,359
,352
2026 06 19 18:03:40.753325,333
,352
,374
,354
,319
,343
,365
,340
,324
,357
,362
,334
,333
,369
2026 06 19 18:03:40.819027,353
,324
,349
,375
,351
,321
,346
,368
,346
,336
,379
,353
,319
,348
2026 06 19 18:03:40.880767,389
,365
,338
,362
,370
,335
,336
,367
,361
,325
,320
,365
,365
,334
2026 06 19 18:03:40.942589,349
,368
,344
,328
,358
,367
,336
,336
,367
,349
,323
,335
,362
,349
2026 06 19 18:03:41.007932,325
,362
,364
,335
,320
,355
,365
,333
,342
,373
,356
,334
,360
,365
2026 06 19 18:03:41.068624,338
,330
,363
,359
,329
,339
,377
,347
,318
,339
,355
,354
,330
,358
2026 06 19 18:03:41.134912,368
,343
,336
,366
,343
,306
,350
,375
,342
,326
,359
,366
,336
,328
2026 06 19 18:03:41.195058,368
,358
,315
,344
,375
,347
,327
,358
,372
,354
,335
,365
,364
,330
2026 06 19 18:03:41.257821,336
,365
,348
,320
,351
,369
,351
,335
,368
,364
,327
,336
,376
,362
2026 06 19 18:03:41.322433,333
,347
,370
,345
,322
,351
,359
,333
,333
,362
,351
,320
,346
,370
2026 06 19 18:03:41.384124,350
,325
,356
,359
,332
,321
,361
,357
,330
,345
,370
,353
,324
,350
2026 06 19 18:03:41.450028,368
,351
,335
,366
,377
,349
,341
,361
,346
,335
,362
,378
,355
,329
2026 06 19 18:03:41.511523,357
,373
,351
,341
,375
,365
,335
,348
,370
,348
,325
,362
,368
,333
2026 06 19 18:03:41.572758,335
,376
,369
,351
,355
,383
,360
,330
,353
,369
,343
,325
,352
,353
2026 06 19 18:03:41.637686,329
,337
,384
,366
,342
,350
,382
,368
,337
,357
,370
,347
,337
,368
2026 06 19 18:03:41.699207,358
,324
,336
,357
,335
,312
,344
,373
,342
,332
,370
,362
,335
,333
2026 06 19 18:03:41.764877,360
,345
,312
,337
,361
,343
,319
,348
,365
,342
,337
,369
,362
,323
2026 06 19 18:03:41.829386,337
,376
,348
,331
,358
,364
,347
,350
,377
,365
,330
,348
,389
,377
2026 06 19 18:03:41.888316,339
,360
,380
,345
,326
,375
,383
,353
,348
,380
,369
,338
,359
,376
2026 06 19 18:03:41.953716,359
,336
,368
,368
,341
,339
,368
,358
,331
,349
,378
,358
,330
,358
2026 06 19 18:03:42.014905,371
,340
,333
,367
,358
,328
,340
,364
,346
,330
,359
,376
,351
,336
2026 06 19 18:03:42.080092,372
,366
,332
,340
,373
,354
,328
,350
,368
,345
,327
,361
,368
,340
2026 06 19 18:03:42.142037,334
,367
,364
,339
,359
,382
,354
,329
,365
,372
,354
,340
,363
,362
2026 06 19 18:03:42.203212,342
,341
,363
,344
,337
,379
,387
,352
,338
,372
,373
,337
,335
,368
2026 06 19 18:03:42.268771,356
,326
,349
,371
,346
,327
,359
,369
,342
,335
,370
,360
,334
,348
2026 06 19 18:03:42.330190,370
,352
,336
,358
,371
,341
,330
,363
,353
,331
,345
,372
,349
,326
2026 06 19 18:03:42.396139,354
,374
,343
,326
,369
,376
,347
,345
,376
,361
,330
,353
,366
,342
2026 06 19 18:03:42.457524,324
,353
,359
,335
,344
,370
,366
,338
,355
,379
,359
,332
,356
,369
2026 06 19 18:03:42.518753,343
,328
,360
,355
,329
,340
,356
,341
,322
,355
,382
,353
,332
,366
2026 06 19 18:03:42.584260,359
,324
,337
,372
,358
,326
,349
,361
,333
,316
,351
,360
,333
,330
2026 06 19 18:03:42.646193,364
,353
,327
,339
,369
,348
,323
,350
,364
,340
,328
,366
,363
,333
2026 06 19 18:03:42.707217,338
,369
,345
,334
,357
,365
,349
,339
,370
,365
,331
,339
,367
,351
2026 06 19 18:03:42.772110,325
,350
,363
,338
,317
,347
,361
,334
,333
,363
,371
,346
,360
,383
2026 06 19 18:03:42.833782,360
,333
,360
,366
,343
,339
,365
,353
,325
,338
,376
,348
,325
,363
2026 06 19 18:03:42.900025,374
,345
,347
,384
,378
,346
,349
,383
,362
,333
,351
,365
,348
,328
2026 06 19 18:03:42.961600,356
,360
,341
,336
,367
,355
,329
,350
,374
,340
,326
,389
,395
,358
2026 06 19 18:03:43.022384,350
,384
,372
,341
,343
,371
,353
,327
,353
,370
,348
,332
,363
,359
2026 06 19 18:03:43.088482,342
,346
,367
,353
,335
,353
,368
,346
,322
,356
,367
,338
,337
,364
2026 06 19 18:03:43.150161,356
,336
,353
,370
,347
,333
,370
,378
,348
,336
,366
,358
,330
,339
2026 06 19 18:03:43.215395,367
,342
,325
,351
,363
,336
,326
,358
,362
,344
,345
,373
,359
,332
2026 06 19 18:03:43.276666,348
,370
,347
,324
,353
,363
,336
,339
,371
,352
,322
,338
,363
,351
2026 06 19 18:03:43.337978,334
,364
,372
,347
,333
,371
,365
,336
,345
,369
,349
,328
,358
,361
2026 06 19 18:03:43.403868,340
,335
,367
,365
,330
,331
,371
,359
,325
,349
,374
,355
,332
,363
2026 06 19 18:03:43.465330,370
,342
,343
,374
,360
,330
,338
,362
,352
,330
,362
,374
,340
,337
2026 06 19 18:03:43.529980,368
,361
,330
,340
,373
,355
,333
,359
,378
,350
,327
,358
,363
,328
2026 06 19 18:03:43.591865,332
,375
,364
,321
,353
,383
,350
,333
,360
,368
,341
,336
,371
,363
2026 06 19 18:03:43.652840,334
,346
,367
,340
,321
,361
,378
,346
,326
,366
,355
,317
,322
,362
2026 06 19 18:03:43.719004,344
,319
,356
,373
,348
,334
,365
,366
,338
,336
,366
,350
,324
,344
2026 06 19 18:03:43.780982,363
,342
,318
,348
,362
,335
,329
,362
,349
,317
,333
,358
,350
,330
2026 06 19 18:03:43.847879,357
,366
,338
,327
,363
,356
,325
,331
,351
,338
,326
,351
,367
,334
2026 06 19 18:03:43.907208,325
,365
,362
,335
,340
,369
,348
,325
,344
,363
,319
,309
,354
,360
2026 06 19 18:03:43.969108,332
,326
,359
,356
,323
,340
,372
,350
,324
,351
,369
,341
,325
,359
2026 06 19 18:03:44.034177,352
,324
,328
,353
,347
,323
,340
,367
,342
,326
,365
,365
,335
,336
2026 06 19 18:03:44.097734,361
,347
,329
,344
,363
,337
,320
,353
,355
,331
,323
,363
,350
,313
2026 06 19 18:03:44.162520,337
,365
,351
,324
,352
,368
,346
,333
,366
,356
,326
,334
,369
,347
2026 06 19 18:03:44.222343,325
,347
,365
,346
,331
,365
,362
,333
,340
,372
,359
,326
,342
,357
2026 06 19 18:03:44.284002,346
,327
,355
,361
,335
,327
,370
,368
,338
,349
,368
,352
,337
,369
2026 06 19 18:03:44.349050,373
,343
,337
,373
,363
,336
,342
,366
,345
,323
,354
,367
,344
,324
2026 06 19 18:03:44.411164,356
,366
,334
,338
,367
,351
,324
,337
,367
,341
,318
,351
,362
,334
2026 06 19 18:03:44.476994,326
,366
,359
,332
,344
,365
,342
,315
,343
,365
,338
,329
,356
,344
2026 06 19 18:03:44.538191,320
,332
,362
,348
,326
,357
,370
,337
,320
,355
,354
,327
,328
,360
2026 06 19 18:03:44.599073,349
,323
,341
,358
,337
,323
,355
,355
,323
,334
,377
,367
,335
,345
2026 06 19 18:03:44.665342,373
,348
,324
,355
,356
,328
,327
,357
,348
,324
,333
,362
,348
,321
2026 06 19 18:03:44.726730,348
,365
,341
,323
,356
,374
,349
,348
,377
,353
,324
,349
,368
,339
2026 06 19 18:03:44.792396,329
,357
,369
,345
,341
,377
,364
,327
,336
,363
,354
,335
,359
,365
2026 06 19 18:03:44.853570,337
,337
,367
,351
,322
,337
,369
,342
,318
,351
,369
,348
,330
,367
2026 06 19 18:03:44.917666,375
,343
,342
,374
,357
,329
,349
,368
,349
,332
,364
,359
,332
,334
2026 06 19 18:03:44.981083,366
,361
,336
,352
,380
,352
,332
,367
,377
,346
,333
,364
,359
,327
2026 06 19 18:03:45.041921,335
,374
,352
,325
,349
,356
,339
,323
,353
,357
,332
,339
,361
,342
2026 06 19 18:03:45.107008,325
,349
,363
,335
,315
,355
,363
,331
,333
,362
,349
,318
,333
,362
2026 06 19 18:03:45.169009,343
,321
,354
,366
,331
,320
,357
,348
,321
,332
,366
,341
,311
,338
2026 06 19 18:03:45.232985,358
,331
,321
,358
,353
,322
,326
,357
,344
,316
,332
,354
,338
,320
2026 06 19 18:03:45.295030,347
,351
,314
,323
,373
,356
,326
,340
,364
,337
,314
,344
,363
,337
2026 06 19 18:03:45.357839,325
,358
,348
,324
,328
,350
,339
,320
,351
,363
,338
,323
,356
,353
2026 06 19 18:03:45.422164,328
,327
,363
,351
,322
,352
,368
,344
,323
,364
,365
,337
,334
,365
2026 06 19 18:03:45.484605,357
,331
,338
,366
,348
,324
,352
,355
,334
,327
,357
,357
,327
,340
2026 06 19 18:03:45.546799,364
,339
,317
,353
,379
,359
,339
,377
,371
,331
,343
,374
,358
,328
2026 06 19 18:03:45.610620,348
,359
,332
,322
,357
,363
,336
,336
,366
,365
,337
,350
,376
,350
2026 06 19 18:03:45.672507,331
,368
,373
,349
,334
,368
,361
,328
,333
,366
,354
,334
,359
,372
2026 06 19 18:03:45.737839,353
,337
,364
,368
,345
,343
,373
,354
,330
,349
,366
,340
,316
,348
2026 06 19 18:03:45.799969,363
,335
,342
,372
,363
,335
,340
,364
,354
,345
,378
,383
,347
,340
2026 06 19 18:03:45.862569,376
,365
,341
,353
,375
,353
,328
,360
,379
,345
,325
,359
,361
,336
2026 06 19 18:03:45.926602,345
,379
,359
,327
,343
,361
,350
,338
,362
,370
,334
,319
,358
,370
2026 06 19 18:03:45.987558,341
,355
,378
,350
,337
,367
,370
,341
,332
,372
,366
,333
,340
,369
2026 06 19 18:03:46.053449,353
,325
,350
,365
,344
,337
,364
,368
,340
,331
,374
,371
,336
,349
2026 06 19 18:03:46.115387,373
,352
,328
,358
,366
,336
,339
,376
,361
,328
,340
,372
,351
,328
2026 06 19 18:03:46.176823,357
,365
,337
,331
,356
,353
,337
,341
,361
,362
,337
,359
,367
,344
2026 06 19 18:03:46.242254,327
,359
,363
,341
,342
,375
,359
,331
,351
,371
,343
,339
,369
,369
2026 06 19 18:03:46.303070,337
,334
,371
,366
,335
,346
,380
,357
,333
,362
,363
,346
,344
,374
2026 06 19 18:03:46.369230,365
,340
,352
,379
,358
,328
,356
,382
,351
,337
,369
,365
,335
,353
2026 06 19 18:03:46.429784,393
,373
,340
,358
,374
,352
,334
,365
,369
,343
,338
,371
,364
,340
2026 06 19 18:03:46.491979,359
,379
,350
,334
,363
,378
,342
,330
,372
,370
,340
,346
,378
,364
2026 06 19 18:03:46.556729,336
,363
,372
,347
,339
,373
,372
,345
,348
,377
,361
,335
,345
,370
2026 06 19 18:03:46.618983,350
,320
,354
,361
,337
,334
,372
,361
,330
,353
,377
,354
,332
,360
2026 06 19 18:03:46.680558,368
,339
,331
,367
,352
,320
,328
,353
,343
,320
,345
,369
,341
,331
2026 06 19 18:03:46.745251,363
,367
,330
,336
,360
,350
,322
,341
,363
,337
,322
,354
,358
,333
2026 06 19 18:03:46.806971,333
,364
,354
,329
,346
,372
,349
,325
,353
,358
,337
,329
,358
,354
2026 06 19 18:03:46.872660,327
,340
,366
,351
,329
,357
,379
,352
,336
,367
,370
,341
,348
,382
2026 06 19 18:03:46.933787,364
,336
,356
,378
,357
,340
,368
,360
,332
,340
,371
,368
,345
,361
2026 06 19 18:03:46.995545,385
,361
,336
,362
,372
,349
,343
,375
,366
,336
,343
,373
,349
,328
2026 06 19 18:03:47.061423,363
,382
,359
,347
,373
,370
,348
,344
,372
,364
,333
,347
,374
,353
2026 06 19 18:03:47.122772,335
,365
,368
,343
,345
,382
,365
,332
,352
,382
,362
,337
,365
,371
2026 06 19 18:03:47.187108,342
,334
,365
,367
,339
,350
,380
,359
,332
,345
,360
,353
,350
,382
2026 06 19 18:03:47.249520,371
,347
,350
,385
,367
,336
,357
,372
,353
,329
,358
,360
,331
,330
2026 06 19 18:03:47.310269,373
,358
,337
,354
,378
,361
,328
,347
,360
,346
,339
,369
,356
,335
2026 06 19 18:03:47.377034,346
,372
,352
,326
,354
,366
,347
,326
,359
,369
,340
,337
,368
,365
2026 06 19 18:03:47.437660,331
,347
,366
,348
,333
,364
,366
,336
,340
,367
,352
,330
,354
,381
2026 06 19 18:03:47.503569,362
,335
,358
,377
,349
,337
,365
,353
,338
,347
,374
,349
,322
,352
2026 06 19 18:03:47.564486,368
,353
,339
,370
,372
,341
,344
,377
,364
,338
,356
,376
,352
,327
2026 06 19 18:03:47.625410,357
,357
,330
,332
,362
,360
,333
,348
,373
,355
,331
,355
,377
,354
2026 06 19 18:03:47.691864,338
,362
,355
,326
,333
,368
,344
,320
,350
,372
,349
,331
,361
,346
2026 06 19 18:03:47.753628,338
,346
,375
,358
,323
,347
,374
,346
,325
,369
,368
,343
,341
,376
2026 06 19 18:03:47.819257,365
,333
,348
,375
,355
,330
,361
,373
,350
,329
,349
,368
,351
,356
2026 06 19 18:03:47.880552,376
,352
,324
,350
,362
,342
,328
,374
,376
,336
,335
,376
,359
,332
2026 06 19 18:03:47.942110,347
,365
,345
,321
,348
,362
,333
,340
,375
,369
,334
,347
,369
,353
2026 06 19 18:03:48.009644,325
,353
,363
,336
,313
,361
,365
,331
,342
,363
,342
,321
,351
,359
2026 06 19 18:03:48.068997,335
,328
,377
,372
,344
,342
,373
,360
,336
,355
,372
,347
,321
,347
2026 06 19 18:03:48.133797,367
,338
,331
,361
,352
,319
,328
,371
,353
,324
,350
,358
,337
,329
2026 06 19 18:03:48.196040,364
,355
,330
,333
,361
,343
,318
,340
,360
,335
,318
,361
,359
,328
2026 06 19 18:03:48.256796,334
,365
,348
,326
,348
,369
,350
,328
,355
,369
,342
,336
,373
,360
2026 06 19 18:03:48.322939,334
,340
,357
,337
,314
,355
,368
,337
,325
,355
,354
,335
,335
,360
2026 06 19 18:03:48.385949,344
,321
,352
,359
,338
,334
,361
,360
,325
,321
,371
,356
,323
,340
2026 06 19 18:03:48.450599,372
,349
,322
,352
,362
,331
,318
,358
,356
,326
,331
,356
,348
,316
2026 06 19 18:03:48.511464,342
,359
,332
,317
,356
,344
,316
,338
,364
,342
,311
,339
,352
,325
2026 06 19 18:03:48.572635,314
,342
,347
,328
,327
,342
,342
,317
,330
,366
,346
,316
,346
,360
2026 06 19 18:03:48.637566,334
,327
,362
,347
,314
,348
,380
,354
,327
,354
,358
,333
,335
,370
2026 06 19 18:03:48.699057,363
,331
,331
,357
,340
,316
,345
,368
,345
,324
,357
,357
,325
,333
2026 06 19 18:03:48.765318,372
,350
,313
,332
,371
,350
,332
,354
,365
,352
,347
,373
,353
,328
2026 06 19 18:03:48.825991,351
,379
,351
,324
,347
,346
,315
,331
,364
,347
,330
,357
,383
,358
2026 06 19 18:03:48.889025,323
,353
,371
,338
,321
,359
,360
,330
,325
,344
,340
,320
,311
,316
2026 06 19 18:03:48.953429,381
,360
,378
,375
,353
,350
,376
,360
,331
,343
,363
,343
,317
,345
2026 06 19 18:03:49.014679,363
,332
,324
,357
,350
,326
,331
,361
,345
,326
,348
,364
,343
,336
2026 06 19 18:03:49.080623,369
,364
,330
,330
,358
,352
,324
,354
,381
,353
,339
,379
,377
,345
2026 06 19 18:03:49.141630,338
,373
,364
,330
,340
,377
,360
,335
,365
,376
,348
,327
,356
,372
2026 06 19 18:03:49.205654,344
,348
,383
,361
,328
,350
,369
,348
,337
,368
,359
,332
,330
,355
2026 06 19 18:03:49.267468,342
,313
,330
,362
,352
,327
,358
,354
,320
,354
,379
,365
,330
,348
2026 06 19 18:03:49.329932,387
,363
,330
,358
,379
,343
,326
,357
,370
,351
,363
,380
,363
,330
2026 06 19 18:03:49.395471,358
,366
,344
,339
,368
,366
,336
,349
,370
,358
,339
,358
,364
,328
2026 06 19 18:03:49.457703,336
,365
,374
,346
,338
,367
,370
,335
,350
,377
,352
,326
,351
,362
2026 06 19 18:03:49.517594,346
,335
,360
,362
,335
,338
,358
,349
,323
,346
,355
,353
,350
,379
2026 06 19 18:03:49.584413,378
,338
,334
,377
,356
,335
,356
,374
,349
,326
,358
,360
,333
,332
2026 06 19 18:03:49.645962,365
,351
,319
,336
,365
,353
,329
,354
,355
,337
,331
,365
,356
,327
2026 06 19 18:03:49.711002,335
,356
,337
,309
,336
,363
,338
,330
,364
,361
,330
,332
,373
,348
2026 06 19 18:03:49.772672,322
,344
,371
,345
,312
,353
,358
,348
,353
,377
,364
,339
,361
,380
2026 06 19 18:03:49.834319,372
,353
,377
,383
,361
,358
,388
,383
,360
,368
,395
,375
,349
,374
2026 06 19 18:03:49.898540,392
,369
,345
,380
,387
,358
,356
,382
,373
,349
,358
,384
,381
,358
2026 06 19 18:03:49.961494,383
,382
,347
,341
,397
,395
,365
,376
,398
,376
,362
,386
,390
,361
2026 06 19 18:03:50.026877,352
,396
,396
,361
,359
,374
,370
,344
,395
,397
,371
,363
,393
,383
2026 06 19 18:03:50.089920,353
,351
,381
,373
,343
,363
,372
,348
,339
,390
,385
,359
,359
,386
2026 06 19 18:03:50.148908,375
,349
,363
,381
,360
,339
,367
,373
,343
,336
,369
,358
,340
,349
2026 06 19 18:03:50.215171,370
,356
,339
,358
,372
,342
,325
,360
,357
,327
,347
,377
,355
,322
2026 06 19 18:03:50.276648,347
,366
,343
,325
,351
,358
,335
,326
,358
,345
,312
,336
,368
,346
2026 06 19 18:03:50.341910,320
,343
,354
,334
,336
,362
,355
,329
,334
,356
,345
,320
,342
,358
2026 06 19 18:03:50.403690,335
,319
,348
,347
,316
,322
,354
,336
,310
,321
,345
,345
,318
,343
2026 06 19 18:03:50.464911,350
,331
,323
,346
,336
,308
,329
,355
,331
,311
,329
,341
,324
,303
2026 06 19 18:03:50.529987,341
,338
,309
,318
,348
,325
,306
,333
,349
,326
,311
,330
,323
,299
2026 06 19 18:03:50.592691,314
,354
,347
,314
,328
,341
,317
,293
,329
,336
,310
,303
,340
,330
2026 06 19 18:03:50.653665,306
,318
,341
,317
,291
,323
,337
,311
,301
,333
,330
,299
,302
,336
2026 06 19 18:03:50.718915,321
,307
,333
,342
,307
,298
,337
,325
,317
,314
,339
,325
,298
,319
2026 06 19 18:03:50.779771,340
,319
,297
,324
,331
,308
,299
,312
,302
,305
,331
,355
,323
,305
2026 06 19 18:03:50.845915,325
,342
,317
,305
,340
,331
,300
,309
,333
,321
,299
,326
,333
,291
2026 06 19 18:03:50.906957,274
,327
,348
,311
,303
,337
,341
,309
,320
,334
,313
,294
,326
,328
2026 06 19 18:03:50.968904,302
,298
,329
,324
,297
,313
,338
,322
,299
,325
,329
,308
,293
,332
2026 06 19 18:03:51.034352,333
,308
,319
,347
,324
,299
,326
,345
,318
,308
,333
,331
,301
,304
2026 06 19 18:03:51.095652,341
,330
,302
,320
,341
,317
,306
,332
,340
,307
,305
,339
,333
,317
2026 06 19 18:03:51.163355,334
,354
,329
,301
,327
,334
,301
,291
,324
,340
,310
,315
,343
,318
2026 06 19 18:03:51.222490,275
,336
,357
,325
,293
,328
,331
,312
,313
,346
,336
,303
,332
,354
2026 06 19 18:03:51.284156,326
,304
,334
,342
,308
,300
,344
,327
,303
,318
,349
,325
,293
,326
2026 06 19 18:03:51.349615,333
,313
,307
,349
,344
,314
,320
,348
,329
,299
,316
,340
,324
,308
2026 06 19 18:03:51.414772,341
,342
,313
,307
,335
,327
,299
,326
,354
,328
,307
,335
,327
,317
2026 06 19 18:03:51.475429,330
,361
,347
,315
,326
,353
,328
,295
,329
,345
,323
,316
,342
,337
2026 06 19 18:03:51.538093,313
,318
,354
,337
,311
,337
,354
,334
,308
,334
,346
,325
,318
,339
2026 06 19 18:03:51.598986,330
,314
,334
,354
,320
,308
,340
,353
,330
,314
,347
,344
,320
,333
2026 06 19 18:03:51.664690,361
,343
,317
,342
,351
,318
,306
,335
,317
,305
,337
,368
,341
,313
2026 06 19 18:03:51.729415,333
,346
,328
,315
,345
,341
,318
,319
,351
,338
,311
,331
,356
,328
2026 06 19 18:03:51.791607,302
,335
,329
,291
,308
,361
,350
,316
,326
,351
,329
,307
,339
,353
2026 06 19 18:03:51.853690,328
,319
,352
,344
,317
,327
,363
,343
,314
,336
,353
,329
,308
,359
2026 06 19 18:03:51.914864,355
,329
,320
,360
,346
,308
,335
,366
,343
,322
,354
,362
,334
,329
2026 06 19 18:03:51.980580,361
,349
,323
,335
,356
,342
,322
,349
,358
,330
,313
,352
,360
,333
2026 06 19 18:03:52.041905,334
,359
,340
,320
,339
,357
,339
,329
,363
,358
,328
,332
,361
,346
2026 06 19 18:03:52.107366,318
,345
,365
,356
,337
,360
,363
,334
,330
,362
,354
,327
,337
,363
2026 06 19 18:03:52.168832,351
,321
,350
,365
,338
,326
,350
,361
,334
,332
,367
,348
,319
,353
2026 06 19 18:03:52.229608,379
,345
,327
,359
,356
,328
,328
,359
,347
,326
,347
,372
,347
,326
2026 06 19 18:03:52.295241,362
,367
,341
,330
,364
,354
,320
,328
,360
,342
,325
,349
,364
,334
2026 06 19 18:03:52.356929,326
,365
,354
,323
,353
,376
,353
,338
,348
,371
,353
,326
,355
,357
2026 06 19 18:03:52.422872,326
,328
,359
,359
,335
,347
,369
,349
,324
,354
,364
,339
,320
,359
2026 06 19 18:03:52.484301,358
,333
,333
,358
,348
,326
,355
,361
,333
,330
,363
,359
,328
,335
2026 06 19 18:03:52.545291,372
,357
,332
,352
,369
,349
,333
,365
,365
,342
,335
,363
,350
,329
2026 06 19 18:03:52.611240,345
,367
,347
,326
,352
,367
,341
,328
,366
,354
,327
,346
,374
,350
2026 06 19 18:03:52.672335,330
,360
,379
,346
,325
,370
,374
,339
,340
,365
,345
,332
,351
,364
2026 06 19 18:03:52.737861,340
,334
,362
,366
,339
,338
,373
,360
,323
,335
,370
,359
,336
,358
2026 06 19 18:03:52.799735,362
,339
,331
,372
,366
,331
,343
,376
,350
,328
,353
,373
,353
,341
2026 06 19 18:03:52.860985,369
,367
,345
,341
,375
,366
,337
,348
,365
,336
,328
,365
,366
,338
2026 06 19 18:03:52.926671,335
,369
,362
,324
,347
,385
,364
,339
,364
,371
,348
,343
,369
,363
2026 06 19 18:03:52.987759,341
,342
,366
,350
,333
,354
,375
,361
,338
,366
,360
,338
,344
,368
2026 06 19 18:03:53.055704,355
,340
,360
,377
,357
,334
,370
,369
,338
,347
,382
,367
,338
,348
2026 06 19 18:03:53.114306,369
,352
,334
,351
,358
,344
,337
,372
,371
,349
,352
,383
,366
,341
2026 06 19 18:03:53.175713,365
,376
,354
,333
,367
,362
,335
,347
,382
,367
,343
,368
,382
,358
2026 06 19 18:03:53.241628,336
,362
,369
,353
,356
,382
,362
,350
,362
,384
,363
,338
,368
,384
2026 06 19 18:03:53.303261,361
,351
,382
,368
,341
,343
,383
,361
,333
,362
,374
,351
,336
,376
2026 06 19 18:03:53.369103,380
,346
,346
,382
,365
,322
,343
,361
,348
,337
,366
,374
,347
,340
2026 06 19 18:03:53.429757,373
,364
,332
,350
,369
,361
,349
,373
,382
,357
,352
,382
,369
,343
2026 06 19 18:03:53.491073,351
,377
,364
,339
,361
,371
,353
,340
,381
,381
,350
,349
,379
,367
2026 06 19 18:03:53.556844,341
,360
,377
,354
,332
,355
,358
,353
,346
,381
,366
,337
,349
,373
2026 06 19 18:03:53.618992,364
,338
,367
,380
,350
,340
,374
,376
,340
,348
,377
,351
,335
,354
2026 06 19 18:03:53.684292,371
,364
,345
,368
,364
,341
,354
,384
,357
,342
,368
,383
,361
,336
2026 06 19 18:03:53.745670,363
,374
,353
,351
,389
,375
,340
,353
,385
,373
,351
,367
,374
,363
2026 06 19 18:03:53.807025,355
,385
,378
,343
,353
,382
,365
,339
,363
,380
,356
,342
,373
,373
2026 06 19 18:03:53.872702,338
,343
,383
,371
,329
,344
,374
,362
,347
,370
,374
,344
,344
,378
2026 06 19 18:03:53.934302,368
,338
,350
,375
,353
,324
,377
,388
,364
,348
,380
,371
,338
,335
2026 06 19 18:03:53.999739,371
,372
,344
,364
,377
,352
,340
,374
,379
,347
,341
,374
,370
,344
2026 06 19 18:03:54.061948,365
,379
,364
,345
,375
,384
,356
,343
,377
,362
,335
,360
,379
,351
2026 06 19 18:03:54.122095,324
,368
,381
,348
,333
,361
,367
,348
,354
,378
,366
,348
,367
,379
2026 06 19 18:03:54.187604,355
,339
,360
,369
,351
,344
,376
,359
,330
,351
,369
,356
,350
,379
2026 06 19 18:03:54.249631,389
,355
,333
,384
,380
,350
,356
,381
,365
,343
,365
,372
,342
,330
2026 06 19 18:03:54.314700,376
,377
,342
,347
,384
,367
,341
,361
,376
,353
,345
,370
,373
,343
2026 06 19 18:03:54.376696,344
,389
,368
,338
,355
,370
,345
,340
,372
,375
,347
,336
,372
,373
2026 06 19 18:03:54.437120,343
,354
,378
,359
,337
,361
,376
,355
,342
,381
,374
,342
,340
,368
2026 06 19 18:03:54.506935,359
,337
,361
,371
,349
,341
,375
,373
,341
,342
,376
,364
,337
,354
2026 06 19 18:03:54.565107,379
,357
,330
,362
,378
,352
,340
,373
,370
,346
,344
,359
,364
,346
2026 06 19 18:03:54.629693,374
,385
,358
,341
,370
,363
,344
,356
,386
,367
,336
,363
,379
,361
2026 06 19 18:03:54.691953,345
,373
,378
,349
,350
,378
,375
,352
,360
,387
,374
,345
,374
,381
2026 06 19 18:03:54.754429,355
,348
,381
,368
,335
,345
,373
,359
,334
,360
,375
,345
,326
,373
2026 06 19 18:03:54.819005,378
,341
,345
,382
,368
,329
,353
,372
,348
,324
,358
,370
,349
,341
2026 06 19 18:03:54.879948,376
,369
,338
,352
,378
,354
,334
,366
,376
,351
,342
,373
,371
,342
2026 06 19 18:03:54.941813,346
,378
,370
,345
,361
,373
,341
,329
,368
,373
,345
,336
,371
,363
2026 06 19 18:03:55.007385,334
,353
,374
,350
,335
,365
,377
,344
,334
,366
,357
,325
,347
,374
2026 06 19 18:03:55.070793,351
,328
,352
,362
,339
,326
,356
,354
,326
,340
,369
,346
,308
,346
2026 06 19 18:03:55.133723,375
,356
,338
,365
,359
,333
,338
,377
,368
,338
,350
,369
,347
,318
2026 06 19 18:03:55.195212,354
,366
,339
,333
,367
,346
,311
,357
,390
,367
,337
,353
,380
,363
2026 06 19 18:03:55.257041,344
,374
,365
,329
,331
,370
,352
,324
,349
,369
,348
,332
,359
,364
2026 06 19 18:03:55.322518,340
,336
,367
,349
,311
,337
,378
,358
,327
,355
,380
,348
,331
,367
2026 06 19 18:03:55.383459,366
,333
,344
,365
,352
,335
,361
,374
,351
,333
,366
,358
,321
,327
2026 06 19 18:03:55.449701,388
,370
,336
,353
,375
,350
,328
,354
,359
,340
,338
,370
,356
,326
2026 06 19 18:03:55.511250,342
,376
,365
,331
,366
,384
,348
,336
,377
,363
,333
,344
,374
,356
2026 06 19 18:03:55.572226,330
,354
,373
,342
,329
,363
,360
,333
,338
,373
,359
,338
,359
,369
2026 06 19 18:03:55.637620,355
,341
,367
,366
,334
,322
,368
,369
,339
,362
,389
,366
,337
,362
2026 06 19 18:03:55.699767,371
,354
,346
,380
,375
,347
,358
,386
,365
,330
,366
,371
,343
,328
2026 06 19 18:03:55.765067,377
,390
,339
,339
,393
,389
,353
,362
,377
,360
,353
,378
,379
,353
2026 06 19 18:03:55.826584,347
,373
,356
,338
,366
,384
,363
,335
,366
,375
,339
,338
,378
,364
2026 06 19 18:03:55.887118,326
,347
,387
,369
,338
,351
,367
,352
,334
,366
,365
,346
,345
,377
2026 06 19 18:03:55.953010,365
,330
,346
,386
,359
,335
,364
,365
,342
,342
,375
,364
,333
,358
2026 06 19 18:03:56.014161,388
,360
,335
,359
,368
,340
,333
,379
,368
,344
,354
,386
,364
,331
2026 06 19 18:03:56.079912,355
,383
,358
,340
,373
,374
,348
,347
,382
,367
,337
,355
,389
,354
2026 06 19 18:03:56.142299,331
,378
,379
,345
,346
,381
,367
,338
,349
,364
,358
,342
,367
,376
2026 06 19 18:03:56.202954,360
,354
,384
,376
,343
,340
,364
,360
,340
,358
,370
,352
,340
,368
2026 06 19 18:03:56.268883,368
,339
,349
,379
,358
,326
,355
,380
,362
,329
,363
,385
,354
,351
2026 06 19 18:03:56.329913,373
,374
,341
,366
,391
,363
,337
,361
,366
,338
,326
,360
,356
,332
2026 06 19 18:03:56.395102,334
,366
,360
,340
,366
,381
,355
,338
,368
,366
,330
,336
,366
,351
2026 06 19 18:03:56.456760,326
,346
,360
,341
,333
,361
,370
,342
,334
,366
,357
,332
,348
,377
2026 06 19 18:03:56.517552,360
,332
,353
,377
,344
,333
,360
,361
,325
,347
,379
,356
,329
,353
2026 06 19 18:03:56.584197,374
,350
,329
,364
,360
,336
,343
,375
,367
,336
,348
,376
,361
,338
2026 06 19 18:03:56.645674,375
,375
,350
,342
,366
,360
,337
,350
,377
,353
,333
,355
,362
,330
2026 06 19 18:03:56.710901,332
,381
,370
,342
,348
,374
,354
,335
,355
,368
,349
,326
,352
,359
2026 06 19 18:03:56.772606,329
,322
,352
,345
,315
,338
,362
,352
,334
,359
,360
,340
,336
,365
2026 06 19 18:03:56.833811,355
,329
,333
,358
,341
,320
,346
,363
,338
,319
,349
,354
,329
,336
2026 06 19 18:03:56.899666,361
,341
,322
,340
,367
,349
,329
,359
,357
,329
,331
,358
,343
,320
2026 06 19 18:03:56.960904,341
,367
,349
,324
,346
,354
,333
,333
,368
,363
,328
,357
,383
,365
2026 06 19 18:03:57.025738,343
,367
,378
,352
,336
,366
,354
,334
,340
,368
,355
,323
,351
,370
2026 06 19 18:03:57.087799,349
,333
,362
,366
,342
,339
,377
,367
,339
,358
,389
,366
,341
,368
2026 06 19 18:03:57.148627,372
,347
,341
,375
,360
,330
,350
,381
,363
,333
,357
,376
,352
,340
2026 06 19 18:03:57.215145,374
,368
,338
,342
,371
,356
,338
,358
,370
,347
,324
,363
,371
,344
2026 06 19 18:03:57.277653,337
,382
,358
,348
,368
,384
,360
,339
,372
,380
,355
,341
,375
,370
2026 06 19 18:03:57.342294,340
,346
,369
,368
,338
,370
,383
,355
,340
,375
,369
,339
,329
,353
2026 06 19 18:03:57.403498,373
,358
,374
,393
,368
,343
,366
,373
,347
,344
,372
,360
,330
,351
2026 06 19 18:03:57.464762,376
,356
,339
,372
,382
,341
,344
,376
,378
,358
,354
,372
,360
,344
2026 06 19 18:03:57.530605,367
,378
,353
,342
,371
,368
,338
,346
,370
,336
,325
,375
,393
,364
2026 06 19 18:03:57.592194,344
,372
,374
,346
,343
,377
,365
,343
,352
,383
,359
,333
,361
,377
2026 06 19 18:03:57.657091,355
,345
,379
,370
,342
,351
,379
,362
,333
,355
,370
,347
,335
,366
2026 06 19 18:03:57.718387,369
,346
,347
,381
,361
,325
,347
,362
,346
,334
,355
,388
,364
,348
2026 06 19 18:03:57.779856,397
,375
,337
,345
,372
,372
,346
,373
,391
,362
,346
,376
,372
,354
2026 06 19 18:03:57.845543,352
,373
,364
,348
,367
,381
,364
,349
,376
,370
,337
,334
,367
,358
2026 06 19 18:03:57.906894,335
,362
,378
,374
,361
,383
,383
,361
,354
,380
,360
,336
,358
,383
2026 06 19 18:03:57.974094,361
,342
,363
,368
,336
,332
,365
,366
,338
,360
,387
,365
,341
,368
2026 06 19 18:03:58.034293,386
,347
,340
,379
,369
,335
,351
,382
,368
,338
,352
,373
,360
,332
2026 06 19 18:03:58.095120,371
,377
,347
,354
,390
,368
,340
,360
,390
,369
,340
,364
,374
,344
2026 06 19 18:03:58.160721,346
,386
,378
,346
,348
,375
,353
,330
,363
,393
,360
,345
,378
,384
2026 06 19 18:03:58.222559,352
,355
,386
,369
,348
,364
,378
,355
,327
,367
,378
,336
,338
,381
2026 06 19 18:03:58.287215,366
,335
,351
,375
,352
,331
,353
,376
,352
,351
,384
,376
,341
,344
2026 06 19 18:03:58.349621,367
,350
,327
,347
,369
,347
,335
,368
,366
,337
,333
,366
,360
,333
2026 06 19 18:03:58.413309,358
,387
,359
,334
,361
,362
,338
,341
,358
,360
,333
,345
,385
,370
2026 06 19 18:03:58.476918,344
,366
,381
,360
,349
,379
,372
,346
,354
,377
,364
,341
,367
,383
2026 06 19 18:03:58.537612,356
,335
,366
,357
,342
,358
,391
,373
,345
,367
,384
,355
,329
,365
2026 06 19 18:03:58.602909,362
,341
,355
,385
,374
,340
,346
,374
,368
,337
,375
,375
,340
,343
2026 06 19 18:03:58.664985,384
,377
,343
,360
,381
,363
,340
,365
,384
,353
,340
,375
,376
,350
2026 06 19 18:03:58.725814,353
,386
,365
,340
,374
,385
,356
,336
,379
,390
,360
,351
,382
,369
2026 06 19 18:03:58.791620,337
,350
,380
,365
,343
,368
,388
,366
,348
,368
,369
,350
,355
,386
2026 06 19 18:03:58.852762,355
,325
,359
,390
,370
,338
,372
,383
,352
,350
,380
,362
,334
,354
2026 06 19 18:03:58.914857,375
,365
,340
,366
,374
,350
,341
,375
,364
,331
,343
,378
,372
,345
2026 06 19 18:03:58.980589,366
,374
,353
,344
,376
,369
,341
,347
,375
,364
,339
,358
,371
,342
2026 06 19 18:03:59.040943,332
,368
,364
,331
,331
,368
,359
,331
,348
,378
,352
,336
,370
,371
2026 06 19 18:03:59.108893,343
,336
,372
,367
,333
,341
,380
,358
,332
,337
,355
,362
,344
,367
2026 06 19 18:03:59.168679,372
,348
,348
,373
,352
,323
,344
,368
,343
,325
,362
,364
,340
,333
2026 06 19 18:03:59.233006,364
,345
,330
,354
,370
,338
,322
,353
,371
,353
,340
,367
,360
,332
2026 06 19 18:03:59.295339,340
,358
,351
,334
,357
,373
,349
,340
,372
,364
,334
,340
,371
,346
2026 06 19 18:03:59.356600,317
,347
,379
,346
,325
,364
,369
,335
,332
,368
,352
,326
,345
,362
2026 06 19 18:03:59.422767,349
,334
,350
,367
,344
,334
,363
,350
,318
,339
,371
,358
,331
,349
2026 06 19 18:03:59.483908,359
,348
,339
,365
,354
,334
,341
,373
,357
,330
,344
,371
,352
,332
2026 06 19 18:03:59.545616,364
,365
,335
,336
,371
,361
,332
,357
,378
,358
,332
,362
,379
,355
2026 06 19 18:03:59.610228,345
,378
,365
,346
,349
,370
,371
,346
,363
,365
,351
,345
,373
,370
2026 06 19 18:03:59.672602,336
,347
,384
,370
,337
,356
,376
,352
,337
,381
,383
,356
,350
,378
2026 06 19 18:03:59.737710,362
,337
,349
,364
,345
,322
,370
,377
,344
,334
,369
,367
,343
,351
2026 06 19 18:03:59.800117,376
,361
,332
,362
,379
,353
,336
,377
,375
,345
,354
,382
,361
,330
2026 06 19 18:03:59.860352,350
,372
,352
,330
,361
,373
,338
,323
,370
,373
,343
,347
,377
,366
2026 06 19 18:03:59.926353,337
,373
,377
,343
,334
,370
,358
,327
,337
,362
,347
,322
,345
,365
2026 06 19 18:03:59.986967,341
,328
,360
,353
,335
,346
,374
,356
,335
,355
,379
,356
,325
,365
2026 06 19 18:04:00.053818,369
,348
,347
,378
,363
,330
,347
,365
,340
,326
,364
,365
,336
,329
2026 06 19 18:04:00.114934,369
,370
,329
,336
,374
,346
,319
,348
,367
,338
,319
,352
,351
,326
2026 06 19 18:04:00.175367,329
,360
,340
,316
,339
,361
,349
,324
,362
,373
,346
,335
,366
,361
2026 06 19 18:04:00.241822,329
,343
,368
,345
,315
,348
,373
,344
,334
,359
,350
,329
,343
,363
2026 06 19 18:04:00.303490,347
,325
,349
,368
,347
,331
,361
,357
,327
,335
,361
,353
,329
,340
2026 06 19 18:04:00.367453,348
,350
,329
,360
,364
,331
,328
,372
,357
,329
,341
,371
,353
,332
2026 06 19 18:04:00.429805,361
,365
,332
,330
,364
,358
,328
,335
,360
,341
,326
,346
,353
,337
2026 06 19 18:04:00.491617,334
,364
,369
,338
,342
,372
,354
,328
,352
,370
,343
,323
,355
,365
2026 06 19 18:04:00.557017,340
,331
,362
,354
,336
,342
,355
,333
,334
,368
,375
,351
,333
,366
2026 06 19 18:04:00.618523,364
,337
,341
,375
,358
,333
,352
,375
,347
,326
,358
,355
,334
,339
2026 06 19 18:04:00.683361,372
,352
,326
,356
,370
,345
,321
,340
,362
,337
,344
,375
,363
,336
2026 06 19 18:04:00.745650,348
,371
,342
,324
,355
,368
,346
,321
,358
,364
,333
,350
,375
,347
2026 06 19 18:04:00.806517,319
,362
,380
,349
,328
,360
,370
,332
,326
,369
,356
,330
,343
,366
2026 06 19 18:04:00.872186,344
,322
,353
,357
,331
,329
,361
,350
,328
,353
,385
,365
,338
,369
2026 06 19 18:04:00.933765,374
,345
,322
,339
,352
,329
,343
,378
,355
,324
,346
,363
,339
,314
2026 06 19 18:04:00.999711,354
,363
,329
,327
,365
,350
,324
,339
,363
,350
,325
,351
,346
,325
2026 06 19 18:04:01.060984,325
,374
,361
,323
,334
,364
,343
,316
,334
,349
,339
,329
,364
,357
2026 06 19 18:04:01.122343,324
,320
,368
,371
,338
,352
,369
,344
,324
,356
,361
,331
,331
,359
2026 06 19 18:04:01.187614,347
,322
,340
,361
,343
,330
,359
,359
,322
,326
,362
,360
,359
,361
2026 06 19 18:04:01.248953,371
,353
,335
,365
,374
,344
,329
,363
,359
,328
,332
,360
,347
,324
2026 06 19 18:04:01.314699,344
,356
,340
,341
,369
,364
,327
,335
,368
,357
,325
,331
,375
,353
2026 06 19 18:04:01.376589,321
,347
,360
,334
,331
,363
,355
,334
,340
,368
,353
,325
,360
,367
2026 06 19 18:04:01.439042,340
,335
,365
,357
,328
,335
,366
,353
,326
,351
,367
,348
,339
,370
2026 06 19 18:04:01.502631,382
,346
,337
,373
,365
,330
,353
,382
,362
,336
,365
,372
,338
,331
2026 06 19 18:04:01.565329,367
,360
,334
,350
,373
,348
,325
,351
,368
,350
,337
,369
,364
,328
2026 06 19 18:04:01.628860,328
,371
,372
,342
,365
,381
,354
,333
,367
,373
,350
,346
,376
,361
2026 06 19 18:04:01.691802,343
,356
,383
,357
,330
,365
,372
,339
,337
,372
,360
,345
,352
,392
2026 06 19 18:04:01.753471,370
,336
,361
,374
,347
,332
,363
,357
,326
,326
,361
,343
,323
,363
2026 06 19 18:04:01.818699,368
,334
,333
,369
,370
,344
,331
,356
,354
,318
,331
,369
,349
,333
2026 06 19 18:04:01.880142,359
,357
,343
,340
,364
,348
,331
,342
,366
,338
,307
,330
,365
,360
2026 06 19 18:04:01.949058,341
,366
,362
,328
,343
,375
,358
,335
,356
,369
,342
,332
,363
,360
2026 06 19 18:04:02.006873,337
,330
,361
,362
,341
,364
,387
,358
,331
,357
,363
,350
,342
,371
2026 06 19 18:04:02.068070,358
,324
,355
,384
,360
,329
,351
,359
,334
,341
,369
,358
,332
,338
2026 06 19 18:04:02.133992,371
,360
,320
,340
,376
,342
,320
,351
,355
,324
,324
,353
,335
,310
2026 06 19 18:04:02.196808,348
,379
,359
,333
,359
,362
,340
,334
,372
,366
,336
,348
,372
,337
2026 06 19 18:04:02.262462,314
,360
,381
,348
,334
,354
,363
,350
,346
,366
,346
,333
,366
,381
2026 06 19 18:04:02.322501,350
,330
,368
,366
,330
,341
,373
,366
,335
,345
,355
,340
,325
,349
2026 06 19 18:04:02.383863,351
,317
,303
,367
,361
,329
,337
,367
,346
,329
,352
,366
,337
,327
2026 06 19 18:04:02.449148,354
,344
,350
,362
,380
,358
,324
,366
,395
,358
,331
,370
,382
,347
2026 06 19 18:04:02.510470,342
,371
,361
,330
,340
,369
,371
,342
,373
,375
,351
,339
,376
,370
2026 06 19 18:04:02.576421,347
,350
,377
,358
,338
,363
,371
,346
,330
,366
,366
,348
,349
,379
2026 06 19 18:04:02.637913,356
,333
,358
,370
,355
,337
,370
,372
,342
,327
,363
,360
,328
,341
2026 06 19 18:04:02.698586,362
,343
,325
,348
,363
,341
,326
,368
,361
,332
,346
,376
,347
,327
2026 06 19 18:04:02.765713,350
,360
,327
,318
,356
,364
,337
,327
,362
,348
,325
,354
,369
,344
2026 06 19 18:04:02.825332,324
,349
,356
,317
,336
,369
,354
,325
,332
,354
,329
,324
,335
,349
2026 06 19 18:04:02.892121,335
,336
,373
,359
,327
,335
,369
,347
,320
,341
,365
,344
,320
,353
2026 06 19 18:04:02.953259,340
,329
,350
,363
,341
,332
,356
,374
,346
,323
,363
,372
,340
,334
2026 06 19 18:04:03.014637,371
,355
,325
,342
,365
,344
,326
,353
,360
,340
,336
,379
,362
,326
2026 06 19 18:04:03.080550,347
,369
,352
,330
,349
,364
,336
,329
,362
,367
,340
,346
,372
,350
2026 06 19 18:04:03.141835,327
,352
,370
,358
,334
,361
,370
,333
,341
,371
,359
,327
,348
,367
2026 06 19 18:04:03.206764,343
,323
,365
,375
,343
,334
,363
,356
,325
,337
,367
,351
,320
,342
2026 06 19 18:04:03.268561,372
,353
,333
,363
,356
,332
,342
,374
,352
,324
,348
,365
,340
,323
2026 06 19 18:04:03.329907,361
,362
,326
,318
,367
,357
,336
,355
,369
,338
,307
,366
,374
,337
2026 06 19 18:04:03.395353,335
,362
,353
,328
,335
,372
,349
,318
,341
,355
,326
,304
,339
,338
2026 06 19 18:04:03.458855,326
,331
,364
,348
,327
,345
,358
,327
,328
,365
,362
,330
,322
,355
2026 06 19 18:04:03.517803,344
,311
,328
,354
,330
,302
,338
,360
,324
,302
,335
,346
,327
,326
2026 06 19 18:04:03.584311,353
,348
,316
,336
,352
,322
,304
,348
,345
,310
,308
,340
,312
,307
2026 06 19 18:04:03.645901,331
,345
,307
,304
,340
,338
,314
,308
,343
,337
,308
,321
,351
,327
2026 06 19 18:04:03.710798,300
,329
,342
,310
,301
,336
,324
,301
,322
,348
,331
,301
,326
,350
2026 06 19 18:04:03.771745,311
,306
,346
,342
,310
,319
,354
,335
,309
,332
,351
,328
,304
,344
2026 06 19 18:04:03.833406,352
,315
,313
,355
,336
,302
,319
,346
,333
,305
,341
,348
,324
,306
2026 06 19 18:04:03.899037,348
,349
,319
,324
,353
,335
,306
,331
,348
,321
,310
,364
,360
,322
2026 06 19 18:04:03.961113,320
,359
,339
,306
,326
,358
,341
,315
,344
,355
,323
,320
,347
,332
2026 06 19 18:04:04.025415,319
,336
,357
,335
,321
,343
,346
,319
,288
,353
,354
,319
,325
,352
2026 06 19 18:04:04.086746,337
,310
,330
,346
,319
,320
,354
,354
,321
,317
,352
,339
,316
,340
2026 06 19 18:04:04.148611,360
,339
,315
,342
,347
,329
,324
,354
,347
,315
,329
,356
,339
,327
2026 06 19 18:04:04.214303,348
,356
,327
,321
,361
,357
,325
,337
,372
,348
,315
,345
,367
,341
2026 06 19 18:04:04.276805,320
,362
,365
,333
,329
,364
,358
,326
,343
,364
,344
,314
,351
,371
2026 06 19 18:04:04.341467,344
,327
,357
,368
,340
,347
,372
,351
,315
,331
,375
,348
,331
,365
2026 06 19 18:04:04.402503,361
,335
,341
,368
,350
,325
,349
,363
,342
,325
,355
,349
,316
,330
2026 06 19 18:04:04.464065,373
,358
,331
,354
,367
,341
,315
,357
,366
,342
,334
,368
,356
,322
2026 06 19 18:04:04.531877,349
,373
,352
,329
,348
,356
,330
,330
,363
,356
,321
,325
,360
,343
2026 06 19 18:04:04.591718,319
,344
,366
,329
,323
,371
,361
,329
,338
,381
,368
,330
,349
,373
2026 06 19 18:04:04.657137,348
,322
,352
,361
,336
,332
,370
,356
,334
,348
,372
,355
,332
,353
2026 06 19 18:04:04.717400,379
,359
,345
,375
,365
,335
,341
,376
,360
,330
,355
,374
,349
,328
2026 06 19 18:04:04.782050,361
,356
,333
,347
,370
,364
,334
,352
,390
,372
,343
,368
,375
,345
2026 06 19 18:04:04.845088,327
,371
,360
,327
,344
,377
,355
,333
,353
,369
,347
,330
,364
,358
2026 06 19 18:04:04.906906,344
,350
,386
,369
,332
,353
,379
,359
,336
,368
,362
,345
,352
,381
2026 06 19 18:04:04.971675,367
,343
,360
,381
,359
,333
,363
,365
,341
,341
,375
,364
,347
,358
2026 06 19 18:04:05.034071,386
,363
,344
,374
,378
,351
,332
,361
,358
,342
,347
,375
,361
,329
2026 06 19 18:04:05.095068,349
,366
,347
,334
,360
,368
,344
,335
,389
,388
,358
,370
,392
,359
2026 06 19 18:04:05.164236,336
,374
,375
,343
,347
,391
,381
,345
,356
,387
,367
,339
,362
,380
2026 06 19 18:04:05.222055,357
,343
,383
,375
,349
,342
,381
,370
,341
,362
,382
,357
,329
,354
2026 06 19 18:04:05.287826,361
,351
,351
,383
,369
,334
,352
,380
,350
,335
,367
,371
,345
,343
2026 06 19 18:04:05.348946,374
,360
,345
,362
,385
,362
,330
,351
,375
,352
,336
,367
,369
,331
2026 06 19 18:04:05.410891,331
,377
,365
,338
,354
,378
,357
,343
,367
,370
,343
,339
,378
,367
2026 06 19 18:04:05.475369,338
,356
,376
,354
,332
,358
,367
,336
,331
,365
,367
,334
,349
,378
2026 06 19 18:04:05.537391,362
,333
,364
,379
,349
,339
,388
,392
,365
,367
,391
,375
,343
,359
2026 06 19 18:04:05.602827,377
,354
,334
,369
,370
,353
,353
,379
,366
,345
,362
,374
,369
,347
2026 06 19 18:04:05.665295,371
,379
,351
,330
,375
,374
,347
,354
,384
,350
,332
,368
,380
,358
2026 06 19 18:04:05.725400,343
,371
,369
,336
,340
,371
,362
,337
,353
,377
,352
,334
,371
,380
2026 06 19 18:04:05.791649,352
,349
,376
,378
,340
,338
,374
,370
,350
,372
,382
,347
,338
,376
2026 06 19 18:04:05.853505,369
,344
,349
,379
,364
,334
,357
,381
,355
,341
,371
,373
,346
,345
2026 06 19 18:04:05.918649,375
,360
,328
,354
,376
,345
,325
,354
,369
,336
,337
,375
,366
,335
2026 06 19 18:04:05.980185,347
,379
,360
,345
,375
,384
,355
,347
,377
,364
,335
,340
,369
,359
2026 06 19 18:04:06.041603,333
,360
,379
,350
,330
,370
,356
,323
,337
,380
,368
,343
,363
,380
2026 06 19 18:04:06.107016,356
,334
,359
,360
,340
,339
,368
,356
,330
,348
,377
,356
,327
,355
2026 06 19 18:04:06.168959,372
,342
,329
,356
,344
,337
,350
,369
,361
,340
,360
,382
,359
,339
2026 06 19 18:04:06.234137,371
,368
,335
,338
,372
,357
,328
,351
,375
,351
,331
,364
,369
,339
2026 06 19 18:04:06.294949,334
,362
,350
,334
,357
,383
,354
,321
,364
,384
,354
,341
,370
,362
2026 06 19 18:04:06.356678,333
,337
,367
,351
,322
,348
,367
,348
,328
,366
,361
,333
,338
,367
2026 06 19 18:04:06.422796,359
,337
,354
,372
,363
,331
,359
,369
,344
,344
,371
,355
,335
,347
2026 06 19 18:04:06.483897,368
,351
,326
,353
,371
,348
,339
,378
,375
,341
,338
,376
,376
,349
2026 06 19 18:04:06.548743,363
,383
,358
,332
,352
,361
,347
,357
,383
,364
,324
,343
,376
,358
2026 06 19 18:04:06.610705,338
,372
,376
,340
,335
,360
,358
,324
,347
,371
,348
,325
,348
,366
2026 06 19 18:04:06.672422,347
,335
,369
,362
,329
,336
,369
,350
,324
,351
,371
,349
,331
,360
2026 06 19 18:04:06.737661,360
,334
,338
,369
,353
,321
,338
,363
,343
,332
,365
,368
,343
,337
2026 06 19 18:04:06.799901,368
,364
,327
,335
,349
,339
,348
,373
,378
,348
,336
,370
,361
,335
2026 06 19 18:04:06.860488,344
,375
,355
,321
,351
,373
,344
,333
,363
,363
,338
,335
,362
,357
2026 06 19 18:04:06.926396,331
,340
,361
,349
,330
,357
,365
,335
,330
,362
,358
,331
,346
,381
2026 06 19 18:04:06.987000,363
,334
,360
,372
,344
,334
,359
,352
,330
,331
,369
,365
,323
,347
2026 06 19 18:04:07.052647,380
,354
,334
,365
,361
,330
,333
,367
,354
,329
,353
,375
,350
,330
2026 06 19 18:04:07.114569,371
,366
,335
,344
,379
,369
,340
,351
,369
,341
,322
,353
,357
,339
2026 06 19 18:04:07.175088,336
,369
,366
,337
,346
,379
,364
,331
,354
,377
,348
,340
,368
,369
2026 06 19 18:04:07.241572,339
,338
,360
,348
,331
,348
,365
,340
,326
,359
,367
,330
,329
,385
2026 06 19 18:04:07.305362,373
,342
,357
,382
,361
,339
,367
,373
,346
,332
,362
,363
,333
,341
2026 06 19 18:04:07.367389,369
,352
,324
,339
,361
,353
,336
,371
,367
,339
,339
,370
,355
,336
2026 06 19 18:04:07.430404,353
,374
,352
,329
,355
,363
,337
,329
,358
,348
,323
,341
,367
,347
2026 06 19 18:04:07.491947,325
,352
,363
,337
,327
,357
,367
,340
,346
,376
,358
,334
,355
,373
2026 06 19 18:04:07.558986,350
,330
,362
,364
,334
,330
,368
,357
,324
,344
,364
,342
,320
,364
2026 06 19 18:04:07.617304,372
,342
,334
,367
,353
,331
,347
,373
,352
,337
,365
,373
,344
,329
2026 06 19 18:04:07.684076,367
,365
,333
,335
,361
,341
,341
,364
,376
,352
,329
,368
,371
,337
2026 06 19 18:04:07.745083,336
,378
,356
,339
,352
,369
,354
,346
,376
,371
,344
,350
,381
,367
2026 06 19 18:04:07.807952,340
,355
,376
,358
,336
,369
,375
,353
,351
,379
,368
,346
,365
,392
2026 06 19 18:04:07.873613,361
,333
,368
,391
,355
,336
,375
,378
,348
,349
,387
,373
,340
,354
2026 06 19 18:04:07.933949,376
,370
,341
,366
,368
,349
,338
,379
,373
,344
,355
,370
,365
,341
2026 06 19 18:04:07.999396,367
,380
,353
,340
,370
,367
,339
,345
,376
,357
,330
,348
,370
,355
2026 06 19 18:04:08.060403,340
,373
,375
,342
,346
,369
,350
,328
,362
,379
,357
,333
,355
,365
2026 06 19 18:04:08.121718,338
,336
,370
,364
,331
,342
,365
,345
,319
,348
,367
,350
,343
,372
2026 06 19 18:04:08.187557,375
,349
,353
,376
,348
,334
,357
,370
,343
,332
,365
,368
,339
,330
2026 06 19 18:04:08.249705,359
,364
,334
,346
,376
,359
,333
,362
,378
,347
,341
,377
,363
,332
2026 06 19 18:04:08.313840,348
,369
,349
,336
,360
,375
,351
,335
,361
,358
,329
,337
,368
,351
2026 06 19 18:04:08.376376,336
,350
,374
,351
,331
,371
,380
,345
,334
,380
,361
,322
,356
,382
2026 06 19 18:04:08.438957,356
,328
,352
,369
,344
,338
,366
,364
,337
,349
,375
,353
,331
,364
2026 06 19 18:04:08.503450,379
,354
,344
,368
,371
,346
,350
,382
,356
,327
,349
,367
,349
,328
2026 06 19 18:04:08.564185,358
,363
,338
,335
,362
,348
,327
,343
,367
,348
,327
,356
,371
,344
2026 06 19 18:04:08.630068,319
,368
,374
,346
,343
,366
,345
,318
,353
,367
,340
,321
,354
,356
2026 06 19 18:04:08.691699,327
,331
,358
,342
,329
,347
,365
,346
,333
,360
,363
,337
,330
,368
2026 06 19 18:04:08.753286,359
,329
,337
,360
,338
,312
,347
,363
,334
,316
,359
,356
,323
,331
2026 06 19 18:04:08.817601,367
,356
,335
,358
,373
,347
,327
,363
,364
,332
,329
,359
,345
,318
2026 06 19 18:04:08.880679,339
,355
,342
,333
,367
,370
,339
,336
,370
,359
,330
,345
,375
,361
2026 06 19 18:04:08.944631,337
,364
,367
,341
,331
,365
,355
,330
,348
,373
,350
,323
,360
,363
2026 06 19 18:04:09.006580,330
,326
,362
,353
,345
,346
,372
,360
,329
,358
,377
,355
,333
,360
2026 06 19 18:04:09.067454,369
,343
,332
,366
,351
,325
,344
,370
,351
,327
,359
,366
,337
,329
2026 06 19 18:04:09.133915,365
,362
,337
,339
,365
,358
,332
,364
,382
,355
,330
,356
,361
,333
2026 06 19 18:04:09.194791,335
,369
,357
,330
,350
,372
,350
,327
,356
,373
,343
,341
,370
,365
2026 06 19 18:04:09.261114,336
,350
,377
,349
,322
,357
,364
,340
,331
,365
,357
,334
,341
,367
2026 06 19 18:04:09.324056,357
,335
,360
,367
,328
,330
,367
,365
,336
,340
,372
,360
,340
,357
2026 06 19 18:04:09.384373,371
,353
,332
,359
,365
,345
,344
,369
,355
,336
,350
,373
,350
,323
2026 06 19 18:04:09.448997,349
,355
,335
,323
,357
,352
,329
,337
,371
,349
,333
,358
,370
,348
2026 06 19 18:04:09.510173,327
,360
,362
,337
,344
,369
,347
,314
,342
,368
,348
,324
,358
,364
2026 06 19 18:04:09.576597,341
,340
,372
,362
,331
,343
,365
,340
,313
,346
,363
,338
,324
,359
2026 06 19 18:04:09.637991,348
,329
,339
,364
,345
,324
,346
,364
,336
,321
,357
,358
,333
,342
2026 06 19 18:04:09.698633,371
,349
,325
,341
,374
,354
,329
,361
,369
,343
,335
,370
,364
,332
2026 06 19 18:04:09.764344,336
,372
,350
,326
,339
,352
,347
,341
,378
,371
,333
,334
,362
,347
2026 06 19 18:04:09.826157,336
,356
,366
,334
,330
,356
,366
,337
,334
,365
,350
,319
,344
,369
2026 06 19 18:04:09.891647,345
,321
,362
,369
,341
,332
,367
,356
,334
,347
,368
,345
,319
,342
2026 06 19 18:04:09.953283,359
,330
,314
,351
,354
,331
,333
,360
,339
,315
,347
,366
,342
,324
2026 06 19 18:04:10.014252,359
,366
,338
,344
,369
,357
,327
,349
,361
,340
,339
,376
,373
,340
2026 06 19 18:04:10.080884,339
,375
,357
,331
,341
,369
,349
,324
,352
,361
,346
,332
,362
,364
2026 06 19 18:04:10.141602,329
,334
,365
,357
,322
,343
,363
,347
,328
,357
,372
,336
,336
,370
2026 06 19 18:04:10.206850,356
,325
,342
,367
,352
,326
,354
,369
,342
,348
,385
,362
,333
,344
2026 06 19 18:04:10.267473,369
,346
,319
,350
,367
,341
,326
,359
,345
,324
,339
,375
,354
,329
2026 06 19 18:04:10.331187,354
,370
,343
,325
,356
,361
,336
,332
,364
,352
,323
,341
,363
,342
2026 06 19 18:04:10.397604,311
,343
,362
,337
,321
,354
,356
,330
,338
,360
,337
,318
,339
,342
2026 06 19 18:04:10.456952,338
,334
,356
,356
,325
,328
,356
,338
,313
,335
,355
,323
,303
,355
2026 06 19 18:04:10.517754,355
,325
,324
,362
,350
,325
,343
,363
,339
,316
,352
,366
,343
,332
2026 06 19 18:04:10.583874,359
,357
,315
,342
,371
,347
,328
,349
,353
,336
,332
,365
,356
,329
2026 06 19 18:04:10.646517,333
,362
,345
,312
,338
,374
,347
,325
,350
,352
,325
,321
,356
,341
2026 06 19 18:04:10.710531,316
,347
,368
,344
,319
,352
,362
,338
,330
,360
,351
,330
,346
,372
2026 06 19 18:04:10.771839,350
,318
,338
,352
,332
,331
,382
,376
,343
,344
,368
,346
,320
,344
2026 06 19 18:04:10.833665,365
,341
,320
,350
,352
,326
,326
,360
,357
,335
,349
,379
,353
,326
2026 06 19 18:04:10.899023,359
,365
,333
,318
,329
,353
,337
,350
,366
,350
,325
,354
,366
,337
2026 06 19 18:04:10.959937,321
,351
,353
,334
,342
,373
,354
,329
,349
,365
,346
,322
,353
,350
2026 06 19 18:04:11.025181,320
,309
,349
,350
,319
,340
,362
,326
,303
,356
,366
,327
,335
,374
2026 06 19 18:04:11.086953,365
,337
,346
,371
,348
,322
,348
,367
,337
,320
,351
,350
,315
,328
2026 06 19 18:04:11.150034,363
,335
,339
,359
,372
,348
,330
,356
,358
,340
,345
,378
,364
,331
2026 06 19 18:04:11.213895,343
,367
,343
,319
,348
,351
,329
,319
,349
,350
,324
,342
,361
,344
2026 06 19 18:04:11.275926,327
,359
,368
,330
,308
,366
,372
,348
,347
,379
,353
,330
,355
,369
2026 06 19 18:04:11.341368,343
,328
,358
,357
,331
,335
,365
,342
,314
,342
,370
,335
,313
,353
2026 06 19 18:04:11.402956,376
,341
,331
,381
,370
,336
,347
,368
,343
,328
,348
,361
,336
,322
2026 06 19 18:04:11.465105,354
,353
,328
,332
,359
,356
,328
,348
,370
,348
,329
,360
,364
,340
2026 06 19 18:04:11.530542,341
,371
,355
,327
,354
,384
,355
,326
,365
,377
,347
,339
,364
,353
2026 06 19 18:04:11.594908,336
,349
,372
,349
,321
,358
,376
,349
,339
,367
,365
,346
,344
,371
2026 06 19 18:04:11.656659,356
,335
,356
,374
,348
,321
,351
,363
,340
,340
,372
,355
,325
,334
2026 06 19 18:04:11.718815,353
,363
,344
,366
,370
,344
,338
,366
,351
,333
,349
,373
,358
,331
2026 06 19 18:04:11.778950,356
,359
,338
,336
,371
,359
,334
,337
,362
,346
,325
,344
,368
,344
2026 06 19 18:04:11.845471,334
,368
,364
,340
,344
,380
,363
,331
,344
,366
,344
,323
,356
,362
2026 06 19 18:04:11.906790,330
,325
,356
,355
,319
,336
,379
,358
,332
,344
,358
,348
,336
,367
2026 06 19 18:04:11.972000,368
,343
,347
,380
,368
,336
,355
,372
,355
,334
,371
,376
,339
,324
2026 06 19 18:04:12.038713,371
,367
,337
,343
,367
,344
,333
,360
,366
,337
,327
,359
,351
,321
2026 06 19 18:04:12.095038,347
,377
,353
,327
,346
,360
,338
,326
,374
,368
,333
,332
,375
,366
2026 06 19 18:04:12.160893,329
,351
,366
,339
,321
,365
,381
,346
,341
,381
,366
,332
,344
,368
2026 06 19 18:04:12.222083,359
,327
,355
,368
,339
,329
,376
,360
,334
,345
,374
,359
,329
,352
2026 06 19 18:04:12.286888,367
,337
,325
,367
,365
,335
,350
,374
,350
,320
,357
,375
,349
,323
2026 06 19 18:04:12.348880,364
,373
,336
,328
,361
,352
,319
,335
,359
,343
,325
,361
,370
,337
2026 06 19 18:04:12.410803,330
,377
,361
,333
,355
,375
,356
,333
,352
,365
,343
,326
,361
,362
2026 06 19 18:04:12.476055,329
,331
,369
,362
,334
,350
,376
,353
,333
,363
,361
,331
,335
,372
2026 06 19 18:04:12.537692,360
,330
,346
,372
,352
,328
,357
,368
,341
,328
,361
,355
,322
,322
2026 06 19 18:04:12.602979,347
,341
,352
,365
,371
,351
,345
,374
,376
,341
,340
,373
,359
,334
2026 06 19 18:04:12.664214,351
,366
,342
,325
,354
,358
,324
,322
,370
,356
,317
,341
,376
,359
2026 06 19 18:04:12.725670,328
,350
,372
,349
,337
,362
,367
,334
,335
,358
,344
,319
,345
,363
2026 06 19 18:04:12.791652,329
,320
,363
,366
,318
,334
,385
,360
,330
,350
,371
,352
,327
,360
2026 06 19 18:04:12.852485,369
,338
,330
,358
,363
,336
,344
,367
,346
,322
,345
,356
,336
,323
2026 06 19 18:04:12.917659,359
,352
,319
,326
,355
,359
,331
,350
,363
,329
,342
,370
,357
,330
2026 06 19 18:04:12.979161,332
,363
,351
,316
,339
,364
,344
,321
,355
,363
,334
,327
,359
,345
2026 06 19 18:04:13.041373,322
,342
,366
,360
,328
,348
,364
,337
,332
,362
,351
,319
,323
,359
2026 06 19 18:04:13.106862,343
,317
,338
,352
,337
,319
,345
,351
,321
,321
,368
,370
,339
,353
2026 06 19 18:04:13.167242,380
,358
,329
,356
,356
,330
,334
,361
,353
,329
,336
,364
,348
,321
2026 06 19 18:04:13.233776,357
,372
,350
,332
,363
,367
,337
,339
,362
,347
,326
,352
,365
,341
2026 06 19 18:04:13.295392,330
,369
,366
,343
,337
,368
,346
,328
,353
,367
,352
,339
,362
,367
2026 06 19 18:04:13.355491,342
,341
,375
,363
,329
,349
,372
,349
,332
,350
,368
,342
,330
,365
2026 06 19 18:04:13.421661,365
,339
,344
,386
,369
,337
,353
,372
,346
,332
,367
,368
,344
,341
2026 06 19 18:04:13.483184,375
,355
,326
,341
,368
,362
,337
,364
,367
,341
,335
,374
,361
,331
2026 06 19 18:04:13.550517,339
,369
,360
,333
,352
,372
,343
,330
,371
,366
,342
,349
,366
,358
2026 06 19 18:04:13.610449,338
,358
,373
,351
,335
,357
,362
,335
,338
,369
,355
,329
,343
,376
2026 06 19 18:04:13.671443,353
,323
,364
,377
,346
,342
,380
,366
,351
,365
,383
,360
,332
,357
2026 06 19 18:04:13.737767,371
,348
,337
,374
,370
,336
,338
,371
,356
,327
,342
,367
,346
,330
2026 06 19 18:04:13.798989,361
,349
,316
,323
,365
,362
,331
,352
,379
,358
,334
,359
,378
,358
2026 06 19 18:04:13.863803,348
,374
,370
,341
,349
,379
,353
,333
,357
,368
,347
,337
,372
,359
2026 06 19 18:04:13.926256,328
,342
,369
,356
,327
,350
,370
,367
,346
,370
,371
,343
,340
,372
2026 06 19 18:04:13.987681,357
,330
,345
,370
,349
,323
,353
,367
,342
,333
,364
,359
,328
,343
2026 06 19 18:04:14.052925,369
,348
,329
,359
,383
,354
,339
,372
,365
,333
,336
,365
,351
,323
2026 06 19 18:04:14.114531,350
,368
,347
,328
,365
,355
,345
,346
,372
,359
,333
,349
,372
,355
2026 06 19 18:04:14.179936,330
,366
,370
,339
,325
,361
,352
,328
,343
,367
,346
,317
,342
,365
2026 06 19 18:04:14.242520,332
,309
,350
,341
,343
,348
,372
,355
,330
,349
,376
,360
,335
,360
2026 06 19 18:04:14.302389,365
,346
,329
,362
,358
,330
,340
,368
,356
,332
,355
,361
,340
,322
2026 06 19 18:04:14.367523,363
,371
,336
,345
,377
,355
,325
,345
,364
,338
,329
,359
,365
,330
2026 06 19 18:04:14.429096,328
,357
,354
,339
,356
,375
,357
,332
,362
,367
,342
,335
,368
,357
2026 06 19 18:04:14.492933,334
,353
,378
,360
,335
,357
,365
,337
,331
,365
,361
,336
,347
,372
2026 06 19 18:04:14.556859,354
,332
,350
,360
,346
,329
,339
,341
,356
,337
,369
,370
,347
,359
2026 06 19 18:04:14.617575,372
,352
,333
,364
,371
,341
,333
,363
,356
,330
,345
,372
,347
,303
2026 06 19 18:04:14.683778,357
,377
,346
,337
,375
,377
,347
,346
,376
,360
,332
,356
,371
,340
2026 06 19 18:04:14.749795,327
,358
,361
,337
,340
,373
,352
,333
,356
,374
,348
,329
,356
,352
2026 06 19 18:04:14.805980,337
,334
,363
,346
,321
,355
,382
,364
,331
,357
,366
,343
,332
,363
2026 06 19 18:04:14.872239,361
,338
,345
,376
,356
,326
,342
,366
,345
,323
,356
,356
,340
,343
2026 06 19 18:04:14.933056,367
,359
,327
,346
,377
,352
,333
,365
,362
,341
,337
,366
,360
,329
2026 06 19 18:04:14.998910,340
,379
,358
,328
,353
,367
,333
,332
,389
,380
,347
,350
,381
,367
2026 06 19 18:04:15.059897,332
,355
,375
,348
,327
,357
,362
,337
,332
,350
,352
,327
,350
,375
2026 06 19 18:04:15.121512,357
,337
,361
,372
,352
,347
,381
,375
,342
,353
,385
,361
,329
,351
2026 06 19 18:04:15.186712,356
,339
,338
,363
,350
,335
,352
,373
,365
,336
,357
,379
,352
,330
2026 06 19 18:04:15.248594,365
,367
,333
,334
,362
,348
,339
,359
,377
,359
,335
,359
,366
,336
2026 06 19 18:04:15.314696,336
,369
,360
,328
,342
,379
,357
,330
,352
,365
,341
,326
,358
,357
2026 06 19 18:04:15.375457,337
,344
,375
,356
,326
,346
,363
,341
,327
,361
,362
,333
,333
,370
2026 06 19 18:04:15.436995,360
,325
,345
,370
,353
,330
,358
,368
,340
,340
,368
,337
,312
,347
2026 06 19 18:04:15.503181,381
,368
,334
,357
,373
,348
,339
,369
,363
,333
,342
,370
,352
,325
2026 06 19 18:04:15.564405,348
,367
,347
,322
,368
,366
,335
,346
,365
,347
,323
,356
,374
,354
2026 06 19 18:04:15.629698,318
,352
,367
,337
,323
,361
,355
,327
,339
,365
,349
,321
,345
,370
2026 06 19 18:04:15.691444,342
,334
,376
,369
,342
,340
,370
,353
,318
,335
,360
,336
,321
,351
2026 06 19 18:04:15.753371,357
,330
,328
,363
,351
,320
,336
,353
,338
,329
,354
,370
,338
,332
2026 06 19 18:04:15.817493,366
,355
,328
,336
,363
,350
,323
,340
,363
,335
,320
,358
,360
,327
2026 06 19 18:04:15.878853,331
,375
,356
,331
,354
,373
,345
,325
,354
,358
,331
,328
,352
,342
2026 06 19 18:04:15.944661,326
,340
,354
,328
,323
,354
,359
,335
,332
,364
,356
,329
,337
,367
2026 06 19 18:04:16.005476,346
,318
,345
,363
,339
,318
,364
,362
,336
,334
,368
,358
,324
,333
2026 06 19 18:04:16.067411,361
,347
,323
,344
,349
,327
,323
,358
,343
,313
,332
,358
,341
,317
2026 06 19 18:04:16.134183,340
,349
,338
,328
,358
,348
,325
,338
,368
,352
,333
,355
,369
,342
2026 06 19 18:04:16.194618,326
,357
,344
,321
,336
,360
,343
,323
,341
,366
,347
,327
,342
,362
2026 06 19 18:04:16.259971,335
,343
,372
,353
,324
,333
,362
,342
,320
,348
,365
,340
,325
,353
2026 06 19 18:04:16.321949,354
,335
,347
,373
,353
,330
,353
,377
,354
,332
,357
,352
,329
,339
2026 06 19 18:04:16.383059,371
,365
,332
,348
,356
,353
,343
,374
,379
,350
,339
,373
,365
,335
2026 06 19 18:04:16.448741,358
,392
,367
,332
,361
,371
,347
,332
,366
,358
,316
,329
,374
,345
2026 06 19 18:04:16.509916,322
,351
,377
,351
,334
,360
,359
,335
,335
,366
,357
,334
,353
,381
2026 06 19 18:04:16.575733,354
,327
,357
,369
,344
,335
,373
,361
,334
,345
,368
,345
,319
,347
2026 06 19 18:04:16.637224,358
,334
,321
,348
,351
,323
,326
,362
,354
,333
,347
,358
,342
,328
2026 06 19 18:04:16.699699,361
,358
,333
,339
,378
,361
,330
,342
,357
,333
,316
,334
,351
,329
2026 06 19 18:04:16.763805,327
,355
,350
,322
,322
,367
,351
,317
,350
,371
,350
,333
,361
,356
2026 06 19 18:04:16.825253,332
,338
,358
,357
,335
,354
,375
,348
,336
,365
,360
,343
,348
,381
2026 06 19 18:04:16.891219,366
,338
,354
,377
,359
,333
,357
,361
,329
,333
,372
,359
,326
,327
2026 06 19 18:04:16.953491,363
,351
,315
,343
,369
,347
,330
,359
,359
,334
,338
,368
,350
,322
2026 06 19 18:04:17.014243,345
,362
,346
,322
,356
,363
,333
,326
,353
,358
,336
,345
,371
,347
2026 06 19 18:04:17.079750,312
,346
,358
,334
,325
,369
,365
,329
,343
,375
,355
,324
,354
,369
2026 06 19 18:04:17.141541,340
,322
,349
,357
,335
,343
,376
,356
,326
,351
,372
,338
,313
,355
2026 06 19 18:04:17.207978,367
,335
,334
,368
,356
,339
,353
,372
,351
,321
,360
,366
,336
,327
2026 06 19 18:04:17.268495,364
,359
,327
,328
,364
,350
,328
,353
,378
,347
,330
,364
,364
,337
2026 06 19 18:04:17.329643,333
,371
,357
,323
,350
,380
,347
,324
,361
,368
,334
,336
,368
,353
2026 06 19 18:04:17.394946,326
,344
,368
,358
,337
,366
,377
,352
,339
,369
,373
,345
,351
,370
2026 06 19 18:04:17.456877,337
,320
,350
,375
,353
,340
,369
,358
,324
,327
,361
,351
,324
,343
2026 06 19 18:04:17.521403,364
,337
,314
,358
,370
,343
,343
,371
,362
,331
,342
,375
,363
,336
2026 06 19 18:04:17.586756,364
,370
,343
,331
,360
,355
,323
,332
,367
,350
,323
,351
,363
,337
2026 06 19 18:04:17.644503,328
,368
,377
,336
,330
,372
,361
,322
,354
,378
,351
,327
,362
,373
2026 06 19 18:04:17.709928,348
,334
,378
,366
,334
,343
,386
,363
,338
,366
,378
,344
,342
,378
2026 06 19 18:04:17.771929,366
,329
,344
,378
,365
,337
,361
,379
,359
,339
,368
,368
,345
,348
2026 06 19 18:04:17.837582,383
,371
,339
,359
,391
,355
,335
,376
,379
,346
,342
,373
,353
,329
2026 06 19 18:04:17.903855,362
,397
,370
,340
,372
,385
,355
,343
,374
,370
,339
,345
,378
,362
2026 06 19 18:04:17.960444,337
,363
,377
,350
,342
,376
,370
,341
,347
,382
,370
,338
,359
,385
2026 06 19 18:04:18.025942,355
,326
,361
,371
,345
,338
,374
,363
,334
,345
,373
,361
,335
,358
2026 06 19 18:04:18.087190,361
,339
,350
,373
,362
,340
,342
,370
,348
,321
,349
,368
,343
,322
2026 06 19 18:04:18.152730,357
,366
,332
,328
,360
,355
,328
,348
,370
,351
,327
,363
,369
,336
2026 06 19 18:04:18.214473,337
,374
,364
,331
,341
,368
,344
,318
,343
,364
,340
,319
,351
,358
2026 06 19 18:04:18.275193,329
,335
,368
,357
,328
,346
,373
,348
,330
,362
,365
,342
,335
,362
2026 06 19 18:04:18.340162,353
,326
,344
,373
,353
,327
,363
,375
,344
,326
,371
,366
,338
,350
2026 06 19 18:04:18.404713,372
,352
,331
,350
,368
,339
,320
,363
,369
,347
,349
,380
,363
,337
2026 06 19 18:04:18.463442,358
,379
,356
,342
,369
,372
,338
,334
,380
,366
,336
,351
,363
,347
2026 06 19 18:04:18.529582,325
,358
,375
,347
,337
,371
,363
,329
,338
,371
,354
,323
,346
,362
2026 06 19 18:04:18.591168,337
,327
,368
,365
,337
,340
,373
,363
,332
,345
,373
,351
,326
,365
2026 06 19 18:04:18.656579,369
,341
,338
,372
,365
,337
,348
,374
,358
,331
,360
,372
,337
,333
2026 06 19 18:04:18.717315,370
,377
,347
,354
,379
,353
,329
,349
,365
,343
,330
,364
,366
,336
2026 06 19 18:04:18.779695,338
,369
,361
,335
,354
,371
,352
,331
,358
,371
,342
,331
,369
,361
2026 06 19 18:04:18.845015,339
,345
,375
,359
,335
,371
,383
,350
,336
,376
,370
,343
,351
,378
2026 06 19 18:04:18.906601,360
,331
,358
,375
,344
,334
,373
,375
,345
,346
,378
,358
,337
,356
2026 06 19 18:04:18.972310,376
,349
,320
,359
,373
,340
,332
,363
,357
,329
,343
,370
,347
,322
2026 06 19 18:04:19.033914,352
,368
,346
,331
,367
,361
,345
,357
,378
,352
,325
,346
,371
,351
2026 06 19 18:04:19.094418,327
,353
,360
,352
,350
,377
,364
,336
,353
,369
,346
,329
,360
,369
2026 06 19 18:04:19.160683,342
,331
,366
,361
,330
,342
,365
,337
,319
,350
,364
,335
,317
,359
2026 06 19 18:04:19.221671,371
,340
,347
,375
,352
,322
,348
,369
,349
,331
,367
,371
,340
,336
2026 06 19 18:04:19.286990,370
,352
,323
,339
,368
,355
,330
,358
,353
,328
,333
,372
,352
,324
2026 06 19 18:04:19.349002,336
,367
,343
,321
,345
,364
,347
,333
,368
,361
,335
,347
,375
,345
2026 06 19 18:04:19.410214,317
,353
,371
,344
,324
,350
,358
,341
,339
,372
,353
,323
,342
,360
2026 06 19 18:04:19.477334,346
,330
,364
,371
,337
,324
,362
,354
,321
,337
,362
,339
,312
,343
2026 06 19 18:04:19.537017,354
,332
,320
,345
,352
,338
,339
,375
,355
,325
,340
,372
,357
,328
2026 06 19 18:04:19.602922,356
,367
,335
,331
,366
,356
,324
,341
,362
,343
,328
,356
,363
,328
2026 06 19 18:04:19.664748,320
,362
,360
,337
,344
,372
,359
,334
,357
,377
,349
,327
,361
,359
2026 06 19 18:04:19.725390,329
,339
,371
,346
,322
,343
,359
,338
,321
,362
,367
,337
,333
,368
2026 06 19 18:04:19.793411,357
,331
,351
,380
,358
,329
,367
,383
,350
,338
,370
,349
,327
,348
2026 06 19 18:04:19.852052,366
,343
,328
,352
,371
,350
,329
,360
,365
,334
,342
,371
,358
,334
2026 06 19 18:04:19.918041,352
,372
,345
,325
,355
,363
,331
,331
,374
,356
,337
,348
,368
,350
2026 06 19 18:04:19.981542,333
,362
,375
,345
,337
,370
,367
,336
,346
,379
,362
,333
,358
,375
2026 06 19 18:04:20.040507,347
,332
,370
,371
,337
,331
,374
,356
,325
,344
,369
,351
,332
,362
2026 06 19 18:04:20.106822,366
,337
,333
,366
,366
,335
,349
,379
,359
,339
,359
,366
,338
,330
2026 06 19 18:04:20.167359,367
,357
,330
,339
,380
,357
,329
,347
,355
,332
,319
,356
,357
,335
2026 06 19 18:04:20.232772,338
,367
,357
,333
,353
,371
,339
,321
,361
,364
,322
,319
,364
,356
2026 06 19 18:04:20.295013,327
,338
,352
,323
,307
,341
,353
,331
,324
,366
,356
,324
,329
,355
2026 06 19 18:04:20.355799,343
,318
,339
,373
,348
,329
,358
,356
,329
,326
,359
,343
,316
,331
2026 06 19 18:04:20.421370,354
,339
,324
,352
,348
,329
,327
,359
,348
,319
,338
,370
,350
,320
2026 06 19 18:04:20.483852,351
,368
,342
,326
,361
,352
,335
,345
,375
,350
,316
,340
,369
,342
2026 06 19 18:04:20.548576,324
,360
,361
,334
,345
,373
,354
,327
,343
,359
,342
,328
,352
,375
2026 06 19 18:04:20.614226,346
,333
,363
,360
,325
,345
,379
,353
,327
,354
,365
,350
,341
,372
2026 06 19 18:04:20.671165,369
,343
,346
,371
,362
,327
,355
,380
,353
,330
,364
,369
,344
,338
2026 06 19 18:04:20.737200,367
,355
,326
,330
,359
,341
,318
,357
,369
,339
,337
,371
,356
,335
2026 06 19 18:04:20.798808,344
,367
,346
,322
,349
,363
,332
,318
,353
,354
,334
,338
,361
,331
2026 06 19 18:04:20.863885,324
,363
,375
,350
,330
,361
,373
,351
,348
,374
,358
,329
,342
,362
2026 06 19 18:04:20.925275,341
,320
,351
,355
,319
,318
,367
,364
,321
,340
,373
,351
,328
,354
2026 06 19 18:04:20.986560,379
,352
,335
,367
,362
,338
,345
,375
,362
,333
,350
,367
,336
,316
2026 06 19 18:04:21.052503,348
,358
,348
,350
,379
,361
,329
,342
,369
,346
,337
,364
,374
,345
2026 06 19 18:04:21.113727,335
,370
,365
,337
,350
,378
,354
,328
,355
,371
,346
,337
,365
,363
2026 06 19 18:04:21.179702,339
,338
,365
,352
,331
,349
,374
,346
,322
,343
,367
,342
,342
,372
2026 06 19 18:04:21.240791,356
,337
,356
,375
,346
,328
,358
,370
,344
,337
,368
,366
,347
,354
2026 06 19 18:04:21.302436,373
,350
,325
,351
,371
,346
,333
,371
,373
,341
,347
,375
,356
,328
2026 06 19 18:04:21.369445,345
,378
,356
,325
,357
,363
,345
,334
,362
,353
,328
,334
,366
,352
2026 06 19 18:04:21.429627,331
,362
,374
,345
,335
,368
,360
,329
,342
,379
,359
,323
,356
,386
2026 06 19 18:04:21.498893,351
,337
,375
,365
,339
,334
,363
,348
,331
,341
,360
,348
,335
,368
2026 06 19 18:04:21.556701,370
,345
,346
,380
,367
,333
,342
,370
,361
,331
,363
,374
,347
,335
2026 06 19 18:04:21.617462,368
,364
,331
,345
,383
,352
,341
,368
,381
,355
,342
,376
,376
,340
2026 06 19 18:04:21.683496,342
,380
,359
,334
,356
,381
,351
,331
,366
,373
,344
,339
,365
,369
2026 06 19 18:04:21.744797,337
,343
,373
,359
,334
,359
,368
,347
,340
,373
,368
,333
,338
,368
2026 06 19 18:04:21.810244,350
,328
,353
,372
,345
,323
,363
,366
,335
,334
,367
,352
,321
,340
2026 06 19 18:04:21.872380,378
,350
,325
,354
,366
,332
,326
,355
,343
,319
,332
,371
,346
,322
2026 06 19 18:04:21.933141,354
,359
,334
,324
,357
,353
,319
,330
,366
,354
,324
,344
,360
,333
2026 06 19 18:04:21.998676,312
,352
,352
,322
,321
,362
,354
,325
,334
,356
,351
,330
,364
,366
2026 06 19 18:04:22.059821,333
,336
,369
,363
,341
,353
,378
,357
,328
,360
,371
,344
,335
,368
2026 06 19 18:04:22.125657,368
,335
,345
,375
,367
,341
,362
,371
,344
,326
,358
,365
,332
,334
2026 06 19 18:04:22.186805,375
,364
,333
,348
,369
,350
,334
,359
,368
,344
,335
,364
,366
,343
2026 06 19 18:04:22.248796,353
,375
,349
,328
,351
,373
,335
,316
,358
,362
,338
,343
,371
,345
2026 06 19 18:04:22.313862,319
,348
,366
,352
,332
,363
,366
,337
,334
,374
,357
,327
,345
,369
2026 06 19 18:04:22.376152,349
,326
,354
,372
,355
,342
,374
,368
,341
,351
,385
,358
,333
,359
2026 06 19 18:04:22.441558,369
,343
,332
,367
,363
,327
,336
,365
,342
,320
,341
,362
,342
,327
2026 06 19 18:04:22.502812,362
,368
,337
,337
,366
,364
,335
,349
,382
,359
,331
,357
,361
,326
2026 06 19 18:04:22.564654,335
,379
,373
,336
,350
,379
,356
,324
,351
,369
,344
,326
,361
,362
2026 06 19 18:04:22.628751,329
,333
,368
,359
,337
,358
,381
,350
,322
,369
,372
,338
,329
,369
2026 06 19 18:04:22.691289,359
,330
,345
,368
,339
,319
,361
,370
,344
,337
,368
,359
,334
,345
2026 06 19 18:04:22.752511,369
,347
,325
,346
,371
,349
,337
,367
,363
,329
,343
,372
,360
,338
2026 06 19 18:04:22.818875,354
,377
,344
,324
,357
,361
,333
,320
,364
,374
,341
,350
,371
,354
2026 06 19 18:04:22.879650,320
,358
,377
,340
,330
,365
,364
,334
,340
,372
,358
,327
,353
,368
2026 06 19 18:04:22.945154,338
,326
,365
,362
,343
,341
,374
,360
,333
,346
,356
,342
,326
,349
2026 06 19 18:04:23.006537,358
,346
,335
,364
,358
,331
,355
,376
,353
,326
,348
,368
,358
,336
2026 06 19 18:04:23.068191,370
,363
,326
,341
,376
,353
,324
,354
,376
,347
,331
,364
,370
,336
2026 06 19 18:04:23.133438,331
,368
,359
,333
,350
,367
,348
,333
,357
,363
,336
,326
,366
,359
2026 06 19 18:04:23.195013,330
,342
,362
,336
,319
,343
,365
,333
,317
,359
,353
,324
,329
,372
2026 06 19 18:04:23.259806,356
,330
,353
,372
,353
,329
,363
,368
,329
,331
,370
,358
,331
,350
2026 06 19 18:04:23.320808,368
,347
,329
,354
,367
,336
,330
,366
,362
,333
,340
,365
,345
,324
2026 06 19 18:04:23.383400,353
,366
,339
,329
,357
,362
,349
,351
,379
,360
,327
,350
,370
,338
2026 06 19 18:04:23.448286,323
,360
,355
,323
,328
,354
,343
,325
,343
,371
,346
,326
,353
,367
2026 06 19 18:04:23.509750,347
,332
,370
,364
,332
,334
,353
,342
,326
,356
,366
,343
,332
,367
2026 06 19 18:04:23.575673,361
,331
,334
,369
,359
,326
,347
,369
,348
,330
,366
,371
,341
,337
2026 06 19 18:04:23.639201,382
,360
,326
,340
,369
,342
,322
,353
,362
,334
,327
,365
,363
,332
2026 06 19 18:04:23.698858,338
,369
,354
,330
,358
,376
,353
,339
,371
,361
,337
,338
,367
,354
2026 06 19 18:04:23.764152,320
,343
,366
,338
,320
,351
,355
,335
,331
,364
,357
,328
,345
,375
2026 06 19 18:04:23.825114,356
,323
,355
,370
,350
,332
,372
,364
,325
,330
,359
,345
,316
,348
2026 06 19 18:04:23.890431,361
,335
,320
,353
,351
,319
,329
,367
,354
,327
,348
,368
,345
,322
2026 06 19 18:04:23.952030,355
,358
,328
,327
,357
,343
,314
,332
,360
,343
,321
,346
,339
,306
2026 06 19 18:04:24.013962,309
,370
,362
,327
,346
,378
,361
,333
,354
,366
,337
,322
,354
,364
2026 06 19 18:04:24.079749,337
,332
,365
,353
,318
,331
,355
,349
,326
,351
,363
,331
,325
,356
2026 06 19 18:04:24.140860,357
,335
,351
,369
,355
,338
,361
,368
,343
,338
,366
,356
,327
,332
2026 06 19 18:04:24.206738,361
,342
,326
,350
,357
,343
,339
,372
,367
,338
,339
,375
,360
,334
2026 06 19 18:04:24.267880,358
,378
,346
,332
,367
,373
,334
,328
,375
,363
,326
,337
,357
,339
2026 06 19 18:04:24.330659,315
,344
,363
,329
,316
,355
,358
,336
,342
,374
,359
,331
,349
,370
2026 06 19 18:04:24.394419,349
,329
,360
,364
,331
,326
,358
,346
,318
,337
,353
,337
,332
,355
2026 06 19 18:04:24.455898,358
,336
,344
,376
,358
,331
,344
,365
,352
,325
,352
,363
,335
,333
2026 06 19 18:04:24.521629,364
,357
,320
,333
,365
,344
,331
,348
,366
,344
,323
,364
,371
,344
2026 06 19 18:04:24.583570,346
,374
,357
,324
,345
,363
,339
,325
,358
,366
,338
,336
,379
,365
2026 06 19 18:04:24.644914,329
,342
,362
,351
,322
,351
,367
,347
,336
,370
,362
,336
,348
,376
2026 06 19 18:04:24.709681,352
,324
,359
,374
,352
,333
,363
,358
,336
,338
,371
,356
,326
,344
2026 06 19 18:04:24.771871,362
,341
,321
,349
,357
,329
,321
,350
,351
,325
,344
,369
,348
,323
2026 06 19 18:04:24.837430,352
,362
,336
,324
,359
,353
,326
,326
,362
,356
,319
,352
,374
,348
2026 06 19 18:04:24.897424,332
,371
,373
,338
,328
,358
,357
,336
,350
,374
,351
,326
,346
,361
2026 06 19 18:04:24.960115,332
,323
,355
,345
,318
,330
,359
,338
,316
,348
,365
,337
,326
,362
2026 06 19 18:04:25.025139,354
,331
,345
,363
,315
,367
,385
,381
,355
,334
,361
,357
,326
,324
2026 06 19 18:04:25.087129,360
,347
,323
,343
,370
,352
,332
,363
,371
,342
,336
,370
,360
,329
2026 06 19 18:04:25.152032,342
,370
,349
,321
,344
,355
,338
,324
,351
,350
,325
,339
,368
,364
2026 06 19 18:04:25.215725,327
,356
,393
,360
,340
,373
,370
,338
,338
,367
,351
,328
,353
,371
2026 06 19 18:04:25.275295,346
,327
,347
,360
,350
,338
,379
,367
,334
,342
,369
,349
,327
,358
2026 06 19 18:04:25.340885,370
,336
,324
,361
,357
,325
,332
,364
,348
,334
,358
,371
,352
,339
2026 06 19 18:04:25.403948,366
,368
,331
,323
,365
,361
,327
,341
,363
,340
,323
,350
,367
,330
2026 06 19 18:04:25.467873,322
,357
,349
,320
,327
,359
,343
,323
,353
,372
,345
,327
,359
,357
2026 06 19 18:04:25.528848,324
,328
,373
,357
,328
,349
,372
,344
,325
,364
,372
,344
,345
,378
2026 06 19 18:04:25.590960,360
,321
,335
,366
,357
,331
,354
,361
,329
,320
,346
,349
,321
,337
2026 06 19 18:04:25.656740,369
,346
,324
,349
,367
,344
,331
,360
,353
,332
,329
,366
,359
,325
2026 06 19 18:04:25.719667,359
,381
,354
,334
,360
,366
,338
,341
,373
,359
,327
,337
,371
,355
2026 06 19 18:04:25.783928,328
,363
,372
,344
,332
,362
,361
,345
,349
,378
,354
,331
,351
,365
2026 06 19 18:04:25.845097,351
,331
,365
,369
,338
,350
,383
,369
,339
,358
,378
,348
,322
,357
2026 06 19 18:04:25.905465,369
,338
,337
,368
,350
,323
,343
,371
,342
,316
,360
,374
,345
,333
2026 06 19 18:04:25.971937,358
,347
,335
,354
,377
,353
,337
,357
,369
,357
,338
,370
,368
,337
2026 06 19 18:04:26.035521,340
,372
,356
,333
,353
,379
,355
,330
,360
,366
,343
,342
,380
,366
2026 06 19 18:04:26.098898,335
,347
,365
,346
,333
,363
,371
,342
,335
,364
,352
,322
,346
,383
2026 06 19 18:04:26.159512,358
,337
,358
,372
,343
,325
,359
,353
,332
,338
,369
,360
,334
,350
2026 06 19 18:04:26.221434,362
,339
,340
,361
,365
,334
,326
,353
,364
,343
,353
,369
,358
,336
2026 06 19 18:04:26.286939,357
,372
,346
,329
,373
,372
,337
,340
,375
,359
,341
,374
,375
,349
2026 06 19 18:04:26.350004,350
,379
,374
,343
,346
,379
,362
,335
,355
,380
,360
,338
,359
,367
2026 06 19 18:04:26.413898,351
,340
,373
,367
,344
,355
,372
,345
,332
,366
,373
,338
,320
,362
2026 06 19 18:04:26.475609,363
,327
,339
,371
,356
,327
,346
,371
,362
,346
,378
,379
,347
,340
2026 06 19 18:04:26.536894,374
,352
,314
,342
,369
,347
,319
,357
,365
,335
,322
,367
,359
,336
2026 06 19 18:04:26.601886,353
,374
,350
,323
,358
,377
,345
,336
,371
,363
,338
,339
,363
,345
2026 06 19 18:04:26.664018,323
,350
,367
,336
,312
,353
,354
,338
,340
,364
,349
,325
,344
,374
2026 06 19 18:04:26.725628,357
,333
,361
,371
,336
,334
,368
,352
,319
,333
,360
,341
,319
,347
2026 06 19 18:04:26.791144,366
,340
,327
,357
,358
,336
,340
,365
,350
,332
,355
,377
,350
,325
2026 06 19 18:04:26.852121,367
,370
,346
,344
,368
,347
,319
,342
,366
,350
,324
,352
,363
,336
2026 06 19 18:04:26.917535,327
,367
,357
,327
,335
,363
,354
,329
,349
,367
,340
,336
,373
,370
2026 06 19 18:04:26.979696,344
,343
,378
,360
,328
,353
,374
,349
,331
,362
,359
,323
,336
,369
2026 06 19 18:04:27.040657,353
,323
,342
,361
,341
,338
,362
,370
,357
,356
,378
,367
,337
,342
2026 06 19 18:04:27.107683,367
,352
,324
,340
,367
,347
,325
,363
,363
,334
,332
,366
,356
,327
2026 06 19 18:04:27.168823,341
,354
,346
,336
,355
,356
,338
,336
,358
,346
,321
,332
,360
,349
2026 06 19 18:04:27.233515,321
,350
,359
,335
,323
,355
,346
,319
,337
,371
,353
,327
,350
,368
2026 06 19 18:04:27.294777,336
,318
,354
,350
,328
,343
,375
,368
,336
,347
,368
,351
,331
,360
2026 06 19 18:04:27.355958,364
,332
,329
,373
,362
,325
,337
,382
,358
,317
,378
,398
,360
,345
2026 06 19 18:04:27.421497,373
,365
,332
,344
,380
,362
,334
,354
,373
,351
,328
,359
,358
,332
2026 06 19 18:04:27.483275,348
,382
,375
,349
,367
,395
,365
,336
,367
,384
,356
,347
,379
,364
2026 06 19 18:04:27.548806,332
,354
,377
,360
,338
,366
,385
,362
,348
,380
,368
,341
,358
,392
2026 06 19 18:04:27.610077,372
,350
,383
,397
,369
,351
,380
,382
,357
,356
,386
,373
,341
,366
2026 06 19 18:04:27.671156,386
,356
,343
,368
,364
,353
,361
,390
,372
,350
,368
,397
,373
,338
2026 06 19 18:04:27.737199,365
,392
,364
,349
,383
,372
,342
,345
,375
,363
,338
,362
,376
,352
2026 06 19 18:04:27.797913,340
,374
,375
,349
,348
,391
,375
,344
,363
,384
,361
,337
,360
,375
2026 06 19 18:04:27.864176,352
,345
,374
,365
,333
,342
,362
,341
,333
,359
,360
,339
,341
,379
2026 06 19 18:04:27.924799,376
,346
,349
,379
,363
,336
,364
,378
,352
,331
,359
,359
,334
,346
2026 06 19 18:04:27.986901,379
,361
,321
,343
,372
,355
,345
,369
,367
,342
,342
,376
,365
,339
2026 06 19 18:04:28.052121,348
,374
,354
,328
,354
,371
,346
,330
,362
,359
,326
,333
,370
,350
2026 06 19 18:04:28.114025,323
,348
,369
,346
,330
,360
,365
,339
,341
,374
,362
,325
,347
,379
2026 06 19 18:04:28.179591,348
,320
,345
,358
,334
,333
,361
,352
,331
,331
,358
,343
,323
,352
2026 06 19 18:04:28.245119,370
,340
,330
,363
,345
,321
,342
,366
,347
,325
,345
,364
,333
,317
2026 06 19 18:04:28.302634,348
,355
,325
,326
,357
,337
,318
,333
,353
,331
,305
,333
,346
,323
2026 06 19 18:04:28.367453,320
,353
,333
,312
,333
,359
,333
,304
,333
,351
,334
,319
,349
,343
2026 06 19 18:04:28.430135,316
,314
,347
,334
,317
,336
,353
,327
,312
,344
,348
,319
,316
,347
2026 06 19 18:04:28.495031,340
,309
,316
,345
,325
,309
,342
,354
,326
,316
,340
,338
,313
,322
2026 06 19 18:04:28.556531,350
,326
,301
,333
,351
,329
,324
,356
,346
,308
,319
,364
,342
,313
2026 06 19 18:04:28.617581,333
,350
,322
,302
,329
,340
,326
,324
,353
,337
,306
,323
,347
,325
2026 06 19 18:04:28.683419,303
,334
,343
,319
,324
,348
,329
,319
,338
,359
,335
,310
,333
,348
2026 06 19 18:04:28.744533,323
,311
,336
,333
,312
,316
,350
,332
,304
,326
,346
,324
,306
,340
2026 06 19 18:04:28.811251,341
,315
,315
,348
,338
,308
,325
,342
,324
,302
,337
,348
,319
,309
2026 06 19 18:04:28.871418,351
,342
,312
,321
,349
,325
,307
,333
,345
,319
,308
,338
,326
,298
2026 06 19 18:04:28.933120,305
,343
,323
,290
,334
,350
,318
,301
,336
,342
,311
,307
,338
,327
2026 06 19 18:04:28.998791,299
,313
,340
,323
,303
,330
,342
,317
,311
,336
,330
,313
,323
,349
2026 06 19 18:04:29.060862,324
,302
,337
,350
,314
,307
,352
,345
,311
,317
,344
,327
,310
,336
2026 06 19 18:04:29.125664,359
,334
,317
,349
,354
,318
,312
,353
,341
,317
,334
,353
,337
,315
2026 06 19 18:04:29.187322,334
,352
,327
,318
,343
,338
,304
,319
,357
,344
,316
,337
,358
,344
2026 06 19 18:04:29.249015,326
,350
,348
,327
,322
,350
,343
,314
,329
,357
,335
,313
,346
,353
2026 06 19 18:04:29.313340,321
,314
,341
,339
,312
,325
,350
,340
,305
,344
,368
,337
,322
,355
2026 06 19 18:04:29.375678,350
,323
,333
,351
,341
,318
,344
,354
,330
,318
,353
,355
,325
,331
2026 06 19 18:04:29.441140,364
,350
,328
,344
,377
,346
,320
,347
,354
,334
,321
,356
,355
,326
2026 06 19 18:04:29.502758,337
,360
,346
,319
,338
,368
,342
,327
,361
,363
,333
,339
,370
,347
2026 06 19 18:04:29.564436,322
,346
,364
,344
,331
,362
,364
,336
,335
,364
,347
,313
,339
,367
2026 06 19 18:04:29.629832,342
,330
,364
,367
,338
,328
,359
,353
,324
,341
,368
,347
,335
,366
2026 06 19 18:04:29.690011,368
,338
,325
,364
,363
,335
,341
,373
,364
,333
,352
,364
,347
,335
2026 06 19 18:04:29.755409,363
,363
,333
,327
,369
,353
,328
,367
,392
,364
,338
,365
,368
,340
2026 06 19 18:04:29.817501,334
,358
,345
,316
,344
,373
,349
,321
,349
,367
,341
,322
,353
,355
2026 06 19 18:04:29.879613,334
,343
,368
,359
,341
,359
,381
,350
,326
,357
,364
,331
,329
,368
2026 06 19 18:04:29.945341,360
,323
,337
,361
,349
,323
,350
,358
,330
,321
,349
,343
,323
,340
2026 06 19 18:04:30.006635,369
,351
,331
,352
,369
,340
,330
,357
,360
,329
,338
,372
,348
,318
2026 06 19 18:04:30.071390,339
,360
,334
,320
,356
,353
,334
,338
,372
,357
,330
,340
,364
,342
2026 06 19 18:04:30.132765,322
,354
,361
,331
,321
,363
,356
,330
,340
,363
,345
,329
,352
,362
2026 06 19 18:04:30.195384,340
,329
,362
,362
,334
,335
,376
,365
,328
,349
,376
,356
,331
,360
2026 06 19 18:04:30.259790,358
,339
,342
,367
,347
,313
,344
,371
,354
,332
,361
,373
,344
,330
2026 06 19 18:04:30.321590,364
,363
,337
,347
,367
,346
,325
,347
,370
,341
,319
,355
,359
,333
2026 06 19 18:04:30.386944,348
,376
,356
,337
,355
,371
,355
,330
,359
,368
,342
,338
,372
,368
2026 06 19 18:04:30.448845,337
,351
,370
,347
,324
,346
,361
,339
,335
,374
,362
,334
,342
,357
2026 06 19 18:04:30.510774,355
,339
,359
,378
,354
,335
,365
,365
,337
,342
,367
,344
,322
,343
2026 06 19 18:04:30.575357,361
,340
,317
,351
,357
,335
,337
,360
,362
,330
,340
,361
,352
,320
2026 06 19 18:04:30.637027,338
,366
,348
,332
,365
,358
,327
,339
,359
,340
,311
,352
,366
,344
2026 06 19 18:04:30.698367,329
,357
,364
,337
,334
,360
,351
,322
,343
,364
,342
,320
,359
,363
2026 06 19 18:04:30.765007,334
,330
,364
,347
,309
,335
,368
,344
,325
,356
,366
,340
,329
,352
2026 06 19 18:04:30.825018,354
,339
,344
,370
,360
,334
,350
,370
,354
,335
,362
,364
,335
,337
2026 06 19 18:04:30.891570,373
,353
,326
,344
,363
,354
,328
,360
,369
,344
,333
,364
,356
,335
2026 06 19 18:04:30.952502,354
,375
,350
,322
,345
,359
,337
,331
,365
,353
,331
,337
,359
,338
2026 06 19 18:04:31.013288,319
,347
,368
,347
,329
,360
,357
,324
,324
,357
,332
,313
,338
,359
2026 06 19 18:04:31.082539,341
,332
,360
,363
,330
,321
,353
,347
,322
,331
,363
,341
,319
,341
2026 06 19 18:04:31.140999,354
,335
,320
,354
,349
,320
,328
,357
,338
,322
,352
,363
,340
,334
2026 06 19 18:04:31.205525,357
,352
,325
,327
,359
,345
,314
,337
,362
,340
,317
,340
,346
,324
2026 06 19 18:04:31.268848,322
,354
,348
,321
,331
,363
,348
,324
,353
,363
,332
,320
,360
,353
2026 06 19 18:04:31.329077,320
,328
,362
,344
,319
,333
,346
,340
,326
,355
,365
,339
,337
,363
2026 06 19 18:04:31.394902,353
,333
,351
,371
,351
,330
,355
,359
,324
,321
,359
,352
,322
,335
2026 06 19 18:04:31.455847,364
,346
,321
,348
,361
,333
,325
,362
,353
,328
,338
,373
,356
,332
2026 06 19 18:04:31.524122,352
,368
,345
,326
,355
,358
,327
,327
,363
,341
,319
,341
,359
,334
2026 06 19 18:04:31.582424,317
,363
,363
,330
,329
,360
,356
,323
,330
,366
,349
,324
,350
,364
2026 06 19 18:04:31.644394,342
,329
,361
,357
,327
,330
,358
,346
,329
,352
,369
,353
,332
,349
2026 06 19 18:04:31.709629,337
,330
,333
,363
,348
,315
,328
,361
,338
,314
,338
,349
,324
,316
2026 06 19 18:04:31.771539,353
,350
,325
,335
,354
,329
,316
,341
,349
,331
,311
,340
,356
,321
2026 06 19 18:04:31.836678,319
,352
,342
,319
,341
,352
,336
,322
,352
,346
,320
,326
,361
,348
2026 06 19 18:04:31.897586,319
,335
,356
,335
,305
,336
,336
,318
,319
,354
,346
,318
,327
,353
2026 06 19 18:04:31.960550,343
,318
,340
,353
,326
,311
,353
,350
,320
,324
,355
,340
,313
,333
2026 06 19 18:04:32.025517,352
,329
,309
,339
,345
,320
,316
,343
,335
,317
,332
,341
,346
,335
2026 06 19 18:04:32.087948,351
,346
,330
,336
,361
,354
,323
,332
,365
,348
,321
,343
,357
,328
2026 06 19 18:04:32.153481,310
,349
,354
,327
,327
,346
,331
,315
,347
,365
,335
,318
,351
,347
2026 06 19 18:04:32.214611,317
,340
,371
,358
,326
,335
,365
,339
,316
,342
,350
,326
,317
,352
2026 06 19 18:04:32.275412,351
,327
,326
,356
,338
,315
,355
,369
,340
,326
,358
,362
,333
,332
2026 06 19 18:04:32.340348,362
,347
,320
,336
,362
,336
,315
,347
,355
,330
,326
,359
,349
,322
2026 06 19 18:04:32.403937,338
,356
,334
,319
,349
,362
,334
,326
,358
,362
,335
,340
,367
,350
2026 06 19 18:04:32.466954,325
,348
,350
,328
,327
,359
,357
,327
,342
,367
,356
,335
,349
,378
2026 06 19 18:04:32.529000,356
,334
,365
,374
,345
,336
,361
,350
,326
,351
,373
,348
,331
,359
2026 06 19 18:04:32.590881,366
,343
,327
,362
,360
,332
,341
,372
,354
,326
,352
,366
,344
,328
2026 06 19 18:04:32.655239,362
,376
,350
,341
,370
,348
,327
,351
,367
,342
,319
,353
,356
,333
2026 06 19 18:04:32.717883,326
,356
,348
,322
,338
,355
,345
,324
,347
,365
,349
,338
,370
,361
2026 06 19 18:04:32.783145,328
,331
,366
,350
,321
,340
,351
,338
,330
,355
,354
,327
,331
,364
2026 06 19 18:04:32.844958,349
,325
,343
,361
,334
,323
,354
,363
,337
,327
,364
,351
,319
,320
2026 06 19 18:04:32.905418,356
,335
,292
,333
,372
,341
,329
,355
,345
,311
,320
,350
,337
,319
2026 06 19 18:04:32.971511,346
,368
,340
,323
,358
,355
,322
,313
,358
,350
,313
,342
,365
,336
2026 06 19 18:04:33.033434,320
,362
,362
,330
,320
,356
,351
,327
,342
,369
,352
,331
,358
,374
2026 06 19 18:04:33.097950,345
,318
,349
,369
,348
,343
,369
,349
,320
,336
,362
,345
,321
,357
2026 06 19 18:04:33.163400,355
,325
,317
,359
,355
,329
,347
,366
,352
,330
,349
,373
,353
,345
2026 06 19 18:04:33.222155,381
,367
,335
,340
,370
,354
,331
,359
,374
,351
,344
,375
,376
,341
2026 06 19 18:04:33.286722,353
,388
,374
,343
,360
,382
,364
,348
,375
,373
,344
,348
,381
,371
2026 06 19 18:04:33.348812,345
,358
,388
,366
,342
,369
,368
,352
,348
,374
,358
,331
,359
,384
2026 06 19 18:04:33.413962,370
,343
,366
,383
,359
,349
,378
,374
,345
,353
,390
,375
,346
,365
2026 06 19 18:04:33.474983,381
,355
,341
,371
,374
,348
,344
,379
,376
,349
,366
,385
,359
,338
2026 06 19 18:04:33.536629,375
,379
,345
,330
,370
,376
,340
,357
,391
,369
,341
,370
,383
,353
2026 06 19 18:04:33.602158,341
,376
,373
,344
,352
,381
,360
,337
,366
,382
,358
,338
,376
,373
2026 06 19 18:04:33.664057,343
,333
,376
,372
,344
,360
,376
,359
,340
,368
,377
,355
,347
,378
2026 06 19 18:04:33.729338,374
,350
,360
,385
,362
,333
,366
,376
,349
,344
,372
,369
,338
,341
2026 06 19 18:04:33.791072,375
,365
,347
,365
,380
,356
,340
,376
,375
,347
,343
,372
,357
,343
2026 06 19 18:04:33.852014,362
,388
,371
,346
,376
,380
,351
,345
,373
,368
,337
,347
,379
,358
2026 06 19 18:04:33.917570,334
,355
,377
,353
,338
,373
,372
,351
,355
,384
,366
,354
,373
,385
2026 06 19 18:04:33.978874,359
,343
,378
,380
,353
,350
,384
,371
,343
,359
,378
,362
,342
,371
2026 06 19 18:04:34.044962,389
,357
,352
,382
,379
,348
,348
,392
,388
,359
,376
,385
,356
,334
2026 06 19 18:04:34.106402,373
,373
,348
,355
,384
,361
,339
,368
,380
,353
,334
,371
,375
,349
2026 06 19 18:04:34.169934,347
,374
,372
,345
,353
,381
,375
,353
,379
,385
,354
,344
,380
,376
2026 06 19 18:04:34.233224,346
,350
,373
,355
,328
,356
,369
,347
,332
,366
,355
,329
,348
,376
2026 06 19 18:04:34.295267,354
,335
,352
,373
,356
,338
,371
,375
,344
,344
,373
,366
,345
,364
2026 06 19 18:04:34.359757,387
,373
,346
,368
,374
,359
,347
,379
,378
,352
,359
,389
,374
,346
2026 06 19 18:04:34.421810,373
,385
,359
,341
,371
,372
,342
,352
,383
,367
,341
,363
,387
,366
2026 06 19 18:04:34.482496,349
,378
,378
,351
,351
,378
,375
,348
,357
,380
,364
,343
,377
,392
2026 06 19 18:04:34.548731,363
,340
,374
,384
,353
,360
,392
,374
,348
,368
,390
,367
,350
,385
2026 06 19 18:04:34.609853,380
,353
,358
,382
,370
,348
,365
,383
,353
,344
,379
,387
,363
,353
2026 06 19 18:04:34.671189,385
,376
,353
,365
,392
,363
,340
,377
,392
,364
,347
,382
,376
,340
2026 06 19 18:04:34.737051,345
,374
,371
,352
,369
,376
,351
,345
,378
,381
,349
,349
,379
,358
2026 06 19 18:04:34.798578,344
,361
,387
,370
,339
,372
,375
,346
,350
,382
,371
,344
,353
,377
2026 06 19 18:04:34.863543,370
,343
,370
,380
,343
,331
,380
,375
,343
,347
,393
,375
,332
,368
2026 06 19 18:04:34.925690,381
,356
,350
,380
,370
,336
,344
,396
,369
,347
,372
,380
,351
,347
2026 06 19 18:04:34.986823,384
,380
,342
,347
,389
,380
,348
,355
,384
,373
,341
,360
,390
,358
2026 06 19 18:04:35.051825,342
,383
,395
,361
,374
,404
,382
,355
,387
,398
,363
,347
,384
,374
2026 06 19 18:04:35.113415,348
,359
,390
,383
,357
,375
,397
,375
,359
,396
,391
,358
,350
,383
2026 06 19 18:04:35.179081,372
,342
,348
,372
,366
,342
,378
,387
,366
,350
,379
,402
,363
,361
2026 06 19 18:04:35.240800,360
,360
,360
,378
,388
,362
,344
,375
,382
,353
,353
,380
,380
,351
2026 06 19 18:04:35.301857,375
,390
,365
,328
,355
,369
,363
,344
,378
,368
,342
,357
,382
,360
2026 06 19 18:04:35.367842,339
,370
,385
,355
,334
,371
,369
,352
,355
,376
,371
,339
,354
,369
2026 06 19 18:04:35.428785,347
,347
,384
,386
,348
,350
,389
,376
,342
,343
,357
,351
,334
,368
2026 06 19 18:04:35.494180,376
,346
,334
,365
,379
,361
,367
,401
,380
,342
,362
,391
,370
,354
2026 06 19 18:04:35.556922,382
,378
,348
,360
,386
,369
,346
,375
,391
,357
,356
,402
,406
,377
2026 06 19 18:04:35.617637,362
,373
,381
,363
,372
,388
,343
,334
,372
,380
,349
,334
,376
,377
2026 06 19 18:04:35.683243,352
,359
,387
,370
,337
,356
,381
,354
,329
,361
,370
,333
,333
,363
2026 06 19 18:04:35.744352,344
,315
,341
,352
,345
,338
,377
,380
,346
,339
,366
,359
,327
,342
2026 06 19 18:04:35.810246,371
,348
,327
,352
,366
,335
,328
,364
,373
,341
,352
,386
,369
,327
2026 06 19 18:04:35.870696,353
,380
,360
,339
,367
,364
,345
,349
,379
,360
,340
,359
,378
,357
2026 06 19 18:04:35.932776,332
,369
,381
,342
,340
,379
,361
,328
,351
,377
,372
,344
,369
,377
2026 06 19 18:04:35.997469,352
,336
,362
,350
,331
,361
,372
,366
,333
,357
,379
,351
,323
,361
2026 06 19 18:04:36.059983,366
,344
,347
,371
,365
,341
,356
,379
,365
,346
,368
,376
,351
,352
2026 06 19 18:04:36.124909,384
,365
,341
,340
,370
,380
,364
,383
,394
,365
,350
,385
,379
,349
2026 06 19 18:04:36.186673,353
,382
,366
,349
,372
,384
,358
,342
,371
,375
,366
,365
,389
,380
2026 06 19 18:04:36.248736,356
,364
,387
,360
,344
,371
,372
,356
,344
,379
,376
,346
,358
,379
2026 06 19 18:04:36.313620,353
,336
,360
,356
,340
,344
,367
,352
,336
,352
,376
,357
,334
,351
2026 06 19 18:04:36.375482,365
,342
,312
,350
,346
,328
,338
,360
,342
,328
,355
,378
,362
,343
2026 06 19 18:04:36.440357,352
,352
,347
,349
,377
,359
,338
,345
,362
,367
,348
,370
,384
,361
2026 06 19 18:04:36.501645,349
,384
,390
,354
,365
,404
,378
,344
,350
,364
,342
,347
,381
,377
2026 06 19 18:04:36.563866,352
,354
,381
,371
,352
,367
,383
,359
,338
,361
,363
,329
,333
,389
2026 06 19 18:04:36.628794,368
,333
,338
,379
,367
,336
,366
,371
,344
,344
,380
,369
,334
,359
2026 06 19 18:04:36.690142,383
,364
,331
,354
,373
,343
,322
,365
,375
,345
,346
,382
,362
,337
2026 06 19 18:04:36.756268,359
,379
,361
,332
,361
,374
,347
,339
,381
,366
,339
,352
,372
,359
2026 06 19 18:04:36.817347,336
,358
,368
,337
,309
,368
,360
,330
,348
,378
,347
,329
,348
,360
2026 06 19 18:04:36.878758,345
,326
,350
,359
,331
,315
,352
,356
,312
,341
,388
,357
,335
,366
2026 06 19 18:04:36.945003,375
,349
,338
,378
,370
,338
,354
,385
,367
,347
,368
,380
,357
,343
2026 06 19 18:04:37.005584,380
,362
,335
,349
,384
,365
,327
,356
,380
,356
,347
,385
,369
,336
2026 06 19 18:04:37.070856,347
,387
,377
,348
,361
,384
,361
,337
,361
,366
,339
,336
,381
,360
2026 06 19 18:04:37.133203,320
,336
,375
,361
,334
,355
,364
,345
,347
,365
,360
,349
,362
,389
2026 06 19 18:04:37.194765,368
,338
,353
,373
,340
,327
,376
,373
,347
,349
,372
,365
,348
,364
2026 06 19 18:04:37.260132,387
,365
,337
,366
,372
,340
,345
,373
,358
,336
,350
,388
,364
,339
2026 06 19 18:04:37.321214,368
,385
,366
,344
,367
,376
,342
,347
,382
,365
,342
,364
,373
,344
2026 06 19 18:04:37.386777,325
,366
,374
,334
,323
,372
,367
,341
,358
,371
,345
,324
,347
,340
2026 06 19 18:04:37.448566,328
,328
,352
,344
,323
,350
,384
,361
,336
,351
,358
,356
,340
,368
2026 06 19 18:04:37.509659,361
,330
,345
,378
,351
,320
,352
,372
,357
,337
,367
,369
,347
,356
2026 06 19 18:04:37.575450,376
,382
,355
,367
,376
,349
,339
,367
,369
,343
,338
,366
,353
,327
2026 06 19 18:04:37.636547,345
,373
,352
,323
,354
,368
,340
,326
,360
,354
,327
,339
,370
,350
2026 06 19 18:04:37.701523,320
,336
,355
,332
,322
,354
,356
,330
,339
,368
,354
,330
,341
,367
2026 06 19 18:04:37.762945,343
,314
,338
,360
,338
,329
,356
,348
,322
,337
,372
,351
,326
,347
2026 06 19 18:04:37.825094,354
,330
,321
,359
,352
,328
,357
,384
,364
,335
,348
,364
,355
,336
2026 06 19 18:04:37.891004,365
,365
,336
,333
,366
,344
,308
,336
,380
,347
,312
,361
,371
,339
2026 06 19 18:04:37.951908,338
,377
,365
,332
,335
,366
,347
,320
,353
,370
,344
,325
,355
,360
2026 06 19 18:04:38.016988,333
,344
,369
,352
,327
,328
,357
,357
,331
,351
,359
,351
,344
,368
2026 06 19 18:04:38.079040,360
,333
,340
,363
,351
,324
,354
,361
,336
,328
,365
,356
,326
,341
2026 06 19 18:04:38.140580,374
,355
,316
,342
,378
,355
,334
,363
,365
,343
,345
,373
,358
,328
2026 06 19 18:04:38.206673,347
,369
,346
,327
,358
,367
,339
,332
,358
,334
,325
,343
,367
,354
2026 06 19 18:04:38.267256,330
,363
,373
,340
,334
,364
,356
,330
,340
,366
,348
,327
,355
,371
2026 06 19 18:04:38.333153,348
,329
,358
,365
,326
,335
,383
,367
,328
,347
,385
,358
,332
,367
2026 06 19 18:04:38.395659,377
,348
,343
,370
,367
,341
,354
,372
,355
,331
,353
,370
,341
,329
2026 06 19 18:04:38.455497,374
,364
,342
,346
,373
,356
,325
,350
,380
,356
,335
,367
,367
,343
2026 06 19 18:04:38.520844,351
,371
,344
,329
,359
,379
,359
,336
,364
,373
,351
,337
,367
,353
2026 06 19 18:04:38.584686,333
,348
,374
,355
,329
,354
,360
,320
,323
,383
,369
,341
,344
,374
2026 06 19 18:04:38.644650,364
,332
,357
,372
,348
,335
,365
,364
,336
,337
,366
,353
,325
,340
2026 06 19 18:04:38.710084,368
,340
,314
,341
,339
,332
,345
,373
,362
,320
,341
,367
,347
,323
2026 06 19 18:04:38.770917,356
,368
,343
,321
,352
,355
,327
,333
,357
,344
,323
,349
,365
,342
2026 06 19 18:04:38.837066,328
,352
,357
,330
,328
,357
,342
,313
,329
,355
,334
,314
,346
,356
2026 06 19 18:04:38.899087,329
,321
,348
,345
,322
,334
,366
,351
,328
,353
,364
,345
,331
,355
2026 06 19 18:04:38.959366,349
,322
,335
,366
,347
,309
,332
,358
,339
,328
,355
,360
,335
,332
2026 06 19 18:04:39.026058,370
,357
,331
,344
,364
,346
,319
,346
,360
,333
,327
,360
,351
,324
2026 06 19 18:04:39.086671,333
,358
,335
,311
,333
,349
,339
,323
,360
,359
,327
,329
,354
,345
2026 06 19 18:04:39.153131,317
,328
,348
,333
,323
,348
,355
,332
,329
,360
,345
,320
,343
,364
2026 06 19 18:04:39.213840,342
,319
,346
,353
,324
,317
,358
,337
,304
,338
,365
,345
,316
,325
2026 06 19 18:04:39.275625,346
,347
,328
,351
,347
,309
,317
,357
,342
,316
,337
,360
,338
,315
2026 06 19 18:04:39.341505,349
,351
,317
,321
,355
,348
,326
,341
,363
,354
,326
,355
,360
,331
2026 06 19 18:04:39.402016,319
,349
,343
,312
,326
,352
,332
,304
,339
,354
,337
,322
,353
,343
2026 06 19 18:04:39.467783,319
,323
,351
,337
,319
,340
,368
,337
,322
,361
,362
,333
,329
,362
2026 06 19 18:04:39.528822,351
,328
,340
,363
,345
,318
,349
,359
,337
,331
,366
,357
,327
,348
2026 06 19 18:04:39.590627,371
,355
,331
,347
,363
,341
,335
,369
,363
,339
,342
,367
,356
,327
2026 06 19 18:04:39.655385,349
,372
,359
,338
,363
,363
,338
,335
,368
,358
,336
,354
,378
,352
2026 06 19 18:04:39.717903,326
,351
,364
,348
,329
,356
,371
,346
,351
,375
,358
,334
,359
,374
2026 06 19 18:04:39.783253,348
,331
,372
,371
,337
,344
,373
,362
,340
,359
,378
,357
,335
,360
2026 06 19 18:04:39.844732,362
,335
,335
,368
,360
,335
,352
,371
,349
,330
,359
,369
,348
,345
2026 06 19 18:04:39.905195,378
,379
,350
,358
,383
,362
,337
,353
,375
,353
,334
,365
,364
,334
2026 06 19 18:04:39.971265,340
,370
,355
,331
,347
,371
,350
,333
,364
,372
,343
,335
,368
,350
2026 06 19 18:04:40.033055,325
,350
,374
,350
,322
,355
,367
,341
,332
,365
,361
,332
,347
,375
2026 06 19 18:04:40.097949,354
,329
,351
,371
,347
,330
,359
,361
,335
,337
,369
,352
,323
,344
2026 06 19 18:04:40.159023,365
,344
,319
,350
,357
,336
,329
,356
,347
,326
,339
,355
,341
,323
2026 06 19 18:04:40.221105,343
,363
,347
,341
,368
,358
,327
,338
,364
,349
,324
,343
,364
,344
2026 06 19 18:04:40.286745,322
,348
,345
,323
,333
,376
,358
,330
,347
,368
,347
,318
,355
,375
2026 06 19 18:04:40.347206,347
,336
,364
,357
,330
,347
,375
,349
,321
,345
,355
,331
,317
,345
2026 06 19 18:04:40.413838,357
,333
,341
,370
,358
,336
,353
,370
,357
,330
,357
,358
,338
,337
2026 06 19 18:04:40.475510,355
,346
,329
,349
,372
,354
,332
,359
,366
,340
,332
,368
,345
,320
2026 06 19 18:04:40.536876,354
,378
,360
,335
,360
,378
,348
,334
,365
,362
,337
,336
,371
,359
2026 06 19 18:04:40.601819,328
,344
,366
,345
,326
,352
,354
,329
,324
,352
,340
,319
,343
,369
2026 06 19 18:04:40.664739,349
,321
,345
,375
,350
,336
,361
,363
,335
,342
,362
,343
,324
,352
2026 06 19 18:04:40.729372,364
,343
,327
,359
,357
,333
,343
,375
,361
,332
,352
,368
,358
,337
2026 06 19 18:04:40.790711,367
,368
,339
,339
,368
,359
,333
,343
,365
,350
,324
,350
,357
,340
2026 06 19 18:04:40.851695,334
,364
,359
,333
,345
,379
,358
,332
,351
,362
,355
,341
,374
,371
2026 06 19 18:04:40.918993,335
,343
,384
,365
,335
,353
,368
,352
,332
,362
,366
,345
,348
,361
2026 06 19 18:04:40.978953,351
,331
,351
,377
,358
,334
,362
,367
,348
,337
,368
,362
,335
,344
2026 06 19 18:04:41.044653,373
,354
,331
,358
,376
,349
,340
,368
,368
,333
,341
,383
,367
,345
2026 06 19 18:04:41.106173,359
,372
,363
,336
,368
,376
,341
,336
,374
,369
,338
,351
,375
,355
2026 06 19 18:04:41.167035,330
,360
,365
,347
,344
,362
,361
,349
,360
,381
,356
,339
,363
,375
2026 06 19 18:04:41.233227,352
,339
,371
,368
,335
,339
,370
,352
,326
,348
,366
,349
,332
,358
2026 06 19 18:04:41.294820,369
,338
,337
,362
,353
,343
,350
,372
,357
,332
,363
,367
,337
,332
2026 06 19 18:04:41.360031,362
,353
,327
,338
,365
,344
,322
,346
,357
,331
,313
,348
,355
,327
2026 06 19 18:04:41.421372,344
,367
,344
,337
,362
,378
,350
,322
,355
,363
,339
,339
,365
,354
2026 06 19 18:04:41.483350,335
,344
,372
,353
,326
,353
,363
,339
,324
,366
,361
,335
,344
,374
2026 06 19 18:04:41.547042,359
,331
,357
,373
,349
,329
,354
,360
,340
,338
,367
,358
,331
,350
2026 06 19 18:04:41.610494,370
,350
,328
,355
,359
,343
,346
,387
,376
,345
,353
,375
,355
,330
2026 06 19 18:04:41.675327,357
,367
,337
,329
,363
,355
,327
,339
,362
,346
,325
,349
,363
,337
2026 06 19 18:04:41.737159,335
,373
,371
,346
,348
,381
,366
,337
,350
,364
,346
,326
,355
,363
2026 06 19 18:04:41.801194,334
,328
,360
,348
,322
,346
,380
,358
,321
,350
,379
,348
,335
,370
2026 06 19 18:04:41.863084,359
,335
,345
,371
,351
,324
,351
,366
,344
,327
,357
,356
,329
,325
2026 06 19 18:04:41.924696,364
,357
,335
,353
,371
,336
,322
,384
,387
,357
,345
,373
,368
,339
2026 06 19 18:04:41.990720,349
,371
,344
,323
,361
,364
,339
,333
,364
,353
,324
,331
,368
,349
2026 06 19 18:04:42.051485,325
,353
,374
,357
,346
,375
,372
,342
,341
,373
,357
,329
,345
,366
2026 06 19 18:04:42.113827,346
,329
,355
,360
,335
,333
,366
,358
,332
,348
,370
,351
,331
,363
2026 06 19 18:04:42.183648,373
,345
,330
,364
,362
,337
,344
,368
,353
,327
,351
,375
,352
,336
2026 06 19 18:04:42.240032,369
,365
,330
,328
,360
,354
,334
,351
,368
,350
,344
,372
,370
,342
2026 06 19 18:04:42.305332,338
,356
,358
,337
,348
,366
,355
,329
,350
,360
,337
,323
,350
,348
2026 06 19 18:04:42.368020,327
,329
,364
,360
,333
,356
,374
,357
,340
,366
,366
,339
,345
,374
2026 06 19 18:04:42.428814,357
,333
,344
,362
,345
,320
,351
,366
,336
,327
,361
,354
,328
,340
2026 06 19 18:04:42.494205,365
,339
,312
,350
,366
,337
,322
,351
,351
,329
,336
,364
,344
,313
2026 06 19 18:04:42.556157,345
,371
,351
,331
,360
,357
,326
,330
,355
,347
,321
,337
,369
,351
2026 06 19 18:04:42.621278,325
,349
,358
,329
,325
,356
,349
,322
,333
,360
,344
,323
,349
,359
2026 06 19 18:04:42.682992,339
,325
,358
,354
,330
,336
,370
,352
,322
,347
,370
,346
,327
,357
2026 06 19 18:04:42.744455,364
,339
,333
,360
,342
,337
,347
,373
,348
,325
,352
,359
,334
,328
2026 06 19 18:04:42.810160,360
,351
,330
,341
,372
,353
,327
,363
,376
,352
,328
,350
,354
,336
2026 06 19 18:04:42.871477,333
,347
,346
,331
,352
,369
,347
,326
,351
,352
,327
,329
,363
,351
2026 06 19 18:04:42.932492,329
,350
,372
,350
,325
,347
,359
,333
,328
,365
,358
,330
,340
,363
2026 06 19 18:04:42.997525,346
,320
,345
,350
,345
,334
,367
,363
,326
,333
,362
,352
,333
,350
2026 06 19 18:04:43.058856,371
,352
,331
,364
,369
,334
,332
,356
,346
,331
,344
,365
,341
,316
2026 06 19 18:04:43.125065,350
,362
,331
,326
,365
,362
,333
,342
,368
,353
,323
,351
,370
,339
2026 06 19 18:04:43.186727,324
,363
,373
,341
,345
,373
,359
,328
,346
,373
,355
,328
,350
,362
2026 06 19 18:04:43.247468,341
,336
,371
,352
,332
,352
,371
,354
,331
,358
,371
,336
,322
,369
2026 06 19 18:04:43.313254,365
,338
,343
,371
,352
,324
,345
,364
,341
,324
,362
,363
,334
,336
2026 06 19 18:04:43.375162,367
,350
,323
,345
,364
,342
,321
,353
,360
,335
,332
,365
,354
,326
2026 06 19 18:04:43.440228,335
,356
,339
,329
,353
,362
,339
,337
,369
,362
,332
,342
,369
,354
2026 06 19 18:04:43.502611,324
,350
,364
,340
,321
,357
,354
,326
,329
,357
,341
,323
,346
,367
2026 06 19 18:04:43.563035,343
,323
,354
,357
,329
,325
,359
,357
,326
,337
,370
,347
,319
,353
2026 06 19 18:04:43.629577,357
,330
,328
,356
,357
,333
,337
,363
,348
,320
,348
,365
,344
,327
2026 06 19 18:04:43.690098,360
,361
,334
,334
,365
,347
,317
,347
,362
,343
,329
,358
,366
,344
2026 06 19 18:04:43.755475,337
,365
,353
,324
,333
,363
,350
,332
,355
,369
,344
,329
,363
,361
2026 06 19 18:04:43.818731,333
,343
,368
,347
,326
,347
,362
,342
,321
,357
,369
,343
,345
,373
2026 06 19 18:04:43.879179,357
,325
,350
,374
,351
,335
,362
,370
,340
,335
,370
,369
,343
,358
2026 06 19 18:04:43.944259,380
,355
,326
,356
,378
,344
,336
,381
,369
,340
,345
,366
,351
,327
2026 06 19 18:04:44.005112,354
,376
,356
,336
,368
,366
,333
,337
,362
,348
,332
,356
,374
,354
2026 06 19 18:04:44.070888,331
,360
,371
,343
,337
,373
,366
,338
,346
,373
,359
,333
,362
,375
2026 06 19 18:04:44.135256,354
,342
,376
,372
,343
,348
,381
,362
,332
,353
,366
,339
,321
,367
2026 06 19 18:04:44.194081,370
,345
,344
,377
,361
,326
,357
,383
,359
,340
,363
,369
,353
,343
2026 06 19 18:04:44.259996,374
,366
,340
,351
,377
,356
,331
,353
,369
,348
,344
,374
,375
,343
2026 06 19 18:04:44.321003,347
,374
,360
,333
,360
,377
,358
,343
,369
,369
,341
,342
,374
,362
2026 06 19 18:04:44.386560,336
,351
,373
,348
,325
,357
,370
,345
,337
,372
,370
,335
,347
,382
2026 06 19 18:04:44.448052,368
,341
,365
,378
,357
,341
,372
,369
,340
,346
,374
,361
,334
,357
2026 06 19 18:04:44.509784,380
,360
,336
,367
,367
,335
,329
,374
,371
,340
,349
,384
,368
,339
2026 06 19 18:04:44.575159,367
,372
,340
,335
,368
,360
,333
,344
,370
,351
,320
,348
,366
,344
2026 06 19 18:04:44.635457,330
,365
,366
,336
,339
,369
,352
,332
,359
,375
,352
,334
,362
,370
2026 06 19 18:04:44.704508,348
,340
,365
,358
,333
,348
,369
,354
,330
,355
,367
,336
,333
,364
2026 06 19 18:04:44.763862,355
,333
,342
,371
,352
,329
,357
,368
,349
,346
,376
,383
,345
,342
2026 06 19 18:04:44.824935,370
,355
,328
,345
,368
,354
,335
,365
,370
,343
,340
,377
,369
,337
2026 06 19 18:04:44.890503,350
,390
,369
,340
,367
,370
,335
,339
,374
,365
,342
,358
,384
,369
2026 06 19 18:04:44.952111,342
,364
,378
,350
,337
,372
,368
,340
,342
,375
,363
,337
,355
,374
2026 06 19 18:04:45.017584,355
,341
,367
,360
,340
,337
,372
,363
,327
,345
,369
,354
,330
,354
2026 06 19 18:04:45.078749,361
,334
,329
,357
,354
,329
,335
,365
,343
,314
,352
,367
,336
,314
2026 06 19 18:04:45.140739,353
,349
,326
,338
,367
,350
,320
,345
,371
,348
,330
,355
,357
,330
2026 06 19 18:04:45.205374,326
,362
,356
,330
,344
,372
,350
,329
,358
,367
,335
,334
,367
,360
2026 06 19 18:04:45.269885,336
,334
,364
,352
,328
,349
,370
,347
,327
,359
,360
,332
,331
,363
2026 06 19 18:04:45.332643,353
,326
,344
,364
,341
,318
,360
,365
,331
,324
,361
,351
,325
,333
2026 06 19 18:04:45.394022,357
,332
,310
,332
,353
,332
,315
,344
,347
,322
,326
,358
,350
,316
2026 06 19 18:04:45.455642,337
,363
,338
,318
,350
,351
,325
,324
,356
,343
,315
,331
,353
,335
2026 06 19 18:04:45.520917,315
,347
,353
,328
,327
,361
,350
,327
,335
,361
,343
,308
,335
,363
2026 06 19 18:04:45.583065,319
,292
,349
,356
,326
,334
,360
,339
,310
,334
,350
,330
,312
,343
2026 06 19 18:04:45.647850,351
,322
,322
,348
,350
,320
,338
,361
,341
,320
,349
,356
,330
,321
2026 06 19 18:04:45.709701,354
,349
,323
,332
,356
,336
,316
,341
,345
,323
,322
,360
,350
,318
2026 06 19 18:04:45.771477,326
,354
,344
,326
,345
,363
,335
,318
,347
,349
,322
,316
,348
,340
2026 06 19 18:04:45.836771,312
,327
,356
,343
,324
,354
,366
,339
,329
,363
,361
,335
,333
,367
2026 06 19 18:04:45.897537,356
,338
,359
,367
,340
,324
,361
,359
,330
,332
,372
,356
,324
,338
2026 06 19 18:04:45.963573,352
,332
,323
,359
,356
,333
,336
,365
,353
,329
,341
,362
,339
,315
2026 06 19 18:04:46.025212,337
,355
,332
,318
,352
,354
,322
,329
,363
,349
,318
,346
,367
,339
2026 06 19 18:04:46.086557,323
,365
,360
,335
,325
,365
,361
,330
,350
,364
,337
,329
,353
,360
2026 06 19 18:04:46.151309,339
,335
,366
,354
,323
,337
,357
,341
,321
,342
,353
,327
,322
,355
2026 06 19 18:04:46.213152,348
,316
,326
,359
,347
,322
,344
,358
,331
,316
,352
,353
,323
,322
2026 06 19 18:04:46.279148,361
,352
,328
,343
,362
,341
,319
,354
,364
,336
,331
,364
,348
,330
2026 06 19 18:04:46.340182,350
,375
,354
,329
,358
,368
,335
,326
,369
,361
,331
,339
,371
,359
2026 06 19 18:04:46.401772,334
,357
,366
,333
,327
,377
,378
,343
,338
,374
,362
,328
,353
,376
2026 06 19 18:04:46.470004,350
,320
,364
,368
,342
,342
,377
,362
,332
,348
,373
,348
,324
,350
2026 06 19 18:04:46.528922,352
,344
,337
,364
,354
,319
,328
,365
,344
,321
,347
,353
,325
,317
2026 06 19 18:04:46.594868,351
,344
,318
,320
,351
,336
,310
,328
,347
,331
,311
,342
,345
,320
2026 06 19 18:04:46.655439,316
,354
,346
,313
,331
,361
,351
,329
,350
,360
,337
,326
,358
,358
2026 06 19 18:04:46.717670,332
,342
,369
,352
,325
,341
,363
,347
,328
,358
,359
,333
,334
,368
2026 06 19 18:04:46.783140,352
,318
,338
,367
,339
,312
,345
,363
,322
,319
,372
,357
,327
,338
2026 06 19 18:04:46.844214,361
,348
,324
,344
,353
,338
,332
,353
,355
,336
,338
,362
,343
,318
2026 06 19 18:04:46.905767,337
,353
,334
,318
,350
,350
,324
,324
,353
,352
,324
,339
,356
,331
2026 06 19 18:04:46.970892,330
,354
,359
,327
,324
,360
,353
,321
,333
,358
,347
,321
,349
,367
2026 06 19 18:04:47.032271,340
,328
,363
,359
,327
,332
,362
,353
,332
,349
,365
,339
,326
,362
2026 06 19 18:04:47.097170,352
,324
,347
,385
,360
,336
,351
,374
,354
,329
,359
,366
,338
,331
2026 06 19 18:04:47.159086,364
,358
,331
,340
,369
,353
,328
,355
,366
,342
,340
,372
,367
,338
2026 06 19 18:04:47.220695,341
,370
,351
,327
,359
,376
,349
,328
,367
,378
,350
,344
,374
,369
2026 06 19 18:04:47.286990,345
,358
,377
,355
,334
,369
,379
,351
,343
,376
,364
,338
,352
,376
2026 06 19 18:04:47.347887,355
,339
,361
,371
,347
,332
,370
,376
,345
,342
,377
,366
,343
,359
2026 06 19 18:04:47.413577,375
,357
,334
,364
,367
,339
,340
,375
,363
,345
,360
,384
,363
,337
2026 06 19 18:04:47.475072,357
,369
,360
,353
,380
,370
,339
,350
,380
,361
,336
,360
,368
,338
2026 06 19 18:04:47.536802,334
,377
,374
,348
,350
,378
,362
,333
,350
,364
,343
,326
,356
,361
2026 06 19 18:04:47.601784,340
,336
,367
,361
,331
,349
,375
,356
,333
,358
,373
,349
,335
,369
2026 06 19 18:04:47.664835,367
,342
,349
,377
,360
,338
,356
,366
,343
,330
,366
,359
,326
,336
2026 06 19 18:04:47.728866,381
,374
,339
,358
,382
,357
,335
,363
,367
,341
,336
,369
,357
,327
2026 06 19 18:04:47.791226,348
,376
,355
,329
,355
,371
,351
,337
,369
,365
,331
,339
,380
,363
2026 06 19 18:04:47.851777,340
,358
,376
,351
,338
,372
,370
,341
,339
,374
,358
,326
,348
,375
2026 06 19 18:04:47.917740,352
,333
,363
,367
,343
,338
,364
,356
,334
,353
,376
,354
,330
,355
2026 06 19 18:04:47.982941,366
,336
,331
,365
,364
,335
,340
,365
,348
,326
,350
,366
,345
,334
2026 06 19 18:04:48.044028,361
,361
,334
,330
,359
,352
,326
,345
,369
,351
,322
,355
,372
,340
2026 06 19 18:04:48.105457,331
,367
,353
,321
,339
,364
,346
,320
,344
,356
,334
,317
,356
,358
2026 06 19 18:04:48.167113,326
,330
,369
,352
,316
,338
,353
,324
,324
,352
,356
,336
,332
,363
2026 06 19 18:04:48.233463,351
,321
,341
,361
,343
,320
,346
,346
,330
,323
,351
,343
,329
,340
2026 06 19 18:04:48.294380,360
,343
,319
,340
,358
,332
,318
,358
,358
,334
,338
,364
,349
,325
2026 06 19 18:04:48.359922,346
,365
,343
,323
,350
,347
,330
,324
,358
,348
,320
,330
,362
,352
2026 06 19 18:04:48.420800,334
,358
,367
,336
,323
,356
,356
,331
,338
,369
,347
,312
,342
,362
2026 06 19 18:04:48.482509,335
,323
,357
,355
,330
,339
,372
,355
,330
,354
,374
,346
,321
,357
2026 06 19 18:04:48.547612,361
,330
,330
,359
,347
,313
,348
,383
,359
,340
,365
,376
,351
,340
2026 06 19 18:04:48.609209,372
,368
,340
,343
,366
,349
,324
,348
,369
,349
,336
,367
,366
,338
2026 06 19 18:04:48.674787,342
,373
,362
,336
,353
,372
,337
,313
,363
,374
,343
,336
,368
,359
2026 06 19 18:04:48.736868,333
,351
,381
,361
,334
,360
,370
,346
,339
,367
,357
,328
,339
,369
2026 06 19 18:04:48.797632,358
,339
,362
,381
,355
,341
,371
,371
,341
,343
,380
,365
,334
,350
2026 06 19 18:04:48.863563,369
,353
,333
,361
,369
,345
,339
,376
,367
,340
,353
,379
,363
,336
2026 06 19 18:04:48.925332,363
,377
,350
,342
,373
,368
,339
,350
,379
,361
,332
,354
,374
,355
2026 06 19 18:04:48.990424,341
,372
,375
,349
,343
,365
,361
,332
,356
,383
,369
,339
,361
,379
2026 06 19 18:04:49.051883,351
,343
,376
,371
,340
,350
,386
,368
,340
,362
,374
,343
,329
,367
2026 06 19 18:04:49.114525,363
,340
,342
,371
,354
,326
,349
,371
,348
,323
,364
,371
,349
,344
2026 06 19 18:04:49.178815,377
,363
,331
,344
,363
,341
,319
,347
,359
,333
,328
,361
,357
,334
2026 06 19 18:04:49.240705,341
,365
,357
,328
,348
,360
,337
,325
,352
,345
,312
,320
,369
,357
2026 06 19 18:04:49.305963,329
,352
,372
,349
,333
,363
,366
,342
,337
,369
,357
,329
,340
,362
2026 06 19 18:04:49.366925,349
,322
,352
,364
,335
,328
,357
,371
,349
,356
,381
,362
,333
,355
2026 06 19 18:04:49.428958,370
,346
,337
,360
,360
,335
,339
,368
,353
,324
,350
,369
,348
,331
2026 06 19 18:04:49.494609,363
,362
,340
,337
,368
,357
,323
,343
,367
,352
,337
,358
,359
,336
2026 06 19 18:04:49.556569,343
,374
,360
,331
,340
,367
,347
,336
,361
,376
,346
,332
,363
,366
2026 06 19 18:04:49.621256,340
,344
,370
,355
,332
,349
,368
,349
,327
,357
,367
,349
,346
,381
2026 06 19 18:04:49.682871,373
,340
,354
,383
,362
,338
,363
,372
,341
,325
,364
,363
,330
,343
2026 06 19 18:04:49.744320,382
,362
,342
,363
,369
,361
,346
,375
,375
,342
,343
,373
,357
,329
2026 06 19 18:04:49.809692,344
,368
,352
,332
,362
,370
,346
,341
,369
,361
,341
,352
,376
,354
2026 06 19 18:04:49.872032,326
,357
,368
,339
,332
,359
,361
,340
,348
,374
,362
,338
,360
,372
2026 06 19 18:04:49.936707,349
,329
,361
,368
,340
,335
,373
,357
,321
,350
,375
,353
,332
,359
2026 06 19 18:04:49.998061,371
,349
,340
,368
,360
,342
,357
,383
,361
,330
,354
,368
,342
,325
2026 06 19 18:04:50.059036,348
,356
,335
,336
,367
,357
,328
,347
,370
,359
,334
,366
,371
,342
2026 06 19 18:04:50.124566,343
,367
,350
,326
,344
,372
,344
,321
,354
,365
,338
,337
,375
,370
2026 06 19 18:04:50.186676,335
,346
,370
,354
,326
,347
,366
,336
,331
,360
,355
,324
,332
,364
2026 06 19 18:04:50.252431,349
,331
,354
,371
,350
,329
,356
,360
,340
,341
,365
,356
,328
,345
2026 06 19 18:04:50.314011,364
,349
,332
,356
,367
,345
,336
,367
,364
,335
,344
,378
,356
,328
2026 06 19 18:04:50.374617,356
,367
,344
,329
,361
,359
,331
,336
,367
,349
,326
,352
,366
,349
2026 06 19 18:04:50.440447,342
,369
,370
,339
,340
,375
,363
,336
,353
,373
,352
,330
,356
,365
2026 06 19 18:04:50.501826,344
,334
,369
,367
,341
,351
,377
,362
,337
,361
,372
,348
,331
,368
2026 06 19 18:04:50.567443,371
,347
,351
,382
,365
,336
,355
,371
,343
,330
,359
,371
,342
,328
2026 06 19 18:04:50.628706,375
,353
,325
,355
,378
,354
,333
,357
,368
,347
,342
,373
,364
,334
2026 06 19 18:04:50.690038,346
,371
,351
,331
,350
,358
,329
,323
,362
,362
,335
,336
,369
,353
2026 06 19 18:04:50.755649,324
,343
,362
,342
,327
,357
,362
,333
,327
,359
,351
,334
,351
,376
2026 06 19 18:04:50.816963,353
,329
,369
,379
,350
,338
,368
,361
,337
,346
,374
,353
,336
,361
2026 06 19 18:04:50.878677,372
,339
,327
,357
,358
,331
,335
,364
,347
,324
,346
,368
,352
,336
2026 06 19 18:04:50.944091,365
,369
,337
,336
,369
,361
,335
,346
,374
,357
,333
,355
,369
,342
2026 06 19 18:04:51.007587,332
,365
,356
,326
,339
,373
,352
,324
,343
,372
,358
,336
,361
,363
2026 06 19 18:04:51.070772,334
,337
,367
,352
,320
,341
,373
,351
,336
,367
,373
,344
,338
,372
2026 06 19 18:04:51.132926,364
,336
,350
,371
,351
,331
,353
,363
,331
,325
,355
,363
,340
,351
2026 06 19 18:04:51.193549,380
,363
,338
,361
,380
,356
,334
,366
,366
,341
,340
,365
,352
,327
2026 06 19 18:04:51.259894,350
,370
,348
,329
,349
,358
,341
,337
,372
,353
,338
,360
,381
,359
2026 06 19 18:04:51.320971,330
,353
,365
,339
,329
,362
,360
,333
,340
,369
,355
,327
,349
,363
2026 06 19 18:04:51.386812,344
,323
,358
,360
,330
,332
,363
,356
,328
,346
,367
,348
,328
,354
2026 06 19 18:04:51.447969,362
,340
,332
,358
,352
,326
,330
,352
,344
,319
,344
,361
,346
,334
2026 06 19 18:04:51.508885,365
,362
,336
,344
,371
,353
,321
,347
,369
,346
,326
,352
,350
,329
2026 06 19 18:04:51.575348,329
,360
,345
,316
,340
,368
,361
,339
,362
,371
,343
,339
,369
,360
2026 06 19 18:04:51.639243,332
,343
,368
,348
,322
,344
,359
,336
,324
,358
,361
,336
,341
,369
2026 06 19 18:04:51.702081,350
,327
,347
,369
,352
,331
,364
,368
,341
,338
,373
,362
,331
,348
2026 06 19 18:04:51.763683,374
,352
,331
,358
,371
,352
,340
,374
,370
,341
,345
,377
,360
,331
2026 06 19 18:04:51.824548,354
,368
,349
,330
,357
,354
,350
,356
,382
,368
,340
,358
,379
,349
2026 06 19 18:04:51.889959,338
,367
,371
,342
,337
,367
,355
,328
,345
,368
,352
,333
,363
,375
2026 06 19 18:04:51.951488,350
,329
,361
,369
,355
,362
,383
,361
,334
,354
,370
,338
,330
,360
2026 06 19 18:04:52.016893,358
,335
,339
,371
,357
,331
,350
,374
,356
,331
,360
,368
,333
,329
2026 06 19 18:04:52.078952,364
,348
,324
,345
,376
,357
,335
,352
,368
,363
,348
,378
,368
,340
2026 06 19 18:04:52.140111,352
,374
,358
,331
,351
,368
,348
,335
,363
,367
,344
,343
,374
,361
2026 06 19 18:04:52.207010,330
,352
,377
,353
,333
,362
,368
,339
,339
,372
,363
,334
,348
,372
2026 06 19 18:04:52.266603,354
,331
,366
,374
,359
,348
,375
,367
,335
,343
,372
,357
,328
,350
2026 06 19 18:04:52.332841,371
,348
,333
,366
,367
,341
,342
,373
,356
,328
,353
,369
,341
,335
2026 06 19 18:04:52.394770,353
,361
,344
,334
,357
,361
,340
,353
,380
,356
,330
,354
,365
,336
2026 06 19 18:04:52.455216,331
,373
,365
,332
,341
,374
,353
,323
,342
,368
,347
,327
,362
,369
2026 06 19 18:04:52.520707,346
,345
,374
,356
,332
,354
,379
,357
,330
,357
,368
,342
,333
,365
2026 06 19 18:04:52.582853,358
,333
,350
,379
,361
,337
,360
,377
,354
,344
,372
,368
,345
,350
2026 06 19 18:04:52.647454,372
,353
,324
,347
,367
,348
,334
,368
,366
,346
,346
,373
,365
,330
2026 06 19 18:04:52.711117,348
,378
,356
,335
,363
,367
,342
,334
,367
,362
,331
,352
,374
,352
2026 06 19 18:04:52.770666,331
,362
,379
,359
,347
,373
,371
,340
,343
,379
,366
,336
,357
,378
2026 06 19 18:04:52.836018,350
,339
,369
,374
,352
,349
,379
,369
,336
,351
,382
,363
,340
,365
2026 06 19 18:04:52.896900,372
,346
,336
,371
,365
,339
,346
,377
,362
,341
,364
,381
,356
,336
2026 06 19 18:04:52.967014,377
,378
,354
,354
,380
,360
,325
,353
,379
,353
,333
,362
,373
,356
2026 06 19 18:04:53.024855,355
,389
,371
,336
,353
,389
,368
,347
,366
,379
,354
,341
,376
,370
2026 06 19 18:04:53.086969,342
,350
,375
,361
,341
,361
,379
,358
,345
,374
,373
,344
,342
,366
2026 06 19 18:04:53.151114,358
,330
,351
,379
,359
,337
,367
,374
,346
,343
,373
,365
,343
,362
2026 06 19 18:04:53.212768,385
,354
,330
,350
,366
,349
,339
,376
,372
,346
,356
,380
,359
,334
2026 06 19 18:04:53.278960,361
,376
,350
,336
,371
,364
,345
,345
,370
,355
,327
,345
,365
,341
2026 06 19 18:04:53.340561,321
,356
,368
,347
,334
,360
,365
,338
,348
,375
,352
,327
,347
,368
2026 06 19 18:04:53.401540,347
,327
,354
,348
,325
,332
,365
,345
,324
,355
,382
,347
,330
,370
2026 06 19 18:04:53.467029,367
,334
,343
,369
,352
,324
,343
,361
,342
,324
,353
,351
,333
,330
2026 06 19 18:04:53.528777,360
,357
,331
,340
,368
,348
,320
,347
,358
,330
,305
,361
,358
,327
2026 06 19 18:04:53.594730,338
,369
,349
,322
,344
,363
,341
,321
,343
,348
,327
,336
,360
,348
2026 06 19 18:04:53.657853,320
,335
,362
,341
,318
,348
,354
,324
,323
,367
,358
,323
,330
,352
2026 06 19 18:04:53.717251,333
,318
,345
,352
,330
,316
,356
,356
,327
,332
,359
,344
,325
,344
2026 06 19 18:04:53.782779,367
,341
,321
,348
,352
,328
,323
,348
,335
,317
,344
,364
,340
,315
2026 06 19 18:04:53.844010,339
,365
,340
,333
,366
,356
,321
,327
,360
,343
,316
,332
,356
,328
2026 06 19 18:04:53.908999,310
,350
,353
,328
,332
,362
,348
,327
,335
,360
,348
,323
,356
,357
2026 06 19 18:04:53.971045,326
,326
,352
,338
,311
,328
,348
,332
,313
,342
,352
,325
,317
,348
2026 06 19 18:04:54.031971,341
,315
,321
,346
,331
,307
,334
,346
,326
,311
,344
,343
,315
,317
2026 06 19 18:04:54.097555,353
,344
,326
,345
,361
,338
,314
,351
,355
,320
,318
,349
,338
,312
2026 06 19 18:04:54.159909,333
,355
,334
,312
,343
,354
,327
,319
,353
,343
,315
,321
,355
,335
2026 06 19 18:04:54.224866,311
,335
,343
,322
,311
,342
,334
,313
,328
,357
,346
,319
,339
,357
2026 06 19 18:04:54.286593,327
,312
,355
,354
,327
,319
,349
,337
,311
,330
,346
,328
,313
,345
2026 06 19 18:04:54.347966,358
,332
,319
,356
,349
,320
,329
,358
,338
,304
,332
,359
,334
,317
2026 06 19 18:04:54.413587,346
,345
,317
,322
,358
,347
,324
,342
,356
,334
,311
,337
,347
,319
2026 06 19 18:04:54.474754,315
,351
,333
,306
,330
,354
,330
,303
,341
,359
,333
,321
,348
,351
2026 06 19 18:04:54.535488,325
,333
,352
,327
,313
,333
,351
,334
,317
,350
,343
,323
,336
,364
2026 06 19 18:04:54.601233,346
,322
,338
,364
,340
,318
,349
,353
,323
,320
,354
,349
,320
,338
2026 06 19 18:04:54.663235,361
,345
,322
,339
,357
,335
,324
,356
,354
,325
,326
,359
,344
,317
2026 06 19 18:04:54.728953,340
,350
,332
,314
,344
,340
,329
,336
,367
,347
,316
,338
,373
,345
2026 06 19 18:04:54.792776,321
,345
,357
,329
,330
,359
,346
,318
,331
,357
,341
,317
,349
,359
2026 06 19 18:04:54.851949,339
,329
,360
,353
,331
,339
,358
,347
,317
,339
,360
,333
,316
,349
2026 06 19 18:04:54.917429,354
,327
,326
,362
,347
,328
,347
,361
,347
,326
,354
,355
,333
,324
2026 06 19 18:04:54.978665,357
,347
,320
,331
,360
,341
,320
,346
,360
,336
,319
,352
,358
,329
2026 06 19 18:04:55.043411,336
,363
,343
,317
,340
,354
,341
,323
,352
,356
,327
,335
,364
,351
2026 06 19 18:04:55.105794,326
,342
,369
,354
,326
,357
,367
,338
,332
,355
,353
,325
,341
,362
2026 06 19 18:04:55.166570,351
,326
,356
,369
,345
,335
,372
,365
,337
,340
,368
,351
,320
,346
2026 06 19 18:04:55.231925,366
,340
,318
,345
,375
,345
,342
,375
,360
,335
,345
,363
,347
,330
2026 06 19 18:04:55.296649,356
,360
,330
,327
,363
,355
,331
,346
,372
,350
,327
,354
,365
,342
2026 06 19 18:04:55.359940,329
,360
,359
,328
,331
,363
,352
,332
,347
,356
,334
,330
,359
,357
2026 06 19 18:04:55.420866,330
,333
,359
,354
,325
,338
,365
,345
,320
,348
,351
,328
,327
,362
2026 06 19 18:04:55.481968,350
,323
,327
,359
,346
,316
,333
,354
,324
,306
,352
,344
,314
,320
2026 06 19 18:04:55.547809,351
,342
,318
,339
,353
,327
,309
,345
,342
,328
,325
,355
,353
,326
2026 06 19 18:04:55.613926,343
,360
,338
,318
,351
,361
,332
,323
,356
,347
,317
,329
,358
,342
2026 06 19 18:04:55.674693,319
,343
,356
,343
,328
,358
,362
,336
,339
,357
,361
,332
,343
,362
2026 06 19 18:04:55.736589,350
,330
,356
,363
,335
,334
,366
,354
,329
,336
,365
,338
,324
,356
2026 06 19 18:04:55.798062,360
,335
,318
,341
,354
,338
,338
,366
,352
,324
,352
,364
,331
,340
2026 06 19 18:04:55.864482,372
,355
,336
,347
,369
,356
,329
,349
,369
,351
,331
,363
,368
,336
2026 06 19 18:04:55.924580,331
,361
,338
,319
,357
,382
,349
,327
,357
,367
,342
,332
,368
,356
2026 06 19 18:04:55.990028,327
,332
,366
,348
,322
,341
,357
,330
,321
,363
,368
,332
,335
,382
2026 06 19 18:04:56.051284,369
,338
,358
,372
,351
,332
,357
,363
,335
,331
,365
,359
,344
,350
2026 06 19 18:04:56.113062,371
,352
,332
,375
,379
,350
,337
,363
,352
,334
,346
,371
,351
,327
2026 06 19 18:04:56.179784,357
,369
,348
,329
,366
,363
,341
,336
,368
,367
,339
,363
,385
,357
2026 06 19 18:04:56.240517,338
,365
,369
,339
,342
,378
,370
,338
,356
,382
,354
,337
,362
,377
2026 06 19 18:04:56.305542,347
,341
,383
,379
,342
,344
,379
,367
,340
,359
,373
,351
,333
,362
2026 06 19 18:04:56.366513,364
,334
,337
,373
,358
,329
,354
,384
,360
,328
,364
,376
,348
,343
2026 06 19 18:04:56.428908,372
,366
,337
,349
,371
,355
,336
,364
,374
,343
,331
,372
,365
,329
2026 06 19 18:04:56.494235,332
,377
,356
,337
,362
,388
,366
,344
,370
,371
,345
,343
,373
,360
2026 06 19 18:04:56.555356,331
,349
,364
,350
,332
,363
,370
,338
,339
,382
,366
,331
,348
,377
2026 06 19 18:04:56.621240,349
,336
,354
,355
,340
,334
,367
,363
,335
,339
,360
,348
,322
,344
2026 06 19 18:04:56.681994,363
,345
,321
,350
,355
,332
,338
,367
,354
,327
,347
,364
,342
,325
2026 06 19 18:04:56.744139,361
,367
,339
,335
,366
,355
,334
,345
,368
,345
,316
,353
,373
,348
2026 06 19 18:04:56.808728,333
,369
,366
,334
,349
,374
,363
,343
,365
,380
,359
,335
,364
,371
2026 06 19 18:04:56.871045,342
,347
,378
,365
,340
,353
,375
,360
,342
,372
,381
,360
,346
,373
2026 06 19 18:04:56.936461,362
,343
,358
,380
,359
,330
,366
,382
,347
,329
,378
,372
,342
,355
2026 06 19 18:04:56.997529,391
,368
,342
,356
,383
,357
,337
,366
,365
,338
,333
,364
,345
,325
2026 06 19 18:04:57.063960,341
,355
,332
,323
,371
,377
,353
,344
,370
,369
,344
,351
,381
,363
2026 06 19 18:04:57.124158,337
,362
,377
,350
,332
,374
,377
,345
,362
,390
,371
,359
,369
,380
2026 06 19 18:04:57.185757,370
,353
,384
,390
,357
,352
,380
,368
,345
,365
,386
,365
,339
,371
2026 06 19 18:04:57.251545,381
,344
,343
,381
,374
,339
,353
,388
,369
,348
,372
,370
,356
,353
2026 06 19 18:04:57.313482,377
,372
,349
,355
,383
,359
,330
,361
,375
,358
,326
,368
,382
,354
2026 06 19 18:04:57.375474,350
,382
,368
,341
,357
,379
,358
,337
,366
,375
,348
,337
,370
,367
2026 06 19 18:04:57.440358,337
,347
,371
,355
,331
,357
,374
,348
,327
,368
,367
,340
,346
,372
2026 06 19 18:04:57.501479,352
,327
,351
,366
,345
,331
,357
,361
,342
,340
,374
,360
,329
,342
2026 06 19 18:04:57.567580,370
,360
,331
,352
,369
,347
,337
,375
,368
,332
,338
,365
,350
,334
2026 06 19 18:04:57.631719,353
,368
,345
,335
,365
,366
,332
,328
,376
,362
,335
,353
,374
,351
2026 06 19 18:04:57.689745,328
,353
,372
,346
,339
,370
,358
,327
,351
,376
,348
,320
,357
,373
2026 06 19 18:04:57.754675,344
,333
,359
,356
,337
,353
,378
,356
,323
,347
,373
,344
,333
,368
2026 06 19 18:04:57.816748,366
,335
,334
,358
,357
,329
,342
,365
,356
,334
,365
,370
,342
,337
2026 06 19 18:04:57.882257,370
,366
,335
,345
,367
,347
,321
,356
,369
,342
,325
,362
,364
,334
2026 06 19 18:04:57.943191,337
,366
,358
,331
,348
,366
,345
,330
,361
,358
,338
,340
,369
,361
2026 06 19 18:04:58.005280,332
,348
,366
,347
,326
,352
,357
,328
,327
,360
,355
,334
,347
,370
2026 06 19 18:04:58.070888,350
,327
,349
,362
,334
,317
,356
,351
,330
,335
,373
,363
,336
,358
2026 06 19 18:04:58.132079,371
,348
,332
,357
,361
,336
,336
,367
,353
,328
,344
,363
,345
,330
2026 06 19 18:04:58.194269,362
,365
,339
,343
,381
,376
,347
,354
,371
,349
,328
,356
,366
,340
2026 06 19 18:04:58.258815,333
,367
,366
,336
,338
,373
,360
,335
,356
,367
,347
,348
,381
,374
2026 06 19 18:04:58.320708,344
,348
,379
,362
,334
,353
,373
,348
,340
,370
,377
,348
,339
,372
2026 06 19 18:04:58.385216,371
,338
,345
,377
,352
,328
,351
,365
,341
,327
,366
,362
,336
,345
2026 06 19 18:04:58.448051,375
,364
,340
,361
,373
,349
,331
,364
,366
,337
,333
,367
,360
,333
2026 06 19 18:04:58.508713,346
,364
,334
,322
,371
,368
,338
,343
,376
,369
,341
,354
,379
,357
2026 06 19 18:04:58.575030,334
,356
,373
,345
,334
,368
,363
,335
,339
,364
,357
,341
,356
,381
2026 06 19 18:04:58.636262,359
,338
,368
,371
,343
,340
,377
,362
,335
,355
,373
,347
,327
,357
2026 06 19 18:04:58.701757,369
,343
,334
,369
,359
,325
,342
,371
,353
,330
,354
,370
,347
,335
2026 06 19 18:04:58.763605,371
,362
,329
,334
,375
,355
,332
,359
,375
,340
,329
,360
,369
,337
2026 06 19 18:04:58.825291,334
,371
,366
,337
,351
,380
,358
,334
,362
,372
,344
,337
,368
,356
2026 06 19 18:04:58.890399,339
,351
,373
,358
,334
,360
,376
,348
,332
,369
,366
,336
,342
,374
2026 06 19 18:04:58.952488,367
,339
,359
,377
,352
,336
,368
,369
,341
,341
,374
,363
,335
,351
2026 06 19 18:04:59.018609,367
,352
,327
,349
,374
,361
,352
,389
,381
,343
,353
,385
,365
,338
2026 06 19 18:04:59.078624,362
,375
,349
,338
,374
,372
,342
,347
,381
,361
,335
,355
,378
,359
2026 06 19 18:04:59.141949,342
,371
,370
,339
,337
,368
,358
,333
,348
,374
,351
,330
,360
,378
2026 06 19 18:04:59.205618,351
,338
,372
,367
,343
,348
,379
,360
,339
,365
,380
,354
,338
,368
2026 06 19 18:04:59.267218,370
,340
,346
,373
,353
,328
,355
,372
,346
,321
,352
,367
,333
,325
2026 06 19 18:04:59.332604,362
,366
,337
,348
,368
,346
,326
,353
,362
,330
,322
,367
,359
,331
2026 06 19 18:04:59.393901,344
,367
,351
,326
,346
,359
,335
,326
,358
,358
,334
,339
,374
,357
2026 06 19 18:04:59.459691,331
,354
,368
,345
,334
,363
,366
,336
,336
,369
,355
,329
,343
,367
2026 06 19 18:04:59.520147,347
,322
,350
,366
,338
,321
,371
,369
,334
,346
,379
,363
,329
,351
2026 06 19 18:04:59.582619,365
,334
,318
,359
,360
,331
,335
,360
,344
,314
,334
,356
,364
,349
2026 06 19 18:04:59.647225,371
,370
,339
,342
,371
,360
,330
,345
,368
,345
,328
,362
,369
,336
2026 06 19 18:04:59.709534,326
,364
,361
,331
,333
,359
,362
,337
,355
,369
,344
,338
,363
,366
2026 06 19 18:04:59.770754,349
,346
,368
,355
,331
,353
,370
,338
,318
,353
,364
,331
,331
,371
2026 06 19 18:04:59.835305,356
,331
,353
,371
,354
,339
,358
,371
,348
,332
,362
,356
,331
,344
2026 06 19 18:04:59.897929,376
,355
,329
,349
,362
,336
,316
,357
,361
,340
,349
,377
,356
,328
2026 06 19 18:04:59.963375,344
,360
,343
,326
,355
,365
,339
,335
,365
,349
,319
,339
,360
,340
2026 06 19 18:05:00.025258,324
,353
,367
,341
,338
,371
,357
,324
,352
,382
,358
,323
,348
,360
2026 06 19 18:05:00.085259,335
,324
,359
,366
,336
,330
,360
,352
,325
,341
,364
,341
,314
,356
2026 06 19 18:05:00.152127,373
,350
,342
,369
,361
,332
,344
,367
,348
,332
,352
,365
,341
,325
2026 06 19 18:05:00.212641,362
,362
,335
,344
,369
,353
,337
,357
,372
,347
,339
,369
,367
,335
2026 06 19 18:05:00.278729,334
,369
,354
,321
,335
,364
,347
,330
,358
,361
,334
,334
,366
,356
2026 06 19 18:05:00.340159,329
,341
,370
,354
,322
,343
,366
,348
,337
,362
,356
,326
,335
,365
2026 06 19 18:05:00.401291,346
,319
,346
,360
,340
,329
,365
,365
,336
,340
,370
,358
,327
,350
2026 06 19 18:05:00.466769,374
,346
,321
,354
,365
,344
,335
,367
,358
,330
,341
,367
,349
,321
2026 06 19 18:05:00.527374,339
,354
,343
,332
,359
,360
,338
,335
,362
,363
,332
,350
,371
,349
2026 06 19 18:05:00.595198,329
,353
,356
,335
,327
,368
,353
,327
,341
,364
,344
,323
,353
,366
2026 06 19 18:05:00.655246,340
,332
,363
,354
,322
,334
,360
,347
,322
,349
,365
,339
,325
,360
2026 06 19 18:05:00.717375,361
,326
,333
,372
,350
,330
,357
,370
,350
,337
,360
,360
,342
,333
2026 06 19 18:05:00.782327,357
,343
,318
,345
,364
,340
,320
,356
,363
,333
,325
,358
,355
,327
2026 06 19 18:05:00.844011,342
,368
,352
,336
,354
,365
,334
,328
,358
,353
,329
,338
,369
,357
2026 06 19 18:05:00.911741,329
,350
,363
,341
,323
,350
,364
,339
,338
,382
,367
,335
,352
,375
2026 06 19 18:05:00.971027,358
,331
,356
,368
,344
,337
,365
,355
,332
,342
,376
,358
,332
,358
2026 06 19 18:05:01.032001,377
,359
,345
,374
,372
,340
,345
,374
,359
,331
,350
,372
,350
,331
2026 06 19 18:05:01.096968,358
,359
,339
,340
,376
,359
,330
,350
,375
,353
,335
,361
,370
,340
2026 06 19 18:05:01.160011,329
,372
,363
,346
,351
,367
,351
,342
,365
,380
,356
,337
,367
,368
2026 06 19 18:05:01.228748,339
,343
,375
,361
,330
,345
,368
,349
,336
,360
,363
,331
,339
,380
2026 06 19 18:05:01.286413,364
,338
,355
,372
,350
,326
,354
,365
,344
,330
,367
,366
,335
,341
2026 06 19 18:05:01.347288,371
,352
,328
,351
,365
,338
,323
,354
,356
,333
,338
,365
,358
,331
2026 06 19 18:05:01.412389,348
,361
,339
,327
,355
,352
,333
,330
,362
,352
,321
,339
,370
,351
2026 06 19 18:05:01.474579,329
,356
,366
,340
,333
,368
,353
,332
,345
,370
,346
,309
,334
,375
2026 06 19 18:05:01.539497,356
,337
,370
,368
,344
,341
,369
,359
,334
,350
,372
,353
,334
,360
2026 06 19 18:05:01.601135,366
,337
,331
,364
,346
,321
,344
,370
,353
,329
,350
,362
,349
,343
2026 06 19 18:05:01.662532,376
,373
,335
,343
,377
,355
,326
,349
,365
,340
,327
,358
,352
,330
2026 06 19 18:05:01.728648,334
,366
,349
,325
,343
,368
,350
,332
,363
,364
,335
,324
,363
,366
2026 06 19 18:05:01.789627,331
,332
,366
,354
,323
,352
,367
,331
,322
,368
,360
,344
,349
,376
2026 06 19 18:05:01.855194,356
,326
,346
,364
,343
,329
,358
,359
,339
,340
,371
,355
,322
,351
2026 06 19 18:05:01.916787,372
,349
,326
,364
,370
,342
,344
,373
,355
,334
,360
,383
,358
,327
2026 06 19 18:05:01.978745,345
,362
,346
,327
,358
,356
,331
,337
,364
,350
,322
,345
,364
,348
2026 06 19 18:05:02.044164,337
,369
,370
,344
,344
,377
,361
,328
,344
,374
,352
,326
,356
,359
2026 06 19 18:05:02.105971,340
,328
,359
,360
,340
,356
,375
,359
,336
,359
,376
,350
,338
,370
2026 06 19 18:05:02.166926,367
,339
,341
,371
,355
,326
,346
,367
,348
,333
,359
,359
,333
,335
2026 06 19 18:05:02.234821,367
,358
,331
,348
,370
,357
,336
,359
,361
,331
,333
,366
,355
,327
2026 06 19 18:05:02.297971,346
,367
,353
,331
,349
,366
,343
,329
,367
,360
,336
,347
,375
,355
2026 06 19 18:05:02.361000,330
,359
,380
,363
,343
,371
,370
,343
,338
,367
,356
,327
,346
,372
2026 06 19 18:05:02.420911,353
,332
,360
,371
,341
,332
,369
,362
,343
,357
,386
,364
,328
,351
2026 06 19 18:05:02.481777,374
,352
,336
,370
,365
,332
,341
,368
,352
,331
,353
,370
,351
,335
2026 06 19 18:05:02.547747,364
,367
,343
,347
,371
,360
,337
,350
,373
,345
,335
,364
,376
,352
2026 06 19 18:05:02.610003,342
,367
,355
,333
,344
,368
,343
,320
,351
,365
,343
,334
,363
,361
2026 06 19 18:05:02.675698,332
,336
,365
,352
,324
,351
,372
,343
,326
,358
,362
,334
,332
,364
2026 06 19 18:05:02.736399,353
,328
,346
,372
,352
,326
,355
,368
,338
,335
,374
,365
,336
,342
2026 06 19 18:05:02.797809,359
,342
,345
,374
,377
,351
,338
,368
,366
,343
,344
,375
,358
,327
2026 06 19 18:05:02.862957,346
,369
,344
,329
,355
,360
,334
,332
,360
,356
,329
,344
,369
,347
2026 06 19 18:05:02.924606,322
,350
,365
,341
,332
,367
,360
,331
,340
,368
,346
,323
,352
,369
2026 06 19 18:05:02.990250,344
,333
,359
,354
,332
,328
,365
,355
,328
,349
,363
,338
,330
,360
2026 06 19 18:05:03.051339,368
,343
,335
,361
,349
,321
,334
,365
,342
,323
,350
,360
,341
,333
2026 06 19 18:05:03.113122,366
,358
,330
,330
,369
,354
,326
,349
,370
,354
,341
,368
,369
,343
2026 06 19 18:05:03.179224,344
,376
,362
,338
,359
,377
,353
,333
,361
,364
,341
,336
,371
,361
2026 06 19 18:05:03.238985,338
,352
,377
,353
,329
,357
,373
,349
,335
,365
,362
,350
,358
,377
2026 06 19 18:05:03.305236,359
,333
,350
,376
,349
,333
,365
,367
,339
,341
,368
,360
,333
,353
2026 06 19 18:05:03.366569,378
,356
,331
,359
,366
,341
,338
,365
,359
,331
,344
,370
,346
,325
2026 06 19 18:05:03.427944,356
,366
,340
,338
,371
,365
,327
,345
,378
,358
,328
,350
,367
,346
2026 06 19 18:05:03.493303,335
,364
,360
,333
,336
,367
,348
,320
,344
,371
,347
,328
,366
,376
2026 06 19 18:05:03.555681,350
,343
,376
,364
,336
,350
,370
,351
,327
,354
,366
,343
,332
,362
2026 06 19 18:05:03.620572,355
,339
,346
,367
,356
,336
,359
,378
,355
,337
,369
,372
,340
,335
2026 06 19 18:05:03.681837,381
,370
,342
,361
,381
,357
,336
,369
,368
,340
,340
,376
,369
,337
2026 06 19 18:05:03.743084,356
,388
,362
,340
,364
,371
,340
,334
,368
,362
,336
,340
,376
,353
2026 06 19 18:05:03.808934,328
,354
,369
,343
,328
,360
,362
,337
,335
,367
,359
,336
,360
,377
2026 06 19 18:05:03.870618,350
,330
,356
,365
,338
,329
,369
,353
,330
,348
,368
,348
,323
,348
2026 06 19 18:05:03.935359,361
,338
,323
,359
,364
,338
,347
,375
,358
,332
,354
,373
,347
,332
2026 06 19 18:05:03.997692,364
,361
,333
,338
,370
,355
,329
,343
,363
,341
,312
,340
,360
,336
2026 06 19 18:05:04.058996,329
,364
,361
,339
,350
,373
,353
,322
,346
,360
,342
,329
,357
,352
2026 06 19 18:05:04.124826,327
,341
,368
,349
,321
,340
,360
,338
,324
,358
,354
,330
,327
,369
2026 06 19 18:05:04.185294,364
,330
,342
,363
,347
,328
,357
,363
,335
,327
,361
,351
,324
,339
2026 06 19 18:05:04.254900,365
,352
,331
,358
,366
,343
,331
,372
,366
,334
,331
,358
,364
,339
2026 06 19 18:05:04.313174,356
,376
,349
,327
,360
,363
,337
,337
,373
,360
,333
,350
,376
,355
2026 06 19 18:05:04.374413,334
,368
,376
,344
,336
,361
,352
,330
,342
,363
,343
,325
,361
,378
2026 06 19 18:05:04.440524,351
,334
,364
,365
,341
,343
,368
,354
,325
,346
,368
,347
,326
,359
2026 06 19 18:05:04.501120,359
,331
,324
,356
,350
,320
,330
,369
,348
,330
,360
,371
,343
,333
2026 06 19 18:05:04.566613,365
,363
,333
,346
,370
,347
,325
,351
,365
,337
,323
,353
,354
,326
2026 06 19 18:05:04.628545,332
,362
,335
,311
,349
,372
,344
,322
,353
,366
,337
,329
,365
,354
2026 06 19 18:05:04.689032,325
,341
,361
,337
,316
,351
,367
,335
,324
,355
,350
,319
,334
,359
2026 06 19 18:05:04.757775,346
,326
,347
,373
,344
,321
,354
,363
,327
,336
,368
,349
,321
,338
2026 06 19 18:05:04.816851,360
,347
,323
,349
,352
,331
,325
,353
,349
,334
,352
,371
,357
,338
2026 06 19 18:05:04.882456,363
,369
,336
,337
,365
,356
,328
,339
,365
,346
,322
,348
,365
,337
2026 06 19 18:05:04.943720,327
,360
,361
,336
,339
,371
,357
,324
,351
,384
,361
,325
,361
,373
2026 06 19 18:05:05.005348,348
,342
,368
,352
,332
,345
,369
,355
,332
,356
,367
,342
,331
,367
2026 06 19 18:05:05.072157,360
,335
,345
,374
,352
,325
,342
,361
,340
,325
,366
,364
,339
,339
2026 06 19 18:05:05.131985,371
,356
,327
,341
,368
,348
,325
,353
,363
,343
,331
,365
,355
,323
2026 06 19 18:05:05.197553,329
,364
,357
,326
,347
,363
,337
,328
,366
,356
,326
,335
,372
,356
2026 06 19 18:05:05.259332,330
,353
,374
,348
,325
,360
,363
,334
,338
,368
,356
,330
,346
,364
2026 06 19 18:05:05.323318,342
,318
,349
,353
,329
,326
,358
,359
,331
,346
,366
,340
,328
,354
2026 06 19 18:05:05.385835,368
,338
,319
,354
,367
,339
,338
,366
,347
,324
,345
,363
,339
,326
2026 06 19 18:05:05.446876,359
,363
,342
,335
,362
,359
,336
,350
,372
,345
,322
,351
,356
,333
2026 06 19 18:05:05.512672,334
,367
,361
,332
,343
,368
,349
,326
,352
,363
,346
,333
,363
,361
2026 06 19 18:05:05.573981,338
,345
,377
,362
,336
,358
,372
,351
,332
,365
,365
,333
,335
,369
2026 06 19 18:05:05.635888,352
,324
,342
,364
,346
,327
,356
,364
,335
,328
,361
,355
,332
,342
2026 06 19 18:05:05.701559,368
,352
,332
,357
,372
,346
,333
,370
,364
,338
,344
,371
,352
,333
2026 06 19 18:05:05.763278,356
,373
,349
,335
,368
,368
,342
,338
,375
,364
,338
,355
,379
,350
2026 06 19 18:05:05.828007,324
,365
,372
,339
,334
,382
,374
,346
,352
,376
,360
,330
,362
,373
2026 06 19 18:05:05.889746,348
,333
,363
,359
,336
,346
,378
,362
,333
,355
,366
,343
,327
,362
2026 06 19 18:05:05.951156,369
,342
,338
,370
,365
,338
,357
,375
,356
,334
,360
,369
,346
,342
2026 06 19 18:05:06.016909,364
,363
,344
,348
,368
,354
,335
,361
,376
,349
,337
,372
,375
,348
2026 06 19 18:05:06.077877,349
,376
,358
,332
,355
,370
,346
,331
,363
,365
,341
,337
,361
,353
2026 06 19 18:05:06.143580,323
,336
,364
,353
,337
,365
,368
,335
,333
,375
,368
,333
,345
,378
2026 06 19 18:05:06.204999,356
,327
,357
,370
,343
,328
,357
,366
,341
,348
,380
,365
,335
,359
2026 06 19 18:05:06.266957,380
,360
,341
,371
,372
,344
,341
,370
,356
,331
,353
,375
,347
,321
2026 06 19 18:05:06.331957,352
,366
,349
,340
,368
,360
,337
,346
,372
,353
,333
,357
,375
,351
2026 06 19 18:05:06.394415,333
,363
,363
,340
,338
,362
,362
,339
,356
,373
,353
,335
,364
,368
2026 06 19 18:05:06.455248,337
,327
,366
,358
,334
,352
,371
,350
,341
,369
,375
,351
,340
,369
2026 06 19 18:05:06.520756,360
,333
,332
,369
,352
,329
,352
,367
,347
,336
,368
,367
,337
,340
2026 06 19 18:05:06.582017,375
,350
,318
,356
,382
,354
,329
,362
,375
,348
,337
,367
,359
,337
2026 06 19 18:05:06.647786,356
,378
,359
,329
,363
,376
,351
,336
,368
,362
,342
,350
,375
,362
2026 06 19 18:05:06.708678,335
,356
,376
,341
,323
,367
,371
,339
,344
,372
,354
,328
,353
,370
2026 06 19 18:05:06.769911,348
,336
,365
,371
,340
,332
,361
,360
,340
,350
,377
,357
,331
,357
2026 06 19 18:05:06.836874,356
,345
,345
,379
,371
,345
,352
,374
,360
,336
,361
,381
,358
,335
2026 06 19 18:05:06.896855,372
,368
,343
,346
,373
,357
,328
,351
,372
,347
,323
,355
,366
,340
2026 06 19 18:05:06.962845,338
,373
,369
,334
,351
,377
,354
,331
,355
,368
,343
,330
,369
,364
2026 06 19 18:05:07.024295,332
,339
,365
,344
,322
,351
,376
,351
,330
,362
,366
,334
,330
,368
2026 06 19 18:05:07.085290,359
,327
,346
,365
,340
,318
,349
,361
,335
,330
,362
,355
,326
,340
2026 06 19 18:05:07.151103,363
,348
,323
,351
,364
,340
,332
,363
,359
,332
,336
,360
,344
,321
2026 06 19 18:05:07.212571,348
,364
,329
,321
,363
,363
,335
,333
,369
,353
,323
,347
,374
,352
2026 06 19 18:05:07.278828,331
,357
,365
,339
,329
,361
,359
,327
,339
,368
,347
,317
,350
,363
2026 06 19 18:05:07.340627,341
,325
,359
,354
,319
,346
,382
,363
,334
,350
,375
,359
,335
,362
2026 06 19 18:05:07.401513,365
,344
,336
,365
,354
,334
,348
,365
,344
,323
,353
,365
,345
,333
2026 06 19 18:05:07.466636,355
,356
,340
,350
,378
,356
,328
,346
,368
,347
,331
,366
,364
,335
2026 06 19 18:05:07.528735,344
,368
,349
,328
,353
,366
,319
,319
,382
,377
,346
,345
,376
,362
2026 06 19 18:05:07.593220,333
,347
,365
,349
,326
,352
,361
,336
,329
,362
,354
,327
,340
,366
2026 06 19 18:05:07.656897,352
,330
,356
,363
,335
,328
,363
,357
,337
,347
,366
,354
,324
,350
2026 06 19 18:05:07.716677,365
,343
,336
,371
,367
,342
,341
,365
,354
,331
,352
,371
,353
,339
2026 06 19 18:05:07.782492,361
,374
,351
,337
,371
,367
,334
,342
,368
,356
,328
,354
,375
,342
2026 06 19 18:05:07.843138,324
,355
,361
,345
,342
,369
,357
,329
,353
,369
,346
,332
,359
,362
2026 06 19 18:05:07.909372,331
,334
,369
,352
,331
,345
,369
,361
,339
,366
,373
,345
,342
,375
2026 06 19 18:05:07.972693,363
,337
,341
,369
,362
,335
,360
,374
,349
,331
,368
,369
,337
,335
2026 06 19 18:05:08.031755,366
,351
,326
,352
,374
,349
,328
,365
,373
,339
,335
,364
,363
,341
2026 06 19 18:05:08.097772,348
,371
,353
,326
,348
,365
,347
,332
,369
,360
,332
,340
,366
,352
2026 06 19 18:05:08.158837,328
,351
,370
,341
,324
,364
,362
,329
,332
,365
,349
,331
,350
,362
2026 06 19 18:05:08.224366,349
,337
,368
,365
,336
,332
,366
,355
,333
,350
,376
,354
,326
,347
2026 06 19 18:05:08.286668,369
,350
,337
,360
,360
,351
,359
,379
,360
,333
,354
,367
,340
,325
2026 06 19 18:05:08.347076,352
,363
,340
,346
,376
,356
,330
,350
,368
,361
,344
,367
,371
,348
2026 06 19 18:05:08.413182,348
,374
,367
,343
,350
,368
,349
,327
,358
,366
,339
,340
,375
,364
2026 06 19 18:05:08.474750,329
,349
,381
,355
,335
,352
,368
,344
,332
,364
,353
,331
,331
,358
2026 06 19 18:05:08.539302,345
,330
,351
,372
,347
,324
,359
,363
,340
,332
,361
,354
,332
,345
2026 06 19 18:05:08.600936,367
,353
,330
,348
,362
,345
,329
,362
,354
,322
,322
,360
,347
,324
2026 06 19 18:05:08.662530,345
,362
,342
,311
,347
,354
,324
,319
,352
,340
,311
,335
,356
,334
2026 06 19 18:05:08.727538,313
,351
,357
,328
,328
,360
,355
,328
,341
,367
,350
,330
,356
,365
2026 06 19 18:05:08.791953,334
,334
,367
,357
,350
,357
,385
,366
,335
,355
,371
,347
,341
,370
2026 06 19 18:05:08.855150,368
,340
,334
,363
,356
,324
,347
,368
,350
,327
,358
,361
,330
,329
2026 06 19 18:05:08.916752,366
,358
,330
,343
,364
,342
,323
,348
,360
,352
,338
,365
,369
,342
2026 06 19 18:05:08.977840,349
,380
,356
,329
,351
,370
,346
,332
,365
,359
,324
,328
,359
,350
2026 06 19 18:05:09.043484,320
,338
,359
,345
,338
,371
,373
,342
,324
,360
,359
,332
,342
,373
2026 06 19 18:05:09.105259,349
,328
,353
,362
,335
,330
,361
,351
,320
,332
,366
,347
,328
,350
2026 06 19 18:05:09.170584,362
,340
,330
,361
,359
,322
,319
,363
,362
,334
,347
,363
,340
,318
2026 06 19 18:05:09.232160,353
,359
,339
,338
,368
,354
,329
,336
,366
,353
,332
,359
,369
,340
2026 06 19 18:05:09.293712,323
,355
,361
,332
,338
,360
,344
,328
,351
,361
,334
,323
,351
,357
2026 06 19 18:05:09.359014,339
,337
,368
,353
,332
,349
,368
,349
,325
,349
,364
,347
,337
,366
2026 06 19 18:05:09.420590,357
,328
,330
,353
,346
,327
,351
,361
,332
,334
,367
,363
,331
,332
2026 06 19 18:05:09.486915,367
,356
,325
,343
,364
,340
,324
,359
,358
,326
,329
,359
,352
,327
2026 06 19 18:05:09.547613,337
,362
,340
,322
,355
,367
,339
,334
,368
,357
,330
,344
,365
,347
2026 06 19 18:05:09.611584,325
,351
,363
,340
,324
,356
,345
,322
,339
,368
,352
,328
,346
,376
2026 06 19 18:05:09.674314,356
,331
,350
,346
,337
,338
,367
,356
,326
,344
,363
,347
,327
,357
2026 06 19 18:05:09.735827,361
,333
,333
,369
,360
,335
,340
,372
,361
,343
,363
,371
,342
,326
2026 06 19 18:05:09.800810,359
,361
,343
,344
,368
,350
,325
,346
,364
,343
,327
,356
,359
,325
2026 06 19 18:05:09.862909,320
,372
,366
,336
,358
,381
,357
,336
,367
,369
,349
,340
,377
,366
2026 06 19 18:05:09.923848,337
,345
,374
,362
,335
,356
,367
,343
,326
,359
,356
,349
,352
,383
2026 06 19 18:05:09.989139,364
,335
,359
,374
,355
,331
,360
,359
,344
,344
,374
,356
,331
,340
2026 06 19 18:05:10.051488,362
,348
,334
,364
,372
,344
,334
,372
,363
,333
,347
,373
,351
,322
2026 06 19 18:05:10.116627,348
,369
,343
,335
,367
,361
,332
,334
,361
,347
,322
,346
,366
,346
2026 06 19 18:05:10.177451,328
,362
,362
,334
,334
,364
,352
,320
,336
,365
,341
,318
,357
,370
2026 06 19 18:05:10.240075,341
,329
,357
,339
,310
,332
,358
,340
,315
,342
,356
,330
,321
,358
2026 06 19 18:05:10.305493,351
,324
,331
,365
,347
,326
,348
,362
,344
,328
,350
,358
,329
,333
2026 06 19 18:05:10.366539,381
,363
,334
,351
,382
,359
,334
,361
,368
,339
,331
,356
,352
,330
2026 06 19 18:05:10.427490,337
,361
,350
,325
,342
,348
,327
,324
,358
,350
,327
,331
,351
,341
2026 06 19 18:05:10.493926,330
,351
,367
,342
,327
,354
,359
,332
,333
,362
,349
,318
,336
,365
2026 06 19 18:05:10.554462,349
,322
,347
,356
,327
,323
,359
,348
,327
,340
,363
,355
,330
,351
2026 06 19 18:05:10.620661,371
,351
,333
,363
,359
,334
,336
,366
,349
,325
,344
,365
,352
,331
2026 06 19 18:05:10.681769,356
,365
,338
,339
,376
,365
,335
,346
,366
,344
,325
,354
,364
,339
2026 06 19 18:05:10.743625,329
,360
,354
,327
,337
,365
,349
,329
,354
,369
,347
,334
,362
,359
2026 06 19 18:05:10.808692,331
,334
,368
,353
,321
,332
,363
,348
,305
,357
,376
,339
,330
,365
2026 06 19 18:05:10.870696,353
,328
,350
,376
,357
,335
,362
,373
,346
,334
,368
,361
,329
,342
2026 06 19 18:05:10.935283,375
,352
,331
,349
,356
,330
,328
,364
,360
,335
,337
,371
,354
,321
2026 06 19 18:05:10.997230,344
,366
,330
,327
,364
,362
,338
,346
,369
,362
,334
,346
,369
,349
2026 06 19 18:05:11.058710,323
,348
,362
,339
,329
,363
,357
,332
,337
,363
,351
,341
,362
,370
2026 06 19 18:05:11.124689,343
,329
,360
,364
,338
,338
,367
,350
,328
,345
,363
,337
,327
,364
2026 06 19 18:05:11.185082,369
,344
,338
,366
,356
,335
,350
,377
,351
,333
,362
,371
,352
,339
2026 06 19 18:05:11.250847,372
,368
,339
,347
,373
,361
,334
,357
,374
,347
,327
,361
,363
,341
2026 06 19 18:05:11.313473,344
,372
,360
,332
,345
,367
,346
,322
,353
,363
,342
,338
,366
,360
2026 06 19 18:05:11.374510,333
,347
,380
,361
,332
,354
,361
,336
,335
,369
,360
,330
,337
,367
2026 06 19 18:05:11.439942,351
,330
,353
,373
,343
,325
,364
,360
,335
,351
,384
,368
,342
,357
2026 06 19 18:05:11.500713,377
,350
,331
,360
,362
,343
,341
,375
,360
,331
,341
,365
,350
,328
2026 06 19 18:05:11.569941,353
,360
,340
,330
,366
,359
,335
,349
,379
,366
,336
,358
,370
,346
2026 06 19 18:05:11.628960,325
,363
,358
,329
,337
,368
,352
,325
,345
,364
,344
,326
,357
,364
2026 06 19 18:05:11.689345,342
,340
,370
,364
,337
,351
,375
,356
,330
,351
,364
,340
,336
,364
2026 06 19 18:05:11.755378,354
,328
,318
,353
,362
,341
,353
,363
,356
,341
,367
,372
,344
,342
2026 06 19 18:05:11.817520,380
,369
,342
,355
,365
,359
,339
,361
,367
,338
,332
,385
,374
,342
2026 06 19 18:05:11.881502,355
,383
,364
,340
,364
,376
,352
,338
,372
,363
,328
,339
,373
,362
2026 06 19 18:05:11.943364,334
,355
,372
,350
,337
,366
,367
,339
,344
,374
,362
,341
,360
,379
2026 06 19 18:05:12.004760,353
,335
,372
,377
,347
,346
,383
,372
,341
,353
,382
,361
,333
,360
2026 06 19 18:05:12.069878,372
,349
,347
,378
,373
,347
,356
,380
,363
,339
,363
,383
,362
,346
2026 06 19 18:05:12.133525,372
,371
,347
,349
,381
,366
,340
,362
,382
,360
,334
,359
,359
,312
2026 06 19 18:05:12.197115,325
,394
,376
,350
,363
,384
,360
,335
,358
,370
,343
,342
,376
,362
2026 06 19 18:05:12.258794,340
,348
,375
,352
,316
,351
,368
,340
,330
,382
,381
,349
,348
,374
2026 06 19 18:05:12.320872,360
,331
,348
,375
,352
,334
,364
,369
,345
,338
,366
,356
,324
,342
2026 06 19 18:05:12.385493,371
,353
,340
,363
,379
,360
,349
,375
,368
,338
,341
,373
,357
,328
2026 06 19 18:05:12.446972,351
,374
,353
,335
,365
,365
,340
,343
,376
,361
,335
,354
,373
,354
2026 06 19 18:05:12.512783,334
,360
,364
,340
,334
,363
,351
,325
,342
,367
,343
,345
,372
,378
2026 06 19 18:05:12.574085,354
,342
,371
,363
,334
,344
,371
,352
,332
,352
,369
,344
,327
,362
2026 06 19 18:05:12.635298,358
,337
,344
,376
,358
,325
,344
,370
,355
,338
,367
,374
,353
,349
2026 06 19 18:05:12.703057,379
,365
,342
,350
,379
,358
,334
,359
,374
,352
,342
,373
,365
,339
2026 06 19 18:05:12.762944,341
,365
,357
,330
,353
,375
,355
,339
,371
,373
,345
,348
,377
,362
2026 06 19 18:05:12.828840,331
,340
,366
,355
,339
,368
,373
,350
,342
,366
,349
,332
,345
,378
2026 06 19 18:05:12.889776,363
,345
,368
,374
,354
,345
,372
,364
,341
,350
,362
,355
,342
,359
2026 06 19 18:05:12.951485,376
,351
,335
,362
,363
,335
,333
,367
,355
,329
,351
,376
,355
,336
2026 06 19 18:05:13.016722,365
,375
,351
,343
,377
,366
,334
,346
,369
,343
,321
,351
,354
,330
2026 06 19 18:05:13.078447,333
,369
,365
,341
,345
,372
,349
,322
,352
,377
,348
,329
,365
,363
2026 06 19 18:05:13.143283,336
,337
,369
,354
,330
,348
,362
,340
,333
,360
,362
,343
,334
,370
2026 06 19 18:05:13.205338,359
,334
,345
,369
,344
,326
,347
,361
,335
,319
,357
,354
,328
,329
2026 06 19 18:05:13.266495,361
,345
,321
,345
,357
,341
,330
,361
,368
,341
,335
,358
,349
,323
2026 06 19 18:05:13.331686,335
,367
,349
,320
,355
,367
,343
,325
,354
,356
,334
,342
,373
,355
2026 06 19 18:05:13.393141,330
,356
,370
,346
,335
,361
,377
,361
,358
,372
,361
,338
,350
,353
2026 06 19 18:05:13.459058,338
,324
,354
,363
,339
,338
,369
,359
,332
,343
,372
,355
,333
,355
2026 06 19 18:05:13.520693,370
,342
,331
,361
,351
,323
,344
,377
,354
,335
,359
,366
,334
,337
2026 06 19 18:05:13.581985,370
,368
,342
,344
,370
,366
,339
,360
,375
,353
,331
,358
,368
,343
2026 06 19 18:05:13.647062,334
,360
,348
,330
,352
,375
,354
,331
,357
,375
,350
,337
,366
,354
2026 06 19 18:05:13.709079,323
,349
,382
,359
,332
,354
,373
,359
,338
,363
,366
,343
,348
,373
2026 06 19 18:05:13.774049,358
,336
,354
,368
,352
,330
,364
,363
,341
,341
,366
,352
,338
,354
2026 06 19 18:05:13.835205,370
,348
,319
,347
,355
,331
,321
,354
,346
,328
,338
,369
,346
,320
2026 06 19 18:05:13.897204,345
,360
,341
,329
,359
,358
,329
,327
,354
,349
,330
,346
,353
,344
2026 06 19 18:05:13.962240,332
,359
,363
,337
,330
,364
,354
,330
,347
,375
,353
,325
,361
,370
2026 06 19 18:05:14.024351,341
,338
,368
,361
,339
,346
,368
,350
,331
,353
,371
,335
,324
,367
2026 06 19 18:05:14.088807,374
,350
,351
,378
,366
,348
,354
,378
,368
,339
,364
,370
,348
,343
2026 06 19 18:05:14.150637,377
,364
,336
,348
,375
,354
,326
,358
,376
,361
,348
,372
,369
,342
2026 06 19 18:05:14.213782,352
,378
,358
,333
,352
,365
,339
,325
,358
,356
,331
,334
,365
,354
2026 06 19 18:05:14.277641,324
,342
,372
,362
,340
,363
,376
,349
,346
,373
,365
,339
,349
,373
2026 06 19 18:05:14.340027,355
,336
,357
,359
,346
,339
,370
,366
,338
,348
,375
,362
,334
,355
2026 06 19 18:05:14.405257,374
,350
,334
,368
,375
,347
,346
,371
,358
,332
,347
,363
,345
,326
2026 06 19 18:05:14.466815,358
,363
,344
,340
,374
,364
,331
,335
,367
,350
,328
,356
,362
,335
2026 06 19 18:05:14.527813,341
,374
,364
,328
,340
,374
,357
,331
,343
,359
,353
,337
,369
,371
2026 06 19 18:05:14.593223,346
,341
,377
,366
,339
,361
,381
,355
,336
,359
,366
,337
,333
,367
2026 06 19 18:05:14.656293,362
,329
,339
,363
,346
,322
,338
,353
,341
,322
,356
,365
,339
,336
2026 06 19 18:05:14.716754,356
,343
,314
,333
,354
,332
,315
,345
,346
,320
,321
,363
,347
,321
2026 06 19 18:05:14.781572,341
,360
,343
,323
,355
,365
,339
,330
,364
,356
,325
,328
,358
,351
2026 06 19 18:05:14.843296,335
,357
,372
,345
,325
,356
,354
,329
,337
,370
,356
,328
,347
,367
2026 06 19 18:05:14.909240,349
,335
,363
,362
,336
,328
,359
,357
,334
,351
,372
,349
,324
,354
2026 06 19 18:05:14.970941,363
,330
,326
,360
,358
,330
,345
,372
,354
,328
,354
,368
,335
,323
2026 06 19 18:05:15.031997,362
,356
,331
,340
,381
,364
,336
,352
,366
,340
,326
,356
,361
,338
2026 06 19 18:05:15.096743,339
,371
,360
,333
,346
,369
,354
,328
,353
,369
,347
,327
,371
,368
2026 06 19 18:05:15.159542,334
,341
,367
,360
,335
,357
,371
,340
,331
,365
,365
,340
,340
,365
2026 06 19 18:05:15.223676,352
,328
,346
,363
,333
,322
,356
,356
,333
,330
,358
,352
,323
,343
2026 06 19 18:05:15.285852,368
,349
,327
,356
,372
,341
,327
,361
,358
,330
,338
,367
,346
,318
2026 06 19 18:05:15.346735,347
,366
,340
,328
,356
,355
,334
,341
,367
,350
,327
,346
,376
,353
2026 06 19 18:05:15.413066,336
,363
,366
,335
,327
,359
,356
,330
,341
,364
,341
,320
,347
,372
2026 06 19 18:05:15.473795,342
,332
,363
,358
,330
,341
,364
,348
,333
,350
,364
,347
,330
,355
2026 06 19 18:05:15.540600,370
,342
,344
,371
,352
,324
,346
,365
,347
,328
,359
,365
,339
,336
2026 06 19 18:05:15.601473,370
,360
,332
,343
,368
,359
,328
,351
,358
,337
,331
,359
,349
,320
2026 06 19 18:05:15.662658,337
,373
,346
,327
,360
,372
,350
,333
,363
,361
,332
,336
,365
,355
2026 06 19 18:05:15.728812,332
,353
,371
,351
,330
,361
,360
,336
,337
,368
,360
,326
,343
,368
2026 06 19 18:05:15.789705,351
,339
,362
,375
,352
,338
,379
,374
,339
,342
,377
,360
,325
,353
2026 06 19 18:05:15.855520,380
,352
,337
,364
,361
,336
,342
,371
,354
,328
,346
,371
,352
,333
2026 06 19 18:05:15.916757,360
,358
,323
,331
,374
,349
,326
,365
,381
,360
,330
,348
,367
,348
2026 06 19 18:05:15.977548,334
,365
,361
,332
,334
,363
,349
,327
,353
,370
,348
,329
,354
,357
2026 06 19 18:05:16.043740,330
,332
,361
,345
,324
,352
,371
,342
,326
,359
,370
,341
,329
,365
2026 06 19 18:05:16.104433,362
,334
,342
,366
,348
,327
,353
,365
,341
,332
,361
,356
,337
,338
2026 06 19 18:05:16.170789,363
,346
,331
,348
,368
,346
,327
,361
,367
,342
,342
,367
,352
,322
2026 06 19 18:05:16.231938,336
,361
,349
,326
,350
,357
,325
,317
,358
,344
,324
,326
,347
,349
2026 06 19 18:05:16.294218,321
,341
,365
,343
,330
,360
,358
,330
,331
,359
,350
,328
,346
,366
2026 06 19 18:05:16.358604,341
,322
,353
,356
,334
,336
,365
,355
,328
,349
,369
,347
,325
,358
2026 06 19 18:05:16.420527,363
,328
,327
,363
,375
,345
,349
,365
,357
,335
,352
,364
,336
,319
2026 06 19 18:05:16.486010,363
,364
,337
,337
,362
,351
,324
,350
,369
,344
,329
,358
,356
,335
2026 06 19 18:05:16.546764,337
,364
,353
,323
,335
,362
,344
,325
,353
,366
,349
,337
,369
,364
2026 06 19 18:05:16.609676,337
,350
,380
,359
,331
,355
,361
,334
,323
,354
,357
,341
,341
,370
2026 06 19 18:05:16.673973,354
,327
,347
,368
,349
,328
,365
,367
,345
,341
,370
,356
,331
,342
2026 06 19 18:05:16.735441,354
,342
,331
,354
,362
,333
,333
,364
,346
,320
,334
,361
,346
,321
2026 06 19 18:05:16.800740,346
,357
,338
,324
,347
,350
,325
,324
,353
,342
,325
,339
,358
,336
2026 06 19 18:05:16.862826,316
,351
,365
,338
,332
,365
,354
,321
,341
,370
,347
,323
,363
,371
2026 06 19 18:05:16.924366,341
,329
,355
,356
,340
,353
,376
,357
,331
,356
,367
,348
,340
,368
2026 06 19 18:05:16.990040,366
,347
,354
,385
,368
,344
,364
,384
,358
,342
,372
,372
,353
,351
2026 06 19 18:05:17.050615,375
,369
,348
,362
,379
,362
,338
,368
,382
,361
,356
,393
,387
,360
2026 06 19 18:05:17.116751,368
,393
,369
,342
,372
,389
,363
,343
,377
,380
,356
,358
,382
,367
2026 06 19 18:05:17.177909,346
,368
,394
,373
,351
,376
,388
,369
,367
,394
,384
,354
,363
,393
2026 06 19 18:05:17.239658,370
,351
,374
,384
,359
,349
,382
,373
,341
,355
,385
,374
,345
,364
2026 06 19 18:05:17.305290,399
,368
,354
,388
,383
,358
,360
,389
,382
,358
,372
,393
,369
,349
2026 06 19 18:05:17.366648,377
,382
,357
,348
,381
,378
,347
,359
,386
,375
,352
,378
,389
,359
2026 06 19 18:05:17.431761,347
,375
,376
,358
,360
,387
,371
,351
,370
,383
,358
,339
,370
,373
2026 06 19 18:05:17.492750,348
,348
,382
,368
,346
,366
,385
,364
,337
,358
,378
,351
,344
,378
2026 06 19 18:05:17.555288,376
,354
,363
,385
,367
,340
,360
,376
,349
,341
,375
,372
,351
,355
2026 06 19 18:05:17.620378,382
,360
,330
,353
,370
,351
,330
,362
,369
,335
,327
,360
,354
,331
2026 06 19 18:05:17.681661,344
,368
,342
,323
,352
,363
,343
,337
,374
,361
,331
,342
,366
,351
2026 06 19 18:05:17.746995,330
,358
,369
,344
,329
,358
,355
,319
,327
,365
,348
,314
,341
,374
2026 06 19 18:05:17.808689,348
,328
,351
,364
,339
,332
,363
,353
,325
,341
,364
,345
,322
,347
2026 06 19 18:05:17.870560,356
,332
,323
,353
,351
,323
,325
,363
,352
,319
,351
,359
,333
,323
2026 06 19 18:05:17.935242,354
,347
,321
,323
,354
,336
,315
,334
,351
,326
,306
,341
,347
,322
2026 06 19 18:05:17.997654,320
,352
,344
,318
,330
,349
,324
,296
,333
,337
,315
,304
,341
,339
2026 06 19 18:05:18.062944,309
,313
,332
,314
,291
,309
,340
,318
,300
,332
,330
,305
,305
,337
2026 06 19 18:05:18.123842,319
,303
,320
,334
,308
,305
,332
,336
,309
,299
,324
,325
,305
,319
2026 06 19 18:05:18.185218,341
,327
,304
,331
,340
,315
,307
,335
,333
,311
,317
,345
,327
,298
2026 06 19 18:05:18.250932,325
,342
,314
,297
,334
,336
,309
,309
,341
,323
,298
,314
,337
,321
2026 06 19 18:05:18.312995,303
,330
,325
,304
,301
,334
,331
,303
,315
,334
,307
,289
,319
,324
2026 06 19 18:05:18.377751,304
,303
,327
,322
,313
,325
,348
,329
,305
,325
,338
,318
,301
,330
2026 06 19 18:05:18.439606,343
,322
,319
,344
,325
,304
,324
,336
,321
,306
,337
,341
,313
,309
2026 06 19 18:05:18.500687,342
,334
,305
,314
,341
,322
,296
,326
,341
,321
,301
,323
,334
,304
2026 06 19 18:05:18.566059,309
,338
,323
,296
,316
,341
,319
,303
,334
,340
,313
,311
,342
,326
2026 06 19 18:05:18.628663,301
,323
,344
,319
,294
,320
,341
,317
,310
,337
,325
,304
,323
,349
2026 06 19 18:05:18.688961,330
,309
,334
,347
,320
,303
,337
,341
,315
,319
,342
,334
,309
,330
2026 06 19 18:05:18.754449,354
,332
,310
,345
,345
,324
,324
,353
,337
,315
,331
,351
,328
,312
2026 06 19 18:05:18.816749,342
,345
,316
,309
,341
,336
,311
,325
,341
,331
,308
,328
,339
,314
2026 06 19 18:05:18.884207,313
,348
,342
,316
,322
,346
,333
,311
,332
,351
,322
,310
,352
,347
2026 06 19 18:05:18.943690,320
,316
,340
,327
,311
,331
,348
,328
,309
,335
,345
,321
,318
,356
2026 06 19 18:05:19.005336,351
,324
,330
,357
,335
,312
,336
,355
,329
,320
,350
,344
,318
,328
2026 06 19 18:05:19.070352,356
,348
,321
,338
,358
,333
,317
,348
,342
,315
,309
,349
,341
,314
2026 06 19 18:05:19.131754,331
,348
,335
,320
,350
,356
,330
,326
,352
,346
,321
,329
,353
,337
2026 06 19 18:05:19.197487,313
,342
,355
,329
,319
,343
,342
,324
,325
,353
,335
,316
,328
,345
2026 06 19 18:05:19.259066,323
,306
,336
,338
,310
,306
,329
,315
,296
,309
,326
,308
,289
,317
2026 06 19 18:05:19.320432,342
,309
,316
,345
,336
,305
,307
,334
,324
,299
,322
,337
,317
,300
2026 06 19 18:05:19.385947,335
,331
,296
,303
,351
,333
,302
,323
,341
,323
,306
,336
,338
,314
2026 06 19 18:05:19.446870,311
,341
,338
,307
,321
,347
,332
,306
,332
,342
,315
,309
,339
,338
2026 06 19 18:05:19.512869,316
,325
,347
,326
,313
,336
,351
,323
,303
,330
,346
,318
,321
,353
2026 06 19 18:05:19.574786,336
,316
,337
,354
,324
,300
,336
,354
,329
,320
,349
,348
,320
,332
2026 06 19 18:05:19.635661,336
,318
,314
,352
,361
,331
,322
,350
,340
,323
,337
,367
,345
,320
2026 06 19 18:05:19.700730,339
,359
,337
,316
,348
,351
,324
,320
,351
,335
,307
,330
,352
,329
2026 06 19 18:05:19.762639,297
,335
,352
,325
,319
,353
,348
,330
,342
,360
,339
,330
,354
,365
2026 06 19 18:05:19.827106,340
,327
,364
,362
,331
,342
,380
,357
,328
,351
,368
,345
,331
,367
2026 06 19 18:05:19.889915,368
,342
,345
,370
,350
,320
,344
,371
,352
,330
,357
,361
,345
,341
2026 06 19 18:05:19.951577,374
,362
,335
,352
,376
,354
,330
,361
,366
,338
,325
,363
,361
,331
2026 06 19 18:05:20.017823,334
,361
,360
,336
,349
,366
,343
,321
,351
,359
,344
,341
,371
,358
2026 06 19 18:05:20.077969,324
,344
,365
,336
,319
,349
,362
,345
,330
,365
,360
,325
,344
,367
2026 06 19 18:05:20.143600,346
,326
,343
,355
,336
,318
,352
,351
,319
,333
,363
,352
,320
,343
2026 06 19 18:05:20.205661,363
,343
,331
,367
,358
,344
,346
,371
,358
,330
,344
,365
,342
,328
2026 06 19 18:05:20.266691,356
,363
,334
,328
,371
,360
,326
,336
,365
,344
,317
,336
,363
,347
2026 06 19 18:05:20.334310,327
,359
,363
,331
,336
,364
,346
,318
,344
,363
,343
,323
,351
,359
2026 06 19 18:05:20.392899,327
,326
,360
,343
,317
,348
,372
,353
,334
,359
,366
,341
,337
,366
2026 06 19 18:05:20.458930,354
,326
,341
,369
,347
,324
,349
,357
,329
,312
,332
,339
,330
,331
2026 06 19 18:05:20.520543,357
,338
,307
,332
,355
,333
,319
,358
,360
,329
,327
,357
,348
,320
2026 06 19 18:05:20.581368,346
,371
,343
,321
,357
,369
,339
,345
,381
,376
,349
,349
,375
,354
2026 06 19 18:05:20.647007,328
,344
,354
,345
,332
,354
,345
,331
,335
,368
,357
,323
,344
,370
2026 06 19 18:05:20.708830,341
,321
,357
,362
,331
,325
,358
,348
,320
,327
,360
,346
,316
,343
2026 06 19 18:05:20.774796,370
,342
,322
,358
,353
,328
,334
,363
,348
,321
,340
,359
,348
,326
2026 06 19 18:05:20.835867,357
,359
,329
,330
,361
,350
,324
,338
,368
,348
,332
,360
,372
,346
2026 06 19 18:05:20.897366,337
,369
,363
,332
,345
,378
,352
,325
,361
,377
,356
,339
,378
,373
2026 06 19 18:05:20.962980,345
,353
,377
,360
,342
,368
,385
,357
,339
,369
,375
,345
,348
,377
2026 06 19 18:05:21.023814,362
,344
,362
,385
,362
,338
,371
,376
,353
,351
,381
,369
,343
,359
2026 06 19 18:05:21.089742,382
,363
,342
,372
,385
,351
,333
,375
,372
,346
,349
,372
,359
,343
2026 06 19 18:05:21.150668,361
,378
,358
,343
,373
,369
,348
,347
,372
,361
,334
,348
,371
,353
2026 06 19 18:05:21.212808,341
,370
,375
,348
,344
,380
,371
,344
,358
,378
,355
,331
,364
,380
2026 06 19 18:05:21.277701,355
,343
,375
,370
,345
,349
,370
,369
,352
,369
,382
,362
,347
,375
2026 06 19 18:05:21.339297,379
,349
,354
,391
,377
,343
,355
,370
,358
,341
,368
,378
,355
,344
2026 06 19 18:05:21.405111,387
,375
,342
,351
,385
,366
,347
,371
,385
,366
,347
,376
,372
,344
2026 06 19 18:05:21.467795,348
,377
,364
,346
,368
,386
,361
,344
,378
,376
,342
,351
,384
,368
2026 06 19 18:05:21.527822,342
,366
,387
,361
,340
,378
,382
,358
,355
,388
,379
,348
,355
,383
2026 06 19 18:05:21.593740,370
,348
,374
,382
,354
,347
,394
,394
,361
,362
,395
,385
,357
,372
2026 06 19 18:05:21.655207,394
,372
,357
,381
,381
,353
,352
,395
,381
,354
,367
,386
,367
,353
2026 06 19 18:05:21.720393,375
,385
,359
,354
,386
,382
,351
,358
,387
,368
,344
,372
,383
,355
2026 06 19 18:05:21.781930,341
,373
,376
,355
,355
,380
,371
,347
,360
,381
,361
,344
,371
,382
2026 06 19 18:05:21.842762,353
,347
,382
,381
,349
,361
,391
,374
,346
,376
,389
,360
,352
,386
2026 06 19 18:05:21.908704,381
,356
,364
,385
,368
,342
,364
,381
,364
,349
,380
,381
,359
,361
2026 06 19 18:05:21.969733,382
,376
,346
,363
,384
,365
,350
,368
,375
,355
,349
,384
,374
,351
2026 06 19 18:05:22.035242,358
,388
,373
,344
,368
,384
,355
,341
,376
,370
,340
,342
,375
,365
2026 06 19 18:05:22.097454,344
,367
,384
,365
,350
,384
,387
,360
,358
,389
,377
,353
,369
,391
2026 06 19 18:05:22.158815,374
,352
,377
,382
,346
,345
,377
,378
,357
,371
,396
,370
,346
,376
2026 06 19 18:05:22.224601,388
,363
,355
,385
,380
,346
,353
,387
,373
,344
,365
,382
,355
,346
2026 06 19 18:05:22.285371,378
,375
,352
,352
,385
,378
,354
,366
,388
,372
,347
,368
,368
,357
2026 06 19 18:05:22.347095,352
,372
,381
,361
,367
,389
,370
,342
,372
,390
,361
,345
,380
,379
2026 06 19 18:05:22.412912,351
,358
,386
,372
,346
,363
,383
,358
,341
,377
,380
,353
,348
,377
2026 06 19 18:05:22.473940,366
,341
,343
,371
,365
,345
,370
,377
,355
,346
,377
,368
,338
,348
2026 06 19 18:05:22.539906,375
,356
,329
,358
,376
,355
,342
,371
,367
,342
,347
,366
,357
,338
2026 06 19 18:05:22.602669,357
,376
,354
,334
,367
,367
,346
,347
,376
,362
,332
,344
,371
,362
2026 06 19 18:05:22.662163,341
,366
,372
,345
,334
,363
,357
,332
,333
,363
,354
,339
,364
,384
2026 06 19 18:05:22.728029,360
,342
,373
,368
,331
,342
,391
,374
,346
,365
,383
,360
,338
,368
2026 06 19 18:05:22.789674,374
,346
,347
,382
,372
,345
,357
,378
,367
,342
,367
,382
,357
,348
2026 06 19 18:05:22.854719,381
,370
,342
,361
,394
,377
,349
,364
,379
,357
,343
,384
,388
,362
2026 06 19 18:05:22.915901,360
,391
,371
,345
,368
,390
,364
,346
,371
,375
,356
,349
,380
,370
2026 06 19 18:05:22.977935,343
,354
,377
,367
,346
,370
,378
,363
,352
,380
,372
,352
,363
,384
2026 06 19 18:05:23.043788,363
,344
,365
,375
,354
,346
,376
,377
,349
,348
,374
,367
,342
,359
2026 06 19 18:05:23.104545,383
,360
,339
,365
,377
,354
,351
,386
,363
,339
,362
,385
,366
,346
2026 06 19 18:05:23.170463,371
,384
,361
,348
,372
,381
,352
,355
,383
,365
,343
,366
,381
,357
2026 06 19 18:05:23.231618,337
,366
,367
,341
,342
,372
,362
,339
,356
,380
,362
,339
,367
,374
2026 06 19 18:05:23.293466,351
,346
,379
,372
,344
,353
,378
,358
,331
,363
,379
,354
,340
,372
2026 06 19 18:05:23.359024,367
,339
,350
,380
,362
,336
,364
,378
,357
,341
,372
,378
,355
,351
2026 06 19 18:05:23.420029,376
,368
,345
,357
,378
,357
,332
,354
,364
,347
,330
,365
,372
,346
2026 06 19 18:05:23.485107,355
,380
,363
,340
,361
,380
,363
,347
,375
,371
,347
,352
,377
,359
2026 06 19 18:05:23.547436,333
,351
,371
,351
,331
,367
,363
,337
,337
,376
,366
,342
,357
,381
2026 06 19 18:05:23.609034,363
,344
,370
,370
,352
,345
,376
,364
,332
,341
,371
,353
,336
,355
2026 06 19 18:05:23.674497,370
,350
,335
,360
,366
,346
,342
,364
,358
,352
,369
,382
,355
,343
2026 06 19 18:05:23.735259,367
,371
,345
,332
,373
,372
,339
,350
,375
,356
,327
,360
,363
,342
2026 06 19 18:05:23.802180,335
,360
,361
,338
,350
,374
,353
,328
,354
,365
,342
,333
,360
,366
2026 06 19 18:05:23.862855,338
,343
,375
,361
,331
,349
,369
,351
,332
,363
,370
,345
,339
,367
2026 06 19 18:05:23.923849,359
,334
,347
,370
,350
,327
,352
,369
,345
,335
,367
,360
,332
,338
2026 06 19 18:05:23.990122,366
,346
,319
,350
,368
,349
,329
,357
,364
,347
,343
,374
,359
,332
2026 06 19 18:05:24.050699,354
,377
,359
,340
,364
,362
,340
,341
,379
,368
,339
,352
,373
,351
2026 06 19 18:05:24.116660,329
,356
,383
,359
,339
,379
,375
,349
,352
,382
,365
,338
,353
,366
2026 06 19 18:05:24.177512,346
,332
,362
,369
,339
,339
,371
,364
,343
,358
,374
,363
,341
,367
2026 06 19 18:05:24.239030,371
,345
,341
,361
,348
,336
,354
,378
,355
,331
,359
,372
,343
,338
2026 06 19 18:05:24.305070,374
,375
,343
,348
,374
,353
,325
,355
,371
,350
,329
,359
,361
,337
2026 06 19 18:05:24.365755,337
,362
,349
,331
,348
,368
,346
,337
,369
,379
,362
,352
,375
,365
2026 06 19 18:05:24.431365,339
,353
,386
,362
,332
,356
,373
,354
,346
,376
,367
,343
,347
,380
2026 06 19 18:05:24.493088,376
,346
,364
,381
,366
,345
,374
,374
,341
,339
,376
,365
,332
,344
2026 06 19 18:05:24.554631,373
,358
,335
,359
,373
,347
,338
,367
,361
,337
,346
,370
,351
,327
2026 06 19 18:05:24.620428,350
,366
,343
,326
,363
,369
,340
,350
,380
,362
,340
,357
,373
,360
2026 06 19 18:05:24.681880,341
,368
,372
,348
,346
,378
,363
,332
,349
,371
,351
,330
,358
,368
2026 06 19 18:05:24.747350,341
,332
,361
,353
,334
,349
,377
,359
,332
,356
,367
,340
,326
,362
2026 06 19 18:05:24.808323,357
,331
,340
,373
,361
,337
,361
,375
,352
,332
,360
,366
,348
,341
2026 06 19 18:05:24.869801,377
,368
,342
,353
,371
,353
,332
,356
,367
,347
,334
,359
,357
,336
2026 06 19 18:05:24.935687,348
,382
,360
,332
,352
,373
,353
,339
,373
,373
,347
,348
,375
,365
2026 06 19 18:05:24.996823,339
,354
,367
,345
,340
,376
,377
,348
,343
,380
,375
,344
,352
,381
2026 06 19 18:05:25.062843,376
,351
,364
,372
,359
,344
,372
,362
,343
,351
,377
,365
,336
,354
2026 06 19 18:05:25.124364,373
,356
,336
,360
,368
,343
,341
,370
,358
,328
,347
,367
,347
,331
2026 06 19 18:05:25.185639,359
,362
,332
,332
,365
,356
,331
,337
,371
,363
,332
,355
,366
,339
2026 06 19 18:05:25.249911,329
,366
,354
,327
,340
,364
,352
,326
,346
,366
,342
,327
,361
,361
2026 06 19 18:05:25.312717,334
,336
,366
,353
,327
,349
,365
,338
,321
,353
,357
,334
,328
,360
2026 06 19 18:05:25.379944,353
,329
,335
,359
,344
,321
,344
,353
,331
,319
,349
,345
,330
,339
2026 06 19 18:05:25.439678,372
,358
,328
,346
,360
,344
,331
,361
,361
,328
,333
,369
,353
,326
2026 06 19 18:05:25.500854,344
,366
,346
,327
,350
,362
,339
,333
,363
,352
,331
,344
,369
,353
2026 06 19 18:05:25.565403,330
,359
,369
,346
,335
,366
,367
,338
,344
,376
,359
,332
,358
,374
2026 06 19 18:05:25.628157,351
,323
,366
,369
,346
,342
,368
,352
,326
,340
,363
,351
,329
,351
2026 06 19 18:05:25.693113,367
,343
,335
,365
,358
,333
,354
,381
,360
,337
,363
,375
,349
,338
2026 06 19 18:05:25.755164,365
,358
,333
,339
,369
,355
,329
,349
,371
,355
,337
,365
,373
,350
2026 06 19 18:05:25.815490,350
,376
,375
,350
,354
,378
,356
,332
,357
,363
,338
,331
,364
,357
2026 06 19 18:05:25.882060,331
,347
,371
,353
,332
,360
,375
,355
,340
,368
,361
,350
,349
,362
2026 06 19 18:05:25.943567,340
,324
,366
,381
,354
,336
,367
,367
,340
,342
,373
,362
,334
,347
2026 06 19 18:05:26.009002,371
,357
,335
,360
,372
,347
,342
,375
,368
,339
,346
,370
,350
,325
2026 06 19 18:05:26.070606,349
,364
,342
,330
,359
,357
,334
,341
,369
,352
,325
,353
,376
,353
2026 06 19 18:05:26.131496,337
,370
,371
,344
,334
,369
,349
,319
,342
,364
,342
,324
,353
,363
2026 06 19 18:05:26.197243,338
,329
,357
,347
,324
,335
,368
,348
,327
,358
,370
,348
,336
,357
2026 06 19 18:05:26.257886,360
,329
,334
,364
,347
,322
,342
,368
,342
,320
,358
,365
,342
,344
2026 06 19 18:05:26.319686,377
,366
,336
,344
,357
,340
,328
,351
,359
,337
,324
,366
,360
,327
2026 06 19 18:05:26.385725,335
,358
,349
,329
,352
,368
,349
,333
,367
,367
,339
,345
,378
,363
2026 06 19 18:05:26.447437,334
,355
,380
,356
,336
,362
,366
,340
,332
,366
,353
,329
,340
,366
2026 06 19 18:05:26.512024,360
,341
,365
,372
,345
,335
,373
,362
,336
,340
,368
,355
,328
,349
2026 06 19 18:05:26.574490,373
,351
,331
,364
,357
,320
,317
,365
,370
,344
,357
,377
,350
,331
2026 06 19 18:05:26.635462,356
,366
,342
,342
,372
,362
,335
,346
,368
,348
,322
,350
,367
,342
2026 06 19 18:05:26.700620,330
,366
,354
,322
,338
,365
,348
,318
,337
,364
,361
,343
,361
,354
2026 06 19 18:05:26.762218,330
,331
,362
,347
,321
,341
,362
,335
,313
,344
,351
,329
,323
,361
2026 06 19 18:05:26.827899,355
,327
,331
,351
,346
,339
,361
,369
,339
,330
,367
,364
,332
,337
2026 06 19 18:05:26.889675,369
,354
,325
,347
,364
,344
,328
,357
,360
,334
,334
,366
,348
,318
2026 06 19 18:05:26.951009,337
,361
,344
,327
,354
,352
,323
,339
,365
,358
,332
,340
,365
,345
2026 06 19 18:05:27.016604,326
,342
,353
,342
,334
,363
,356
,336
,347
,375
,355
,331
,352
,373
2026 06 19 18:05:27.077319,349
,334
,364
,368
,341
,341
,372
,356
,328
,351
,371
,347
,324
,359
2026 06 19 18:05:27.143472,373
,349
,341
,366
,361
,342
,353
,377
,359
,336
,361
,373
,353
,338
2026 06 19 18:05:27.205499,365
,363
,335
,341
,371
,357
,333
,353
,374
,354
,331
,356
,362
,330
2026 06 19 18:05:27.266690,328
,368
,356
,329
,349
,379
,352
,321
,342
,363
,344
,335
,367
,364
2026 06 19 18:05:27.331705,338
,343
,368
,350
,321
,344
,353
,331
,324
,356
,355
,333
,336
,355
2026 06 19 18:05:27.393475,338
,330
,348
,361
,347
,326
,355
,366
,347
,344
,376
,361
,331
,341
2026 06 19 18:05:27.459024,360
,339
,319
,347
,362
,342
,334
,362
,354
,324
,333
,362
,347
,326
2026 06 19 18:05:27.519768,351
,369
,348
,337
,367
,365
,335
,336
,365
,347
,317
,343
,373
,349
2026 06 19 18:05:27.583601,329
,362
,365
,334
,323
,360
,356
,327
,344
,362
,347
,324
,357
,368
2026 06 19 18:05:27.649683,339
,329
,361
,355
,325
,333
,362
,343
,321
,340
,355
,344
,327
,352
2026 06 19 18:05:27.707497,350
,332
,340
,367
,353
,334
,354
,367
,340
,326
,354
,358
,328
,327
2026 06 19 18:05:27.774351,362
,352
,332
,344
,367
,348
,325
,352
,367
,342
,332
,364
,348
,327
2026 06 19 18:05:27.835791,345
,365
,347
,326
,341
,366
,342
,327
,363
,358
,332
,336
,360
,343
2026 06 19 18:05:27.896896,331
,343
,366
,351
,333
,357
,362
,337
,334
,370
,357
,328
,337
,363
2026 06 19 18:05:27.962817,348
,321
,347
,366
,343
,330
,359
,353
,325
,330
,358
,344
,325
,346
2026 06 19 18:05:28.024039,368
,357
,340
,367
,370
,341
,342
,374
,359
,329
,341
,375
,350
,314
2026 06 19 18:05:28.088792,357
,361
,332
,329
,357
,351
,322
,337
,366
,345
,322
,351
,362
,337
2026 06 19 18:05:28.150859,327
,351
,345
,322
,327
,359
,343
,318
,337
,355
,332
,315
,351
,356
2026 06 19 18:05:28.212637,331
,332
,366
,349
,315
,341
,370
,351
,329
,354
,360
,338
,331
,362
2026 06 19 18:05:28.277245,353
,323
,338
,357
,345
,321
,350
,364
,340
,324
,350
,357
,335
,338
2026 06 19 18:05:28.340141,373
,358
,332
,350
,366
,348
,331
,365
,370
,340
,330
,367
,367
,337
2026 06 19 18:05:28.406587,356
,378
,357
,336
,364
,375
,349
,340
,368
,364
,338
,353
,376
,350
2026 06 19 18:05:28.466519,328
,360
,373
,348
,333
,365
,361
,339
,337
,366
,355
,331
,356
,375
2026 06 19 18:05:28.527132,355
,336
,364
,362
,331
,325
,359
,347
,321
,338
,362
,343
,320
,348
2026 06 19 18:05:28.611512,365
,344
,331
,357
,360
,339
,347
,370
,354
,334
,357
,371
,343
,324
2026 06 19 18:05:28.654176,362
,360
,324
,339
,379
,362
,336
,352
,375
,354
,331
,358
,360
,337
2026 06 19 18:05:28.719747,339
,370
,362
,333
,347
,377
,358
,333
,357
,374
,346
,334
,361
,355
2026 06 19 18:05:28.782073,332
,340
,370
,358
,330
,355
,371
,352
,336
,374
,373
,349
,358
,382
2026 06 19 18:05:28.843205,364
,339
,356
,379
,355
,335
,370
,369
,342
,345
,369
,360
,332
,356
2026 06 19 18:05:28.910072,387
,368
,340
,363
,375
,350
,340
,365
,365
,338
,350
,378
,359
,339
2026 06 19 18:05:28.969585,363
,376
,347
,328
,358
,361
,336
,334
,369
,355
,329
,347
,362
,332
2026 06 19 18:05:29.035236,326
,361
,372
,339
,335
,369
,357
,334
,348
,367
,346
,320
,346
,361
2026 06 19 18:05:29.097272,337
,325
,356
,351
,324
,329
,355
,339
,316
,344
,362
,337
,330
,360
2026 06 19 18:05:29.162205,352
,336
,340
,367
,349
,323
,341
,370
,343
,333
,365
,367
,338
,329
2026 06 19 18:05:29.223463,363
,355
,341
,353
,374
,353
,333
,353
,365
,342
,330
,365
,359
,330
2026 06 19 18:05:29.285371,337
,350
,344
,329
,354
,374
,347
,331
,349
,362
,341
,345
,378
,362
2026 06 19 18:05:29.351004,335
,352
,370
,349
,329
,354
,366
,337
,333
,364
,355
,325
,336
,373
2026 06 19 18:05:29.413212,362
,340
,350
,356
,343
,338
,366
,361
,332
,338
,369
,355
,334
,355
2026 06 19 18:05:29.473744,367
,336
,325
,365
,366
,336
,334
,360
,345
,316
,334
,351
,326
,310
2026 06 19 18:05:29.539068,350
,356
,332
,331
,360
,348
,318
,330
,356
,338
,321
,346
,355
,335
2026 06 19 18:05:29.601018,323
,355
,347
,320
,332
,365
,349
,326
,344
,362
,341
,326
,358
,357
2026 06 19 18:05:29.665519,326
,328
,370
,356
,328
,345
,362
,338
,323
,353
,362
,333
,334
,371
2026 06 19 18:05:29.727530,365
,333
,342
,373
,352
,330
,354
,362
,337
,333
,366
,354
,334
,346
2026 06 19 18:05:29.789025,365
,347
,327
,348
,362
,336
,323
,364
,361
,329
,329
,361
,350
,330
2026 06 19 18:05:29.855050,347
,369
,341
,319
,358
,369
,344
,335
,364
,355
,321
,338
,361
,338
2026 06 19 18:05:29.916522,315
,341
,358
,335
,323
,350
,347
,332
,348
,375
,361
,337
,363
,377
2026 06 19 18:05:29.981933,349
,335
,369
,366
,335
,336
,363
,350
,327
,338
,352
,347
,330
,357
2026 06 19 18:05:30.042806,361
,331
,331
,364
,358
,336
,345
,378
,363
,337
,362
,368
,339
,322
2026 06 19 18:05:30.104479,357
,361
,333
,339
,361
,346
,328
,351
,370
,350
,332
,361
,366
,339
2026 06 19 18:05:30.169947,341
,373
,356
,335
,348
,362
,339
,321
,362
,365
,342
,339
,366
,365
2026 06 19 18:05:30.231310,336
,341
,368
,348
,327
,352
,365
,341
,327
,360
,358
,330
,332
,359
2026 06 19 18:05:30.297137,341
,318
,346
,364
,341
,323
,346
,341
,332
,335
,366
,353
,323
,348
2026 06 19 18:05:30.357539,375
,346
,323
,358
,372
,345
,336
,366
,361
,334
,343
,369
,351
,326
2026 06 19 18:05:30.420981,349
,351
,327
,335
,365
,356
,332
,347
,373
,355
,328
,353
,376
,354
2026 06 19 18:05:30.485457,332
,363
,373
,342
,336
,367
,354
,325
,341
,366
,345
,324
,348
,358
2026 06 19 18:05:30.547363,344
,337
,368
,365
,341
,351
,380
,351
,325
,359
,357
,347
,347
,370
2026 06 19 18:05:30.608594,366
,342
,344
,370
,355
,327
,345
,367
,346
,330
,361
,359
,337
,346
2026 06 19 18:05:30.674208,379
,364
,336
,349
,367
,345
,321
,352
,366
,332
,323
,370
,362
,332
2026 06 19 18:05:30.735955,340
,368
,353
,336
,359
,365
,349
,346
,373
,367
,335
,337
,361
,349
2026 06 19 18:05:30.800744,323
,346
,365
,346
,326
,348
,361
,342
,332
,363
,368
,344
,357
,378
2026 06 19 18:05:30.862703,362
,337
,363
,370
,342
,344
,372
,359
,331
,338
,363
,345
,325
,353
2026 06 19 18:05:30.923537,364
,343
,333
,361
,366
,347
,345
,372
,357
,329
,352
,371
,347
,331
2026 06 19 18:05:30.991012,359
,363
,333
,337
,369
,359
,331
,346
,367
,347
,327
,351
,361
,341
2026 06 19 18:05:31.050863,328
,365
,363
,338
,341
,381
,364
,333
,354
,369
,349
,331
,356
,353
2026 06 19 18:05:31.115945,343
,345
,370
,364
,338
,352
,373
,353
,332
,363
,374
,348
,343
,374
2026 06 19 18:05:31.177616,361
,329
,339
,362
,344
,320
,349
,362
,332
,330
,369
,367
,338
,346
2026 06 19 18:05:31.242088,376
,356
,340
,362
,379
,356
,341
,372
,371
,339
,343
,381
,358
,331
2026 06 19 18:05:31.304940,353
,375
,355
,329
,366
,379
,348
,341
,374
,362
,342
,353
,374
,361
2026 06 19 18:05:31.365583,337
,364
,371
,347
,333
,364
,362
,339
,346
,375
,359
,338
,359
,373
2026 06 19 18:05:31.431187,355
,343
,370
,371
,342
,340
,374
,365
,336
,360
,378
,354
,338
,372
2026 06 19 18:05:31.492763,373
,337
,331
,369
,359
,335
,358
,385
,364
,343
,371
,378
,350
,341
2026 06 19 18:05:31.556939,374
,369
,343
,349
,378
,366
,340
,362
,378
,352
,337
,375
,374
,351
2026 06 19 18:05:31.622597,357
,381
,366
,336
,350
,378
,360
,340
,370
,379
,352
,341
,375
,377
2026 06 19 18:05:31.682141,348
,360
,380
,357
,327
,361
,379
,354
,339
,370
,368
,335
,339
,370
2026 06 19 18:05:31.747446,352
,328
,352
,367
,340
,329
,362
,361
,333
,330
,363
,351
,324
,349
2026 06 19 18:05:31.809128,375
,353
,337
,368
,366
,342
,339
,363
,349
,321
,336
,366
,363
,337
2026 06 19 18:05:31.869064,360
,372
,346
,335
,363
,355
,326
,333
,360
,349
,324
,343
,359
,335
2026 06 19 18:05:31.935322,318
,348
,355
,332
,331
,366
,356
,327
,342
,365
,351
,330
,356
,360
2026 06 19 18:05:31.996660,332
,335
,371
,361
,329
,341
,365
,345
,325
,345
,355
,333
,326
,363
2026 06 19 18:05:32.062981,364
,341
,343
,365
,357
,326
,345
,377
,351
,332
,360
,363
,338
,335
2026 06 19 18:05:32.124661,367
,354
,321
,343
,368
,345
,328
,360
,376
,346
,331
,367
,364
,332
2026 06 19 18:05:32.185135,342
,361
,337
,328
,350
,358
,330
,325
,360
,362
,332
,336
,365
,347
2026 06 19 18:05:32.251121,325
,357
,376
,352
,335
,362
,362
,344
,341
,366
,357
,334
,347
,361
2026 06 19 18:05:32.311654,345
,321
,347
,359
,342
,338
,366
,365
,340
,343
,366
,357
,334
,351
2026 06 19 18:05:32.377217,368
,346
,330
,362
,360
,338
,339
,371
,354
,328
,348
,367
,344
,321
2026 06 19 18:05:32.438998,353
,351
,328
,339
,367
,357
,334
,347
,376
,360
,334
,355
,362
,343
2026 06 19 18:05:32.500842,335
,362
,356
,333
,341
,367
,351
,327
,347
,361
,339
,328
,358
,355
2026 06 19 18:05:32.565337,332
,334
,362
,348
,325
,344
,361
,339
,323
,352
,358
,336
,337
,367
2026 06 19 18:05:32.627736,354
,325
,345
,365
,349
,322
,344
,363
,339
,333
,368
,358
,330
,332
2026 06 19 18:05:32.693301,361
,344
,319
,345
,361
,343
,327
,351
,349
,335
,333
,361
,357
,330
2026 06 19 18:05:32.754867,345
,360
,340
,324
,352
,358
,333
,323
,352
,349
,320
,331
,368
,351
2026 06 19 18:05:32.815113,326
,352
,365
,337
,325
,353
,345
,329
,348
,374
,353
,327
,347
,367
2026 06 19 18:05:32.881078,337
,329
,371
,370
,342
,342
,369
,356
,331
,346
,361
,347
,331
,359
2026 06 19 18:05:32.942114,368
,342
,332
,362
,360
,338
,350
,367
,353
,329
,353
,361
,339
,338
2026 06 19 18:05:33.008706,370
,363
,337
,345
,369
,351
,332
,356
,369
,345
,327
,360
,358
,338
2026 06 19 18:05:33.070035,335
,361
,353
,330
,345
,369
,351
,331
,361
,369
,337
,328
,360
,353
2026 06 19 18:05:33.133464,326
,333
,366
,346
,318
,345
,361
,339
,327
,360
,362
,335
,336
,370
2026 06 19 18:05:33.197053,352
,320
,339
,364
,348
,335
,363
,358
,329
,329
,351
,346
,326
,342
2026 06 19 18:05:33.258066,358
,335
,316
,354
,361
,335
,330
,359
,352
,326
,335
,355
,340
,324
2026 06 19 18:05:33.323452,350
,363
,339
,328
,358
,358
,330
,334
,368
,353
,335
,351
,367
,344
2026 06 19 18:05:33.385027,326
,362
,367
,340
,337
,370
,360
,334
,345
,370
,350
,330
,359
,368
2026 06 19 18:05:33.449592,335
,327
,358
,348
,321
,339
,372
,351
,326
,348
,366
,349
,333
,364
2026 06 19 18:05:33.513053,365
,334
,340
,372
,360
,331
,347
,368
,349
,330
,361
,361
,341
,341
2026 06 19 18:05:33.574226,372
,359
,334
,346
,369
,352
,329
,354
,361
,342
,333
,373
,365
,333
2026 06 19 18:05:33.639244,340
,367
,353
,327
,349
,365
,347
,333
,364
,360
,338
,347
,373
,358
2026 06 19 18:05:33.700904,339
,360
,374
,347
,328
,360
,367
,340
,336
,359
,350
,330
,344
,369
2026 06 19 18:05:33.762435,356
,336
,358
,358
,331
,321
,356
,353
,325
,339
,365
,344
,324
,346
2026 06 19 18:05:33.827724,361
,343
,330
,358
,348
,325
,332
,367
,356
,331
,352
,371
,350
,331
2026 06 19 18:05:33.888877,363
,365
,336
,330
,363
,358
,339
,356
,373
,354
,334
,353
,367
,341
2026 06 19 18:05:33.954204,336
,368
,362
,336
,345
,369
,350
,326
,350
,364
,349
,336
,365
,360
2026 06 19 18:05:34.017571,335
,340
,372
,352
,325
,350
,373
,346
,319
,355
,366
,335
,337
,373
2026 06 19 18:05:34.077056,363
,335
,347
,367
,351
,332
,354
,363
,340
,326
,363
,366
,331
,336
2026 06 19 18:05:34.142790,364
,356
,328
,350
,364
,341
,323
,358
,368
,345
,346
,374
,359
,332
2026 06 19 18:05:34.204634,348
,369
,346
,328
,356
,361
,331
,331
,372
,363
,334
,352
,365
,351
2026 06 19 18:05:34.270179,346
,369
,373
,351
,341
,368
,364
,339
,345
,371
,349
,322
,342
,353
2026 06 19 18:05:34.334160,332
,320
,356
,368
,339
,338
,372
,357
,333
,340
,373
,363
,346
,374
2026 06 19 18:05:34.392967,375
,348
,345
,371
,356
,327
,342
,365
,348
,331
,360
,376
,355
,348
2026 06 19 18:05:34.458700,378
,370
,342
,356
,383
,366
,343
,368
,386
,361
,338
,367
,364
,334
2026 06 19 18:05:34.520202,339
,373
,361
,338
,354
,373
,353
,330
,359
,380
,357
,353
,381
,370
2026 06 19 18:05:34.585180,343
,358
,376
,352
,329
,351
,361
,338
,335
,370
,358
,330
,347
,379
2026 06 19 18:05:34.647103,363
,333
,349
,357
,329
,321
,350
,350
,323
,323
,361
,345
,322
,338
2026 06 19 18:05:34.708213,365
,343
,325
,358
,359
,326
,331
,384
,365
,333
,346
,370
,348
,328
2026 06 19 18:05:34.774432,355
,368
,343
,334
,368
,364
,340
,351
,377
,359
,334
,359
,378
,352
2026 06 19 18:05:34.835383,334
,363
,360
,334
,332
,364
,352
,328
,344
,371
,347
,331
,359
,359
2026 06 19 18:05:34.896876,329
,321
,355
,362
,329
,334
,368
,349
,323
,347
,359
,337
,328
,359
2026 06 19 18:05:34.962529,355
,328
,332
,366
,356
,331
,346
,361
,338
,329
,360
,360
,323
,318
2026 06 19 18:05:35.023990,359
,355
,323
,340
,367
,342
,328
,353
,357
,331
,323
,354
,356
,331
2026 06 19 18:05:35.089019,343
,360
,348
,336
,356
,368
,341
,326
,353
,355
,334
,339
,361
,348
2026 06 19 18:05:35.152407,329
,343
,366
,349
,331
,365
,372
,342
,337
,373
,355
,320
,338
,362
2026 06 19 18:05:35.212119,343
,318
,348
,361
,334
,319
,352
,356
,331
,344
,366
,355
,331
,355
2026 06 19 18:05:35.277537,369
,345
,336
,364
,360
,330
,340
,373
,356
,330
,353
,370
,352
,328
2026 06 19 18:05:35.338814,364
,367
,339
,337
,365
,353
,325
,344
,369
,347
,331
,361
,368
,348
2026 06 19 18:05:35.404088,334
,367
,362
,331
,339
,368
,346
,324
,350
,361
,346
,336
,363
,358
2026 06 19 18:05:35.466750,335
,343
,373
,361
,333
,350
,370
,349
,331
,354
,351
,325
,328
,378
2026 06 19 18:05:35.527287,366
,331
,341
,365
,350
,329
,350
,361
,335
,331
,366
,363
,335
,349
2026 06 19 18:05:35.593278,373
,351
,323
,345
,360
,337
,324
,351
,350
,334
,333
,359
,344
,322
2026 06 19 18:05:35.654682,349
,372
,343
,326
,362
,365
,343
,337
,371
,366
,337
,353
,374
,354
2026 06 19 18:05:35.720096,331
,357
,365
,341
,327
,357
,357
,333
,336
,375
,357
,334
,349
,361
2026 06 19 18:05:35.781886,350
,344
,373
,363
,338
,349
,376
,360
,337
,358
,379
,357
,330
,353
2026 06 19 18:05:35.843110,360
,338
,334
,372
,366
,332
,344
,373
,356
,328
,351
,374
,356
,341
2026 06 19 18:05:35.907538,368
,359
,332
,340
,364
,348
,321
,342
,366
,344
,329
,350
,352
,341
2026 06 19 18:05:35.969757,346
,382
,366
,338
,358
,374
,356
,333
,365
,367
,338
,331
,371
,367
2026 06 19 18:05:36.035395,335
,342
,364
,355
,337
,363
,373
,348
,335
,364
,366
,347
,350
,372
2026 06 19 18:05:36.097219,354
,330
,347
,363
,342
,325
,356
,361
,330
,332
,358
,347
,323
,348
2026 06 19 18:05:36.158592,366
,348
,330
,360
,369
,343
,340
,368
,356
,331
,344
,368
,351
,335
2026 06 19 18:05:36.223175,359
,371
,339
,334
,369
,358
,331
,334
,359
,350
,326
,349
,368
,347
2026 06 19 18:05:36.286722,328
,349
,357
,333
,330
,352
,340
,314
,335
,359
,341
,325
,351
,359
2026 06 19 18:05:36.349860,330
,335
,366
,356
,326
,344
,374
,356
,334
,357
,366
,337
,328
,367
2026 06 19 18:05:36.412116,362
,334
,343
,375
,355
,329
,349
,365
,342
,325
,362
,365
,341
,342
2026 06 19 18:05:36.473483,375
,367
,336
,349
,372
,356
,333
,355
,363
,340
,333
,363
,354
,326
2026 06 19 18:05:36.538837,331
,370
,358
,331
,347
,372
,350
,334
,365
,361
,333
,341
,366
,351
2026 06 19 18:05:36.600893,320
,344
,364
,347
,329
,358
,359
,337
,339
,376
,362
,335
,351
,368
2026 06 19 18:05:36.665950,353
,335
,359
,370
,351
,343
,374
,366
,337
,351
,377
,352
,328
,355
2026 06 19 18:05:36.727538,369
,353
,335
,367
,363
,338
,344
,373
,357
,336
,355
,378
,356
,332
2026 06 19 18:05:36.788825,363
,367
,343
,338
,372
,361
,333
,346
,370
,347
,330
,357
,369
,341
2026 06 19 18:05:36.854734,331
,361
,354
,332
,345
,379
,364
,341
,358
,379
,358
,337
,365
,359
2026 06 19 18:05:36.915670,335
,336
,366
,354
,331
,345
,365
,345
,325
,351
,360
,342
,339
,369
2026 06 19 18:05:36.981566,364
,333
,339
,373
,360
,330
,349
,364
,342
,329
,359
,368
,340
,340
2026 06 19 18:05:37.042968,374
,359
,329
,347
,364
,345
,331
,362
,363
,338
,339
,368
,356
,321
2026 06 19 18:05:37.104360,341
,362
,347
,321
,353
,357
,334
,337
,366
,354
,331
,343
,369
,351
2026 06 19 18:05:37.170220,330
,355
,363
,341
,327
,361
,357
,328
,328
,354
,352
,328
,345
,364
2026 06 19 18:05:37.231662,343
,332
,359
,361
,329
,329
,360
,346
,328
,352
,374
,353
,337
,369
2026 06 19 18:05:37.296557,371
,343
,335
,362
,346
,323
,341
,366
,348
,326
,347
,367
,340
,327
2026 06 19 18:05:37.357725,367
,363
,332
,334
,367
,360
,334
,353
,373
,350
,333
,359
,357
,334
2026 06 19 18:05:37.420002,335
,368
,356
,329
,346
,367
,348
,327
,355
,365
,344
,340
,374
,367
2026 06 19 18:05:37.488002,342
,351
,375
,347
,333
,363
,356
,329
,342
,369
,368
,342
,347
,370
2026 06 19 18:05:37.546746,353
,326
,345
,362
,341
,328
,360
,362
,336
,337
,372
,362
,333
,343
2026 06 19 18:05:37.612511,362
,343
,327
,357
,367
,341
,333
,362
,347
,335
,348
,374
,355
,331
2026 06 19 18:05:37.673596,362
,373
,347
,333
,363
,359
,335
,338
,360
,344
,325
,347
,366
,344
2026 06 19 18:05:37.735836,323
,353
,352
,326
,322
,360
,354
,328
,341
,360
,351
,335
,357
,361
2026 06 19 18:05:37.801001,334
,327
,360
,350
,324
,337
,361
,344
,332
,354
,368
,343
,328
,362
2026 06 19 18:05:37.862066,359
,331
,344
,374
,355
,330
,355
,377
,357
,330
,349
,357
,341
,340
2026 06 19 18:05:37.927532,376
,366
,332
,345
,374
,352
,325
,349
,356
,337
,339
,366
,355
,333
2026 06 19 18:05:37.989322,337
,362
,352
,325
,348
,362
,334
,317
,352
,356
,338
,341
,371
,355
2026 06 19 18:05:38.052592,330
,350
,366
,335
,325
,356
,367
,344
,338
,367
,353
,326
,337
,362
2026 06 19 18:05:38.115220,347
,330
,360
,365
,337
,336
,365
,361
,334
,347
,369
,353
,332
,358
2026 06 19 18:05:38.177538,370
,347
,344
,368
,362
,338
,335
,368
,347
,323
,352
,377
,348
,326
2026 06 19 18:05:38.243151,361
,365
,340
,332
,361
,350
,325
,339
,363
,338
,322
,349
,358
,335
2026 06 19 18:05:38.307230,322
,360
,352
,325
,334
,363
,341
,312
,326
,355
,342
,328
,355
,351
2026 06 19 18:05:38.365211,333
,342
,368
,354
,327
,347
,370
,348
,332
,356
,364
,337
,330
,366
2026 06 19 18:05:38.430990,353
,325
,347
,372
,353
,332
,356
,364
,342
,335
,363
,360
,339
,345
2026 06 19 18:05:38.493838,372
,356
,330
,351
,365
,345
,331
,360
,364
,345
,346
,376
,362
,333
2026 06 19 18:05:38.557858,346
,365
,350
,330
,358
,367
,342
,339
,372
,363
,333
,352
,376
,348
2026 06 19 18:05:38.619692,325
,364
,375
,347
,335
,360
,352
,329
,341
,368
,359
,332
,353
,370
2026 06 19 18:05:38.681265,355
,339
,374
,373
,344
,343
,372
,359
,330
,349
,374
,361
,340
,367
2026 06 19 18:05:38.746932,366
,347
,337
,371
,365
,344
,354
,381
,366
,339
,364
,379
,354
,345
2026 06 19 18:05:38.808593,376
,370
,344
,349
,381
,363
,338
,359
,375
,347
,325
,365
,362
,344
2026 06 19 18:05:38.869590,342
,367
,364
,332
,348
,380
,358
,332
,360
,368
,336
,331
,362
,356
2026 06 19 18:05:38.935284,332
,340
,361
,328
,315
,355
,367
,336
,321
,354
,351
,329
,337
,362
2026 06 19 18:05:38.996937,341
,313
,344
,364
,324
,309
,366
,358
,335
,340
,368
,347
,330
,352
2026 06 19 18:05:39.062612,369
,340
,336
,374
,371
,345
,343
,379
,372
,344
,361
,386
,360
,337
2026 06 19 18:05:39.123725,368
,375
,341
,338
,384
,371
,337
,355
,387
,360
,338
,374
,386
,352
2026 06 19 18:05:39.185187,332
,373
,377
,335
,331
,377
,362
,323
,350
,376
,357
,326
,349
,368
2026 06 19 18:05:39.250692,342
,334
,368
,348
,317
,340
,366
,330
,311
,360
,379
,341
,336
,373
2026 06 19 18:05:39.315937,364
,340
,339
,368
,355
,328
,352
,368
,342
,331
,368
,360
,325
,348
2026 06 19 18:05:39.377763,388
,366
,341
,362
,386
,354
,331
,358
,368
,347
,338
,378
,367
,333
2026 06 19 18:05:39.439224,351
,384
,361
,332
,366
,374
,350
,341
,382
,374
,340
,343
,375
,361
2026 06 19 18:05:39.500755,331
,355
,373
,346
,331
,366
,367
,340
,336
,365
,344
,324
,354
,382
2026 06 19 18:05:39.565743,350
,318
,378
,390
,349
,341
,373
,366
,335
,348
,375
,353
,332
,366
2026 06 19 18:05:39.629883,374
,334
,331
,384
,375
,339
,333
,363
,357
,326
,348
,371
,342
,320
2026 06 19 18:05:39.692618,354
,356
,329
,330
,366
,347
,314
,340
,364
,334
,308
,345
,354
,337
2026 06 19 18:05:39.754894,319
,360
,363
,327
,339
,367
,340
,316
,341
,354
,324
,310
,340
,343
2026 06 19 18:05:39.815464,312
,317
,354
,330
,319
,355
,374
,342
,315
,348
,356
,327
,327
,365
2026 06 19 18:05:39.881066,344
,316
,355
,380
,350
,319
,357
,370
,353
,341
,374
,360
,337
,342
2026 06 19 18:05:39.946874,376
,354
,333
,364
,375
,347
,337
,373
,371
,339
,336
,367
,356
,329
2026 06 19 18:05:40.010340,352
,366
,350
,328
,363
,366
,332
,334
,374
,356
,318
,337
,375
,343
2026 06 19 18:05:40.069845,313
,343
,369
,340
,331
,369
,357
,327
,336
,367
,345
,337
,367
,382
2026 06 19 18:05:40.131482,345
,326
,374
,368
,334
,341
,376
,355
,323
,352
,380
,351
,329
,358
2026 06 19 18:05:40.196912,367
,337
,332
,372
,361
,330
,354
,374
,341
,327
,363
,384
,356
,340
2026 06 19 18:05:40.258820,375
,368
,336
,342
,380
,357
,333
,361
,375
,342
,334
,372
,370
,333
2026 06 19 18:05:40.323127,338
,372
,348
,327
,351
,384
,352
,328
,360
,366
,344
,337
,368
,352
2026 06 19 18:05:40.385233,324
,340
,370
,339
,321
,355
,369
,333
,320
,357
,348
,309
,319
,369
2026 06 19 18:05:40.446657,351
,330
,353
,373
,345
,331
,361
,364
,333
,339
,376
,358
,328
,346
2026 06 19 18:05:40.512190,371
,344
,321
,355
,358
,330
,329
,369
,352
,329
,340
,371
,352
,334
2026 06 19 18:05:40.573114,363
,375
,343
,331
,365
,367
,338
,342
,376
,353
,330
,358
,371
,346
2026 06 19 18:05:40.639181,324
,357
,365
,338
,339
,372
,354
,335
,352
,377
,351
,329
,369
,370
2026 06 19 18:05:40.699495,337
,327
,368
,361
,322
,346
,380
,352
,324
,360
,369
,341
,340
,368
2026 06 19 18:05:40.763046,360
,320
,330
,383
,359
,329
,346
,367
,344
,321
,357
,370
,341
,341
2026 06 19 18:05:40.827112,373
,354
,331
,350
,374
,351
,328
,361
,367
,337
,326
,363
,370
,333
2026 06 19 18:05:40.889331,342
,381
,359
,335
,361
,381
,354
,335
,370
,365
,333
,338
,375
,359
2026 06 19 18:05:40.954246,329
,355
,377
,347
,324
,374
,383
,346
,341
,373
,354
,330
,352
,378
2026 06 19 18:05:41.015154,356
,336
,367
,370
,350
,344
,371
,371
,346
,349
,381
,364
,334
,361
2026 06 19 18:05:41.076709,382
,345
,329
,367
,367
,347
,351
,378
,353
,328
,368
,385
,353
,332
2026 06 19 18:05:41.143010,369
,376
,340
,343
,377
,357
,327
,350
,385
,355
,330
,365
,376
,344
2026 06 19 18:05:41.204240,329
,361
,361
,332
,342
,370
,347
,320
,347
,364
,337
,314
,350
,354
2026 06 19 18:05:41.269983,329
,335
,378
,354
,328
,353
,373
,349
,323
,362
,372
,336
,332
,373
2026 06 19 18:05:41.332840,361
,335
,357
,383
,358
,337
,369
,376
,347
,340
,379
,375
,343
,353
2026 06 19 18:05:41.393303,388
,358
,331
,366
,379
,347
,334
,369
,374
,344
,348
,378
,359
,326
2026 06 19 18:05:41.458548,353
,382
,353
,330
,370
,377
,339
,332
,369
,365
,333
,350
,375
,350
2026 06 19 18:05:41.519640,329
,357
,369
,343
,330
,369
,372
,334
,347
,378
,362
,334
,353
,367
2026 06 19 18:05:41.585313,346
,328
,359
,363
,335
,338
,371
,353
,322
,341
,366
,339
,318
,355
2026 06 19 18:05:41.646787,364
,328
,320
,366
,360
,325
,341
,369
,340
,318
,347
,367
,340
,325
2026 06 19 18:05:41.707946,366
,358
,321
,324
,363
,350
,327
,352
,369
,341
,322
,359
,365
,336
2026 06 19 18:05:41.773717,339
,376
,359
,329
,346
,375
,347
,323
,353
,372
,335
,327
,365
,352
2026 06 19 18:05:41.835524,328
,338
,375
,345
,318
,352
,370
,339
,322
,361
,354
,325
,333
,359
2026 06 19 18:05:41.904251,337
,328
,352
,369
,343
,332
,368
,371
,343
,337
,373
,354
,323
,342
2026 06 19 18:05:41.962518,366
,346
,326
,358
,372
,344
,335
,372
,362
,329
,344
,372
,350
,325
2026 06 19 18:05:42.023334,356
,374
,348
,332
,368
,363
,339
,348
,374
,355
,328
,344
,371
,350
2026 06 19 18:05:42.088867,337
,364
,369
,341
,333
,374
,365
,332
,352
,378
,354
,334
,365
,382
2026 06 19 18:05:42.151397,352
,338
,377
,369
,336
,347
,380
,352
,321
,357
,373
,337
,328
,365
2026 06 19 18:05:42.217359,361
,330
,335
,371
,355
,331
,354
,375
,348
,329
,362
,375
,335
,336
2026 06 19 18:05:42.277674,374
,363
,324
,339
,372
,347
,330
,365
,375
,339
,333
,374
,369
,333
2026 06 19 18:05:42.338704,343
,379
,362
,333
,360
,372
,347
,335
,370
,371
,336
,332
,370
,361
2026 06 19 18:05:42.404715,333
,354
,375
,351
,327
,366
,374
,339
,334
,370
,353
,330
,345
,363
2026 06 19 18:05:42.466680,347
,329
,366
,376
,346
,340
,380
,374
,339
,345
,374
,355
,331
,358
2026 06 19 18:05:42.527268,375
,343
,327
,366
,363
,329
,330
,369
,351
,327
,352
,373
,343
,324
2026 06 19 18:05:42.593198,362
,367
,334
,327
,366
,355
,321
,330
,375
,362
,334
,363
,376
,343
2026 06 19 18:05:42.654399,327
,363
,359
,327
,336
,363
,345
,323
,350
,369
,339
,325
,362
,356
2026 06 19 18:05:42.719716,327
,334
,364
,350
,324
,345
,369
,343
,320
,359
,368
,339
,329
,365
2026 06 19 18:05:42.781311,359
,331
,350
,378
,354
,333
,359
,368
,337
,332
,367
,361
,332
,339
2026 06 19 18:05:42.842846,371
,348
,313
,344
,369
,339
,322
,358
,362
,326
,324
,373
,354
,322
2026 06 19 18:05:42.908695,351
,382
,345
,320
,355
,364
,333
,328
,365
,348
,320
,336
,364
,339
2026 06 19 18:05:42.969038,317
,346
,364
,337
,321
,353
,356
,334
,336
,368
,348
,318
,344
,365
2026 06 19 18:05:43.034427,336
,320
,356
,368
,333
,332
,367
,355
,323
,343
,369
,341
,320
,352
2026 06 19 18:05:43.096556,360
,324
,312
,358
,361
,329
,338
,363
,353
,325
,354
,363
,330
,323
2026 06 19 18:05:43.158958,368
,353
,317
,335
,371
,352
,326
,350
,369
,341
,320
,357
,361
,329
2026 06 19 18:05:43.223952,330
,369
,352
,323
,343
,369
,337
,308
,345
,355
,329
,326
,362
,352
2026 06 19 18:05:43.285288,323
,338
,369
,346
,318
,349
,360
,330
,317
,355
,360
,341
,347
,379
2026 06 19 18:05:43.349577,352
,318
,340
,364
,342
,321
,356
,358
,332
,327
,364
,348
,320
,351
2026 06 19 18:05:43.413750,377
,346
,327
,357
,369
,333
,327
,375
,367
,326
,343
,378
,352
,323
2026 06 19 18:05:43.473666,350
,367
,344
,329
,371
,375
,341
,339
,381
,360
,330
,356
,380
,352
2026 06 19 18:05:43.538934,330
,371
,375
,338
,336
,372
,357
,326
,338
,368
,347
,322
,354
,372
2026 06 19 18:05:43.600732,340
,329
,374
,371
,333
,346
,373
,351
,323
,348
,365
,339
,330
,365
2026 06 19 18:05:43.665673,369
,332
,327
,366
,354
,324
,341
,366
,340
,320
,349
,354
,325
,316
2026 06 19 18:05:43.728541,363
,352
,323
,341
,369
,348
,325
,356
,366
,335
,325
,360
,353
,324
2026 06 19 18:05:43.789104,330
,363
,345
,322
,348
,367
,335
,320
,350
,354
,334
,330
,368
,357
2026 06 19 18:05:43.854756,320
,335
,358
,339
,313
,355
,368
,334
,331
,368
,353
,323
,338
,363
2026 06 19 18:05:43.915620,341
,314
,346
,362
,334
,323
,363
,362
,328
,332
,364
,340
,316
,342
2026 06 19 18:05:43.980712,372
,346
,325
,362
,364
,329
,328
,367
,349
,319
,344
,371
,339
,316
2026 06 19 18:05:44.042855,353
,366
,339
,324
,361
,354
,325
,339
,366
,351
,330
,355
,370
,344
2026 06 19 18:05:44.104011,333
,365
,364
,334
,337
,366
,349
,327
,351
,374
,344
,326
,363
,364
2026 06 19 18:05:44.169845,332
,336
,376
,359
,327
,350
,374
,348
,317
,353
,378
,335
,316
,381
2026 06 19 18:05:44.230956,370
,335
,351
,380
,358
,329
,365
,379
,343
,331
,368
,370
,342
,347
2026 06 19 18:05:44.300158,381
,358
,327
,355
,376
,345
,323
,361
,363
,334
,338
,374
,363
,334
2026 06 19 18:05:44.358982,352
,372
,339
,316
,350
,357
,336
,325
,362
,355
,324
,335
,373
,351
2026 06 19 18:05:44.419786,325
,357
,371
,340
,324
,360
,359
,329
,332
,366
,345
,316
,345
,365
2026 06 19 18:05:44.485385,334
,314
,357
,366
,336
,334
,368
,350
,333
,357
,383
,357
,337
,370
2026 06 19 18:05:44.546602,377
,340
,330
,368
,364
,330
,341
,367
,339
,322
,353
,374
,342
,324
2026 06 19 18:05:44.614815,368
,364
,329
,340
,383
,363
,335
,355
,371
,341
,323
,355
,355
,335
2026 06 19 18:05:44.673439,332
,362
,348
,324
,340
,365
,345
,323
,355
,366
,331
,321
,358
,353
2026 06 19 18:05:44.735099,323
,340
,375
,357
,331
,359
,374
,345
,325
,352
,360
,337
,333
,363
2026 06 19 18:05:44.800405,350
,328
,344
,370
,347
,321
,356
,364
,338
,335
,372
,362
,329
,345
2026 06 19 18:05:44.862383,375
,352
,329
,358
,357
,335
,329
,366
,353
,326
,349
,372
,349
,329
2026 06 19 18:05:44.927848,359
,373
,349
,339
,375
,370
,342
,350
,382
,364
,331
,350
,369
,339
2026 06 19 18:05:44.989148,324
,361
,372
,342
,336
,374
,365
,332
,344
,369
,338
,322
,360
,380
2026 06 19 18:05:45.050051,349
,346
,385
,377
,339
,343
,373
,362
,339
,359
,376
,345
,327
,361
2026 06 19 18:05:45.115874,363
,332
,333
,370
,359
,330
,349
,373
,354
,340
,369
,378
,346
,336
2026 06 19 18:05:45.177985,370
,356
,330
,349
,380
,352
,329
,356
,369
,346
,334
,369
,362
,334
2026 06 19 18:05:45.242960,336
,371
,356
,324
,352
,376
,346
,328
,363
,366
,336
,337
,370
,360
2026 06 19 18:05:45.304613,331
,345
,367
,340
,325
,353
,371
,345
,332
,369
,359
,328
,344
,376
2026 06 19 18:05:45.365984,352
,330
,361
,380
,351
,339
,377
,376
,344
,344
,371
,357
,331
,353
2026 06 19 18:05:45.430861,378
,348
,326
,363
,365
,331
,331
,370
,361
,334
,349
,389
,364
,334
2026 06 19 18:05:45.492736,373
,387
,347
,337
,382
,372
,337
,349
,378
,360
,337
,363
,378
,347
2026 06 19 18:05:45.558983,335
,373
,372
,343
,348
,384
,367
,337
,357
,378
,347
,327
,363
,367
2026 06 19 18:05:45.619870,333
,329
,371
,355
,320
,341
,376
,351
,321
,361
,377
,351
,337
,371
2026 06 19 18:05:45.681005,367
,338
,343
,379
,358
,330
,353
,365
,327
,331
,365
,362
,336
,343
2026 06 19 18:05:45.746706,377
,360
,331
,348
,371
,345
,318
,357
,370
,340
,329
,372
,366
,331
2026 06 19 18:05:45.807561,344
,372
,353
,328
,361
,374
,341
,327
,364
,358
,338
,345
,374
,351
2026 06 19 18:05:45.873796,339
,364
,378
,342
,328
,372
,372
,335
,337
,381
,363
,330
,355
,376
2026 06 19 18:05:45.934679,353
,328
,365
,368
,333
,332
,366
,353
,321
,338
,367
,341
,322
,356
2026 06 19 18:05:45.996660,368
,340
,336
,374
,367
,340
,346
,382
,370
,342
,363
,378
,349
,332
2026 06 19 18:05:46.062173,370
,369
,343
,343
,380
,358
,323
,351
,374
,346
,322
,361
,371
,342
2026 06 19 18:05:46.123741,336
,371
,357
,327
,339
,366
,348
,329
,359
,371
,343
,331
,366
,363
2026 06 19 18:05:46.184498,329
,336
,383
,363
,334
,360
,378
,347
,329
,367
,370
,340
,340
,373
2026 06 19 18:05:46.250500,359
,328
,352
,378
,353
,332
,368
,380
,348
,338
,376
,366
,334
,341
2026 06 19 18:05:46.312480,360
,339
,322
,370
,390
,352
,336
,367
,358
,333
,345
,380
,360
,335
2026 06 19 18:05:46.377669,359
,374
,350
,331
,366
,373
,341
,344
,381
,362
,336
,356
,375
,347
2026 06 19 18:05:46.438950,322
,357
,365
,334
,333
,375
,364
,336
,356
,382
,358
,333
,360
,372
2026 06 19 18:05:46.499808,340
,327
,363
,360
,331
,336
,361
,340
,330
,350
,373
,337
,324
,370
2026 06 19 18:05:46.565059,373
,338
,330
,368
,358
,329
,343
,365
,341
,321
,348
,358
,330
,324
2026 06 19 18:05:46.627685,366
,356
,328
,328
,357
,352
,325
,353
,373
,347
,335
,368
,361
,336
2026 06 19 18:05:46.693020,347
,379
,354
,319
,342
,369
,349
,329
,359
,363
,329
,324
,363
,359
2026 06 19 18:05:46.754840,328
,342
,372
,348
,326
,366
,375
,336
,333
,371
,357
,318
,336
,371
2026 06 19 18:05:46.815431,348
,323
,353
,369
,341
,328
,362
,357
,333
,337
,373
,358
,332
,347
2026 06 19 18:05:46.881082,368
,348
,329
,357
,363
,328
,330
,372
,356
,327
,345
,372
,345
,325
2026 06 19 18:05:46.944850,358
,370
,339
,326
,362
,358
,326
,331
,360
,353
,333
,357
,375
,349
2026 06 19 18:05:47.008064,335
,367
,365
,331
,339
,373
,351
,320
,340
,360
,338
,327
,358
,362
2026 06 19 18:05:47.068958,332
,329
,365
,352
,323
,341
,369
,349
,327
,352
,371
,343
,331
,375
2026 06 19 18:05:47.131039,369
,329
,339
,373
,352
,320
,351
,367
,331
,320
,361
,356
,324
,325
2026 06 19 18:05:47.196709,358
,341
,320
,339
,360
,334
,315
,355
,362
,326
,315
,362
,350
,322
2026 06 19 18:05:47.257604,341
,367
,341
,321
,357
,368
,339
,328
,364
,350
,319
,334
,368
,350
2026 06 19 18:05:47.323680,324
,358
,378
,348
,332
,365
,367
,331
,338
,373
,348
,329
,354
,377
2026 06 19 18:05:47.385213,347
,319
,354
,359
,333
,332
,368
,357
,325
,347
,372
,360
,336
,365
2026 06 19 18:05:47.446953,371
,343
,330
,368
,356
,334
,337
,365
,352
,324
,351
,369
,342
,326
2026 06 19 18:05:47.512770,361
,366
,334
,338
,371
,346
,316
,354
,378
,347
,325
,364
,363
,333
2026 06 19 18:05:47.573322,332
,367
,352
,316
,329
,359
,341
,317
,346
,356
,330
,326
,358
,348
2026 06 19 18:05:47.638143,326
,335
,368
,347
,323
,351
,366
,335
,324
,363
,362
,327
,328
,366
2026 06 19 18:05:47.699829,349
,327
,345
,366
,341
,319
,356
,362
,329
,327
,368
,357
,332
,347
2026 06 19 18:05:47.762320,376
,351
,324
,350
,359
,332
,323
,362
,358
,323
,332
,374
,355
,322
2026 06 19 18:05:47.828946,345
,353
,326
,318
,357
,362
,334
,331
,365
,351
,320
,342
,376
,358
2026 06 19 18:05:47.888833,332
,357
,364
,333
,328
,366
,358
,323
,332
,372
,356
,330
,358
,368
2026 06 19 18:05:47.953595,333
,318
,357
,360
,333
,341
,375
,353
,322
,351
,373
,340
,325
,363
2026 06 19 18:05:48.015021,362
,328
,325
,368
,349
,327
,349
,374
,344
,319
,359
,369
,332
,327
2026 06 19 18:05:48.077260,368
,356
,322
,329
,367
,356
,328
,353
,370
,339
,325
,359
,359
,332
2026 06 19 18:05:48.142658,333
,368
,354
,321
,342
,356
,330
,319
,344
,351
,330
,335
,364
,349
2026 06 19 18:05:48.204027,324
,350
,379
,352
,325
,364
,371
,341
,333
,370
,361
,330
,343
,365
2026 06 19 18:05:48.269799,342
,328
,351
,365
,336
,320
,363
,356
,335
,339
,376
,362
,329
,351
2026 06 19 18:05:48.330785,373
,339
,319
,352
,356
,329
,327
,367
,354
,319
,329
,364
,345
,322
2026 06 19 18:05:48.392167,357
,372
,339
,328
,362
,364
,332
,344
,379
,351
,316
,339
,359
,335
2026 06 19 18:05:48.458913,319
,358
,355
,329
,331
,369
,348
,318
,342
,369
,340
,321
,355
,357
2026 06 19 18:05:48.519026,328
,328
,374
,362
,329
,338
,387
,362
,329
,357
,367
,328
,327
,370
2026 06 19 18:05:48.585133,361
,329
,338
,370
,346
,320
,350
,372
,342
,333
,369
,363
,338
,346
2026 06 19 18:05:48.646628,383
,357
,314
,347
,380
,348
,320
,367
,380
,345
,339
,372
,361
,328
2026 06 19 18:05:48.707975,346
,373
,340
,315
,360
,367
,345
,340
,377
,374
,341
,350
,381
,356
2026 06 19 18:05:48.773472,323
,351
,364
,340
,326
,361
,362
,336
,337
,376
,363
,332
,348
,372
2026 06 19 18:05:48.835205,353
,334
,367
,365
,340
,337
,379
,364
,328
,345
,374
,350
,331
,361
2026 06 19 18:05:48.899980,370
,340
,327
,369
,365
,324
,336
,371
,350
,315
,362
,380
,348
,333
2026 06 19 18:05:48.966824,367
,370
,343
,347
,383
,363
,332
,353
,384
,354
,329
,365
,373
,341
2026 06 19 18:05:49.023372,335
,378
,370
,332
,347
,377
,346
,316
,363
,380
,351
,344
,378
,373
2026 06 19 18:05:49.089078,347
,355
,385
,361
,324
,358
,380
,351
,334
,370
,373
,340
,344
,385
2026 06 19 18:05:49.149651,370
,339
,355
,377
,358
,332
,362
,380
,350
,343
,385
,382
,347
,359
2026 06 19 18:05:49.216785,388
,358
,330
,370
,383
,353
,343
,379
,376
,343
,350
,382
,362
,333
2026 06 19 18:05:49.277405,364
,387
,361
,342
,376
,376
,342
,348
,386
,371
,339
,362
,388
,361
2026 06 19 18:05:49.338947,338
,369
,380
,348
,345
,382
,369
,339
,352
,378
,350
,325
,358
,378
2026 06 19 18:05:49.404416,351
,343
,382
,375
,339
,350
,390
,365
,334
,365
,377
,350
,331
,366
2026 06 19 18:05:49.466619,361
,331
,337
,379
,364
,329
,346
,361
,348
,336
,369
,377
,349
,339
2026 06 19 18:05:49.532347,380
,371
,335
,343
,374
,345
,325
,348
,351
,339
,331
,362
,359
,331
2026 06 19 18:05:49.592725,338
,372
,360
,331
,357
,378
,346
,332
,371
,373
,337
,334
,377
,360
2026 06 19 18:05:49.654720,326
,344
,369
,345
,321
,360
,377
,347
,337
,370
,361
,329
,342
,379
2026 06 19 18:05:49.719723,356
,328
,354
,370
,346
,335
,370
,367
,334
,338
,368
,351
,322
,354
2026 06 19 18:05:49.780911,380
,344
,329
,362
,369
,336
,332
,364
,352
,326
,354
,383
,354
,331
2026 06 19 18:05:49.846656,367
,375
,340
,338
,371
,364
,336
,345
,374
,347
,328
,359
,372
,343
2026 06 19 18:05:49.908604,323
,359
,357
,335
,340
,372
,357
,333
,357
,383
,360
,335
,369
,365
2026 06 19 18:05:49.971096,339
,340
,373
,356
,324
,339
,358
,339
,323
,351
,358
,331
,317
,347
2026 06 19 18:05:50.034791,350
,326
,341
,371
,348
,323
,349
,371
,348
,328
,360
,351
,326
,334
2026 06 19 18:05:50.096551,371
,352
,317
,344
,369
,338
,315
,347
,359
,329
,322
,362
,349
,315
2026 06 19 18:05:50.158008,346
,371
,343
,320
,347
,364
,331
,320
,351
,349
,321
,335
,383
,360
2026 06 19 18:05:50.223318,329
,356
,372
,340
,321
,362
,362
,332
,340
,377
,359
,333
,353
,376
2026 06 19 18:05:50.285570,348
,323
,359
,356
,328
,322
,375
,365
,332
,346
,369
,349
,328
,356
2026 06 19 18:05:50.350109,366
,334
,323
,366
,357
,325
,341
,372
,343
,317
,350
,364
,334
,316
2026 06 19 18:05:50.412143,362
,362
,330
,335
,369
,349
,315
,345
,372
,342
,319
,352
,361
,333
2026 06 19 18:05:50.472940,327
,366
,354
,321
,332
,370
,349
,316
,349
,371
,342
,326
,367
,358
2026 06 19 18:05:50.538921,327
,333
,366
,346
,322
,350
,368
,338
,319
,363
,366
,337
,336
,375
2026 06 19 18:05:50.600294,360
,325
,338
,371
,341
,318
,348
,360
,328
,327
,367
,356
,321
,333
2026 06 19 18:05:50.665656,370
,342
,319
,350
,364
,334
,328
,369
,361
,328
,341
,370
,343
,317
2026 06 19 18:05:50.727480,342
,365
,334
,324
,361
,362
,330
,337
,372
,347
,316
,350
,378
,349
2026 06 19 18:05:50.790514,324
,359
,370
,335
,330
,374
,361
,330
,355
,385
,356
,328
,355
,367
2026 06 19 18:05:50.853912,339
,326
,369
,361
,333
,348
,372
,347
,325
,354
,372
,338
,322
,363
2026 06 19 18:05:50.915255,363
,335
,337
,372
,355
,317
,343
,372
,342
,314
,344
,358
,330
,330
2026 06 19 18:05:50.980873,367
,357
,326
,342
,369
,348
,325
,356
,368
,346
,339
,373
,369
,338
2026 06 19 18:05:51.043785,340
,378
,360
,328
,352
,374
,348
,332
,370
,364
,341
,343
,374
,357
2026 06 19 18:05:51.103905,333
,355
,379
,352
,330
,363
,373
,339
,337
,380
,367
,337
,349
,375
2026 06 19 18:05:51.169752,344
,314
,343
,366
,342
,330
,366
,359
,324
,333
,363
,342
,317
,348
2026 06 19 18:05:51.231045,365
,333
,324
,359
,363
,333
,339
,376
,354
,334
,351
,379
,352
,327
2026 06 19 18:05:51.296592,357
,373
,339
,328
,360
,335
,318
,342
,371
,348
,324
,356
,372
,344
2026 06 19 18:05:51.358838,330
,367
,361
,331
,338
,368
,352
,327
,351
,375
,345
,325
,356
,363
2026 06 19 18:05:51.419631,339
,340
,371
,352
,323
,353
,386
,366
,335
,367
,376
,348
,343
,380
2026 06 19 18:05:51.485187,359
,327
,347
,376
,352
,325
,354
,373
,340
,327
,367
,367
,333
,345
2026 06 19 18:05:51.546617,377
,356
,323
,348
,370
,351
,327
,368
,375
,337
,347
,389
,374
,343
2026 06 19 18:05:51.614946,357
,378
,351
,339
,368
,383
,349
,333
,365
,362
,342
,350
,374
,362
2026 06 19 18:05:51.673671,340
,365
,384
,355
,336
,376
,369
,337
,344
,374
,348
,323
,350
,369
2026 06 19 18:05:51.734434,336
,317
,358
,364
,328
,324
,361
,348
,323
,343
,368
,349
,333
,361
2026 06 19 18:05:51.800343,368
,337
,339
,376
,364
,330
,346
,375
,350
,321
,358
,380
,347
,330
2026 06 19 18:05:51.862683,371
,364
,335
,343
,371
,358
,333
,352
,377
,350
,338
,373
,375
,348
2026 06 19 18:05:51.927510,345
,387
,367
,332
,354
,383
,352
,326
,364
,367
,334
,330
,368
,359
2026 06 19 18:05:51.988661,326
,336
,369
,351
,326
,362
,379
,346
,330
,361
,363
,337
,339
,367
2026 06 19 18:05:52.049824,349
,325
,347
,373
,342
,326
,365
,368
,334
,335
,372
,352
,316
,344
2026 06 19 18:05:52.115490,381
,357
,336
,365
,374
,337
,330
,362
,368
,343
,350
,374
,351
,331
2026 06 19 18:05:52.177496,357
,369
,339
,336
,372
,366
,336
,342
,377
,357
,330
,354
,372
,351
2026 06 19 18:05:52.242757,332
,357
,368
,338
,342
,377
,363
,326
,345
,386
,354
,328
,362
,376
2026 06 19 18:05:52.304200,342
,332
,366
,360
,330
,346
,376
,351
,328
,353
,372
,344
,332
,364
2026 06 19 18:05:52.365352,361
,329
,338
,372
,360
,332
,353
,369
,345
,330
,362
,366
,332
,330
2026 06 19 18:05:52.431675,370
,352
,322
,338
,363
,343
,320
,349
,356
,331
,326
,354
,343
,328
2026 06 19 18:05:52.492673,336
,363
,346
,316
,348
,368
,340
,327
,362
,365
,336
,342
,374
,350
2026 06 19 18:05:52.558052,323
,344
,371
,350
,321
,355
,372
,336
,332
,374
,363
,335
,346
,371
2026 06 19 18:05:52.619804,352
,328
,359
,369
,339
,331
,367
,352
,318
,342
,376
,357
,318
,346
2026 06 19 18:05:52.680668,374
,342
,323
,362
,362
,322
,330
,363
,342
,324
,347
,368
,337
,314
2026 06 19 18:05:52.746553,352
,365
,328
,320
,354
,345
,312
,326
,363
,337
,311
,341
,362
,326
2026 06 19 18:05:52.807788,316
,356
,352
,324
,340
,369
,345
,315
,349
,373
,340
,321
,355
,360
2026 06 19 18:05:52.873571,326
,333
,372
,350
,318
,335
,362
,344
,320
,347
,357
,330
,321
,343
2026 06 19 18:05:52.934952,335
,318
,333
,365
,339
,317
,352
,370
,336
,332
,367
,359
,329
,337
2026 06 19 18:05:52.996639,365
,346
,326
,350
,373
,341
,333
,370
,363
,338
,338
,368
,355
,326
2026 06 19 18:05:53.061371,344
,373
,346
,326
,362
,362
,332
,334
,375
,366
,330
,337
,365
,340
2026 06 19 18:05:53.122501,318
,351
,374
,343
,326
,358
,355
,334
,341
,374
,352
,323
,347
,373
2026 06 19 18:05:53.188912,352
,329
,364
,373
,345
,342
,375
,360
,334
,354
,377
,351
,329
,364
2026 06 19 18:05:53.250500,368
,340
,332
,371
,371
,338
,344
,375
,356
,328
,361
,368
,333
,333
2026 06 19 18:05:53.311418,370
,365
,336
,344
,385
,365
,332
,365
,383
,347
,330
,371
,374
,350
2026 06 19 18:05:53.378115,354
,385
,366
,336
,356
,377
,353
,333
,365
,383
,356
,343
,385
,380
2026 06 19 18:05:53.438879,351
,359
,382
,348
,321
,364
,385
,353
,338
,371
,368
,339
,346
,383
2026 06 19 18:05:53.504001,361
,328
,349
,369
,347
,339
,373
,370
,339
,340
,371
,354
,329
,350
2026 06 19 18:05:53.565459,377
,350
,326
,357
,373
,343
,334
,376
,369
,344
,350
,380
,352
,334
2026 06 19 18:05:53.626612,364
,373
,338
,320
,363
,373
,340
,353
,385
,362
,332
,358
,381
,345
2026 06 19 18:05:53.693123,320
,369
,378
,342
,344
,377
,357
,333
,356
,377
,354
,328
,363
,376
2026 06 19 18:05:53.754374,347
,337
,378
,367
,346
,357
,383
,354
,334
,366
,372
,346
,336
,374
2026 06 19 18:05:53.819667,375
,344
,351
,385
,365
,335
,356
,387
,353
,334
,380
,380
,344
,349
2026 06 19 18:05:53.880774,384
,363
,334
,356
,383
,354
,331
,363
,372
,353
,340
,373
,364
,345
2026 06 19 18:05:53.942620,358
,388
,368
,337
,364
,383
,350
,332
,365
,369
,346
,350
,386
,367
2026 06 19 18:05:54.010712,343
,369
,383
,357
,338
,380
,387
,351
,346
,380
,370
,353
,374
,398
2026 06 19 18:05:54.069681,372
,353
,382
,384
,348
,361
,398
,389
,353
,370
,402
,374
,348
,376
2026 06 19 18:05:54.130858,393
,365
,349
,399
,396
,366
,367
,400
,378
,350
,364
,392
,365
,345
2026 06 19 18:05:54.195956,378
,385
,367
,356
,390
,379
,346
,364
,390
,363
,336
,362
,370
,355
2026 06 19 18:05:54.258763,348
,378
,371
,345
,349
,382
,359
,335
,367
,382
,349
,331
,379
,380
2026 06 19 18:05:54.323500,342
,348
,384
,371
,343
,369
,377
,348
,344
,382
,393
,364
,365
,396
2026 06 19 18:05:54.385140,379
,349
,358
,386
,367
,345
,373
,387
,362
,350
,384
,372
,339
,357
2026 06 19 18:05:54.446525,387
,360
,343
,370
,385
,358
,343
,383
,386
,352
,348
,384
,363
,330
2026 06 19 18:05:54.511697,351
,374
,344
,331
,367
,373
,340
,332
,362
,354
,333
,347
,367
,348
2026 06 19 18:05:54.572533,325
,363
,379
,348
,337
,374
,363
,333
,342
,376
,356
,331
,357
,373
2026 06 19 18:05:54.637975,347
,333
,366
,369
,338
,339
,377
,368
,339
,366
,383
,349
,333
,368
2026 06 19 18:05:54.699736,374
,336
,333
,376
,360
,330
,346
,378
,348
,329
,359
,365
,339
,333
2026 06 19 18:05:54.761207,367
,358
,330
,344
,374
,345
,321
,343
,355
,334
,329
,365
,365
,333
2026 06 19 18:05:54.829071,333
,366
,347
,321
,344
,369
,340
,321
,352
,364
,328
,327
,367
,352
2026 06 19 18:05:54.887517,329
,341
,369
,346
,324
,351
,364
,332
,321
,359
,357
,329
,341
,376
2026 06 19 18:05:54.953484,352
,324
,350
,359
,338
,325
,360
,358
,329
,333
,367
,350
,321
,345
2026 06 19 18:05:55.015284,369
,343
,316
,351
,364
,324
,318
,358
,341
,307
,314
,349
,328
,315
2026 06 19 18:05:55.077232,339
,353
,320
,301
,344
,339
,304
,317
,350
,335
,311
,334
,351
,326
2026 06 19 18:05:55.142303,315
,352
,346
,304
,318
,371
,350
,318
,333
,358
,335
,315
,350
,356
2026 06 19 18:05:55.203409,324
,317
,359
,347
,314
,329
,360
,338
,316
,345
,359
,327
,325
,356
2026 06 19 18:05:55.269431,339
,316
,336
,368
,343
,319
,347
,364
,331
,318
,353
,354
,323
,330
2026 06 19 18:05:55.330887,361
,338
,310
,321
,349
,338
,318
,351
,353
,322
,317
,354
,346
,321
2026 06 19 18:05:55.394784,336
,362
,327
,303
,336
,349
,312
,298
,353
,351
,319
,326
,357
,338
2026 06 19 18:05:55.457624,311
,335
,351
,323
,307
,341
,338
,302
,301
,336
,325
,308
,327
,357
2026 06 19 18:05:55.519652,325
,308
,342
,351
,323
,316
,349
,338
,310
,325
,352
,327
,304
,331
2026 06 19 18:05:55.584934,346
,324
,309
,344
,340
,310
,322
,357
,340
,323
,343
,366
,334
,315
2026 06 19 18:05:55.646397,351
,347
,313
,310
,339
,320
,302
,322
,348
,321
,293
,340
,358
,333
2026 06 19 18:05:55.707238,324
,358
,341
,307
,326
,356
,323
,303
,337
,348
,317
,307
,345
,342
2026 06 19 18:05:55.775529,308
,321
,361
,340
,312
,336
,361
,332
,314
,346
,346
,313
,311
,347
2026 06 19 18:05:55.834280,327
,296
,326
,355
,330
,313
,346
,355
,326
,322
,348
,335
,312
,330
2026 06 19 18:05:55.900508,357
,332
,302
,334
,350
,316
,306
,351
,348
,320
,330
,362
,341
,315
2026 06 19 18:05:55.961963,341
,360
,333
,318
,354
,352
,312
,307
,342
,331
,320
,342
,363
,339
2026 06 19 18:05:56.023271,316
,350
,366
,338
,330
,367
,352
,321
,334
,360
,334
,304
,335
,347
2026 06 19 18:05:56.088676,313
,302
,353
,349
,320
,320
,357
,347
,326
,346
,358
,328
,317
,353
2026 06 19 18:05:56.150425,349
,311
,311
,355
,343
,309
,325
,350
,335
,310
,348
,368
,330
,319
2026 06 19 18:05:56.215703,365
,354
,319
,332
,361
,336
,315
,342
,357
,323
,311
,358
,353
,323
2026 06 19 18:05:56.277270,327
,362
,341
,308
,331
,354
,330
,309
,344
,350
,326
,324
,357
,338
2026 06 19 18:05:56.338760,311
,331
,356
,329
,309
,340
,348
,321
,311
,350
,340
,317
,329
,348
2026 06 19 18:05:56.403720,325
,313
,343
,357
,323
,307
,348
,342
,314
,320
,361
,347
,317
,332
2026 06 19 18:05:56.465239,359
,340
,320
,355
,356
,320
,319
,359
,335
,291
,322
,351
,331
,317
2026 06 19 18:05:56.531074,351
,364
,330
,320
,361
,347
,314
,330
,364
,335
,314
,343
,355
,322
2026 06 19 18:05:56.592677,299
,344
,348
,315
,319
,365
,350
,325
,345
,365
,338
,322
,354
,354
2026 06 19 18:05:56.654020,325
,323
,358
,346
,314
,331
,360
,340
,323
,357
,365
,336
,325
,356
2026 06 19 18:05:56.719773,351
,334
,344
,374
,349
,326
,354
,369
,335
,319
,355
,348
,313
,320
2026 06 19 18:05:56.780750,372
,363
,333
,355
,372
,339
,322
,352
,365
,342
,333
,369
,353
,324
2026 06 19 18:05:56.846351,341
,373
,346
,325
,358
,364
,334
,324
,369
,360
,332
,338
,366
,350
2026 06 19 18:05:56.907759,318
,342
,363
,338
,323
,366
,366
,330
,329
,365
,352
,318
,348
,371
2026 06 19 18:05:56.969718,348
,330
,364
,368
,340
,336
,372
,357
,326
,344
,377
,349
,326
,361
2026 06 19 18:05:57.035115,378
,346
,338
,377
,362
,332
,346
,377
,352
,327
,353
,366
,336
,326
2026 06 19 18:05:57.096809,364
,366
,331
,337
,373
,356
,328
,348
,363
,340
,327
,363
,368
,337
2026 06 19 18:05:57.161788,331
,364
,349
,323
,337
,366
,345
,327
,358
,372
,349
,343
,379
,365
2026 06 19 18:05:57.222883,339
,349
,375
,355
,327
,353
,368
,338
,326
,362
,359
,323
,332
,373
2026 06 19 18:05:57.284126,356
,327
,348
,371
,342
,323
,365
,371
,339
,335
,369
,353
,331
,344
2026 06 19 18:05:57.350185,368
,344
,321
,356
,367
,338
,327
,363
,356
,322
,332
,362
,343
,315
2026 06 19 18:05:57.411446,334
,364
,350
,341
,377
,370
,336
,343
,374
,352
,334
,356
,377
,347
2026 06 19 18:05:57.477184,327
,362
,363
,327
,338
,378
,359
,322
,337
,366
,350
,327
,363
,374
2026 06 19 18:05:57.538913,348
,337
,371
,371
,347
,354
,376
,354
,331
,357
,370
,335
,318
,356
2026 06 19 18:05:57.600291,352
,322
,333
,372
,360
,327
,350
,380
,348
,324
,358
,368
,335
,336
2026 06 19 18:05:57.665484,375
,357
,329
,351
,374
,341
,331
,378
,385
,351
,338
,374
,358
,330
2026 06 19 18:05:57.727303,344
,377
,355
,329
,355
,374
,346
,328
,367
,373
,344
,348
,384
,370
2026 06 19 18:05:57.792931,343
,366
,387
,355
,336
,371
,375
,345
,338
,378
,378
,348
,363
,393
2026 06 19 18:05:57.853871,366
,335
,371
,391
,361
,354
,388
,376
,340
,351
,383
,364
,338
,362
2026 06 19 18:05:57.915500,376
,347
,332
,381
,383
,354
,356
,390
,363
,345
,374
,398
,368
,346
2026 06 19 18:05:57.980679,380
,385
,351
,345
,379
,361
,331
,345
,376
,357
,341
,367
,380
,353
2026 06 19 18:05:58.043973,347
,394
,384
,348
,352
,379
,351
,323
,354
,374
,344
,336
,372
,374
2026 06 19 18:05:58.107198,342
,346
,378
,363
,328
,353
,389
,361
,339
,363
,369
,340
,331
,363
2026 06 19 18:05:58.169581,349
,316
,339
,369
,343
,327
,366
,377
,349
,336
,370
,359
,332
,344
2026 06 19 18:05:58.232423,379
,358
,330
,355
,373
,341
,334
,368
,369
,338
,342
,379
,364
,334
2026 06 19 18:05:58.295876,357
,377
,350
,335
,372
,379
,345
,337
,376
,364
,330
,350
,379
,352
2026 06 19 18:05:58.358030,328
,365
,382
,353
,345
,382
,379
,349
,353
,379
,360
,331
,359
,377
2026 06 19 18:05:58.419579,349
,333
,366
,364
,345
,352
,385
,363
,335
,371
,389
,360
,337
,368
2026 06 19 18:05:58.484955,371
,344
,347
,380
,370
,336
,352
,380
,360
,338
,366
,384
,351
,339
2026 06 19 18:05:58.545961,375
,374
,345
,343
,374
,360
,331
,368
,387
,351
,333
,370
,370
,340
2026 06 19 18:05:58.611859,343
,383
,369
,342
,356
,384
,358
,337
,372
,380
,349
,345
,383
,369
2026 06 19 18:05:58.672722,341
,352
,376
,364
,344
,375
,386
,360
,352
,388
,387
,353
,361
,390
2026 06 19 18:05:58.734129,362
,331
,359
,379
,345
,326
,363
,371
,341
,344
,380
,369
,342
,361
2026 06 19 18:05:58.799754,383
,359
,335
,367
,374
,342
,340
,376
,366
,334
,350
,382
,356
,335
2026 06 19 18:05:58.862291,364
,374
,362
,359
,388
,382
,352
,356
,383
,358
,344
,358
,377
,363
2026 06 19 18:05:58.926535,345
,378
,383
,355
,357
,393
,379
,350
,372
,393
,366
,342
,373
,379
2026 06 19 18:05:58.987475,340
,337
,382
,362
,330
,349
,387
,360
,326
,365
,388
,359
,350
,380
2026 06 19 18:05:59.049824,371
,342
,356
,394
,369
,335
,352
,371
,340
,319
,356
,363
,332
,334
2026 06 19 18:05:59.115068,368
,359
,332
,347
,377
,350
,324
,353
,357
,328
,324
,362
,352
,320
2026 06 19 18:05:59.176938,334
,360
,343
,321
,350
,363
,341
,335
,371
,371
,344
,348
,377
,356
2026 06 19 18:05:59.242588,323
,353
,368
,336
,320
,357
,354
,328
,329
,368
,354
,326
,341
,373
2026 06 19 18:05:59.304119,356
,336
,371
,381
,341
,331
,379
,369
,332
,344
,372
,344
,321
,352
2026 06 19 18:05:59.366874,369
,342
,333
,372
,367
,339
,344
,381
,366
,334
,359
,376
,349
,333
2026 06 19 18:05:59.431857,362
,363
,332
,329
,368
,344
,312
,348
,379
,354
,335
,370
,379
,350
2026 06 19 18:05:59.491854,338
,372
,358
,331
,348
,378
,349
,322
,359
,371
,340
,333
,370
,367
2026 06 19 18:05:59.557567,336
,337
,372
,355
,333
,351
,372
,360
,343
,374
,375
,347
,345
,381
2026 06 19 18:05:59.619577,362
,328
,352
,390
,356
,331
,371
,382
,347
,335
,372
,356
,329
,348
2026 06 19 18:05:59.680182,374
,344
,320
,353
,374
,343
,329
,366
,362
,326
,327
,373
,349
,313
2026 06 19 18:05:59.745331,337
,368
,338
,318
,362
,364
,329
,328
,364
,347
,325
,347
,372
,346
2026 06 19 18:05:59.807110,325
,358
,363
,335
,326
,367
,361
,332
,348
,375
,346
,323
,353
,362
2026 06 19 18:05:59.873392,338
,331
,368
,362
,332
,341
,368
,354
,328
,349
,368
,343
,327
,361
2026 06 19 18:05:59.934936,362
,331
,337
,380
,366
,341
,358
,380
,348
,327
,356
,363
,332
,321
2026 06 19 18:05:59.995942,364
,354
,320
,331
,364
,343
,319
,346
,363
,333
,331
,368
,358
,323
2026 06 19 18:06:00.061993,331
,377
,363
,323
,354
,379
,348
,330
,366
,367
,336
,340
,375
,357
2026 06 19 18:06:00.123239,331
,351
,376
,352
,326
,350
,366
,341
,322
,369
,368
,338
,359
,388
2026 06 19 18:06:00.187342,360
,334
,363
,384
,350
,330
,378
,369
,335
,341
,380
,361
,331
,351
2026 06 19 18:06:00.250233,369
,333
,315
,350
,353
,328
,322
,356
,357
,331
,344
,372
,345
,320
2026 06 19 18:06:00.310960,350
,359
,331
,329
,367
,354
,320
,334
,367
,346
,322
,353
,371
,343
2026 06 19 18:06:00.377133,329
,368
,372
,342
,349
,378
,357
,326
,359
,376
,346
,345
,378
,375
2026 06 19 18:06:00.437418,336
,334
,373
,353
,329
,353
,376
,348
,325
,351
,367
,341
,332
,370
2026 06 19 18:06:00.504166,363
,334
,341
,374
,352
,328
,360
,376
,338
,323
,376
,371
,338
,340
2026 06 19 18:06:00.565050,372
,346
,325
,347
,381
,353
,329
,364
,369
,336
,334
,376
,358
,331
2026 06 19 18:06:00.627819,344
,371
,342
,320
,359
,368
,339
,331
,369
,368
,332
,343
,379
,356
2026 06 19 18:06:00.691754,324
,353
,374
,344
,335
,367
,364
,342
,346
,376
,354
,336
,359
,380
2026 06 19 18:06:00.753911,347
,331
,365
,372
,349
,346
,379
,361
,329
,347
,380
,345
,332
,369
2026 06 19 18:06:00.819306,377
,342
,331
,368
,364
,334
,344
,378
,355
,333
,361
,379
,345
,327
2026 06 19 18:06:00.880827,360
,365
,338
,344
,391
,368
,332
,357
,382
,349
,330
,369
,370
,337
2026 06 19 18:06:00.942586,334
,373
,355
,327
,345
,373
,352
,321
,355
,366
,339
,333
,368
,365
2026 06 19 18:06:01.007758,335
,340
,374
,351
,327
,371
,387
,361
,347
,380
,381
,349
,350
,382
2026 06 19 18:06:01.069578,366
,345
,365
,385
,357
,338
,372
,374
,340
,355
,388
,372
,342
,355
2026 06 19 18:06:01.134866,377
,347
,335
,371
,381
,347
,333
,370
,367
,337
,347
,381
,363
,337
2026 06 19 18:06:01.196594,360
,378
,350
,334
,373
,372
,340
,344
,380
,361
,335
,357
,387
,357
2026 06 19 18:06:01.257498,339
,368
,370
,348
,343
,380
,368
,339
,354
,381
,353
,328
,359
,368
2026 06 19 18:06:01.322661,349
,345
,374
,370
,343
,351
,383
,358
,324
,359
,381
,349
,332
,373
2026 06 19 18:06:01.384654,370
,339
,336
,375
,363
,339
,356
,381
,359
,341
,370
,377
,346
,339
2026 06 19 18:06:01.450128,373
,360
,338
,356
,383
,359
,335
,363
,373
,343
,335
,377
,368
,334
2026 06 19 18:06:01.511682,348
,383
,356
,320
,359
,389
,362
,342
,375
,388
,353
,349
,381
,363
2026 06 19 18:06:01.572859,332
,352
,375
,344
,329
,368
,376
,346
,340
,375
,365
,335
,349
,380
2026 06 19 18:06:01.638051,352
,319
,348
,379
,351
,340
,377
,369
,338
,340
,373
,350
,328
,356
2026 06 19 18:06:01.700095,381
,350
,329
,372
,369
,341
,344
,380
,366
,334
,356
,380
,347
,325
2026 06 19 18:06:01.765612,358
,369
,333
,323
,374
,359
,335
,355
,382
,353
,325
,352
,371
,350
2026 06 19 18:06:01.826652,333
,375
,378
,340
,343
,377
,358
,336
,361
,378
,352
,332
,365
,362
2026 06 19 18:06:01.887658,338
,341
,376
,362
,329
,350
,381
,352
,331
,365
,370
,340
,334
,368
2026 06 19 18:06:01.953339,360
,329
,345
,374
,351
,331
,363
,380
,351
,336
,371
,366
,334
,342
2026 06 19 18:06:02.015092,374
,352
,327
,358
,374
,338
,341
,380
,372
,339
,350
,383
,364
,332
2026 06 19 18:06:02.080692,352
,371
,344
,321
,359
,372
,340
,331
,367
,358
,333
,350
,382
,355
2026 06 19 18:06:02.142571,331
,362
,368
,337
,323
,365
,359
,335
,351
,375
,344
,330
,361
,371
2026 06 19 18:06:02.203443,346
,333
,361
,368
,340
,339
,373
,354
,322
,345
,370
,340
,325
,358
2026 06 19 18:06:02.269478,368
,337
,336
,368
,356
,335
,353
,382
,352
,322
,359
,370
,332
,327
2026 06 19 18:06:02.330320,370
,361
,336
,348
,369
,350
,332
,352
,371
,344
,332
,367
,374
,342
2026 06 19 18:06:02.393106,337
,360
,350
,335
,357
,376
,350
,327
,364
,372
,342
,328
,369
,360
2026 06 19 18:06:02.457086,333
,343
,362
,348
,328
,352
,376
,336
,317
,364
,361
,325
,336
,365
2026 06 19 18:06:02.518948,351
,321
,351
,377
,345
,326
,362
,362
,332
,334
,372
,355
,322
,343
2026 06 19 18:06:02.584428,366
,337
,315
,346
,359
,332
,322
,370
,359
,335
,346
,374
,349
,322
2026 06 19 18:06:02.645947,346
,356
,337
,325
,357
,353
,321
,327
,362
,347
,325
,353
,378
,348
2026 06 19 18:06:02.710089,329
,362
,368
,337
,331
,362
,350
,321
,340
,369
,336
,313
,347
,362
2026 06 19 18:06:02.773178,332
,328
,370
,366
,337
,346
,375
,350
,321
,349
,367
,336
,322
,356
2026 06 19 18:06:02.834907,361
,344
,343
,369
,352
,324
,347
,379
,350
,327
,363
,366
,334
,332
2026 06 19 18:06:02.900343,375
,363
,336
,350
,372
,341
,315
,347
,367
,339
,328
,367
,364
,334
2026 06 19 18:06:02.961567,345
,372
,348
,327
,352
,364
,331
,321
,358
,357
,321
,327
,378
,354
2026 06 19 18:06:03.022687,320
,353
,382
,350
,328
,362
,370
,335
,333
,370
,357
,327
,342
,370
2026 06 19 18:06:03.088923,340
,320
,351
,367
,338
,333
,369
,361
,332
,347
,379
,348
,322
,363
2026 06 19 18:06:03.149773,375
,339
,319
,353
,358
,329
,330
,362
,351
,321
,340
,370
,341
,315
2026 06 19 18:06:03.215568,346
,359
,327
,317
,358
,349
,318
,331
,364
,346
,315
,345
,361
,330
2026 06 19 18:06:03.276885,315
,364
,365
,332
,338
,370
,347
,324
,351
,367
,333
,318
,347
,344
2026 06 19 18:06:03.338557,324
,329
,364
,349
,326
,347
,371
,349
,330
,361
,368
,338
,332
,367
2026 06 19 18:06:03.404197,355
,323
,335
,362
,342
,319
,345
,356
,321
,313
,368
,370
,337
,340
2026 06 19 18:06:03.465348,370
,345
,321
,350
,361
,333
,316
,349
,348
,321
,322
,358
,342
,318
2026 06 19 18:06:03.531116,345
,372
,344
,318
,351
,367
,334
,325
,366
,356
,327
,343
,371
,345
2026 06 19 18:06:03.592554,325
,357
,369
,334
,322
,366
,362
,334
,340
,368
,358
,328
,354
,376
2026 06 19 18:06:03.653407,339
,324
,369
,367
,330
,331
,376
,357
,327
,347
,375
,348
,330
,368
2026 06 19 18:06:03.719440,378
,346
,336
,371
,359
,329
,342
,371
,345
,318
,351
,363
,332
,321
2026 06 19 18:06:03.780090,358
,359
,331
,336
,366
,346
,322
,350
,376
,343
,319
,357
,355
,322
2026 06 19 18:06:03.846012,337
,370
,350
,331
,353
,374
,341
,317
,352
,363
,328
,337
,369
,355
2026 06 19 18:06:03.907546,322
,329
,362
,338
,314
,348
,366
,337
,323
,362
,363
,330
,337
,368
2026 06 19 18:06:03.968785,347
,328
,359
,381
,350
,329
,354
,351
,327
,330
,371
,352
,323
,349
2026 06 19 18:06:04.034801,373
,342
,322
,368
,370
,337
,330
,367
,356
,330
,344
,377
,349
,319
2026 06 19 18:06:04.095403,351
,366
,339
,323
,365
,363
,332
,343
,376
,354
,329
,355
,371
,340
2026 06 19 18:06:04.161498,323
,355
,351
,326
,331
,361
,347
,317
,345
,372
,355
,332
,362
,375
2026 06 19 18:06:04.223394,348
,336
,367
,357
,332
,337
,366
,348
,320
,332
,356
,346
,330
,363
2026 06 19 18:06:04.284980,365
,338
,337
,369
,346
,321
,348
,366
,341
,314
,354
,360
,335
,321
2026 06 19 18:06:04.349850,351
,359
,337
,346
,367
,351
,330
,356
,369
,345
,334
,366
,360
,333
2026 06 19 18:06:04.413368,337
,359
,338
,323
,339
,345
,340
,332
,358
,372
,353
,352
,378
,364
2026 06 19 18:06:04.477777,336
,348
,365
,346
,320
,344
,357
,328
,326
,361
,348
,324
,346
,372
2026 06 19 18:06:04.538902,348
,329
,363
,374
,345
,324
,364
,358
,333
,344
,367
,356
,332
,351
2026 06 19 18:06:04.600057,367
,345
,329
,359
,364
,336
,332
,373
,368
,348
,363
,384
,359
,334
2026 06 19 18:06:04.665507,364
,370
,335
,328
,358
,351
,329
,338
,364
,353
,330
,362
,375
,353
2026 06 19 18:06:04.726677,336
,362
,363
,331
,336
,378
,363
,332
,354
,369
,342
,326
,363
,370
2026 06 19 18:06:04.792752,346
,343
,370
,360
,336
,354
,376
,354
,329
,354
,361
,340
,333
,363
2026 06 19 18:06:04.853752,364
,338
,349
,376
,356
,333
,358
,373
,346
,332
,361
,359
,336
,348
2026 06 19 18:06:04.914671,375
,355
,329
,353
,370
,344
,325
,361
,367
,335
,334
,365
,355
,327
2026 06 19 18:06:04.980883,342
,362
,344
,322
,347
,363
,343
,336
,363
,348
,329
,345
,374
,356
2026 06 19 18:06:05.042092,328
,357
,372
,355
,343
,374
,369
,338
,337
,361
,348
,328
,350
,370
2026 06 19 18:06:05.109125,349
,332
,365
,365
,337
,342
,376
,354
,328
,366
,383
,354
,333
,356
2026 06 19 18:06:05.168755,366
,338
,328
,366
,362
,332
,350
,379
,358
,338
,359
,369
,341
,334
2026 06 19 18:06:05.230592,364
,346
,336
,343
,371
,352
,325
,344
,366
,348
,338
,369
,375
,349
2026 06 19 18:06:05.296502,342
,369
,356
,333
,354
,375
,354
,330
,351
,358
,335
,331
,356
,354
2026 06 19 18:06:05.357658,337
,344
,371
,363
,335
,354
,368
,345
,327
,356
,357
,332
,332
,362
2026 06 19 18:06:05.422855,351
,327
,350
,368
,349
,331
,363
,373
,344
,338
,371
,363
,340
,348
2026 06 19 18:06:05.484577,367
,350
,325
,344
,359
,333
,327
,362
,359
,335
,342
,372
,360
,337
2026 06 19 18:06:05.548612,357
,371
,349
,318
,358
,376
,337
,339
,372
,354
,327
,345
,367
,348
2026 06 19 18:06:05.611911,324
,364
,373
,342
,345
,383
,372
,341
,353
,371
,346
,329
,354
,369
2026 06 19 18:06:05.673314,341
,332
,365
,355
,321
,332
,372
,348
,326
,354
,371
,348
,330
,364
2026 06 19 18:06:05.738125,365
,339
,343
,375
,361
,334
,353
,371
,348
,334
,362
,360
,337
,337
2026 06 19 18:06:05.799899,361
,355
,328
,340
,370
,355
,328
,350
,360
,335
,331
,360
,356
,333
2026 06 19 18:06:05.861955,337
,365
,345
,318
,347
,363
,344
,322
,352
,356
,326
,326
,361
,351
2026 06 19 18:06:05.927027,331
,340
,357
,342
,322
,346
,353
,330
,315
,347
,346
,321
,328
,349
2026 06 19 18:06:05.987990,335
,315
,338
,346
,327
,314
,342
,342
,319
,322
,350
,338
,316
,338
2026 06 19 18:06:06.053868,355
,335
,325
,351
,356
,338
,328
,366
,352
,330
,352
,367
,344
,319
2026 06 19 18:06:06.115735,351
,374
,346
,331
,366
,352
,327
,341
,366
,360
,335
,351
,368
,334
2026 06 19 18:06:06.176696,305
,353
,368
,337
,337
,363
,344
,320
,338
,356
,341
,324
,353
,345
2026 06 19 18:06:06.242318,330
,331
,366
,344
,312
,329
,353
,342
,329
,340
,355
,334
,325
,355
2026 06 19 18:06:06.303724,348
,316
,325
,363
,352
,325
,339
,352
,330
,309
,346
,356
,333
,333
2026 06 19 18:06:06.365205,364
,348
,324
,337
,350
,332
,321
,353
,355
,328
,328
,369
,362
,336
2026 06 19 18:06:06.430036,346
,362
,351
,337
,359
,363
,355
,346
,374
,366
,338
,353
,377
,356
2026 06 19 18:06:06.492542,334
,366
,385
,357
,338
,366
,367
,348
,349
,378
,361
,337
,359
,370
2026 06 19 18:06:06.559156,350
,338
,364
,367
,346
,339
,368
,369
,346
,360
,381
,358
,334
,357
2026 06 19 18:06:06.618859,364
,331
,328
,376
,364
,331
,340
,369
,353
,327
,343
,365
,340
,324
2026 06 19 18:06:06.680640,355
,359
,338
,338
,373
,359
,338
,363
,379
,350
,347
,380
,375
,350
2026 06 19 18:06:06.745449,352
,379
,369
,337
,350
,387
,363
,345
,361
,365
,351
,346
,367
,343
2026 06 19 18:06:06.807051,333
,353
,387
,372
,344
,360
,370
,348
,332
,363
,364
,341
,341
,371
2026 06 19 18:06:06.873036,362
,338
,349
,368
,349
,335
,363
,371
,337
,335
,375
,378
,346
,358
2026 06 19 18:06:06.933496,384
,359
,336
,362
,374
,349
,332
,373
,374
,344
,349
,375
,368
,341
2026 06 19 18:06:06.995701,358
,372
,352
,328
,366
,383
,350
,349
,378
,362
,337
,352
,373
,350
2026 06 19 18:06:07.061400,339
,368
,372
,342
,336
,373
,361
,332
,340
,368
,354
,332
,355
,366
2026 06 19 18:06:07.122950,344
,338
,370
,367
,343
,344
,366
,338
,315
,360
,376
,351
,341
,369
2026 06 19 18:06:07.188920,368
,343
,337
,361
,352
,340
,360
,378
,360
,338
,364
,367
,346
,341
2026 06 19 18:06:07.260109,372
,360
,327
,338
,370
,362
,328
,347
,371
,346
,331
,371
,370
,337
2026 06 19 18:06:07.311125,350
,377
,366
,345
,363
,376
,355
,328
,360
,369
,352
,345
,372
,359
2026 06 19 18:06:07.377063,325
,341
,378
,364
,339
,363
,366
,351
,347
,374
,368
,339
,342
,364
2026 06 19 18:06:07.437361,349
,325
,355
,378
,362
,345
,367
,362
,335
,334
,361
,352
,331
,344
2026 06 19 18:06:07.503859,363
,349
,323
,347
,359
,341
,328
,363
,359
,341
,348
,367
,351
,330
2026 06 19 18:06:07.565460,355
,362
,334
,331
,365
,357
,325
,341
,366
,349
,329
,351
,362
,340
2026 06 19 18:06:07.626549,327
,358
,349
,327
,337
,366
,350
,325
,355
,370
,349
,332
,358
,358
2026 06 19 18:06:07.692622,341
,334
,361
,349
,319
,348
,375
,352
,332
,358
,365
,337
,336
,373
2026 06 19 18:06:07.754401,358
,327
,339
,371
,356
,329
,350
,369
,349
,332
,363
,360
,331
,332
2026 06 19 18:06:07.820550,360
,353
,327
,336
,359
,344
,331
,355
,361
,344
,334
,364
,354
,332
2026 06 19 18:06:07.880552,343
,367
,345
,323
,349
,357
,342
,332
,358
,357
,338
,352
,372
,352
2026 06 19 18:06:07.941528,335
,357
,371
,352
,338
,370
,370
,345
,349
,374
,353
,337
,357
,371
2026 06 19 18:06:08.008046,357
,343
,369
,372
,352
,348
,375
,358
,335
,359
,386
,361
,340
,362
2026 06 19 18:06:08.068704,370
,349
,338
,361
,348
,342
,351
,374
,359
,338
,355
,365
,346
,330
2026 06 19 18:06:08.134726,358
,362
,333
,339
,365
,351
,327
,346
,361
,340
,325
,354
,354
,334
2026 06 19 18:06:08.196545,331
,359
,355
,333
,344
,365
,347
,324
,346
,356
,333
,320
,357
,352
2026 06 19 18:06:08.256884,329
,334
,354
,343
,331
,352
,365
,341
,321
,354
,348
,334
,333
,358
2026 06 19 18:06:08.322699,350
,325
,338
,357
,338
,328
,354
,361
,335
,329
,357
,347
,326
,338
2026 06 19 18:06:08.386978,369
,347
,323
,353
,368
,344
,328
,355
,355
,337
,340
,365
,353
,325
2026 06 19 18:06:08.450709,347
,364
,340
,320
,346
,352
,328
,326
,366
,355
,328
,350
,370
,343
2026 06 19 18:06:08.510990,330
,356
,360
,330
,324
,365
,356
,328
,349
,371
,353
,334
,353
,370
2026 06 19 18:06:08.572416,342
,335
,370
,363
,337
,341
,369
,355
,327
,344
,364
,342
,332
,362
2026 06 19 18:06:08.638826,370
,346
,337
,369
,355
,330
,342
,363
,348
,326
,352
,371
,342
,329
2026 06 19 18:06:08.699969,363
,353
,329
,343
,376
,353
,326
,347
,355
,335
,330
,358
,355
,343
2026 06 19 18:06:08.765079,345
,374
,355
,325
,344
,368
,352
,335
,360
,358
,330
,330
,362
,354
2026 06 19 18:06:08.827014,330
,348
,367
,348
,326
,357
,364
,341
,334
,365
,352
,325
,335
,365
2026 06 19 18:06:08.887976,348
,329
,355
,365
,342
,335
,369
,369
,340
,339
,359
,344
,321
,335
2026 06 19 18:06:08.953962,364
,358
,336
,368
,370
,348
,338
,368
,352
,323
,359
,386
,356
,331
2026 06 19 18:06:09.015570,352
,359
,335
,328
,360
,354
,329
,339
,367
,351
,326
,350
,367
,344
2026 06 19 18:06:09.080035,332
,360
,358
,338
,345
,374
,356
,331
,347
,360
,336
,327
,356
,354
2026 06 19 18:06:09.142257,328
,329
,365
,358
,335
,352
,379
,360
,332
,346
,368
,353
,340
,366
2026 06 19 18:06:09.202943,355
,323
,332
,360
,342
,321
,345
,357
,338
,329
,360
,351
,316
,325
2026 06 19 18:06:09.268838,365
,352
,328
,343
,363
,344
,323
,357
,362
,333
,328
,364
,355
,329
2026 06 19 18:06:09.330508,344
,366
,343
,320
,343
,354
,333
,323
,366
,360
,326
,342
,369
,350
2026 06 19 18:06:09.395816,315
,344
,364
,339
,323
,347
,340
,328
,341
,369
,353
,327
,342
,362
2026 06 19 18:06:09.458207,341
,323
,350
,357
,336
,333
,367
,352
,324
,335
,360
,339
,319
,340
2026 06 19 18:06:09.519101,347
,342
,340
,366
,356
,333
,340
,371
,353
,328
,350
,369
,346
,330
2026 06 19 18:06:09.584393,362
,361
,333
,331
,361
,347
,323
,341
,362
,344
,319
,352
,359
,335
2026 06 19 18:06:09.646796,331
,361
,354
,333
,337
,358
,346
,322
,340
,359
,342
,329
,360
,355
2026 06 19 18:06:09.710554,328
,333
,373
,355
,327
,345
,356
,340
,324
,354
,361
,336
,341
,370
2026 06 19 18:06:09.772991,356
,334
,351
,373
,350
,329
,358
,368
,341
,336
,365
,353
,328
,346
2026 06 19 18:06:09.834409,369
,356
,339
,361
,376
,347
,334
,370
,365
,340
,341
,369
,363
,339
2026 06 19 18:06:09.899824,357
,375
,353
,326
,358
,364
,336
,344
,376
,361
,332
,346
,373
,354
2026 06 19 18:06:09.961840,328
,355
,372
,345
,336
,358
,359
,342
,352
,370
,355
,334
,356
,368
2026 06 19 18:06:10.026635,346
,329
,358
,356
,329
,329
,364
,349
,324
,339
,354
,332
,330
,360
2026 06 19 18:06:10.087717,363
,339
,339
,370
,354
,328
,348
,369
,340
,324
,348
,356
,332
,327
2026 06 19 18:06:10.149914,363
,350
,329
,347
,372
,354
,324
,355
,377
,356
,335
,359
,356
,334
2026 06 19 18:06:10.215537,337
,364
,343
,320
,349
,373
,353
,334
,355
,355
,346
,336
,364
,353
2026 06 19 18:06:10.276767,328
,343
,366
,350
,327
,353
,365
,339
,329
,367
,362
,330
,339
,366
2026 06 19 18:06:10.337722,355
,326
,347
,353
,349
,341
,373
,379
,352
,348
,378
,363
,338
,349
2026 06 19 18:06:10.403848,371
,351
,327
,354
,357
,343
,341
,373
,365
,338
,351
,375
,349
,330
2026 06 19 18:06:10.465439,348
,367
,339
,331
,362
,355
,331
,341
,368
,356
,331
,352
,375
,355
2026 06 19 18:06:10.530725,329
,359
,364
,338
,342
,368
,355
,332
,349
,369
,347
,329
,355
,364
2026 06 19 18:06:10.594208,341
,340
,368
,355
,325
,348
,367
,348
,332
,358
,376
,360
,346
,372
2026 06 19 18:06:10.653179,367
,341
,344
,374
,366
,341
,361
,370
,349
,341
,376
,375
,348
,349
2026 06 19 18:06:10.718611,370
,359
,336
,355
,375
,358
,339
,367
,370
,344
,341
,369
,360
,343
2026 06 19 18:06:10.779672,357
,376
,356
,336
,357
,365
,338
,324
,356
,365
,343
,348
,374
,356
2026 06 19 18:06:10.846767,332
,354
,367
,346
,331
,366
,376
,345
,345
,374
,364
,337
,359
,378
2026 06 19 18:06:10.907532,357
,334
,360
,366
,339
,336
,364
,355
,327
,342
,369
,350
,326
,368
2026 06 19 18:06:10.969033,375
,351
,334
,351
,349
,339
,344
,368
,350
,325
,340
,355
,343
,330
2026 06 19 18:06:11.034641,361
,366
,342
,347
,378
,357
,320
,351
,378
,352
,330
,355
,359
,339
2026 06 19 18:06:11.097445,334
,364
,360
,333
,344
,366
,342
,327
,361
,367
,343
,334
,364
,361
2026 06 19 18:06:11.160836,336
,346
,371
,354
,331
,355
,363
,346
,343
,371
,367
,338
,341
,368
2026 06 19 18:06:11.222173,354
,330
,354
,371
,359
,341
,372
,373
,346
,335
,362
,353
,325
,332
2026 06 19 18:06:11.284220,369
,353
,330
,357
,369
,341
,340
,373
,367
,338
,338
,362
,351
,331
2026 06 19 18:06:11.349897,354
,369
,347
,330
,356
,358
,342
,345
,372
,356
,326
,347
,368
,348
2026 06 19 18:06:11.410776,329
,358
,370
,350
,337
,359
,360
,339
,349
,375
,357
,332
,350
,362
2026 06 19 18:06:11.476724,345
,334
,361
,356
,348
,355
,381
,367
,334
,357
,376
,349
,328
,356
2026 06 19 18:06:11.537670,354
,326
,331
,370
,360
,341
,352
,373
,358
,335
,358
,370
,344
,333
2026 06 19 18:06:11.600256,366
,350
,318
,340
,370
,347
,330
,348
,368
,348
,327
,360
,363
,333
2026 06 19 18:06:11.665371,340
,366
,350
,320
,340
,359
,343
,327
,356
,357
,331
,326
,365
,358
2026 06 19 18:06:11.726850,329
,346
,368
,346
,324
,353
,365
,339
,330
,361
,354
,331
,343
,370
2026 06 19 18:06:11.792275,347
,315
,331
,357
,342
,324
,361
,359
,335
,339
,362
,343
,324
,347
2026 06 19 18:06:11.853487,367
,343
,324
,354
,358
,338
,330
,354
,361
,333
,344
,365
,346
,321
2026 06 19 18:06:11.915021,348
,360
,335
,322
,348
,344
,320
,329
,358
,342
,320
,348
,371
,347
2026 06 19 18:06:11.981093,327
,361
,366
,334
,334
,365
,351
,322
,335
,350
,348
,324
,353
,366
2026 06 19 18:06:12.041943,342
,336
,365
,358
,330
,342
,367
,347
,322
,352
,365
,342
,331
,363
2026 06 19 18:06:12.107540,357
,334
,336
,369
,352
,310
,346
,378
,356
,332
,355
,370
,348
,346
2026 06 19 18:06:12.169014,376
,362
,337
,352
,370
,348
,325
,354
,361
,338
,334
,365
,361
,337
2026 06 19 18:06:12.230210,351
,376
,356
,330
,356
,371
,348
,336
,367
,359
,334
,341
,372
,351
2026 06 19 18:06:12.295287,324
,344
,368
,348
,331
,357
,358
,332
,324
,370
,372
,347
,356
,378
2026 06 19 18:06:12.356933,358
,339
,366
,369
,344
,335
,368
,356
,332
,349
,372
,351
,327
,348
2026 06 19 18:06:12.423428,359
,354
,347
,375
,370
,345
,354
,380
,363
,334
,354
,373
,345
,332
2026 06 19 18:06:12.486781,364
,366
,342
,340
,365
,357
,336
,352
,372
,353
,334
,358
,359
,335
2026 06 19 18:06:12.545961,332
,369
,355
,334
,344
,370
,354
,330
,342
,360
,353
,336
,361
,351
2026 06 19 18:06:12.611474,327
,337
,365
,349
,319
,343
,372
,351
,328
,355
,357
,336
,335
,361
2026 06 19 18:06:12.673860,351
,327
,345
,368
,350
,327
,344
,357
,351
,339
,370
,358
,329
,341
2026 06 19 18:06:12.738304,364
,349
,325
,355
,372
,350
,336
,368
,363
,337
,340
,373
,358
,332
2026 06 19 18:06:12.799895,346
,355
,340
,330
,356
,363
,341
,339
,371
,354
,322
,342
,369
,349
2026 06 19 18:06:12.860216,336
,364
,372
,344
,333
,363
,357
,331
,344
,378
,360
,331
,352
,369
2026 06 19 18:06:12.926715,343
,324
,358
,357
,329
,330
,369
,365
,337
,350
,365
,350
,328
,359
2026 06 19 18:06:12.990024,369
,342
,341
,372
,356
,328
,345
,366
,347
,330
,354
,360
,342
,335
2026 06 19 18:06:13.053770,366
,358
,333
,337
,367
,349
,325
,349
,366
,344
,327
,364
,361
,333
2026 06 19 18:06:13.114903,337
,362
,349
,326
,341
,356
,336
,330
,360
,369
,344
,338
,372
,365
2026 06 19 18:06:13.176686,339
,353
,373
,352
,333
,358
,367
,344
,336
,368
,362
,333
,348
,373
2026 06 19 18:06:13.242930,348
,321
,361
,376
,352
,331
,366
,364
,340
,349
,375
,358
,334
,356
2026 06 19 18:06:13.303257,374
,353
,335
,361
,366
,343
,343
,371
,357
,333
,350
,374
,353
,327
2026 06 19 18:06:13.369005,364
,377
,349
,340
,371
,364
,336
,347
,370
,341
,315
,365
,384
,357
2026 06 19 18:06:13.430730,338
,365
,361
,341
,341
,373
,362
,333
,353
,375
,352
,331
,360
,363
2026 06 19 18:06:13.491323,342
,342
,372
,360
,339
,353
,374
,354
,332
,354
,361
,344
,331
,359
2026 06 19 18:06:13.557522,352
,332
,342
,367
,347
,324
,350
,369
,345
,328
,362
,363
,329
,334
2026 06 19 18:06:13.619116,370
,351
,328
,348
,369
,352
,331
,358
,361
,335
,343
,366
,351
,329
2026 06 19 18:06:13.684671,356
,378
,358
,340
,367
,376
,348
,335
,368
,358
,329
,334
,361
,355
2026 06 19 18:06:13.745890,330
,349
,362
,353
,332
,363
,369
,349
,355
,385
,372
,348
,363
,378
2026 06 19 18:06:13.806784,353
,339
,365
,366
,343
,339
,373
,361
,334
,348
,371
,353
,334
,360
2026 06 19 18:06:13.873036,368
,344
,335
,364
,358
,330
,336
,367
,353
,330
,350
,362
,340
,336
2026 06 19 18:06:13.933834,367
,365
,343
,344
,377
,364
,340
,352
,365
,348
,327
,371
,367
,344
2026 06 19 18:06:13.999684,345
,374
,360
,329
,339
,372
,358
,331
,354
,368
,347
,337
,362
,359
2026 06 19 18:06:14.061454,340
,354
,384
,365
,341
,366
,383
,363
,344
,375
,373
,344
,344
,376
2026 06 19 18:06:14.122653,365
,338
,352
,361
,346
,336
,366
,372
,342
,332
,354
,347
,325
,337
2026 06 19 18:06:14.187560,363
,349
,325
,348
,364
,339
,319
,350
,359
,338
,343
,360
,348
,331
2026 06 19 18:06:14.249660,350
,367
,352
,333
,362
,361
,333
,338
,371
,364
,333
,345
,374
,355
2026 06 19 18:06:14.310976,331
,357
,361
,334
,332
,374
,365
,339
,346
,368
,352
,319
,365
,384
2026 06 19 18:06:14.376840,353
,339
,371
,372
,341
,336
,372
,364
,343
,356
,369
,350
,333
,365
2026 06 19 18:06:14.437070,363
,335
,332
,360
,347
,326
,353
,374
,351
,329
,361
,373
,349
,337
2026 06 19 18:06:14.504157,364
,360
,341
,353
,375
,359
,338
,360
,374
,349
,336
,367
,364
,330
2026 06 19 18:06:14.564856,336
,374
,358
,337
,354
,373
,342
,321
,364
,369
,346
,347
,371
,359
2026 06 19 18:06:14.625849,332
,348
,365
,344
,326
,350
,358
,338
,329
,362
,360
,334
,340
,365
2026 06 19 18:06:14.692347,343
,323
,362
,369
,351
,334
,370
,367
,340
,345
,372
,358
,334
,353
2026 06 19 18:06:14.753567,369
,354
,337
,363
,368
,341
,335
,372
,362
,337
,348
,373
,354
,340
2026 06 19 18:06:14.819245,368
,373
,343
,332
,357
,353
,335
,346
,362
,346
,323
,348
,365
,336
2026 06 19 18:06:14.881628,320
,360
,356
,335
,340
,361
,348
,324
,351
,368
,340
,319
,348
,346
2026 06 19 18:06:14.941879,334
,340
,367
,352
,323
,331
,368
,350
,328
,357
,366
,342
,331
,361
2026 06 19 18:06:15.007571,353
,330
,341
,356
,339
,323
,358
,367
,342
,323
,361
,365
,342
,341
2026 06 19 18:06:15.068965,369
,358
,329
,346
,367
,346
,323
,348
,363
,339
,332
,367
,360
,330
2026 06 19 18:06:15.134505,341
,369
,352
,327
,347
,361
,340
,329
,369
,365
,332
,339
,364
,347
2026 06 19 18:06:15.196799,326
,345
,361
,342
,325
,353
,363
,339
,338
,370
,352
,323
,347
,366
2026 06 19 18:06:15.257135,345
,328
,356
,357
,341
,338
,366
,356
,328
,345
,364
,344
,324
,357
2026 06 19 18:06:15.322760,360
,342
,345
,371
,361
,335
,345
,368
,346
,319
,348
,375
,347
,325
2026 06 19 18:06:15.383713,361
,366
,338
,338
,369
,354
,327
,343
,363
,337
,324
,354
,361
,336
2026 06 19 18:06:15.449898,331
,362
,355
,326
,342
,366
,346
,327
,350
,361
,334
,328
,354
,347
2026 06 19 18:06:15.512279,327
,329
,351
,349
,327
,348
,357
,332
,327
,355
,358
,336
,342
,371
2026 06 19 18:06:15.572397,360
,332
,352
,365
,352
,333
,362
,369
,341
,335
,365
,352
,330
,351
2026 06 19 18:06:15.638048,375
,354
,315
,357
,384
,355
,341
,366
,363
,338
,340
,373
,361
,340
2026 06 19 18:06:15.699043,360
,380
,355
,342
,368
,371
,344
,340
,369
,356
,330
,346
,372
,348
2026 06 19 18:06:15.764703,324
,352
,352
,336
,333
,364
,359
,337
,347
,367
,352
,333
,351
,369
2026 06 19 18:06:15.827713,352
,344
,370
,366
,335
,337
,366
,352
,326
,346
,371
,346
,332
,363
2026 06 19 18:06:15.887967,366
,345
,337
,365
,357
,341
,354
,372
,356
,338
,364
,367
,354
,346
2026 06 19 18:06:15.953829,368
,358
,344
,352
,374
,359
,336
,359
,370
,343
,333
,364
,364
,336
2026 06 19 18:06:16.014401,341
,368
,355
,328
,348
,369
,348
,325
,348
,357
,348
,338
,366
,362
2026 06 19 18:06:16.080686,337
,352
,377
,356
,337
,363
,367
,341
,340
,379
,369
,344
,348
,371
2026 06 19 18:06:16.142215,359
,337
,362
,371
,340
,326
,358
,365
,342
,339
,370
,357
,331
,341
2026 06 19 18:06:16.203641,355
,346
,326
,353
,354
,330
,326
,354
,343
,320
,328
,348
,332
,311
2026 06 19 18:06:16.268736,347
,360
,335
,319
,369
,358
,326
,341
,364
,351
,332
,350
,360
,336
2026 06 19 18:06:16.330535,325
,352
,351
,325
,329
,359
,347
,326
,349
,368
,347
,325
,347
,357
2026 06 19 18:06:16.395988,332
,330
,367
,356
,331
,343
,362
,349
,327
,348
,363
,338
,326
,357
2026 06 19 18:06:16.457981,356
,334
,340
,366
,346
,324
,358
,374
,351
,334
,363
,364
,340
,340
2026 06 19 18:06:16.518769,372
,357
,335
,358
,373
,356
,342
,373
,378
,350
,348
,379
,369
,345
2026 06 19 18:06:16.584552,351
,366
,356
,333
,358
,387
,359
,343
,386
,380
,348
,352
,373
,354
2026 06 19 18:06:16.646012,330
,350
,368
,349
,335
,365
,361
,335
,334
,354
,351
,337
,350
,360
2026 06 19 18:06:16.711116,338
,329
,362
,368
,339
,328
,358
,363
,337
,353
,373
,353
,330
,355
2026 06 19 18:06:16.772763,364
,343
,339
,364
,367
,342
,349
,373
,366
,342
,361
,374
,347
,334
2026 06 19 18:06:16.833878,380
,379
,351
,351
,380
,367
,342
,356
,379
,359
,339
,365
,367
,344
2026 06 19 18:06:16.899976,352
,386
,372
,345
,358
,378
,356
,336
,362
,371
,350
,344
,371
,357
2026 06 19 18:06:16.961104,325
,347
,380
,359
,332
,355
,371
,348
,332
,360
,361
,342
,343
,371
2026 06 19 18:06:17.026779,356
,337
,358
,379
,360
,338
,364
,373
,350
,345
,372
,360
,336
,350
2026 06 19 18:06:17.087765,367
,347
,330
,361
,372
,351
,346
,372
,355
,347
,361
,383
,364
,339
2026 06 19 18:06:17.149754,357
,371
,342
,327
,360
,364
,346
,350
,379
,363
,342
,353
,367
,350
2026 06 19 18:06:17.214844,338
,364
,368
,347
,345
,378
,367
,341
,350
,377
,363
,338
,363
,379
2026 06 19 18:06:17.276737,348
,333
,367
,358
,332
,343
,370
,354
,331
,356
,375
,349
,330
,356
2026 06 19 18:06:17.342542,355
,323
,329
,356
,346
,326
,345
,360
,340
,322
,351
,360
,340
,334
2026 06 19 18:06:17.403591,361
,353
,329
,339
,360
,336
,322
,352
,362
,334
,329
,369
,361
,332
2026 06 19 18:06:17.465189,347
,371
,347
,324
,354
,367
,341
,327
,359
,361
,332
,336
,369
,357
2026 06 19 18:06:17.531333,332
,346
,366
,345
,324
,351
,355
,334
,331
,361
,355
,327
,339
,360
2026 06 19 18:06:17.592639,354
,331
,342
,357
,346
,330
,353
,341
,325
,329
,361
,347
,322
,339
2026 06 19 18:06:17.657486,358
,340
,319
,339
,343
,326
,332
,358
,346
,320
,337
,351
,338
,319
2026 06 19 18:06:17.718693,350
,366
,338
,325
,354
,345
,317
,326
,346
,332
,316
,341
,353
,328
2026 06 19 18:06:17.782431,319
,347
,351
,325
,328
,358
,345
,319
,337
,359
,337
,315
,333
,337
2026 06 19 18:06:17.845883,332
,331
,360
,344
,319
,336
,357
,338
,318
,344
,355
,331
,319
,351
2026 06 19 18:06:17.906777,346
,321
,334
,353
,334
,322
,351
,355
,335
,324
,354
,351
,324
,330
2026 06 19 18:06:17.972005,359
,349
,326
,346
,362
,338
,325
,352
,354
,329
,329
,357
,346
,322
2026 06 19 18:06:18.034483,336
,345
,339
,324
,345
,350
,337
,334
,367
,360
,335
,343
,365
,348
2026 06 19 18:06:18.095744,327
,349
,361
,341
,327
,360
,355
,331
,336
,364
,344
,327
,350
,364
2026 06 19 18:06:18.161355,343
,315
,342
,369
,338
,338
,369
,353
,329
,349
,372
,354
,329
,354
2026 06 19 18:06:18.223061,363
,339
,328
,355
,355
,327
,335
,354
,336
,331
,356
,364
,341
,329
2026 06 19 18:06:18.287478,362
,361
,335
,339
,367
,354
,328
,343
,369
,348
,328
,359
,366
,334
2026 06 19 18:06:18.348928,335
,377
,362
,337
,346
,368
,354
,337
,359
,368
,347
,338
,366
,355
2026 06 19 18:06:18.410684,332
,342
,367
,346
,321
,352
,365
,340
,325
,363
,364
,335
,338
,372
2026 06 19 18:06:18.476785,366
,338
,351
,367
,344
,331
,359
,362
,339
,333
,362
,356
,332
,349
2026 06 19 18:06:18.538126,371
,352
,326
,347
,366
,341
,331
,363
,363
,343
,349
,375
,357
,335
2026 06 19 18:06:18.602659,356
,369
,345
,334
,364
,358
,345
,346
,372
,363
,339
,351
,362
,353
2026 06 19 18:06:18.664699,336
,356
,363
,347
,340
,370
,362
,338
,350
,369
,353
,333
,358
,369
2026 06 19 18:06:18.726891,338
,327
,360
,352
,325
,335
,359
,347
,321
,342
,360
,340
,332
,362
2026 06 19 18:06:18.792078,363
,333
,339
,370
,358
,328
,344
,362
,341
,321
,365
,371
,343
,340
2026 06 19 18:06:18.853109,372
,366
,338
,348
,371
,353
,323
,335
,373
,355
,341
,373
,372
,344
2026 06 19 18:06:18.915176,349
,374
,360
,336
,359
,380
,357
,335
,364
,367
,340
,345
,371
,356
2026 06 19 18:06:18.980179,345
,363
,389
,368
,345
,367
,371
,344
,338
,363
,354
,339
,355
,378
2026 06 19 18:06:19.042085,359
,338
,364
,371
,340
,342
,377
,368
,338
,345
,375
,360
,335
,360
2026 06 19 18:06:19.107433,372
,353
,339
,364
,362
,349
,350
,372
,363
,341
,350
,368
,351
,335
2026 06 19 18:06:19.169099,363
,370
,351
,341
,364
,356
,336
,343
,373
,353
,334
,360
,368
,345
2026 06 19 18:06:19.231512,330
,365
,362
,331
,334
,370
,359
,337
,357
,372
,350
,338
,364
,363
2026 06 19 18:06:19.295468,332
,337
,373
,360
,336
,345
,369
,362
,346
,369
,373
,346
,332
,356
2026 06 19 18:06:19.357118,353
,332
,343
,363
,345
,324
,350
,370
,348
,333
,371
,367
,335
,337
2026 06 19 18:06:19.421932,366
,357
,331
,347
,369
,349
,330
,359
,369
,343
,340
,370
,356
,331
2026 06 19 18:06:19.485081,346
,360
,352
,337
,368
,376
,344
,337
,372
,369
,341
,345
,373
,353
2026 06 19 18:06:19.545681,327
,351
,361
,341
,334
,367
,361
,332
,328
,371
,375
,345
,355
,371
2026 06 19 18:06:19.611432,354
,332
,357
,351
,326
,325
,352
,345
,331
,346
,368
,347
,329
,354
2026 06 19 18:06:19.672569,361
,336
,324
,352
,347
,331
,339
,365
,349
,327
,347
,357
,339
,325
2026 06 19 18:06:19.738068,357
,353
,326
,322
,358
,348
,325
,350
,369
,349
,331
,362
,369
,339
2026 06 19 18:06:19.799944,330
,366
,358
,329
,341
,366
,351
,331
,357
,367
,343
,332
,358
,360
2026 06 19 18:06:19.860973,341
,349
,376
,361
,340
,363
,371
,348
,343
,369
,366
,342
,345
,372
2026 06 19 18:06:19.926995,352
,334
,353
,372
,351
,330
,357
,359
,334
,331
,368
,353
,327
,354
2026 06 19 18:06:19.987954,376
,353
,330
,357
,366
,343
,335
,366
,361
,334
,343
,373
,355
,330
2026 06 19 18:06:20.053653,354
,375
,353
,335
,361
,360
,341
,339
,368
,357
,324
,337
,366
,356
2026 06 19 18:06:20.114702,335
,361
,359
,339
,336
,365
,361
,334
,344
,367
,355
,325
,349
,369
2026 06 19 18:06:20.176007,344
,335
,369
,358
,336
,343
,364
,346
,321
,344
,363
,343
,327
,354
2026 06 19 18:06:20.242118,357
,335
,336
,361
,351
,329
,343
,364
,343
,321
,352
,363
,337
,333
2026 06 19 18:06:20.303846,366
,358
,333
,342
,366
,347
,325
,341
,344
,340
,330
,349
,356
,337
2026 06 19 18:06:20.368933,339
,363
,349
,324
,342
,358
,340
,323
,353
,352
,320
,325
,354
,341
2026 06 19 18:06:20.430604,323
,341
,360
,342
,323
,356
,366
,341
,332
,363
,359
,334
,339
,357
2026 06 19 18:06:20.491521,347
,326
,356
,367
,344
,327
,357
,359
,334
,340
,368
,349
,327
,345
2026 06 19 18:06:20.557442,362
,341
,328
,358
,361
,335
,330
,361
,357
,331
,344
,361
,344
,323
2026 06 19 18:06:20.619016,348
,355
,329
,323
,360
,351
,325
,335
,348
,335
,331
,351
,366
,350
2026 06 19 18:06:20.684442,327
,357
,360
,335
,339
,365
,355
,339
,356
,378
,354
,338
,364
,361
2026 06 19 18:06:20.745967,337
,338
,362
,352
,332
,345
,368
,352
,332
,363
,370
,344
,330
,364
2026 06 19 18:06:20.807478,359
,331
,340
,364
,343
,319
,345
,360
,335
,332
,360
,363
,339
,344
2026 06 19 18:06:20.873085,376
,357
,330
,346
,371
,352
,334
,358
,363
,339
,340
,372
,362
,338
2026 06 19 18:06:20.934372,349
,373
,355
,335
,361
,370
,347
,339
,375
,365
,340
,351
,379
,362
2026 06 19 18:06:20.998757,331
,361
,380
,354
,339
,367
,366
,340
,341
,373
,359
,338
,356
,374
2026 06 19 18:06:21.060646,351
,325
,358
,366
,338
,329
,364
,358
,328
,349
,372
,357
,333
,358
2026 06 19 18:06:21.122065,368
,344
,337
,365
,358
,332
,340
,364
,347
,324
,353
,370
,348
,336
2026 06 19 18:06:21.188190,365
,360
,332
,341
,370
,350
,330
,350
,370
,353
,334
,359
,359
,335
2026 06 19 18:06:21.249752,347
,371
,354
,340
,352
,372
,352
,331
,356
,364
,344
,335
,368
,368
2026 06 19 18:06:21.314940,340
,342
,375
,365
,341
,362
,373
,348
,330
,360
,358
,334
,336
,368
2026 06 19 18:06:21.377208,358
,331
,347
,369
,352
,340
,364
,369
,342
,334
,373
,366
,337
,347
2026 06 19 18:06:21.437443,370
,351
,325
,354
,367
,344
,333
,365
,356
,332
,341
,364
,349
,329
2026 06 19 18:06:21.504146,353
,366
,344
,330
,360
,359
,328
,334
,371
,358
,331
,349
,369
,341
2026 06 19 18:06:21.564430,320
,351
,362
,340
,331
,356
,357
,334
,343
,365
,347
,324
,348
,356
2026 06 19 18:06:21.630161,334
,333
,364
,356
,335
,342
,372
,359
,336
,356
,373
,346
,325
,355
2026 06 19 18:06:21.691577,354
,327
,335
,369
,353
,337
,352
,369
,350
,328
,346
,349
,341
,335
2026 06 19 18:06:21.754314,360
,349
,324
,342
,360
,345
,327
,356
,368
,343
,331
,359
,352
,326
2026 06 19 18:06:21.818739,334
,364
,346
,322
,343
,364
,344
,325
,355
,357
,338
,345
,369
,346
2026 06 19 18:06:21.880464,321
,347
,364
,341
,322
,360
,367
,342
,334
,363
,358
,340
,350
,368
2026 06 19 18:06:21.945838,341
,323
,356
,364
,342
,330
,363
,360
,337
,349
,375
,360
,333
,352
2026 06 19 18:06:22.006705,365
,344
,323
,354
,358
,336
,340
,372
,359
,332
,352
,370
,350
,337
2026 06 19 18:06:22.067035,366
,361
,335
,337
,366
,350
,326
,344
,371
,356
,331
,357
,366
,326
2026 06 19 18:06:22.134382,327
,378
,368
,344
,352
,373
,352
,331
,350
,366
,344
,335
,366
,368
2026 06 19 18:06:22.196715,347
,348
,376
,363
,334
,351
,368
,350
,329
,349
,354
,339
,338
,366
2026 06 19 18:06:22.261216,353
,327
,341
,369
,363
,337
,359
,365
,340
,332
,356
,352
,330
,338
2026 06 19 18:06:22.322518,372
,353
,330
,349
,363
,342
,325
,353
,356
,331
,332
,361
,346
,321
2026 06 19 18:06:22.384031,339
,360
,340
,323
,356
,366
,338
,330
,360
,349
,323
,340
,370
,351
2026 06 19 18:06:22.449642,331
,351
,363
,337
,322
,356
,353
,329
,334
,356
,341
,321
,346
,360
2026 06 19 18:06:22.511317,342
,329
,361
,364
,341
,325
,350
,368
,341
,355
,374
,354
,333
,359
2026 06 19 18:06:22.572874,366
,340
,333
,365
,362
,335
,343
,370
,355
,335
,350
,361
,351
,346
2026 06 19 18:06:22.637090,374
,366
,335
,353
,380
,363
,334
,351
,368
,348
,332
,362
,363
,335
2026 06 19 18:06:22.700024,335
,366
,353
,328
,343
,367
,354
,331
,355
,364
,335
,333
,373
,366
2026 06 19 18:06:22.766604,340
,344
,367
,347
,323
,351
,371
,348
,337
,364
,364
,338
,341
,366
2026 06 19 18:06:22.826717,351
,327
,349
,366
,341
,323
,361
,360
,343
,344
,374
,359
,332
,350
2026 06 19 18:06:22.887870,370
,344
,319
,346
,355
,332
,322
,358
,359
,333
,344
,366
,346
,322
2026 06 19 18:06:22.953335,347
,366
,340
,312
,344
,356
,344
,349
,375
,357
,331
,344
,357
,342
2026 06 19 18:06:23.018835,321
,345
,347
,314
,306
,336
,325
,303
,320
,343
,334
,311
,336
,343
2026 06 19 18:06:23.079843,324
,310
,336
,327
,303
,308
,336
,319
,296
,320
,336
,320
,304
,338
2026 06 19 18:06:23.141994,339
,316
,317
,343
,327
,299
,318
,339
,318
,302
,334
,343
,325
,319
2026 06 19 18:06:23.205288,346
,334
,310
,321
,347
,327
,296
,307
,346
,335
,327
,350
,342
,322
2026 06 19 18:06:23.267531,330
,355
,333
,309
,331
,350
,332
,316
,347
,350
,327
,331
,361
,347
2026 06 19 18:06:23.329999,324
,341
,364
,344
,326
,348
,354
,328
,314
,337
,340
,323
,331
,361
2026 06 19 18:06:23.395818,340
,325
,356
,363
,341
,330
,362
,359
,333
,340
,361
,340
,316
,342
2026 06 19 18:06:23.456962,352
,334
,325
,355
,359
,336
,340
,371
,352
,322
,339
,370
,350
,331
2026 06 19 18:06:23.518735,357
,360
,335
,327
,366
,360
,336
,345
,371
,350
,331
,356
,370
,350
2026 06 19 18:06:23.584312,339
,368
,366
,344
,342
,371
,360
,333
,346
,372
,349
,331
,363
,364
2026 06 19 18:06:23.645934,341
,341
,376
,368
,340
,358
,380
,359
,340
,365
,368
,337
,334
,370
2026 06 19 18:06:23.710297,355
,329
,345
,371
,355
,339
,367
,381
,360
,346
,374
,361
,339
,351
2026 06 19 18:06:23.772506,379
,358
,327
,358
,379
,355
,333
,356
,361
,345
,358
,384
,367
,339
2026 06 19 18:06:23.833978,354
,376
,354
,334
,361
,371
,349
,345
,377
,372
,348
,359
,380
,359
2026 06 19 18:06:23.899093,339
,360
,369
,350
,338
,372
,369
,343
,347
,372
,367
,338
,357
,373
2026 06 19 18:06:23.960985,350
,335
,360
,366
,338
,337
,366
,362
,338
,352
,376
,356
,335
,365
2026 06 19 18:06:24.026509,375
,350
,344
,375
,365
,344
,346
,355
,360
,350
,368
,381
,356
,339
2026 06 19 18:06:24.087546,371
,360
,340
,346
,372
,356
,331
,355
,374
,352
,332
,360
,362
,337
2026 06 19 18:06:24.149544,337
,364
,350
,329
,349
,370
,341
,320
,362
,373
,344
,336
,365
,363
2026 06 19 18:06:24.214439,343
,356
,379
,359
,339
,365
,377
,353
,342
,368
,366
,344
,347
,384
2026 06 19 18:06:24.276530,372
,345
,360
,376
,354
,330
,355
,363
,338
,332
,359
,362
,339
,355
2026 06 19 18:06:24.342670,382
,358
,350
,379
,384
,356
,346
,372
,369
,342
,344
,376
,364
,339
2026 06 19 18:06:24.403677,358
,374
,358
,341
,366
,361
,340
,347
,374
,359
,333
,355
,372
,355
2026 06 19 18:06:24.465131,336
,363
,371
,348
,343
,372
,360
,334
,345
,367
,339
,332
,357
,360
2026 06 19 18:06:24.529824,339
,340
,368
,358
,336
,342
,372
,363
,338
,362
,381
,362
,340
,368
2026 06 19 18:06:24.591476,370
,348
,349
,377
,366
,347
,373
,391
,361
,342
,376
,385
,359
,350
2026 06 19 18:06:24.657020,376
,369
,348
,363
,389
,365
,342
,365
,373
,350
,338
,369
,363
,335
2026 06 19 18:06:24.717819,347
,387
,364
,342
,362
,375
,358
,343
,365
,371
,354
,350
,373
,357
2026 06 19 18:06:24.779808,334
,350
,371
,352
,336
,364
,375
,352
,344
,373
,352
,337
,358
,378
2026 06 19 18:06:24.845219,355
,333
,353
,361
,341
,329
,360
,357
,329
,335
,364
,350
,330
,355
2026 06 19 18:06:24.907594,369
,349
,337
,363
,366
,339
,353
,387
,371
,341
,358
,385
,365
,343
2026 06 19 18:06:24.972095,370
,376
,355
,346
,380
,370
,345
,366
,390
,367
,342
,366
,376
,344
2026 06 19 18:06:25.033548,334
,370
,367
,339
,333
,373
,363
,341
,361
,371
,345
,344
,390
,388
2026 06 19 18:06:25.095798,357
,353
,378
,364
,334
,348
,367
,348
,331
,369
,382
,359
,351
,379
2026 06 19 18:06:25.161176,369
,346
,361
,383
,364
,339
,360
,373
,346
,328
,349
,352
,349
,357
2026 06 19 18:06:25.222632,379
,364
,335
,356
,381
,357
,341
,367
,366
,341
,338
,368
,356
,335
2026 06 19 18:06:25.287554,353
,370
,351
,332
,358
,366
,343
,336
,367
,360
,334
,346
,371
,357
2026 06 19 18:06:25.349015,334
,352
,358
,341
,335
,369
,370
,346
,350
,369
,348
,335
,364
,379
2026 06 19 18:06:25.410929,351
,330
,363
,369
,341
,338
,365
,352
,332
,349
,368
,351
,332
,362
2026 06 19 18:06:25.476839,370
,344
,336
,362
,352
,330
,339
,365
,353
,327
,353
,368
,357
,346
2026 06 19 18:06:25.537873,373
,365
,342
,347
,369
,352
,332
,354
,371
,354
,340
,369
,370
,347
2026 06 19 18:06:25.603449,347
,376
,361
,332
,348
,363
,349
,331
,354
,363
,336
,327
,360
,349
2026 06 19 18:06:25.664252,330
,348
,376
,352
,326
,346
,361
,341
,336
,363
,358
,337
,341
,369
2026 06 19 18:06:25.725370,355
,332
,344
,351
,340
,337
,361
,359
,336
,336
,363
,350
,324
,344
2026 06 19 18:06:25.791925,367
,346
,326
,353
,362
,338
,330
,359
,353
,328
,335
,369
,348
,320
2026 06 19 18:06:25.853119,353
,373
,349
,333
,364
,360
,334
,339
,367
,349
,324
,344
,360
,336
2026 06 19 18:06:25.918117,319
,353
,354
,336
,331
,363
,353
,332
,345
,365
,341
,328
,352
,364
2026 06 19 18:06:25.980298,340
,331
,363
,355
,326
,339
,361
,343
,331
,357
,367
,344
,327
,357
2026 06 19 18:06:26.042512,352
,337
,338
,365
,349
,326
,345
,366
,347
,325
,353
,355
,332
,329
2026 06 19 18:06:26.107805,359
,349
,326
,337
,359
,350
,330
,353
,365
,340
,331
,363
,359
,335
2026 06 19 18:06:26.168938,340
,362
,348
,323
,346
,363
,340
,327
,358
,362
,337
,342
,373
,357
2026 06 19 18:06:26.234623,333
,353
,370
,346
,322
,347
,344
,329
,332
,355
,349
,332
,339
,360
2026 06 19 18:06:26.295239,342
,323
,355
,364
,340
,330
,360
,355
,337
,348
,373
,352
,329
,350
2026 06 19 18:06:26.356529,366
,347
,330
,358
,363
,338
,335
,362
,347
,322
,348
,371
,348
,325
2026 06 19 18:06:26.421887,359
,357
,335
,333
,366
,358
,327
,332
,363
,349
,329
,353
,364
,346
2026 06 19 18:06:26.484440,339
,370
,366
,340
,348
,373
,352
,327
,354
,371
,349
,332
,364
,364
2026 06 19 18:06:26.544964,338
,337
,366
,356
,328
,348
,368
,346
,323
,350
,356
,331
,323
,353
2026 06 19 18:06:26.610463,343
,323
,339
,364
,352
,331
,352
,353
,339
,344
,367
,357
,337
,341
2026 06 19 18:06:26.672735,365
,350
,322
,344
,367
,349
,335
,364
,367
,347
,344
,372
,354
,323
2026 06 19 18:06:26.737993,347
,366
,343
,329
,355
,362
,342
,334
,361
,351
,329
,342
,364
,342
2026 06 19 18:06:26.798907,324
,347
,364
,344
,333
,367
,359
,335
,345
,366
,355
,331
,351
,367
2026 06 19 18:06:26.860894,345
,324
,356
,355
,333
,335
,365
,358
,338
,355
,374
,358
,336
,352
2026 06 19 18:06:26.926575,363
,342
,335
,374
,364
,342
,349
,373
,355
,330
,353
,361
,346
,341
2026 06 19 18:06:26.988034,369
,364
,339
,343
,370
,357
,334
,355
,370
,352
,335
,366
,377
,347
2026 06 19 18:06:27.053709,342
,369
,355
,334
,348
,365
,347
,328
,359
,368
,341
,342
,370
,362
2026 06 19 18:06:27.114837,340
,349
,370
,350
,326
,352
,367
,348
,334
,364
,360
,332
,333
,367
2026 06 19 18:06:27.176527,355
,336
,357
,370
,348
,329
,360
,364
,339
,333
,365
,350
,330
,346
2026 06 19 18:06:27.241904,366
,353
,336
,366
,373
,347
,341
,371
,358
,325
,344
,369
,354
,332
2026 06 19 18:06:27.303071,358
,372
,348
,332
,363
,364
,336
,335
,352
,342
,337
,358
,373
,349
2026 06 19 18:06:27.367569,336
,360
,358
,342
,339
,365
,355
,333
,348
,369
,351
,331
,355
,362
2026 06 19 18:06:27.430150,346
,339
,374
,368
,347
,356
,380
,359
,331
,358
,373
,338
,334
,374
2026 06 19 18:06:27.491071,374
,346
,341
,369
,355
,335
,359
,374
,353
,333
,361
,373
,345
,339
2026 06 19 18:06:27.557494,369
,359
,334
,348
,367
,338
,319
,364
,375
,348
,337
,366
,361
,334
2026 06 19 18:06:27.618130,342
,366
,352
,327
,347
,361
,348
,333
,359
,360
,337
,339
,370
,355
2026 06 19 18:06:27.684193,328
,340
,347
,344
,339
,364
,370
,345
,338
,367
,358
,335
,345
,367
2026 06 19 18:06:27.745671,353
,332
,357
,369
,346
,337
,367
,364
,338
,350
,367
,346
,322
,345
2026 06 19 18:06:27.806891,364
,342
,325
,353
,352
,331
,337
,369
,353
,321
,345
,372
,349
,331
2026 06 19 18:06:27.872817,353
,357
,333
,326
,356
,346
,325
,339
,365
,350
,328
,353
,360
,344
2026 06 19 18:06:27.934165,330
,360
,356
,330
,333
,358
,347
,326
,352
,364
,346
,335
,366
,368
2026 06 19 18:06:27.999104,338
,337
,362
,352
,333
,348
,371
,347
,328
,358
,368
,350
,345
,371
2026 06 19 18:06:28.060661,354
,327
,345
,370
,350
,326
,357
,370
,344
,327
,360
,353
,333
,341
2026 06 19 18:06:28.126029,372
,358
,336
,356
,359
,329
,338
,371
,370
,345
,345
,367
,358
,335
2026 06 19 18:06:28.187358,355
,374
,350
,331
,359
,368
,343
,337
,365
,359
,336
,348
,371
,356
2026 06 19 18:06:28.248855,339
,365
,379
,353
,331
,356
,362
,349
,350
,372
,363
,339
,355
,368
2026 06 19 18:06:28.314483,348
,340
,369
,372
,348
,343
,370
,359
,332
,346
,367
,349
,331
,360
2026 06 19 18:06:28.375117,371
,344
,341
,373
,367
,340
,347
,375
,358
,328
,354
,377
,351
,338
2026 06 19 18:06:28.437560,376
,368
,342
,351
,374
,354
,329
,350
,365
,341
,324
,361
,364
,342
2026 06 19 18:06:28.503052,338
,370
,354
,332
,350
,374
,358
,336
,363
,370
,343
,330
,356
,351
2026 06 19 18:06:28.566006,327
,338
,365
,353
,332
,356
,368
,344
,328
,354
,348
,322
,330
,358
2026 06 19 18:06:28.630086,340
,324
,348
,368
,349
,325
,353
,365
,339
,336
,366
,354
,328
,340
2026 06 19 18:06:28.691849,363
,344
,320
,354
,360
,336
,330
,358
,345
,324
,337
,358
,340
,320
2026 06 19 18:06:28.752842,341
,359
,339
,326
,358
,350
,324
,327
,354
,343
,318
,338
,358
,340
2026 06 19 18:06:28.818808,321
,352
,356
,331
,328
,357
,349
,328
,347
,368
,346
,322
,350
,364
2026 06 19 18:06:28.879903,344
,331
,357
,347
,334
,340
,372
,355
,334
,356
,368
,345
,333
,363
2026 06 19 18:06:28.945045,362
,341
,341
,370
,356
,325
,334
,363
,350
,335
,357
,359
,334
,331
2026 06 19 18:06:29.007280,358
,346
,324
,327
,357
,342
,322
,347
,358
,343
,334
,367
,353
,332
2026 06 19 18:06:29.069645,343
,366
,348
,326
,346
,361
,339
,325
,360
,364
,333
,335
,368
,356
2026 06 19 18:06:29.136946,331
,355
,379
,357
,329
,356
,365
,340
,336
,362
,351
,332
,343
,359
2026 06 19 18:06:29.195542,342
,325
,351
,358
,336
,325
,356
,351
,331
,338
,363
,351
,332
,345
2026 06 19 18:06:29.260700,370
,348
,332
,361
,359
,332
,328
,359
,350
,329
,350
,368
,349
,337
2026 06 19 18:06:29.322476,358
,365
,345
,339
,369
,351
,330
,341
,359
,346
,333
,358
,373
,347
2026 06 19 18:06:29.384310,336
,363
,356
,328
,330
,360
,347
,325
,347
,363
,345
,331
,363
,363
2026 06 19 18:06:29.449595,341
,337
,368
,354
,328
,347
,366
,342
,320
,347
,351
,325
,324
,365
2026 06 19 18:06:29.510616,356
,327
,338
,364
,346
,319
,336
,348
,334
,333
,359
,355
,333
,339
2026 06 19 18:06:29.576359,367
,351
,327
,343
,358
,336
,325
,356
,351
,324
,335
,366
,350
,325
2026 06 19 18:06:29.637539,341
,368
,351
,334
,361
,365
,338
,338
,367
,356
,331
,334
,353
,341
2026 06 19 18:06:29.698833,323
,352
,363
,336
,327
,353
,361
,341
,342
,368
,349
,327
,346
,363
2026 06 19 18:06:29.764165,344
,328
,357
,360
,335
,333
,362
,349
,319
,335
,362
,346
,325
,354
2026 06 19 18:06:29.826357,362
,337
,333
,370
,359
,336
,350
,375
,354
,331
,354
,369
,346
,333
2026 06 19 18:06:29.891825,361
,356
,337
,343
,372
,355
,331
,353
,368
,346
,332
,362
,362
,346
2026 06 19 18:06:29.952999,346
,371
,360
,333
,345
,365
,349
,331
,356
,359
,333
,329
,360
,355
2026 06 19 18:06:30.014619,329
,337
,363
,352
,327
,352
,368
,348
,340
,369
,362
,336
,341
,366
2026 06 19 18:06:30.080073,354
,332
,350
,368
,347
,328
,365
,363
,337
,337
,369
,357
,329
,344
2026 06 19 18:06:30.141766,363
,343
,320
,351
,364
,343
,345
,376
,368
,339
,348
,373
,356
,332
2026 06 19 18:06:30.202651,355
,367
,337
,332
,363
,354
,339
,346
,373
,357
,327
,349
,376
,351
2026 06 19 18:06:30.267985,333
,364
,366
,336
,337
,373
,356
,332
,350
,371
,351
,334
,361
,366
2026 06 19 18:06:30.329770,341
,335
,367
,359
,330
,349
,381
,360
,336
,360
,368
,344
,337
,373
2026 06 19 18:06:30.394876,369
,344
,342
,365
,349
,321
,340
,360
,348
,335
,370
,374
,346
,346
2026 06 19 18:06:30.457258,376
,363
,336
,352
,373
,354
,335
,355
,363
,347
,343
,375
,364
,332
2026 06 19 18:06:30.518498,339
,370
,352
,334
,359
,367
,348
,335
,365
,369
,338
,340
,373
,360
2026 06 19 18:06:30.584168,344
,360
,372
,348
,327
,354
,353
,321
,318
,351
,345
,320
,342
,359
2026 06 19 18:06:30.644957,344
,324
,349
,360
,335
,328
,358
,351
,325
,337
,363
,351
,331
,352
2026 06 19 18:06:30.710906,363
,342
,332
,362
,352
,327
,349
,384
,366
,341
,363
,374
,357
,347
2026 06 19 18:06:30.772718,377
,382
,360
,352
,380
,374
,349
,365
,383
,362
,347
,367
,374
,355
2026 06 19 18:06:30.833383,341
,375
,364
,344
,354
,378
,361
,332
,346
,363
,356
,345
,372
,365
2026 06 19 18:06:30.898704,339
,354
,382
,364
,337
,362
,383
,362
,342
,367
,368
,343
,338
,370
2026 06 19 18:06:30.960492,357
,335
,352
,375
,359
,341
,369
,376
,351
,343
,378
,362
,333
,350
2026 06 19 18:06:31.025862,373
,361
,338
,360
,369
,345
,335
,373
,366
,332
,342
,379
,367
,335
2026 06 19 18:06:31.087593,350
,362
,337
,339
,368
,368
,344
,346
,376
,362
,338
,349
,364
,345
2026 06 19 18:06:31.148996,340
,367
,367
,347
,342
,376
,374
,351
,362
,380
,365
,344
,367
,381
2026 06 19 18:06:31.214991,356
,341
,367
,367
,343
,349
,380
,364
,342
,360
,375
,346
,331
,374
2026 06 19 18:06:31.275661,373
,348
,337
,372
,366
,341
,357
,377
,357
,334
,358
,364
,348
,342
2026 06 19 18:06:31.341768,367
,360
,339
,340
,368
,354
,331
,352
,373
,356
,340
,367
,364
,340
2026 06 19 18:06:31.404343,340
,367
,352
,332
,350
,367
,349
,330
,354
,357
,334
,335
,374
,364
2026 06 19 18:06:31.464775,340
,350
,370
,351
,328
,356
,361
,341
,341
,367
,356
,335
,346
,364
2026 06 19 18:06:31.529878,354
,329
,354
,368
,344
,326
,350
,350
,335
,338
,368
,357
,334
,350
2026 06 19 18:06:31.591729,366
,347
,327
,348
,355
,332
,329
,358
,353
,330
,349
,369
,352
,336
2026 06 19 18:06:31.657293,358
,361
,337
,332
,363
,357
,329
,342
,372
,355
,334
,354
,368
,347
2026 06 19 18:06:31.718001,333
,361
,364
,337
,337
,369
,354
,326
,344
,369
,347
,333
,360
,362
2026 06 19 18:06:31.779319,338
,331
,362
,352
,328
,341
,363
,344
,325
,352
,355
,319
,326
,379
2026 06 19 18:06:31.844760,368
,336
,341
,367
,355
,331
,351
,370
,348
,332
,358
,361
,329
,343
2026 06 19 18:06:31.906659,384
,362
,334
,355
,376
,355
,333
,358
,362
,339
,329
,363
,358
,332
2026 06 19 18:06:31.972631,347
,369
,346
,327
,356
,366
,340
,337
,371
,358
,335
,342
,367
,355
2026 06 19 18:06:32.033583,327
,352
,366
,346
,338
,367
,367
,340
,338
,365
,349
,324
,342
,362
2026 06 19 18:06:32.095562,352
,331
,361
,363
,339
,333
,360
,358
,330
,345
,373
,354
,338
,362
2026 06 19 18:06:32.164207,372
,348
,335
,362
,359
,334
,338
,363
,351
,332
,353
,367
,353
,334
2026 06 19 18:06:32.221729,363
,363
,331
,326
,367
,358
,332
,341
,366
,346
,327
,360
,371
,349
2026 06 19 18:06:32.287801,342
,373
,361
,335
,342
,362
,340
,314
,346
,364
,344
,334
,361
,353
2026 06 19 18:06:32.348708,327
,333
,362
,343
,326
,348
,366
,341
,322
,346
,354
,347
,349
,377
2026 06 19 18:06:32.413083,356
,326
,350
,363
,338
,314
,342
,353
,335
,332
,363
,355
,330
,340
2026 06 19 18:06:32.476372,369
,348
,327
,350
,365
,341
,332
,361
,357
,328
,331
,362
,351
,334
2026 06 19 18:06:32.537308,348
,364
,346
,328
,355
,356
,329
,331
,359
,346
,323
,342
,363
,341
2026 06 19 18:06:32.603279,328
,352
,363
,339
,328
,356
,356
,334
,337
,358
,355
,344
,364
,374
2026 06 19 18:06:32.663982,349
,331
,368
,361
,329
,336
,364
,347
,326
,343
,358
,336
,318
,353
2026 06 19 18:06:32.725633,359
,342
,345
,378
,364
,334
,346
,368
,360
,330
,355
,368
,345
,337
2026 06 19 18:06:32.791774,368
,357
,329
,339
,365
,349
,327
,352
,361
,336
,327
,359
,358
,327
2026 06 19 18:06:32.852344,334
,364
,352
,329
,352
,369
,349
,330
,363
,362
,334
,332
,361
,348
2026 06 19 18:06:32.917411,321
,336
,358
,345
,326
,357
,366
,354
,342
,368
,355
,329
,338
,368
2026 06 19 18:06:32.980856,352
,328
,348
,365
,342
,327
,358
,355
,334
,339
,366
,354
,331
,345
2026 06 19 18:06:33.040822,362
,343
,329
,357
,361
,336
,338
,364
,353
,329
,345
,363
,344
,322
2026 06 19 18:06:33.107386,345
,351
,330
,323
,356
,347
,320
,328
,357
,344
,322
,342
,348
,326
2026 06 19 18:06:33.168081,321
,353
,349
,321
,326
,356
,340
,318
,338
,356
,334
,318
,349
,353
2026 06 19 18:06:33.234567,325
,323
,350
,342
,321
,335
,356
,336
,317
,341
,351
,334
,333
,358
2026 06 19 18:06:33.295679,350
,326
,337
,359
,342
,321
,344
,358
,333
,316
,346
,350
,331
,337
2026 06 19 18:06:33.356653,366
,350
,327
,346
,356
,331
,317
,346
,359
,338
,336
,368
,356
,329
2026 06 19 18:06:33.421777,339
,356
,339
,319
,350
,361
,333
,326
,363
,353
,325
,340
,366
,354
2026 06 19 18:06:33.484183,332
,346
,358
,339
,328
,360
,356
,334
,338
,362
,349
,325
,339
,355
2026 06 19 18:06:33.548624,339
,322
,347
,345
,327
,334
,361
,352
,328
,339
,365
,349
,320
,343
2026 06 19 18:06:33.610849,358
,347
,335
,356
,354
,326
,336
,367
,351
,329
,350
,365
,347
,332
2026 06 19 18:06:33.671732,352
,353
,343
,344
,366
,344
,324
,343
,369
,352
,334
,356
,364
,352
2026 06 19 18:06:33.737891,345
,367
,350
,330
,347
,370
,351
,329
,345
,351
,332
,327
,350
,345
2026 06 19 18:06:33.798946,326
,333
,368
,350
,323
,339
,355
,336
,330
,357
,357
,334
,333
,362
2026 06 19 18:06:33.864297,349
,322
,345
,373
,350
,328
,354
,361
,338
,335
,363
,351
,330
,343
2026 06 19 18:06:33.926879,361
,351
,336
,360
,362
,339
,329
,350
,349
,330
,334
,362
,351
,325
2026 06 19 18:06:33.987591,345
,357
,336
,321
,350
,344
,328
,325
,345
,327
,305
,324
,343
,321
2026 06 19 18:06:34.052554,306
,333
,342
,329
,323
,351
,341
,315
,324
,347
,328
,305
,325
,334
2026 06 19 18:06:34.114794,319
,310
,331
,329
,307
,316
,342
,322
,304
,327
,339
,316
,304
,330
2026 06 19 18:06:34.175267,339
,324
,319
,348
,334
,311
,324
,343
,319
,303
,331
,334
,318
,310
2026 06 19 18:06:34.241607,338
,332
,313
,326
,345
,326
,305
,329
,339
,327
,327
,349
,336
,308
2026 06 19 18:06:34.302634,328
,357
,336
,305
,331
,358
,340
,321
,347
,343
,320
,323
,347
,329
2026 06 19 18:06:34.368715,315
,339
,357
,334
,323
,354
,358
,334
,333
,363
,353
,326
,335
,353
2026 06 19 18:06:34.429755,342
,330
,357
,360
,331
,320
,358
,352
,329
,338
,364
,349
,328
,354
2026 06 19 18:06:34.491331,366
,345
,334
,361
,359
,339
,338
,366
,351
,328
,347
,367
,352
,334
2026 06 19 18:06:34.557170,362
,367
,351
,344
,369
,358
,341
,355
,376
,355
,338
,364
,374
,351
2026 06 19 18:06:34.618011,334
,370
,371
,345
,350
,373
,353
,324
,356
,377
,349
,332
,367
,367
2026 06 19 18:06:34.683983,348
,350
,372
,358
,330
,357
,381
,360
,342
,370
,373
,349
,342
,374
2026 06 19 18:06:34.745182,364
,338
,348
,375
,352
,328
,358
,370
,351
,341
,367
,363
,342
,350
2026 06 19 18:06:34.806678,376
,360
,335
,355
,368
,340
,319
,368
,376
,353
,355
,379
,367
,344
2026 06 19 18:06:34.872662,362
,379
,357
,339
,367
,369
,344
,344
,375
,367
,342
,357
,380
,359
2026 06 19 18:06:34.933601,340
,364
,371
,341
,332
,368
,363
,339
,345
,370
,359
,337
,359
,378
2026 06 19 18:06:34.999367,362
,348
,370
,367
,340
,339
,376
,358
,339
,356
,371
,352
,330
,359
2026 06 19 18:06:35.060125,361
,340
,343
,379
,369
,338
,357
,380
,359
,341
,363
,372
,355
,349
2026 06 19 18:06:35.121511,380
,374
,347
,361
,382
,366
,343
,364
,380
,356
,345
,374
,376
,353
2026 06 19 18:06:35.187815,353
,378
,369
,358
,378
,393
,364
,346
,372
,370
,350
,349
,380
,372
2026 06 19 18:06:35.248957,353
,366
,387
,371
,349
,374
,378
,353
,349
,375
,369
,346
,353
,377
2026 06 19 18:06:35.314777,356
,333
,357
,368
,353
,348
,378
,377
,356
,351
,385
,370
,340
,364
2026 06 19 18:06:35.376789,380
,358
,335
,364
,373
,344
,339
,374
,368
,346
,358
,382
,370
,351
2026 06 19 18:06:35.437010,374
,370
,351
,352
,382
,379
,354
,359
,385
,368
,346
,370
,383
,363
2026 06 19 18:06:35.502916,350
,380
,380
,360
,363
,392
,376
,347
,365
,382
,360
,348
,375
,383
2026 06 19 18:06:35.563985,357
,353
,390
,381
,358
,365
,390
,373
,352
,375
,387
,363
,353
,376
2026 06 19 18:06:35.629016,372
,358
,367
,392
,369
,340
,365
,393
,369
,351
,384
,388
,362
,360
2026 06 19 18:06:35.691674,389
,377
,353
,368
,387
,368
,346
,370
,382
,360
,353
,385
,384
,362
2026 06 19 18:06:35.752828,370
,392
,370
,351
,372
,376
,359
,360
,391
,385
,355
,362
,384
,366
2026 06 19 18:06:35.818606,347
,370
,387
,369
,346
,372
,375
,355
,351
,379
,363
,337
,358
,384
2026 06 19 18:06:35.880864,369
,350
,385
,392
,362
,356
,384
,375
,351
,363
,385
,363
,338
,373
2026 06 19 18:06:35.944901,388
,363
,349
,376
,374
,354
,360
,382
,367
,342
,357
,386
,367
,340
2026 06 19 18:06:36.006773,374
,381
,353
,352
,381
,370
,343
,357
,381
,359
,341
,372
,378
,354
2026 06 19 18:06:36.068725,351
,377
,372
,348
,362
,385
,365
,342
,368
,381
,352
,339
,376
,368
2026 06 19 18:06:36.134255,349
,351
,378
,364
,338
,356
,382
,361
,341
,374
,373
,347
,343
,370
2026 06 19 18:06:36.194612,362
,335
,352
,375
,355
,336
,363
,365
,339
,334
,372
,367
,342
,348
2026 06 19 18:06:36.260646,366
,354
,331
,358
,367
,343
,326
,354
,366
,346
,348
,370
,355
,333
2026 06 19 18:06:36.322329,359
,370
,347
,326
,356
,369
,348
,340
,371
,364
,342
,354
,365
,347
2026 06 19 18:06:36.388728,332
,354
,368
,346
,339
,367
,360
,336
,345
,368
,345
,316
,359
,376
2026 06 19 18:06:36.448798,343
,325
,359
,357
,335
,336
,363
,351
,333
,355
,365
,346
,335
,363
2026 06 19 18:06:36.510690,363
,339
,340
,368
,355
,329
,341
,364
,351
,332
,354
,372
,361
,347
2026 06 19 18:06:36.576279,374
,363
,338
,348
,370
,352
,334
,361
,372
,348
,330
,369
,359
,337
2026 06 19 18:06:36.637432,340
,371
,353
,332
,348
,367
,348
,329
,358
,365
,339
,337
,367
,359
2026 06 19 18:06:36.698504,334
,344
,367
,349
,328
,353
,361
,336
,330
,363
,356
,335
,346
,370
2026 06 19 18:06:36.763947,342
,323
,357
,364
,343
,333
,360
,356
,330
,331
,355
,338
,316
,341
2026 06 19 18:06:36.825825,359
,334
,322
,347
,348
,322
,319
,348
,338
,317
,327
,360
,351
,327
2026 06 19 18:06:36.891745,353
,362
,336
,326
,355
,348
,327
,335
,356
,340
,318
,343
,354
,333
2026 06 19 18:06:36.953179,322
,352
,347
,321
,325
,350
,331
,312
,337
,359
,346
,328
,356
,359
2026 06 19 18:06:37.013919,335
,332
,356
,341
,322
,335
,352
,333
,319
,349
,356
,328
,324
,358
2026 06 19 18:06:37.079757,349
,319
,331
,366
,355
,326
,347
,364
,345
,321
,347
,351
,327
,337
2026 06 19 18:06:37.141791,364
,356
,340
,360
,377
,354
,338
,364
,364
,338
,334
,357
,347
,324
2026 06 19 18:06:37.207065,349
,370
,344
,327
,355
,361
,338
,330
,356
,347
,320
,328
,346
,325
2026 06 19 18:06:37.267704,311
,339
,348
,323
,320
,344
,345
,320
,325
,360
,350
,320
,336
,358
2026 06 19 18:06:37.329873,340
,322
,355
,362
,337
,336
,363
,349
,327
,348
,372
,352
,333
,359
2026 06 19 18:06:37.394949,368
,354
,346
,371
,365
,338
,346
,372
,354
,336
,360
,369
,344
,334
2026 06 19 18:06:37.457054,365
,359
,334
,336
,359
,351
,339
,357
,372
,352
,331
,356
,359
,343
2026 06 19 18:06:37.522092,336
,356
,342
,322
,339
,363
,351
,334
,359
,364
,337
,337
,368
,354
2026 06 19 18:06:37.583269,328
,336
,357
,338
,322
,347
,356
,336
,331
,358
,352
,331
,333
,358
2026 06 19 18:06:37.645351,345
,321
,342
,361
,344
,323
,356
,368
,339
,341
,368
,355
,325
,336
2026 06 19 18:06:37.710817,358
,339
,317
,343
,355
,335
,329
,360
,353
,327
,339
,366
,350
,328
2026 06 19 18:06:37.772434,348
,362
,338
,320
,356
,358
,332
,334
,367
,357
,335
,352
,367
,348
2026 06 19 18:06:37.833952,332
,360
,363
,340
,336
,366
,357
,334
,345
,368
,355
,333
,365
,370
2026 06 19 18:06:37.899031,345
,334
,365
,361
,337
,338
,363
,347
,336
,361
,377
,352
,338
,368
2026 06 19 18:06:37.960419,368
,342
,348
,369
,359
,336
,349
,374
,352
,329
,358
,366
,344
,339
2026 06 19 18:06:38.026193,369
,366
,340
,353
,375
,354
,336
,361
,361
,340
,343
,385
,379
,355
2026 06 19 18:06:38.087557,361
,384
,365
,337
,359
,374
,350
,334
,362
,362
,342
,345
,372
,365
2026 06 19 18:06:38.149016,343
,358
,374
,363
,347
,370
,367
,347
,351
,378
,368
,343
,353
,372
2026 06 19 18:06:38.213716,359
,342
,372
,380
,353
,336
,368
,366
,340
,347
,371
,354
,337
,362
2026 06 19 18:06:38.275928,377
,359
,344
,371
,369
,346
,346
,378
,361
,339
,358
,375
,358
,338
2026 06 19 18:06:38.341578,366
,374
,347
,340
,372
,364
,340
,353
,370
,352
,339
,366
,371
,351
2026 06 19 18:06:38.403174,345
,372
,362
,340
,350
,379
,361
,338
,358
,372
,348
,330
,360
,360
2026 06 19 18:06:38.464003,335
,339
,369
,356
,333
,342
,356
,350
,340
,369
,374
,345
,345
,371
2026 06 19 18:06:38.529517,361
,333
,351
,378
,360
,338
,361
,369
,349
,333
,356
,351
,336
,346
2026 06 19 18:06:38.595957,370
,355
,331
,353
,368
,342
,332
,369
,368
,343
,336
,369
,362
,335
2026 06 19 18:06:38.657086,356
,371
,354
,337
,365
,373
,350
,347
,375
,363
,341
,354
,373
,360
2026 06 19 18:06:38.717966,337
,361
,377
,350
,342
,379
,371
,350
,351
,377
,359
,337
,358
,371
2026 06 19 18:06:38.779948,349
,337
,367
,372
,349
,350
,378
,365
,338
,352
,370
,362
,345
,372
2026 06 19 18:06:38.845182,379
,350
,350
,385
,371
,353
,360
,380
,366
,342
,366
,374
,351
,344
2026 06 19 18:06:38.910089,376
,374
,348
,351
,376
,358
,334
,358
,371
,350
,342
,373
,371
,350
2026 06 19 18:06:38.972327,354
,386
,370
,344
,364
,381
,360
,343
,370
,374
,348
,343
,370
,384
2026 06 19 18:06:39.034229,360
,370
,402
,376
,347
,370
,380
,360
,346
,374
,368
,349
,356
,382
2026 06 19 18:06:39.094490,365
,343
,363
,376
,358
,340
,367
,373
,350
,347
,381
,367
,343
,365
2026 06 19 18:06:39.160924,383
,362
,343
,365
,371
,348
,342
,368
,352
,333
,354
,377
,359
,343
2026 06 19 18:06:39.223263,371
,380
,354
,343
,369
,368
,340
,340
,366
,351
,330
,349
,366
,346
2026 06 19 18:06:39.287120,336
,366
,367
,347
,348
,378
,361
,334
,349
,365
,348
,340
,370
,374
2026 06 19 18:06:39.349228,345
,337
,376
,367
,338
,354
,379
,363
,342
,365
,375
,350
,339
,367
2026 06 19 18:06:39.409584,361
,334
,338
,359
,352
,336
,358
,370
,347
,329
,362
,361
,339
,343
2026 06 19 18:06:39.476924,371
,363
,338
,355
,372
,351
,329
,355
,366
,340
,335
,357
,351
,342
2026 06 19 18:06:39.536713,350
,369
,350
,326
,351
,359
,334
,330
,361
,355
,334
,342
,367
,351
2026 06 19 18:06:39.603104,322
,343
,367
,345
,322
,343
,364
,336
,344
,378
,365
,333
,344
,360
2026 06 19 18:06:39.664717,336
,321
,347
,354
,329
,326
,357
,345
,321
,336
,357
,341
,324
,349
2026 06 19 18:06:39.726555,356
,329
,321
,359
,352
,327
,331
,370
,357
,326
,343
,370
,356
,338
2026 06 19 18:06:39.791079,366
,360
,332
,335
,367
,352
,330
,345
,367
,347
,330
,359
,362
,339
2026 06 19 18:06:39.851845,329
,358
,355
,332
,342
,363
,347
,323
,339
,360
,347
,333
,373
,369
2026 06 19 18:06:39.918259,341
,344
,368
,353
,328
,343
,358
,341
,329
,354
,353
,321
,321
,352
2026 06 19 18:06:39.980082,339
,316
,338
,355
,338
,319
,342
,346
,324
,324
,356
,345
,320
,339
2026 06 19 18:06:40.041861,358
,335
,322
,349
,354
,332
,315
,334
,331
,321
,330
,352
,341
,323
2026 06 19 18:06:40.107358,345
,356
,330
,316
,350
,346
,317
,326
,352
,336
,310
,327
,348
,325
2026 06 19 18:06:40.168057,310
,338
,344
,331
,332
,358
,348
,320
,330
,353
,336
,314
,339
,350
2026 06 19 18:06:40.233950,331
,322
,355
,351
,323
,327
,353
,338
,311
,334
,355
,336
,325
,351
2026 06 19 18:06:40.295388,352
,326
,322
,360
,354
,322
,336
,355
,340
,322
,354
,357
,331
,326
2026 06 19 18:06:40.357646,359
,349
,325
,334
,357
,337
,315
,336
,352
,334
,324
,354
,346
,324
2026 06 19 18:06:40.422784,339
,367
,346
,318
,348
,362
,342
,326
,358
,353
,335
,343
,371
,363
2026 06 19 18:06:40.483499,339
,349
,371
,349
,326
,354
,361
,333
,329
,358
,356
,330
,335
,363
2026 06 19 18:06:40.548889,346
,327
,356
,364
,337
,325
,357
,362
,342
,345
,370
,353
,332
,354
2026 06 19 18:06:40.610971,369
,343
,318
,337
,345
,322
,327
,355
,342
,315
,329
,355
,334
,314
2026 06 19 18:06:40.671828,338
,349
,327
,319
,355
,346
,326
,341
,366
,347
,324
,345
,351
,326
2026 06 19 18:06:40.737232,317
,346
,345
,318
,322
,353
,340
,316
,335
,353
,332
,314
,341
,341
2026 06 19 18:06:40.798930,317
,317
,350
,342
,320
,336
,361
,343
,321
,347
,357
,335
,326
,357
2026 06 19 18:06:40.864391,347
,316
,327
,356
,343
,323
,328
,340
,352
,345
,369
,363
,332
,333
2026 06 19 18:06:40.926028,359
,340
,312
,330
,349
,334
,319
,347
,347
,324
,325
,354
,338
,313
2026 06 19 18:06:40.986968,331
,349
,338
,316
,343
,349
,323
,322
,354
,349
,327
,338
,363
,344
2026 06 19 18:06:41.053315,322
,344
,356
,331
,318
,346
,343
,320
,330
,363
,346
,327
,348
,365
2026 06 19 18:06:41.113947,342
,325
,354
,356
,333
,329
,355
,337
,314
,337
,361
,339
,320
,353
2026 06 19 18:06:41.179140,367
,340
,332
,363
,350
,331
,347
,369
,350
,326
,348
,359
,336
,326
2026 06 19 18:06:41.241497,354
,352
,328
,327
,357
,348
,324
,341
,357
,343
,334
,365
,363
,335
2026 06 19 18:06:41.302829,329
,356
,340
,311
,320
,341
,330
,311
,337
,349
,327
,324
,356
,344
2026 06 19 18:06:41.368168,315
,335
,361
,345
,323
,345
,355
,337
,333
,358
,355
,335
,337
,364
2026 06 19 18:06:41.429101,354
,328
,347
,358
,338
,326
,351
,354
,341
,336
,365
,357
,331
,344
2026 06 19 18:06:41.494843,367
,350
,324
,348
,363
,335
,329
,359
,346
,322
,343
,369
,347
,322
2026 06 19 18:06:41.556721,350
,365
,340
,328
,359
,357
,329
,334
,373
,356
,336
,360
,373
,352
2026 06 19 18:06:41.617968,334
,359
,358
,340
,334
,361
,351
,329
,348
,370
,350
,327
,351
,359
2026 06 19 18:06:41.683617,335
,323
,357
,351
,329
,343
,369
,351
,327
,348
,366
,349
,336
,367
2026 06 19 18:06:41.745370,362
,345
,350
,373
,358
,337
,356
,372
,351
,333
,361
,366
,340
,333
2026 06 19 18:06:41.810094,364
,356
,337
,342
,365
,353
,329
,363
,378
,348
,337
,367
,363
,336
2026 06 19 18:06:41.871049,347
,376
,360
,336
,358
,369
,346
,337
,362
,364
,340
,343
,378
,359
2026 06 19 18:06:41.933569,332
,349
,370
,353
,330
,358
,372
,347
,340
,371
,357
,331
,349
,371
2026 06 19 18:06:41.999048,353
,332
,359
,371
,351
,346
,375
,368
,342
,349
,372
,351
,329
,355
2026 06 19 18:06:42.060342,368
,349
,332
,355
,357
,346
,354
,379
,361
,332
,353
,374
,350
,336
2026 06 19 18:06:42.122279,353
,364
,342
,337
,363
,349
,320
,334
,359
,342
,322
,347
,366
,346
2026 06 19 18:06:42.190352,331
,359
,359
,337
,348
,376
,358
,331
,349
,371
,345
,327
,357
,351
2026 06 19 18:06:42.248789,329
,330
,354
,341
,317
,329
,353
,340
,330
,357
,362
,339
,332
,361
2026 06 19 18:06:42.314710,349
,326
,340
,367
,345
,323
,350
,360
,338
,328
,360
,350
,326
,330
2026 06 19 18:06:42.376493,356
,337
,316
,346
,358
,337
,324
,352
,352
,340
,341
,358
,344
,335
2026 06 19 18:06:42.439936,354
,374
,351
,327
,356
,360
,336
,332
,359
,347
,332
,348
,371
,350
2026 06 19 18:06:42.503033,327
,353
,363
,335
,326
,356
,348
,325
,337
,364
,348
,324
,351
,363
2026 06 19 18:06:42.564992,342
,328
,357
,351
,329
,336
,361
,348
,321
,337
,359
,336
,319
,352
2026 06 19 18:06:42.629803,361
,340
,334
,358
,351
,332
,339
,350
,337
,322
,348
,360
,337
,328
2026 06 19 18:06:42.691497,361
,353
,329
,340
,362
,340
,317
,342
,355
,338
,329
,354
,352
,335
2026 06 19 18:06:42.752974,336
,361
,345
,320
,336
,353
,331
,308
,335
,351
,341
,333
,359
,351
2026 06 19 18:06:42.817580,326
,338
,361
,334
,312
,351
,360
,339
,332
,362
,349
,322
,336
,364
2026 06 19 18:06:42.879626,333
,297
,334
,384
,359
,339
,364
,357
,329
,331
,360
,348
,323
,343
2026 06 19 18:06:42.944857,362
,342
,326
,354
,358
,338
,336
,360
,349
,326
,343
,364
,344
,325
2026 06 19 18:06:43.007864,354
,365
,344
,346
,374
,361
,336
,341
,362
,345
,327
,351
,364
,344
2026 06 19 18:06:43.068696,333
,360
,359
,335
,339
,370
,357
,335
,349
,366
,350
,332
,361
,365
2026 06 19 18:06:43.133766,341
,343
,374
,358
,330
,355
,382
,363
,334
,355
,370
,348
,337
,370
2026 06 19 18:06:43.194623,359
,335
,346
,372
,352
,332
,355
,368
,348
,333
,360
,357
,334
,329
2026 06 19 18:06:43.260020,353
,358
,332
,354
,373
,349
,332
,366
,368
,346
,342
,371
,355
,326
2026 06 19 18:06:43.322238,342
,364
,349
,332
,357
,364
,335
,326
,360
,358
,336
,349
,372
,351
2026 06 19 18:06:43.383311,332
,359
,372
,346
,331
,356
,354
,331
,338
,367
,353
,331
,350
,367
2026 06 19 18:06:43.449143,350
,329
,350
,352
,330
,321
,352
,349
,319
,339
,364
,346
,326
,350
2026 06 19 18:06:43.509967,356
,338
,332
,358
,350
,330
,344
,362
,340
,328
,358
,371
,352
,339
2026 06 19 18:06:43.577763,370
,372
,344
,343
,366
,354
,335
,356
,373
,352
,333
,364
,367
,330
2026 06 19 18:06:43.637525,320
,376
,372
,345
,358
,377
,356
,338
,364
,370
,347
,343
,374
,368
2026 06 19 18:06:43.698698,345
,355
,379
,360
,332
,356
,374
,352
,340
,369
,362
,339
,353
,378
2026 06 19 18:06:43.764329,359
,340
,371
,385
,362
,339
,372
,374
,350
,348
,376
,364
,341
,356
2026 06 19 18:06:43.825054,378
,361
,341
,366
,376
,352
,345
,371
,366
,342
,347
,378
,355
,336
2026 06 19 18:06:43.890625,365
,377
,354
,341
,371
,368
,344
,343
,361
,346
,343
,367
,379
,357
2026 06 19 18:06:43.952626,344
,370
,378
,352
,348
,376
,363
,341
,353
,370
,350
,332
,367
,374
2026 06 19 18:06:44.015322,349
,342
,374
,367
,342
,357
,380
,367
,345
,365
,375
,354
,341
,364
2026 06 19 18:06:44.079934,360
,340
,343
,368
,354
,340
,360
,377
,356
,335
,364
,365
,340
,339
2026 06 19 18:06:44.141183,371
,363
,339
,357
,377
,356
,334
,359
,373
,352
,341
,366
,357
,336
2026 06 19 18:06:44.207271,352
,371
,354
,337
,358
,374
,356
,337
,367
,364
,333
,344
,369
,353
2026 06 19 18:06:44.268048,328
,349
,367
,346
,332
,362
,367
,344
,342
,371
,360
,326
,336
,367
2026 06 19 18:06:44.331784,353
,332
,355
,364
,339
,327
,353
,353
,330
,334
,356
,346
,324
,348
2026 06 19 18:06:44.394398,362
,338
,323
,355
,355
,335
,340
,362
,346
,334
,356
,376
,351
,328
2026 06 19 18:06:44.456598,360
,364
,339
,336
,360
,357
,333
,349
,369
,353
,329
,360
,366
,341
2026 06 19 18:06:44.521918,331
,359
,356
,333
,343
,369
,352
,333
,355
,365
,350
,334
,364
,362
2026 06 19 18:06:44.584642,332
,340
,371
,357
,333
,352
,372
,352
,330
,360
,363
,342
,345
,374
2026 06 19 18:06:44.645709,362
,335
,349
,371
,351
,331
,356
,370
,349
,339
,368
,363
,340
,346
2026 06 19 18:06:44.710749,375
,354
,331
,356
,363
,336
,322
,356
,365
,337
,334
,362
,352
,335
2026 06 19 18:06:44.773008,354
,369
,348
,331
,358
,361
,336
,334
,367
,357
,336
,347
,368
,346
2026 06 19 18:06:44.837291,321
,347
,364
,338
,326
,355
,349
,327
,334
,356
,339
,316
,339
,357
2026 06 19 18:06:44.899063,336
,325
,354
,354
,331
,331
,355
,340
,318
,332
,343
,325
,320
,351
2026 06 19 18:06:44.959967,352
,330
,337
,364
,348
,328
,335
,356
,337
,313
,342
,351
,329
,324
2026 06 19 18:06:45.026089,354
,349
,322
,329
,358
,346
,327
,345
,356
,335
,320
,349
,346
,328
2026 06 19 18:06:45.086910,331
,360
,347
,321
,338
,348
,335
,334
,363
,360
,336
,328
,353
,342
2026 06 19 18:06:45.153560,321
,343
,366
,340
,323
,353
,361
,335
,329
,356
,345
,321
,338
,361
2026 06 19 18:06:45.213737,346
,328
,349
,365
,345
,328
,355
,363
,346
,347
,372
,355
,327
,340
2026 06 19 18:06:45.275275,375
,357
,337
,362
,367
,343
,334
,360
,349
,336
,350
,367
,346
,324
2026 06 19 18:06:45.340975,347
,351
,332
,330
,369
,361
,335
,338
,365
,341
,318
,354
,364
,334
2026 06 19 18:06:45.402525,321
,356
,359
,334
,338
,368
,360
,339
,350
,367
,349
,331
,364
,366
2026 06 19 18:06:45.469129,345
,340
,365
,354
,331
,345
,366
,347
,324
,356
,365
,337
,336
,369
2026 06 19 18:06:45.528955,367
,342
,354
,379
,363
,345
,366
,378
,356
,335
,367
,364
,340
,344
2026 06 19 18:06:45.591051,373
,361
,339
,352
,370
,353
,331
,352
,354
,342
,343
,366
,358
,336
2026 06 19 18:06:45.656845,345
,368
,355
,335
,363
,374
,348
,335
,366
,358
,332
,338
,367
,354
2026 06 19 18:06:45.717925,335
,356
,371
,352
,340
,367
,360
,346
,356
,379
,362
,342
,369
,387
2026 06 19 18:06:45.783912,365
,348
,377
,382
,357
,352
,382
,371
,350
,360
,380
,362
,341
,371
2026 06 19 18:06:45.844435,380
,355
,351
,382
,373
,352
,365
,387
,370
,349
,369
,381
,356
,337
2026 06 19 18:06:45.906714,370
,378
,352
,351
,382
,367
,341
,362
,381
,359
,342
,369
,370
,344
2026 06 19 18:06:45.972166,336
,374
,363
,332
,353
,392
,373
,348
,370
,378
,354
,340
,371
,364
2026 06 19 18:06:46.033431,338
,346
,372
,358
,338
,358
,371
,348
,331
,361
,360
,346
,349
,367
2026 06 19 18:06:46.094568,359
,333
,346
,360
,348
,337
,366
,369
,348
,344
,372
,365
,342
,355
2026 06 19 18:06:46.159633,375
,357
,334
,359
,368
,346
,336
,367
,362
,339
,347
,377
,367
,341
2026 06 19 18:06:46.221685,363
,371
,359
,343
,371
,374
,351
,352
,383
,375
,347
,362
,383
,359
2026 06 19 18:06:46.287708,340
,371
,377
,347
,338
,382
,373
,344
,357
,378
,356
,333
,360
,371
2026 06 19 18:06:46.349039,349
,343
,371
,366
,345
,351
,379
,363
,342
,363
,380
,354
,341
,365
2026 06 19 18:06:46.410610,373
,352
,356
,376
,361
,339
,358
,377
,359
,340
,367
,374
,353
,348
2026 06 19 18:06:46.475977,374
,369
,343
,350
,373
,358
,340
,360
,369
,343
,336
,368
,355
,341
2026 06 19 18:06:46.537744,360
,381
,367
,342
,358
,374
,349
,334
,362
,366
,345
,340
,365
,358
2026 06 19 18:06:46.602878,336
,351
,371
,352
,332
,361
,364
,341
,332
,365
,356
,335
,358
,380
2026 06 19 18:06:46.664182,358
,335
,361
,375
,347
,333
,361
,353
,338
,343
,370
,352
,332
,352
2026 06 19 18:06:46.725668,366
,345
,331
,359
,369
,345
,341
,367
,358
,332
,346
,369
,351
,334
2026 06 19 18:06:46.791471,361
,364
,343
,339
,369
,358
,335
,346
,371
,356
,334
,357
,366
,346
2026 06 19 18:06:46.854720,332
,361
,366
,332
,338
,373
,354
,334
,354
,370
,349
,332
,361
,362
2026 06 19 18:06:46.922661,338
,338
,368
,355
,330
,346
,363
,347
,332
,358
,363
,332
,323
,373
2026 06 19 18:06:46.979772,368
,343
,354
,375
,354
,328
,356
,366
,343
,335
,367
,357
,341
,352
2026 06 19 18:06:47.040775,380
,365
,345
,360
,367
,364
,354
,379
,375
,349
,345
,379
,367
,343
2026 06 19 18:06:47.106618,362
,380
,357
,344
,365
,376
,350
,342
,369
,362
,335
,349
,374
,357
2026 06 19 18:06:47.168110,337
,357
,367
,347
,332
,368
,365
,341
,351
,374
,354
,329
,348
,363
2026 06 19 18:06:47.233585,345
,335
,361
,360
,336
,339
,372
,362
,341
,361
,361
,336
,350
,377
2026 06 19 18:06:47.294639,374
,347
,336
,362
,351
,336
,347
,368
,359
,332
,355
,365
,345
,333
2026 06 19 18:06:47.355928,367
,356
,327
,340
,362
,346
,330
,349
,361
,332
,314
,356
,359
,328
2026 06 19 18:06:47.422861,328
,360
,351
,323
,335
,355
,341
,324
,351
,356
,335
,332
,363
,361
2026 06 19 18:06:47.483774,333
,342
,357
,341
,324
,348
,352
,330
,323
,355
,355
,332
,337
,365
2026 06 19 18:06:47.549136,353
,331
,346
,358
,337
,321
,346
,339
,323
,331
,366
,354
,327
,347
2026 06 19 18:06:47.610733,369
,343
,324
,354
,362
,336
,331
,364
,354
,332
,340
,362
,356
,334
2026 06 19 18:06:47.671340,356
,367
,346
,329
,361
,357
,328
,339
,361
,338
,315
,351
,370
,349
2026 06 19 18:06:47.737333,339
,364
,362
,338
,334
,355
,340
,321
,345
,364
,346
,330
,361
,362
2026 06 19 18:06:47.798641,337
,333
,367
,356
,328
,342
,359
,340
,318
,348
,361
,339
,330
,358
2026 06 19 18:06:47.864385,354
,332
,338
,367
,355
,336
,350
,365
,345
,330
,360
,359
,336
,336
2026 06 19 18:06:47.925892,374
,371
,345
,356
,375
,360
,342
,368
,375
,341
,337
,380
,369
,341
2026 06 19 18:06:47.986971,350
,368
,353
,339
,366
,372
,347
,335
,365
,357
,335
,341
,376
,361
2026 06 19 18:06:48.052270,335
,357
,369
,346
,333
,363
,362
,343
,347
,373
,362
,338
,351
,367
2026 06 19 18:06:48.114457,351
,331
,357
,370
,349
,342
,372
,357
,331
,342
,366
,353
,331
,353
2026 06 19 18:06:48.178983,364
,342
,327
,356
,356
,330
,347
,369
,346
,333
,357
,371
,347
,330
2026 06 19 18:06:48.242308,363
,362
,338
,337
,366
,349
,331
,351
,362
,353
,329
,351
,359
,332
2026 06 19 18:06:48.302681,321
,344
,349
,334
,345
,361
,339
,318
,348
,356
,324
,314
,343
,340
2026 06 19 18:06:48.367652,327
,334
,356
,341
,317
,338
,351
,328
,318
,352
,354
,327
,317
,340
2026 06 19 18:06:48.428957,354
,336
,349
,369
,349
,325
,346
,359
,343
,339
,366
,362
,336
,340
2026 06 19 18:06:48.494274,376
,357
,327
,364
,378
,362
,350
,375
,373
,350
,350
,374
,360
,333
2026 06 19 18:06:48.556674,348
,371
,352
,334
,366
,363
,333
,337
,372
,358
,333
,348
,356
,336
2026 06 19 18:06:48.617402,347
,371
,368
,341
,336
,364
,354
,331
,337
,354
,337
,322
,355
,369
2026 06 19 18:06:48.684147,346
,335
,366
,366
,344
,347
,369
,355
,336
,356
,379
,359
,332
,375
2026 06 19 18:06:48.745007,384
,360
,356
,384
,372
,352
,362
,385
,370
,349
,375
,386
,362
,351
2026 06 19 18:06:48.810002,359
,350
,366
,377
,388
,360
,344
,380
,388
,360
,347
,372
,368
,340
2026 06 19 18:06:48.871799,350
,383
,370
,344
,362
,373
,352
,342
,371
,374
,350
,343
,375
,356
2026 06 19 18:06:48.933424,334
,358
,380
,361
,337
,359
,369
,350
,340
,370
,360
,338
,345
,367
2026 06 19 18:06:48.998731,356
,340
,359
,366
,349
,339
,364
,353
,339
,355
,384
,366
,339
,360
2026 06 19 18:06:49.060505,378
,358
,339
,366
,365
,337
,340
,375
,367
,341
,353
,367
,349
,327
2026 06 19 18:06:49.125914,365
,377
,355
,347
,373
,361
,338
,352
,378
,358
,329
,353
,364
,350
2026 06 19 18:06:49.187562,341
,367
,347
,323
,358
,376
,355
,340
,361
,372
,354
,344
,367
,362
2026 06 19 18:06:49.248999,336
,341
,372
,353
,320
,342
,366
,345
,327
,351
,352
,335
,346
,372
2026 06 19 18:06:49.314320,361
,339
,338
,375
,363
,336
,362
,381
,358
,341
,372
,370
,339
,344
2026 06 19 18:06:49.375716,370
,361
,335
,352
,370
,354
,332
,373
,379
,349
,339
,373
,367
,334
2026 06 19 18:06:49.441320,342
,378
,361
,337
,358
,362
,346
,332
,361
,368
,345
,355
,375
,362
2026 06 19 18:06:49.502964,337
,355
,360
,338
,329
,361
,364
,341
,343
,366
,349
,331
,355
,369
2026 06 19 18:06:49.564296,349
,337
,368
,365
,337
,332
,366
,357
,332
,346
,364
,349
,330
,356
2026 06 19 18:06:49.628865,363
,339
,327
,351
,357
,338
,339
,364
,345
,320
,355
,364
,332
,326
2026 06 19 18:06:49.691203,368
,359
,341
,345
,367
,356
,330
,345
,363
,351
,333
,352
,362
,345
2026 06 19 18:06:49.756903,340
,368
,356
,333
,353
,378
,355
,324
,342
,376
,350
,326
,366
,357
2026 06 19 18:06:49.818128,329
,330
,350
,354
,326
,349
,358
,330
,326
,363
,355
,331
,336
,351
2026 06 19 18:06:49.879350,341
,330
,352
,361
,338
,328
,364
,367
,345
,340
,362
,352
,335
,360
2026 06 19 18:06:49.944783,376
,361
,342
,365
,369
,351
,347
,371
,368
,340
,345
,371
,364
,341
2026 06 19 18:06:50.006870,363
,373
,351
,338
,364
,356
,340
,360
,381
,362
,340
,358
,372
,347
2026 06 19 18:06:50.072654,331
,357
,357
,343
,347
,374
,360
,337
,352
,376
,353
,344
,368
,364
2026 06 19 18:06:50.133421,340
,340
,366
,368
,341
,346
,371
,350
,326
,363
,377
,350
,342
,374
2026 06 19 18:06:50.195026,363
,332
,334
,369
,363
,338
,353
,370
,352
,332
,357
,361
,347
,344
2026 06 19 18:06:50.259725,365
,358
,335
,352
,369
,349
,331
,353
,360
,340
,326
,348
,350
,339
2026 06 19 18:06:50.322027,346
,363
,350
,327
,355
,364
,345
,338
,363
,354
,329
,334
,358
,344
2026 06 19 18:06:50.383388,326
,344
,362
,346
,324
,346
,353
,328
,325
,357
,341
,309
,346
,384
2026 06 19 18:06:50.448023,357
,336
,356
,366
,343
,334
,360
,354
,331
,337
,357
,342
,323
,343
2026 06 19 18:06:50.510455,358
,337
,327
,353
,353
,336
,350
,372
,362
,341
,353
,365
,348
,334
2026 06 19 18:06:50.575782,345
,351
,350
,345
,371
,354
,326
,340
,368
,351
,326
,357
,366
,346
2026 06 19 18:06:50.637419,341
,368
,350
,327
,343
,375
,352
,326
,349
,355
,334
,332
,359
,363
2026 06 19 18:06:50.698865,337
,335
,358
,344
,331
,355
,371
,349
,332
,360
,360
,336
,333
,366
2026 06 19 18:06:50.763682,355
,334
,348
,367
,348
,327
,350
,363
,333
,340
,380
,370
,343
,348
2026 06 19 18:06:50.825049,370
,352
,327
,342
,355
,330
,326
,352
,350
,328
,337
,365
,353
,327
2026 06 19 18:06:50.891361,340
,351
,333
,319
,357
,355
,329
,325
,354
,349
,321
,331
,358
,340
2026 06 19 18:06:50.953031,324
,342
,354
,339
,325
,352
,348
,327
,333
,358
,341
,324
,340
,349
2026 06 19 18:06:51.013406,324
,324
,351
,337
,321
,331
,352
,335
,314
,334
,348
,333
,322
,348
2026 06 19 18:06:51.079552,351
,332
,334
,361
,354
,329
,341
,352
,339
,314
,329
,344
,329
,311
2026 06 19 18:06:51.141173,344
,345
,327
,335
,358
,345
,326
,345
,360
,334
,318
,337
,323
,319
2026 06 19 18:06:51.206589,338
,361
,344
,328
,343
,357
,335
,318
,348
,357
,330
,324
,345
,339
2026 06 19 18:06:51.268120,323
,326
,349
,343
,321
,328
,357
,356
,339
,360
,349
,321
,329
,362
2026 06 19 18:06:51.328694,341
,322
,343
,355
,337
,327
,363
,355
,333
,333
,350
,347
,331
,345
2026 06 19 18:06:51.394339,355
,334
,326
,356
,356
,337
,337
,363
,353
,329
,345
,361
,338
,317
2026 06 19 18:06:51.455696,329
,335
,346
,338
,362
,356
,334
,342
,366
,356
,335
,345
,354
,346
2026 06 19 18:06:51.522033,332
,353
,352
,333
,336
,363
,346
,321
,342
,362
,340
,318
,347
,341
2026 06 19 18:06:51.583808,307
,330
,366
,355
,334
,343
,361
,348
,329
,348
,354
,331
,319
,343
2026 06 19 18:06:51.644192,342
,322
,322
,347
,344
,336
,355
,367
,343
,326
,356
,353
,330
,336
2026 06 19 18:06:51.709730,361
,342
,318
,330
,348
,327
,307
,334
,327
,301
,331
,372
,357
,330
2026 06 19 18:06:51.772031,344
,360
,340
,319
,342
,350
,331
,326
,354
,347
,330
,336
,365
,352
2026 06 19 18:06:51.837412,327
,340
,348
,346
,333
,353
,355
,340
,339
,363
,349
,332
,346
,364
2026 06 19 18:06:51.900666,347
,329
,352
,353
,333
,328
,356
,343
,325
,344
,361
,342
,329
,360
2026 06 19 18:06:51.959720,367
,345
,339
,366
,357
,331
,336
,356
,341
,324
,354
,367
,350
,336
2026 06 19 18:06:52.025842,363
,359
,332
,338
,366
,353
,327
,338
,356
,336
,317
,346
,360
,344
2026 06 19 18:06:52.086949,341
,365
,357
,336
,347
,359
,341
,321
,336
,350
,334
,323
,360
,353
2026 06 19 18:06:52.152528,329
,336
,357
,339
,317
,343
,358
,338
,322
,351
,352
,330
,332
,358
2026 06 19 18:06:52.213523,351
,332
,346
,362
,342
,323
,353
,353
,332
,333
,357
,347
,325
,340
2026 06 19 18:06:52.275838,358
,337
,301
,341
,380
,352
,335
,365
,354
,330
,334
,362
,342
,320
2026 06 19 18:06:52.340364,346
,361
,339
,320
,340
,353
,332
,335
,371
,354
,332
,349
,365
,345
2026 06 19 18:06:52.402306,330
,356
,361
,346
,344
,371
,359
,337
,350
,368
,347
,326
,353
,362
2026 06 19 18:06:52.468800,342
,332
,361
,353
,332
,343
,368
,358
,338
,354
,366
,342
,327
,354
2026 06 19 18:06:52.529028,352
,328
,339
,362
,348
,330
,347
,364
,344
,324
,347
,360
,336
,329
2026 06 19 18:06:52.591564,356
,342
,319
,337
,361
,339
,320
,357
,371
,343
,325
,358
,355
,332
2026 06 19 18:06:52.656613,344
,364
,343
,322
,345
,360
,343
,327
,355
,346
,322
,335
,364
,354
2026 06 19 18:06:52.717906,326
,339
,356
,335
,321
,359
,364
,341
,337
,364
,355
,333
,344
,360
2026 06 19 18:06:52.783471,336
,320
,353
,363
,341
,330
,358
,353
,332
,348
,369
,351
,326
,352
2026 06 19 18:06:52.844638,373
,355
,339
,363
,360
,338
,342
,372
,359
,334
,351
,366
,347
,331
2026 06 19 18:06:52.906542,360
,358
,334
,331
,359
,351
,334
,349
,367
,349
,331
,357
,366
,345
2026 06 19 18:06:52.971895,339
,369
,363
,339
,346
,366
,355
,332
,358
,369
,347
,336
,366
,365
2026 06 19 18:06:53.035329,339
,340
,369
,356
,333
,348
,360
,343
,328
,354
,368
,348
,343
,362
2026 06 19 18:06:53.098378,367
,352
,357
,372
,359
,339
,366
,374
,351
,338
,372
,365
,335
,347
2026 06 19 18:06:53.159828,380
,363
,341
,360
,370
,343
,332
,363
,362
,340
,346
,371
,356
,338
2026 06 19 18:06:53.221895,356
,372
,354
,332
,357
,368
,349
,345
,371
,359
,336
,351
,370
,351
2026 06 19 18:06:53.286971,333
,357
,374
,353
,344
,372
,367
,341
,347
,371
,356
,339
,365
,375
2026 06 19 18:06:53.348537,351
,340
,364
,362
,348
,349
,375
,365
,345
,359
,375
,358
,340
,364
2026 06 19 18:06:53.413905,371
,351
,349
,378
,366
,342
,354
,368
,349
,330
,353
,360
,325
,327
2026 06 19 18:06:53.475805,372
,370
,339
,346
,385
,369
,346
,366
,373
,349
,329
,357
,356
,338
2026 06 19 18:06:53.536594,340
,366
,343
,328
,354
,368
,351
,338
,368
,375
,350
,342
,368
,360
2026 06 19 18:06:53.601869,336
,350
,373
,357
,335
,358
,365
,349
,343
,372
,364
,346
,351
,372
2026 06 19 18:06:53.663306,348
,345
,376
,381
,354
,341
,367
,376
,353
,349
,376
,362
,339
,356
2026 06 19 18:06:53.729687,375
,358
,342
,367
,373
,354
,346
,378
,369
,343
,355
,375
,357
,331
2026 06 19 18:06:53.792316,354
,368
,351
,345
,372
,366
,346
,354
,375
,360
,339
,362
,370
,345
2026 06 19 18:06:53.852686,335
,369
,367
,343
,342
,369
,353
,327
,347
,365
,351
,333
,359
,364
2026 06 19 18:06:53.917781,344
,339
,364
,367
,345
,361
,384
,364
,341
,367
,371
,349
,341
,368
2026 06 19 18:06:53.979625,362
,343
,351
,377
,361
,336
,362
,372
,354
,345
,371
,363
,340
,352
2026 06 19 18:06:54.045046,383
,362
,331
,350
,362
,345
,327
,369
,371
,348
,349
,371
,370
,341
2026 06 19 18:06:54.106941,354
,371
,359
,345
,367
,371
,346
,336
,366
,363
,342
,349
,369
,342
2026 06 19 18:06:54.168031,331
,370
,379
,356
,336
,362
,360
,347
,347
,372
,364
,340
,354
,367
2026 06 19 18:06:54.233480,349
,333
,359
,360
,337
,330
,355
,360
,331
,344
,366
,352
,334
,360
2026 06 19 18:06:54.295034,370
,348
,338
,365
,359
,328
,333
,368
,346
,331
,350
,365
,346
,332
2026 06 19 18:06:54.355640,359
,357
,333
,337
,366
,355
,330
,347
,363
,341
,321
,346
,345
,332
2026 06 19 18:06:54.423009,323
,362
,370
,341
,347
,368
,354
,333
,354
,360
,339
,334
,365
,356
2026 06 19 18:06:54.483258,331
,337
,363
,346
,317
,337
,370
,348
,338
,376
,373
,344
,345
,373
2026 06 19 18:06:54.548834,358
,334
,349
,363
,344
,328
,352
,352
,328
,326
,352
,334
,327
,352
2026 06 19 18:06:54.609970,369
,354
,335
,363
,366
,344
,341
,371
,361
,335
,343
,366
,352
,326
2026 06 19 18:06:54.671702,344
,377
,361
,347
,372
,367
,345
,348
,373
,363
,337
,352
,368
,349
2026 06 19 18:06:54.737314,333
,362
,368
,348
,345
,374
,361
,337
,350
,361
,351
,331
,356
,374
2026 06 19 18:06:54.799081,355
,353
,383
,375
,351
,362
,382
,366
,341
,359
,369
,349
,335
,368
2026 06 19 18:06:54.863347,364
,340
,344
,357
,352
,341
,358
,376
,359
,344
,361
,365
,349
,339
2026 06 19 18:06:54.925160,368
,367
,336
,346
,381
,361
,338
,357
,360
,338
,333
,365
,358
,334
2026 06 19 18:06:54.990102,338
,361
,347
,329
,350
,359
,346
,337
,354
,355
,343
,347
,366
,349
2026 06 19 18:06:55.052068,334
,351
,367
,346
,330
,356
,358
,337
,340
,365
,354
,333
,343
,358
2026 06 19 18:06:55.113528,342
,320
,346
,356
,337
,332
,360
,351
,345
,364
,382
,366
,341
,353
2026 06 19 18:06:55.178825,363
,343
,331
,357
,355
,331
,334
,365
,356
,335
,354
,368
,348
,334
2026 06 19 18:06:55.240622,347
,342
,324
,338
,368
,355
,330
,342
,360
,345
,331
,356
,363
,341
2026 06 19 18:06:55.302048,332
,361
,352
,329
,337
,359
,348
,331
,353
,364
,345
,331
,363
,364
2026 06 19 18:06:55.367523,340
,335
,344
,343
,339
,360
,371
,349
,330
,358
,365
,345
,343
,371
2026 06 19 18:06:55.428980,360
,336
,352
,372
,350
,330
,353
,356
,329
,321
,363
,355
,337
,347
2026 06 19 18:06:55.494952,367
,349
,333
,360
,365
,341
,325
,353
,355
,332
,341
,366
,348
,321
2026 06 19 18:06:55.556790,350
,370
,343
,323
,358
,361
,337
,336
,363
,351
,324
,333
,350
,342
2026 06 19 18:06:55.617863,327
,346
,373
,349
,335
,363
,364
,336
,340
,364
,357
,329
,345
,360
2026 06 19 18:06:55.683452,336
,319
,356
,357
,339
,344
,370
,358
,334
,355
,369
,342
,329
,369
2026 06 19 18:06:55.744008,360
,339
,341
,370
,361
,340
,351
,373
,355
,335
,360
,367
,347
,335
2026 06 19 18:06:55.809691,363
,354
,328
,350
,370
,354
,333
,349
,372
,355
,339
,379
,366
,342
2026 06 19 18:06:55.871653,348
,370
,359
,336
,349
,367
,357
,340
,365
,367
,339
,333
,361
,351
2026 06 19 18:06:55.932717,329
,347
,378
,357
,338
,356
,361
,334
,323
,363
,355
,335
,343
,365
2026 06 19 18:06:55.998807,345
,327
,349
,361
,340
,330
,359
,357
,336
,339
,361
,349
,328
,344
2026 06 19 18:06:56.060619,362
,344
,327
,354
,358
,337
,338
,367
,356
,339
,355
,374
,353
,336
2026 06 19 18:06:56.125270,361
,363
,336
,326
,361
,356
,320
,325
,368
,350
,342
,366
,372
,348
2026 06 19 18:06:56.187426,335
,360
,347
,324
,339
,361
,348
,324
,341
,359
,343
,324
,355
,357
2026 06 19 18:06:56.247908,337
,339
,361
,349
,320
,338
,369
,350
,320
,348
,369
,348
,344
,370
2026 06 19 18:06:56.314446,362
,340
,351
,369
,359
,337
,351
,369
,353
,338
,363
,367
,351
,354
2026 06 19 18:06:56.375601,374
,358
,331
,344
,361
,336
,323
,348
,352
,331
,334
,368
,362
,342
2026 06 19 18:06:56.442040,361
,387
,365
,341
,360
,366
,337
,332
,365
,355
,329
,335
,360
,354
2026 06 19 18:06:56.502301,335
,355
,369
,351
,328
,353
,362
,337
,339
,370
,357
,333
,352
,369
2026 06 19 18:06:56.563615,351
,338
,364
,360
,337
,339
,367
,352
,329
,338
,368
,356
,332
,351
2026 06 19 18:06:56.629099,354
,329
,332
,353
,347
,321
,333
,355
,343
,328
,352
,363
,347
,334
2026 06 19 18:06:56.691059,363
,353
,328
,329
,356
,339
,314
,329
,344
,338
,323
,351
,358
,337
2026 06 19 18:06:56.755734,336
,364
,353
,327
,337
,358
,341
,323
,349
,361
,336
,331
,359
,342
2026 06 19 18:06:56.817067,328
,344
,366
,346
,323
,345
,353
,338
,336
,359
,355
,334
,335
,366
2026 06 19 18:06:56.878928,349
,325
,339
,355
,339
,323
,352
,348
,324
,323
,350
,341
,319
,335
2026 06 19 18:06:56.945041,354
,334
,313
,344
,352
,330
,324
,354
,354
,330
,338
,364
,341
,316
2026 06 19 18:06:57.005965,342
,352
,334
,325
,345
,325
,335
,361
,381
,357
,332
,348
,363
,346
2026 06 19 18:06:57.072307,330
,354
,356
,338
,332
,358
,344
,324
,334
,354
,332
,299
,358
,377
2026 06 19 18:06:57.133416,348
,339
,364
,355
,330
,344
,371
,350
,326
,346
,353
,332
,317
,345
2026 06 19 18:06:57.194913,360
,340
,337
,358
,349
,326
,352
,375
,350
,329
,350
,343
,317
,316
2026 06 19 18:06:57.259091,344
,331
,311
,325
,342
,327
,312
,343
,361
,342
,327
,347
,336
,319
2026 06 19 18:06:57.321962,328
,351
,338
,312
,325
,347
,330
,316
,342
,337
,316
,323
,347
,332
2026 06 19 18:06:57.386927,308
,326
,342
,325
,311
,334
,340
,323
,325
,352
,337
,306
,318
,342
2026 06 19 18:06:57.449044,330
,320
,342
,345
,323
,325
,354
,342
,320
,333
,359
,343
,314
,336
2026 06 19 18:06:57.509712,343
,323
,319
,347
,344
,322
,323
,340
,324
,322
,331
,342
,324
,313
2026 06 19 18:06:57.575690,336
,333
,316
,312
,340
,329
,308
,322
,349
,331
,318
,339
,342
,322
2026 06 19 18:06:57.637949,316
,342
,332
,308
,316
,336
,327
,307
,331
,336
,317
,314
,341
,337
2026 06 19 18:06:57.703361,316
,320
,344
,327
,305
,328
,345
,326
,308
,338
,343
,324
,324
,352
2026 06 19 18:06:57.764150,331
,294
,314
,358
,359
,342
,358
,359
,335
,324
,355
,351
,330
,347
2026 06 19 18:06:57.824866,374
,353
,331
,351
,364
,341
,325
,358
,358
,326
,315
,359
,370
,339
2026 06 19 18:06:57.890977,356
,378
,355
,333
,363
,366
,341
,341
,369
,356
,333
,350
,370
,357
2026 06 19 18:06:57.952624,341
,365
,372
,353
,344
,373
,368
,344
,352
,376
,360
,338
,363
,375
2026 06 19 18:06:58.013515,355
,336
,348
,361
,365
,374
,397
,375
,346
,359
,384
,363
,345
,371
2026 06 19 18:06:58.079674,371
,353
,350
,376
,363
,341
,354
,364
,352
,339
,350
,376
,353
,343
2026 06 19 18:06:58.140348,371
,361
,348
,366
,385
,367
,345
,368
,379
,355
,337
,381
,377
,349
2026 06 19 18:06:58.207000,348
,384
,370
,342
,365
,387
,363
,340
,369
,378
,364
,353
,385
,371
2026 06 19 18:06:58.269099,343
,366
,387
,373
,349
,369
,371
,354
,354
,379
,372
,348
,358
,382
2026 06 19 18:06:58.329193,366
,345
,371
,383
,363
,348
,383
,385
,356
,353
,382
,373
,351
,365
2026 06 19 18:06:58.394871,374
,355
,345
,372
,375
,353
,354
,382
,369
,347
,362
,382
,364
,342
2026 06 19 18:06:58.455980,372
,381
,361
,350
,377
,371
,351
,360
,387
,371
,346
,366
,379
,356
2026 06 19 18:06:58.520993,342
,371
,375
,354
,359
,385
,372
,349
,372
,388
,365
,348
,376
,375
2026 06 19 18:06:58.583450,350
,351
,378
,368
,345
,363
,380
,364
,348
,378
,383
,364
,357
,383
2026 06 19 18:06:58.644466,371
,347
,347
,369
,357
,333
,376
,402
,376
,356
,386
,380
,361
,364
2026 06 19 18:06:58.709577,391
,373
,344
,359
,374
,355
,347
,369
,378
,359
,355
,380
,363
,338
2026 06 19 18:06:58.771645,359
,374
,358
,341
,362
,371
,354
,344
,372
,365
,346
,362
,382
,363
2026 06 19 18:06:58.837158,341
,363
,373
,347
,341
,370
,374
,351
,352
,374
,359
,341
,361
,378
2026 06 19 18:06:58.897524,357
,336
,363
,367
,342
,339
,375
,366
,344
,358
,374
,351
,333
,364
2026 06 19 18:06:58.959566,371
,343
,331
,364
,375
,345
,352
,373
,357
,336
,363
,372
,355
,344
2026 06 19 18:06:59.025768,371
,368
,342
,351
,373
,361
,347
,359
,370
,352
,340
,366
,372
,355
2026 06 19 18:06:59.086766,351
,376
,366
,343
,356
,372
,351
,331
,354
,364
,347
,341
,359
,345
2026 06 19 18:06:59.152343,336
,340
,365
,360
,337
,361
,373
,348
,333
,361
,357
,333
,334
,368
2026 06 19 18:06:59.213475,355
,330
,347
,362
,340
,327
,359
,357
,328
,333
,361
,358
,342
,358
2026 06 19 18:06:59.275448,380
,360
,334
,356
,364
,341
,333
,364
,357
,334
,338
,357
,341
,319
2026 06 19 18:06:59.340753,346
,366
,359
,344
,367
,376
,348
,347
,370
,355
,328
,350
,367
,345
2026 06 19 18:06:59.401859,329
,361
,365
,339
,331
,354
,360
,346
,360
,374
,351
,326
,345
,362
2026 06 19 18:06:59.467974,343
,339
,369
,362
,334
,340
,361
,348
,326
,350
,364
,337
,328
,357
2026 06 19 18:06:59.528753,356
,333
,342
,375
,359
,334
,359
,373
,349
,331
,358
,363
,337
,333
2026 06 19 18:06:59.590926,360
,350
,328
,344
,364
,346
,327
,342
,353
,353
,335
,358
,349
,321
2026 06 19 18:06:59.655501,325
,355
,347
,321
,346
,364
,345
,330
,358
,356
,331
,332
,356
,342
2026 06 19 18:06:59.717592,324
,344
,364
,346
,325
,355
,357
,334
,334
,361
,346
,331
,359
,371
2026 06 19 18:06:59.783324,341
,328
,358
,367
,340
,332
,357
,355
,342
,348
,373
,352
,335
,351
2026 06 19 18:06:59.844303,362
,338
,326
,353
,352
,332
,336
,365
,355
,330
,346
,364
,346
,332
2026 06 19 18:06:59.905686,360
,362
,332
,335
,361
,346
,319
,335
,360
,341
,324
,358
,365
,340
2026 06 19 18:06:59.972037,332
,356
,354
,333
,340
,360
,341
,322
,360
,378
,354
,342
,370
,366
2026 06 19 18:07:00.033012,339
,335
,368
,351
,328
,345
,377
,359
,337
,364
,366
,346
,351
,375
2026 06 19 18:07:00.098660,357
,331
,348
,370
,350
,330
,354
,359
,339
,330
,358
,354
,332
,340
2026 06 19 18:07:00.159587,362
,346
,324
,349
,360
,339
,323
,350
,348
,328
,329
,360
,353
,331
2026 06 19 18:07:00.221002,348
,365
,345
,322
,347
,348
,323
,323
,356
,345
,327
,346
,360
,343
2026 06 19 18:07:00.286970,319
,342
,351
,326
,317
,349
,339
,318
,329
,352
,336
,312
,340
,358
2026 06 19 18:07:00.348761,339
,330
,361
,361
,335
,338
,367
,355
,330
,343
,357
,338
,321
,347
2026 06 19 18:07:00.414125,349
,321
,325
,358
,351
,334
,346
,363
,343
,317
,337
,353
,331
,320
2026 06 19 18:07:00.475693,350
,352
,331
,338
,359
,344
,319
,341
,351
,328
,325
,355
,352
,332
2026 06 19 18:07:00.536585,337
,364
,352
,331
,347
,361
,342
,327
,350
,360
,339
,330
,353
,343
2026 06 19 18:07:00.602627,322
,336
,355
,336
,311
,338
,358
,342
,323
,359
,342
,327
,360
,381
2026 06 19 18:07:00.664143,363
,328
,342
,358
,342
,324
,350
,350
,326
,329
,354
,340
,318
,333
2026 06 19 18:07:00.728929,351
,334
,323
,352
,354
,333
,330
,359
,347
,323
,341
,360
,338
,319
2026 06 19 18:07:00.791145,346
,356
,335
,328
,360
,352
,331
,337
,361
,348
,327
,346
,354
,331
2026 06 19 18:07:00.852007,320
,354
,351
,329
,331
,361
,350
,328
,347
,356
,335
,331
,359
,358
2026 06 19 18:07:00.917797,337
,337
,362
,351
,329
,345
,363
,347
,332
,357
,361
,341
,332
,358
2026 06 19 18:07:00.979183,351
,329
,333
,355
,344
,325
,347
,362
,346
,332
,363
,365
,341
,344
2026 06 19 18:07:01.044324,369
,354
,334
,351
,371
,354
,335
,361
,365
,349
,348
,375
,364
,347
2026 06 19 18:07:01.105245,359
,371
,353
,335
,361
,368
,345
,338
,367
,365
,346
,356
,380
,358
2026 06 19 18:07:01.170153,337
,358
,368
,346
,338
,364
,357
,342
,345
,372
,356
,333
,357
,376
2026 06 19 18:07:01.232853,355
,340
,369
,370
,350
,347
,373
,357
,332
,348
,371
,354
,341
,367
2026 06 19 18:07:01.294858,375
,350
,347
,375
,363
,337
,341
,368
,362
,349
,371
,381
,359
,347
2026 06 19 18:07:01.360323,379
,375
,352
,353
,380
,362
,339
,362
,385
,357
,345
,376
,374
,352
2026 06 19 18:07:01.421425,357
,381
,371
,354
,357
,375
,364
,346
,367
,371
,344
,344
,376
,366
2026 06 19 18:07:01.482385,347
,358
,378
,362
,339
,359
,374
,354
,345
,367
,368
,350
,351
,373
2026 06 19 18:07:01.548911,359
,342
,363
,369
,349
,335
,370
,370
,350
,349
,377
,368
,346
,356
2026 06 19 18:07:01.610096,374
,369
,356
,382
,384
,360
,345
,370
,365
,341
,354
,379
,363
,348
2026 06 19 18:07:01.675295,372
,383
,361
,347
,375
,369
,342
,345
,369
,356
,334
,350
,364
,342
2026 06 19 18:07:01.737377,323
,356
,360
,317
,351
,393
,373
,346
,355
,371
,347
,326
,352
,361
2026 06 19 18:07:01.798971,337
,320
,351
,359
,336
,353
,384
,367
,341
,360
,374
,352
,337
,366
2026 06 19 18:07:01.865780,361
,335
,342
,374
,355
,343
,361
,371
,356
,336
,362
,364
,345
,340
2026 06 19 18:07:01.925511,369
,355
,328
,345
,368
,354
,336
,356
,356
,321
,324
,373
,357
,329
2026 06 19 18:07:01.990098,338
,365
,351
,328
,352
,364
,340
,324
,372
,363
,338
,347
,375
,355
2026 06 19 18:07:02.051800,332
,348
,367
,348
,328
,358
,368
,341
,336
,365
,360
,342
,346
,364
2026 06 19 18:07:02.116872,349
,335
,357
,365
,335
,323
,367
,355
,330
,337
,357
,339
,327
,346
2026 06 19 18:07:02.178795,349
,325
,315
,343
,345
,323
,326
,353
,345
,317
,332
,344
,323
,309
2026 06 19 18:07:02.240981,330
,333
,318
,312
,341
,324
,314
,341
,357
,337
,315
,337
,343
,319
2026 06 19 18:07:02.302361,304
,331
,322
,299
,310
,338
,328
,305
,320
,334
,317
,311
,343
,345
2026 06 19 18:07:02.368769,320
,319
,346
,332
,308
,323
,336
,312
,293
,328
,330
,306
,309
,339
2026 06 19 18:07:02.428827,324
,297
,309
,336
,319
,297
,316
,329
,312
,309
,338
,330
,307
,313
2026 06 19 18:07:02.494484,342
,330
,300
,322
,332
,309
,292
,321
,324
,309
,304
,331
,324
,304
2026 06 19 18:07:02.556361,322
,340
,320
,306
,322
,324
,314
,323
,349
,337
,314
,321
,347
,329
2026 06 19 18:07:02.617756,311
,346
,357
,337
,323
,355
,345
,325
,331
,355
,338
,315
,338
,353
2026 06 19 18:07:02.684076,334
,321
,353
,361
,333
,335
,351
,330
,313
,351
,367
,347
,325
,358
2026 06 19 18:07:02.743976,361
,338
,336
,365
,359
,333
,349
,368
,349
,327
,350
,360
,339
,330
2026 06 19 18:07:02.810324,361
,349
,340
,351
,380
,360
,332
,356
,370
,346
,335
,363
,363
,340
2026 06 19 18:07:02.870945,346
,376
,366
,345
,362
,379
,357
,344
,369
,363
,345
,356
,382
,376
2026 06 19 18:07:02.933844,355
,367
,388
,370
,351
,373
,379
,361
,355
,380
,374
,348
,351
,381
2026 06 19 18:07:02.997738,364
,342
,367
,381
,361
,349
,382
,378
,364
,365
,397
,379
,352
,371
2026 06 19 18:07:03.059680,393
,369
,350
,377
,377
,352
,347
,381
,369
,347
,368
,380
,363
,349
2026 06 19 18:07:03.125296,377
,382
,365
,355
,382
,374
,361
,367
,388
,365
,357
,379
,387
,365
2026 06 19 18:07:03.186808,352
,378
,373
,354
,358
,383
,370
,341
,355
,390
,371
,353
,376
,375
2026 06 19 18:07:03.247695,351
,335
,376
,379
,354
,365
,386
,363
,345
,374
,377
,351
,351
,373
2026 06 19 18:07:03.313916,373
,348
,349
,375
,362
,337
,360
,368
,350
,340
,366
,374
,355
,350
2026 06 19 18:07:03.375116,374
,363
,337
,357
,380
,359
,338
,364
,365
,346
,343
,380
,366
,342
2026 06 19 18:07:03.441135,359
,374
,352
,335
,358
,368
,344
,340
,369
,363
,347
,347
,369
,359
2026 06 19 18:07:03.501584,341
,362
,380
,358
,340
,368
,367
,348
,349
,381
,371
,344
,359
,377
2026 06 19 18:07:03.563690,364
,352
,369
,374
,347
,341
,376
,368
,348
,360
,378
,364
,348
,368
2026 06 19 18:07:03.628901,377
,357
,348
,375
,369
,350
,353
,380
,367
,344
,364
,390
,369
,350
2026 06 19 18:07:03.691075,377
,375
,352
,352
,379
,364
,342
,358
,384
,372
,347
,373
,388
,366
2026 06 19 18:07:03.756301,355
,381
,380
,350
,369
,393
,367
,346
,372
,384
,354
,345
,372
,367
2026 06 19 18:07:03.817903,349
,352
,378
,363
,343
,356
,370
,358
,346
,373
,375
,355
,356
,382
2026 06 19 18:07:03.878903,374
,348
,362
,379
,358
,338
,364
,372
,351
,349
,374
,364
,338
,354
2026 06 19 18:07:03.944560,377
,366
,347
,378
,374
,356
,356
,383
,378
,356
,363
,388
,377
,352
2026 06 19 18:07:04.005722,369
,383
,366
,353
,377
,375
,348
,349
,377
,364
,345
,360
,380
,367
2026 06 19 18:07:04.071316,348
,372
,381
,355
,343
,368
,360
,339
,345
,366
,347
,325
,352
,375
2026 06 19 18:07:04.133981,353
,340
,371
,374
,345
,356
,387
,367
,340
,353
,367
,352
,338
,364
2026 06 19 18:07:04.195791,364
,347
,346
,382
,371
,346
,357
,373
,352
,332
,355
,365
,356
,348
2026 06 19 18:07:04.262531,376
,365
,339
,345
,371
,358
,339
,367
,376
,353
,338
,362
,361
,343
2026 06 19 18:07:04.321686,342
,369
,359
,333
,354
,375
,355
,337
,362
,372
,350
,339
,366
,358
2026 06 19 18:07:04.386620,343
,362
,379
,362
,338
,357
,368
,345
,334
,362
,356
,331
,337
,368
2026 06 19 18:07:04.447521,346
,331
,363
,374
,355
,344
,373
,367
,347
,352
,375
,357
,333
,359
2026 06 19 18:07:04.509787,379
,363
,346
,371
,375
,345
,351
,380
,366
,343
,362
,381
,361
,333
2026 06 19 18:07:04.575490,365
,377
,353
,346
,377
,378
,348
,357
,388
,368
,341
,359
,372
,355
2026 06 19 18:07:04.636860,347
,371
,371
,348
,353
,378
,357
,331
,357
,376
,354
,335
,365
,370
2026 06 19 18:07:04.702823,347
,347
,371
,354
,339
,357
,376
,354
,336
,359
,365
,342
,340
,367
2026 06 19 18:07:04.763873,358
,334
,341
,371
,351
,333
,358
,366
,347
,336
,363
,360
,338
,339
2026 06 19 18:07:04.825602,365
,352
,326
,337
,366
,348
,330
,354
,360
,334
,332
,366
,354
,327
2026 06 19 18:07:04.891285,344
,371
,347
,320
,351
,371
,347
,342
,372
,356
,332
,346
,366
,344
2026 06 19 18:07:04.952816,325
,343
,353
,335
,320
,352
,347
,328
,333
,353
,345
,322
,349
,361
2026 06 19 18:07:05.016829,339
,327
,350
,348
,320
,318
,349
,338
,317
,339
,356
,336
,321
,346
2026 06 19 18:07:05.080446,354
,334
,330
,356
,343
,320
,327
,347
,337
,314
,345
,353
,330
,320
2026 06 19 18:07:05.141392,352
,346
,315
,324
,355
,340
,314
,339
,359
,342
,331
,357
,362
,342
2026 06 19 18:07:05.206517,334
,353
,350
,325
,343
,362
,345
,325
,348
,353
,329
,323
,361
,346
2026 06 19 18:07:05.267143,330
,343
,368
,351
,328
,349
,368
,358
,340
,363
,358
,335
,345
,376
2026 06 19 18:07:05.333203,360
,334
,351
,366
,345
,327
,356
,357
,332
,324
,352
,351
,330
,343
2026 06 19 18:07:05.394405,376
,366
,338
,354
,364
,355
,345
,370
,358
,330
,340
,366
,350
,331
2026 06 19 18:07:05.455289,354
,365
,343
,332
,358
,353
,336
,351
,375
,360
,329
,349
,364
,352
2026 06 19 18:07:05.521694,334
,360
,369
,347
,348
,371
,365
,347
,357
,373
,353
,328
,352
,365
2026 06 19 18:07:05.583153,345
,340
,374
,364
,337
,346
,371
,359
,340
,356
,367
,348
,333
,359
2026 06 19 18:07:05.648765,360
,343
,347
,369
,361
,344
,360
,369
,350
,343
,369
,369
,342
,334
2026 06 19 18:07:05.710113,364
,361
,336
,352
,373
,357
,336
,362
,373
,357
,343
,367
,358
,333
2026 06 19 18:07:05.770996,349
,376
,352
,323
,346
,367
,349
,335
,365
,369
,341
,338
,361
,355
2026 06 19 18:07:05.837213,342
,350
,371
,354
,334
,365
,364
,335
,328
,371
,359
,337
,347
,370
2026 06 19 18:07:05.898906,353
,331
,358
,368
,351
,346
,364
,367
,346
,350
,372
,356
,337
,352
2026 06 19 18:07:05.964011,366
,337
,323
,359
,360
,335
,339
,366
,352
,332
,350
,373
,360
,333
2026 06 19 18:07:06.025342,357
,367
,337
,335
,370
,361
,341
,358
,370
,355
,333
,360
,379
,357
2026 06 19 18:07:06.086738,342
,369
,367
,339
,345
,367
,348
,330
,350
,361
,345
,332
,358
,359
2026 06 19 18:07:06.154699,338
,334
,359
,344
,323
,343
,359
,344
,324
,356
,365
,340
,338
,364
2026 06 19 18:07:06.213887,354
,326
,342
,360
,335
,323
,345
,355
,331
,323
,354
,352
,328
,334
2026 06 19 18:07:06.275454,360
,339
,321
,337
,351
,332
,333
,362
,358
,339
,343
,368
,353
,331
2026 06 19 18:07:06.339754,347
,357
,343
,324
,352
,357
,333
,319
,349
,347
,321
,337
,354
,337
2026 06 19 18:07:06.401516,316
,348
,362
,338
,328
,358
,348
,329
,331
,345
,344
,328
,343
,358
2026 06 19 18:07:06.467785,342
,329
,362
,364
,336
,333
,359
,348
,320
,334
,365
,354
,336
,366
2026 06 19 18:07:06.529278,369
,347
,336
,370
,367
,342
,348
,369
,360
,340
,355
,363
,349
,337
2026 06 19 18:07:06.590646,362
,362
,335
,342
,371
,361
,343
,356
,365
,340
,323
,351
,352
,328
2026 06 19 18:07:06.655913,330
,358
,347
,327
,338
,355
,340
,315
,336
,339
,319
,315
,340
,337
2026 06 19 18:07:06.716834,326
,333
,358
,343
,318
,340
,359
,342
,331
,358
,360
,338
,341
,367
2026 06 19 18:07:06.782952,346
,320
,337
,359
,340
,316
,338
,361
,342
,335
,361
,350
,333
,347
2026 06 19 18:07:06.844501,365
,346
,327
,351
,354
,331
,326
,352
,345
,322
,336
,361
,341
,322
2026 06 19 18:07:06.905998,344
,353
,329
,317
,344
,344
,326
,327
,352
,339
,320
,337
,352
,336
2026 06 19 18:07:06.972754,318
,334
,336
,326
,335
,360
,348
,321
,342
,362
,333
,313
,346
,348
2026 06 19 18:07:07.033040,327
,320
,349
,346
,329
,341
,361
,345
,325
,350
,366
,347
,336
,362
2026 06 19 18:07:07.098548,356
,338
,338
,356
,341
,335
,352
,364
,344
,323
,350
,364
,348
,343
2026 06 19 18:07:07.158866,368
,353
,330
,346
,363
,348
,328
,353
,356
,337
,336
,361
,350
,335
2026 06 19 18:07:07.221091,344
,361
,345
,323
,342
,350
,346
,334
,360
,356
,331
,338
,365
,348
2026 06 19 18:07:07.286692,329
,356
,372
,348
,327
,351
,353
,337
,335
,361
,352
,330
,346
,365
2026 06 19 18:07:07.348795,354
,336
,358
,357
,334
,326
,358
,364
,340
,346
,369
,347
,323
,347
2026 06 19 18:07:07.413789,361
,340
,325
,361
,361
,346
,342
,360
,353
,332
,347
,359
,336
,318
2026 06 19 18:07:07.474739,350
,355
,336
,335
,360
,344
,341
,360
,374
,351
,325
,353
,364
,336
2026 06 19 18:07:07.536581,332
,361
,348
,326
,340
,365
,341
,322
,349
,360
,335
,326
,359
,355
2026 06 19 18:07:07.602585,328
,324
,358
,353
,332
,348
,363
,340
,329
,364
,368
,342
,338
,364
2026 06 19 18:07:07.663582,349
,328
,339
,356
,342
,327
,351
,363
,352
,343
,373
,366
,340
,338
2026 06 19 18:07:07.729264,363
,357
,331
,343
,350
,336
,332
,360
,351
,335
,335
,352
,337
,319
2026 06 19 18:07:07.790971,342
,357
,337
,329
,361
,364
,345
,345
,371
,359
,336
,346
,362
,341
2026 06 19 18:07:07.852663,324
,351
,357
,343
,346
,372
,364
,344
,346
,364
,355
,329
,344
,358
2026 06 19 18:07:07.916745,345
,337
,366
,361
,334
,342
,371
,358
,337
,354
,370
,345
,321
,363
2026 06 19 18:07:07.979068,372
,348
,345
,374
,362
,338
,351
,365
,351
,326
,357
,369
,347
,338
2026 06 19 18:07:08.044389,367
,358
,338
,351
,375
,355
,344
,371
,379
,354
,343
,372
,369
,345
2026 06 19 18:07:08.105842,348
,373
,360
,335
,349
,370
,353
,335
,370
,371
,351
,352
,378
,370
2026 06 19 18:07:08.166914,345
,355
,376
,353
,331
,355
,363
,341
,333
,366
,365
,339
,346
,374
2026 06 19 18:07:08.233169,356
,335
,353
,364
,344
,327
,353
,356
,335
,334
,362
,351
,333
,347
2026 06 19 18:07:08.295070,363
,343
,334
,368
,369
,348
,334
,356
,346
,344
,356
,370
,350
,332
2026 06 19 18:07:08.360023,355
,362
,347
,336
,360
,352
,335
,344
,371
,356
,334
,356
,375
,354
2026 06 19 18:07:08.421858,338
,362
,364
,347
,339
,358
,348
,330
,345
,362
,344
,330
,360
,368
2026 06 19 18:07:08.482728,346
,339
,369
,351
,335
,353
,361
,337
,335
,364
,364
,340
,334
,359
2026 06 19 18:07:08.548687,361
,337
,347
,375
,353
,330
,357
,370
,347
,336
,364
,362
,336
,337
2026 06 19 18:07:08.609957,365
,358
,340
,355
,369
,354
,340
,364
,367
,345
,337
,365
,349
,325
2026 06 19 18:07:08.675407,346
,375
,355
,330
,352
,369
,346
,335
,359
,352
,336
,342
,361
,345
2026 06 19 18:07:08.736756,327
,351
,371
,351
,336
,364
,366
,339
,335
,362
,355
,333
,348
,364
2026 06 19 18:07:08.797794,347
,325
,357
,367
,345
,335
,369
,357
,333
,347
,364
,346
,330
,353
2026 06 19 18:07:08.863728,361
,335
,324
,356
,355
,333
,338
,359
,342
,325
,356
,368
,343
,327
2026 06 19 18:07:08.925433,353
,354
,332
,333
,359
,351
,333
,341
,364
,347
,326
,345
,353
,337
2026 06 19 18:07:08.990643,328
,356
,344
,319
,334
,359
,339
,323
,350
,361
,337
,329
,362
,352
2026 06 19 18:07:09.051687,327
,332
,354
,346
,324
,342
,362
,352
,337
,362
,368
,348
,344
,369
2026 06 19 18:07:09.113338,351
,330
,349
,368
,347
,328
,351
,359
,340
,344
,366
,357
,334
,346
2026 06 19 18:07:09.178615,366
,351
,330
,353
,359
,331
,332
,372
,364
,337
,340
,375
,358
,333
2026 06 19 18:07:09.240539,347
,365
,349
,335
,362
,366
,341
,341
,369
,357
,338
,349
,367
,350
2026 06 19 18:07:09.306188,336
,353
,368
,337
,337
,373
,364
,336
,343
,372
,356
,335
,361
,369
2026 06 19 18:07:09.367257,345
,336
,365
,361
,335
,334
,356
,349
,330
,357
,377
,352
,336
,362
2026 06 19 18:07:09.431428,355
,330
,333
,356
,341
,323
,339
,358
,337
,322
,348
,349
,328
,331
2026 06 19 18:07:09.494154,359
,352
,334
,345
,363
,346
,329
,353
,361
,339
,335
,363
,354
,327
2026 06 19 18:07:09.556368,330
,354
,345
,323
,343
,360
,337
,318
,355
,361
,341
,343
,372
,360
2026 06 19 18:07:09.620625,334
,350
,365
,343
,322
,346
,352
,336
,327
,354
,351
,331
,345
,366
2026 06 19 18:07:09.682510,356
,336
,353
,364
,348
,336
,367
,362
,334
,338
,366
,351
,332
,349
2026 06 19 18:07:09.744363,364
,348
,332
,358
,359
,341
,334
,360
,350
,325
,333
,357
,354
,334
2026 06 19 18:07:09.808841,358
,363
,344
,339
,368
,359
,332
,343
,364
,342
,323
,346
,359
,339
2026 06 19 18:07:09.871697,330
,357
,349
,323
,344
,369
,352
,330
,346
,364
,346
,330
,360
,364
2026 06 19 18:07:09.936941,342
,336
,357
,342
,339
,359
,373
,349
,334
,362
,362
,336
,331
,370
2026 06 19 18:07:09.998045,364
,339
,349
,370
,351
,331
,357
,366
,348
,337
,362
,364
,344
,345
2026 06 19 18:07:10.059198,367
,353
,338
,342
,359
,357
,348
,375
,377
,348
,342
,370
,360
,335
2026 06 19 18:07:10.125388,347
,372
,351
,334
,366
,370
,346
,341
,371
,364
,340
,346
,366
,347
2026 06 19 18:07:10.186970,331
,352
,364
,344
,331
,367
,363
,340
,347
,371
,357
,332
,354
,369
2026 06 19 18:07:10.252408,354
,334
,360
,365
,344
,342
,374
,362
,336
,347
,372
,356
,337
,359
2026 06 19 18:07:10.313838,360
,334
,327
,357
,350
,335
,346
,363
,354
,328
,343
,365
,343
,329
2026 06 19 18:07:10.375207,367
,362
,337
,330
,356
,341
,325
,342
,353
,343
,330
,356
,355
,330
2026 06 19 18:07:10.440760,331
,361
,340
,323
,337
,351
,331
,318
,347
,353
,335
,331
,359
,349
2026 06 19 18:07:10.501975,328
,333
,358
,349
,330
,346
,358
,336
,324
,355
,354
,327
,329
,363
2026 06 19 18:07:10.563414,355
,328
,346
,362
,340
,323
,360
,363
,330
,320
,365
,365
,338
,336
2026 06 19 18:07:10.628551,358
,347
,329
,348
,355
,329
,322
,358
,351
,324
,338
,368
,351
,328
2026 06 19 18:07:10.690498,347
,359
,342
,326
,349
,352
,337
,341
,365
,349
,325
,346
,361
,339
2026 06 19 18:07:10.755974,334
,368
,362
,337
,334
,371
,362
,337
,346
,372
,360
,342
,365
,377
2026 06 19 18:07:10.817792,360
,345
,371
,365
,339
,345
,367
,357
,337
,356
,369
,346
,334
,361
2026 06 19 18:07:10.878257,366
,340
,336
,364
,345
,329
,353
,368
,347
,330
,350
,357
,343
,333
2026 06 19 18:07:10.944166,364
,364
,334
,349
,375
,353
,333
,356
,362
,344
,336
,364
,362
,340
2026 06 19 18:07:11.005519,345
,367
,359
,336
,353
,363
,343
,327
,355
,349
,319
,321
,345
,337
2026 06 19 18:07:11.071818,318
,338
,356
,337
,318
,340
,356
,345
,336
,356
,348
,328
,333
,354
2026 06 19 18:07:11.133168,343
,327
,351
,364
,347
,336
,364
,354
,327
,334
,359
,343
,318
,334
2026 06 19 18:07:11.194473,357
,352
,331
,360
,364
,338
,338
,362
,347
,321
,337
,358
,343
,325
2026 06 19 18:07:11.259911,353
,361
,339
,334
,366
,357
,336
,344
,364
,348
,329
,355
,365
,340
2026 06 19 18:07:11.321467,334
,367
,360
,340
,343
,366
,355
,327
,345
,363
,342
,328
,354
,355
2026 06 19 18:07:11.386805,332
,330
,362
,350
,324
,341
,357
,345
,329
,365
,377
,349
,342
,368
2026 06 19 18:07:11.447529,356
,330
,335
,354
,349
,338
,367
,376
,350
,326
,363
,369
,339
,343
2026 06 19 18:07:11.509637,373
,363
,339
,352
,366
,345
,330
,358
,354
,330
,341
,371
,365
,348
2026 06 19 18:07:11.575247,364
,383
,357
,336
,357
,366
,342
,332
,366
,360
,337
,350
,372
,354
2026 06 19 18:07:11.636003,336
,356
,364
,344
,344
,373
,378
,352
,351
,381
,372
,341
,353
,383
2026 06 19 18:07:11.701979,366
,348
,375
,374
,349
,344
,371
,358
,338
,355
,373
,360
,341
,365
2026 06 19 18:07:11.763881,367
,342
,336
,366
,359
,334
,342
,369
,353
,333
,357
,369
,351
,346
2026 06 19 18:07:11.826674,377
,372
,349
,355
,382
,365
,343
,362
,379
,357
,337
,355
,361
,342
2026 06 19 18:07:11.890768,339
,371
,362
,337
,355
,370
,355
,345
,368
,377
,349
,340
,370
,367
2026 06 19 18:07:11.952156,348
,360
,379
,362
,339
,362
,382
,360
,345
,375
,374
,345
,351
,378
2026 06 19 18:07:12.017830,363
,336
,348
,368
,362
,349
,374
,371
,349
,353
,377
,365
,342
,354
2026 06 19 18:07:12.078791,374
,357
,340
,363
,370
,350
,344
,373
,365
,340
,345
,375
,357
,343
2026 06 19 18:07:12.140037,362
,361
,348
,358
,390
,383
,353
,359
,384
,367
,341
,358
,378
,360
2026 06 19 18:07:12.205372,344
,371
,366
,348
,345
,368
,357
,339
,347
,373
,358
,339
,365
,373
2026 06 19 18:07:12.266917,351
,343
,378
,377
,354
,358
,381
,364
,343
,354
,369
,351
,335
,363
2026 06 19 18:07:12.332630,362
,345
,342
,379
,361
,330
,353
,374
,352
,334
,357
,362
,331
,334
2026 06 19 18:07:12.395086,370
,365
,340
,347
,373
,358
,335
,357
,364
,350
,343
,376
,360
,338
2026 06 19 18:07:12.455109,346
,364
,346
,328
,353
,365
,345
,333
,357
,360
,334
,341
,365
,352
2026 06 19 18:07:12.521146,328
,342
,358
,338
,325
,363
,360
,336
,335
,375
,364
,339
,345
,365
2026 06 19 18:07:12.582618,348
,327
,350
,353
,333
,329
,358
,356
,328
,344
,368
,351
,332
,348
2026 06 19 18:07:12.648077,361
,338
,321
,350
,352
,328
,325
,355
,348
,327
,340
,360
,342
,326
2026 06 19 18:07:12.709900,345
,345
,336
,332
,354
,349
,327
,339
,361
,346
,322
,351
,362
,344
2026 06 19 18:07:12.771756,337
,363
,357
,335
,344
,365
,344
,327
,357
,365
,341
,321
,360
,359
2026 06 19 18:07:12.837724,335
,338
,367
,344
,315
,343
,371
,355
,341
,363
,365
,350
,342
,365
2026 06 19 18:07:12.898353,362
,331
,334
,357
,343
,322
,345
,360
,342
,339
,366
,361
,344
,348
2026 06 19 18:07:12.962826,368
,353
,338
,358
,363
,337
,329
,366
,363
,335
,335
,358
,353
,334
2026 06 19 18:07:13.025285,350
,365
,345
,327
,361
,364
,335
,327
,357
,356
,335
,349
,371
,342
2026 06 19 18:07:13.086729,320
,355
,361
,341
,332
,358
,351
,326
,340
,363
,353
,335
,351
,368
2026 06 19 18:07:13.151967,351
,336
,362
,363
,343
,343
,368
,353
,337
,350
,371
,350
,329
,348
2026 06 19 18:07:13.212921,354
,346
,352
,383
,375
,346
,352
,373
,356
,333
,355
,365
,347
,336
2026 06 19 18:07:13.278858,365
,357
,334
,341
,375
,351
,331
,360
,378
,355
,340
,369
,373
,349
2026 06 19 18:07:13.341015,346
,367
,354
,340
,357
,375
,356
,335
,358
,355
,338
,338
,370
,357
2026 06 19 18:07:13.401935,335
,346
,366
,356
,334
,354
,370
,357
,338
,377
,369
,340
,352
,375
2026 06 19 18:07:13.466949,360
,345
,359
,371
,357
,340
,364
,366
,350
,350
,377
,362
,337
,346
2026 06 19 18:07:13.528740,358
,346
,333
,356
,363
,340
,339
,367
,358
,335
,351
,372
,357
,337
2026 06 19 18:07:13.593963,361
,375
,362
,354
,377
,368
,339
,345
,367
,345
,320
,344
,375
,351
2026 06 19 18:07:13.656864,328
,350
,355
,329
,328
,358
,348
,324
,339
,362
,345
,325
,355
,365
2026 06 19 18:07:13.716704,334
,333
,364
,352
,330
,341
,360
,341
,316
,341
,349
,326
,327
,362
2026 06 19 18:07:13.782874,354
,333
,339
,365
,352
,326
,341
,365
,350
,333
,366
,370
,352
,349
2026 06 19 18:07:13.844327,368
,364
,349
,356
,372
,353
,335
,361
,368
,347
,343
,375
,368
,345
2026 06 19 18:07:13.909981,357
,379
,360
,339
,356
,365
,344
,330
,356
,355
,336
,344
,370
,361
2026 06 19 18:07:13.971527,339
,358
,372
,352
,332
,357
,358
,335
,337
,367
,355
,331
,344
,365
2026 06 19 18:07:14.032203,364
,347
,364
,368
,347
,336
,363
,354
,330
,335
,357
,342
,325
,350
2026 06 19 18:07:14.097491,359
,344
,336
,359
,360
,338
,336
,359
,341
,321
,340
,355
,334
,330
2026 06 19 18:07:14.159417,361
,363
,343
,341
,360
,349
,332
,346
,362
,341
,317
,338
,362
,334
2026 06 19 18:07:14.225173,316
,341
,339
,327
,341
,359
,332
,316
,336
,344
,330
,320
,345
,347
2026 06 19 18:07:14.285652,326
,332
,358
,344
,324
,343
,361
,340
,314
,341
,357
,334
,330
,354
2026 06 19 18:07:14.347743,341
,319
,335
,359
,343
,316
,331
,355
,338
,329
,356
,344
,320
,329
2026 06 19 18:07:14.413612,354
,339
,319
,342
,358
,340
,328
,355
,353
,334
,338
,362
,349
,322
2026 06 19 18:07:14.475051,338
,366
,348
,334
,360
,359
,334
,330
,365
,358
,327
,339
,364
,345
2026 06 19 18:07:14.535500,335
,357
,363
,344
,337
,365
,358
,335
,346
,370
,354
,329
,351
,362
2026 06 19 18:07:14.601778,344
,332
,359
,356
,335
,336
,365
,352
,330
,356
,371
,347
,329
,355
2026 06 19 18:07:14.664329,356
,328
,329
,365
,358
,330
,339
,359
,344
,324
,347
,358
,342
,337
2026 06 19 18:07:14.731081,367
,357
,340
,345
,365
,352
,334
,353
,367
,344
,330
,365
,362
,335
2026 06 19 18:07:14.790001,347
,373
,351
,326
,341
,363
,350
,332
,362
,367
,342
,336
,366
,355
2026 06 19 18:07:14.851884,337
,344
,363
,343
,334
,358
,364
,342
,330
,356
,351
,336
,345
,360
2026 06 19 18:07:14.916854,350
,343
,356
,366
,347
,331
,357
,356
,337
,338
,367
,351
,333
,350
2026 06 19 18:07:14.980195,365
,356
,339
,362
,367
,346
,340
,363
,355
,339
,349
,369
,348
,330
2026 06 19 18:07:15.044423,354
,366
,347
,329
,360
,358
,339
,348
,369
,353
,338
,358
,368
,348
2026 06 19 18:07:15.106035,331
,359
,368
,346
,340
,368
,361
,338
,358
,378
,357
,338
,362
,369
2026 06 19 18:07:15.166854,347
,342
,377
,368
,347
,356
,378
,365
,339
,361
,372
,355
,343
,373
2026 06 19 18:07:15.232443,369
,345
,346
,373
,363
,334
,353
,367
,350
,340
,364
,372
,353
,352
2026 06 19 18:07:15.294531,380
,367
,346
,364
,384
,361
,340
,372
,386
,361
,353
,382
,378
,349
2026 06 19 18:07:15.359488,359
,395
,376
,348
,371
,385
,362
,348
,376
,365
,336
,352
,381
,366
2026 06 19 18:07:15.421934,341
,372
,387
,373
,358
,379
,380
,359
,359
,385
,371
,347
,366
,387
2026 06 19 18:07:15.485125,366
,341
,374
,393
,371
,357
,386
,379
,359
,366
,391
,376
,360
,384
2026 06 19 18:07:15.547556,397
,376
,357
,382
,387
,366
,370
,396
,383
,358
,378
,386
,360
,369
2026 06 19 18:07:15.608814,396
,397
,376
,380
,402
,388
,364
,383
,389
,367
,363
,389
,388
,357
2026 06 19 18:07:15.675070,347
,392
,382
,360
,370
,396
,380
,362
,379
,390
,371
,361
,383
,376
2026 06 19 18:07:15.736704,357
,361
,384
,375
,355
,370
,385
,361
,340
,376
,393
,366
,361
,388
2026 06 19 18:07:15.800949,373
,352
,367
,389
,375
,353
,380
,386
,367
,357
,383
,382
,356
,363
2026 06 19 18:07:15.863493,381
,365
,339
,361
,383
,365
,353
,377
,374
,358
,361
,388
,374
,360
2026 06 19 18:07:15.924791,376
,389
,366
,346
,375
,377
,354
,348
,380
,374
,349
,364
,392
,368
2026 06 19 18:07:15.990721,340
,382
,383
,357
,351
,373
,362
,348
,355
,381
,372
,348
,366
,380
2026 06 19 18:07:16.051713,358
,341
,370
,365
,345
,351
,374
,363
,347
,359
,374
,356
,335
,362
2026 06 19 18:07:16.113385,367
,339
,335
,362
,351
,329
,347
,367
,339
,324
,361
,381
,348
,337
2026 06 19 18:07:16.178828,381
,360
,331
,347
,379
,353
,327
,350
,366
,350
,330
,354
,358
,335
2026 06 19 18:07:16.239788,336
,369
,355
,333
,349
,363
,348
,329
,357
,356
,337
,338
,377
,362
2026 06 19 18:07:16.306108,337
,348
,368
,350
,329
,353
,358
,333
,327
,360
,353
,334
,346
,369
2026 06 19 18:07:16.369671,347
,328
,349
,362
,339
,326
,360
,359
,336
,336
,361
,352
,335
,353
2026 06 19 18:07:16.428758,371
,348
,320
,353
,369
,349
,343
,365
,348
,330
,337
,361
,353
,333
2026 06 19 18:07:16.493773,353
,365
,350
,336
,364
,358
,331
,338
,367
,347
,326
,348
,361
,346
2026 06 19 18:07:16.555163,328
,353
,367
,343
,337
,359
,352
,328
,337
,359
,352
,337
,357
,357
2026 06 19 18:07:16.621471,336
,337
,361
,360
,336
,341
,363
,345
,336
,354
,357
,332
,328
,355
2026 06 19 18:07:16.682920,347
,328
,341
,365
,348
,331
,358
,373
,347
,338
,360
,357
,334
,331
2026 06 19 18:07:16.743811,358
,346
,323
,341
,356
,334
,319
,361
,368
,341
,327
,353
,336
,321
2026 06 19 18:07:16.809379,332
,352
,341
,323
,347
,359
,338
,324
,348
,340
,333
,339
,363
,351
2026 06 19 18:07:16.870590,324
,338
,355
,334
,317
,343
,350
,325
,324
,354
,342
,315
,331
,358
2026 06 19 18:07:16.936722,342
,315
,339
,359
,331
,326
,347
,336
,319
,334
,351
,332
,325
,341
2026 06 19 18:07:16.997595,346
,330
,321
,349
,352
,332
,334
,367
,355
,328
,342
,351
,334
,318
2026 06 19 18:07:17.059373,344
,348
,327
,326
,353
,341
,323
,337
,356
,335
,314
,345
,357
,325
2026 06 19 18:07:17.125021,320
,358
,346
,315
,320
,352
,341
,320
,337
,354
,336
,322
,348
,341
2026 06 19 18:07:17.186736,325
,333
,358
,338
,316
,335
,353
,337
,320
,342
,340
,331
,338
,360
2026 06 19 18:07:17.253868,346
,322
,338
,354
,328
,312
,342
,355
,334
,320
,340
,342
,323
,326
2026 06 19 18:07:17.313577,352
,335
,312
,325
,343
,320
,314
,354
,355
,327
,328
,357
,350
,325
2026 06 19 18:07:17.374768,338
,354
,339
,321
,349
,344
,321
,328
,352
,342
,323
,341
,361
,338
2026 06 19 18:07:17.440519,316
,338
,344
,316
,319
,341
,338
,321
,331
,350
,334
,316
,339
,358
2026 06 19 18:07:17.501861,336
,322
,344
,346
,321
,319
,349
,328
,307
,320
,349
,340
,314
,340
2026 06 19 18:07:17.567442,344
,320
,312
,339
,327
,302
,317
,339
,323
,307
,328
,338
,320
,312
2026 06 19 18:07:17.628961,337
,329
,307
,324
,348
,331
,310
,324
,341
,323
,304
,332
,333
,309
2026 06 19 18:07:17.689745,312
,342
,328
,303
,320
,346
,325
,301
,326
,332
,309
,321
,353
,343
2026 06 19 18:07:17.755997,315
,331
,353
,334
,317
,339
,344
,328
,313
,335
,331
,315
,325
,349
2026 06 19 18:07:17.819916,331
,309
,330
,342
,319
,309
,348
,343
,328
,333
,357
,345
,324
,338
2026 06 19 18:07:17.882500,351
,342
,324
,350
,355
,335
,334
,357
,341
,329
,343
,360
,343
,324
2026 06 19 18:07:17.944522,343
,349
,336
,324
,355
,347
,315
,324
,350
,327
,310
,343
,351
,330
2026 06 19 18:07:18.005967,320
,340
,332
,313
,323
,345
,321
,296
,329
,358
,334
,307
,334
,345
2026 06 19 18:07:18.070660,307
,301
,348
,328
,291
,276
,341
,342
,318
,351
,362
,337
,328
,349
2026 06 19 18:07:18.132215,343
,323
,329
,355
,343
,317
,338
,355
,340
,311
,344
,351
,324
,321
2026 06 19 18:07:18.193989,351
,337
,305
,333
,351
,333
,315
,346
,354
,324
,320
,360
,348
,319
2026 06 19 18:07:18.259088,332
,351
,342
,327
,335
,362
,352
,319
,348
,362
,336
,333
,353
,344
2026 06 19 18:07:18.321180,317
,355
,361
,332
,330
,370
,361
,336
,333
,358
,346
,324
,329
,341
2026 06 19 18:07:18.386696,346
,347
,378
,376
,350
,344
,364
,352
,336
,348
,372
,356
,332
,357
2026 06 19 18:07:18.447625,368
,342
,339
,365
,364
,345
,340
,366
,374
,347
,369
,376
,356
,335
2026 06 19 18:07:18.508827,363
,373
,345
,337
,347
,347
,346
,339
,361
,363
,339
,363
,377
,357
2026 06 19 18:07:18.574803,351
,373
,357
,340
,340
,365
,348
,323
,346
,356
,336
,320
,360
,355
2026 06 19 18:07:18.635223,338
,339
,365
,356
,325
,346
,361
,348
,331
,365
,363
,339
,340
,368
2026 06 19 18:07:18.701931,355
,337
,350
,370
,348
,326
,350
,360
,343
,335
,359
,350
,346
,354
2026 06 19 18:07:18.763596,371
,349
,325
,346
,368
,341
,327
,355
,358
,340
,343
,367
,347
,330
2026 06 19 18:07:18.824199,353
,370
,342
,344
,373
,365
,335
,349
,368
,365
,349
,362
,371
,354
2026 06 19 18:07:18.890655,336
,362
,382
,347
,336
,371
,373
,338
,353
,386
,371
,347
,369
,373
2026 06 19 18:07:18.954048,356
,342
,370
,365
,338
,338
,366
,364
,344
,352
,380
,354
,338
,372
2026 06 19 18:07:19.016949,379
,355
,339
,368
,376
,353
,359
,374
,358
,345
,367
,377
,350
,342
2026 06 19 18:07:19.079066,369
,359
,341
,344
,366
,354
,340
,358
,364
,339
,322
,355
,340
,326
2026 06 19 18:07:19.140914,333
,368
,343
,320
,345
,357
,351
,328
,354
,356
,335
,335
,363
,360
2026 06 19 18:07:19.205467,340
,349
,363
,346
,330
,358
,376
,341
,317
,387
,386
,352
,348
,380
2026 06 19 18:07:19.266689,364
,332
,366
,377
,349
,335
,371
,363
,338
,340
,365
,346
,322
,351
2026 06 19 18:07:19.332621,370
,351
,334
,358
,355
,334
,339
,377
,359
,332
,341
,359
,343
,322
2026 06 19 18:07:19.394112,348
,360
,331
,321
,353
,347
,325
,341
,364
,353
,332
,352
,364
,342
2026 06 19 18:07:19.455184,332
,358
,360
,329
,324
,371
,362
,332
,341
,363
,352
,335
,363
,368
2026 06 19 18:07:19.522143,341
,331
,362
,362
,342
,350
,364
,350
,333
,346
,367
,334
,311
,366
2026 06 19 18:07:19.582194,358
,337
,347
,380
,363
,336
,355
,369
,349
,334
,358
,359
,334
,337
2026 06 19 18:07:19.647732,368
,354
,329
,334
,360
,333
,332
,364
,377
,353
,344
,376
,363
,330
2026 06 19 18:07:19.709781,343
,375
,355
,334
,357
,370
,347
,331
,359
,354
,335
,346
,365
,356
2026 06 19 18:07:19.770814,350
,361
,360
,335
,340
,374
,369
,342
,342
,370
,359
,336
,348
,375
2026 06 19 18:07:19.836621,356
,328
,357
,372
,355
,342
,370
,368
,337
,346
,369
,353
,341
,360
2026 06 19 18:07:19.897256,363
,346
,347
,373
,364
,336
,336
,369
,358
,340
,352
,356
,352
,338
2026 06 19 18:07:19.963754,360
,362
,337
,337
,374
,359
,337
,350
,371
,356
,335
,359
,361
,342
2026 06 19 18:07:20.024708,336
,362
,356
,322
,341
,380
,357
,331
,355
,371
,342
,331
,369
,365
2026 06 19 18:07:20.085196,344
,348
,366
,355
,343
,358
,371
,344
,329
,359
,361
,340
,344
,375
2026 06 19 18:07:20.151288,365
,345
,355
,377
,357
,334
,360
,364
,338
,343
,371
,366
,344
,350
2026 06 19 18:07:20.212759,367
,350
,332
,351
,367
,348
,334
,372
,373
,348
,351
,371
,353
,335
2026 06 19 18:07:20.278132,355
,379
,355
,340
,366
,364
,344
,341
,368
,349
,325
,359
,375
,346
2026 06 19 18:07:20.340510,330
,361
,369
,349
,340
,366
,361
,343
,346
,367
,354
,327
,354
,380
2026 06 19 18:07:20.401948,357
,339
,363
,359
,340
,341
,367
,356
,336
,354
,367
,349
,337
,370
2026 06 19 18:07:20.467447,367
,348
,349
,378
,364
,337
,347
,373
,354
,329
,350
,362
,337
,333
2026 06 19 18:07:20.528585,362
,362
,340
,345
,372
,354
,340
,356
,368
,349
,337
,362
,349
,334
2026 06 19 18:07:20.594306,342
,372
,352
,320
,348
,381
,354
,348
,372
,373
,348
,339
,368
,356
2026 06 19 18:07:20.655448,336
,346
,365
,348
,328
,352
,359
,334
,331
,365
,365
,338
,347
,368
2026 06 19 18:07:20.717354,343
,315
,356
,374
,356
,338
,365
,366
,339
,340
,366
,355
,331
,350
2026 06 19 18:07:20.782541,367
,343
,324
,358
,356
,331
,330
,361
,352
,330
,336
,358
,346
,329
2026 06 19 18:07:20.844469,354
,362
,340
,332
,362
,358
,342
,343
,373
,353
,336
,358
,366
,340
2026 06 19 18:07:20.909268,328
,351
,346
,343
,347
,369
,355
,333
,344
,359
,344
,344
,373
,376
2026 06 19 18:07:20.970986,347
,335
,363
,356
,332
,340
,364
,351
,334
,357
,364
,341
,335
,370
2026 06 19 18:07:21.031470,365
,339
,335
,359
,356
,339
,350
,367
,348
,330
,358
,359
,334
,332
2026 06 19 18:07:21.097223,364
,354
,330
,351
,371
,352
,343
,350
,373
,362
,349
,371
,363
,336
2026 06 19 18:07:21.159125,344
,364
,347
,332
,367
,379
,349
,341
,373
,370
,346
,349
,370
,356
2026 06 19 18:07:21.224947,329
,343
,370
,357
,339
,368
,375
,353
,352
,376
,366
,342
,358
,383
2026 06 19 18:07:21.285949,359
,335
,371
,379
,354
,344
,373
,369
,342
,346
,369
,354
,339
,354
2026 06 19 18:07:21.348185,368
,347
,333
,364
,367
,345
,346
,365
,359
,341
,360
,372
,349
,332
2026 06 19 18:07:21.413511,363
,366
,339
,332
,367
,356
,329
,346
,366
,348
,326
,349
,367
,343
2026 06 19 18:07:21.474290,328
,364
,354
,325
,335
,370
,350
,331
,351
,367
,348
,333
,361
,360
2026 06 19 18:07:21.540154,335
,333
,359
,350
,327
,348
,360
,338
,323
,350
,352
,333
,343
,372
2026 06 19 18:07:21.601542,357
,328
,346
,367
,347
,330
,356
,359
,340
,331
,360
,352
,327
,336
2026 06 19 18:07:21.665003,359
,345
,336
,359
,368
,346
,334
,364
,361
,338
,344
,369
,349
,323
2026 06 19 18:07:21.733427,347
,364
,344
,333
,361
,362
,342
,339
,373
,369
,335
,338
,369
,359
2026 06 19 18:07:21.790408,342
,360
,368
,348
,333
,361
,357
,329
,338
,364
,344
,327
,355
,365
2026 06 19 18:07:21.851050,334
,324
,365
,367
,343
,347
,374
,357
,335
,352
,366
,343
,330
,357
2026 06 19 18:07:21.916577,365
,342
,339
,368
,358
,337
,344
,364
,339
,329
,359
,367
,347
,333
2026 06 19 18:07:21.978881,353
,356
,338
,347
,371
,356
,334
,349
,359
,342
,330
,360
,358
,333
2026 06 19 18:07:22.044740,348
,370
,350
,326
,343
,363
,345
,327
,355
,354
,326
,323
,353
,346
2026 06 19 18:07:22.105275,322
,334
,351
,333
,340
,356
,359
,339
,330
,356
,346
,326
,335
,361
2026 06 19 18:07:22.166751,343
,315
,336
,357
,342
,322
,351
,358
,331
,337
,367
,352
,328
,346
2026 06 19 18:07:22.232912,360
,343
,332
,364
,365
,348
,340
,375
,363
,338
,346
,372
,357
,334
2026 06 19 18:07:22.295471,354
,364
,348
,334
,360
,363
,337
,341
,375
,356
,334
,349
,360
,341
2026 06 19 18:07:22.358940,334
,360
,357
,335
,333
,359
,348
,318
,343
,363
,339
,321
,344
,355
2026 06 19 18:07:22.421343,334
,335
,368
,355
,330
,353
,372
,351
,329
,350
,364
,342
,329
,358
2026 06 19 18:07:22.482642,350
,327
,335
,362
,356
,335
,354
,367
,339
,324
,369
,371
,344
,345
2026 06 19 18:07:22.549830,370
,354
,328
,345
,357
,339
,328
,354
,363
,345
,340
,371
,359
,331
2026 06 19 18:07:22.609013,348
,372
,356
,336
,364
,370
,343
,335
,373
,367
,340
,343
,379
,365
2026 06 19 18:07:22.674708,340
,364
,374
,352
,332
,357
,362
,344
,347
,369
,361
,339
,352
,373
2026 06 19 18:07:22.736231,353
,337
,367
,375
,346
,340
,362
,350
,331
,345
,368
,354
,335
,356
2026 06 19 18:07:22.800733,367
,347
,336
,367
,362
,335
,341
,359
,341
,329
,350
,362
,346
,333
2026 06 19 18:07:22.863264,357
,366
,335
,330
,373
,363
,342
,356
,376
,356
,337
,363
,367
,344
2026 06 19 18:07:22.924681,337
,365
,356
,332
,342
,361
,343
,326
,346
,357
,342
,339
,364
,355
2026 06 19 18:07:22.990125,340
,348
,363
,344
,336
,361
,372
,341
,332
,367
,367
,339
,338
,369
2026 06 19 18:07:23.051804,358
,339
,354
,374
,357
,340
,367
,368
,341
,340
,366
,363
,344
,354
2026 06 19 18:07:23.113223,369
,353
,340
,354
,362
,355
,354
,380
,377
,346
,352
,377
,367
,342
2026 06 19 18:07:23.178747,357
,370
,353
,333
,360
,359
,339
,335
,363
,354
,334
,350
,371
,355
2026 06 19 18:07:23.240005,340
,365
,374
,348
,344
,375
,363
,334
,344
,371
,354
,334
,358
,368
2026 06 19 18:07:23.305825,348
,338
,364
,367
,347
,350
,374
,354
,338
,364
,378
,353
,334
,361
2026 06 19 18:07:23.367399,361
,336
,338
,366
,352
,332
,349
,373
,360
,345
,372
,376
,349
,337
2026 06 19 18:07:23.429082,375
,372
,344
,352
,373
,357
,334
,352
,366
,345
,337
,361
,360
,339
2026 06 19 18:07:23.493375,346
,379
,364
,340
,359
,376
,353
,332
,351
,352
,331
,337
,377
,357
2026 06 19 18:07:23.555901,334
,357
,388
,368
,348
,370
,373
,352
,347
,375
,367
,337
,343
,365
2026 06 19 18:07:23.621962,350
,323
,349
,367
,349
,339
,374
,369
,339
,343
,374
,362
,339
,349
2026 06 19 18:07:23.682685,378
,373
,350
,367
,360
,339
,340
,368
,356
,335
,348
,371
,355
,335
2026 06 19 18:07:23.743408,358
,367
,347
,339
,364
,358
,330
,339
,376
,359
,334
,358
,367
,349
2026 06 19 18:07:23.809307,334
,362
,363
,338
,331
,369
,366
,339
,352
,370
,348
,327
,356
,360
2026 06 19 18:07:23.869923,338
,332
,365
,356
,336
,353
,371
,340
,327
,372
,374
,347
,335
,364
2026 06 19 18:07:23.936769,366
,340
,332
,349
,361
,340
,357
,372
,349
,334
,361
,363
,344
,349
2026 06 19 18:07:23.997499,377
,363
,342
,356
,375
,358
,337
,361
,358
,342
,337
,367
,360
,332
2026 06 19 18:07:24.058877,348
,376
,351
,339
,365
,371
,346
,338
,368
,362
,333
,336
,367
,355
2026 06 19 18:07:24.124587,336
,353
,368
,352
,339
,364
,365
,344
,342
,371
,360
,338
,356
,375
2026 06 19 18:07:24.186545,358
,337
,363
,368
,341
,329
,358
,356
,335
,350
,372
,357
,336
,357
2026 06 19 18:07:24.251637,381
,355
,344
,372
,367
,339
,346
,371
,354
,328
,346
,363
,346
,335
2026 06 19 18:07:24.312962,365
,365
,341
,340
,366
,356
,334
,346
,363
,342
,323
,361
,363
,333
2026 06 19 18:07:24.374415,330
,368
,359
,335
,352
,371
,352
,329
,352
,367
,346
,341
,372
,367
2026 06 19 18:07:24.439160,343
,346
,363
,348
,333
,348
,364
,347
,336
,361
,361
,341
,340
,372
2026 06 19 18:07:24.501026,361
,340
,353
,372
,354
,334
,358
,367
,342
,337
,370
,360
,336
,347
2026 06 19 18:07:24.566879,369
,352
,335
,358
,367
,347
,341
,363
,365
,342
,343
,370
,362
,333
2026 06 19 18:07:24.628569,354
,372
,352
,335
,366
,365
,337
,335
,374
,358
,332
,349
,366
,340
2026 06 19 18:07:24.689852,331
,365
,364
,341
,337
,364
,354
,326
,327
,356
,352
,331
,355
,369
2026 06 19 18:07:24.755754,348
,334
,352
,358
,344
,337
,361
,346
,325
,345
,364
,340
,330
,360
2026 06 19 18:07:24.816977,355
,335
,332
,359
,355
,331
,341
,360
,345
,322
,345
,355
,333
,324
2026 06 19 18:07:24.882874,348
,350
,331
,335
,367
,354
,332
,353
,365
,348
,334
,362
,357
,333
2026 06 19 18:07:24.943689,342
,368
,350
,324
,341
,367
,346
,325
,352
,363
,344
,339
,372
,356
2026 06 19 18:07:25.005496,329
,342
,362
,343
,325
,348
,357
,342
,335
,361
,358
,333
,342
,375
2026 06 19 18:07:25.070679,357
,331
,352
,367
,346
,336
,360
,353
,325
,336
,362
,341
,315
,345
2026 06 19 18:07:25.132737,360
,345
,333
,368
,368
,343
,346
,370
,356
,334
,345
,365
,348
,330
2026 06 19 18:07:25.197557,358
,368
,346
,335
,361
,351
,323
,330
,353
,343
,332
,357
,361
,343
2026 06 19 18:07:25.258996,344
,376
,367
,337
,336
,363
,352
,324
,343
,362
,341
,327
,355
,363
2026 06 19 18:07:25.321045,346
,333
,364
,352
,330
,341
,349
,337
,342
,367
,371
,347
,337
,362
2026 06 19 18:07:25.385794,355
,336
,349
,375
,356
,331
,359
,373
,349
,336
,371
,371
,346
,346
2026 06 19 18:07:25.447807,368
,349
,324
,341
,358
,342
,327
,356
,363
,342
,335
,361
,351
,325
2026 06 19 18:07:25.513530,344
,369
,354
,334
,362
,373
,348
,341
,369
,364
,340
,346
,371
,356
2026 06 19 18:07:25.575802,333
,352
,372
,353
,337
,359
,360
,340
,336
,373
,362
,333
,349
,363
2026 06 19 18:07:25.635785,340
,332
,374
,377
,350
,345
,379
,371
,346
,352
,374
,359
,338
,360
2026 06 19 18:07:25.701615,369
,347
,328
,352
,349
,334
,341
,367
,346
,332
,357
,382
,354
,339
2026 06 19 18:07:25.768681,368
,360
,332
,337
,361
,347
,325
,340
,359
,343
,325
,349
,360
,338
2026 06 19 18:07:25.824863,334
,368
,356
,332
,351
,376
,359
,337
,358
,369
,347
,335
,362
,359
2026 06 19 18:07:25.890309,340
,345
,369
,355
,337
,349
,364
,363
,354
,367
,358
,349
,349
,377
2026 06 19 18:07:25.951453,361
,337
,351
,369
,348
,325
,356
,365
,345
,342
,367
,355
,333
,345
2026 06 19 18:07:26.017237,371
,353
,334
,358
,373
,350
,331
,353
,341
,336
,341
,365
,357
,335
2026 06 19 18:07:26.078087,350
,366
,350
,329
,366
,367
,341
,345
,370
,365
,340
,353
,373
,353
2026 06 19 18:07:26.140892,334
,355
,355
,344
,353
,369
,350
,349
,357
,373
,355
,328
,353
,369
2026 06 19 18:07:26.205734,348
,335
,360
,355
,337
,341
,370
,358
,334
,352
,369
,350
,339
,362
2026 06 19 18:07:26.267185,366
,345
,337
,372
,357
,331
,352
,368
,347
,329
,358
,369
,347
,336
2026 06 19 18:07:26.332735,364
,357
,333
,348
,373
,358
,337
,359
,370
,346
,337
,366
,354
,329
2026 06 19 18:07:26.393528,335
,380
,366
,340
,361
,379
,358
,337
,360
,367
,350
,347
,375
,357
2026 06 19 18:07:26.455749,329
,341
,367
,350
,334
,356
,364
,347
,341
,370
,366
,343
,346
,363
2026 06 19 18:07:26.521097,350
,328
,354
,371
,346
,333
,360
,356
,326
,339
,373
,357
,330
,341
2026 06 19 18:07:26.581884,369
,349
,331
,362
,364
,330
,344
,377
,354
,335
,354
,374
,357
,340
2026 06 19 18:07:26.647582,364
,368
,347
,340
,374
,365
,339
,353
,372
,358
,345
,363
,373
,352
2026 06 19 18:07:26.709077,346
,372
,372
,340
,347
,387
,376
,344
,360
,380
,357
,345
,375
,374
2026 06 19 18:07:26.770228,351
,351
,375
,355
,329
,346
,374
,356
,334
,348
,367
,362
,352
,376
2026 06 19 18:07:26.838852,366
,340
,345
,365
,345
,328
,350
,374
,351
,333
,368
,364
,345
,346
2026 06 19 18:07:26.897784,370
,362
,338
,351
,370
,353
,338
,361
,358
,346
,345
,364
,358
,335
2026 06 19 18:07:26.963459,351
,376
,351
,326
,349
,360
,343
,341
,373
,367
,343
,349
,373
,362
2026 06 19 18:07:27.024468,333
,353
,372
,347
,331
,356
,342
,320
,347
,369
,363
,343
,355
,372
2026 06 19 18:07:27.085017,351
,326
,344
,348
,330
,330
,354
,344
,329
,339
,362
,349
,328
,352
2026 06 19 18:07:27.152494,358
,331
,330
,361
,356
,329
,340
,362
,343
,320
,334
,346
,327
,316
2026 06 19 18:07:27.212683,345
,347
,329
,332
,355
,338
,315
,335
,360
,332
,315
,360
,357
,328
2026 06 19 18:07:27.277952,323
,350
,340
,320
,331
,355
,336
,317
,352
,357
,334
,325
,355
,355
2026 06 19 18:07:27.341780,336
,342
,365
,343
,316
,336
,353
,340
,329
,356
,357
,339
,339
,361
2026 06 19 18:07:27.401181,348
,332
,355
,371
,346
,326
,359
,370
,342
,338
,375
,363
,337
,340
2026 06 19 18:07:27.466674,362
,349
,327
,350
,361
,344
,337
,367
,363
,335
,332
,361
,356
,326
2026 06 19 18:07:27.529051,351
,362
,342
,333
,357
,357
,338
,342
,379
,359
,334
,346
,367
,348
2026 06 19 18:07:27.594020,331
,358
,364
,342
,337
,364
,353
,343
,350
,365
,348
,331
,352
,366
2026 06 19 18:07:27.655968,346
,335
,366
,362
,336
,343
,369
,350
,331
,350
,363
,344
,331
,355
2026 06 19 18:07:27.716855,351
,328
,332
,363
,351
,329
,349
,368
,355
,343
,364
,368
,349
,341
2026 06 19 18:07:27.782689,364
,357
,336
,351
,370
,351
,336
,359
,372
,351
,341
,366
,357
,334
2026 06 19 18:07:27.843487,341
,364
,349
,325
,346
,354
,343
,330
,360
,362
,338
,332
,361
,350
2026 06 19 18:07:27.909855,328
,338
,361
,344
,322
,348
,353
,330
,326
,357
,346
,323
,329
,354
2026 06 19 18:07:27.969849,345
,330
,360
,368
,345
,332
,359
,346
,311
,346
,380
,358
,331
,350
2026 06 19 18:07:28.032564,362
,342
,322
,347
,344
,324
,333
,365
,346
,321
,345
,371
,348
,325
2026 06 19 18:07:28.099961,355
,367
,342
,327
,358
,355
,333
,339
,354
,340
,330
,351
,359
,338
2026 06 19 18:07:28.158924,329
,358
,352
,329
,330
,351
,349
,331
,344
,360
,340
,325
,352
,351
2026 06 19 18:07:28.224193,324
,319
,360
,360
,334
,350
,364
,348
,325
,349
,355
,330
,322
,353
2026 06 19 18:07:28.285225,354
,330
,332
,354
,345
,319
,330
,355
,334
,321
,356
,352
,329
,331
2026 06 19 18:07:28.347212,361
,346
,322
,338
,353
,341
,324
,346
,351
,326
,330
,359
,350
,324
2026 06 19 18:07:28.413462,342
,364
,346
,325
,350
,360
,338
,327
,349
,350
,329
,332
,356
,343
2026 06 19 18:07:28.474959,327
,354
,368
,348
,332
,363
,360
,337
,336
,362
,352
,331
,348
,367
2026 06 19 18:07:28.539119,350
,330
,358
,358
,334
,328
,358
,351
,322
,332
,366
,355
,331
,348
2026 06 19 18:07:28.601801,361
,346
,334
,366
,363
,335
,342
,364
,345
,323
,345
,364
,342
,324
2026 06 19 18:07:28.662744,354
,352
,329
,333
,365
,351
,326
,342
,363
,346
,327
,355
,358
,337
2026 06 19 18:07:28.728924,329
,349
,346
,330
,340
,354
,346
,337
,358
,369
,334
,326
,360
,355
2026 06 19 18:07:28.790294,335
,343
,361
,342
,322
,341
,354
,333
,322
,354
,351
,329
,335
,363
2026 06 19 18:07:28.855525,351
,325
,346
,362
,340
,321
,350
,350
,325
,326
,355
,345
,329
,337
2026 06 19 18:07:28.916537,364
,346
,325
,345
,355
,335
,328
,359
,353
,329
,336
,362
,344
,327
2026 06 19 18:07:28.979017,354
,367
,347
,332
,365
,362
,341
,339
,368
,357
,331
,347
,361
,343
2026 06 19 18:07:29.043949,327
,352
,358
,338
,337
,362
,353
,335
,347
,367
,357
,337
,362
,375
2026 06 19 18:07:29.105725,361
,350
,375
,364
,346
,344
,365
,341
,328
,361
,373
,355
,340
,370
2026 06 19 18:07:29.171296,369
,340
,346
,379
,368
,344
,367
,383
,358
,331
,357
,376
,352
,346
2026 06 19 18:07:29.232452,370
,361
,339
,353
,378
,359
,336
,358
,375
,352
,340
,370
,364
,336
2026 06 19 18:07:29.293291,344
,372
,354
,327
,343
,371
,349
,333
,363
,363
,337
,340
,367
,357
2026 06 19 18:07:29.358729,336
,354
,368
,346
,324
,340
,345
,340
,336
,365
,359
,337
,350
,371
2026 06 19 18:07:29.421393,360
,341
,361
,375
,350
,335
,365
,360
,333
,339
,370
,356
,334
,355
2026 06 19 18:07:29.486369,370
,352
,338
,369
,367
,344
,342
,375
,364
,339
,358
,375
,348
,334
2026 06 19 18:07:29.547719,359
,364
,339
,332
,362
,355
,331
,344
,368
,356
,339
,362
,370
,349
2026 06 19 18:07:29.609115,339
,366
,358
,332
,336
,365
,357
,337
,353
,364
,344
,330
,361
,363
2026 06 19 18:07:29.674445,343
,335
,355
,355
,336
,350
,369
,349
,332
,352
,353
,334
,332
,365
2026 06 19 18:07:29.736421,359
,334
,346
,369
,357
,340
,355
,367
,346
,332
,357
,359
,335
,337
2026 06 19 18:07:29.802013,370
,354
,327
,350
,371
,348
,328
,355
,363
,351
,344
,367
,358
,339
2026 06 19 18:07:29.862483,357
,368
,357
,343
,365
,366
,341
,336
,359
,350
,333
,342
,366
,350
2026 06 19 18:07:29.927285,329
,348
,365
,344
,329
,357
,353
,332
,341
,369
,351
,326
,348
,365
2026 06 19 18:07:29.990183,344
,321
,356
,367
,337
,336
,370
,357
,330
,343
,365
,346
,327
,355
2026 06 19 18:07:30.051784,363
,338
,329
,359
,349
,321
,332
,363
,351
,331
,354
,366
,348
,332
2026 06 19 18:07:30.113118,363
,357
,333
,339
,370
,359
,334
,359
,374
,354
,336
,367
,372
,345
2026 06 19 18:07:30.177907,334
,364
,364
,340
,352
,374
,353
,331
,358
,365
,336
,327
,362
,346
2026 06 19 18:07:30.239875,336
,354
,376
,362
,341
,363
,377
,355
,340
,369
,366
,340
,337
,359
2026 06 19 18:07:30.305627,353
,330
,349
,363
,344
,332
,361
,366
,341
,335
,366
,355
,332
,350
2026 06 19 18:07:30.367167,371
,353
,335
,355
,363
,341
,327
,354
,357
,335
,342
,362
,348
,327
2026 06 19 18:07:30.427833,352
,368
,343
,328
,357
,360
,332
,326
,352
,343
,325
,350
,363
,338
2026 06 19 18:07:30.494023,327
,361
,367
,346
,336
,364
,353
,330
,343
,362
,339
,321
,347
,357
2026 06 19 18:07:30.554876,337
,325
,351
,347
,325
,335
,361
,345
,321
,344
,358
,339
,326
,353
2026 06 19 18:07:30.620994,350
,329
,341
,369
,356
,333
,349
,365
,336
,322
,360
,365
,341
,336
2026 06 19 18:07:30.682557,366
,361
,337
,350
,372
,354
,333
,356
,367
,342
,327
,359
,355
,334
2026 06 19 18:07:30.743972,343
,361
,352
,332
,349
,366
,343
,336
,362
,358
,337
,340
,369
,355
2026 06 19 18:07:30.809253,331
,346
,360
,338
,319
,354
,358
,341
,332
,360
,351
,324
,339
,364
2026 06 19 18:07:30.870100,345
,331
,354
,361
,343
,337
,361
,348
,321
,334
,361
,343
,316
,336
2026 06 19 18:07:30.935724,353
,342
,330
,354
,357
,335
,339
,369
,354
,328
,339
,357
,340
,325
2026 06 19 18:07:31.000447,355
,355
,329
,326
,356
,353
,325
,344
,370
,349
,329
,345
,357
,345
2026 06 19 18:07:31.059827,333
,356
,358
,331
,336
,364
,344
,328
,353
,367
,344
,329
,357
,358
2026 06 19 18:07:31.124285,337
,339
,364
,347
,328
,343
,345
,323
,325
,362
,366
,330
,340
,368
2026 06 19 18:07:31.185823,355
,334
,343
,364
,350
,332
,353
,361
,338
,327
,356
,359
,335
,343
2026 06 19 18:07:31.251208,364
,352
,335
,354
,368
,341
,324
,362
,368
,342
,341
,371
,357
,333
2026 06 19 18:07:31.313368,349
,362
,345
,327
,359
,368
,343
,332
,360
,359
,340
,346
,366
,350
2026 06 19 18:07:31.374773,330
,352
,359
,333
,323
,357
,352
,333
,347
,375
,353
,339
,356
,367
2026 06 19 18:07:31.440008,347
,335
,353
,353
,341
,342
,367
,357
,339
,356
,373
,352
,337
,365
2026 06 19 18:07:31.501682,366
,348
,346
,372
,360
,335
,343
,366
,349
,326
,347
,353
,342
,336
2026 06 19 18:07:31.567445,365
,356
,332
,344
,370
,359
,335
,351
,363
,347
,331
,356
,354
,340
2026 06 19 18:07:31.628730,341
,363
,349
,332
,345
,366
,350
,330
,358
,364
,343
,338
,370
,358
2026 06 19 18:07:31.689617,334
,344
,358
,345
,333
,355
,361
,339
,332
,358
,353
,332
,337
,371
2026 06 19 18:07:31.755672,358
,335
,358
,373
,349
,338
,364
,360
,339
,339
,368
,353
,330
,346
2026 06 19 18:07:31.819734,362
,349
,337
,361
,367
,349
,341
,368
,358
,332
,345
,363
,345
,329
2026 06 19 18:07:31.882521,347
,370
,350
,336
,365
,360
,340
,345
,370
,352
,327
,343
,354
,342
2026 06 19 18:07:31.943321,339
,366
,360
,349
,348
,376
,363
,335
,348
,364
,351
,334
,360
,365
2026 06 19 18:07:32.004954,338
,328
,366
,345
,334
,360
,380
,361
,340
,361
,366
,340
,334
,365
2026 06 19 18:07:32.069730,354
,327
,339
,368
,350
,324
,348
,373
,355
,338
,361
,367
,345
,343
2026 06 19 18:07:32.133786,372
,359
,333
,347
,368
,347
,331
,357
,363
,339
,335
,372
,370
,348
2026 06 19 18:07:32.199811,356
,379
,365
,335
,349
,380
,359
,351
,380
,370
,345
,346
,381
,366
2026 06 19 18:07:32.259015,342
,359
,371
,355
,340
,372
,371
,337
,343
,379
,368
,340
,354
,372
2026 06 19 18:07:32.320772,352
,337
,376
,387
,360
,350
,390
,377
,342
,357
,382
,360
,327
,354
2026 06 19 18:07:32.386378,386
,359
,339
,369
,367
,333
,339
,383
,369
,338
,363
,380
,355
,344
2026 06 19 18:07:32.447483,372
,372
,347
,341
,383
,371
,344
,351
,364
,339
,337
,370
,371
,346
2026 06 19 18:07:32.513012,349
,382
,373
,346
,341
,376
,367
,344
,368
,378
,358
,343
,355
,355
2026 06 19 18:07:32.574124,353
,351
,375
,367
,344
,363
,373
,355
,330
,353
,367
,348
,339
,363
2026 06 19 18:07:32.635669,350
,314
,335
,373
,352
,327
,353
,364
,342
,330
,360
,353
,335
,346
2026 06 19 18:07:32.701839,371
,356
,333
,352
,362
,347
,339
,370
,369
,348
,350
,378
,361
,326
2026 06 19 18:07:32.762305,332
,380
,382
,358
,378
,382
,359
,353
,377
,371
,350
,355
,375
,370
2026 06 19 18:07:32.827514,351
,363
,362
,338
,339
,370
,367
,345
,348
,376
,363
,339
,358
,367
2026 06 19 18:07:32.889027,342
,336
,355
,359
,340
,339
,353
,343
,321
,376
,387
,361
,345
,365
2026 06 19 18:07:32.951330,372
,347
,343
,360
,355
,346
,357
,376
,357
,337
,362
,365
,344
,330
2026 06 19 18:07:33.016624,355
,351
,357
,364
,379
,359
,337
,363
,368
,356
,351
,372
,362
,337
2026 06 19 18:07:33.078849,335
,362
,355
,330
,355
,373
,355
,347
,377
,374
,345
,339
,378
,363
2026 06 19 18:07:33.143335,334
,333
,357
,352
,339
,360
,363
,336
,335
,367
,369
,349
,359
,384
2026 06 19 18:07:33.205087,365
,341
,360
,376
,354
,337
,344
,327
,350
,360
,380
,377
,343
,356
2026 06 19 18:07:33.266714,398
,376
,355
,374
,376
,354
,349
,378
,365
,338
,343
,375
,355
,329
2026 06 19 18:07:33.331789,349
,351
,340
,337
,366
,348
,353
,368
,382
,362
,340
,357
,365
,344
2026 06 19 18:07:33.393731,326
,356
,355
,328
,335
,374
,359
,336
,355
,376
,350
,316
,361
,386
2026 06 19 18:07:33.458692,353
,340
,365
,358
,340
,346
,352
,344
,329
,327
,333
,365
,353
,367
2026 06 19 18:07:33.520895,349
,328
,336
,359
,339
,307
,325
,360
,341
,322
,349
,348
,328
,328
2026 06 19 18:07:33.582397,355
,342
,320
,335
,354
,336
,316
,333
,344
,341
,333
,353
,338
,319
2026 06 19 18:07:33.647552,348
,382
,384
,355
,368
,357
,326
,347
,387
,375
,329
,289
,354
,386
2026 06 19 18:07:33.708817,354
,365
,367
,343
,334
,351
,350
,340
,334
,371
,352
,326
,338
,372
2026 06 19 18:07:33.774478,345
,306
,386
,382
,354
,342
,369
,355
,329
,340
,359
,330
,308
,350
2026 06 19 18:07:33.836723,369
,339
,331
,359
,385
,364
,347
,352
,355
,341
,353
,354
,356
,343
2026 06 19 18:07:33.897788,370
,356
,311
,358
,391
,376
,347
,340
,373
,362
,325
,363
,368
,342
2026 06 19 18:07:33.963243,333
,354
,344
,334
,344
,359
,340
,324
,354
,361
,332
,340
,381
,370
2026 06 19 18:07:34.024346,345
,340
,359
,353
,333
,348
,365
,342
,311
,330
,338
,335
,325
,392
2026 06 19 18:07:34.086014,382
,345
,337
,357
,364
,344
,362
,364
,340
,329
,351
,344
,312
,318
2026 06 19 18:07:34.151477,356
,352
,310
,332
,381
,367
,355
,374
,368
,335
,329
,360
,356
,332
2026 06 19 18:07:34.212604,340
,355
,341
,318
,351
,347
,317
,304
,359
,383
,356
,355
,375
,352
2026 06 19 18:07:34.280368,331
,354
,360
,335
,331
,357
,349
,324
,331
,348
,347
,329
,349
,359
2026 06 19 18:07:34.339757,338
,330
,362
,362
,332
,326
,369
,342
,320
,343
,350
,337
,345
,366
2026 06 19 18:07:34.400969,359
,343
,347
,369
,358
,332
,342
,361
,345
,326
,340
,333
,347
,347
2026 06 19 18:07:34.466721,369
,343
,332
,344
,375
,353
,333
,353
,361
,345
,338
,366
,352
,319
2026 06 19 18:07:34.527853,329
,359
,365
,356
,369
,377
,349
,324
,348
,367
,336
,337
,366
,362
2026 06 19 18:07:34.593209,344
,350
,357
,351
,336
,354
,366
,353
,342
,373
,361
,331
,329
,349
2026 06 19 18:07:34.655424,335
,317
,357
,368
,340
,332
,368
,357
,329
,327
,367
,362
,343
,350
2026 06 19 18:07:34.720306,359
,349
,335
,356
,357
,333
,327
,354
,346
,327
,340
,354
,347
,329
2026 06 19 18:07:34.781890,360
,362
,344
,334
,367
,362
,337
,345
,367
,348
,324
,342
,375
,358
2026 06 19 18:07:34.843677,339
,368
,363
,336
,337
,365
,350
,327
,361
,375
,355
,340
,355
,355
2026 06 19 18:07:34.909831,328
,329
,356
,351
,334
,345
,356
,337
,329
,355
,379
,353
,340
,362
2026 06 19 18:07:34.972171,354
,328
,336
,357
,339
,316
,339
,347
,326
,314
,342
,344
,323
,328
2026 06 19 18:07:35.033430,362
,355
,328
,331
,344
,341
,327
,344
,350
,323
,337
,359
,354
,326
2026 06 19 18:07:35.096974,348
,375
,345
,313
,360
,363
,334
,338
,359
,351
,329
,331
,349
,325
2026 06 19 18:07:35.158741,305
,337
,341
,316
,322
,349
,339
,344
,346
,363
,346
,318
,333
,342
2026 06 19 18:07:35.224540,327
,316
,343
,349
,323
,328
,352
,332
,328
,345
,360
,346
,327
,354
2026 06 19 18:07:35.286844,355
,338
,335
,348
,338
,349
,351
,370
,350
,323
,340
,358
,342
,332
2026 06 19 18:07:35.346865,340
,342
,363
,355
,382
,364
,340
,353
,367
,334
,309
,356
,360
,335
2026 06 19 18:07:35.413199,332
,365
,354
,332
,335
,367
,356
,335
,354
,355
,334
,341
,372
,370
2026 06 19 18:07:35.474730,341
,346
,364
,341
,320
,339
,354
,340
,331
,365
,361
,351
,350
,375
2026 06 19 18:07:35.539959,356
,329
,348
,366
,351
,334
,349
,360
,344
,344
,366
,333
,334
,360
2026 06 19 18:07:35.601995,383
,357
,347
,372
,380
,354
,341
,372
,362
,335
,343
,370
,341
,305
2026 06 19 18:07:35.663129,337
,371
,360
,354
,376
,363
,337
,358
,378
,360
,342
,354
,370
,346
2026 06 19 18:07:35.727758,321
,345
,347
,322
,330
,367
,353
,334
,344
,365
,350
,334
,351
,368
2026 06 19 18:07:35.789836,347
,336
,352
,347
,320
,332
,363
,353
,331
,345
,358
,345
,328
,353
2026 06 19 18:07:35.854820,350
,326
,334
,364
,339
,317
,345
,360
,351
,336
,355
,351
,323
,327
2026 06 19 18:07:35.916983,359
,358
,338
,342
,370
,349
,326
,341
,343
,319
,318
,367
,357
,331
2026 06 19 18:07:35.977086,341
,367
,348
,323
,354
,365
,340
,329
,362
,347
,326
,336
,372
,353
2026 06 19 18:07:36.043698,335
,354
,369
,351
,325
,348
,354
,336
,330
,359
,351
,333
,352
,359
2026 06 19 18:07:36.105321,348
,327
,358
,368
,342
,335
,359
,353
,326
,331
,361
,347
,322
,345
2026 06 19 18:07:36.172809,363
,341
,333
,359
,349
,336
,345
,363
,360
,339
,351
,365
,348
,320
2026 06 19 18:07:36.232033,337
,341
,337
,341
,370
,361
,336
,340
,358
,354
,336
,359
,361
,356
2026 06 19 18:07:36.293702,345
,365
,355
,330
,342
,372
,357
,324
,352
,373
,347
,338
,370
,378
2026 06 19 18:07:36.358903,348
,336
,379
,361
,334
,348
,361
,347
,334
,355
,366
,342
,333
,357
2026 06 19 18:07:36.422207,351
,343
,362
,380
,358
,346
,365
,378
,362
,346
,371
,362
,335
,342
2026 06 19 18:07:36.486583,364
,344
,331
,360
,373
,350
,340
,364
,353
,344
,349
,386
,366
,347
2026 06 19 18:07:36.547645,362
,378
,357
,339
,362
,374
,351
,347
,373
,362
,340
,349
,365
,347
2026 06 19 18:07:36.610685,336
,365
,365
,324
,335
,378
,371
,352
,357
,376
,358
,337
,359
,372
2026 06 19 18:07:36.674936,352
,335
,355
,361
,348
,348
,380
,365
,323
,346
,386
,346
,339
,377
2026 06 19 18:07:36.736138,378
,362
,348
,377
,359
,335
,351
,375
,357
,340
,362
,370
,350
,347
2026 06 19 18:07:36.801826,371
,362
,338
,335
,375
,365
,328
,361
,367
,332
,335
,365
,365
,340
2026 06 19 18:07:36.861665,343
,373
,358
,332
,347
,364
,348
,326
,350
,363
,347
,338
,368
,369
2026 06 19 18:07:36.924535,344
,354
,379
,351
,326
,348
,358
,337
,325
,357
,353
,328
,338
,359
2026 06 19 18:07:36.990211,343
,324
,334
,376
,379
,348
,368
,382
,353
,345
,372
,354
,327
,341
2026 06 19 18:07:37.051791,372
,358
,330
,350
,361
,342
,337
,366
,358
,332
,346
,373
,356
,339
2026 06 19 18:07:37.116566,369
,380
,355
,342
,375
,370
,345
,347
,371
,351
,331
,348
,372
,348
2026 06 19 18:07:37.178777,333
,363
,371
,336
,342
,376
,360
,331
,341
,368
,360
,342
,359
,367
2026 06 19 18:07:37.239603,345
,331
,359
,355
,333
,338
,369
,357
,327
,348
,369
,363
,350
,374
2026 06 19 18:07:37.305336,362
,342
,345
,364
,354
,321
,359
,374
,352
,336
,363
,365
,340
,329
2026 06 19 18:07:37.367010,358
,350
,323
,341
,367
,340
,329
,368
,372
,344
,337
,360
,354
,325
2026 06 19 18:07:37.431936,338
,380
,354
,335
,372
,379
,352
,338
,371
,363
,339
,356
,382
,361
2026 06 19 18:07:37.493895,333
,350
,366
,359
,336
,357
,370
,359
,354
,379
,376
,346
,359
,379
2026 06 19 18:07:37.555404,365
,344
,362
,369
,343
,342
,376
,367
,341
,352
,369
,362
,336
,348
2026 06 19 18:07:37.621959,368
,346
,334
,362
,372
,341
,339
,366
,361
,340
,356
,368
,350
,332
2026 06 19 18:07:37.681720,359
,375
,349
,340
,368
,352
,337
,356
,381
,357
,337
,366
,378
,353
2026 06 19 18:07:37.747170,345
,372
,358
,335
,352
,376
,354
,336
,358
,368
,344
,343
,368
,360
2026 06 19 18:07:37.808950,340
,335
,373
,365
,340
,354
,370
,347
,327
,351
,364
,337
,327
,369
2026 06 19 18:07:37.871186,366
,338
,348
,354
,348
,333
,355
,361
,339
,333
,359
,349
,315
,339
2026 06 19 18:07:37.936616,374
,353
,330
,351
,366
,342
,326
,361
,358
,331
,336
,368
,353
,333
2026 06 19 18:07:37.997580,356
,369
,350
,335
,364
,362
,328
,321
,365
,348
,342
,353
,368
,347
2026 06 19 18:07:38.063111,343
,363
,370
,346
,332
,359
,356
,336
,349
,371
,351
,331
,352
,362
2026 06 19 18:07:38.123927,331
,325
,375
,389
,359
,347
,370
,363
,343
,359
,371
,347
,322
,356
2026 06 19 18:07:38.185180,367
,344
,336
,364
,354
,335
,360
,375
,359
,340
,359
,364
,344
,330
2026 06 19 18:07:38.251323,362
,359
,328
,343
,371
,345
,321
,342
,352
,340
,325
,366
,353
,332
2026 06 19 18:07:38.312265,353
,373
,359
,340
,354
,365
,352
,339
,365
,364
,331
,330
,371
,363
2026 06 19 18:07:38.376805,327
,339
,374
,366
,339
,346
,356
,355
,349
,370
,362
,337
,349
,371
2026 06 19 18:07:38.439982,335
,319
,368
,394
,366
,345
,373
,372
,345
,341
,374
,362
,344
,356
2026 06 19 18:07:38.501532,372
,355
,330
,368
,376
,348
,343
,375
,360
,331
,342
,372
,354
,333
2026 06 19 18:07:38.566770,359
,367
,342
,332
,363
,352
,333
,342
,361
,353
,338
,362
,371
,347
2026 06 19 18:07:38.627973,329
,380
,382
,349
,343
,367
,353
,333
,357
,375
,359
,335
,361
,372
2026 06 19 18:07:38.688991,347
,338
,364
,345
,330
,355
,380
,376
,350
,366
,372
,345
,335
,366
2026 06 19 18:07:38.754858,363
,337
,348
,373
,354
,328
,349
,366
,341
,328
,376
,352
,335
,371
2026 06 19 18:07:38.816922,385
,366
,336
,342
,363
,344
,332
,360
,368
,337
,329
,371
,360
,341
2026 06 19 18:07:38.881735,351
,363
,353
,335
,355
,374
,360
,339
,365
,360
,336
,339
,362
,341
2026 06 19 18:07:38.943509,327
,354
,374
,351
,337
,369
,367
,347
,346
,368
,357
,330
,335
,362
2026 06 19 18:07:39.004513,358
,334
,354
,378
,348
,336
,373
,360
,334
,352
,381
,359
,334
,359
2026 06 19 18:07:39.070125,368
,341
,327
,351
,347
,335
,332
,360
,345
,318
,349
,365
,345
,337
2026 06 19 18:07:39.131963,362
,359
,339
,333
,358
,352
,332
,343
,363
,347
,328
,341
,345
,336
2026 06 19 18:07:39.199197,325
,360
,359
,334
,338
,359
,337
,314
,341
,360
,337
,322
,348
,346
2026 06 19 18:07:39.258830,335
,342
,362
,342
,326
,348
,372
,345
,326
,353
,368
,353
,345
,369
2026 06 19 18:07:39.320607,355
,328
,342
,362
,345
,330
,348
,355
,327
,320
,356
,347
,325
,334
2026 06 19 18:07:39.386265,341
,340
,334
,351
,364
,341
,319
,353
,346
,335
,332
,358
,356
,331
2026 06 19 18:07:39.448200,355
,365
,342
,324
,354
,356
,329
,330
,361
,345
,326
,341
,353
,335
2026 06 19 18:07:39.513393,321
,344
,346
,327
,321
,351
,344
,322
,333
,362
,350
,331
,352
,360
2026 06 19 18:07:39.574825,341
,323
,358
,360
,333
,338
,369
,351
,325
,344
,357
,344
,328
,354
2026 06 19 18:07:39.635460,367
,338
,333
,354
,361
,332
,344
,364
,352
,339
,363
,367
,340
,332
2026 06 19 18:07:39.701702,365
,360
,336
,347
,363
,351
,333
,335
,364
,357
,340
,362
,350
,332
2026 06 19 18:07:39.762290,333
,361
,352
,325
,343
,357
,337
,325
,354
,356
,333
,327
,359
,348
2026 06 19 18:07:39.827825,319
,344
,369
,346
,325
,351
,364
,345
,332
,362
,355
,328
,345
,369
2026 06 19 18:07:39.889056,351
,331
,350
,358
,341
,333
,361
,353
,328
,328
,348
,343
,325
,348
2026 06 19 18:07:39.951984,374
,335
,326
,364
,366
,342
,335
,362
,351
,327
,343
,353
,339
,328
2026 06 19 18:07:40.016921,355
,360
,339
,337
,363
,357
,327
,340
,373
,353
,308
,339
,375
,350
2026 06 19 18:07:40.078858,337
,368
,361
,333
,340
,368
,354
,331
,347
,364
,331
,323
,365
,367
2026 06 19 18:07:40.143568,343
,341
,364
,351
,313
,331
,371
,349
,319
,357
,370
,342
,326
,357
2026 06 19 18:07:40.205305,353
,331
,346
,365
,343
,314
,344
,362
,337
,318
,340
,351
,345
,348
2026 06 19 18:07:40.266559,366
,343
,318
,341
,366
,351
,335
,365
,364
,336
,330
,359
,353
,329
2026 06 19 18:07:40.332075,334
,354
,340
,323
,349
,360
,338
,326
,359
,349
,326
,344
,366
,344
2026 06 19 18:07:40.393709,320
,342
,362
,340
,325
,360
,357
,332
,330
,352
,340
,321
,343
,357
2026 06 19 18:07:40.459973,336
,317
,349
,364
,339
,319
,356
,350
,318
,335
,359
,342
,321
,343
2026 06 19 18:07:40.520015,352
,340
,331
,354
,351
,338
,341
,363
,345
,324
,352
,362
,341
,324
2026 06 19 18:07:40.581999,351
,349
,331
,340
,372
,349
,323
,347
,362
,339
,323
,346
,358
,337
2026 06 19 18:07:40.648017,333
,357
,349
,330
,338
,360
,342
,327
,352
,358
,335
,330
,363
,352
2026 06 19 18:07:40.708755,326
,336
,360
,356
,338
,359
,372
,343
,323
,353
,351
,330
,333
,376
2026 06 19 18:07:40.774691,366
,335
,351
,370
,352
,336
,366
,367
,342
,341
,365
,350
,326
,336
2026 06 19 18:07:40.836607,369
,358
,335
,361
,360
,347
,351
,374
,365
,353
,358
,376
,354
,339
2026 06 19 18:07:40.897027,360
,366
,344
,331
,361
,360
,329
,344
,367
,352
,323
,355
,373
,352
2026 06 19 18:07:40.964936,333
,357
,359
,340
,339
,375
,363
,331
,342
,364
,347
,326
,346
,357
2026 06 19 18:07:41.024152,340
,331
,361
,358
,331
,334
,352
,343
,324
,343
,356
,321
,319
,366
2026 06 19 18:07:41.089850,360
,334
,331
,354
,337
,325
,348
,361
,338
,322
,364
,357
,323
,334
2026 06 19 18:07:41.151377,360
,344
,320
,326
,352
,336
,315
,344
,358
,338
,331
,359
,350
,335
2026 06 19 18:07:41.213238,339
,368
,352
,334
,351
,361
,334
,321
,346
,344
,320
,334
,363
,353
2026 06 19 18:07:41.298824,330
,342
,357
,342
,333
,362
,363
,335
,329
,370
,360
,333
,340
,356
2026 06 19 18:07:41.340782,345
,326
,350
,361
,340
,332
,365
,360
,336
,339
,350
,339
,338
,359
2026 06 19 18:07:41.405133,380
,361
,345
,368
,359
,334
,332
,362
,351
,331
,351
,371
,354
,334
2026 06 19 18:07:41.466799,361
,360
,337
,331
,359
,351
,323
,335
,355
,340
,329
,364
,366
,342
2026 06 19 18:07:41.527695,335
,366
,350
,322
,348
,389
,364
,343
,369
,376
,349
,338
,365
,368
2026 06 19 18:07:41.593045,343
,341
,369
,355
,330
,345
,352
,340
,342
,368
,370
,346
,330
,354
2026 06 19 18:07:41.655575,368
,348
,352
,357
,355
,348
,366
,372
,354
,343
,367
,359
,340
,345
2026 06 19 18:07:41.720735,369
,351
,334
,358
,375
,353
,343
,367
,359
,339
,358
,383
,363
,343
2026 06 19 18:07:41.781562,359
,365
,343
,334
,357
,344
,320
,362
,385
,369
,344
,354
,372
,358
2026 06 19 18:07:41.843170,346
,368
,373
,346
,330
,364
,364
,335
,337
,371
,357
,335
,357
,361
2026 06 19 18:07:41.909031,333
,338
,371
,360
,329
,342
,375
,365
,333
,346
,368
,340
,332
,355
2026 06 19 18:07:41.970682,343
,355
,348
,375
,364
,340
,346
,362
,359
,341
,358
,361
,336
,327
2026 06 19 18:07:42.032462,361
,367
,340
,340
,364
,362
,345
,360
,373
,350
,336
,372
,365
,341
2026 06 19 18:07:42.100084,337
,355
,352
,333
,345
,369
,351
,334
,358
,367
,344
,348
,376
,369
2026 06 19 18:07:42.159006,349
,362
,377
,359
,341
,359
,357
,350
,342
,364
,359
,331
,328
,362
2026 06 19 18:07:42.223934,360
,338
,359
,371
,356
,344
,366
,359
,334
,340
,360
,331
,328
,368
2026 06 19 18:07:42.285946,379
,350
,340
,379
,376
,348
,348
,382
,370
,349
,355
,377
,358
,335
2026 06 19 18:07:42.346923,361
,362
,348
,337
,354
,352
,345
,347
,377
,366
,339
,366
,372
,344
2026 06 19 18:07:42.413084,340
,371
,368
,345
,348
,368
,349
,337
,352
,357
,351
,341
,372
,365
2026 06 19 18:07:42.474524,345
,340
,364
,354
,339
,356
,374
,350
,333
,358
,376
,348
,327
,365
2026 06 19 18:07:42.539635,361
,333
,335
,362
,348
,328
,353
,365
,336
,327
,359
,358
,344
,343
2026 06 19 18:07:42.600675,372
,359
,328
,335
,360
,344
,326
,352
,357
,348
,338
,365
,349
,335
2026 06 19 18:07:42.662426,345
,358
,350
,335
,360
,361
,339
,329
,354
,347
,325
,332
,366
,346
2026 06 19 18:07:42.727488,320
,336
,351
,342
,325
,349
,352
,331
,331
,365
,342
,327
,342
,357
2026 06 19 18:07:42.789842,341
,324
,343
,337
,334
,333
,359
,347
,316
,328
,364
,344
,327
,350
2026 06 19 18:07:42.855733,362
,337
,318
,346
,359
,326
,322
,363
,350
,327
,346
,357
,324
,319
2026 06 19 18:07:42.917696,357
,373
,340
,331
,370
,359
,331
,341
,356
,328
,322
,357
,361
,335
2026 06 19 18:07:42.977504,322
,364
,355
,334
,343
,366
,355
,339
,355
,363
,339
,327
,351
,339
2026 06 19 18:07:43.043897,325
,328
,368
,367
,333
,351
,368
,360
,340
,362
,363
,347
,339
,367
2026 06 19 18:07:43.105203,350
,326
,335
,355
,340
,310
,331
,367
,351
,331
,360
,351
,322
,346
2026 06 19 18:07:43.170700,359
,351
,343
,359
,359
,330
,321
,337
,345
,340
,339
,362
,350
,327
2026 06 19 18:07:43.231887,343
,362
,342
,329
,358
,358
,332
,325
,351
,337
,325
,336
,356
,341
2026 06 19 18:07:43.293236,305
,363
,371
,346
,335
,359
,348
,323
,340
,368
,352
,325
,333
,358
2026 06 19 18:07:43.358688,335
,324
,358
,353
,329
,338
,364
,358
,333
,349
,367
,342
,326
,357
2026 06 19 18:07:43.420313,361
,330
,332
,372
,352
,319
,336
,368
,354
,329
,346
,358
,334
,337
2026 06 19 18:07:43.485257,370
,359
,333
,336
,357
,354
,337
,352
,359
,333
,321
,353
,354
,326
2026 06 19 18:07:43.546911,327
,351
,345
,316
,324
,358
,353
,332
,360
,360
,333
,336
,365
,351
2026 06 19 18:07:43.608986,328
,337
,356
,342
,322
,345
,349
,321
,325
,362
,360
,326
,330
,375
2026 06 19 18:07:43.674481,360
,333
,344
,347
,340
,334
,355
,352
,321
,322
,349
,328
,319
,342
2026 06 19 18:07:43.735192,357
,332
,313
,338
,353
,336
,321
,358
,359
,335
,355
,374
,347
,336
2026 06 19 18:07:43.801409,359
,365
,345
,337
,365
,363
,343
,347
,370
,359
,337
,351
,365
,349
2026 06 19 18:07:43.862336,342
,371
,367
,345
,354
,378
,357
,332
,344
,365
,356
,342
,363
,360
2026 06 19 18:07:43.923869,337
,339
,368
,352
,319
,337
,366
,358
,334
,357
,370
,350
,337
,364
2026 06 19 18:07:43.989921,357
,333
,343
,367
,352
,329
,350
,361
,341
,332
,351
,351
,330
,337
2026 06 19 18:07:44.051443,376
,358
,337
,355
,375
,354
,328
,360
,365
,347
,346
,374
,353
,332
2026 06 19 18:07:44.117852,349
,373
,350
,328
,358
,370
,350
,334
,360
,363
,344
,348
,369
,353
2026 06 19 18:07:44.177478,338
,353
,359
,348
,343
,360
,358
,350
,358
,382
,365
,347
,365
,381
2026 06 19 18:07:44.239625,361
,345
,371
,368
,340
,347
,380
,369
,352
,356
,372
,364
,341
,360
2026 06 19 18:07:44.305248,369
,345
,377
,400
,385
,359
,362
,387
,374
,349
,367
,379
,358
,344
2026 06 19 18:07:44.370349,372
,368
,344
,348
,379
,362
,337
,354
,375
,362
,351
,379
,379
,355
2026 06 19 18:07:44.431534,348
,372
,360
,336
,348
,367
,346
,324
,356
,363
,343
,349
,364
,378
2026 06 19 18:07:44.493639,371
,372
,395
,373
,354
,374
,382
,359
,335
,354
,355
,347
,358
,384
2026 06 19 18:07:44.555168,367
,345
,372
,393
,376
,356
,377
,378
,354
,345
,382
,369
,341
,351
2026 06 19 18:07:44.619909,379
,364
,341
,367
,378
,351
,337
,384
,369
,343
,358
,378
,350
,338
2026 06 19 18:07:44.681746,353
,363
,353
,325
,372
,372
,352
,350
,376
,362
,339
,356
,375
,356
2026 06 19 18:07:44.749863,335
,362
,363
,343
,337
,366
,356
,327
,330
,354
,349
,342
,371
,379
2026 06 19 18:07:44.808739,358
,345
,374
,368
,343
,352
,377
,355
,333
,351
,361
,343
,319
,354
2026 06 19 18:07:44.870003,353
,338
,359
,384
,369
,344
,358
,375
,356
,344
,367
,366
,346
,343
2026 06 19 18:07:44.936056,367
,350
,323
,341
,360
,346
,327
,347
,372
,347
,329
,362
,371
,348
2026 06 19 18:07:44.996902,350
,374
,359
,331
,351
,367
,346
,331
,357
,355
,332
,337
,360
,341
2026 06 19 18:07:45.062759,327
,352
,372
,347
,332
,356
,360
,335
,328
,364
,352
,327
,336
,365
2026 06 19 18:07:45.124356,351
,328
,348
,359
,339
,327
,358
,353
,326
,327
,351
,346
,335
,349
2026 06 19 18:07:45.185238,361
,332
,321
,359
,373
,341
,328
,357
,358
,329
,340
,363
,360
,342
2026 06 19 18:07:45.251744,361
,366
,336
,329
,363
,355
,337
,345
,365
,349
,324
,342
,363
,342
2026 06 19 18:07:45.312888,334
,374
,370
,342
,334
,362
,348
,324
,341
,364
,343
,328
,353
,356
2026 06 19 18:07:45.380762,335
,332
,357
,348
,330
,345
,370
,354
,334
,353
,366
,346
,339
,363
2026 06 19 18:07:45.439180,352
,327
,340
,361
,345
,327
,352
,364
,346
,332
,348
,348
,339
,348
2026 06 19 18:07:45.501279,371
,352
,333
,346
,366
,336
,323
,359
,363
,342
,337
,367
,356
,330
2026 06 19 18:07:45.565297,343
,366
,352
,350
,369
,369
,343
,338
,361
,357
,331
,332
,360
,349
2026 06 19 18:07:45.628659,331
,353
,371
,348
,334
,368
,377
,350
,355
,371
,366
,350
,352
,375
2026 06 19 18:07:45.694443,357
,337
,353
,364
,341
,334
,367
,354
,328
,336
,360
,355
,332
,348
2026 06 19 18:07:45.755115,356
,327
,333
,381
,368
,340
,343
,362
,344
,325
,345
,363
,344
,329
2026 06 19 18:07:45.816683,352
,338
,326
,350
,374
,351
,316
,335
,372
,349
,327
,350
,353
,331
2026 06 19 18:07:45.882223,324
,364
,355
,333
,344
,369
,350
,328
,355
,361
,338
,327
,352
,347
2026 06 19 18:07:45.943615,328
,336
,363
,337
,316
,350
,368
,348
,329
,357
,358
,335
,345
,375
2026 06 19 18:07:46.004412,358
,332
,352
,369
,349
,334
,354
,362
,341
,334
,367
,355
,332
,346
2026 06 19 18:07:46.070058,368
,353
,330
,347
,365
,344
,327
,347
,368
,348
,345
,363
,344
,328
2026 06 19 18:07:46.131932,350
,363
,338
,331
,361
,353
,335
,341
,364
,349
,333
,351
,368
,338
2026 06 19 18:07:46.197580,310
,343
,354
,330
,338
,365
,349
,334
,348
,367
,348
,327
,365
,371
2026 06 19 18:07:46.258798,353
,346
,371
,360
,332
,339
,367
,350
,337
,356
,371
,336
,321
,369
2026 06 19 18:07:46.320923,371
,336
,345
,377
,359
,329
,348
,368
,347
,331
,354
,357
,339
,337
2026 06 19 18:07:46.385980,370
,361
,334
,341
,374
,351
,325
,352
,361
,350
,346
,367
,357
,331
2026 06 19 18:07:46.447029,342
,370
,359
,339
,352
,372
,352
,337
,364
,363
,339
,340
,373
,358
2026 06 19 18:07:46.515437,340
,357
,369
,351
,333
,357
,372
,342
,337
,365
,373
,355
,366
,382
2026 06 19 18:07:46.573971,354
,331
,361
,373
,351
,340
,367
,366
,344
,343
,365
,344
,323
,355
2026 06 19 18:07:46.636029,368
,352
,343
,374
,371
,347
,352
,369
,360
,346
,368
,379
,359
,337
2026 06 19 18:07:46.700688,359
,363
,340
,333
,367
,360
,335
,348
,376
,362
,337
,356
,378
,363
2026 06 19 18:07:46.762837,350
,372
,377
,346
,348
,373
,349
,328
,348
,365
,348
,333
,364
,368
2026 06 19 18:07:46.827617,347
,342
,353
,337
,344
,357
,374
,354
,330
,355
,364
,348
,338
,365
2026 06 19 18:07:46.889821,363
,331
,337
,380
,370
,342
,360
,367
,344
,331
,362
,352
,329
,338
2026 06 19 18:07:46.951261,364
,346
,326
,342
,355
,335
,318
,348
,361
,343
,340
,362
,346
,319
2026 06 19 18:07:47.017826,332
,347
,318
,313
,353
,372
,348
,333
,363
,355
,335
,344
,367
,348
2026 06 19 18:07:47.077428,329
,351
,364
,341
,330
,355
,349
,330
,337
,361
,347
,317
,340
,352
2026 06 19 18:07:47.143365,351
,321
,353
,376
,349
,343
,368
,353
,330
,343
,352
,340
,328
,350
2026 06 19 18:07:47.205328,365
,347
,334
,353
,348
,331
,340
,372
,356
,333
,352
,362
,340
,326
2026 06 19 18:07:47.268965,355
,347
,320
,335
,362
,338
,323
,354
,367
,348
,327
,353
,357
,337
2026 06 19 18:07:47.332101,336
,362
,352
,329
,341
,360
,341
,317
,339
,357
,334
,318
,356
,355
2026 06 19 18:07:47.393930,335
,342
,366
,353
,332
,352
,362
,333
,309
,352
,362
,337
,332
,354
2026 06 19 18:07:47.459140,344
,326
,341
,359
,338
,321
,355
,358
,331
,334
,363
,351
,329
,345
2026 06 19 18:07:47.520057,367
,354
,330
,349
,356
,338
,313
,343
,357
,337
,345
,366
,350
,336
2026 06 19 18:07:47.585063,365
,373
,346
,333
,355
,358
,341
,337
,366
,348
,330
,343
,364
,343
2026 06 19 18:07:47.646935,332
,358
,367
,345
,328
,351
,359
,349
,348
,367
,366
,338
,356
,366
2026 06 19 18:07:47.708745,340
,333
,360
,362
,343
,350
,373
,353
,328
,354
,364
,344
,334
,361
2026 06 19 18:07:47.773981,355
,329
,338
,357
,337
,309
,339
,374
,350
,336
,362
,366
,346
,342
2026 06 19 18:07:47.836171,366
,362
,336
,347
,367
,345
,323
,351
,357
,341
,327
,364
,363
,336
2026 06 19 18:07:47.896959,339
,367
,349
,331
,349
,371
,350
,331
,363
,364
,327
,324
,360
,347
2026 06 19 18:07:47.962838,329
,348
,363
,344
,332
,366
,371
,340
,333
,366
,355
,330
,337
,349
2026 06 19 18:07:48.024380,336
,338
,356
,354
,338
,343
,377
,375
,350
,350
,376
,359
,339
,354
2026 06 19 18:07:48.089687,370
,363
,347
,373
,369
,359
,353
,369
,350
,334
,361
,372
,348
,330
2026 06 19 18:07:48.150926,358
,353
,360
,353
,378
,368
,337
,350
,376
,355
,333
,355
,362
,348
2026 06 19 18:07:48.212200,331
,359
,353
,323
,333
,369
,352
,329
,346
,364
,352
,334
,361
,364
2026 06 19 18:07:48.276937,344
,342
,367
,354
,330
,342
,354
,323
,309
,364
,383
,351
,350
,379
2026 06 19 18:07:48.338699,375
,344
,342
,371
,368
,335
,351
,366
,343
,328
,358
,360
,338
,343
2026 06 19 18:07:48.405191,364
,347
,340
,357
,370
,353
,338
,362
,363
,343
,342
,370
,353
,323
2026 06 19 18:07:48.467310,326
,363
,362
,343
,360
,367
,340
,334
,356
,348
,336
,354
,370
,353
2026 06 19 18:07:48.528003,336
,357
,359
,335
,327
,349
,348
,338
,336
,355
,360
,339
,350
,369
2026 06 19 18:07:48.594378,357
,338
,361
,362
,335
,329
,376
,367
,337
,346
,370
,352
,329
,347
2026 06 19 18:07:48.654847,361
,345
,333
,360
,352
,352
,352
,371
,353
,337
,355
,356
,340
,340
2026 06 19 18:07:48.720517,364
,371
,337
,325
,377
,367
,343
,362
,374
,353
,328
,358
,368
,342
2026 06 19 18:07:48.782435,338
,372
,360
,329
,348
,373
,351
,334
,359
,372
,345
,334
,360
,356
2026 06 19 18:07:48.842914,338
,344
,368
,357
,332
,351
,370
,351
,330
,356
,355
,327
,342
,371
2026 06 19 18:07:48.908766,357
,334
,350
,365
,348
,326
,340
,370
,355
,345
,369
,357
,333
,345
2026 06 19 18:07:48.969954,366
,350
,334
,355
,368
,344
,336
,363
,354
,338
,349
,377
,359
,333
2026 06 19 18:07:49.035931,355
,365
,353
,332
,345
,345
,346
,353
,381
,374
,350
,366
,379
,356
2026 06 19 18:07:49.097624,338
,362
,367
,341
,336
,365
,359
,333
,347
,369
,356
,336
,363
,368
2026 06 19 18:07:49.160029,340
,337
,378
,370
,345
,344
,368
,368
,347
,366
,372
,348
,329
,353
2026 06 19 18:07:49.223862,360
,338
,338
,360
,355
,336
,359
,368
,348
,339
,360
,363
,340
,338
2026 06 19 18:07:49.286065,359
,345
,325
,343
,367
,346
,331
,356
,361
,338
,337
,366
,357
,333
2026 06 19 18:07:49.350880,343
,371
,351
,334
,363
,363
,335
,330
,356
,351
,338
,345
,375
,357
2026 06 19 18:07:49.413383,335
,355
,372
,353
,335
,362
,368
,348
,341
,357
,350
,336
,350
,362
2026 06 19 18:07:49.473768,352
,332
,354
,358
,339
,329
,359
,357
,333
,332
,364
,352
,325
,349
2026 06 19 18:07:49.539782,365
,345
,335
,364
,366
,337
,334
,359
,346
,320
,339
,372
,344
,318
2026 06 19 18:07:49.601084,354
,365
,349
,341
,368
,357
,334
,342
,363
,349
,331
,355
,365
,339
2026 06 19 18:07:49.665399,328
,353
,353
,334
,337
,362
,352
,333
,354
,368
,342
,321
,362
,365
2026 06 19 18:07:49.727420,344
,329
,359
,374
,343
,345
,366
,352
,331
,358
,364
,341
,333
,362
2026 06 19 18:07:49.788727,364
,340
,346
,368
,352
,329
,353
,374
,350
,326
,355
,370
,345
,342
2026 06 19 18:07:49.855078,373
,362
,333
,354
,372
,347
,330
,356
,356
,337
,338
,365
,354
,333
2026 06 19 18:07:49.915926,344
,365
,344
,323
,352
,359
,335
,329
,351
,340
,322
,338
,352
,342
2026 06 19 18:07:49.979070,327
,350
,361
,340
,322
,358
,356
,336
,339
,365
,350
,328
,345
,363
2026 06 19 18:07:50.045274,343
,325
,359
,358
,321
,326
,367
,355
,334
,345
,367
,347
,336
,364
2026 06 19 18:07:50.104678,369
,353
,337
,365
,359
,333
,339
,366
,351
,328
,352
,362
,343
,339
2026 06 19 18:07:50.169932,367
,365
,341
,343
,368
,356
,336
,347
,365
,349
,328
,342
,343
,335
2026 06 19 18:07:50.231756,334
,374
,360
,350
,364
,372
,351
,326
,347
,361
,346
,326
,354
,357
2026 06 19 18:07:50.292857,350
,346
,367
,361
,332
,350
,369
,347
,341
,363
,361
,341
,336
,362
2026 06 19 18:07:50.359017,352
,329
,353
,377
,360
,340
,362
,361
,341
,336
,364
,355
,334
,349
2026 06 19 18:07:50.419763,358
,329
,338
,369
,374
,350
,335
,364
,360
,339
,344
,364
,346
,330
2026 06 19 18:07:50.486033,358
,380
,352
,339
,363
,360
,340
,335
,356
,345
,317
,356
,390
,366
2026 06 19 18:07:50.548125,338
,365
,365
,343
,345
,370
,357
,335
,343
,368
,346
,327
,353
,360
2026 06 19 18:07:50.608825,334
,328
,359
,355
,335
,340
,361
,354
,332
,341
,355
,340
,349
,369
2026 06 19 18:07:50.674386,369
,352
,349
,376
,362
,341
,359
,374
,358
,335
,360
,365
,346
,339
2026 06 19 18:07:50.735281,376
,376
,350
,358
,379
,354
,337
,373
,384
,358
,343
,369
,353
,334
2026 06 19 18:07:50.801165,358
,382
,362
,336
,351
,372
,359
,344
,369
,378
,357
,349
,375
,357
2026 06 19 18:07:50.863145,343
,362
,371
,348
,327
,360
,369
,343
,334
,361
,355
,335
,341
,360
2026 06 19 18:07:50.923664,354
,336
,359
,364
,349
,339
,362
,354
,323
,337
,370
,358
,337
,353
2026 06 19 18:07:50.989005,368
,350
,330
,358
,368
,340
,332
,360
,356
,335
,346
,364
,342
,322
2026 06 19 18:07:51.051219,348
,352
,333
,330
,358
,352
,336
,348
,354
,362
,346
,367
,376
,351
2026 06 19 18:07:51.115638,334
,349
,353
,344
,353
,376
,356
,334
,350
,365
,351
,345
,370
,371
2026 06 19 18:07:51.177787,353
,338
,373
,365
,341
,358
,375
,355
,332
,355
,365
,342
,337
,367
2026 06 19 18:07:51.238724,360
,339
,345
,364
,347
,328
,356
,361
,341
,336
,362
,355
,333
,334
2026 06 19 18:07:51.305648,370
,363
,342
,358
,370
,353
,336
,366
,369
,341
,331
,368
,358
,336
2026 06 19 18:07:51.365841,341
,358
,349
,328
,353
,359
,341
,340
,366
,364
,341
,345
,367
,352
2026 06 19 18:07:51.432175,332
,351
,372
,349
,325
,361
,356
,334
,344
,362
,351
,325
,335
,366
2026 06 19 18:07:51.493528,351
,332
,360
,367
,341
,342
,359
,355
,351
,355
,358
,341
,332
,354
2026 06 19 18:07:51.554674,365
,340
,332
,359
,352
,327
,324
,368
,370
,345
,358
,365
,339
,324
2026 06 19 18:07:51.620054,351
,353
,335
,341
,365
,354
,342
,354
,367
,340
,320
,355
,367
,344
2026 06 19 18:07:51.681953,346
,378
,361
,336
,344
,356
,345
,335
,358
,361
,327
,337
,383
,368
2026 06 19 18:07:51.746779,338
,340
,365
,364
,338
,359
,370
,345
,331
,361
,357
,331
,327
,356
2026 06 19 18:07:51.809045,326
,314
,347
,362
,351
,335
,355
,362
,343
,335
,361
,355
,332
,342
2026 06 19 18:07:51.869651,361
,343
,325
,350
,356
,343
,338
,363
,358
,331
,343
,368
,347
,315
2026 06 19 18:07:51.935736,329
,370
,353
,343
,367
,365
,339
,334
,360
,351
,330
,344
,353
,340
2026 06 19 18:07:51.997039,344
,357
,346
,322
,340
,372
,355
,328
,333
,355
,339
,323
,344
,354
2026 06 19 18:07:52.063933,333
,319
,336
,331
,322
,318
,356
,334
,306
,342
,352
,337
,321
,349
2026 06 19 18:07:52.124048,335
,309
,339
,359
,341
,328
,332
,344
,341
,336
,357
,363
,332
,338
2026 06 19 18:07:52.185660,373
,357
,327
,352
,370
,349
,331
,355
,368
,345
,329
,354
,368
,350
2026 06 19 18:07:52.250892,357
,373
,358
,344
,350
,356
,349
,340
,381
,372
,341
,362
,380
,368
2026 06 19 18:07:52.312737,340
,354
,377
,361
,320
,330
,383
,365
,333
,354
,383
,357
,356
,385
2026 06 19 18:07:52.377917,365
,344
,368
,376
,356
,339
,371
,371
,351
,356
,380
,364
,341
,368
2026 06 19 18:07:52.439678,384
,360
,341
,372
,365
,363
,359
,385
,375
,352
,363
,390
,360
,362
2026 06 19 18:07:52.499750,385
,373
,352
,369
,385
,394
,377
,378
,387
,366
,352
,371
,383
,363
2026 06 19 18:07:52.566917,352
,383
,373
,349
,358
,389
,374
,352
,357
,372
,378
,358
,366
,372
2026 06 19 18:07:52.627523,365
,364
,375
,363
,370
,380
,398
,380
,362
,378
,383
,361
,360
,380
2026 06 19 18:07:52.693677,386
,360
,374
,384
,361
,364
,395
,400
,373
,355
,372
,374
,375
,372
2026 06 19 18:07:52.755054,386
,360
,360
,388
,393
,365
,348
,381
,384
,368
,356
,390
,394
,356
2026 06 19 18:07:52.816598,370
,403
,379
,356
,381
,401
,373
,356
,392
,384
,357
,367
,374
,361
2026 06 19 18:07:52.882190,361
,376
,399
,361
,340
,380
,371
,350
,363
,390
,368
,331
,364
,396
2026 06 19 18:07:52.943666,372
,353
,374
,360
,350
,369
,381
,358
,346
,371
,382
,359
,335
,368
2026 06 19 18:07:53.008932,381
,346
,319
,359
,394
,365
,364
,384
,370
,333
,383
,393
,363
,340
2026 06 19 18:07:53.069729,371
,372
,351
,353
,367
,350
,350
,368
,375
,343
,322
,371
,373
,347
2026 06 19 18:07:53.131950,342
,383
,362
,330
,346
,369
,348
,338
,364
,353
,343
,354
,375
,364
2026 06 19 18:07:53.196940,337
,342
,368
,348
,329
,362
,379
,355
,339
,362
,357
,345
,346
,363
2026 06 19 18:07:53.258785,335
,335
,383
,387
,357
,336
,359
,356
,330
,341
,369
,354
,327
,344
2026 06 19 18:07:53.324099,365
,344
,316
,347
,361
,337
,327
,344
,329
,316
,334
,357
,358
,339
2026 06 19 18:07:53.385865,354
,369
,348
,331
,352
,359
,335
,330
,346
,347
,322
,332
,358
,333
2026 06 19 18:07:53.446819,335
,359
,357
,353
,337
,356
,368
,345
,348
,366
,345
,325
,347
,353
2026 06 19 18:07:53.512709,327
,321
,353
,346
,332
,330
,362
,353
,334
,348
,359
,345
,328
,347
2026 06 19 18:07:53.574014,341
,313
,298
,348
,338
,310
,329
,355
,326
,304
,329
,337
,324
,322
2026 06 19 18:07:53.639057,355
,345
,316
,322
,351
,339
,307
,331
,343
,326
,326
,350
,342
,323
2026 06 19 18:07:53.700768,333
,358
,337
,324
,350
,374
,348
,326
,351
,341
,314
,319
,340
,333
2026 06 19 18:07:53.761812,326
,341
,363
,344
,321
,329
,324
,341
,348
,346
,324
,314
,322
,352
2026 06 19 18:07:53.828143,335
,307
,336
,347
,325
,306
,322
,344
,329
,314
,317
,349
,302
,343
2026 06 19 18:07:53.889594,361
,325
,304
,347
,348
,316
,313
,349
,319
,288
,333
,357
,324
,302
2026 06 19 18:07:53.955028,345
,353
,309
,299
,355
,350
,319
,329
,358
,336
,317
,351
,354
,321
2026 06 19 18:07:54.016998,311
,344
,353
,328
,332
,356
,334
,317
,319
,337
,356
,330
,364
,362
2026 06 19 18:07:54.077887,328
,316
,364
,354
,317
,318
,343
,329
,322
,348
,359
,332
,290
,362
2026 06 19 18:07:54.143200,372
,339
,347
,365
,341
,330
,351
,355
,340
,333
,355
,353
,318
,329
2026 06 19 18:07:54.204246,364
,351
,318
,339
,353
,335
,316
,351
,361
,336
,332
,358
,338
,314
2026 06 19 18:07:54.265892,332
,356
,333
,326
,334
,335
,335
,323
,359
,348
,321
,321
,361
,341
2026 06 19 18:07:54.331918,314
,342
,351
,326
,308
,344
,336
,312
,318
,347
,338
,319
,339
,343
2026 06 19 18:07:54.392851,319
,319
,365
,348
,320
,325
,346
,326
,299
,327
,346
,323
,300
,315
2026 06 19 18:07:54.457644,343
,363
,342
,365
,356
,328
,330
,354
,342
,319
,322
,352
,339
,320
2026 06 19 18:07:54.520305,332
,313
,311
,325
,362
,344
,299
,328
,384
,355
,332
,350
,349
,316
2026 06 19 18:07:54.581701,305
,331
,326
,308
,312
,330
,311
,302
,343
,351
,330
,316
,365
,355
2026 06 19 18:07:54.647081,328
,334
,353
,334
,314
,331
,339
,322
,304
,341
,344
,313
,309
,345
2026 06 19 18:07:54.708763,334
,322
,335
,343
,339
,328
,347
,353
,332
,319
,349
,350
,319
,330
2026 06 19 18:07:54.774024,359
,331
,324
,355
,359
,334
,325
,350
,347
,336
,344
,360
,351
,338
2026 06 19 18:07:54.835208,356
,351
,311
,330
,349
,327
,314
,332
,349
,332
,312
,329
,339
,321
2026 06 19 18:07:54.896805,313
,332
,327
,323
,313
,345
,349
,323
,333
,366
,345
,314
,337
,351
2026 06 19 18:07:54.962912,321
,322
,349
,341
,314
,314
,342
,332
,307
,332
,342
,326
,313
,344
2026 06 19 18:07:55.024096,343
,327
,331
,362
,351
,321
,330
,351
,325
,313
,340
,342
,325
,327
2026 06 19 18:07:55.089527,356
,348
,325
,338
,359
,339
,319
,342
,346
,318
,314
,368
,367
,333
2026 06 19 18:07:55.150988,327
,350
,345
,333
,349
,358
,345
,326
,360
,355
,335
,337
,364
,350
2026 06 19 18:07:55.212780,328
,337
,351
,345
,332
,356
,337
,294
,363
,398
,372
,342
,351
,369
2026 06 19 18:07:55.277896,354
,337
,353
,359
,344
,330
,351
,329
,314
,347
,372
,354
,327
,343
2026 06 19 18:07:55.338783,375
,339
,331
,384
,374
,343
,356
,391
,369
,334
,343
,360
,343
,324
2026 06 19 18:07:55.405017,361
,363
,341
,349
,378
,368
,334
,346
,369
,349
,341
,371
,384
,348
2026 06 19 18:07:55.466510,332
,371
,361
,327
,336
,362
,346
,326
,341
,361
,342
,342
,364
,356
2026 06 19 18:07:55.527744,362
,358
,376
,367
,342
,355
,370
,346
,324
,353
,357
,335
,328
,368
2026 06 19 18:07:55.593389,364
,330
,344
,368
,352
,333
,355
,361
,349
,337
,356
,350
,335
,339
2026 06 19 18:07:55.654296,369
,350
,331
,351
,362
,345
,328
,352
,355
,334
,326
,374
,364
,336
2026 06 19 18:07:55.720035,351
,368
,341
,314
,359
,365
,339
,336
,361
,353
,335
,338
,357
,349
2026 06 19 18:07:55.781828,332
,355
,367
,339
,336
,357
,352
,337
,339
,366
,347
,327
,352
,362
2026 06 19 18:07:55.842793,337
,330
,349
,350
,346
,339
,372
,369
,342
,344
,368
,352
,331
,352
2026 06 19 18:07:55.908315,358
,347
,347
,372
,361
,336
,346
,371
,360
,329
,366
,385
,358
,344
2026 06 19 18:07:55.971875,371
,362
,338
,336
,370
,354
,335
,352
,366
,348
,328
,359
,359
,335
2026 06 19 18:07:56.035675,340
,369
,350
,324
,349
,357
,343
,335
,363
,359
,335
,338
,364
,355
2026 06 19 18:07:56.096821,334
,355
,379
,349
,331
,364
,376
,349
,336
,366
,362
,344
,339
,374
2026 06 19 18:07:56.158719,365
,338
,341
,372
,368
,345
,372
,373
,350
,344
,362
,354
,335
,352
2026 06 19 18:07:56.223789,378
,359
,337
,345
,361
,360
,347
,375
,370
,341
,345
,370
,367
,357
2026 06 19 18:07:56.285718,372
,376
,353
,345
,377
,371
,348
,349
,373
,359
,333
,346
,363
,356
2026 06 19 18:07:56.350925,342
,371
,373
,349
,347
,373
,358
,335
,351
,373
,361
,339
,358
,367
2026 06 19 18:07:56.412671,356
,344
,353
,358
,355
,356
,381
,367
,342
,352
,376
,362
,346
,369
2026 06 19 18:07:56.473464,366
,337
,337
,364
,343
,326
,356
,373
,356
,333
,363
,388
,362
,355
2026 06 19 18:07:56.539152,380
,367
,345
,359
,379
,359
,333
,356
,362
,336
,341
,378
,369
,342
2026 06 19 18:07:56.600891,356
,376
,357
,337
,357
,365
,353
,345
,370
,355
,338
,351
,381
,364
2026 06 19 18:07:56.666570,335
,352
,379
,362
,350
,369
,370
,349
,343
,368
,345
,327
,365
,384
2026 06 19 18:07:56.727783,358
,336
,350
,364
,345
,327
,356
,365
,340
,337
,372
,371
,345
,362
2026 06 19 18:07:56.791602,374
,356
,339
,370
,367
,346
,342
,364
,359
,327
,343
,368
,347
,324
2026 06 19 18:07:56.854817,354
,359
,350
,356
,379
,367
,348
,363
,376
,354
,333
,351
,358
,333
2026 06 19 18:07:56.916345,326
,361
,355
,332
,341
,364
,350
,343
,357
,371
,352
,327
,363
,356
2026 06 19 18:07:56.981686,345
,343
,368
,356
,324
,339
,368
,352
,335
,362
,369
,347
,344
,373
2026 06 19 18:07:57.042632,360
,334
,348
,364
,342
,307
,334
,373
,340
,328
,361
,357
,334
,341
2026 06 19 18:07:57.104659,367
,349
,328
,345
,355
,335
,342
,377
,367
,338
,332
,359
,355
,327
2026 06 19 18:07:57.169025,342
,361
,349
,340
,359
,352
,353
,354
,380
,368
,342
,347
,369
,351
2026 06 19 18:07:57.231699,326
,347
,360
,339
,336
,361
,361
,341
,350
,371
,361
,341
,371
,371
2026 06 19 18:07:57.296946,351
,344
,380
,374
,347
,343
,362
,345
,326
,354
,378
,361
,341
,365
2026 06 19 18:07:57.358919,371
,350
,358
,373
,358
,348
,359
,382
,352
,331
,367
,385
,358
,350
2026 06 19 18:07:57.419951,379
,374
,354
,359
,381
,363
,339
,353
,369
,346
,335
,374
,369
,351
2026 06 19 18:07:57.486837,353
,374
,360
,341
,356
,373
,347
,336
,368
,375
,351
,351
,377
,360
2026 06 19 18:07:57.547014,339
,345
,367
,343
,332
,366
,365
,347
,339
,369
,366
,347
,354
,380
2026 06 19 18:07:57.612627,355
,329
,359
,385
,360
,339
,367
,365
,338
,334
,366
,356
,334
,342
2026 06 19 18:07:57.673803,369
,366
,348
,365
,367
,348
,338
,364
,354
,331
,350
,374
,349
,328
2026 06 19 18:07:57.735328,355
,371
,360
,349
,369
,352
,339
,351
,375
,364
,348
,369
,375
,352
2026 06 19 18:07:57.800274,345
,374
,368
,334
,340
,371
,350
,326
,344
,363
,342
,323
,357
,371
2026 06 19 18:07:57.862691,356
,342
,362
,358
,341
,347
,368
,341
,323
,347
,363
,341
,328
,352
2026 06 19 18:07:57.927501,357
,341
,346
,374
,353
,329
,345
,372
,348
,333
,359
,358
,333
,322
2026 06 19 18:07:57.989368,352
,360
,347
,358
,374
,349
,333
,362
,377
,352
,336
,358
,357
,338
2026 06 19 18:07:58.051772,341
,361
,344
,333
,349
,360
,344
,346
,365
,361
,350
,356
,376
,357
2026 06 19 18:07:58.116762,341
,366
,383
,357
,332
,362
,366
,340
,336
,366
,352
,331
,340
,352
2026 06 19 18:07:58.177909,356
,333
,364
,369
,346
,340
,376
,361
,332
,346
,373
,354
,329
,345
2026 06 19 18:07:58.238647,356
,333
,320
,354
,357
,340
,339
,363
,349
,327
,355
,377
,357
,347
2026 06 19 18:07:58.304926,374
,365
,339
,340
,361
,353
,339
,359
,372
,352
,331
,360
,373
,352
2026 06 19 18:07:58.366809,341
,375
,373
,344
,344
,365
,348
,324
,347
,356
,338
,331
,356
,360
2026 06 19 18:07:58.431277,348
,351
,375
,354
,325
,350
,379
,358
,336
,365
,375
,345
,345
,372
2026 06 19 18:07:58.492758,356
,337
,355
,366
,368
,356
,374
,375
,361
,341
,361
,368
,352
,355
2026 06 19 18:07:58.555374,377
,366
,347
,367
,379
,359
,336
,368
,365
,339
,344
,368
,355
,336
2026 06 19 18:07:58.619027,362
,372
,354
,333
,357
,364
,354
,346
,373
,361
,333
,343
,363
,347
2026 06 19 18:07:58.681067,330
,356
,363
,336
,351
,382
,373
,349
,354
,375
,362
,339
,359
,375
2026 06 19 18:07:58.746973,344
,338
,366
,362
,348
,337
,368
,371
,349
,366
,388
,364
,348
,382
2026 06 19 18:07:58.807517,381
,349
,346
,387
,367
,346
,361
,377
,351
,336
,371
,380
,356
,345
2026 06 19 18:07:58.872065,382
,371
,345
,350
,378
,353
,348
,364
,368
,358
,344
,372
,371
,351
2026 06 19 18:07:58.935676,351
,374
,353
,323
,345
,370
,357
,344
,366
,367
,337
,334
,363
,351
2026 06 19 18:07:58.996642,304
,342
,401
,380
,350
,368
,362
,338
,329
,346
,357
,336
,341
,358
2026 06 19 18:07:59.062077,342
,325
,340
,358
,340
,326
,358
,367
,343
,345
,367
,358
,334
,349
2026 06 19 18:07:59.125672,360
,338
,324
,355
,380
,349
,345
,375
,368
,348
,355
,378
,350
,330
2026 06 19 18:07:59.184875,354
,362
,349
,347
,376
,369
,347
,349
,369
,349
,327
,349
,365
,342
2026 06 19 18:07:59.250918,326
,358
,362
,322
,315
,363
,361
,354
,374
,378
,350
,336
,362
,368
2026 06 19 18:07:59.312615,349
,344
,369
,358
,331
,345
,371
,353
,332
,357
,365
,341
,326
,355
2026 06 19 18:07:59.377665,363
,347
,347
,372
,356
,333
,354
,367
,346
,327
,357
,357
,333
,333
2026 06 19 18:07:59.438920,361
,350
,334
,353
,372
,351
,331
,358
,360
,346
,322
,348
,367
,350
2026 06 19 18:07:59.500802,331
,371
,374
,344
,361
,369
,353
,338
,362
,360
,339
,348
,376
,352
2026 06 19 18:07:59.566196,322
,361
,367
,334
,327
,354
,368
,345
,350
,373
,347
,332
,352
,362
2026 06 19 18:07:59.626679,340
,327
,356
,363
,337
,333
,359
,350
,329
,338
,364
,344
,333
,350
2026 06 19 18:07:59.692703,355
,344
,333
,352
,348
,338
,337
,364
,352
,329
,339
,363
,350
,334
2026 06 19 18:07:59.754902,352
,353
,343
,344
,375
,362
,337
,352
,375
,353
,331
,362
,365
,339
2026 06 19 18:07:59.815934,336
,352
,353
,326
,338
,376
,357
,321
,367
,390
,363
,346
,368
,365
2026 06 19 18:07:59.881445,345
,350
,371
,358
,336
,355
,366
,346
,329
,356
,350
,334
,342
,366
2026 06 19 18:07:59.943464,351
,333
,350
,360
,342
,327
,375
,374
,343
,342
,363
,346
,334
,346
2026 06 19 18:08:00.011885,364
,347
,328
,352
,361
,339
,331
,358
,359
,329
,336
,371
,355
,340
2026 06 19 18:08:00.071200,350
,352
,351
,343
,364
,361
,337
,334
,366
,359
,333
,345
,364
,342
2026 06 19 18:08:00.131658,327
,353
,355
,326
,333
,365
,350
,312
,348
,374
,354
,332
,360
,369
2026 06 19 18:08:00.197059,344
,332
,364
,366
,339
,340
,364
,355
,333
,352
,359
,343
,330
,360
2026 06 19 18:08:00.259791,363
,337
,341
,364
,358
,340
,361
,380
,359
,332
,355
,366
,342
,327
2026 06 19 18:08:00.323705,354
,358
,337
,342
,365
,354
,336
,353
,367
,346
,335
,362
,367
,345
2026 06 19 18:08:00.385742,348
,373
,352
,325
,358
,374
,354
,337
,361
,367
,341
,334
,360
,357
2026 06 19 18:08:00.447004,337
,349
,362
,344
,333
,357
,365
,341
,341
,373
,362
,337
,345
,364
2026 06 19 18:08:00.512671,349
,334
,364
,374
,350
,327
,361
,359
,334
,349
,374
,354
,336
,356
2026 06 19 18:08:00.573537,371
,352
,341
,362
,365
,340
,337
,363
,355
,342
,351
,365
,337
,324
2026 06 19 18:08:00.639202,351
,374
,357
,339
,365
,361
,340
,342
,367
,355
,336
,355
,364
,347
2026 06 19 18:08:00.700725,333
,362
,361
,328
,342
,370
,358
,335
,346
,364
,341
,332
,357
,354
2026 06 19 18:08:00.763369,331
,335
,365
,352
,324
,345
,369
,347
,327
,349
,356
,341
,332
,353
2026 06 19 18:08:00.827555,355
,337
,343
,361
,348
,331
,350
,362
,338
,321
,346
,355
,334
,331
2026 06 19 18:08:00.889260,352
,348
,328
,341
,361
,339
,323
,352
,356
,335
,332
,361
,357
,335
2026 06 19 18:08:00.954488,341
,358
,356
,339
,359
,358
,335
,334
,368
,357
,333
,339
,362
,348
2026 06 19 18:08:01.015328,325
,347
,363
,342
,328
,359
,366
,339
,350
,369
,350
,339
,352
,365
2026 06 19 18:08:01.077109,345
,331
,357
,347
,329
,337
,359
,345
,328
,336
,352
,340
,321
,346
2026 06 19 18:08:01.142902,361
,345
,333
,355
,344
,331
,336
,346
,332
,323
,345
,358
,334
,320
2026 06 19 18:08:01.204735,353
,350
,327
,331
,351
,344
,329
,344
,357
,338
,323
,350
,353
,331
2026 06 19 18:08:01.268974,326
,364
,354
,332
,340
,360
,335
,325
,356
,360
,335
,320
,357
,363
2026 06 19 18:08:01.331734,341
,342
,363
,341
,330
,353
,360
,340
,331
,360
,355
,333
,339
,373
2026 06 19 18:08:01.392504,358
,331
,353
,365
,344
,333
,359
,359
,336
,335
,362
,350
,327
,338
2026 06 19 18:08:01.458270,356
,336
,310
,338
,367
,362
,343
,368
,357
,336
,344
,363
,351
,329
2026 06 19 18:08:01.520193,345
,366
,352
,330
,355
,354
,327
,334
,358
,347
,335
,359
,368
,344
2026 06 19 18:08:01.585318,333
,365
,365
,339
,329
,362
,361
,325
,335
,374
,349
,330
,359
,366
2026 06 19 18:08:01.647110,345
,339
,371
,364
,345
,351
,368
,350
,332
,349
,364
,339
,330
,353
2026 06 19 18:08:01.707587,347
,325
,332
,374
,371
,347
,356
,364
,354
,338
,366
,358
,338
,335
2026 06 19 18:08:01.773516,367
,353
,335
,358
,372
,348
,323
,343
,358
,336
,330
,358
,354
,334
2026 06 19 18:08:01.835297,343
,371
,356
,335
,353
,368
,340
,327
,348
,345
,334
,341
,365
,353
2026 06 19 18:08:01.900681,327
,353
,359
,338
,324
,348
,354
,338
,340
,364
,357
,338
,351
,365
2026 06 19 18:08:01.961951,347
,333
,360
,371
,356
,339
,362
,367
,334
,332
,348
,322
,350
,372
2026 06 19 18:08:02.023239,375
,350
,335
,359
,355
,337
,337
,360
,345
,326
,346
,364
,344
,329
2026 06 19 18:08:02.089179,365
,369
,346
,335
,370
,357
,323
,368
,390
,363
,339
,359
,368
,344
2026 06 19 18:08:02.151080,334
,358
,341
,322
,333
,361
,341
,327
,347
,365
,347
,335
,363
,365
2026 06 19 18:08:02.211544,342
,344
,372
,361
,344
,359
,372
,351
,337
,361
,365
,341
,320
,358
2026 06 19 18:08:02.276998,361
,345
,348
,358
,323
,321
,363
,372
,342
,326
,358
,350
,327
,333
2026 06 19 18:08:02.338714,355
,336
,322
,343
,360
,340
,321
,346
,347
,328
,329
,354
,344
,324
2026 06 19 18:08:02.404834,343
,358
,340
,326
,351
,340
,297
,285
,360
,364
,338
,341
,360
,341
2026 06 19 18:08:02.465971,322
,340
,350
,325
,318
,348
,344
,324
,331
,353
,329
,304
,339
,376
2026 06 19 18:08:02.527579,346
,321
,361
,363
,333
,341
,365
,358
,333
,340
,358
,339
,331
,362
2026 06 19 18:08:02.592925,365
,341
,336
,374
,363
,339
,347
,367
,345
,326
,344
,359
,340
,328
2026 06 19 18:08:02.654821,355
,347
,335
,341
,367
,351
,338
,367
,379
,357
,334
,367
,369
,341
2026 06 19 18:08:02.720139,338
,365
,354
,346
,359
,377
,364
,344
,371
,373
,349
,340
,376
,366
2026 06 19 18:08:02.780859,346
,352
,366
,348
,332
,355
,356
,329
,324
,372
,369
,361
,357
,379
2026 06 19 18:08:02.842484,364
,342
,360
,369
,346
,323
,361
,371
,349
,345
,377
,358
,327
,365
2026 06 19 18:08:02.908860,385
,361
,339
,363
,365
,345
,338
,367
,354
,328
,332
,355
,341
,328
2026 06 19 18:08:02.969683,351
,365
,341
,330
,369
,366
,339
,346
,362
,347
,338
,364
,369
,340
2026 06 19 18:08:03.036898,327
,378
,384
,354
,349
,376
,362
,337
,352
,372
,348
,332
,359
,366
2026 06 19 18:08:03.097069,345
,333
,361
,359
,338
,344
,369
,352
,325
,359
,373
,351
,340
,379
2026 06 19 18:08:03.157683,374
,343
,345
,376
,359
,334
,345
,358
,347
,335
,364
,363
,335
,343
2026 06 19 18:08:03.223863,371
,359
,333
,354
,373
,356
,332
,347
,362
,342
,333
,364
,357
,328
2026 06 19 18:08:03.285176,358
,382
,358
,330
,360
,368
,350
,343
,372
,364
,344
,348
,371
,352
2026 06 19 18:08:03.351135,322
,336
,362
,348
,330
,351
,358
,330
,332
,355
,346
,324
,338
,365
2026 06 19 18:08:03.412488,348
,329
,347
,365
,335
,317
,360
,358
,342
,348
,368
,350
,330
,355
2026 06 19 18:08:03.473907,366
,344
,332
,358
,352
,330
,328
,353
,344
,323
,337
,349
,329
,320
2026 06 19 18:08:03.538612,352
,356
,334
,334
,363
,349
,324
,346
,352
,322
,346
,371
,362
,355
2026 06 19 18:08:03.600841,336
,374
,369
,339
,346
,372
,358
,332
,357
,367
,352
,337
,363
,358
2026 06 19 18:08:03.666702,330
,331
,362
,342
,328
,357
,370
,348
,323
,347
,355
,328
,326
,360
2026 06 19 18:08:03.727197,347
,318
,345
,364
,341
,324
,343
,348
,327
,328
,359
,351
,325
,332
2026 06 19 18:08:03.790275,360
,354
,335
,352
,355
,332
,341
,370
,360
,336
,342
,367
,348
,329
2026 06 19 18:08:03.853822,349
,365
,342
,325
,347
,349
,330
,327
,348
,336
,333
,348
,360
,342
2026 06 19 18:08:03.915653,338
,365
,364
,345
,333
,364
,368
,339
,341
,373
,349
,326
,349
,363
2026 06 19 18:08:03.981719,344
,338
,365
,349
,331
,338
,371
,367
,342
,355
,372
,359
,332
,357
2026 06 19 18:08:04.043091,368
,337
,334
,367
,362
,337
,351
,377
,353
,338
,366
,368
,346
,341
2026 06 19 18:08:04.103945,373
,363
,335
,346
,365
,351
,323
,356
,370
,355
,341
,368
,364
,333
2026 06 19 18:08:04.170109,337
,374
,360
,340
,351
,373
,358
,337
,361
,359
,341
,337
,362
,353
2026 06 19 18:08:04.231383,333
,341
,362
,348
,329
,357
,369
,350
,335
,361
,355
,334
,343
,366
2026 06 19 18:08:04.297032,342
,305
,341
,375
,353
,324
,361
,365
,343
,346
,368
,349
,333
,348
2026 06 19 18:08:04.357281,365
,351
,337
,359
,364
,338
,332
,362
,355
,329
,337
,360
,347
,327
2026 06 19 18:08:04.419713,353
,362
,325
,329
,380
,366
,334
,342
,376
,361
,332
,343
,373
,347
2026 06 19 18:08:04.484998,339
,366
,369
,344
,343
,368
,345
,350
,366
,376
,354
,335
,363
,362
2026 06 19 18:08:04.547061,332
,328
,374
,364
,343
,335
,373
,365
,343
,377
,380
,351
,340
,367
2026 06 19 18:08:04.612374,361
,340
,343
,355
,345
,327
,343
,354
,345
,333
,361
,374
,353
,341
2026 06 19 18:08:04.675094,361
,355
,332
,351
,361
,355
,344
,363
,363
,343
,328
,367
,355
,328
2026 06 19 18:08:04.734648,343
,370
,354
,323
,347
,385
,348
,328
,367
,375
,349
,345
,366
,352
2026 06 19 18:08:04.800984,329
,345
,356
,329
,315
,369
,370
,339
,345
,372
,359
,330
,338
,363
2026 06 19 18:08:04.861707,349
,331
,367
,359
,339
,341
,363
,352
,328
,339
,368
,346
,328
,358
2026 06 19 18:08:04.927060,368
,346
,342
,364
,349
,339
,338
,362
,337
,333
,357
,374
,352
,331
2026 06 19 18:08:04.989294,356
,359
,340
,335
,361
,349
,337
,351
,367
,350
,335
,368
,369
,338
2026 06 19 18:08:05.051016,330
,357
,358
,336
,340
,369
,353
,336
,354
,360
,347
,337
,362
,357
2026 06 19 18:08:05.116622,337
,343
,372
,353
,327
,354
,366
,347
,333
,353
,365
,340
,336
,374
2026 06 19 18:08:05.177875,364
,332
,343
,369
,347
,332
,354
,371
,339
,329
,352
,358
,337
,335
2026 06 19 18:08:05.243272,356
,344
,329
,348
,365
,338
,326
,362
,358
,337
,343
,367
,349
,326
2026 06 19 18:08:05.304834,330
,352
,348
,333
,363
,363
,337
,336
,363
,355
,328
,342
,371
,357
2026 06 19 18:08:05.365699,337
,356
,366
,339
,332
,363
,358
,335
,350
,374
,356
,333
,351
,362
2026 06 19 18:08:05.431649,336
,333
,362
,363
,344
,342
,366
,355
,335
,351
,366
,342
,321
,365
2026 06 19 18:08:05.493488,378
,345
,337
,375
,359
,326
,340
,365
,353
,333
,357
,367
,346
,335
2026 06 19 18:08:05.557692,359
,353
,340
,347
,369
,346
,323
,362
,369
,348
,336
,366
,368
,342
2026 06 19 18:08:05.620514,337
,368
,360
,333
,349
,365
,345
,335
,360
,360
,337
,328
,375
,361
2026 06 19 18:08:05.681117,333
,335
,348
,341
,329
,359
,368
,341
,330
,367
,361
,335
,342
,363
2026 06 19 18:08:05.747417,352
,334
,350
,359
,347
,342
,367
,363
,333
,318
,360
,360
,335
,353
2026 06 19 18:08:05.807408,357
,345
,345
,361
,366
,340
,331
,362
,350
,334
,344
,362
,352
,334
2026 06 19 18:08:05.874606,358
,354
,325
,339
,372
,367
,335
,344
,370
,354
,334
,350
,354
,338
2026 06 19 18:08:05.935484,337
,368
,363
,340
,336
,358
,349
,326
,340
,361
,345
,322
,360
,369
2026 06 19 18:08:05.996777,342
,331
,366
,359
,330
,335
,359
,345
,328
,342
,357
,344
,332
,355
2026 06 19 18:08:06.062998,356
,335
,338
,356
,343
,329
,355
,378
,354
,332
,354
,358
,328
,330
2026 06 19 18:08:06.124237,364
,348
,325
,344
,362
,344
,324
,346
,343
,327
,352
,371
,359
,336
2026 06 19 18:08:06.185047,352
,378
,359
,331
,350
,364
,342
,326
,357
,365
,341
,341
,356
,342
2026 06 19 18:08:06.250898,338
,351
,371
,354
,334
,370
,366
,339
,336
,373
,364
,341
,355
,368
2026 06 19 18:08:06.312663,351
,338
,365
,366
,344
,353
,380
,365
,339
,354
,375
,359
,340
,359
2026 06 19 18:08:06.377561,371
,350
,333
,369
,367
,338
,350
,386
,371
,345
,356
,367
,349
,338
2026 06 19 18:08:06.440084,352
,349
,347
,348
,368
,353
,322
,338
,363
,345
,326
,347
,364
,345
2026 06 19 18:08:06.500751,329
,355
,352
,335
,339
,362
,347
,327
,339
,364
,339
,318
,357
,352
2026 06 19 18:08:06.565225,323
,340
,362
,350
,329
,343
,356
,342
,329
,355
,354
,334
,332
,356
2026 06 19 18:08:06.627104,344
,324
,342
,363
,351
,331
,352
,362
,339
,328
,358
,346
,317
,327
2026 06 19 18:08:06.693167,359
,346
,325
,348
,358
,341
,331
,363
,360
,339
,343
,370
,351
,324
2026 06 19 18:08:06.754166,339
,362
,345
,325
,350
,354
,333
,328
,349
,354
,349
,354
,378
,355
2026 06 19 18:08:06.815900,330
,356
,373
,351
,336
,368
,359
,336
,344
,370
,352
,327
,347
,361
2026 06 19 18:08:06.880642,340
,331
,358
,350
,330
,342
,366
,344
,307
,348
,382
,362
,346
,368
2026 06 19 18:08:06.942659,370
,346
,341
,362
,352
,334
,343
,361
,347
,336
,359
,368
,347
,335
2026 06 19 18:08:07.008612,370
,357
,335
,353
,377
,364
,336
,353
,369
,356
,346
,373
,366
,335
2026 06 19 18:08:07.071233,352
,384
,373
,348
,356
,377
,361
,347
,371
,375
,352
,350
,376
,363
2026 06 19 18:08:07.131093,340
,356
,378
,357
,339
,363
,377
,359
,351
,379
,368
,351
,356
,368
2026 06 19 18:08:07.196817,335
,334
,358
,381
,366
,346
,367
,368
,345
,348
,378
,367
,345
,355
2026 06 19 18:08:07.258581,372
,364
,353
,374
,378
,349
,340
,362
,361
,337
,355
,375
,350
,331
2026 06 19 18:08:07.323917,352
,372
,352
,345
,370
,368
,347
,355
,381
,365
,342
,361
,374
,357
2026 06 19 18:08:07.385430,341
,370
,369
,345
,346
,382
,371
,349
,360
,380
,355
,340
,365
,372
2026 06 19 18:08:07.446934,352
,348
,379
,377
,358
,363
,386
,361
,327
,349
,388
,383
,353
,382
2026 06 19 18:08:07.511827,381
,357
,356
,386
,367
,343
,357
,371
,351
,343
,372
,367
,339
,350
2026 06 19 18:08:07.573674,383
,370
,350
,359
,375
,355
,332
,358
,366
,349
,343
,378
,365
,338
2026 06 19 18:08:07.639029,347
,378
,367
,351
,366
,378
,360
,347
,373
,368
,350
,348
,372
,361
2026 06 19 18:08:07.700861,335
,354
,365
,341
,338
,367
,373
,352
,353
,380
,370
,355
,358
,380
2026 06 19 18:08:07.761937,362
,331
,368
,376
,350
,336
,365
,357
,336
,340
,364
,351
,340
,360
2026 06 19 18:08:07.827634,377
,358
,341
,370
,365
,343
,349
,377
,357
,333
,352
,368
,345
,328
2026 06 19 18:08:07.890006,358
,363
,341
,353
,373
,354
,335
,355
,375
,356
,334
,359
,362
,345
2026 06 19 18:08:07.954668,342
,369
,367
,342
,339
,351
,341
,326
,351
,367
,346
,331
,359
,361
2026 06 19 18:08:08.016603,340
,339
,369
,351
,324
,341
,366
,349
,329
,354
,360
,338
,329
,353
2026 06 19 18:08:08.076733,350
,335
,343
,363
,342
,324
,348
,356
,333
,328
,356
,347
,332
,339
2026 06 19 18:08:08.143131,361
,344
,327
,346
,363
,343
,326
,352
,356
,353
,345
,363
,366
,348
2026 06 19 18:08:08.204591,357
,375
,350
,327
,352
,346
,331
,340
,364
,355
,332
,341
,360
,327
2026 06 19 18:08:08.269991,333
,369
,373
,347
,334
,347
,351
,336
,338
,360
,346
,328
,348
,355
2026 06 19 18:08:08.331847,344
,328
,358
,366
,344
,340
,368
,350
,324
,343
,350
,338
,333
,343
2026 06 19 18:08:08.393583,359
,344
,337
,363
,350
,330
,336
,362
,346
,326
,349
,365
,339
,326
2026 06 19 18:08:08.457650,349
,346
,318
,333
,361
,331
,324
,361
,368
,344
,329
,357
,371
,335
2026 06 19 18:08:08.519064,346
,381
,361
,329
,348
,368
,345
,325
,356
,363
,339
,337
,366
,352
2026 06 19 18:08:08.585374,324
,338
,366
,355
,335
,357
,367
,340
,328
,365
,365
,344
,343
,369
2026 06 19 18:08:08.647326,360
,332
,353
,375
,355
,342
,368
,368
,339
,339
,370
,358
,340
,349
2026 06 19 18:08:08.708341,362
,341
,329
,362
,368
,342
,342
,358
,361
,351
,359
,374
,351
,332
2026 06 19 18:08:08.773073,350
,361
,341
,336
,359
,349
,324
,333
,361
,353
,339
,347
,370
,353
2026 06 19 18:08:08.835425,335
,355
,360
,341
,333
,359
,353
,327
,345
,363
,342
,323
,349
,360
2026 06 19 18:08:08.900620,341
,336
,366
,358
,332
,333
,367
,351
,342
,372
,378
,350
,332
,353
2026 06 19 18:08:08.962324,349
,327
,336
,365
,353
,329
,347
,374
,354
,334
,355
,361
,329
,322
2026 06 19 18:08:09.023689,359
,360
,340
,333
,362
,356
,337
,361
,363
,344
,335
,364
,363
,338
2026 06 19 18:08:09.088846,347
,371
,354
,335
,350
,366
,346
,335
,358
,359
,339
,337
,360
,330
2026 06 19 18:08:09.150945,327
,359
,373
,345
,325
,365
,382
,356
,347
,370
,361
,334
,348
,377
2026 06 19 18:08:09.216231,357
,337
,353
,357
,349
,337
,363
,357
,333
,340
,374
,362
,337
,356
2026 06 19 18:08:09.277619,372
,350
,339
,364
,363
,342
,336
,358
,352
,333
,339
,369
,354
,334
2026 06 19 18:08:09.339708,365
,373
,345
,343
,368
,364
,349
,356
,376
,359
,337
,359
,375
,363
2026 06 19 18:08:09.404052,346
,365
,366
,344
,349
,373
,360
,339
,354
,365
,344
,335
,367
,363
2026 06 19 18:08:09.466254,340
,345
,374
,369
,343
,351
,373
,357
,334
,365
,376
,353
,338
,361
2026 06 19 18:08:09.527114,350
,339
,363
,380
,353
,332
,352
,359
,352
,344
,364
,360
,336
,338
2026 06 19 18:08:09.593140,368
,351
,335
,348
,366
,347
,329
,359
,360
,336
,333
,358
,341
,320
2026 06 19 18:08:09.654693,328
,366
,358
,335
,351
,361
,345
,332
,354
,357
,344
,351
,369
,356
2026 06 19 18:08:09.719820,332
,350
,357
,343
,329
,353
,353
,338
,341
,360
,356
,338
,358
,380
2026 06 19 18:08:09.781238,355
,334
,358
,365
,347
,339
,357
,346
,334
,350
,366
,344
,321
,356
2026 06 19 18:08:09.842382,369
,349
,337
,366
,358
,335
,338
,370
,359
,338
,358
,370
,350
,342
2026 06 19 18:08:09.907996,366
,358
,340
,348
,373
,364
,332
,346
,375
,360
,335
,368
,367
,349
2026 06 19 18:08:09.969911,338
,369
,363
,339
,349
,371
,348
,327
,355
,376
,363
,348
,373
,369
2026 06 19 18:08:10.035733,350
,353
,373
,366
,337
,348
,363
,343
,324
,349
,352
,341
,341
,365
2026 06 19 18:08:10.097003,357
,328
,351
,373
,350
,329
,353
,355
,333
,340
,378
,364
,336
,355
2026 06 19 18:08:10.160112,378
,354
,331
,356
,364
,348
,333
,359
,360
,340
,339
,355
,348
,333
2026 06 19 18:08:10.224167,348
,362
,351
,332
,357
,352
,339
,341
,372
,357
,333
,349
,365
,348
2026 06 19 18:08:10.285079,344
,360
,362
,339
,331
,363
,352
,328
,344
,362
,343
,324
,348
,363
2026 06 19 18:08:10.350688,335
,323
,365
,364
,336
,337
,369
,343
,316
,351
,368
,339
,323
,356
2026 06 19 18:08:10.412197,350
,324
,331
,358
,345
,327
,351
,369
,348
,327
,347
,356
,347
,341
2026 06 19 18:08:10.473746,361
,348
,332
,346
,364
,343
,333
,355
,360
,342
,332
,359
,352
,334
2026 06 19 18:08:10.539301,338
,363
,346
,327
,350
,373
,349
,319
,349
,363
,335
,335
,362
,352
2026 06 19 18:08:10.600830,336
,353
,372
,349
,332
,359
,367
,341
,337
,362
,352
,339
,354
,373
2026 06 19 18:08:10.666161,341
,316
,340
,363
,343
,327
,348
,337
,318
,323
,351
,334
,311
,337
2026 06 19 18:08:10.727008,354
,340
,324
,351
,348
,336
,323
,339
,354
,341
,342
,362
,344
,326
2026 06 19 18:08:10.788978,354
,358
,337
,341
,362
,356
,329
,337
,360
,357
,335
,355
,364
,347
2026 06 19 18:08:10.854490,323
,360
,373
,349
,347
,367
,352
,328
,346
,368
,345
,326
,354
,355
2026 06 19 18:08:10.915382,334
,337
,362
,350
,333
,344
,357
,334
,329
,361
,369
,335
,334
,355
2026 06 19 18:08:10.981232,348
,330
,341
,362
,345
,319
,341
,355
,331
,318
,348
,346
,329
,342
2026 06 19 18:08:11.042677,367
,350
,330
,340
,349
,328
,309
,341
,354
,338
,333
,361
,350
,329
2026 06 19 18:08:11.104397,344
,364
,339
,320
,346
,355
,327
,320
,351
,352
,335
,340
,364
,350
2026 06 19 18:08:11.169285,328
,353
,368
,347
,336
,364
,363
,342
,344
,371
,362
,338
,355
,370
2026 06 19 18:08:11.231345,345
,328
,358
,362
,338
,334
,361
,348
,340
,357
,368
,361
,343
,355
2026 06 19 18:08:11.296657,356
,355
,347
,368
,366
,352
,358
,378
,355
,342
,361
,374
,354
,341
2026 06 19 18:08:11.358408,368
,367
,340
,337
,360
,353
,335
,349
,367
,358
,340
,366
,376
,350
2026 06 19 18:08:11.419299,342
,367
,353
,336
,349
,369
,359
,338
,351
,376
,355
,335
,362
,365
2026 06 19 18:08:11.487182,345
,352
,370
,358
,341
,360
,368
,353
,341
,369
,369
,340
,343
,368
2026 06 19 18:08:11.546014,352
,336
,352
,368
,350
,332
,357
,364
,343
,335
,360
,359
,346
,350
2026 06 19 18:08:11.612594,365
,348
,333
,352
,364
,347
,334
,363
,356
,337
,343
,375
,361
,343
2026 06 19 18:08:11.673696,360
,377
,348
,340
,371
,367
,345
,345
,366
,350
,342
,355
,371
,359
2026 06 19 18:08:11.735194,334
,348
,366
,356
,336
,358
,352
,328
,339
,371
,353
,329
,341
,354
2026 06 19 18:08:11.800817,343
,336
,362
,354
,334
,340
,367
,354
,332
,352
,368
,346
,329
,362
2026 06 19 18:08:11.861579,362
,339
,333
,357
,354
,334
,349
,364
,352
,341
,366
,376
,349
,334
2026 06 19 18:08:11.927610,352
,358
,339
,345
,362
,353
,336
,352
,367
,348
,329
,360
,373
,354
2026 06 19 18:08:11.987542,355
,382
,369
,338
,349
,376
,352
,340
,368
,369
,348
,336
,361
,347
2026 06 19 18:08:12.052795,331
,345
,363
,349
,333
,353
,367
,348
,338
,363
,356
,337
,352
,374
2026 06 19 18:08:12.115767,349
,328
,349
,364
,346
,324
,358
,361
,345
,339
,366
,350
,326
,355
2026 06 19 18:08:12.177128,372
,352
,336
,356
,359
,344
,341
,368
,359
,331
,351
,373
,349
,337
2026 06 19 18:08:12.242712,367
,369
,346
,341
,366
,363
,339
,345
,369
,351
,339
,351
,365
,334
2026 06 19 18:08:12.304309,324
,374
,378
,345
,343
,374
,356
,329
,357
,375
,351
,328
,350
,359
2026 06 19 18:08:12.365169,336
,330
,359
,352
,335
,342
,357
,342
,323
,355
,370
,346
,331
,358
2026 06 19 18:08:12.431358,350
,332
,342
,361
,345
,322
,349
,361
,325
,322
,369
,365
,331
,331
2026 06 19 18:08:12.492741,365
,346
,323
,338
,377
,360
,330
,346
,366
,344
,328
,359
,358
,330
2026 06 19 18:08:12.557752,334
,361
,346
,325
,345
,357
,336
,327
,362
,351
,328
,334
,357
,346
2026 06 19 18:08:12.619970,323
,344
,358
,333
,320
,348
,353
,339
,342
,369
,358
,333
,351
,375
2026 06 19 18:08:12.681265,345
,324
,354
,360
,340
,335
,365
,352
,330
,330
,353
,342
,312
,337
2026 06 19 18:08:12.746687,357
,335
,320
,354
,357
,332
,327
,348
,335
,322
,335
,360
,340
,318
2026 06 19 18:08:12.808789,344
,343
,326
,328
,343
,334
,326
,345
,355
,336
,325
,344
,350
,334
2026 06 19 18:08:12.873958,325
,347
,342
,330
,337
,358
,338
,324
,347
,357
,340
,331
,358
,351
2026 06 19 18:08:12.935506,336
,339
,366
,347
,331
,353
,368
,350
,328
,355
,357
,333
,328
,355
2026 06 19 18:08:12.996606,356
,344
,361
,380
,362
,345
,361
,366
,348
,338
,374
,361
,335
,335
2026 06 19 18:08:13.061960,354
,358
,340
,363
,376
,350
,333
,360
,371
,342
,345
,377
,358
,336
2026 06 19 18:08:13.124121,345
,355
,357
,338
,358
,368
,351
,346
,371
,359
,341
,346
,370
,361
2026 06 19 18:08:13.188867,331
,360
,379
,351
,332
,363
,359
,336
,332
,367
,355
,334
,363
,371
2026 06 19 18:08:13.250886,349
,333
,352
,364
,346
,350
,366
,341
,329
,355
,377
,352
,337
,356
2026 06 19 18:08:13.311661,360
,335
,329
,363
,352
,328
,352
,373
,349
,325
,357
,378
,351
,337
2026 06 19 18:08:13.382086,363
,356
,336
,341
,357
,335
,320
,353
,360
,337
,324
,358
,360
,326
2026 06 19 18:08:13.439027,330
,366
,355
,337
,353
,365
,342
,327
,358
,359
,334
,324
,353
,351
2026 06 19 18:08:13.504433,334
,341
,362
,349
,329
,352
,357
,329
,336
,366
,363
,339
,344
,368
2026 06 19 18:08:13.566066,347
,321
,348
,361
,344
,330
,357
,354
,341
,344
,372
,360
,334
,344
2026 06 19 18:08:13.627994,366
,354
,338
,363
,368
,345
,339
,365
,359
,345
,359
,383
,356
,329
2026 06 19 18:08:13.692770,359
,378
,345
,336
,382
,369
,340
,348
,370
,359
,339
,357
,371
,351
2026 06 19 18:08:13.754544,323
,364
,370
,345
,337
,366
,355
,339
,352
,367
,358
,345
,365
,361
2026 06 19 18:08:13.818740,341
,350
,376
,369
,344
,345
,365
,362
,342
,368
,374
,349
,340
,360
2026 06 19 18:08:13.881279,359
,332
,339
,373
,365
,337
,352
,373
,355
,337
,360
,362
,339
,334
2026 06 19 18:08:13.942165,363
,357
,335
,355
,371
,350
,331
,353
,360
,332
,331
,363
,352
,327
2026 06 19 18:08:14.007884,334
,363
,359
,343
,360
,366
,343
,332
,362
,360
,333
,334
,364
,354
2026 06 19 18:08:14.069863,334
,353
,364
,345
,339
,361
,366
,338
,341
,368
,361
,343
,354
,367
2026 06 19 18:08:14.134321,349
,332
,357
,367
,348
,336
,357
,353
,338
,345
,372
,350
,323
,350
2026 06 19 18:08:14.196969,366
,345
,337
,366
,362
,334
,348
,371
,348
,334
,349
,365
,346
,335
2026 06 19 18:08:14.257295,363
,367
,343
,333
,374
,366
,344
,347
,376
,357
,335
,353
,352
,343
2026 06 19 18:08:14.323009,350
,379
,365
,344
,350
,368
,357
,336
,353
,369
,345
,331
,360
,358
2026 06 19 18:08:14.385275,343
,340
,362
,352
,336
,359
,375
,364
,345
,369
,376
,361
,352
,373
2026 06 19 18:08:14.446997,362
,349
,352
,373
,348
,329
,360
,364
,344
,331
,355
,368
,351
,351
2026 06 19 18:08:14.511948,374
,359
,342
,360
,371
,346
,330
,367
,366
,331
,330
,364
,361
,338
2026 06 19 18:08:14.573650,350
,365
,342
,326
,358
,357
,339
,343
,367
,361
,340
,344
,370
,349
2026 06 19 18:08:14.639035,334
,356
,358
,337
,331
,349
,354
,346
,348
,367
,353
,333
,355
,371
2026 06 19 18:08:14.700326,353
,337
,361
,362
,337
,329
,351
,352
,327
,336
,366
,355
,334
,362
2026 06 19 18:08:14.762021,364
,340
,342
,368
,363
,339
,344
,364
,346
,326
,343
,351
,334
,326
2026 06 19 18:08:14.828176,355
,350
,329
,336
,365
,353
,332
,352
,364
,346
,333
,351
,362
,338
2026 06 19 18:08:14.889126,327
,360
,341
,327
,347
,365
,347
,321
,340
,352
,334
,332
,358
,347
2026 06 19 18:08:14.954204,328
,345
,361
,344
,335
,352
,361
,332
,318
,348
,347
,332
,334
,361
2026 06 19 18:08:15.015861,346
,334
,350
,360
,345
,336
,353
,361
,347
,341
,366
,344
,327
,351
2026 06 19 18:08:15.077646,364
,348
,330
,344
,354
,354
,346
,369
,356
,333
,352
,376
,357
,336
2026 06 19 18:08:15.142156,358
,363
,339
,322
,355
,363
,334
,340
,374
,357
,330
,348
,365
,346
2026 06 19 18:08:15.204407,323
,356
,355
,333
,327
,357
,359
,327
,348
,365
,351
,330
,355
,366
2026 06 19 18:08:15.271714,337
,331
,359
,350
,321
,337
,363
,344
,319
,343
,360
,333
,319
,341
2026 06 19 18:08:15.330985,337
,332
,340
,356
,341
,325
,347
,359
,335
,307
,336
,342
,329
,334
2026 06 19 18:08:15.391781,366
,357
,336
,345
,358
,335
,313
,351
,365
,338
,331
,361
,356
,334
2026 06 19 18:08:15.458872,340
,358
,342
,328
,346
,356
,343
,329
,346
,349
,342
,338
,364
,358
2026 06 19 18:08:15.518892,335
,341
,358
,348
,332
,362
,362
,336
,322
,346
,347
,320
,334
,350
2026 06 19 18:08:15.585029,348
,331
,352
,357
,337
,334
,368
,358
,331
,338
,360
,342
,324
,340
2026 06 19 18:08:15.646990,355
,338
,324
,350
,343
,323
,333
,361
,349
,327
,349
,360
,321
,308
2026 06 19 18:08:15.708271,365
,368
,340
,332
,354
,351
,326
,330
,355
,342
,318
,342
,358
,328
2026 06 19 18:08:15.773770,323
,365
,357
,330
,340
,368
,343
,324
,361
,372
,360
,340
,357
,354
2026 06 19 18:08:15.834433,331
,336
,356
,345
,334
,353
,369
,354
,339
,365
,370
,345
,336
,362
2026 06 19 18:08:15.900636,353
,329
,341
,367
,348
,331
,357
,368
,352
,343
,372
,368
,346
,341
2026 06 19 18:08:15.962326,369
,362
,346
,356
,373
,356
,331
,355
,361
,340
,333
,365
,353
,331
2026 06 19 18:08:16.023046,336
,357
,347
,324
,346
,368
,351
,349
,376
,366
,334
,339
,368
,347
2026 06 19 18:08:16.088972,326
,349
,363
,351
,337
,364
,358
,333
,329
,360
,346
,328
,355
,368
2026 06 19 18:08:16.149921,339
,336
,365
,359
,332
,328
,348
,347
,334
,346
,365
,352
,332
,357
2026 06 19 18:08:16.215975,369
,349
,341
,374
,362
,336
,332
,357
,353
,330
,350
,363
,345
,332
2026 06 19 18:08:16.276778,356
,355
,338
,334
,360
,350
,347
,355
,375
,351
,322
,355
,363
,335
2026 06 19 18:08:16.339056,329
,359
,351
,332
,339
,359
,342
,335
,362
,368
,345
,337
,368
,362
2026 06 19 18:08:16.404191,338
,341
,361
,346
,328
,351
,377
,354
,334
,362
,364
,345
,329
,357
2026 06 19 18:08:16.465443,378
,345
,343
,374
,362
,339
,363
,369
,344
,329
,362
,358
,342
,356
2026 06 19 18:08:16.531700,370
,360
,333
,343
,378
,352
,335
,369
,365
,338
,334
,359
,345
,333
2026 06 19 18:08:16.593012,355
,366
,346
,334
,363
,361
,341
,334
,367
,354
,327
,349
,370
,358
2026 06 19 18:08:16.654369,349
,368
,361
,340
,332
,357
,343
,332
,352
,375
,354
,331
,364
,377
2026 06 19 18:08:16.719642,355
,343
,373
,370
,339
,342
,369
,355
,339
,356
,371
,356
,333
,375
2026 06 19 18:08:16.781329,373
,347
,355
,380
,363
,332
,355
,376
,354
,336
,356
,353
,336
,335
2026 06 19 18:08:16.846555,368
,363
,340
,355
,372
,353
,329
,356
,374
,348
,340
,369
,368
,341
2026 06 19 18:08:16.907745,343
,362
,349
,334
,356
,367
,351
,348
,369
,357
,319
,347
,382
,370
2026 06 19 18:08:16.968658,346
,355
,373
,345
,327
,360
,364
,345
,335
,359
,354
,337
,344
,376
2026 06 19 18:08:17.034594,357
,338
,353
,356
,337
,327
,355
,344
,314
,333
,364
,344
,334
,354
2026 06 19 18:08:17.096951,365
,345
,334
,365
,365
,340
,327
,360
,366
,343
,353
,368
,343
,318
2026 06 19 18:08:17.162145,347
,353
,331
,323
,356
,360
,337
,338
,364
,342
,339
,360
,367
,347
2026 06 19 18:08:17.222827,329
,364
,361
,336
,332
,359
,336
,328
,356
,371
,351
,338
,367
,368
2026 06 19 18:08:17.284803,348
,344
,375
,361
,335
,354
,369
,346
,330
,342
,360
,342
,334
,365
2026 06 19 18:08:17.349623,354
,337
,348
,369
,342
,315
,367
,382
,361
,347
,372
,363
,337
,334
2026 06 19 18:08:17.412043,367
,354
,331
,354
,381
,357
,339
,364
,367
,338
,331
,360
,349
,337
2026 06 19 18:08:17.476907,360
,388
,357
,333
,359
,370
,339
,327
,368
,376
,347
,344
,364
,347
2026 06 19 18:08:17.539048,328
,347
,361
,350
,339
,369
,366
,341
,337
,357
,340
,337
,355
,368
2026 06 19 18:08:17.599690,351
,339
,374
,367
,341
,337
,372
,357
,341
,357
,370
,347
,335
,357
2026 06 19 18:08:17.666458,357
,347
,336
,363
,359
,339
,343
,354
,341
,352
,360
,367
,345
,332
2026 06 19 18:08:17.727711,359
,353
,329
,331
,367
,361
,340
,351
,369
,351
,333
,355
,368
,343
2026 06 19 18:08:17.788264,337
,365
,360
,333
,349
,377
,357
,334
,353
,374
,348
,331
,371
,367
2026 06 19 18:08:17.853847,342
,346
,372
,354
,337
,354
,368
,349
,330
,356
,362
,335
,328
,352
2026 06 19 18:08:17.915910,348
,335
,351
,375
,365
,340
,350
,369
,360
,344
,372
,363
,347
,351
2026 06 19 18:08:17.981689,372
,355
,331
,351
,361
,337
,329
,364
,356
,329
,343
,373
,356
,335
2026 06 19 18:08:18.041984,353
,365
,347
,335
,353
,372
,352
,345
,367
,354
,338
,353
,373
,352
2026 06 19 18:08:18.103680,337
,356
,354
,344
,351
,374
,355
,324
,350
,368
,347
,328
,357
,369
2026 06 19 18:08:18.169738,346
,334
,371
,367
,343
,342
,366
,350
,335
,348
,356
,355
,336
,358
2026 06 19 18:08:18.230316,364
,336
,337
,374
,372
,340
,348
,372
,351
,334
,357
,368
,350
,342
2026 06 19 18:08:18.296500,372
,363
,336
,346
,382
,360
,336
,355
,365
,341
,335
,364
,360
,335
2026 06 19 18:08:18.357192,339
,367
,355
,335
,354
,371
,350
,332
,357
,363
,338
,330
,354
,361
2026 06 19 18:08:18.420463,335
,336
,372
,357
,336
,358
,372
,356
,343
,373
,368
,340
,347
,370
2026 06 19 18:08:18.484317,351
,336
,354
,360
,334
,341
,371
,374
,350
,359
,381
,364
,340
,358
2026 06 19 18:08:18.545397,375
,362
,346
,365
,367
,346
,342
,369
,354
,331
,343
,372
,358
,340
2026 06 19 18:08:18.612401,358
,378
,355
,335
,372
,367
,340
,344
,375
,358
,329
,348
,363
,343
2026 06 19 18:08:18.673668,331
,364
,358
,331
,342
,377
,363
,333
,348
,374
,348
,339
,368
,369
2026 06 19 18:08:18.734454,342
,336
,362
,358
,334
,338
,363
,353
,329
,353
,363
,333
,324
,362
2026 06 19 18:08:18.801417,372
,340
,346
,377
,354
,325
,352
,368
,344
,323
,355
,368
,350
,343
2026 06 19 18:08:18.862035,364
,357
,334
,352
,366
,347
,333
,353
,361
,343
,326
,359
,340
,318
2026 06 19 18:08:18.927996,338
,366
,359
,329
,352
,374
,352
,329
,359
,358
,339
,345
,369
,351
2026 06 19 18:08:18.988833,326
,343
,366
,333
,324
,369
,367
,338
,319
,355
,356
,337
,351
,371
2026 06 19 18:08:19.049457,354
,337
,352
,356
,344
,336
,360
,348
,335
,345
,367
,351
,332
,352
2026 06 19 18:08:19.115951,370
,347
,336
,364
,353
,335
,345
,370
,351
,324
,338
,353
,347
,337
2026 06 19 18:08:19.176856,368
,363
,333
,330
,356
,348
,324
,338
,354
,339
,329
,352
,356
,335
2026 06 19 18:08:19.242755,331
,357
,338
,328
,348
,368
,347
,326
,346
,359
,343
,324
,351
,354
2026 06 19 18:08:19.305998,332
,333
,359
,353
,333
,341
,361
,355
,345
,359
,354
,349
,345
,364
2026 06 19 18:08:19.365566,360
,338
,341
,362
,343
,319
,349
,356
,353
,344
,370
,366
,342
,349
2026 06 19 18:08:19.431535,366
,351
,333
,356
,364
,346
,334
,356
,359
,342
,335
,358
,362
,337
2026 06 19 18:08:19.491903,348
,365
,347
,335
,369
,371
,346
,342
,364
,355
,330
,344
,364
,357
2026 06 19 18:08:19.557368,334
,354
,358
,338
,339
,367
,365
,343
,348
,367
,356
,338
,356
,372
2026 06 19 18:08:19.619333,344
,323
,350
,353
,337
,354
,378
,361
,337
,348
,366
,347
,328
,357
2026 06 19 18:08:19.680968,362
,343
,331
,359
,352
,337
,348
,370
,352
,332
,356
,362
,339
,334
2026 06 19 18:08:19.746642,368
,371
,347
,356
,372
,355
,337
,358
,375
,345
,327
,363
,364
,340
2026 06 19 18:08:19.807563,341
,365
,348
,330
,347
,365
,345
,328
,352
,352
,330
,331
,358
,353
2026 06 19 18:08:19.873367,331
,342
,364
,344
,323
,345
,362
,345
,330
,367
,355
,324
,345
,369
2026 06 19 18:08:19.934844,348
,325
,352
,376
,344
,330
,364
,367
,339
,342
,371
,361
,346
,357
2026 06 19 18:08:19.996645,376
,360
,338
,360
,367
,346
,343
,364
,355
,334
,342
,355
,338
,331
2026 06 19 18:08:20.062049,349
,360
,355
,347
,374
,365
,332
,341
,369
,361
,337
,347
,363
,341
2026 06 19 18:08:20.123426,321
,351
,354
,331
,337
,366
,354
,333
,344
,361
,350
,334
,359
,361
2026 06 19 18:08:20.188827,330
,332
,369
,363
,335
,347
,364
,347
,326
,350
,357
,341
,340
,363
2026 06 19 18:08:20.250333,354
,326
,339
,368
,350
,327
,342
,359
,343
,329
,352
,360
,341
,333
2026 06 19 18:08:20.311313,362
,354
,338
,346
,362
,345
,320
,351
,363
,333
,326
,357
,351
,330
2026 06 19 18:08:20.377379,336
,356
,344
,319
,338
,350
,341
,331
,353
,351
,328
,321
,362
,352
2026 06 19 18:08:20.438730,337
,347
,359
,341
,323
,347
,342
,328
,324
,357
,352
,331
,345
,363
2026 06 19 18:08:20.505047,346
,316
,339
,355
,337
,333
,359
,361
,338
,336
,355
,345
,327
,346
2026 06 19 18:08:20.565369,362
,347
,335
,360
,354
,336
,336
,360
,357
,336
,352
,369
,348
,328
2026 06 19 18:08:20.626828,352
,360
,339
,334
,357
,347
,337
,346
,379
,366
,340
,361
,365
,332
2026 06 19 18:08:20.692767,339
,384
,379
,349
,351
,373
,355
,328
,353
,370
,355
,343
,368
,368
2026 06 19 18:08:20.754574,346
,343
,369
,357
,338
,349
,365
,357
,344
,363
,364
,345
,338
,368
2026 06 19 18:08:20.819679,364
,341
,349
,375
,351
,321
,353
,387
,365
,344
,376
,369
,344
,345
2026 06 19 18:08:20.881463,373
,363
,337
,357
,363
,350
,345
,368
,364
,347
,345
,370
,351
,329
2026 06 19 18:08:20.942630,351
,376
,357
,330
,362
,367
,344
,339
,372
,362
,334
,352
,382
,362
2026 06 19 18:08:21.007720,333
,354
,375
,353
,342
,360
,362
,340
,343
,362
,344
,319
,351
,388
2026 06 19 18:08:21.069682,372
,353
,372
,368
,346
,340
,374
,368
,339
,350
,371
,353
,326
,352
2026 06 19 18:08:21.135091,347
,318
,333
,375
,372
,347
,352
,374
,356
,335
,353
,365
,347
,336
2026 06 19 18:08:21.195215,361
,355
,333
,329
,362
,352
,338
,351
,362
,355
,341
,361
,349
,337
2026 06 19 18:08:21.257792,338
,370
,363
,331
,348
,375
,356
,335
,359
,363
,338
,327
,364
,360
2026 06 19 18:08:21.322640,336
,348
,367
,347
,328
,352
,372
,348
,331
,357
,353
,335
,330
,345
2026 06 19 18:08:21.385894,342
,342
,357
,369
,354
,333
,362
,366
,333
,335
,369
,358
,336
,345
2026 06 19 18:08:21.449220,351
,336
,336
,347
,352
,326
,316
,352
,356
,334
,340
,371
,350
,329
2026 06 19 18:08:21.511443,346
,366
,339
,325
,351
,347
,331
,335
,368
,356
,337
,356
,376
,358
2026 06 19 18:08:21.573266,340
,360
,366
,348
,340
,375
,368
,339
,351
,380
,354
,336
,368
,376
2026 06 19 18:08:21.638493,349
,335
,360
,350
,327
,344
,368
,347
,328
,348
,358
,338
,328
,354
2026 06 19 18:08:21.700390,352
,334
,337
,363
,342
,317
,330
,347
,338
,327
,356
,368
,337
,345
2026 06 19 18:08:21.765449,373
,358
,342
,354
,366
,341
,326
,344
,361
,348
,330
,357
,355
,332
2026 06 19 18:08:21.827902,332
,364
,349
,327
,345
,359
,338
,317
,353
,345
,339
,341
,363
,346
2026 06 19 18:08:21.888684,324
,339
,367
,347
,330
,354
,361
,341
,336
,366
,358
,332
,343
,367
2026 06 19 18:08:21.954594,336
,317
,361
,367
,347
,327
,355
,359
,338
,340
,373
,359
,337
,355
2026 06 19 18:08:22.016021,372
,354
,339
,365
,361
,334
,330
,356
,344
,320
,335
,359
,345
,330
2026 06 19 18:08:22.077243,358
,367
,342
,325
,361
,377
,348
,362
,380
,353
,332
,345
,353
,333
2026 06 19 18:08:22.142709,320
,358
,363
,340
,342
,365
,351
,320
,337
,375
,357
,334
,342
,358
2026 06 19 18:08:22.203961,348
,355
,378
,359
,338
,355
,373
,347
,336
,363
,371
,351
,340
,370
2026 06 19 18:08:22.270115,367
,341
,342
,378
,361
,330
,338
,370
,350
,337
,374
,373
,353
,358
2026 06 19 18:08:22.330965,379
,354
,335
,358
,370
,350
,338
,365
,372
,349
,341
,364
,354
,339
2026 06 19 18:08:22.392254,334
,362
,354
,336
,360
,376
,357
,348
,381
,367
,339
,349
,371
,361
2026 06 19 18:08:22.457134,345
,358
,372
,354
,333
,346
,349
,345
,346
,366
,355
,334
,358
,378
2026 06 19 18:08:22.518947,356
,346
,374
,377
,352
,339
,366
,359
,333
,339
,361
,345
,329
,354
2026 06 19 18:08:22.585369,368
,347
,332
,364
,356
,337
,345
,362
,352
,331
,337
,362
,342
,332
2026 06 19 18:08:22.646571,369
,371
,349
,347
,372
,366
,340
,357
,373
,355
,337
,353
,358
,340
2026 06 19 18:08:22.707487,334
,359
,348
,331
,345
,369
,347
,332
,352
,360
,345
,341
,360
,362
2026 06 19 18:08:22.772955,348
,356
,382
,360
,327
,345
,362
,345
,322
,350
,352
,338
,337
,364
2026 06 19 18:08:22.834235,361
,335
,351
,380
,358
,323
,352
,393
,361
,344
,373
,365
,338
,349
2026 06 19 18:08:22.900630,367
,344
,328
,356
,365
,345
,338
,362
,355
,338
,350
,376
,356
,326
2026 06 19 18:08:22.961942,348
,374
,348
,331
,366
,366
,339
,338
,365
,352
,326
,336
,355
,350
2026 06 19 18:08:23.022693,335
,364
,370
,348
,340
,355
,360
,348
,351
,369
,352
,331
,355
,365
2026 06 19 18:08:23.089040,343
,325
,360
,345
,329
,348
,370
,351
,322
,343
,364
,346
,334
,364
2026 06 19 18:08:23.149709,366
,342
,344
,370
,357
,333
,343
,359
,337
,320
,354
,355
,332
,329
2026 06 19 18:08:23.216723,356
,362
,337
,344
,366
,337
,326
,367
,375
,345
,339
,364
,354
,333
2026 06 19 18:08:23.277290,340
,364
,348
,328
,346
,364
,341
,328
,356
,356
,344
,346
,371
,355
2026 06 19 18:08:23.338667,328
,343
,380
,355
,329
,354
,368
,343
,332
,359
,353
,333
,347
,362
2026 06 19 18:08:23.404068,351
,340
,365
,375
,357
,345
,370
,362
,337
,343
,362
,344
,342
,359
2026 06 19 18:08:23.465053,374
,347
,328
,360
,370
,350
,344
,376
,369
,339
,343
,367
,352
,332
2026 06 19 18:08:23.530364,357
,371
,346
,336
,363
,357
,332
,342
,366
,344
,330
,362
,370
,356
2026 06 19 18:08:23.592462,341
,361
,357
,336
,343
,370
,353
,334
,348
,363
,346
,335
,357
,358
2026 06 19 18:08:23.654394,345
,344
,373
,364
,345
,352
,368
,358
,338
,359
,365
,347
,337
,367
2026 06 19 18:08:23.720004,354
,334
,348
,372
,360
,340
,360
,365
,348
,344
,359
,360
,348
,349
2026 06 19 18:08:23.780879,375
,356
,339
,361
,374
,341
,324
,367
,366
,338
,334
,365
,356
,336
2026 06 19 18:08:23.846848,353
,367
,341
,329
,353
,355
,339
,330
,365
,354
,334
,338
,371
,348
2026 06 19 18:08:23.907761,328
,349
,364
,341
,323
,357
,360
,335
,336
,368
,350
,332
,349
,378
2026 06 19 18:08:23.968758,355
,337
,354
,359
,341
,339
,364
,345
,339
,344
,355
,335
,326
,340
2026 06 19 18:08:24.034500,353
,336
,328
,354
,337
,325
,339
,359
,343
,323
,338
,352
,329
,325
2026 06 19 18:08:24.096703,348
,348
,327
,321
,348
,336
,310
,318
,344
,333
,312
,332
,348
,332
2026 06 19 18:08:24.161063,314
,346
,353
,327
,334
,364
,347
,325
,345
,349
,327
,314
,359
,359
2026 06 19 18:08:24.223304,329
,333
,363
,360
,337
,353
,373
,339
,330
,362
,367
,345
,339
,362
2026 06 19 18:08:24.284209,344
,318
,342
,372
,342
,322
,349
,355
,329
,318
,350
,342
,320
,333
2026 06 19 18:08:24.349166,350
,344
,316
,329
,342
,337
,323
,347
,347
,324
,322
,341
,315
,300
2026 06 19 18:08:24.410996,330
,332
,330
,321
,355
,359
,330
,323
,347
,337
,316
,330
,356
,340
2026 06 19 18:08:24.477814,316
,341
,349
,331
,322
,353
,350
,353
,366
,373
,349
,327
,337
,362
2026 06 19 18:08:24.537457,338
,309
,332
,378
,350
,331
,332
,353
,342
,340
,358
,351
,335
,354
2026 06 19 18:08:24.599709,359
,336
,328
,353
,342
,314
,327
,357
,339
,328
,357
,366
,345
,331
2026 06 19 18:08:24.665661,359
,359
,340
,346
,368
,345
,313
,334
,366
,356
,343
,360
,366
,358
2026 06 19 18:08:24.727323,350
,375
,362
,338
,356
,362
,333
,341
,378
,369
,333
,340
,383
,369
2026 06 19 18:08:24.792749,344
,358
,372
,349
,335
,351
,371
,349
,329
,348
,355
,345
,336
,360
2026 06 19 18:08:24.854208,348
,321
,340
,354
,317
,291
,341
,369
,340
,334
,359
,341
,310
,321
2026 06 19 18:08:24.917054,363
,357
,333
,354
,361
,334
,323
,353
,341
,331
,348
,359
,332
,333
2026 06 19 18:08:24.981156,363
,366
,340
,342
,370
,352
,331
,338
,365
,352
,335
,354
,366
,348
2026 06 19 18:08:25.042480,334
,357
,362
,343
,349
,370
,351
,344
,361
,374
,359
,338
,365
,365
2026 06 19 18:08:25.107479,334
,321
,361
,353
,328
,338
,366
,356
,333
,350
,367
,344
,313
,330
2026 06 19 18:08:25.169547,372
,340
,354
,380
,361
,337
,350
,366
,346
,336
,362
,363
,349
,345
2026 06 19 18:08:25.231579,364
,373
,344
,356
,377
,353
,332
,366
,377
,365
,342
,364
,376
,354
2026 06 19 18:08:25.295847,359
,378
,362
,349
,365
,371
,355
,346
,370
,370
,338
,346
,383
,372
2026 06 19 18:08:25.357261,344
,352
,370
,358
,350
,367
,370
,360
,355
,378
,354
,345
,364
,382
2026 06 19 18:08:25.422926,357
,325
,355
,368
,336
,327
,363
,364
,334
,353
,385
,363
,328
,355
2026 06 19 18:08:25.485781,369
,344
,335
,366
,360
,346
,338
,376
,360
,339
,355
,359
,355
,341
2026 06 19 18:08:25.545307,360
,372
,355
,344
,368
,350
,330
,359
,375
,352
,330
,358
,380
,361
2026 06 19 18:08:25.611588,352
,369
,363
,336
,357
,387
,372
,342
,356
,376
,355
,339
,364
,365
2026 06 19 18:08:25.672682,355
,354
,372
,352
,334
,350
,367
,346
,320
,347
,360
,356
,344
,371
2026 06 19 18:08:25.738732,367
,337
,351
,368
,355
,334
,359
,373
,354
,337
,363
,375
,352
,346
2026 06 19 18:08:25.800107,379
,362
,340
,357
,370
,354
,345
,374
,367
,344
,341
,372
,360
,336
2026 06 19 18:08:25.861063,349
,373
,342
,330
,378
,383
,353
,338
,359
,358
,333
,340
,374
,354
2026 06 19 18:08:25.927788,329
,370
,381
,356
,344
,373
,373
,335
,352
,387
,373
,341
,358
,369
2026 06 19 18:08:25.988578,352
,344
,369
,365
,347
,339
,381
,373
,344
,360
,379
,357
,345
,367
2026 06 19 18:08:26.050867,363
,348
,347
,370
,367
,352
,346
,364
,352
,330
,365
,369
,343
,337
2026 06 19 18:08:26.115783,371
,359
,339
,359
,385
,368
,331
,344
,364
,353
,337
,355
,353
,342
2026 06 19 18:08:26.176990,341
,372
,356
,333
,352
,371
,355
,331
,355
,369
,357
,352
,373
,365
2026 06 19 18:08:26.242381,344
,353
,365
,343
,322
,360
,372
,345
,332
,363
,365
,342
,337
,365
2026 06 19 18:08:26.303879,351
,323
,343
,379
,360
,340
,362
,360
,344
,337
,370
,358
,332
,344
2026 06 19 18:08:26.364772,363
,355
,336
,353
,359
,338
,343
,363
,352
,336
,347
,376
,352
,330
2026 06 19 18:08:26.430887,355
,369
,347
,332
,356
,364
,335
,333
,352
,347
,346
,348
,359
,335
2026 06 19 18:08:26.491936,338
,359
,356
,344
,332
,368
,356
,339
,359
,376
,351
,327
,349
,367
2026 06 19 18:08:26.557870,342
,328
,369
,372
,341
,337
,374
,366
,336
,347
,365
,346
,333
,363
2026 06 19 18:08:26.619175,355
,344
,346
,370
,342
,329
,361
,377
,359
,336
,352
,364
,342
,338
2026 06 19 18:08:26.689880,369
,358
,334
,336
,354
,352
,328
,348
,360
,336
,329
,347
,330
,333
2026 06 19 18:08:26.746569,352
,373
,353
,336
,359
,368
,354
,334
,359
,360
,352
,343
,362
,360
2026 06 19 18:08:26.807166,347
,359
,373
,346
,321
,361
,363
,339
,353
,373
,365
,337
,347
,365
2026 06 19 18:08:26.873246,354
,341
,354
,362
,347
,342
,367
,357
,332
,336
,362
,338
,321
,348
2026 06 19 18:08:26.936765,356
,342
,334
,357
,359
,334
,330
,351
,349
,334
,348
,370
,343
,321
2026 06 19 18:08:26.995423,353
,353
,336
,338
,360
,355
,334
,336
,360
,347
,322
,343
,358
,338
2026 06 19 18:08:27.061780,328
,348
,346
,330
,331
,355
,347
,336
,359
,365
,345
,332
,358
,371
2026 06 19 18:08:27.123243,344
,341
,379
,368
,344
,367
,379
,353
,338
,365
,365
,344
,336
,362
2026 06 19 18:08:27.188701,356
,333
,353
,377
,356
,335
,356
,367
,331
,316
,360
,365
,345
,337
2026 06 19 18:08:27.250245,358
,347
,329
,354
,368
,348
,332
,354
,362
,345
,335
,359
,358
,336
2026 06 19 18:08:27.315769,336
,374
,368
,350
,369
,369
,341
,330
,375
,367
,332
,336
,384
,372
2026 06 19 18:08:27.378677,345
,366
,374
,343
,324
,364
,360
,349
,350
,367
,356
,339
,358
,364
2026 06 19 18:08:27.438718,332
,340
,365
,359
,333
,329
,355
,357
,329
,335
,355
,337
,327
,355
2026 06 19 18:08:27.504326,365
,344
,331
,358
,351
,330
,330
,349
,337
,322
,343
,360
,347
,331
2026 06 19 18:08:27.565316,359
,349
,314
,332
,376
,356
,331
,338
,366
,354
,330
,351
,356
,340
2026 06 19 18:08:27.630626,341
,366
,351
,331
,346
,365
,346
,320
,342
,360
,333
,335
,370
,356
2026 06 19 18:08:27.693927,342
,337
,361
,356
,330
,353
,363
,339
,318
,351
,363
,341
,344
,366
2026 06 19 18:08:27.753110,345
,336
,362
,379
,357
,335
,358
,355
,333
,336
,362
,348
,323
,351
2026 06 19 18:08:27.819641,371
,355
,335
,361
,368
,340
,339
,366
,357
,348
,355
,375
,351
,329
2026 06 19 18:08:27.879634,351
,363
,342
,326
,350
,355
,354
,346
,359
,347
,341
,356
,368
,352
2026 06 19 18:08:27.946731,332
,355
,356
,338
,330
,356
,351
,330
,338
,356
,345
,329
,355
,360
2026 06 19 18:08:28.007993,342
,326
,354
,348
,328
,333
,357
,345
,326
,347
,361
,342
,325
,354
2026 06 19 18:08:28.068879,350
,329
,330
,358
,353
,319
,336
,370
,364
,347
,369
,371
,352
,340
2026 06 19 18:08:28.134099,369
,359
,336
,348
,366
,344
,324
,348
,357
,349
,326
,349
,376
,354
2026 06 19 18:08:28.201761,347
,366
,349
,330
,361
,377
,362
,338
,362
,363
,342
,340
,359
,337
2026 06 19 18:08:28.257694,335
,356
,366
,346
,320
,351
,371
,352
,338
,356
,355
,335
,336
,369
2026 06 19 18:08:28.323482,356
,334
,352
,366
,345
,323
,351
,345
,337
,341
,359
,343
,320
,343
2026 06 19 18:08:28.384011,353
,334
,322
,351
,356
,336
,328
,352
,348
,337
,347
,353
,318
,312
2026 06 19 18:08:28.450182,356
,359
,341
,338
,358
,348
,320
,326
,352
,331
,320
,355
,368
,342
2026 06 19 18:08:28.514335,324
,358
,351
,330
,337
,355
,345
,327
,341
,344
,332
,335
,362
,362
2026 06 19 18:08:28.572652,332
,325
,358
,358
,334
,340
,358
,342
,333
,352
,356
,337
,321
,348
2026 06 19 18:08:28.638776,348
,325
,334
,365
,343
,313
,330
,364
,344
,323
,357
,368
,342
,324
2026 06 19 18:08:28.701729,362
,358
,330
,344
,355
,337
,320
,353
,366
,340
,340
,361
,344
,326
2026 06 19 18:08:28.764986,351
,368
,345
,324
,350
,361
,343
,336
,363
,352
,340
,342
,378
,363
2026 06 19 18:08:28.826781,349
,365
,375
,346
,323
,358
,361
,346
,338
,365
,353
,326
,339
,361
2026 06 19 18:08:28.888822,351
,339
,368
,369
,335
,331
,355
,348
,330
,333
,353
,342
,333
,349
2026 06 19 18:08:28.953333,357
,333
,327
,354
,352
,327
,330
,358
,364
,346
,358
,365
,341
,333
2026 06 19 18:08:29.015427,360
,353
,331
,332
,354
,334
,322
,347
,361
,339
,321
,359
,366
,340
2026 06 19 18:08:29.083245,335
,366
,348
,327
,339
,365
,349
,343
,357
,361
,337
,329
,360
,351
2026 06 19 18:08:29.142019,335
,352
,371
,352
,328
,349
,356
,332
,326
,365
,375
,352
,346
,367
2026 06 19 18:08:29.206616,351
,324
,342
,360
,339
,328
,351
,351
,333
,337
,362
,353
,333
,337
2026 06 19 18:08:29.269897,354
,346
,334
,365
,362
,336
,336
,362
,354
,328
,344
,372
,363
,334
2026 06 19 18:08:29.335305,354
,370
,347
,331
,356
,355
,334
,342
,368
,350
,325
,349
,364
,349
2026 06 19 18:08:29.395576,333
,362
,367
,344
,341
,356
,356
,343
,351
,366
,349
,335
,351
,361
2026 06 19 18:08:29.459343,355
,338
,358
,353
,341
,340
,360
,350
,323
,341
,357
,345
,329
,358
2026 06 19 18:08:29.519786,359
,336
,332
,356
,345
,331
,350
,367
,350
,320
,346
,374
,354
,337
2026 06 19 18:08:29.587600,354
,356
,333
,340
,350
,335
,332
,360
,372
,343
,333
,362
,361
,338
2026 06 19 18:08:29.646004,334
,356
,348
,312
,335
,367
,348
,332
,352
,355
,338
,331
,342
,334
2026 06 19 18:08:29.711747,343
,346
,368
,342
,323
,353
,362
,335
,329
,361
,359
,329
,338
,369
2026 06 19 18:08:29.773794,352
,329
,356
,360
,340
,346
,375
,364
,336
,348
,375
,352
,335
,360
2026 06 19 18:08:29.836808,374
,357
,348
,369
,363
,331
,351
,366
,359
,336
,365
,377
,353
,335
2026 06 19 18:08:29.899798,353
,359
,352
,354
,365
,354
,331
,352
,382
,352
,335
,366
,375
,348
2026 06 19 18:08:29.960840,325
,356
,363
,334
,330
,369
,347
,335
,359
,359
,344
,343
,379
,373
2026 06 19 18:08:30.022385,353
,349
,375
,367
,346
,355
,368
,350
,327
,358
,353
,336
,353
,384
2026 06 19 18:08:30.088788,367
,339
,349
,386
,360
,323
,346
,363
,355
,338
,369
,338
,342
,322
2026 06 19 18:08:30.151986,378
,362
,335
,343
,356
,360
,320
,344
,354
,343
,353
,368
,342
,336
2026 06 19 18:08:30.214828,368
,361
,352
,331
,343
,390
,344
,316
,355
,361
,331
,330
,382
,355
2026 06 19 18:08:30.276758,338
,335
,351
,343
,329
,352
,329
,346
,351
,370
,345
,327
,335
,364
2026 06 19 18:08:30.338936,341
,314
,345
,341
,335
,316
,352
,342
,325
,334
,353
,327
,309
,352
2026 06 19 18:08:30.408813,347
,327
,314
,346
,338
,307
,328
,350
,319
,320
,335
,344
,323
,300
2026 06 19 18:08:30.465889,346
,348
,322
,293
,323
,320
,352
,353
,341
,354
,325
,350
,335
,333
2026 06 19 18:08:30.530610,339
,352
,325
,337
,330
,362
,351
,301
,349
,358
,327
,319
,330
,358
2026 06 19 18:08:30.590888,346
,337
,351
,333
,335
,337
,374
,334
,329
,355
,351
,338
,344
,337
2026 06 19 18:08:30.653860,361
,343
,339
,371
,349
,338
,349
,357
,313
,316
,372
,320
,318
,327
2026 06 19 18:08:30.718626,328
,304
,331
,355
,354
,347
,327
,352
,328
,335
,339
,369
,347
,317
2026 06 19 18:08:30.780866,351
,364
,341
,314
,346
,362
,342
,339
,366
,358
,327
,347
,357
,337
2026 06 19 18:08:30.845947,319
,358
,355
,330
,312
,351
,331
,318
,340
,359
,335
,308
,334
,355
2026 06 19 18:08:30.908900,336
,325
,348
,344
,308
,323
,351
,327
,310
,332
,349
,331
,308
,340
2026 06 19 18:08:30.969014,339
,314
,313
,337
,334
,334
,337
,343
,344
,332
,358
,365
,338
,328
2026 06 19 18:08:31.035125,346
,349
,333
,336
,359
,340
,330
,348
,349
,318
,318
,373
,368
,334
2026 06 19 18:08:31.105587,343
,362
,351
,332
,359
,369
,354
,330
,359
,359
,328
,325
,358
,349
2026 06 19 18:08:31.161359,346
,367
,383
,369
,354
,373
,378
,355
,349
,369
,355
,342
,351
,369
2026 06 19 18:08:31.223138,356
,328
,366
,383
,362
,339
,368
,368
,351
,341
,373
,362
,334
,358
2026 06 19 18:08:31.288904,379
,346
,332
,349
,345
,351
,356
,383
,370
,345
,376
,379
,358
,339
2026 06 19 18:08:31.351470,355
,375
,346
,337
,362
,369
,360
,361
,381
,357
,341
,352
,347
,357
2026 06 19 18:08:31.411178,344
,356
,345
,354
,370
,370
,375
,366
,361
,362
,349
,356
,371
,372
2026 06 19 18:08:31.476598,330
,325
,367
,354
,332
,359
,374
,369
,339
,349
,365
,332
,342
,378
2026 06 19 18:08:31.538954,369
,353
,352
,379
,363
,336
,352
,346
,339
,343
,380
,375
,349
,345
2026 06 19 18:08:31.600120,370
,365
,341
,347
,363
,346
,321
,351
,368
,350
,340
,362
,357
,339
2026 06 19 18:08:31.666510,340
,364
,353
,335
,357
,370
,357
,339
,369
,358
,338
,354
,367
,350
2026 06 19 18:08:31.726908,337
,357
,372
,346
,323
,344
,351
,347
,352
,373
,357
,340
,365
,382
2026 06 19 18:08:31.792573,359
,340
,369
,376
,354
,350
,369
,367
,348
,349
,361
,355
,335
,352
2026 06 19 18:08:31.854578,379
,355
,353
,388
,384
,351
,357
,382
,362
,336
,354
,365
,350
,333
2026 06 19 18:08:31.915308,367
,356
,330
,352
,382
,363
,331
,337
,383
,362
,331
,367
,370
,354
2026 06 19 18:08:31.985125,345
,375
,364
,338
,359
,384
,358
,331
,370
,383
,354
,337
,371
,376
2026 06 19 18:08:32.042011,349
,353
,375
,364
,348
,361
,379
,363
,339
,352
,375
,364
,350
,381
2026 06 19 18:08:32.107450,378
,346
,368
,386
,360
,339
,354
,362
,370
,362
,377
,365
,355
,366
2026 06 19 18:08:32.169525,378
,359
,347
,370
,375
,356
,343
,376
,378
,350
,349
,368
,349
,334
2026 06 19 18:08:32.236555,363
,364
,361
,353
,373
,372
,348
,337
,364
,360
,346
,358
,370
,353
2026 06 19 18:08:32.295701,346
,371
,367
,352
,345
,372
,362
,334
,341
,365
,326
,318
,375
,389
2026 06 19 18:08:32.359742,360
,334
,370
,361
,343
,349
,374
,354
,341
,352
,363
,350
,334
,360
2026 06 19 18:08:32.422767,344
,313
,343
,397
,372
,339
,351
,366
,355
,337
,354
,365
,348
,340
2026 06 19 18:08:32.484436,362
,360
,328
,332
,359
,370
,343
,351
,361
,344
,332
,379
,371
,337
2026 06 19 18:08:32.545973,341
,369
,355
,330
,351
,371
,354
,343
,381
,374
,351
,344
,369
,358
2026 06 19 18:08:32.611547,339
,364
,390
,357
,346
,369
,373
,342
,337
,380
,370
,339
,342
,377
2026 06 19 18:08:32.673428,361
,337
,357
,363
,331
,323
,372
,369
,330
,339
,391
,362
,339
,348
2026 06 19 18:08:32.741602,374
,364
,340
,358
,367
,356
,348
,378
,354
,317
,369
,389
,364
,340
2026 06 19 18:08:32.800164,371
,382
,358
,349
,375
,369
,352
,361
,379
,352
,357
,373
,368
,360
2026 06 19 18:08:32.861713,350
,381
,372
,343
,353
,380
,355
,339
,348
,359
,344
,317
,351
,381
2026 06 19 18:08:32.926994,354
,336
,360
,346
,331
,349
,358
,343
,338
,365
,366
,343
,328
,348
2026 06 19 18:08:32.992270,356
,340
,334
,367
,361
,337
,344
,350
,348
,330
,362
,363
,331
,339
2026 06 19 18:08:33.054623,367
,348
,321
,337
,357
,332
,318
,365
,364
,334
,324
,353
,348
,326
2026 06 19 18:08:33.115212,326
,350
,352
,338
,354
,362
,362
,350
,371
,351
,340
,359
,379
,359
2026 06 19 18:08:33.176575,340
,362
,369
,348
,343
,366
,362
,356
,352
,376
,369
,348
,351
,372
2026 06 19 18:08:33.242174,354
,347
,380
,377
,349
,344
,384
,372
,351
,369
,385
,367
,356
,371
2026 06 19 18:08:33.306959,372
,350
,349
,382
,371
,348
,352
,365
,351
,340
,373
,386
,365
,350
2026 06 19 18:08:33.374290,372
,368
,338
,341
,376
,372
,333
,346
,390
,364
,344
,364
,363
,348
2026 06 19 18:08:33.430439,343
,367
,369
,349
,358
,370
,337
,345
,365
,376
,348
,340
,383
,373
2026 06 19 18:08:33.491590,349
,345
,369
,363
,336
,355
,362
,347
,335
,360
,358
,322
,342
,380
2026 06 19 18:08:33.556988,360
,336
,335
,356
,348
,325
,361
,365
,344
,346
,374
,356
,326
,330
2026 06 19 18:08:33.619124,365
,358
,336
,352
,366
,355
,338
,365
,359
,328
,320
,372
,370
,335
2026 06 19 18:08:33.690175,345
,373
,350
,327
,354
,366
,344
,334
,354
,343
,326
,347
,355
,343
2026 06 19 18:08:33.746345,330
,363
,364
,346
,333
,363
,358
,340
,340
,357
,342
,348
,368
,367
2026 06 19 18:08:33.808724,348
,345
,376
,367
,341
,353
,369
,363
,336
,357
,375
,343
,332
,371
2026 06 19 18:08:33.872574,371
,336
,331
,368
,365
,345
,354
,368
,344
,350
,379
,373
,345
,337
2026 06 19 18:08:33.939058,367
,364
,340
,345
,374
,361
,339
,359
,367
,347
,337
,364
,374
,362
2026 06 19 18:08:33.995191,354
,362
,352
,341
,375
,377
,355
,347
,374
,367
,353
,352
,375
,359
2026 06 19 18:08:34.061425,351
,361
,377
,363
,343
,359
,360
,340
,337
,377
,370
,342
,349
,368
2026 06 19 18:08:34.123991,349
,335
,359
,367
,348
,337
,357
,349
,334
,346
,365
,356
,331
,340
2026 06 19 18:08:34.188028,365
,343
,323
,357
,367
,332
,320
,357
,351
,345
,352
,365
,347
,326
2026 06 19 18:08:34.250161,346
,358
,348
,335
,360
,359
,336
,336
,365
,347
,314
,367
,377
,345
2026 06 19 18:08:34.310797,337
,359
,360
,350
,347
,370
,361
,336
,338
,343
,348
,340
,359
,361
2026 06 19 18:08:34.379759,342
,335
,367
,364
,335
,338
,361
,356
,339
,354
,363
,338
,333
,361
2026 06 19 18:08:34.437819,356
,327
,348
,368
,349
,332
,348
,364
,343
,334
,362
,359
,337
,341
2026 06 19 18:08:34.509075,371
,357
,339
,347
,371
,357
,334
,349
,345
,328
,336
,357
,355
,330
2026 06 19 18:08:34.565418,338
,362
,346
,333
,353
,369
,342
,328
,358
,360
,334
,334
,372
,352
2026 06 19 18:08:34.626726,325
,350
,368
,348
,328
,358
,353
,322
,333
,372
,356
,327
,339
,362
2026 06 19 18:08:34.695191,342
,337
,358
,362
,337
,323
,351
,356
,327
,340
,366
,353
,330
,345
2026 06 19 18:08:34.753124,351
,340
,329
,361
,359
,330
,334
,367
,341
,322
,333
,360
,358
,342
2026 06 19 18:08:34.819711,361
,359
,342
,338
,363
,358
,330
,347
,366
,348
,323
,347
,364
,340
2026 06 19 18:08:34.880888,326
,370
,362
,328
,330
,337
,345
,328
,343
,367
,359
,342
,364
,349
2026 06 19 18:08:34.942771,329
,338
,360
,347
,326
,340
,348
,332
,325
,362
,359
,336
,336
,360
2026 06 19 18:08:35.008871,333
,318
,340
,364
,349
,323
,355
,368
,341
,344
,369
,357
,330
,341
2026 06 19 18:08:35.074806,367
,352
,331
,344
,351
,348
,341
,362
,352
,327
,327
,345
,353
,343
2026 06 19 18:08:35.134767,351
,350
,353
,342
,357
,353
,339
,344
,372
,360
,337
,345
,355
,354
2026 06 19 18:08:35.195305,337
,354
,365
,356
,332
,358
,377
,339
,352
,384
,359
,336
,364
,372
2026 06 19 18:08:35.266967,354
,346
,362
,363
,339
,337
,364
,338
,324
,351
,369
,354
,333
,368
2026 06 19 18:08:35.323365,360
,329
,344
,368
,346
,335
,345
,354
,332
,310
,330
,346
,325
,308
2026 06 19 18:08:35.383872,350
,343
,310
,320
,352
,332
,313
,326
,345
,336
,321
,340
,339
,332
2026 06 19 18:08:35.450076,330
,352
,339
,318
,332
,347
,328
,327
,352
,353
,330
,327
,352
,349
2026 06 19 18:08:35.512610,321
,333
,362
,351
,327
,343
,349
,323
,332
,354
,343
,332
,334
,361
2026 06 19 18:08:35.575027,347
,325
,348
,360
,327
,319
,371
,363
,347
,337
,357
,351
,329
,331
2026 06 19 18:08:35.637170,354
,354
,324
,342
,355
,334
,337
,362
,354
,332
,337
,367
,349
,326
2026 06 19 18:08:35.698673,344
,356
,339
,327
,350
,352
,333
,334
,353
,352
,332
,340
,360
,348
2026 06 19 18:08:35.765670,331
,349
,361
,341
,338
,362
,354
,331
,336
,344
,341
,338
,358
,362
2026 06 19 18:08:35.826930,348
,346
,362
,345
,338
,340
,360
,355
,345
,360
,367
,347
,326
,356
2026 06 19 18:08:35.892352,358
,349
,339
,363
,368
,333
,345
,356
,341
,333
,353
,355
,329
,337
2026 06 19 18:08:35.953674,359
,348
,325
,333
,359
,356
,332
,340
,346
,348
,341
,366
,350
,330
2026 06 19 18:08:36.014962,340
,358
,342
,321
,342
,361
,339
,327
,352
,352
,319
,324
,365
,356
2026 06 19 18:08:36.080547,324
,341
,371
,355
,339
,367
,375
,348
,334
,359
,354
,340
,349
,364
2026 06 19 18:08:36.143187,349
,323
,354
,362
,343
,334
,368
,358
,336
,348
,368
,348
,335
,348
2026 06 19 18:08:36.203636,372
,342
,326
,356
,340
,345
,344
,364
,351
,318
,340
,361
,342
,327
2026 06 19 18:08:36.268838,355
,346
,306
,336
,374
,357
,328
,341
,361
,345
,332
,367
,370
,340
2026 06 19 18:08:36.330014,329
,352
,353
,324
,336
,366
,341
,320
,335
,347
,341
,330
,354
,366
2026 06 19 18:08:36.396222,330
,332
,359
,335
,312
,342
,355
,334
,304
,328
,331
,326
,328
,360
2026 06 19 18:08:36.458032,341
,328
,338
,357
,341
,317
,349
,358
,340
,332
,354
,352
,330
,327
2026 06 19 18:08:36.519004,352
,356
,341
,353
,376
,359
,335
,357
,351
,346
,350
,377
,358
,332
2026 06 19 18:08:36.584689,355
,368
,346
,343
,371
,370
,341
,329
,367
,366
,334
,334
,350
,352
2026 06 19 18:08:36.645949,346
,360
,367
,346
,341
,366
,361
,341
,348
,374
,348
,334
,357
,379
2026 06 19 18:08:36.711993,352
,342
,370
,363
,348
,351
,372
,357
,340
,355
,370
,355
,335
,357
2026 06 19 18:08:36.772568,362
,352
,344
,368
,365
,345
,345
,363
,350
,347
,369
,374
,353
,348
2026 06 19 18:08:36.833848,375
,366
,334
,345
,380
,356
,333
,357
,368
,350
,329
,356
,356
,338
2026 06 19 18:08:36.899794,339
,368
,357
,341
,351
,360
,340
,333
,356
,352
,340
,328
,359
,344
2026 06 19 18:08:36.962729,326
,343
,365
,343
,329
,344
,349
,334
,330
,357
,346
,335
,343
,361
2026 06 19 18:08:37.026628,349
,315
,342
,364
,349
,336
,371
,369
,350
,341
,365
,355
,334
,346
2026 06 19 18:08:37.087278,368
,343
,323
,359
,357
,342
,329
,357
,354
,339
,343
,364
,354
,334
2026 06 19 18:08:37.149826,340
,364
,356
,336
,355
,361
,341
,348
,367
,352
,329
,339
,357
,340
2026 06 19 18:08:37.215391,333
,354
,339
,334
,342
,363
,347
,320
,340
,356
,345
,335
,365
,369
2026 06 19 18:08:37.276750,346
,342
,358
,347
,335
,341
,359
,343
,325
,348
,359
,338
,328
,355
2026 06 19 18:08:37.342168,352
,338
,345
,371
,354
,334
,355
,368
,350
,332
,364
,368
,342
,334
2026 06 19 18:08:37.403737,365
,355
,334
,351
,366
,352
,332
,350
,371
,346
,344
,374
,365
,340
2026 06 19 18:08:37.464850,351
,371
,339
,341
,363
,382
,360
,343
,365
,359
,341
,347
,369
,353
2026 06 19 18:08:37.530580,327
,358
,366
,341
,321
,351
,366
,352
,339
,370
,346
,320
,341
,383
2026 06 19 18:08:37.592284,356
,331
,349
,362
,343
,333
,368
,366
,345
,351
,361
,343
,336
,350
2026 06 19 18:08:37.657925,375
,368
,346
,370
,368
,334
,341
,370
,357
,327
,341
,361
,348
,334
2026 06 19 18:08:37.719220,359
,367
,339
,336
,368
,369
,332
,351
,393
,357
,338
,363
,377
,358
2026 06 19 18:08:37.782518,333
,357
,368
,342
,334
,361
,352
,317
,323
,361
,337
,316
,352
,355
2026 06 19 18:08:37.847898,328
,324
,338
,325
,319
,342
,366
,341
,318
,348
,358
,338
,335
,362
2026 06 19 18:08:37.907520,351
,327
,344
,374
,347
,316
,355
,368
,350
,334
,365
,364
,337
,343
2026 06 19 18:08:37.969180,371
,357
,326
,352
,367
,350
,338
,377
,376
,351
,351
,377
,359
,323
2026 06 19 18:08:38.033993,356
,390
,362
,334
,365
,371
,344
,336
,364
,351
,351
,357
,375
,358
2026 06 19 18:08:38.101667,331
,355
,371
,348
,329
,364
,370
,343
,346
,367
,352
,329
,342
,355
2026 06 19 18:08:38.161496,352
,336
,350
,358
,339
,346
,367
,340
,318
,351
,379
,355
,330
,353
2026 06 19 18:08:38.222451,360
,338
,326
,361
,353
,328
,338
,361
,340
,321
,342
,345
,336
,328
2026 06 19 18:08:38.284312,359
,357
,331
,334
,376
,355
,322
,352
,378
,357
,335
,363
,367
,341
2026 06 19 18:08:38.350172,338
,366
,349
,318
,346
,370
,352
,332
,356
,362
,336
,324
,359
,361
2026 06 19 18:08:38.415156,334
,346
,382
,364
,339
,352
,363
,349
,338
,367
,362
,338
,331
,364
2026 06 19 18:08:38.480311,361
,328
,340
,353
,330
,345
,380
,372
,343
,339
,371
,358
,325
,354
2026 06 19 18:08:38.540750,374
,349
,330
,350
,361
,341
,319
,366
,367
,331
,341
,367
,336
,333
2026 06 19 18:08:38.598992,360
,372
,349
,329
,360
,363
,345
,340
,374
,358
,320
,343
,369
,351
2026 06 19 18:08:38.664533,337
,357
,344
,343
,354
,394
,384
,341
,348
,375
,371
,339
,356
,371
2026 06 19 18:08:38.726678,358
,347
,367
,355
,325
,347
,371
,344
,322
,341
,344
,324
,329
,364
2026 06 19 18:08:38.792259,372
,350
,355
,376
,369
,345
,357
,373
,351
,328
,359
,365
,340
,332
2026 06 19 18:08:38.853219,366
,363
,320
,317
,379
,370
,347
,375
,379
,348
,339
,368
,363
,336
2026 06 19 18:08:38.915057,346
,364
,345
,321
,353
,361
,335
,303
,348
,382
,358
,345
,370
,360
2026 06 19 18:08:38.980740,329
,354
,365
,346
,333
,363
,364
,339
,334
,353
,327
,326
,340
,365
2026 06 19 18:08:39.043691,358
,334
,367
,381
,358
,341
,369
,358
,335
,346
,366
,337
,300
,349
2026 06 19 18:08:39.107495,388
,364
,329
,344
,366
,359
,353
,368
,356
,336
,349
,367
,352
,290
2026 06 19 18:08:39.169340,328
,401
,356
,343
,372
,360
,331
,341
,356
,333
,331
,368
,381
,343
2026 06 19 18:08:39.229825,309
,355
,359
,331
,371
,388
,362
,338
,363
,381
,354
,333
,364
,364
2026 06 19 18:08:39.296119,334
,322
,362
,343
,312
,332
,371
,362
,333
,357
,363
,337
,327
,354
2026 06 19 18:08:39.360906,345
,319
,327
,349
,349
,324
,346
,364
,334
,328
,366
,360
,338
,348
2026 06 19 18:08:39.422804,374
,353
,323
,352
,374
,345
,319
,369
,390
,355
,351
,386
,374
,346
2026 06 19 18:08:39.484011,353
,376
,346
,324
,355
,379
,352
,342
,372
,362
,332
,314
,364
,374
2026 06 19 18:08:39.547719,339
,363
,387
,357
,340
,364
,359
,337
,341
,373
,357
,332
,353
,368
2026 06 19 18:08:39.613089,339
,312
,349
,375
,342
,344
,365
,362
,347
,357
,373
,345
,325
,351
2026 06 19 18:08:39.672330,356
,332
,327
,359
,352
,326
,332
,351
,331
,323
,363
,363
,360
,344
2026 06 19 18:08:39.738158,368
,365
,337
,341
,367
,353
,328
,345
,371
,344
,327
,361
,366
,335
2026 06 19 18:08:39.799936,339
,367
,343
,339
,344
,352
,349
,329
,343
,356
,342
,328
,360
,351
2026 06 19 18:08:39.863032,327
,335
,372
,354
,329
,348
,354
,332
,333
,368
,364
,331
,328
,376
2026 06 19 18:08:39.927098,350
,316
,340
,375
,348
,324
,353
,366
,338
,334
,360
,344
,330
,341
2026 06 19 18:08:39.987187,375
,356
,331
,360
,365
,339
,335
,365
,354
,328
,335
,358
,348
,327
2026 06 19 18:08:40.053711,356
,380
,351
,338
,374
,371
,345
,343
,366
,345
,322
,359
,373
,356
2026 06 19 18:08:40.115328,328
,362
,371
,349
,347
,374
,356
,329
,350
,383
,364
,337
,362
,375
2026 06 19 18:08:40.176664,350
,337
,366
,366
,337
,329
,369
,371
,345
,360
,382
,356
,335
,369
2026 06 19 18:08:40.242247,371
,346
,355
,389
,360
,341
,370
,383
,357
,335
,363
,367
,335
,325
2026 06 19 18:08:40.303297,367
,359
,333
,344
,382
,356
,328
,357
,363
,343
,334
,371
,371
,349
2026 06 19 18:08:40.368770,347
,369
,352
,329
,357
,366
,350
,334
,361
,358
,337
,339
,367
,346
2026 06 19 18:08:40.432203,327
,346
,382
,356
,328
,348
,361
,339
,333
,355
,335
,320
,337
,361
2026 06 19 18:08:40.491641,346
,319
,342
,363
,344
,323
,350
,340
,330
,346
,372
,352
,333
,351
2026 06 19 18:08:40.557526,360
,332
,322
,350
,350
,323
,320
,347
,353
,329
,349
,382
,351
,326
2026 06 19 18:08:40.619291,349
,353
,318
,301
,359
,359
,329
,344
,368
,348
,320
,338
,355
,333
2026 06 19 18:08:40.683983,321
,346
,343
,324
,342
,360
,334
,318
,344
,351
,336
,346
,372
,374
2026 06 19 18:08:40.746662,347
,346
,370
,353
,323
,334
,356
,338
,317
,345
,350
,327
,325
,355
2026 06 19 18:08:40.807007,362
,342
,352
,373
,355
,337
,355
,362
,336
,313
,338
,340
,323
,333
2026 06 19 18:08:40.872595,360
,342
,320
,341
,361
,349
,347
,370
,367
,341
,331
,362
,348
,321
2026 06 19 18:08:40.933982,335
,349
,335
,318
,340
,344
,331
,327
,358
,355
,328
,351
,375
,366
2026 06 19 18:08:41.001524,342
,353
,359
,334
,320
,349
,346
,315
,322
,361
,341
,316
,343
,366
2026 06 19 18:08:41.061844,355
,335
,364
,378
,363
,355
,376
,353
,324
,348
,364
,332
,306
,336
2026 06 19 18:08:41.122646,356
,329
,320
,342
,335
,325
,346
,362
,345
,330
,359
,366
,340
,322
2026 06 19 18:08:41.188308,346
,342
,318
,320
,353
,340
,321
,345
,365
,351
,333
,359
,361
,329
2026 06 19 18:08:41.249917,326
,364
,356
,322
,336
,359
,332
,323
,344
,353
,331
,324
,354
,347
2026 06 19 18:08:41.317973,336
,350
,362
,332
,331
,366
,376
,340
,318
,345
,341
,323
,323
,344
2026 06 19 18:08:41.376849,327
,301
,327
,349
,336
,327
,355
,357
,331
,329
,364
,345
,325
,338
2026 06 19 18:08:41.437592,349
,335
,324
,359
,362
,335
,334
,369
,356
,325
,329
,362
,351
,343
2026 06 19 18:08:41.503368,366
,380
,357
,335
,368
,376
,345
,337
,368
,351
,326
,346
,355
,338
2026 06 19 18:08:41.564579,327
,347
,347
,339
,340
,358
,358
,348
,363
,371
,349
,329
,350
,354
2026 06 19 18:08:41.633792,339
,328
,351
,342
,342
,358
,374
,352
,326
,351
,372
,354
,348
,378
2026 06 19 18:08:41.692142,373
,342
,344
,361
,348
,322
,340
,364
,343
,325
,353
,366
,342
,334
2026 06 19 18:08:41.753631,355
,347
,327
,333
,352
,355
,351
,385
,389
,358
,341
,366
,354
,330
2026 06 19 18:08:41.819051,338
,347
,330
,320
,346
,361
,337
,326
,356
,368
,335
,334
,371
,362
2026 06 19 18:08:41.880167,340
,372
,380
,352
,342
,378
,368
,339
,332
,354
,342
,319
,336
,361
2026 06 19 18:08:41.941934,343
,324
,349
,356
,333
,330
,360
,362
,342
,350
,382
,366
,343
,366
2026 06 19 18:08:42.007872,374
,337
,319
,349
,352
,326
,328
,356
,346
,326
,347
,370
,353
,327
2026 06 19 18:08:42.068764,361
,376
,347
,347
,379
,371
,337
,343
,367
,345
,315
,334
,342
,320
2026 06 19 18:08:42.134799,319
,358
,363
,342
,335
,373
,365
,340
,361
,373
,342
,335
,364
,362
2026 06 19 18:08:42.195148,333
,328
,348
,337
,319
,340
,365
,351
,334
,356
,369
,347
,339
,369
2026 06 19 18:08:42.256928,361
,334
,347
,369
,351
,329
,350
,372
,350
,335
,369
,365
,341
,342
2026 06 19 18:08:42.322430,371
,358
,334
,350
,358
,331
,324
,360
,365
,340
,342
,365
,367
,349
2026 06 19 18:08:42.383678,360
,374
,345
,335
,371
,364
,334
,332
,363
,352
,328
,342
,358
,337
2026 06 19 18:08:42.450110,314
,341
,364
,350
,353
,378
,366
,354
,354
,372
,351
,331
,350
,364
2026 06 19 18:08:42.511068,346
,328
,352
,354
,322
,315
,348
,360
,337
,350
,398
,371
,353
,388
2026 06 19 18:08:42.572593,387
,351
,329
,367
,355
,322
,328
,361
,345
,329
,355
,375
,342
,328
2026 06 19 18:08:42.638044,367
,370
,341
,360
,397
,369
,344
,359
,381
,349
,343
,355
,346
,326
2026 06 19 18:08:42.702450,319
,347
,339
,314
,331
,347
,335
,322
,353
,357
,341
,342
,372
,366
2026 06 19 18:08:42.765291,339
,349
,370
,339
,316
,343
,367
,347
,334
,360
,357
,334
,339
,365
2026 06 19 18:08:42.826828,351
,335
,360
,381
,355
,348
,375
,380
,352
,354
,372
,350
,325
,346
2026 06 19 18:08:42.887817,368
,349
,325
,357
,367
,337
,332
,380
,375
,353
,371
,394
,372
,347
2026 06 19 18:08:42.953469,373
,382
,353
,343
,367
,368
,343
,348
,380
,357
,335
,367
,380
,355
2026 06 19 18:08:43.015193,341
,373
,373
,345
,355
,381
,368
,342
,357
,374
,349
,327
,366
,373
2026 06 19 18:08:43.080502,344
,336
,374
,364
,336
,349
,378
,357
,337
,361
,374
,345
,334
,368
2026 06 19 18:08:43.142128,364
,346
,349
,382
,365
,338
,360
,366
,351
,336
,360
,358
,336
,354
2026 06 19 18:08:43.202817,380
,361
,336
,357
,383
,360
,338
,368
,370
,336
,332
,387
,376
,345
2026 06 19 18:08:43.269091,356
,373
,361
,345
,356
,362
,353
,347
,376
,364
,336
,342
,371
,359
2026 06 19 18:08:43.330010,340
,358
,374
,343
,331
,356
,361
,335
,324
,371
,376
,350
,367
,384
2026 06 19 18:08:43.395441,354
,329
,357
,367
,357
,350
,377
,379
,352
,345
,380
,367
,349
,369
2026 06 19 18:08:43.457020,375
,347
,333
,360
,360
,343
,345
,368
,351
,324
,354
,365
,336
,327
2026 06 19 18:08:43.518880,366
,365
,352
,344
,355
,362
,348
,354
,370
,349
,332
,351
,363
,342
2026 06 19 18:08:43.583837,340
,370
,361
,335
,336
,368
,349
,328
,354
,378
,357
,340
,370
,366
2026 06 19 18:08:43.645975,331
,338
,369
,355
,334
,353
,368
,342
,325
,357
,365
,332
,337
,367
2026 06 19 18:08:43.710987,351
,313
,338
,374
,363
,339
,369
,372
,342
,337
,374
,367
,338
,339
2026 06 19 18:08:43.772520,384
,366
,332
,352
,364
,344
,330
,366
,366
,325
,330
,372
,362
,337
2026 06 19 18:08:43.833511,355
,370
,346
,325
,351
,356
,334
,333
,363
,355
,327
,344
,362
,346
2026 06 19 18:08:43.898622,330
,357
,364
,342
,331
,357
,338
,339
,355
,378
,355
,335
,360
,369
2026 06 19 18:08:43.961064,346
,342
,373
,368
,347
,349
,379
,361
,336
,354
,363
,347
,331
,365
2026 06 19 18:08:44.028865,370
,347
,342
,373
,365
,334
,344
,379
,356
,335
,357
,362
,340
,351
2026 06 19 18:08:44.087412,378
,362
,335
,353
,375
,360
,333
,356
,369
,340
,339
,373
,375
,336
2026 06 19 18:08:44.149912,330
,377
,354
,342
,363
,380
,358
,336
,356
,367
,340
,337
,353
,347
2026 06 19 18:08:44.215215,345
,345
,370
,365
,344
,360
,362
,343
,336
,351
,343
,330
,341
,378
2026 06 19 18:08:44.281816,357
,334
,364
,374
,348
,356
,384
,379
,350
,353
,382
,358
,328
,354
2026 06 19 18:08:44.341321,382
,366
,346
,372
,378
,338
,345
,384
,366
,338
,345
,370
,347
,344
2026 06 19 18:08:44.403213,368
,371
,356
,344
,372
,367
,343
,355
,376
,358
,334
,354
,371
,351
2026 06 19 18:08:44.465385,331
,364
,379
,353
,346
,367
,355
,337
,362
,377
,349
,335
,365
,365
2026 06 19 18:08:44.534062,352
,345
,371
,364
,339
,351
,368
,352
,333
,357
,372
,349
,339
,370
2026 06 19 18:08:44.592318,365
,338
,348
,370
,355
,338
,359
,372
,349
,333
,361
,363
,338
,338
2026 06 19 18:08:44.657045,367
,355
,329
,350
,366
,347
,319
,348
,377
,343
,325
,380
,367
,329
2026 06 19 18:08:44.719131,350
,389
,367
,339
,352
,366
,335
,337
,377
,369
,330
,342
,374
,346
2026 06 19 18:08:44.782508,320
,351
,369
,341
,324
,362
,371
,338
,332
,367
,360
,331
,346
,359
2026 06 19 18:08:44.850535,341
,326
,359
,362
,332
,331
,375
,357
,333
,322
,358
,363
,339
,359
2026 06 19 18:08:44.907468,359
,328
,326
,374
,363
,331
,333
,365
,351
,324
,339
,355
,346
,335
2026 06 19 18:08:44.972918,363
,353
,337
,341
,362
,358
,336
,345
,354
,351
,335
,371
,375
,345
2026 06 19 18:08:45.034096,340
,370
,359
,327
,347
,375
,350
,325
,361
,380
,363
,352
,376
,362
2026 06 19 18:08:45.095474,333
,336
,367
,350
,336
,359
,380
,360
,331
,364
,379
,347
,341
,367
2026 06 19 18:08:45.160960,353
,335
,350
,373
,353
,334
,354
,361
,352
,347
,373
,355
,339
,348
2026 06 19 18:08:45.223074,373
,355
,340
,365
,362
,339
,327
,354
,358
,329
,335
,366
,354
,330
2026 06 19 18:08:45.287239,346
,365
,338
,316
,347
,362
,334
,334
,360
,346
,322
,348
,371
,347
2026 06 19 18:08:45.349046,331
,349
,356
,335
,333
,362
,351
,329
,345
,368
,346
,324
,355
,365
2026 06 19 18:08:45.410990,337
,328
,359
,350
,327
,341
,361
,335
,334
,358
,368
,343
,326
,358
2026 06 19 18:08:45.476772,353
,318
,332
,371
,357
,334
,350
,362
,329
,315
,359
,361
,332
,321
2026 06 19 18:08:45.538169,368
,350
,324
,326
,362
,349
,332
,357
,366
,350
,339
,362
,355
,326
2026 06 19 18:08:45.604770,335
,354
,338
,317
,342
,353
,332
,317
,347
,366
,343
,340
,364
,348
2026 06 19 18:08:45.666669,321
,341
,358
,335
,325
,345
,357
,332
,321
,347
,334
,319
,337
,360
2026 06 19 18:08:45.725478,342
,319
,347
,364
,338
,330
,354
,344
,326
,332
,357
,343
,321
,344
2026 06 19 18:08:45.791436,346
,333
,329
,353
,359
,334
,326
,351
,344
,322
,338
,363
,336
,327
2026 06 19 18:08:45.853353,363
,359
,331
,332
,366
,359
,323
,335
,358
,349
,328
,346
,356
,344
2026 06 19 18:08:45.919164,334
,369
,357
,330
,333
,367
,354
,339
,356
,375
,350
,330
,359
,370
2026 06 19 18:08:45.979847,343
,341
,369
,352
,330
,354
,374
,350
,325
,363
,369
,343
,337
,366
2026 06 19 18:08:46.041497,356
,330
,340
,366
,343
,324
,343
,351
,322
,334
,354
,350
,336
,349
2026 06 19 18:08:46.107630,375
,358
,321
,342
,381
,359
,336
,355
,365
,345
,340
,361
,342
,321
2026 06 19 18:08:46.171578,345
,353
,344
,332
,354
,359
,341
,327
,353
,340
,336
,356
,372
,334
2026 06 19 18:08:46.229796,327
,358
,368
,332
,326
,354
,358
,336
,331
,349
,345
,317
,338
,357
2026 06 19 18:08:46.295765,333
,315
,357
,358
,323
,352
,389
,358
,318
,341
,361
,344
,322
,331
2026 06 19 18:08:46.357152,375
,341
,333
,367
,359
,333
,342
,354
,344
,345
,356
,364
,350
,325
2026 06 19 18:08:46.422744,363
,359
,322
,332
,373
,356
,326
,356
,376
,348
,322
,365
,374
,343
2026 06 19 18:08:46.483616,332
,360
,352
,314
,333
,360
,348
,328
,337
,365
,335
,326
,367
,360
2026 06 19 18:08:46.545020,324
,323
,344
,345
,336
,351
,361
,332
,318
,359
,351
,326
,323
,343
2026 06 19 18:08:46.611537,340
,317
,338
,340
,340
,339
,355
,351
,319
,344
,370
,369
,337
,341
2026 06 19 18:08:46.672291,365
,333
,321
,340
,355
,329
,323
,356
,349
,322
,329
,361
,349
,330
2026 06 19 18:08:46.738631,351
,367
,348
,332
,347
,361
,336
,328
,351
,365
,346
,352
,371
,353
2026 06 19 18:08:46.798852,328
,356
,373
,351
,342
,374
,361
,330
,339
,354
,334
,326
,349
,364
2026 06 19 18:08:46.861459,341
,326
,347
,360
,332
,327
,347
,338
,329
,355
,364
,338
,318
,354
2026 06 19 18:08:46.926892,374
,340
,340
,367
,346
,318
,333
,354
,338
,321
,346
,351
,328
,325
2026 06 19 18:08:46.991964,355
,342
,319
,336
,359
,332
,314
,330
,342
,322
,311
,344
,335
,301
2026 06 19 18:08:47.053245,315
,371
,354
,318
,344
,358
,336
,317
,356
,355
,324
,331
,364
,361
2026 06 19 18:08:47.114458,336
,351
,368
,351
,334
,357
,363
,347
,349
,376
,364
,336
,351
,382
2026 06 19 18:08:47.177109,359
,341
,359
,368
,345
,339
,378
,365
,336
,344
,367
,353
,327
,356
2026 06 19 18:08:47.242387,379
,359
,345
,370
,369
,345
,364
,392
,367
,336
,360
,381
,351
,331
2026 06 19 18:08:47.303533,372
,370
,340
,342
,369
,353
,326
,354
,375
,357
,331
,347
,355
,349
2026 06 19 18:08:47.368967,336
,371
,367
,334
,336
,362
,352
,338
,363
,370
,349
,335
,368
,358
2026 06 19 18:08:47.431221,339
,338
,366
,351
,332
,355
,383
,353
,333
,371
,364
,332
,343
,361
2026 06 19 18:08:47.491732,344
,338
,347
,374
,360
,347
,369
,377
,346
,342
,367
,358
,335
,347
2026 06 19 18:08:47.557247,374
,353
,329
,348
,359
,342
,347
,367
,357
,342
,348
,378
,356
,341
2026 06 19 18:08:47.617619,357
,368
,344
,337
,366
,375
,336
,332
,368
,360
,334
,341
,362
,349
2026 06 19 18:08:47.684409,334
,365
,372
,338
,342
,373
,373
,345
,352
,381
,358
,317
,339
,369
2026 06 19 18:08:47.745976,348
,339
,370
,373
,339
,344
,382
,367
,327
,347
,380
,354
,330
,362
2026 06 19 18:08:47.809149,373
,345
,329
,365
,350
,322
,344
,368
,350
,318
,355
,375
,350
,340
2026 06 19 18:08:47.877802,368
,361
,344
,350
,368
,348
,331
,344
,361
,343
,333
,371
,362
,338
2026 06 19 18:08:47.933957,338
,371
,358
,319
,348
,378
,346
,317
,363
,376
,343
,338
,362
,365
2026 06 19 18:08:47.998853,343
,338
,362
,358
,334
,355
,367
,344
,335
,378
,370
,332
,331
,374
2026 06 19 18:08:48.061120,359
,326
,348
,365
,355
,335
,364
,354
,321
,347
,377
,355
,330
,348
2026 06 19 18:08:48.124459,363
,351
,340
,360
,372
,341
,336
,359
,352
,352
,352
,369
,342
,329
2026 06 19 18:08:48.187269,358
,374
,352
,335
,360
,359
,357
,355
,382
,364
,332
,356
,381
,353
2026 06 19 18:08:48.249105,324
,372
,374
,340
,332
,356
,358
,340
,361
,373
,344
,309
,359
,357
2026 06 19 18:08:48.314360,333
,333
,369
,365
,340
,348
,373
,340
,326
,353
,371
,349
,341
,382
2026 06 19 18:08:48.377166,374
,342
,351
,370
,350
,331
,361
,369
,355
,346
,374
,365
,332
,344
2026 06 19 18:08:48.437982,374
,361
,326
,345
,380
,353
,319
,366
,368
,333
,330
,370
,352
,336
2026 06 19 18:08:48.502648,337
,372
,351
,328
,358
,363
,324
,319
,352
,370
,336
,329
,358
,342
2026 06 19 18:08:48.564304,319
,342
,365
,346
,321
,343
,353
,338
,329
,366
,351
,329
,346
,371
2026 06 19 18:08:48.630362,343
,320
,348
,359
,336
,330
,356
,352
,328
,342
,369
,345
,321
,349
2026 06 19 18:08:48.691981,357
,337
,335
,366
,354
,323
,341
,374
,361
,333
,343
,367
,355
,329
2026 06 19 18:08:48.753198,363
,359
,337
,353
,379
,368
,340
,345
,361
,352
,330
,358
,360
,330
2026 06 19 18:08:48.818269,342
,374
,358
,339
,349
,370
,351
,325
,335
,351
,361
,346
,362
,363
2026 06 19 18:08:48.885613,331
,329
,371
,359
,325
,344
,371
,347
,320
,351
,359
,340
,327
,359
2026 06 19 18:08:48.947246,357
,336
,346
,368
,350
,319
,339
,359
,341
,333
,367
,351
,315
,340
2026 06 19 18:08:49.006998,367
,349
,318
,334
,352
,321
,327
,357
,349
,322
,330
,356
,352
,324
2026 06 19 18:08:49.068431,340
,361
,341
,316
,343
,349
,341
,341
,371
,369
,339
,343
,381
,369
2026 06 19 18:08:49.134076,341
,360
,365
,342
,350
,381
,369
,342
,344
,385
,365
,333
,349
,377
2026 06 19 18:08:49.199470,361
,335
,375
,388
,358
,358
,372
,361
,338
,355
,373
,346
,333
,368
2026 06 19 18:08:49.261238,376
,350
,339
,363
,357
,349
,358
,378
,356
,338
,368
,371
,351
,330
2026 06 19 18:08:49.322051,360
,359
,338
,346
,370
,349
,313
,355
,362
,345
,341
,366
,365
,336
2026 06 19 18:08:49.385086,353
,371
,344
,322
,354
,371
,321
,331
,381
,382
,347
,318
,381
,375
2026 06 19 18:08:49.449779,346
,359
,379
,357
,335
,359
,363
,343
,335
,360
,346
,328
,336
,368
2026 06 19 18:08:49.510988,350
,330
,353
,362
,350
,349
,383
,370
,358
,359
,376
,360
,338
,348
2026 06 19 18:08:49.575256,370
,354
,332
,363
,368
,342
,347
,375
,357
,334
,353
,377
,352
,335
2026 06 19 18:08:49.636692,363
,372
,329
,335
,396
,377
,348
,353
,372
,352
,323
,351
,361
,349
2026 06 19 18:08:49.700948,332
,353
,362
,342
,344
,368
,349
,317
,336
,381
,349
,334
,374
,371
2026 06 19 18:08:49.764899,349
,341
,365
,353
,336
,348
,364
,343
,324
,355
,364
,341
,329
,358
2026 06 19 18:08:49.825317,365
,338
,346
,369
,344
,327
,359
,374
,345
,320
,350
,355
,337
,339
2026 06 19 18:08:49.890600,371
,358
,329
,351
,367
,347
,331
,362
,360
,336
,327
,356
,343
,321
2026 06 19 18:08:49.954490,352
,381
,350
,333
,356
,377
,349
,333
,360
,351
,334
,340
,364
,349
2026 06 19 18:08:50.014583,335
,351
,360
,340
,328
,374
,366
,328
,340
,361
,340
,328
,344
,377
2026 06 19 18:08:50.080506,353
,328
,369
,368
,341
,338
,367
,354
,328
,335
,367
,337
,321
,353
2026 06 19 18:08:50.141954,370
,336
,333
,366
,357
,329
,345
,363
,335
,330
,342
,338
,331
,338
2026 06 19 18:08:50.202817,360
,346
,323
,339
,360
,335
,320
,343
,361
,333
,309
,344
,357
,332
2026 06 19 18:08:50.268690,324
,354
,345
,316
,340
,350
,335
,312
,332
,352
,333
,327
,360
,352
2026 06 19 18:08:50.330051,335
,337
,353
,328
,312
,348
,363
,341
,323
,355
,356
,333
,329
,362
2026 06 19 18:08:50.395503,350
,328
,354
,376
,347
,335
,370
,366
,342
,339
,374
,353
,327
,338
2026 06 19 18:08:50.457473,364
,346
,331
,351
,354
,344
,344
,370
,367
,345
,339
,368
,358
,332
2026 06 19 18:08:50.518563,355
,364
,349
,331
,362
,365
,341
,340
,367
,357
,330
,345
,355
,349
2026 06 19 18:08:50.583793,336
,363
,372
,341
,339
,373
,364
,337
,349
,372
,360
,336
,363
,367
2026 06 19 18:08:50.645599,339
,333
,368
,344
,340
,367
,388
,359
,333
,358
,375
,347
,336
,360
2026 06 19 18:08:50.710649,361
,329
,351
,381
,363
,335
,358
,362
,346
,349
,374
,376
,343
,339
2026 06 19 18:08:50.771979,369
,365
,345
,356
,380
,355
,331
,358
,365
,344
,337
,362
,361
,340
2026 06 19 18:08:50.834101,358
,389
,367
,339
,362
,377
,350
,340
,378
,373
,341
,353
,381
,370
2026 06 19 18:08:50.903017,349
,368
,389
,356
,331
,366
,373
,341
,346
,381
,364
,336
,351
,374
2026 06 19 18:08:50.961496,364
,338
,358
,370
,351
,331
,368
,374
,345
,350
,373
,354
,333
,360
2026 06 19 18:08:51.025211,375
,347
,341
,373
,368
,342
,349
,367
,355
,327
,337
,372
,346
,327
2026 06 19 18:08:51.087805,360
,369
,343
,331
,373
,363
,336
,347
,371
,340
,313
,356
,361
,345
2026 06 19 18:08:51.151719,337
,377
,358
,333
,352
,385
,369
,342
,360
,371
,345
,337
,366
,367
2026 06 19 18:08:51.217374,340
,341
,378
,359
,339
,349
,366
,345
,330
,357
,366
,330
,335
,363
2026 06 19 18:08:51.276607,352
,342
,354
,375
,349
,325
,339
,357
,353
,334
,360
,348
,316
,336
2026 06 19 18:08:51.340727,368
,344
,323
,338
,349
,330
,316
,344
,352
,332
,326
,349
,334
,308
2026 06 19 18:08:51.403115,335
,370
,325
,297
,350
,354
,324
,313
,340
,337
,315
,308
,338
,332
2026 06 19 18:08:51.464484,327
,347
,357
,335
,314
,339
,330
,331
,351
,372
,351
,324
,349
,359
2026 06 19 18:08:51.530255,335
,322
,357
,358
,325
,334
,365
,349
,318
,342
,359
,350
,331
,350
2026 06 19 18:08:51.591254,354
,326
,320
,360
,352
,318
,355
,379
,352
,338
,361
,370
,342
,336
2026 06 19 18:08:51.657201,365
,346
,326
,340
,379
,361
,318
,339
,368
,353
,347
,358
,357
,342
2026 06 19 18:08:51.718866,354
,373
,365
,344
,354
,365
,347
,338
,367
,376
,344
,334
,367
,351
2026 06 19 18:08:51.779683,342
,346
,364
,355
,332
,371
,384
,360
,347
,373
,373
,346
,342
,372
2026 06 19 18:08:51.846127,367
,342
,357
,373
,353
,332
,367
,369
,333
,344
,360
,362
,349
,361
2026 06 19 18:08:51.906663,370
,345
,327
,352
,372
,343
,330
,373
,351
,327
,364
,387
,362
,334
2026 06 19 18:08:51.972468,354
,369
,351
,339
,382
,377
,334
,338
,379
,358
,339
,359
,376
,355
2026 06 19 18:08:52.034528,335
,363
,372
,354
,336
,359
,374
,351
,359
,377
,358
,340
,364
,361
2026 06 19 18:08:52.095433,339
,329
,371
,371
,353
,353
,366
,353
,325
,352
,367
,346
,341
,364
2026 06 19 18:08:52.160934,355
,339
,341
,370
,354
,330
,354
,370
,344
,324
,362
,350
,322
,344
2026 06 19 18:08:52.221738,382
,364
,330
,344
,374
,359
,332
,361
,371
,341
,337
,376
,359
,333
2026 06 19 18:08:52.287496,357
,382
,363
,337
,363
,374
,335
,336
,380
,380
,360
,351
,379
,369
2026 06 19 18:08:52.348995,339
,349
,370
,351
,322
,362
,380
,351
,344
,384
,359
,333
,364
,386
2026 06 19 18:08:52.410957,358
,335
,370
,369
,350
,343
,367
,355
,336
,336
,359
,349
,335
,352
2026 06 19 18:08:52.475351,368
,347
,326
,360
,361
,334
,341
,375
,358
,336
,340
,359
,341
,340
2026 06 19 18:08:52.541595,361
,364
,335
,324
,364
,353
,333
,341
,371
,359
,340
,358
,366
,335
2026 06 19 18:08:52.606788,328
,354
,353
,337
,346
,371
,340
,316
,359
,378
,367
,350
,372
,363
2026 06 19 18:08:52.664900,341
,338
,369
,356
,329
,351
,376
,350
,322
,350
,364
,335
,339
,374
2026 06 19 18:08:52.725326,361
,332
,345
,368
,345
,320
,363
,379
,352
,336
,364
,357
,337
,333
2026 06 19 18:08:52.791710,364
,348
,327
,345
,352
,346
,331
,358
,368
,338
,334
,355
,350
,334
2026 06 19 18:08:52.853080,338
,380
,364
,334
,354
,363
,339
,320
,356
,359
,337
,342
,359
,340
2026 06 19 18:08:52.918856,326
,359
,382
,341
,327
,370
,368
,339
,336
,358
,341
,329
,349
,363
2026 06 19 18:08:52.980135,339
,314
,334
,357
,326
,329
,364
,358
,323
,336
,364
,348
,323
,342
2026 06 19 18:08:53.041757,357
,343
,329
,363
,348
,330
,356
,371
,353
,332
,357
,367
,344
,328
2026 06 19 18:08:53.106712,362
,367
,338
,341
,369
,355
,325
,350
,370
,348
,323
,357
,371
,341
2026 06 19 18:08:53.168831,335
,356
,348
,341
,347
,372
,349
,325
,368
,367
,351
,339
,371
,360
2026 06 19 18:08:53.234226,326
,336
,365
,365
,343
,359
,361
,323
,325
,358
,372
,348
,348
,374
2026 06 19 18:08:53.295862,356
,328
,350
,375
,348
,327
,363
,360
,344
,337
,360
,355
,339
,352
2026 06 19 18:08:53.359736,376
,355
,321
,354
,379
,353
,343
,378
,370
,343
,351
,375
,352
,329
2026 06 19 18:08:53.424885,350
,367
,352
,333
,372
,371
,346
,349
,368
,343
,345
,367
,374
,350
2026 06 19 18:08:53.484144,327
,363
,370
,348
,339
,375
,367
,333
,346
,377
,350
,326
,358
,365
2026 06 19 18:08:53.549308,345
,328
,347
,349
,340
,346
,365
,343
,320
,342
,356
,331
,319
,351
2026 06 19 18:08:53.610753,348
,328
,330
,362
,336
,325
,356
,366
,336
,328
,367
,363
,343
,339
2026 06 19 18:08:53.672173,374
,360
,323
,355
,379
,353
,336
,354
,363
,340
,334
,382
,371
,339
2026 06 19 18:08:53.737460,344
,365
,342
,335
,360
,365
,349
,332
,360
,359
,332
,347
,367
,352
2026 06 19 18:08:53.798776,341
,364
,376
,350
,333
,363
,361
,333
,345
,369
,353
,336
,347
,365
2026 06 19 18:08:53.861923,343
,327
,347
,362
,332
,330
,365
,362
,330
,343
,362
,340
,327
,355
2026 06 19 18:08:53.926943,355
,329
,326
,362
,349
,323
,339
,370
,352
,330
,346
,376
,353
,334
2026 06 19 18:08:53.987542,364
,368
,335
,342
,372
,360
,331
,346
,366
,349
,327
,353
,368
,341
2026 06 19 18:08:54.053293,337
,367
,348
,339
,350
,380
,356
,328
,359
,372
,344
,333
,364
,372
2026 06 19 18:08:54.115355,350
,352
,377
,354
,326
,350
,368
,340
,319
,351
,375
,347
,331
,360
2026 06 19 18:08:54.180186,357
,332
,344
,374
,353
,342
,365
,371
,349
,352
,389
,381
,344
,350
2026 06 19 18:08:54.241550,362
,340
,329
,369
,381
,355
,339
,359
,376
,340
,340
,373
,360
,321
2026 06 19 18:08:54.303307,344
,376
,352
,326
,348
,372
,342
,331
,360
,337
,314
,345
,372
,353
2026 06 19 18:08:54.367555,326
,351
,360
,328
,329
,368
,359
,326
,333
,368
,348
,323
,343
,361
2026 06 19 18:08:54.429603,338
,321
,349
,354
,331
,337
,365
,344
,333
,348
,369
,353
,332
,360
2026 06 19 18:08:54.491180,374
,344
,335
,366
,359
,328
,349
,366
,346
,322
,330
,362
,347
,329
2026 06 19 18:08:54.557247,354
,360
,346
,352
,375
,354
,324
,362
,375
,352
,336
,356
,352
,335
2026 06 19 18:08:54.617703,342
,367
,348
,328
,347
,361
,336
,314
,346
,353
,322
,329
,365
,353
2026 06 19 18:08:54.684219,328
,342
,362
,336
,324
,352
,354
,326
,339
,358
,343
,346
,349
,378
2026 06 19 18:08:54.746882,357
,321
,352
,372
,345
,332
,356
,357
,336
,349
,376
,360
,340
,346
2026 06 19 18:08:54.807217,346
,353
,347
,357
,370
,336
,332
,368
,364
,334
,342
,363
,344
,333
2026 06 19 18:08:54.872612,354
,363
,336
,339
,374
,352
,330
,353
,367
,347
,330
,358
,366
,351
2026 06 19 18:08:54.933554,336
,367
,361
,330
,330
,363
,354
,335
,346
,365
,353
,327
,347
,352
2026 06 19 18:08:54.999593,329
,342
,364
,342
,354
,362
,379
,354
,330
,346
,364
,345
,326
,361
2026 06 19 18:08:55.061942,358
,334
,334
,356
,367
,347
,363
,366
,330
,338
,368
,359
,340
,329
2026 06 19 18:08:55.121837,354
,347
,330
,346
,358
,347
,323
,362
,373
,364
,342
,359
,353
,328
2026 06 19 18:08:55.187446,343
,364
,345
,319
,355
,369
,349
,340
,380
,375
,344
,350
,375
,355
2026 06 19 18:08:55.250897,334
,354
,359
,337
,333
,360
,357
,332
,327
,360
,357
,333
,345
,359
2026 06 19 18:08:55.315974,351
,328
,357
,362
,344
,329
,355
,356
,330
,338
,362
,344
,330
,351
2026 06 19 18:08:55.376261,366
,342
,327
,361
,367
,338
,343
,383
,360
,330
,346
,373
,355
,338
2026 06 19 18:08:55.437582,365
,367
,344
,335
,360
,364
,342
,363
,375
,364
,339
,354
,366
,343
2026 06 19 18:08:55.503012,342
,366
,359
,327
,330
,353
,346
,325
,344
,352
,349
,327
,352
,361
2026 06 19 18:08:55.565595,319
,329
,377
,354
,315
,334
,376
,351
,336
,369
,374
,351
,340
,366
2026 06 19 18:08:55.633650,351
,330
,353
,372
,360
,337
,352
,359
,340
,313
,373
,369
,333
,338
2026 06 19 18:08:55.691836,368
,344
,321
,354
,370
,348
,328
,358
,362
,339
,340
,363
,346
,324
2026 06 19 18:08:55.753303,348
,368
,343
,321
,357
,366
,325
,334
,381
,360
,332
,346
,374
,353
2026 06 19 18:08:55.818627,331
,351
,361
,337
,317
,359
,362
,337
,336
,354
,360
,342
,358
,368
2026 06 19 18:08:55.880467,346
,335
,361
,356
,336
,341
,363
,356
,328
,332
,355
,353
,330
,363
2026 06 19 18:08:55.945548,366
,342
,337
,366
,353
,328
,352
,369
,354
,332
,350
,362
,350
,335
2026 06 19 18:08:56.006786,354
,351
,328
,331
,358
,361
,338
,363
,376
,350
,333
,359
,358
,335
2026 06 19 18:08:56.067490,336
,362
,350
,327
,335
,357
,346
,333
,360
,368
,345
,336
,360
,353
2026 06 19 18:08:56.135065,325
,337
,364
,347
,334
,357
,362
,344
,337
,360
,343
,334
,341
,369
2026 06 19 18:08:56.195698,350
,326
,350
,365
,345
,330
,354
,362
,339
,336
,364
,357
,334
,347
2026 06 19 18:08:56.260540,368
,350
,331
,355
,363
,345
,343
,367
,356
,330
,342
,367
,357
,336
2026 06 19 18:08:56.322199,359
,368
,331
,314
,359
,365
,350
,347
,371
,352
,328
,346
,366
,353
2026 06 19 18:08:56.385526,337
,359
,362
,339
,340
,376
,362
,330
,340
,365
,367
,338
,358
,372
2026 06 19 18:08:56.449023,345
,329
,374
,359
,334
,351
,372
,354
,341
,368
,385
,358
,345
,371
2026 06 19 18:08:56.510937,376
,348
,342
,363
,342
,331
,353
,363
,340
,339
,363
,366
,340
,337
2026 06 19 18:08:56.576541,372
,372
,340
,349
,376
,361
,338
,362
,372
,343
,339
,375
,360
,335
2026 06 19 18:08:56.637635,352
,376
,360
,336
,364
,378
,348
,329
,369
,369
,340
,339
,382
,358
2026 06 19 18:08:56.706617,334
,366
,374
,354
,335
,362
,361
,334
,324
,369
,360
,342
,353
,371
2026 06 19 18:08:56.764879,351
,321
,359
,373
,341
,341
,362
,351
,324
,343
,372
,356
,349
,361
2026 06 19 18:08:56.825815,378
,354
,336
,366
,358
,336
,345
,370
,358
,333
,349
,365
,342
,326
2026 06 19 18:08:56.891276,350
,352
,343
,333
,368
,365
,330
,350
,376
,349
,336
,355
,371
,345
2026 06 19 18:08:56.953320,335
,369
,362
,335
,348
,370
,355
,329
,345
,365
,344
,332
,352
,344
2026 06 19 18:08:57.014175,317
,318
,374
,360
,345
,358
,375
,359
,340
,365
,370
,344
,337
,365
2026 06 19 18:08:57.080135,361
,334
,348
,370
,344
,317
,341
,360
,334
,328
,359
,352
,336
,345
2026 06 19 18:08:57.141494,370
,361
,338
,361
,371
,346
,324
,360
,372
,345
,340
,366
,352
,335
2026 06 19 18:08:57.207013,345
,367
,347
,322
,348
,359
,346
,337
,361
,380
,355
,352
,372
,357
2026 06 19 18:08:57.268640,334
,351
,375
,357
,345
,370
,364
,335
,336
,367
,348
,318
,354
,365
2026 06 19 18:08:57.329648,349
,329
,360
,378
,358
,348
,374
,363
,336
,341
,356
,360
,341
,360
2026 06 19 18:08:57.395772,361
,342
,342
,369
,356
,332
,339
,362
,345
,328
,357
,365
,345
,333
2026 06 19 18:08:57.457203,369
,349
,328
,338
,377
,356
,340
,359
,374
,346
,327
,338
,362
,334
2026 06 19 18:08:57.517774,331
,359
,351
,328
,348
,368
,353
,333
,362
,348
,328
,356
,381
,366
2026 06 19 18:08:57.584124,325
,335
,373
,361
,338
,355
,365
,340
,331
,356
,351
,328
,335
,368
2026 06 19 18:08:57.645031,338
,346
,364
,382
,360
,338
,362
,364
,342
,336
,373
,354
,331
,338
2026 06 19 18:08:57.710989,361
,348
,338
,371
,370
,349
,337
,373
,366
,332
,342
,364
,348
,336
2026 06 19 18:08:57.772818,360
,371
,352
,337
,363
,362
,338
,344
,368
,350
,327
,356
,375
,354
2026 06 19 18:08:57.836814,343
,361
,368
,355
,355
,379
,354
,344
,356
,379
,365
,343
,366
,371
2026 06 19 18:08:57.899065,345
,338
,368
,360
,333
,339
,373
,364
,343
,361
,374
,351
,340
,365
2026 06 19 18:08:57.960947,364
,341
,333
,353
,351
,347
,354
,374
,368
,338
,360
,371
,344
,336
2026 06 19 18:08:58.026528,363
,351
,326
,340
,366
,366
,342
,364
,385
,355
,348
,372
,370
,351
2026 06 19 18:08:58.087975,353
,371
,361
,346
,365
,372
,349
,334
,363
,363
,334
,331
,360
,369
2026 06 19 18:08:58.148990,342
,355
,379
,364
,344
,369
,370
,335
,346
,371
,346
,342
,365
,381
2026 06 19 18:08:58.214734,364
,338
,358
,370
,352
,335
,374
,367
,339
,347
,377
,357
,334
,352
2026 06 19 18:08:58.275755,366
,334
,330
,376
,368
,339
,347
,371
,354
,316
,333
,366
,360
,342
2026 06 19 18:08:58.341473,363
,362
,345
,342
,362
,354
,331
,342
,364
,346
,327
,347
,358
,344
2026 06 19 18:08:58.402646,328
,347
,343
,339
,346
,371
,351
,324
,346
,366
,347
,331
,357
,354
2026 06 19 18:08:58.464369,331
,329
,367
,347
,327
,336
,362
,343
,325
,348
,351
,324
,324
,364
2026 06 19 18:08:58.532811,357
,334
,338
,353
,337
,324
,357
,354
,332
,322
,357
,359
,339
,342
2026 06 19 18:08:58.591250,365
,348
,332
,349
,364
,339
,326
,349
,347
,322
,333
,365
,351
,326
2026 06 19 18:08:58.656687,331
,379
,358
,338
,358
,374
,358
,340
,371
,358
,325
,339
,360
,347
2026 06 19 18:08:58.718226,326
,348
,363
,340
,327
,355
,352
,332
,337
,360
,340
,315
,349
,367
2026 06 19 18:08:58.782423,346
,327
,340
,357
,339
,336
,363
,349
,324
,326
,350
,348
,335
,352
2026 06 19 18:08:58.845392,350
,346
,330
,356
,357
,331
,335
,361
,344
,332
,355
,357
,337
,326
2026 06 19 18:08:58.906808,355
,355
,335
,346
,369
,357
,325
,349
,370
,342
,334
,368
,359
,336
2026 06 19 18:08:58.983909,342
,369
,351
,314
,335
,353
,335
,323
,360
,370
,341
,330
,365
,357
2026 06 19 18:08:59.033562,332
,340
,366
,343
,324
,345
,358
,337
,331
,360
,349
,323
,340
,371
2026 06 19 18:08:59.094848,352
,324
,337
,360
,346
,330
,353
,358
,332
,328
,350
,342
,324
,334
2026 06 19 18:08:59.161058,358
,336
,320
,353
,363
,344
,324
,358
,357
,330
,342
,362
,342
,321
2026 06 19 18:08:59.221965,358
,364
,345
,332
,356
,354
,333
,337
,356
,345
,319
,331
,361
,350
2026 06 19 18:08:59.287034,334
,355
,352
,329
,329
,359
,340
,324
,341
,358
,339
,316
,336
,350
2026 06 19 18:08:59.352673,329
,319
,343
,340
,317
,328
,354
,338
,320
,341
,357
,337
,320
,350
2026 06 19 18:08:59.410721,350
,321
,328
,362
,337
,303
,345
,372
,340
,307
,347
,364
,334
,334
2026 06 19 18:08:59.476916,362
,349
,332
,347
,369
,348
,321
,344
,355
,334
,327
,360
,350
,332
2026 06 19 18:08:59.536937,347
,363
,338
,326
,338
,376
,348
,334
,366
,364
,336
,344
,373
,359
2026 06 19 18:08:59.602572,332
,353
,365
,341
,334
,360
,372
,345
,336
,352
,355
,338
,350
,366
2026 06 19 18:08:59.664020,341
,325
,351
,360
,333
,336
,372
,367
,328
,336
,375
,355
,326
,351
2026 06 19 18:08:59.725383,367
,355
,330
,360
,365
,337
,336
,354
,358
,335
,351
,370
,345
,324
2026 06 19 18:08:59.791819,346
,366
,345
,326
,381
,363
,341
,363
,375
,355
,341
,376
,378
,351
2026 06 19 18:08:59.852939,336
,365
,363
,333
,342
,367
,353
,333
,355
,372
,348
,331
,361
,365
2026 06 19 18:08:59.918503,339
,339
,363
,351
,325
,341
,358
,335
,320
,350
,354
,328
,328
,357
2026 06 19 18:08:59.980726,347
,320
,349
,378
,363
,338
,354
,363
,340
,325
,359
,357
,333
,337
2026 06 19 18:09:00.041253,367
,350
,318
,345
,372
,350
,319
,365
,374
,337
,345
,379
,359
,340
2026 06 19 18:09:00.106912,355
,372
,353
,326
,336
,369
,363
,363
,383
,366
,336
,352
,365
,355
2026 06 19 18:09:00.168621,334
,352
,367
,350
,339
,366
,364
,343
,348
,372
,354
,328
,353
,367
2026 06 19 18:09:00.233259,346
,331
,354
,360
,333
,334
,365
,355
,328
,339
,370
,370
,351
,369
2026 06 19 18:09:00.295243,367
,348
,340
,364
,358
,338
,347
,373
,354
,332
,351
,362
,343
,336
2026 06 19 18:09:00.356854,367
,360
,334
,340
,371
,354
,337
,362
,377
,355
,338
,369
,366
,343
2026 06 19 18:09:00.422389,344
,370
,359
,332
,346
,368
,344
,329
,369
,360
,346
,344
,379
,366
2026 06 19 18:09:00.483306,341
,350
,395
,369
,341
,363
,374
,352
,344
,367
,360
,339
,348
,370
2026 06 19 18:09:00.549431,359
,337
,353
,370
,345
,338
,375
,372
,356
,343
,384
,383
,356
,364
2026 06 19 18:09:00.611290,372
,359
,337
,364
,371
,340
,336
,370
,365
,339
,344
,377
,365
,343
2026 06 19 18:09:00.671952,357
,365
,345
,336
,370
,364
,339
,341
,370
,358
,329
,344
,379
,361
2026 06 19 18:09:00.737610,334
,368
,372
,344
,342
,366
,352
,329
,341
,362
,338
,325
,340
,354
2026 06 19 18:09:00.799001,342
,331
,362
,350
,337
,349
,372
,350
,328
,351
,368
,344
,330
,353
2026 06 19 18:09:00.864802,355
,338
,335
,356
,336
,321
,341
,356
,335
,325
,357
,357
,333
,331
2026 06 19 18:09:00.926939,361
,346
,327
,346
,366
,348
,326
,338
,360
,341
,325
,362
,358
,321
2026 06 19 18:09:00.989137,321
,360
,356
,339
,355
,369
,348
,329
,351
,354
,335
,339
,362
,340
2026 06 19 18:09:01.053740,328
,345
,366
,349
,330
,352
,357
,337
,334
,361
,345
,336
,353
,369
2026 06 19 18:09:01.114226,355
,334
,354
,356
,329
,319
,357
,357
,332
,334
,364
,344
,325
,340
2026 06 19 18:09:01.180724,352
,341
,323
,353
,355
,332
,336
,369
,354
,335
,346
,357
,341
,320
2026 06 19 18:09:01.241470,341
,350
,334
,325
,355
,343
,326
,337
,357
,337
,319
,349
,367
,344
2026 06 19 18:09:01.303252,336
,362
,355
,331
,324
,357
,352
,332
,350
,362
,341
,321
,341
,341
2026 06 19 18:09:01.368778,324
,340
,364
,347
,323
,354
,375
,356
,333
,362
,367
,346
,336
,359
2026 06 19 18:09:01.430221,348
,321
,331
,353
,341
,326
,348
,371
,344
,325
,359
,358
,336
,337
2026 06 19 18:09:01.491337,356
,349
,335
,356
,364
,327
,310
,374
,378
,336
,335
,367
,355
,333
2026 06 19 18:09:01.557176,343
,366
,348
,327
,346
,352
,331
,317
,346
,356
,331
,337
,362
,349
2026 06 19 18:09:01.617820,335
,356
,360
,332
,314
,351
,349
,320
,323
,360
,335
,317
,345
,361
2026 06 19 18:09:01.683980,336
,324
,352
,351
,336
,339
,364
,356
,328
,339
,360
,340
,319
,345
2026 06 19 18:09:01.745550,359
,345
,331
,356
,349
,322
,320
,352
,350
,332
,354
,370
,347
,328
2026 06 19 18:09:01.808871,362
,355
,329
,341
,365
,341
,328
,344
,359
,341
,319
,348
,356
,331
2026 06 19 18:09:01.874319,332
,361
,346
,325
,342
,372
,348
,324
,348
,366
,345
,339
,365
,358
2026 06 19 18:09:01.933602,323
,335
,376
,358
,335
,358
,370
,351
,331
,359
,359
,332
,333
,362
2026 06 19 18:09:01.999040,338
,324
,360
,378
,356
,332
,354
,361
,344
,341
,372
,358
,337
,348
2026 06 19 18:09:02.060980,362
,346
,338
,368
,380
,355
,340
,373
,364
,351
,354
,377
,366
,344
2026 06 19 18:09:02.122132,370
,376
,346
,322
,361
,377
,354
,347
,377
,367
,340
,354
,368
,341
2026 06 19 18:09:02.187305,326
,365
,367
,346
,343
,375
,366
,334
,344
,369
,351
,330
,356
,361
2026 06 19 18:09:02.249311,335
,334
,352
,348
,348
,346
,356
,352
,332
,353
,363
,348
,324
,347
2026 06 19 18:09:02.315016,358
,346
,339
,357
,350
,322
,339
,359
,342
,327
,354
,356
,333
,326
2026 06 19 18:09:02.376752,358
,347
,322
,340
,365
,351
,320
,348
,370
,354
,344
,367
,360
,334
2026 06 19 18:09:02.437375,339
,369
,352
,332
,354
,368
,336
,326
,359
,355
,340
,339
,367
,358
2026 06 19 18:09:02.503219,343
,361
,376
,359
,336
,358
,362
,339
,334
,364
,355
,331
,341
,356
2026 06 19 18:09:02.565084,341
,333
,354
,363
,337
,335
,361
,354
,340
,347
,374
,355
,328
,345
2026 06 19 18:09:02.630067,359
,341
,325
,359
,367
,340
,334
,365
,354
,330
,341
,360
,346
,332
2026 06 19 18:09:02.691427,364
,372
,339
,318
,355
,367
,348
,356
,370
,348
,338
,365
,379
,346
2026 06 19 18:09:02.753173,335
,378
,367
,341
,343
,365
,350
,333
,353
,369
,343
,326
,368
,367
2026 06 19 18:09:02.817663,343
,354
,368
,344
,333
,348
,378
,349
,326
,362
,365
,345
,334
,361
2026 06 19 18:09:02.879942,354
,331
,348
,371
,355
,336
,362
,372
,349
,330
,365
,364
,344
,345
2026 06 19 18:09:02.945143,362
,343
,344
,369
,371
,342
,346
,370
,368
,341
,343
,368
,360
,335
2026 06 19 18:09:03.006965,350
,375
,357
,338
,369
,371
,348
,340
,370
,367
,336
,346
,378
,354
2026 06 19 18:09:03.067234,323
,344
,369
,346
,343
,382
,373
,350
,355
,373
,363
,345
,360
,374
2026 06 19 18:09:03.133948,351
,329
,356
,359
,343
,344
,363
,350
,333
,358
,375
,350
,331
,368
2026 06 19 18:09:03.195377,372
,346
,340
,377
,363
,335
,349
,365
,342
,330
,342
,358
,339
,337
2026 06 19 18:09:03.260546,369
,358
,345
,346
,365
,356
,330
,350
,370
,346
,326
,358
,370
,341
2026 06 19 18:09:03.322655,338
,358
,351
,330
,335
,368
,361
,334
,367
,369
,341
,334
,363
,353
2026 06 19 18:09:03.383143,328
,340
,364
,342
,327
,359
,370
,347
,333
,361
,354
,334
,339
,360
2026 06 19 18:09:03.448820,343
,323
,350
,374
,349
,330
,349
,348
,346
,345
,363
,354
,335
,345
2026 06 19 18:09:03.509754,365
,346
,325
,347
,352
,340
,331
,366
,360
,336
,335
,369
,355
,326
2026 06 19 18:09:03.576252,345
,358
,339
,333
,366
,360
,336
,339
,363
,347
,326
,347
,363
,358
2026 06 19 18:09:03.637824,334
,359
,365
,333
,325
,363
,351
,326
,341
,365
,348
,325
,357
,367
2026 06 19 18:09:03.699086,342
,336
,361
,362
,340
,347
,375
,347
,328
,353
,373
,350
,327
,358
2026 06 19 18:09:03.764822,360
,332
,331
,363
,351
,328
,346
,366
,349
,333
,363
,366
,340
,330
2026 06 19 18:09:03.825795,356
,363
,334
,333
,358
,349
,325
,356
,362
,335
,322
,358
,357
,338
2026 06 19 18:09:03.891075,340
,368
,352
,336
,368
,374
,353
,334
,360
,363
,336
,336
,366
,351
2026 06 19 18:09:03.952969,327
,346
,366
,345
,330
,354
,355
,332
,333
,361
,357
,337
,347
,367
2026 06 19 18:09:04.013977,344
,323
,354
,383
,355
,341
,372
,366
,341
,346
,369
,354
,333
,355
2026 06 19 18:09:04.079664,372
,347
,332
,362
,360
,336
,336
,378
,364
,336
,342
,362
,336
,319
2026 06 19 18:09:04.141650,369
,371
,353
,341
,372
,362
,332
,347
,374
,345
,329
,368
,365
,341
2026 06 19 18:09:04.206596,338
,369
,368
,341
,348
,374
,355
,340
,355
,366
,339
,337
,357
,352
2026 06 19 18:09:04.267871,333
,335
,365
,358
,332
,345
,370
,348
,335
,358
,362
,337
,340
,368
2026 06 19 18:09:04.329801,357
,333
,342
,367
,356
,339
,360
,373
,350
,328
,367
,367
,339
,343
2026 06 19 18:09:04.395552,373
,361
,341
,360
,376
,350
,329
,352
,356
,361
,364
,373
,367
,363
2026 06 19 18:09:04.456968,365
,386
,363
,335
,362
,372
,347
,341
,361
,353
,343
,356
,377
,354
2026 06 19 18:09:04.522472,333
,361
,387
,367
,345
,373
,384
,352
,352
,366
,360
,343
,361
,371
2026 06 19 18:09:04.583490,347
,328
,362
,361
,345
,348
,368
,357
,334
,344
,375
,356
,329
,347
2026 06 19 18:09:04.644846,359
,338
,335
,369
,359
,333
,344
,363
,350
,326
,344
,354
,329
,329
2026 06 19 18:09:04.709782,369
,366
,338
,346
,374
,354
,332
,353
,371
,348
,334
,366
,364
,337
2026 06 19 18:09:04.772028,333
,360
,347
,322
,333
,350
,341
,328
,353
,364
,345
,338
,368
,362
2026 06 19 18:09:04.836760,330
,342
,369
,351
,327
,346
,377
,348
,324
,355
,370
,340
,338
,363
2026 06 19 18:09:04.898692,345
,327
,348
,365
,346
,326
,361
,361
,331
,334
,369
,354
,327
,348
2026 06 19 18:09:04.960697,375
,352
,328
,349
,353
,332
,332
,378
,367
,347
,357
,384
,353
,338
2026 06 19 18:09:05.026198,368
,378
,354
,340
,369
,367
,342
,343
,371
,356
,332
,349
,367
,341
2026 06 19 18:09:05.087254,327
,352
,347
,346
,344
,376
,373
,351
,364
,379
,352
,329
,355
,368
2026 06 19 18:09:05.154547,346
,337
,368
,364
,335
,340
,360
,341
,329
,364
,371
,342
,332
,354
2026 06 19 18:09:05.214497,340
,337
,352
,378
,362
,338
,355
,370
,351
,330
,358
,353
,343
,342
2026 06 19 18:09:05.275199,366
,358
,333
,343
,371
,352
,326
,344
,359
,336
,325
,374
,378
,341
2026 06 19 18:09:05.341072,347
,369
,352
,327
,351
,363
,337
,319
,361
,359
,330
,341
,367
,349
2026 06 19 18:09:05.403676,329
,350
,370
,348
,331
,354
,367
,347
,325
,355
,365
,338
,348
,369
2026 06 19 18:09:05.467453,351
,325
,342
,350
,337
,333
,356
,352
,328
,331
,367
,353
,330
,352
2026 06 19 18:09:05.530019,367
,344
,328
,355
,355
,335
,334
,354
,347
,338
,357
,374
,348
,328
2026 06 19 18:09:05.590898,361
,363
,344
,338
,368
,358
,337
,358
,378
,355
,343
,360
,367
,343
2026 06 19 18:09:05.656704,329
,364
,368
,342
,343
,369
,348
,324
,354
,360
,347
,347
,373
,373
2026 06 19 18:09:05.717591,350
,351
,383
,366
,338
,354
,370
,350
,324
,353
,369
,342
,334
,359
2026 06 19 18:09:05.779739,343
,341
,347
,375
,360
,342
,365
,374
,353
,343
,382
,383
,355
,351
2026 06 19 18:09:05.845363,378
,361
,334
,348
,375
,352
,339
,369
,369
,340
,335
,367
,363
,340
2026 06 19 18:09:05.906567,355
,375
,357
,339
,361
,374
,349
,340
,357
,340
,349
,367
,378
,358
2026 06 19 18:09:05.972316,341
,364
,376
,351
,334
,367
,374
,338
,345
,376
,359
,339
,362
,378
2026 06 19 18:09:06.033788,357
,344
,371
,365
,339
,354
,378
,351
,338
,371
,386
,361
,346
,373
2026 06 19 18:09:06.095257,379
,358
,352
,380
,368
,343
,355
,374
,352
,333
,360
,370
,347
,341
2026 06 19 18:09:06.160838,364
,361
,341
,344
,381
,364
,335
,362
,371
,355
,338
,372
,377
,347
2026 06 19 18:09:06.222089,353
,385
,372
,339
,340
,381
,381
,354
,370
,375
,349
,337
,361
,358
2026 06 19 18:09:06.287743,328
,329
,358
,364
,343
,355
,367
,343
,327
,349
,358
,338
,333
,360
2026 06 19 18:09:06.349122,351
,327
,343
,363
,344
,330
,355
,357
,332
,333
,363
,343
,325
,351
2026 06 19 18:09:06.410343,373
,352
,324
,350
,372
,348
,343
,375
,362
,338
,344
,367
,349
,334
2026 06 19 18:09:06.476060,358
,373
,350
,331
,359
,358
,329
,335
,357
,354
,335
,349
,366
,346
2026 06 19 18:09:06.537297,332
,364
,367
,340
,321
,359
,365
,340
,349
,370
,349
,331
,351
,358
2026 06 19 18:09:06.602655,347
,341
,370
,362
,334
,345
,367
,357
,340
,360
,360
,349
,339
,364
2026 06 19 18:09:06.664566,359
,330
,335
,358
,339
,318
,348
,367
,338
,303
,347
,383
,356
,351
2026 06 19 18:09:06.725667,384
,365
,333
,344
,363
,347
,326
,349
,351
,334
,338
,362
,352
,335
2026 06 19 18:09:06.791144,343
,365
,352
,334
,368
,372
,343
,325
,349
,354
,326
,332
,349
,344
2026 06 19 18:09:06.853246,325
,348
,371
,354
,333
,357
,359
,326
,324
,364
,352
,333
,351
,372
2026 06 19 18:09:06.918799,350
,329
,351
,362
,327
,329
,365
,358
,329
,341
,377
,366
,337
,352
2026 06 19 18:09:06.979165,362
,340
,329
,357
,351
,335
,340
,369
,355
,328
,342
,369
,343
,322
2026 06 19 18:09:07.041017,372
,374
,350
,343
,373
,359
,334
,350
,370
,352
,331
,348
,358
,338
2026 06 19 18:09:07.106755,329
,364
,359
,337
,346
,369
,351
,324
,338
,359
,350
,330
,362
,371
2026 06 19 18:09:07.168344,339
,332
,361
,353
,330
,345
,365
,344
,317
,353
,369
,334
,323
,370
2026 06 19 18:09:07.234041,365
,335
,345
,368
,342
,327
,349
,358
,336
,326
,362
,355
,328
,335
2026 06 19 18:09:07.295200,351
,345
,329
,346
,366
,345
,324
,357
,363
,342
,340
,365
,351
,325
2026 06 19 18:09:07.356604,329
,365
,345
,328
,349
,358
,334
,330
,360
,346
,317
,335
,369
,348
2026 06 19 18:09:07.422356,326
,356
,359
,330
,334
,370
,360
,329
,345
,374
,353
,319
,342
,361
2026 06 19 18:09:07.483511,350
,330
,355
,360
,339
,335
,361
,349
,332
,351
,369
,344
,328
,354
2026 06 19 18:09:07.548872,344
,316
,323
,357
,361
,334
,338
,362
,347
,322
,348
,366
,341
,330
2026 06 19 18:09:07.610963,367
,357
,330
,343
,366
,350
,330
,351
,352
,335
,316
,350
,355
,336
2026 06 19 18:09:07.673635,340
,367
,348
,323
,333
,350
,334
,316
,350
,359
,334
,326
,361
,347
2026 06 19 18:09:07.737622,314
,319
,359
,342
,323
,355
,373
,344
,328
,359
,361
,334
,338
,362
2026 06 19 18:09:07.798835,345
,323
,340
,362
,343
,332
,362
,360
,328
,335
,364
,342
,320
,335
2026 06 19 18:09:07.864316,375
,354
,331
,351
,360
,335
,336
,369
,359
,336
,344
,366
,355
,331
2026 06 19 18:09:07.926178,352
,364
,342
,336
,367
,356
,324
,337
,365
,350
,331
,345
,354
,340
2026 06 19 18:09:07.987184,326
,368
,367
,334
,335
,373
,365
,337
,346
,362
,348
,330
,352
,356
2026 06 19 18:09:08.053312,335
,330
,358
,354
,326
,337
,362
,345
,324
,347
,352
,329
,326
,361
2026 06 19 18:09:08.114222,356
,339
,346
,368
,342
,326
,344
,359
,346
,329
,361
,356
,337
,352
2026 06 19 18:09:08.180104,377
,359
,329
,342
,356
,341
,325
,353
,365
,340
,344
,375
,360
,333
2026 06 19 18:09:08.241036,336
,353
,353
,332
,352
,362
,350
,333
,362
,353
,324
,332
,361
,356
2026 06 19 18:09:08.303088,336
,351
,362
,336
,323
,354
,355
,336
,335
,364
,345
,326
,348
,368
2026 06 19 18:09:08.368016,345
,314
,355
,368
,342
,337
,369
,355
,326
,345
,365
,349
,329
,355
2026 06 19 18:09:08.430015,368
,349
,335
,364
,349
,323
,348
,368
,356
,336
,353
,366
,340
,333
2026 06 19 18:09:08.495310,359
,357
,332
,341
,371
,355
,329
,345
,379
,365
,341
,359
,362
,337
2026 06 19 18:09:08.556874,329
,364
,360
,331
,342
,364
,342
,321
,345
,352
,335
,332
,357
,355
2026 06 19 18:09:08.617612,337
,348
,380
,358
,332
,351
,364
,341
,338
,370
,371
,341
,338
,364
2026 06 19 18:09:08.683811,358
,328
,334
,361
,346
,329
,359
,365
,341
,338
,365
,357
,325
,338
2026 06 19 18:09:08.745287,367
,342
,321
,352
,364
,341
,334
,355
,348
,335
,337
,370
,349
,323
2026 06 19 18:09:08.811595,352
,370
,352
,337
,361
,359
,339
,339
,364
,352
,328
,347
,374
,349
2026 06 19 18:09:08.871773,324
,354
,357
,329
,325
,363
,360
,336
,348
,373
,354
,331
,352
,370
2026 06 19 18:09:08.933601,345
,331
,352
,357
,340
,348
,371
,352
,333
,350
,361
,348
,335
,359
2026 06 19 18:09:08.999174,356
,335
,336
,367
,355
,329
,344
,372
,350
,332
,351
,354
,323
,320
2026 06 19 18:09:09.060079,366
,357
,335
,350
,362
,340
,327
,354
,361
,333
,325
,359
,344
,333
2026 06 19 18:09:09.126100,347
,373
,350
,322
,341
,355
,338
,326
,351
,352
,333
,331
,357
,347
2026 06 19 18:09:09.187676,327
,334
,371
,349
,322
,347
,362
,344
,335
,362
,349
,334
,348
,364
2026 06 19 18:09:09.248602,353
,335
,357
,365
,341
,325
,354
,358
,332
,336
,368
,346
,307
,346
2026 06 19 18:09:09.315357,373
,348
,332
,368
,365
,341
,343
,371
,359
,335
,347
,365
,354
,329
2026 06 19 18:09:09.376091,349
,368
,343
,325
,353
,363
,333
,334
,365
,355
,327
,363
,377
,354
2026 06 19 18:09:09.441518,345
,372
,359
,332
,334
,361
,344
,328
,350
,366
,356
,341
,368
,357
2026 06 19 18:09:09.502794,339
,352
,380
,376
,346
,354
,376
,353
,335
,361
,358
,343
,334
,366
2026 06 19 18:09:09.563983,360
,336
,337
,367
,349
,326
,347
,360
,346
,335
,362
,356
,339
,353
2026 06 19 18:09:09.629920,376
,368
,338
,348
,366
,347
,323
,352
,363
,338
,334
,360
,352
,329
2026 06 19 18:09:09.691883,343
,356
,342
,323
,353
,367
,348
,339
,368
,365
,335
,339
,382
,368
2026 06 19 18:09:09.754506,333
,355
,370
,358
,338
,359
,360
,344
,343
,374
,357
,329
,348
,362
2026 06 19 18:09:09.817491,338
,333
,357
,351
,333
,349
,371
,359
,339
,348
,366
,344
,319
,353
2026 06 19 18:09:09.879078,367
,344
,333
,361
,353
,329
,342
,369
,349
,323
,348
,364
,347
,340
2026 06 19 18:09:09.944956,369
,370
,348
,343
,364
,363
,350
,360
,377
,355
,328
,353
,359
,336
2026 06 19 18:09:10.007916,337
,365
,352
,325
,341
,367
,359
,341
,368
,380
,360
,342
,356
,351
2026 06 19 18:09:10.067089,340
,350
,369
,347
,327
,354
,366
,343
,325
,346
,345
,329
,349
,373
2026 06 19 18:09:10.133759,356
,334
,345
,369
,359
,335
,360
,371
,334
,331
,372
,359
,329
,337
2026 06 19 18:09:10.195137,368
,340
,341
,371
,373
,345
,340
,374
,374
,347
,349
,375
,360
,331
2026 06 19 18:09:10.260777,358
,368
,347
,329
,360
,360
,341
,339
,367
,348
,325
,344
,362
,343
2026 06 19 18:09:10.320882,324
,340
,349
,333
,326
,360
,352
,333
,350
,370
,357
,323
,350
,362
2026 06 19 18:09:10.383053,339
,333
,366
,364
,338
,349
,369
,349
,325
,346
,367
,352
,332
,355
2026 06 19 18:09:10.449038,359
,346
,343
,381
,366
,337
,349
,363
,356
,336
,359
,364
,342
,328
2026 06 19 18:09:10.510664,357
,350
,334
,350
,376
,353
,333
,353
,359
,328
,324
,360
,354
,327
2026 06 19 18:09:10.576039,343
,371
,347
,328
,355
,362
,341
,334
,360
,360
,338
,339
,367
,358
2026 06 19 18:09:10.637676,337
,361
,380
,357
,346
,361
,354
,334
,338
,368
,361
,339
,356
,387
2026 06 19 18:09:10.699061,361
,327
,350
,371
,354
,341
,370
,362
,337
,344
,368
,355
,330
,349
2026 06 19 18:09:10.764343,366
,347
,326
,346
,351
,346
,347
,376
,357
,323
,341
,378
,355
,337
2026 06 19 18:09:10.825183,370
,380
,352
,333
,367
,364
,330
,341
,376
,351
,321
,340
,366
,338
2026 06 19 18:09:10.890665,320
,360
,353
,329
,337
,353
,336
,326
,339
,348
,348
,333
,362
,365
2026 06 19 18:09:10.951952,342
,331
,363
,349
,328
,352
,366
,354
,336
,356
,361
,332
,319
,351
2026 06 19 18:09:11.014282,356
,335
,342
,359
,347
,336
,363
,371
,342
,325
,353
,352
,332
,338
2026 06 19 18:09:11.079822,364
,343
,315
,346
,361
,334
,324
,354
,356
,333
,333
,369
,346
,328
2026 06 19 18:09:11.144283,348
,365
,325
,317
,359
,360
,337
,331
,361
,352
,329
,340
,362
,344
2026 06 19 18:09:11.206691,330
,352
,363
,343
,329
,361
,355
,337
,345
,368
,359
,329
,338
,355
2026 06 19 18:09:11.267892,342
,320
,353
,369
,348
,342
,364
,346
,321
,332
,356
,353
,324
,352
2026 06 19 18:09:11.331687,379
,361
,352
,382
,370
,339
,347
,369
,353
,334
,355
,368
,344
,330
2026 06 19 18:09:11.395292,352
,338
,318
,330
,357
,349
,338
,356
,369
,358
,345
,362
,365
,342
2026 06 19 18:09:11.456594,352
,384
,370
,344
,356
,375
,348
,328
,357
,371
,339
,333
,366
,351
2026 06 19 18:09:11.521980,331
,360
,391
,370
,346
,365
,379
,357
,343
,371
,369
,336
,344
,372
2026 06 19 18:09:11.583862,359
,331
,356
,375
,349
,341
,371
,370
,321
,325
,385
,367
,338
,351
2026 06 19 18:09:11.644600,369
,359
,353
,365
,358
,348
,358
,382
,370
,346
,359
,382
,358
,334
2026 06 19 18:09:11.710781,359
,375
,353
,330
,364
,362
,352
,366
,389
,358
,346
,370
,383
,356
2026 06 19 18:09:11.772285,340
,373
,376
,347
,340
,369
,359
,332
,352
,373
,355
,335
,357
,361
2026 06 19 18:09:11.837020,338
,347
,383
,368
,344
,345
,381
,358
,336
,357
,371
,352
,338
,363
2026 06 19 18:09:11.900641,373
,347
,336
,379
,361
,329
,355
,377
,349
,341
,368
,376
,352
,342
2026 06 19 18:09:11.960652,372
,367
,345
,360
,378
,357
,334
,361
,375
,352
,336
,360
,370
,358
2026 06 19 18:09:12.026035,365
,384
,364
,350
,370
,383
,359
,345
,372
,361
,332
,352
,375
,360
2026 06 19 18:09:12.087109,336
,349
,366
,334
,318
,355
,353
,331
,344
,384
,371
,349
,369
,386
2026 06 19 18:09:12.152896,363
,340
,358
,363
,342
,327
,349
,351
,324
,329
,363
,355
,327
,341
2026 06 19 18:09:12.214525,359
,346
,327
,357
,351
,328
,347
,386
,364
,342
,356
,372
,353
,326
2026 06 19 18:09:12.275797,350
,367
,345
,342
,371
,361
,333
,344
,359
,331
,328
,355
,363
,330
2026 06 19 18:09:12.340886,328
,376
,368
,334
,344
,376
,351
,333
,353
,364
,345
,327
,356
,356
2026 06 19 18:09:12.403161,333
,340
,360
,352
,329
,345
,367
,351
,329
,352
,353
,340
,334
,374
2026 06 19 18:09:12.467192,367
,338
,347
,359
,339
,329
,348
,352
,334
,335
,360
,352
,322
,324
2026 06 19 18:09:12.529694,348
,351
,336
,355
,368
,345
,334
,358
,361
,342
,336
,363
,344
,322
2026 06 19 18:09:12.590044,348
,367
,345
,327
,351
,351
,328
,330
,359
,361
,337
,346
,367
,349
2026 06 19 18:09:12.657721,338
,355
,364
,347
,336
,362
,352
,329
,323
,350
,355
,332
,353
,377
2026 06 19 18:09:12.718056,352
,329
,354
,359
,332
,333
,366
,358
,335
,350
,369
,351
,333
,360
2026 06 19 18:09:12.783612,365
,338
,332
,358
,353
,333
,341
,355
,345
,332
,354
,368
,340
,327
2026 06 19 18:09:12.845361,361
,368
,354
,358
,378
,358
,343
,367
,376
,351
,331
,359
,372
,340
2026 06 19 18:09:12.906512,337
,360
,353
,330
,345
,363
,348
,327
,358
,370
,353
,337
,371
,363
2026 06 19 18:09:12.972285,331
,343
,371
,350
,334
,362
,377
,346
,328
,363
,360
,333
,335
,365
2026 06 19 18:09:13.033138,357
,346
,363
,377
,345
,335
,366
,367
,351
,345
,366
,351
,331
,359
2026 06 19 18:09:13.099557,376
,349
,329
,366
,370
,348
,344
,367
,357
,340
,348
,374
,353
,345
2026 06 19 18:09:13.161177,368
,375
,363
,342
,363
,363
,347
,351
,372
,358
,335
,357
,377
,347
2026 06 19 18:09:13.221671,331
,358
,362
,338
,339
,364
,362
,337
,355
,370
,357
,350
,366
,373
2026 06 19 18:09:13.287338,350
,337
,376
,363
,334
,346
,371
,355
,335
,353
,361
,334
,335
,380
2026 06 19 18:09:13.350173,372
,349
,350
,379
,362
,335
,356
,374
,352
,331
,360
,373
,350
,342
2026 06 19 18:09:13.415124,376
,361
,342
,349
,373
,354
,334
,359
,362
,335
,336
,380
,367
,340
2026 06 19 18:09:13.475910,354
,371
,350
,335
,360
,372
,342
,321
,360
,371
,336
,340
,377
,357
2026 06 19 18:09:13.537598,328
,344
,364
,347
,332
,365
,370
,345
,341
,376
,370
,340
,350
,376
2026 06 19 18:09:13.602843,348
,324
,346
,362
,343
,339
,364
,357
,336
,341
,366
,359
,338
,362
2026 06 19 18:09:13.664284,378
,353
,337
,360
,356
,326
,330
,369
,357
,328
,341
,364
,343
,327
2026 06 19 18:09:13.730095,353
,363
,337
,330
,358
,351
,325
,344
,376
,357
,333
,355
,361
,333
2026 06 19 18:09:13.791413,321
,352
,352
,328
,350
,376
,348
,336
,358
,372
,344
,338
,367
,363
2026 06 19 18:09:13.852372,339
,345
,367
,358
,343
,351
,359
,340
,341
,360
,370
,350
,330
,362
2026 06 19 18:09:13.917541,357
,337
,346
,363
,343
,328
,351
,364
,346
,326
,356
,363
,326
,342
2026 06 19 18:09:13.979335,369
,346
,329
,356
,370
,357
,340
,363
,359
,341
,341
,364
,357
,337
2026 06 19 18:09:14.040775,350
,367
,346
,324
,360
,371
,340
,341
,368
,352
,323
,344
,364
,343
2026 06 19 18:09:14.106991,321
,349
,360
,332
,336
,363
,357
,326
,328
,368
,355
,334
,356
,373
2026 06 19 18:09:14.168042,349
,340
,364
,354
,333
,345
,379
,363
,339
,349
,374
,346
,328
,358
2026 06 19 18:09:14.233377,364
,343
,331
,361
,367
,340
,353
,371
,349
,330
,358
,364
,350
,339
2026 06 19 18:09:14.295046,361
,366
,351
,355
,377
,353
,333
,352
,367
,347
,323
,361
,374
,343
2026 06 19 18:09:14.356738,334
,373
,373
,339
,346
,377
,348
,332
,365
,365
,349
,349
,376
,367
2026 06 19 18:09:14.422314,335
,343
,367
,350
,328
,354
,365
,345
,339
,365
,369
,352
,346
,378
2026 06 19 18:09:14.488657,367
,338
,365
,384
,350
,344
,370
,379
,349
,339
,370
,358
,333
,353
2026 06 19 18:09:14.548652,371
,350
,334
,364
,368
,336
,335
,377
,361
,344
,353
,374
,354
,331
2026 06 19 18:09:14.610645,351
,359
,341
,338
,364
,361
,333
,342
,372
,359
,334
,351
,362
,346
2026 06 19 18:09:14.671349,333
,353
,358
,340
,336
,361
,344
,336
,344
,361
,333
,326
,350
,357
2026 06 19 18:09:14.737530,337
,325
,346
,344
,336
,347
,367
,346
,328
,358
,368
,341
,330
,356
2026 06 19 18:09:14.799025,358
,335
,339
,360
,348
,328
,349
,361
,336
,324
,356
,356
,330
,327
2026 06 19 18:09:14.864598,366
,358
,332
,332
,369
,352
,325
,346
,360
,339
,329
,360
,355
,332
2026 06 19 18:09:14.925873,338
,364
,345
,319
,336
,357
,336
,333
,360
,355
,337
,338
,364
,349
2026 06 19 18:09:14.986748,319
,336
,363
,347
,324
,343
,344
,363
,352
,374
,361
,326
,332
,356
2026 06 19 18:09:15.052888,341
,320
,356
,372
,349
,334
,361
,355
,334
,337
,353
,344
,330
,352
2026 06 19 18:09:15.113605,361
,333
,333
,360
,349
,339
,337
,365
,354
,330
,342
,372
,347
,321
2026 06 19 18:09:15.179850,351
,361
,331
,332
,366
,350
,319
,332
,365
,348
,324
,354
,358
,344
2026 06 19 18:09:15.241182,338
,360
,347
,332
,343
,368
,347
,314
,344
,371
,342
,328
,363
,359
2026 06 19 18:09:15.302012,341
,343
,372
,352
,328
,336
,371
,342
,331
,360
,360
,335
,331
,370
2026 06 19 18:09:15.367663,364
,336
,353
,367
,339
,333
,368
,375
,356
,343
,368
,368
,341
,346
2026 06 19 18:09:15.429706,367
,349
,330
,352
,366
,341
,330
,363
,363
,338
,340
,369
,351
,305
2026 06 19 18:09:15.494660,327
,387
,362
,336
,370
,375
,345
,327
,349
,345
,334
,343
,361
,345
2026 06 19 18:09:15.556723,327
,359
,371
,350
,339
,359
,354
,332
,333
,372
,353
,328
,342
,362
2026 06 19 18:09:15.617779,346
,326
,344
,344
,331
,329
,362
,356
,333
,346
,371
,351
,329
,357
2026 06 19 18:09:15.683804,366
,342
,335
,366
,347
,337
,345
,362
,347
,322
,344
,361
,349
,335
2026 06 19 18:09:15.744766,361
,350
,330
,335
,359
,354
,330
,346
,367
,344
,342
,367
,363
,342
2026 06 19 18:09:15.809725,340
,371
,349
,326
,341
,365
,343
,327
,355
,363
,339
,327
,349
,355
2026 06 19 18:09:15.872073,337
,350
,376
,344
,333
,361
,367
,342
,335
,370
,360
,339
,344
,362
2026 06 19 18:09:15.933577,341
,333
,361
,371
,349
,336
,364
,367
,339
,336
,371
,360
,333
,346
2026 06 19 18:09:15.998552,367
,352
,328
,355
,369
,344
,336
,361
,349
,339
,345
,369
,349
,327
2026 06 19 18:09:16.060571,361
,377
,354
,352
,382
,372
,353
,350
,366
,350
,329
,358
,362
,334
2026 06 19 18:09:16.125935,343
,377
,372
,344
,338
,362
,352
,323
,337
,383
,375
,348
,364
,376
2026 06 19 18:09:16.188519,355
,345
,367
,355
,330
,353
,375
,353
,336
,353
,364
,348
,347
,361
2026 06 19 18:09:16.248730,356
,357
,353
,376
,360
,342
,360
,377
,355
,337
,359
,371
,339
,343
2026 06 19 18:09:16.314791,361
,334
,346
,368
,376
,355
,331
,359
,371
,347
,340
,370
,366
,345
2026 06 19 18:09:16.375846,353
,380
,362
,336
,356
,364
,348
,331
,356
,346
,334
,332
,362
,371
2026 06 19 18:09:16.442196,357
,368
,373
,351
,333
,357
,362
,342
,348
,378
,367
,341
,354
,369
2026 06 19 18:09:16.503047,345
,324
,350
,359
,336
,328
,357
,348
,322
,333
,359
,349
,331
,335
2026 06 19 18:09:16.563926,326
,358
,342
,350
,375
,352
,347
,375
,355
,325
,344
,349
,349
,343
2026 06 19 18:09:16.630281,365
,365
,328
,319
,361
,357
,334
,354
,372
,353
,337
,354
,364
,342
2026 06 19 18:09:16.691315,338
,361
,347
,328
,340
,359
,334
,317
,333
,350
,335
,336
,359
,349
2026 06 19 18:09:16.755446,334
,351
,376
,357
,329
,346
,363
,341
,324
,350
,361
,337
,330
,356
2026 06 19 18:09:16.817104,340
,332
,346
,365
,339
,318
,352
,359
,334
,319
,354
,365
,329
,333
2026 06 19 18:09:16.878918,376
,354
,321
,342
,351
,325
,306
,344
,356
,331
,327
,350
,336
,304
2026 06 19 18:09:16.944339,333
,353
,328
,331
,362
,360
,326
,322
,368
,356
,342
,348
,361
,346
2026 06 19 18:09:17.006812,320
,352
,358
,333
,326
,357
,351
,320
,323
,347
,342
,317
,350
,369
2026 06 19 18:09:17.072652,344
,327
,370
,366
,343
,334
,362
,360
,333
,349
,364
,350
,336
,357
2026 06 19 18:09:17.132679,347
,320
,340
,367
,356
,333
,352
,370
,346
,329
,354
,369
,349
,331
2026 06 19 18:09:17.194794,356
,357
,326
,342
,367
,341
,324
,342
,355
,333
,325
,355
,352
,324
2026 06 19 18:09:17.260483,332
,357
,351
,333
,353
,372
,347
,326
,350
,346
,322
,321
,361
,348
2026 06 19 18:09:17.321535,323
,333
,368
,352
,318
,343
,360
,340
,329
,358
,348
,330
,337
,366
2026 06 19 18:09:17.386879,346
,322
,326
,339
,346
,327
,346
,333
,308
,324
,350
,344
,310
,321
2026 06 19 18:09:17.448837,355
,337
,322
,345
,351
,327
,324
,351
,340
,315
,325
,356
,339
,327
2026 06 19 18:09:17.510121,345
,351
,339
,323
,357
,342
,330
,349
,368
,354
,328
,345
,371
,347
2026 06 19 18:09:17.575544,328
,353
,350
,328
,323
,361
,353
,316
,333
,356
,341
,316
,349
,363
2026 06 19 18:09:17.638801,332
,319
,359
,358
,316
,336
,365
,349
,325
,352
,371
,346
,338
,365
2026 06 19 18:09:17.698807,359
,327
,343
,367
,349
,333
,348
,364
,331
,332
,369
,371
,340
,333
2026 06 19 18:09:17.764397,365
,360
,338
,343
,357
,347
,340
,372
,371
,349
,334
,375
,385
,358
2026 06 19 18:09:17.825891,370
,389
,364
,341
,369
,378
,353
,343
,370
,360
,343
,363
,386
,352
2026 06 19 18:09:17.891271,330
,368
,383
,354
,333
,366
,368
,357
,360
,387
,371
,344
,366
,388
2026 06 19 18:09:17.952019,367
,344
,363
,375
,355
,341
,363
,352
,320
,350
,376
,347
,331
,349
2026 06 19 18:09:18.013870,375
,352
,340
,372
,369
,345
,341
,369
,359
,350
,366
,376
,349
,333
2026 06 19 18:09:18.078941,369
,375
,341
,346
,373
,354
,331
,347
,365
,348
,335
,359
,379
,349
2026 06 19 18:09:18.140974,345
,375
,367
,338
,347
,367
,356
,334
,354
,369
,343
,340
,369
,361
2026 06 19 18:09:18.207146,335
,346
,371
,364
,343
,354
,372
,349
,318
,383
,380
,349
,359
,382
2026 06 19 18:09:18.267540,364
,321
,344
,375
,349
,333
,359
,372
,350
,342
,365
,355
,354
,353
2026 06 19 18:09:18.329583,369
,357
,347
,367
,379
,350
,338
,366
,355
,336
,345
,371
,356
,337
2026 06 19 18:09:18.394329,353
,365
,354
,340
,361
,361
,342
,353
,377
,362
,345
,364
,393
,366
2026 06 19 18:09:18.455362,338
,360
,370
,343
,339
,371
,360
,333
,340
,361
,357
,332
,354
,359
2026 06 19 18:09:18.521420,331
,337
,391
,385
,352
,342
,380
,373
,339
,352
,376
,351
,329
,357
2026 06 19 18:09:18.583421,368
,342
,335
,369
,346
,324
,345
,364
,326
,323
,372
,376
,344
,328
2026 06 19 18:09:18.644628,366
,362
,335
,338
,362
,351
,338
,368
,372
,346
,330
,358
,355
,335
2026 06 19 18:09:18.710008,346
,376
,354
,327
,343
,361
,341
,340
,367
,364
,348
,354
,380
,363
2026 06 19 18:09:18.771981,325
,334
,368
,353
,330
,364
,365
,346
,337
,369
,369
,337
,341
,370
2026 06 19 18:09:18.836875,356
,335
,360
,368
,352
,339
,360
,371
,345
,335
,357
,362
,341
,347
2026 06 19 18:09:18.898799,373
,362
,343
,366
,373
,344
,342
,366
,354
,330
,342
,367
,344
,328
2026 06 19 18:09:18.959674,350
,359
,332
,314
,375
,384
,351
,345
,360
,364
,353
,368
,382
,359
2026 06 19 18:09:19.025755,343
,368
,365
,346
,349
,373
,352
,336
,358
,378
,351
,328
,362
,373
2026 06 19 18:09:19.086665,338
,353
,380
,357
,337
,361
,386
,362
,335
,355
,368
,343
,320
,366
2026 06 19 18:09:19.152134,356
,314
,346
,382
,350
,333
,369
,375
,353
,332
,352
,372
,357
,347
2026 06 19 18:09:19.214313,374
,358
,331
,346
,356
,337
,324
,344
,357
,344
,355
,376
,358
,326
2026 06 19 18:09:19.275711,333
,363
,347
,320
,347
,365
,344
,327
,357
,346
,322
,334
,341
,317
2026 06 19 18:09:19.340738,351
,359
,369
,349
,331
,357
,358
,330
,330
,357
,342
,321
,335
,358
2026 06 19 18:09:19.402782,342
,322
,345
,357
,323
,337
,378
,364
,326
,342
,372
,352
,330
,355
2026 06 19 18:09:19.466922,365
,338
,322
,363
,363
,342
,349
,372
,357
,332
,354
,376
,348
,336
2026 06 19 18:09:19.528892,363
,362
,338
,333
,359
,344
,323
,340
,368
,347
,334
,361
,372
,342
2026 06 19 18:09:19.591292,329
,361
,366
,339
,349
,378
,359
,332
,354
,361
,337
,332
,359
,353
2026 06 19 18:09:19.656578,335
,340
,361
,334
,307
,351
,364
,347
,347
,364
,363
,346
,342
,371
2026 06 19 18:09:19.718023,353
,338
,349
,365
,351
,331
,351
,353
,324
,326
,369
,361
,329
,339
2026 06 19 18:09:19.783104,364
,359
,333
,356
,365
,340
,329
,350
,352
,337
,339
,358
,349
,326
2026 06 19 18:09:19.845932,342
,355
,332
,317
,345
,354
,315
,325
,369
,364
,328
,335
,353
,338
2026 06 19 18:09:19.905927,328
,354
,360
,336
,346
,367
,352
,330
,336
,356
,333
,318
,344
,361
2026 06 19 18:09:19.971569,337
,321
,359
,351
,327
,333
,366
,358
,323
,348
,370
,351
,335
,363
2026 06 19 18:09:20.033155,363
,335
,335
,366
,350
,323
,343
,361
,336
,331
,351
,349
,323
,329
2026 06 19 18:09:20.098875,364
,346
,332
,344
,367
,345
,329
,348
,357
,335
,325
,355
,349
,326
2026 06 19 18:09:20.160523,332
,358
,345
,319
,334
,362
,341
,319
,346
,353
,331
,333
,368
,360
2026 06 19 18:09:20.221160,335
,350
,370
,343
,321
,349
,360
,335
,320
,359
,352
,329
,341
,365
2026 06 19 18:09:20.286872,353
,334
,351
,355
,342
,328
,361
,362
,331
,340
,363
,353
,321
,334
2026 06 19 18:09:20.348636,359
,343
,323
,349
,353
,328
,324
,350
,332
,328
,365
,371
,340
,327
2026 06 19 18:09:20.414294,368
,377
,342
,328
,353
,343
,319
,342
,362
,351
,325
,344
,363
,349
2026 06 19 18:09:20.475775,326
,352
,361
,329
,338
,373
,353
,338
,354
,384
,366
,339
,356
,356
2026 06 19 18:09:20.537254,341
,343
,359
,350
,344
,352
,365
,351
,332
,358
,364
,342
,342
,378
2026 06 19 18:09:20.602526,373
,343
,345
,368
,356
,333
,356
,364
,337
,323
,359
,359
,340
,344
2026 06 19 18:09:20.667820,363
,343
,330
,343
,355
,345
,335
,357
,357
,335
,343
,362
,344
,323
2026 06 19 18:09:20.734180,328
,359
,343
,334
,360
,364
,338
,331
,361
,349
,319
,334
,367
,349
2026 06 19 18:09:20.790978,331
,353
,370
,345
,325
,354
,362
,341
,325
,351
,352
,335
,349
,373
2026 06 19 18:09:20.852733,356
,336
,360
,362
,337
,333
,362
,350
,326
,341
,364
,345
,322
,354
2026 06 19 18:09:20.917943,358
,330
,312
,354
,365
,343
,342
,357
,342
,335
,357
,359
,348
,334
2026 06 19 18:09:20.979677,360
,357
,336
,337
,371
,352
,329
,346
,367
,328
,303
,369
,378
,343
2026 06 19 18:09:21.044339,325
,367
,366
,338
,346
,369
,353
,327
,354
,363
,336
,331
,363
,354
2026 06 19 18:09:21.106523,331
,346
,370
,353
,339
,352
,360
,365
,344
,367
,367
,346
,348
,366
2026 06 19 18:09:21.167131,349
,317
,340
,381
,351
,329
,355
,369
,347
,339
,372
,365
,342
,348
2026 06 19 18:09:21.233500,365
,355
,335
,349
,357
,346
,342
,366
,353
,325
,340
,359
,342
,330
2026 06 19 18:09:21.295047,350
,356
,346
,342
,363
,367
,341
,335
,367
,348
,322
,346
,374
,353
2026 06 19 18:09:21.360707,330
,351
,357
,339
,343
,372
,359
,324
,343
,373
,358
,335
,360
,368
2026 06 19 18:09:21.421349,352
,344
,363
,352
,340
,338
,356
,350
,329
,354
,359
,349
,342
,362
2026 06 19 18:09:21.482653,364
,336
,326
,360
,360
,346
,352
,370
,350
,324
,353
,365
,344
,331
2026 06 19 18:09:21.547925,358
,355
,332
,350
,371
,350
,331
,349
,365
,338
,328
,359
,360
,334
2026 06 19 18:09:21.610532,334
,357
,363
,336
,351
,368
,349
,329
,349
,354
,337
,339
,364
,357
2026 06 19 18:09:21.671567,331
,344
,365
,342
,326
,357
,361
,343
,340
,375
,363
,337
,344
,369
2026 06 19 18:09:21.736748,357
,341
,371
,371
,324
,337
,378
,369
,341
,338
,364
,347
,326
,339
2026 06 19 18:09:21.797962,359
,338
,328
,351
,360
,335
,340
,366
,350
,320
,338
,363
,342
,318
2026 06 19 18:09:21.864264,346
,369
,352
,339
,361
,359
,342
,344
,370
,346
,325
,349
,366
,353
2026 06 19 18:09:21.925794,355
,380
,375
,344
,345
,365
,346
,322
,344
,362
,343
,330
,355
,348
2026 06 19 18:09:21.987069,331
,344
,373
,359
,338
,351
,366
,355
,338
,360
,368
,343
,343
,368
2026 06 19 18:09:22.052362,357
,333
,347
,376
,355
,331
,358
,366
,344
,336
,369
,368
,334
,351
2026 06 19 18:09:22.113763,385
,371
,350
,361
,386
,357
,335
,356
,357
,342
,340
,377
,364
,335
2026 06 19 18:09:22.179576,351
,373
,350
,326
,351
,362
,353
,350
,378
,372
,345
,345
,371
,358
2026 06 19 18:09:22.241146,341
,354
,370
,345
,335
,361
,352
,331
,347
,372
,355
,328
,351
,374
2026 06 19 18:09:22.301851,349
,330
,373
,382
,356
,343
,371
,364
,340
,354
,375
,352
,333
,364
2026 06 19 18:09:22.367539,374
,346
,337
,364
,369
,343
,351
,374
,339
,330
,372
,377
,348
,349
2026 06 19 18:09:22.428969,383
,375
,350
,346
,374
,356
,330
,351
,371
,345
,327
,353
,351
,333
2026 06 19 18:09:22.494700,336
,358
,343
,320
,330
,377
,350
,331
,373
,380
,350
,341
,372
,361
2026 06 19 18:09:22.556703,337
,351
,376
,357
,336
,359
,369
,347
,333
,354
,360
,361
,353
,372
2026 06 19 18:09:22.617936,338
,320
,359
,382
,356
,329
,355
,364
,333
,321
,365
,354
,329
,340
2026 06 19 18:09:22.682596,357
,335
,322
,349
,357
,332
,332
,347
,345
,331
,342
,376
,345
,323
2026 06 19 18:09:22.744718,358
,367
,339
,331
,355
,352
,339
,344
,372
,366
,340
,355
,369
,349
2026 06 19 18:09:22.809555,341
,373
,372
,345
,344
,379
,366
,350
,364
,381
,357
,333
,350
,370
2026 06 19 18:09:22.871017,341
,335
,370
,368
,344
,344
,358
,352
,341
,358
,369
,356
,337
,370
2026 06 19 18:09:22.932525,369
,342
,338
,366
,343
,323
,344
,368
,334
,330
,356
,361
,341
,335
2026 06 19 18:09:22.997991,368
,361
,331
,333
,374
,358
,340
,359
,367
,341
,330
,357
,349
,323
2026 06 19 18:09:23.061130,331
,360
,344
,312
,345
,363
,336
,323
,342
,341
,325
,343
,374
,354
2026 06 19 18:09:23.125123,331
,355
,374
,350
,324
,339
,347
,341
,333
,356
,345
,334
,354
,369
2026 06 19 18:09:23.186719,350
,331
,353
,364
,343
,324
,355
,357
,340
,345
,368
,346
,330
,354
2026 06 19 18:09:23.247527,361
,347
,341
,365
,360
,340
,331
,356
,349
,328
,342
,366
,345
,332
2026 06 19 18:09:23.313937,356
,359
,343
,338
,373
,363
,334
,334
,352
,333
,335
,368
,372
,341
2026 06 19 18:09:23.375133,330
,362
,349
,328
,324
,353
,339
,333
,355
,364
,338
,336
,374
,366
2026 06 19 18:09:23.440814,340
,334
,354
,349
,327
,334
,376
,351
,325
,362
,366
,336
,328
,357
2026 06 19 18:09:23.501825,356
,328
,351
,375
,359
,337
,363
,372
,345
,330
,366
,357
,334
,348
2026 06 19 18:09:23.564686,374
,369
,338
,353
,364
,339
,320
,347
,360
,336
,338
,365
,358
,334
2026 06 19 18:09:23.629181,348
,362
,336
,318
,359
,368
,335
,324
,359
,352
,328
,336
,362
,340
2026 06 19 18:09:23.690026,316
,364
,368
,344
,334
,366
,364
,337
,347
,372
,349
,333
,342
,353
2026 06 19 18:09:23.756716,356
,342
,376
,371
,337
,329
,342
,345
,335
,347
,370
,345
,325
,363
2026 06 19 18:09:23.818176,375
,345
,342
,373
,355
,339
,344
,352
,350
,339
,352
,363
,338
,319
2026 06 19 18:09:23.878764,366
,354
,332
,340
,364
,351
,334
,352
,367
,355
,337
,358
,357
,330
2026 06 19 18:09:23.944433,342
,373
,357
,336
,353
,373
,348
,335
,359
,357
,339
,328
,350
,351
2026 06 19 18:09:24.005852,333
,338
,359
,340
,326
,352
,357
,342
,329
,366
,358
,335
,341
,364
2026 06 19 18:09:24.070665,350
,335
,352
,368
,351
,326
,345
,351
,337
,340
,376
,364
,340
,354
2026 06 19 18:09:24.132503,377
,356
,330
,363
,372
,347
,338
,371
,362
,335
,351
,376
,356
,339
2026 06 19 18:09:24.194023,358
,361
,340
,336
,359
,356
,342
,340
,368
,359
,338
,354
,371
,349
2026 06 19 18:09:24.259869,333
,356
,360
,332
,330
,375
,365
,336
,354
,376
,354
,333
,353
,361
2026 06 19 18:09:24.321413,345
,335
,372
,365
,335
,358
,387
,355
,338
,372
,374
,359
,345
,368
2026 06 19 18:09:24.387259,365
,338
,356
,376
,357
,337
,351
,362
,343
,338
,366
,371
,340
,342
2026 06 19 18:09:24.448931,376
,359
,334
,346
,364
,351
,332
,350
,356
,345
,338
,361
,349
,323
2026 06 19 18:09:24.510259,341
,365
,348
,329
,351
,365
,340
,324
,362
,354
,327
,333
,357
,338
2026 06 19 18:09:24.575168,326
,350
,364
,336
,318
,348
,356
,335
,328
,361
,351
,333
,350
,374
2026 06 19 18:09:24.638639,352
,323
,366
,371
,340
,322
,358
,351
,334
,349
,367
,348
,321
,349
2026 06 19 18:09:24.701196,369
,342
,330
,363
,366
,339
,343
,379
,366
,344
,358
,375
,354
,336
2026 06 19 18:09:24.763394,361
,356
,335
,337
,367
,363
,328
,342
,383
,357
,327
,352
,374
,348
2026 06 19 18:09:24.824992,339
,368
,358
,328
,339
,368
,345
,331
,350
,359
,339
,326
,354
,348
2026 06 19 18:09:24.890997,332
,337
,363
,341
,322
,347
,356
,352
,332
,362
,365
,352
,339
,361
2026 06 19 18:09:24.952110,361
,349
,356
,368
,349
,330
,361
,370
,347
,333
,358
,357
,335
,334
2026 06 19 18:09:25.017875,363
,347
,346
,366
,379
,357
,337
,373
,370
,344
,348
,373
,353
,330
2026 06 19 18:09:25.079522,347
,363
,343
,326
,343
,332
,338
,332
,363
,372
,341
,347
,385
,365
2026 06 19 18:09:25.140642,336
,357
,370
,344
,335
,361
,351
,326
,330
,358
,352
,336
,369
,375
2026 06 19 18:09:25.205567,348
,327
,348
,342
,329
,327
,359
,348
,323
,337
,360
,337
,325
,357
2026 06 19 18:09:25.267404,356
,330
,330
,358
,344
,299
,335
,373
,346
,320
,346
,357
,324
,307
2026 06 19 18:09:25.334432,345
,343
,312
,314
,345
,310
,303
,336
,353
,338
,320
,343
,347
,318
2026 06 19 18:09:25.394968,333
,370
,347
,316
,331
,360
,342
,318
,345
,358
,330
,321
,353
,344
2026 06 19 18:09:25.455160,315
,325
,355
,345
,322
,351
,369
,343
,333
,362
,350
,325
,332
,367
2026 06 19 18:09:25.521841,349
,321
,327
,361
,352
,330
,358
,347
,318
,320
,353
,352
,332
,350
2026 06 19 18:09:25.583509,362
,341
,320
,354
,348
,341
,341
,361
,358
,338
,343
,361
,351
,338
2026 06 19 18:09:25.646586,365
,363
,342
,336
,366
,362
,336
,336
,368
,358
,336
,345
,365
,347
2026 06 19 18:09:25.710242,333
,360
,360
,336
,328
,370
,357
,325
,354
,383
,368
,354
,376
,376
2026 06 19 18:09:25.771205,348
,340
,380
,368
,341
,353
,376
,356
,342
,364
,373
,347
,341
,370
2026 06 19 18:09:25.836618,358
,323
,349
,379
,360
,339
,345
,366
,347
,331
,355
,348
,324
,334
2026 06 19 18:09:25.897535,370
,358
,336
,347
,361
,359
,326
,358
,372
,353
,337
,367
,373
,349
2026 06 19 18:09:25.960387,350
,373
,355
,345
,368
,370
,347
,336
,379
,373
,349
,353
,376
,354
2026 06 19 18:09:26.025036,337
,363
,384
,360
,343
,366
,358
,353
,360
,387
,380
,352
,358
,379
2026 06 19 18:09:26.087125,358
,348
,370
,382
,351
,338
,385
,377
,343
,341
,377
,367
,341
,368
2026 06 19 18:09:26.152365,377
,357
,338
,366
,369
,347
,341
,366
,359
,334
,350
,376
,349
,332
2026 06 19 18:09:26.214409,379
,378
,347
,339
,368
,357
,339
,349
,366
,346
,335
,364
,372
,344
2026 06 19 18:09:26.275159,333
,369
,357
,347
,364
,382
,360
,344
,359
,375
,369
,337
,365
,367
2026 06 19 18:09:26.341297,346
,355
,380
,356
,326
,348
,377
,360
,331
,370
,368
,338
,337
,374
2026 06 19 18:09:26.402014,361
,333
,351
,371
,347
,329
,352
,358
,327
,326
,377
,371
,340
,346
2026 06 19 18:09:26.467522,366
,360
,338
,356
,365
,335
,320
,362
,358
,335
,339
,361
,343
,324
2026 06 19 18:09:26.530801,342
,355
,333
,317
,351
,369
,344
,343
,368
,360
,322
,345
,377
,357
2026 06 19 18:09:26.590901,329
,357
,374
,344
,330
,365
,356
,339
,339
,359
,348
,316
,363
,374
2026 06 19 18:09:26.656428,343
,339
,368
,362
,315
,332
,379
,357
,331
,347
,360
,331
,327
,359
2026 06 19 18:09:26.717555,364
,335
,325
,360
,353
,340
,352
,370
,343
,319
,355
,374
,356
,351
2026 06 19 18:09:26.783266,378
,366
,332
,336
,368
,353
,334
,365
,375
,348
,335
,369
,364
,331
2026 06 19 18:09:26.844763,332
,360
,353
,332
,346
,367
,345
,322
,368
,368
,337
,336
,360
,358
2026 06 19 18:09:26.905825,333
,347
,365
,340
,328
,355
,364
,334
,317
,357
,368
,337
,330
,354
2026 06 19 18:09:26.970994,352
,332
,352
,353
,334
,334
,362
,358
,333
,337
,367
,363
,341
,360
2026 06 19 18:09:27.033148,378
,355
,334
,368
,374
,349
,339
,360
,360
,329
,346
,377
,359
,339
2026 06 19 18:09:27.098010,375
,372
,342
,330
,365
,360
,345
,345
,371
,360
,336
,356
,376
,341
2026 06 19 18:09:27.160126,342
,374
,367
,343
,342
,375
,361
,335
,358
,373
,357
,342
,372
,368
2026 06 19 18:09:27.221367,333
,348
,378
,374
,346
,351
,373
,358
,341
,362
,366
,346
,335
,366
2026 06 19 18:09:27.286983,365
,340
,340
,370
,361
,334
,339
,376
,353
,331
,365
,363
,340
,341
2026 06 19 18:09:27.348173,364
,345
,325
,349
,364
,344
,323
,354
,368
,345
,335
,361
,351
,328
2026 06 19 18:09:27.415595,340
,369
,347
,321
,356
,369
,345
,330
,357
,360
,337
,345
,366
,350
2026 06 19 18:09:27.475617,337
,356
,375
,355
,326
,359
,364
,344
,341
,377
,361
,337
,343
,358
2026 06 19 18:09:27.536883,353
,337
,357
,361
,343
,335
,356
,344
,330
,350
,377
,356
,332
,364
2026 06 19 18:09:27.602202,375
,349
,336
,368
,362
,335
,342
,369
,356
,334
,352
,365
,356
,348
2026 06 19 18:09:27.667483,375
,370
,342
,339
,368
,359
,330
,338
,375
,351
,326
,360
,373
,347
2026 06 19 18:09:27.731329,334
,368
,360
,331
,338
,369
,349
,322
,358
,371
,352
,342
,366
,362
2026 06 19 18:09:27.790930,346
,348
,367
,341
,334
,353
,377
,352
,332
,362
,371
,346
,339
,357
2026 06 19 18:09:27.851772,343
,332
,338
,363
,353
,336
,356
,370
,338
,336
,375
,356
,329
,338
2026 06 19 18:09:27.917521,359
,334
,317
,354
,360
,336
,320
,357
,361
,332
,332
,368
,369
,335
2026 06 19 18:09:27.979498,336
,347
,352
,338
,361
,355
,332
,339
,375
,358
,328
,343
,376
,356
2026 06 19 18:09:28.044856,330
,353
,356
,335
,330
,369
,359
,332
,334
,364
,369
,339
,359
,366
2026 06 19 18:09:28.106959,339
,323
,360
,364
,340
,339
,373
,351
,331
,353
,366
,342
,321
,350
2026 06 19 18:09:28.167588,362
,340
,337
,376
,357
,320
,342
,370
,347
,331
,356
,363
,348
,337
2026 06 19 18:09:28.233215,369
,366
,334
,339
,363
,348
,335
,362
,371
,343
,334
,364
,357
,332
2026 06 19 18:09:28.294834,349
,372
,364
,335
,348
,367
,354
,338
,369
,372
,341
,331
,371
,361
2026 06 19 18:09:28.360362,327
,346
,372
,363
,339
,360
,351
,331
,341
,383
,368
,333
,332
,366
2026 06 19 18:09:28.421715,362
,333
,362
,373
,347
,335
,358
,348
,317
,337
,368
,347
,322
,343
2026 06 19 18:09:28.483298,358
,324
,303
,355
,351
,327
,322
,347
,330
,307
,343
,371
,344
,311
2026 06 19 18:09:28.549792,341
,368
,328
,333
,364
,354
,324
,337
,371
,350
,327
,351
,363
,336
2026 06 19 18:09:28.609816,322
,363
,353
,329
,331
,364
,361
,337
,358
,374
,352
,333
,363
,367
2026 06 19 18:09:28.674816,338
,337
,371
,363
,335
,348
,367
,355
,334
,366
,374
,344
,334
,366
2026 06 19 18:09:28.737055,351
,324
,349
,385
,362
,335
,355
,377
,355
,337
,374
,368
,338
,341
2026 06 19 18:09:28.798697,364
,347
,336
,353
,372
,355
,337
,375
,369
,330
,326
,373
,362
,338
2026 06 19 18:09:28.865248,351
,380
,355
,334
,357
,364
,349
,343
,366
,358
,334
,342
,372
,350
2026 06 19 18:09:28.925042,328
,357
,366
,347
,341
,363
,349
,340
,345
,375
,351
,312
,343
,375
2026 06 19 18:09:28.990933,355
,333
,359
,361
,330
,330
,369
,357
,333
,351
,373
,356
,333
,358
2026 06 19 18:09:29.052148,367
,342
,333
,368
,358
,332
,345
,366
,342
,319
,335
,364
,347
,330
2026 06 19 18:09:29.113843,368
,372
,348
,346
,372
,352
,327
,342
,369
,354
,333
,361
,362
,336
2026 06 19 18:09:29.179391,331
,363
,362
,339
,347
,374
,353
,332
,351
,376
,353
,342
,372
,373
2026 06 19 18:09:29.240969,347
,349
,377
,357
,328
,361
,380
,344
,326
,367
,363
,338
,339
,377
2026 06 19 18:09:29.305758,351
,333
,354
,362
,336
,320
,357
,361
,326
,329
,355
,341
,306
,333
2026 06 19 18:09:29.369641,359
,340
,305
,325
,347
,331
,317
,344
,326
,321
,332
,355
,338
,317
2026 06 19 18:09:29.428867,342
,354
,333
,319
,352
,352
,323
,332
,359
,341
,329
,335
,355
,351
2026 06 19 18:09:29.494843,315
,344
,383
,357
,342
,369
,358
,333
,335
,356
,350
,332
,352
,360
2026 06 19 18:09:29.555936,338
,333
,361
,356
,343
,344
,377
,367
,336
,346
,378
,364
,337
,366
2026 06 19 18:09:29.621607,363
,335
,339
,369
,355
,330
,355
,369
,341
,335
,372
,373
,336
,333
2026 06 19 18:09:29.684050,368
,357
,334
,342
,379
,357
,326
,361
,375
,349
,332
,371
,365
,335
2026 06 19 18:09:29.744481,345
,374
,353
,326
,355
,373
,349
,323
,353
,375
,351
,352
,377
,363
2026 06 19 18:09:29.810177,331
,346
,375
,350
,333
,361
,363
,340
,327
,373
,375
,331
,345
,390
2026 06 19 18:09:29.871738,367
,340
,355
,367
,364
,346
,373
,355
,337
,351
,379
,360
,337
,359
2026 06 19 18:09:29.932557,377
,350
,318
,354
,366
,348
,342
,367
,358
,321
,351
,371
,354
,337
2026 06 19 18:09:29.998030,354
,369
,346
,335
,372
,360
,330
,350
,374
,349
,335
,358
,364
,332
2026 06 19 18:09:30.062052,333
,369
,373
,331
,342
,381
,364
,332
,346
,372
,345
,336
,373
,369
2026 06 19 18:09:30.125191,340
,343
,370
,356
,336
,344
,363
,349
,329
,359
,371
,337
,329
,373
2026 06 19 18:09:30.186747,381
,348
,350
,381
,362
,331
,354
,371
,332
,330
,363
,358
,325
,342
2026 06 19 18:09:30.249421,394
,362
,319
,338
,384
,363
,336
,362
,360
,329
,332
,371
,351
,312
2026 06 19 18:09:30.314094,327
,365
,351
,320
,349
,359
,337
,340
,358
,358
,326
,337
,369
,351
2026 06 19 18:09:30.375442,319
,343
,361
,338
,324
,354
,362
,336
,326
,369
,362
,333
,336
,367
2026 06 19 18:09:30.440605,358
,335
,358
,359
,322
,330
,365
,358
,319
,345
,380
,344
,334
,358
2026 06 19 18:09:30.505372,368
,337
,341
,378
,365
,331
,335
,375
,353
,329
,361
,378
,355
,341
2026 06 19 18:09:30.563235,377
,375
,343
,340
,380
,363
,324
,355
,395
,364
,340
,373
,383
,353
2026 06 19 18:09:30.629698,329
,347
,372
,341
,355
,384
,360
,331
,365
,382
,348
,335
,364
,356
2026 06 19 18:09:30.690122,324
,345
,379
,355
,323
,347
,374
,346
,330
,352
,362
,344
,353
,380
2026 06 19 18:09:30.756870,365
,328
,349
,377
,344
,312
,344
,352
,321
,323
,360
,346
,311
,326
2026 06 19 18:09:30.817049,364
,336
,310
,336
,347
,320
,305
,343
,340
,304
,318
,350
,342
,303
2026 06 19 18:09:30.879172,332
,361
,321
,288
,340
,341
,299
,306
,334
,322
,296
,319
,345
,317
2026 06 19 18:09:30.944763,290
,322
,332
,304
,300
,332
,328
,300
,314
,345
,325
,303
,323
,338
2026 06 19 18:09:31.005209,312
,298
,326
,326
,303
,307
,343
,330
,302
,324
,341
,319
,301
,330
2026 06 19 18:09:31.071166,329
,299
,306
,332
,320
,295
,314
,339
,320
,301
,325
,331
,307
,301
2026 06 19 18:09:31.133200,330
,316
,282
,292
,319
,309
,295
,314
,320
,299
,287
,317
,322
,304
2026 06 19 18:09:31.194806,307
,310
,305
,314
,330
,336
,319
,303
,316
,320
,313
,311
,325
,316
2026 06 19 18:09:31.260127,303
,311
,326
,315
,301
,319
,326
,319
,309
,322
,317
,305
,310
,315
2026 06 19 18:09:31.325517,314
,305
,315
,305
,307
,311
,323
,319
,315
,319
,326
,322
,315
,315
2026 06 19 18:09:31.389832,317
,317
,305
,310
,309
,312
,303
,319
,320
,314
,316
,314
,320
,318
2026 06 19 18:09:31.447512,319
,321
,323
,316
,314
,311
,311
,311
,312
,312
,308
,315
,320
,325
2026 06 19 18:09:31.509979,320
,322
,319
,317
,326
,335
,334
,327
,330
,332
,334
,326
,325
,324
2026 06 19 18:09:31.575349,328
,319
,329
,320
,303
,306
,327
,331
,328
,330
,328
,333
,322
,322
2026 06 19 18:09:31.640893,326
,327
,321
,326
,329
,329
,333
,340
,343
,336
,342
,349
,353
,347
2026 06 19 18:09:31.701882,352
,355
,351
,351
,347
,348
,339
,344
,348
,352
,347
,354
,356
,361
2026 06 19 18:09:31.764041,366
,370
,365
,355
,355
,359
,358
,346
,349
,345
,345
,346
,351
,347
2026 06 19 18:09:31.825703,346
,354
,364
,356
,346
,359
,360
,351
,347
,364
,362
,350
,359
,370
2026 06 19 18:09:31.892232,363
,351
,367
,370
,361
,358
,376
,378
,368
,357
,359
,378
,366
,371
2026 06 19 18:09:31.952240,367
,367
,366
,377
,373
,369
,364
,373
,373
,354
,360
,378
,369
,362
2026 06 19 18:09:32.017433,375
,376
,366
,363
,380
,376
,356
,360
,379
,368
,354
,365
,369
,361
2026 06 19 18:09:32.079362,357
,375
,370
,346
,360
,378
,373
,354
,383
,392
,379
,368
,386
,387
2026 06 19 18:09:32.139835,362
,369
,382
,375
,354
,367
,380
,376
,364
,381
,385
,376
,369
,382
2026 06 19 18:09:32.205866,377
,370
,378
,381
,378
,360
,369
,370
,381
,373
,370
,374
,373
,385
2026 06 19 18:09:32.268699,396
,380
,370
,382
,382
,377
,369
,384
,382
,368
,371
,390
,379
,368
2026 06 19 18:09:32.337063,381
,392
,381
,364
,383
,389
,378
,378
,396
,395
,374
,385
,390
,368
2026 06 19 18:09:32.394527,360
,382
,377
,383
,400
,417
,400
,368
,392
,387
,380
,394
,408
,401
2026 06 19 18:09:32.455308,386
,378
,394
,383
,363
,377
,395
,377
,361
,380
,399
,391
,375
,379
2026 06 19 18:09:32.521716,394
,382
,383
,396
,385
,366
,377
,388
,370
,356
,385
,382
,360
,361
2026 06 19 18:09:32.586644,391
,381
,367
,377
,382
,378
,369
,388
,390
,369
,369
,403
,393
,373
2026 06 19 18:09:32.647672,375
,381
,381
,367
,384
,386
,371
,361
,373
,388
,373
,373
,387
,381
2026 06 19 18:09:32.710374,365
,379
,376
,368
,368
,385
,385
,373
,364
,375
,374
,355
,367
,376
2026 06 19 18:09:32.773950,366
,350
,357
,374
,370
,359
,364
,373
,356
,362
,378
,370
,362
,372
2026 06 19 18:09:32.838568,373
,368
,356
,377
,380
,365
,358
,371
,378
,358
,364
,382
,364
,341
2026 06 19 18:09:32.898449,368
,372
,367
,369
,376
,361
,354
,370
,382
,368
,360
,380
,394
,381
2026 06 19 18:09:32.963891,368
,381
,373
,368
,365
,374
,367
,346
,368
,395
,383
,361
,380
,396
2026 06 19 18:09:33.025440,374
,370
,371
,377
,367
,368
,365
,348
,325
,342
,357
,337
,327
,342
2026 06 19 18:09:33.086398,334
,319
,322
,341
,336
,319
,333
,329
,326
,329
,343
,339
,328
,337
2026 06 19 18:09:33.152098,361
,345
,324
,346
,370
,358
,337
,361
,361
,350
,334
,347
,355
,364
2026 06 19 18:09:33.213170,368
,365
,356
,343
,362
,364
,348
,347
,368
,357
,343
,353
,368
,350
2026 06 19 18:09:33.280379,337
,363
,370
,349
,331
,380
,367
,364
,361
,378
,366
,349
,362
,368
2026 06 19 18:09:33.340654,353
,337
,358
,359
,348
,348
,370
,351
,342
,344
,368
,359
,356
,372
2026 06 19 18:09:33.401399,367
,355
,354
,370
,362
,342
,353
,375
,351
,349
,378
,368
,350
,350
2026 06 19 18:09:33.467288,372
,368
,360
,363
,373
,361
,358
,376
,389
,374
,358
,378
,368
,361
2026 06 19 18:09:33.530896,364
,383
,360
,353
,373
,382
,369
,350
,367
,371
,357
,368
,379
,379
2026 06 19 18:09:33.597841,360
,369
,379
,358
,343
,380
,376
,355
,350
,377
,374
,368
,369
,378
